16456 18097
7582 18098
13021 17966
22804 23968
11220 20608
11803 12673
13234 22846
928 3732
1067 15655
5820 11379
12032 14714
6333 21256
965 14357
5504 15404
1985 3481
19402 24119
15210 17997
14236 22393
6582 12118
5852 18014
14756 16229
14415 21351
14223 17683
15544 16793
3264 17670
10059 17414
897 22464
2858 17318
13391 19008
7369 9118
15371 19215
1755 17706
10082 17549
6649 14527
9649 23417
4813 18021
5849 13837
15214 24160
5137 21637
2534 23785
9281 16408
19435 21904
14629 15659
20963 22538
13127 22489
12645 20966
13156 18713
10800 22475
13393 16753
10631 15674
178 4290
7061 13523
12809 18387
1602 17343
100 10622
2369 14809
17511 23871
4634 18098
2605 8983
16510 19336
7909 21859
6091 23935
3518 18606
345 23738
20148 23827
5238 19040
4411 5067
13414 17645
1773 16013
13287 15038
1506 3856
2540 18521
4770 21496
6559 16806
11673 14440
7556 15930
2198 15787
5512 6811
6329 18046
5261 18321
15455 24012
540 17271
544 10829
9753 9838
17217 23870
289 4388
15540 23896
2717 3121
18278 22341
1043 9442
10750 13486
2042 14542
612 9949
1945 23211
14317 20910
6229 20937
3347 15746
13617 15996
1677 9568
858 14889
5547 16733
15820 21891
2817 20860
9828 20053
849 3989
10062 23491
7519 10845
21151 21188
1874 21227
3274 13922
1204 11443
7089 24069
9938 22724
6479 22144
3027 13010
11579 20512
981 9281
7274 8724
3436 17443
9351 15625
8114 19966
3258 22687
9003 13632
7564 23344
156 7499
15413 18039
1371 1608
20538 23806
354 18160
6248 9392
8206 23530
21380 23460
589 11006
5657 6872
4353 21105
7175 24464
8969 18372
10058 13389
15069 22813
2144 3579
9861 22099
9540 14856
4352 7231
13815 14839
11020 11145
7539 22705
4000 17683
718 7946
3212 20241
10968 13560
5832 12145
12189 17025
3848 23882
15539 17141
6456 9416
8094 13155
5843 10432
8902 14634
20478 23046
11659 18568
7551 13343
5289 18101
820 10695
11952 18589
12525 15285
4180 7613
200 19721
8829 11289
424 10953
620 1133
7402 14221
1852 6274
971 24189
1600 15714
7691 8314
12158 17787
14896 23369
832 7361
5644 7203
15952 16086
12736 13265
828 23716
7086 7773
17727 21947
8120 12398
3943 9959
9562 18435
394 21748
1870 24207
2745 13944
2583 20066
1234 20821
2062 10714
9198 14273
16983 23711
5355 13141
2855 11687
11960 23975
16439 20320
18950 20011
3769 4403
2646 15938
11108 15525
5169 12614
15385 21538
3323 10652
9736 13669
634 12338
1037 19703
13112 19340
2350 13477
19960 20979
6281 22885
3599 23643
18843 20745
7716 13615
5152 18633
9001 21249
2949 12240
2944 14546
7478 23956
4252 11834
12284 24173
5460 20266
2315 11481
23248 24134
5988 7978
6720 11741
1422 7241
9201 18472
17903 23408
507 7224
13702 19249
3215 8392
2231 19604
16681 23212
13296 17811
128 1721
16210 22430
985 6634
19523 21422
3250 16380
1678 8123
6453 8213
1828 13395
5200 7464
2383 18532
39 1952
6976 13447
5505 15036
3336 13389
8355 23380
9235 24157
2457 8379
8280 24133
13441 16062
691 11471
411 18877
5781 23842
1092 23475
6979 9069
15407 19978
6893 22561
17698 21648
5270 13627
9751 14166
17424 18618
7797 21273
2479 2794
7561 22375
1350 6053
7768 9586
18411 23442
12035 12464
5565 22317
517 14830
206 482
6328 22637
9774 14532
1032 7135
1718 4218
11281 18761
6480 7908
3496 23039
1611 14000
8455 22215
6062 15481
11402 21877
15999 22661
20525 21482
4736 20146
8232 16512
12412 14206
5842 15934
3007 5637
13488 16521
14306 14434
14128 18170
15366 24349
5669 9212
11636 23074
7578 10688
11797 21892
1428 15487
15680 23144
6714 18849
2737 4429
5997 14789
13573 18496
20 4914
7926 11550
18258 20528
15239 16184
3394 23261
14002 21633
2070 9557
608 8878
8330 14798
1107 19703
2661 15297
9307 17440
4546 15077
17399 24330
1048 19923
8776 12686
18464 20569
6470 23231
1511 18684
494 11012
10293 22276
7421 14214
4722 15636
9664 17812
18002 22804
9929 24160
19187 21482
4818 8238
8581 12271
5428 14262
4635 13838
891 14197
7244 19490
8627 13596
5332 7504
2631 7366
9346 19000
19158 21430
259 11837
2721 21169
4162 9874
4971 11010
1230 3939
3243 13959
2605 16994
2851 7246
134 5770
10101 19725
14506 24375
3746 12958
21461 21873
2925 17834
6241 7920
11530 18154
16830 21493
18838 19731
17239 19496
7842 13053
1884 2968
11318 18285
2165 3122
9837 22023
3882 11269
12356 17424
15220 23395
192 11354
3503 16665
8232 22317
12179 24403
16586 23264
8805 22545
5758 11751
8884 10090
2457 6612
347 4825
17498 19022
8605 16222
10961 13187
16905 24336
10686 11890
7999 12840
9271 10603
7845 9671
2291 10653
6361 24234
5650 8047
7871 23603
674 19369
4361 24274
7524 23781
13222 14535
11312 23832
461 23772
17396 18357
15965 22816
3016 14434
6554 12033
6295 9659
2704 21264
14012 22564
16783 22385
2247 3123
15244 23236
8593 10815
1870 19236
6802 12588
17149 22650
9144 18495
9256 10090
9242 9541
145 8377
2316 14128
1664 8779
5247 15669
17148 23609
11326 13529
5850 20803
17930 21998
23890 23951
11562 15017
16982 22235
6330 19684
804 20041
10155 10524
410 4195
14409 21225
9508 10682
560 3747
3135 22633
17750 21670
3760 15256
8451 22941
17306 24041
5753 23642
7872 9491
10284 14760
12805 20954
18382 18937
19399 23958
136 21235
23994 24303
5471 21204
3497 16176
4173 7983
8945 19634
5524 9075
15224 23654
1727 6694
2174 19546
13802 16993
973 12706
6933 23000
19126 19752
21030 23514
5657 16726
9392 13359
9737 23512
22560 24282
14634 18880
1618 20784
1653 10056
5685 9410
21812 23898
15626 19550
8489 17259
853 19844
1 15930
6778 9496
5142 21876
17518 19057
11881 20317
11682 12184
8519 9659
10994 18297
353 9361
9844 20854
8258 12843
2760 5481
6266 20488
5545 11986
6245 6834
4754 20314
7325 11107
5711 14134
3932 11774
10233 19983
4041 19727
17230 23869
4489 10888
4505 5132
505 7904
7736 19291
11535 13188
6503 21515
9882 24157
4374 5197
20121 23355
12205 19228
938 11916
9268 18649
14518 21462
4693 11332
2300 9470
2989 12237
6220 9759
16552 20262
10820 16624
6796 15209
1839 16942
13442 19040
7449 9361
1082 23707
5735 19249
3860 23401
4320 14606
1514 22606
547 701
467 10292
7722 12226
4084 14027
10094 19511
5695 13307
9903 24436
1410 21035
9528 19584
8559 10273
440 12660
5618 24159
2627 21680
9817 14311
1432 6813
20498 22639
1135 10061
8430 13840
2583 5079
5764 6410
5519 20828
11810 22399
12602 22733
11632 17429
5141 22634
13443 13714
5393 9953
20659 21158
5864 17070
9354 20362
18655 23424
7790 19015
6419 14575
7325 22801
16112 20345
15530 21341
804 6785
2505 9393
6343 11511
4933 17300
404 6308
5970 8314
13335 17423
7993 23637
13934 18651
5759 9179
13144 13956
21806 23423
5215 23966
18468 24051
3569 14237
14144 18787
7185 18305
81 19517
6158 24118
1531 6056
17108 21729
12511 22047
2428 10210
559 20854
9978 22737
2349 9351
13505 14222
7647 24094
10094 15238
10063 22312
8584 17671
12482 24188
12138 17961
19718 22322
131 1637
12880 21429
1566 4947
13433 23790
9290 22814
1457 19802
10496 13021
16238 24349
7733 23941
6881 12241
1827 21995
2918 13980
21292 23558
9845 21348
1425 20897
8731 24011
2299 23022
10308 24294
908 22263
20992 22584
6863 10399
150 15465
2245 13064
22397 22979
4895 8986
3573 4123
2339 12159
6280 7562
13548 22146
2361 12745
14684 23339
7078 15047
20439 24113
12853 13260
6361 19768
3321 20015
935 17288
7507 16743
16675 24047
4980 20210
15609 20594
11375 14457
5858 10677
6316 22901
10166 14740
9951 21743
11745 17745
17628 20998
6228 24279
17211 17500
4212 5269
8475 23494
870 16916
2316 9413
193 2951
5075 21341
10128 23034
17099 23389
18891 22259
7568 23452
2383 20484
10522 23518
6969 24178
12097 17582
15877 22575
4172 8589
14691 17665
10202 13520
13866 22512
9006 10456
16102 24302
15535 24409
7703 22650
7234 13537
10919 19851
3432 21381
3679 18350
4207 9352
18001 19123
2276 4007
7249 12413
5770 18608
17713 18968
8860 13825
1305 22482
18866 19648
6729 17340
1928 7167
3851 12838
14038 17215
17040 17872
8030 23523
8155 21625
6669 19916
8612 22012
4189 11389
5394 24425
7565 17366
15295 17550
8724 9503
7167 20002
7886 22580
3486 10409
10260 23759
9512 23775
10770 19367
2946 12217
5001 18461
16401 21914
8001 20742
1738 20529
970 13536
8142 16480
4807 23664
9223 23473
6149 11139
1196 18085
4336 16838
15602 22157
7086 23778
264 8644
7024 8255
341 10275
926 18913
2896 13924
3090 19845
11185 11915
7950 22158
2325 20678
200 9472
15722 21654
416 1597
4954 5360
18589 23231
3034 13822
18051 22750
3442 6919
3447 5020
9576 21942
3952 18978
4205 10402
11067 23775
18206 21999
8725 19652
69 10901
1182 24110
7294 21937
7479 17260
2486 20776
10297 16149
4049 7587
6874 18312
15731 17035
5332 24200
4028 20752
665 1872
96 12661
4842 17767
8342 15410
11380 18785
13694 16586
12312 18611
7287 9160
14832 23849
11718 14437
2082 12815
15382 19222
6733 15235
1473 16444
1746 8377
11037 21301
12923 23144
49 21005
7054 13795
1456 2619
7811 21389
5098 19671
11698 18520
13238 21677
14526 17266
5839 14871
1432 20313
19385 23333
12486 23995
16611 19595
1121 12254
263 17953
943 22262
4368 6176
4342 16703
4563 17366
3552 19619
13310 14533
8992 18750
2494 11168
3310 23601
911 22576
5965 11838
5463 7711
4789 5533
3559 20532
12776 13009
13784 23250
442 23072
253 16049
12206 23163
1032 10971
11093 19692
9567 18885
7486 10310
16428 18997
5903 12255
5575 13286
17621 18998
6904 24473
8431 17483
7915 20878
3232 5903
96 2853
12963 19809
6905 24448
6563 20636
6310 7129
10384 16030
5647 8243
10709 24464
20617 21514
17797 19902
11607 18981
18343 21266
18379 19739
19997 20676
7692 17104
3598 23124
6331 11767
9752 14115
9741 10604
15422 19425
9077 12615
6591 13636
13082 15395
12803 13510
4452 19532
6315 21607
16940 23429
11071 18054
893 13014
16780 23168
2378 4364
9395 12645
9504 13633
20577 21802
10897 22536
208 22815
7674 21844
13062 16204
1504 16125
2087 9257
4706 16485
10344 12686
1941 19989
5836 9717
13394 18747
4718 20092
8206 17323
10138 18066
16697 21199
3959 19685
5753 16915
8507 19416
3246 8043
9321 23692
17679 19007
13964 16573
9827 23028
2114 6574
398 8052
732 17081
11162 11566
2035 6085
3440 12711
3622 18035
5725 11516
11125 13736
4370 9913
6265 23221
2860 12562
6273 20878
9507 16932
17623 21501
2730 20713
17372 24355
4404 5519
836 11904
5555 17578
6331 22445
319 15065
18258 23000
2504 13960
871 4130
17069 17145
14440 17678
1524 7432
3404 11596
11953 22121
7925 15238
11047 16786
21913 22871
6205 12750
2767 5751
15512 22952
7270 10063
17289 23135
3069 10702
4456 7269
14973 18706
21308 22027
1932 18878
10003 21730
18618 24446
1503 1974
9234 19127
17819 18652
4561 16851
3794 22394
3339 23887
816 20343
1774 10461
6270 15502
6221 7581
3918 15416
16011 18255
18887 20722
1390 15688
4116 19928
4689 20404
9251 11700
9432 15179
14632 21075
6123 6708
9811 12328
10970 15670
3547 23156
6284 16870
7418 11776
7083 7664
19375 22345
4153 16175
3887 20018
160 6871
17200 17728
6677 15528
5536 19457
15695 23431
1461 21959
8560 9368
20190 21838
10325 22356
6958 22917
1314 20594
7919 21942
11099 12800
16562 22916
5010 17504
6076 22096
5314 13814
2120 15170
4321 11723
16687 20022
8438 13330
18637 21501
1371 18311
9023 9849
489 17697
12293 19705
15238 19344
10107 14713
12276 22514
11369 17356
13694 14922
129 9575
5837 16681
9376 14766
18211 19148
13993 22224
8729 22608
14352 14779
5272 22938
12821 15787
3498 5389
9715 18686
19682 21370
10849 24106
4235 16746
16522 17550
1398 10464
13773 19553
5863 11751
3542 15203
5190 20529
546 18080
10943 13758
17747 22419
14873 21665
2424 15081
7895 20474
1532 20082
16324 20547
2208 9821
8931 21865
4368 22981
18598 23464
941 24446
11145 11189
5428 18009
13702 17552
48 12512
4710 5779
7553 18509
11470 21060
5556 22202
12576 18219
1143 20041
17506 18437
6320 20032
14555 14862
8053 21083
3018 6227
167 23021
4310 12617
4145 13186
3655 10249
14805 22934
17020 19346
4886 5783
3143 9576
20426 21419
9393 21416
12975 20633
15237 20991
7377 15875
5554 6641
1498 14177
843 19937
2272 24228
3969 6817
13560 17804
20031 22164
147 19522
1114 23421
5033 19459
5254 16145
5785 12386
18186 20243
18024 21252
6650 13695
18803 21335
11307 18027
5579 14571
1283 2856
13860 16794
12713 16211
2671 3560
6409 24248
2072 18146
5007 11527
2203 5268
337 8011
1573 22130
5152 17791
140 5088
7568 23148
959 19311
14259 16700
4942 10427
21650 22269
10003 14089
10781 20277
12507 21505
7734 22461
2505 21223
16883 24002
9926 12339
20126 23908
5621 16219
7979 23351
3611 3635
7860 16401
9933 23908
15083 23004
10983 22788
2457 12277
7244 14723
4063 21517
11387 20004
8615 12342
5762 13418
10870 19032
3383 13886
7844 16318
1563 13321
19625 21648
4878 9580
2077 7847
18485 18506
13497 13680
11579 13277
1387 14550
11036 14519
8916 13280
10342 12705
14386 18661
11243 22508
12541 16940
5163 20387
1684 9013
1905 20586
20232 22249
8068 11578
9315 11336
4164 15609
8389 19520
4323 17978
5216 23818
737 5248
12089 17429
1097 11575
9765 10466
4546 15048
9259 20643
19933 22366
6825 22830
1519 4645
15047 24402
5363 19139
8505 24003
1373 2333
1360 14856
12979 18509
6773 16532
2092 16615
4595 15450
19171 20192
7078 10395
13225 17241
5256 16641
11450 19132
4530 24466
9798 24113
1303 12493
13526 23624
6775 22971
15410 16905
8804 11139
5664 19644
11630 13537
16852 19042
16468 21715
7978 18101
3014 17567
3122 12230
11908 24282
3875 15522
19671 20005
50 3289
5177 24003
21281 22212
8604 17352
7982 21314
5216 6190
5431 23389
860 12604
5669 24314
19857 20580
15936 17735
14292 15981
16286 22841
12598 17792
5808 9812
20227 23751
11841 12610
4856 10317
9617 20553
6200 18400
12257 18270
8441 17528
11664 12179
18921 19509
8161 16745
22181 22678
5625 7619
11221 11382
8558 10982
4245 19057
19166 23693
9522 17296
5384 23372
1811 19262
8351 19548
16079 18568
6743 21622
6297 8037
16277 23245
19153 20900
10695 12489
10123 11012
11631 18496
4160 4681
15774 16650
12429 17177
15221 18646
21812 22644
1957 15508
3539 4306
6179 8596
11917 12849
3428 4389
8066 13184
9854 13798
6828 7983
16498 23703
14096 20795
4197 16888
1275 18832
211 6700
6096 11361
12573 19245
9267 22057
11380 24490
10094 21378
3658 5418
17478 22099
4179 23574
13798 17040
8328 17131
4051 5066
7485 19433
7320 15121
15009 21197
8587 22996
10124 18044
10648 20742
7593 10063
5599 12899
10105 11401
2591 3258
12270 14224
4543 6161
876 3536
15510 18182
20343 24006
7653 22657
7795 15313
882 14121
14189 17178
15903 16806
12958 20283
10026 10617
14990 17452
8924 21683
6190 18694
2734 8441
16535 22239
7175 9005
15740 17908
11632 23067
8446 11616
7351 7754
3000 18337
14153 19620
4110 22866
8487 24295
4211 15810
16408 24143
15490 18326
21320 24335
13526 15127
8545 13046
3886 4515
1392 10682
18126 21498
2152 21236
7965 21349
5392 10950
866 15691
12027 17498
21922 24031
3746 17676
8740 11283
14317 22564
11073 22772
8436 19436
5082 13224
18291 22372
1888 19215
775 11129
3817 9676
1285 23293
5987 8886
3280 5244
15470 19999
13055 14537
8283 22211
6087 17518
2817 5249
7205 18719
13747 19664
21884 24287
7171 20012
8189 12026
275 11634
11165 18084
6801 19368
6681 8288
12068 15097
15167 23084
4677 18229
9971 13840
1690 12028
398 13235
5347 19107
769 3768
976 13186
15324 17826
4013 10021
809 11086
13981 14849
16357 22016
10285 22870
16691 23208
7968 21898
5320 19083
5405 10493
22580 22763
944 10197
5401 6451
15392 21088
3843 7943
9885 13505
2311 2708
3161 15340
14689 21065
3953 14578
9360 19185
6816 18154
4243 23597
3504 11310
7755 24100
5657 12724
8126 8260
7268 14871
18859 22273
4227 16990
12167 19019
8067 19373
1348 3220
11296 15553
10289 12147
11948 19853
2533 22182
17667 19696
5677 18730
6639 23629
189 18727
7698 10288
439 17476
210 8710
943 7414
1895 7886
7060 17684
581 17997
21763 24170
94 12799
1731 15835
9639 15148
10568 18184
8093 10043
13534 18197
9956 12130
9693 13560
10601 12438
230 6206
1068 24257
7446 10397
11561 19741
11711 23068
6104 6815
9144 17550
2982 21407
1478 9739
1398 21598
8127 18780
18980 23881
19730 19754
17490 19130
7008 9662
8564 21962
834 10368
12524 21866
12964 23528
14918 16680
3887 18607
5809 14630
10468 20962
2110 17985
1025 3288
12850 20233
9960 18393
9180 16369
13755 16675
2823 18641
14891 17119
7240 9347
3991 5580
9192 18368
2084 18346
456 24347
18290 23605
3498 20667
2532 5660
441 2608
4075 21488
7181 18241
16505 16763
9436 10381
5105 17156
2978 16173
16944 21088
3846 19612
5183 21094
6494 17047
13957 23310
8497 20581
4139 22366
221 4705
8618 21323
14201 21004
1495 12623
1888 5010
11718 14335
21242 23048
8804 23149
4317 18069
8875 12197
2378 22217
11594 13335
1881 8562
8706 14983
2239 24317
16676 23390
7491 19830
431 8937
2583 15828
10293 11162
7961 20170
1635 24397
10838 23412
14548 18973
6532 10217
10469 18340
1355 8574
2277 12881
534 9307
15542 18168
10447 24164
185 4752
12597 16900
9136 23382
1338 20092
1259 14151
258 7022
4686 18877
6698 14853
836 20411
1735 11331
9321 23060
21112 23830
10151 12049
4595 10111
660 16197
12229 21794
1843 9020
8755 9418
16165 16646
3097 22587
2437 12800
12214 14818
18230 20384
3073 23586
6425 14169
7807 8952
22028 23426
16804 19449
6972 20844
16373 22473
6624 16863
1810 18708
16090 17171
16304 23650
9757 17673
845 14893
6762 17794
20499 23635
10318 14447
11063 22195
3658 23915
14188 22014
7811 23899
11687 20375
890 4637
580 22108
20531 22822
11514 15981
6330 22230
18981 21302
12849 19317
10777 23967
2240 21583
12192 20239
9137 22033
293 20512
10477 17458
21529 22688
6755 11794
8864 16248
5181 17233
13615 24321
15719 20637
18080 20453
2698 6875
4186 24050
5451 8342
13277 18221
12213 14386
17506 24420
19448 23798
4000 22958
17168 22447
13578 22615
17182 21918
9736 21688
15205 19371
13343 17913
5467 21739
14601 21181
15949 20021
11012 15142
14062 22952
6502 23390
14909 24442
15875 17075
10620 20895
2940 8819
2770 22932
18644 23770
2987 5929
10157 20817
12333 18002
1772 1970
2878 13973
2090 9056
5337 19047
6375 12481
1784 11942
4465 8427
7292 10437
18720 23010
1545 19920
4003 10465
2536 7213
4666 9154
11057 14877
497 4054
11846 16686
23261 23289
823 12160
8103 13436
7368 10749
4043 17939
12756 23022
729 2967
10711 14809
10820 17935
22282 22653
14531 19862
6921 23978
1548 15260
615 23793
231 21377
8838 11877
7405 20380
1814 6352
2522 17813
16091 16271
5843 20808
9580 23892
42 18352
4601 15791
14110 19905
18015 23329
20586 21600
9508 16140
2842 19082
18736 18849
196 938
3901 17050
59 20338
18073 21585
10655 20713
8195 20964
517 14300
13682 22229
8867 23616
7653 18781
1824 4938
17114 22709
9688 11841
16038 16284
12162 15497
9754 17635
18242 21214
3481 21187
5716 7486
13804 15537
10551 13613
1510 14274
10798 14230
10481 19944
30 7627
17239 18597
3683 19668
11085 12254
4459 18012
8964 23615
10027 20420
7546 24472
15260 16393
753 22377
11603 20653
2288 3353
10381 16242
22986 23774
2683 17493
2946 6582
8494 13936
11271 18190
2155 19111
8481 23586
15019 24057
13234 24276
4408 15302
10543 17453
923 10708
49 431
7884 12700
6070 9853
9522 11211
17815 20712
2975 19264
5628 17702
2066 13289
6118 10026
18965 21549
7017 7100
13517 16059
3796 12243
2114 12119
14231 19622
16750 19774
16162 21137
17245 18053
4590 16011
7951 9296
3411 18859
3630 23055
9227 24289
5758 23828
4830 8154
2893 5600
495 13151
10084 13919
1568 22517
4020 18193
3608 15829
2290 15330
177 17245
10927 18685
857 7622
3960 23704
8636 22018
4367 22616
3894 19053
4449 12931
1204 17082
2471 18095
3318 23180
13930 15551
6042 16594
13053 21107
250 6112
14552 17998
787 11163
13141 20325
3230 11595
3463 4848
13495 21110
3230 17820
7070 20949
7037 18205
9785 20571
8586 24359
1836 10343
10329 19589
6695 7399
529 6213
11895 12498
5473 17269
13261 20867
11019 15259
552 22632
18618 23236
15865 16599
12588 13483
1690 10670
12124 22111
22019 22979
2120 5207
7806 17104
3129 4412
11208 16325
2513 4176
5036 10937
6303 8382
5870 22744
4427 7326
22081 24208
4079 9311
12036 18427
14785 15968
1192 6678
9450 23568
17579 19946
1653 11783
13499 20614
151 21714
232 24031
17916 19872
12958 20682
12135 17134
2063 17050
13364 23868
1273 3356
5884 15196
2948 19853
10448 23127
9158 17541
12434 22541
3462 11268
13430 14648
5494 22893
8581 23037
22513 23905
5274 21243
1506 13412
4076 21320
6848 18427
611 17966
2230 5123
7572 15751
7188 9058
7241 17157
2213 7717
5569 13082
548 1343
6597 15538
15067 19181
13958 16090
2895 7740
4009 10481
18508 19709
5566 22381
3432 16208
1479 15137
1408 17186
11924 21025
20719 22106
1882 23200
15182 24164
3058 23938
20046 20925
19353 19762
11517 15518
4459 15428
8720 10109
2141 22389
14558 16967
3504 8176
8086 21426
7874 11690
6086 18674
1801 20459
6819 22591
9558 12574
17512 23043
257 3694
2971 13678
1610 8887
9899 12710
14713 18730
5124 20840
5966 19804
10300 17761
21068 22677
2502 23034
1472 2052
5971 20770
18074 20437
5855 17832
21423 23786
6341 19819
1941 10780
9012 15794
7833 8053
1942 5908
7076 7563
9187 10484
3187 15864
12724 19284
6702 20144
2682 13354
11031 13007
698 6734
18934 24144
5340 20612
16303 17737
15840 17800
19185 19696
9394 18471
2322 10275
4438 19238
12463 18270
1491 9568
1912 17307
1031 22854
12850 21058
9565 21935
20526 21922
7209 17503
15447 16895
17389 24209
15873 17886
20030 24143
5419 8083
10160 18977
8071 20420
8014 10296
17928 23409
712 16722
1869 7323
20483 22155
2164 12112
2552 22252
7503 24026
514 23888
1121 14996
19260 22417
10514 13024
994 8925
10060 20119
16939 23405
5624 19667
5825 21716
2518 7226
5729 23947
9275 9934
561 17980
15570 22457
9374 19113
22639 22704
7370 16737
13942 17563
9071 20096
3493 17297
163 305
5603 16040
1512 20941
166 11732
8169 15149
9573 19296
5830 15901
10186 19760
11565 21663
77 18840
18376 22632
1201 15007
5959 10631
5231 20453
4883 10243
444 1586
3495 17790
14914 21712
4939 22743
8361 14999
14296 16942
7038 8895
10348 19484
8904 23198
4824 8501
511 11591
21070 21372
10645 11273
11414 23724
13173 23282
2745 8489
3264 15648
4444 6833
17683 23325
8246 8599
15318 21461
2901 23368
3569 15502
11274 16828
5183 6248
5715 6363
1134 15647
13117 23795
2383 18977
6565 15894
12297 17320
7594 16637
17546 22385
10789 16335
18122 24294
13499 16992
4035 15581
4680 11857
16047 19112
9736 11632
3022 18151
11776 20587
4292 23068
11154 14633
4685 8936
6830 23521
8489 13738
10065 18985
17370 18673
4222 13411
16678 19477
15900 18464
21861 22540
10811 19290
8261 20126
832 17487
14182 17938
3975 14307
3340 9270
7346 21067
5812 6832
19295 20279
1461 13274
6574 16183
17673 18082
7644 8300
17371 23260
7499 24277
3017 8745
10129 20831
795 22163
3127 7378
12455 21334
1535 16442
7261 17521
4110 7425
21815 23376
5075 21556
16241 17009
3132 7247
5639 10264
18961 20170
7322 21910
3621 18178
14332 15225
10015 22262
202 15435
16898 19494
1480 7189
8770 11789
2818 13931
10336 15127
6909 11396
11560 13632
7998 19305
16679 19584
277 19534
2323 4815
10520 20754
597 14849
344 9998
18928 20327
10412 19740
11932 13468
268 5404
2012 7976
8381 18858
545 11004
4329 18771
11618 19466
8664 16298
490 17046
9810 22874
4238 9116
20264 24458
4559 8504
694 10580
2142 20167
9717 19812
4095 18502
5831 11325
2235 19029
6234 7886
7053 14375
1062 16660
5633 23320
2431 19409
11775 15121
493 12536
19119 23556
9805 11394
8488 15130
6863 23386
23742 24223
3297 10446
4028 14922
8 16576
3106 17052
15072 20447
10931 12079
17663 17967
1332 2587
13992 17284
11875 15646
1095 14384
10159 14645
13982 18414
1064 2017
7599 17806
12582 21015
8797 12102
1438 14996
5618 7500
12567 20560
5245 10815
10842 19351
886 20413
6960 22530
7849 23592
6361 15142
1132 9248
1897 19765
3602 20409
9924 10049
19675 23874
3495 21043
8180 18971
2658 14786
6665 23273
262 11499
3121 8013
17630 23756
15327 24012
10105 19729
1011 22288
3909 13947
3897 15375
11714 22136
4755 11614
10902 18657
12706 16176
5228 16381
7031 9431
1370 23476
12412 15064
11571 21108
9842 13666
2177 24073
14639 22151
5038 11084
9557 22526
2505 18251
5588 20142
8868 23551
13656 22060
7412 16912
11701 16557
7431 17974
1079 21714
16087 21404
9703 17724
16021 23902
12496 24433
10296 16006
12163 23721
3531 15392
7470 22574
13605 15608
4153 13444
5085 9311
8087 15499
14987 22282
7870 20646
16797 24389
3107 8153
7635 17430
14033 20061
447 6849
6248 16505
3298 21245
340 12973
6450 9073
483 14822
565 13977
13344 13486
7465 20731
11032 22260
3566 5883
6908 22827
7926 20376
1050 18076
12447 17269
13417 17295
9643 16875
7436 9852
6016 19461
4766 5376
343 12874
4583 16886
10195 22066
11678 22370
9374 11094
4865 21249
8837 17048
7268 17626
6319 10698
1330 21966
19454 22509
10851 16367
21958 24281
12764 20099
8038 10951
16338 22430
14222 20049
6462 15362
11061 14458
20629 22411
11358 19194
10072 12750
17685 21787
1727 2142
393 12265
3847 13917
5076 14396
5964 13781
13420 23636
2477 10413
6473 21937
9153 9927
815 13214
12835 13619
1441 8430
1528 9901
4740 19433
18238 22631
783 8507
12884 23769
8313 21823
16490 22081
2987 19562
15150 15561
15838 22902
675 6863
5536 13978
15837 16529
7586 12643
9520 19200
1231 18949
588 15450
9155 14992
7881 14863
759 4698
3128 15457
4610 12177
10761 22245
23422 23612
16690 18556
15297 16873
630 5149
2998 15636
6416 24278
11902 19932
653 7062
14205 21137
14737 21748
7899 17226
6102 20672
907 24087
6082 15268
12744 23212
8576 13029
2836 23044
5987 8658
4118 19540
18358 21415
13498 21043
12524 13847
390 18485
4340 8588
779 13806
2503 11449
6647 6817
1093 12959
16974 23198
1466 10900
3569 14771
8275 17268
3376 13622
4184 18570
17181 21454
303 10258
446 20339
5696 11191
1008 18360
793 9013
3759 14637
1872 24270
6885 15053
6535 17052
7408 12502
9374 19005
17150 17492
8570 19447
4183 13521
1018 16521
7095 22438
2458 3484
2381 19326
8449 9823
17134 22410
1967 21772
10775 21451
9078 16451
15996 16468
3870 12232
9518 17123
17886 18270
14861 17404
6062 14176
9251 21695
8989 23714
3673 16217
13757 23915
17554 21383
14289 24413
7201 9740
8095 19097
7308 12098
8532 17902
3921 19998
11038 22691
2423 8900
7950 9705
6694 11150
3496 6235
12814 19264
1736 15817
7492 11576
15038 20203
3267 11159
16428 21994
12852 16699
1551 3241
14323 20779
10750 23384
8754 11656
2709 2855
8921 9541
19836 24359
11476 19188
6959 9490
14837 17761
1050 19490
8809 12928
6558 23310
240 6039
15078 17547
863 11884
14255 22489
6639 11505
9656 23321
5588 19623
19059 21083
8065 13333
20065 20454
11870 15509
7544 16237
10785 16716
11602 18887
1633 7420
1853 20447
14149 20895
10706 22764
2939 11283
5949 23770
13155 23370
1535 13823
4626 6697
12513 16918
4751 5852
8192 15194
10747 16550
3569 6193
9851 13586
6827 18612
19719 20417
21078 24014
2400 3733
1374 19667
14432 21167
10698 23052
2392 21690
2576 21809
10868 19490
9716 12599
9980 12986
3049 19041
3128 15516
2192 7494
12484 23565
10083 23428
10873 19322
5688 16447
379 18153
5157 7868
12975 20909
1092 19274
13208 14399
19318 21796
4288 22363
3921 8613
3019 7584
2889 10862
9201 21653
19164 24277
14218 21325
13008 18044
7241 23850
4086 18999
23092 23238
10318 18247
15803 22707
12570 22887
2288 15113
20463 22245
306 23904
9115 24344
14320 17423
22939 23075
6089 12224
8238 17070
10659 13329
2075 3958
11186 21992
14826 16919
398 10843
8772 22311
6767 23046
17753 20129
2925 13216
14659 15664
10954 24404
3577 15615
16828 17270
3041 20932
6009 20668
5241 9624
9742 22207
9839 19816
12956 14942
4078 13876
1253 15940
3319 24344
6361 10794
7489 21369
14335 16093
1616 2122
10729 23283
6787 6909
10712 21066
17070 21786
13463 15123
6818 16005
6421 10423
15667 17484
1345 18411
7521 9693
2302 16561
10160 20269
1665 17844
4883 12651
2589 23047
6967 16885
7068 19721
8878 24387
10513 17722
4680 5629
17618 24435
1220 11204
1776 1850
6189 8381
14083 22968
12195 17393
12651 21798
6878 23064
16983 21434
14256 24324
6241 23620
2770 10414
10469 18690
17482 23863
6790 23864
5736 14162
2142 18425
724 6705
16433 21784
7005 13358
6542 9104
5934 23520
5895 16937
13255 16592
10772 13412
8491 22480
205 560
135 23036
1729 16869
2740 4230
13967 15399
221 18109
3497 17193
2615 19374
5110 6546
11289 18022
3168 16111
3016 16070
16415 20256
3474 21899
3064 4574
16328 18780
7140 24274
2847 20070
4700 20905
3441 21083
21732 23834
18412 18473
674 5590
6386 23451
7603 24168
10390 15770
9888 12113
8796 20407
3836 22772
730 11021
3688 4861
2430 18089
322 4555
4874 9417
15079 15466
12011 19432
7588 16980
13777 21014
12 7374
158 22557
7073 7166
6851 9325
1240 21460
1039 22212
3435 5840
15603 20981
3810 14016
16208 24476
1815 21854
1055 21917
20201 21439
6152 18092
20309 24425
6747 8787
11665 16598
6088 22401
15397 18994
1134 12515
7807 8473
7011 10803
3320 5214
13425 24021
84 3321
4447 23467
393 23375
6548 18466
6789 22585
3744 8162
3387 8375
9488 21343
11355 22903
4984 11749
13511 17837
6841 19327
21294 21807
6102 17537
3779 20908
3398 20404
9508 20171
3778 12904
8286 8572
13627 22820
4848 5193
13077 21172
1856 9057
6452 12703
9578 13146
12778 18440
10074 22308
8965 12891
9374 15722
4534 10615
3639 16109
11489 23279
2466 3536
4560 18465
19472 20790
3220 15311
7409 15047
5742 9525
3990 23818
17606 21363
2397 20535
12047 19059
3485 5357
3754 7129
1885 10357
7897 11886
5290 11931
1050 22730
13579 23698
14718 18989
11556 21594
9111 24035
11577 23833
8156 24404
8662 11311
11458 13317
13821 23394
18025 20566
8551 16439
17620 21755
15311 18543
1132 17158
9307 18791
19223 22881
3693 4117
11359 15433
3273 8531
1 17549
11476 19154
1086 21542
8352 11700
19143 21448
13618 21980
12643 18269
6289 19073
22357 23196
4914 18552
510 11351
4629 17792
5623 9649
16275 21196
5470 21822
1021 3578
7111 15915
884 20203
8999 21727
6636 21051
4236 19430
6423 9687
5749 10926
1742 18761
13383 18181
1472 14707
9643 23010
9013 11488
16314 20273
4094 24115
3824 22972
14950 16720
16729 18546
817 13760
7232 18238
2397 17608
2821 20308
9486 21612
674 1738
698 20101
15237 22313
5006 15952
13394 20187
7985 8520
4356 18421
19868 23844
6567 18549
11487 21984
4555 4646
5178 17692
8129 20285
274 9089
20193 24362
75 5735
17624 21557
5731 12930
2787 3833
473 19471
9289 17787
5593 14738
9702 17354
11339 19028
6419 22706
6611 20653
17595 22506
8866 16989
10908 15932
9086 17706
6890 9257
1857 14003
740 22791
17582 18418
9965 22998
8998 9817
705 18607
2299 14391
1687 11579
6475 11637
12507 19381
1010 7833
4471 12239
22271 22915
17515 20072
3824 21932
1959 19550
8513 21688
5637 11690
22239 23669
20898 24251
1708 18939
6522 8811
5659 5910
2458 8460
9467 9564
10691 18736
2173 21391
8807 16403
3715 4209
2375 11151
5006 21027
5000 21692
17274 23477
18135 22316
20728 22130
15542 19024
7360 18592
3671 10898
10476 20666
7922 23055
15291 23392
11573 22985
6484 8134
22688 23287
14898 22720
6496 20625
10797 14180
6311 9129
13787 16444
4602 15980
15919 24215
4200 17178
7446 23979
9180 11976
664 3121
8464 12141
15775 15915
7365 13206
13744 14454
9929 23455
13020 17132
6743 15986
3902 15683
6680 18650
803 7124
2275 19786
3648 17661
353 13125
62 12183
10424 18118
1277 9546
15304 17911
1266 15803
6353 18309
6910 16490
206 16452
16942 17185
5853 13822
599 11439
19678 19710
5696 11502
20332 20609
15306 19319
8611 11814
1993 5911
2066 22976
19244 20762
7497 11601
8018 22710
1867 15964
13524 22038
277 9997
7182 13219
2941 3020
14319 19616
18605 22077
20409 23758
4160 5517
1661 14870
4169 16077
4219 10765
12 21072
2194 11498
4477 7398
2060 19970
10718 18009
6535 20686
2695 20046
5719 5976
5282 13614
3727 18970
1082 16808
5335 20649
546 21902
2441 19859
5524 22355
4646 9053
13741 23591
13584 17874
3753 23197
1638 15255
13712 18091
8336 19446
10177 16819
9212 22471
1191 13753
839 4001
4320 15228
5222 9210
20895 24125
8151 9172
213 2145
4479 9139
1845 20196
669 24196
2051 8139
2644 4987
14589 15925
8545 23728
21845 23091
9490 15885
2639 6415
272 15828
2364 12331
820 2194
200 4307
12454 23330
5715 22485
10406 20573
8445 10616
7415 8340
3578 16855
18781 19889
15976 20472
13181 24083
5551 6680
461 8839
13087 16342
4457 15783
21481 23917
9604 16420
7035 18987
14416 23704
13777 21294
2764 5132
3894 10041
14756 17307
3977 5489
2810 7708
4482 11617
13036 17552
3256 19070
5912 23788
16597 19955
3985 11929
4313 19698
4147 22590
18012 20307
2331 4975
20847 23073
8255 15259
4122 14207
17429 19577
8742 9184
15019 24313
5328 7470
17080 23113
2594 12194
4500 20668
2975 24103
7993 9143
10305 18489
15886 21910
5208 6448
19250 23192
19557 21166
2956 11726
433 14980
2405 8828
7220 23816
8233 16525
5475 7074
17516 17916
4871 16845
242 18519
1135 1391
11132 13770
3511 14994
2600 11992
3591 24295
7963 19025
3800 20699
1627 17472
12047 24316
11240 16707
5781 6066
1856 10753
20002 21835
15871 19528
10286 23492
23105 23695
3697 22494
2861 22708
6748 20570
3158 21973
5538 8345
7880 16792
19549 21664
12631 12759
388 11005
5284 23600
7289 7471
951 2577
15671 16166
13319 21934
15610 17726
2987 9394
1644 6006
15556 18986
2146 6504
14550 23792
6657 11261
5754 13183
3909 15999
6672 13539
7559 20785
8276 15962
8894 11939
16501 17828
12115 17494
15567 16084
760 12065
11281 12041
13582 14813
4038 16049
23051 24030
9367 15859
4867 7978
4819 10215
4670 6663
2841 10279
4013 14496
9012 13320
15916 18249
15958 18247
12244 21167
3043 23344
12377 18609
18858 24280
11912 23106
16532 21903
5796 13598
1356 19943
6329 13995
11466 22586
1623 2511
2211 4168
19579 20050
7946 13428
5969 16678
11888 22590
12978 21523
1846 5306
12245 22440
1979 3146
14606 24204
4690 8445
8233 13461
4587 14621
3395 16371
118 20690
17692 24051
15963 16052
15367 23085
2387 5741
317 19973
10802 23364
2940 13454
4192 8169
15766 16645
23468 24335
1745 14494
2006 2743
10929 19064
4377 15147
11118 20171
12917 19134
3713 16000
12951 18855
2090 3916
3599 6704
9945 17622
16070 18602
256 16452
1045 22779
1605 12942
9312 20656
19911 23445
679 21991
402 16836
1602 9752
2954 12449
15654 20530
1615 16776
10960 17058
18404 22823
416 7269
20606 21414
1475 18652
10065 17432
15081 21126
5488 13685
5378 24055
10416 22226
3212 19295
3580 17112
20018 24079
12498 20542
13615 14686
18003 21771
7609 13874
209 14238
3353 21006
3684 13612
5967 7748
17042 22135
409 17306
12380 22784
18031 20499
8614 11086
5549 9507
2430 17944
19713 24435
4281 13181
275 18256
3899 21898
4619 14860
6672 19512
6005 15769
2218 14601
7336 9817
9426 23176
7188 8048
7473 12365
13282 17773
8511 18897
11368 18479
1247 7058
6954 22178
17034 19813
1151 10555
175 396
2672 11689
6197 21060
3056 8291
10425 14903
16095 23064
15711 24345
4518 7495
4974 17348
1678 17373
13706 24489
5948 23592
8328 15574
1967 15490
9410 9681
5581 10906
4747 17074
8114 19134
4938 6465
3980 9422
926 13010
18882 19701
13603 24031
8649 21035
6413 12082
14831 20896
1157 15629
5238 23769
9426 20214
21674 22973
2586 24175
7928 14523
3842 21307
21733 22088
12695 20968
9757 16351
9566 17819
5657 21605
1203 9374
20480 23048
22196 23844
1033 11239
7145 21704
586 14710
13315 22312
17038 20016
14124 17729
4784 20923
2772 10168
17229 22594
15906 16137
6527 23945
15882 16972
10264 15110
8149 19448
2622 18252
7565 24130
23503 23714
10123 13697
4782 7601
4951 23361
1008 15574
9167 11172
7669 14011
5188 11825
5167 9545
6546 18551
5056 23507
13051 16385
4045 13398
4957 22522
4480 16953
5433 6892
12608 17555
3873 8455
6652 7404
729 4352
316 20363
10647 14783
9475 10061
2961 20140
16248 20285
12933 17566
5595 14188
7699 11509
14534 21752
17357 18445
13249 16346
9791 23954
11366 13305
5032 24171
332 11387
20752 23482
9178 18661
3425 22728
18934 20850
2237 9348
14476 20388
19832 24304
7265 16512
2027 23704
9284 16931
1126 14149
13940 14079
249 14598
7613 22647
11691 12187
7860 12285
6020 10956
3343 19907
1704 19955
3652 4360
3158 5495
1994 2397
6597 20041
3844 4058
5481 17712
1705 14084
207 7045
13396 23049
6868 17378
19021 22341
2035 12374
1744 21515
8979 15229
12808 14914
4399 9065
291 20562
5655 22104
11138 17371
526 19207
1001 11631
1401 16884
8493 15472
13795 21264
9429 17394
5330 9843
4598 13540
180 5782
1175 17345
8528 13640
3860 15346
6853 23655
16807 22611
5065 12658
1947 18307
5601 12852
2390 10710
11118 20764
1493 19525
4612 6125
12539 20212
17778 18765
6542 13720
19510 22518
20175 21183
12776 21419
1738 12660
11349 22633
13024 19887
14616 18970
3548 22612
8066 14019
15414 22952
13293 23249
18605 22942
2809 6772
634 12557
12702 13750
19669 21686
169 21870
2742 17529
8604 12149
5013 22307
5641 21374
11400 12266
11526 16657
232 13964
863 7912
13298 23794
6264 20117
23238 23506
4332 23453
7423 21147
3309 10749
1339 5009
978 6112
20583 24055
4099 5912
2536 17235
14496 22931
5764 6456
823 18815
14224 17925
2783 2964
20370 24151
9063 13870
5662 15603
13555 20778
11289 11552
7489 14512
924 18866
13640 16690
2375 22302
6228 12865
1861 23906
9600 12394
4342 15623
6172 16569
1300 15473
6592 8890
6103 15771
5332 13855
5332 20701
1023 20229
9599 21690
3819 4010
11123 12509
1509 11640
4521 8149
8704 19602
17525 23180
14129 23178
3786 14871
13101 24289
13393 14611
12096 16359
9048 20786
2849 11043
20150 24372
3606 4781
6944 8406
2703 22625
14824 18725
11527 16048
10785 16317
1778 6521
12598 22828
16925 17020
15654 18867
13277 17571
9788 19106
3733 19867
5537 19829
2819 15878
1322 9960
13026 17997
2065 6827
8080 11964
11927 18324
7601 16421
977 18198
7951 21896
5540 10453
1770 2133
5412 11749
5798 20655
8367 15566
1226 21800
7520 11250
3742 16933
8255 20989
1671 3583
7718 20359
17607 20948
13806 23486
5902 10907
1261 12991
10065 10832
13733 14694
12567 17818
6568 11260
14940 17676
7841 9068
6212 16004
1085 21633
2313 15623
7156 11678
8511 14862
10703 21552
15606 22772
16498 22803
4345 15276
42 4979
1910 18507
13951 18316
704 5387
6371 9037
11953 16981
9988 14461
17574 24161
5572 19219
6099 18279
3239 14637
5505 21214
14518 16801
10474 12441
14920 19005
4166 23279
15749 17140
9017 11934
12915 24353
5049 19556
20633 23600
6054 12974
4004 13786
1687 4390
6143 10047
8235 23170
1435 14197
7216 18402
6779 17858
325 6633
7900 11616
23039 24103
4166 10875
21854 22382
8580 22328
4656 19180
4157 5488
14207 15543
16489 19840
1945 4127
3770 22243
1364 24402
6320 23253
5129 18766
295 5445
7581 17240
10307 14762
6675 24457
1162 7734
16816 20386
5243 17108
423 13471
7888 15915
4211 16109
19083 19545
12665 19675
2027 14851
7622 8534
12572 20898
785 5345
9050 21411
4374 8748
16404 21971
4209 21040
8622 13499
21112 24039
6335 12415
7753 13709
459 17667
7430 19940
6863 19398
6416 18864
4280 5571
353 14507
5391 7848
8621 13916
10375 15123
12021 22369
16614 23375
6151 16873
12053 16462
7900 21825
16593 24032
4562 10649
13470 19171
12531 14362
11965 22017
2970 14689
12030 19676
4078 23016
343 20577
8049 20878
1829 20106
7662 11490
1848 6021
19747 19759
98 19601
689 1733
11222 19171
19045 22075
6530 18538
8113 9237
10388 11942
867 4702
7751 14768
6525 8282
23363 23967
16908 21271
3220 8594
9762 10777
1798 3245
6700 22171
9180 17607
10575 21915
8559 10333
17761 18311
1060 15519
6501 23046
280 5722
1015 6073
1998 22386
5251 12145
1519 22825
4436 21548
6106 13320
1524 20725
7263 18613
12673 23815
855 7527
7679 10306
14378 15264
6574 12050
5748 20078
16547 21516
1777 9690
3979 23953
4302 8060
9835 13407
3341 10562
4531 9400
14535 18847
5154 22913
6162 10816
1028 3455
15086 15355
2155 6021
5585 9862
4786 21662
8101 17170
7784 17245
5074 11936
266 13818
15637 18718
2299 5316
1879 23851
18797 24343
3554 15399
3875 11219
7626 22780
2042 19737
9037 9384
16531 19390
12704 20852
5224 16602
9616 11578
8462 14337
17529 22368
914 12356
8583 15848
10233 14435
5365 9938
2835 23492
18444 21592
9867 12772
4371 22166
12392 13867
4730 15188
2631 6317
5663 10231
1071 16289
7298 22959
11824 13747
7358 21181
6172 16892
9226 21165
17346 22887
2126 6645
11617 22011
1343 22903
10872 11804
4306 5830
4122 20352
6948 16392
14321 17905
3944 20829
2341 19866
3087 7446
3814 14490
3779 16385
8786 11789
10629 16851
6585 15028
505 3816
9236 13283
9250 19423
12107 17991
7904 9286
12599 20069
5796 8532
9463 14201
6103 11287
18802 21671
2621 10465
3593 8875
2497 10529
4704 15993
2358 12437
18508 19351
4069 12554
5990 15957
1649 19320
12937 23517
18511 19622
12457 19806
10446 12184
4071 20536
49 4995
12662 21215
9742 15270
11449 13818
19686 21835
7774 19929
14146 16622
808 5973
3200 19538
10041 20029
16303 17495
610 3757
8913 18030
14292 23975
10830 14638
11778 15464
321 11862
6580 11794
3079 19067
3819 12628
11084 18762
10466 19435
4482 20242
1445 16025
949 14359
9378 20945
2860 21626
638 9117
10499 21997
12527 19200
13651 14926
10970 19884
167 13104
13518 17976
3708 12359
9967 14527
14993 21520
4076 21334
842 5373
11387 18035
1334 2356
20691 21231
3251 12573
5526 7225
6120 13607
13067 15478
12842 22879
531 21140
3108 16926
11501 20198
14329 20377
4195 15538
10977 20036
1013 22786
10868 14255
2392 18748
3823 22316
8298 22065
15093 18342
17783 19443
6196 11556
4165 16588
4328 15747
6718 21979
8494 21836
14268 16361
5650 8798
12545 22579
3558 21127
3510 22164
5282 6788
14182 14920
4001 20093
7954 11554
8472 24245
717 20051
2362 16751
90 14447
2295 13248
2996 10200
11684 24389
10275 23627
3674 11456
7233 11282
15157 17740
1398 15381
17013 20367
3841 20866
2281 3171
5718 15257
1149 17253
12389 14208
5512 19897
10891 21419
13914 17397
18663 22397
8298 14009
811 5721
9849 23926
850 5750
633 23618
8383 11450
8318 24344
8089 22674
8432 14943
5602 11458
1364 7274
11085 22120
10063 17180
7973 8992
15440 16841
6379 23984
11904 17383
11838 15034
1408 20714
13131 17638
8275 17226
7272 12158
10796 22293
5365 22365
10390 15021
4191 15407
2566 21254
11654 17772
4556 22908
7853 22732
4719 15899
18563 22586
6346 16714
8367 17625
8618 20267
15706 19248
17879 18548
1695 17436
2042 8297
16121 23987
6427 18648
736 1431
15575 18057
60 6159
6778 18889
19629 22900
708 14031
1323 21917
13877 18098
7310 12158
10638 24130
16129 19070
11853 24263
22611 23241
11042 16827
6808 13270
578 7821
6606 24100
11199 21273
8342 11448
3529 15124
7560 17251
16175 16331
829 17983
15943 23803
12186 23874
4418 16536
11902 22927
15189 18240
1695 10791
621 5375
5156 16407
1977 12059
235 8299
17908 22229
12074 23843
149 16797
17112 22264
16042 19793
5207 15372
14083 16456
19441 23803
13735 16459
7776 17322
8232 24379
2431 17164
5035 23722
7851 10010
2225 4856
10054 23381
14258 16949
8030 19148
8720 9616
5310 12687
15343 24373
7496 8305
3686 13874
14381 15686
6031 24074
15102 17892
16067 22222
3489 13375
1657 2535
6780 19748
650 20024
15296 20827
352 22044
7293 15751
8040 21579
14545 21508
15955 24402
21760 21764
14867 23857
2447 23955
1209 4070
9458 15807
631 22030
4888 17805
11954 21640
10637 15982
1582 14968
9859 21549
12999 22410
16302 16747
9772 12046
8346 8465
17709 19738
8168 21072
4720 19693
6823 14058
3190 11619
5480 8457
1928 21553
10481 15043
337 4997
6666 12653
2548 17745
8011 12311
10220 20530
6778 10910
2888 5701
11294 19158
861 1813
14463 22786
2078 11436
7636 19139
12123 22593
16854 17889
8007 13240
16265 17590
1037 6637
15866 23876
12348 12998
512 5206
19164 21425
7280 7488
10322 18520
8119 14852
19 19053
8133 14549
10269 17750
6467 24208
13155 13339
15470 22547
2553 17788
14050 18263
6421 16948
14584 24121
1076 19583
11103 12006
14518 21181
4179 22809
6662 11234
11303 12656
486 12976
21841 23455
16898 19862
876 2441
8678 22241
4820 23703
9968 21438
12207 16260
12414 21550
8196 16422
3367 22240
6419 16715
986 14586
629 17461
15764 22361
817 3062
8445 24141
652 2917
10029 13467
23780 24352
7497 14615
10126 16397
1360 12361
3068 8188
11408 21838
3396 12903
13119 14035
14237 20999
8325 15102
782 6780
6766 11318
13177 16738
2201 20290
5151 6664
4891 12291
78 8025
536 23514
1282 24327
1507 15211
10963 11645
562 20066
10615 15948
17831 22654
22038 24058
2277 4847
4720 10058
17787 19474
6399 19843
7298 19264
13491 21792
9368 12424
3039 13536
3150 15007
5916 15068
18679 22716
864 20404
10475 15162
13698 18154
3172 10394
14942 16055
13199 17434
5040 17530
4024 22946
9535 20809
4827 22244
2516 13438
2530 4720
14434 16061
11122 13332
4043 10737
6781 8782
9023 20958
10995 23905
3524 21936
1882 15549
13975 21385
5438 14796
1160 17373
6896 8903
3718 14359
14393 20461
8120 11294
2291 3932
15850 16420
6546 24204
5225 22066
6948 16844
6450 22251
7528 24445
4048 22767
675 23423
14696 22345
12374 17148
10647 19531
7618 17442
1230 4757
6246 18778
4807 14228
11413 11724
8313 19142
6005 6766
8949 22184
11694 13172
14459 19982
5949 18753
4448 6492
6970 21321
5492 20695
3235 19119
19689 20860
14131 24306
1406 23885
64 11552
7928 24453
16790 17871
15196 21010
15308 23733
17812 23190
7023 19993
21747 23928
6782 23680
7196 13361
20199 23371
12443 18278
3971 14800
10985 11853
5621 11952
18356 18671
2900 7173
2207 17792
5973 18786
6292 20763
17944 22284
10725 22980
3793 10461
11284 18631
9698 23773
11243 22169
9484 18566
12033 24229
1519 18414
3806 4549
16108 16606
8805 13321
4538 17363
2877 10870
8915 17195
17848 19895
2473 16661
12090 24131
9197 11478
21511 22748
18426 21191
13313 21465
12522 21098
14226 18483
17331 22462
11536 22237
18179 21665
17947 23498
10067 11887
789 23843
4624 23311
9089 17279
2536 20679
7490 20950
16455 21829
3364 20248
13159 16623
4526 16551
10726 18004
18603 19229
1045 21715
2900 3957
3524 9676
8490 16137
7992 23751
8234 22122
159 14232
4288 8297
11354 20300
3803 4002
1603 9132
3811 7539
2134 10112
3015 20057
9586 16130
7391 8343
2174 15187
7370 22774
617 23167
11637 23213
5150 9775
7386 23044
17425 22642
1505 8166
8513 22238
2514 20704
11749 13114
7343 15183
14388 14652
2728 5939
3728 6285
11813 16474
756 9233
3824 10432
4472 21869
7102 7759
13703 16504
16444 16495
8041 17451
1021 16584
13895 19081
8270 20550
8174 9866
15545 18052
5945 19941
3050 20611
3518 9105
194 17208
2604 21841
15643 21974
6538 20513
21738 23174
5501 20293
9707 11460
14980 22393
4466 21193
16115 24066
3124 6765
4493 13602
9113 23331
7335 23299
4811 17539
9800 18010
14881 19156
9579 12040
1095 14845
11698 23524
567 15243
9746 10394
7596 22919
531 19614
5534 8146
8876 14009
14167 22035
14132 19509
1096 13542
20316 21921
7040 12738
4298 16624
12006 15513
3492 20426
698 6357
23582 23958
10112 10120
6568 14765
7756 10717
792 11642
7699 14696
12819 17703
9725 17434
3215 9209
5985 8257
5506 14054
5464 16563
4003 19265
3793 24161
1744 15073
5880 12020
4566 19377
2469 20238
6318 24464
14500 23186
3476 13262
16847 23295
3748 22620
7523 8245
8367 22867
4584 15351
2046 15354
2238 2552
12754 17049
17666 18669
12033 20090
7318 9836
15888 16710
21512 21771
1199 10297
6363 14948
15334 19816
8285 9116
1494 12847
2711 20800
10904 14469
3844 8201
942 1619
11698 15336
17344 22585
10220 11462
6807 19899
19293 22683
18034 21200
18986 22273
6288 20366
3988 16690
1952 22874
2067 13467
4839 12320
1975 11914
185 5309
17034 23971
10054 23097
676 16148
8767 19745
8322 24306
17407 23333
8820 9915
5021 18167
4811 22134
7070 17551
262 14913
6962 21259
1607 4056
6452 13910
10199 10859
19268 23761
4097 7554
4361 11952
4231 14431
3633 22777
3862 23390
8191 15102
363 20724
6792 18936
16429 16484
13113 15910
9683 23944
3633 18175
7208 14612
4097 14442
7151 20659
14008 15194
6069 7244
3392 10542
1740 6193
335 3079
1718 5570
16405 23905
11255 11463
3224 23298
8760 18897
3729 21370
16823 19177
4962 5803
10518 15385
4197 13488
3742 9345
13045 15920
3562 23722
305 8259
5796 19705
5827 19678
4292 18877
3850 24289
9063 11580
11285 16283
854 7155
7570 10931
6684 10837
11886 20074
16147 24338
14161 21168
17725 21002
4709 8123
5353 21734
13538 14978
17656 24329
1543 15219
1324 14240
13554 21158
4089 16512
9818 14237
8138 16723
14919 15570
3292 15219
8946 11254
5377 16508
5659 12223
23373 24344
9831 19921
3661 10093
4592 20668
16748 18449
723 4660
84 846
13782 22581
18188 18499
15008 20930
6357 19280
723 13015
11629 21108
11460 15631
16654 17705
10516 23219
866 21099
12749 17156
13453 15189
12513 20444
11294 23213
69 2066
731 15403
2681 21212
8398 13715
6170 7182
316 15217
3842 22227
7314 18615
4738 5674
983 8462
2393 6557
2420 7552
1090 6584
6412 23356
1734 7508
13010 23898
209 4563
3627 6664
9844 12718
7187 18231
22670 24397
11794 21280
6690 9619
10865 14501
16229 23711
1841 6266
7706 7795
10310 24135
7654 9103
9300 12330
1044 20129
7079 11923
9643 16719
16640 20128
12349 14232
6141 13894
11125 13583
11127 20341
6983 22530
7084 21949
4371 10617
11847 14754
213 17833
11289 13916
13188 24174
1413 2254
2506 3997
6824 7786
10459 18528
18571 21294
1676 13365
1438 15795
13812 21479
4177 20002
1253 3201
14036 15597
73 14646
1812 13327
4982 18319
4932 13937
3704 24122
18642 24233
6313 23394
4037 5874
1486 13538
15027 20061
13946 21569
4174 7906
635 16315
1311 10488
8779 15399
56 11021
6887 13805
1368 14494
1693 2294
8782 21835
1710 17983
1091 15845
5417 15783
2302 4065
15591 15979
6762 22628
2489 3523
15397 17773
16625 18215
455 12849
3885 15513
7362 22794
180 6543
7542 18674
5567 6698
11249 22908
4253 11674
6708 14887
6260 14313
87 6956
1104 9899
9797 10781
3272 6549
1515 6948
22299 22377
1743 8930
5307 14808
3467 19171
19674 23149
16620 23133
11170 18291
5674 9558
8353 14557
20230 23784
15731 18378
637 22049
3140 20665
22816 23219
1926 8817
3399 19588
16840 23946
12463 24285
9980 10221
7898 13129
18581 18589
8157 10035
3227 16073
5556 12133
4791 22695
1374 1524
8797 14077
5818 7228
6915 23184
2359 11929
4630 7425
4946 23642
8904 20763
4884 12101
8198 23190
5941 13838
5300 9041
12369 15976
18965 21430
8422 19175
11085 18727
7889 13575
4891 12781
18328 21055
172 22593
4137 18883
13573 16789
6254 7242
6522 19109
16947 20903
2913 11598
1574 12088
12250 18509
13820 15107
13678 19354
10414 19221
1059 9422
4652 11136
14907 18240
14482 17437
13868 21976
7460 21480
15063 23387
6646 8971
15476 19573
2166 5892
8046 8853
4355 23864
16576 23991
1171 5877
3070 21033
17219 17346
4653 8785
13893 22143
9579 18327
4463 11416
11530 14718
9440 19593
72 2505
6371 9927
2096 6876
16597 24291
8542 22409
19888 20281
12200 13444
7396 7678
6224 16262
5477 22164
15267 23759
4901 14343
9390 11780
2597 22380
5170 23946
21759 23076
3171 24126
17057 21920
4203 6033
6128 20318
6340 7934
5293 19168
9757 21264
910 14510
8878 17101
1028 18395
3152 14245
2911 14578
10105 24088
21820 24430
11916 17235
3947 21294
3687 4214
8787 17466
14044 23522
23142 23565
3232 12863
12686 20819
10833 20036
4870 17060
650 10290
6530 7835
12856 21589
4003 8969
6767 18533
18907 23074
816 10631
4294 16919
3589 20947
2403 11336
6746 17322
1425 10956
5334 12904
12276 21899
411 7539
2093 18161
15288 18767
15290 16803
6701 23016
14270 23679
564 4845
192 19080
9756 20721
13746 15267
4099 6086
8833 21278
5797 20751
8371 12083
502 6051
18083 22182
20748 22692
18719 23108
4154 21196
721 23064
11624 17849
4995 10042
18839 19337
8759 11342
16286 17354
8630 21878
1772 18773
3213 5732
9769 19453
6627 7423
1203 5451
1444 6155
17482 20874
5344 9035
11993 22585
13056 23248
4700 6963
9289 20043
6319 7080
7804 12738
13328 19329
6319 9619
1806 4142
8268 18086
17351 23640
6661 20894
1795 15032
1907 18275
13331 22407
5749 16201
2579 6377
1249 18393
6313 24278
5399 18731
7380 21138
544 21523
17419 21499
4060 18067
3228 23091
4201 23395
7695 19008
1218 13522
1265 24478
4412 22920
11937 23545
2750 7352
128 14807
18735 22097
10960 22312
4989 18225
3581 12111
1058 12599
16625 18433
5863 20753
1535 7490
1901 7198
1880 21378
17 1188
16461 21952
7105 7224
12855 16718
15445 24196
4892 4966
8828 16356
8301 19552
18846 21848
1832 20165
9473 12584
18232 19958
2446 11890
10097 22068
8939 20919
13457 14306
8181 17233
9243 12201
14527 15519
5715 10333
9071 14748
837 1151
18687 19172
11271 14625
8240 12398
2986 20326
9711 12769
1785 12825
2267 23027
13625 24058
1384 5130
4962 15756
5024 18979
4759 6720
4806 12255
5840 16151
10960 14834
6139 24243
2339 15877
5309 9973
3105 23232
21773 23332
19189 23861
9765 19015
3724 21678
11521 22102
620 1890
3980 18892
7453 9565
5624 18921
4891 10847
749 20576
7775 13889
13616 21157
2653 24299
15322 18007
19420 19806
15616 16909
2984 17479
12755 13439
12921 18588
7300 23534
11613 14147
16203 23165
10142 19453
4894 10550
9907 17554
13926 22805
6961 18543
2557 20560
14415 14601
12881 19649
21031 23753
1118 5313
3973 18547
6347 18349
7770 11535
4860 19977
4051 12927
8437 14814
5800 23905
15905 18155
10690 23989
8094 14952
7871 10942
16256 17289
11972 23619
9619 18497
614 19806
1137 7146
8005 11942
16169 18485
22316 24311
10394 18836
3670 6415
6744 15383
3229 14122
5173 6997
3011 19198
999 18964
1767 23141
14540 21637
2957 16220
7026 12184
7001 12281
18564 18774
15182 18266
2287 6966
2589 19778
14715 17293
12110 20815
525 10580
9149 18228
17029 23997
16567 16718
2841 6751
6858 8772
8745 22289
5851 18150
7549 20107
13827 18269
4676 11436
7389 14712
4492 18541
8584 18573
4756 15616
9285 21343
2669 15723
3706 7650
9698 12356
8125 12979
10083 10243
13062 14515
5644 14672
17559 22322
13976 15812
1894 23703
10893 19133
10630 21326
541 10968
9262 18664
16721 19358
9761 23336
16958 23021
5725 20774
17895 20463
1193 3890
4867 15241
17555 19953
13709 23434
14559 14678
21580 22417
21435 21945
8418 21440
3440 4949
4490 9082
500 20498
6849 20937
915 3718
18420 19421
963 2777
10851 12159
5928 20186
5469 17869
5133 14405
5074 11798
8094 10061
4535 10069
2698 10872
4417 13410
284 20024
2330 2459
10469 11067
9448 23092
21491 23703
3268 16693
1074 3452
18920 22776
13186 17048
11759 23296
530 6422
12165 21044
8467 21662
9284 22531
7937 17558
17825 18430
12152 20415
5609 5893
665 19862
9498 15774
567 5050
7389 20336
15146 19262
7251 22516
9010 17040
9124 11260
6551 10846
405 13602
8926 21763
15446 17637
13804 18032
14619 17159
15778 21071
10345 22183
3961 10274
11487 20823
16795 20176
9765 19728
12660 20256
6485 11220
2673 17835
3295 10108
12832 23992
19585 20860
5717 14146
13004 20048
6389 17894
1255 2237
3173 11598
4727 8044
5090 17988
2967 11963
6349 19977
6392 18401
11720 19985
10516 23862
14934 23599
2768 11226
10186 15929
15513 19039
12659 22683
5298 11984
15192 15286
8961 12241
290 17186
18907 22041
784 1203
5507 20938
1928 18950
20457 22208
1149 3676
8647 16323
5991 23192
13469 23089
15825 17518
16018 20236
5401 22741
4947 10603
3533 20543
1766 18461
16299 21262
485 24401
2082 17386
12541 18729
5249 11366
3857 7790
3635 10745
2533 9687
3723 16946
3006 23199
6529 23095
3017 13057
6404 9616
4601 14057
5887 9056
6368 11740
17072 17394
11714 16440
14075 18576
12878 22734
3980 7904
3403 18309
316 3244
8815 12203
4818 17708
19044 22082
10930 24308
9145 15435
5257 5644
5631 11916
7245 20602
2280 20769
3740 19027
5412 18539
8719 13192
20238 23697
7913 14222
5628 22881
3327 5795
13049 22842
9517 17885
5851 19709
8440 18412
8769 18090
7228 20690
1498 15513
14752 23468
1955 11588
19070 23194
7099 17530
3638 9052
9781 14895
5798 8367
11005 18119
11310 13382
13215 22506
8102 14975
5065 23339
1280 23957
10339 11928
8278 20510
900 3706
1871 21070
5235 13199
8739 18105
5316 16526
6045 12405
2139 11832
392 21858
2024 11382
10057 17990
6991 23667
13145 24216
7013 16976
19368 24364
4943 18066
5907 23287
2251 18690
22029 23686
15123 17848
16436 16836
732 18921
2280 7415
3084 4022
21 12414
10476 18524
2176 11997
3235 11947
10962 23546
2038 17117
15062 17331
11786 16610
10412 17728
6165 16114
1020 22876
1700 8107
1576 11967
18463 23884
12041 20978
9956 19581
13372 17859
7461 15854
4039 15460
5277 8323
13784 19444
14640 17008
741 13826
6300 6435
7957 13938
9443 12149
9263 19693
2441 10934
6316 16095
0 19469
8431 13579
2270 20707
9832 15838
2360 23327
3952 10388
2416 8688
6203 14640
4747 13569
11359 15589
116 282
258 17475
22348 24393
10305 20574
10787 20467
10923 22458
3681 21135
8643 13976
22872 23045
4867 8058
13758 23700
8993 21613
5015 8824
4485 19728
7775 17298
6158 23931
5226 6546
1577 4058
11417 18565
12976 15087
3346 20883
1095 19359
8876 18532
18378 23679
1809 22244
16626 21557
7845 8642
4322 13872
8329 12689
9043 15413
1831 6760
7546 20757
4053 22654
8852 17551
20721 21034
11482 23027
8240 21449
11599 24042
20144 20740
1250 3640
17268 19856
299 8526
4194 16147
1600 3147
8981 23743
4246 14954
2875 11111
6694 8397
6206 8817
2067 23817
7726 23772
2338 5542
18739 21057
10576 11867
21449 24237
15829 17286
549 21298
3245 8264
7294 23223
14516 22556
2464 3247
7392 12212
5172 9430
6032 12778
5307 13644
22925 23074
8362 14786
14354 19258
6694 13548
6666 10383
10224 21648
4385 12511
9441 21728
7945 16239
2707 19436
7761 18251
2080 23321
8694 12742
14209 22748
6249 16072
5121 19895
755 17164
16186 23358
580 13594
6073 18769
13962 18851
3848 20019
9929 19030
14947 19740
1065 19859
815 21286
6168 24175
7026 14797
16909 18790
10746 13842
8215 11880
15794 17170
1589 14152
2183 21612
9754 23124
10121 12221
3672 8812
8526 19634
7051 19274
12419 18683
4385 13587
7195 15208
1802 23600
14689 20441
10843 23801
4144 10345
8918 10342
5936 7210
5446 8764
10853 22907
7604 16902
6726 14790
93 16656
11924 23943
10446 17592
1552 17812
3526 7715
3512 18297
16108 18602
20020 21693
469 14542
3385 7673
14876 22800
3124 6204
174 7945
18603 18867
10420 15441
2183 13899
7522 8566
17509 18222
15233 23200
16085 19803
4578 6940
9353 16355
2066 15071
4496 12687
4888 9489
7093 8815
6556 11421
43 6864
17117 19402
476 998
7923 12350
5563 21217
7105 10000
11626 17202
2433 12927
9444 10898
441 992
11763 14310
9858 18198
7855 10940
871 13106
16354 16932
12549 21132
1236 22438
14936 22454
3391 16609
16313 17587
2021 6032
6058 16322
94 5251
3380 19836
1048 18434
1412 13394
5735 9978
12060 16141
4207 4332
10508 15964
9615 21528
15120 16602
1431 17792
6235 7199
3981 5795
6577 7819
6584 12363
19664 21937
4243 22982
1391 7585
2416 4222
12182 19942
15543 24320
5462 19997
14218 19135
7999 23274
6885 20408
3523 12256
8440 22804
3344 20147
19731 21153
13988 16455
6249 18178
7303 23951
3216 15845
13293 18592
10087 13464
2937 5995
2914 12446
6505 18782
8236 11278
620 1506
10572 20635
10622 21616
890 11152
4934 11417
3062 15422
3055 22247
7258 18608
8504 15524
9633 21677
940 22990
16320 22626
10786 21246
5289 11126
11238 13082
15994 23008
2614 13479
14885 21067
14136 19193
18770 20698
9944 20276
65 7491
3338 11346
447 12956
4881 22240
10858 14186
12582 13294
18468 23448
7856 18312
5379 17527
15063 15356
16130 16411
2071 21124
9641 10359
8139 23010
5430 8341
11918 18163
2530 22960
4678 19700
12775 24364
16008 18927
10541 18410
2842 15162
3881 4373
2315 5889
280 5012
14660 18040
14583 22654
3168 10883
18607 23723
1186 22359
5626 7962
9597 10774
9307 17465
9481 14171
3393 16576
7484 24258
24081 24283
7129 8934
593 4342
8123 21441
2692 14101
186 2582
2641 12067
2252 15227
1530 10317
9049 19153
12485 16639
11101 20700
7580 20200
11221 18873
13674 15728
19351 23194
10951 20466
7865 17954
11287 14712
1381 12885
17341 22216
22459 24344
334 16520
12666 23166
2509 8027
347 21149
9578 9594
1156 6505
14684 16143
5075 11911
4063 13913
5552 5924
5244 22047
3379 18723
6299 18229
156 18214
3400 8741
3052 7202
4084 15777
5658 13119
9377 24335
4199 11606
15722 16083
6091 17346
1942 24041
13304 13341
588 9946
3729 19167
5812 13003
8317 10247
1648 11647
7256 11001
11310 17217
12003 17930
22925 24110
956 5634
14562 20317
1624 5070
15304 15735
2261 17302
6498 23557
11514 15662
15200 15865
1461 22048
12639 13117
5990 12407
2511 3029
7924 17116
3789 15950
3954 4443
1824 4979
9997 21116
5684 17262
15738 22806
8710 12371
9946 15041
6870 9382
18236 22943
3259 16310
9318 17291
2228 4538
152 20248
18054 24131
13897 13930
7439 20495
9197 22307
8545 22393
23998 24308
5140 10965
6670 18561
682 11570
10036 11981
1729 9297
3799 14312
14848 21505
2888 23591
7772 18922
11663 16905
1661 21699
22771 23536
3232 9646
8872 22012
19301 23148
3701 5266
1506 16783
16665 21443
7473 20901
10915 11698
4143 19206
11693 19407
755 1647
10921 21906
14137 19942
7902 15000
8651 11276
7600 9026
1942 18452
21038 23137
594 13000
18566 20628
4900 11801
3575 11446
10751 13736
2727 5442
8752 11877
392 492
18229 22668
7152 9029
18612 20663
5940 16002
5644 13548
1000 22608
6478 22149
12503 16475
6720 13436
384 22768
21008 23249
5705 22351
5150 6909
2687 22484
9166 16180
18574 20314
518 17928
11245 23651
18902 21247
1702 3658
2651 18454
5185 14150
2570 7291
13728 19589
8114 12204
14001 21146
8553 19431
14340 20349
3535 20244
869 9821
3393 11666
6559 7387
2790 14031
6402 21291
15735 16243
8894 21584
403 1900
5002 19186
13925 23750
4060 11468
2281 10395
13295 21835
21889 22626
18202 22809
15791 16716
7056 10154
11091 22471
22162 22933
6835 13721
16018 16794
8316 23565
20346 23565
14576 23898
1765 14266
11349 16319
2268 5030
4755 8114
1686 22825
2316 10227
5358 17634
13397 13448
18598 23645
5654 8581
7365 8092
5652 16766
7845 8546
10399 21164
15205 19928
9637 10138
2832 7224
6056 8042
9558 19524
5813 6372
22361 24385
5672 7957
6563 9528
841 18891
1583 2161
20073 21703
8921 17868
13666 20884
1798 15357
16830 22115
13625 23897
5148 19000
8530 20923
16197 20109
15923 24463
8847 20271
3082 11270
13549 20056
9200 10096
6082 19030
11940 16390
4553 11089
3765 9472
3371 7077
9331 14351
20857 24343
989 17235
6066 9675
11751 12994
2091 3816
2652 3142
4001 20067
1626 7929
7600 22076
13465 23297
12897 15362
2716 3847
5426 9241
163 9575
14703 22309
12687 23262
19576 21793
17398 17707
2696 9125
1586 24420
18208 20931
2069 19070
10755 17578
2132 5488
3072 11577
5030 14786
7093 15056
9565 21789
7656 19609
7614 22667
19462 23037
2590 18200
1774 18057
12514 21936
14668 19027
14980 16630
8978 18773
18862 19796
1645 15144
4697 5391
1851 23651
14420 17881
5609 17419
17587 21170
15994 23841
15685 19294
2044 14432
19985 20089
30 8627
1771 11766
13412 15081
10410 23733
7379 11849
11819 21154
5186 7651
12675 15718
12803 19936
409 9979
8735 20004
3489 19460
10247 17913
10051 22837
3057 15027
1620 18370
1812 23310
16563 16590
11640 21438
9789 22763
1795 4072
12274 22753
4476 5904
7886 17392
4053 16915
2838 9749
10415 12569
13306 20667
17251 20091
7823 19137
3790 21088
1356 3600
5537 5818
5586 12382
226 14410
5041 7776
222 7462
6177 11904
5494 19439
16652 24104
2555 9370
16281 21692
9240 11675
17976 22491
6357 21987
18513 21278
5316 17548
2450 6256
8489 10167
6998 19256
1517 16653
9717 22015
15583 20650
5076 12917
20328 22987
1496 12248
9353 15727
230 5229
11023 12092
10360 16654
5066 20555
1478 7355
7463 18645
7040 20799
8162 19459
19802 21771
10373 16177
13046 16329
6917 16300
13830 19689
4600 17315
9043 21085
1985 17882
16547 23325
3567 9154
22723 24469
11263 23079
3149 11328
2482 23909
5808 10883
3849 17490
1785 18037
7748 22652
13964 22127
7555 17396
7521 15127
8885 9767
15534 20021
1566 10571
11712 16638
1010 8727
16607 20014
9549 12675
15640 16396
1389 15103
177 18407
18884 20248
2748 17438
12354 15432
15869 23748
13845 24284
2843 21260
7562 11901
12939 14530
8356 14286
20176 21795
9799 17957
11096 11952
1330 5331
20853 21406
12321 16031
2906 5872
916 20057
7014 13108
11653 20824
18255 21483
20445 22771
12382 12496
6332 9326
3086 23538
5081 11528
12711 15439
19776 24296
1286 18958
17044 23684
12159 20757
9432 22859
13705 16777
10437 12237
6748 7536
15922 18411
4347 8657
7288 10787
8723 20249
13506 14056
2242 8395
2539 20991
12609 16815
12136 19056
4928 10330
589 9379
6838 14292
465 17492
15127 21368
916 4578
14932 20591
6115 10190
20750 21137
8758 22472
19084 23022
12878 17420
17150 19592
4336 7193
13681 24315
4961 21823
12260 14813
18851 18895
5027 15940
20485 20614
9675 12586
10830 12820
8965 18661
9163 10910
9017 15856
4005 19199
7049 21632
2271 19919
4461 17226
16713 21331
3022 7068
12898 20737
9278 13706
817 1868
10620 18887
19095 19181
5070 17645
12247 14869
2842 14911
5493 11200
12180 14408
10615 22756
16038 23535
21 17629
15511 20880
4816 7851
6417 7861
16949 23195
1094 5735
13691 19444
5944 19737
11866 14168
15885 17927
3058 8902
17198 23544
641 6560
3465 14605
6922 23143
5740 16965
3042 10317
1492 22386
6320 22613
4265 21829
11003 23237
19023 19345
7115 15967
12818 13618
3261 23411
5456 18334
8360 12571
7686 21772
2187 22535
11535 19887
17310 21317
6264 18128
14899 16171
4350 19384
18258 23684
6429 10216
6648 20653
4603 19110
17926 19357
9544 16023
5978 18418
4018 8325
3713 4147
7187 8108
5736 14970
21386 21927
15619 18689
12507 17565
5847 23040
19963 20122
5033 9438
13010 21320
6084 11488
7493 14123
1057 10878
9393 12636
16882 17748
463 8845
14182 16470
6229 13146
795 7889
18470 18602
5702 9513
9715 13303
12689 17448
14527 24340
19819 20375
11003 21998
10212 24266
633 8019
9657 16492
3347 16978
3275 4771
2421 21354
10805 23799
6647 20222
9212 12727
13930 20617
9142 20974
4418 6677
5295 17219
16380 23293
21111 22856
187 15496
10242 17802
5121 15594
21805 22376
3492 13310
20250 20978
6988 12481
580 12348
8804 13149
2100 14251
10399 14878
9924 12888
1335 6971
10992 11676
10076 13755
12570 19409
8852 20669
11720 20987
13531 24419
4086 4092
8557 22280
18518 18560
12966 21970
8556 24018
7729 9440
4861 12491
1491 4627
6217 9933
2558 16263
82 1875
21026 23339
8882 13359
15507 20739
1101 11088
12867 13846
6718 17177
9102 11970
10208 14544
2986 4964
6555 13003
11191 19765
2909 12865
9397 14133
2235 12343
3057 8149
3071 20301
11677 22603
2072 11363
6795 7752
17348 24486
11196 16378
5828 22355
3850 20520
9801 12614
2139 17414
15949 21335
4388 7452
2608 3808
15425 16483
5131 11506
2117 12184
156 14175
12849 18222
2404 18575
5685 18527
1278 14241
6315 23078
6537 21722
4084 17729
12588 21222
4712 22170
8428 14598
114 4810
10270 13336
12078 14613
3021 4830
6949 19902
13907 20749
18285 22762
10520 20369
8947 14790
7032 16060
7249 11706
2654 6492
13943 16143
1625 16230
18505 22435
9511 9541
12428 22594
2824 6151
8798 21585
4664 17783
8893 10408
4003 8352
12774 19112
20469 21081
7689 10065
15459 17239
18892 20426
14477 24030
13301 18181
2197 18853
6360 7491
8396 21483
18542 19790
7088 20446
11628 11716
13659 20094
15947 20636
12373 14649
4038 13038
11562 20158
474 4730
13295 21313
2522 16896
10164 14158
12499 18386
5447 23250
21645 23533
8901 9277
4738 16272
16029 20233
505 2066
2783 19173
12787 21265
17617 23366
11568 22682
14912 21652
5386 23630
7292 23954
9072 16640
14564 17032
552 3257
5983 7442
19000 21631
3404 18978
4897 20064
11446 14307
1716 6989
1256 24071
157 17849
15771 23744
6558 14164
17524 23799
279 2516
3589 5593
10450 12272
184 7489
6877 8755
665 11556
7098 15169
5195 7287
7221 13497
14920 15922
8346 9527
14841 20346
525 24363
13548 22739
13477 18456
14760 18816
3560 16790
932 13228
1834 3248
17808 23681
9773 23738
13748 23611
15931 22055
13968 18012
20559 23885
12457 23481
10540 16097
12243 12951
3600 4996
16800 17010
17110 22364
3497 8370
8072 11439
2144 19062
11647 12583
2804 13488
9 15094
1918 17672
11071 20160
1948 8032
5739 13600
941 11770
4652 18397
225 2341
19901 21431
299 19412
14146 18218
5126 16699
231 19290
19056 22755
9839 14995
15526 16222
10761 21322
7629 12323
10675 23570
82 6854
20971 23430
5474 10866
10965 21892
8502 21397
14357 19306
14314 14635
16680 20012
4824 10252
6083 24470
1864 3156
10255 21242
5275 5629
9153 9642
13135 24006
12361 20186
974 21882
7920 13565
2204 16484
10216 10980
3264 5257
8155 12359
7174 21906
4634 11542
14341 22097
2927 5138
5999 12514
1615 15256
3621 9997
2928 10291
6467 11271
4434 16918
15854 21439
4057 14657
803 6984
966 17187
17685 18434
5168 10433
9875 11726
10322 16304
753 6854
8683 16607
11314 22984
9195 18440
2525 3242
15800 18156
14154 15784
6963 19902
10492 23159
755 19383
16576 22210
5961 23717
4572 6439
5568 10206
20091 20623
21531 22883
7143 18986
5242 14470
20209 21699
5784 24483
4287 6814
4529 16887
3990 21699
1947 16108
5336 6762
22329 23344
6215 9244
1943 15221
642 21593
731 20787
1959 22496
4006 4581
6454 23380
3073 13612
3937 17497
6570 8960
2547 5722
14803 18694
905 12516
20959 23987
24075 24160
9309 13177
4042 11858
819 10240
8921 16724
9286 23596
12233 23323
10939 15535
2687 3963
17637 18178
20887 23082
14491 17965
18962 23915
13190 24196
7216 9515
5173 14427
9317 22801
5682 18348
6484 24149
867 23781
17375 20457
7911 15117
13941 14683
1846 21742
8151 8514
6525 12798
3945 8158
15382 21456
219 17822
8826 14270
5109 9659
6186 17392
2166 15670
4714 17902
13025 14338
19950 22462
1005 13221
12602 21245
13746 17349
12196 16669
1632 23896
8722 10671
2005 15837
9310 21151
6466 24488
7123 24204
7240 19172
1162 3175
3720 4364
16548 24066
10591 17775
570 9313
6207 20552
1102 16371
1217 16269
4439 22544
2260 20943
398 11740
6372 7738
1867 16870
9159 12213
3668 16555
1147 22410
10263 18125
7848 14604
13209 17571
18412 22753
7641 24410
10557 23373
17716 20318
18854 20660
8593 16823
1646 15334
6110 14881
17054 21920
13890 24135
11 10517
13101 21148
8806 21013
9228 13481
41 16438
3983 24304
445 1436
18084 23157
11434 20256
1551 21325
6533 20210
19144 23469
2262 21372
3844 6236
2660 12457
6389 11637
6061 11855
10088 11580
1821 11672
265 14387
21552 23595
1648 6395
3462 14976
15170 21568
15314 15375
2167 8081
7388 11557
3089 22164
4333 9682
3795 5097
12372 17647
12047 19380
1122 8507
6101 19541
1608 15626
2488 24370
17057 20138
6881 7085
16284 21118
1773 17582
5146 6652
14225 23217
1456 4080
22414 24468
3205 18209
21869 23642
11708 15630
9275 17007
10522 24204
19037 19914
13260 13898
1315 11025
6109 20155
16187 22398
128 5755
3342 8795
2273 18908
702 18553
5990 16734
17066 20724
258 7139
1295 19701
1365 8764
814 16933
7726 15995
1770 18946
2685 6143
11550 11559
4327 14636
6633 8873
185 3718
4143 4788
5086 23193
21710 23688
248 22705
14467 20280
15378 16414
11230 14989
1050 5850
19756 22052
4546 5579
2973 24128
8344 9257
5251 8281
13312 18098
2059 22835
8806 11449
2979 9064
5533 6849
1701 13022
5448 8429
7402 15075
7698 19871
16729 17202
15696 16159
5564 5982
3553 23876
11342 17549
11405 22036
16043 16841
20368 22198
5194 13192
6937 14280
9952 23948
1435 13820
1351 7541
1632 11039
16507 16843
10206 17912
5987 19346
880 21828
7541 14609
11098 17555
23081 23908
7125 20466
6607 7640
1138 16446
18779 21103
16185 20344
6527 24188
13403 16428
10397 21763
12116 20162
9761 13207
11650 22615
6915 10721
3575 6883
6417 7742
2869 12769
15494 22929
1154 10650
12750 20544
2833 17060
6076 6383
1354 21677
5958 9010
14902 17426
6446 11524
2582 16750
1406 5171
15284 19097
16062 19467
13046 16489
14228 17616
9971 11799
1344 13295
10537 11502
5377 10989
20549 20868
10602 19949
3122 10138
13086 20568
8164 23893
1723 16866
3704 15703
7847 8218
8894 9085
6102 8219
15466 23768
4376 22983
7059 22102
16689 20478
6238 8163
350 5423
5667 14108
9306 22743
973 2318
8222 21913
4637 11791
7519 15825
15293 19452
5575 21837
12854 16033
71 4891
1583 14884
9313 22103
1904 19078
860 7584
11614 16282
10997 11055
11321 22342
6375 10468
4677 16630
2681 6519
8786 13908
10295 14192
945 1840
6441 16776
12318 17723
14306 23206
9189 13366
3743 7363
7597 16284
2533 6611
6856 24375
12189 14655
8004 13831
3683 12225
140 6665
9326 14850
5961 6031
1279 18414
20025 20414
12994 18267
2470 12594
13948 15826
917 17196
6543 8657
596 20015
22757 23963
4546 9631
16851 18411
1381 11855
1701 4870
3327 11877
1439 15694
17077 20484
6262 18218
16 1174
8622 12738
7878 9691
18458 23468
11627 18569
1327 14077
7822 23386
3499 23269
6425 16745
4655 19395
3823 4320
13878 20641
3897 23324
2586 10748
8034 8450
13909 20931
19694 21755
2113 12721
10872 17391
967 4592
11414 16988
10250 14308
5638 19447
11074 19709
8954 13607
2024 6036
10236 11428
1117 10117
8214 23253
2438 21075
4232 6128
5087 9735
10433 20964
2507 13826
12326 22976
4470 5841
2507 23376
15262 24271
9896 17888
8517 11883
7060 12898
6313 20554
15760 19178
2234 3495
3939 20781
19821 19843
17704 22909
6526 13950
3489 19649
16941 20648
2292 22171
1316 21367
452 19133
13132 23621
11547 14580
2794 8583
2746 9523
12468 19422
21275 24219
3018 12483
9941 12138
17834 20512
9496 18448
3602 4865
11799 14311
8906 18453
14667 20172
2837 15664
621 16995
12670 16356
4051 7800
9166 17123
5824 6349
9360 12278
11944 16058
7690 23976
7624 22162
1747 13044
3449 15991
6763 18670
4656 9301
1870 13097
980 10955
4594 22807
4373 5875
9888 17702
5895 13678
11721 20971
11351 18876
937 4484
4217 14279
9989 10207
10957 24126
18280 24404
1545 4246
6850 11499
18842 22438
11657 11958
3683 5050
8977 20857
11435 17540
17538 18168
13076 18040
10223 21555
7724 12781
8858 9661
3059 12877
643 7296
5956 13584
3425 22325
15597 22927
1912 16673
18954 21099
1535 8345
14107 16554
4524 16015
4329 13430
16268 21430
15791 17380
3169 23475
9658 16636
9466 13195
1829 17540
8845 12539
19279 21441
4584 23382
3701 24397
11760 21543
17209 18940
1220 20851
962 22825
4116 16479
1264 11857
13496 19663
12116 12275
3361 11205
5485 17905
9989 10956
5151 9465
12563 14986
3479 5363
1767 21642
20186 23498
6733 12362
4803 19639
22709 23250
585 5587
4081 11595
5827 13794
2159 2379
15112 15230
9093 20639
22122 22499
3970 9899
215 23132
17430 21623
4789 7919
12239 15635
11937 20358
9668 16905
7097 21505
20115 23706
4150 15190
6317 19229
5582 12403
2740 12424
7188 19962
15088 21895
11662 17242
3665 20854
19797 19889
3486 13524
14003 19390
6860 13646
13795 24164
13359 19503
232 22394
3451 19927
9597 18820
18794 23308
4155 4518
18228 19157
1204 20266
7312 9858
4266 17491
4723 14972
8111 8310
2754 14074
10272 13580
2132 13267
2621 17543
11973 20487
21484 22758
2591 12757
5900 17107
3240 5253
6362 10502
8868 16340
14840 19849
2125 8780
11605 15700
21256 22546
12020 12202
3758 23577
7899 11523
1905 17836
2734 22599
6651 8486
5594 20488
13500 21862
5468 7556
2435 12403
10854 14662
9784 13240
3728 12451
1808 21652
8871 10846
10884 12952
13493 23100
22420 23045
4407 5044
20902 22830
21516 23165
2794 15939
5648 21417
606 11324
7192 7696
2298 10060
6713 9585
13307 23399
6560 19379
7914 22230
269 16894
6548 9906
7920 13685
16608 18718
1345 13568
5923 14355
18475 21255
2617 24140
5724 12240
2372 19607
132 21365
9829 22721
1517 17056
10867 10893
1901 4625
20454 22066
607 22059
10809 15441
303 3779
11903 23936
22460 23896
14316 23831
17518 19236
9468 14471
4232 12600
720 13853
6641 7781
7163 15568
10017 18264
8830 17219
7783 17981
16252 17533
1266 13664
12609 20114
2745 23169
11688 22100
3833 20781
3357 12555
9494 17854
2723 7172
270 10088
3658 18545
4417 6588
6388 14309
755 6539
496 18535
9123 20521
1976 21811
11340 13202
1909 8817
1978 13723
6302 7154
6050 16602
3611 23648
7352 17989
15309 19370
1779 6640
20371 21381
7541 11878
1670 9109
8397 20829
15383 22614
7297 22844
24166 24246
19558 23856
3836 5574
21483 24225
144 17164
2572 7214
4726 19952
11718 16660
16212 18322
11909 22633
8251 11076
2551 18159
2524 3755
9588 18102
7020 8794
5313 6589
10079 10473
1396 7917
5773 20156
3967 23709
6901 19599
5011 14391
255 5255
7333 19785
5630 23584
10840 16692
2778 23782
836 22945
19904 21612
4454 5296
522 4263
15647 19292
12791 16512
16154 18547
11971 23799
15627 24466
13270 23790
6391 14822
13272 19371
14101 19778
6271 13863
9876 16149
6880 13137
9029 10361
14892 16049
18333 21507
3240 5365
2527 24484
5983 9617
12676 15735
13565 20879
6467 11722
7629 22069
19062 22159
18397 21790
10076 18638
20470 24163
17953 23260
4419 6548
2816 10277
15286 22230
12463 21564
9007 14220
338 7168
11747 24307
7883 17682
8101 9537
3690 17277
13484 13517
8618 13646
8245 15772
4838 7050
2496 10804
13396 23190
17241 22682
15269 17856
20694 20892
2811 17316
12856 21160
7610 8235
19077 20684
5397 22364
10211 15728
901 2547
15944 19430
11855 14044
7001 10840
11013 15487
5968 12299
563 19805
7892 21972
2690 22311
5922 23131
3602 20022
16267 21592
7260 21392
11807 19098
16897 23064
21824 23017
8883 16500
4905 10390
1208 11200
411 12322
22193 23867
1538 10651
18393 21657
1870 7895
14610 16605
9126 21364
7203 15289
5515 18114
5805 7180
2553 5748
16331 16780
9728 13423
5642 7187
13664 15721
12946 13528
15801 16703
9462 16308
15772 21600
2620 21391
4212 17123
4437 6665
591 14692
6013 7955
2313 16464
9559 16581
17212 23898
5183 23395
2459 4358
5165 8174
4324 7983
7728 15205
10395 10722
12574 19001
15062 22566
13848 21448
10071 11975
276 1696
6298 14149
793 10196
6973 9737
9332 18232
19251 19320
830 2938
1372 20307
10902 23159
4871 5504
13652 17054
10479 10826
17113 17707
3426 9307
8508 15427
15694 18226
232 11790
4542 12474
575 16920
16987 22009
10669 22583
7112 22346
5232 12532
9217 21864
8130 9128
10486 20552
4474 4702
3569 15749
2653 7726
13733 20582
9746 21112
2766 22460
10139 16517
6659 8180
8588 20283
1560 14860
13838 17370
7561 20679
2028 13938
5742 24277
1562 19292
7601 22014
5987 16067
7207 24267
2139 4792
20507 22143
4432 20784
4615 13378
9705 18226
15969 16130
534 19095
15683 16899
11692 14342
939 7733
6947 11503
6787 17057
7436 17957
3422 22070
20755 22235
10433 13193
6981 8824
8357 17663
13802 20880
9027 10489
530 21576
1582 9074
9968 10514
7475 13532
21662 22829
15337 16523
12100 21911
11843 12140
11206 23184
1457 9209
12646 20717
8370 21794
4362 23512
16689 21563
12215 20162
219 22321
16831 19341
16891 23408
8535 15492
10519 11366
3541 22388
8635 20769
8066 19470
3276 21434
799 3823
6469 11798
10931 14773
2393 4833
2742 11940
8618 24098
18402 19638
9296 21323
2805 7816
9510 22365
3435 12991
8699 16165
2725 24387
3431 5657
5875 15776
9271 11772
7519 7994
17454 24439
13271 20175
21189 23607
17510 22947
22158 22888
180 12727
50 18622
7454 11391
9771 13146
9045 9546
7118 19208
3699 17909
1997 3589
2040 13889
5199 5308
880 19331
6359 21423
4571 11797
18158 24048
7094 9293
2745 14387
197 20004
14167 17586
1990 17572
9132 9541
14372 21232
24189 24399
7726 16825
3913 6865
16426 19045
3325 7186
14677 21855
19034 22328
22029 22173
2266 20408
3754 8851
10728 10868
2333 5330
7981 19776
10566 19833
19001 19324
11713 20147
2114 17599
368 14281
2218 22799
839 10164
1010 21478
1165 18878
9696 15701
5314 15172
6015 12405
8034 20355
8951 23212
431 22404
3051 19084
5640 20330
15557 21669
6690 21456
4999 14595
5822 24454
10179 20796
10701 18828
9406 16038
19749 20693
14573 16889
21370 24338
10705 21013
11693 18770
1068 16742
7751 21728
1866 9018
7031 12816
7373 21559
4179 11131
10350 23891
1447 17242
21499 23812
2598 17313
3198 5637
19842 23306
5252 14637
1252 9648
2107 23780
13409 22641
8463 20888
7008 20978
5278 20868
13926 21328
19799 20263
5761 14940
574 24070
3851 4734
1847 9116
2232 18831
8084 16580
184 22938
1114 12095
15815 18774
3771 22210
10186 13804
5017 9601
14568 14645
12864 20734
11336 21202
482 18792
13093 23120
9485 17028
4595 7990
923 15248
3901 12202
21226 23569
374 14031
14696 22130
5656 10342
12265 23057
5660 10442
7506 8474
10502 13839
12508 22421
12905 16151
10240 23089
560 5531
5943 22254
1017 5636
6032 18208
12581 15103
9136 11896
4642 23666
18773 23723
19414 21018
11554 19141
10053 18159
6850 22794
7519 10592
14263 18231
477 20477
4712 10402
11882 13803
16678 20869
9156 11256
1303 21899
9435 9952
12780 16508
3511 17654
937 2001
23098 23949
10627 12981
4611 18089
6326 22635
5150 13574
2813 21397
2348 22387
6309 14483
170 21835
16358 22379
9026 13140
3200 15425
13160 16091
1715 16518
1507 10070
8953 10831
4929 18111
13906 16211
5710 17345
306 7601
9499 17519
2015 10045
9768 14329
11737 12422
14612 17964
12767 16934
9636 13461
11237 14411
3655 5096
1906 7206
14591 17773
908 9205
17502 18191
2877 3758
703 12156
11250 15838
7897 19872
7426 11142
8204 24388
19573 19955
11497 11546
5055 7728
16497 23593
2456 5847
963 23626
1372 3316
1338 6871
8007 13999
22436 24449
12595 16058
3644 22786
4172 19585
10899 12848
11407 22713
2769 22754
14859 21612
8314 23348
13942 20538
10742 17621
968 22786
3199 7536
17246 23459
11678 20992
10628 21766
2342 3432
7118 12667
5428 19395
3334 23336
66 20653
7181 8727
17617 18255
8182 18546
6192 15577
2135 24267
1495 20765
12559 22672
1720 14409
14380 15075
7138 23123
10609 16181
13209 22618
13119 17030
9468 13390
12389 15608
6351 11606
18749 22068
9521 20832
5006 5107
1277 4319
6495 22285
6298 23909
2920 7721
18869 23788
11405 19798
7530 18246
3100 23682
14034 19570
12262 23958
20108 23942
9934 10636
17425 19280
7692 15164
17987 23981
1239 15603
3591 7897
7605 9992
7453 18815
3739 20772
7324 14888
8379 20502
14405 22189
19842 20750
4425 12702
4223 11826
7671 18721
2576 19253
14525 20168
4775 10301
8491 23444
998 15066
7094 22587
3211 14912
12286 19712
20482 22395
3846 15422
16737 20834
9159 10160
12268 23527
754 21111
3738 16278
287 15003
22126 24311
8651 16691
4226 7607
18525 20371
3455 5604
14791 16010
6524 19616
20797 24427
16295 19246
13221 21017
2325 9058
6309 9444
6211 18867
16445 16462
5086 5917
20595 20840
868 5631
8640 17596
3314 11404
10463 21662
3071 8272
20734 21160
10950 11705
8480 14536
2913 8930
433 23008
3620 8676
597 19393
11264 12266
8701 23750
9606 22892
426 12372
10326 17966
3457 11467
8205 11299
3001 20717
9533 11067
6267 13369
12058 16591
16456 17850
17486 20039
3980 17532
15381 19459
837 23431
17870 19258
906 20310
8297 18205
21102 23596
5511 10813
2235 3754
7894 8299
6578 18873
13318 13541
4010 9090
9594 11956
9596 14757
15548 16139
349 20455
21954 23537
10281 18664
1340 2376
9515 24412
401 8420
17572 24484
8467 15357
45 17200
8599 10979
3009 6434
4055 5643
16083 19540
1025 9100
6157 23141
2520 6695
20074 21834
1000 13122
20208 21580
86 17853
3752 12833
20297 21280
10063 22463
1718 3292
16147 21771
2537 6826
10049 20128
2106 22479
1886 17478
1171 18635
5434 15855
7856 11701
14303 24420
139 12995
20548 21487
8060 23692
21660 23971
7199 21357
2722 8299
1532 9588
5723 8170
13587 15091
10086 12267
11493 21621
3913 14344
753 14161
20509 23859
11943 22234
16410 19549
2278 20484
7610 9212
1909 12137
18923 23480
5572 22045
6071 24409
8934 20055
322 8162
4320 15544
4351 12562
2088 16869
11535 17557
19176 24001
15765 24342
12281 15343
16281 17133
10705 12878
171 1193
8678 19060
593 10487
12992 23595
15883 17108
2843 15827
16378 23756
5159 9211
5344 11022
14929 14933
3455 6639
17795 21655
6187 8078
3651 23875
12305 17766
18245 20339
16288 16550
11389 20478
2073 21650
7928 21819
166 1760
672 22419
6957 11713
1741 17847
13096 14536
6555 12728
1258 7792
2165 14907
14899 19337
13680 18103
1014 5195
13824 17988
5576 22193
637 15592
14286 21176
14233 23845
6473 11364
19668 21973
4555 22367
20745 23186
754 8096
2352 22518
11102 19911
814 9364
11707 16780
2283 13009
2822 5361
2162 18492
16751 19512
3115 3955
5994 13508
8222 9883
15686 20820
7483 9553
4392 22665
19574 22522
5810 20267
1425 5029
5995 12050
9423 23125
4425 15351
1597 13337
13525 17703
3085 22246
1933 14155
4587 14025
1555 4336
13188 21998
1704 6255
9898 22185
18046 18642
6181 8860
3779 20218
8072 16324
13619 21371
789 22093
19966 20858
1552 14475
14239 15454
19076 19209
359 8373
9913 14485
1795 8873
17485 19245
1943 15590
20468 21451
5621 21218
12946 15003
821 3162
3349 14529
993 15024
949 14247
8192 23950
354 23268
9071 17807
11574 18667
2311 4638
11925 23209
4777 18545
11654 12862
4287 14239
708 21043
5732 21444
5859 13976
6434 20868
2205 12982
16219 20058
12591 18774
9259 21346
9765 18115
12502 17763
1563 21623
13332 18810
3904 20340
8615 22782
793 13246
183 20988
3599 10054
8849 13621
12661 24085
15836 23548
17127 21477
8656 16269
6 7184
9232 11549
9933 18897
3410 14641
11305 18130
12339 20822
14358 15722
4385 17904
20276 22803
1172 17930
4924 17850
7748 18072
3304 10976
17536 21468
6685 23966
3478 21555
5536 12684
2221 20711
3149 15229
13303 21321
10700 15647
6823 13879
17561 17626
6626 20000
17942 20292
1035 17576
7765 11497
8172 11849
14809 22933
16229 24442
6253 6716
9881 14951
1850 19706
11786 19571
15860 20075
2828 8706
9583 14387
10766 13722
16013 20368
1121 21865
7105 10500
4290 21301
6836 15146
14522 19288
16236 24256
14257 16381
5825 11815
6029 17210
7258 10487
3025 21679
13720 17352
389 23181
6629 21937
5829 17542
13088 14347
3216 19797
8775 11619
3342 16092
3458 20925
10065 22390
15081 23105
3538 14863
7788 8822
9973 24273
3278 15403
14783 24044
9141 18891
4628 19265
10562 13407
2584 6388
5702 19364
11853 13980
139 24115
11244 23850
3053 23551
18820 23033
7902 23885
21149 22333
9233 23877
1894 18408
14859 21758
16916 19442
767 23595
12615 13027
2566 4931
11937 13761
18406 24460
5639 13428
9715 23903
11811 13363
11874 24484
3862 14627
4102 14161
3903 22262
14267 21519
317 19935
15391 17104
6734 16024
7002 14825
5924 23946
19295 22285
13157 22419
16252 24076
3672 19808
18613 18798
3480 3842
4868 23292
11240 12683
41 9592
14330 18843
14837 19390
7119 9643
7267 12819
2676 20644
13164 23710
10366 24227
16651 21457
6828 10437
10344 11984
8697 12243
3310 12356
3603 6388
2841 18128
6420 8567
8428 16763
6170 24125
14131 18021
10583 22727
7900 8280
8334 18868
8999 11611
4186 24340
13697 23889
312 16101
12154 13249
18075 19496
21840 22988
4771 13375
8450 24385
5393 15324
14848 20947
4327 14512
5735 7651
13810 14504
10519 12151
20010 20125
23105 23921
2240 10308
10428 20650
3407 6569
4591 9573
11202 17833
1586 18540
9191 14966
15057 21388
1306 18367
16276 17282
6755 14593
3008 3041
5334 14170
3417 16458
10694 13632
13564 17548
11706 15836
20343 20390
8597 16562
5647 6271
5819 5868
1150 2406
5631 22903
6887 20338
14892 23481
4959 9758
2394 8133
13536 17465
7938 11635
20802 23322
10453 19339
2003 10453
3355 9642
13242 23144
8879 22271
2084 12897
227 12981
11207 11962
15765 20828
14772 21592
10297 18426
10624 13484
6957 19083
7139 9912
840 3120
966 6376
12618 16581
21647 24268
19435 21401
6258 8253
1628 6481
7724 14255
3661 12280
1205 8948
5130 23456
788 4550
3542 18933
6503 8635
623 763
19328 22527
245 17583
10816 19385
11706 12339
20808 21991
5144 23281
6843 9904
10538 20455
1495 5867
11489 24277
4470 20796
2023 21435
10567 21112
6035 11079
8396 12411
10931 13589
9107 10391
962 8714
516 22500
11986 15754
7826 8377
8979 19104
1482 7434
7385 21887
7157 9698
14909 15961
20119 24116
4192 23344
1286 10806
10022 19702
771 10400
4289 20265
5963 10262
19847 20974
10747 14287
15536 18936
16805 17262
4744 22363
14363 19549
2694 11049
14214 14857
14189 19807
2878 10852
10684 13682
18331 18448
23295 23490
1660 11941
8133 18580
6438 15623
9439 15461
14011 22730
2148 5302
4391 24321
16957 19290
14175 16550
7895 11625
3414 6530
3858 23537
23396 24033
11849 23431
20294 22693
3528 7589
16704 22495
11060 16192
1319 6417
12381 23826
5566 7215
19457 19500
16838 18559
9869 12080
96 19698
9068 14470
17228 22634
10486 11826
10005 20076
2242 6225
2884 5886
8210 20803
2989 13932
10328 18277
798 12559
22543 22963
1501 12984
10203 12633
906 11071
12890 18095
9269 22195
2942 19160
1105 12584
20241 22056
1933 10370
11144 18537
7672 23270
14881 20108
682 20823
14412 20752
411 7671
18510 23166
8105 17383
7225 17058
14962 24034
9184 16838
8506 9145
6797 10492
3033 21681
20370 20711
12606 16823
16933 20647
3056 20632
15916 16627
2094 8110
2537 13221
191 15212
1091 1268
1462 3934
8266 12599
7743 16420
13090 14346
204 20902
1116 6432
4986 5133
15405 22340
4032 5317
3889 13864
10166 23018
11869 21898
1398 19773
7141 23431
2585 7757
9720 13914
223 8818
13528 18094
1144 4267
9090 10682
5416 5492
12428 18022
2715 11594
12425 18693
585 2527
21507 24166
1799 5780
460 2432
1392 19148
12297 16646
4225 8687
16100 20519
3587 8092
16403 20991
16178 17465
11190 18823
896 2859
5745 22191
22395 23658
10418 22982
1533 3897
670 5866
7169 11887
14610 23853
687 9993
17685 21211
1131 21041
12088 14955
9062 12153
1971 1998
2120 14359
5548 19827
3897 15134
5318 18003
13330 23818
23982 24140
4328 15557
11406 20560
12257 13278
17054 19302
10499 13311
10323 20021
3028 12412
17018 23106
10340 17347
2184 21551
16011 21095
19174 21327
1386 10305
8609 16632
4376 6475
3441 18965
9081 14228
5111 24031
4825 9064
1245 8492
288 11096
8081 23703
8751 10679
2985 9489
18139 22160
15446 21765
5448 24150
4900 15040
7727 14251
16266 24467
1525 12722
1110 10290
685 2996
1314 18299
10891 11795
16095 19660
10577 12480
3307 14375
18403 18613
10351 20370
1917 8574
6907 23924
7956 16073
8323 16131
13948 20100
8641 21147
16559 21605
18116 20935
10904 16693
1615 7848
5540 19737
15493 19989
16814 19223
3569 11391
9169 9782
4234 16709
1293 2410
7162 19271
5791 21602
19679 21095
13050 20705
1166 13938
21990 23808
15104 18820
6232 9932
12318 20873
7114 9450
10236 19729
10538 12982
5057 20615
119 1555
4866 21419
19344 22876
1507 23272
15043 20923
17171 23379
8633 20581
17960 22925
4054 16099
18728 19337
1149 16329
11996 22549
18457 20497
7344 22119
2177 3874
8787 20910
9334 15526
5210 16751
5154 23632
4278 6876
17125 17787
807 8108
2471 11039
6024 6761
6517 21656
8749 11422
13474 14870
19236 19417
8272 21426
3524 18959
6260 16129
14211 21369
371 21817
1626 11913
9765 14497
782 1714
80 20290
8513 22664
7050 19331
1727 23965
11700 14264
3552 11106
16637 21852
5354 10126
8342 12523
1865 6691
12392 23136
17711 21777
8451 23457
166 3663
5064 21501
1069 13348
8246 24460
387 7212
2772 20140
12 18759
12365 23674
6989 12280
15903 20365
9337 19285
13341 18446
4915 18525
4052 10647
9874 11106
4497 14906
7412 15343
17302 19255
8202 18667
12826 16726
15984 22734
4832 12474
2038 11995
8189 19772
20624 22216
4088 9054
1807 8146
868 22101
1763 13286
9582 17320
2775 4050
4922 20426
14921 22872
10068 19745
13063 17153
3560 11055
13351 16625
5903 17023
67 10456
1316 8871
400 9730
1167 11316
10066 19775
9676 16287
1878 12548
22593 23080
6798 15693
2330 18482
19432 21696
12049 16141
7117 14180
735 15882
4475 15361
14561 21257
5112 21620
15796 17308
3670 16791
22793 22914
12032 24035
14923 22520
5042 6684
14315 18765
18769 24359
8265 22451
18770 23067
2894 24472
5971 21687
4631 8831
16041 16933
13136 21184
8819 15968
10844 13141
7473 21063
700 1845
18862 24372
22254 23438
170 12041
3179 11913
6265 20484
5556 18443
502 8955
2457 14297
867 23261
1209 3535
5398 9557
11698 12882
3524 10544
3082 15563
6251 7920
2616 9624
12480 20042
15126 16131
20937 23872
21621 24368
8283 12948
10347 20814
5951 8366
3013 6476
5385 6137
9121 10144
3128 9896
5120 15832
4768 10123
7804 9701
6702 16626
217 3269
19560 20852
12623 18777
729 6295
7857 23569
11165 12761
10875 14718
6123 9764
1838 5751
6833 9282
19575 23251
4959 21913
9920 14903
14501 23529
11773 24136
8098 12790
2330 16884
10091 12675
9985 17497
1462 5381
1450 17966
10986 17214
22077 23087
5288 19778
12544 17741
9014 17764
2093 24325
6940 13986
1056 6182
2175 3903
3802 23781
14691 15648
5919 21475
11206 13452
2968 14043
6959 17580
13666 24044
9590 14739
4149 16049
6189 7358
7946 11190
4085 19576
1690 15316
2320 6407
15910 19919
11703 20340
6300 20263
22416 23932
18582 19838
2392 9415
5293 15814
1970 6717
100 7832
16494 19710
11384 22275
19027 22178
23273 24420
2252 20354
2118 12153
7582 10604
5538 13980
7012 17748
8943 19134
16632 19158
5631 22324
5771 24240
4447 7672
11384 16520
2270 21435
5374 14209
5268 11900
6074 11218
1265 15971
8425 15416
7340 9315
8948 11243
2035 3892
571 23051
13090 22599
18284 21698
7734 23652
15776 23734
5527 18608
19461 20355
408 21012
12996 16425
19196 23649
7278 12276
20731 21682
17311 22736
582 18760
16852 19457
13278 16574
9909 24041
3656 7257
1552 20862
1700 15826
6545 14851
6759 13434
8486 23903
8480 16241
2729 13953
11588 15302
2361 23276
7233 16989
1745 1917
17220 17661
6297 23530
1953 3687
10596 22542
14010 15547
1910 11000
20218 20526
5046 21711
368 6164
7450 20470
6893 18781
1875 19608
6742 19077
8793 22525
17419 19794
7869 19408
6712 20642
3336 12338
3367 12777
6742 7953
13871 22687
6177 17700
17724 19195
46 3188
18535 21357
6745 8083
7812 21432
4099 11791
746 17243
108 10094
11345 22269
9732 20194
27 5523
15550 17977
3798 11781
5236 22669
802 6114
1920 15763
19026 21967
6642 10532
9259 22327
19346 19381
27 4130
4054 17047
12037 19358
33 15790
19175 21881
10177 24089
1993 11127
9455 12266
17388 21889
21451 22682
1000 20176
2334 22673
11435 19226
13106 16396
2044 19108
12055 18437
21758 23808
15313 21514
11220 11544
13269 20938
16936 16968
4738 7305
5871 13770
2663 16290
8182 16930
1074 8443
7123 19478
3557 8926
8392 20961
3273 13766
5535 13748
17275 20679
5854 19484
14949 24384
8093 10773
12716 13081
415 18179
1212 18520
746 10871
3346 3625
7844 12054
13576 22461
6687 11691
8110 24455
340 16998
3192 9217
8309 22909
4172 10735
3545 18992
15940 17600
5574 21980
14310 17545
16882 21307
4874 12001
3639 20640
9003 9487
3701 22017
3705 20502
7852 14561
15290 18741
2396 9088
4951 12533
8251 13302
5106 22523
19858 20551
8038 16712
16798 17113
9057 11736
7310 12876
6006 17950
1155 16810
21504 21682
9946 22549
13407 15569
12850 16793
10551 13793
3903 14632
13603 14679
4103 8945
186 22940
11775 23533
11016 17401
14640 24039
14147 24248
4661 9771
5086 10761
2853 10541
3206 15316
3863 11914
2070 4503
611 3713
10093 10991
14842 17159
16024 23019
1531 16325
7600 13421
1799 2203
427 11353
488 17532
14532 15771
6221 7493
5323 12827
17241 18632
9773 23444
7227 12511
7069 11254
6813 20146
12831 17667
6716 14411
12629 21350
16343 16435
11916 22681
21243 22895
8503 16161
10454 14981
2773 4865
3697 14005
7306 24348
1667 19899
527 18108
9602 21654
3319 15919
8556 10746
16766 18698
11600 14004
4345 9330
3642 17677
1761 14408
8394 10866
12451 22014
9368 15199
2652 17509
17539 18070
5922 22377
1049 7375
1285 10612
10588 15315
14249 18872
5932 21060
11034 14434
1969 10537
8774 10489
345 19082
12080 23361
10005 13997
5178 13283
18624 24207
11263 11647
9671 18862
11831 13616
4065 5455
12653 16766
376 12770
11045 21870
10572 15956
11043 22776
10081 11448
13937 22585
13182 23529
3203 16202
9074 24400
8585 8770
10918 19460
9660 11763
656 15690
1494 2401
5817 10121
7331 11296
23893 24266
2745 22217
4122 5165
20638 22432
325 7322
5738 20950
7983 18103
2855 22536
12762 24446
10423 14479
14015 17163
3465 6807
1543 22610
5492 6742
2218 20898
12361 17005
2110 10855
12550 21228
9004 23504
3838 18219
21581 22714
1448 2370
1037 12940
8682 22420
4341 19264
14431 22305
10230 19467
350 7705
15089 24287
2896 23501
15890 15974
3960 19294
4642 6145
8577 19323
9265 14954
6182 19780
485 22762
17293 22936
15231 20586
9051 9753
22877 23832
4884 13860
10363 18407
5285 15799
126 15603
3889 18498
10101 18065
2043 17035
9682 19754
13968 22459
11865 16635
14636 18379
6991 17311
18324 23558
2163 6418
7092 20241
7138 18140
1489 23867
12542 14920
19748 22006
18933 20430
13285 21097
11937 19375
15684 23758
19063 23804
4577 17612
7804 20225
8177 16861
13087 18848
20041 22730
19920 22678
7786 18128
19245 22814
8830 14440
1382 17009
7421 20538
22611 24344
7896 18895
92 20516
6543 17787
4183 5105
5021 19851
4132 16766
5300 9268
1322 24016
6162 12388
8742 19192
4362 21082
8734 9759
37 3186
7768 9114
2198 7373
5152 14703
1695 15851
7615 23399
4385 17007
19510 22311
3262 16242
11787 13053
524 1208
15568 17964
15357 22791
9529 10001
5915 8350
15722 23125
3787 22598
9812 18540
15194 17812
6558 19762
18759 21076
2435 11456
2308 8810
5812 24133
4046 24348
5579 6262
17622 18703
3500 13356
19033 19955
8800 12725
5376 13655
17354 20433
8643 21407
6941 15961
763 18194
5101 23371
5571 22328
5324 20168
15620 23999
2202 17708
4112 15332
3155 21384
291 2905
17824 17920
4144 22677
7125 21006
4777 14029
2179 8539
6464 20544
7845 11070
12308 22737
3808 19187
11655 12357
11192 16245
442 5048
10198 15073
3083 6298
3572 20832
22067 22896
3234 23143
12455 18511
10733 23525
13861 17881
7365 18730
2227 23104
6597 15818
41 3835
19224 24157
1316 19837
12643 17182
7850 17921
17885 20655
10514 13681
13615 17827
3316 9799
8885 23068
6296 9689
8880 22497
5003 16046
2029 15740
3219 22046
7219 19183
2512 19677
1798 15677
7646 12538
12758 18830
6047 19051
18313 18454
18787 23618
785 10439
18599 20512
13390 17955
11833 18818
7890 20089
7789 12527
7433 19619
18183 20214
15356 16080
453 8209
5353 16539
582 9730
3664 11517
60 23351
1526 14693
23540 23938
15830 17392
800 17084
3049 16424
2456 18393
12902 15293
6027 10362
1214 20249
7722 8679
2669 17692
6524 23296
2225 5589
2854 21283
7106 14231
15080 22271
18851 24132
20608 24307
9310 10471
12151 12780
5700 13053
9454 20530
14074 14283
18326 21234
7918 21897
1265 11224
11797 14862
5458 13032
9249 19286
4565 4939
2033 21199
15493 21500
14125 16616
13373 17684
4057 5486
14299 23436
4535 8107
11582 12513
8034 10120
6012 22201
11220 12177
4380 23826
3012 3690
2037 16966
2642 9024
1035 12155
9480 21278
2935 11190
512 21719
1106 3589
3875 12380
6528 7116
605 23615
5012 17451
9916 17846
3334 7204
1036 16580
5378 6674
7338 9257
8109 12254
6381 21662
3312 22498
7259 7470
6391 10100
12008 21635
12 22981
12551 19384
4900 5747
6743 18797
2370 13069
9784 22732
18615 23061
123 5272
995 5242
852 24278
16859 22420
6036 20913
2962 16513
451 14257
9183 14323
1109 12238
17869 23640
2068 11467
2427 24149
10496 14795
7902 22472
5660 9308
4539 19585
8296 11449
8124 13951
1751 20784
654 5993
7312 11308
15491 17052
2512 15671
12942 24313
16947 21488
688 22347
1848 13462
11759 13981
7740 20605
329 20984
4554 15022
6832 16034
7161 16637
481 7564
2808 23995
15100 22491
10912 20621
15020 15767
899 19370
528 16534
8989 15361
8702 24070
14751 17389
17546 21819
1086 7310
8102 8792
10322 19932
16380 21203
2784 22334
157 23028
222 4096
14061 14512
9403 11605
9654 19030
555 14362
5558 9660
19695 21968
7400 11557
18007 21416
14958 15017
7540 11465
10271 19605
11686 23213
15914 23890
2703 9349
9920 11731
12289 12959
6398 11704
14424 17869
8776 16581
3932 7103
4133 9628
17262 21168
1572 19566
7565 15977
10194 21114
15390 18031
720 2250
9074 12704
337 22422
23207 24134
5865 20392
24091 24382
14118 14882
2834 21049
8194 23576
651 5305
9169 14370
1630 3188
7718 8746
12074 24375
5038 8232
4370 21043
10450 19272
17251 18619
14105 22687
7996 19149
13381 13824
12365 17815
10237 14985
6663 16292
14248 18211
2094 12349
12456 17452
9763 18410
21092 23340
5542 8236
7671 17499
4465 16417
5663 12198
5242 22411
7152 12867
117 9091
16821 23404
17885 19567
14430 22675
12380 22446
3248 13798
14517 18891
5692 12346
4429 10053
11220 20505
8436 18354
10284 20667
13933 20473
1687 11792
7935 12029
9642 24457
23582 23992
5773 8937
12672 23275
21179 24120
3124 18100
1358 12286
7890 8286
16776 19731
13207 22548
1574 23742
5838 18939
3400 12861
6961 13840
9826 12605
4818 21186
2667 6077
3716 6959
1281 2535
10452 12865
2297 3717
17933 20562
5798 15223
15593 23282
3932 13433
1384 9351
5658 16596
10 14031
15127 17728
8383 9227
897 17468
4189 8161
7587 10765
9661 17629
11221 22083
19436 23565
10260 22514
1742 17440
1302 11255
281 23545
5863 22830
12297 15979
17226 21430
8856 9245
1509 17244
6683 19703
5926 11711
2906 10575
2342 5769
3792 24295
10380 12411
11207 17528
235 4706
7426 19255
14387 17793
95 17786
2927 8315
15001 21294
8331 9078
1230 11115
14292 18587
2730 10528
8256 12774
10950 17175
13930 14761
6731 10915
9948 23591
2176 17341
6518 19867
21471 22625
13834 21895
9346 14672
12127 23426
3945 5085
5810 8658
685 18862
22009 23533
8015 16129
4918 6219
21834 22173
12754 22930
11944 19231
7251 9972
467 21702
14178 20872
5341 23087
8835 20536
345 11401
14382 20595
8487 9207
5271 19895
1875 23057
10721 14482
5968 9169
5992 19233
62 7713
7783 13133
18583 21240
2516 10399
1808 3896
11341 20774
11875 22068
12670 22317
5234 20804
855 18625
709 6784
1072 10474
2111 9685
4159 19400
1645 15527
8605 13341
4644 11653
9826 10176
67 11127
7617 16709
11142 13642
19426 22844
3611 8195
1461 2128
14119 15360
1330 15721
5062 13131
7436 16211
3006 7684
19886 22634
17702 18075
13069 20964
7064 20330
5632 19119
14078 16655
12617 18224
4129 9984
4681 24071
5416 13537
8814 16981
11815 20175
7145 13627
7396 12295
1819 23858
22212 24175
1808 9338
2064 12136
3001 22134
20473 22714
19352 21850
58 23704
11156 22419
19077 23369
2744 9987
5229 5690
6623 18087
19112 21623
6438 14301
7178 11379
7209 12798
11522 14280
12385 22596
10875 18428
20114 22573
14162 20215
17305 17430
11443 11522
3067 18852
5855 14272
4610 14128
5124 20365
5138 20281
7390 18641
10012 15204
14834 20337
3306 17530
1800 6478
16606 22604
3896 13642
1640 5630
14117 21791
11419 12906
10531 20328
12252 17965
2222 23165
606 5100
19329 23819
4662 23007
4128 4786
2520 8364
16087 23513
14679 21477
5402 20969
2714 9941
4952 11136
5723 10294
13710 20715
11868 15802
12592 20272
4399 10316
13885 14579
2498 15956
1439 11369
8664 9715
15381 18249
3912 17144
23052 23739
657 967
4306 12713
7577 24073
13103 21312
2116 5746
9644 21896
4766 13939
16138 23019
8593 17021
1562 17270
3341 7171
3458 11255
19259 23883
1527 16465
7246 8949
2940 4333
1886 19448
5903 16750
4407 7286
623 2850
11733 16540
7621 15346
10483 14336
8335 21342
18566 18627
4058 5128
7414 14058
12248 23164
5256 24020
12475 21997
10720 14088
14117 22956
12206 22610
14596 15488
13579 19663
7328 16483
9042 16722
2055 16538
5614 8929
5828 9386
238 13190
3189 19041
527 15311
2296 12291
21266 24232
17677 22071
16663 19986
2669 3518
22579 23487
7985 20340
3986 13523
19500 21891
9665 12766
7037 22592
1365 22689
7526 13416
12442 22066
5727 24452
11552 12550
15875 18671
8461 16442
5636 10366
1275 3689
16471 24151
9959 11451
4658 12385
8170 21709
10548 22297
15198 21901
7285 24351
6042 11201
1214 18640
9442 20296
4548 20713
2271 23517
11674 12375
4642 7863
2501 9896
16626 17850
12073 16562
2090 3475
3578 8606
6761 23015
1693 17012
11827 19799
12907 18361
1121 13952
12969 16650
1193 9739
4513 17785
1454 2805
20182 23189
9523 14596
1129 17233
17984 21672
8365 14786
15551 17488
656 18019
11627 24199
15943 20779
7270 16334
6507 22574
5082 12025
10648 22712
13334 24092
768 21518
6857 17225
8627 13399
13973 18750
9837 12638
6317 10576
12093 24176
9997 17744
4775 15766
7777 22025
3631 6407
6512 23084
3758 4157
7956 10507
8371 9187
5703 22784
339 20301
18596 21384
15243 19005
7467 23381
4654 18798
14226 14377
16502 20587
6629 11339
4420 18611
7380 22622
14256 20478
1502 5569
9502 23324
4668 11936
5368 13306
13711 16525
15712 15986
54 7955
9879 21744
5189 23557
11234 15407
9583 16390
15641 21219
12604 22792
257 19961
14640 15901
2708 7532
20780 21511
2275 20911
6705 14801
2261 18335
10508 23973
15993 23846
21503 22893
5924 22566
7619 7901
1140 17639
1274 18676
5033 8925
3846 15328
9645 22539
1048 22339
8596 17006
13569 15954
16861 20271
2971 17785
13251 19781
7311 15463
5902 17804
10708 12462
7915 14016
7663 9645
13638 16366
17546 18208
13682 17598
4199 22188
6272 7603
905 23889
8072 15259
153 5215
4847 16951
6949 8006
3142 16151
13363 18556
1901 1967
10392 23746
3161 9636
2338 19388
20162 21117
12970 17964
16140 19328
8598 10025
6407 21470
7643 8375
3379 4486
14363 21802
8432 16190
10794 21500
4907 20026
1288 21935
1466 22797
22858 23820
2878 5728
9048 16878
10872 11582
12022 18194
1155 10522
655 864
1220 1709
4256 15580
737 14699
11147 14932
16862 19677
7289 11062
5964 22504
15059 23911
13912 16059
12867 24283
4826 7344
3663 18815
11700 16250
9258 13703
8875 10202
515 23305
2286 8941
7532 8426
17605 21478
11409 19506
11296 22256
13894 16264
8353 20179
11167 21972
18743 23839
13515 18907
7166 12727
10141 16064
10922 12609
4844 19747
10182 12469
21405 23950
2845 24161
2944 20939
20657 22301
8366 18396
16056 22198
2715 20802
264 9593
2086 6110
3837 22245
10806 18479
6610 20001
7025 7521
12857 22731
5264 19555
6635 12050
8270 20217
348 14315
10319 11198
8078 22155
8898 21792
12718 22995
6875 23909
3299 11809
11046 21457
747 6275
4944 23616
8651 17088
5684 17279
6797 7716
10896 22744
418 16099
2951 14272
416 16688
875 4234
8173 21965
2671 5538
18990 20075
4165 10733
18622 21430
12529 17909
8046 14995
9757 12125
1565 9955
11852 23047
2105 18133
7332 14072
2951 23758
16489 21941
4843 18573
781 13178
173 564
19671 20774
528 22880
7315 15032
11426 15192
16971 17335
7204 13615
2536 21621
86 7839
9707 12906
11451 22578
2097 16280
16596 21333
8357 22847
10406 23695
11991 16527
5619 14187
1679 17153
19252 19761
239 12937
1152 3527
7559 17758
5630 6835
3710 10604
12756 18727
19731 20707
6396 16543
18962 21256
3610 11087
3654 17020
4061 4167
10138 17232
17892 18262
5409 23266
8546 15050
1595 21201
8337 21793
4839 22513
803 9975
3462 15624
9532 12958
1868 12670
19912 24384
7519 16325
761 19617
17149 21270
21642 23151
10331 23446
5499 12401
23965 24076
7977 10408
14820 16746
5971 6290
3518 24112
10414 23938
5838 12857
17726 19092
7641 20743
3290 12325
363 24471
1229 12308
7007 10055
1171 13375
16307 21401
20865 21149
1525 16551
9605 15595
7970 17143
283 4629
4982 22190
7680 12619
9499 21156
12031 23520
15970 20452
2538 3851
7402 14559
2819 7757
7324 23632
5934 11864
8928 14645
393 14958
4647 7084
5464 10100
2654 5672
2753 18969
19371 21476
701 20364
4329 22971
12434 20340
23544 24074
3841 19658
15042 16759
17836 18710
8365 13549
794 5034
1713 21376
6018 12574
1148 17998
12445 17789
8031 14575
9238 18616
7723 12809
1161 13219
5923 16206
359 5798
140 1482
4160 23374
3412 12114
16323 20357
5752 11284
1121 7462
11930 20578
1513 19292
8959 9091
11635 13485
3679 13505
14628 18738
5308 17080
11567 20265
2904 16141
1506 2946
17572 23743
6512 6550
1087 10240
8445 11500
1193 14407
8173 22145
1284 15666
11470 15056
15668 16970
9182 16240
955 17633
11081 23875
11494 15835
17127 21010
14838 19037
144 18977
4298 6772
7214 16937
12169 22966
4315 5788
17184 20854
10550 13285
20168 20500
5587 15097
20069 21938
2919 11376
4626 23518
592 4850
16498 17695
1431 16662
8733 17787
1310 13701
7171 18133
21823 24038
18134 20551
1734 3087
12915 21974
14236 23642
1865 4820
3748 15817
334 9697
1001 7459
771 8744
8022 8931
14700 24037
2159 21874
3303 22146
9465 17045
8215 9001
9677 20144
8858 8941
2754 5456
18490 18516
20201 22691
8948 10692
8879 16213
3707 22497
6042 21391
4618 14058
576 18090
3208 5489
18050 21706
8493 11900
23531 24296
2687 19887
8628 22355
4659 11752
17413 23885
1846 16839
5866 11845
7827 11190
5498 16736
6880 12983
3390 20885
3053 12443
391 15123
17651 22905
6548 13790
3972 18876
7851 20723
10816 10878
13622 19462
788 11388
441 22758
16463 17918
22214 23522
3475 22531
17465 22667
11601 15579
4340 15164
17170 18486
5104 21518
14771 15485
908 1189
8689 9500
15718 18012
10251 22053
11456 17985
2266 20302
4962 13350
3254 3815
10586 19810
12522 23554
14183 20883
1639 22601
1056 8621
5519 20184
871 22350
7145 13874
2579 24317
18170 24177
3209 21340
14617 17836
2302 3156
6097 20064
5132 18756
14557 23109
11837 17152
8821 22066
5638 13194
11006 20586
5499 14441
259 8848
5196 18201
6461 7879
3165 11264
11620 20439
13948 16826
5683 8337
10126 11180
14149 20187
777 7830
7463 10604
2503 21642
14362 19493
6331 20667
23711 23906
9499 18950
11487 22507
1595 17483
13849 22011
3182 7935
10361 23520
5613 22043
887 6747
39 8034
7953 18024
8590 21578
5695 12105
6504 17580
2428 21403
10285 14356
17284 18192
8870 24241
10139 19857
407 14956
5923 11042
15509 17978
911 23151
3563 5228
3140 20039
2992 9931
9697 10245
14471 21049
992 12539
5056 21212
1457 20928
2684 16325
6713 18207
9606 12448
10360 16129
1847 14758
3977 6190
5349 22640
3444 9898
12108 21825
3640 6026
1890 14590
5046 18768
3176 10793
1815 4894
595 12378
525 20933
13434 20053
6125 17329
3296 9437
3188 17055
9954 15550
14560 21896
15163 17684
868 2297
14624 19006
5326 10008
2933 9110
554 18591
16095 19701
2876 9013
20072 24078
12953 21124
14470 15947
1976 12065
4358 9818
7295 22609
168 5709
1445 2000
14778 19919
15290 15713
4938 5971
9011 10458
14524 19683
7858 11978
3458 12131
18611 19092
10305 22544
3491 8340
7933 23562
4678 5855
7688 23728
10084 16690
9104 11061
3272 16613
22763 24086
6250 19901
18720 23579
15702 23501
8423 9731
6070 21601
2932 10138
15143 22252
6521 6687
5471 11540
14714 19423
22493 24085
11418 15291
1177 23866
2666 21644
3660 23592
13825 20123
4192 13261
279 9287
346 5654
17693 23835
18221 22057
5081 12645
16205 24463
4857 21782
1315 7439
4378 11986
5008 16095
1060 7102
14521 17998
5415 22629
6304 14811
2418 3566
541 23129
1830 24480
17647 24178
1453 2526
377 6864
14710 20715
3074 13484
13193 22323
366 6604
1758 18125
7167 15767
3837 9254
8194 19208
12424 19106
327 24059
3310 19455
4372 12087
20612 23883
1494 18287
12469 23716
10339 22545
5940 18080
2483 19882
16291 18724
17900 22257
229 21578
4338 24300
8270 10764
13262 14301
1790 13729
7862 24414
9622 20265
13402 14757
4333 12583
2092 5348
12814 15767
10779 14274
11917 14216
3365 23263
7579 12669
6673 22756
23563 23749
374 10154
4129 21119
19466 22015
127 18806
12816 13273
12605 23244
2228 5345
14270 21772
15322 22143
610 5754
545 9583
7716 13491
4466 5641
9117 23678
1781 8863
5558 9947
17159 19050
16079 16180
6950 24414
1347 14929
8309 11030
12699 17603
11708 19151
6532 8366
8452 10143
12849 18091
6156 21392
6914 15866
11796 18495
4587 10795
8248 15455
15023 19510
2432 5246
12933 22002
14241 19872
5768 23611
5997 18937
12806 23557
6056 19148
7208 16067
5774 9958
2308 3109
5616 7906
8592 12960
5052 11070
6883 22447
2478 3124
4784 14425
1046 18616
2356 4307
9295 10722
2868 21069
6142 6533
2796 17997
18493 22340
565 2573
3504 14426
8520 13053
12266 23064
668 21106
9345 14121
1721 6321
4472 15339
16086 23215
11512 18165
14432 23622
3980 20117
11463 11872
11526 13562
5632 14543
6343 15453
12560 17601
14555 20505
15365 20582
3502 12714
3099 9958
8201 19796
2616 17104
18109 18731
313 10028
6170 8999
14828 22189
9951 16638
19875 23379
8247 13356
2754 14048
2486 24126
14981 16985
11225 16272
1554 16741
18166 21011
19517 23036
290 6031
5205 5496
6010 22105
14428 17108
5084 13839
2203 7322
20217 23626
9633 14668
9903 24113
1239 18712
826 5120
3671 23025
9345 10253
19034 20373
4998 23337
1856 3462
7370 20954
4191 23079
9695 11236
18189 22766
2222 8669
4280 9040
253 15547
10317 14282
1021 3842
15100 22355
20060 22893
2603 23769
6846 15534
4163 20602
692 23755
2812 17836
1943 22340
14482 17828
6536 11990
17867 22798
8728 14201
314 7999
5236 11813
10565 20761
1957 17994
13727 20706
3683 16977
1245 7140
8144 12099
2615 20935
17118 17805
7220 9705
1505 21647
2441 4380
20817 20837
814 7768
11009 13268
10046 18799
7051 21314
2106 12979
11389 19221
7640 18269
9994 13263
6194 20102
3260 13800
2449 8704
22412 24448
12204 22129
5110 6917
16998 17330
15587 24102
1203 2753
12680 17152
13002 17183
7347 15792
6643 14575
681 15041
1721 4122
13014 24429
3531 20084
4345 22296
2417 6650
2904 12469
14462 23812
8844 12477
5730 9579
3434 11312
14318 23339
1630 12090
1224 4566
12465 19755
15175 20279
8878 19397
1531 24412
17934 18339
5004 5143
7248 19870
8838 22751
7696 16721
6095 24178
12398 22068
16045 18811
7239 9102
1508 23789
1810 12461
11115 19407
2257 14579
1138 24320
1601 10965
209 15663
20840 21205
5919 6271
7222 11584
5846 16655
7267 13470
5870 14623
10492 11192
11797 22906
4902 17621
12594 23451
7432 7639
7464 16413
736 19040
13177 17589
8652 21751
14253 22037
15676 19047
9910 10653
6141 9405
1744 19738
12804 18682
5313 9590
6699 22277
2123 9796
7216 13718
10159 10416
1836 12391
12499 14252
11130 21906
2598 14567
6665 7686
6958 18083
10501 23603
616 8047
10977 23291
1807 17576
10788 11455
14730 16541
7678 13131
12176 19256
13135 21660
13886 21627
88 324
12218 13219
18529 19855
2392 17697
19817 22820
15514 16290
6352 21404
19655 23568
9428 18172
2701 18374
15513 20099
5687 21900
1339 9626
1314 14839
2950 15515
13705 15056
4028 16878
9889 19349
692 1610
14878 17892
1213 1540
5656 15153
3738 8081
9400 21677
4270 4358
6610 21996
7171 11503
225 12128
7969 15497
19191 22477
10562 22271
14321 23680
13831 18275
2516 11391
22127 23419
6433 11514
4174 11264
4316 15069
1064 1360
1453 13922
2085 10809
3693 12072
12996 18443
3386 21243
1510 4464
10262 18565
12309 20033
1733 13714
3804 7686
9373 21740
8611 23187
16192 21419
13642 18810
10642 11649
11549 19095
8450 11358
11775 17365
7291 22036
82 15085
10752 19984
11416 17403
6241 22938
4076 9561
2347 15629
10123 22512
780 20974
13561 15778
9156 17632
3040 5982
1768 24087
9360 12485
11426 14365
4175 8399
20067 22476
1481 4736
13554 18856
22208 24216
7041 12039
15886 17023
10711 21498
9783 14128
6107 11263
3157 18336
9967 10457
1556 2100
17142 23157
8197 17215
13217 20424
932 14941
2250 20448
19010 20296
6443 20111
12733 18854
8196 17304
17527 18633
5817 18114
738 18777
2703 4975
15938 17855
6250 14110
4301 13443
184 18247
14125 16409
11253 24190
18476 18753
14896 18308
1778 20064
7847 14056
1416 9402
12799 15861
806 4330
15254 17501
6330 16026
8130 16031
20273 21330
4676 22580
6923 23372
10052 17003
5620 20265
6317 11264
17195 18050
96 19443
16748 23882
5669 15844
6495 13967
2320 3854
1759 19021
4801 13499
13487 21752
13473 23545
2361 19023
1050 19122
4802 21719
6453 10604
4450 20547
14218 18695
1497 5145
2541 20639
5357 22099
22576 23015
21754 22242
2796 13440
12393 20386
9318 21269
2330 17448
80 9038
10866 20188
2585 15768
6264 11444
1565 8209
13734 17385
5575 19975
11897 18239
4764 17174
12606 16923
6457 20983
189 1460
7017 12288
20467 23979
12193 12410
1517 18997
5924 20729
13757 20370
2585 19307
10142 16862
16161 24334
1432 12870
1804 11136
1447 23322
14985 18771
808 2359
3370 22360
596 18474
9571 23508
3238 14426
10555 17063
11797 16236
967 9634
6669 17342
14945 24201
10372 14034
2175 10462
7233 23935
5336 9230
5107 13599
10636 21175
10797 13389
14096 15198
8485 13336
19358 20139
15345 18137
4010 24015
3884 23072
17793 18058
10153 22965
11866 22794
4549 19315
2854 23978
949 15144
5387 15410
3577 20062
14609 20727
894 6942
15723 21492
17995 22131
5825 7172
15554 24107
4121 4462
7274 19004
4548 5696
13159 19339
13489 23232
13065 16193
2812 13951
900 16639
4124 23678
4076 19381
13748 14349
1331 3215
19285 19548
12709 22151
9478 15499
11681 22735
855 20863
841 11341
8969 12962
2260 22615
13107 23237
4164 13752
11484 24235
7853 18211
8646 13102
1122 23142
2657 13655
922 5318
12638 21870
10547 22532
4014 10462
13830 21337
2402 10405
11357 24273
15349 15387
11784 11926
5362 15380
9684 13790
4824 23112
2718 9972
5190 9248
13602 15393
15323 17129
20125 20435
10343 19565
2639 7422
15936 20284
15660 22406
9921 10950
4046 7754
1818 16358
11627 24448
6773 18234
665 10670
7155 19232
6618 12845
20283 23486
12133 13773
16151 17572
12425 23339
3271 6411
3487 22707
20903 20995
2388 9110
5062 18541
9081 16075
24022 24353
4840 14982
12083 13405
816 10869
1110 16403
11296 21697
3768 22217
9487 11115
7812 23478
7962 23565
15882 16863
17 18739
529 737
9476 11874
1887 12489
5813 18489
5276 10793
14251 16447
2346 8755
12417 24470
4876 21098
11727 13678
7030 13108
6608 23826
6332 21341
5267 8029
8492 17712
901 9009
17573 18568
4055 16663
6680 9406
20058 22809
9199 17853
576 16560
1256 17278
15129 17729
2452 14161
20869 24261
345 14668
9698 23011
2007 19944
3436 4802
8914 11520
15670 20348
11607 13435
237 13627
9748 14188
12309 13151
1574 17040
8710 9622
113 19858
1542 2356
5620 22551
2911 7525
9477 24045
10683 17435
3878 19450
7318 10537
134 13417
12439 22399
11921 23360
916 17497
19065 23792
19418 24382
12221 16666
6324 7120
1079 3884
6718 17157
73 1314
13065 18803
11516 18650
14681 21750
2870 16308
14788 18264
9845 23103
760 15444
4830 16062
10956 18179
7254 12067
17939 18604
4510 6567
9289 16783
4544 9151
857 21485
18576 21124
5369 5887
11152 18860
9129 15700
2014 16231
2729 3380
1938 17700
2767 16620
113 21341
2414 23341
3534 11527
16623 21510
15107 18680
3657 21761
1938 11420
11505 20742
2246 8518
65 23644
12179 19775
15294 16965
3978 14301
2353 23476
8650 14789
2876 20123
1263 1342
2603 3143
12223 23926
4988 5551
2369 15732
10186 21386
2668 23969
8258 15912
17767 23493
3035 21677
548 6250
12730 15924
960 17631
1022 11112
11769 15238
533 12200
3714 15238
11604 14495
319 24315
804 12906
213 6669
3578 10740
5856 9641
8490 20944
21254 23122
6988 23952
10842 16472
6975 8252
11343 20732
8651 9327
20500 22099
107 15382
4729 7750
4453 11505
9340 22300
10373 18789
17052 17860
10531 16639
1534 19598
81 10281
8955 22990
601 11774
21020 23843
612 18691
3354 3483
8792 14961
10122 16583
10153 15471
5245 12392
2878 14478
2934 12237
9022 22689
1102 11906
2511 3741
7894 19195
1347 16797
18579 21333
1768 15473
9457 18009
8233 23691
11603 13517
9804 15831
3297 20430
10941 21716
14675 15242
21296 23869
9970 20762
8502 16584
4458 22832
5206 16193
21056 21615
8267 16652
3044 15345
1591 2378
15625 16091
10418 20311
11501 21235
14423 24103
1158 15468
7385 16549
3240 24448
5174 15988
19467 23751
7728 18363
16265 23632
182 12653
18727 23606
15397 18391
8579 9629
21054 24140
4503 4635
3838 10502
1974 22814
6537 16579
17726 21592
1476 16757
21367 21507
17763 18853
6459 8064
13920 20273
9123 19983
11882 17456
9401 23070
17135 21166
7810 9331
12448 19509
2837 22889
11580 14365
12726 17932
10796 15401
4005 6476
14984 22554
1433 14759
1089 11037
5448 22103
3422 6444
2054 22054
2912 23899
9469 21829
21965 23750
11481 24395
4511 18449
928 22275
16174 19469
5353 6696
5608 17211
9191 22185
14215 16997
9832 23322
4165 17228
12024 14246
4019 9911
11209 22132
8757 11851
7014 22864
4147 14362
10457 11627
6078 15349
2435 23400
7748 12060
2568 16084
15856 19080
4087 16783
4474 23268
7841 8387
12614 24423
8183 13431
4222 18974
1994 6830
5763 6674
570 20884
18951 19316
4066 4497
2067 14066
21203 24247
1719 13829
3340 5317
6254 11889
15630 18660
13564 17258
8039 12340
3976 6363
19968 20351
2928 11776
23382 23803
14362 19065
10157 13267
4931 16708
5959 18464
4333 8601
3128 9837
7144 21924
18114 19692
5385 14177
4617 16958
9839 22192
17266 20842
1806 3337
1688 11852
16652 17718
12062 12410
6175 23448
13115 18621
9820 19915
4358 21206
7714 14617
11373 18564
11175 21393
14776 15929
3222 9063
9013 23705
11694 13105
9066 10598
3365 15826
4768 22157
2808 6818
6315 12719
16846 19611
10701 10948
4816 8909
4888 15640
2748 11401
3601 12421
2328 8070
7593 18556
19892 24021
11007 12375
5502 17741
4213 9827
6784 9572
20210 23054
2359 21394
4571 16765
7864 13658
11595 16061
10347 21410
648 19159
24336 24453
19771 23641
13689 21624
1914 18307
1591 5424
4664 7392
17436 20227
2572 21788
5896 12339
2862 13032
9998 21974
3930 12078
6625 10638
6224 19009
3102 20966
7219 8633
19811 21000
7010 17715
17773 23696
3611 11437
5468 6135
11232 19533
13116 13559
408 5059
1000 13794
338 15826
11741 22678
13368 17794
15811 17964
5981 21759
3952 14842
494 15173
5635 19576
4645 6482
5599 23038
8413 19314
17140 20888
10770 12413
1235 10929
6321 21611
7033 8812
10052 13099
17131 19726
3539 4030
2588 10143
20067 21297
8804 13202
4577 17151
824 1551
6680 12702
8551 15589
9357 18466
11156 15781
13649 22430
9210 18922
12081 21156
6972 21726
3420 11542
1592 13549
3210 6484
17437 18893
5715 23858
13187 20919
218 14975
13546 18749
12685 22137
7860 18172
1728 17967
18892 20114
6868 9946
1459 3153
1124 16361
5028 22146
19532 19867
4570 5951
2918 16049
6621 22029
23277 23447
5852 20453
3 2814
15666 19404
15653 16806
15754 19698
2742 5925
1990 18475
3079 8411
1032 20250
22003 22363
5041 16132
276 5634
5419 17968
15012 21249
13468 14230
1609 3546
4 12430
3712 12577
1843 6091
16143 24486
7722 13515
18705 19332
15145 19117
10999 18122
1669 15985
3493 6607
11937 16864
4840 8273
14017 14091
10919 14932
2419 12248
10474 21363
1777 20091
8755 14584
3391 11297
11199 13681
11734 21611
3606 14633
8669 18138
15190 15739
5175 9901
3204 12723
16892 22945
2865 3976
804 21765
8856 17900
10730 19447
16026 19971
8466 12193
7395 11643
377 8771
11329 14612
10375 13347
4210 14857
1423 19253
2299 8662
13271 16919
2743 10304
4610 17524
8231 24223
2745 4388
9842 17018
13490 15955
14291 14705
5285 11759
5988 21905
698 15984
21677 23480
13054 24055
4779 15065
1378 16618
6529 8353
8177 23782
12338 13344
10132 19807
7964 19682
535 15633
4871 8898
14528 19172
8297 24080
22630 23320
11079 16959
8823 9423
2128 22700
9419 21757
2264 6951
6003 23344
17549 22295
7001 9328
18501 23410
6173 8891
4146 15369
18418 23229
9339 16765
4792 15815
17223 20217
164 6615
14302 21001
5278 7837
5190 23554
18337 23177
15224 22671
2816 6770
7042 23444
11728 21274
2379 14308
3673 19731
10066 12749
10178 21742
3049 19572
9665 13617
5297 20572
2967 8225
11807 24275
14394 24333
3234 9904
287 12420
20690 21335
15886 22877
8096 21623
3267 16965
6224 7776
13055 17256
12862 14589
12220 17625
2545 20547
16249 18104
9669 20912
8753 13365
9444 15471
7009 19118
5089 11005
5128 10470
4741 22721
11494 23798
17824 20677
16528 22132
8087 18913
14042 23083
3019 18650
2346 12381
5680 17706
7608 19358
13218 18232
6072 24195
3619 21133
16924 21911
3573 19890
14406 16798
9421 15685
2579 13014
2622 6596
584 13280
11394 17848
13910 21985
8482 16347
6316 11846
1198 4622
17052 23272
664 15543
6597 12485
13731 13810
10649 12557
1212 19166
7817 21489
9232 24286
2405 20478
608 23335
16458 20977
9746 12725
13835 20610
8692 11462
5211 19516
15017 24279
6292 11719
5789 9468
7789 10114
6325 12388
6195 13319
8477 9101
10754 18571
4311 12776
12484 14293
648 2373
891 9996
6480 18042
17820 18569
8417 11256
5376 7533
1457 17305
11200 16678
7316 14426
7204 18461
7376 11620
15715 21585
615 14677
19223 21573
9217 13405
4529 13193
16877 22235
17337 21711
18663 19495
5320 11439
2332 8045
13792 20641
8146 10875
2033 12395
1798 10724
5536 7860
2003 17371
864 17365
17153 21555
17644 19265
2685 8624
2409 8244
7711 21949
8796 15528
19267 21234
8770 17554
2104 17551
16174 17500
5079 24486
11929 15744
1842 21855
10974 11624
13230 23259
17827 17863
13823 16566
16434 20379
8355 24400
8888 23483
16136 18636
1342 17323
3361 13678
15590 17641
9790 11843
19495 21393
1553 10197
3351 16475
15671 17685
291 20321
7808 17446
1363 12800
14111 22651
4536 8008
7132 11277
3439 17480
14261 15848
14830 22457
2578 19956
6855 8795
3664 20391
10746 18501
10802 22752
8692 19005
7399 9188
15030 24248
10372 13875
44 23434
7772 20036
2309 10752
671 8028
15822 17143
7136 14067
12155 13047
2659 23336
5645 17721
8799 12991
105 13323
4377 24296
11814 20987
14560 15845
7782 13532
1412 13066
7452 15059
14660 17094
3597 24125
16329 21526
5471 24381
456 16488
9987 13540
14154 18168
14989 23060
6708 14531
11256 20795
109 5402
13232 20752
10917 15466
1833 2551
9770 18957
6637 23547
13011 20870
4524 5566
10049 13885
3598 10991
5751 9051
3947 11182
16692 24254
1917 6616
9158 19797
8103 11668
1272 18581
2885 18910
19310 24423
10133 18532
5988 6619
3265 13341
13703 15595
4362 5557
4082 19245
697 21286
5070 8471
5262 9507
11251 18427
4125 4974
2215 9840
7339 9104
10196 17093
17610 17805
6527 13519
1093 8596
241 6637
1271 7572
9864 11383
10348 19825
15125 22368
899 7781
760 6134
8026 8398
10025 11116
14064 24342
15815 22336
1309 3682
6774 8973
6648 24111
13272 21827
8834 13434
2898 22128
4580 10312
3226 23437
3109 13807
338 15827
17424 23384
16268 21878
6642 11462
1399 17372
8786 15878
6690 11307
19336 23066
19872 24310
4315 13414
10453 22063
15839 22897
2676 3099
540 15805
3874 10867
2257 3752
9132 21391
6045 12844
8776 15503
10965 24158
4007 12241
19740 21239
3229 10022
14768 21914
12055 21789
3312 12310
5333 23944
17033 20598
3187 23098
4054 8932
17771 19662
2341 14204
8582 22112
2626 21822
3411 24054
1497 13479
7837 24245
14462 20961
4002 22036
12902 14025
3485 5183
14836 17490
8799 8957
13344 22672
15000 15021
11294 23785
20282 21974
15635 17143
2427 9099
17763 23620
12853 13319
16566 19536
9420 16833
5371 17460
9154 21179
1600 14955
16946 22659
690 1039
8891 19414
12837 23427
10803 15814
33 24364
847 4877
5341 18798
2971 20029
79 12681
2560 8646
7558 15816
16488 22497
13345 19063
10953 21106
9321 19299
1540 14847
10058 20926
485 9928
4482 10526
13678 20541
2085 10321
4786 18983
6386 23612
2507 5564
21218 22508
7056 10556
8325 22561
4802 23411
1602 8604
6063 24390
17236 23924
9427 16354
20282 21823
6713 21724
9908 21305
8057 8447
3536 7828
20096 21913
10344 11999
9618 17657
2481 20907
4637 22319
16045 21340
450 17198
15890 19157
21330 22302
1808 21190
17881 19368
6667 19599
2216 11906
12498 13496
6607 9514
14693 22912
10218 18948
14788 19035
615 13474
10439 22590
6497 13584
3965 17852
12894 22936
11937 19403
15778 18288
8216 10270
12629 20979
13266 17216
16157 16182
17002 19801
8632 12094
6638 18817
181 20860
6371 18119
14964 19875
14956 16833
751 4940
5073 8933
6872 9274
4713 21291
1508 21833
20449 23246
1980 13297
37 9774
3872 14968
5256 8182
2215 15356
1119 15466
11067 11955
3324 6962
4080 16656
15753 17928
10328 20769
5 4517
6622 9953
4438 12158
12389 19749
2068 16143
16806 21221
1030 23786
3142 15341
17709 21787
3402 13443
6229 23603
11068 12028
8390 19915
18492 23750
487 15091
12255 19995
5369 18444
12645 18229
8351 18508
9497 21689
719 18893
221 14923
1413 16431
251 24360
5039 9602
1366 18738
8495 21224
12788 17059
12018 16297
2909 17864
4254 9915
15351 21795
12166 22691
9433 9823
12319 17316
11075 15741
17588 22006
5427 8673
11151 14020
243 18337
6325 20871
12563 14720
5531 13969
9023 13550
11270 17058
13439 15486
9841 11546
19022 24339
4208 6733
23208 24246
6158 8587
11091 12308
5541 19905
12203 13863
5492 7309
18987 21122
4541 20582
9753 15431
6525 22676
11015 13898
3637 15101
14654 16352
5383 9238
7724 8167
872 3688
1063 2987
15595 21244
19710 23526
10820 21593
20482 23968
9457 20856
8346 18419
3529 24238
8934 23370
2296 12259
358 1066
3557 12045
1076 19108
4002 11352
5123 24309
5860 11391
10722 15072
2622 21158
10222 13932
17213 19494
12720 13429
8727 16313
5751 12482
8492 20446
9 16410
21522 22602
10943 22369
16942 19845
1065 8595
4932 22367
12981 17432
8576 19541
6198 7407
13790 15707
1697 10469
8996 11935
14210 21446
6526 15740
2672 3442
1592 22626
13310 18090
1372 14379
9875 23402
16923 24397
11448 13462
5078 8223
10494 17351
4301 8397
19904 20200
13271 22638
11789 15699
13480 21918
6141 12967
9956 10467
12571 21420
5540 18551
3862 6555
12372 24100
8213 17843
1983 18171
11931 15548
7228 9463
3336 22454
6771 15361
16151 18155
12633 18636
2043 19956
8300 21879
5558 14588
759 20331
3582 13886
1749 16416
16838 17695
5980 24084
14221 15391
6902 24034
16806 21230
1123 6712
18975 19296
13498 21449
5204 21128
8997 14677
9556 23327
19538 23940
5629 19702
295 8031
20512 23223
5972 9883
15363 17589
158 10913
7505 15661
17878 24351
5246 17587
4532 11386
2580 7290
9836 16139
3482 8538
3327 4171
5082 7353
7543 18304
5428 21859
8249 13997
5533 21467
3015 12943
7309 17592
3169 5714
13449 14264
7759 14459
22339 23616
804 3516
4313 10660
3295 10217
7722 16592
4226 4248
1894 2635
16817 20553
4254 12015
9082 9587
17684 23853
15105 19988
9971 12911
6409 8823
6824 13874
1541 8427
1354 11516
15150 23657
7431 9848
9521 20109
1556 8921
17532 23118
17971 18875
3449 19643
2537 6719
11920 13264
10171 16078
15273 18161
1480 19775
20284 23655
7807 18416
7822 15442
3305 17264
8270 20945
18206 20756
3165 9844
5475 22953
2083 15016
2525 24047
15778 17984
20042 23234
5884 10706
6017 19870
2296 11797
12232 14980
19013 20006
17860 23611
15993 23001
892 1741
19981 24106
6454 21288
5486 19020
13776 16720
4383 23949
21684 21836
18787 19889
12968 19506
10172 19111
12846 12852
6397 13753
6659 16177
4055 24130
13055 18357
1403 11842
8737 22199
1077 22852
15848 18811
5146 7104
621 19218
20488 23743
3187 22103
15714 16315
17511 20487
8077 21333
9721 16640
12009 22161
18418 21848
21463 22494
5380 13104
642 4501
699 10949
7882 13709
7616 14340
15947 17269
5454 22353
1601 9208
3668 20152
1879 12843
10919 16801
6442 8828
1956 18498
1973 22582
5588 13766
8294 23847
4544 14145
5313 11264
1424 2703
15143 21422
5312 5852
3161 16611
4828 21571
3104 12100
12964 24051
4513 16200
6215 14374
8298 14681
4278 22313
4344 7925
6530 20071
5044 23046
4988 13010
3590 13180
2408 5430
1371 12964
8407 12546
10643 13244
2373 20554
12732 17701
3439 4606
12260 22236
8625 11109
708 7126
5231 13537
10721 21304
274 3337
2935 9481
111 16130
13056 19420
10599 16620
4365 4402
22188 22238
3362 15528
517 22897
10912 23702
10070 14448
16192 21976
17068 23942
7628 9878
4426 18723
16315 24264
5 16109
979 1650
15030 22536
1272 20561
1454 5069
19602 24123
2484 24389
6652 23368
21142 23212
14961 16422
1505 7057
7607 20560
3916 9434
13056 22748
1074 2319
687 10014
1076 8565
18030 23667
14477 14947
3887 9498
9038 11422
10395 20806
4248 5845
3356 12663
5282 19551
341 24198
1717 24018
6185 15051
9093 9176
13230 20731
12077 15136
11801 24170
11554 13779
11806 16379
3343 21109
19708 22445
6525 7820
19300 20821
15381 16386
4588 9550
5729 17600
3230 22063
7989 14691
15390 19090
1085 6469
10723 19334
12976 22015
19638 20575
1435 6536
2299 18646
4609 15934
12900 17006
12532 14121
12374 13208
5838 16863
5733 6017
1657 5555
12140 12249
5291 17189
19748 24167
6014 6139
8151 9025
15516 17347
821 9480
8507 18096
22 21109
15058 24077
5036 21858
16288 21406
5855 12717
4290 8177
13007 21302
7698 12089
19135 19517
9546 17472
12488 24114
1942 7099
15780 20409
20221 21456
2482 3825
22050 23490
7746 24190
13281 23728
12697 13530
2397 23717
21896 21984
961 23163
7612 8821
131 21075
3712 7475
4359 15241
9581 16160
4931 18331
10670 18806
4587 8798
635 18876
3906 21992
3477 8260
2320 6810
1074 7766
15059 21256
6129 11668
18848 19267
675 18271
760 13517
1760 18365
5342 24470
5778 18760
4913 12836
7335 21478
1948 16291
7506 9109
5388 9744
13323 19035
6693 9055
12768 21281
21122 23016
2424 23753
5365 12047
12380 16051
7559 12190
1657 8428
1942 14688
19697 23198
9680 11861
18450 22695
4142 11768
2490 4921
7117 24123
4512 8761
2811 4990
2861 18896
11873 14590
19018 19790
7327 21930
11766 22258
5010 18665
2642 6185
19991 24053
3710 16765
4511 20002
11703 12132
12323 18092
21547 22030
3644 5547
8641 13732
1129 8010
342 6963
11602 23982
21663 22297
3674 6723
13017 16502
841 12261
4136 8925
15121 19447
9916 14788
6394 11906
11072 23689
10230 14920
11578 23280
4653 22752
1529 14664
3008 10478
12893 16251
7263 17439
10481 20908
8777 15505
12031 16515
14948 20742
16432 23731
12552 18524
6647 21658
989 9393
2030 19863
3564 4322
12224 19890
10037 18467
3135 15618
3595 11237
10105 13068
979 12254
5602 23160
9698 16574
548 9818
4816 18591
11130 16708
8821 23697
14675 20032
860 20785
5972 18113
7531 11774
6212 18925
8464 20858
7870 12112
7286 19137
7040 12293
1865 8872
17765 23908
4373 9262
5272 12587
3809 15507
15434 19961
11985 19223
145 8624
19925 22696
14642 16766
3010 16147
10181 14908
16962 22516
13276 23155
6944 15719
3290 22719
4410 24305
2820 15700
13228 13286
4216 20152
11797 18304
16402 16460
8477 14200
315 9221
17868 18609
10300 13709
17771 23395
66 18930
6837 17266
15472 21768
1927 14791
2077 21355
591 5836
3659 20401
9358 13309
1134 24175
920 10437
17700 19875
19510 23378
14355 14533
6152 12977
11028 21161
3260 6830
8808 22835
6058 10023
13702 14117
5203 18085
1626 20133
14576 22675
11740 12991
10130 15816
17781 23089
3252 15255
10461 11194
8055 23972
3831 4793
14172 17354
4769 7093
6577 12302
16093 21862
9200 16211
8545 9249
3402 3656
895 2828
5833 12691
17759 18003
4422 16287
3148 8238
18417 23820
17146 23080
7368 23571
5422 6249
2577 10617
8039 22995
1552 17765
14262 17714
2025 5140
13862 16173
11528 17665
1527 11824
2222 23089
11524 20932
221 2114
2873 18608
3383 4572
14899 17327
5294 6756
2907 18607
2607 16008
812 23818
3076 24357
632 1905
14624 17329
14872 18041
15080 23731
18352 22350
3283 13977
17994 19341
10537 24260
22729 23408
12117 23844
2994 20728
7600 10183
9546 13127
214 20062
17757 22620
19889 22988
8318 21823
12405 18770
20236 21006
14230 20999
2068 12556
6475 13434
12811 15793
531 20633
5669 15839
13059 20182
11095 24289
901 20379
8037 24271
1472 21604
10965 11149
18217 20788
2459 22191
6631 17712
11453 20977
9022 16191
1659 6070
3572 4277
10428 23611
3725 13763
17999 18050
4385 16101
9635 17412
5488 8410
186 7947
7222 15503
7412 8341
2581 21819
8249 8597
6254 8231
13264 14663
4607 13376
756 5058
5083 22071
730 20373
2091 22790
1384 7814
15090 23035
760 9533
19095 20685
12805 20487
2703 9603
20916 23062
13226 15243
672 8018
17638 22496
11504 16779
3379 17887
5979 7541
22734 23912
16614 19141
2703 13231
7712 11954
5519 10159
8815 13724
7613 12990
7070 17912
14625 23340
5798 22791
3854 4126
13851 16633
1129 13218
5331 20825
5544 21328
16013 19514
10662 24006
7956 22909
14636 20591
2065 6297
9363 24456
2318 8453
11029 23699
7258 11560
19776 23878
10847 15434
7642 13349
572 12895
6810 9791
1080 22911
3864 6082
233 12027
5050 5336
5877 14024
16787 18292
8564 10881
7243 14293
1378 8217
14130 16805
1252 22183
3562 12978
2913 6189
2867 8195
4529 20678
8377 23549
16355 17673
11938 22337
3543 16967
1488 20490
15395 17597
664 16230
9861 14528
2884 7589
6411 23818
9535 15133
3402 21526
755 17446
14781 24406
18294 18440
725 4042
9619 23833
6680 12622
95 1749
16292 18624
4737 12939
7715 17659
21110 21393
190 7335
1243 8026
4998 6733
1676 17471
1472 22488
1610 18640
12722 22090
20792 23364
4875 5309
3584 14455
10585 17739
7679 21888
10474 16648
7901 13168
19336 21576
16879 18462
3330 17825
20602 24288
842 15261
15326 15427
1131 14981
20904 23935
1090 1114
12144 21033
11396 12644
19296 20940
315 20284
3367 19811
6732 15456
22805 24406
10144 23349
15767 24279
4568 16337
8746 16874
9383 14361
15759 21452
159 373
10294 13512
790 12780
14729 23067
5752 22876
294 18195
15712 21211
12245 20215
13909 14708
10721 11102
12959 19929
8296 8881
20276 21289
2513 3650
8047 22332
500 6079
10183 10937
9828 20209
2040 20829
285 13450
11107 21863
21412 23208
4635 13938
943 15037
14756 14900
3785 13518
4359 11530
11629 12365
2345 24295
5941 10108
355 18793
2817 3646
21744 22496
1509 23257
1269 23016
15415 22914
7155 13158
778 3088
335 7298
2551 13871
18119 22236
10563 15963
3228 5908
2264 14320
7891 19469
7825 15721
1937 7141
6288 13537
3702 18524
9883 16825
11686 19249
10861 23713
17724 21182
3653 11817
6364 13310
679 7616
6575 21271
9740 12977
5667 8840
13287 23736
8795 17482
14953 21875
7494 16268
2987 15028
5371 14679
18391 23706
11785 17725
253 16393
4613 23003
8207 17793
6923 8234
8349 20785
1083 18155
4343 18951
2796 19731
606 5766
1873 21684
505 22734
13969 19339
2681 12626
12688 18540
14908 20796
9689 10331
10599 21180
11705 15037
223 10367
3775 24216
11655 20804
9886 20426
4361 6597
6453 16642
18689 24425
13538 17397
13463 19839
8197 14007
3846 5050
3247 9503
4716 21044
1273 6885
11194 21037
544 11078
4841 11164
2568 9438
9746 15695
14377 19075
4374 22672
5025 12124
8275 18036
9729 15686
8206 9058
11558 22099
7481 24327
17585 22628
7139 13046
13910 18200
2269 22902
546 6476
16473 19095
7109 18342
8262 16154
20089 22719
3958 4820
18896 22026
15037 24020
7903 13272
13373 17016
4093 16893
1448 23717
9751 16608
11622 14836
1417 13360
4351 8203
15042 18354
10570 19736
1703 20229
13124 23405
20467 22324
22858 23359
10464 12598
1715 23964
17686 23628
7252 19457
9416 10744
7041 20695
7732 14962
8321 18470
2677 8092
18624 21654
13199 19363
6970 17878
16534 22422
9627 22542
5019 16942
2344 3846
4291 20943
21033 23599
1989 18189
5573 12186
2923 9475
11392 23702
10387 12999
14377 17016
1509 24340
4673 20084
17198 24411
6422 8421
8846 10260
3775 8583
3621 23840
14695 18956
2161 13644
8784 14652
20016 23159
9872 15669
15218 20213
1019 17821
20141 21312
11932 12267
14354 16268
8406 17114
2566 15216
11920 18322
8233 23526
14581 18985
8621 21891
10225 17069
7857 18949
1252 16219
3934 17723
13747 22659
5574 24277
5298 13364
11235 23685
19143 20449
17563 22891
11848 20458
6844 12628
17541 18454
12914 19031
22458 24465
8830 16358
16420 21323
15371 22704
10762 18241
15652 23225
14193 18458
17320 23192
13192 16083
14304 20528
14827 14992
1121 3063
10046 24254
5246 8261
4204 19622
756 4926
3662 13682
6733 20839
5213 15189
728 1350
12323 20146
1760 22504
5097 11011
2477 9170
9212 9332
20426 22415
2846 21612
17403 17637
13073 23321
12285 20335
4588 10695
3020 18099
4853 15269
15208 15492
139 12338
9128 23451
1934 17022
6466 10513
6831 11619
4685 16742
7516 20740
2794 8154
825 4135
8754 11582
11620 16915
1832 17563
2419 2965
15572 17055
3804 8528
8145 21209
9799 12501
18014 21240
1810 16622
4581 22724
15163 16417
17132 21023
16716 20173
8754 23528
21332 24004
2642 9159
22420 23686
13319 24152
10803 16258
3535 10185
6894 18970
4075 22662
3305 16372
16899 21754
19271 21548
10165 20139
6245 15505
11119 17337
327 16732
11816 15149
18669 19560
12585 13498
4042 15925
15690 22491
6107 16533
2371 13177
123 18590
7131 22651
13275 23413
614 23604
13773 21856
20849 23626
6739 16208
4048 15747
1911 21910
16970 20744
21535 22082
7564 19605
8709 23520
6198 17976
4417 16835
6748 18017
10111 11204
3150 15366
15584 22583
1037 15418
1685 15522
8670 9907
2044 13809
3099 24267
4398 17137
11233 15323
6114 12958
9737 14025
10147 10508
1883 11018
7165 13664
11907 22175
17714 24358
5915 13982
12113 18088
3461 3547
1804 10063
13786 14074
1964 19556
13918 16582
1224 18367
7963 24072
8724 13961
13941 22594
2714 23449
7958 17388
4596 13511
2210 12276
6037 21035
1470 22995
14041 20693
4318 11250
1596 15922
14050 23129
4199 20448
4882 7013
3240 11380
3340 12363
4295 10009
1837 3353
4434 22048
5060 9284
6454 16024
1851 23226
4651 23780
5430 15203
11598 20169
3212 5909
3821 24050
3749 5331
13242 17144
1518 22062
18467 22160
640 22901
11569 20489
14857 22101
16291 17169
5205 19461
19339 22444
8328 16682
21499 22195
347 8211
2666 15977
16237 22030
15946 16678
13165 14648
9520 12335
6641 13160
418 12975
9272 13476
7988 19113
139 11189
12337 21751
13552 21458
5457 13093
6045 12078
3518 17191
16937 23311
3153 13239
3987 16892
489 17475
10165 11442
5428 10148
12481 14533
1455 10611
12696 21719
23290 24236
15801 20143
15621 21793
6407 16751
13573 21841
12224 17126
12101 22496
7784 11753
8395 15639
21633 21672
1390 10059
39 15858
3275 17207
5502 20723
18345 21709
2506 4522
11070 18551
4480 4821
16421 22315
2650 15069
10679 17169
12115 24177
11239 18657
6897 12569
5616 12981
5024 9678
1309 4268
7029 7705
8587 17518
486 1774
7369 15283
4761 20004
3462 8771
3070 6280
2826 14683
19300 21424
8821 21025
7905 16232
2211 10067
15791 19579
5389 9767
18168 23254
3063 23587
2910 13087
16273 18822
5932 17273
8900 19703
10932 12839
4999 5115
7037 19761
3214 14141
6710 18618
13516 15836
18259 23389
728 11745
6132 16375
9874 12355
9640 21352
615 20294
16109 16652
7838 20086
4756 24489
6036 20818
5335 22611
9167 20919
6496 24216
3251 10169
14029 18009
7953 13837
9196 22667
13070 14399
6820 9136
5825 23779
15378 16508
7053 14074
2376 12004
755 22340
1560 23366
5475 8139
5358 23054
6387 19227
5269 7280
9153 13752
7759 10519
16543 23688
11451 17427
13993 20063
1641 19295
7489 16714
8718 16762
10379 19667
7323 20120
3577 14489
1231 14330
2463 22713
772 13369
234 21336
3769 19391
2543 7946
9398 14021
17223 24209
1219 2523
5340 21850
13846 15263
9703 22271
1109 17845
348 5575
15767 15879
4216 4295
10586 23200
6275 10590
6476 12772
10768 18188
11400 18129
1763 15450
11697 12103
8653 18026
6851 19511
10149 13302
534 11611
11995 13029
15239 16144
11649 23980
11043 15495
21616 23732
8325 18435
4307 23311
12786 19786
16165 17646
2885 8388
5744 24037
7498 21904
9616 20658
8789 9873
2625 9817
8582 14616
7964 16101
4267 8165
9946 12124
14131 14623
11378 18278
2696 12178
7354 23272
13922 20305
14018 17909
5845 23355
7714 13310
11065 14256
946 19693
6865 15161
14160 17280
5153 15624
3414 16041
532 730
3144 23093
4922 15418
1115 10105
15109 24398
6536 15981
8031 12018
8165 17498
13252 15316
5667 8628
1981 22767
874 10144
19669 21187
2822 23491
4039 23906
15113 20420
279 6578
7867 13263
1920 3380
2867 20830
11330 21727
5704 10315
14363 17119
12906 24336
8403 16106
4326 18777
607 9307
6209 11973
16771 17670
5427 22950
16947 24035
4763 24135
10334 18418
8535 16981
4757 19791
2740 19116
980 22492
9166 20575
861 3894
8070 9422
3086 8074
9974 10116
4483 18592
7508 23294
4790 6879
699 14987
11521 11816
14630 23149
6263 17061
10806 16623
9811 16628
953 17850
9755 13866
2507 16757
7135 8969
6472 7941
11473 13316
12198 20897
11704 20849
7887 22245
1273 16351
8582 23070
217 12538
4128 21139
12166 13869
11605 15683
10390 18352
12170 16314
278 4842
12858 17712
1142 17476
7904 20698
6016 10991
1590 16510
12250 12663
18115 20996
3113 19822
8911 17868
12159 12260
15552 20070
700 3473
9799 16289
6574 14784
9938 16154
1674 16507
8152 9230
14111 17553
20158 20720
3818 18781
7742 10020
11259 21292
15889 20462
16628 23808
12758 16524
15588 22988
3824 20489
17329 17968
21397 21989
10829 10948
10100 13224
13713 20851
11904 14040
17449 21631
11492 17209
11369 13029
8781 18726
2082 5725
7570 20701
8858 22309
18880 19662
10021 20356
9639 22660
20776 23680
6570 11389
18868 21230
12207 17344
8210 17009
12635 16675
4863 9510
2035 16869
4882 16824
14549 21540
3029 22277
992 6173
8819 19393
2680 11159
6260 21978
5714 10961
2201 12442
16969 17494
17218 17805
5447 18404
277 22276
8362 24424
8373 13990
6559 9248
1441 20471
9886 13169
10059 11972
13948 16918
17758 22774
3285 13766
7093 21950
3104 12317
3665 15462
15832 24063
369 21798
13539 14246
8202 10209
11967 13623
3284 24482
9431 15280
9686 23034
1071 8079
117 10478
19464 24456
3505 14165
9818 17887
13547 19798
12070 13204
1335 19228
6146 11532
1917 12800
7352 14350
8696 20986
427 12237
13055 15759
13464 20735
14906 20431
3081 17194
11344 14522
14846 18547
19408 24142
4369 21819
250 17415
9331 9658
3840 14817
13407 21901
1792 15840
15636 19965
1037 10033
5669 19151
15488 20729
14128 20576
1230 3061
3336 19953
12497 21627
4666 22581
4877 21201
16339 23352
16162 23844
4815 9876
5929 14570
18657 23409
16463 18431
3701 11199
10934 11404
1655 12290
1920 22284
3313 4584
3491 22884
4672 9817
15142 24180
14086 14108
15689 22096
4765 22308
15383 16179
10983 14023
17711 17903
7422 21473
12598 19248
9921 18192
6651 12354
13206 14778
17106 21967
6211 10386
7266 20890
7785 12873
11438 24289
11091 23387
14907 15042
7356 12100
1430 20744
16109 16306
6368 15608
9964 12939
4474 9405
3773 13786
1144 9712
2633 19047
3767 20741
696 5233
11371 12578
3968 11640
9655 23551
5036 23253
527 22198
5836 11549
1998 22575
10927 23489
18829 22630
2704 24278
3390 22940
11604 15569
5465 15108
4580 11519
9663 13513
2066 8871
13836 17428
22079 23301
1531 12903
15523 19338
5660 17744
5786 18068
9622 23043
10469 20038
17400 22222
1670 11147
3724 19366
7306 20188
6374 18218
11148 21556
18125 21449
582 2209
6779 11252
5586 9219
13438 24395
12604 21213
5415 8190
461 17375
5041 12229
11935 15152
13208 13834
1723 16808
1551 13452
2510 19844
4140 16130
1162 16255
5526 9038
14140 18717
18222 18665
190 6903
4082 14015
3048 21473
13674 15771
7245 14132
7262 24175
459 21534
5810 21707
11196 12737
6232 12036
6127 7034
17314 24220
8998 22104
19371 22127
4716 13789
9255 15513
141 14570
5223 12792
1631 21836
5560 19599
17158 18559
5154 17952
3826 4102
3696 9539
14939 18143
2747 7982
7643 17528
14065 22031
13111 22840
8728 8802
4043 19970
1718 6910
14541 19370
3864 11916
5411 7479
14219 15747
19585 20262
1973 20812
6959 17325
4279 5711
18885 18959
1060 4281
5696 13554
3778 19528
1075 19419
3358 15273
5298 23373
6850 15112
12353 12540
11976 23644
10246 15448
3112 8030
7740 22844
3941 6259
6359 16224
15725 23676
18149 22423
7230 21028
7155 14713
21196 21589
7907 22171
1185 14485
19807 19984
6651 22900
4585 21012
1540 11161
8204 18956
5424 23743
6098 11852
750 9567
4337 14295
2666 19388
4824 7377
14283 15390
6646 21864
21623 23173
5743 17324
22568 22772
2427 16641
2074 20593
949 23578
20325 21740
16345 17810
4166 9229
5710 16631
7323 17941
5081 15043
1641 4007
3808 10615
13379 19793
3567 7452
19405 19626
8555 9849
1984 24286
1816 10062
9778 22674
1931 1979
603 24352
1809 16486
13993 16521
17025 18771
4400 10235
5106 9885
5995 20914
23197 24110
17711 22587
17882 21302
3467 17584
3192 7088
3343 17535
10407 18489
4663 14137
4022 14968
13106 13425
2176 12972
8425 12316
7426 21323
8554 19379
2698 14978
9618 24069
11818 14579
14743 15858
6231 14194
13460 23553
2809 8452
16841 19845
10864 17573
8980 16739
8343 21904
12908 22906
714 15091
324 10780
9893 14745
2110 19757
6613 21385
14368 22487
2542 23980
18337 19371
8489 13010
13072 15506
1706 20122
17744 18302
2315 22345
6577 23482
21713 24011
19305 21613
3558 14402
7504 13864
8929 21773
6481 23197
2993 22138
21558 24467
10641 23488
3514 7586
50 13701
1564 1650
13811 21130
6414 19879
14833 19186
3816 9297
15008 17812
15586 22392
5469 19294
8288 17759
13852 18573
12318 23455
5371 18746
12301 14191
7325 18971
122 11799
1937 6040
83 3381
2818 23520
15262 21789
10748 16445
5450 23065
3458 10591
5201 15234
3608 21228
3517 8999
5573 10965
17537 21846
19102 23478
8840 15456
11123 21758
5612 22465
9657 16076
13103 13611
8875 12290
3042 17726
11330 22928
1174 1889
2817 16192
1489 22275
9235 10128
6567 19698
16919 19385
11767 12329
19947 23881
2958 4138
7141 19008
16904 17746
1217 15950
21602 24175
17194 23661
13583 22990
15408 23305
2644 19443
7374 14273
4342 18212
19278 21749
6415 10693
10088 13422
12923 21088
9770 18533
18748 24330
6075 14077
5872 20337
12334 15431
6285 11589
1092 9982
5858 12664
8822 21424
7458 20654
11252 19675
11751 12978
14544 15438
18106 22751
9570 16240
10955 14170
7337 10116
8254 9474
15572 22911
11028 17699
14620 19566
9726 23999
6705 18639
14680 21486
18350 18658
17976 20149
3844 6282
6286 12210
16978 21525
13549 19598
18517 23136
3232 23230
19306 22201
5847 10172
12894 19627
22234 22623
18867 23057
4896 20836
2305 6025
3342 14792
367 15466
3071 11756
16158 16826
12697 13377
10568 11917
3660 11144
15912 16667
15244 16193
77 9491
871 23405
664 17093
16992 21593
8409 15858
18428 22761
2874 7924
6384 23238
6769 10583
4229 11455
10280 24201
2422 14975
3909 23910
2582 4272
3990 15416
4975 23478
3690 20793
5870 23217
16863 22688
258 24377
9891 13093
18200 18886
12722 14807
2290 10697
2985 15124
804 10872
13099 14707
3733 13580
5038 7857
16245 22317
1427 6330
15880 24368
1179 21111
2773 15710
12102 15499
4594 12419
3367 20576
9676 19676
10050 16551
3285 17803
13052 23794
17023 21543
9665 14062
68 23568
1633 10223
5845 15996
12215 12900
6368 13891
21166 24092
239 21268
5507 5816
2476 20766
9275 14627
921 2702
13384 20040
3037 19797
14872 18000
7531 10772
6452 21960
11591 14555
9169 12488
3425 21251
11375 14669
2960 10088
21479 24145
97 5728
106 2905
2099 6139
346 22060
4361 13843
167 18791
4226 19477
10262 17141
17537 18592
587 4370
17817 23154
6560 21854
14802 20219
17599 18919
20106 21495
4216 15483
12209 16662
4337 20200
5409 13502
16013 18848
4835 9808
7029 21050
3162 3294
451 12533
10560 24024
1457 20940
2812 11434
11005 20140
4901 8509
3590 7918
4176 14810
8894 11080
14915 23451
14780 23685
7178 12747
19051 20015
2251 7765
69 11363
15087 22597
6027 16468
1859 9023
4733 15732
20228 21046
13880 15060
6760 23270
996 13958
1989 24286
6940 21335
562 855
2096 16590
1418 24091
10952 22390
7299 23737
3461 15795
11156 15348
2900 11683
13963 19264
8347 23274
4130 22690
2714 17076
7162 23140
1065 12734
13442 17331
8848 23009
9158 15422
6005 15255
7598 11056
3819 15989
13814 24432
731 15461
5542 21994
1335 24404
3470 16823
5348 21183
1913 23406
2732 4672
1616 10692
22134 23950
370 2065
14512 23406
2354 5782
4974 15983
2383 19547
13598 19054
18987 22698
14902 22249
10039 18048
7575 13806
5644 10089
3590 13863
1771 9556
14673 20462
8501 20719
4035 11813
17115 18874
11101 19680
16077 22736
3097 7739
17041 19838
4127 10527
7697 16001
3362 4813
127 12612
9031 21706
14139 20137
10974 17435
1076 14301
20760 22654
14777 17357
3181 18647
17792 21045
3240 4282
5803 9441
5637 10339
3515 16268
798 3395
4340 12487
9535 22548
8486 8785
6484 7190
16368 22471
10408 14098
12710 13507
2654 16532
2995 24033
2762 6580
9583 13460
1849 9593
13712 14748
1365 20643
6704 9127
12272 15473
8760 12700
4555 10035
7430 21268
15481 19985
3939 14115
12163 12836
3419 3592
2157 23129
615 9408
9302 17612
13565 18038
4184 12351
15379 22712
4365 9344
11548 23398
6352 7032
7973 13413
18738 23197
18632 21185
11984 16176
22426 22683
14686 22714
12517 23654
2810 22940
3015 13910
3915 7396
14513 17728
1160 5497
12610 18561
20438 22096
10702 15203
15210 15809
21505 22773
558 5623
12046 14497
10319 17719
9826 15529
6266 11946
6985 23894
1480 8193
1683 19065
8434 14951
4034 10180
2875 15069
5774 18090
9339 17999
3064 9095
14957 21059
13728 22852
11229 22406
10718 11452
9887 23991
1819 7399
1107 11953
1392 16589
12308 19676
3918 12999
2715 13517
14201 17542
415 10955
9477 10890
571 11126
10856 23616
8991 13464
2933 5996
10119 13611
11895 20299
3722 22083
6297 10986
19419 24031
3569 21172
3977 13134
20290 23366
4382 17310
43 13541
9970 18522
911 7310
2478 10882
13181 19291
11035 22774
691 22558
3379 11699
795 19518
4794 23784
2705 5433
6043 18106
11519 20859
6141 18694
9196 10882
11352 11604
2294 3575
4065 12727
4304 5180
6877 7152
7926 16091
13779 20133
6770 16435
14924 22090
4047 17273
6542 23271
5049 11637
5614 17184
5370 22448
2431 12908
2212 18936
14308 14431
6902 20615
1503 5295
3117 19146
5263 7075
10293 16418
710 5565
1233 6022
13103 15394
8235 8632
1372 15150
8731 10135
11357 20282
2399 4540
2872 21217
6722 7820
920 23168
1490 24490
8048 16378
14947 20309
3762 19814
17743 24207
972 21813
17327 18649
4838 5982
8000 14809
10322 17070
1631 17020
7548 9546
1801 3698
6025 17006
7953 11731
3962 7543
3077 10983
12088 12828
17078 23852
9497 13658
19236 23792
12678 23056
20418 22294
5389 16922
5329 13991
3047 17315
2688 3883
1214 20363
296 9689
6375 7038
15358 18504
5239 18536
4766 6821
3238 16817
5077 21974
570 20459
2915 11662
2518 11554
19305 19803
1069 8854
1862 17761
9912 15845
18919 19295
3814 8753
13951 14639
6630 7077
18443 20694
951 2265
5236 11007
11070 17665
4779 13525
7317 8530
2926 20251
10053 14109
20 9218
13905 23435
10546 21562
7343 21743
9468 16354
11149 14033
13437 15758
7104 10262
14553 22434
983 11034
6112 11798
5291 21956
6715 10143
5582 6940
10939 11145
1027 4963
12711 15968
12556 23619
12788 23941
9383 12346
16260 22728
1192 23161
9149 9835
5400 10356
7921 9817
3678 20862
12410 15614
875 4944
20011 24433
18845 20350
16524 18884
2321 11557
23878 23906
9568 19874
4353 11483
8277 15193
19019 21468
22144 22785
5149 21555
12630 15934
16379 23043
9854 10557
6533 7441
7963 21746
518 16551
17381 17625
8282 11771
14433 19337
10909 17540
17350 19502
3139 18113
13284 22876
2260 19581
942 17656
1099 19046
12065 15438
4091 7963
5273 6067
8825 9682
5033 11594
4304 18942
22987 23484
603 17199
9899 21565
7220 18311
2855 23690
6438 20949
7423 10896
14990 21166
2693 21886
7985 21770
6105 16390
7921 22669
713 8906
15089 23880
2009 10800
5474 16869
4236 23587
23817 24369
11237 22078
4498 16016
1030 15934
13157 19332
12754 23483
15024 23973
10639 24060
6118 21698
363 3550
11587 22343
4773 16679
1444 6571
150 8671
661 12709
8500 10092
593 1970
3992 20753
6572 15981
1964 7682
7016 12323
3714 6473
9061 23084
21619 23995
6001 14447
5165 6639
3559 12262
11712 15518
14674 23833
7453 16768
9603 10894
888 5342
6613 24270
14456 17479
10058 18293
15238 15711
10353 15005
20105 22489
1240 4232
54 2488
19769 22534
13973 21343
22515 22859
17331 18977
4109 10759
13235 24438
6835 7188
5465 12149
19669 20420
858 12150
2377 15865
11600 14116
4985 23799
3232 22691
12018 21592
5476 10804
9938 12605
730 17370
6089 15074
11534 24398
2734 18185
13838 16707
8358 13150
2305 5762
23518 24384
12558 23220
3702 8532
4657 20238
9452 16746
4236 8596
13442 15412
3809 9850
12243 13021
1195 10558
6277 22881
747 22535
13973 14544
296 18771
1968 9515
2878 15965
15177 15410
8293 15501
3411 14904
14424 15934
16178 20162
3703 11144
3003 9904
7002 15157
2239 8409
2463 22767
5271 7073
16044 23870
7635 22336
13995 24246
10423 22006
286 22720
10104 16992
361 9078
3943 21086
16055 19428
12120 17346
7368 16814
15284 19769
15700 19660
2119 21538
2274 22468
10720 22927
5726 16585
1809 16040
3268 6118
9513 14085
3646 10278
7883 18179
1507 11827
3861 17624
199 10857
1571 13344
1383 21235
4723 9569
13648 15438
4529 9616
11939 21428
4603 16594
3961 20963
19283 20212
18545 19355
3180 17488
16859 22697
5206 23232
10798 17953
5059 8761
8646 13178
14661 17649
8384 18542
3440 9503
9803 22565
6805 21810
15785 20613
2041 24238
8767 11055
3277 9223
11792 11910
5176 7922
1803 10094
2947 12458
16550 18557
14482 16845
2642 3556
4231 23473
1750 18893
7474 14283
911 22859
2379 10371
15472 22446
10985 21587
1353 6070
4656 7159
14002 18910
13530 19894
14675 23716
8477 18207
10566 13965
1962 9349
12458 16295
3797 20950
2587 20539
9062 23105
3078 23904
8763 13865
10956 12701
2064 6775
480 7194
7546 18824
8454 12828
4085 4140
1817 13455
1853 24172
7686 9473
6898 20329
3601 3763
4917 10253
11665 16406
1648 10550
12820 17053
12840 13216
10131 17383
13292 16897
12010 20113
15842 24016
12164 21484
5708 22355
3760 9898
6584 11211
9349 18094
748 2037
14270 16067
20913 22125
16302 17963
9674 23402
10890 16361
11224 15995
2475 9957
1477 6575
12220 13386
10544 13204
9281 17823
1474 12549
1604 5119
4104 7238
1275 7058
9716 12039
3023 12735
9667 16994
9175 16030
14041 15606
2111 5130
12170 20649
4342 8331
10964 20070
19098 22414
1696 6515
2279 16550
13383 14924
12085 20212
21390 23741
7091 10553
3556 8384
3946 24109
242 8763
7381 11900
2672 13669
3796 6072
20192 22468
3493 22002
9340 18673
18546 20130
4185 12190
3091 17050
8809 20906
191 22075
5968 13470
19781 23570
4077 21555
878 19609
931 1326
108 12485
7393 14332
12561 13156
14667 18130
16238 17622
3261 21751
16765 21646
2694 8340
19540 23941
13013 16612
17166 22051
12047 22481
38 5557
2561 8368
13160 13806
8248 23313
10959 18600
20893 24470
2469 6452
15194 22696
5630 15275
7136 19616
16097 18501
4393 11837
7719 21754
2506 7941
8501 15527
8082 19282
894 11157
6140 15257
12357 23114
3252 19434
940 11607
2548 23196
6189 8618
19 11016
17825 20862
12750 22709
13029 21040
4078 7377
4581 10927
6211 13225
10124 13868
16122 19608
7935 21344
5714 19863
2408 15170
11973 13209
11939 17749
10078 21973
1352 5307
5497 9163
3534 23188
16411 19185
6620 10103
8248 22488
15941 20332
8561 12988
7346 18386
601 13537
8698 12100
485 22520
12647 19417
1985 17906
2747 13635
2572 3422
3271 10325
4277 22082
2547 9999
15189 15852
8614 20976
3892 23705
5869 24158
8400 16549
10902 13669
3066 10127
11255 20368
98 10317
14008 22836
7363 10505
6157 10572
2002 15866
2775 8692
810 6687
14794 20863
8840 15271
18461 18576
8616 19890
8844 20363
10880 14999
14813 22194
11493 18791
12509 21408
3023 10044
13173 21866
12267 22843
3941 21172
14434 20917
7889 16659
13353 20927
6122 11211
13792 20955
3310 4701
5737 15009
8496 12966
17151 20781
7059 19258
4538 17216
5012 23961
3020 8448
11223 13208
3004 7784
5580 18445
7228 15382
8938 9552
12324 17242
9510 19997
8509 16718
23143 23210
10333 22860
5495 17589
5374 10840
9591 10075
275 16665
6288 22766
17121 23667
11854 21936
4025 9648
2029 6236
12781 21834
14810 22494
12085 22872
6613 12262
9654 15760
5933 18639
12289 19984
11768 19298
6689 23048
10426 13752
4682 14832
4666 18549
8345 22865
2271 7857
12043 13264
9163 15997
13555 22387
7039 11360
16794 21757
4484 13343
1380 22119
2295 3177
12389 16977
10430 12363
15674 23020
4198 18674
766 7329
3822 14652
13012 22621
5447 22781
4079 9938
16589 19691
3550 14081
11287 18631
71 19707
1272 19028
4646 7213
1751 13356
3916 11111
722 18871
6389 11738
985 20590
7646 7688
22210 24028
15316 23352
8785 24211
13215 17675
21632 23471
5209 22925
163 7743
658 20225
6647 23819
6442 14892
2891 15418
13060 22432
17352 18650
7474 8025
6476 24083
721 17913
18359 21853
11848 23339
7412 23969
9034 14835
8858 23522
6505 12578
971 5314
3716 11810
14140 17746
12051 20069
23498 24302
6390 20192
8081 20476
522 15821
12450 13123
10013 16671
572 15681
9278 12070
4571 24320
11225 11667
3757 21184
5512 18079
157 21176
17552 22834
9066 12355
6723 22864
16697 17263
3279 24136
19396 22924
924 20044
1114 6383
9649 14548
9453 20985
12054 22526
13090 21788
15551 21632
19798 23150
12514 24120
7214 14284
5346 16615
6727 22956
8201 10814
6385 21517
18596 19310
2560 22921
4934 8298
4145 15002
12987 13232
3715 5929
8042 18922
2316 22520
10798 17833
7202 14047
5142 21437
7303 9500
7117 17610
627 22994
11834 14339
744 3593
218 2834
341 2133
9123 20616
5500 11510
9798 17016
8128 15092
1388 19716
262 17757
3366 10932
8432 23422
19679 22881
3004 11964
466 10427
18828 23530
13938 18639
17995 23143
9967 14645
3797 6130
2590 15594
12567 14756
6741 9861
3077 3391
8131 17474
3431 3964
4497 13426
2057 10058
6349 8946
2618 15697
5219 11504
8312 15252
6619 12346
5612 11747
426 6001
17612 20955
13051 17756
6977 9699
758 24105
4123 6046
10769 13244
11878 15663
424 15157
2396 23231
306 3057
14889 15280
1121 19768
5336 5381
4582 11691
4595 11782
19061 19688
1034 8868
6205 24064
7676 11984
17082 20632
13514 19709
23175 23691
2294 23407
12492 20902
18060 20527
893 18613
8055 24099
12295 16709
194 18566
6112 23205
5186 13808
3629 4081
19138 19246
7088 14778
9862 19431
3297 14916
11204 17489
3538 19441
639 778
5179 13644
4759 13747
19602 21074
10500 13742
21532 22653
745 9584
16935 21244
1840 18622
9891 15793
16672 17329
8283 16092
1227 19560
3303 7614
9470 19463
2361 23342
4190 7565
5389 16449
914 20609
8040 21348
5700 15509
4680 11763
7055 17724
13437 23464
3390 18236
8248 14697
3768 24364
16156 18966
6875 13445
9757 23712
7493 21699
7906 19294
7718 13853
11039 11814
8297 14253
22195 22871
1152 12195
3424 14063
3167 23432
11940 21662
3710 10025
5251 5448
8434 18970
12309 12985
4524 15190
6413 23219
12695 21081
8349 18403
334 16279
4843 10662
1067 8601
4833 14457
4745 18325
2738 7397
946 7491
2656 22691
13073 24049
19446 20416
13404 21559
608 1903
6981 21750
4218 21905
11453 13338
492 2497
1962 20028
3882 10223
2391 3965
10376 23077
2778 5153
6679 7075
9919 20238
1527 13578
7244 7368
20915 21182
3800 6499
9016 17049
6942 12030
939 11674
16022 21116
19428 19496
12080 24269
6229 11220
10494 17374
2984 11294
1750 14552
1226 3023
6398 15432
16092 21637
4156 6618
1639 7654
355 3145
389 16125
227 21625
8352 20905
5936 21792
7507 8016
9546 21987
6949 19420
165 14959
17860 20800
1835 8526
7434 16724
411 22614
7775 18420
18489 24115
7757 16510
14515 24488
6385 18753
11583 14730
11396 16580
12934 12937
8659 18628
5160 10187
13773 17895
16745 17699
2510 24349
10681 19445
3975 13808
7985 18030
6941 8315
10805 20312
2557 4877
16822 22351
15285 20455
13530 21723
4303 18232
7854 13427
1105 3174
7444 17194
12693 22510
1925 9582
3376 11475
898 18274
20046 22096
1757 17812
2118 24013
2058 23624
3292 22493
16962 20838
630 12656
7946 11879
21361 24172
2218 15966
24000 24023
6345 15663
5062 16463
8825 21720
6414 22914
2849 3135
9094 20353
10002 11134
3349 23858
18704 23613
14208 18884
2315 11063
15827 20064
11446 16928
3463 7689
4330 16447
12705 23719
10047 19099
11196 13972
14470 22309
6062 11390
22213 22480
2333 21626
12787 19475
12852 15564
16705 19984
9609 12297
10417 20062
1330 19504
16145 23709
3128 4668
21760 22822
1510 2482
9130 17341
5451 7553
11118 15691
14243 22975
6856 20518
1596 11604
16695 16922
16252 18501
20587 21763
3497 21327
11296 12355
21638 23955
4893 19047
5765 23823
4296 8683
17792 18277
12388 23076
10438 11366
17576 23965
15919 22077
3492 20136
7799 12587
6939 8369
6309 23419
5093 19656
13301 18892
1716 8863
3223 12669
2044 4806
2345 13834
16122 18737
4698 8056
8955 11957
7947 15684
3427 7252
20315 22734
20559 20790
581 15477
10425 18756
10582 14766
3510 7872
4320 15865
12115 15359
3716 16215
6438 11112
5298 23156
973 4068
1765 20714
10779 13791
2999 20029
15522 17993
7210 23643
1347 16496
2131 19127
20946 23164
511 13096
3184 12764
7783 15184
3442 6958
12378 20573
8464 14178
1052 17452
1099 5612
12927 13487
15232 24198
11351 14506
10618 16665
8468 22180
18333 18492
16409 20634
9083 18136
2082 24335
13003 23565
682 10384
2728 10637
534 8422
14329 23408
11800 15016
15492 18813
44 2700
3521 6433
3059 19159
18388 23115
5108 23823
10992 18482
5499 17239
4947 18033
9472 23522
895 7724
3670 8129
1011 18058
74 1121
1333 23201
2703 9485
13360 16316
8724 19600
2045 18566
6098 12647
6156 21269
18144 19985
11479 23139
16272 19937
13574 16738
8115 23703
15021 18076
16782 22403
17031 24460
5403 20954
2225 9214
6855 7497
14504 14825
7241 8798
265 16238
19349 22992
13370 21777
11914 18917
2444 19941
3603 17803
14216 20862
10529 18929
6613 19773
2403 14807
7749 8964
5133 22000
120 5613
13341 14204
12556 22354
8581 21048
977 12925
5568 9957
22161 23874
3823 11389
1309 8188
3051 9204
18693 21266
1975 19966
4342 20090
4215 11775
966 14389
3639 19260
7325 10016
7908 17996
805 5358
10163 22974
13387 15002
6225 17280
8128 14470
16239 18154
14732 17046
5206 10388
4291 11063
1612 7281
6429 7867
76 20743
126 5545
22123 24104
19913 22298
23113 23568
14884 21173
7313 14189
1517 7134
15927 17109
299 5251
16984 22218
3745 12728
6357 14113
21755 22703
332 12465
11810 14254
2369 8327
12240 15392
5501 16494
8549 10262
4687 18556
14691 20001
15970 17259
12284 12994
12876 20311
668 22981
6605 13717
8086 8992
5228 18334
5520 23881
16095 21488
4671 11989
3617 9405
8641 24376
10362 16525
20353 21037
7182 7216
2331 21928
8134 13085
7716 18090
6397 24208
317 17625
5213 23830
4520 15870
17032 19662
7426 16083
3904 9090
6708 15222
3054 22700
17618 19198
2130 5059
3847 20643
10755 19372
3086 12282
4916 9776
2192 5339
11536 11815
13572 15995
6645 13524
879 9043
14545 15962
496 10126
10276 18457
7740 10391
9360 21124
7319 11312
4697 12353
1695 18282
2167 13567
7003 19000
5552 6236
8394 9383
15832 17862
4568 10710
7598 11803
9264 23909
11574 13906
18520 24196
19596 19618
231 9612
161 10062
13851 16044
18174 19679
2356 4286
63 17092
19063 19784
6609 8901
6245 19866
9769 22999
8395 8776
8378 23704
3067 18582
5504 23240
17533 21428
655 7366
1607 5944
6142 20592
13813 20683
12532 17445
4973 10944
10562 17728
8955 23944
15932 21878
2289 16642
10351 15712
19753 21898
1880 9705
567 9232
671 12958
1721 7308
5536 20475
22568 24258
12165 14806
9509 24398
653 9251
5893 16383
12589 24190
3336 5379
1211 16533
231 20073
9385 22453
5367 8222
13395 20230
6376 11441
12771 24202
12769 23332
17052 23937
1760 10750
10553 15387
3274 19713
6061 12438
11570 13001
19533 21237
138 1195
4138 16787
10492 15950
6314 9843
3483 23359
804 13661
11884 13592
361 12658
4325 16815
9037 19654
4896 13836
4334 15611
9365 22168
7491 13921
1047 14610
362 10549
4719 4906
7705 13833
5135 8606
7541 10628
8524 13676
3206 5286
8656 14872
11554 23417
6109 17189
3308 11889
2735 6711
3821 4726
6109 20096
17315 21139
9151 12780
11113 23947
4336 17592
937 2477
14731 17922
10390 18405
5488 23858
18956 21366
6160 17631
6304 10156
1412 5200
14336 18543
7249 18720
5272 19917
3358 15065
2894 22039
11000 21221
1923 23956
6270 15510
1798 9837
1326 22567
10 18485
14069 15276
11304 14586
4086 21458
13590 19813
1048 21274
12424 21051
5878 9779
5987 8470
1014 14460
3876 6916
8852 15217
11238 20030
15585 17674
15780 22129
16601 16820
54 12295
4522 21660
1683 20759
2934 6190
3326 14462
4650 5493
5295 20237
9757 15045
3332 12601
19587 19669
20121 22902
9554 11741
13888 16863
13928 16370
18318 23542
13552 24234
14722 21174
18068 24220
8446 14337
19182 21934
11193 15670
15370 23437
1986 17502
744 15385
16046 20411
3769 16062
2113 19224
9116 12198
7783 8416
3664 9029
2315 15153
1841 3491
13246 24048
15133 22727
9311 24137
7579 14326
4809 12808
20710 23468
6338 6536
5521 17281
7385 19844
4079 17314
10278 10954
5584 8575
10787 17516
18024 18213
10043 12862
6911 15629
2869 18867
6567 22918
13299 24100
3138 5830
3629 13236
19445 23054
49 11046
13134 24297
15514 16939
1119 14931
6459 11820
2237 9778
14784 19652
16085 22019
4006 9591
5490 22206
8577 20711
10555 20111
21508 23445
167 19040
13691 17947
3400 24238
7739 9593
4624 18540
5711 21072
7662 19043
3950 6728
5 9964
17259 18739
20436 23751
9871 22940
853 9940
4943 13462
22065 22434
18402 21934
12183 12285
904 13287
6286 21288
11789 23528
5112 10977
10365 23651
2917 19768
5481 9941
1481 10715
4523 16430
11797 21236
4263 10124
1690 4886
10007 18073
1198 2499
11562 16518
3569 6554
11779 17156
6547 23802
7747 10250
7548 14052
624 21076
14904 20861
9668 22163
6299 15104
10835 14845
5435 19698
5522 9370
580 22915
9735 18127
2179 8676
6587 11604
1298 1565
15597 19693
9392 11244
2176 8569
13450 15039
11199 24258
8855 19020
3873 19680
6744 10097
9513 11444
3395 4698
2361 11579
17990 21249
9621 11116
1185 7628
12102 21141
6004 20651
8367 20861
262 9145
10211 13902
2982 19246
12698 19838
11858 23404
4604 6786
18209 18488
958 7616
6012 7221
7778 16698
6140 11656
13479 15555
11935 20729
12307 21871
7874 9991
17566 20310
12680 19134
20181 23029
9501 23192
7152 18885
1123 18324
2205 2647
2904 8500
15511 15852
4717 24086
7260 13651
594 3166
11335 15950
5915 10091
15891 17997
16410 21664
5059 10529
2295 7378
3920 4606
3236 7589
1320 16785
15733 18920
4727 6536
9871 22668
18352 22613
13817 20424
14241 19433
7594 12743
14751 22693
3387 12822
16296 23818
7096 23741
10713 14509
3942 18985
3757 16357
9418 21619
1461 21511
4995 20205
2223 13436
8431 20963
9146 21111
6796 19209
5109 10977
16220 17695
9471 22373
17977 21405
7794 23495
6102 24340
1590 22508
14304 23679
16914 22948
15785 21303
2408 11547
10583 20115
8166 23771
3102 5573
10206 16925
4016 7746
17841 21524
494 20452
3117 16063
3862 17651
16636 19928
7217 12973
753 4169
14113 14152
23755 23931
18140 23750
9049 24459
4607 14374
3828 17017
17188 19894
1552 20636
15627 17561
7738 21678
14353 23773
9485 13262
7953 12474
158 8283
6364 21317
14115 21450
12636 18520
9407 23089
8722 20726
2749 19207
17946 22412
394 15850
5559 19198
21016 21208
3058 15623
23464 24181
6763 13163
15098 18340
3145 13951
17838 19899
1399 22896
19842 23714
3155 6199
18347 20745
7127 11401
5723 17688
13428 20831
17941 21774
5494 11969
17780 22173
2549 22125
5731 19977
707 15723
10935 11505
14450 17061
13363 15131
1813 21247
9788 14043
5133 19167
6930 9911
6444 23735
1789 18824
3737 8093
9222 19820
4691 22972
13837 17936
1759 24292
8392 16923
11293 15826
1895 9848
268 24490
5308 5491
9025 21970
16730 18586
14095 14915
1143 5247
11012 17615
16989 18836
5821 23604
86 22851
3522 8512
3882 23260
13342 19155
1507 3991
3303 9528
11469 14922
2368 6947
4904 19316
636 16002
2383 15174
2206 22852
7636 21897
3614 5812
3754 13056
3385 8778
4545 20215
9693 20843
3632 7019
14861 18687
1219 18255
7255 8566
11225 21266
5675 12111
4775 16960
9739 11747
10459 16914
10883 13126
4104 15914
5440 21028
2631 18483
16856 18460
6907 21299
3230 22321
7086 7545
1117 11625
12009 14329
19197 19483
13507 23805
7226 21656
65 20929
17344 19348
4885 16571
5402 19556
3952 15707
4412 20220
6767 20184
6427 12506
3767 19639
3994 7540
1786 22419
7111 22308
8492 16371
3282 8205
16244 23820
2953 18843
5035 14195
15631 19161
3811 17381
18634 24278
18426 19105
6356 12272
14601 19179
4141 17444
8341 10101
13810 23536
5454 14035
886 5886
5491 16356
3426 16754
10042 24036
1630 2286
6610 13292
4393 21085
10135 19500
2705 6365
6178 13825
20075 20269
5480 24061
18192 23969
1196 21304
16401 22635
6714 20991
10078 22191
20028 24007
13441 17976
8123 23095
11995 23211
4907 5300
18503 21625
17834 19111
1497 20460
8763 13337
2437 19868
1258 3055
384 23158
1625 19769
21173 21464
6564 24156
2963 13869
22658 23096
17445 24187
4742 12824
10934 16700
1971 11539
7361 14143
14403 23745
24 12951
5940 17648
911 1888
18443 21005
1223 19113
19786 24393
638 20296
12730 22456
9301 9487
17009 17292
1400 22674
10018 22752
5455 12282
45 16579
14806 23083
452 13732
7342 13983
18860 19856
5275 18449
13675 18713
16083 16511
6778 8371
6393 21188
7715 20531
5034 5079
4279 22096
4127 18618
11667 13233
8639 12962
10237 11996
2713 16608
18703 20358
5936 12770
3665 19256
2639 12065
11455 13629
22432 24327
2308 14866
6318 15622
14466 23585
7545 17278
16017 18533
15719 22276
3866 5595
4701 4938
6659 11245
5808 19985
12204 18830
7668 17854
6226 19954
487 21125
9043 14414
17365 23345
7510 19695
3242 17029
10504 10577
12641 14701
9812 20461
3075 16529
5553 9556
18409 22560
4909 11290
20122 23727
5499 20510
16769 19875
4990 7268
15720 19545
9128 10789
6453 8676
11226 21127
1694 17835
4607 14781
6110 8855
11383 13985
16607 20547
12462 21171
849 6026
179 3361
16532 17852
9850 16950
14605 16654
5354 16839
3209 23169
4355 11692
5608 24139
17232 19223
9542 21992
17616 18943
7994 17974
3440 11200
7686 13514
6687 13584
4451 10498
3806 21151
8728 10654
2653 20125
9302 11653
319 14996
2622 6959
5035 5671
11148 13945
983 4312
15908 20057
12140 14908
5864 15439
7503 17186
17832 19197
3463 19431
7523 19334
1564 23792
1721 7353
4613 20978
21599 22854
1608 14993
2082 18161
640 15411
3790 12238
491 4605
2062 13247
9980 16441
6998 14501
10573 24406
16343 16553
1816 5963
6930 10553
9856 22499
4769 15825
9353 17270
14365 17561
3963 23203
5884 22898
12566 23470
4925 4961
11878 21095
11061 13419
5958 22688
12240 13307
445 10739
2635 19181
21847 23935
2117 15217
4164 22436
14944 20447
21068 21238
6168 22975
10723 19280
13962 18850
2936 6415
20688 21893
6123 15528
16069 22667
4569 9956
3428 14084
1642 17302
6210 17935
17354 24358
2952 9670
6857 11098
15109 21486
8293 16321
12281 23853
12523 20590
1168 5962
1202 1603
11124 15654
2257 7171
8491 9241
5708 9557
20090 22871
2238 20627
12698 16531
4177 20292
1110 14752
4188 19855
12404 21143
20615 21870
3572 18852
209 13288
4489 20484
3123 14773
13282 22918
9934 21309
9521 18731
9991 16093
10800 23390
2098 9398
10311 21189
6046 18108
500 18181
6561 8276
6625 23739
11434 18757
4846 7902
15274 23010
16286 20491
943 19391
11558 23161
17186 23803
7130 15510
2610 19104
14573 23704
12614 19807
13726 20011
4797 15521
545 3920
19608 23265
2951 5779
2716 13261
692 11345
11165 13133
12592 21990
4837 12511
2583 17861
1471 14493
6419 15359
13819 19815
14669 20531
20625 21744
1660 7054
1509 4384
6108 12941
4383 7142
9413 15561
4510 15644
1871 3968
4236 20106
339 18566
2384 22125
5315 12567
17383 20073
876 19123
12863 17838
208 22139
4532 14001
12829 21820
20807 23943
251 12625
9524 18847
5780 20748
10704 14912
9207 16952
5938 13986
9555 16459
1453 23713
16593 21092
5718 7456
10578 10730
12804 14528
5472 23668
8114 9969
1505 3252
1363 8451
17858 19978
3640 19618
11446 12707
4134 9451
15321 19047
12350 19573
8840 22586
11918 19068
15118 23499
8943 12587
8604 18142
6923 21633
3789 8879
10143 18085
81 19214
8010 23748
4312 8976
3641 12791
9160 18604
10056 11593
12895 16254
650 23458
12299 19920
12309 19216
3808 16939
2994 13807
5571 15389
18228 24310
20359 21600
11549 12033
7248 8298
2473 6594
81 9384
4943 14853
495 2071
560 13657
13132 16266
13802 17647
15349 16686
15655 18048
10722 14376
379 13755
1596 15025
511 15874
5836 20798
13881 19455
3252 9974
15222 15568
7388 14330
12072 23929
10556 14591
20003 23341
3860 12915
6822 10861
1553 16590
20256 23567
1067 23707
6579 17935
10194 12728
1197 4488
2790 4876
10753 13426
8147 8461
19627 20470
1366 7522
1841 5658
11369 20602
6459 18796
3911 13207
706 14690
921 19952
1636 17562
486 9790
14856 15250
4103 14163
16287 23267
3070 6140
14292 17290
8664 21065
2426 19267
9727 11813
1465 3153
5899 13857
11331 20965
8395 18173
4695 21808
1554 23627
1064 17873
9199 11199
13668 23903
18252 20231
13935 20524
1654 21907
10041 19260
5316 22437
340 16409
8668 18386
13559 22675
16334 21111
4191 14836
7675 19830
3015 22925
1805 10792
13187 17724
4035 18377
5712 20107
15732 23640
17812 24089
8772 19610
2821 15266
6047 23565
6764 7011
6285 14924
2826 11522
7581 22689
8340 11266
20314 23821
2068 8947
18421 19012
4739 12272
13142 14327
4125 11158
1468 23311
3917 11934
23310 23349
9049 21565
1642 19271
256 15755
11269 17975
10503 14257
3298 22501
12690 15989
625 20210
5522 10715
5614 13273
19060 23991
7049 12605
18119 22562
6927 14299
20836 22339
10088 19180
11086 19028
4757 7092
549 22932
12849 23847
14989 23025
3422 19401
8226 22468
4083 16598
3010 19682
12004 20882
3413 3777
13038 18566
6134 13634
9918 19846
6785 20786
7295 15444
7735 9633
1436 20349
851 18260
12362 17860
1617 9800
18938 20568
4336 23119
10230 16512
16234 19803
13382 14162
3454 21662
8033 19733
11255 16942
9952 12392
20519 20836
3261 5306
14104 15292
12725 22761
1362 21471
1616 19004
7020 8907
16226 20281
665 7027
3701 15102
1083 17202
10517 12309
1822 21180
3301 16229
6425 24281
22489 23904
17214 24035
23250 24464
523 16418
3193 4338
21771 22059
3141 19975
8737 19822
10528 16215
7353 13006
20944 23641
2601 21770
2597 20643
4790 22009
4974 18517
3595 11382
13140 19941
19617 20303
3431 7159
6000 8599
9072 19812
4171 22799
2414 9703
6440 10487
4779 11439
11695 20695
4991 19196
309 18971
7807 13291
4869 20954
4751 10080
11145 14921
11751 20832
10818 20055
3152 10755
12848 23082
15112 17095
8753 22570
1894 15685
4537 6188
6917 21840
16524 19774
7712 23066
206 2812
8063 15953
925 21018
8503 18678
18066 22456
9340 18911
4130 18343
8831 17545
2786 18923
3597 4805
10890 17117
6437 8417
3998 5731
2896 9006
18498 23999
8973 12932
2353 24003
22026 24116
2397 15548
14641 18160
17442 23932
1191 14402
825 21765
7876 9534
13081 24287
10235 23673
14339 17833
855 16220
16172 19118
12063 17938
1371 16021
8898 10352
14790 21131
18830 23402
5756 13283
6626 10090
6908 7480
5664 19865
3760 10204
1290 21408
9826 10350
11658 14456
10329 20232
12236 19842
5650 11211
11876 16992
309 7237
884 15636
5434 24153
11641 15706
3084 4439
2450 7602
17810 22148
8638 20123
23063 23996
3452 17654
16630 23056
5201 19093
6674 20840
4167 19167
13491 20292
1557 19707
8573 9009
470 2693
6774 7091
3979 23986
21473 23960
13111 20892
5008 7378
15853 16480
17703 18401
486 23836
11089 11811
4298 13641
7191 16764
12167 14033
4558 16277
8021 18611
5908 9839
8323 15704
1920 22862
15079 18889
5306 23312
13684 17686
18586 20624
4181 19120
15699 18973
20226 21038
13199 22423
8634 14895
12990 15748
565 6173
10953 12653
5810 22726
22227 22479
5843 21632
12543 18989
10417 13210
18715 24233
78 14104
9614 12882
17578 20923
6868 17568
12473 14496
1812 8945
10493 18801
5973 12853
14120 19307
11640 21832
16686 22227
1583 10369
17767 22578
11642 15562
5493 8567
12706 18861
15820 23714
11604 20172
3900 8542
2654 7464
11615 23288
4428 19807
19429 23498
10839 13022
6679 13807
2093 13462
5394 16246
8918 12192
6087 10581
13 24213
944 15865
5590 14072
4856 12752
16171 16411
832 19441
2546 23168
16525 23792
6747 18782
1770 7962
566 6510
21703 23246
10811 20745
5003 20305
15994 23974
2219 8241
2315 8787
1969 24005
11717 24118
267 20476
9414 10790
14175 16411
13702 17814
21147 21680
5337 7345
156 14917
11454 14778
14757 23528
16541 16651
20889 22747
1611 2471
986 12862
1510 20335
6993 23447
3098 3668
1593 19801
1827 20951
15431 15913
880 9421
1418 17456
2805 21959
15913 17645
5194 5458
10956 21566
15 1785
1367 18482
17962 23745
16609 20305
1488 21792
3243 4377
326 9592
19528 20944
14170 18915
3030 23282
20640 21031
983 17921
12786 13841
18138 19170
2111 9638
4074 8068
10602 15930
8202 8319
896 16717
6401 18410
4698 15181
8381 18134
20221 20755
18377 21911
13984 21077
17027 17270
8732 22069
5710 6042
11220 24402
3602 22598
7560 24390
7400 16109
1040 14502
8171 23635
18399 22886
3119 19196
7087 22457
3747 8285
15903 21704
13439 22222
9517 20762
1474 15211
9873 17048
2736 20161
15472 21841
5608 11434
7729 8190
3577 11363
11196 24175
20622 22861
16601 21038
14227 18704
11697 19228
20579 21105
2282 10989
3295 8740
2469 8002
10344 17407
4015 17748
13206 23901
10454 22744
323 14832
10384 19529
7890 15272
327 14475
5298 23427
18400 22080
15427 22479
10634 16066
22950 24014
13160 21829
1456 22227
21143 23761
6296 7765
161 16064
17803 19792
316 24104
4306 7511
4881 22826
10683 16187
3702 9570
5450 5918
4682 23149
4240 18952
14029 22510
9028 16168
7888 21302
16870 19344
1438 8961
16091 23187
5213 11778
3501 19032
4083 16427
13330 18450
18976 20160
8127 13218
4210 17364
13801 14965
21406 23756
6528 12052
9562 17974
2554 20220
7398 19284
21862 23336
6797 10062
18055 22886
15000 17272
433 17816
4703 16863
15442 20094
3105 17999
11948 21690
5738 19198
347 8190
11714 12995
4042 11683
5031 23623
10906 14490
13151 15535
5985 18363
4030 5299
5944 6624
12878 14468
3019 20675
3298 6536
10592 20895
1379 3466
7260 16485
16755 17965
7697 23115
4663 15397
1129 4470
9537 20881
15364 17399
4212 22871
4037 19926
4953 12087
1470 1872
6118 18486
3445 11856
15189 17742
7241 16147
7381 8502
4449 8392
3168 9150
1187 21658
22450 22628
6726 14575
5140 14508
12443 13666
10620 11105
4920 7638
3562 22118
1101 2597
1948 9238
2096 20961
1339 23091
3032 22888
2007 18919
3662 23670
11831 24174
12242 22435
898 9663
2828 13044
8242 17579
3874 6018
5215 6468
155 11316
14778 17863
16487 22495
5012 17179
19092 23784
1216 12973
6582 17586
4194 18862
7002 23975
5154 12920
22782 24288
7917 13539
207 15301
2601 11088
2660 3100
16061 21284
4216 15618
19651 23213
2685 23235
4391 7479
11309 12251
8589 17846
5597 14187
6380 12980
1098 12164
7787 16569
3936 21342
2005 4393
2918 23131
8386 21802
2421 10249
4210 13965
12085 15213
782 22273
4044 24365
3451 23834
12048 12368
2429 12921
7214 23030
2180 19605
21636 23406
2011 7878
18630 21027
14640 14712
19851 22334
6506 17228
10457 16877
8659 13791
5709 12424
20127 20703
1093 19048
8498 23429
6402 20861
9011 20248
6473 17464
18637 19702
8322 14837
1522 24121
17611 23711
20443 20845
2813 16114
580 23118
6040 16227
12868 24366
1999 21731
8562 9020
1625 12536
665 18169
14735 22182
7056 18461
8225 12663
3953 10420
6813 14767
16475 24378
1157 1927
3086 10931
8724 13598
3040 24238
10011 17490
5623 16077
807 15064
340 24193
2392 19642
5982 13960
10302 15478
7080 7262
346 10809
9209 21620
8237 20681
3308 19387
2771 24387
6498 18559
2791 8379
4170 19482
17719 19113
12762 16162
2550 16952
2452 23125
2485 16670
726 19309
14150 15314
1840 17203
3301 9927
2171 15694
6613 20691
16462 21420
1286 3369
934 11351
5709 13573
3303 8068
11452 15044
4465 24138
13800 16353
780 19072
4936 14622
861 12224
2156 14673
3856 7055
18098 24409
6859 19464
4492 4771
8901 20748
7562 22622
6025 9165
7458 16236
693 8010
1553 18286
13629 20193
17040 19499
19307 20345
19226 20555
2478 21820
19570 21465
19637 23830
520 16922
3801 6359
8435 21680
15039 19364
20550 23326
1011 22906
6352 23231
3197 5788
12733 14130
4186 9369
16397 22270
22798 24256
10894 15408
15640 20825
14433 20006
11423 23013
2014 7757
8887 15102
1593 14675
7923 14846
3108 10253
1392 7133
2644 20347
7983 14746
18581 23972
7194 10515
6381 8220
15935 23830
5818 23641
4935 18621
18416 18965
10248 18129
2472 8482
3873 22270
504 1875
21024 22478
5439 18688
11017 18016
22780 23426
6106 6979
21254 22288
4058 10246
7803 16492
3010 21831
11063 22560
5783 6995
4916 14787
2462 14694
14828 19577
532 3146
2938 17535
130 4377
20010 20919
14721 23739
9114 11274
15866 23287
119 20093
5731 15236
1868 4666
19526 20591
8849 19054
11806 12266
14368 18868
1579 20987
9075 23864
12671 14487
401 9784
173 4591
2463 9754
4831 6559
5596 7636
5486 18665
910 22896
11517 17435
7844 14280
7910 18938
4874 23716
12779 23511
13537 21886
20638 20680
9656 20284
7380 9432
161 21063
5554 9596
14384 20020
11676 22739
692 13743
3297 16096
1483 23879
8308 9249
6315 10638
11724 22790
8750 13935
3516 17852
4058 5132
20883 23125
2077 8431
2656 10797
20937 23329
214 4488
5248 14580
15065 23612
5006 15652
2883 9737
11761 16122
22946 23082
535 18259
2222 13982
1179 4151
10116 21451
4730 16098
461 17278
16350 20928
3959 13130
17769 19470
180 9839
2141 6977
1094 22074
6520 17474
2688 9557
1101 9716
4288 15258
4318 17710
19868 22610
5753 18545
3200 19765
4679 8424
592 16204
1016 11269
1103 10569
5406 16573
772 22357
3606 6391
21889 22798
9102 22011
7469 22775
20850 24480
8583 13386
7296 10786
3184 22036
13987 15031
13624 24157
2322 5917
2727 15680
12773 19782
16878 20410
1571 6724
449 9845
15784 21705
1015 12768
7710 10794
18082 23609
4367 21380
15276 15840
9564 11574
6887 9133
6565 18067
7532 14202
2784 21762
10024 22384
14736 15058
3540 21499
12902 16240
7671 11191
6924 17124
3972 19713
4911 24195
759 15119
7106 7359
183 21243
8635 20406
16442 21012
13668 23835
7631 16420
5420 24203
2455 17327
6334 12326
9597 14956
7251 20364
11615 17694
2636 22034
16118 22964
11181 13374
7035 11953
447 10164
11583 13673
20321 21943
5351 6070
17396 19126
1568 11493
7188 21412
4180 16220
3272 21974
13164 24327
951 18565
1859 12225
7787 23344
9441 12492
16468 18072
2557 17357
19733 22319
16613 22553
5937 10478
13130 15430
1169 12641
8906 18514
17371 17770
6549 17615
5843 9389
15160 22255
1902 17082
3730 14811
4553 24108
16295 17634
5356 13309
4605 7879
7935 23378
2823 19555
9613 16336
1461 22473
15913 17702
2940 20495
10309 19494
1467 22936
17411 22008
4361 18906
4558 6211
10283 18914
12349 20245
20355 22161
2867 20221
8286 9994
2272 10220
11321 22775
1539 19281
9141 12312
14113 18902
6791 13598
9589 18529
13870 18382
1507 9738
1580 2015
10106 14402
6893 10580
17137 22573
5498 10034
8799 11032
1536 23283
7925 22058
8975 19179
12681 13492
14106 18375
6604 15758
5106 22554
6458 21321
13233 19541
10297 16767
3135 10612
3967 20835
13819 14315
11712 12147
20915 23020
8845 9289
2693 16440
19780 23097
6905 22432
4849 20092
12149 18279
9668 17393
3641 13670
8706 12677
10685 12839
11760 12876
2162 22966
10745 19677
16848 20237
7876 17877
14003 20095
15663 17137
12305 15263
15991 22652
6838 15718
15783 16417
429 12135
16627 21203
2616 10781
19094 20350
3123 22518
10281 21801
156 7670
3666 4865
5815 7150
2631 3309
9832 16205
4309 18985
4876 22587
2782 5507
18253 21963
2007 4890
6968 7463
8376 12161
5345 19598
4489 5696
7926 10602
5022 22358
5018 22173
4630 16002
16281 19194
9282 15069
10707 17127
11170 13748
5792 20848
2592 19843
10633 16584
5411 16742
15169 18211
15093 18635
5921 14293
3805 5885
1429 20897
12955 21532
4698 20105
3212 22292
15272 20014
100 8780
10897 21297
4739 16244
7474 23361
1667 21322
1032 15792
1560 17963
2367 22522
5037 15295
12204 13410
10303 17997
13897 23912
19012 22148
16443 20034
577 16039
5624 10040
20334 23790
14924 19595
18130 19612
12762 16763
13267 17228
11614 21214
4332 14604
16319 20929
7762 23147
4004 5258
1745 17089
7910 8155
1660 12887
12457 17368
3396 15658
7883 11366
3029 10385
16982 21514
5769 14602
3587 18381
4740 9358
6039 15857
9672 10246
85 1537
6562 18833
792 8756
19918 23089
5534 17504
12539 14751
12474 16265
9246 14372
443 7645
2377 18271
7010 24284
4400 15954
18888 20275
14501 15053
12407 16834
18913 20411
11129 11392
2076 6624
2859 23592
14837 19045
17652 18057
5256 8229
4109 23536
4760 23900
4467 14464
16748 18965
2330 11968
5319 21148
12807 23518
2384 15083
1204 16029
9850 23343
5173 11199
3237 21674
18549 22913
17128 19447
487 21503
914 2130
9512 17005
3992 24336
5306 20675
8542 10508
12983 19774
4458 23385
12706 19723
16829 24200
5881 20591
23664 23979
10683 12152
1104 14846
3995 17227
101 14895
7286 12307
1407 15491
165 12785
3066 21929
15003 21199
9702 10759
1446 8368
5717 13691
17285 23172
20042 21951
13849 21828
1843 3702
18446 22059
6051 20900
7185 18526
483 15497
361 10495
3658 5109
3023 4576
17050 17092
13322 17912
66 22868
3550 9660
2648 18060
6264 6918
11428 21275
7737 12102
7454 23999
3303 14498
16623 21659
6714 19897
3920 12239
16564 21199
66 16035
8375 14646
13841 16678
6684 12762
6844 17035
866 17570
13509 17854
5880 7488
15030 16182
3120 23701
10073 14969
18433 22210
13299 18267
7132 19626
22081 24440
10432 15594
21570 23957
6243 7008
9981 20822
1597 9520
11591 13573
3629 17248
14542 17867
881 19373
5760 18349
4397 24236
17411 20482
17083 18235
3445 14250
14803 21096
18856 22468
9884 18330
17736 21645
4449 23985
6754 14188
12448 22891
395 15434
12955 14493
12333 22194
19406 22697
13912 18785
6961 22499
8775 23095
17067 17295
14666 23721
936 17279
2053 10704
11965 19208
5200 16667
6489 14160
2192 16147
3373 11937
10723 17672
11068 16860
8032 13552
7964 15250
8518 13714
13153 13794
12737 13081
2588 10603
7112 15319
1499 7206
12951 23933
11190 21026
7106 17943
20473 24253
2535 4915
8333 20810
301 1383
1984 21234
13558 13804
18130 19179
5785 8296
4851 12776
3948 24235
15299 22185
15069 17262
9675 23659
8377 23895
2877 17398
281 19592
4177 22887
18407 18814
6292 21501
9529 12375
5844 23213
11136 16124
15339 18180
12431 17014
7872 17257
396 16796
9301 21982
8112 16896
10409 22754
6250 23922
3480 11110
4886 23004
2503 4671
3464 9258
19964 22444
6653 21621
15024 19508
17092 24138
4636 14809
6774 12627
2741 6622
11566 13755
14074 17751
9551 24218
17995 19072
16104 21795
4091 21707
5857 6739
485 2134
8074 10001
11019 13244
4592 23993
5764 20793
10849 18052
8758 16694
1912 6132
12074 14920
3561 3702
2710 18554
2153 10729
14294 15744
9607 17383
15505 21921
9373 19522
5164 6279
13156 19822
5484 16653
9219 19001
736 7704
8499 21840
1161 11276
3464 20608
8728 17799
11230 21967
3715 21296
9228 10614
295 3938
14718 17961
948 12972
17381 20342
11899 12037
6674 21785
896 19599
22236 22785
4139 18390
20082 20156
13639 21637
20874 22755
648 15320
5920 8692
2852 5222
7359 17060
4200 24147
5271 21220
1459 8626
3616 8312
6429 7038
5524 7506
1910 2539
9108 13414
13743 16120
4657 22246
12384 22998
19 11337
10637 18956
16942 24394
681 17514
15478 16279
17851 18680
1237 14772
9189 20727
2226 10691
3040 12397
3508 18446
2591 19984
4497 8498
408 5824
5811 14841
19968 22362
1437 21545
5439 23315
656 22128
20982 21217
17934 21088
6776 19967
3531 6943
238 18911
18292 18868
3451 23313
11487 11680
8276 12681
3435 7501
8916 12512
14340 18524
14020 23735
5685 18150
3426 4839
13080 16369
1979 7971
1911 19256
23683 23799
11894 17008
1105 19328
4544 20033
13662 14109
3535 8381
4300 21171
7767 15931
12875 12975
69 10893
8182 21998
8569 10887
3588 17515
10554 22893
729 2308
5522 10902
1245 11663
15 6343
5069 8337
21000 22477
16617 21627
12298 20489
13850 13982
20681 23630
10868 21959
14624 15746
6750 12100
11949 16108
196 8991
3765 13659
6990 15784
4703 5322
498 9655
10253 21984
13199 21580
1947 10800
8102 23327
12047 13305
3 19897
120 17512
2646 14901
3673 15923
1055 14511
10327 16394
1630 2485
3524 9395
20848 21802
9120 20069
12501 20938
8721 16212
4568 19150
5897 19058
20406 23943
4646 15686
16915 23655
662 20853
10596 13557
10976 13469
10548 20776
3189 12171
11447 23745
4056 16220
4561 18007
16019 22966
21786 23655
2303 5789
844 12197
11424 16703
8498 12412
19630 24075
13604 22685
7417 17884
11856 23570
2330 13421
3029 11258
16806 22450
11219 13312
7815 19774
12520 18473
4156 20337
12562 20038
5541 22599
12785 15057
7398 10395
4570 15542
3555 21207
940 20633
3128 5775
4611 13224
815 21431
78 6862
20008 21323
7351 9177
18729 22351
4573 21442
18600 21883
5776 17956
1 20565
11290 18738
5344 10928
7119 14835
4941 14044
7843 8011
1428 17709
2224 20033
4714 14362
5751 13743
17304 23423
12660 21520
13997 16833
10564 12053
1116 16539
9076 16078
18921 21643
1353 7781
12853 15254
3162 3196
8119 9241
2180 7679
16422 17016
1982 9053
11888 23621
16347 20772
2898 4117
1557 12985
5153 15271
12824 13082
18672 21487
20333 24232
9792 11190
6464 12985
367 8308
14526 21790
10645 24075
2628 16514
1343 8689
22045 22374
5311 14641
9517 12883
12085 18198
13546 21984
5904 14444
3707 10041
842 1570
4106 19053
11110 22511
309 1757
17446 23814
13010 16899
5654 17333
15221 17513
90 4840
14417 21513
10830 23260
9014 23586
2934 4112
10814 19137
8298 21336
19930 22036
7149 12113
9859 24403
22642 23515
4576 10323
9540 24191
3362 16608
5298 16996
8375 18643
6622 11374
15528 23087
16883 24489
105 9348
5627 13904
179 10121
15461 16330
21178 22250
2471 6813
14142 15648
17037 23173
1081 21235
9011 16209
13803 19229
8940 22782
9713 10102
2401 17833
1748 9913
8030 16669
10362 23430
17892 23778
8452 8577
5998 10157
1296 5642
13958 21461
19452 21470
19796 20907
11263 16512
6161 16139
14686 20875
10477 16436
8405 23175
318 4104
3480 21738
5279 11437
8699 10302
4719 23511
8438 19508
12212 16559
8522 13682
9025 9509
562 2503
8743 9201
6663 21619
9217 9866
4880 19647
4280 22116
16479 24014
9386 15306
9312 20451
5478 20090
3374 21158
6673 15424
8703 13454
18198 20721
9680 12327
1522 12738
5124 15669
10681 16390
15708 23969
10818 24391
11598 17791
5353 22873
6234 22022
1506 3310
11638 23775
2227 19200
2767 7141
16669 24358
18678 23186
10285 22373
2428 10357
6444 8879
12271 21716
3554 4318
15372 17378
18376 23211
5770 10025
3001 10390
12069 15359
13192 19337
11955 21369
504 16088
7609 17002
14629 21196
4046 15724
8803 17913
16248 20721
3118 12130
774 16202
15525 22066
12440 22061
3039 3139
2826 4262
1893 21873
13599 18447
17767 19727
4129 8273
13465 23149
14124 19492
8058 22577
4660 15290
7044 17238
3904 15532
10960 14777
4037 4529
6255 14796
130 13029
12550 14022
8029 15800
3276 15615
14748 23954
1506 10889
1588 22311
4631 24098
6206 7905
3070 10331
5177 6033
16293 18601
11291 14096
21409 21616
5346 21894
14178 21462
6164 14224
11790 19595
11627 12642
11120 16028
8725 14726
6746 18311
969 10236
7562 19385
8001 16365
11055 12091
19282 22143
6107 14656
9553 14315
16195 17635
1867 12045
7021 17553
15264 16480
13653 18230
14789 16911
6632 9414
8397 22241
6718 17809
13526 20019
3929 8472
5004 10390
21312 21939
2768 17444
4287 13208
8047 11787
14842 21462
6 1009
3591 16627
1318 9800
934 3020
7364 9881
10950 18923
9524 22675
5497 13268
9665 13589
11572 24334
1292 8283
19891 23107
16667 22864
874 24202
14657 15245
2434 13370
5809 19430
2248 6024
3810 23464
1811 8365
2913 13723
2244 18718
1496 19513
13517 20728
21263 23000
4968 17428
5012 10437
139 5051
8420 10651
360 9161
1654 11456
15002 23829
12731 20446
3502 7063
12716 24024
6435 10580
12076 17301
9160 10675
2789 14397
835 18054
461 18196
11751 20412
11128 24078
3594 9317
4231 16065
708 17027
10104 15108
4429 21512
4662 10125
730 4435
13086 21910
2441 15032
10630 22247
14450 16086
6060 17749
5147 21856
17053 20325
14293 18033
6690 17566
351 12520
3147 11746
963 17622
1730 9111
8023 21976
2333 22141
10698 16558
9880 21362
11371 21195
9469 22016
8049 18192
3242 19737
3717 17654
18570 23949
12425 20610
3299 9089
14182 20496
20972 20991
13286 16016
6252 19323
1752 22683
10650 11778
2358 4940
3561 17541
4051 6051
6131 13580
12584 13767
10924 14606
7890 10221
8964 20660
280 3741
558 15194
11531 21446
7205 14809
4879 9105
15920 21943
3216 6039
12463 15881
15879 20448
843 18958
9054 12913
4213 8695
4835 13692
5005 17779
9161 10011
1611 16165
12982 15415
8754 17263
3789 9654
8859 10181
8520 19831
3031 7634
7350 9173
8209 20615
15700 20238
14705 20621
8297 24274
7255 19675
4371 19012
2097 24291
9579 18453
19823 21237
9880 21648
22835 24075
1255 11389
18104 22740
4059 17428
12512 23613
18630 20177
2083 7247
7135 12243
12000 12052
11620 18233
4678 20220
5392 15251
1381 16765
390 2508
16815 19507
22009 23460
6378 6925
1580 15502
6366 12222
11211 20128
15533 22555
13494 13786
1912 3899
19070 24184
7725 20924
5912 23392
4983 15623
3455 3760
2050 8247
2190 13149
1194 7650
11179 12754
6333 24195
15663 18913
13926 20492
58 3617
56 24427
3466 9321
19812 19815
13398 20293
51 6623
13447 19604
17505 23225
1575 8386
10330 15529
4853 24242
3630 4426
13996 19459
6317 24085
1411 14390
14312 23767
7428 9577
498 1374
12339 20508
6946 8282
12304 15536
14677 15289
7432 17558
17926 24229
21777 22568
11037 21078
3119 19295
9002 19370
1059 19145
8548 19857
19268 23286
11963 22429
1357 19852
8094 23174
12314 13167
1091 6480
15511 17732
13932 14872
17788 24405
11950 24320
12135 23554
1423 21306
17273 22612
8707 17377
10020 12434
8367 24032
844 17902
2899 6063
1634 3833
2098 11750
13571 24435
23394 23743
11309 12949
22419 22865
10987 18680
4906 18691
9473 18951
468 9172
10670 10965
1840 11599
12938 17539
19202 19632
16649 22476
5937 20391
5791 8104
6449 10731
9055 14248
10577 22116
15154 23076
21948 23249
14163 21203
14293 23425
2596 22159
6684 13114
7662 12267
8505 19481
7525 22411
11063 21262
1407 1819
7331 20388
15358 19370
15040 23926
5776 13613
4691 14314
14042 20370
11410 24348
1198 2218
7314 16660
9264 16352
13119 22214
15375 18873
2765 20665
2587 15289
5457 9710
7933 21596
7837 21361
2629 7268
1024 12674
12335 13881
12388 20450
18611 23298
8864 19570
3262 17019
10595 20301
10679 20063
6460 16575
5769 10424
5850 14662
3295 20761
4821 16769
19147 21218
829 8509
3923 12937
11260 24335
11377 14297
227 2121
15519 21101
8895 10619
17401 17719
127 16061
17622 23118
18942 24452
16660 16680
5888 23552
1655 8919
16112 16506
3149 16982
572 20834
3343 17117
19731 24434
7400 19167
7502 10229
6009 13641
12957 13915
17261 22697
4873 7696
10480 12886
10215 13190
5616 17392
494 906
813 8154
5677 22520
10625 11622
15299 21009
2281 4481
6643 20697
205 18616
913 14685
2348 5733
13072 14324
4260 22368
16082 16170
4883 21478
2473 5810
18191 20772
4425 8241
5078 22954
13685 19672
2081 3430
8588 21834
5733 11189
1459 17016
4383 14883
2147 13667
5471 15473
5339 12140
13911 17724
216 1928
14702 17483
5268 8389
5002 16270
8081 19743
9208 13054
8010 15981
12427 16897
9305 12127
3834 14818
13386 17730
18735 22044
7236 7357
16746 19098
5582 6448
4567 10916
21851 21859
14858 19852
11634 14718
16054 19757
15853 24150
6847 16207
1408 21864
2397 15792
4768 22948
8933 9057
3224 11547
4339 22205
10653 18716
3948 17492
3178 8482
9784 15814
2332 22809
6778 23043
11229 24027
2919 20196
928 6097
17947 20315
16295 23967
8911 22457
19886 24185
6632 13760
13571 23513
11036 21342
16863 16966
12487 16447
11229 11692
8473 16650
1146 3718
4766 16989
9285 17148
1519 5621
7261 9657
3156 19751
17373 19549
19450 24144
18133 22420
6073 11528
8998 9594
4740 16629
1955 5187
5921 9215
9466 20790
8835 18344
4887 10223
13986 19813
3225 23223
4114 7813
2446 23299
33 10178
6443 16829
6142 7580
6139 14728
5722 18878
8607 17876
464 14053
6102 24028
9594 12116
5981 22637
7568 18568
16560 16959
15611 21801
8655 13298
3712 15572
11155 22196
4244 22327
1558 22618
20982 23683
6842 8138
16005 21315
5783 9854
9659 11798
3504 15731
8161 23457
21214 23794
10716 24128
1584 12949
4342 15395
16166 18353
13780 14594
16629 23048
1444 9991
10977 12116
10273 23700
15615 19462
946 8854
2299 14587
7888 21181
1119 17262
5055 15739
3839 6780
215 12567
12853 13480
18596 23539
649 20474
5149 15939
513 10502
11844 15640
8192 18169
268 14907
2001 7028
3211 8532
1072 11985
1259 16329
264 16894
3969 14341
13192 20306
6021 11923
2811 19576
3550 3845
771 23759
4549 23676
976 8662
7110 12308
2085 23974
6234 21875
2785 7694
18636 23086
14589 20519
2710 20159
9786 17875
215 729
1404 4499
9859 17338
10306 14350
4971 21563
21294 22585
9653 24091
21298 21952
9821 23401
6045 12730
5530 5622
3006 23211
4102 20296
11324 17570
1845 20737
4065 9957
2743 4576
1700 20541
23032 23636
5230 19383
20788 20975
3107 13663
10448 16906
8607 19463
1174 22253
8971 22923
4580 20666
9535 15234
3103 21749
16046 16639
3426 14056
14449 16049
481 21324
4675 7022
444 7012
246 17342
3347 13436
11367 16857
4476 21032
10041 10582
11443 19615
7122 19863
3454 16163
4515 9149
3339 17430
7914 16494
7688 8739
17507 22515
3114 19661
15625 23485
2150 7767
10224 22117
1413 6613
17190 22284
15395 18414
17687 17896
6645 16446
9128 17526
5747 14230
12953 20569
16814 18326
2784 20059
4985 10702
19292 21818
7344 11331
1985 11865
799 4292
18398 23276
5665 23253
20449 23852
3188 9484
413 13243
2082 14441
1402 1998
22135 23187
471 13390
16778 20963
8850 11872
6706 13392
3571 15513
9974 23346
2180 12127
1476 20139
5492 6517
13473 21266
16863 20818
6012 11086
8522 18177
9103 18176
14319 22640
20864 21636
6612 21816
7177 11988
6084 7323
4927 20582
642 18052
7105 20386
59 13560
9949 10688
2323 5271
9040 15939
6690 9203
1610 2802
5451 11557
9168 16765
1875 19832
11416 13984
9482 15460
2487 21102
6830 14693
2921 11211
6186 19096
12918 14466
5899 24030
8503 11284
402 909
12197 18744
2843 11146
11975 22391
981 19526
6020 22517
4671 14954
17544 18288
6270 23256
12165 23668
16289 21347
13292 16769
22207 24174
4392 7807
1488 14614
15976 17639
14493 22660
8216 23718
10330 18523
9640 16937
17074 21695
4659 19192
9284 10446
10737 22361
11736 15532
2975 18606
12436 15697
2634 20380
2914 4948
5522 13644
11005 17687
1336 5624
10012 11857
17961 20284
3159 12183
1528 10841
3728 5561
9962 20194
7782 14928
8982 21741
393 16116
7559 23931
21907 24321
8698 21050
5723 8503
4602 14126
4748 22616
12530 20026
11033 14614
297 16203
5324 24300
2893 15967
2596 19834
1303 4262
4879 5047
908 16897
197 1726
16745 22578
6090 16542
11886 22763
15781 19637
9838 16490
14835 20939
14072 17461
9206 13453
12611 20331
2136 17379
12662 19051
9138 17022
3610 19144
9920 14388
984 11783
12041 16251
2452 3383
7827 22577
10450 16629
18838 21904
9180 18905
14120 16993
11229 12154
5648 8714
3767 21246
3987 12119
10837 21003
15470 19874
18070 21307
631 12776
17218 17821
6049 19514
9989 21964
10005 12490
4599 9088
7576 9343
19 10008
5752 19058
2138 8948
13387 19506
3932 11394
10429 14947
2236 6710
14687 18207
6567 15858
7835 16874
11066 24093
20228 22101
2811 4918
12957 23296
4376 5802
9704 21201
12082 16240
16695 24315
4782 9844
3046 9240
6221 16151
13218 23845
14651 21582
8275 18896
745 16330
765 1684
5409 6657
4084 24312
15855 17761
7146 15543
9941 13862
4761 9656
7528 8773
2622 7436
12383 23051
8416 19256
4831 21337
3559 22472
5097 7628
5370 21820
14325 18504
4483 9196
4092 16329
9038 12991
2032 13671
16988 22523
1637 13164
1186 3415
312 23969
6208 21739
3314 23984
6597 19074
10463 14931
1916 14097
6607 23908
10957 22654
8957 15999
6532 22312
10877 13755
1988 9469
2554 17600
2457 19573
74 11166
5638 19786
970 24361
20359 22694
12414 20816
17709 20760
16397 21548
1941 22141
5913 18534
7537 15482
6375 9809
6627 17880
4657 4953
2639 23577
5445 21255
6433 23331
6945 9114
6371 13278
1740 22589
2846 14031
16351 23820
2147 10513
4808 18455
4818 18741
18305 22886
3028 17699
6806 22331
12445 21267
1041 9558
1773 2570
5896 18999
163 2028
16143 21346
5140 11601
8953 20818
1328 21000
1883 12092
4521 19564
6557 7000
9230 10908
5863 6205
16085 21642
15891 16825
5898 17918
842 1520
4950 20929
2484 19722
12522 18266
9331 16221
16783 20411
8119 9330
7799 23932
9171 16740
5224 20954
2503 16882
12672 17746
2734 19121
14620 20046
10670 20665
864 7720
7955 8291
5062 11208
3320 9430
8324 13395
3347 19942
4876 24072
4469 8876
23038 24272
7990 18890
16507 20429
8746 16989
1933 13410
659 10885
3502 12849
5927 18221
12062 24120
13895 21891
5762 24385
7599 20689
14491 24140
1219 18748
22978 24482
14617 22063
4262 23229
8645 21100
1249 21883
3379 5318
17934 20153
5925 10800
2983 18752
405 14146
16406 20701
1424 10743
1556 18154
10889 13377
794 10578
1784 20862
4861 16086
5811 14056
10067 11476
18754 23856
9766 10208
9946 11928
7513 17230
8858 10295
4686 18803
12989 23607
4774 5560
19227 24299
3712 18775
2104 19242
3538 6060
3035 11475
12616 22687
21463 24200
12812 13457
3667 14010
7397 16008
1668 16836
21795 24252
20016 22197
22883 23557
12716 14640
6509 10991
12294 15333
2334 6284
707 5155
8944 17055
5129 14528
1205 16213
11212 16976
2991 9176
5625 10913
12765 12920
13388 19099
9404 11247
17431 19217
582 16475
6349 12898
5400 19662
17706 18537
352 4157
10656 17224
4871 7554
255 8346
14755 16736
237 5379
390 782
18004 19316
3052 15899
13716 14177
8719 18407
17749 22108
10789 13653
4227 8045
945 14910
23940 24382
11470 21592
14059 19547
4440 8113
12346 19565
2714 16905
11485 19281
16755 16858
122 6933
10710 12961
13809 19245
18661 23826
11165 17139
4309 12801
13617 22765
8639 11143
3559 5815
5751 12758
9548 12581
13894 19778
13707 17286
13523 23375
18539 23350
16113 21887
2246 13711
2922 14802
5055 18873
3359 15458
9156 22153
13219 17357
3579 13236
14200 23826
10959 13383
5557 6500
6123 16639
13445 15272
12205 23410
2539 3085
4335 12666
12457 20933
406 13654
6293 15125
8448 9183
11614 16914
2836 15788
3445 14546
17235 20917
12236 16985
5661 18017
3250 21741
10146 12391
12645 13678
834 5002
14289 23893
2460 18537
2354 22414
1063 11465
13950 15452
7822 10272
16386 17073
2641 16929
7423 24038
9445 19895
13558 14631
22878 22927
20838 21934
16795 22475
3213 5192
13183 20073
4212 20515
11029 12368
5345 9227
20353 24335
2176 6645
17763 20193
3337 16952
5521 20886
1401 7441
963 17672
11521 17622
15981 18464
8456 15744
19401 21826
1364 12332
9436 14005
2466 11210
20183 23409
3090 10884
6154 18482
2311 9275
631 6012
14948 15884
12048 15462
5869 12800
5154 20131
7292 12489
5018 18225
11211 14222
10515 21686
2828 4652
6839 13810
5965 7779
1918 5219
7391 20494
6557 9522
26 21719
9240 10231
878 7067
8772 22273
14257 14286
236 9775
5572 6436
1163 13679
5379 7088
2687 12652
1112 13046
10742 12827
2900 18102
11850 22570
1324 2222
13775 24299
6016 11782
18622 22063
267 4662
4058 8082
8621 13242
21728 22172
10496 11934
3856 4343
108 1048
6111 10014
7777 18609
10418 20389
14083 18990
191 10438
4959 8271
2253 10607
9896 10241
3123 13586
13051 14592
1050 8381
11261 17026
5287 17159
12452 22317
8380 14825
8773 24444
13556 16938
11384 15916
3737 8412
7823 13958
15778 16790
8030 17057
11711 13549
23005 23814
2841 18485
12317 20990
14753 22318
11925 19589
6349 6909
657 20695
13270 21337
1671 12531
8167 13466
6632 22540
5560 20661
6551 20743
438 13906
5063 12079
4548 13239
1136 2809
13466 19649
8651 19394
9608 10795
12752 14678
2933 3357
21127 23868
4257 8758
4665 12384
6740 17773
19501 23932
1689 15938
7079 10341
21145 22830
4431 13973
7032 7140
105 19791
10835 16903
222 24454
13637 17612
15356 19787
335 3325
12162 21860
22989 23492
18501 24205
17345 24362
16185 23774
5093 11175
12924 16107
4700 10039
4607 13207
2050 4411
6067 24087
7579 23654
10864 17048
15954 18346
7648 21774
1233 22631
13958 23811
19935 21539
14589 15787
8731 8922
14061 17029
21747 23185
7284 13717
5461 7842
4749 24113
276 860
2044 15118
13512 17810
460 1767
2256 16088
3485 15822
14441 19968
1850 22189
18927 22266
13824 15146
12139 17069
7479 10140
6791 14660
17075 20206
11615 23179
14180 23203
1781 2349
4571 23742
25 17793
11334 15443
4952 16087
3386 14659
3205 20604
12283 12779
21452 22913
1523 9672
944 1838
16418 23356
1791 15680
5090 23009
5628 13450
9184 11805
6557 14013
13101 14756
11641 13868
220 13180
5726 19837
4954 9994
813 10826
1330 13494
4812 5190
8122 14771
11178 12549
9032 13536
2212 14755
13028 18544
7118 23805
19530 24226
14473 20777
3193 4727
2899 22266
7007 23196
12193 16605
6697 9027
7878 23347
11352 12733
5008 23009
4 19920
2114 9472
5123 16019
11549 21109
20822 23618
499 15868
3635 20015
6536 10294
1716 3769
14417 20376
3932 9963
4422 17048
13579 14587
18707 22339
2119 14291
5236 22443
11514 20949
3103 8244
7714 21877
5049 5501
15141 22169
19305 20003
228 8373
18406 19787
9804 15685
11831 20748
10512 14303
12131 17132
5882 11116
2173 21331
4418 18482
6199 18622
200 351
164 18060
7300 12570
1620 10581
11487 17835
14836 23896
15249 18729
4633 13523
5589 20489
496 10949
1315 11436
4126 8304
10136 22513
7431 15790
9651 11724
6615 20611
3657 23638
9280 17443
238 13278
14420 15406
20092 20305
9388 20651
5496 17798
4805 6767
12122 22523
1773 8485
7125 10720
19672 20981
1973 7383
9510 22454
3741 6432
2171 21464
183 15556
3284 9669
8918 23736
18577 21479
14900 20019
472 9145
694 22330
16206 16356
18818 21595
6479 18233
15842 24350
1446 18965
1415 13096
8025 14004
13015 18374
16120 18286
4819 12949
2019 18483
12023 21837
2386 16088
10974 23696
4048 23508
977 6734
14763 21829
13320 18509
7329 22867
2414 20150
2186 3711
3409 10537
7940 21425
8597 18369
10242 19508
7190 19351
8450 15171
10295 18824
1999 19159
9861 19121
5860 6743
13015 22293
1404 21395
13460 21032
976 22191
4069 11547
2563 7268
7958 12659
1826 10616
2225 21708
8625 13194
714 6788
14955 20930
12538 18279
379 7592
11319 22018
19531 20994
19733 22169
6787 14100
8480 14861
5449 21357
19576 22515
3686 20280
3500 21146
12957 13851
19045 23334
2570 14931
11261 14181
4339 14448
6539 10827
6056 6679
15267 16341
11096 24207
14855 19311
13446 19755
4404 19710
4853 21441
2526 16178
8932 13432
2207 6182
9282 11259
9173 21297
8401 9736
5261 13275
12912 23190
18950 21174
19939 23180
11298 20326
4599 17573
903 13391
4377 24138
122 10053
15499 19210
1140 7893
5904 19590
4488 17612
6483 7363
18061 18486
8305 23296
13312 22499
15609 17099
13735 22427
15025 17691
9064 13202
6084 24205
8669 23102
8639 9654
6312 20146
507 17416
3842 6244
20818 21302
17732 20173
15601 19752
20223 23448
6967 7456
4111 11152
5522 20547
432 16194
5422 9234
16877 19579
18476 21274
12601 22678
2825 11060
8353 17068
14432 18538
1036 4816
1999 24453
6652 22616
8595 16274
3262 11646
459 11349
10134 21284
719 5658
14537 15462
1336 16822
10634 13677
10607 20237
109 5387
12501 22792
4423 9352
1917 16030
6950 12608
24364 24448
14022 23613
7173 7315
15026 24049
13323 19103
1627 9672
19788 22655
11313 15119
4193 13065
10147 16226
2285 4306
3976 18527
13796 22087
2958 14087
21141 21951
16641 21710
11617 20101
2380 22168
12568 19855
15585 21519
9536 22920
12997 17508
1072 18558
9011 21326
18855 20227
5816 6859
1390 21036
4777 10750
6662 10637
17558 19301
10332 14233
12861 16909
13875 15986
6102 11333
7972 12925
15146 18269
22517 23665
2162 9406
6524 22102
10561 20904
4911 10307
5603 23927
666 15038
2229 21586
5344 21563
2285 2707
1212 21298
4923 22608
4684 17285
4260 12521
6284 10372
9699 19875
5882 8920
8597 9956
9876 11640
1832 15870
3615 22584
10289 15161
646 17480
13049 18225
12034 17425
8981 21745
4116 17765
10730 12679
7758 22126
5695 11497
4087 16238
2312 14043
22411 22856
11114 23861
8007 24345
861 15764
2985 21912
12185 12345
13325 22483
11258 14537
1355 20845
4139 4502
8050 18214
5649 12330
19893 24168
20214 24182
13325 22807
2335 4950
15241 16399
2288 15971
6844 10545
11966 15586
11529 12833
8075 17615
1867 7069
738 22775
7013 9916
7381 19206
2981 8052
5498 10692
11556 22404
10504 12095
4617 10444
1266 18692
16724 19886
224 11193
6604 17219
5298 16529
8410 14514
9425 14714
1818 5218
961 13876
13114 19368
13952 19637
1066 15221
10858 16313
8825 21580
11495 16254
7219 20938
14986 21448
7525 14404
11476 21389
7729 14576
3418 7181
1866 7457
12312 18067
5226 20065
14470 20236
786 4901
10525 23804
2360 21735
521 7334
1776 6627
136 7429
4066 23869
15216 20720
3039 21411
3805 12332
16344 17298
16324 21321
14417 21673
12277 18854
13121 23020
62 16752
17046 21490
413 11000
10865 15758
1535 14612
5016 8327
18647 24403
4078 14878
14756 20452
11795 12170
5594 11156
236 1949
15212 17157
12330 15953
7523 14179
21039 22354
3804 9599
9711 16211
6838 21793
17489 19945
4748 5006
9448 19853
1749 4565
7463 24165
16757 21868
1472 23041
2046 9758
2943 18853
4476 9665
15608 23879
3267 12000
7525 12249
6962 13060
10247 13975
15096 19303
1624 17664
6308 22553
8185 13207
2614 9646
10502 23702
2824 9736
3812 17643
9172 13328
1858 17895
84 7027
3228 11266
11160 22615
12438 18802
8139 22607
12689 13379
9162 11595
14168 21355
825 8402
2618 20977
7070 17352
5256 7844
541 9432
206 15484
5776 19833
5973 22638
19308 24041
2063 16985
4304 20646
2217 14206
3189 19068
11039 13680
7188 21405
4236 24155
11152 14241
682 17048
20883 21891
3030 8619
9804 13379
144 10331
973 10896
10572 12681
11303 17753
3478 17681
8650 17270
13265 15836
522 24357
12795 19417
9898 22007
100 7263
2680 15772
10839 19824
13300 21129
10574 22148
1903 20194
1640 16985
1875 18210
3728 16717
11556 24383
6860 14010
8019 11925
2112 14531
5610 11826
656 10776
9965 20880
1387 19476
4459 17060
21007 22717
18890 20899
2222 24119
3409 6369
7567 9330
20175 22273
13810 18566
3755 9983
1621 15032
15473 22435
12902 15385
8572 21015
8992 23166
6282 7253
13489 17304
14230 22703
18283 20574
2224 7445
15972 24017
206 4562
1671 21433
6706 13778
1764 6873
10292 12366
6960 16615
6469 24224
564 19362
4195 16171
8333 21652
15833 15917
18268 21098
663 6700
10503 24441
15506 15820
5450 16381
4341 20541
14785 24095
5754 6020
4444 7599
5348 18406
8918 24024
1671 12079
1390 23559
15469 18306
8879 17782
11575 17180
8091 8754
12425 14515
6650 14960
3672 8430
2810 9984
10546 20814
1566 23854
960 15857
2331 13911
7452 19927
576 20835
8967 17655
2078 12990
17726 21505
2486 22561
16627 21614
7132 12028
21242 22030
3491 6934
5185 6982
7662 19808
5235 18464
20873 21783
5264 18995
4252 15382
343 6382
19399 22377
746 12352
1092 17957
2667 3915
15314 22075
5894 19494
3097 22289
978 23692
4312 6723
10670 11376
6073 16491
19469 20449
9349 9375
4539 19041
14856 18661
8235 21077
7891 22391
7193 14254
1047 11250
1929 10690
2209 15210
15336 21321
3596 12824
16313 16530
9446 16582
8675 21157
5606 7813
4813 13455
8298 15703
5839 8172
4603 20219
3832 14138
7553 11232
6166 23721
1309 6745
5854 20881
5051 12660
4012 16834
14102 14200
12066 15601
14127 15111
10885 20525
5567 15398
7803 8258
1049 13637
7305 22888
10385 10868
10857 18547
60 9283
12900 19362
15496 20661
3743 8149
6552 10927
3756 13293
22898 23923
2941 23485
610 16878
2081 6649
8952 19508
11363 16311
1985 3213
9124 18419
13045 16389
3738 5999
7007 9368
1406 2579
12499 19475
4322 4555
13816 21935
1782 19682
5597 17842
42 19696
11794 12335
9073 16574
15579 16188
11582 22951
9958 21223
15743 18755
11703 15662
9042 13796
15754 19091
6794 24373
2612 8807
1377 4472
4138 6023
3484 8153
396 5636
8053 20669
9881 16549
2255 20060
3205 4023
8196 19409
8554 15402
1010 7248
14458 19048
3733 15171
11432 22926
4674 10322
4889 16705
242 6489
6544 19568
10337 11868
8613 21588
816 21843
3008 14439
137 13198
15200 21979
102 22039
3884 24000
14152 15677
6216 8549
21269 22621
12221 21014
1504 22285
8812 22497
6711 16233
7765 21870
3189 17450
1609 17806
10171 14437
9661 14694
431 17617
11233 19940
17121 24133
3227 24159
15860 16654
662 17172
7284 21872
13229 19667
6068 22201
8763 14367
4037 18543
13443 19909
4653 22244
10544 17957
7129 20097
4700 13527
7951 12102
13858 18537
13304 24006
5035 18359
12531 15412
5496 23977
5917 18373
9205 13463
5467 16988
15915 16847
6314 8781
900 17235
3204 11026
3063 15191
19982 21204
695 10120
3758 8133
21021 22096
6539 19749
1999 12682
13942 14294
6025 22388
3672 23544
9839 21460
4397 23630
1683 19529
6539 10926
15292 21805
17033 17673
11296 17660
6617 12319
17015 20838
1199 16974
20836 21919
12473 15818
4085 13338
268 2024
7728 15748
7629 21208
22696 23724
15221 19356
21324 22419
18421 18869
13801 19076
22916 22965
7297 14187
4066 20426
1808 14636
8210 16792
18539 23736
3074 20630
8963 15465
2665 21313
21135 23264
2261 8458
4773 6668
1227 2627
16067 20814
3783 17594
6064 16897
2571 21147
6238 15657
1906 2857
4134 18007
3322 10985
16570 23627
420 2040
4079 12724
738 4835
15364 20560
5981 11751
17864 20785
2599 18196
9168 21678
1186 1678
14906 21480
10741 13676
15590 21553
3579 15382
12271 23846
2537 11129
11626 20541
9241 21247
21346 21953
13760 17074
602 11277
9327 16238
3214 4518
3255 23367
13007 13410
4096 20511
13062 13920
2693 3364
12030 17040
8387 16261
12000 15148
14716 17354
4816 13664
12901 14526
807 21906
388 13192
6824 18172
10406 12365
3658 16185
11789 18759
12096 23653
5282 6340
441 14876
18985 22853
1401 24232
3663 13224
7575 7639
970 7112
1846 17296
9403 20455
15782 22930
18276 19510
6432 14093
14869 19130
4021 20894
1564 13015
14828 17715
16709 22059
9954 22029
2243 14676
4652 11993
11687 15695
20510 20721
5126 19923
7294 17269
2783 23014
1633 9000
6842 13358
3649 17541
10841 18632
9383 10291
16228 17107
3361 18931
14189 21535
8396 19251
492 18568
14009 21204
11096 24431
394 4012
3142 17166
11741 14956
6627 13668
14888 19381
1641 20534
12302 13793
1031 5398
13610 14340
23614 23688
3496 16351
16996 19006
22865 23220
5254 6907
14301 16450
8674 13161
3061 8666
8164 15266
2605 2991
9513 15918
2199 8788
8111 22655
7785 16572
3677 23377
7898 15731
5874 14461
1286 3324
1399 12908
8969 10788
922 19849
5519 18866
1631 5162
7639 16154
11796 13291
3169 20286
10028 12444
7781 20467
11670 14449
2194 17411
3149 18420
6086 7088
1609 19059
9446 21785
3096 11882
15918 23718
13077 17502
3403 9816
18478 23617
4390 7266
374 20009
10864 13820
2176 6767
17843 24349
1794 20911
581 5618
3072 12540
11737 23162
8957 16969
7128 14444
19288 22603
790 8738
10036 13841
6104 21560
12917 23543
16065 19329
4188 19726
3025 12367
19048 24107
11090 19308
9027 19376
11502 20147
5048 13866
8616 23419
14778 17580
8072 10862
5123 15906
7932 21354
1657 16918
3848 20768
9139 14478
11077 19771
10827 13070
757 20442
10609 22280
6124 15501
2001 18658
5824 7137
22229 22616
10941 11160
3095 22893
5530 19589
5020 20457
2326 15494
1044 4732
17046 17770
12099 22712
20122 21063
544 16740
9959 15451
10224 19294
4252 23085
5038 16679
7688 8306
17857 21610
9110 20393
868 12251
5079 12492
3999 5325
719 7895
11638 17512
22099 24339
11813 19801
14904 22178
10110 11267
14216 21736
13247 13654
3153 9883
13450 20325
4372 17687
496 18987
8291 20995
10020 10324
5807 11666
13955 15541
14146 16063
11827 14837
13170 13724
7060 11147
23449 24121
9063 22407
1069 2369
12776 19494
9543 21726
3430 13513
22188 24489
9893 24331
2905 11441
1037 1592
18599 18831
12531 18385
2705 6519
3183 20821
1196 23258
278 1591
2966 16456
10488 14432
7611 18619
1208 12176
3525 13238
734 5741
9242 22456
7794 16494
1298 12545
6562 22746
6370 13347
4347 6059
15040 23990
2414 5568
12133 18618
14050 19778
17780 19518
3898 5525
2447 14212
676 14036
23713 23978
10370 17334
5069 23846
713 15090
16360 16869
3702 16771
3919 18964
991 20724
91 13280
5019 7505
18193 21456
15608 15637
6888 21397
12121 21946
5325 8479
3703 22293
1954 16492
3011 23567
19334 20068
12190 22939
1344 17582
19559 23182
4311 5702
4690 24171
11378 21483
13690 17496
474 2185
2658 19562
550 10411
20541 22462
8346 23174
7690 23851
1385 12831
5518 20932
2717 11846
441 15519
12856 23134
13840 20519
15314 20786
16088 17977
8298 23268
229 911
5771 22755
3366 21647
10478 16500
1569 6936
6215 8466
10836 20275
3060 9836
5395 5738
21664 23388
14069 20072
14847 15342
3852 24070
11256 12152
20491 24042
1864 2579
17137 17171
6964 14685
11627 24280
18572 19616
6451 8780
10336 15393
8967 22183
7714 20182
1541 5751
7055 9820
16159 22533
5030 22560
3613 15134
10326 15178
3769 18547
750 19998
5608 21838
8069 23374
7804 14319
7606 16512
11800 14949
17516 20365
6269 22963
3598 17485
8788 10939
6238 23089
1915 7824
3517 23972
3912 15349
4060 23761
14901 18763
2544 2588
10417 19622
1222 8414
11547 17124
10913 19369
9907 14383
8305 14017
16147 19207
10095 22310
15319 18994
2067 8519
3908 12160
22332 24014
12689 15991
5429 5982
7595 16553
642 24244
11387 16265
17419 23533
9429 17940
20106 21564
6303 8717
3188 6942
8495 17645
6171 16991
7865 23675
266 21100
5882 20475
4297 10926
10604 23722
3079 21128
12988 15431
1422 6194
5819 6506
4369 16634
4922 17326
13589 22061
4581 19336
10214 15940
6403 22574
1941 8271
5036 6448
6988 9256
1849 7799
5327 15698
12867 13784
5143 7344
1579 9414
3551 15284
8916 22149
11229 13980
1664 7756
2618 10779
2747 14637
5516 5702
6364 17656
2011 8012
20347 22290
1154 8049
5253 23620
1674 11623
83 8836
1552 21869
17803 19505
15299 20852
8471 21362
450 20118
14886 19126
19784 22983
4217 23534
10315 17013
4265 12130
12581 18161
4293 20561
17526 21579
18590 20333
1568 13512
18188 20093
4642 17417
18914 22746
9627 16645
2314 14067
6432 8378
6178 15452
11604 16880
8415 24242
12341 15363
8190 10204
8161 12497
2392 7914
15019 23086
1447 14115
15227 23120
21222 22119
9680 22957
13542 20224
1273 12662
3889 24353
16926 19880
3636 16527
8500 23869
4039 24098
13786 22026
9055 15610
14353 22388
2262 10833
2822 17651
6138 15763
12932 23678
6741 11938
6202 6971
476 18339
4233 19355
7820 20821
2953 10442
5130 10955
13964 15541
13411 24170
5553 8947
886 19235
6821 13723
816 23460
613 17027
16314 19436
11908 21794
13282 17666
23393 23475
14995 21577
12246 21536
11442 18255
9646 20955
3862 20529
20504 20582
1404 22979
13025 18906
3333 6052
588 18684
21325 23857
4443 9244
12464 23928
208 2954
20123 21963
12222 12962
11976 20971
12143 13204
5583 7617
15706 24086
7474 22490
3054 24424
12157 14837
3195 15109
7900 15322
3851 16665
14303 15323
5652 18416
7913 19911
2516 11172
9426 12086
9635 23107
4858 7012
15958 18439
95 18312
3142 8334
4637 5508
14778 16407
7746 20619
15451 20108
14461 21628
7370 12665
10374 13287
15076 19336
17203 22896
4295 10123
16246 17800
19981 20928
1787 10227
13886 23322
16480 17763
9391 10570
1154 4724
2740 6322
13848 16236
3613 23838
5482 19531
239 21722
7400 16810
12129 21649
11735 18070
14730 17362
7857 22452
7683 11449
3954 9225
17317 22030
4677 8786
7376 11592
12313 15448
8785 11224
6020 24383
11920 16679
8403 18069
2386 9371
6258 11753
1432 4008
2259 15200
4350 16133
4707 6298
14175 18489
3514 21069
4311 9360
3819 16960
16145 16820
10812 18409
7401 8610
18178 22127
9488 9505
7156 21701
11621 24411
3470 5540
8028 9751
8185 17526
9163 19920
4313 10635
4741 20528
4130 10648
16097 16416
32 8376
20360 21271
1886 6287
523 18927
1326 10948
689 8002
10002 19772
4425 7959
12302 20722
10480 12869
988 3869
8325 15696
2479 10733
9478 16814
7573 22803
5756 22976
17194 18488
1833 5854
14573 22723
13946 17753
2557 11685
13371 21862
20360 20365
1141 5940
17314 23666
19156 23347
17479 23772
3747 20945
2128 5389
15635 23492
3489 7294
2768 21132
9245 22559
5972 16275
4226 19973
12607 18707
10514 19854
2287 21004
9377 15696
7720 13549
2671 21050
522 23871
13647 15173
9922 12179
14017 15897
11207 21653
2341 21486
7758 21961
9187 17652
4506 18694
6559 7596
1658 13248
4149 8802
2429 13774
1185 10075
4703 19433
2190 18441
14639 16947
7749 7901
2073 13425
5618 19314
17073 21876
4719 21676
12261 20017
1901 15027
2446 8508
204 10512
1681 7335
8231 14226
6058 9246
12207 16624
4440 6577
13697 21843
7653 22616
5628 19748
624 5576
6983 8263
22078 22842
8092 20529
1216 2448
11498 20318
580 21302
1203 1415
11266 22819
1773 13139
10445 20664
4185 13032
1526 4285
10323 19743
12754 17643
13567 15581
6092 8068
11778 19984
6068 19346
7182 11430
3038 23537
2403 6510
12299 22537
8823 18121
7405 10084
17277 18457
10527 11673
10849 15608
9502 22974
12991 15574
6040 9624
12 18099
6641 15255
8659 24471
6867 10616
8334 10363
9023 9423
13490 17662
7812 21963
14672 16110
17852 21304
2592 8051
296 23351
1356 23917
10995 19575
9872 11366
4759 12038
5929 15389
21433 24124
18389 20802
8790 15383
11085 16267
12479 12501
2181 6399
1333 10206
13925 22792
2188 10172
1108 23618
8530 22947
4330 22789
9576 17039
6090 10618
14351 23234
16202 16668
8794 11421
13426 22833
3055 9254
6756 12973
15962 18150
4158 14515
1953 11764
12263 18019
6433 9707
14377 16606
6380 9785
246 7243
6352 9632
4012 16282
2123 2944
679 3643
2415 19481
7556 12278
20181 20249
9432 17034
2274 2682
2296 20282
1252 18644
7842 21610
1364 2713
5166 22661
15090 20125
3008 23307
10083 21270
4971 15704
16111 16449
2939 15978
4567 13974
4945 23187
2083 22164
9163 9328
1044 3005
21141 21502
13087 24028
13940 17796
4853 11798
6423 21048
12357 13451
3160 9653
14924 18768
3089 13702
1607 14810
15476 23122
3997 15287
12039 13541
9611 10618
1983 11137
17712 23598
13999 14377
16740 17229
13528 15418
3720 7569
3508 11626
11224 15507
9900 10676
1284 16298
15010 20218
11223 23848
1348 7125
16459 16777
778 7641
9382 23320
4178 8731
7328 18167
14422 21484
6612 16022
14688 23820
5119 22936
4526 21158
6415 7968
16373 19260
4716 24133
18944 20280
8274 22399
8994 23679
3053 7809
13149 13783
1643 2928
3144 10064
8592 17302
3702 17218
20580 24039
10353 23162
15014 16780
21319 23310
2969 23705
5257 15451
8296 9771
16746 23216
9497 17942
2635 14315
2878 11493
2599 5754
4569 20821
14584 15954
17022 22446
12472 15329
16444 21446
8788 21477
6688 23711
16239 19570
16702 23065
15177 19579
11832 22590
1065 5797
5102 9384
13059 21762
5708 16095
5595 18840
3710 22394
2334 10081
9226 20394
4859 16209
9261 22555
997 7286
471 9779
7468 23564
9045 22377
5898 19127
12178 17723
8795 20838
5022 5578
4627 17796
12014 23312
12639 19084
7366 21251
18951 23466
2698 21245
3731 8158
3211 12052
3854 11524
907 5167
4385 4712
10798 20018
7219 9241
574 11627
21180 22612
18082 18112
10898 22430
8753 19583
2122 2379
769 15872
12198 20876
5537 17048
8791 13485
3917 4139
10899 18559
14333 15525
2873 13316
14369 20469
3988 13695
7096 16483
9336 15497
9134 21988
10887 22244
11472 18319
17866 20477
16870 24109
5899 21888
16877 18302
8138 21746
1029 24311
5818 16328
11987 24317
10310 14307
2820 7261
2568 17464
11273 22760
5808 17880
20238 24174
1890 4929
5409 22223
2358 11863
9373 23552
3087 6821
10881 22194
6266 20764
4999 9908
2355 13559
20643 22131
8053 9039
7574 10868
11403 21103
2920 6208
853 22980
6453 9642
18032 22096
3028 12033
5599 19472
2151 19266
1757 22309
5718 11856
15619 18427
11731 15470
15582 23791
4710 20265
7609 20815
12179 19381
10151 17400
15155 24118
15507 19457
2748 14696
2074 12209
4590 10294
19912 20017
1467 3394
15669 20367
5424 19837
9709 16815
12134 21229
3424 20296
17516 20144
7571 18763
4826 22070
1689 21999
8263 21747
189 23476
14133 19856
21092 22175
10641 19635
16130 19818
5460 19821
5892 16629
9005 18170
17790 19016
3500 21729
11195 20911
2458 11388
4171 11793
20137 22645
8247 12995
48 6745
5032 9441
13872 15502
205 21056
13527 20240
2074 14274
7388 10173
3826 15045
3203 7564
10255 20500
8928 23559
6560 17956
6308 19707
10847 23504
6548 14667
3935 22464
6704 12962
18485 21193
11231 16555
6445 16859
11880 18370
69 5997
2496 18847
4102 19285
13552 22901
10758 11437
14737 21072
13387 22599
7938 22079
1851 3262
2769 4608
13797 22247
555 12633
4189 8827
8983 13922
2571 20279
19872 21162
2114 7776
6638 6894
13545 23381
17461 22673
9946 13460
9034 19178
1018 16514
12428 18500
3594 4350
11618 17489
21836 23071
5180 7052
2167 11075
2638 8109
2625 19564
6517 7426
18840 24326
12477 13214
8443 15062
4729 13320
11945 20381
19044 19406
10257 11983
6454 15362
3776 12312
4198 8375
7957 22724
11280 15284
2563 7079
6462 23744
9208 14095
1388 7606
909 16897
14579 18066
1521 16881
6459 8939
10726 20368
2521 7896
8644 12855
10454 22869
6488 22534
8582 23463
34 16833
7591 8138
117 7393
10800 23801
6886 23735
7898 16060
24286 24487
3192 23362
6579 16927
11730 14083
2241 19413
14455 17231
6575 16939
5057 8902
15374 18227
1612 24166
17173 23382
14568 24052
761 14486
1898 13910
756 20244
15101 17906
3838 21221
13545 23442
15937 24026
11532 24281
877 16046
12148 12336
6598 10152
10200 16384
15754 20804
1020 18031
2348 16488
6367 7351
901 2435
6930 10449
12529 19101
8517 20116
7699 10040
4988 20813
8639 14319
2595 5030
8522 14846
4708 13477
13265 19881
3317 15081
14566 21996
2842 11040
4726 9872
15572 16544
21523 23610
4649 18864
834 6511
15109 21338
1673 18670
7251 21322
13137 23174
16156 22276
9493 17953
5838 11835
2200 15018
4915 22772
10120 23317
9557 19996
6816 17323
6022 22837
573 18935
486 18140
4715 13712
9771 22654
14161 18205
1799 7355
451 5813
4256 13193
1722 22016
6292 15254
5737 7478
18636 20285
11160 17605
7171 17412
11019 23635
5101 22980
10122 18584
3750 17140
324 3849
5668 9338
18333 19137
7570 14141
2977 13348
4030 17199
4121 20672
16576 23582
7810 14499
9294 13253
12676 23849
15596 18058
1811 9586
11695 12910
13876 22312
5893 10167
9656 18329
3053 11079
1061 8751
4188 21819
6716 12567
7329 13321
679 13442
17660 21840
7192 18126
9584 14892
3954 12286
15470 23695
1512 16474
13325 13744
12707 23994
6867 10834
3370 17630
4978 17600
4843 22098
2463 24149
21162 23304
5922 18808
11619 18320
14336 21930
111 23081
115 18573
1800 19290
3938 16710
12351 20609
8528 23671
4631 4783
14566 19767
13540 17507
2333 9766
14750 17417
4752 16561
3229 17371
11458 12060
6655 22105
17808 18774
12739 16342
5507 20113
871 23234
8945 23206
4684 18565
494 20587
6671 12664
2919 16957
12694 21906
5639 8108
5445 17947
6053 7797
650 7599
6908 20998
10440 19221
1110 24341
789 18727
7482 16232
1007 23057
2810 18131
21670 23158
2295 15654
3374 5513
8370 22031
9499 9836
7828 8435
138 21190
8984 18218
3299 3568
3111 22051
3776 12105
8246 20273
6722 11149
3537 22488
2857 15032
7044 22257
17986 23621
10001 12312
3191 19172
4384 7199
18978 22650
96 12763
20860 21957
2444 8288
1618 1993
10241 20477
17319 22769
5389 18361
7375 13116
11903 23742
533 16773
8686 15899
611 1573
12441 19691
2448 20930
11958 13119
12466 24162
6130 6896
1507 16631
5736 12866
8568 22336
3668 10576
6523 13763
14118 19088
489 2836
3407 12080
2611 19557
5323 9188
6152 13694
19567 21092
5787 14755
671 19690
21211 21395
2188 19874
1301 5630
8831 21010
2965 16660
5781 16635
6881 9724
7379 11741
23967 23969
6606 21513
4000 18185
4682 16064
19306 23815
7279 24381
3097 17575
19142 21688
22091 23701
2372 4011
3392 21684
7766 13267
7199 11119
3233 20018
7696 9891
4401 23923
5598 23877
1146 13059
2997 22960
18409 20695
2229 17646
17041 23340
961 8810
23387 24197
1766 15274
9934 20889
16521 23492
22105 23369
14506 15024
17015 23466
9433 17052
8101 24398
10805 21478
2045 12286
1431 4552
11115 23779
211 10657
6606 14016
736 7507
680 5492
8015 20980
5290 13484
18814 20205
6040 23523
9457 21415
4411 22548
14232 18768
3811 7283
9893 21754
5226 18911
9041 22191
23393 23757
13370 21683
10159 22832
11294 13095
1131 8349
2164 16896
832 10260
354 13328
14399 23264
8026 21489
2554 3959
15386 23064
12907 15914
8354 21979
8734 24155
4853 22991
890 19529
8202 21533
10315 11707
19293 22835
248 11616
8069 22968
4208 10043
5141 23819
18697 23892
18388 22794
3921 3949
4307 21726
2298 21278
5055 9067
9261 12306
1070 23853
17219 23326
3838 12534
8767 13795
7241 12499
16136 16345
8480 14709
10685 20704
16154 22596
18143 20790
2663 7575
12874 19046
11274 20023
17016 22381
8946 16884
13256 14060
3435 4125
15524 16158
4355 18973
4129 15326
15927 22758
7400 12791
860 22614
13056 23381
3695 18765
3804 20557
14491 20914
18767 19109
8759 15104
3796 6406
18229 18235
24230 24253
4562 6539
2953 23083
2638 15895
5152 5550
2654 19356
7604 9734
10939 15223
2108 2820
5483 13929
16223 17425
7990 8916
11444 22404
7093 13676
58 7103
11448 21073
14554 21630
12598 16156
9198 10269
22941 23091
19230 19934
8410 10643
16791 17789
14627 19761
9770 17484
9503 17213
12443 19378
2997 22397
4176 18712
6807 20018
2951 20185
3116 4469
4395 14426
236 20175
2828 17069
9564 21372
20154 22071
16081 24315
5330 14697
4498 22742
9617 21993
1277 7775
7658 23733
3606 20484
11691 24280
14324 22065
6880 17327
1903 9867
18873 21834
7148 8475
16316 23475
13341 14010
12111 16904
15162 15957
1661 24357
15387 15768
18284 18973
1107 18121
1777 9117
3864 16694
19396 21782
8826 21336
13697 22850
1121 7129
5015 7045
8514 13746
7650 15329
7628 14641
10224 19483
8237 21972
17530 18434
6219 21971
1722 10600
11907 23521
290 6971
883 7785
14927 20129
5073 19582
15399 23406
3349 23900
11712 17907
2361 21904
7980 20603
9533 10262
9918 18636
4438 12252
3996 10803
17356 21876
13829 19497
15341 18164
13579 22509
16242 16772
18492 23597
41 15323
755 18906
20177 23987
8507 11023
10790 19953
4910 8151
9826 14939
5535 19485
13900 21976
11977 20195
7919 20293
5274 12128
8025 12621
6271 12232
2222 4511
2466 12492
3998 14025
10667 10768
7335 15976
8395 20352
1769 6444
2311 9351
13818 20688
5013 21311
5692 21786
19986 21009
2749 22986
9394 18614
419 4987
4686 22896
15487 15939
11907 17986
560 15423
13710 21231
6792 11428
16541 22690
17409 18243
18090 24380
2407 17925
4052 13308
14347 18251
773 14290
13528 14724
16904 17984
2735 15331
2076 23160
7853 9107
2645 14967
7491 14442
5903 22391
7045 8160
15834 22849
19753 23226
4990 22188
6683 17303
3501 19157
10928 13463
18993 20499
2400 14069
6614 14306
564 20256
6541 19174
6036 7845
8436 21803
11093 20904
4664 10903
1627 17287
19863 21396
4583 21542
4361 16896
44 7270
4198 6326
6612 7249
14044 19039
6173 22236
14705 17380
769 11847
10272 13374
20 19529
12467 24048
9070 10406
5891 15905
9630 19017
10452 24015
22020 23677
17710 20227
178 14996
6185 19639
12818 18763
13268 14260
422 2459
15843 19140
9558 13359
801 14448
8864 19178
421 22204
5026 11261
14246 18549
11468 15683
11482 13240
13134 17530
299 13611
10311 20205
19961 22112
14613 20995
11382 22485
20017 23634
5482 20642
2489 10369
2014 3503
2203 16656
7253 23483
17230 22546
8647 19958
11178 18953
5412 6039
2893 8549
6861 7597
3271 13110
4477 20391
19 6233
17803 21073
7579 19305
5798 6223
12344 18917
10439 13889
194 8703
1835 3940
8213 15729
2072 2559
8424 11161
3719 21867
6717 10545
9795 23721
512 1808
10479 15556
1285 23872
1388 22023
7317 17492
1103 4187
9878 15832
9168 22883
17722 17883
16641 17966
16690 24130
7539 20030
8979 15024
14114 22672
432 20729
7110 13527
11481 16573
12286 16467
1893 3375
19539 23849
11813 19489
1554 4881
2546 13654
7794 19990
8868 14242
3943 10219
3661 11053
16091 19549
17971 23209
4241 19786
9681 14148
12992 24053
4638 16070
8284 19558
2550 10613
3409 20674
9513 20937
1056 14744
3540 18222
3123 8045
16272 23614
9923 17805
4640 21356
7607 15134
17338 23678
1075 20989
646 1409
4339 5020
3059 23905
4084 12459
9816 22298
3656 11327
11623 14140
3909 10593
14479 22834
2424 16713
6021 23212
1507 17808
7624 15297
10110 19832
6092 21049
2356 19554
1540 8055
6896 14123
5822 23422
10617 20878
15901 17861
9481 20068
5849 19417
14410 17871
8254 17795
2961 15500
3548 6897
13717 24309
5126 19728
4422 4768
7390 15198
10309 13607
463 19131
6578 14242
3467 3525
10861 17239
5674 22739
12407 19872
212 22639
2202 3313
7374 15228
7741 21293
6438 10960
20136 22651
5575 19554
7921 11208
13001 22605
2369 15418
21525 23657
6057 20645
7120 20428
4841 11765
12023 18090
5226 14997
741 17118
4690 12449
11951 20069
8086 13052
6107 22693
12376 14507
12459 18241
7331 21684
3157 9459
7403 8914
5261 21323
12613 22037
5213 24001
1298 9047
16046 22885
3328 8489
7474 13143
803 8712
4072 20239
3126 17892
14250 15006
38 4038
5859 12409
9285 18753
6839 16825
10287 11746
14547 20623
16202 16392
5646 14082
18031 22358
15829 23919
9603 11642
5120 18931
9023 14576
13114 19386
6116 23380
5404 16795
12276 13261
10022 15210
18012 20112
21666 23850
12974 22083
2497 18790
1959 10385
18124 22102
1175 15681
678 16681
14413 21784
4575 12088
4211 6882
5076 20374
1694 9655
10521 17894
1696 16244
4739 23589
4238 11726
10755 10836
19608 20947
13248 18174
10974 14461
2674 22291
4745 21413
9595 22807
2610 14283
21112 23156
6169 24125
4608 23519
3396 10675
2037 2721
11802 23948
14365 24465
12520 21251
15969 16016
3053 18037
2278 12995
4613 20299
258 23666
6131 21622
743 10768
4179 17560
5326 6640
18021 22974
12081 21008
10082 21044
17319 20200
8803 10036
2270 8797
1059 20469
4368 21857
3049 6165
10670 18025
7066 7488
1832 14325
2986 23972
12715 13247
15025 21234
6312 13324
14262 17235
2486 13039
3754 24221
6936 17105
11022 14732
10454 20641
4340 9328
2448 9907
8897 11238
1584 23910
13514 23770
12652 24233
3331 22701
3579 22665
543 19085
14919 17635
20018 23063
11750 20195
950 16987
6589 20951
3127 23476
15002 18547
11536 13729
508 17377
11786 14509
352 20406
6146 6447
14091 22649
4124 7580
3753 9083
4810 12193
7804 22468
13396 14941
1327 21274
10830 14742
555 6677
5969 19549
6290 17617
5641 12435
9131 9540
833 22219
8774 15410
6994 9073
11251 17660
15798 16814
1953 18511
6031 8690
16529 18633
3824 16040
4502 23576
16020 22014
12108 17744
8315 23727
4755 15591
11546 21506
5190 16755
2322 16598
2667 14190
266 8680
1221 8294
1881 22284
7750 18568
1270 22730
12585 20662
13906 21576
2406 4145
9223 13835
17545 18017
4380 14966
10426 20088
8487 24014
17377 22589
17761 17829
1770 2902
18982 22578
703 11071
16511 16701
7229 15349
3660 23504
15968 23035
215 7751
428 13183
5864 10191
10571 14330
20176 22341
13777 17611
333 3864
9657 13240
10959 22421
18938 21231
10883 17995
9985 20037
8476 22293
13736 22598
18657 23479
11172 21913
6932 19179
19852 21893
7326 11069
11296 13900
4886 9885
7440 18268
16443 18427
2328 17703
11214 12250
12862 17057
6645 11051
1409 17533
9802 16277
6346 10860
16116 22084
999 17072
488 5591
4194 10100
7210 7638
6596 16899
4513 10720
2375 8902
19895 21938
6741 22728
13150 22492
10419 22864
535 20303
6753 7449
5880 17670
14820 22848
7925 10639
2333 5653
15730 23407
15488 18396
11168 17486
2252 22860
16789 18795
3689 11312
9884 17101
1042 18638
16856 24345
8751 15879
11753 19319
5097 12945
14575 20762
1927 17358
11113 16098
3296 18650
19560 19739
15973 16596
3370 10041
2039 8403
2491 10830
8234 12711
16283 16678
12110 14347
6590 12199
968 17930
5467 15490
678 8362
11762 21861
7912 9267
16343 17705
5764 19427
12103 14724
13321 16296
8421 11180
19354 24232
101 17431
11978 23817
17887 18337
9529 17505
18055 19129
4422 23513
21467 22115
5472 23237
9392 13970
977 19893
12101 19800
8249 18576
1256 19935
4724 19639
6739 14881
8743 20838
12670 17465
3408 13546
8751 9472
1675 10914
4089 20624
18501 20679
6519 8093
7130 15479
19962 21855
1465 17150
2690 4072
7993 11370
7686 13154
17057 21982
12455 18087
12500 16497
4168 5086
17710 19147
5889 22818
6767 17613
2301 6238
8304 17603
1212 20202
1295 19209
16791 16971
10351 22072
4818 16729
9567 15613
4225 7593
7898 21442
7125 14570
281 24385
12393 14419
3187 9008
6923 13608
6584 9112
11156 21172
751 21232
4420 21848
9516 17394
10462 17841
35 15792
18626 23268
10874 24049
19800 22080
2601 16421
2728 9364
4084 23415
3544 22338
8828 11029
2968 17004
2205 13347
7397 22998
508 12528
7404 16588
9503 22928
4912 24109
6474 7542
12182 12221
297 7850
5876 10563
4298 23187
8332 13726
13854 15694
13143 22216
20925 23503
17700 22231
10703 13540
12735 13054
419 6285
5909 16434
1061 13927
6941 11782
8270 10805
9540 13537
13977 22408
8278 11671
5514 18216
4642 8486
1623 24184
1279 9715
218 19928
16221 22903
2846 15862
3375 19241
8924 14533
22521 24216
21573 21898
2719 19244
19142 20613
1339 11992
13518 14849
8522 9128
15133 20198
1145 9363
9591 21077
2844 14349
6074 13670
3680 21508
6089 16335
17946 23448
7682 23474
18237 19198
6125 12814
4777 16485
697 19239
11344 22414
8163 23383
8933 9503
18275 24238
8422 18909
7676 10022
15348 24246
15501 16331
3805 5351
3150 22708
17298 19418
1171 4305
9854 15857
6931 15737
19557 19668
4667 22079
3478 6013
15483 15666
4746 15141
31 15271
1489 21744
16263 24383
9364 13288
195 4971
7032 12931
2343 12161
1582 23988
8098 11943
10772 20543
16936 18565
374 19087
4337 13131
15427 22533
432 11028
11258 20882
6103 13052
22192 24165
3966 22212
233 8188
284 10637
5909 24344
793 4664
12689 16934
3989 7178
5940 6459
21052 23590
8519 17699
8487 10583
1795 17575
1951 2424
6028 22252
16852 17807
15024 19359
2064 2248
14185 16962
5250 14597
12727 16256
18083 23048
3482 12086
5505 6619
20046 21683
15500 20185
21068 21302
16352 22175
13979 18909
1015 11230
4756 24293
1959 9101
7908 15428
2996 19545
13488 16136
2619 17660
11142 24077
7730 14037
6033 7944
10764 21700
6710 8899
3714 16208
3322 12845
2737 6637
13955 17617
10012 16684
2192 7227
6718 19224
12591 16704
12753 15999
2964 17809
17811 23434
1757 16747
11914 15695
14751 20097
6574 9992
2245 4754
5469 18127
22424 22731
20660 21379
4660 12437
9297 21034
9641 21890
8466 11242
1516 21944
5805 13440
5482 13386
19356 22462
9579 19139
20930 23901
20720 24176
19484 23252
6558 7171
7460 23439
10098 23364
11927 15762
12128 17142
1693 10129
2591 7354
9495 13717
11131 19938
309 19576
5675 14196
13997 20859
13334 16714
7463 17836
2306 18925
12604 14139
3745 8100
11309 18283
10205 12019
14701 15968
3186 21954
6464 20854
12855 15379
10701 12603
2585 24400
4166 11968
16703 21718
12289 17808
11043 22071
7344 17437
3135 8977
15438 15905
1867 13960
8411 22773
10919 11342
7760 16231
15466 16567
12398 23961
12022 18167
6035 9357
7467 18120
10637 19957
13703 16949
3063 17683
2125 6130
11683 24017
3926 7418
11142 23048
11217 15887
20725 20942
6467 15571
486 9380
16149 23817
1048 15635
13072 21346
5166 9215
9249 24365
2408 10612
10803 16691
19881 21286
5511 13486
15393 24391
5860 9033
5977 6116
691 8769
5347 8529
7965 17218
1826 4835
8196 15522
16946 21261
7832 12935
7762 10455
1102 13568
8811 8867
4444 10965
9126 20470
3848 7227
7107 12261
3007 12100
17491 18150
13330 21331
2845 23108
2277 22259
3278 20796
12383 15860
11034 14391
6883 18169
3208 6955
4097 15465
13207 24420
6608 14904
8023 16783
9280 14617
16282 23288
11024 22954
8551 11624
928 3597
7337 9278
11241 19554
14445 17583
3990 9544
19814 24322
2275 19361
12285 19742
2366 20844
6418 8898
1517 1818
16749 23728
6475 21214
402 1486
195 9167
7144 22157
7713 22042
20059 22804
8162 16627
8529 17623
11620 14083
3354 4342
2142 18495
15368 23864
20219 24299
9747 21430
10355 23942
7144 23448
13 18391
4589 19605
7386 21101
2094 14776
2115 12737
375 21204
13031 20021
857 16928
5771 15081
17007 21707
10047 14717
12797 23124
15783 21831
475 23649
8120 8549
8337 17198
13606 21934
5393 7334
4499 22895
1464 15654
5035 13312
8520 18720
20899 24361
8249 10067
4260 7812
12138 20647
11292 21566
5166 13285
5577 10680
7715 20803
4171 19004
5090 23671
3860 22707
1525 6688
5569 7204
13270 14550
21460 21547
11306 21042
16886 21519
6369 17286
2641 20043
611 19697
15153 24274
9551 20466
8250 17087
6011 6781
3445 16310
9692 19236
7999 13573
6693 7519
2128 12871
3882 14948
1405 6997
12928 16898
16758 22973
13002 23614
15785 20927
6705 14906
6342 17442
15790 22484
3416 22182
7528 10704
15325 23352
9385 11460
9872 24057
7997 21069
11982 13185
4874 5660
13952 20313
3313 6977
4208 15339
10811 20288
19762 22417
2873 15919
8984 20193
4730 11041
11179 20036
2649 8443
12914 14311
10648 15721
5199 21219
8250 24044
5288 16373
7726 19314
6035 12629
6058 19261
7004 19480
20181 21819
7195 11142
17097 18277
1502 2084
15904 19921
4038 10446
21356 21521
1309 10886
22534 22807
8700 19836
298 10349
10803 11825
9303 12563
15563 20095
503 21894
727 14212
96 7658
5156 6395
13861 17590
3525 9953
1960 13673
19142 22372
9675 10105
6215 9069
21669 24409
13672 20897
3891 11042
2665 12099
5104 10700
15244 15671
6120 10305
1018 12024
4656 9681
2934 18523
1885 24225
22898 23393
591 7207
590 22029
7643 13212
15366 23838
3836 11062
10392 16225
1142 4870
7429 15246
19489 22366
3476 20208
18004 21978
9988 11871
16909 24027
9193 20861
3462 20587
1224 3981
2451 13487
6942 16869
3513 24431
500 7856
5581 20056
7479 15115
18650 19911
9704 10145
10907 16270
4487 12439
7981 20924
10374 11681
580 14520
13570 23962
13975 16358
2270 3320
788 16011
1615 9844
7177 8476
6668 7975
12797 18678
3701 17611
3786 8305
6088 14203
848 19128
2970 6974
9721 19706
4131 17123
5923 19510
600 1185
5486 9754
4738 15140
2163 18673
7766 12312
15321 23382
8891 20902
5392 18607
4197 18313
15892 16792
11811 22067
17810 18933
15050 19463
20056 21316
2570 4308
3797 23424
5316 17609
3666 22182
645 3446
22514 22585
8093 14425
9167 19950
21803 24224
1719 6291
6657 18299
9014 16885
7184 22772
12066 20119
4725 20055
6866 22597
21474 22913
15319 21031
4101 17044
7546 16743
22861 23845
5855 21456
3165 23600
7943 12119
2459 6012
1673 5040
66 8415
8773 13404
6618 12626
6830 8454
11768 22559
21630 24312
12947 24206
2319 8184
15220 16876
1102 12838
14634 21234
1087 19238
6157 6493
895 8548
825 23434
1499 1538
14305 24015
10424 19792
16857 19908
16565 22545
4406 23852
3706 19799
11493 21720
6321 18971
12081 21217
6954 22852
388 2907
11598 22478
1373 24286
1142 24421
4913 9321
13021 13059
3996 8737
106 22505
7845 22966
12160 12951
3351 13276
15108 23934
3087 6601
4132 5548
4813 20366
6907 13820
10173 22514
12977 18993
12722 14313
6206 16253
9254 20819
16543 23473
9691 11103
9205 13979
1219 4931
21579 21985
5721 21896
21202 21679
370 10673
416 21635
15916 21502
6051 12888
5 12527
4085 14378
12479 22677
10655 22707
279 15369
7151 23504
2730 12433
17095 23844
11848 20023
19815 21783
4571 11614
6032 12194
12647 19006
4652 21524
2927 2998
12295 19363
217 19431
16644 20229
195 21352
3006 17358
13788 17256
5801 12429
7229 18326
7449 15399
7823 17517
18658 23994
3932 18016
1525 5826
17829 20431
10369 18426
2131 10453
15504 16316
4853 11235
87 19118
917 10421
10587 17637
4152 11922
6150 6383
8325 12231
17143 20322
8310 8968
9216 19309
8069 11556
3225 6891
9596 12580
10770 19683
5194 18038
764 22894
10293 12502
1320 11764
2160 18966
9229 23221
3171 19203
2556 9305
6537 12965
2570 23024
6107 9733
16061 18929
14893 20445
15726 20617
12295 20176
1378 9744
16993 21326
10293 15342
698 19922
11887 13457
3778 11943
20047 23219
5430 8343
17262 21590
8362 12674
7469 15581
13929 14733
15164 20666
1190 18368
18466 23776
9031 11122
6170 7211
8790 18855
7727 17543
5637 21523
7733 23059
368 19391
10088 24463
5165 15333
2583 3220
3107 6469
16493 20086
10940 15350
891 13811
9811 21560
16650 16712
6113 18594
9776 14819
6366 7505
15170 19366
2534 10205
9385 10447
4952 10250
9164 12175
6012 6790
4320 17603
4741 7687
15668 23876
7653 17518
3957 18668
336 16845
18905 19935
5132 15444
12409 21042
5590 20543
14437 17285
4736 16242
2366 7502
17174 18454
12994 23500
4037 15996
10326 12308
10814 15420
13074 21500
7829 22949
11235 13469
1893 16111
950 10214
8399 23346
15603 19503
6102 6214
10504 13097
10485 23049
3088 15411
2094 12827
8367 16482
1106 7689
750 18233
7116 7865
3502 19694
16155 22106
1711 15625
3994 22805
7983 15686
2076 17971
4903 12893
1605 14231
412 3592
5128 14666
6638 21373
8897 19304
7964 7994
15147 16629
11415 15305
363 18399
15703 23588
1574 9681
5645 17336
9089 19757
1921 23431
5068 16332
5156 10878
5824 20521
18765 23097
653 7126
12585 13672
23602 24183
11315 22363
2520 22146
9727 10453
4893 22346
11022 23441
5891 23196
14979 23635
4361 8107
350 15262
12565 16531
7215 12767
18632 20512
13675 20187
8426 24442
786 23317
15141 16590
21092 21174
10051 22531
5922 23048
10885 16424
5661 22296
16543 20338
2852 19530
8216 8814
9062 16958
15622 19836
3297 7996
3185 17460
5412 18028
4401 10636
9607 11105
17347 20844
10439 15425
6423 21374
354 13345
142 1734
2911 22758
8065 14061
16216 19523
13722 22183
4878 23935
15255 23601
6197 22443
1286 20856
15509 16050
6115 7932
13501 15917
2078 15927
1605 6053
825 17203
1531 22617
10825 14756
2655 20686
19007 22186
5258 11393
15552 16322
3691 4512
12802 19053
116 12608
1522 17886
17479 19579
2540 21545
2490 20319
10774 18391
12958 16664
21826 22762
1428 19481
13447 15457
13461 16082
4618 13879
7892 21586
17818 19127
929 7800
2743 21969
1764 7741
4517 23420
14720 23167
3445 13774
2765 6329
6965 13234
7228 19431
6934 19637
9646 13145
2788 20706
15376 17089
3717 5028
7619 23781
118 4490
11051 22512
13906 15028
2643 10804
21363 22467
8333 21190
11107 18293
10111 10286
5993 18557
3952 12226
2311 11266
5966 17817
2475 6080
10207 20447
142 7885
10710 12512
19109 23686
3377 4843
303 2813
4853 9756
3067 7969
6246 14139
4754 12237
11573 14650
8651 12797
8534 21256
5207 11585
496 8272
18773 24318
7096 23919
9524 20794
2833 23680
83 19747
3346 22872
8979 18253
2768 10014
8733 19038
7411 19226
14230 22296
16911 20479
1322 13596
827 16138
116 15372
16778 24059
3127 12407
12123 18764
2770 19222
240 3160
15611 18569
1416 9426
5594 10595
10762 16561
228 10617
7099 19165
2902 6938
3751 13306
10992 17399
18138 21534
101 11368
20854 21653
2236 13195
4636 23928
7950 18789
15731 23486
1653 12041
12960 21965
6507 10851
1402 16515
1190 1235
1604 8200
3075 12357
12745 20310
577 22598
17283 19575
5611 14459
10687 19013
14530 15422
5760 24086
5885 9825
695 14620
1204 16160
2181 12708
17299 22913
11187 23563
12800 21395
1252 17256
15942 21045
6466 21989
4274 17960
13643 19001
2931 18593
9627 15020
1451 8727
10103 15747
11198 14348
6970 15985
3569 4928
11238 21253
5711 9901
1550 3557
2389 22014
4237 21901
11107 20768
11558 14965
1548 15883
1794 7510
11847 18010
7688 13232
5503 21851
671 7273
12836 14180
14952 22685
3926 4114
5059 6890
7948 18918
6530 13066
12000 22019
6365 20931
168 8382
4384 6721
9489 17606
9234 16907
1220 5684
6734 20741
4948 20855
7395 8426
4289 14869
488 15510
2645 14612
780 19137
8786 13341
2942 5703
11138 15541
11574 12184
18553 24348
14660 22503
3513 12968
4219 20372
9879 10305
1743 19315
824 16597
14580 21311
12272 24117
54 22624
13226 20316
15582 23492
1480 10760
6069 10333
10209 16139
12725 22425
2154 22696
358 13744
19919 23349
5306 8565
21996 22495
7792 23183
12154 15944
20761 23830
9642 21776
8694 9550
12161 17300
4805 10896
7015 11818
14454 20416
16264 21968
6133 19763
7761 11799
8380 20573
12729 20934
12821 15617
12921 24010
3105 4473
10551 22192
1994 8489
183 13123
13649 17534
5407 23755
4877 16620
8596 23745
6168 23390
14308 20447
6674 22694
13222 24472
3074 8112
6908 17457
5921 24135
15273 16310
3634 6209
4119 12178
11031 14718
9995 10323
9841 21672
1393 4734
20424 23760
3101 11712
15676 23262
3565 13470
15995 22248
5940 9679
9851 11093
5472 21608
16569 24423
6346 23339
3856 8215
3213 11572
8557 16017
6977 23480
4707 16020
3208 16304
6835 22111
3561 22371
6039 16564
3122 19736
565 1057
6679 11965
5153 5236
9993 20516
9683 12580
7922 18900
5811 11865
6854 17759
1576 4174
3102 10794
818 24068
818 21549
388 22110
5952 22236
2766 13212
5534 23896
369 21425
9806 20466
3295 5663
1822 12871
4490 17358
12404 22157
4947 17298
16542 19077
1443 23721
11634 14061
19453 21223
1670 22665
473 5313
4950 6665
15894 20861
17492 17833
20265 22680
10425 13293
10905 13491
10860 18649
757 3973
5482 22812
924 15787
16689 23387
8955 24490
14611 16428
17273 21891
6363 12611
2064 23155
3449 6938
13262 16378
12243 16732
12634 17708
2729 5971
5920 20651
5577 21840
7681 8220
13971 17355
2609 22067
5427 9705
4703 19039
3028 7237
1891 23540
6405 13503
1117 22514
22061 24266
4914 6660
9231 17470
4240 17511
14859 20645
925 970
3429 16815
18893 23520
6154 21681
12629 22721
2089 20694
10602 20271
8167 10316
15586 21614
15671 18073
10062 10404
3742 14950
15980 16813
7110 20854
8012 20387
3005 8781
9539 23810
15317 17566
3259 16331
5263 6370
11450 19479
9489 20580
7996 10425
7538 17787
20058 21339
5171 22994
2280 3175
12370 18016
17899 22395
17413 23626
9616 17582
12052 19038
1803 19839
1764 7680
19066 22791
3385 20528
1065 9810
15884 21903
8043 9288
587 20797
2195 5870
10838 24192
14518 24379
5986 8796
8699 11912
4714 6033
19281 20260
9777 22350
13600 17945
5470 22409
2691 18939
651 2267
3311 3982
4402 13325
19381 23838
6751 22325
974 21538
14107 20985
10933 20402
12331 22308
502 22610
11551 14186
14524 20663
10591 19867
4008 22191
665 14975
3094 10396
1073 7131
13107 18274
7200 9883
564 6017
3241 15084
5869 14289
18013 21858
10984 18149
3184 15184
1989 14171
5403 10727
192 23731
726 16686
9060 12900
6026 21498
1152 22061
10369 16779
402 5368
20521 24094
4941 7508
9305 9911
2038 11916
11451 17878
7225 10182
13410 18843
14159 19613
3822 23080
9281 11806
1313 12110
1741 2475
7372 10622
13132 20679
5805 8428
24 21543
8806 19216
6639 13912
7897 18921
234 819
9248 14671
7293 24343
689 6444
4850 22264
11835 14940
5414 12831
4667 22893
19123 22744
32 1523
17247 22162
17898 22210
14174 17625
6277 21215
8819 18487
2493 24133
4730 15269
16138 22966
16831 17677
982 8519
7120 17281
13874 22825
2978 6795
530 14623
17674 23503
12230 12442
598 23497
6047 6381
11485 19835
17042 24037
16145 17484
8418 15193
2363 20872
12174 16805
5765 7781
9074 15351
4016 6278
402 5059
2466 23273
7321 14337
1846 18797
19849 22842
3745 8011
14729 17994
11710 16891
3802 5043
15466 18754
7155 21072
17916 20819
15100 23973
2588 18204
188 7520
2069 5240
303 11170
707 21582
8791 23281
8369 23034
965 6777
11593 19352
8138 16575
15446 15619
13233 22416
22348 22796
5522 21440
6962 23131
2755 16113
14068 24453
9550 20520
2455 10009
14419 18053
3192 11311
3861 20639
8160 10679
3550 5334
9803 15453
10780 23900
13307 16446
13306 17898
5151 16617
1650 4741
7247 17102
4763 18626
2901 22704
2723 21415
4011 17157
4606 23199
1029 20886
6412 20322
1201 5411
2893 24059
11306 20521
9573 22892
568 18328
11798 13173
8678 11965
1654 13084
17256 17763
12715 13932
10472 23098
575 7638
5038 5290
5858 21712
3728 5937
7613 15608
205 1534
10878 20172
7823 19392
4209 5319
3664 13933
4371 7888
1057 15647
12566 24301
8841 9301
4199 18723
10714 22647
1158 20609
9200 15807
394 14155
10219 15479
8798 13075
11827 21165
12088 13633
2218 13354
20497 23837
10192 17283
4666 13536
6376 23461
19059 20278
3996 5359
11544 22234
17245 20984
5418 20279
8872 15433
3655 16242
21349 23587
6804 13746
19252 22014
2441 15291
12307 15244
3241 18519
14949 17195
5716 6752
9409 10140
13590 21676
7049 8305
7735 19437
2902 7267
14917 22694
15017 24133
9104 12253
356 18048
15626 22399
2785 17301
15417 20778
10519 18643
2224 8708
6009 23689
4121 12408
3077 4512
12308 15680
16790 22172
5596 14397
3399 7065
8941 24124
11425 21496
1336 11002
18032 19075
1943 18994
16818 21892
2202 22450
790 1298
9838 20171
20059 23101
1106 2062
14488 20918
14152 14807
1330 9621
4209 12416
4686 5115
19851 21644
10599 12860
15401 19076
822 17521
16553 23190
3855 15492
12947 14991
12821 19564
10208 21699
1806 23429
7506 16880
1835 4180
22603 24002
17680 18856
20708 22726
3832 5619
1726 11840
16288 17587
3218 15888
22 15764
11809 24231
1258 6468
17763 24354
16794 22433
9978 17270
1753 7674
6288 19753
6233 21454
7889 21030
11283 14102
6575 17920
5731 10581
6194 19485
10144 18968
13513 15185
9060 9466
8531 21729
2269 8079
2966 17272
3157 5340
12831 22717
306 17073
2703 17934
11235 12998
338 15429
16933 21913
17459 18335
348 11290
2085 15499
7159 17313
12118 13400
1379 2071
7904 21655
8493 14768
11995 16391
13542 14303
19224 20864
12144 18452
9192 15577
4823 7735
5418 7106
2191 17185
601 18982
355 19928
8154 11955
18903 23753
8147 8987
19785 20573
11686 12920
11742 17397
5583 18788
3185 22582
3577 23783
7085 19553
7894 17073
6947 14938
4618 17795
8815 15632
382 3289
8053 15509
13957 18658
19546 20012
3319 23919
10364 17627
5742 15603
14486 23681
4941 22933
4380 13423
3042 23893
7888 9857
12368 23497
5415 22292
7738 17620
15716 19986
11181 23986
10400 24247
19275 24346
10111 19105
2776 5473
13310 16210
1472 12173
195 501
10974 11111
11601 11729
10379 21076
8760 15889
10607 14053
2846 9502
13707 19925
3141 9188
211 1984
4664 23337
10582 21475
3552 22651
4868 15149
3980 15483
6062 13616
6668 22843
599 2334
14213 19737
12605 16808
9769 18625
9506 19091
1050 9506
17041 21151
1906 6485
927 9455
5355 22787
3283 3794
10863 21091
810 4074
658 15876
6048 14400
11284 14687
11017 20477
12157 12681
14360 23281
13083 21097
23342 23440
2988 6215
4386 8982
21819 23081
11425 16501
3145 7207
13522 20701
9307 22132
3741 14013
6799 19359
8512 12186
6666 17647
3307 3504
9715 19195
2925 10695
6116 19029
15351 18842
14503 19873
12452 18884
11788 15896
4245 17894
691 24180
7379 14405
5400 7901
15068 15871
2172 18473
2994 23996
14866 18367
3502 3948
12254 21973
4562 12503
2861 22982
8988 21708
4679 10676
5597 14751
6251 12154
10215 19784
17686 20643
5699 22631
11510 12411
4347 9703
3646 18627
4145 13456
15600 18018
14065 19148
9320 12124
23046 24387
18320 21270
3387 12853
4538 5684
6935 8811
8787 13262
4138 15627
22115 22527
13955 16548
18409 22662
14306 15715
2541 14258
2836 6766
9572 16125
7646 13067
12658 16285
9237 16740
5816 9529
3716 7319
6869 22264
2400 21618
18329 20166
8377 16616
1988 20237
15974 18333
9988 16485
5154 7269
20218 23736
3336 13243
74 24386
6807 15137
853 22129
17504 17815
16307 17980
15124 18050
63 4821
2590 3699
12927 18877
12684 18076
18113 21461
1581 4118
9153 23170
1437 18520
527 12275
15263 23146
11097 20572
1673 7343
461 19508
19954 24235
1430 19923
14848 24028
2777 4657
15496 15707
5216 23932
4876 5583
14878 19128
7894 17691
1357 4397
6655 14420
11704 23083
3022 10065
5894 20114
6601 12561
11802 21844
8060 10731
8352 23034
607 17639
7613 22923
14073 23582
140 10653
11097 19287
9774 17647
11814 21527
8095 8685
1553 3415
11878 14157
2651 22527
9325 13889
10432 17124
5451 16241
2001 3173
11002 11861
20892 23898
8593 21774
8767 10821
6087 8066
2757 8930
11362 20992
15487 22732
11715 18666
13695 20644
7496 12194
1924 5296
2447 21731
5562 20803
6530 8011
9205 23846
7703 10169
13640 16671
3779 6850
21485 21998
9103 22468
7754 8052
1059 17722
2992 8594
10111 20669
6118 21809
7319 10023
15947 18512
5010 17338
8551 14114
2038 21900
9750 16513
3553 11642
103 21179
804 1126
8161 22235
4465 7980
10414 13611
13284 23712
16101 21812
13856 23893
12756 21296
2325 19744
392 17852
3354 16947
19391 20157
15915 16155
15196 20479
16981 18965
3278 17187
3104 9722
11031 17067
496 13569
4130 6017
5078 18632
5251 6678
2225 20397
10579 18699
1939 13306
8479 19353
3065 10531
12580 12620
19052 24403
1913 3213
16829 17294
6544 11228
5760 8907
9091 9367
9408 19583
10949 14202
5914 19641
7916 22206
2003 2067
3118 24455
9680 15004
14468 16506
3028 24159
2170 17043
14439 19947
5011 20829
2087 9410
7718 17515
13714 20827
186 10149
18270 22018
13229 20502
12642 22332
769 14360
3351 20734
8310 20985
3777 15383
12442 13576
3368 4157
21330 22255
13571 16390
2345 12609
14417 19365
4086 18402
10668 24410
8598 14478
12865 21766
13552 21371
779 5976
5862 19644
22664 24091
19899 20688
311 8357
8189 15615
3441 12927
12295 20786
3258 18121
3864 8690
4034 17538
7794 22417
2406 2412
1260 21662
4497 17159
6618 15287
1796 3382
14343 19014
2110 10964
10111 23352
10463 17868
9912 11510
10768 11858
4871 19593
5088 7024
16612 20358
5740 16526
11080 12258
2614 22695
10511 19366
6376 6907
2258 11162
18184 23644
4854 18625
16925 19156
10063 18607
3606 23363
3758 9347
2747 17488
8423 14271
9291 9723
6493 16059
3867 10140
3031 13212
2578 12523
13203 19297
5363 11667
9214 15144
16133 21993
11180 21771
9166 10780
12302 19541
1951 22306
14638 20691
4721 6926
21608 22025
12278 17578
11004 11276
14883 16130
15309 16724
21385 22424
11 21101
18674 22159
7698 17444
9407 15417
76 17323
14957 17752
859 13052
4275 14933
9385 21184
742 4506
5723 16240
4026 15688
3559 12572
7969 9481
4603 23331
3834 17928
18542 21937
15267 16876
481 24296
16426 23942
3985 19951
13747 21079
5051 10053
3808 11078
10479 17960
18936 21104
1449 21488
15522 23652
2155 18342
13372 17549
8087 11600
10204 12158
2628 17419
4076 8070
2438 9343
13756 13919
8842 15281
4151 12423
6851 13888
3336 5180
8034 20397
15420 17673
7609 22236
7014 22388
1381 14055
9702 20841
4116 9704
10927 18366
9086 12575
11105 14386
3812 20851
12524 21432
12989 14668
23455 24437
4689 20265
1463 17994
10568 16462
2500 5024
12561 16489
17170 21707
4452 9527
2177 18059
8588 12548
1736 7365
6058 15582
19086 23634
4943 20152
21242 23944
209 5412
17019 19008
5872 7371
6261 11907
6843 14855
6678 8832
5455 13113
7455 23311
12885 16764
8761 14089
2726 4920
2165 5091
7899 9608
13173 24424
14461 20972
17808 17963
14305 20125
11460 15476
1188 3032
9016 19280
1565 16987
5886 11671
13988 18572
2987 12913
10179 23303
2930 18258
3554 12635
5571 9535
817 11048
18537 23341
10069 16364
8076 15891
17238 23215
14968 24273
14216 20693
1546 23308
1924 6384
486 6511
903 2009
10200 10656
12931 14642
6141 18415
365 7534
11584 16546
1845 19208
3447 16805
218 8058
1633 18922
229 3448
6701 14202
2600 22317
3264 10957
6484 24313
20122 22471
6033 17310
17717 20657
10573 23356
6415 6673
6990 15472
14456 16617
7094 12733
9542 11237
2871 18936
3857 13340
9350 23713
11889 21211
4784 20345
7749 22249
807 2876
9481 17346
11093 23032
2022 4523
10244 13533
2108 20929
14273 18450
6862 9283
1839 13527
592 19429
9383 10371
2169 16085
21444 23422
12608 22097
14871 16721
13748 18195
18359 21932
1197 18772
497 7600
14871 14885
19896 23833
7706 11116
8329 15312
2986 7649
4303 17003
6866 12254
8235 13514
4021 11544
5695 14777
5598 6154
2870 23720
361 1319
10688 16087
2131 9788
572 15353
9524 23360
2404 13626
11728 15659
12840 22891
9571 16635
2183 16488
6818 20945
11942 17836
500 24152
5250 17954
3882 24003
3459 13134
3961 7638
4509 11593
18439 21822
3348 6816
10004 12014
14107 17547
1339 17177
15626 18583
7771 16136
10342 22052
2019 15493
1967 21026
1061 11778
9839 13627
2679 20981
23555 24485
3918 14172
5258 21211
5818 6594
4728 20333
19533 21390
15054 21001
8418 15452
5976 24037
5369 13600
4812 9146
1064 2401
8628 13130
21053 23216
7242 10739
1716 7533
13945 18794
9567 10348
7890 18802
992 8790
16039 17561
662 1125
1561 9307
4036 15030
14042 17772
708 9262
11916 21681
10457 10900
5132 8709
7206 16278
3869 15248
3739 18557
6448 12754
3743 6418
14874 18121
14778 18626
15461 20379
1881 9501
9580 18908
5850 11063
22090 23624
3620 19182
4692 4936
17172 24430
6922 24429
4260 18626
10061 13532
8039 9596
2680 3357
8335 16645
3898 22579
28 23406
9239 14810
5497 15961
4436 11346
1448 7459
6419 7446
18045 20340
1300 20671
8351 20177
14408 23417
6851 18134
12957 18437
15974 19630
12913 19365
6513 10350
18531 19595
7748 16655
9225 16176
10010 14289
613 5451
15371 20053
10839 13652
13675 24157
16803 23051
17263 23955
6494 12392
12997 14883
1141 21879
7061 17509
986 15689
19472 23203
10548 18217
4900 20794
1490 17336
15222 15289
5322 22676
7819 8116
4729 24350
7945 12421
2946 8170
2818 16139
5104 16544
4347 14415
2152 20364
4239 12332
8185 16235
5346 23206
16971 17714
1346 23428
1328 22213
2548 3659
5551 18812
12838 15543
14165 20057
8826 23045
8696 14322
1559 9773
11840 22736
4333 22413
7425 13649
19645 24149
9922 15262
7391 19878
3969 11099
10614 21539
11021 21953
13336 18836
1496 2327
2967 9485
14397 24105
21018 23813
2216 23027
12252 18900
10001 20580
16221 18159
9105 10196
12303 21321
3746 22777
2936 5199
12924 14007
6110 19758
17548 19254
5259 16812
5563 8168
19751 20666
21253 22851
14930 21439
3607 18950
2324 3296
6625 10753
15647 16822
408 7637
11544 16819
12082 16313
11500 18446
4677 15970
503 8234
20810 21055
5593 5604
5040 23047
5619 14751
20552 21198
5605 6847
11454 21302
624 11540
18319 22720
3408 7289
15341 20224
18645 22856
14321 20151
619 18848
10766 11617
10893 15797
6336 23712
12286 15365
7112 8114
9480 9502
16171 17195
2061 3359
2126 4170
12910 18969
19127 24410
13696 18082
11090 18147
160 11011
11805 21646
4089 15471
18134 18858
4087 19934
12472 18886
17627 20868
2644 11849
1656 22440
7260 19043
17178 17316
2960 7744
14464 20834
14268 22307
87 17825
2864 9909
9006 15968
1539 6012
20522 23482
13112 15124
9483 15739
2692 5869
5580 11844
10562 15136
15024 23265
4880 12528
6549 10968
3422 18274
9775 10873
23173 23551
13291 14528
3574 19102
6260 21639
17045 21922
1531 24090
6554 9335
6932 22035
11336 14747
10460 23119
13857 22076
5817 6502
16620 16886
1912 20833
19872 24408
4226 15535
9355 23231
13447 14337
17660 19549
14454 19877
7806 10999
1279 19424
4427 19956
15609 19280
4350 6158
1241 3428
10879 21021
7406 13929
12434 20020
342 24176
4285 16589
10455 12788
15502 18097
9745 22140
21742 22582
5907 10688
4776 14128
6772 7125
8523 18347
2048 11544
6887 16037
5640 23618
22387 24212
6149 13866
22087 23526
7263 19954
8474 23562
1391 8429
4097 22447
13197 14720
657 19903
15626 20327
5284 22289
635 4081
16841 21457
15858 23951
16476 23066
21668 24158
20224 23814
9973 19415
558 13462
17406 20150
18757 21239
15614 24147
13615 24033
527 3527
7417 9755
10942 15483
5005 19732
7041 21213
2016 20670
2604 9645
14620 20878
3864 24215
4856 8752
20523 21115
4743 5847
2347 22290
9644 13463
9609 10458
16635 16823
9480 13931
15524 16488
6884 7042
12341 23384
7124 16420
11314 21025
7116 15105
1555 11099
1845 3096
3994 22701
90 2935
10001 13157
4562 16180
2940 14976
15729 22947
916 23855
1541 16199
4925 20786
4737 22877
3895 6814
12751 14077
17906 22424
6369 22919
2600 14949
4600 11368
22719 23637
7486 22611
17255 23403
9338 14653
17925 19004
17941 18818
6477 21961
2260 8961
9486 12910
149 18428
1774 3876
6230 13208
1732 16076
4702 11003
5171 21187
5053 6005
13644 15474
5495 24355
11729 12658
6116 8146
8191 18551
9079 16581
7037 20813
48 6769
20493 20696
3019 13839
13171 23676
19178 20484
7107 10104
9398 17259
496 8839
12851 15192
10501 14502
12068 15469
4593 20440
2884 22178
3047 22508
363 5228
19033 24240
4429 13869
20123 20627
4995 8551
647 7375
5030 18830
13139 17551
1396 5373
16762 23201
1169 12260
7951 14957
10749 19725
5620 23643
16892 23253
3023 20182
16934 21837
1668 16408
18398 23037
12581 23480
14597 24084
4038 15297
9322 23541
9813 22087
3637 6090
9061 13439
1823 18970
3018 20142
3167 11045
400 18818
5416 10546
10944 15190
11090 23694
3989 6953
1316 18805
11177 14422
12703 13995
1598 2246
4123 23491
1087 21215
795 8923
8511 14529
3997 7133
1683 16297
15314 23704
2509 8008
432 7888
3703 20450
2164 7534
4144 16070
53 4834
2724 19331
4524 16870
13177 16136
3828 14036
12813 14347
1825 11265
8277 13894
8104 18882
6662 18957
1258 2455
18060 20878
11041 21225
15008 19459
4902 16602
4582 11059
1969 3410
5166 22136
17527 24090
11879 20297
10001 11161
16787 19882
9577 14775
12149 20723
20580 21449
4749 22868
8275 23293
18015 19351
8132 10508
7457 22778
3005 16117
8279 11475
434 20606
19879 23900
4442 23165
16742 20732
6827 14960
10394 11570
9383 21602
8403 21242
9625 10668
3161 23889
11470 23489
6086 9615
12073 18480
5916 11037
12410 18865
624 17193
4878 10374
3681 15823
10866 12363
10433 20626
11226 19756
20459 24081
129 7289
636 1031
15758 16128
16472 22807
14868 21948
19701 21543
19446 22488
4575 8734
18684 19749
9601 16318
13779 13860
2186 2247
9645 19019
2816 5518
8591 19402
5279 5629
11764 22934
6086 11869
794 13428
2657 17902
1394 12132
15464 18192
4889 20025
4966 18613
10314 16811
1812 18190
19743 21510
1014 18029
18033 18427
20028 22279
18373 18554
2744 21265
22161 23453
13050 21507
15628 22337
12880 13129
7061 12337
3729 18663
3102 23492
4020 22733
2365 14288
10826 24203
15212 16294
5936 19497
5848 11120
20746 24149
7857 14689
1145 14601
2869 4740
5152 9340
6136 8889
12344 17216
7646 10484
3789 16983
3315 23914
17148 17150
4129 12684
3891 18370
11179 22033
14126 15223
4933 12210
6743 17186
11124 21628
5547 22190
14526 18195
18917 22055
7115 21655
9000 18969
3393 10658
11959 17273
7869 13351
12223 13153
909 1806
2957 24178
14159 18296
3286 4397
3180 23164
19684 21373
1584 12966
2674 2719
2418 18380
4975 9287
11703 23475
174 21274
3494 15598
6642 6837
4811 18605
13996 20051
1663 23201
17427 21291
662 22866
16313 20632
5068 12353
1917 22223
6884 8346
14458 21469
13655 20984
9887 14265
10479 15242
11177 14199
3520 22167
23728 24007
3950 12847
863 4089
1839 6712
15785 24168
1529 21278
6954 15941
20086 21090
5682 8893
13140 21431
12548 21287
8679 10253
4367 12939
22468 23767
1971 9529
11579 16081
7939 21307
7909 18374
14200 24221
982 2468
7237 18684
9507 17491
10739 16848
8284 9175
332 7418
18697 23056
13468 16016
1308 19330
15400 15706
9666 15652
9051 17006
9962 16946
3742 16464
11152 21681
12179 16581
1363 15449
16080 21454
5574 18002
8752 13095
12960 18892
4033 18336
6830 18921
1865 5753
6205 21009
11108 22051
2855 9550
1917 7648
6256 7123
7 10291
2311 2534
6246 20765
865 9792
108 11350
19528 21158
11659 18491
4132 8606
193 6949
6502 22547
14165 17153
4691 14577
7206 16976
22611 23970
2482 16815
1227 13371
12187 22862
22883 24344
6765 7388
5770 10816
8473 17293
1451 22726
2398 3858
3244 21488
9329 21099
2959 3774
2894 17701
12363 17587
11992 20442
4567 5209
10921 17365
1553 2806
11957 19570
12613 23696
3128 3911
171 16402
20569 20663
5190 24004
17543 19614
19916 20329
4527 11296
5595 8411
11134 17488
4108 10026
12300 23730
19247 23692
12965 14451
4853 22591
3717 10080
3705 10132
11621 15500
2793 23587
20294 21861
2763 9788
12858 22114
14745 22700
5722 12701
8404 14679
10271 21792
1909 12403
10365 22238
5248 12624
547 15295
11218 18049
451 11513
6391 20375
4116 17879
10109 17500
3118 13232
1403 18411
14589 15694
3702 8999
16219 18024
2759 18823
6528 19099
4077 20280
785 14390
2145 23197
7916 10139
9309 21103
9173 24119
8510 22247
13236 14006
3967 19641
19230 24348
2261 21733
387 17336
8102 23903
7297 13229
9548 14760
3714 13509
6315 9732
23111 23535
3289 15511
8338 23661
15021 22855
4138 4513
6313 14807
6275 6953
11993 22762
12950 17820
6759 23232
17775 22468
12108 22482
986 7646
7262 16201
11030 18842
13124 17155
12549 14393
16871 18405
2358 23493
2206 3864
4134 4896
3171 3665
4353 22118
2790 17773
18280 20005
9674 18571
2707 22985
1212 23244
1092 5004
13195 20646
7639 12309
9464 23952
3083 13308
255 24048
4835 8674
5562 18966
21142 23193
1943 17490
16772 21637
7770 15357
11785 17735
16221 18794
17277 21963
1749 24137
5812 15301
687 20883
5868 15064
14879 17287
3867 4034
13670 22485
2331 23066
3484 8295
19992 22475
9663 13639
9353 14745
3995 23902
6716 16159
515 12791
18502 21544
12364 18801
11034 19737
19299 19863
2 18449
5683 6670
923 1906
804 24316
13275 23136
8905 13565
15392 20132
12373 22588
1006 23094
14853 17630
20277 21259
8541 21474
6685 9676
8342 10826
16052 18837
5342 13692
7515 12562
7028 19512
2209 4486
4343 21425
317 15010
968 24404
8193 9295
18546 19223
7606 18784
21079 22171
1580 8684
18343 19063
3510 6163
7569 16326
8029 21990
12911 16131
6092 23740
4202 5367
2100 11156
4782 7549
10397 18193
11493 22795
8783 9368
2710 17409
2134 4634
11525 12266
18793 19588
10780 24044
7654 14074
10035 21797
3794 7667
7932 13105
17729 17894
8923 12983
22392 22419
8416 14283
12183 20230
16872 23333
10340 20255
10911 20366
5934 21479
14828 24126
9512 21635
850 22564
9219 20025
11519 13627
2483 12285
5356 20654
8889 24311
10492 22182
7094 17052
6294 24088
22658 23312
6580 15887
1550 4386
2225 19831
5556 12866
4321 24339
22918 23261
14265 20789
7886 21481
4256 8705
4130 12233
14439 14828
9766 22600
8140 18349
14698 16159
4653 20116
6639 16283
1311 12998
4175 19206
15133 19105
8467 16923
295 18133
9353 13136
6280 11130
20613 23236
10673 17873
19 640
10206 17053
1768 13323
8323 18228
15119 20881
21364 21381
17419 24161
238 16452
400 11589
5791 19182
3873 12486
3539 19472
22792 23628
8231 16453
4886 11650
680 24239
3166 22385
3483 9923
11778 21412
2369 22384
18562 22512
564 2080
12389 19201
865 22260
1256 4579
13827 14264
8021 18372
2952 10882
6080 13373
4815 11548
19216 23038
5616 8532
18207 20506
853 5087
7683 16773
2798 19285
12645 17043
3564 19221
7607 12445
2213 18701
1279 8618
6014 14137
17785 20032
4769 5835
10079 20321
9785 17315
17807 23966
13207 16954
18213 21032
57 21010
558 17426
445 10583
3454 9430
5112 8362
4783 7487
5721 23920
9215 15733
4756 18177
8359 19185
9989 19569
12309 14537
9935 21427
1870 11500
3905 14548
17765 20071
2555 8238
15648 20487
10301 13004
15803 17841
7025 17624
1404 20862
11728 20834
558 20125
8412 13450
15121 16404
570 3438
10738 16745
22496 23744
4690 4980
3237 22613
13835 21975
1627 21982
4277 9231
9095 20627
8515 18815
12827 16452
10971 23908
941 2904
11312 19038
5055 18524
1271 12234
16415 20404
12736 14157
13845 17567
8237 22519
3112 17893
12807 13932
11031 11341
2926 6005
4776 6844
6780 23422
14434 16309
12028 23017
50 534
6001 19704
10889 22675
10347 18262
2383 11299
15861 17340
9084 17608
12628 20002
7530 13397
13669 24061
5513 5950
2416 18650
8977 16682
225 13428
17105 18825
18247 20807
22978 24455
200 19407
9763 18120
12029 14013
23632 24146
10215 12540
14283 16173
7994 15384
16135 18150
10753 14567
4552 5956
11843 15995
4240 21426
3459 5959
11270 18005
10204 23419
16898 18696
9076 18094
4165 19965
16251 23447
2296 10323
7536 24096
1322 16883
11101 18769
15482 20826
14792 17868
6354 8996
3295 10145
2977 5793
10507 15546
3618 11819
8477 13645
414 18998
8504 14573
189 8709
1083 1309
13752 20727
12501 17088
14702 20028
5588 20090
7022 23830
608 8006
5450 5845
10077 21020
13233 18320
8294 22416
6411 17855
19488 23332
16938 18026
6052 24431
1947 19420
640 16124
2326 11315
15303 23291
13243 18562
9697 14051
12131 21294
8901 10345
8316 11787
2704 14566
5068 18996
9425 19423
2277 21919
7996 12211
12516 13504
527 17777
10400 24186
14206 19986
4149 20165
1728 10772
7912 18894
11165 21756
704 19712
7570 12111
7233 21151
8814 18576
10594 13600
5656 22603
8412 10095
13080 20512
21598 21701
102 12511
4825 5008
20443 23915
8465 18569
8812 17144
467 10272
14896 19441
8557 17106
15079 19236
9512 12832
6874 12392
2064 4367
3387 24247
14506 24293
4815 13916
1534 9017
13478 20054
4940 6050
2995 8298
13352 19838
12167 18984
4989 9590
19047 24302
21669 23287
6734 19124
14881 17048
13423 17046
3391 4553
7523 18636
15842 16341
6014 8712
1828 7965
15602 22187
2705 11474
20301 21595
552 10411
6406 7435
4853 9526
10135 12487
5725 10657
7932 24023
9812 20604
2251 19233
9418 16939
3211 17904
3160 12940
2447 20825
1475 15282
6655 12302
2260 5162
5091 19267
18085 21672
569 1587
4403 13811
973 4592
585 12823
9166 12416
9985 22775
18396 23038
3187 6109
1236 7423
18584 22995
4707 22964
7046 22449
12681 17538
10192 20140
3801 24209
15517 17759
4035 15762
4490 6102
8006 19665
6765 24212
364 13868
8265 19254
443 22900
1626 9631
5452 20803
18509 24461
20362 20532
1449 7223
6179 6718
15493 17642
5641 21059
5096 24287
298 15047
6727 10492
8681 9780
10180 23576
19210 19678
5130 7341
7700 11504
6786 15315
4467 16320
10398 16718
1091 19102
19242 22253
8056 13554
3564 9037
21166 22700
16028 22195
7769 16166
1185 7672
3458 13629
17716 20677
20351 24010
1031 20909
2512 9444
18363 23027
12494 19126
8222 11151
6149 20544
1320 10066
13092 14738
1749 21185
11906 18033
5027 17443
9935 24203
17262 20043
8178 17135
192 15993
6072 6222
3301 17560
6923 21827
24049 24491
3821 24328
9725 18709
8051 11304
5993 9161
12789 23062
1674 9257
13665 19977
1368 17531
10248 19608
13985 16577
5004 15838
7310 14179
3035 9932
1276 10741
17333 20073
9513 19957
7421 8166
7112 16238
16566 17398
8271 22381
804 12192
11457 23779
4939 8340
21187 23612
9063 14366
7614 20343
555 17721
6029 12572
491 5593
19451 19884
11990 22101
7199 14138
9816 14806
11745 24229
9391 21466
11863 15909
20474 24330
3636 20667
7093 19613
2910 24082
2173 16678
21922 22645
11972 16656
3993 17088
493 14880
9594 12814
7281 15586
23412 24283
315 11788
6860 7146
1629 4939
12802 17785
3057 23263
3733 12918
14229 15322
10605 17647
14016 14530
8624 19906
4808 20992
5089 22238
3725 10166
6087 17300
4395 20332
11593 13782
8937 16735
9638 15224
4531 23524
5555 6226
15734 19759
5403 12039
12977 16996
20524 20860
12461 19025
3036 23955
5304 9091
9122 20939
3759 9900
7114 17210
3115 17581
12945 13262
4715 11900
11594 23594
11724 22950
9300 20722
5387 11506
18344 22224
4196 13165
3478 18681
1547 2997
6731 22111
1038 14980
8948 23752
11963 18456
5644 22162
3278 9419
4514 16478
6418 13960
1217 4033
8054 21146
7598 15064
5337 22586
6693 15737
11042 19062
6418 16657
8886 22230
9992 12866
2874 17068
10233 14095
5565 12123
7605 11407
4160 21684
6112 11617
11759 17555
4082 16450
231 16434
19973 21927
13568 16636
1241 5562
17413 22888
14941 19064
5262 20590
615 21375
9460 22698
4247 6011
5088 7230
14731 21120
9278 18019
1688 18909
1795 16847
5383 22860
1961 18921
7019 20749
19616 21818
3697 11956
965 16575
10585 16753
2583 23749
6676 8288
444 5774
9571 14224
11053 22020
16171 22905
4249 20734
1356 23495
8813 15442
3230 8208
6706 15398
11354 22584
11409 18667
20077 22128
763 4147
175 8361
9488 20748
16097 21219
5337 11407
12583 21666
8969 23829
9442 16298
6929 8036
6899 21515
10861 21002
6331 6534
4957 9650
7513 19303
7551 20115
3915 21033
2054 18004
9555 16072
1958 3558
8222 21069
4548 7910
14365 21729
5560 7394
1792 7351
16950 20439
4191 5904
1390 18540
10060 24180
11337 22873
2635 20913
10521 12582
21893 23606
11814 17181
10491 23172
20065 20975
1102 16636
14806 18316
10421 22588
12995 13992
950 8693
4654 20505
4910 21866
18565 23417
9467 16739
10072 16977
14627 15802
12531 13751
5145 9877
10947 20547
3217 17396
19048 22670
15878 16093
1415 4227
5912 24176
7105 13916
11722 22420
311 22719
7778 19305
8106 14426
18483 19936
10058 13876
13485 24081
19539 23221
24032 24292
11069 19869
4183 10672
15817 17885
8267 21509
12331 22465
14082 16482
16954 21867
1 18843
5093 21405
10939 11692
5746 8439
18090 21407
15508 22229
2453 13938
8775 16773
16966 19586
22935 24401
1157 15986
13821 23690
6135 23282
6066 17817
8406 18994
1556 16034
10864 13778
4610 7376
1629 4998
8084 12708
1223 11215
19166 20919
1867 9431
12546 14343
4891 13818
16651 19479
15707 16508
1053 2396
12420 13104
2288 18383
2066 17484
5822 14214
17419 21603
8738 14074
178 2977
12077 12565
13643 22575
7913 22100
21863 23145
8582 16177
6010 17914
2526 8493
6630 20375
7998 16209
21563 22140
14017 15927
6796 21791
12517 22391
103 5781
5515 13596
17280 20829
764 5258
1955 2282
16873 18998
15731 18969
2969 18387
8141 13092
10700 13904
19724 19899
13278 17176
1763 10621
532 9788
17239 20687
19778 20643
13541 16456
10698 11165
6056 13461
12351 18454
4727 21734
23933 24138
4466 14015
4260 5222
51 3819
8149 21718
5530 24255
326 1010
20379 24089
17369 22377
4734 21567
2761 19994
11828 12247
3097 10925
13638 18501
9304 15642
16175 16214
4084 15722
11786 20137
19459 21343
16775 23293
23462 23818
2583 6992
3180 18412
11073 20730
9221 21088
6714 6814
1922 16209
3444 15033
2945 22690
7139 8212
19526 23091
6327 11149
3315 12435
16826 23522
12118 22341
3883 4083
9295 10749
14227 20819
19960 23083
4876 6652
18909 23219
14385 19290
2948 5058
23028 23449
1909 14167
8503 10608
2163 4708
7756 17014
16153 24466
20278 21442
2796 18633
22661 23517
17988 18131
6991 16164
6664 15033
13307 20864
9363 15983
260 16268
2591 23718
15409 21369
6113 12412
468 13086
10921 15757
1854 17900
3413 15100
4777 9619
13332 23827
3229 21738
1458 21536
6398 9602
1313 6124
12100 13744
4217 22033
2055 11869
1989 17843
9969 14380
3880 16743
7401 10690
4249 20889
3716 21106
1390 7210
9486 22848
2226 15246
7535 21057
7477 21556
4827 23117
4131 14837
7523 8452
382 20309
11183 21155
10530 17442
756 23003
2966 8592
11738 15103
12711 14898
14570 19926
22944 23097
19461 20885
6971 9339
11663 20825
2007 7015
11909 14640
853 8581
2077 23776
3501 3760
3182 8860
21323 23842
1940 8926
3340 15489
8588 13676
23025 24129
8488 13763
15179 17895
1225 11046
3023 5668
7348 24037
12540 20585
5520 20688
6895 23410
13036 17034
5302 7492
7170 15197
4964 15932
8703 19471
3179 23854
4702 8212
4503 7544
1263 11691
8989 14295
8119 20437
367 9521
32 20098
524 19310
11779 15034
7467 7682
7605 13749
16303 20969
3455 5234
1842 9895
17438 17500
2050 16807
17675 20531
4384 18701
1452 12040
6391 20614
8480 18119
31 11583
9860 14949
9635 9977
15065 22439
599 2908
3202 12866
895 10018
9024 18706
7979 11411
13352 20097
7077 19714
1850 18596
8696 10547
15188 20598
1424 6812
6363 17653
8756 20111
3088 13388
6590 8219
1725 4190
21049 23500
4659 13375
9231 10288
7472 10880
17237 22120
23268 24024
6007 16348
11922 22526
1034 9122
2404 11496
11945 13556
3683 13420
1397 20729
6808 13771
19321 20937
3542 6969
8812 16899
2238 4060
3027 16894
14097 18998
4472 11157
2639 15742
10723 11250
10794 12507
6185 7031
5721 6536
853 19852
7747 19846
11036 17380
6614 19284
6846 17854
15117 20422
5262 21617
259 2389
7227 7721
3117 9509
4318 12554
14293 18548
178 19645
6070 11622
3545 6008
2139 17293
1650 12559
636 7980
11143 20503
11929 13727
8046 11796
7774 22374
19503 22841
931 14679
8816 21654
13042 17236
643 12572
2671 15977
17366 23619
3885 17684
2401 10796
10008 16860
4876 14589
12773 14951
11143 18021
9594 15543
15945 16997
18441 22923
9286 11889
6104 19560
6479 7294
4775 24344
579 7606
10830 17352
2283 21746
13296 18794
5836 7528
7524 9179
9100 22490
14234 20436
6317 16944
3738 15929
20923 22861
4302 5851
10958 23787
13141 22970
17633 19748
9903 24085
1355 17595
6479 22528
8788 10380
4136 8028
14323 19351
14035 15829
371 10098
2385 6796
9046 21023
21852 23847
19156 19971
12828 21143
979 4285
14148 19283
3931 5819
8192 14010
17675 22524
19435 22498
4771 7716
1405 15253
7621 17359
18340 22739
13756 23515
14191 19851
2544 16534
14169 20834
3823 23956
17255 19448
16799 24190
11776 21849
23425 23960
12300 15679
3690 10091
15642 23792
1709 13114
11073 13832
11293 13161
9482 19921
1927 14488
462 23204
10610 16303
5152 6976
8299 15324
10442 18723
13513 14155
2355 23860
4681 20045
11723 20292
4835 19560
11542 17092
5253 17404
13512 17080
11913 17895
5295 19640
641 13280
1188 7003
2231 22960
9213 16297
11715 20140
12641 23366
7197 24205
9428 24093
7346 9726
395 7417
8112 21291
9716 20862
374 2241
9152 10582
9861 14151
4853 8209
15119 21498
10038 19498
2886 9376
7575 8957
19374 20626
1490 5235
12673 24309
9317 20213
23453 24341
2471 23531
10134 24162
8818 22422
14432 24421
8861 11928
12796 17371
9965 11183
19188 23332
23857 24358
471 14181
6931 20704
8758 20653
6214 9800
12371 20007
13134 22281
17381 20044
3671 14938
4067 7233
11466 13389
10587 23642
2104 19661
442 20032
4922 16237
5042 7264
6191 19151
21460 23113
10699 13052
3121 24116
1176 4332
4123 4798
15011 16128
5071 19039
2627 3781
3745 15457
158 4070
526 5160
782 7613
5154 9505
16176 20529
11576 12391
8805 8828
801 15017
8632 20246
7094 20105
2904 10454
1910 7706
8789 18549
8003 14193
18026 21087
8616 8845
7709 11800
6676 9560
16120 18365
2187 7236
16889 21799
11798 19118
1190 23653
6692 16442
3986 23285
13839 23050
4737 11784
13093 22799
2390 17351
2346 9809
2589 15046
5019 11749
3427 13581
4193 21617
4890 19163
3526 13771
10861 14712
12201 19241
7946 16290
17776 18360
14466 14706
9649 10572
3103 16459
3309 12166
1814 8893
16657 20815
12078 12863
4565 13584
3380 22936
9469 17808
2320 15751
7596 20499
14100 23239
2370 21411
16756 18695
9425 19727
2660 9548
2841 10682
10087 21199
16352 17180
6443 20647
11597 21204
18834 22508
9507 19654
15938 18080
3921 5117
5468 14254
874 1744
12399 16774
24122 24162
6001 9437
16797 23879
2565 21653
259 12295
2413 3733
6480 18477
437 9763
7138 21427
4674 6830
7311 20958
10081 21354
10051 12987
2107 10943
10144 23028
3119 15742
4403 21910
3513 13506
18352 23531
6151 24352
6320 9514
14463 16027
6636 7169
14409 23607
10076 23770
3526 14788
22206 22437
316 19382
13025 22398
8180 11517
468 22400
16842 20915
4546 20278
216 6418
6234 21394
17819 19953
6235 6976
13649 15680
8404 20577
2900 22405
19260 22719
453 3085
12476 17685
6291 16181
3055 11425
3074 10762
8108 17469
2766 6497
13689 14110
21415 23987
12642 15557
14987 23035
2474 9026
6814 13488
8752 15141
781 21944
6158 24036
6084 22260
2225 17331
657 4244
14699 21816
3725 14662
2254 13365
4481 13125
2985 16787
17002 19828
16602 24481
13454 20114
3431 5253
12827 18434
7290 9533
12020 20012
13395 15035
5868 21182
463 13562
1707 20131
1796 15495
12160 18597
1961 5271
15332 20641
10700 20075
5616 12923
4737 14235
17730 19796
18932 22938
15570 19570
5531 17472
1847 19909
12957 19525
8119 12448
8057 11858
4426 6339
4535 5802
3514 15519
5176 16925
19313 24348
9740 24287
14694 17850
15694 23292
277 346
9546 14209
14682 18584
848 17859
12824 19033
19872 23037
13907 21253
1843 14976
137 12041
7985 19950
1917 19042
4685 19391
2869 6503
8492 16457
10325 15898
5149 18732
1874 15132
1089 22052
16690 21905
3132 14969
1427 9012
9615 24343
20373 24060
14340 19070
3914 9792
12225 19899
3267 10729
8464 23824
2090 14027
7100 12976
10157 17640
6267 6597
7748 21208
10095 17751
13997 14110
5322 20324
640 17727
5899 15444
16722 23266
7857 15185
14929 18918
14901 20707
5786 22960
5055 7190
16402 20774
12328 17039
4569 8616
3020 7066
10346 18797
15157 21263
13959 19601
1521 9808
7303 9373
5028 18655
12782 17872
7954 15189
5434 10735
4197 16091
2531 5660
2468 7291
16493 21972
8969 14192
3111 10489
4080 14964
8960 18023
8544 13494
11441 21743
3453 11368
15321 21095
13276 16261
12637 21359
23347 23982
2986 23636
11346 15655
7837 15718
2407 17475
17630 24103
12615 24453
17372 20467
7403 12459
16172 24188
975 18293
3589 3917
4412 14280
3174 15793
9705 12169
12957 17719
4692 18039
12844 18598
2695 17104
15663 20834
11342 15187
1993 5336
5105 10316
188 17209
21592 23006
8752 11774
11074 18447
14305 22987
16717 24383
1246 6632
4029 4637
12742 23404
2260 5107
1481 8593
3164 9615
5111 6403
11571 15033
630 15949
13362 16573
13539 17750
1557 19564
17204 20872
11038 21215
7978 21085
1816 17838
14929 17345
8893 17139
2214 9543
4557 14397
3233 5223
18437 21350
11232 20056
8227 8272
10059 18935
15010 16079
2910 22318
11962 20020
16626 18278
1189 20059
14088 17550
390 5747
2317 10208
4012 17777
3955 12809
7981 10779
10926 16427
1023 10299
7076 20495
14753 17885
2223 4914
1834 23870
1130 13636
2377 20506
25 24226
2340 5406
7380 20336
2790 3631
9858 12335
6953 13589
6091 19835
2997 11386
5972 6480
2060 7352
11852 12501
1043 17647
9772 24491
15325 21822
3057 21256
10104 15381
7288 15727
2844 21816
13445 23524
21728 22339
1319 18677
2762 12764
300 5030
702 16900
9550 11018
15187 23040
11708 21061
8052 23292
6599 10739
10467 19753
9845 14103
16914 20917
12433 21116
6802 22135
5945 8545
1415 19542
6258 22278
7429 24236
5773 20152
4012 20364
17185 21108
12769 18147
5560 7487
12697 17655
1085 11887
13002 15517
849 8430
10905 11141
15561 18674
10831 12637
1743 5423
10005 21841
11113 17971
17217 17716
5593 23174
4931 13975
188 4543
1632 5539
3808 4352
7457 13767
13435 18347
3975 12522
8081 17301
16074 23995
10308 10806
9204 13485
17167 19965
20766 23735
14083 18026
387 6144
18557 19099
5653 18394
4747 23038
8678 17866
2475 14792
3896 21165
2566 15247
7201 12372
17233 18394
4989 5825
20502 23059
10404 16070
13360 20503
10879 16188
14057 16693
721 22619
3139 14113
639 5789
9240 10262
14597 19161
17943 18347
10675 13270
2708 23644
19714 24116
6414 8472
6208 24295
5324 20770
2371 17931
684 18783
5820 16029
9723 16733
10727 21235
8586 16236
2787 19798
962 21917
18794 21512
1670 3577
14758 19761
20533 23686
18191 23050
9726 15152
17699 20590
6845 9135
4522 18247
21708 24116
8465 8646
239 688
966 18932
2165 24423
7935 23800
10874 14193
19730 21697
5325 8128
14924 19269
2938 11324
14168 18027
4257 18760
9389 12118
326 24349
4552 12744
14562 15462
10591 16186
5389 21844
393 22846
5516 15217
5401 21135
18880 20965
3169 20333
21094 24458
15294 16397
16313 17679
4780 9147
22143 22163
8338 9058
12743 23731
6977 20823
1692 21430
13521 14847
6530 12565
17600 21472
10955 11847
3079 22984
1531 3739
8963 24178
3726 20725
8118 23189
432 10536
8626 17202
14248 23725
14064 16807
10234 10241
15845 20369
191 6537
12001 19385
16015 22184
20213 24379
14641 19922
16247 21647
357 1530
11482 12827
3918 10714
22404 23364
2805 7197
5794 13364
4832 21509
188 6021
3331 6789
2148 11041
7534 16066
353 22424
10861 14442
945 11034
1374 13671
9384 23356
4165 21489
9864 19402
14769 20011
18405 20352
12724 24055
4880 8378
6786 22909
6236 10515
2284 5292
8026 12179
1989 8105
9221 20879
2316 8180
662 1458
2882 4235
18326 20743
2613 5240
3462 12145
1482 21747
9031 10593
14858 15839
3518 9716
8471 17126
14826 19842
2844 4295
2451 17124
4871 12012
6555 10614
2406 20180
13789 14866
9228 12136
2641 11928
6178 18291
6026 9837
616 9171
434 9918
3193 18748
16635 17582
9221 11627
2311 11289
10632 22598
12854 21228
3042 16867
16359 17136
1454 14027
6153 9841
4315 6009
10087 18723
815 4286
8491 10647
8409 10262
6073 19667
1791 17084
17245 21409
2578 14974
1322 23946
2510 14034
13915 23469
1338 2964
17330 20520
7572 18146
366 21194
5109 16164
6881 10473
4554 13369
1116 4289
16408 19761
14697 14719
11797 19393
7600 16826
5044 24202
794 9247
14799 19532
1582 19057
4937 15135
320 20042
13063 16790
7176 9766
7105 13822
3685 14925
15349 20061
7360 11596
837 8269
4489 13108
207 1499
8292 15820
7460 17770
4195 10509
9912 15682
12371 21556
5352 22616
2376 22904
2124 2558
9569 16607
3111 9673
10652 22001
9830 10772
1276 10697
7146 9804
14052 22798
6147 11817
5654 5752
18790 20540
7311 23848
6360 17265
12136 21596
392 8802
20873 23359
1103 1148
1456 12125
5126 20113
15490 20909
2646 23420
4051 15697
2327 11363
13329 20748
3237 6598
5642 23302
169 18830
1995 7979
10738 18929
1095 1485
17576 23312
5834 24400
1123 22291
9522 21898
12482 20389
5267 10563
12574 14611
12244 20955
8641 16135
21388 23566
9772 15082
14931 22327
93 22376
8107 17724
3828 8235
5834 8216
8933 18175
159 11430
9971 11794
14839 18452
11490 14850
8342 15057
13140 13654
10501 13743
2825 4387
11359 14924
7581 17504
11227 20759
11329 20596
16316 16834
6689 18183
597 7606
5687 7732
3622 4986
3516 13040
16882 19336
6088 13565
7633 7749
9085 22830
2760 17844
3086 4648
2392 15867
2905 4412
17643 21964
14241 23795
5894 8448
2446 7803
14868 20446
762 6849
2085 10299
4085 22386
12622 16194
11590 16681
6679 20645
1773 9389
5562 10774
9142 22655
15352 18784
16374 20221
7196 14570
4005 18547
10097 17752
11308 12795
2786 8298
1837 16771
14757 17676
1676 18160
4772 13761
7887 18464
13745 15365
17211 23785
9959 16188
9554 12099
6113 19084
2946 12839
5423 13786
10222 18773
7180 11613
12347 21020
5927 10904
10765 19307
15369 20962
9438 18476
5982 20115
4349 23165
7230 7421
10567 23701
381 4978
3598 13045
4597 23501
4448 11136
2644 12084
11513 20020
7252 9778
2372 19217
584 23651
17797 19520
20419 21639
1430 15171
16759 17637
5932 15139
16390 22881
2641 5240
16004 16584
11510 15146
3860 12261
11089 14182
1360 9195
10401 23782
13005 18501
2927 24303
7904 16680
8485 9595
2931 22302
4656 24282
5538 10551
3305 20292
15363 22167
17307 23747
1607 13337
2686 22150
18372 23005
5303 8020
5161 13248
1693 14204
214 19240
1293 22712
5507 15523
4289 18232
6945 14303
15256 19792
4637 23774
17878 20737
686 18149
8428 19379
4916 8666
9355 23826
18517 22418
1111 3709
8444 15066
6083 21370
15780 17689
7393 10355
203 12583
5574 7275
12365 22966
15457 19025
3454 5389
10465 16880
6484 8683
3189 10465
899 6906
6778 8695
4338 8046
13105 14622
812 7370
5240 18909
22727 23550
2801 8050
8948 21949
13571 23262
8367 14861
6061 13046
5357 13859
7538 13992
11389 21617
12956 18232
8067 11442
3613 9465
2940 16603
10676 20452
5086 24051
3446 8152
14359 21030
3956 7822
723 1126
13409 19337
10998 18176
6930 22761
14376 22872
18378 23483
6119 12685
3038 11115
2885 14587
1983 9670
9939 24213
1404 21267
5810 11755
9235 12159
4137 20487
8642 14257
16934 23297
698 15651
426 5241
2854 24098
7486 17362
15395 20709
11702 19025
9194 22594
9898 14583
11394 23829
15009 16046
17129 17962
4561 10001
11745 17024
1006 16177
9375 20542
22932 23009
9592 13056
14476 21782
1541 4893
7537 18965
3438 12794
3178 22413
16286 22289
3235 15985
12460 21201
942 5283
13097 18945
2847 5899
1044 7995
3697 9721
8649 20873
21330 23696
13079 15194
18170 21453
9039 10215
5892 20406
13523 14666
6543 23064
3821 8230
18042 23351
9057 17534
11339 17081
16005 21215
16454 22273
10509 16227
14913 21426
10596 10873
19525 22359
6581 12140
15508 18318
8476 20449
13223 23254
6891 14794
95 9863
12729 21471
10899 14219
8372 11906
5142 13239
14106 17846
15181 18506
3787 3827
12815 19708
11373 12339
10603 23936
5176 10654
9082 18281
4646 23308
5556 15005
15492 23158
7846 11006
5130 10958
3336 22342
1346 14566
6781 23554
1591 12524
9907 19478
2520 22109
16848 18177
14277 23231
6784 6980
822 13434
504 7092
5848 10324
8573 9380
3037 6643
9600 20665
182 13590
8583 18317
11508 16816
3862 22104
7551 17393
9315 14435
3953 9572
10975 14452
1833 15504
4262 4814
9512 21443
3008 20147
806 1864
2135 16962
7935 16354
13256 20154
5620 9219
4813 10338
5873 13104
8441 10383
17112 24286
175 15573
4065 8381
11299 19624
5570 11411
18594 19501
13204 15114
1791 24221
430 1390
2779 8131
5132 13716
11227 19044
15835 15997
14571 22603
6679 17789
9488 20181
409 4438
3504 15422
4027 22714
1604 23317
11461 21691
9796 24235
8651 10863
5127 18887
9555 16430
5530 16808
10935 19598
9701 23378
1100 8753
16141 17237
15842 18383
199 21242
7804 20855
6228 21114
5315 16728
7286 22761
641 7860
17313 18373
5148 16877
10401 18318
850 7903
7565 19714
10875 16799
4161 15137
6811 14781
6478 7324
9251 19675
6791 11329
6077 7522
1712 14212
1449 7143
6761 9308
6021 7344
4690 10160
13062 16816
1720 15763
11562 15129
2110 14024
14270 14673
14269 16004
16096 16465
6474 11554
3065 17207
1776 20817
14373 19375
19768 21816
5717 22729
3631 4864
8527 23294
9298 14343
2893 18509
13493 17063
12326 21822
6017 10789
11953 22405
17747 22309
19568 20143
10113 21836
2420 12502
7155 16270
4944 23316
5303 17360
11436 20386
16933 22573
1316 19116
4024 6484
12337 14039
5698 22582
1386 15398
416 7731
9417 20228
5029 22059
9894 11461
2750 17184
17386 22670
3468 23042
4424 17115
16249 17539
4695 20848
7294 18482
4020 24237
13671 18122
16553 22741
3163 3934
10463 21507
1656 22643
9939 13740
16993 18135
3853 17081
10553 21483
1078 19283
13364 13659
8669 18751
6646 20368
9418 19036
11217 15999
10557 19506
260 24182
14456 18692
9842 19825
4010 23141
8763 23969
8254 8536
4320 11823
14337 23930
15034 19739
1490 9637
19521 19640
11677 24179
5860 18020
1222 13685
12460 17033
2533 15073
876 3556
12994 23772
3116 8086
2725 10319
16967 21188
6627 10218
10342 23263
4407 18508
1369 15628
2445 20427
14727 24304
8989 16558
13763 22229
7504 19812
10504 14784
18976 20552
9412 21733
14492 20396
2555 18364
4730 21219
8921 20045
218 5570
14517 20800
6456 11843
17426 17678
17785 20154
20246 24194
8868 16072
6102 15660
7152 9119
13598 13967
6654 11502
9691 20902
10591 15928
2791 20368
20054 21015
3487 12705
1702 21418
17460 21906
5416 10629
918 19082
15139 21026
1327 21167
9666 15778
5190 13546
7269 10714
5326 6299
6108 21079
6498 18066
9590 11081
3287 23531
3367 11987
16766 24357
978 11773
3064 22287
13979 14807
10921 14037
6451 14682
105 12900
1647 18245
10953 21856
15382 24245
6762 21876
813 19744
14048 15892
12108 16578
6895 17760
14004 15301
9664 21187
7474 7805
10496 18788
15118 18773
8120 22579
11114 20541
6134 8219
9135 16830
15385 17770
11100 22801
6418 9244
2185 17783
6625 11935
12141 14603
8253 11882
1254 8001
4437 15491
6678 7089
3374 6268
5073 21835
4398 24359
3843 12365
3890 8421
19889 20013
17739 20021
954 5062
8112 11319
7295 16018
5533 11440
14763 16715
4695 12299
1277 5081
5252 23798
15314 19747
5510 22272
6375 10699
15646 17841
21475 23253
18290 21837
8822 10644
6731 11265
16059 17527
3926 9945
2091 3373
6847 20256
14953 16863
6249 21875
14513 20834
12016 21689
4218 23774
15028 15398
12613 24429
1549 8947
10356 16345
1941 11021
6893 10667
1144 9422
5600 15086
5006 15974
14227 20787
2228 16133
330 18285
2209 4943
19497 19528
9597 21508
2793 6700
14388 23896
7756 16327
15907 23045
548 22134
3191 18361
1536 9717
7114 8067
805 15351
2092 20852
1372 16030
16820 17566
15608 23156
48 13951
748 5248
17405 19142
8056 11427
549 14910
6009 22829
10346 16984
14218 21547
20143 22668
16180 17057
10767 12530
14067 21092
1705 9551
2113 6169
3698 21004
14197 22476
6455 9572
4175 7117
10081 14855
1324 15143
8159 17928
11627 13655
6969 24384
1984 5427
7723 23934
7116 21924
1621 9341
1028 5110
2865 16060
8997 15560
7092 18659
3097 6760
11761 24325
12426 23733
11880 23832
8874 15556
16255 16696
12955 17767
6599 12881
1197 6610
15320 22250
6699 20890
2953 16697
1374 4808
21212 23033
141 7239
5766 14436
2889 8528
11243 17719
14614 18804
2333 16827
557 2762
4166 13133
2402 21038
3367 10247
11050 20206
2586 17896
9371 18555
10189 12502
3093 6796
19607 20250
5555 12190
22303 22692
194 606
1245 5250
11110 11534
10317 15993
8973 11970
5765 20650
4446 17570
11902 18794
14847 16971
3475 21776
6617 13476
2101 18672
17752 18356
18037 22698
2995 15566
10966 23221
4567 22401
14286 20091
6831 17200
4307 7790
11096 20646
22116 22712
11304 16751
4037 11273
2275 21771
9926 19429
20868 21323
11623 12198
13994 22730
14598 24116
15802 22161
3183 14014
2797 10121
21461 22328
15111 20759
6901 8524
6391 12980
6206 13428
2261 22601
2379 23437
3912 14349
16602 19119
9552 17829
7308 18707
9316 18943
13453 20418
514 21474
8880 13184
7474 15589
18144 18625
7311 14096
9284 13085
3493 22389
15359 22415
6665 18198
5130 16998
7856 12919
1388 20979
722 18520
14781 16976
3406 5535
4471 6269
14726 21752
3968 18109
17834 20626
1454 15397
11027 24321
2330 8978
18818 20913
520 16178
1617 16823
5632 22767
2613 22437
5070 15733
5299 21555
16407 23108
7663 20807
5297 12589
10666 18756
5631 13562
10743 14815
12830 14715
323 20914
10878 23011
10600 11192
159 4765
21787 22925
1617 16518
17825 18923
9868 21326
7174 24350
3175 11862
18840 22067
5787 9258
12084 15201
13687 24446
3052 9685
19517 23220
13773 14948
514 21949
1107 9304
4279 6308
10047 21110
4644 14904
11180 20203
2419 19146
9423 18776
11625 17194
5839 18807
4426 16240
15053 22435
9842 22708
2419 9526
8531 20290
17091 17730
9763 19960
10720 15563
1069 9781
13947 16347
5189 14183
652 6617
2507 11399
7657 21510
19653 21844
723 4735
3815 7452
15611 17298
1995 6568
13306 23732
4165 5484
8878 23519
2300 7148
3807 21629
14896 22861
5731 7194
14957 21536
8584 9015
1482 12449
3038 4522
18822 20093
4423 19189
278 16668
9925 12645
14219 22572
7672 13173
19227 22573
4410 16431
13511 21162
8205 21309
5904 21977
5054 11322
7668 20134
1638 2209
18574 24311
4525 10295
8769 21309
15639 23827
2072 5232
1430 13207
6009 18411
2229 22143
11809 16375
16056 19705
1433 5900
2220 13045
558 14471
13320 13888
9015 16675
13578 15594
7959 8940
23191 24362
1686 8178
1410 13529
12232 19591
13741 20521
10200 23993
18968 23938
3165 7820
6189 21117
11796 11859
10068 13424
1456 24434
7645 19235
1885 18906
12304 20118
9123 15197
15758 21641
13963 22267
5153 10027
10728 19504
22639 24098
8296 23017
203 16723
2190 17812
11736 15531
4756 20993
4356 18239
4996 13427
7827 15989
15507 21120
522 16154
7862 11527
12629 19569
4707 16029
2662 6545
4774 13902
4577 9123
1627 23197
21280 23066
19226 20833
5213 6439
21854 24183
8411 14348
17955 22877
545 2342
2223 14511
6965 8361
9422 19413
2642 3277
818 12683
6723 15488
16775 21155
11748 17807
17871 18401
12412 17186
7247 20496
9128 13000
8518 20550
6550 11866
1889 8169
6734 18948
352 23173
568 2384
3915 22742
229 7520
14943 20595
15495 21451
21198 21585
11991 23419
123 7170
12439 16400
7008 18702
6166 12797
10029 17012
5969 10713
2317 20214
236 5788
5250 9875
13564 17304
22291 24432
8915 13431
1009 8958
10469 12856
14029 14325
8222 15716
6739 13486
3170 23663
7041 23942
3351 4302
184 13010
1826 6220
8985 11224
7764 16414
19737 22010
2578 3176
14192 23581
18704 21607
7817 19913
721 14317
17523 22355
14870 20386
5377 21545
1317 18729
3471 4582
14116 19474
12854 21001
3157 18835
1371 13915
5355 10965
23916 24413
1968 19742
943 8165
6923 23110
119 3136
8237 13564
9643 18264
19093 21581
238 23544
7802 10142
3052 18139
1858 10144
12489 23826
18267 21398
8317 24340
3668 16564
5679 19922
8888 18817
8337 18194
947 9400
10822 21792
7786 15315
4724 6733
11261 21769
7381 14994
4819 9632
663 23154
21218 23965
22956 24339
7234 11068
12459 23230
16093 20352
308 22632
10871 17819
3473 14361
2628 13505
1788 14101
17258 23468
4236 14956
9258 19899
15056 19898
1105 9088
12255 19479
2305 22111
9742 13008
1667 23420
993 5974
11464 17827
6817 13178
21363 22393
5783 7912
8679 21374
44 22025
13011 24277
2552 20948
11106 12929
9056 10819
83 2052
15193 21669
9338 21700
15331 19621
575 12841
7321 14495
7054 11290
7047 22974
3486 10296
4769 19723
16010 16439
15728 20581
2545 11290
4705 14092
3218 18065
21378 23459
10613 23797
6935 13731
1435 18114
5507 13468
11793 15646
8860 15366
2302 10205
10128 13349
9743 19215
1912 21868
18275 23997
22148 24042
3388 19360
2740 21252
5150 16110
6671 13489
18838 24228
16407 22364
1359 2776
19619 23055
505 2598
20028 22514
2242 22132
6648 23309
11039 24109
1425 6946
8490 22765
19231 21461
4619 16527
2937 10856
427 13193
13413 23360
3204 7987
8995 18692
753 21254
9463 22898
8114 18349
16915 23097
967 10956
2925 13268
5255 14227
1828 3570
8111 20781
17980 21510
3178 22702
10018 10462
5302 16164
17681 22915
7866 10941
3696 4460
23158 23405
17092 21321
16143 21488
14954 22119
9272 22404
4002 13578
8838 22514
9375 11267
7150 10319
17552 22724
14650 18446
10138 22279
8050 18995
7636 13180
2048 9977
10702 16006
5554 22057
10865 12411
1333 19965
11137 16842
1683 22945
6286 24324
3002 13642
12220 16123
3127 10714
12305 13368
5650 5926
4840 10868
6670 7770
4582 9484
6428 19417
3079 10523
2248 6400
2232 16455
21811 23391
9524 16137
634 23935
11598 15045
4390 21111
1331 22031
4476 18822
7102 17749
2436 19465
6572 22846
3030 23095
5258 22646
3802 22616
4702 15349
2391 22841
13075 20185
14947 14960
20064 20268
8755 15800
2014 11198
6799 14913
12435 17429
18891 24211
4901 20859
8744 23188
5590 18430
6218 18042
5173 15740
5681 21613
2996 8300
11456 20442
2993 14808
7374 24076
1664 23055
9698 15924
12700 22683
7755 11877
16479 20278
4615 6588
11207 12413
2869 18669
3576 6791
9587 24431
4254 9826
8102 18242
56 1711
6649 18795
13881 16766
2807 12225
19860 20120
20634 24245
17594 19118
12346 13644
21394 24266
4015 20168
10569 21095
5825 22965
95 2057
2966 22737
13431 23570
2176 14436
95 2856
19810 24264
36 2701
8711 20275
33 23800
15862 23062
12309 23036
16155 21773
3336 11487
1423 21008
10204 11097
20196 24353
9334 21795
16691 22013
3084 23505
2632 23288
23186 23333
10205 10577
2768 23546
13784 17247
5099 12290
2530 8727
9795 12518
3776 15498
5143 14625
5044 7444
14299 19982
7199 7287
14829 18622
1833 14107
1369 24257
8089 14326
17926 22885
6763 22270
9780 16639
6074 22540
17820 23335
18872 18917
1151 4022
7892 22817
13457 16130
17153 22893
19226 21260
1298 7172
7013 22434
13670 15433
10253 14039
19112 21073
6588 11978
2407 10810
664 19895
4030 6392
2468 19450
2045 4212
5429 24217
10888 11778
4646 14684
7533 19244
14253 19311
4927 7080
129 14053
3617 19872
7119 8718
4685 6033
5271 12406
12380 19080
14890 20169
10309 19609
14367 22865
2617 7866
15857 16568
3760 11752
465 4006
3248 21954
8787 19734
12353 14459
5627 14282
9613 20250
4830 12214
798 4798
6797 17713
19602 23298
10661 12170
10275 20716
13174 20183
8462 12551
11978 14959
1509 1750
6417 7818
433 21220
5233 16683
9519 24424
15546 23882
2033 3523
746 14706
13532 24120
9576 23435
7527 23866
15065 16519
10400 10600
14086 15571
5117 10380
9706 14679
15587 20817
16610 18846
5771 11492
14798 18949
7544 23420
11159 20073
4182 18162
11177 12237
13567 18947
12005 18488
837 21102
16408 24232
9055 18421
19081 21569
7467 17870
14910 15933
3952 24130
11728 21497
14151 23076
3509 22778
2729 22140
18595 21664
18904 23604
10957 24467
10991 23877
22920 23524
7279 15285
13498 23439
5954 11053
6644 12776
4717 23572
1645 8543
9897 22558
4760 9061
13375 14625
3674 20124
5583 6219
13434 18226
701 2325
1482 10085
11541 22708
10803 18682
12355 23519
12035 13097
3889 10818
6403 10712
13037 17005
6507 21459
13171 22164
7129 22518
800 7763
129 16025
7392 15021
3283 11546
11841 14836
13262 24129
7638 9643
4411 16393
1675 22588
4257 22778
5968 6691
16788 20356
5686 18291
2907 8125
2231 5127
343 18853
2105 22479
5766 22572
15455 22273
10171 14138
17728 18596
3785 20935
19810 23342
3643 7216
7010 9866
2071 21269
13995 21587
7434 18761
12362 17271
665 5214
11641 13022
6976 8145
4219 20798
3607 6113
18944 23130
6972 14845
2662 5715
1493 14260
18196 21983
14186 18578
21234 21350
9261 17153
181 2706
8274 23611
16307 19658
15071 18670
11357 14429
2772 6512
3833 18295
12395 19847
15835 16510
19071 20014
11994 17085
1468 9481
2896 22509
8633 8762
17388 20198
3559 6720
12027 13862
2639 14083
651 4105
17941 19005
14189 22099
3001 16078
7063 24257
5035 21459
7219 23051
15683 23366
13928 20228
13164 18892
13199 16832
2602 18099
1999 11039
12223 21157
11751 16740
7585 20887
2494 23068
1943 20485
20458 24231
13845 17154
21682 22572
5333 21674
7905 22432
4645 22823
10421 13748
5022 11534
17788 24158
2128 3512
8834 23274
5114 18866
7368 7880
1937 23807
15388 20135
10447 14258
3227 16647
12962 19280
11046 17307
6421 21141
17185 21357
18485 22796
611 9638
1696 20309
3474 18446
3498 16269
19092 20309
8047 17216
2935 13647
2295 9158
11168 21548
2542 4789
13957 24419
1296 7207
6013 20249
12863 13362
4730 7538
5092 9179
15457 15495
12918 19716
6585 23658
450 18529
9671 17416
15776 20574
4417 15201
19296 23626
2805 4062
18823 23943
5128 15849
1519 11401
3255 13716
2700 22435
3893 15534
11176 16433
6504 8787
1626 14085
2425 9394
3477 14645
3262 15989
14621 15995
9814 10867
1472 23177
12546 15757
4957 19148
12622 13251
5255 15224
7567 20856
1949 21002
5193 7524
6426 13535
6469 20434
7991 20046
7642 13470
3699 11342
13633 20213
413 21330
9673 17502
9591 18332
21858 24476
11589 21065
4246 18648
218 349
14194 20624
3275 23689
8833 9979
13389 20351
8620 12418
7727 12851
1120 5614
15506 23527
1091 2511
11826 20684
17533 23126
1771 19344
8371 10077
15737 24120
3976 19427
11630 12048
2939 3927
8843 21462
16340 22046
3453 19584
4512 21465
72 22744
9735 20196
9999 14522
7676 22959
6049 7473
16481 20468
12957 17036
3465 14052
13111 21201
10691 21252
18993 22368
7851 15341
16885 22965
15945 24289
2691 3478
2380 7780
2916 14064
7187 20343
558 23029
1869 24184
11385 15527
14025 23095
20650 23631
8345 13114
1961 19316
16148 17448
13677 20644
7057 11102
6646 18800
603 1067
3195 18463
4122 16478
18479 21150
10918 18467
20617 23171
4821 9399
11155 11512
21904 22588
8326 9616
4202 4568
4714 18427
5835 23710
4076 7110
11547 13374
3989 12366
15347 15453
9643 12306
9831 15349
72 5132
6147 20753
7474 22856
12375 22757
18194 19794
10441 10529
8190 11490
9340 13196
1243 3496
10252 23656
1735 19555
1272 5120
5344 12948
8680 15941
5446 21156
7501 17159
5503 7880
1042 15122
6586 16063
17389 21780
13351 14879
14065 20651
16358 21976
11017 13989
13121 20396
1043 3194
5725 14353
1980 6306
5681 8107
1309 10468
1322 23029
9029 13241
3826 12563
14278 17144
3886 23592
16886 21113
3895 11965
18234 18655
3796 22503
10592 16459
14050 22937
16681 18073
5259 6421
18898 19129
3655 6942
2451 5971
2443 14204
2054 8546
3903 20300
9776 15420
10167 17830
15338 18727
7591 9934
11545 16283
9399 22343
5430 9743
15159 15486
2929 17502
9821 10639
15724 24078
7174 10914
4432 22434
972 1539
2930 5933
1495 9065
1849 6681
1855 15737
1926 14902
7528 12955
2727 14267
4020 20920
8738 14829
5986 13978
16757 24114
11947 18995
11376 16179
8626 23443
9216 20123
1594 2420
4256 22175
14583 21825
4529 19823
2411 3781
4189 6464
4389 19348
1148 6392
3471 8004
9832 24434
5468 20620
6668 8730
11039 12033
20228 23445
11733 12168
16041 16761
6673 17548
4604 10447
5287 23881
4691 9659
1785 6040
1021 21099
17148 20507
6234 12039
14736 22699
1154 9617
16434 18120
5826 13325
19608 23214
4519 15448
4574 16393
20650 22193
1961 21657
8313 16054
641 2673
13532 18535
10604 11632
11523 23558
3128 17062
11244 15614
12028 12084
9361 16662
5612 24194
19054 20700
2780 21065
6598 15660
268 10635
4755 19432
9683 17209
13898 18098
6702 13051
13781 20232
2355 17912
17807 23686
2163 23540
13318 21784
6956 12136
6556 18754
3587 19700
8834 23966
2621 11452
14635 22393
12974 14786
6177 7616
22675 23600
2990 15619
2054 15711
149 13495
14182 22979
9274 24381
4637 9608
2246 11670
150 2984
2215 17920
1109 8453
1435 8647
8603 16440
13538 14683
14132 19270
4887 10478
15588 23763
9228 10613
8538 13969
1382 5251
4082 7118
3929 9120
7151 23195
780 13552
11504 15569
8349 15152
10013 23801
11655 22241
7513 8463
1392 17679
6440 9467
14667 17221
2771 5716
6533 9780
6913 22634
1272 21017
1056 7632
15783 22806
10744 10855
5510 19860
2746 21870
10178 16621
2136 18587
13687 16994
11235 20061
8289 18429
7999 21953
658 695
20421 23750
10615 11519
16293 19097
8601 13937
18527 21520
1948 23543
21895 24178
7502 21536
5411 9974
10962 11494
1699 17279
3331 12306
11929 13491
2808 15041
9333 17258
679 5287
4229 10724
2289 5112
8457 12950
15398 21970
1537 17907
5199 15848
8110 13481
1262 13443
4686 8486
10320 16540
3343 14618
6013 22255
5840 18447
2735 7905
19375 19884
12307 20545
724 11796
8698 21354
2793 10333
16175 17309
1034 9826
8813 22912
6397 10116
12561 20261
16442 19384
11097 22395
11311 23740
11418 19551
8941 18280
11534 13877
3932 14169
2709 18202
10223 20266
13332 22397
18376 21104
3013 21387
9094 21458
10288 15371
14015 14928
17990 21025
8130 17524
11857 20374
19383 21526
5896 9059
5706 16483
3168 12411
4998 8930
6630 17955
3427 20191
10355 14114
2666 10035
7765 11597
6995 22362
14904 21927
12064 18444
422 12653
17121 19918
5509 11907
10259 10991
11204 12242
18366 20630
15690 19616
3240 15860
20547 23963
13465 15742
9062 17171
1189 13385
609 15842
6283 7727
22864 24338
3145 15480
10561 12516
3617 9671
3220 14937
861 15000
934 2153
17511 21470
3875 18986
282 13999
7928 8718
14676 17542
11370 12381
1277 4293
3042 6435
18413 22674
13942 17769
1278 19540
470 20330
10102 18050
405 19215
10543 21463
8053 13283
20359 22379
560 4429
8122 22396
2980 18501
617 20933
8998 16877
10838 19829
3456 4890
1003 23968
2444 4619
9942 12462
2549 4266
13658 23978
6747 15747
7057 23240
9249 22598
6918 6984
2437 23480
7116 21806
12734 22881
5244 6638
3289 20899
4301 23418
15085 21161
7426 11937
5087 22619
7941 12107
12798 19538
14569 17760
9440 13196
10220 21651
15798 20159
12421 16426
12552 21557
879 23277
6831 7685
21236 23664
22986 23895
852 12583
739 24150
6150 22286
7103 11755
21689 22152
7574 22532
88 3450
3557 10905
3473 15899
19489 22740
12410 16255
6995 15720
780 7236
12335 21873
22930 23108
13375 19569
17973 21267
13255 15433
6095 22971
3088 16129
15949 19077
3274 10995
6473 17967
6291 11988
11781 17973
3038 13679
5236 8754
4996 8307
9680 21190
75 23883
13851 21666
10357 19537
7662 12438
7776 16281
10346 11226
2547 18471
19592 21390
8535 23310
4271 22221
7978 9548
5343 18100
7463 23490
4009 8862
10841 12309
2527 7790
3428 11820
7961 13738
6735 19085
1587 5196
17100 21460
5907 17126
19995 20346
17667 22503
10225 17509
13391 20078
14138 14893
16239 23155
6390 19633
7765 14614
8776 19339
8877 19240
209 3454
3350 4369
8775 12249
1536 10858
16708 23859
2546 9452
165 23506
12660 22335
1053 18685
10571 24353
741 6462
15238 21580
3538 7992
2256 16574
892 12371
3725 12889
12174 17729
9155 11980
11530 13207
2058 24049
4807 8700
739 6037
3617 23388
3057 7894
16950 20688
6391 6801
7441 15220
10908 17902
5899 17531
922 1091
1898 2751
1130 22212
15384 20480
9354 11015
1186 18719
1580 19940
11575 19027
4054 22263
11155 19903
1100 15810
8102 19216
2273 14962
17484 20514
3228 17908
22789 23793
4983 13284
13789 20548
2515 8620
4550 14490
450 4400
4457 16131
9545 11783
13576 14336
8759 17774
2143 12487
21240 23968
10502 13380
2706 13679
4013 12989
1395 22062
882 11642
17862 19215
12269 22536
7943 23517
11114 21016
8601 20457
5566 22760
12041 13298
6733 18237
7545 21939
1417 23582
7528 17159
3113 9960
6085 20133
8188 20312
1044 13967
18865 20893
668 13006
3878 14346
43 4117
528 12002
6208 13656
18634 18934
12431 20887
4113 23431
1661 4927
14895 20387
3982 12833
2652 17284
2440 19069
7577 15636
996 9830
3522 10584
16114 21034
1501 22237
5699 21695
18629 23428
15655 22822
18818 19178
8004 8599
3820 23555
1869 5801
9030 18716
5189 5321
3078 14235
9979 18507
6346 12974
4767 22790
14718 22616
9759 23872
4014 16384
5853 14338
11995 15866
10920 15839
18473 19202
14553 15752
1896 15912
1565 22023
3967 4168
2011 22690
4076 7401
12586 12806
10712 21372
10618 13248
12730 13274
7203 11553
16020 22999
4061 21920
7992 20130
8661 12694
5009 23917
5902 9036
2031 13677
4083 24188
5880 18786
6263 20617
1025 9331
4235 17055
2392 13881
7527 17693
3129 7096
20125 23118
3962 24059
1082 9074
18815 21875
4926 6718
6456 11823
4631 6187
3896 10832
16338 23398
20657 23799
8253 20431
3186 14282
19228 21172
1619 9879
1957 11407
6552 15131
9571 24121
16854 23206
17578 21585
2872 7141
11521 12412
3786 11873
8367 19153
6393 13064
7535 11522
1323 12663
1075 3124
15958 22448
2702 7342
4123 21789
13549 16917
4441 8575
18223 22185
11621 11757
10099 13442
21518 21564
11207 22063
16532 21978
7599 24217
14053 20437
11217 16844
64 19792
8215 8580
20620 20943
4716 15235
23238 24491
4622 5864
1643 19960
1558 24354
8324 22112
10964 13228
22069 23605
7264 8421
467 9492
652 16982
7803 22981
889 24134
14109 15157
5346 9349
13105 24010
2081 22537
1361 5769
5562 16628
4368 20426
6273 9725
4440 8138
13525 19494
3326 12444
309 10412
1153 8296
12589 12792
1469 22777
323 17957
12151 13352
1106 8761
5283 10781
4122 23969
5370 18005
10207 22710
6745 12930
4597 9523
7142 14336
6372 7042
6094 17575
5903 6115
4273 11802
16615 19930
12352 20901
14708 22585
6965 10788
18803 18836
2378 8263
5253 13681
1239 19556
18382 22568
8921 9202
2703 19270
8796 19807
3374 22985
11359 16437
2779 20668
3599 20000
3693 5587
2831 14331
12930 13712
12905 15986
1690 3512
14966 21109
1586 20463
5831 14004
5741 11143
17083 19102
2577 9971
1634 11360
8386 23283
5744 18654
5971 17208
5222 12978
8135 22264
2859 19417
3481 13333
10732 13785
842 23766
8651 23560
4280 6266
14483 22236
9745 22273
1260 5095
7217 21734
15896 20071
5755 20131
70 23434
7155 19554
9576 21549
258 9384
16911 17223
8880 16402
14901 24233
12984 15512
204 17629
300 17098
5019 9436
13932 21763
13379 21240
12646 17424
22080 23578
10544 23052
5357 13066
3709 24230
9992 14300
11129 24171
8092 19861
1984 12431
157 12519
21886 23261
3825 10189
2650 12484
5433 19031
1050 19004
10097 19733
7610 12048
17707 23054
19406 22748
4093 19576
8673 10038
14992 17465
8486 14251
2616 7951
3411 18214
11918 18178
18774 22296
23053 24258
16309 23315
9245 22202
10063 17235
867 18478
7176 11212
11071 17598
1 8770
16515 20224
12689 13861
22243 23737
12378 23603
7866 17117
8650 17770
1869 15136
12738 24166
3310 23033
4300 23094
10285 17739
8921 12872
749 17467
20341 24468
6482 21520
9726 15793
9686 19779
8118 8416
2449 18456
17100 24297
4658 6457
3829 9496
16379 16474
15846 22056
899 9809
8990 16018
1257 2400
2377 23033
6585 22246
9969 20912
13986 20053
15175 21685
874 3336
6502 10071
6431 8543
121 19075
15609 20868
6516 11411
11852 14635
5066 10614
3359 19328
19426 20760
2481 19460
5635 12034
3117 23329
9453 20411
4480 16585
10746 17423
2122 8234
17623 22656
208 3545
2096 20459
8130 8335
10774 14046
4263 16202
473 4284
13559 15512
2116 7373
13429 20684
9332 14729
3941 23627
17352 20824
6009 18475
19106 19984
7001 13672
596 1127
11893 14617
7284 13101
4714 24254
696 17948
3942 10651
4427 17609
11329 19695
9241 11268
11561 24069
15110 20779
10850 19149
1615 5812
7082 12766
18248 21725
13520 18792
11249 20364
12169 22373
19555 20861
5302 21281
12286 18610
6656 7055
6760 15913
2723 23932
12848 13896
3264 12707
3062 7025
7927 18401
8673 20355
18079 24234
1319 22738
16278 19193
13861 16356
18614 22441
159 6417
6260 21906
13531 15144
15045 22801
17298 21218
12270 23011
594 15570
1918 17770
2442 5711
8408 20533
9626 23747
3731 10555
14333 20370
22849 24307
17021 19040
12894 22561
5175 6015
722 19480
2738 9082
253 391
8212 21752
13067 18284
2299 6779
15290 24181
2837 12785
8190 23697
10699 16618
10698 10830
7949 24404
4495 4801
21209 21495
10156 10389
13230 16285
12747 16928
3031 15662
4343 7745
10496 14842
6825 22829
11191 11684
12790 20764
15141 17131
7060 18739
11802 16603
9712 24391
4653 15067
1790 8128
385 14520
4873 9627
2599 12236
14157 20575
18564 24401
4824 17924
5107 17075
1396 6674
971 5664
1604 17259
3596 19191
16534 21183
16170 22228
2882 14003
2217 9849
7311 15366
8657 9691
3318 14467
16314 21436
1555 7482
452 9154
5990 13265
10910 12838
5363 22253
9149 11429
1298 4053
2018 23434
706 16077
10195 22450
19062 22534
10648 16748
2620 19450
7546 14435
10541 21674
9759 15482
13650 17749
1271 11894
8124 10422
13837 14373
4287 17435
9974 13165
6623 14853
15664 17439
701 21241
13282 20275
3436 16510
19753 22889
1420 24153
13119 16106
1153 5099
1545 6226
4540 17145
4229 19564
10268 14011
8860 18931
1365 24221
4360 14641
7963 11090
3660 19598
3503 7218
8395 14756
11338 19859
5008 13429
6742 9694
5262 23895
2475 6463
7371 18368
390 23493
14409 22452
8884 23263
20279 23644
11240 19489
18414 23503
4501 21427
9145 14575
9148 19211
6034 20746
12145 13020
4806 22609
2583 16841
305 9268
6006 19172
13928 22315
1169 11360
12529 17313
3525 24431
4236 8567
5044 10828
8334 18233
9425 16989
5242 12616
6452 9143
4391 13737
381 5379
3099 7816
4811 14572
23432 23827
1226 20800
17292 17309
1262 13988
14051 20981
17999 23834
13129 18557
12962 21365
1376 15489
9324 15908
996 1051
11539 21998
3013 21092
64 4749
8938 23713
9406 23339
10346 22382
17259 19317
16095 16938
8569 17374
9452 12337
7963 16937
1480 19506
11054 20026
2975 14147
815 24248
11416 20961
5959 13736
14825 18684
15844 21603
15281 22141
10742 20420
7146 12087
3801 10736
728 22835
12702 12758
4612 12429
16149 21622
17773 18738
4697 13090
41 16382
12850 22097
20323 21210
9021 10146
7982 13238
6622 18084
2812 16386
282 20889
4782 16959
7756 10656
1959 5412
6281 22220
22582 22956
8551 20381
2721 17932
10216 13109
5032 17365
18670 22998
13777 14191
4500 6030
3013 7464
19992 20933
5762 6257
3317 9145
13351 16808
1802 17017
86 19414
18577 20504
707 23365
2323 17401
14577 16462
3434 22690
1207 3090
12313 20093
14076 20397
14569 21723
8329 19496
3458 12035
11159 11374
552 13160
7830 8943
15549 24360
978 7238
14894 19492
11537 11827
7226 11209
11509 11777
7020 22343
15479 17733
241 16930
9104 15540
16936 17915
8933 9780
13244 17649
5473 8371
3346 4935
21332 22133
1768 12808
11658 12832
15058 17467
15273 22071
5519 5785
6690 8786
1373 22586
11367 15551
10713 23039
6879 7546
1216 13229
8582 22253
4064 13306
382 3892
3700 11535
12233 21162
12290 17464
11583 12131
3764 6386
13850 16500
13763 16796
18782 19529
3946 4184
239 15803
2976 14928
3360 20006
3026 17615
2459 16249
5536 12182
18392 22009
4261 4571
1833 22730
10284 21763
6037 6572
3718 21249
13620 16373
1479 5409
15130 23745
1589 15505
2827 8628
15889 23007
1429 19877
5103 17740
2959 5680
2910 6317
5243 10124
554 10101
5503 21853
14879 15889
5847 14742
7409 17507
6511 16671
3025 5331
12015 13090
11905 24024
6826 8651
11163 22662
17015 19027
14117 18459
295 19567
15770 17979
18113 21185
7053 21673
10357 19614
14329 22228
11052 14299
6220 22844
6501 7021
1378 1896
12478 24272
7268 24194
11683 18169
472 16940
8317 10574
1777 22736
3912 7875
4758 7527
12313 13206
4878 12453
17074 19408
6319 7851
3242 7056
8294 14552
6999 10327
14728 20019
996 10003
7824 18840
71 2638
2974 3533
4901 13529
663 5036
415 6561
13498 14971
884 6903
6814 20547
2352 21346
2916 20938
11165 12767
19261 21838
8316 18330
12277 16872
3594 12746
1648 17036
19821 22270
13106 14913
22518 23354
2631 21927
11600 23304
892 971
1791 4204
15252 21792
5596 10531
8755 20198
16937 19478
5569 8023
19907 20353
3543 13021
3793 5244
11141 17183
18894 19784
17699 21129
19761 24466
252 22134
12731 22270
11860 19829
317 7172
407 1366
11092 21010
4862 6959
10099 20421
1312 7632
3698 20296
7167 7811
58 23365
8659 11564
7815 14279
996 7792
3625 7756
894 10309
506 22933
5684 16489
4925 19253
11209 22251
18697 22831
5634 12814
15488 22948
4083 16796
23178 24340
2690 12431
14994 18001
4810 23412
17801 23612
6885 10459
2774 18133
2338 13122
7009 22900
5394 12395
7905 15225
7537 18472
9043 20134
1300 20468
13267 17966
20872 23047
4312 21644
258 8912
4926 5641
18032 22694
3464 14623
10378 21438
9567 14261
7015 9157
17167 20288
10262 21208
11909 21340
9790 20999
443 12047
1943 8235
1652 8924
10603 13361
8411 22133
14265 21801
10743 16757
10539 13753
2264 10715
2591 2993
6332 16778
415 5362
899 6195
8282 16448
5070 17947
17604 20570
383 13411
19720 21915
15391 16054
13576 15072
6038 18898
348 2657
2818 14578
14019 17169
3972 17629
4846 12131
4465 11851
14055 23432
8637 22697
10063 16425
7080 8905
19703 24138
4477 18880
20512 22958
4292 8457
3364 18885
10767 21130
6157 17117
4852 8192
9624 22661
15958 20447
6726 8932
22668 23782
8954 19302
6429 8043
3335 7870
11738 24219
2483 22159
6003 7140
15168 24266
6343 10741
21324 24162
18507 21563
5512 16132
18621 22637
18303 21960
12375 13438
3601 22131
15216 22052
5173 6037
2554 20169
571 17948
7986 17660
2505 2672
1242 18096
8334 23507
10694 15305
11445 24003
10083 10441
7442 12088
375 1848
408 14175
10339 18791
3496 12532
8256 10822
16695 19589
5090 5745
12165 16762
3772 13451
10810 15808
18824 20249
4913 23048
12927 23039
2604 11719
3825 11763
4566 14083
11243 17948
232 13694
6743 15413
1470 13726
11338 15198
3082 7390
4322 12947
7257 22285
12190 14513
19263 22538
1688 21071
9903 10798
5855 23322
7461 20549
2652 20723
1905 17532
16666 22050
16657 21735
4845 16981
10502 17992
23066 24279
22571 23952
12703 13675
10111 15820
6698 11855
10599 19195
14986 15490
23223 24330
243 13808
10736 18092
15210 16010
16375 23644
15955 21284
3268 8632
2000 4191
11944 20742
2905 23070
2375 6271
7416 21873
1472 22407
1595 20609
363 19959
15360 24491
9329 22912
6342 12713
4256 15714
6704 24322
6081 21628
3559 17970
7416 9583
1038 16042
2694 7250
16127 18270
1385 11535
715 23309
5178 9623
2815 13459
18453 22940
24188 24455
20056 23325
7117 14979
13650 20044
8171 22324
16200 21605
545 18077
11558 23082
5689 19189
2408 15353
683 13145
14627 16591
958 20446
9632 12845
2562 5213
1988 4077
5837 17923
3769 23810
15058 23606
6001 15263
2431 18600
5886 23272
19799 20328
15062 23611
9878 23301
2802 2905
3113 16523
5445 22098
12077 23628
18586 20715
1352 23777
8913 10593
5748 21432
7878 20696
1622 10935
7437 10007
11223 15901
12964 15981
2900 20879
3296 16444
9195 23331
822 4206
8065 16327
1584 17999
9687 19602
13811 24327
7403 19746
15393 21421
19657 22650
11747 20634
3613 6776
4964 14578
2299 14374
6706 23545
9721 15471
15989 18170
1892 3051
20548 24221
11157 21141
7807 11752
3676 14395
5800 17105
15878 21307
10620 13768
7775 17208
8180 18543
3901 17354
10542 12010
9194 18356
3800 8685
5022 11391
2399 14980
12059 19596
1958 22624
944 7488
15760 24152
21431 22748
7135 17200
13182 23715
285 21777
4204 14686
6414 23257
9267 19784
4168 8162
11236 12136
8129 19833
4868 22771
6680 17387
19442 23795
7618 13719
17792 20718
15637 17971
6359 8258
720 17974
9258 16056
16 19487
630 5387
4182 9652
7021 19703
33 12823
11787 15028
1275 10670
2188 20800
21172 21920
3683 13033
1727 19344
6172 8533
3227 22027
14226 16757
21117 24155
6565 13519
4429 19070
10812 11421
11845 24296
16340 18343
18519 20455
6938 8364
9870 16108
13272 14839
5057 13964
6716 8863
7839 10165
12571 15460
4075 18892
3382 22704
13159 15117
207 24164
4178 8062
18930 24438
3713 4980
6087 22494
2099 16956
9244 23559
19817 22151
11004 21489
8629 23890
682 11982
3818 5139
5661 8759
4813 21006
11314 14885
8112 14445
165 21679
8551 18975
4495 9231
4977 14148
8223 8317
15340 21440
8316 12833
4584 16192
14620 18420
12422 15006
10322 19643
5252 8207
803 3977
8484 13398
3310 23578
18209 19102
3184 5842
920 1067
1315 6454
14436 17986
8711 12777
1468 9744
19141 20343
1756 15057
13344 13961
488 13093
15614 16105
12656 21723
5278 17576
1332 4477
1755 19121
19652 24259
34 2678
4474 15252
18715 21856
5021 8003
11021 19484
3301 23357
7976 8272
2621 15939
6872 22182
1452 7207
242 18328
355 17472
1143 3698
18306 23770
4022 4618
3340 8673
16211 17294
8274 13003
4055 17798
426 2876
4556 24248
18037 18840
18797 21367
1300 14843
8831 17959
19553 23665
4864 9238
16209 20366
8895 9522
7129 22573
14644 22719
8144 15745
21395 23616
6627 12088
14263 21412
2387 18655
588 11425
12422 23392
9120 16185
13738 16147
8451 16283
11788 13683
13913 18966
15589 15987
15106 22193
10378 22956
1169 17486
3213 8075
1710 11347
14335 15701
16167 19681
2455 14530
8614 16486
4722 7659
4929 9090
197 20435
6974 8079
592 6488
14242 19369
13534 20334
10542 19475
6413 22339
2428 22142
12787 18799
9595 12706
14436 21227
1361 24317
9006 21390
6016 21439
54 11416
2072 20781
758 14369
13096 18902
4863 7610
4274 6097
18037 19611
8838 13181
19032 21959
9362 23303
9351 14652
3801 10307
3488 22320
16591 24442
9825 21743
10824 22024
8814 24257
5992 19174
3911 6368
3156 17256
7055 15181
1143 3629
6404 14920
3604 5089
1773 17240
13650 17885
7173 24236
11932 18947
441 4860
2214 2836
4501 19413
5698 9999
2702 4315
2283 9864
11105 14155
6985 17474
19874 21080
6987 10451
8742 15364
17396 19424
642 11838
16030 21796
4377 8795
5351 20990
3114 18206
13482 16128
13404 23596
22600 23115
8794 14870
14645 20065
15699 16083
7132 15311
6588 17470
1250 1841
14616 24471
15587 16873
169 24214
6317 21494
8764 21884
5408 8211
1595 3354
5698 20906
16425 19021
13993 17949
12436 20467
1365 1928
3719 21951
21577 23059
15381 21722
8911 10768
7173 14969
10261 20995
21647 24114
16604 18159
4670 16058
14292 20061
8515 22994
12832 15107
4590 8101
15741 21787
5633 11654
2299 9673
1518 17600
8624 19558
7327 20166
9831 10859
3007 15552
1997 11996
5751 17536
2977 11856
13940 21162
16037 23613
10726 19666
13349 14355
1294 23253
1363 5958
6132 22600
7277 16771
1747 9182
19841 22787
1674 15902
1563 18331
13233 20765
8915 13320
10042 19793
5869 18579
2060 2392
14063 18530
2271 19352
19229 19258
8915 23044
336 8019
12784 20470
4884 5207
10039 19451
3811 4093
19461 19494
15872 23474
667 3519
5459 22559
4432 6774
13750 20400
18115 20254
9905 16794
3502 21087
4644 12052
2987 13429
7166 10477
7885 14134
11770 14547
6163 14622
18583 19563
6824 23728
6277 23946
3476 22003
8773 13924
8365 18913
13094 16937
7554 17940
4035 17467
8567 14262
13025 15479
10193 23135
6009 24018
8018 13116
5993 15956
11738 23139
7108 8486
941 21352
10941 11893
12745 18085
3962 14179
2118 20376
6196 18067
10619 10640
5794 16868
10635 23748
6446 9296
7001 20654
7671 12829
8512 21403
23051 23159
1479 10750
10307 15368
15731 22951
15301 23244
10293 23705
5266 7628
36 20641
19230 23402
11994 22126
6679 11247
1566 7881
7849 20934
20272 22072
7446 20094
1209 7439
13336 18342
729 18999
4499 12728
2416 24457
1137 16539
12282 15520
16877 18231
11254 19807
14722 17084
11726 22155
8500 23883
12843 23175
1755 4574
9178 18316
9948 18122
10501 21255
8451 14556
4347 20262
737 6406
13721 21980
15157 23692
1704 11750
363 6262
11717 21204
5382 10867
2867 13901
10967 12863
1084 4637
15984 23500
1431 21514
20197 23229
9113 16444
2869 11781
12204 20406
21746 22822
7292 19363
5122 8185
3605 7310
6211 21046
4939 23429
8954 15352
9250 18689
13941 18223
3486 19525
3149 7833
10215 21640
6531 15294
20879 23445
762 20521
11136 21449
9497 18954
1211 5611
389 21379
343 20231
23020 23982
483 23704
13717 21020
4458 16113
3893 12378
9275 14846
18032 20114
2062 6816
14078 20044
8596 15174
12808 14744
15660 20495
5756 21578
8858 16762
11277 20596
8783 10280
3401 10216
2159 9090
19215 23963
21933 24328
4579 13552
2194 10100
192 22489
5611 23599
7656 12943
3689 11822
27 18943
7852 15610
16999 24305
8418 12179
9134 11981
16753 20707
15711 21379
15220 23325
7340 20956
7809 18792
11522 24235
242 5304
15622 22159
14020 17236
5914 12060
5357 8405
5769 15829
7331 9760
7777 12060
4612 7750
15421 21581
1980 2441
6 6560
10401 24224
2562 20309
8037 9379
8663 22514
958 11899
230 4018
555 10303
13350 20368
7060 9982
4752 9044
9440 14871
12388 24197
6705 18594
7228 14728
6584 11856
16975 17543
10927 19145
12470 19293
2842 2915
7998 12032
3573 19581
12039 15808
2061 9732
1522 18234
12325 16528
3321 16188
2302 14631
8682 16653
1161 12585
21829 21974
5824 12808
1933 13522
20046 21177
15484 19186
1958 24471
9933 17735
8219 16594
12004 13785
11315 19300
8073 17289
22001 22579
17887 21402
8036 18410
8773 16376
1576 14828
4135 20839
21105 22236
7373 16582
9954 11073
426 11083
4278 12232
15078 23036
7178 23479
3549 3980
10810 18667
1661 11465
5088 5442
9492 18822
12833 15762
12561 13138
18139 18298
971 8148
6145 15269
7990 20268
2684 21760
10696 21384
9893 15212
2452 17583
10923 16671
18022 24274
176 22172
3208 8954
4772 23957
3192 17713
22886 23503
1346 9270
3009 9723
14108 21717
21207 21313
887 17664
18151 21204
3072 6827
10787 16927
6333 7987
18422 22990
9513 20919
12772 22734
9188 16328
6281 6905
7754 14934
2592 15751
6048 11996
14923 16090
11857 16886
13106 18558
329 3997
15011 22425
2250 8689
1299 20434
12890 15277
20631 21619
10718 14696
14879 21411
22122 24013
6868 19936
481 20807
3013 13143
15572 22572
13916 15301
18273 20743
16104 21103
698 11551
1669 6844
11266 18677
5095 8612
6405 13584
6724 10421
10361 23168
2887 5167
2862 16865
1527 1719
17053 18643
1746 12455
9515 14323
46 6159
1921 17345
2078 3730
5759 18437
1377 20667
16370 22774
4830 19094
19512 22200
4318 19831
18084 20515
4505 6827
5549 12666
2545 20349
4074 23661
12654 21020
5618 11680
2805 9500
13096 23941
5625 24353
5297 9786
9212 24470
13266 18070
15359 16624
6274 22467
1772 5227
9055 21872
13226 24322
3749 15967
8463 13693
9296 16537
5304 13375
15793 23999
11796 20846
9714 12262
13311 13744
9544 23261
13926 21209
20426 23155
4603 9807
8348 21476
16105 23586
7881 11781
2124 24132
8593 20835
11700 24460
6376 16283
14623 20184
301 19512
2577 16848
3933 20964
880 3244
4454 7058
4306 11862
8602 21877
8433 22218
2874 7849
8454 10093
11832 16096
4368 11750
7448 9666
584 9257
7118 10037
8710 12364
20488 22265
8931 24019
14457 21127
17526 21411
5926 7860
9555 24115
263 4359
3447 18438
3402 7630
14203 15992
20551 23415
3156 14704
1741 23654
16308 20463
3542 24095
3277 17987
7875 24045
430 8199
13326 13512
12450 20986
6042 21353
17568 20051
17866 20926
10537 23502
3395 9190
11374 20003
18632 20303
19414 21129
549 701
642 13895
1822 23471
9664 17430
1785 18153
2318 9801
14115 19328
7859 12669
4556 12606
19118 23125
1070 6864
8457 11121
10139 23533
4427 24009
3275 19111
8244 11127
22816 24422
1158 2624
11227 11739
18117 22894
5068 17080
15621 22402
941 11665
4856 13280
9389 16462
11267 12375
10240 21328
8760 13684
11886 22241
4309 9382
20243 22845
339 3964
6143 9363
8473 13755
16163 21227
3373 6919
6074 14285
2926 10806
18194 24402
4627 24025
6225 10456
17067 23833
1926 3490
822 3046
8816 20007
6444 17988
7544 13158
8986 11880
5413 20591
10012 18205
1276 11180
19908 22564
1898 21553
9628 15171
7674 12222
12827 18244
18718 20327
7411 7910
3014 8979
5592 17684
4649 21473
12666 16267
4989 6898
8173 8839
9196 21773
16906 17232
22763 23295
14060 17716
6590 20242
6463 15449
3826 20538
12615 14713
6175 9861
4461 10215
9489 13448
18231 23226
9512 20637
5032 19035
92 14451
13927 14569
16697 22322
20112 21046
585 18301
6653 21373
14102 22427
13003 22020
17454 18032
2624 17562
20058 21383
316 5506
13523 19268
2787 10123
6168 19384
4827 22445
4617 18265
10030 23934
11384 11405
4009 24457
1032 23906
9257 15865
4240 24075
8506 12351
8902 20612
3678 3738
2036 3290
10155 14843
661 22251
12964 14440
12816 17066
12262 16294
6154 13065
129 13644
1941 12992
546 14808
11371 24417
10415 16473
4478 17313
10555 21331
6293 16209
6432 11236
3604 10981
3198 21500
2607 9640
15139 22165
6643 21592
2013 6545
18022 23663
78 4271
15135 23310
1020 5072
4942 22412
16038 23894
4364 15882
8610 14903
2807 6265
3378 11104
10937 20540
12324 18263
20061 23945
138 16421
1778 13975
3141 9800
1188 15004
4856 8004
3205 12876
904 18425
11473 18808
8140 14017
455 20713
5553 16082
10429 12825
8832 11943
11188 23847
6540 19727
6251 9762
2745 22031
2785 11672
2010 4714
6190 21865
2888 19839
15527 18884
15702 20339
16605 23712
12503 23145
17714 23084
7542 21936
11704 22033
1676 12934
9070 19191
18083 22084
14777 14785
655 7451
14731 19252
3448 7830
7614 12553
1675 15336
5235 10640
4961 17587
3932 7738
18825 23084
1181 3967
13982 18823
1274 6630
2787 18016
8310 13619
1742 15358
327 2348
22572 24174
3467 7787
11573 19877
8332 19513
302 14506
7363 16054
6161 15195
5548 11011
3694 6022
842 893
5733 6346
10653 21437
18404 23003
15633 22759
8154 13649
11448 19963
7265 23004
8367 21928
18927 23090
1450 17719
8874 22137
5064 17537
3649 22862
16661 23628
10246 16033
13061 18835
1002 14842
2155 23598
1870 17353
9370 9689
17980 22309
7548 22095
1164 4710
1945 15587
13694 19770
7617 22357
11237 16546
23088 23951
6271 9318
4724 11964
12158 16097
4514 22512
7567 9135
4383 14597
3104 15820
3515 10325
5772 20149
2455 24279
19269 23806
389 17708
3180 24118
8489 14208
11110 16532
8453 20664
9553 9759
3870 6580
9771 20669
675 3992
540 9922
391 5834
7308 23468
5295 11596
633 20609
5555 9583
5750 8596
14554 15489
14273 22550
6738 14670
16929 20811
18705 21149
3999 7942
9073 21379
9 6435
4790 18877
1252 15663
2588 10593
18788 22501
466 13005
14080 21025
13600 23917
3130 16818
7424 10726
647 8935
9750 14384
17995 24466
14148 18381
16258 20651
22311 23788
20558 23876
9210 20664
13633 15077
11144 20507
5346 19110
3180 14355
14070 19594
9060 21126
1503 3677
44 2668
3721 13062
19134 19989
5468 16300
6136 10680
4701 17905
9650 15399
2855 20538
11990 21990
10083 10221
5388 20437
13092 20208
12478 21621
782 16959
371 8069
9601 14567
1084 21234
15793 18767
7232 20554
9315 23310
15019 23832
8829 19691
6211 9441
1991 9080
5762 8030
4541 11373
17151 24243
8726 11264
6358 6512
6282 17672
4560 8517
7770 14728
1656 24385
6975 8434
1921 20680
20277 24136
15813 23190
5576 20508
4071 4959
5397 20873
9163 17546
17032 22439
3853 23835
17303 21167
23 16489
10325 19972
8360 17739
7562 17572
1862 10483
9293 17384
4406 14200
10807 16233
10133 16757
112 17046
156 15622
13370 19201
7309 10835
7199 20910
10498 15508
5188 11096
21591 23424
266 11630
3152 5062
15153 20900
10433 17531
4887 16003
14160 17583
4106 21635
16209 18993
2490 17169
5818 17676
801 16713
4840 22051
2516 18125
4079 23755
18944 19546
13193 22464
14066 21431
2637 11127
1686 14416
4195 21327
5203 8745
3105 10906
7483 14892
3262 16376
8564 14344
7662 18692
11598 16179
8352 10241
20634 21494
1832 19147
11641 24099
1190 11005
13629 22810
9175 15284
3352 8065
10440 13253
8104 18671
418 19776
4934 9723
22209 22572
8298 14812
814 3352
876 12411
6698 22684
15803 19566
1343 10745
1230 23042
2032 9999
13170 13337
4173 19767
11803 19338
4778 20470
11881 22854
15334 18669
4155 6710
11931 18168
4600 18899
4194 10745
18237 21530
9444 20629
995 1839
23166 24412
9489 15230
1070 8887
4373 18648
5905 9791
4614 11240
7137 15414
16703 18680
20404 23946
17838 21379
145 9007
4639 21274
19222 24080
8603 20565
7717 15028
3101 11027
18940 20023
10311 17772
18574 18808
4452 20305
1396 10619
257 24285
275 14187
8811 23044
4736 7567
3212 17208
4475 15271
17801 19550
14070 16154
10932 11404
18006 24147
18614 19860
7258 17323
4573 23629
6495 24050
2806 6578
9911 12509
17683 23558
424 20911
15044 16710
5834 12720
1001 12956
841 6845
1189 17871
105 9345
12058 15452
13667 15250
4689 8328
5057 8390
12775 20825
899 7764
5943 20078
5677 22464
12803 15981
8556 14298
4668 4972
7586 8351
2748 20636
3400 12960
18614 24111
14077 14130
6529 17499
3883 19953
14035 20474
5644 20296
13051 19523
4563 22890
577 17062
16527 19233
6536 14994
6086 17342
9667 13517
2909 9317
805 18721
949 3732
9871 14419
7190 16245
18200 20033
6843 18451
11574 20124
9861 19587
2926 23584
4665 20168
8561 12109
7699 8050
9293 16245
12723 16568
13741 20190
19852 22560
11691 20180
21808 22140
15977 22144
9302 10010
4056 15838
3036 10930
5763 12544
18849 22114
3182 22514
11363 21001
14654 22404
16155 20994
4964 7039
5490 17225
1178 16124
11588 22605
6607 21094
8706 9915
16234 17102
5149 15973
12531 22574
10464 14793
8478 12161
13426 16241
18609 19269
1401 20161
14995 21147
11137 11205
6593 7193
18993 19501
10926 15215
1135 15229
7061 19842
7543 20229
5656 19586
9939 21424
10243 21223
18044 23218
12935 16852
5216 23650
152 3855
9002 21500
893 7925
16490 17226
13742 17024
4524 9279
6791 13814
2051 19713
19636 22043
3909 14022
4921 6955
2274 11440
1443 22400
11497 22625
13480 18836
4039 6204
17172 18637
4527 18250
673 7445
106 11019
2555 13972
14660 15153
5593 8421
3244 7609
6734 16238
12665 19236
9874 17718
9752 18216
4901 5577
9073 20076
14237 16978
6102 13404
1560 8203
1645 15962
315 9529
4104 20936
2893 5615
5852 18457
17499 17774
16150 23159
7545 10571
6598 12305
865 13494
15263 22229
18512 20371
3153 8881
4417 19929
14830 22511
7474 18907
5486 9871
50 10618
1542 13230
8795 16190
6035 24155
4098 16482
9170 18575
8882 12933
4029 17847
2693 15302
13445 18480
363 5421
6380 17726
10439 11864
14251 17051
3820 15345
12822 22954
746 11291
12854 16252
14886 21701
5879 19940
16257 18853
15629 16860
1895 4216
2037 2689
828 8563
20696 23123
9151 11471
18923 21042
9961 18921
13358 22243
912 4176
11435 18512
2183 16596
14361 18402
5553 16887
550 17965
20478 24471
132 1180
1027 19895
5617 8118
13863 23252
17696 24173
9191 19984
5780 20761
845 11682
9753 17101
3774 4095
11121 16005
881 22033
20468 23214
18428 18438
2959 22077
21198 22295
15244 23572
11641 22358
6877 8054
11302 19131
11683 24337
6344 8879
16459 19436
7376 22194
6002 10925
7694 15687
7027 22583
12182 18277
10494 11360
7911 14226
2656 18659
460 13356
5098 5498
4922 20664
14003 20365
5872 19512
5792 23072
17181 22490
18517 23104
5581 9970
17988 22609
3900 16943
6901 12140
19998 23686
10401 10919
883 10634
1500 19825
13637 15708
9480 20386
2625 15390
8798 15000
10514 13753
18575 20063
11102 12965
5847 6339
3941 22030
47 18555
18023 19985
12215 21072
2212 15177
2184 2728
13669 24427
1894 3368
4715 8989
3290 7195
6406 15481
18652 20454
1901 13120
4728 5727
10203 15272
6791 15166
4815 21857
20131 24383
5961 8359
11719 16254
10585 24048
17360 18656
5812 20591
5757 22775
18997 19943
22253 23044
14390 16979
2509 3277
1069 16547
2709 9490
4999 11890
6635 7910
14977 15739
2796 7990
17899 22253
21983 22659
15483 21597
2845 15034
5506 6628
8111 22328
12706 13141
12453 15108
21212 24136
4374 17125
13521 22959
9260 20057
16138 20619
2399 23835
964 23122
3035 4068
3236 14756
3892 16380
4382 4729
4781 18434
11002 17008
4803 12528
19001 20177
2735 17042
19009 24204
8729 14880
3041 24208
13543 20113
6492 14995
5219 18720
7026 7406
4556 8337
14957 21635
3242 17744
331 8285
13302 21331
370 10934
17903 23261
3648 23105
2037 10838
1935 2073
1223 1486
14035 14324
9 2668
2343 12552
6661 22266
13913 23186
12870 20679
20030 23032
18471 23329
13940 22062
10640 23566
1004 14019
8836 23966
12943 14211
5405 16339
2549 4464
15663 17407
12340 23753
4106 11749
17151 20621
9486 10601
6622 7572
8593 21397
6841 15496
16329 21043
4129 18390
9528 10243
5682 6758
4996 15756
6945 22753
4949 8161
4847 12493
2322 4761
8954 20347
6893 13046
3368 6493
133 8880
8506 17835
19155 23558
2375 17106
18376 19239
1902 12545
13689 21934
22583 24418
3137 5060
8787 12960
13918 20756
12175 20265
837 22052
5762 20665
19198 22033
9737 19380
2475 10724
16159 19185
7152 20758
7036 10394
12784 15243
2835 15757
6721 8008
3340 5484
817 3251
7314 9309
6140 13860
1099 8628
8233 23513
19971 22740
23516 24208
2070 15514
10072 21822
13178 17032
18057 18488
2350 8642
9233 12246
3546 10129
7372 21609
9123 17881
4097 13316
9430 13226
11842 23498
2313 21521
2639 10647
2203 12006
255 18343
3073 21273
5321 14572
11105 23500
3889 12328
6342 9849
9852 22666
17254 24334
841 19572
1265 21682
14537 17141
15503 18718
17977 24286
9480 11791
10977 17702
12382 21151
1385 8938
3105 10486
7451 13984
6463 18391
3260 19423
13544 15206
14743 17062
8212 22152
10334 24462
13180 24374
2216 24360
10071 11858
475 20561
11818 20187
16500 23409
18560 22877
14151 16885
20265 21804
2645 13370
10651 16815
9257 9293
12006 17178
9432 17107
2144 7241
3859 7114
14532 18522
17320 20026
8288 15736
4114 9840
2605 11772
12069 20606
10331 15137
16528 19040
15427 18733
1099 9066
21485 21789
18152 18989
18625 19012
22530 22560
1926 5721
2399 6791
12813 21360
3627 8114
903 13169
16184 20362
6636 20306
5595 22672
18345 22489
6148 11727
9709 15382
3129 18878
9591 13461
1209 7598
14070 16476
581 17634
12096 19556
6072 16495
116 8010
13434 20839
8425 11687
12566 23279
11776 13019
1288 11057
2363 3805
8740 13839
5415 20844
17700 18121
2107 12520
3659 13843
8625 19895
6821 23769
12286 12524
11828 18555
4059 4255
6946 10555
12980 14894
14511 15234
3339 8977
8998 12253
9202 22367
2314 19210
2180 19216
164 2654
11250 15243
12643 14951
9317 22475
3678 13283
9800 19702
19998 23260
2630 16453
700 12884
9063 11602
8554 9966
7263 14163
2306 16110
14028 15138
5233 6075
16486 18049
4094 15204
4820 8131
1025 11037
15690 18925
5299 16685
6554 11635
6551 23017
6973 13086
497 5185
1155 22888
22886 24226
759 6664
7842 9583
1223 12013
4815 17796
10560 13737
631 18393
21775 22176
1582 9827
1469 19217
7676 14639
5678 7990
16379 24038
500 17107
13274 22562
5292 7566
462 8685
9401 18077
12756 23376
16155 21487
7900 9507
9644 15300
5566 14630
10145 12940
565 10641
585 19905
23802 24419
12366 16853
20802 22365
4989 21261
5839 22802
4070 13460
15977 22239
16122 22812
15521 18961
3816 18776
2889 11621
1412 14418
12599 15057
1488 9007
11287 20278
4911 20668
9009 20729
9436 21288
1117 2364
2573 21003
8279 15858
4637 14855
3197 5813
7202 20600
20653 22319
12087 24285
4780 23605
637 1691
1383 12343
10096 22180
2246 18767
18577 19384
7652 18953
3192 23187
8391 11458
1775 17141
5267 9390
6001 24417
255 5057
1992 18435
14886 20980
4661 8415
7019 19274
2401 9620
13736 21674
1736 9504
2441 2739
14180 15428
2646 3847
17016 20225
4079 9498
3407 15115
1640 22316
80 5385
14334 19723
4158 16966
15068 23654
3026 16501
7342 9581
3155 21799
4041 18875
22338 22387
346 13438
11271 24076
20751 21326
10846 14309
3723 9521
21858 23670
4391 19204
15796 19904
11778 19081
11002 11559
17310 18821
12737 17647
10361 11581
16593 21322
2623 6221
1332 7379
5222 17182
9458 15928
1413 4664
5926 16352
169 3548
121 6679
11157 16839
17 20024
7015 12861
3678 16661
2256 6712
8722 9618
13006 22674
9254 12420
5502 12520
3455 14258
8586 16523
5628 17307
1618 9043
4342 20570
7575 9583
4683 21306
1133 22322
17031 17046
2815 10819
1516 19872
1748 5078
11613 12615
11718 16770
18283 21283
12008 13615
6170 16425
5340 7007
3227 8678
12838 17483
17105 20783
179 23000
6595 19582
5697 19661
4869 13685
8561 15208
12391 16411
15723 16657
21585 22319
4753 23346
10816 12517
3074 6923
5695 6319
1872 5309
24 11941
9640 23524
19084 22819
8026 22247
15495 22985
7085 11421
5925 16626
2293 11614
8037 19054
13630 20545
17245 20731
14258 18960
4985 7077
4106 8393
3399 20141
7603 20274
1547 12131
3441 7615
9044 22724
2308 12888
3118 17804
1667 11021
475 12854
3342 15617
11095 14389
1237 15229
2494 19577
890 23625
11198 23619
2493 22065
17622 21180
4345 4447
733 19212
10418 12937
2598 4624
15669 18044
4792 21286
12054 19994
17747 20461
1915 20757
5620 8770
2265 6483
11476 19610
16315 18135
1741 20025
13622 20221
3928 6109
12552 24450
12233 21226
2164 4435
7931 13007
7067 22887
4879 22320
7347 14436
8735 19839
50 6709
2400 5378
14828 21953
4175 7808
2914 11554
7832 15209
4705 15593
12972 22376
1398 10961
8377 13071
14928 17759
4877 14064
3817 5202
10826 24435
1372 10739
1446 13644
1629 5849
3832 19080
9581 11619
13394 23327
9591 23246
1913 13789
8226 15196
5585 12699
5195 22180
12745 18187
8717 11235
17576 23771
12353 12474
5893 17706
244 18544
3448 15992
18808 21654
7300 22886
10321 19732
5591 14896
14130 15185
8140 14003
3555 19182
2567 15618
15241 24053
10576 13391
5565 6413
13445 20832
1632 15352
9048 19895
2149 19958
5789 17747
4450 21493
11284 18660
371 17446
1099 19767
9258 12431
469 21789
8481 19595
1880 6160
1065 1499
2650 12525
5132 8367
5359 10472
16020 17049
2994 24431
832 16592
22158 23464
2663 2712
6858 9796
8580 18758
13308 21588
5714 24395
7171 19899
13270 21772
17939 21072
1033 20016
7375 19465
15807 20338
4749 7700
12841 23132
21276 22489
16095 21835
15948 23653
15174 18331
4721 6988
7034 22711
20774 23137
8524 16928
12498 23921
6226 16814
8959 17457
3442 6443
3132 18805
7927 14438
6197 8423
268 19074
355 15616
1251 5771
18 5597
1380 5162
5871 14204
21389 23350
8912 18459
1026 21697
781 21605
16226 16951
13596 14603
5885 12920
2757 9700
3406 7904
15754 19949
18723 24157
7108 19201
10128 18055
8095 16907
4155 7786
7430 18506
9670 24332
11599 24308
9157 17276
7743 16997
16866 17486
8635 13842
14942 21542
2089 19343
3520 16147
1847 9565
831 11658
14241 24032
647 22848
18577 23948
3988 19787
1443 10748
5615 23570
2115 20470
22252 23940
6259 9939
1325 21889
2179 2911
6722 24137
14884 15055
8324 13895
873 15020
551 21469
4172 22042
3509 22063
2191 2245
3554 15625
2717 16171
9429 17324
16388 20101
2431 15241
10244 23971
14957 15296
14729 16805
1936 17136
12801 21465
120 6733
8151 18359
4291 16657
6144 7788
12818 18566
11689 21231
21873 24194
1058 11248
11063 11258
12731 22633
9225 18268
2180 16033
2634 7454
5235 11117
7245 11041
1068 5200
1441 14271
9622 18242
540 18830
213 20688
19520 23353
10942 13133
16674 19168
1835 18861
12756 13759
12124 14722
7101 15725
14293 19229
16682 17462
272 9354
1560 11637
9479 17528
7111 14876
401 3043
2825 11166
4962 7879
5439 20345
248 15846
5008 21120
11804 17076
4707 18235
6939 11244
10698 22285
13887 22791
16626 19061
5410 13087
10072 23194
3290 20545
2069 8678
1499 23323
20960 22614
4894 10027
2770 7105
10496 20493
10083 24397
19093 24411
22448 24335
12373 22804
15169 17135
17365 21713
14221 18671
101 8920
2785 22810
12239 23110
1245 6069
20168 24196
6483 18360
23037 24186
6425 10410
14111 20690
13502 22654
5012 7541
5685 7050
11534 20882
14536 24427
508 8882
12228 15156
6569 7778
13606 15980
9975 16996
7838 9287
4389 10212
3802 11921
10797 14581
4231 5928
3496 7216
6194 19792
4430 15867
8905 22209
3268 22964
2452 9345
16131 20013
12064 13564
3218 18714
8955 12505
13919 20277
4823 22501
6321 16914
1325 16700
6600 20723
1608 5621
82 1573
10582 22637
8961 16104
5005 21960
11273 12675
14863 20886
1886 14514
4444 14794
5291 20931
10044 21813
9479 20518
7685 16623
8941 23431
11871 19379
11828 22226
6988 17078
794 1862
20758 23673
13554 20017
8082 17620
5989 15523
1003 11489
218 19563
2056 21776
3085 5847
13195 19473
16616 18646
4025 12349
2034 16973
1714 6600
5139 21158
5691 12814
2603 11147
5980 12180
228 13087
18580 22876
215 9341
5487 17545
7356 13959
335 7040
1099 6607
14405 15523
13007 13210
4061 9748
5365 22137
11063 13869
7507 8173
10938 18895
15904 21630
9809 19930
10576 12373
12882 20867
2638 8746
7274 19433
218 806
4796 9534
5516 13708
358 16435
184 920
12658 21408
1044 10659
2113 20871
11329 18074
7669 11374
2733 8332
9056 24076
8733 9004
22478 22783
1363 15628
186 15293
533 18189
7351 14720
15771 16926
791 10788
17500 19204
313 431
58 2810
17348 20312
15304 22831
3175 6103
13494 14327
3022 17665
1014 1990
6848 13091
2642 5093
15517 17139
15329 20743
3051 3378
10407 14079
4157 19782
10972 16825
17727 21066
8514 19011
20498 23779
7080 21755
2235 6195
1927 18338
10461 13234
20 8935
8343 17505
10466 21099
17681 19362
703 9806
9322 24028
9068 13169
21702 23743
5748 15586
10954 21900
3691 18831
6216 21999
14205 16978
2065 18064
1043 6541
4365 9241
13127 22857
4879 17185
81 22215
16982 21346
12053 17048
4863 15229
10965 17299
19467 24002
2454 13590
15265 22084
11586 16839
71 9760
1919 18295
6186 9012
12507 12910
5612 12905
14600 15230
16678 19792
4915 17680
4553 24016
19691 23582
3454 6922
1617 19047
20021 21232
6884 11958
7148 14786
2883 5956
6771 16967
3899 14372
13552 18290
8005 17167
6563 18927
3639 15300
16197 17052
4340 19667
2173 9905
14152 16994
3867 8890
15225 21600
1062 18900
11011 13134
3963 14116
15354 15889
14792 18727
1301 19663
9399 13368
5345 19890
7280 23854
6527 15676
11930 12192
7687 15890
16191 24040
23850 24056
17972 22918
8899 17979
14159 23005
16124 21003
6273 14505
4141 15087
7475 17167
9853 20254
5043 8208
1936 18181
3447 22866
6988 15698
13568 20050
12786 14550
6115 17974
7555 9375
13030 15998
3403 6794
17864 20609
781 14647
4802 16564
7016 17188
4031 19657
6874 16717
15779 23823
20948 22128
9562 12702
954 1093
11606 24348
464 16982
12403 13473
21793 22114
12175 23298
13138 14009
9965 23264
52 20040
7008 14742
14789 15256
4723 9781
10836 18525
19810 21066
11281 18111
6899 20311
10410 11235
7409 23872
9752 23546
1799 3385
1235 14187
16333 22315
1277 11278
13281 14100
6240 14186
8087 20126
1026 23763
9046 19805
12997 23862
9449 18116
16285 20967
16543 17296
6086 6631
14594 15188
1437 21447
18264 18270
7848 20435
13339 21062
8455 12494
22528 23858
12444 19181
530 22876
6510 7814
8834 19987
5531 8775
4604 5976
1828 3336
6131 19080
6210 20873
3734 22525
14525 22743
18326 19993
15181 22223
3931 11590
9547 21538
2362 17171
8661 24426
2747 9702
14681 23958
10925 11929
6691 23169
16488 18384
2180 16216
1418 12810
9597 22409
8104 23728
3631 4470
20756 21208
13708 14521
21240 21727
11318 17659
1397 15952
7600 8669
1516 3440
6797 8449
3925 13544
19496 23645
7503 21404
702 10304
13526 19683
1217 5291
7506 21371
11637 15711
12410 23663
12220 17642
844 8892
2187 7928
229 14837
875 12348
17023 21630
11348 18848
6888 9073
4434 12637
13777 18276
5180 21013
3035 5043
10746 12106
15595 17412
16057 16153
8362 15253
16960 19661
11440 24232
10909 15619
9469 12817
7059 10146
6150 7896
10593 14975
10179 14578
19107 22240
11616 17797
3971 7134
2938 18816
2148 9404
17216 22242
8602 21258
423 19330
1335 15338
1707 16768
6742 9428
15179 16190
5418 16323
934 20082
16489 18983
9309 19688
15798 24383
8910 10049
3090 14753
6586 13987
10747 21288
18821 23561
1204 21861
10815 17659
9618 23108
11226 20556
5440 19772
21628 22585
1651 4967
4911 23354
7441 10113
10701 19991
15710 22577
3612 12095
12566 12575
7965 8386
12186 20055
11746 23466
4371 14382
7341 8690
16950 24271
7834 8358
1200 3708
18584 19925
5439 24281
21479 23060
20054 22640
13595 16064
4123 18813
947 8359
6490 8583
10912 20716
14645 18479
2743 5588
13704 17740
11196 15649
9779 23566
2191 9874
787 15314
11341 23773
8605 15767
10637 17969
11927 16394
15256 23228
18889 21267
7429 20597
13269 19544
2417 5150
12031 12065
16959 19186
17902 20657
1201 12965
3936 5505
6877 15243
6532 15765
9668 19255
7334 10306
12270 23703
4808 13634
17081 18527
13800 23464
2198 23138
2102 6672
8476 15682
1888 8105
15763 16629
16824 17241
318 20288
3704 21452
12332 19925
897 22552
14583 19707
2579 12365
3347 15492
11938 11992
545 15695
8834 12365
753 21764
20572 20906
14598 17017
19551 20462
612 1548
3935 7887
4134 21334
13718 16861
14907 20038
11244 19223
7279 9364
4482 12446
3614 9656
4131 18520
8113 16553
19300 20701
11804 23186
14672 20496
5852 11731
8150 18722
4438 7650
1301 15690
1553 14523
9364 12089
19966 22275
13264 18236
9820 20378
18715 20391
15533 16917
14104 22630
16112 22253
1338 7431
4852 20274
5173 15088
1594 4364
2800 14197
4954 16096
4243 6275
13735 19813
5840 13810
9762 11898
363 13602
17371 18863
2149 14241
618 15642
17294 23350
3712 5923
470 862
5233 21186
15079 15834
18120 22450
16406 23155
16746 17060
15869 17269
7325 10324
9388 9727
9426 9489
7982 12855
10472 18261
7148 15960
1604 7459
18520 22882
17552 17894
5830 7500
18504 24442
7102 13516
8684 11479
7949 22637
1169 19144
6209 7791
7349 17985
18397 21873
15115 24397
445 15641
2975 14139
14120 22770
5237 22733
3924 20353
8142 21341
5229 14541
4450 14905
11609 18217
16731 23190
2210 2743
3188 24465
9707 19262
9387 22627
1959 3541
4854 18281
18196 21407
7467 10972
1604 4655
2477 15249
4122 13157
5084 5767
3433 6990
3158 4190
2135 14201
13645 23845
5677 6375
1755 11983
14343 19716
407 19186
4430 8337
14566 23357
22078 23984
5217 18267
790 2548
3586 18206
58 10791
12267 24049
10785 19637
1012 7430
3868 22929
7876 8584
2313 5099
1806 5642
6553 18182
2505 16221
3707 24448
5906 13108
1917 5468
2037 2416
20160 22717
6448 19978
1224 5956
15240 22914
4066 24175
5523 12450
4757 14498
2285 4210
2388 8306
9349 16115
9994 23112
9865 10235
8402 16467
466 23593
11532 21087
15502 20032
12512 23919
6000 19273
9307 23802
15797 16587
20413 22913
13128 17702
5323 6965
14081 15587
3455 16487
5997 12572
1483 2785
15138 19868
5036 16281
3804 16274
2510 17820
6537 11083
17058 18768
11830 14804
3106 23406
7804 18013
6449 21494
7528 8090
9141 18295
1137 14977
20149 20624
1761 12012
2173 20724
196 10223
8712 17904
5711 23566
11341 18946
2292 3684
4017 12529
8622 12503
12887 23761
13443 13888
21246 23024
3932 16225
2076 8664
6278 13250
1232 14564
8215 15794
10143 12448
15017 20172
1378 2176
4898 20582
496 3826
2464 22988
8341 19766
10187 20516
13977 23058
21382 23201
11175 18629
3169 14718
6066 15849
1106 7903
4796 17790
14827 19459
6206 21014
8185 18880
4961 12329
3121 22653
352 5833
3010 21390
3653 6143
6826 8483
6281 9512
1150 22604
867 2637
12735 23679
9675 22762
13701 19130
10135 17657
10689 18320
4478 10991
3997 17000
6661 6776
5547 16050
4979 12321
8214 23193
18028 21553
16545 21874
6339 22873
2466 15099
7383 12025
615 16925
817 22027
10031 20034
851 15015
4401 10457
8272 24237
11703 12337
2997 14156
5911 23200
5984 13229
21066 23844
352 17569
2414 10043
4644 22637
1509 9659
82 145
2959 15542
10601 20505
5623 7855
13193 18125
3957 5071
2011 19743
18431 23097
6325 9991
6335 21272
11953 19749
2316 22558
17520 17775
287 8206
3669 10429
1274 2294
2501 14004
8571 20149
11124 22748
13804 23347
9466 21915
9927 20802
2900 4385
774 17976
4897 23740
16394 19261
5515 22654
19923 21050
391 2740
9041 10528
3088 14818
15369 15630
19392 23565
17585 17676
3390 4001
14222 15642
692 6466
10934 16293
1029 16876
821 21074
8330 8390
5039 24321
5556 7555
7751 15937
4295 6810
10764 23377
948 4022
1576 10266
5150 15714
2052 17295
3575 20821
6901 8648
9450 21338
2491 2894
16841 17859
5696 14915
14557 20168
7504 14315
3198 6440
2908 9800
10082 24242
8494 11517
2746 6103
9800 15119
7372 18518
22895 24005
12738 23460
15991 17212
10142 15996
406 7074
6845 21998
3052 14542
21103 21868
1424 5933
18827 24397
4843 22192
8488 12362
5063 13871
2269 5780
3995 5437
9473 12628
5574 20408
10183 20323
9114 19909
753 19236
6634 7980
19406 20208
3058 24486
3190 23377
11339 22714
7091 7363
4220 19856
5441 16809
306 8181
23241 23980
13482 18104
13333 15352
2935 10667
14637 16288
2631 4224
4672 9271
4271 13745
11594 12320
2140 9056
3177 9180
17143 19417
8931 22004
11510 13356
2714 23748
8317 12060
5759 24430
18942 22083
15710 23704
7067 13733
9818 15730
8506 18266
6095 21600
3244 7582
14794 16524
10282 22799
6682 13124
14199 15678
7021 17788
5225 16697
5466 9993
3523 21867
3090 9006
557 16557
12957 23803
2463 7341
5611 9515
2022 20599
3855 22674
10680 23371
3620 8557
9151 15550
9605 23034
1556 14859
8696 8844
6485 11580
7821 13458
4594 22289
2996 5741
8778 23985
8358 18639
10557 12999
9580 17074
3727 19236
3792 11733
98 9302
5052 17440
5037 22601
16987 21408
18924 22691
17623 24125
19165 24472
14952 20552
1137 14542
16148 21973
13438 23048
12847 15566
16767 22937
2287 9151
7075 20844
11597 15447
7920 13005
13335 16260
85 17084
12995 15770
16023 16366
17516 22296
8655 14323
1843 4629
3258 7971
14938 19165
4582 20470
12253 23040
7915 23815
14758 17082
9054 17727
6102 22717
4419 11999
1899 1950
3015 6755
19623 20973
1350 20838
8400 23477
4767 19034
5420 14193
10185 24115
1190 23811
10980 13568
2543 8481
845 16751
2580 22013
1851 20496
9490 12263
621 5335
4551 5526
2124 17805
5721 23155
305 11403
13873 14571
763 7594
2398 23974
7021 19342
19790 22688
12927 17675
709 8170
7831 12317
4504 11155
5419 21420
9345 20826
660 13020
20800 24245
5749 11206
4689 12931
4543 8673
7349 16142
10147 14717
7644 8425
2340 21990
1779 12283
5342 17830
6533 11690
14635 18627
9586 22568
1024 14256
5724 21565
526 22767
9469 16839
12166 14984
552 19949
7226 12885
14892 18289
12099 22017
3877 5176
12628 15140
13064 21618
12152 19714
5795 7352
5974 22550
18218 23378
12301 13182
7376 24424
6263 22118
19400 24063
13769 21073
1969 9437
12448 20270
20585 22391
8659 18550
4931 23198
5296 6807
961 13007
2014 9075
9206 14949
13213 23726
14569 17737
4144 5479
9076 22486
8915 9115
7197 17436
19532 23490
4253 20037
2003 2055
11795 17485
14613 22610
1187 13028
6235 11046
3986 5669
12271 13254
12758 16530
13399 19307
11496 24327
3431 5932
17428 18666
5749 22047
10202 22888
794 6938
1619 9851
8457 17520
2597 23774
9859 13778
6148 20970
16194 20838
4019 17969
5164 7067
10382 11439
19522 23225
14112 19107
16830 22747
2428 2496
9021 21463
8392 8506
4769 10436
12526 23440
365 11997
2998 22074
12944 15917
1744 6589
8238 24411
15544 16808
20641 22820
1594 4058
7341 18266
14152 15327
10689 17244
15792 19117
1087 19046
10542 23273
5752 12234
10282 18900
5883 19815
4776 12968
8891 18730
23134 23185
3449 5947
14106 14341
8249 10841
24216 24253
12748 16238
5370 17079
13082 21597
6114 19332
11579 22531
10802 24311
983 6848
10304 23520
3853 22415
14932 16130
12223 12572
13611 21226
3932 13495
4513 21150
2452 21392
14106 23903
17066 22115
14041 16824
14613 22194
1461 7505
9844 13071
2400 6983
2211 14985
4135 8833
10710 15885
14501 20737
14515 14935
11705 16626
13432 23780
1681 12944
11181 17680
859 16024
21410 22361
5088 20745
5345 18713
139 8096
2679 19546
11765 20395
9904 12547
13900 14120
16401 19756
3300 12841
12838 14695
5487 7055
564 20380
2923 20824
11901 17379
5483 7824
7416 15950
13076 20968
8153 20402
6186 15381
919 7294
10534 22579
15761 18594
4346 16034
5403 18339
20 11599
11058 23205
4789 10587
9805 19328
1212 9776
2230 11133
9406 17602
7297 19236
4821 20497
20838 24482
17380 18338
4939 21791
8182 13234
4534 12052
15494 18192
4195 5374
774 15051
3754 4464
7837 10857
14749 21258
11267 13284
8262 13227
14194 22030
247 13240
13036 14277
3777 13437
207 4298
6334 15162
5784 14999
9092 16607
2430 9730
5575 17242
3535 11195
7064 15750
5882 7688
2643 3586
6100 18840
13699 22971
928 15889
9491 12208
14752 20439
5305 10021
19542 22800
6939 14706
17966 21969
12963 23235
6685 15143
1071 18736
5383 23689
8983 18647
7489 14341
19696 21104
4055 23373
4584 9217
8843 15479
12580 18402
3565 20814
11841 19882
14034 17325
7330 17291
431 1685
1434 17935
480 1187
8234 16952
7879 11511
13307 17697
14762 23179
7468 22214
12753 17651
6970 9759
5132 19727
23634 23686
4184 14790
6823 15935
214 20641
4207 14808
6840 14836
4592 21117
8238 16091
721 14435
14318 22775
20710 24256
4712 11433
13025 22186
16191 17615
692 4886
2428 21764
296 17230
8784 23330
2504 5003
8400 20314
15312 21828
382 10438
1925 7406
4142 24371
1628 2234
7197 8883
2600 11371
9962 19058
12717 18236
19459 23257
12791 19313
4860 24180
7710 14963
10458 23666
1375 23268
5392 13005
11633 17525
7026 12291
8643 9849
3131 7848
6656 11495
10972 22069
11579 13534
3281 23028
2331 4417
11501 13263
3558 10278
13101 20409
19803 21304
2471 3655
1381 8305
8362 20797
1081 16832
18713 19907
88 13332
12013 17351
12463 20584
14518 23484
9888 24278
15188 15244
3189 23481
2731 15277
1033 4186
1462 22628
6911 11784
4981 17150
13640 17166
1218 13706
12438 14520
8086 16766
2143 6156
11135 12150
2057 4334
11216 21850
7232 23373
3522 12878
16765 22316
3779 14179
10609 20919
2749 23492
1832 5098
2762 19828
7494 11990
9201 9649
10468 12381
17395 24388
1332 11303
2257 14500
6814 15998
7232 18085
6382 15389
9295 14043
10939 13802
16796 22795
16660 18171
4300 21361
2447 23902
3612 22762
1490 18679
4540 21976
9965 14857
3354 24191
7016 21202
18508 23937
12408 23248
1052 7767
13129 20956
2399 6737
7641 10349
1815 14333
17515 18735
5265 19416
3430 12707
2159 16218
12395 13000
13293 16400
3255 3755
10017 15719
5807 23116
2393 16755
10255 19348
1884 3289
3442 9364
8746 21403
7061 17021
9858 18082
6459 20799
6115 16052
140 2169
1947 9649
5336 6071
5059 11164
5150 14448
12414 14778
10414 23235
8233 11530
1939 8809
9151 23213
9677 22391
1425 13873
2264 4146
14318 20535
8060 18444
19354 22363
6523 7914
9381 9563
3266 20686
15716 21953
19276 22478
3016 13450
7669 19542
10593 12221
11884 20502
12582 19404
7146 19656
5587 17062
2528 13164
5918 19414
13341 23274
8608 23234
5112 19410
4816 17694
294 10903
6338 22967
5726 23422
15004 17236
7978 9786
2331 17590
11994 20734
440 13668
12116 16569
12039 12587
8750 9376
6605 10027
14104 19829
3991 10562
609 1111
1434 4407
10827 17151
12793 18815
13326 16247
848 14807
2009 11862
2340 23891
2107 13814
1702 7666
1608 19290
11844 13759
1775 9270
18769 20205
2750 3407
6257 7429
9821 18055
11496 21518
4457 16181
5096 15962
9725 24360
9865 11333
9821 21645
9196 20878
9060 21875
9787 14375
2484 3837
233 21376
2696 2745
1322 15014
11953 23351
7694 7813
7373 19317
7524 7654
17475 23971
13524 13929
7075 9716
5854 17725
1952 6812
1161 21403
6228 15076
8030 15320
8616 12798
8173 22899
15230 18810
15657 20697
3580 15198
411 6564
8110 15057
1496 21179
16270 19470
7340 14522
131 650
16007 21943
13498 17187
22201 22486
3134 9787
16057 18336
19290 22965
19102 23445
2510 12442
8848 22786
5457 14450
6259 10906
5014 17126
14721 19737
10939 15907
4141 15564
10797 22180
3208 6599
18939 18966
1579 2792
358 4001
1318 4413
10125 10202
20914 20959
564 14480
2986 21722
3040 19743
12850 15824
9673 14244
6230 12991
1823 22297
2676 21426
6768 9347
11558 17134
20128 20496
10174 17779
3364 10976
11348 11881
22331 23476
6895 17453
14235 17336
863 11118
12115 14400
10876 12797
10268 21145
5734 17532
3996 5854
7085 21556
9177 16241
946 6876
5593 10051
15305 17570
7323 16087
16344 22569
18201 20816
13978 17471
16201 20812
20119 23453
10262 15400
9712 19417
10948 22599
15253 21998
15809 18267
426 13004
6394 14115
12818 17591
1035 17224
10751 16012
13267 17298
10274 21595
7700 13204
7170 19985
6872 18224
7788 18998
8121 11002
6865 10119
7173 7752
3411 6558
6318 9548
14886 24161
1508 21885
16088 18261
10729 13820
2604 14455
5236 14618
16606 17375
12561 18346
3813 9346
1637 20139
7833 20549
1437 22968
3028 15938
2372 14807
9360 15450
16910 21328
11544 20758
989 22941
677 6808
3822 14485
1698 13125
6091 16288
5632 22877
116 19017
20012 20561
10907 22212
8437 17256
11605 19334
7336 17906
10923 19269
3495 17471
3617 20180
573 16941
10178 18417
9163 13276
1293 5972
22673 24469
4250 13052
11517 14731
617 24098
4210 22172
4684 14011
4427 18823
3829 5056
1887 5892
5342 10836
12379 12601
3352 3360
826 17141
7929 16825
1073 16838
8644 13373
17034 17349
702 16720
16390 17901
3780 18625
7032 9764
15925 21819
10914 13921
12347 13683
4481 11412
919 1308
2559 21491
1933 8266
13142 22765
18542 19278
13832 17630
10273 10464
4122 15269
2565 5243
12173 24342
21293 21954
6645 22677
21234 23778
3112 19935
39 22142
4248 15223
927 17329
382 20542
2338 3440
1994 11361
3483 19209
2846 3605
6104 22209
9607 12041
13052 15820
4462 15563
7812 19693
307 22186
14677 20473
8780 21297
10316 16650
2647 3402
10206 21245
9812 21728
7917 14594
22871 23847
1562 11805
19429 20535
9614 14827
15619 23469
10307 19509
9048 18224
17880 22970
9186 13764
7368 16247
3468 10242
16749 24293
5273 14861
10203 11314
4720 8892
414 21005
14090 16205
6925 17189
15266 24296
14218 22459
3348 20535
3954 9805
57 4683
7353 14219
14055 14283
11857 22235
3769 16636
1694 2708
1670 19843
6536 7630
7848 20260
10384 17420
5406 24384
14800 23228
10436 16260
3703 22010
1291 18655
4226 15000
6538 10953
1471 3022
7373 15347
304 22378
23407 24020
2540 19922
6944 9760
13045 13312
6027 6904
4597 14574
7156 20355
7795 15561
5276 7036
15122 19319
18025 22834
12617 16227
5342 20771
6066 15907
20662 21930
5774 23283
14988 21933
9473 11272
4451 13894
13375 22291
366 3287
15134 17908
2487 4890
2139 10255
21191 22208
4432 23246
8214 16361
4317 15376
17672 19252
8125 10862
13704 22636
975 2410
6857 22258
17867 19472
8359 18266
20821 22065
3952 10752
20511 23432
13510 17596
1271 24289
7107 16801
282 2879
6432 8318
3586 23365
2522 18969
11961 13090
19512 19644
12484 17247
13685 22955
12750 24217
124 8345
9761 11508
5625 22260
2672 19061
3241 5572
11583 23385
5214 24307
8593 16458
12272 15691
8743 23242
6532 9502
9639 19019
16109 20410
10855 19680
4198 15665
1404 8213
20444 24410
3677 19024
17554 19957
8576 10048
9754 13870
23941 24238
12365 21415
12161 22546
17944 18537
18050 18119
22016 23046
11986 23591
12443 12536
7044 23090
16594 18639
10072 19902
2013 5271
3782 19568
17515 22805
12350 24377
11903 21918
10 82
3901 9739
4840 20270
15042 18416
2576 7271
9609 13990
3888 12963
11414 20787
4505 9163
13428 18152
3781 15726
6968 19517
10552 22894
7132 23824
1855 1861
5919 18137
4988 12042
7005 22651
2377 20933
4401 12106
201 777
3420 17669
13222 20847
2685 10022
4749 13299
575 2236
11865 14562
7022 11690
10998 17202
11664 22601
17058 21480
9129 23050
14143 15866
16810 21486
12701 24029
4802 11500
6208 14143
4803 15087
17726 20856
1818 13406
2441 16317
13414 15440
1100 19266
892 20799
10634 18387
3998 10014
18989 23177
3520 14068
21634 22387
6866 19976
2096 7108
3166 18527
2688 8055
13789 22239
7072 17671
809 14732
7239 22762
9300 19908
2120 14104
11352 13446
2603 5888
1657 8963
1500 6370
10862 17125
9572 17210
321 9267
17250 19290
10093 20835
13940 18136
18695 18919
21030 24247
8382 12254
2844 22247
8270 19038
11343 16293
23315 23811
17178 20453
1973 22059
6088 10941
14751 19480
19059 22045
17903 24245
9176 17577
5979 18141
13850 20931
1066 21258
5957 8905
6561 21257
5072 16585
6356 9360
8023 22970
4064 20432
13437 20244
4824 23117
11681 20974
14382 23562
6557 14474
7365 16409
17079 21331
19490 20734
16500 23009
6644 11546
10144 15510
2200 3408
9890 15617
9304 9972
19814 22526
9644 9868
3257 4603
2928 4274
299 12754
3108 7633
9748 22843
13430 18103
19311 22263
431 11034
2603 22655
14986 17321
9312 14088
3547 4666
18947 23836
19096 21762
6509 19543
3756 10241
13400 22729
459 21645
16453 23203
11891 22653
9039 17498
15882 20237
2063 6390
6195 18150
2534 19860
16918 21978
19219 23221
9936 11464
7797 22834
5439 13456
7856 20132
6611 19391
16135 22128
2989 7899
7447 10714
1697 11793
9200 11814
15543 16725
12785 13257
10823 12941
7927 19681
612 19104
2669 21847
10127 15903
1248 14495
18164 21204
14058 19973
4853 7196
12152 22467
853 8538
9362 22689
7101 10840
594 12327
2105 22152
1449 8982
4304 12366
6524 22502
11788 23220
3813 11880
367 419
4390 20755
12427 19795
14532 14832
14930 17596
3569 8413
4328 16679
14116 15972
16490 20231
8513 20572
8872 13401
2715 21664
6902 17306
3098 10925
15724 20915
3390 15775
17299 24097
8249 18012
18625 22830
935 8042
15417 21777
9878 16654
559 8134
1767 3240
12184 21462
9164 19816
7619 16188
3822 11917
19079 23169
14463 15094
2887 17724
15110 23098
3814 11888
580 7311
4592 15348
5921 8788
4237 9651
5957 16398
3288 18705
2769 12095
13907 24231
4811 13320
7753 10312
9883 10725
8680 9378
1712 7706
712 17850
2192 16796
1606 19072
6167 15525
5503 13045
16548 23745
10066 16528
9867 16795
15574 18747
7260 12833
3138 3359
2582 16975
17005 22756
1415 9855
15289 19586
3338 12572
10848 11691
424 23988
15034 23100
1503 10270
3865 21531
4650 21552
5540 21266
6381 21381
10442 13871
6329 22477
7708 18049
5814 13697
10264 19189
4507 19267
688 11713
13409 15141
2677 6963
12825 18939
6123 13349
5098 12513
6279 21085
7963 14045
15262 23689
14827 14844
15221 22015
14792 18951
14347 23802
1085 2529
16790 19758
4216 21246
4512 10681
443 16836
4734 21088
16482 17848
1153 20583
9679 20591
22041 23130
2838 7879
15182 19347
17824 20115
10896 15175
2798 9548
16824 23214
11091 13987
3380 13805
11566 15552
12795 22887
11884 14972
15649 15706
142 2904
4508 21677
16577 21198
16771 18457
12415 17832
11408 12079
2897 8194
6240 15963
2192 16545
11820 17726
4454 23455
5003 8007
5418 12702
10983 23068
2526 17023
9412 19277
7217 12898
632 18421
19990 20621
6081 19152
8355 14978
10524 13615
16299 18990
7958 23094
13311 15062
3731 15017
8830 9602
14982 18133
18836 19246
3518 19741
2823 13011
965 2929
17892 20800
5271 17142
17574 18668
22925 24268
386 8505
7828 16710
14424 15337
13152 17018
15960 23920
4122 6315
18613 23099
3356 15476
9842 19378
1518 18612
3592 9678
7280 8325
2233 7231
20069 21880
8928 17229
3004 19779
6561 16171
12392 22461
6656 14816
417 19290
12782 22985
1790 11655
4642 6223
5499 10829
5823 13782
4218 19071
16443 21356
11117 21151
11591 22806
7010 18873
1661 3700
14499 22113
13571 23519
12070 16052
4500 13927
13024 22402
1881 24088
2569 20681
16419 19826
983 21683
10515 22229
9331 12563
16815 21195
3092 17051
8472 19022
12049 20160
263 498
3402 24323
4806 13157
12352 23728
12334 17925
421 3470
8614 14080
2165 9585
7937 23576
716 14497
11523 24076
3897 10094
3044 16746
971 16647
1894 14308
1278 14365
8655 15708
6543 15582
3819 15661
4017 15977
11206 20845
2196 21860
23458 23615
19211 20839
10969 19467
4749 18752
11657 22533
13360 13700
8000 10348
2202 21551
6720 21734
1703 10733
11941 20638
146 13746
6010 11457
7130 19745
9022 11075
10367 14027
4517 23928
10431 16530
4769 24332
9297 21342
11778 23290
21870 22367
10226 16491
14186 14861
2497 21195
11204 22784
1949 10051
1815 14912
2015 9838
6237 23657
14199 15617
4115 19345
1368 4587
11585 21864
3594 4395
7353 10318
11883 17501
484 15898
9302 14329
1316 14159
13730 16533
4682 21483
10707 11567
7349 18751
5870 13721
14777 18104
1022 7817
3535 5519
80 18331
5364 9464
4983 7498
11475 18155
3856 22524
235 12153
6562 16491
13800 17515
13513 16805
1315 9216
10002 22451
5349 18586
14835 18225
9595 20214
14633 19838
16829 23406
9991 21302
1401 5350
12637 20975
5952 13184
10447 12480
13337 19437
2390 16524
3126 6370
137 9797
7954 12628
3129 18921
10703 18358
8775 13790
1572 10829
6395 12558
7544 19198
14437 24161
7870 24449
15115 19702
4651 14062
3434 8096
19100 20945
14203 14703
749 4800
14365 19582
14988 23608
438 14096
5421 12088
5792 20979
20689 23348
4550 19477
735 2854
20265 20339
509 20172
6148 19800
5322 13706
15081 24011
13662 23151
9275 20857
2084 16097
19009 23960
11331 19406
4520 11939
274 11597
5684 13959
8218 23646
3521 3898
8431 16159
747 14028
11939 23626
4243 22281
8064 20219
101 10994
12020 16604
755 13750
3066 9868
13781 18737
4825 19079
6805 11700
6474 10260
1946 5413
15717 18809
3292 8292
4221 23279
3490 6431
44 18468
9064 20438
4887 13126
13065 19723
19133 23523
1266 11250
13343 18857
1799 15562
259 19423
9752 11196
4852 5256
17659 18039
17360 22679
1725 12936
917 2755
6158 11336
3190 22711
821 13164
7147 8962
20492 22525
15423 23038
17361 24337
8866 9671
8790 19116
6044 7068
424 12093
10898 21797
2034 15940
19716 20230
6433 13260
11290 11881
11243 21744
9183 22475
7896 22238
4980 15306
21392 23214
2311 10916
3346 19156
8951 11093
14589 17695
1161 4889
2140 5994
299 14470
3085 22027
6654 13942
8495 12577
12894 16941
2772 19301
12896 21362
2043 5322
4616 19630
2027 9270
14885 15616
7157 16461
123 22854
12118 18319
8511 11798
11296 12940
3810 12850
17244 20022
4750 11255
12821 23269
7746 22476
21891 22641
11442 18311
6408 20007
13574 22402
6586 11863
22458 23318
222 23768
9433 17694
18090 22398
17816 18882
10203 14205
11044 16066
16538 23511
2418 17206
5453 19225
8792 16057
14329 23363
11524 18515
2712 7757
19482 21772
581 11014
258 14132
9563 11502
15876 16312
3989 6241
3962 9780
21230 23520
5042 22582
309 16822
2714 6845
6306 20480
3876 8319
2349 20066
10377 23038
11943 13572
12091 20786
21505 22472
8614 24269
15375 19108
2470 9323
17939 20187
15265 23551
9403 9563
886 6358
16510 22278
4505 12272
11035 24237
12723 18026
9228 9853
15426 19230
17897 23423
4114 22396
3300 4089
1558 17062
8093 19975
18690 23346
12694 13000
5826 7819
9171 22474
7712 12642
1443 9828
7574 13193
547 5265
9420 18836
9008 12423
3173 4633
5426 7393
8414 12305
10718 23270
13277 22123
6347 13455
14782 17848
6302 19313
379 11680
19244 20721
7376 12455
98 7391
8912 16798
18845 22661
4334 13658
7010 24305
14033 21640
2348 3802
7287 17334
9546 19491
12080 22449
1004 18372
6486 20308
14829 21473
7516 10908
784 20747
10469 15457
2474 3038
5266 21702
2806 18582
407 22246
1811 6396
1822 13842
14553 19579
11127 18444
1094 7573
4331 22729
2905 7383
19620 22764
8971 11064
1783 10864
4473 20414
4515 7455
17384 24211
1808 9390
13830 16087
8072 15988
6869 13208
8116 20908
7673 11921
5248 6098
5910 15943
6550 19830
578 15346
3611 4386
18971 19569
6850 18165
3532 14990
6619 13943
22620 24328
5674 19523
7155 9178
15841 19583
13744 24009
15607 22101
5805 23854
4537 14437
8946 17122
2525 7934
5754 24225
4675 11792
8145 18864
9373 17528
12801 19046
10014 14582
506 12265
10231 23830
6015 8259
9576 24015
5155 20669
94 20512
3586 20550
10965 22642
11636 15521
4897 23651
20408 22072
14432 24319
19650 22548
1260 2002
10461 24237
19702 24179
7083 16343
1020 5799
3707 5284
1258 1939
178 2093
5600 14735
3494 22641
3010 11925
10605 22550
13656 23691
14963 18056
4709 5741
743 8698
10630 16129
7336 24176
8874 11005
19638 24321
11240 18220
29 23320
8078 19814
10390 12837
16484 20021
13151 16870
2790 8226
18393 18575
8439 9901
5079 19983
11741 19244
5195 9896
14813 23863
21056 22084
13285 22735
3225 8140
14737 21190
15356 18357
3380 15567
29 1771
8475 8647
10956 12529
6618 24008
23824 24477
5167 5526
4329 10347
18958 19952
3452 7162
2152 7177
4572 11839
2940 19058
18978 24309
1691 20029
15851 22988
1996 18901
11703 17101
20914 23531
14232 19460
1157 19647
8922 13335
7858 20697
17588 24304
4751 19062
966 21326
2702 17897
4628 16984
5234 20079
1023 12577
2397 4255
22811 23030
17476 24182
7742 14920
7791 17837
5523 7513
6858 10291
7045 22668
11745 15528
4880 17312
17598 24404
8987 11222
15545 17309
1265 11589
1923 8193
22330 22365
14573 21435
4544 19287
13638 18444
4284 11774
2656 17199
8198 23391
19388 21894
16798 23099
12414 24105
4394 13847
14500 21511
8605 16700
11514 18536
2189 9486
12837 19007
13772 21033
4511 7308
8290 12691
18191 20979
3083 7229
65 21427
16619 17619
11999 13179
5131 7822
15406 20255
1891 2781
14364 24026
1271 16487
21410 22125
12478 24447
1084 1339
7322 12240
9069 20199
13961 22413
9893 12675
9239 16768
6701 21540
14418 19091
2685 19609
10401 15843
12741 20822
4816 10651
11035 20346
15058 15948
1813 16509
7555 13637
2744 8592
4716 14853
13679 19057
13708 15814
4658 13845
19550 23985
7479 10268
3406 11602
7292 12657
399 12139
6226 13524
4652 22955
19550 20367
2647 6757
5391 8181
4535 16905
8766 9723
8333 10746
5061 6790
11330 23903
7656 19413
13932 14667
1318 20163
3655 4076
2006 21765
1358 22741
3031 5560
15906 21131
9513 9611
23930 23993
12143 23153
7707 14420
7112 19750
391 20293
7520 23417
8348 18019
11180 19025
5516 22154
16451 22704
854 6212
1853 20055
3427 4495
233 9630
14855 15321
11648 21570
377 1962
4760 23440
17997 22200
2484 17098
12008 15340
106 23562
2616 22556
19572 23869
9046 12381
8310 23144
7433 20296
5524 23651
1813 18625
3851 22836
21812 24014
9300 10495
15083 17278
2410 2631
3473 14389
19370 20332
14618 22273
12033 14648
2080 22527
2005 17052
4451 5402
9988 17886
5010 12916
9235 15915
4463 13527
12486 19918
4957 14781
23180 23882
3315 13807
6682 11707
14481 17703
9637 23604
19156 22483
2496 20388
12776 12966
11508 21817
10470 15429
416 14251
2411 7287
5445 19854
7369 14582
8706 12279
10881 23005
12484 24084
19396 21843
10315 19608
4009 13658
4177 7290
6400 13461
10661 13068
16917 20194
3884 8133
19994 23965
11243 17992
14162 22594
8062 11396
14676 17117
6725 21342
5074 24301
10564 12155
10412 12310
6218 21912
7702 15776
18097 20421
7590 15265
6855 13061
2045 6014
6502 13344
3830 6159
17366 19434
6056 11276
1292 23266
1526 19709
10737 21175
10367 16890
15584 18203
6311 9545
7682 13814
15603 16031
1095 1796
5044 21239
2291 21580
8635 12188
3300 10176
11980 14077
6783 17929
4261 9637
2921 9697
20606 21583
20154 21466
5647 14516
10643 20829
5918 17504
5267 11845
14205 15605
7368 22306
11952 17623
8406 24467
13707 15108
17168 19172
3387 9990
18499 22166
932 1697
22738 23352
14281 20571
20176 23315
14182 23689
1975 18493
10458 20667
1808 13935
9714 16990
2709 11538
660 17215
3387 20325
12601 13826
5589 17391
3388 18203
8342 14792
4467 14358
11184 17404
6778 23216
17758 19412
14019 16958
9083 19765
6136 23429
12468 15675
7703 13843
4012 19497
3195 17562
14307 20343
512 16858
15653 19315
65 5162
3805 15705
3381 19431
5175 6934
12486 12697
24014 24084
7263 19461
6153 17212
328 571
3923 23716
2943 23458
14049 19421
3120 24190
7769 14178
12174 12457
10216 21847
12423 15949
7259 18295
3788 17643
4173 10759
8536 13610
832 16321
9258 19209
2653 22730
7851 24032
2001 23894
6203 12798
8885 23612
4380 14241
15872 21391
17637 19725
162 10356
6600 9929
3031 18159
3397 7099
4235 9193
6339 14204
3111 11727
6885 10554
4852 18076
1211 10090
10455 14408
3554 15661
472 16159
4298 15454
10461 12295
3344 11024
1308 15705
2767 20408
4569 6832
564 16090
17964 20203
11700 13640
2592 20702
3329 9549
4911 9169
11748 23474
10266 15798
3470 19414
17743 23040
10873 22198
135 1716
8118 17537
1392 12463
114 8379
1777 3617
10155 15591
1458 7542
16161 19977
12097 12917
7639 16512
5961 12205
13470 19704
16884 20532
9425 21558
11671 21492
22721 24399
16450 19664
12292 14919
967 18764
5687 9301
5064 11976
2191 15020
9985 22416
8172 24001
5185 13614
5776 6147
1943 9383
7867 19689
17020 22433
19829 22662
16132 16608
15753 22901
5238 16861
4787 22763
38 17858
4059 18750
1191 20649
18194 20935
14321 24270
14595 18958
7282 17225
6303 8797
6254 20149
16219 19605
7779 10931
12013 14422
7497 13293
10254 21015
6521 13634
734 23483
20635 21425
1171 11958
1237 8524
14936 21626
12736 16527
1749 7544
17462 24041
133 9378
12939 19376
1955 5376
5489 16437
7946 19659
13204 24120
17151 22797
1291 1973
388 10881
43 11334
10590 17739
9533 15007
3541 12285
10221 17737
11596 12920
7721 12762
2877 3138
5591 8089
38 22323
3006 8730
4702 23935
18556 24243
7609 11727
11541 16256
7533 13999
14338 22460
6493 21436
20269 23925
2323 6475
3560 17045
1006 2840
4726 15746
12695 14749
6596 23324
2294 13866
17226 22443
10626 16532
774 22421
2966 20614
9140 16141
22535 23188
7264 18486
145 19138
11424 16983
8277 12047
6105 6904
5494 14955
5633 11639
362 14674
682 14021
3467 22200
2240 22369
11470 15425
2013 19279
2094 23430
11019 18042
15953 21354
13672 19672
8459 21583
8667 18304
6867 16091
20820 24152
10203 17143
7395 9882
5830 20727
11610 17131
8902 15029
15023 15293
3516 11804
10265 18315
7404 15478
5504 23466
11835 18395
1247 16308
8796 24386
22641 24043
7862 15457
302 5078
2985 3955
112 24083
9565 13036
4056 24362
5989 10928
10207 20960
1481 10901
16875 21377
1790 7926
854 19658
6765 18155
11877 18593
7104 15962
12916 15611
6948 11099
9612 21584
15574 16134
8770 16472
16122 19031
3287 15257
3123 3387
5587 24210
15776 16504
7182 13157
3630 12249
2825 19929
3760 19580
5926 20523
6458 19522
18245 22370
2942 11289
1858 12074
5220 12436
821 23437
3890 6588
10319 10762
2674 14204
11338 23664
16094 16481
4412 19115
8513 13482
4547 19926
17247 21522
6470 10351
8967 10941
2837 19078
14196 23622
6222 7975
14332 22495
6982 20135
4429 5497
19889 20958
13322 23275
10472 15263
14900 21897
19722 24120
4173 12931
1133 13904
10688 23067
3727 12469
9003 18647
10275 17989
3510 22776
5528 9046
2623 18633
9259 14579
14294 21163
8247 23567
2424 18011
9135 15100
2665 23503
17679 21265
11629 20994
13683 23292
14768 16590
9982 15757
3830 16389
2632 18615
1842 3646
8107 19631
1486 14579
984 2166
6498 16085
21641 22511
6584 17535
15229 19263
14873 21888
16567 21473
19548 20712
8721 9005
756 12169
12710 14201
4365 24399
2558 20611
16686 18184
8602 17509
5030 13941
6197 19673
3678 8654
11570 17615
6090 8633
6227 14648
1990 9041
14591 15507
3309 9520
8538 13976
3808 18999
7244 9019
15956 20399
2988 22707
1689 16264
69 1358
1173 14815
7226 7695
16058 21574
1092 18381
4439 5871
4032 10288
14313 20942
16670 22926
5462 21775
14366 17654
8468 17975
1244 19000
7118 17454
14988 22340
20491 23059
2330 11309
14848 18829
7142 13582
21714 22579
8841 12368
4589 20515
2569 17702
7802 11018
3531 20641
678 8528
4211 19874
7980 15072
9108 9595
1353 20073
22018 23399
2415 15266
17133 21174
10805 24399
10278 21423
1676 22918
4825 21829
2353 15708
19447 19483
3848 23155
19427 20558
5077 15572
3504 14609
9220 16433
5521 8284
2212 7943
770 7504
6289 16765
18758 24165
462 19454
3803 9201
1454 9233
2215 2322
13178 17427
2454 6919
12838 16646
2394 22353
17134 23887
11792 18733
15150 21529
5696 13638
5106 8208
959 2497
729 21632
22856 24136
10302 11555
8155 20828
7351 9248
2790 23685
10615 21501
7933 9393
15174 20536
1753 7615
4001 11811
8999 23379
15078 20645
5538 15399
59 1705
6365 12143
6569 15256
2902 4530
2979 15072
5275 21058
1332 7439
17764 21400
16452 21349
410 7572
12036 20826
15663 17818
3183 15943
1244 21192
631 8639
8800 12887
18022 20243
2652 13108
38 4590
12808 18175
13880 22514
8670 17194
22622 23302
7308 17255
3682 8285
12580 20176
3348 21994
2236 7671
12319 24071
12846 21874
52 19972
13219 22193
93 12760
6468 7445
16417 24286
5145 20176
8370 19837
423 22786
18890 20042
11115 16027
1075 15079
1589 6282
5808 10318
5473 21257
5722 11839
10836 11127
2676 3650
2495 18620
11737 13197
14627 17740
12236 17144
6447 19116
8073 8111
16638 20832
14232 15802
10910 14259
3106 9830
7817 19903
23958 24470
3837 15340
10589 14172
17631 23971
8111 18142
6757 22465
1360 5149
13545 20982
12492 12881
16032 21279
4438 7923
11262 18326
2986 11526
15031 17081
2425 18763
2796 15100
5484 14802
570 20847
1741 11619
7473 15011
15946 19294
2178 20898
169 2434
1803 22742
6233 19035
65 18160
10701 17647
9260 19147
9754 16484
14139 18007
736 16261
857 14387
18494 20209
8672 10493
12305 13363
4180 17147
7561 15208
10508 23739
22 16248
10870 13846
8476 18218
4933 12190
3340 11893
20843 23138
9963 21148
1037 20199
3158 9497
9921 22160
9340 16849
2132 4333
7637 12012
2555 12348
9985 14841
9943 12876
7953 23315
9840 11985
9251 11395
4106 10336
6356 8599
4795 17139
8429 17670
3367 13791
4940 14281
2305 7128
10858 18784
4138 12520
2024 16344
1626 12907
3060 11154
4208 17414
12170 12914
13745 23100
15027 18897
4910 13899
21453 23006
4596 16482
12973 18012
1779 8523
1107 19455
14590 18966
9243 13649
1534 9885
856 2303
4432 8464
6324 13603
6654 22011
3973 15917
3052 13592
2402 12336
9299 14876
7295 22699
12568 21507
11882 16498
1190 16494
6145 10446
5590 17771
5719 16930
16452 20761
17762 22237
17830 21822
3649 12713
17834 23750
1526 20239
1309 9249
9236 19950
13586 15710
10851 21847
6952 23133
16857 19493
5935 12422
10215 20682
8314 8384
3424 22876
7542 22200
13222 22310
5240 5605
1497 7592
2424 14874
7869 9624
17644 18932
558 7045
18962 22942
8967 17264
3964 13987
407 13813
8676 12436
3141 20893
2299 15361
1213 13213
18861 22274
610 4191
12203 14209
8637 22912
7530 22501
10423 16020
11498 17152
1656 18249
11156 22494
13895 20825
2438 14804
15002 21363
20151 24144
3361 7591
8229 21487
8157 15765
14834 20959
7475 15283
3932 22442
6931 13395
1965 2790
9137 21544
13176 13547
5387 7863
12960 16462
12340 23715
3967 21377
1961 11045
9742 20338
18081 22563
1398 14146
812 14116
9986 24051
2107 8498
11635 22665
23541 24477
22428 24324
1258 20228
2647 4373
1400 20600
6400 8959
909 9320
17076 21569
13740 16282
6066 22836
14281 18446
5953 6666
5018 19241
7465 11195
19617 20514
7434 18307
9557 19045
1149 10646
1314 21028
341 14720
14339 22237
2579 21016
10546 11125
20147 23704
14995 22515
14166 23464
8132 8266
12197 22504
4932 15849
18210 20862
1014 15773
11710 21943
17867 20188
2164 6581
13991 22111
9914 13801
7034 8995
16858 19158
17097 17964
15581 19587
2586 18241
7772 10428
8345 17896
389 11599
10593 18995
18386 19970
24210 24267
10927 11351
12044 18060
1184 3003
5005 23157
523 11638
18554 21290
11541 22236
739 23750
12016 20210
12027 19862
6840 18410
8074 23187
8842 17979
11453 21277
4239 22213
12002 23568
2491 16953
2522 5287
4834 22854
13143 18410
15157 15739
5444 17815
7317 9629
5566 10724
14619 15052
17484 19018
1818 12758
384 22543
4586 8516
5743 18862
23070 24022
113 11493
4362 24438
6317 13321
23949 24102
10664 24029
3999 13145
2188 10107
16222 19585
15846 17739
344 14106
5365 19399
12421 23440
2625 6113
10915 19025
4281 9950
2833 22356
2537 8664
2187 11000
8623 16000
497 11338
14078 19129
10129 14532
4572 23380
593 5293
19309 24350
3426 3613
70 24427
16804 22717
17428 19072
8423 17887
9467 18606
12789 17244
370 16221
355 17570
9838 11791
14926 16672
6255 21944
6957 21773
9103 13829
15189 22865
9707 21043
3743 10852
15449 16495
9562 15244
2925 21057
7740 17596
5192 22588
1745 2364
15321 22861
6485 15003
19815 23995
10092 24248
13806 16518
8179 13486
2976 9785
21458 22059
6853 19363
745 9352
17974 21769
2974 16434
2551 22196
612 5417
4528 23115
662 19548
1502 16218
6417 16316
6127 14566
2290 2938
8915 18369
5773 13054
4529 17421
332 7091
12078 21950
10778 13279
14770 15620
6805 13547
12599 18976
8300 23563
2766 16310
9314 14009
15777 24064
2821 22119
5548 11242
11170 14698
1876 10574
2140 23512
9893 22867
15513 18531
2511 8251
20461 24239
2247 17576
9887 15602
6742 19841
4649 6636
16698 24296
4617 22763
1711 22465
6789 24308
1148 18997
1082 8916
12772 15493
14526 23101
2864 12025
17630 19499
4772 11154
10006 14573
7942 15727
3836 20285
6908 10041
16505 18610
6308 20546
5557 12846
1962 6142
13463 22616
13847 20538
6631 23052
402 22645
5869 19957
852 7070
14535 18516
3009 16093
11683 13057
65 12721
3794 19797
13424 20381
2360 24462
577 20334
6764 13204
9966 15967
14676 17200
4984 5279
10475 18512
7045 10839
6546 21235
9536 11559
18022 18721
22822 24020
16743 20635
1755 19749
12758 22614
3349 18520
9084 19787
5038 8147
3007 12607
13416 22923
6534 13671
18009 18861
10908 15764
12996 17023
2864 9043
8118 10469
2235 18657
2863 5535
11677 21536
7948 15170
10809 14740
6944 19973
2041 9635
8828 13023
17170 20677
11529 17301
203 13022
15283 16507
13125 17489
6335 20341
3959 23575
15575 20386
16843 20653
1497 13415
11178 11977
14686 21748
8352 11874
14917 21259
17377 23706
2957 6871
3167 21709
10084 15704
16295 23084
3248 10701
4320 9609
3138 17400
11071 16362
15371 19959
1238 8606
13795 15606
4804 13378
6586 22044
5726 11567
2191 11610
3370 11318
1436 6143
185 11506
6229 18450
10117 12720
6254 21931
5892 12019
7228 9722
17973 24333
19302 23733
4540 9988
17017 18181
21003 21388
14769 23460
1265 19214
12421 15581
9141 12496
15547 21154
8447 13753
16907 23484
1199 21324
2711 4503
5623 23996
17396 23619
14759 21117
12405 23472
14986 20784
716 11968
6982 18845
3506 13342
7268 15447
5771 10670
11826 24419
14585 16859
5446 22237
6557 12958
8267 19800
12138 22672
11651 23021
2931 10220
19931 22594
3828 9496
10228 12916
8724 10990
5149 7731
16411 22591
615 9245
12751 23296
3833 6516
63 19321
10332 16386
9244 23929
8215 15502
7045 7679
977 9500
4234 10550
1776 14542
14203 15793
3883 21193
10282 19262
19955 24038
6342 11039
3618 22286
13149 15263
18652 19515
27 3622
10644 23704
2081 16860
1695 22866
3792 17255
3387 23278
847 5628
18964 20062
11865 17581
12651 15743
19035 19480
395 4440
11459 21027
16663 24375
664 3991
5618 18847
2106 2660
2552 9297
2110 17980
3803 14111
3545 11279
1880 20291
965 4269
128 7982
10940 18967
4045 23799
17373 18681
3565 5048
5635 16028
11690 22668
13778 22134
13635 17523
7258 15924
6764 12265
11130 16585
12779 14891
2533 4773
5297 9998
3103 22126
5895 8573
8708 24007
14214 17291
13899 19729
227 24371
3062 19474
9687 24014
7469 19609
13278 17919
4793 7141
117 17218
638 6283
2300 20793
6 19720
17092 23155
457 14680
14483 17775
13660 19825
14382 17007
5815 18275
1990 2729
14122 18389
7678 16228
577 19173
3255 8294
15664 20238
10937 17260
10382 21472
1037 4538
10052 10989
4282 19337
6646 10570
12924 21122
6136 19425
9708 15423
1384 22544
2408 11604
5443 17446
16233 19471
18917 20274
20025 23332
11828 16258
7235 21016
5512 15044
6485 19175
10066 14036
16576 21064
605 12912
4122 9754
648 12080
11095 20903
9604 22960
5460 16676
11289 24404
19220 22617
8734 16137
1761 15814
8999 19886
1167 10131
6426 23525
11799 12857
17311 22071
16086 23154
16862 22234
13806 22368
21270 24004
5597 23269
7223 18832
3598 4574
896 17066
5839 20792
15495 16397
13649 17878
2385 14506
5325 22900
12852 17484
899 22289
5579 16291
6912 11819
14892 24263
16574 17522
23330 24346
2850 23455
9687 22134
6845 19970
15681 17731
9082 11741
7293 14661
15423 19750
18126 22971
9805 13122
3118 3844
6328 8271
3359 7973
437 16121
13130 14790
14492 22125
854 10129
11574 22743
14774 23046
1601 20661
3441 20717
6152 17177
8409 8586
8704 15867
3702 13567
15731 20397
2802 22932
5270 21396
1807 12123
429 8296
8014 8575
4519 7287
3645 22276
16 6710
2914 21911
6869 13556
2131 8635
10672 15428
1561 16020
12399 20631
6442 20249
16942 17265
4863 24334
3747 13273
12088 14546
11888 17237
2833 8787
5138 18857
17869 18547
9359 18569
2785 20762
7177 13802
3223 15587
3259 21195
19226 20844
4270 19973
9579 16823
10726 24456
7943 22697
10530 19360
12040 16751
163 6535
5939 10002
8466 9949
13747 19597
11515 19995
7171 14287
18481 21013
19516 21129
9715 12833
6313 8127
13564 18729
14915 24253
2199 16725
3887 7008
11389 11908
2807 20968
4197 6897
18751 23131
409 15989
21002 22488
7886 13772
4378 16158
15192 23875
6677 12768
11327 22222
2189 6080
584 5445
2026 23936
12147 12303
1474 15277
9548 12452
3630 12820
2093 22391
3105 15253
374 8441
22885 24432
13363 13945
19282 22406
11450 17238
990 7809
11062 22283
12823 15185
15139 19451
16531 21231
10159 22035
3588 22537
3011 24316
7968 15972
8981 14159
12165 21259
9384 20033
8374 19197
15949 18401
1889 19770
2660 7636
6509 8815
8736 9639
10779 20259
8074 12032
12932 23739
8617 12224
16939 18801
13156 13162
3592 23121
12091 13102
19443 24115
9901 16127
9397 18207
3373 22476
11957 24315
7382 15395
16382 22798
13388 15136
15918 18846
5507 12149
4191 9826
20576 22107
10158 10847
17576 18593
10515 19740
12909 15456
4831 8131
3042 18337
6969 19436
16174 18121
3994 7911
6880 16266
5619 10407
1675 8298
4287 18522
14758 21538
3954 16970
2867 19583
20120 23986
1231 4281
5283 10836
4687 8179
12420 16263
11502 20190
7950 9765
2895 8748
4918 13535
8852 14889
11899 13321
4832 13746
9917 18247
13800 14551
5745 10178
1098 24133
3410 16301
3875 8880
15537 16217
1027 20793
971 9806
12770 13356
8743 10331
15 8900
6248 15121
8911 23533
7072 8405
12229 21291
6599 17135
1215 10870
12014 12387
1753 18621
12800 19560
6161 11003
15839 18532
5781 12442
13532 20018
5587 15120
5548 15934
9728 20032
168 21769
9821 11168
9606 16896
14596 22010
7366 21189
16136 18323
7753 14389
3338 8700
1555 20257
13330 20775
12478 16197
1281 3574
4551 8768
1021 10675
6896 23225
8678 14410
1826 16200
1578 6207
3348 3367
12423 22646
5232 9307
4005 16109
18521 23756
2938 19489
9387 20553
16485 19846
5624 21990
9522 17829
14427 15461
7469 20056
2487 23158
20526 23525
1278 2622
11796 19024
19308 21705
7884 19370
280 19979
11600 19398
179 5183
17486 24319
17843 20146
15200 18379
21688 22811
15887 18083
21621 23242
7096 23865
2801 23883
6722 20731
12817 21471
19845 23014
5006 12519
3716 4537
6185 6561
13320 19309
9944 17484
8099 19633
11975 15598
1305 17540
15730 24149
17760 20404
21228 22332
10113 19003
6123 8832
17867 21160
7504 9662
6588 18741
564 13916
12285 18758
17299 23659
8968 18516
4224 15097
4167 4612
334 14030
2645 17099
6596 22173
693 1624
285 21550
106 6714
8636 23580
6554 17818
1494 20341
5636 20013
9750 13355
4412 13892
5291 7856
1687 11645
17947 21795
3331 20618
18048 18979
17959 18360
8001 10473
1191 21051
17682 21129
4697 19293
2609 5374
9331 10810
9141 10159
6719 11362
13867 21571
776 14734
9485 23946
10962 11086
1148 24126
3565 4148
12643 16309
6494 23136
5104 22652
8154 10753
7478 21158
14303 21513
1274 6517
4364 21555
8145 10712
3824 11002
3157 16066
7860 22508
4869 19710
184 18999
8542 21052
11057 15919
4628 19550
12634 13712
3272 21657
3284 17597
2722 8402
1736 2333
17275 23178
18196 24363
5340 17651
2164 18895
11482 11951
7427 17686
9437 13443
6112 9241
5662 11083
15781 22377
2685 15307
7085 20583
6190 12741
11099 21230
7225 18572
22020 22731
12489 19184
5853 19505
1390 11022
6140 20906
5767 16665
9767 18098
9750 22215
1034 11632
7924 9117
6519 18105
2489 5142
1771 18268
1814 9342
21999 22557
10397 23759
13564 23394
960 19389
223 21438
22680 23452
8409 18473
2285 7019
4521 16908
5633 8773
6786 13617
3106 5933
17075 19672
74 1558
2463 20004
11104 11967
13814 22769
11576 16439
11715 15263
3447 10636
12705 21681
11627 22360
12539 20797
15478 20297
10536 13772
2470 10991
12114 13301
11644 14163
3901 19741
7177 22874
9258 14024
18050 20850
4132 13152
8195 10240
4483 5419
3453 15986
19616 22481
9365 19647
10746 18366
6361 23829
3751 12211
4248 24055
5820 8219
5152 8929
4133 16812
13619 22649
19947 20028
6323 17356
5545 9293
845 17414
4677 19343
2910 6233
14923 15423
16349 16959
4824 15422
14604 21411
21484 22876
1189 5174
9257 12541
9617 17703
9571 18513
9237 11321
12306 18767
14605 18180
12938 19723
8105 19486
14308 15698
3578 20047
9648 20422
2627 17789
17725 18229
3898 14848
20250 22373
7453 20500
2664 7934
17922 19440
18219 21179
9855 18279
4117 17762
9599 19880
2257 23168
693 14815
3246 3392
5305 19177
6124 13657
16058 23627
10245 20377
2224 21155
4642 17643
20657 23942
129 383
14350 15997
14980 20774
11215 20771
2423 17718
2181 15668
4340 17984
18610 18837
1405 19555
11702 16767
19905 23698
14134 18876
7927 13955
7426 23585
9874 20165
6099 15857
1509 12527
3718 20851
14067 16213
1306 10773
6227 7760
11609 20398
14945 16937
6514 21364
23079 23612
20729 23569
608 5148
10556 11523
12300 19883
14722 14856
227 14972
10883 21647
14191 21255
11563 16785
8158 14734
15753 22198
188 14573
8668 19096
8187 10456
16049 23669
8742 19996
15142 19795
3972 4467
3276 12335
17840 22095
2535 10612
10783 14907
10533 15643
690 12673
4049 16540
4420 9560
11034 12249
6056 22669
12232 17935
14736 16094
5206 9894
7714 10258
9876 22033
6549 17399
5152 17602
6134 20222
6244 19682
1132 6331
2578 16598
11741 24394
17537 22511
3441 8082
3692 6685
19436 21192
8988 12267
5224 18751
5824 19670
8805 16803
568 4893
388 12226
12382 15034
305 2831
16879 20968
655 19107
7104 10790
1377 18536
3507 16443
1800 14008
7488 10883
11528 21015
20209 22092
18315 20483
7847 11785
8729 11651
12895 21568
6335 17420
7022 19556
13728 13845
11262 19839
515 20921
8007 16729
8884 16475
9095 18824
16526 24278
13611 15566
4872 15605
4010 16288
8875 21325
10073 14446
9689 11240
19925 20045
5624 7360
23438 24149
10059 10622
3306 22933
6583 20156
10826 13887
6538 13296
7431 14984
1461 2445
9839 21946
5327 17154
1427 5105
185 5196
369 11927
20416 22111
3905 23345
1355 18009
9379 20287
11062 22021
5969 18971
9392 12595
11264 23686
7451 11847
2055 4033
9902 17987
15848 22920
11423 19847
4855 7231
5857 6641
16014 19305
5770 19188
833 5006
11584 18144
5725 11641
981 13670
6788 18466
7469 13815
6748 12754
16389 18145
12680 21721
6692 16479
20365 22225
1184 17632
8975 19658
12434 22438
3743 21163
18856 19443
13920 21080
20839 21738
13873 19343
13893 15668
1239 18982
2960 23806
11760 20242
12862 18437
5786 8031
2121 8836
14802 24043
1681 12322
3124 11363
6247 7662
4837 16257
4643 20228
11337 16327
5565 12060
11482 15683
10216 15665
2668 15149
5444 8381
8672 15851
7881 20950
8706 18501
1544 7204
3315 4410
17900 19360
12875 19808
12627 17891
2792 9592
394 17106
16915 23874
5635 10509
7689 22331
15460 17240
10139 10276
13264 15888
14171 17632
7598 8800
12460 18010
458 8713
7912 14638
2912 21516
9551 18634
21294 23899
2279 17521
13328 16270
331 20734
5226 17875
7730 20839
7166 13474
6583 17003
12425 20897
5015 9195
7021 23366
7272 17485
17754 21727
1751 23161
8886 23463
15997 23557
2274 5712
3925 23140
7210 21554
8187 8764
1701 6750
3249 6397
6269 19274
11789 19469
3666 4535
4440 18743
6223 6565
2112 22999
3271 11062
415 19378
2017 9619
19599 21262
3975 18683
13702 16448
8265 17280
3492 7626
14804 24049
17017 17655
11100 23300
10511 10819
20544 22134
9150 11484
12999 20122
4975 8525
4847 13249
1074 7058
5906 16420
10775 16606
910 15132
12762 17832
13180 20424
507 7863
5532 18030
10019 16413
13079 16442
9919 20125
18721 19722
6919 8677
2221 3787
4657 14161
131 17318
3220 19786
6420 12800
8418 8850
9699 22445
11999 21043
2603 6056
1674 21024
15816 21095
17761 23243
8837 12842
10148 11300
14549 15980
3257 7045
9349 16498
4195 12080
12710 24211
19846 24117
4103 15113
23034 24135
3659 20474
17646 21103
7439 15164
2635 5581
10982 14835
15340 20014
2420 5900
3556 22114
17329 22734
3653 20297
2450 6391
13034 17142
3833 23003
10734 19483
14876 17971
2229 10779
20326 22649
4635 6481
4117 16850
5164 6124
6594 12348
9297 13108
1013 11618
1994 17966
9741 22036
4403 8305
7949 20134
14017 15025
7181 14379
2965 19772
8297 14093
237 20932
6104 12093
10022 20247
8477 20339
15138 17049
523 15011
49 14763
13950 19940
4914 6646
9160 16889
4447 14725
11347 22186
6699 12839
670 7719
5575 6297
8142 22381
4036 14790
17026 22390
5280 22397
10019 21726
4962 19409
11162 16857
15983 16699
13266 24239
11274 16401
14316 20658
11349 22294
6122 17260
1249 10920
16831 18416
3997 24110
2602 2648
3592 8499
5607 19791
15627 21054
9917 20386
12191 19429
11708 16713
7255 22041
283 21666
1444 5118
10433 18574
2258 7214
5372 10046
11406 18726
4705 6114
1215 15068
1886 23782
1617 12475
13974 14295
7855 12051
13010 15288
6653 17975
6836 7079
12527 22930
11383 15615
1178 15361
4585 18155
1344 2407
5148 21629
2781 5440
14638 17784
13117 21857
1339 22534
16590 23227
1373 3855
21955 22323
4757 23404
9268 9660
5408 16522
8402 23597
8605 23954
7226 18798
17358 18727
14315 18146
18902 19788
13141 17744
6028 16394
9463 14840
5692 21143
96 5399
10 5266
7932 20905
7091 18450
1381 9688
11465 18982
4833 4983
12220 18660
3065 19125
8304 23553
18542 20955
14572 15857
224 9101
2650 5478
3105 6139
23285 24317
770 18493
3759 6308
1058 19614
1066 16397
248 5660
9067 23626
8898 12497
936 3986
3889 21044
10278 11945
8354 12802
2090 13625
2646 2942
4120 4864
18467 23484
3736 12198
3922 17183
15541 20701
163 11403
7462 12825
11570 19939
1182 12507
3618 14715
1204 18449
8284 15843
1745 19121
9088 16681
1718 20913
5199 17419
622 12606
2842 8063
7041 7202
3655 17389
9787 12146
6232 15786
5961 20367
11377 22299
5092 6572
12577 13158
12532 20808
473 5987
19126 19293
4601 16784
1393 13398
7531 18888
7422 24259
10717 22604
3270 5223
8930 24068
15391 23573
6908 16462
14995 19127
2938 16737
5471 11143
7653 9352
1427 20295
10417 19140
22066 23285
15244 15250
16303 16957
4452 22615
1760 10071
17642 17683
17494 19705
9689 23693
2817 19896
1576 7584
3641 5041
927 7412
16489 17082
3355 7913
17875 24187
9007 12513
11154 20236
13015 17023
14971 24024
3978 13707
7389 8378
72 15652
13758 14482
10563 24210
5950 18253
3829 15017
6094 18814
7476 14046
4484 7137
17504 17997
522 657
13548 18739
3593 16980
15401 21777
12350 24162
6640 17719
23513 23571
7831 20169
936 17414
3662 11701
5373 13831
11011 12675
14017 15662
14631 23558
7437 21939
840 17976
4094 21544
5041 18622
7305 19207
15615 19124
6539 9882
20415 21717
12968 24167
2932 15202
19565 24343
6837 22463
8865 16283
498 22203
15569 19925
705 21966
3940 21783
3356 23482
19633 21578
12416 24476
9809 14136
12807 19149
8691 18113
17081 20020
14051 16941
7161 8896
3400 8726
8386 13816
1165 16694
13956 14862
3271 15857
220 10310
4279 20079
1715 2002
7391 19089
1886 21045
16138 20969
18628 20461
5494 21004
5230 13279
4275 22687
12842 15391
3387 8143
7159 24444
5708 14047
7106 21646
4928 5214
4729 13253
6403 11282
1276 4763
15144 19716
171 23256
408 22684
1000 12133
8713 10121
20869 20954
3757 17153
7095 16355
9822 18307
6365 22766
494 7794
7694 18626
15191 17718
11475 23162
7434 17871
3805 11844
15003 21260
4593 12140
53 10142
6228 24323
1772 10610
10336 21405
10822 23799
777 10586
5896 12325
4669 13594
8872 12753
8565 22961
4616 15620
18389 19587
3556 6272
10081 22849
8437 12447
11698 13251
4509 21112
8556 11394
3002 8794
828 8658
8153 21358
10015 20966
10307 14083
191 21763
16666 16766
1529 21501
18802 20622
6490 8438
14015 17096
13454 14836
5806 8200
15708 23626
1663 7789
903 24372
5726 22589
12039 17400
74 23755
16019 21449
5285 22390
9808 13230
404 24039
2629 9517
1427 6407
16038 17889
10474 20360
18644 23774
16286 16398
3981 22823
4905 9577
1260 15844
2241 20433
18072 18136
4420 19699
2384 19399
10968 16337
14014 21593
1363 14733
7931 24195
19305 23494
4303 8603
16184 17758
21134 22420
7174 12506
869 12571
12732 16015
13913 18464
12608 18135
9302 17737
8039 18235
7155 16681
6245 9600
20409 24249
8102 17561
10778 18039
1250 18568
15768 19808
4185 14310
6539 6905
5359 15166
13793 20526
158 8317
1681 3435
5360 10579
991 12662
8609 13030
3566 3889
5991 8760
14940 15580
8266 18414
6929 11034
6259 22926
3959 15067
12546 18854
4787 23495
11004 15782
2049 16871
3280 15743
8929 17659
19510 23231
6700 9445
11164 16668
14538 19224
2821 3964
15595 18976
14306 17390
13748 20101
6213 7541
74 3864
3811 23666
7027 16861
8387 11259
5792 23076
6180 14665
23864 23956
1438 22218
17514 23322
7693 9688
10831 15799
3413 10400
9184 20793
2977 19839
2196 10530
13184 21644
267 7897
9659 23982
14079 19359
9568 10384
5836 16449
18398 24406
4114 21958
2480 10414
9618 18250
20408 20678
2006 18895
14981 22358
12305 23917
5729 6056
1331 7398
9844 15325
13458 23791
59 13233
14263 24064
1892 3354
10857 19466
3565 8690
6626 21958
21247 22878
4822 13776
8237 21306
18478 23411
1041 21619
15843 19964
10550 20338
3365 22530
751 24347
7020 17536
2724 17411
2360 18144
10915 21323
8085 13941
5488 11148
4817 11941
8804 13542
9243 18544
9168 19443
4193 8939
3661 16358
14847 24326
9457 12138
17871 18387
2910 19212
12524 13578
304 8396
572 6757
4838 23949
2220 22167
9892 20074
12805 19530
17301 24212
18172 21326
2803 16996
1027 1319
327 10565
6544 15137
10157 12433
5667 22694
2019 14481
1748 9798
2643 3255
5708 12513
7148 16218
11540 18972
1626 8011
4743 7916
11621 20522
23 6733
2210 4987
7539 16665
381 18567
3837 6175
179 24216
14738 18941
7079 22181
15542 18596
2818 21571
1467 23800
5283 14233
6759 20875
3746 12766
20087 23368
14756 18616
9246 10264
3164 18090
6349 13896
5122 5314
1697 7236
4585 22494
1674 2288
1024 20353
5531 16686
3953 16878
8435 17328
916 23082
1150 13932
21475 23388
165 11386
911 22337
8671 13970
10121 12523
5521 21647
10711 14811
1360 18310
8294 23939
9673 12538
16037 17089
12732 15997
6972 10075
486 18780
16030 22911
10514 20351
13500 14105
7073 16234
12898 15156
5783 11242
17944 18560
8107 20476
13243 14541
11690 12296
14848 15534
8251 17930
2326 6671
13369 20303
8309 21923
192 15623
645 19508
6985 21354
1734 6424
994 10435
2830 14532
5911 8347
4376 7164
16839 17365
4382 18081
7747 9304
17365 17522
7555 23552
15511 17151
18337 19522
13848 20862
13197 15512
1473 1478
1844 6443
37 2442
13299 17153
8143 23866
10022 23424
14110 21098
5215 9234
1059 13069
8524 15184
5537 18696
8997 12731
3084 19832
22768 23301
8440 18735
5798 8011
853 13453
16255 21583
19606 22799
13796 21064
7581 19615
11799 15366
13586 18184
6469 7513
4440 13208
15482 22076
6702 21486
18494 18694
15265 22681
12321 21470
2807 4873
2567 19521
12836 19465
1736 19963
9989 23271
1848 18968
1395 16426
6874 16155
13009 14224
1964 15138
4129 12344
2583 24388
14080 15768
9523 22375
8826 10879
9963 23376
14 3360
2660 22032
229 3357
5890 15881
7817 13039
1815 8341
8008 20787
11576 21957
5169 20695
5697 23599
1594 10797
11750 14105
19170 19899
18552 20431
2772 16107
1045 9901
7859 13239
14536 24025
2215 3712
16839 19153
253 18876
11756 12356
404 8095
14714 24331
18431 23827
13164 20117
1804 4505
12652 13162
18641 22982
19738 22971
4159 16459
6444 20271
2981 24153
2526 22245
3838 7725
10490 11925
13240 19355
8551 14706
8833 14831
3989 7837
20583 24162
11243 12182
14487 17903
4404 6579
11194 22177
12205 12731
1340 1748
23850 24293
6369 23654
10240 16401
7963 10134
7134 22049
9904 16316
9843 17758
18102 20811
10122 13349
6203 20529
3528 10587
7862 13042
11743 14375
3120 15078
15579 20612
35 18753
11763 16892
3952 19733
14264 22462
11947 12225
5983 14594
4980 14558
20268 23247
17864 23271
172 2642
5383 19510
14229 22907
19736 20606
1342 10428
13209 21881
1196 12043
9252 15497
8299 15296
4821 19585
2540 18961
8594 15555
8744 18760
3764 22840
1763 15166
17222 21037
5335 7632
5961 11440
10737 22879
18350 18715
11147 14228
15322 18512
2615 15036
9970 17687
7508 19268
16106 16689
788 14338
7652 21596
3596 8239
20636 22306
2567 13524
8849 12459
10115 15245
5176 10370
10132 14970
1918 16853
5982 12298
5225 8855
498 11143
4411 15045
19474 22901
11868 13555
20395 24439
2322 11291
4029 17198
10471 10612
1679 19243
6497 17585
3100 16538
11479 23941
9905 12475
17893 23169
9098 19916
17365 21807
10116 13340
1174 3267
15996 20988
13444 16441
10565 19168
19074 19299
22871 23681
3422 17914
8823 15461
4061 4336
15536 22814
3822 11178
16375 17701
3773 15450
17339 23808
18468 20907
11053 15457
2275 13721
8420 16940
2154 17104
12403 19584
3559 11650
388 3657
208 3613
2407 6653
4023 20232
16424 23119
3532 17725
3670 22893
7021 9900
372 12197
4978 10993
5268 6099
14425 18437
5363 20080
3115 7848
14143 21044
13253 22389
23446 23626
7711 12046
10508 22393
6371 14741
15764 15867
16809 17436
2803 20673
12005 15976
9590 12331
4276 18191
19440 19632
13830 20158
1860 13458
6585 10071
11336 17334
442 18950
21522 22927
10827 13947
20813 23207
8711 21710
6148 13034
1399 9339
12766 19956
2813 5939
2260 11780
10368 13913
3348 10145
3941 15037
3675 23886
20451 22240
18113 22983
6576 7490
4112 4370
12528 15121
15782 22954
10789 11650
7637 18595
6071 15559
14337 18085
15741 15909
558 5472
3897 22095
607 13374
10417 23074
6313 22362
13451 17765
350 24150
1538 18878
8128 17431
1378 7735
13627 13753
66 23186
12454 16843
2974 13218
2121 23951
614 13341
9753 24404
5858 16883
16578 20741
6031 11463
11684 18106
12368 21787
5923 10580
4728 23441
633 3863
21028 22422
10333 11913
5996 11412
6088 11694
10658 18203
656 14708
14410 18346
5314 5352
521 21339
5481 22962
17588 24383
6939 15948
21737 23593
2294 5215
6054 9349
619 11113
1738 7270
7183 9977
12589 21055
8688 24103
10835 12118
14264 16684
3383 21032
4722 7995
20875 23311
19172 21097
7873 21138
11963 17022
6137 21690
17455 23079
2845 22165
11911 18693
7997 20512
8022 10009
16337 21585
5972 14085
2284 16352
2715 10192
64 3581
9103 22069
19936 23319
6690 16444
13650 16503
8107 12540
2053 18182
4412 13940
11610 15305
12656 23747
7234 21533
6644 12384
12075 24478
17700 24246
11908 14715
6509 16646
16131 16894
8594 22840
4409 24280
6391 8488
2038 11012
7404 14509
465 13705
8489 23556
1896 11005
12056 23440
16887 24035
2608 13594
1944 9431
5300 14040
16659 20962
12621 17618
21356 24053
13220 18818
12843 22375
4269 7938
11266 12857
5134 9082
801 21698
2878 4299
18232 18930
4193 17626
4807 13811
16636 20011
17484 23014
15298 16265
958 4828
1162 4330
4128 16132
15403 23058
14679 15826
4277 5797
17086 23999
9153 18506
2293 19423
19997 22796
1085 2275
6428 8320
250 6077
16830 20615
3665 22437
18256 18910
8309 16449
15013 21876
10462 13469
2959 13630
2256 22573
7784 19650
11110 11182
17718 20220
5700 7292
765 2423
11468 18647
5672 9517
16439 20101
15822 18055
13855 19033
20263 20395
13718 22613
8191 10074
7883 18867
550 3105
5482 13676
11565 13917
12072 20210
1948 13367
10415 15764
2595 15965
1485 3843
10923 20911
51 8601
4982 17893
730 18928
23619 24461
8928 10831
69 1958
8435 23685
8889 21151
1704 9995
12737 15780
18269 23017
1050 24128
2238 13072
6567 18952
15502 22996
5759 6773
10479 17821
14283 22171
1895 3697
7356 19059
45 10046
1145 2261
14140 22367
9930 15942
5852 23204
5640 12564
840 19297
9499 12980
8127 12882
4306 23185
2039 13265
9366 19909
378 1581
989 3124
11767 14756
4751 16634
6393 13666
2928 21580
7466 14638
12251 22121
16379 22919
8092 11989
17041 18990
12352 22650
231 15929
4824 23010
4124 17739
10299 16939
17983 20015
15534 21040
5264 12567
7741 21416
11271 19904
275 21536
16039 17555
2923 16507
30 21466
9548 14738
9373 23048
8853 22638
15145 19433
8714 17430
1604 5441
2905 7333
8321 19759
17866 23237
4727 13337
9752 22003
4681 18952
7234 23968
1648 18217
16119 16236
16297 24192
225 21736
7773 13437
12757 21881
15288 22817
5460 7265
10194 20199
3186 11609
8195 18411
19327 21987
4350 23251
7195 8973
4481 13409
11865 21490
7412 12465
21698 23553
8926 15571
5063 19986
2154 23131
20395 23268
4685 21071
2625 11498
2710 3629
16431 22791
2360 6586
1832 4379
951 14721
77 17589
9136 15999
1549 16948
14631 15866
12039 21250
6696 8085
5397 14517
113 838
1624 12466
13055 15215
9968 13752
3023 20573
7271 21660
1978 9692
1802 11934
22 6662
2671 8714
12798 15478
409 14889
207 4638
9077 22992
8558 15122
8546 19013
9753 16363
18021 23807
5726 7407
2495 22108
6883 14682
10132 15428
3094 5544
4243 24041
4873 23360
1234 17029
8538 14706
33 22731
3684 5145
10507 11632
9957 14503
9529 14403
8228 20815
3020 3738
20044 22294
7760 22278
18790 20167
10090 11471
3638 16060
6814 14120
18578 23655
4181 10215
3898 8371
14779 20976
12795 24119
11521 17599
5763 14932
1320 16330
7208 16580
13807 18759
167 6611
4068 20414
7448 14236
1991 10884
1953 14440
11954 13274
17777 20443
15590 19772
3366 4512
4246 17195
10433 17523
3185 10819
8964 23925
7900 13675
2986 13081
153 10493
2145 14991
1066 12342
7298 9000
13171 20756
13547 17608
7993 23662
430 11898
17574 21682
86 15965
4737 14487
6540 6772
11220 16759
6115 19849
61 6119
3047 18413
4067 22783
4406 16376
4938 16936
2206 19986
1326 11928
2105 12800
3692 18986
6557 19769
12481 16901
9238 19722
16794 20503
8738 18112
11874 12131
3033 22933
10440 22609
9046 23945
1286 18568
3824 13679
5988 15019
5194 14599
2628 24435
12497 13779
11163 14945
13942 16576
10799 22273
6992 7375
1109 18529
12741 15912
9119 19809
981 16689
1060 10300
21497 24147
14929 24166
19149 24283
185 24244
12325 12591
21138 23433
2870 10079
4101 15685
15258 15435
2357 14287
8640 20674
19204 23939
547 19255
17596 23334
4740 11855
5805 11873
13885 23098
17942 18835
7233 8617
4524 14836
21876 22411
14138 21616
1143 4919
3721 4017
10333 12783
7012 17652
4347 13419
22 14512
12855 23216
1779 12639
11333 18846
5799 11403
1707 22880
4539 8171
6352 14280
2871 13733
2264 14775
6382 23166
8334 11839
21084 22875
3028 12849
4415 9988
19952 23247
9499 10392
8071 21142
5740 11447
8561 12993
5848 11880
5523 11266
4536 21497
7374 19002
15454 24329
8265 17333
3463 13892
6539 12688
10210 14519
5973 21499
10790 13365
3753 11853
14014 14061
17353 17371
13846 15481
3425 12755
4463 17086
5081 8184
19253 21147
4572 14772
13504 15891
2438 22846
8877 15371
4900 12068
6477 21077
16976 23445
13825 14855
1314 19333
17998 22047
13145 15499
4577 9431
12039 13196
5099 13970
11223 21729
4531 18308
12414 20498
690 21328
7686 16534
8856 10146
5156 12176
4829 11712
7935 20124
4294 20199
10569 11374
10251 21620
16113 21128
6321 6943
2211 7667
6161 17185
6115 11078
12776 17837
1982 9892
6220 22318
1310 2744
16832 23500
4950 19581
7445 10315
981 21770
12588 23036
7956 21883
10459 21048
489 22164
7151 20474
769 18042
18560 24017
2249 4363
751 5688
3870 11659
261 283
8233 15231
5182 10851
3749 21645
7518 8634
4415 12942
7102 20244
20812 21955
2720 19608
12963 17881
14909 16379
8203 16712
5161 10124
8982 19629
17875 22366
5658 17015
2570 16979
11871 23115
3358 13015
155 7820
6005 10224
5152 13901
5398 17603
6285 23425
267 22746
19782 20670
17385 20547
5370 15948
6110 16133
9503 9989
5301 6495
1576 8060
4332 7780
7678 16650
16346 22370
7676 18663
11186 11314
11635 18445
2479 3694
9957 20266
5188 23975
8195 11780
14059 21926
9129 11454
18303 21911
14447 15024
3989 22722
1646 13218
11871 20995
5328 12279
4271 17604
7588 19657
464 13425
4687 7216
14909 15011
19330 21640
10256 14073
21088 24173
9932 11183
3403 16572
10700 11400
1467 23283
5218 21234
16881 19417
308 19396
5333 12413
72 2135
1795 8249
5205 16922
8560 11641
12354 12681
5851 19653
6705 17635
16051 19804
8982 16551
8401 20740
18353 18426
17564 22043
9408 14619
11772 17166
2634 13107
14192 22971
690 7352
19535 23137
602 14322
125 15076
3719 19254
685 13056
12580 12731
8425 10289
22335 23630
923 10733
12110 19928
717 14753
282 3607
10727 18798
18252 19611
20099 23159
2882 19725
4538 21802
4612 8602
917 15103
19536 19782
5131 7573
5511 7255
3974 8583
1827 7401
1066 13368
9970 17223
7458 19644
2741 7464
1909 22324
3980 9650
2284 10850
6104 12773
12081 22739
1094 22270
3299 18792
8921 11754
19292 22155
9827 14618
6251 19571
2879 6778
12823 16615
4342 19459
9927 18497
969 16133
7333 21991
20942 22058
3530 8278
22638 23428
6610 7325
13964 22647
16516 23503
222 14497
862 5847
9869 21722
1050 21911
380 16416
2379 3907
12589 13966
14540 20973
4469 8993
1057 15103
12020 18229
4482 5378
2086 22989
4558 6556
7877 20094
9951 20220
22508 23672
11333 16323
15158 17828
7315 15762
22332 22538
11388 20409
8520 17220
17977 19996
2511 7428
6837 18121
1697 14735
11311 15244
3835 8664
10758 13477
15395 20153
15065 21581
1550 7621
4299 13890
10243 19803
2912 19383
8787 17113
6059 9074
11742 13865
2287 15160
2893 8027
2573 23393
1316 4596
7926 8490
8435 14617
23244 24127
2648 17725
15955 16665
5152 11844
13889 23370
1924 21413
22476 23509
12779 21782
5929 6463
1667 2481
6340 15435
13667 19880
424 22758
3084 21687
9846 23662
11548 21147
10130 12734
14960 15068
490 20155
18565 21971
7850 12886
23017 23677
3219 11206
12675 20726
16047 18780
2973 8204
12846 18862
1407 10166
14740 20123
2764 15177
573 1014
14478 22351
677 9908
3153 21177
3628 4600
14492 24338
4057 6963
4295 22211
13531 15501
4321 19565
6242 12512
1015 1776
3493 13234
3960 12110
221 9898
3547 13960
2188 4765
18637 22731
5358 7227
4638 11763
23490 23947
665 14095
14387 18335
1536 14676
6105 23615
7117 20847
13227 20759
1257 20640
12768 17805
5811 20147
9960 21609
7242 15957
10589 14180
2094 13898
14369 23779
19077 24330
19136 20489
18152 22984
9343 21987
5709 10118
10835 16904
4340 12086
7111 17734
2458 18822
6406 18871
16591 17426
9112 22227
1595 17422
7151 9339
4847 5236
61 4626
2087 9102
5026 11890
13481 19916
5361 19805
9693 16617
19439 19595
8631 22271
6345 19747
18784 21429
10167 10429
7370 23087
12092 16028
11112 13303
2545 12658
10941 18778
10295 19495
10192 21597
238 14573
1114 19738
2506 10670
15262 19402
8554 19047
14623 21808
8196 17432
2805 8417
185 16127
12022 21846
15659 22611
6003 14005
2715 7995
17378 20514
13385 20962
2007 23326
13865 22709
6712 14261
16884 23970
3741 4555
5662 12239
5225 13874
16741 21606
7410 14507
21826 22420
16423 19821
9940 19708
461 20062
4952 14707
1445 3816
7525 20908
5737 23100
2376 3790
12670 16671
17549 21039
7102 23688
5687 13647
5582 16087
4402 14111
13155 14280
8119 10488
7750 23290
18787 19155
3762 5910
3140 17510
17775 23262
5859 6787
1874 11537
15675 22901
519 18910
512 1584
7951 10902
10588 14278
1986 10224
1228 16883
8407 13991
18769 22753
15403 17375
12910 24008
7585 12971
12135 13071
1168 18175
5616 18871
11782 16954
14544 21531
5553 24165
4081 17820
7393 14494
16683 17885
6156 20276
11175 13528
15172 21206
6376 9324
8522 12280
12056 20171
1207 12471
5602 18893
4626 5943
14761 15365
10756 12616
7241 19878
499 13250
3498 9283
17177 20903
888 4529
7933 8883
10694 11369
4562 8514
9513 22608
11290 19796
10313 16913
10969 17671
4085 19488
9596 21079
12581 17436
10859 14752
12023 23346
3849 7158
910 6783
13084 18067
16170 18420
18242 20358
12694 21202
1374 18707
9285 14523
9429 12397
5682 6126
19277 20168
3913 10189
8720 22049
5639 6660
11064 23586
6326 12891
3025 5875
18556 20173
5604 23087
13389 21309
819 8204
7546 11861
12670 18621
2756 16834
2726 7387
17672 18054
10413 14962
9410 18579
19564 19883
7038 20448
4486 18866
1145 19853
6402 18308
3525 14997
10549 16219
10013 22132
3300 6240
16244 23593
1625 22304
317 16574
15429 24277
11812 18401
14692 16577
8142 12481
19600 21818
16214 19655
13794 15522
14474 24111
17516 23872
16655 20679
348 2631
5287 12487
11706 14829
23958 24456
6833 14226
5254 6925
11567 16008
6926 22602
4880 10048
12364 21909
12636 23101
9317 12856
21699 23966
20365 20445
4435 7371
3485 15154
6526 21450
3412 7336
2260 3720
14722 24050
15172 19904
3771 19000
7427 15111
19523 24326
13777 19284
9122 23017
9598 24090
994 20231
7268 14830
9964 17871
3511 5953
5711 19713
10423 19661
9069 13353
14493 22048
15460 18220
2750 20235
14399 21333
7142 10023
753 22363
10201 24033
3718 18435
18801 20761
3179 13869
9963 16014
11042 17415
2980 20566
16955 22281
17400 23931
12543 24166
6913 23942
1851 8590
3692 17961
7909 13084
9139 12486
9625 19759
13407 17772
7739 15997
10547 23503
10174 13381
715 9327
869 22082
8127 8370
3027 13783
5322 14090
1134 6754
13570 15817
6539 13041
2734 11511
4023 22996
18920 22422
6153 13969
4128 19833
942 22427
16542 19654
21542 21621
4311 13357
979 22716
18349 22105
8775 15872
9738 14960
4870 14655
2360 13066
12641 16976
8699 9743
12538 12959
1816 10914
8996 9653
1974 4255
19686 19874
976 23714
996 23025
1487 23399
19974 22949
7065 24166
16959 23114
1360 7885
9288 21327
6045 12051
7744 9714
935 7323
6701 23142
18132 19269
13567 24439
13902 16508
6177 17117
2952 3526
7164 10126
3046 13633
15145 20959
7813 20984
5043 6895
561 13993
1655 14321
9047 16974
6617 7287
17102 19347
11234 13643
8333 10462
17445 20917
11242 16007
4401 7599
8859 13510
3066 10244
2828 8701
14752 16578
19260 20842
18215 19427
5972 6972
6401 23107
3873 5750
20729 20771
14877 17412
11804 23070
14996 22908
21725 23997
825 5833
19612 22463
7652 11919
1139 10878
8747 12328
3164 17306
2863 8922
170 6285
12142 13631
3577 21478
10456 18783
9921 22482
22804 23472
5174 7366
14112 22678
425 814
289 9480
1294 5306
623 13999
13592 17967
8502 21673
5446 20856
261 12918
783 6263
10150 11597
952 15428
8565 22229
11587 12897
5514 23406
7341 11691
11642 16336
13336 18700
10586 20994
2184 2606
9697 17275
15939 19210
4933 11644
385 3225
5768 10816
4005 4675
8112 17325
5900 18889
2139 23230
1000 13847
11838 23363
5552 6575
3007 21157
526 15977
10962 22145
6568 21137
1686 13344
2507 13323
20271 23641
11913 19934
11434 22872
5135 10679
8733 17988
8529 12542
15007 20554
18814 24113
370 21674
20627 24280
3500 12898
2553 4641
4783 19897
13298 20723
775 22345
19831 22737
1180 17308
855 20473
4847 5059
16888 18217
11588 21666
10515 12031
1067 8405
10673 16405
6625 14094
12147 14599
13879 23632
6560 9613
1023 24265
22136 22196
7982 22645
3316 21240
5894 23834
22596 24017
2764 6749
11686 11725
7377 15485
10521 22507
9036 16111
675 7307
5571 23965
7133 20192
7793 17004
4180 22158
9747 23821
2768 12124
8555 17745
3744 20991
2155 18901
8948 10565
1538 7899
10077 23398
6109 17164
9717 12261
20045 20352
9565 17599
4597 22149
953 12803
345 20500
8222 10146
4512 20757
5441 22139
20597 23122
2108 13415
1324 9180
12352 24143
5338 11104
16305 21901
9340 16792
2418 9359
2100 12766
3383 3390
524 14043
9893 13190
648 7952
13550 22646
13356 22651
8361 16033
3555 10545
11169 23424
7455 18664
4458 14640
17607 23046
2306 24325
4974 10167
1399 5296
4460 12781
35 15656
867 4932
8609 20075
8174 23920
826 8645
18480 20101
10809 13865
21873 22596
7766 15175
21997 23887
2626 11993
7078 23184
16969 23362
11044 24249
23379 23564
4516 9154
17830 20318
413 16268
5867 16416
13097 14231
1725 10384
5735 19420
20952 21344
882 21704
18387 22497
9723 16493
6310 13908
19634 23381
1382 7922
1264 22596
11308 15320
8140 17908
99 11698
3320 7087
2168 24404
10528 18544
16498 20191
18638 21507
6265 15306
12427 23663
10802 12287
5876 21003
4573 20080
8279 22369
16269 22376
15698 19365
15538 21412
12029 22722
5720 10343
2726 20179
13906 17554
16858 19244
6243 11421
19746 22789
10887 21912
3115 12065
6145 20913
14648 17119
12056 12196
6742 6775
792 16406
13162 22585
9617 23858
14796 21199
9240 21299
10999 21902
2511 5807
5441 21761
6282 13633
8417 18341
8588 20821
9296 24344
9253 23873
11430 14696
6154 21143
12326 19577
13527 21260
14191 22453
18496 21604
7656 15105
5352 21841
21682 22037
5309 10234
6709 19417
12593 16935
10798 18270
4594 20604
588 7525
8837 13550
6488 13217
1542 19116
887 17443
9642 17367
19126 21932
4095 22252
2767 23276
9863 18408
13117 20585
5569 12226
15030 24041
22176 22189
5522 17853
15048 21669
2402 3348
10691 15733
11991 12360
2403 19496
5353 20668
6347 7031
18765 18906
4947 5169
3161 12519
6128 8641
3539 17846
4506 17614
15146 17772
7153 15684
3878 9859
12925 14345
10427 17260
2572 18698
51 20330
2080 18939
5445 17857
3354 7535
1504 8429
6676 21659
20183 22178
90 3150
4249 9143
3656 16204
10194 16209
6863 8644
8499 19407
18671 22241
4589 22625
3 14755
4268 20538
14587 17028
7576 21750
11574 21402
1704 16857
2251 20035
2292 8213
3253 8552
664 10832
5506 23214
386 11321
9852 14110
37 7528
8488 14802
15603 15921
4044 4111
1354 18449
12152 22457
14673 19628
12271 22681
362 2742
8466 21785
17755 23507
14235 17625
10291 11721
3215 13403
7264 15029
1230 22134
14871 17451
5109 9399
1777 13294
16419 21637
15500 17039
4108 19608
7905 13253
3824 13353
15136 16496
3162 16079
7220 21767
1449 12192
1934 16811
18876 21777
13728 18963
5678 22962
4559 12926
17263 18803
7252 14393
3848 13157
1542 14941
2364 2708
1382 1617
322 520
8049 12316
2357 23338
7728 12710
9264 10969
16733 24189
10453 17228
10041 21191
18627 20721
10192 19902
13915 19229
9281 15762
15322 18543
8521 13672
13729 14317
15054 21726
5820 14678
2242 23401
8370 18537
15813 16744
20745 22822
12741 20189
12306 16563
12362 16071
8430 11398
4501 11479
11223 21002
11320 13164
471 23576
2093 14612
17629 23311
4875 11880
13794 17744
6252 13259
1065 8943
5528 11995
20487 22142
22 11628
17043 20730
4304 9971
14565 17154
676 21444
8293 24088
4357 20978
1208 22617
8692 22082
6072 9257
317 21622
8807 12598
3587 24145
14661 21337
17759 21174
10208 23618
504 9972
20345 22564
9824 10505
2141 13145
675 20616
6204 9915
11624 13670
6000 8222
9040 12734
14347 18298
2935 22682
3643 22505
6963 14894
16779 19498
6621 12566
15280 19682
241 1905
8097 16953
10660 15734
12774 15164
4399 11184
12504 13293
494 7767
11624 12078
10668 19419
16701 22667
13190 14044
12348 23061
12581 15395
16890 23913
11354 12699
8845 14867
19619 24240
6324 14749
3050 21780
19115 19985
19825 23206
4829 23910
17933 22551
1250 8472
1151 24280
8985 10267
15297 15900
557 15846
1874 22948
850 18127
1052 9109
7960 16574
16331 21527
24041 24313
16592 20515
9838 13748
7401 8207
9763 10620
1859 16488
4778 8282
5951 13762
9320 21379
10938 22309
1066 21823
10108 23359
15420 18453
9216 16023
20372 23717
7271 7528
1652 14012
276 24475
16388 19129
6571 21842
3205 19150
12651 16288
18030 20503
9718 19300
3621 19743
15496 17887
6339 22580
2837 6157
2645 12486
16819 17582
14611 15060
10866 23075
6652 20316
7904 8053
1945 19366
2859 19562
8339 19906
1861 24449
3894 17929
8207 22376
21330 24034
7890 17732
555 7952
9866 15554
4662 5605
422 12712
13818 18979
4188 8304
8875 10038
1951 23037
4415 23397
1020 8110
15682 19898
7610 24181
17817 22844
17316 18144
18365 19408
15164 23458
15741 16051
16269 18343
2522 17323
20429 21293
3601 4888
7499 22236
3181 6686
1220 11003
13516 17335
8449 15187
5458 6562
6429 15199
10975 18192
5159 6078
19016 21473
6800 10440
6603 8934
15641 17655
1099 22557
3541 19708
2378 12748
14438 17726
15166 18679
3224 12777
6757 18264
9223 23170
4790 7714
3917 14471
5293 16359
15945 22352
279 9069
7 7716
5406 23058
4402 19144
17094 23774
2007 9706
3773 9520
16201 18352
1002 1121
3005 6362
15795 18269
5882 14589
5714 19241
4268 16397
4076 16720
9650 16616
5236 21540
5916 6702
16707 22088
1786 5946
519 22725
1802 4869
2414 10433
10285 17914
21494 22108
13964 17956
6588 16402
955 22232
16651 23089
15396 18481
5237 16190
2983 7582
7681 18752
14427 14858
9057 22781
9836 16103
13914 17595
6725 15567
3615 13036
784 15280
7928 8512
425 4625
12646 24269
3836 12843
15706 16526
4799 8806
13438 19933
18940 19803
151 13487
14660 18747
3875 10647
16109 22543
7271 17211
9484 13913
15845 23885
3762 22614
711 2374
10814 12721
2324 14997
4666 19856
6249 20469
4375 9221
4783 5592
10845 21253
8445 22711
11102 13460
9906 12040
35 18860
7149 23737
9065 18008
6080 15505
9301 21127
15524 20805
5902 23521
2746 3838
135 16470
8786 19793
2172 12463
17763 23830
12353 20806
9418 15680
980 10001
12533 15072
15206 22270
5963 11078
1966 8467
11242 20834
6472 8992
12186 15819
11708 17214
3269 9009
443 24162
7998 9399
7164 8686
12171 21213
1390 19756
9138 17437
1775 23243
19146 19621
7828 22712
10281 12255
3111 13504
2298 20382
16901 22494
6868 10759
4210 22788
7163 9989
4390 5899
7356 24159
3360 7395
16915 17639
11551 24446
3192 21500
10973 23959
4192 7882
4693 6650
1631 10618
5164 19138
6188 17966
15311 22009
140 24230
5029 23350
16911 20755
1657 14985
4417 20976
3894 11360
11165 14123
6789 12003
8306 12892
21765 23571
3961 9110
5471 10844
409 4111
16670 23298
8737 21800
14658 19278
9696 10022
1722 15752
3055 17849
17320 21929
9544 21203
7850 8548
11920 20289
10113 18132
3961 7572
169 22347
5306 24315
10962 11877
17112 24374
575 1769
15634 17035
15643 22997
16997 17495
6446 10959
2062 2998
13676 24218
20226 21984
9548 13569
15648 16537
8206 15807
19855 23884
5537 20543
8256 10907
2235 8912
13882 17918
13089 20335
4496 22514
8123 18069
229 19251
5048 17988
1137 4773
3811 23912
13892 17100
17087 21813
2422 19402
17122 19322
7660 7778
128 19632
15316 19217
23276 24104
10614 23476
10084 22556
7795 13748
2057 4493
888 16336
3006 7929
13670 18347
13957 21984
9487 13513
10507 16768
10051 20775
157 2818
9171 22112
14746 21156
16656 17184
13056 20931
14849 22576
825 8512
6723 7178
3676 19586
14378 16691
8093 23073
9487 15740
7120 20897
3524 6852
11647 14824
10349 18277
10191 14369
5894 10652
3557 13668
617 23918
19750 22897
6874 8384
11687 23819
2490 17153
12140 21752
5418 12913
1970 14042
17826 19108
6333 11259
10225 10842
1370 7763
7574 19181
2373 13910
8706 11775
14285 18908
496 22715
452 7254
1987 14604
51 16080
5664 18495
2901 7303
14696 20236
1467 13842
8626 21347
15411 21037
13190 15351
1461 6433
6062 15599
8401 18556
8672 22933
1452 22515
9474 21784
7695 10606
666 3273
15599 17295
11840 16221
17304 18829
14905 18812
15710 18757
8082 13044
3163 22166
50 10080
1305 2136
13745 16627
6041 15842
3000 11620
9010 11139
3315 19088
9249 15523
2903 17600
14512 15086
5155 15219
13877 14167
16146 18002
4347 18053
6933 8606
8495 17867
9526 17483
9858 11814
4369 19161
16189 16443
10440 12556
7255 21834
2250 6797
1270 8227
4189 17832
5974 7434
956 9027
3723 23877
15229 24248
8047 22922
8859 24455
7767 22177
10029 21515
2937 10104
18354 21132
8831 23889
10364 24333
122 2705
15879 17282
12280 12513
15955 23726
15718 19336
624 1163
6480 7177
13007 17376
1554 2037
7269 19205
483 4805
934 3417
13879 16637
6344 14487
8 22557
16982 22148
19554 20954
10234 14617
10416 11869
12916 20885
4279 17555
2116 2747
16010 21079
9591 17137
4311 5709
10068 22906
5116 14174
4887 14889
4052 9715
12969 15618
399 19068
3779 11835
19430 23765
6007 10491
6609 13585
9422 16921
1215 23007
7952 10722
1937 16657
2180 8090
9866 12895
10703 11753
3508 23999
3896 17836
12389 16969
5923 12007
2110 3095
482 19890
16641 21788
17284 22522
1911 22254
8076 21874
10060 17907
6047 10301
10144 15826
1277 12625
19005 23734
5894 11186
2866 14884
5430 20172
18078 23454
6513 12294
9491 24008
9188 17965
13198 24399
8626 20743
2885 14502
4243 16809
7507 14259
5578 19797
1498 19252
3853 16319
8281 11288
8590 12277
3155 11310
11546 22149
20315 20701
22165 24379
289 16724
15207 21381
17458 22952
11361 17951
21582 24299
8850 10305
14760 22184
10180 23131
815 11442
4024 19888
2794 23484
8495 20417
1483 19979
10508 16933
14679 23196
9515 23993
7077 16281
7265 10424
19952 22473
379 11706
10958 17260
17866 18466
4408 16495
21850 22224
22650 23665
22072 22698
8651 12233
8272 17100
1748 4123
4920 5444
17179 17186
114 10231
4128 7482
16875 23418
11161 23598
7997 12993
13272 24403
14405 15985
9067 20686
16347 19975
12525 12657
23507 23917
11318 19220
3423 13514
1328 15900
5057 23981
533 7227
5389 17534
4295 22172
13262 18940
4109 13113
4267 15485
7498 9491
3069 11413
5519 9898
5489 21693
12128 14937
1583 18921
15557 21563
16622 19036
6676 10746
11837 22097
15604 21038
80 16023
14587 16457
1355 19669
4719 5198
2304 24012
12038 20040
901 22120
1120 22535
4543 16851
9217 9879
289 22079
8277 10626
8523 21714
9877 24033
3974 23683
19963 21208
9056 16608
20105 24299
9470 13499
2798 12381
3852 22232
3644 22605
11703 12540
7333 20594
10334 18369
2481 23810
4975 5657
7104 11022
8209 10709
13837 19527
11901 15806
7154 23843
15882 21817
15644 19616
11912 24328
798 6870
2216 12337
7029 8298
1974 2096
10369 15114
7608 18310
2253 24208
2205 17563
13323 15611
8200 10694
7886 24230
4928 21177
1028 22038
11095 18775
10478 17286
10840 22343
10111 12597
7719 14870
1056 15323
6590 13843
12555 19762
5951 15209
7877 10498
11141 16972
4327 11378
3830 20431
7280 8991
9399 11104
6435 21508
10236 17092
5886 7184
6393 21396
2717 10590
5266 19738
11638 20278
17937 18595
16563 19891
762 20903
1629 6009
17390 20309
820 24297
572 3055
331 24352
5572 17055
267 2498
8637 22110
6711 12838
16358 20328
16000 18394
8821 10423
20410 21487
6116 12534
2363 3813
8953 23218
18834 21783
14236 23895
4118 7883
4951 11057
11743 17526
12966 23698
8007 22835
13863 21349
8068 17919
10803 12341
3331 20971
2606 18551
7366 19693
15207 21073
12060 13177
3191 6573
2886 15921
4818 5765
14282 17598
6419 24240
6783 15725
6648 18741
8161 10864
8617 10071
21225 24438
2654 9107
23495 23799
6136 19041
16265 17659
9138 20309
1442 22210
17544 23888
18892 23465
13677 17185
3296 21355
10486 12918
8154 12135
814 8161
3737 3831
7098 22211
12585 12652
12172 23114
17264 19831
12517 23952
11843 12311
2858 17965
14860 20727
17015 23817
622 19031
200 2798
5719 17291
18156 18323
18322 20472
9188 19676
7032 17427
15739 17790
10751 23320
4525 11365
9223 21474
3070 23716
17574 20141
22968 24471
4929 19580
9142 9330
10927 13441
7911 23395
6608 14548
3714 17650
3522 15987
4108 21233
3408 17823
8239 9218
9498 15331
12757 21414
6788 21282
22765 24423
10226 12110
15206 15583
14597 22131
6804 8497
245 6081
9151 18588
17053 17821
16942 17174
11894 17026
4264 20645
3247 11395
1586 5336
1437 8058
7825 18675
987 1498
17513 20480
16824 20671
20073 20654
3608 19926
10510 17977
15496 24205
9178 12458
5849 16614
1877 21983
20359 22013
1759 16703
5161 15986
1222 15772
10320 16597
10446 21076
13605 13865
18368 21014
7082 23288
4530 24107
17844 21438
1809 15768
7921 15194
22875 24084
6523 7398
10076 22229
6558 16033
5814 18810
8575 17782
5641 13790
22463 23421
10702 12406
623 5739
919 4027
8915 9083
24012 24108
7655 8019
4695 12178
4291 13016
7604 10214
3371 9343
6189 8581
19725 21231
7188 16744
3977 10038
4743 9978
12711 15893
5582 17425
599 12357
5829 9688
1130 19178
3661 7758
7885 13991
3582 8948
708 24420
18629 22749
1289 18624
21232 22064
8018 21137
1175 8380
13588 23207
12001 18178
4450 17989
4089 23325
344 16730
7169 11220
3618 14385
3290 23931
14176 17644
4026 8943
9378 14058
5808 17968
9332 10047
5911 24077
21208 23433
5989 12850
195 15353
8241 13005
1204 6015
2253 7610
4057 10668
9800 12182
9427 16826
2217 14334
2362 3057
1419 12428
8551 15766
1262 2831
9744 21350
7791 11248
10442 13440
6231 6314
17935 20378
5130 6701
7858 19229
755 1124
1844 10245
13599 21217
2650 4303
9414 11450
8538 11891
6787 10871
22152 23326
2771 9095
0 11155
4284 14610
13237 20154
4004 6304
10845 20879
20173 23451
13042 20734
10492 22264
1767 5851
15 15726
2139 15784
7821 9569
20094 23771
8495 20002
5861 16298
2696 8190
1700 14678
6275 23189
14491 20002
4628 22705
1549 21226
4404 5964
8540 20124
2367 13378
5516 12098
14763 22630
4217 6700
1025 10909
12033 12602
10917 12373
6794 14307
6675 22261
5809 10646
7262 9688
5874 19370
11423 12290
3833 20452
2373 23320
6358 7112
3010 10566
2963 14621
2244 22924
11211 19543
5646 16854
341 7168
7154 22473
11581 12184
6318 14052
2744 4880
16700 19461
8121 9620
2896 22007
2880 17119
2679 18435
18093 22397
12032 18629
13872 21144
3921 13872
5609 20727
2985 3001
6056 9192
10354 19014
557 21250
7874 15709
643 5649
10495 16447
15528 20093
1782 23536
8521 16839
1 13680
4157 5943
2958 9285
15984 19288
9039 18284
267 9331
5156 12945
9258 18713
8650 10951
5661 14376
11916 16746
2998 12921
7091 10757
10861 19453
849 22620
1408 20584
2357 15901
10846 18775
6209 18065
11329 23618
4431 8943
5208 11031
12912 15443
9944 18786
17194 21781
9452 13348
18875 23565
619 23047
12829 19873
5282 21653
659 19334
5817 19671
2743 18103
2676 24118
7434 24202
4367 17195
9556 14436
667 20658
8158 10897
14788 18367
4384 23256
6979 7106
15755 22257
6471 12427
4861 9850
7108 19381
3837 7178
10081 13914
538 844
2187 7405
73 18772
1189 17347
4639 15535
3331 20532
11897 19287
8667 10003
6834 13758
15847 22464
11947 15995
15670 17665
7192 10966
8964 22973
2076 13776
16362 21559
1856 12187
23039 23649
1218 21012
20395 24160
1485 8004
15269 16285
10865 23626
6305 16782
15170 21646
10069 18652
10934 18422
1634 12321
7624 8985
4273 18272
10006 13100
16691 22191
14567 22246
16594 21250
4259 24323
3643 17090
4785 20165
10888 22405
6738 15873
13156 13625
4244 21966
6954 8779
16632 22009
11210 15114
12126 20387
7109 8980
15442 20949
19265 23473
8278 11909
9663 19226
2683 17314
3995 5607
5602 23929
20657 21642
5306 23186
5966 20626
7691 23892
1613 12760
9779 20860
6859 14515
13418 13984
969 14052
12679 20585
7658 8301
8507 13044
5833 15420
2568 23827
413 12409
8577 11380
6751 15073
18876 21343
15297 17534
12549 13618
13033 23072
17343 22264
1289 5459
1329 21513
22979 24408
7104 9009
4490 10235
1112 9875
15363 22618
3598 4321
1457 4599
2959 11359
3230 14282
12770 23383
8500 11256
4443 17853
6711 11059
7740 12052
8533 22782
2830 18891
11069 15164
1770 4354
14073 17145
14240 14256
14745 23317
15014 16941
769 23309
8145 14218
529 19870
1778 12676
3076 14200
12096 18002
10958 19417
189 10260
20091 21535
4442 14841
10661 14877
5840 17781
6894 14228
12708 13558
2576 18199
3381 4522
17222 21760
7554 21254
113 2261
18103 23894
4310 20859
17118 18936
1025 23592
7739 20313
17024 19889
1113 3340
13891 20968
333 13162
18887 22704
2413 8259
14248 22423
208 2968
2492 13813
15982 23430
1760 12049
14402 18361
13297 19610
9540 10203
1511 5712
9886 22281
4996 12878
4886 7121
7957 11249
9092 16744
5426 16845
8603 18633
8464 11673
17107 21000
4378 15704
9119 21272
11716 17137
7670 13117
17054 21211
12960 18180
19760 23984
17768 18182
5353 14077
3367 6259
3009 14342
14070 16019
7782 22382
2267 9124
133 16163
8979 20852
2063 20950
9076 10758
523 3874
9818 23882
8791 13527
15062 15448
2047 14485
1343 20874
11842 20233
10747 18179
837 3729
8408 23019
7144 19547
2998 9039
11124 12699
6154 9357
5217 18805
4814 6331
22191 22591
2439 6508
9696 22439
7111 12978
6326 17540
14712 16413
8130 18629
86 14280
5297 18209
11972 17635
11514 12409
12050 17286
2001 15806
12402 23272
16404 16906
6418 23091
16456 21510
9188 13522
7285 7974
3205 9199
1014 13964
6609 10837
8456 23267
9042 9677
2924 20699
5173 13934
2212 12300
3917 18755
4843 17392
2945 12634
315 7049
12525 23750
8432 24388
19179 19708
3271 18195
2994 17587
18198 23681
5080 16487
9832 13804
14232 15974
17022 17194
9840 18927
15753 18964
10963 13977
23437 24000
7270 19772
10284 20672
12529 20937
14959 20419
5278 16166
16910 22178
5294 6020
4679 21983
11332 18037
2029 16407
17492 18878
16898 18266
3783 21477
4570 8083
4288 12669
15162 19388
8294 9459
8000 18935
4058 7458
7770 12763
2824 17415
4009 12921
13931 18531
4380 22095
4211 14166
12101 24319
5073 18939
18581 22906
1051 22728
13152 17184
3561 21709
9149 15723
4095 9568
4124 8367
7119 23644
2719 21535
3510 20354
5459 15284
7213 7715
1364 4595
22314 22693
5103 5847
2389 23553
3452 18119
18625 23802
2532 20709
11858 19838
15648 23839
20716 21579
4316 15667
165 4762
1924 3776
1517 9068
5488 20289
16979 23192
1528 6358
3435 23105
6448 13031
11861 21901
4871 15382
21990 22712
7929 21805
15462 16020
12775 24379
8383 11084
95 18159
9170 15853
3299 8968
16937 18458
2475 21209
14323 14845
1187 7845
19004 20033
756 16286
4130 5008
3776 11699
17372 20563
5930 21491
10586 12874
6058 11757
6975 10305
15602 23898
13835 17561
3985 10889
9187 24339
8977 24112
6165 7687
6775 12635
2238 8863
3208 18123
3040 17804
1087 17321
3231 12545
879 6916
5632 15947
8652 11054
3101 14451
12865 19869
14787 24307
9471 17300
18918 22092
8993 15467
5059 13170
736 17899
19999 23218
986 8648
377 5160
11308 21648
13294 16909
18889 22144
11145 21727
15429 20644
8988 10110
19788 24114
13995 20513
9686 12406
2724 23032
2669 18514
5021 15486
4633 9790
12069 19340
12748 13706
5273 9456
2584 13288
1103 11891
2276 14775
10766 15644
3477 21865
6671 15533
8732 23463
15827 21477
6452 13832
7558 14912
2222 18706
9572 22742
8747 10196
1656 13737
16426 21036
14381 23493
14870 21379
1362 22503
14318 20422
4102 6471
7561 8875
9314 17519
3929 11398
13441 23024
11650 13967
2060 4468
6628 16588
18247 19643
1168 13769
2014 21432
14161 17107
10479 11127
3437 6267
2248 11807
1729 12305
2766 3051
3447 13154
4806 19082
7080 10798
1476 4902
535 23178
5408 15222
1493 11724
5525 14109
9285 14413
6197 20282
4001 4588
557 7580
1985 9067
9607 14094
8355 20136
3536 14611
2287 23859
15130 20946
8629 24145
9865 13999
7301 16497
15232 15290
5458 21552
11525 16201
4210 6285
19558 21761
16987 20495
2318 13446
8851 15637
8176 11399
7821 24050
11622 13228
6685 13178
8523 22065
2578 8646
247 5860
14388 15080
9963 24076
18835 22686
17244 17961
20481 21323
22827 23540
4280 17436
21094 23499
1854 11338
619 2763
4086 5745
7238 8360
5844 20885
3506 10839
18365 22577
17476 17775
13368 20424
3202 13135
7811 15274
9089 15604
2382 9419
12015 21520
17855 21956
8728 11691
2449 6221
6935 20072
9394 17538
122 7667
5483 6296
7814 13409
4111 9207
5156 8188
1015 5470
73 15017
11074 22824
17554 22460
1010 2406
4693 23523
12981 19995
1585 16945
3310 7542
2433 14159
12852 14660
18449 20737
12531 21874
12174 22349
5362 21163
3076 19640
733 14876
12189 18273
4989 19384
13322 23307
9546 10508
3636 20528
14541 19736
793 11926
9689 21347
16933 18931
7212 18123
15997 20981
1676 20655
1333 8213
7539 23870
16926 22036
9047 13343
9106 16483
3588 10873
5799 14063
1968 16934
2011 10818
882 3415
12648 17167
14218 23411
8386 10906
958 2277
6615 14137
20549 21352
1051 8097
14523 16447
13396 21581
7241 12374
2274 6409
7193 19567
11174 12037
6655 22905
85 8762
4353 18323
1590 12666
12172 17816
18002 24275
12143 23088
409 23300
4493 23560
7141 7709
464 11727
10137 24275
54 14679
4448 13874
2522 4191
7718 19248
786 13703
5366 20366
1212 14041
8597 14220
19643 23420
8916 21243
2081 18073
7386 23009
21803 23277
11284 23766
9130 18376
18216 23415
18463 18850
6004 6608
3281 4705
3952 17012
10719 24246
12379 13253
1681 11688
7188 17614
4080 14916
2027 14409
2318 18418
10780 24468
1497 18974
9160 24220
10594 16954
5538 22364
7967 23845
12235 23766
3839 17114
6741 11550
6037 19655
11740 16065
17755 22741
12757 23936
5869 19421
15163 24054
5567 11581
18758 19953
6995 8848
10943 22445
9706 20357
6702 12109
21920 22370
13336 14481
2274 20344
636 8494
165 20581
8573 9268
16536 20641
13757 14992
5209 18734
18732 21150
20935 21809
19849 24396
1647 6686
13704 21245
7139 22446
5742 18936
9067 11379
3249 13280
10305 19351
18874 23087
1102 10508
7340 13330
3052 16871
4225 6227
9654 13357
8982 19669
1456 17973
17814 19281
7408 20939
8495 13026
9165 12948
2012 4376
9591 23858
5753 12433
7122 16521
18737 22025
13204 23400
6720 18122
15353 20771
16957 22989
16206 19840
17793 20478
1177 24046
23295 23582
6874 14699
8155 8754
16019 20378
20381 23402
3677 22510
6625 14205
11221 15724
1279 9357
12531 17389
19508 22814
2615 8775
10319 16675
5929 22987
15374 22491
3725 19993
12866 15831
8860 18149
8651 11122
18936 23348
14525 15826
22334 23142
7468 11924
10931 13958
11776 18664
511 1707
5317 16555
285 24350
6480 22529
15549 18157
17031 21734
3687 12571
5416 13331
2343 19403
1 5535
12027 23359
5494 22302
3302 11989
5358 14614
5377 23601
1087 20133
7268 20553
2504 8094
3706 20512
9144 12205
9366 9564
19887 23081
13676 20473
11546 23439
5748 19189
6391 24349
4488 10554
4269 11017
21835 23431
11466 16845
3481 8702
11439 19834
13299 22382
385 2497
1433 7174
16184 24426
15653 22800
6825 19520
8935 22175
844 23715
9907 19746
1837 8485
20561 21801
9411 16903
10537 14575
2101 11855
2753 7504
17682 17960
3090 7709
1413 14955
7617 15713
2219 8382
17826 19134
8195 11535
7354 7939
7149 18334
7547 10994
5688 12271
7639 20635
955 1815
10778 18398
18028 23573
9816 20693
9461 20801
10672 21917
3345 24428
8016 17057
9521 15344
21141 21844
462 15182
14443 18377
8837 21618
18802 20150
4089 9004
3688 24427
15600 23830
8807 21083
14044 21585
14874 15112
12578 24143
5822 11053
10169 17402
3557 8163
3808 10668
4612 8449
4137 12032
2869 21740
12528 12633
14812 22391
3851 19295
13515 19321
3015 11014
11255 13675
1853 23399
10662 17427
7968 22236
843 9863
18410 21155
17030 23676
2762 7253
11880 23732
14716 20145
12606 22073
7609 15883
10031 23450
2879 4545
6698 11910
6400 18828
2910 14471
11526 19022
10581 18241
1402 6154
9448 20660
357 22976
411 9066
18345 19251
9359 16122
12296 21465
4560 16525
15270 24456
12653 19181
9843 21539
1159 15987
6339 7326
5749 10500
895 15851
2337 6725
2588 4103
18365 21012
15961 22240
18139 23384
20849 20871
7204 13525
20086 24386
14761 18923
4000 5315
7497 19924
4658 15447
10675 15036
5322 8796
353 9016
86 20801
14386 15246
2169 16923
4635 5112
17864 23149
9945 18554
4688 16513
3144 18855
9408 13425
11555 17009
1128 20526
6476 6908
1131 22633
12137 13685
11727 14511
855 11455
269 6102
8761 18169
5128 16878
8517 20090
1917 9278
4949 13049
8211 13624
9972 13972
2093 23248
7802 16248
18049 19793
2162 19506
36 15735
5824 22860
928 11402
2407 7901
4629 13689
17392 21004
3654 7298
3286 17444
10576 13678
6701 21444
376 3182
8103 19686
13759 18710
15068 19562
13652 21582
11764 12942
5652 22323
9056 13127
3767 22709
15344 18775
325 16215
4068 18443
8181 16453
4766 23785
1491 5619
1769 13431
11772 12625
11147 15790
9015 11834
12992 15416
13113 15989
11837 13307
5199 5697
4890 18440
4561 14854
21020 23602
5740 21750
328 6162
6775 10622
4302 17046
21000 24067
8075 8283
605 7573
3706 21331
14066 17170
6222 19846
3068 17312
2455 9128
6122 13680
14708 18750
8160 11275
12929 22445
1102 14483
18059 19276
3674 5838
7008 20569
1555 22097
3494 4803
823 10674
3590 13882
2800 3935
1860 13867
1041 2607
11239 14159
7706 12132
13724 16744
7911 21396
78 11105
6772 19183
5105 23937
10542 15452
7476 8402
3960 22437
5962 8771
11107 23156
3797 8607
9219 15077
11754 17689
6033 6388
14100 16694
3219 13575
19185 19851
3067 7863
13479 17393
5641 22985
9176 16016
2460 8576
5829 8187
5561 9871
19171 24028
10351 19273
7200 9833
11659 18147
1416 23321
6099 9973
3465 5129
8126 24085
3174 11439
21074 22718
2492 4939
7746 22776
13405 17974
4466 9454
4880 21066
8678 17178
4679 10838
6081 7961
4430 8481
4322 8858
6277 13623
3575 14539
10438 16111
5390 14122
6457 7788
13155 14816
53 9099
19708 23633
190 12300
632 4332
10426 10507
5443 19703
4533 13740
19973 22362
6917 10313
136 7889
11210 24327
13428 16378
2052 5289
8343 19812
13929 17779
5503 12769
6807 14639
5566 23964
815 4577
6037 19257
4316 17797
17464 21871
5533 22440
12153 16937
14536 18100
8557 20990
7233 24353
6452 21311
1135 5738
807 8020
6279 8681
1739 10184
10343 18838
14280 14691
2986 22890
2153 14137
299 20468
21873 23336
6854 9100
3790 10473
7413 10205
9004 24243
18216 21384
2379 7684
18190 21419
425 20069
1331 9302
420 10378
4397 16687
8703 23210
5630 7078
5032 12807
9022 17404
7339 19513
10445 21049
13727 19770
5138 17996
4229 4907
19246 24151
915 18290
5191 10703
20784 22798
1535 20202
14646 16729
4766 19924
5280 10173
3998 22971
12052 19776
19233 23608
21096 21657
8687 23048
13618 16261
4740 23019
3440 19004
5469 21835
6776 9262
17721 23112
12141 16501
2193 18898
3843 19609
2278 24078
3618 10337
2512 7838
7097 19523
1169 20517
8881 19254
8535 22327
1175 13096
13210 17450
5584 20124
4983 22436
16895 23600
14403 23934
2059 13773
803 20979
6342 21287
6189 13441
10590 14415
724 12168
10486 16261
9455 10518
6910 8971
6636 12578
2953 10681
8575 22728
1078 4985
43 21131
9321 22867
4834 6745
5285 19647
1894 5412
13809 14612
5503 9606
12104 13319
11519 23559
2274 4976
6648 21235
5337 23840
426 23689
3826 21025
6853 22454
5830 7340
625 6617
5143 6438
1011 19194
1068 10417
11613 16247
8294 23835
7658 15582
7257 18656
2284 8945
1662 19056
8504 12597
11395 15274
7944 18534
1026 11956
12592 23046
1568 23673
800 3453
9853 16851
13276 21495
5845 14631
10165 21693
15861 23173
5178 9189
22160 22462
9511 23361
12183 21166
300 18411
126 7412
11516 13036
11547 20840
16502 21754
1362 22829
11240 14750
10126 22787
3689 23035
10154 13427
23770 23817
8751 13829
294 11926
6623 21678
10707 13803
15358 23607
13661 20092
17381 18429
2521 3348
4245 17915
5927 7159
11755 16819
1080 20264
14295 22494
3742 16267
17682 20979
17357 18936
1461 14155
7713 8674
3986 8500
7650 10519
5644 12397
3865 7125
12904 20334
13169 23627
14235 16268
6433 13015
4748 16431
4131 8637
11948 14733
7703 22458
8592 12071
4252 13398
2725 6999
6784 11019
22075 24319
2295 19152
13581 21642
9064 17237
7004 14588
83 22615
4545 21062
7609 10923
12557 19628
5501 21929
11972 12963
2572 8917
7822 19530
17366 22482
1389 21658
7558 18343
11172 23035
5170 6957
14048 15388
16410 23060
14994 16181
12810 20561
16437 24158
472 20368
3313 9653
14135 19547
3954 12352
12176 21151
3431 4639
5499 6979
466 16614
520 17856
9881 20322
13962 18028
2078 16923
5478 8845
3927 17002
21988 22528
15325 21483
4740 17394
2107 17084
17290 21052
3496 18030
15939 16504
16696 17211
8636 19416
21938 22150
22664 22674
6125 16386
7025 11198
49 9170
583 9559
19142 23987
5906 8465
16404 20490
6273 11721
5838 10194
15010 21821
10921 10958
8916 20764
789 21831
3911 8711
1979 15659
9 10240
968 18388
17840 17996
10270 12458
3491 22040
3567 22546
4062 17497
14049 19492
50 15408
1577 20705
11486 21371
829 5520
11013 17794
10543 14597
5874 22363
1971 3856
1023 4928
6900 10229
5793 18604
1071 3695
5238 12060
14433 17008
7204 9078
4366 16317
698 22698
3133 12311
8789 21604
881 1847
10632 11809
4114 4571
1443 5387
12681 22949
15974 24168
243 12641
4650 23338
1465 16041
4057 9710
7203 14908
15290 24275
8549 21354
11345 12924
16763 23082
4033 22475
14946 20752
11692 15422
8861 19395
2631 10951
9420 22242
10552 23443
15867 24118
8821 17089
4235 20678
1337 20627
15884 22204
16299 22461
6434 10969
16426 19168
9990 22325
1312 17816
11933 23072
20188 21283
7190 21840
4058 23210
16738 20753
1398 13233
2234 13604
17224 19066
14747 22467
6880 12788
3168 10749
1614 13225
11154 14975
8530 12005
13402 14242
742 8764
7688 12288
14487 14833
15384 19648
4858 10912
19685 22054
2820 7077
5870 16137
322 2385
17020 20111
11084 18278
8488 9551
5298 8663
4104 10122
5231 21672
10896 13744
2101 16312
13916 16675
12799 18670
15352 24230
8649 12453
18513 20362
14401 18356
7375 21477
3753 13501
2562 13599
6934 8240
760 9470
12455 15832
929 11366
2703 14229
7633 12226
2065 10071
4478 12647
2494 22113
490 14817
4413 18082
13707 13963
9515 21002
2565 23985
4906 6624
2471 15824
5948 22774
8835 20244
14128 17090
1732 14564
19173 21698
718 7465
4399 7195
4122 23312
16440 24305
12871 21967
2920 15307
13281 16138
3123 14759
578 11796
12901 17998
13143 14889
5569 13819
13542 22444
16483 23468
2423 2878
4817 13919
1235 14347
6523 6824
2503 13776
22044 24065
8541 12839
3603 15772
16722 19038
3577 22644
18379 23559
6525 23858
15125 21294
13930 23975
12050 12580
10645 13236
20798 23147
13547 21490
12090 17304
10277 18967
3123 6322
5955 17096
8013 18429
13078 22972
2488 2663
6806 8254
13039 14893
3083 4881
7979 14685
17618 17781
1264 6562
15553 19875
6402 23467
1678 4372
7444 24475
4366 14206
4652 9115
1666 12603
2678 20010
13453 13472
420 7526
1029 21762
4325 15877
5987 10683
18958 21979
2973 11089
13640 17553
17954 20718
4250 8875
6161 22486
1244 9659
23712 23834
5691 8537
11830 12301
4329 17622
20021 20407
12931 19580
21517 24246
11857 16200
3831 10150
225 11353
10239 14900
4472 6554
16189 22299
18571 24193
13879 14886
24158 24292
19659 19868
12382 20643
3759 3968
4565 16322
12027 14874
2316 18672
20126 20733
833 11154
6517 17621
5596 21195
9612 22358
16578 17729
19060 22189
9684 22933
985 19785
12424 13732
1643 6519
12250 14666
1336 15933
13810 14114
8057 16173
5823 10380
3747 17091
4768 8233
12568 23014
4100 19762
2970 18426
6190 21695
9572 23709
10175 22196
127 20026
5668 12545
4258 20484
11072 13114
14740 22127
312 2528
3641 7356
17094 22321
5347 21262
17529 18012
508 9588
5762 17778
4817 24379
1554 24308
5148 9545
2954 14625
13595 21467
8436 13650
14549 22181
3740 15774
3728 15665
2477 12622
21502 21559
2009 9387
230 6315
6812 21163
5435 11747
10026 13593
11789 15012
6909 12206
9230 15744
10544 13809
2796 17703
3903 22117
6453 9269
7470 12003
254 8760
14339 20855
183 7353
12174 24201
872 20772
11526 20809
1747 3916
415 14856
4259 10461
3309 23547
320 17737
7765 14655
3399 5977
16799 23386
10766 18771
11111 16923
9420 20039
3548 9299
8203 15327
7446 20240
878 18432
22121 22125
17430 20845
14452 18414
7012 16799
670 11484
18476 22837
1853 7921
9180 21094
10143 18532
1579 10673
1116 16365
688 19606
31 3876
13044 15405
8713 20740
14577 20422
4366 13454
19933 20548
4944 24369
3612 4576
11025 15028
10055 14918
20031 21783
7455 13460
589 19645
11512 12676
12539 13811
11561 12055
12636 20589
7898 13589
15500 18448
6780 10783
15076 15755
3718 19625
5923 16614
15972 23588
9634 22985
4937 18294
14488 15204
5107 9061
10894 17450
10180 21362
14915 22161
8676 22977
1106 13222
6520 22862
3721 19713
11341 16658
6023 9984
14201 15466
4394 20799
4960 20355
1265 5995
9001 17926
18230 24365
20435 21001
6526 18053
16724 19577
1569 9441
18597 23716
15423 18556
8798 17832
16729 17116
14505 20169
12726 22672
23122 24215
10774 12103
3882 8610
2913 6730
11979 16219
4199 20625
7577 22226
12180 13791
8197 11428
4057 7237
9914 16452
3292 9926
9939 15255
164 18123
695 15387
6638 20484
19317 21103
14927 18051
11378 19180
10035 10326
11939 16898
2254 7433
10057 12180
68 8605
6747 12411
8412 10459
19325 22119
13817 14118
1036 18197
3887 8724
13245 18862
187 15977
8890 24415
644 6869
18129 20773
5113 20169
7585 15251
16273 23114
1136 10824
2681 6723
7661 10998
11507 20562
5387 13898
4070 4909
19313 19390
9512 24061
5964 16651
12899 19982
3298 6599
14815 19967
9849 11141
5778 15855
7866 22930
13364 18329
4866 7965
6412 12672
5306 16260
4708 13366
8894 16933
3478 3940
9752 21073
11476 12645
3830 23628
3282 11152
8557 11791
4331 10502
11236 19861
6228 7323
4331 8500
9019 21776
3251 5048
10969 12443
5426 23927
11313 23976
10044 14912
755 7521
12033 20045
17439 24253
10379 17974
7773 15568
2288 14620
6595 11322
13778 24238
10203 17868
1956 16939
1481 8109
17242 22661
11970 18871
2445 12599
11188 13789
12091 15778
7657 18904
3590 6084
16250 20142
19586 24060
815 7831
8554 9588
11638 20882
6902 22161
1349 12558
4235 5895
1677 3736
4612 24006
626 6393
16083 20103
7945 11280
1146 14436
1105 3700
8176 8816
6680 18165
13401 15076
17389 23498
3809 20234
14742 23536
13780 19679
10333 19532
13221 16906
10656 20997
8743 22464
6801 7199
212 13470
13988 17328
19517 22291
12197 14936
6993 7588
19153 20927
4842 19611
9656 14977
4987 5428
8017 8774
11936 21573
13145 20281
6274 18655
1053 14966
961 8936
15633 20946
592 3079
2462 17191
3807 24198
8487 16514
11234 19354
19435 20983
7286 11420
4465 12222
7396 12111
11155 18062
13622 21235
5154 22249
19307 23266
7109 13836
5295 23681
10828 21671
7382 17416
2510 15057
4480 6973
11050 15838
4212 21105
5618 24299
13623 14581
7376 14715
13744 16318
4874 13967
345 8632
20075 20410
16494 22314
10858 11877
9349 11624
8894 10087
8548 15489
1771 11336
18761 23990
3894 10175
4976 10673
7493 21052
9454 21024
184 4675
7251 18406
23555 23625
9208 21173
4346 5574
1382 10684
5095 13095
7502 9771
16774 23728
13539 23703
20741 21146
5202 5580
10054 12747
1237 15372
8710 17996
5015 15373
5423 5619
3613 15207
9216 11173
13375 15543
5110 7019
1996 24173
3343 4799
22118 22660
20994 22454
10819 17580
6049 7269
3653 22020
3766 11302
2688 21644
2698 15263
6249 20108
9610 13028
5965 23333
3594 9510
19160 20726
2927 15246
3551 14155
4957 15523
1678 19684
9640 13876
10746 17226
5862 24435
16495 19508
218 2350
13307 17561
2379 13387
3312 7938
13792 14149
2524 12838
6592 16139
11427 16519
3502 9184
11184 24215
12989 22263
7015 10389
14319 19864
9030 18721
3159 17345
7554 9848
5913 17037
8756 16591
14238 16037
5402 22542
714 7508
18490 18653
1551 18331
7465 18081
5389 15928
24064 24231
5925 10997
16460 17175
407 9783
12738 15294
6853 22058
20916 23215
7691 12821
1996 22832
3486 6734
6617 23685
12008 13108
3819 13441
11745 21231
11386 17600
2900 24418
2069 5964
7420 15082
21009 22340
2674 23341
7988 23539
39 16461
10306 20133
133 4037
2864 10839
10417 22848
1242 3429
598 18972
5632 11249
5719 22545
1943 9717
14554 15766
6960 15305
15495 21376
15724 23830
20661 23184
9963 19748
16881 22599
8025 18333
1061 6270
6488 16708
14882 18190
15491 23623
1923 4971
4724 24354
5679 12172
8908 22072
5403 12457
8628 11227
1275 3934
11695 14330
3157 17556
8044 17248
7273 8838
10971 23197
16727 19559
4363 9944
4093 24040
14797 22756
5834 8955
3831 7869
18426 20980
3397 7622
6179 13549
22739 24418
6050 6967
7080 23020
16955 18620
6098 10182
5232 23969
2537 11618
899 10431
4115 11376
13302 14375
4425 16383
13239 23911
5238 15157
10032 14548
2137 4498
3916 14576
717 3649
180 19492
4791 19478
12125 17831
2151 16007
2384 3721
19111 24414
12838 20177
5185 6281
9238 18554
1955 13454
8088 18454
791 9018
1098 8380
15886 18004
8228 23777
17349 21629
3444 21321
8979 23204
1557 2244
14986 20633
16399 19360
5008 7448
7111 13263
3032 19387
10870 21717
83 8943
16031 20638
3929 20380
9797 19445
14420 22752
6547 9161
18199 23781
4033 11573
2306 9598
5279 22307
853 1362
2265 16395
4041 22547
1568 11725
9260 21260
489 8096
7100 13976
1997 12319
2207 15632
4680 9977
3643 13001
728 16213
16217 23211
8849 13350
327 13211
3665 12868
21283 21670
198 8299
475 23139
10525 19425
20023 23667
4132 7594
114 3485
6284 10445
3998 21444
5592 22729
3021 5440
2545 10665
13006 16751
6198 10298
518 16107
634 4142
2734 5872
991 21548
9898 15495
11374 21257
12389 19348
16494 24002
13722 20349
12962 17108
8294 12605
15457 20724
5233 6839
7991 16036
1259 8212
6046 11436
10388 21645
2971 14554
1427 12493
9487 16704
1590 7408
11959 13656
1712 7054
11384 24238
4402 11738
5234 20935
7155 9059
9688 20822
1327 8407
4310 20846
5997 15742
11296 16363
10868 15637
7238 10415
9785 14299
968 20448
8839 16985
334 23532
6806 20605
5550 13351
7109 14617
11375 19560
9026 17390
11753 20621
319 4315
14494 17361
984 11646
2254 6464
22775 23281
2286 12586
13463 15590
902 5448
883 11179
9227 16971
3720 15078
2593 4437
698 20197
7717 11108
3256 22642
11546 13422
2405 8337
15788 22083
5829 14568
8805 17850
3926 16598
699 17561
12220 19529
16037 16400
10520 13333
5707 18885
3661 13558
8762 15439
1214 5434
17556 20164
4841 8109
3108 19114
9826 16068
856 17571
14359 20564
8185 20015
14297 16881
5701 17957
8108 21953
14348 17384
550 22817
17941 18439
12114 20135
7118 12564
4287 15864
9236 11727
8804 16846
12187 12389
4116 6564
12519 20378
9838 13068
15603 21730
8405 11774
3956 20108
1851 21416
2760 18099
9891 15750
2183 10547
7950 13767
17025 20302
7396 9725
6866 16478
7267 13439
19601 21242
678 15897
7951 14298
6827 12181
6755 7959
13835 23168
1682 2255
5778 9023
15710 18047
12194 17695
15659 23150
14161 15947
161 8197
4299 15563
994 16461
6196 9022
2442 23172
10996 12018
11789 16963
3478 7018
2558 9364
10371 20265
1998 21266
18197 24393
2265 23779
2116 6457
8034 22932
9683 17839
6483 19219
4321 16063
9704 17026
7480 17614
5581 18659
3452 13712
16942 20378
1742 6294
546 21868
14549 15518
15216 19167
13229 16663
186 8210
2914 21852
7788 23649
13262 16666
8377 11711
363 13423
1087 22195
2792 7311
20698 24438
1384 2772
16532 16955
15009 24237
6427 20939
6978 7136
17496 19381
5441 23730
1175 16968
4770 13596
7299 14091
3396 10040
4919 9354
10664 13813
4287 9898
6919 7342
5658 15607
12665 22484
5765 19295
10403 22857
12181 13229
6219 18185
19470 22985
10815 22452
6143 18620
4995 16555
1096 21569
15418 24063
952 18428
3806 6114
5649 10258
125 3169
6643 20138
12062 18288
14396 16870
8285 10081
1347 5669
4664 17405
6014 13240
6479 9180
6801 8341
9578 20902
4770 22081
742 11552
2063 19793
8561 13891
13333 20595
3080 4309
3875 9190
1048 14231
1997 21424
3857 4421
7433 24336
13791 22399
12445 16686
8750 9191
732 10205
2096 12047
934 19827
8314 11002
6765 16532
12262 22717
1302 18845
23320 24140
14784 22512
18947 20327
3901 17020
11422 14952
3658 3813
8157 16482
1099 7721
3240 8218
12636 18789
3132 3392
4450 11508
16079 18923
2169 15520
665 9407
4390 15972
17332 18509
2245 21804
13193 23094
2068 17173
5722 11162
12371 20006
1925 23177
9729 20311
7125 18857
4629 18138
6396 12555
5542 10195
7397 15722
6619 12190
23388 23525
4129 24211
7180 8399
15167 24322
8597 12000
6343 23628
12815 23264
2536 13052
5371 11015
12666 22109
1705 16673
14789 18411
15058 21426
337 4035
4673 13203
1285 19461
6122 9141
21608 22767
11604 21899
7672 21088
570 8357
15749 19692
12846 22149
11506 11906
267 20429
3511 8591
11429 23504
14665 24276
1252 12833
7144 7679
284 13857
5905 19835
7307 16478
377 13879
149 9047
2248 24394
6359 11978
16781 21137
5809 21820
4763 23122
1595 10720
1406 21900
6945 14655
8702 16570
5724 16218
6354 19033
22837 23699
277 16636
6785 14561
8913 14156
6771 19717
14883 18733
9124 13607
8870 22678
9086 23862
2982 22882
13030 14071
220 2340
4349 16995
9537 14544
22185 22714
5167 11618
4919 18421
8770 24296
14886 20081
21262 21463
13760 22862
514 12275
1282 14360
3734 6481
16829 19929
2541 3556
11467 16207
13517 17389
1928 3550
3595 14214
392 2690
2661 3868
5105 19871
2556 15040
4329 11815
5049 6417
16763 17537
8068 16978
968 20501
4791 18754
12177 23518
3694 6774
6577 20532
18305 21468
10264 15493
10551 21971
5384 23416
283 1507
362 10108
7242 12215
13977 18726
12418 20307
20522 23021
200 12563
4397 23907
10137 22349
9447 19929
4626 7631
9516 23507
12449 22818
707 11189
12843 17594
5993 17365
9635 22011
132 3426
11892 13169
21899 23757
3940 4337
4020 22490
3852 12435
11531 12569
371 4874
7133 8090
13374 14348
5774 6998
6733 24278
15293 20336
8188 15293
4376 7693
12960 21237
13046 18118
4996 7132
6339 11152
7293 22824
7122 23014
9777 17499
7755 9017
891 8876
5015 18615
1850 16681
5332 14163
10958 24116
5639 23524
6728 20467
2338 6125
15136 19176
5982 21998
11641 24345
8449 16916
3693 8423
60 7672
8316 12846
16037 23068
157 5246
6286 12600
16240 23535
263 12822
3970 7013
189 14455
3927 18844
1228 19098
5707 10857
5296 8035
891 24413
17213 18239
2494 16371
15343 24469
21451 23634
17613 22691
7082 20384
7332 19028
7059 13840
26 4178
15113 22505
18714 19367
15390 16141
8020 10869
10107 19062
1275 20875
8737 17057
9303 16697
7194 16890
3679 21792
3974 23984
9026 10747
1816 21469
1892 8635
10611 24201
289 12133
14813 23672
5081 20231
226 5072
5952 20786
2164 16236
17194 19381
3188 9460
16789 17354
9632 23448
73 17763
19026 22397
8336 14345
8365 18215
6427 17305
1738 4884
5329 9727
3185 13075
19338 19706
990 13738
9868 13558
8700 10281
8342 19842
17535 17711
10127 17697
19576 20359
15907 19578
4163 19487
18546 22282
3517 5430
1843 5173
7749 10302
19514 19743
10785 22983
1657 2357
5403 19139
3437 9427
4736 15044
459 13933
4686 23320
6037 9277
12868 18220
7096 22134
9920 15909
217 12654
1083 8535
6447 13597
10526 11937
17620 17953
546 13214
20277 22117
5278 9925
723 1429
5776 15820
13819 24123
760 6210
11215 13968
10373 11889
23555 23868
16447 22706
15193 23939
17819 24013
956 12560
11144 23301
10313 11426
4202 8195
9616 23026
182 7393
22895 23451
11977 12616
1048 9663
1069 22152
15964 17348
5639 19775
16488 23813
12671 18052
7518 19268
6926 22884
17683 21101
15250 17977
11471 12878
4024 7505
2796 20453
3977 19943
12423 17272
7508 18862
11206 21820
10416 23864
12156 21300
7008 19483
4213 22459
769 20267
17256 23413
6770 22033
9297 9766
10471 15184
9332 23981
9901 11889
414 7922
2793 20663
10228 19107
492 17231
16862 22331
11688 20372
1377 9488
2057 17918
6890 21543
7550 10698
12649 18337
4412 4589
20439 23646
9721 19638
2146 19633
5405 13849
9582 16279
2705 16847
3729 20843
2676 23919
9270 19593
982 23292
207 1570
21139 21290
12642 20971
942 1017
12539 16470
1072 6959
14654 18562
6261 8280
8064 18662
12090 23393
17880 18819
2415 19242
18418 18885
4710 11390
7679 8664
10759 19895
17414 20245
7418 14463
10307 20132
12990 16833
11932 12314
21258 21542
242 9657
10263 15985
4480 6051
4767 17228
6003 13143
1142 6107
539 19080
7062 20160
4167 7182
1400 11683
14957 22654
120 3204
4162 18425
6419 9266
1288 9135
10101 11975
7695 17519
4443 7150
907 21520
11818 17045
9291 21951
14347 24192
6282 18905
14575 20212
8222 24170
827 6850
4675 6558
5061 14400
15722 22153
12829 20547
6235 15440
1350 11088
2349 16600
9156 15510
19165 23108
5943 14545
7865 17525
1173 18385
1530 16415
11413 12419
12874 18166
15320 20076
702 20861
4120 6523
18117 19283
12190 18089
7115 17530
8300 15023
6498 8214
8492 12979
1991 16215
10851 14155
3949 9229
1652 12385
1671 20329
3287 12100
19865 23449
7945 16035
2109 11260
7458 14945
3836 24323
3623 21266
3842 11601
4593 14446
7220 10784
11914 21124
1503 17207
12925 19797
3954 17492
12565 20252
9027 11532
5486 12310
5895 17953
799 20580
15786 17558
4595 5210
9201 22513
2870 23358
3594 5864
7831 10739
12458 23784
4285 5180
10096 11131
17506 17649
4298 20445
15602 16535
564 23483
9053 13602
20769 23601
1564 11666
12861 15731
6126 23263
8515 24197
5320 8758
20271 20899
20986 21813
11243 15053
1893 12250
7847 13550
15894 22652
20953 22823
18660 23605
1939 7961
11577 19519
16296 22466
7456 13799
13658 19611
7771 14748
3743 7388
10465 13642
14018 18711
17086 24222
14004 19082
14464 18784
1557 17502
10976 15744
8465 16417
7663 23487
2307 22490
6902 12085
973 14011
12741 14639
16348 17490
3265 23679
6052 23312
15253 20052
16464 19034
8666 21934
5467 15855
637 1938
12183 22432
9326 12495
2297 11991
10307 19151
16704 17527
7193 22948
2848 13978
20999 22346
20752 23703
21058 22040
3300 16326
5070 22660
19455 20523
10204 24010
1058 17453
10502 11873
15968 23163
580 2281
15007 17258
9284 19924
5341 17933
13447 21972
911 23955
5022 11677
9483 21734
4158 13683
18284 21407
6767 12916
9422 15242
21931 23365
8481 14043
11838 21122
3183 5697
12778 22584
5387 22354
14378 19671
7960 24403
7447 11333
9239 20710
1746 7426
18725 24127
1460 23310
1405 9077
864 9501
2632 7176
5274 16649
2706 22124
1644 21336
4239 12793
10663 13785
1322 7940
10368 14743
12028 22095
17269 20236
13629 23560
9965 13750
5217 15410
2211 17602
2805 5382
19907 22939
3069 23297
15149 22064
994 15644
487 15640
4637 13450
18437 24106
14958 17743
13249 16614
5501 7085
2028 19381
5226 5563
972 7593
15525 17491
9340 21108
1545 2887
1519 3405
4889 18787
11572 14614
2328 22251
21259 21568
11574 20735
10820 12577
9435 22091
3105 20297
18515 20228
8237 20334
8955 20818
1386 15231
8014 15419
20336 21180
1018 18316
13994 19207
588 6324
4790 15797
2781 19565
14058 22944
3761 19258
12201 16216
10462 14311
477 21509
1811 23965
5614 15327
2489 9394
6568 10140
4105 20930
2466 10177
4910 6027
14660 19065
1993 10768
9773 19990
20865 22450
11172 11348
772 6291
10702 11531
9930 17737
5183 18114
8200 17998
15381 19642
8492 20107
15273 19780
15532 18908
5299 11346
5940 7274
7050 9842
512 15560
12922 24168
1268 7793
5663 20719
8301 13948
7185 22572
4940 14961
4075 12971
9383 23757
13340 14597
4206 11492
9513 16134
1062 23053
5678 12150
4694 15470
24382 24450
11529 20704
25 13821
4706 10467
18124 20773
12765 20659
980 24199
11579 21709
2836 6113
17226 23210
10499 11428
17413 23095
4668 12415
8413 20327
4426 18707
4429 18854
22720 23257
1062 15772
6038 11501
8063 19454
3606 16909
16984 21935
13435 17230
4167 20050
20414 24185
10268 20173
13450 23492
16655 23192
3651 6962
10502 22914
12564 21617
2894 11048
4292 24025
13731 20904
4070 21131
14266 19216
4340 24044
3367 20207
3653 15974
8571 17897
11007 13453
448 15589
12977 14814
12963 13039
9847 18257
19450 23588
756 7697
4540 15905
3330 19602
18444 22004
9059 11262
394 8089
18502 19029
6001 8124
3142 15312
13766 18738
971 21346
10555 22203
7936 21053
1224 20523
4912 10370
3569 21529
11253 21344
8921 24450
9373 11740
6816 9015
4230 9048
1051 11570
8037 18513
5685 14998
8071 13242
15935 23326
7927 11901
4041 13802
303 21938
3992 20075
1220 21342
2751 8018
1631 6244
6620 14942
9011 9503
13481 20386
4997 7738
12603 14313
4367 12285
5409 24427
7369 14657
10733 23117
6876 12935
168 4831
6063 21407
2206 9317
7834 9148
1485 6593
9305 10358
11627 15788
18209 23055
9620 17534
15028 16814
1084 1991
13372 20561
3599 10006
2654 22765
6593 22161
17096 17724
437 6776
22118 23058
2193 20589
1185 6589
3012 9554
17836 20335
18623 19535
13318 16942
2681 23355
1772 3888
16364 24107
14302 23703
4361 16698
8777 11413
4232 10556
2348 11221
6258 13026
327 4442
10800 15695
18756 21140
1622 16941
10933 19263
9102 12299
14474 17927
8979 21642
4092 13400
4290 12218
7539 10383
9165 13991
621 3672
13782 24070
14231 17435
10143 21192
2470 22981
12302 20537
5001 7332
20876 23962
5146 9096
23183 23968
12475 17901
870 15382
11262 15323
12565 22304
3263 15016
6320 18000
13018 15244
10469 14548
4626 19856
2511 4818
13658 20682
480 21308
10982 13619
3517 11116
21423 23011
7781 19217
6560 24381
15803 20701
12840 19146
4494 9308
6306 9774
10796 19475
9501 15611
16720 24120
10441 20545
3827 16644
12492 20091
12529 16574
651 16012
7078 8386
4416 5058
1582 22450
7512 10385
20599 21826
8650 17897
3616 16634
5571 20740
6487 13223
2159 8800
5994 22810
7815 15193
1547 12829
2692 16098
890 19353
1695 22966
257 12473
8103 15261
16311 18051
9457 22368
19317 24008
3598 3909
15708 18700
8695 21066
43 14721
21537 23324
13643 17475
16822 17031
12981 16551
1527 23669
2800 21752
5245 7937
13854 19869
14022 17451
5797 8229
6880 18517
12763 20080
7550 21221
6295 15720
21755 22182
4138 4354
4731 11289
11985 16428
72 11701
1280 15674
3457 9770
20664 22942
19010 21453
11151 23540
739 16707
1890 5967
1534 7735
588 21552
1406 22680
15481 15602
1473 6605
5817 22740
6227 10027
515 10290
1510 17853
11560 18202
924 1375
1636 7462
20575 23277
12311 16526
4896 10274
6197 19819
7069 11790
5350 10366
14945 19076
15048 18514
11545 19153
18578 19099
4365 19152
7370 9518
330 22939
19615 24130
9016 23296
7455 13739
810 15299
6934 24235
8713 23295
11729 15751
9449 13846
1045 19798
8971 20199
1109 13368
11866 16328
4419 20604
19248 22496
4070 21576
12511 22703
21244 23093
1317 9083
3083 4628
14918 22031
10230 23454
6294 10779
18537 18670
12234 12600
1832 23967
15144 16574
7828 9474
2440 24328
13282 20343
12043 17486
17075 22077
10058 13408
21470 23194
258 6989
210 14700
1388 15954
15128 16830
3797 23606
3264 8365
9457 9506
17275 23145
1645 2148
15368 22302
12897 15271
18653 24185
16975 23267
12383 16192
9510 10336
5220 7030
2700 14948
4855 14096
20651 23461
11310 17647
5787 19541
6273 12760
7549 13568
22171 23428
15076 15508
8940 16128
17295 19815
12813 16728
533 15378
5464 20832
15218 21739
3793 5498
606 24107
208 2727
9364 23502
3477 17263
7261 15147
1369 8159
17886 21326
8222 22716
6937 15552
16674 22559
4130 8664
6499 21460
9826 21244
3224 5254
11697 15091
17436 20330
4882 20393
974 21076
2823 9181
7408 20535
12297 16175
13157 23474
8208 23893
2413 16663
6946 20769
7684 19044
3929 23118
6060 19927
1515 11632
7082 8198
14309 24360
6208 18864
9481 15063
12438 16403
9072 13305
1820 10087
853 3309
4855 18450
20987 23769
10735 13832
4720 7103
1213 6816
7353 19607
13281 23752
10517 14085
9982 11161
10914 15002
14712 21939
1368 23422
7977 14980
10662 20698
10839 16935
697 3620
15097 23343
11071 24038
12924 14938
5702 6921
7540 23612
7025 19609
847 22561
2200 11122
10342 18723
7830 17664
1362 16684
6592 10027
11672 21576
4988 23497
7327 9876
8886 9631
14893 18181
6561 11849
2469 16495
3431 5957
14930 16488
10607 13145
2460 22967
261 18996
8495 16529
10007 20365
8035 21523
20690 21820
17872 20929
5870 14167
13431 14392
14982 18393
22462 23847
3304 3616
4924 10708
8766 11106
14227 15449
1887 22645
9676 18816
6733 18362
6024 17080
16831 21904
7597 22817
6207 13427
23410 23978
12845 22022
6358 19296
9752 16021
12119 14317
8721 9350
3152 15604
4922 24459
6564 9777
4431 20106
12303 23479
9029 20252
16475 21765
22061 24420
9778 13230
17776 23630
2806 11437
4147 17005
18648 20144
9188 21544
12860 18858
2791 8498
10483 23545
8256 24178
1917 2940
6243 12188
6458 10930
2679 8790
1299 5972
4667 9713
9118 11828
18893 23478
14613 21641
1571 7213
1537 17482
18474 18593
489 18573
6482 17434
7083 13300
15540 23288
8288 21928
11020 23834
10702 18109
23906 23957
18548 23297
10636 20958
9319 15869
14958 23460
10262 18677
6974 16056
8375 24025
3545 3926
19298 23901
5211 15948
2116 24171
1716 7598
2970 14114
13044 18250
8758 11916
1300 7070
4770 11771
2762 20422
6423 21328
19334 24120
9890 12730
8908 18930
286 22399
5241 10331
6031 12210
6626 23860
589 14659
21848 23729
8795 12934
1739 23517
13078 22147
2125 8822
21751 24063
11032 18895
839 14885
1935 9118
4706 5374
12160 16949
3407 5935
859 5077
10832 21453
8561 9441
724 14769
8203 14916
9375 20508
1000 8574
3790 10565
16025 17927
890 3998
3317 13653
9588 10247
10055 20096
16782 22903
14449 15538
3062 7274
3428 19417
9445 11803
3380 18410
5456 7300
2620 21123
258 2316
2192 5731
90 12036
10630 20603
1032 20081
12513 21955
1938 15008
16705 24045
5726 13855
11478 17855
12031 19986
9392 17058
8834 10682
1305 11443
10197 17859
11476 13605
3022 24471
2870 3078
9704 21252
13679 23252
5109 6696
8575 17791
4878 7114
601 12230
11253 23305
17285 23945
9090 13836
629 15216
7003 24372
5561 14692
1338 12897
8075 23919
3240 17274
3859 16658
2730 7532
2997 23745
6504 23604
3205 23662
14435 22069
5506 19183
21267 22102
18469 18528
6356 13188
4008 23162
13016 19226
2553 5183
17780 20495
5247 10861
10583 11881
5931 18956
2406 10541
254 19439
2486 6118
2041 17519
15678 22580
560 12885
2865 21214
8253 19741
7789 20706
15569 20184
5769 24209
3691 17290
9144 12431
5931 21023
8474 17226
16673 19135
7740 10546
16561 23317
4753 13228
16946 20724
9367 24101
5069 14951
9842 20068
17941 20889
10413 23852
10453 18806
1618 21919
2825 10284
1398 11190
11213 19210
5281 14717
13077 22117
3283 23069
4419 20640
13200 20433
14029 22182
2685 23148
6499 22123
3289 11624
6806 23735
7621 14595
12009 17765
4418 23897
10293 19196
8231 18643
14558 23113
5685 9116
5173 11064
6118 18801
11807 17384
11656 16216
13962 14137
4849 21248
499 7045
2802 5696
9421 12170
3898 4369
2674 21666
9553 13316
8066 24418
6494 19167
14803 17794
1247 22582
11396 13240
7932 14201
15366 17389
7993 23006
405 24429
7758 10158
1574 3911
16177 20354
13638 20431
2892 7722
9991 21105
5772 16830
7950 14721
20297 24405
2138 3466
9377 9409
4682 9038
14106 18581
14136 22077
1031 4242
9368 20655
153 11004
10103 21204
5197 18791
7086 10781
2108 18814
2922 15036
566 22022
17574 17715
6013 9183
11336 24281
6472 23008
6665 11397
9835 14200
1089 12151
6726 13933
7038 13093
4559 10740
5214 7828
18682 19782
3083 9049
8812 22287
1251 10562
4920 8747
16427 17455
13101 21222
147 1696
1621 17217
1719 7634
11827 23145
7617 22312
6414 18910
363 8441
6492 17746
5056 10548
13584 23103
18244 18810
21053 23377
1709 7386
8722 8949
10370 12792
6242 13269
3957 24462
484 19966
1122 5023
13429 21166
8119 22500
2796 7225
7610 20163
2954 8918
9265 17035
8063 11979
3256 3654
19073 22967
18576 21079
5412 5544
8333 17446
7756 16692
8777 22426
2438 12194
6612 8506
207 4783
4594 14300
5990 17577
14170 23161
9539 16984
4229 17042
6816 20984
3733 23004
8446 16514
9906 14928
6340 16895
8312 17052
9989 18803
19929 20463
3525 18928
2864 21182
13830 22875
5598 6002
13838 14267
6136 9018
4258 23167
4222 18091
5720 13266
3534 15205
20808 23849
8044 24294
12738 19204
6372 15434
8568 15206
7033 16086
6038 22802
8549 13755
1808 8297
21782 24190
2559 18337
6369 9142
7883 24051
12107 16589
1163 19975
19743 23949
16135 16429
7962 22439
4031 19790
4748 13225
21717 21898
1411 23875
2496 23357
15414 23429
8766 11532
8782 14099
11283 22886
338 12451
6831 7479
18478 24179
10463 16852
10107 22057
14258 17442
2784 12048
2160 14105
10706 19560
3927 9442
4337 12112
3051 23956
5037 18026
6084 12807
5959 21902
6162 8920
8756 20346
5519 15347
5684 5874
9563 22454
18264 22285
2900 11744
15280 19530
19072 23212
12191 18851
11394 14859
5960 7722
21799 24089
11100 20174
12982 15939
11691 16726
8929 22862
1397 24272
13107 23232
5173 7547
5859 20751
8500 18520
6447 11517
10124 21111
13721 20057
12673 19250
6012 20868
4575 10104
9009 19290
22023 24087
2382 24094
11755 15202
3842 7644
1176 14366
602 8635
2725 19115
5128 23832
5905 17108
15673 20521
8389 16019
10815 23437
6465 8822
20017 22642
16020 23029
11332 16925
13119 13794
4091 6426
11584 18703
14978 15305
8472 11523
20009 22768
4631 10789
14096 18253
11633 21976
13543 22650
1596 8892
5576 18207
3151 11084
9244 17612
1833 23236
5680 6081
9374 23009
5034 19582
704 4810
15145 21054
5987 9113
19900 21062
16141 20349
17792 19331
6238 16380
14274 21740
12930 17109
7887 8993
4328 17627
10098 17121
16025 16698
19662 23933
8219 13373
10619 16409
15463 17281
13278 16763
7927 24345
8872 13461
8269 9907
8202 14859
3608 13950
21179 23916
3036 11040
5259 18165
5038 22842
5368 15676
14160 14909
15509 16998
10944 11010
3587 20242
11468 12287
4981 22704
437 20630
433 7786
2472 8436
1608 12119
8624 21338
2114 7120
10364 22208
872 1015
20553 23652
14632 17720
8086 8749
4382 19272
5458 23430
962 17269
1303 8082
12849 21309
2740 14878
10592 22868
22535 23245
15023 18459
19354 21120
3892 16576
1145 12454
15117 18498
12196 21504
9049 15884
13860 14904
2436 23444
12719 16832
5513 13199
21715 23636
6641 11299
8749 16130
14723 19213
3059 9447
1341 20803
1053 21433
7910 23888
13431 22863
13459 16207
55 5283
13821 23341
9595 16049
13271 21248
9606 15058
12918 16086
2344 8860
6558 11339
9942 14255
11282 20211
14415 20857
9598 19075
830 22088
3609 22668
13661 18217
8105 19289
776 1334
4519 10788
6218 19694
16388 20031
9313 18806
8432 17783
13466 13997
8239 15054
34 17588
15936 23797
7123 20358
14712 23906
7693 18967
4617 8299
15450 16164
4552 12716
15025 22468
9566 11032
4763 13626
14398 16662
9761 15732
1541 16984
7635 13907
1813 12226
4253 16951
15024 21462
6842 17269
16758 17079
3366 19210
11785 13909
22411 24123
2138 8187
45 22019
16202 20490
5395 20432
145 323
1192 17959
1606 6216
7793 12064
748 4030
10066 12960
8125 15043
11289 15599
11313 19816
15084 23892
15372 18226
5906 12108
21832 22429
14644 23924
5443 14900
15487 16362
8072 19498
11476 21780
4139 19961
7856 14379
4368 17926
6264 16542
3075 16127
17682 21524
1269 2231
15974 22706
15635 23195
5652 6061
8647 20865
14559 15982
5918 17528
13780 14656
5563 8415
10541 10564
10783 20546
5186 23882
5565 17106
4286 18183
9920 11944
17136 23292
10086 23838
10112 17092
2407 20460
1701 18650
15580 22911
423 8697
7774 8008
1538 14992
1778 6856
6863 12387
14837 22109
14052 15612
4544 5274
4330 17557
7370 11571
119 13817
13237 20515
6676 11794
7821 13605
5759 23447
20849 21118
401 8301
2755 9742
9453 11467
2428 14715
6087 24406
15765 22161
15921 21816
1769 17475
21514 22370
6882 12921
7351 13804
2705 16602
20869 22754
9360 10038
910 9746
18989 22266
5806 22020
14582 23250
1991 22555
7781 16502
14827 18470
6568 23142
19028 20437
15727 21863
3822 13018
18114 20188
6157 24320
5364 8408
12806 21212
2572 10657
6878 13372
7310 7941
970 18716
5512 13057
8109 12426
17752 18512
16511 18247
6951 22352
5879 19788
4119 17116
7879 17911
3768 20839
589 20056
7571 8261
2969 16242
21834 23867
16676 23528
8385 15608
19843 21682
8532 11819
4322 18567
6033 14741
7495 13863
608 11915
20439 21738
10116 18591
1136 9548
12731 13690
20068 20854
618 5090
8979 19053
7640 18012
22663 24068
9428 14057
2704 14643
4173 12007
801 4729
4993 19348
12339 22800
13622 17558
6264 19296
10325 22959
9069 11846
9983 16320
9070 16004
14782 21683
16551 18816
9277 14475
1836 4044
8899 24472
4447 15311
1366 4739
7190 11065
10347 17734
11988 12817
9308 21160
13440 15876
8372 10032
3619 20396
3019 11192
13155 21485
9135 12275
3461 6345
5036 10767
684 15030
5525 9541
7291 19941
11339 15780
9006 15758
15227 16529
18510 21989
8945 20201
10007 11924
16485 16729
4282 5316
18129 21183
6648 21490
21956 22427
8478 10086
7570 7825
12296 24159
7434 9014
2030 6938
8683 9303
656 6624
2977 20103
12974 17610
12586 17417
8228 18689
15102 23833
8280 15151
12062 24121
6921 13502
8888 19224
1758 4524
151 13566
4026 8949
6895 17877
4185 8803
179 8389
11231 12394
1421 8348
7692 8132
18559 24093
10892 18414
1502 16902
16546 20238
25 21623
2800 24055
2391 7008
12480 19114
10631 20003
20512 21957
1740 11337
12969 18945
13684 21204
13969 24420
11396 15859
6214 19593
19046 19634
4835 19970
11564 19938
2742 14432
5567 23249
5288 22230
15379 24035
3260 6448
7041 9939
3224 5897
1479 13104
3766 7240
13400 14537
5325 22227
16855 19365
4913 16560
23003 24209
12213 18267
21410 23146
3540 17547
19582 19636
1462 21582
13184 23667
3272 14651
2500 12489
13936 15408
11352 22845
3550 19877
6447 12876
13751 15399
1755 6992
7183 23780
18979 19906
3816 16909
2606 14846
1155 15652
21652 22500
7024 18464
6229 14680
7259 13644
1860 11259
12659 21305
23056 24414
3754 6904
16077 17272
21477 23193
10751 12407
5471 16088
3347 13947
52 19453
213 18713
871 23262
13393 17533
1797 15312
8962 18757
5185 23430
4414 22261
9069 14647
2407 4412
1415 22287
17834 23656
2395 3817
4222 17881
3418 19107
4654 14236
3823 8967
14095 22376
15654 20500
8512 22782
9197 16694
11371 11620
7165 22442
1725 16892
9042 10151
20817 24129
8263 15609
2078 3944
1940 3721
14501 23188
6184 18657
2742 19035
933 20733
21438 23272
20213 22476
622 22135
1075 14956
6519 23028
6709 12943
2617 12223
17532 18527
13611 14674
17267 18624
9288 20126
15261 22898
15919 23166
6881 9414
4146 12307
6332 6861
5616 14352
13 9720
812 19575
7779 22029
20414 21541
5854 8430
6714 16915
10145 22286
154 6213
5810 8100
5563 23875
5221 6190
3857 21650
13192 22838
12490 14212
12442 19145
18299 22264
18619 21705
7550 19220
4447 5852
11854 17451
5402 17899
3209 20777
3723 15185
3678 12265
15677 19011
18729 23232
4758 10557
4906 15754
5199 11484
13887 14085
7018 13398
6827 14707
1789 9524
16079 21903
8043 20221
2604 2908
2564 21872
16503 17538
13753 18916
1955 3963
10015 19369
20459 21528
14875 22683
8488 12997
4405 11708
6591 10431
2250 8102
1055 15203
11785 16393
7539 21377
12493 21037
4816 16549
5962 6930
4958 6399
11014 15571
4483 15328
4464 14288
1504 4901
11006 17800
7080 14476
4446 16710
724 974
8424 12616
4273 16824
427 14206
5453 11454
7010 23723
17448 22468
8622 21464
9028 14485
16751 18538
3497 8858
10318 14829
1275 1887
8770 15734
4941 24252
11451 21528
17578 19282
12922 24015
3733 8531
7614 23067
5107 11516
5972 13955
9277 24205
5974 23736
10300 22037
10689 17052
4121 23144
5082 22477
4392 18067
12854 21475
4518 12836
5784 19944
14935 17604
13365 21854
2779 17499
2124 2632
665 3404
4131 18852
581 22249
1121 14169
8400 23317
7815 18204
2262 13359
7094 15593
3051 14140
3851 18177
55 3680
7515 18558
3621 22979
16298 17589
3081 15049
7481 10706
1030 3667
9863 17001
427 9190
7751 18446
16277 18464
1374 13771
18311 19452
1347 11469
4733 21421
10942 20351
6190 7952
20413 20587
90 18169
12759 23202
14561 24237
4807 10383
509 8711
12215 13338
4500 4747
6245 10553
305 11817
1042 21902
2750 10271
8782 9650
6219 16258
19558 21296
9956 21966
17999 19578
7515 23339
6164 19381
10318 14633
13896 23298
1691 3937
2600 3001
19308 20627
7808 11586
6453 17387
2971 6311
1188 7260
6899 23073
1121 20238
2239 19595
2774 10711
15192 16045
12821 20592
290 12848
2904 15649
1754 3370
10912 23038
1548 17775
4483 5269
5429 8115
1856 11164
2600 8253
14110 15039
6091 13006
3336 15536
865 6767
11052 16086
2657 23030
14772 21674
6660 20446
5485 18560
3888 18338
100 18282
15945 21604
128 22751
6219 22593
5071 21596
11491 15003
8441 10535
981 5883
3477 15411
5169 11965
358 14994
5719 12832
2783 22225
8399 12296
13826 19485
4687 6193
6693 13550
3694 10469
7956 8455
16378 19661
3280 10653
2262 10391
3260 21379
557 13706
5956 6135
15646 22112
7109 7850
447 19977
8988 22576
6484 20769
11012 24451
926 13220
5034 23763
11944 18206
5949 19661
828 5473
3358 14731
14537 24116
5447 8269
5991 22105
505 17239
892 14245
14318 17156
7733 15607
4745 21291
1763 8516
20146 20952
5846 10984
10087 16223
1816 22887
6630 20496
13968 14056
16883 18997
11752 16028
523 6241
14455 22580
6067 11027
21567 22450
3814 11034
9673 19736
16884 19728
5171 7943
13125 22427
16317 19852
17568 20422
11376 15986
13548 17101
14825 24325
8118 16509
2839 6009
8765 18150
19814 21883
513 23639
170 11666
8808 16052
2716 12327
9424 13317
4328 12951
6957 16387
424 3589
13731 22920
10915 23240
19890 21736
10207 16303
11542 19111
522 18501
2481 3673
7185 7330
126 20672
11525 11611
9071 12105
866 8406
3170 10656
5081 8438
14 2566
3159 20939
4639 5400
5938 19606
8152 10980
20718 22940
2068 23371
6711 22642
9823 20024
7114 17029
9857 10166
7950 13939
2431 18077
1391 13847
7484 18471
10684 16651
11225 11432
18734 21406
15255 21951
574 15330
612 14645
9097 23355
11643 22704
3006 10397
21036 22735
3630 9689
6971 23028
7608 15592
7607 20941
6949 17887
20928 21617
9860 12255
1194 17616
9470 11394
4027 15374
190 1611
351 21791
2488 23220
9914 16622
479 11117
3180 20937
14554 23530
9904 16420
6996 9710
1448 6605
1135 5901
19129 19436
9774 17223
12576 23932
6542 14356
2050 6127
21633 22323
15833 18277
890 18850
4963 6832
11569 18399
71 12332
2395 21707
9975 11830
4402 11958
2814 22010
2351 14403
3444 17125
1452 8123
6192 18817
3971 13453
5626 18064
10612 20374
8268 18156
9989 18156
655 3098
15478 22841
1796 13252
288 2688
2193 6608
3842 22178
9515 23810
5910 21476
11389 19568
13442 22921
758 16854
11779 23084
16377 20058
2417 12981
3218 4777
309 21542
5498 16075
10247 23539
447 4615
17810 21835
6976 10322
14019 18286
11607 19217
5605 18896
8707 18367
13628 17289
9407 17893
13890 22031
2845 11976
17484 18154
1773 16010
1265 20459
14332 23547
6705 20670
7782 11403
20582 20995
4215 12664
4139 11240
15967 18059
9346 14762
3829 20504
6802 11814
14723 16790
13809 17350
5392 22466
1424 20107
14469 17284
12187 22009
11816 23309
10284 13990
2413 16333
17429 17546
12891 15903
9190 13026
21134 24079
3366 7948
627 19145
6757 23740
3833 15381
6353 21726
3139 9934
1737 22022
14473 18828
11262 21662
18275 21911
2585 23269
7329 20567
6862 13142
12806 15052
10741 12524
7403 15283
4571 18950
13812 19778
7005 23417
539 19053
8787 22396
18830 22575
3034 7582
8471 13995
2693 5771
7222 11129
7955 23232
13995 23561
15521 21082
9068 11949
85 13212
10749 15336
1727 13889
4908 19937
6540 15424
7318 16933
2828 23059
3168 11600
3092 14192
2242 23484
6996 15843
1756 9566
631 19748
21523 21891
6613 16200
4032 20673
6498 16624
11814 21199
4364 21773
3753 4052
1304 3923
11500 22703
10363 15441
9857 18850
13321 20272
8140 20491
20051 23256
3663 9662
7422 7696
9365 24001
13239 21625
8469 24201
9398 17566
14082 22784
9395 17418
4732 23244
1272 21789
634 11005
18402 20485
17127 19882
3171 23650
16003 18212
13407 21971
5173 14463
1005 16573
17967 18067
768 18218
8991 12003
6316 6822
635 21293
17981 18648
12744 23895
14222 16428
2657 19497
17259 17662
3300 13786
11893 19580
10103 13003
4942 9653
3247 6992
3080 14992
3278 3529
435 20098
18780 21339
5452 23659
7446 12264
7621 7772
733 4900
9210 14778
12836 16446
5539 13444
3497 19601
10420 14163
20115 23236
17934 20861
1797 8421
13949 22004
5855 7274
5328 17568
5561 23250
9552 9719
14768 19610
20974 21008
12847 13886
18185 21296
1427 2117
13133 18382
14086 14203
4106 14242
1648 13628
9320 21523
296 18419
2953 3074
5566 14665
22092 22380
6972 15175
18160 21217
15740 22212
472 8455
20994 22645
7195 18162
3178 15813
4874 8633
7457 9782
9751 12702
7943 11814
9956 23881
4707 24240
2058 4197
11001 11356
13017 15678
9136 18337
20392 21454
6066 23925
7073 23797
3000 13185
13734 20647
3772 6677
11731 20902
1016 16915
9214 9584
10217 17075
11782 12690
19550 23721
820 17859
622 22850
11130 18662
14303 14650
3016 12060
3110 3618
8776 17269
10902 12617
8988 21906
2391 2677
7105 21372
7725 15247
22389 23569
14056 23933
13819 18194
5752 21382
11768 13552
314 12315
1275 1288
311 4970
845 5316
2259 24174
3398 21234
756 23986
11557 20031
8701 21245
4346 14251
16490 16564
18552 21491
3035 16446
12419 19413
13365 18788
18377 21327
9957 22685
333 13387
14511 16623
2171 8212
11128 21628
4551 21595
4589 13245
1481 13477
4329 12057
3135 13597
1386 11923
15663 23532
316 14870
6086 21085
4173 10121
13070 22980
1940 22061
11613 23612
11883 24219
5221 19883
7933 23622
5581 19986
15176 23652
11756 12309
8584 19550
13623 24367
2822 21199
7996 24443
4032 11821
7167 22483
3358 12261
19736 21556
2013 18284
9131 19185
7209 21807
747 10534
202 19232
12551 23199
3401 13449
6741 13058
18162 18975
5250 17413
10191 16602
2059 9578
776 5105
4956 12375
11619 17016
8259 21487
7301 13147
4262 21727
7472 11613
10209 21983
1949 17453
3512 8310
6492 21295
12847 21323
272 8767
3581 21145
4139 4161
1812 12847
13060 17986
3889 21992
8906 12929
2969 20499
870 12047
4448 6475
2554 20597
4821 19144
10560 20819
20754 24372
16475 23450
6055 11690
1766 15181
7329 20000
8540 21388
13332 23129
5761 13483
5053 15187
891 1040
15117 21931
16360 18844
1973 9185
9755 20762
14 2368
1402 9140
1173 15974
3793 11182
19894 22366
2036 19847
1494 20926
1987 21701
19085 20093
13167 18679
3835 14354
2467 12500
3778 4625
11688 18296
2164 7081
1798 23284
1219 1590
17178 21176
3988 4503
2470 19061
4723 18396
6800 10997
8155 15391
787 7297
9319 9842
15099 18938
5379 24420
16421 20652
1265 15295
4650 15705
10790 14141
9040 21931
12773 24457
15296 19158
3070 20982
7025 7787
12605 19807
7250 13472
11924 15976
2308 16051
9123 18173
9017 19116
1997 14765
14004 14391
10664 20884
5479 10425
4126 23219
6879 18368
16633 20668
3900 20959
8261 18634
5415 7418
6 1530
7014 8285
8323 18950
3751 7433
11693 13171
4186 14579
7190 10473
20074 20599
7864 22469
23708 24164
10293 11668
14663 18945
4386 23621
13907 17760
5724 8195
16463 16630
1015 1891
9206 11459
15946 17514
23345 24386
1503 10813
4814 14907
14808 23933
15398 19616
642 23896
4894 14092
2058 9910
11361 16804
339 19642
14055 17959
4177 13538
12749 20336
1918 12731
13610 14916
395 11528
7359 12577
9407 22784
920 21599
22336 23856
19785 23944
8165 15076
9893 11750
3714 14705
718 15667
2541 13291
20258 23376
2433 2512
7419 24102
15643 18169
5549 13459
12293 22205
18556 21255
5822 18751
3399 15043
21446 22490
7530 10502
3824 15102
5695 13780
9652 17292
11680 22297
9232 13991
2478 18116
13757 23083
3351 16664
11055 16444
6271 11039
6216 12938
5137 6457
13871 20180
4368 22648
4226 20017
1439 4042
1766 15997
3657 5281
10693 20616
19061 23621
9830 12960
1253 17098
3514 23335
14803 14892
13663 20802
8315 16693
9939 10260
14053 19053
9438 12958
23396 24265
1910 15134
3407 17538
3042 4978
11301 24007
3381 7375
16529 21966
4367 15246
932 13968
3928 13318
4471 11407
11284 11382
2812 10383
7333 15016
15184 22519
9577 23710
15885 20461
5543 7222
21407 21589
9298 20412
5689 6455
11366 22140
4350 23357
8403 19679
7689 12665
4807 18054
521 16513
2639 5553
15572 23329
1917 14403
18829 24457
634 22271
5241 22073
10705 15221
3358 8822
16860 17139
97 1970
2450 23421
8234 22620
14637 19470
8812 22350
9242 19574
14175 15310
8055 19062
10340 14543
211 18128
6899 17566
9068 16965
7319 13338
1998 8396
20823 22765
13295 14715
2061 23012
3896 4369
8741 19110
5473 19845
17016 24482
2853 13627
5758 16532
3170 20920
4369 17627
10249 13215
8587 23792
5872 8776
7933 10384
13641 14597
654 21150
15124 24187
22654 24150
13693 19181
11932 19889
302 12930
18244 20264
13310 17975
2770 16578
21059 23317
653 22521
10397 20597
9211 16800
994 9029
15122 15393
4425 17883
365 9229
4237 11782
13807 19599
6943 14630
9105 9272
8809 18159
9809 16987
14649 16758
2793 23294
18473 21815
20925 23914
8729 13795
8579 23006
14339 17105
6202 23851
15003 23084
5626 9095
3460 7196
14369 19564
16725 17760
4926 10631
13757 23721
6072 12617
13158 13182
17001 18971
6779 14383
10292 14639
6254 6875
17603 24178
8128 17668
9452 13978
913 3903
282 5131
4534 5856
16836 20445
9351 19506
7144 21329
4883 23674
7685 10207
17032 22217
12154 22761
4066 15978
1786 6449
11232 19576
10006 19867
11898 19570
11463 19892
13522 18473
2002 6495
1158 13870
3254 12336
6585 9269
16531 23133
12341 18416
390 19296
5309 22887
11853 17838
18078 18990
11501 13005
6507 20370
7969 20014
9003 9426
2475 16829
8673 9153
17959 22417
12510 16377
11090 19192
11031 13504
13151 24192
7088 19174
2600 20659
990 1481
8875 14879
8044 23614
11741 20308
3999 8007
8313 11954
19182 21941
7959 17678
10720 15467
942 8349
12164 18681
8585 23379
904 16789
14605 23116
10639 23710
1053 14483
2741 7991
4058 15584
2587 21069
9584 11510
5840 17203
1676 15937
8347 12790
5732 9482
596 20662
6024 13803
979 19280
5338 16746
5164 23807
4672 19294
4502 14901
16666 20938
10116 16665
7222 14914
20 13300
13931 20884
13081 19233
20913 21719
11126 15412
13365 14531
2074 11715
969 9709
3631 19679
10826 17379
10715 19170
11525 17475
1041 23621
6340 21590
10458 15434
7976 11794
21110 23383
9854 22672
8673 8941
13499 18013
13345 21029
7712 7748
2992 8142
17829 19271
18022 20439
1058 7192
8278 17886
5930 12753
8828 15812
1008 18470
14766 17810
2415 7450
9826 12254
6287 19498
17114 21911
6013 21071
5832 16000
15294 16041
364 22795
15071 20166
17625 20831
11423 16562
9655 16927
14114 23785
6388 16752
15440 17612
10734 14224
2170 16326
15706 23814
10433 11944
298 20047
13728 14610
18281 23024
20737 20938
2027 19848
5697 8287
2785 9019
5266 8330
17430 20926
7847 18403
5270 21187
2559 24345
6340 7778
5194 9033
5367 9172
1384 18823
246 19020
11230 14362
8679 17454
829 4255
6855 18916
11426 16898
9178 10232
8603 18524
1338 7092
1260 1843
7844 22969
3523 12052
8042 20165
1110 19482
7398 20810
5546 15418
12000 23071
146 15195
10556 21101
10943 17051
11106 12587
16438 18228
5902 12597
363 9464
13491 19761
8507 24210
1638 8675
1089 1861
18921 22046
19398 21865
7066 9043
8357 18546
9685 22270
2343 8420
15319 24006
5995 13222
7187 10317
4509 9370
5084 15805
3901 13211
1422 16331
12207 14699
15198 19644
376 2928
10933 22334
13013 23931
2310 8472
5915 13456
12633 19604
12324 14653
7196 22779
9385 15616
7385 19047
7896 11131
2797 9122
12512 18791
9086 12720
10496 11057
1085 12515
18918 20260
19724 23930
8869 12828
3691 11112
6454 24282
4870 16739
19380 20328
7127 7475
1763 18435
3030 8517
13540 14926
10139 22655
20397 22939
7667 16321
8240 18752
2139 16849
2746 14537
22093 22628
12037 16063
2977 3996
11151 22312
9256 16737
12096 15117
4260 12623
15587 18438
1506 12073
20933 22432
1132 20883
225 20111
18971 22800
8296 15436
3296 20883
12191 13487
9136 10292
7501 16840
14557 21964
3997 17405
11101 15464
5605 11947
4073 14992
16768 20678
9434 17445
20753 21167
12485 21807
6260 12957
4135 8627
4457 21901
1903 24439
11776 17755
12696 16504
16041 22451
14711 15562
7942 19188
3674 24456
19562 19689
18620 23255
2027 7827
10585 12970
3719 19001
3402 20940
3938 8492
6360 22138
9924 21965
9895 23963
9634 16917
4103 6124
7729 18672
7898 22890
8617 14840
7986 20881
3283 4120
16253 16758
10641 10699
13925 20706
9526 20213
1617 12612
7071 15949
240 17626
10972 14752
13031 21298
6844 14690
1523 13554
2376 17111
13612 19574
418 20625
4565 14927
19074 19713
16638 23762
15035 17029
1915 23151
3001 16121
8487 12795
806 14702
13980 20392
14590 19545
8219 11326
17011 17179
2793 6292
11459 17550
3398 22870
9512 12970
17659 23966
1380 19304
13685 22981
14560 23669
17127 18539
479 10019
13536 14614
2808 16316
8252 21835
1122 7359
503 9259
11367 12259
2772 4134
48 14864
3 7410
5386 13276
10986 23570
2617 22072
15491 21660
8105 10850
16393 17891
10307 16444
7378 23081
2913 23494
211 986
5202 20904
1289 14895
2936 16765
9437 14632
5853 16711
15458 16877
5629 13571
8550 14109
4739 18464
3659 14970
12110 20098
5190 19565
450 19363
15129 15186
10057 13150
4415 12281
3723 14762
22039 23681
10519 14696
5398 17798
20745 24302
611 13531
15892 17408
1277 12162
20618 23420
14143 17105
12232 23007
18935 23343
3260 9934
7242 22598
4533 18918
1192 14677
2065 20360
12010 15891
433 18037
14586 24363
3824 17942
5645 15024
9247 19343
3055 24260
1076 16117
2743 9846
17953 20088
2048 3648
12641 20770
2310 2515
3980 5056
5593 21220
14919 22039
1075 5093
7155 18996
5047 20629
7698 16940
7209 22788
1085 20552
1582 10836
7142 21331
13636 13992
8453 16161
7334 22187
726 18783
2844 4357
3563 15834
275 12189
2353 19053
1830 2890
3382 8259
1848 4113
6574 22728
1526 17146
4507 14950
12810 14207
9106 18747
4576 7051
20754 23159
259 1964
9629 10187
16007 18791
8747 24053
7901 17499
6170 14781
17415 20275
1630 4954
12815 13721
2477 7993
569 6610
12259 19154
13280 23248
17254 17314
1505 18644
879 18523
8747 16440
10019 21052
4552 5157
14326 16682
146 19848
2399 14850
18351 19164
2263 12007
308 2377
1530 5440
5455 9736
11971 21360
14312 22936
10321 18227
4995 9907
12631 15482
10500 19766
14121 23883
15998 19475
5652 11392
6775 8333
4340 6218
12519 13577
17105 19937
5875 10394
2999 5851
13750 16015
17783 20935
19081 20644
2311 4509
8453 17446
15182 21325
13854 18721
15023 22895
2751 4877
2905 14253
2295 13632
5675 23046
15602 21451
11194 12818
485 9458
12197 14318
15807 23026
12028 16948
9057 16596
8205 14726
2285 15040
4685 8205
15881 19865
6921 12293
7036 10259
12277 22249
9616 17257
5492 21408
5485 7996
9769 22248
15534 20639
7161 12627
12628 12757
7679 14851
2557 6540
4666 19260
6986 21433
585 18655
403 8858
6415 14404
17413 18058
10588 18162
7852 13071
4362 17731
17377 19667
23210 24107
19278 20311
4454 13349
16346 19609
4898 15550
2058 11120
4227 14469
8319 23782
167 5616
897 10112
16384 20386
2474 23179
14259 20291
3314 10638
10441 18520
573 1379
13885 16446
869 9396
10675 14127
3824 7363
1421 19020
7632 18509
6462 13361
2762 20187
5267 10881
1680 18058
2785 8544
2912 13105
9080 13255
1949 11140
5068 14987
962 5377
3797 9835
3207 23554
12528 14741
3689 20775
18632 18913
9234 18830
7279 8533
11261 13422
7216 17423
3930 13704
1013 14442
1797 14788
5288 16563
6300 10315
17004 18426
2605 7925
2677 20569
18112 24281
3250 23522
17631 24309
9145 13063
15382 24070
15841 24168
5832 7380
1607 20653
8749 9806
986 21743
12090 22701
3015 9900
17971 21047
3787 4264
3260 4132
1315 23855
5520 22534
1079 12082
12725 19041
434 22154
6206 6801
14556 15184
9174 19482
5166 20847
3142 9191
2580 6337
17141 23507
8500 20157
17723 23533
1070 3323
7227 24357
11410 14400
5199 12728
10235 11401
7203 16687
399 14635
3491 10235
4564 21785
12840 21753
288 4565
10595 19872
9646 14373
2194 10350
4257 10233
13458 23377
15729 23391
18645 22431
11878 16703
11790 20372
3740 10115
2585 9072
12606 20972
3306 11337
19407 24212
12230 12328
9282 19859
18913 20843
1726 23038
1107 7333
5207 11234
1357 21185
2638 4587
16311 18924
15532 17160
942 23732
7635 8179
9989 21543
18822 23448
8671 15851
3854 11426
10983 23191
4247 15108
2551 19730
8949 15568
5773 13535
7038 23910
151 22125
2005 3515
9848 11205
6769 8207
2479 6495
9076 13173
3438 9046
8725 12694
15947 18470
19728 20849
1222 13996
9540 17509
9933 13584
3906 10056
1044 5210
4844 15397
6657 16295
14788 15112
11138 15516
6227 6520
12527 17738
9915 19052
16614 24181
7159 24120
1845 6594
2170 19337
1107 15925
2145 4417
23316 24325
2390 13867
1328 14512
9939 12933
7888 21771
9569 13422
16432 20539
13171 14799
15045 15400
3028 14897
4583 9240
13225 20501
6264 21410
5584 6543
1863 4756
321 14330
3680 4349
1157 20264
5721 11736
3448 11800
15040 17288
14596 23605
5660 13446
4130 19614
14141 23609
5993 17024
16009 16539
11191 12547
3879 10436
9626 13878
17218 23944
7378 11953
13721 22640
8298 8324
3875 17291
3344 22549
6705 15815
5838 6209
7892 16331
4231 19818
6447 9762
5056 23858
12910 21762
8802 20586
11691 11724
14989 16688
14426 15443
1126 24123
6017 8079
4640 16777
9233 18775
13227 20048
13975 20030
5947 7812
22011 23686
14982 16755
4453 6193
3114 4592
12614 16536
2537 16664
1334 13880
17063 19524
5659 10678
14696 24014
4323 9588
5498 11837
3491 4830
2753 3425
3012 10273
13181 19624
12707 16263
6658 10941
2779 4457
7960 21252
11430 24105
10396 13292
5871 14376
9609 12965
980 16597
16868 22268
11929 17586
17358 19848
10439 19648
15616 18132
4880 16826
38 11843
11165 18183
22781 24304
10037 21913
951 23312
2054 18504
11204 24359
2018 17798
5637 8129
18901 24229
8433 14191
5793 22089
5046 15804
13508 17654
13451 14134
7493 13582
18889 20326
20022 21443
2821 6123
11740 12204
8071 16958
1726 19244
2788 11886
4320 5453
7892 10572
12795 20603
6828 21038
10770 22287
6644 12692
13003 20702
1904 17820
3844 8173
10660 12939
11525 18491
3496 15088
15056 21780
8502 17733
434 23839
1807 15422
15351 15454
1276 18785
4886 12676
2735 18417
8807 17191
6224 11267
1090 23289
14045 19452
2150 21500
2652 12906
1170 10759
18906 18942
6473 18735
4449 16971
2089 17642
23638 24424
11646 12884
9700 11585
556 23429
4579 12169
3851 13065
1255 9292
4618 7468
11000 20169
4956 7574
5078 19796
14286 19690
2183 5747
19970 20786
6971 10307
6828 12344
982 19745
6873 17768
660 17412
1357 22826
12150 16225
8397 15106
14970 23280
2192 12014
9595 20018
15333 22835
17855 18064
1863 23407
1154 24294
14223 19309
5746 22732
20806 23943
3631 19140
214 18259
1951 4119
7338 10583
4061 23954
5360 17845
3838 24079
7046 8568
11185 14719
11093 23358
8269 24040
12204 19662
6595 18897
14822 15334
13807 23969
13264 13494
1648 17541
2452 14198
7533 22974
18084 19872
20987 22013
6476 14403
7996 24000
11421 16873
3759 6851
26 17324
1396 22692
6677 15019
4521 11701
11333 12724
9787 19004
10636 21281
9125 24360
1289 8988
3380 17293
1365 19898
15166 22288
6190 19516
12297 18632
770 23081
16420 22593
853 19499
7746 9066
7302 19618
4887 24034
11044 23114
4914 21188
5226 13864
1634 3734
16107 19704
1483 17358
150 11795
2 444
13261 16339
7987 18254
6421 8239
1892 14647
14556 23808
12668 13635
8071 17916
18077 22379
1361 18263
6518 23052
4817 8291
9584 12384
23947 24356
6821 8985
7632 9609
11141 11455
9464 21099
4659 13538
4983 20707
12280 19031
8951 20008
2858 14301
1570 9736
3255 21684
6669 19608
8532 14410
12337 14326
4145 17961
4352 16210
3629 17135
10853 15878
1855 8679
14067 15420
17773 22808
17950 22032
4357 8927
6288 24137
7445 13027
15403 23726
16387 21499
13979 23065
20283 23152
7256 9255
8326 19122
3989 17470
323 2482
5665 5851
6071 10551
14196 22611
277 8297
16275 22606
12464 17780
1644 12878
1779 7811
9865 13200
9518 23729
14009 21650
2612 17924
2842 13589
2378 6581
1407 10137
8804 10743
19887 23993
9552 22283
17001 23780
4438 14050
4363 15510
7046 15733
809 16947
11199 19768
12065 20596
20830 22892
9943 22711
1349 5419
2159 19237
5432 17114
11194 12511
8034 13422
9018 14901
3148 20960
18608 22829
1468 10420
18324 22744
97 24089
8145 21213
5113 6628
8987 21784
16252 24109
16709 23860
854 1663
489 8476
297 6922
5062 7819
3336 7854
4561 6014
1564 19422
19084 23499
825 9870
7276 14088
14745 17074
12525 19835
10974 13959
3347 7922
3298 6279
14551 22672
5679 11896
12458 17228
6019 23738
2778 4111
6529 12415
2579 7643
5263 22045
1217 9175
12167 20141
3125 23759
11022 23465
10677 15088
7652 7867
4935 23476
1546 4213
19253 21615
7723 21169
12497 23542
10355 15161
7341 7748
16918 24316
13346 17327
12846 24009
2823 3431
2495 5701
1698 21345
8984 14443
12892 19849
2160 10734
15243 16616
9830 17596
10294 21065
5161 21385
1235 3592
3104 15034
6998 13846
3155 3440
1760 13955
5615 14244
9801 17500
7469 21299
11018 17293
23085 23172
4843 17589
3755 17361
6806 11133
8233 24037
10266 23630
11497 16612
1847 6188
6397 16992
5942 20531
945 11801
871 15851
1845 22204
16539 17097
7464 11523
621 1111
710 10676
14722 23530
17192 18296
121 22399
9856 22946
18715 21133
19596 21741
2326 13835
8351 12858
19972 20184
8668 13740
9061 12389
10498 11763
8143 10054
12927 21625
9150 19839
12655 21964
7068 10879
13944 22587
11231 15502
1046 21968
11853 22788
1287 20267
8402 10046
13493 18335
20812 23245
688 5816
2749 17266
12647 15552
9876 12289
4430 7089
16390 17823
4044 15756
8536 18935
2746 11715
7001 20032
1125 3415
4645 5623
1734 4576
2404 6726
3907 17688
5695 13822
8762 14774
11754 20585
2628 12134
8280 17641
5368 14305
10078 24478
5304 12526
1501 21933
545 3927
4082 21807
22229 22233
6115 24346
13295 17762
10244 21438
4769 12431
6480 22204
1609 21377
3615 12081
7171 24353
10189 16630
8804 20717
6327 20886
11862 13723
12636 15037
2055 16970
11825 21962
18395 21831
4498 20653
8153 11099
17718 22470
5750 10550
14292 19523
5425 15341
10061 23325
5289 23621
4456 14947
4298 15857
14593 22508
5377 17905
5034 18774
5622 15927
3191 11057
2910 17964
19403 19603
5411 23194
3495 21406
430 10483
7486 15420
13576 18051
3344 15073
9245 11669
20188 22618
9041 17292
1963 21489
19350 22525
2149 12937
7973 8454
7147 23427
3848 7640
3027 13552
11832 22297
12253 12929
21653 22455
8655 16115
5005 12284
17615 24193
5308 23775
1472 18131
6360 19761
12083 14245
17229 17596
17148 18470
17834 18001
10541 14271
6954 17410
3802 5627
7221 22206
170 17148
8508 18536
7298 7456
6286 20431
968 15051
1040 19170
3160 20720
9956 24027
18198 20123
740 10508
6773 15868
2984 14305
15254 22619
13517 15893
16104 19824
11054 20652
12810 15752
3405 6429
14119 24042
6671 15447
20852 23819
6055 12295
211 13770
915 22738
932 10879
17081 23304
20721 21996
5492 10610
7422 10367
21101 23389
5644 18277
7910 12736
6762 10776
13159 21012
8773 14531
22323 23822
2542 16383
9220 14009
23955 24340
14446 17297
885 18505
6983 19947
7368 15181
335 17107
21834 23148
13344 18616
80 11543
6161 23572
11644 12083
14008 23473
3712 17682
1297 7058
6507 8566
14765 22849
16989 17200
1634 19130
1717 4731
5654 16620
22355 23016
9161 21995
1557 9089
2686 18268
767 21785
596 14716
5647 21675
8264 20546
14199 22944
1394 11722
20534 21638
13982 23062
15139 17675
2006 9935
20167 20850
2452 20022
5368 22554
19297 23333
6091 16734
448 17883
2838 20076
3872 4205
7112 23386
17196 17449
4187 5420
5518 7351
1739 15255
5391 16442
21088 22014
5335 13047
6668 8099
3886 11779
6664 17691
15740 24031
14970 23607
6836 14372
3530 15446
5079 20268
7337 24473
7048 10902
9558 20731
2897 5195
8713 20436
120 5319
236 24113
14803 16896
15645 15666
11837 24297
13173 22356
1734 8522
12148 20518
11369 14137
5629 5707
4806 5167
7786 19679
1841 2501
11576 23798
4825 7418
13133 13416
14259 18523
2682 17697
5287 10953
16803 21638
2371 18643
5895 9043
9774 16532
12777 19853
15472 19153
5782 23719
8674 13363
11791 18464
10183 21152
6776 17944
15636 19899
15968 17938
3114 24313
4819 7053
19167 21044
9299 20990
357 2542
2034 5267
8452 23962
5771 13325
8693 19856
12783 13758
1609 12475
1430 10138
2072 9825
4841 10101
642 15474
5564 8829
19926 23006
2644 18879
9872 17494
19356 20764
217 21587
18955 23525
3055 9198
16900 23954
1564 8660
19214 20801
10713 15164
15963 24185
9659 17212
1056 19218
9928 17208
5469 8964
14912 16029
5080 14651
11388 15713
7671 19496
9064 12367
11667 19294
2809 12405
10355 14541
10501 11438
3563 22494
5521 20537
13259 18622
11490 20358
11785 24127
19561 21757
7942 8159
10190 16110
5254 7142
21362 22150
15639 20430
10505 22271
4579 17770
6697 12521
4211 24349
15798 21992
16573 18978
11730 21227
10672 14865
3261 8602
1050 20803
12864 18329
10735 13932
15963 21774
7247 10312
16335 18683
6369 9031
1291 2962
8254 16346
7834 22734
2642 4884
12518 16687
17357 21625
15744 22215
12468 12520
2242 12326
5453 22920
2680 15861
6861 21866
15372 15951
1821 21954
4112 17129
16251 19782
10262 20596
6151 14058
14196 14513
14380 22500
5599 19441
292 11469
2474 14229
19031 21519
16397 24003
576 1901
736 17344
15828 18019
257 8032
9696 19963
1257 21305
5754 19822
5053 18947
11271 16639
12959 14109
4915 8921
13742 18571
6749 7147
2183 17355
20536 24113
243 15032
7901 15525
3911 12209
7992 22802
360 19650
4266 23251
173 11502
2336 15291
15898 16348
4362 16743
2263 21302
6259 16119
1631 19355
2003 4536
6525 9899
1338 17585
8740 22102
18487 21287
13856 22420
7105 19456
11686 17871
8073 16392
334 22896
13062 21431
1605 21622
15092 17323
11558 14846
8854 19113
10771 13317
4911 22358
12413 14992
580 15576
15487 15519
7709 13072
5868 18562
7497 15983
5150 8807
6834 22499
20505 22077
12589 22786
16 23594
11612 13825
7365 7852
16938 23975
220 18601
6147 15338
3090 16845
7537 21344
2575 13588
1511 6874
2128 2300
248 7682
5275 12312
7509 11697
291 8615
9230 13912
13069 19103
14032 15640
9746 15940
4309 10687
12661 21535
19384 23766
4470 13817
9216 20972
14254 23802
428 14278
13876 24373
18406 24231
3362 7885
17002 20201
10380 23058
11419 13981
702 12744
109 9160
2671 17748
8565 19911
17527 22198
11495 22409
10101 17868
9305 12144
9815 21225
4761 14045
11079 16223
4175 22653
15281 17417
19670 23871
11826 18133
729 22789
19923 23183
3669 4119
12637 19698
6281 10340
4466 15454
517 8615
796 1909
21564 22500
7551 23180
878 11455
3775 23840
3496 17623
10594 14328
1870 17449
2660 23262
14629 18625
1643 16932
21875 22503
10157 15512
5671 20906
12808 13666
6905 8014
15883 24090
1237 11956
1892 1984
108 21379
4096 18102
673 17706
18232 22829
250 1198
3793 9773
10317 15272
1631 20493
5133 11939
3472 13255
10073 11386
14343 18081
21255 21812
7046 23004
7754 16627
6181 22609
14786 21115
9137 11033
5737 14909
13425 14447
11630 14581
2829 18564
2404 9670
18771 19658
17651 24055
13328 20254
1433 20774
4954 11319
15746 16314
10152 13828
620 3575
4507 7362
2971 20115
7883 21493
14395 23978
238 17305
22404 22914
1835 8949
10868 13844
21922 24121
92 11123
5519 13505
21125 22351
3287 18646
11065 22626
11502 23616
17156 19387
1039 23388
14032 18496
8046 12991
5354 23065
10924 15206
2865 9764
2382 23636
6971 21781
2018 12040
9938 19164
6976 21653
11 17699
176 24011
9351 16250
529 8134
830 1054
8721 23789
16915 21006
5911 24446
17945 19046
3841 15599
7509 8047
8679 15019
12092 14523
15133 16094
5078 17015
6484 19192
1115 12782
8228 21111
3053 8046
5315 18862
14327 16415
8894 15242
2795 4666
16885 22060
4707 22995
7727 8980
16628 19699
15685 19031
12035 18110
20286 21697
8141 20450
9771 11978
2476 9599
2318 19830
5014 20772
3590 20213
6178 11031
14487 23894
639 22980
8527 23788
2281 20131
2034 23389
245 21393
19186 19501
10603 21669
2203 5885
4356 21831
17244 17474
7885 8751
1367 17349
3018 13272
23421 23653
1297 24463
6847 12024
15657 22561
4466 13865
11277 18786
5292 19646
16882 21550
12662 18889
527 7276
8247 15683
14531 18948
66 12918
7921 13278
16476 22993
11511 13881
8284 8456
2349 19697
15042 24310
537 11007
2835 14894
6908 10337
414 2359
4385 6214
7728 10469
9393 23626
12818 14781
15564 19233
16444 23756
662 23189
8298 19880
1719 8542
6057 12208
7500 15617
1719 10629
10488 20699
4525 9079
745 10228
5330 15679
21406 23828
19093 19862
10026 11366
17874 24194
7589 24047
6718 22069
14160 23351
13603 19328
1861 17391
6280 21476
16222 21476
10785 23257
4689 6983
2944 4885
5353 5396
2354 9075
4613 21454
7281 12569
6648 7546
9587 10383
5674 22926
7362 22427
1898 13857
163 15836
2536 17134
331 18207
7602 22669
11390 23929
17451 21230
8748 18888
1291 18281
6762 11401
20248 22073
13912 20025
2523 5407
5459 12724
3238 13976
14776 20459
2956 10680
6115 14514
7532 17792
1884 18717
2175 9045
13521 15135
6797 18906
13979 19078
16054 17614
6299 7590
3664 23158
5196 16764
576 13873
8337 9362
6056 15300
8425 12962
3779 18584
5849 13676
2501 22595
20034 22429
1160 16647
15321 17325
1182 22302
140 179
13415 22184
8836 16327
12595 18229
7921 19178
16293 18776
2470 2801
3306 24049
15730 16661
12100 13473
6765 9355
3624 6304
4433 9454
12754 21675
13063 17736
1 16332
12279 23214
8238 24062
4187 9306
9695 14492
2782 2887
3853 7676
17991 22881
2100 13357
2965 3141
6417 17840
9670 12166
14590 20799
6277 15684
7687 17106
73 21607
15418 20805
6678 19217
5733 10393
20101 22393
435 5854
231 10481
1374 11097
8381 13065
2693 6198
2816 18987
6592 10860
6222 20325
18302 23664
12861 14522
12397 14724
13350 17290
1409 6881
2810 16577
4047 16452
10168 15145
14170 23731
840 17940
15961 19785
20529 24283
13868 15764
15943 17415
5907 7643
9767 10514
921 18901
15009 20278
14644 16948
14136 22903
17075 19847
7395 11838
5145 21483
10753 13375
5319 14376
7371 12438
805 5476
1641 20117
4835 10408
13750 19980
3949 16676
12797 17907
5916 6397
7396 23170
16306 18150
6956 24387
7075 10250
9601 18726
20406 23271
4464 11016
5816 12696
1611 9359
9239 24138
11679 19449
294 14375
5885 20345
13136 19503
11014 23125
21262 21888
1725 23039
5256 9553
15736 23198
7370 24305
13319 21550
378 17008
12123 14068
7788 18742
6711 20647
5460 8076
1493 18984
4963 17965
5273 21278
2121 6126
1152 18721
14824 19905
11588 19022
3820 8599
3790 13136
2186 24448
9665 20168
482 18616
2344 19081
23967 24062
16310 16767
2197 22664
2334 9925
23437 24470
2719 4057
4018 20898
18521 20763
953 22577
8972 21842
7153 20826
1829 23238
21370 23490
5529 19598
4199 21594
7517 14519
14483 18407
10747 11159
19175 24199
13091 20979
1183 2100
6253 20746
5738 21241
2545 17136
9887 21364
22493 24167
11770 15381
3222 14504
3602 14281
16561 18984
4918 23499
12616 22896
9698 20773
13720 23698
20704 21223
259 6440
2584 14009
12591 20798
7934 19691
2554 23692
20129 21824
1517 16025
18062 19920
16625 17817
8973 12922
14743 22590
312 14378
5919 20587
270 14814
10383 14065
3613 13093
6033 20107
2020 3033
3891 20538
328 6761
13484 24273
11395 17271
5954 17187
13582 19996
21550 24276
1466 11677
14274 15290
4282 12600
7741 9927
14260 20879
11060 12026
7680 10634
11585 19976
125 15633
14680 23815
14788 17209
5986 18094
4959 21987
8749 12441
4593 11775
13032 17936
6639 8060
12244 24014
15655 22739
1453 17494
2775 14884
6452 8102
1079 3389
10312 23993
3005 6678
8822 13692
7338 8750
11355 13700
12746 14439
1615 20981
22564 24215
731 8065
19786 23847
6676 14727
2583 5756
2760 7967
15921 23813
4248 8130
8580 22053
12549 23824
8950 12128
5783 11659
13238 14469
9816 11542
16316 22503
2024 17011
6283 22399
6687 14040
4291 17291
9067 17001
9914 12787
19526 22697
13450 21700
9859 17224
22096 22985
2880 21025
6820 13536
6462 19068
9417 21609
174 10375
10846 20001
835 24488
7186 12007
12844 22555
12454 16013
2248 22578
2079 9494
9830 15190
7407 15682
404 24146
8024 13796
21381 23300
4221 16369
4539 17838
3654 23728
15130 20307
4386 4607
19167 22339
10222 20811
15795 21808
8038 18464
21549 21621
2117 16955
2070 17895
11823 13409
8524 14233
9973 12015
8394 21392
1437 10056
4452 21143
7110 19849
332 16397
16227 18603
6269 6605
6587 22942
2414 13066
6724 12142
18424 20721
570 17031
4202 8697
4225 7576
20224 23663
10054 16918
3477 20537
22615 24410
4023 10661
1277 16656
14776 22045
4102 23515
3718 7517
8021 20311
17910 20541
16274 24013
1323 8408
13994 18418
443 7085
423 20830
568 18807
5197 21532
12922 19792
1947 10347
8326 10507
3114 7072
16034 18379
4661 23182
5175 20625
1963 2393
1419 12381
9653 21007
4387 17756
19016 21903
8713 14976
1513 17847
12927 16931
2155 5483
19101 19336
7609 18031
3240 23823
7048 17547
16185 19678
10880 22234
9366 22845
7492 11424
577 18424
542 3492
4413 11390
837 18275
1606 21482
12424 16042
6315 23744
5217 16674
6909 21977
12500 15698
75 16089
117 1380
1453 11151
3018 10493
156 23156
10046 13112
7099 23000
6638 13039
11106 19711
13570 14714
18645 20451
7634 19062
5154 23578
9793 15708
831 5603
5628 6994
14297 15134
6153 18464
10868 18170
2165 3602
11182 20316
15850 18149
7131 17727
7350 18094
9564 21323
7521 7695
11342 11631
5390 22921
11762 23211
13563 18429
15224 22736
4347 12278
15702 16329
3084 9337
5453 19279
5957 15220
1072 9309
18740 20385
13971 14220
7118 9649
4855 17119
45 18178
13697 17193
11781 20197
15394 22973
4315 9833
6124 21631
14138 18449
2626 4791
13935 21842
18081 20408
4231 15448
11396 24144
8851 18377
4078 14371
18943 22397
683 10873
4297 7430
5166 15033
1912 22713
783 19417
14523 23454
10659 16007
1048 19794
12140 17403
757 3835
10106 22201
14335 22383
1380 5410
17983 22431
11150 16636
4632 6964
10777 16413
6117 8864
5120 19604
5343 22091
2312 2492
9170 20380
561 22028
10232 20152
2078 8928
6540 24484
5476 15894
2969 19024
5216 18405
1492 1799
1050 19603
8506 21924
12462 16579
8296 13448
5334 8583
9854 22594
13235 20513
22520 22827
13829 23201
7167 10752
13217 21906
14001 20002
12071 20999
2484 19191
18761 20180
2757 13680
3230 5046
4152 8850
14305 21630
6856 16076
2426 11556
10297 20405
6842 24401
19013 22421
11798 22332
12121 22706
6839 15346
10271 15583
13651 18209
10375 19529
8226 16293
3345 21614
8635 21563
502 7412
3720 21721
11947 20873
8742 8981
2084 11484
528 12134
15453 19204
3441 8685
17987 22199
15652 19652
1993 23480
4783 17885
2033 14279
10516 16737
4528 14866
14385 14587
6272 13989
7574 23584
18633 22681
13137 22727
3098 12276
9692 11768
1035 4305
7348 20543
610 7371
13396 22840
7317 7465
9644 15574
11183 14763
960 5983
2760 11479
1002 16746
8870 22138
2821 13293
4646 6796
1791 7665
9728 11212
742 17427
18341 18734
5611 22122
5099 18128
2178 17553
18590 20483
8365 11601
8346 22415
11276 22640
5521 6646
10798 11237
8625 19874
14157 20855
14176 23548
4641 12531
3689 16884
4357 5627
7125 12173
6769 14044
1629 5096
7963 8368
1212 13647
6661 11015
6206 7193
6098 12473
9368 16236
2321 4267
3421 4059
7420 23548
5022 17027
2839 9537
1129 12190
4378 18409
10233 13986
1680 13903
17142 23892
19324 19689
16254 22000
12240 13127
12649 20546
15569 21174
7285 21554
317 16495
6522 16967
8713 20198
18936 23831
1530 13936
9944 24362
14785 18248
9385 22720
72 12114
266 1986
1302 12405
11533 18914
4764 21298
11159 17882
6833 12859
14182 16353
16800 24214
1846 20592
12995 23567
10391 17314
5390 17507
5154 6061
12401 13637
17583 21572
4886 19943
3781 7151
7811 9752
16046 19736
16334 21034
6146 14742
10818 22357
4098 14098
5091 14166
3429 21202
10210 13884
11405 22790
1515 6824
854 7865
2010 7248
8981 22861
3372 11279
1164 9835
1176 10086
11322 15526
14256 23886
3309 19668
1031 18138
1462 16972
10490 17363
18236 24194
9780 16922
20178 21049
12784 14417
3898 16108
17879 23075
7423 14316
7043 24330
15214 18808
10605 16165
6276 21903
16678 23778
8686 8700
2853 10224
17820 20734
6451 15759
12056 15752
7421 10056
18437 22016
604 11297
18243 23692
9880 10415
291 4936
13671 19854
11234 18508
16816 21505
9697 17901
21618 22966
11100 22782
843 14347
2221 21277
18639 24296
19674 20365
10444 23623
8582 18065
6826 12061
12350 23846
14006 14286
13110 19196
187 23383
15978 21284
5521 23223
1493 23959
16233 21482
12601 17768
4092 13353
6573 9075
2222 19943
12701 21632
5780 16018
8337 10110
15176 15473
2844 6474
21736 23407
447 5951
3398 18143
8851 10430
1272 2285
4562 16968
15849 16231
3273 14481
1478 24053
721 10769
17416 20875
9682 17205
7106 18896
1639 15906
6024 6886
11943 24227
12152 15677
3727 19028
2643 24045
14931 18539
5520 15313
13363 24253
1711 4873
15970 22325
18644 19867
14280 17796
12735 14852
16339 23816
10127 21555
9860 13296
10524 16566
3886 8740
3406 24037
7101 22092
13288 19563
5399 17316
1967 13428
7986 12884
4134 17596
9781 21049
13282 14027
2682 17910
10355 20246
3667 6296
11308 18789
3567 9127
18790 23897
16994 17189
11272 16757
7484 19319
1081 5633
1742 13520
197 15072
3906 11472
3253 5204
8858 18111
1207 6511
3353 23305
10994 21587
4192 17542
6846 16854
19830 23068
19238 23050
11691 19253
7301 13517
11168 15155
2266 2850
11796 23247
8578 13952
6208 8336
2907 23165
1153 2654
20926 21355
2818 4787
2030 20452
14666 23147
10646 15706
7193 9486
8406 9469
18750 20539
839 9099
1429 12951
18709 19965
2498 21677
14796 20062
2252 9183
5849 7273
12138 18745
19961 22818
4219 13082
5748 18809
552 11825
181 18780
5852 20508
5087 10393
1204 5649
9649 17554
10742 18137
6231 17304
1231 9660
2527 15692
14361 17120
9904 21577
5051 8098
1579 5791
2648 13928
6954 23641
15626 24203
11568 12797
4559 17773
8911 9846
16443 21929
4670 20693
6091 19621
15581 18522
8880 17415
15450 19500
12965 17814
19481 23420
4626 16455
1268 14536
4631 17223
16053 18150
15148 22836
18623 22410
6370 15944
6331 20425
21583 24361
6787 15257
14665 15031
1386 19419
7152 24353
8887 21198
14833 20379
10835 11298
15105 23574
3463 12454
17128 21965
1331 22006
14639 20699
19328 20231
3707 20077
12721 19829
9247 9897
5348 22662
20270 23634
13371 19155
2467 7418
17631 24071
5393 21664
11378 18024
6506 8403
10204 14062
2259 3287
4109 22239
660 9268
5341 8618
7129 17778
14028 18491
934 4867
5799 14579
8924 12198
14476 18926
14564 24008
10379 13880
17662 20728
12042 16357
16097 21173
1342 7985
1351 11617
1634 22008
11295 15672
4110 14053
4588 22518
5265 19456
3124 10125
1769 21692
6858 14140
3613 10224
5569 8281
13328 20690
527 11248
6158 20486
7678 15023
5316 18650
19963 21977
5761 7966
3967 8527
49 19811
11317 17555
6628 12614
1320 1622
1237 15449
5350 14422
20399 23277
598 21322
7 13331
9363 17201
8313 22606
22057 22642
3999 12861
125 21104
1092 12823
15408 15443
16790 20687
12578 23025
21211 22277
3610 18366
5915 9309
18149 20190
3396 9976
6031 22150
17078 19702
15042 21368
5341 20979
4640 10428
6154 14765
3800 10574
1206 16768
7759 19502
23969 24287
4579 7240
12876 15847
15490 18236
3405 12334
3019 10642
619 1589
1035 16516
1553 7916
10860 21346
2857 4241
4210 8692
6825 14377
4809 12483
7134 12694
9711 19165
2732 12612
19246 21894
4933 12773
2876 4767
19689 22265
20484 23888
6846 10645
981 14652
19648 21607
6810 19900
10245 15118
1313 23323
4697 5542
17526 23798
14854 15860
4856 19425
1534 19675
654 9447
11317 18426
15873 18321
2670 23558
815 8138
4631 21160
8226 8805
4863 16429
20561 21579
5968 22122
9019 22553
16579 18046
1097 14963
8798 16272
5275 15076
6137 15488
11457 17509
9727 22330
6015 11799
777 3605
20628 22915
931 20659
7031 23564
1098 18280
10938 11887
10272 12887
628 11831
11042 14125
8255 19434
12199 15924
7207 15396
5072 14587
8838 22763
9852 23657
10705 18292
2203 14403
16463 23634
3888 24031
11185 14165
13252 16445
8191 15494
1437 17777
10393 10449
1709 1873
19024 23886
15195 16174
18148 22120
764 4100
12594 19360
1843 19876
9920 14224
898 1524
3789 18675
13674 17915
4738 19687
6626 21938
1701 22803
8198 8542
6170 23879
7302 9015
3073 10735
633 17117
13779 23382
11854 16456
793 5903
4609 23801
11275 18673
6725 21133
11847 24245
9303 11295
4251 17957
13459 21615
767 21133
13959 23608
13410 18997
15038 20373
7811 19509
3940 9576
19384 23464
7777 10691
5701 21049
4576 14572
12076 16869
1520 9925
7492 8244
2831 15869
11020 16013
2699 10102
3299 15656
9231 15033
8375 22384
15321 16077
2266 10274
10760 11689
2200 23060
6043 13943
15255 21393
12767 17787
1477 8195
1940 16762
4695 8246
5886 17764
4622 22274
14378 18957
7873 19008
15998 21217
5011 15555
7558 16211
6356 17267
10632 17326
8625 20795
13043 16078
5601 17810
15824 24020
642 5311
253 14234
5477 22064
16079 17374
14801 21295
11180 13777
1268 22000
16842 18653
7330 16534
7095 19090
14803 19473
13648 14641
7466 16027
13791 16940
309 14063
8811 19388
14366 23263
3403 23890
1153 7584
6794 9207
8004 20696
12381 14078
11496 15551
8814 19913
4503 17312
787 9309
12765 20756
4840 20365
15972 16719
2051 6664
2470 20406
23400 24356
904 3322
18222 23435
12888 16372
1162 7485
7341 21422
17619 23638
16634 19378
3860 8496
5586 6274
5287 20158
2409 16978
8073 15845
2005 21695
363 7960
8538 11579
397 10879
2479 18852
15552 16115
11943 18982
21478 22156
1990 5779
5135 18734
2866 23931
4868 13150
7718 17150
1240 10900
2624 14995
8302 14586
9686 19523
3362 6304
10244 20949
21531 23248
12245 14125
5299 9310
1301 21481
18288 19396
2613 16997
13840 15059
14296 22049
6904 19534
3747 18410
18056 20820
4511 15923
6240 13515
18637 20018
22423 23167
7923 12495
6170 8503
8535 10948
12283 19310
5499 20400
3400 11671
11083 21109
14593 24227
3326 13817
4699 10238
1533 5000
8068 10766
9527 16603
18985 21074
253 22661
2661 6024
2253 4757
7518 20486
13541 23609
1570 20454
4875 17751
14885 22726
22478 23343
4610 20919
10670 11771
20611 23148
8423 18750
6710 23899
8831 19554
22180 23250
1391 21878
2188 2847
14707 22602
14473 16857
2562 5740
491 14222
20953 22150
13578 23444
4903 14794
15173 15735
13422 22672
503 23585
12381 17392
3068 20660
4454 14991
24190 24305
1402 15594
12592 14326
15320 21125
12427 19429
5757 21609
5974 17063
14574 14898
15497 20693
2862 4786
1363 23544
83 13772
15119 15912
9540 12461
1673 5291
15170 20612
2272 16660
10870 13801
3159 17726
21021 22634
1765 20739
169 3179
12663 22101
4473 10212
1434 20978
2587 16021
14189 15114
635 10232
13374 14229
5982 22264
7017 7538
7568 22071
10863 14831
15659 21399
3840 19808
4338 16158
13332 14070
6911 13006
1315 3528
15195 18947
18266 22699
3290 12483
2062 12496
17469 21909
18231 24252
2767 13902
2494 19531
18057 23569
5386 7850
15576 22734
9782 12164
4415 8450
2716 10935
4363 22404
5638 11957
9070 23096
7994 11458
9021 18336
10693 14794
3852 8153
17505 23282
3901 21020
8994 22979
4938 11462
3255 23873
17759 19797
3883 23722
10201 22044
5956 16909
22443 22669
8732 18509
170 21607
19863 20800
5046 17381
19503 19769
1586 14518
7285 8470
11163 23458
4376 8524
7465 18049
584 3147
2885 23447
2533 6539
16738 22761
4150 7670
647 9501
9414 10126
2249 8967
11659 24214
14582 23065
11219 20976
9416 23022
1584 24138
19484 20661
10123 14312
3129 6220
1842 21283
3772 3795
13310 20698
21549 22152
9637 18543
11011 20947
4665 11815
10577 19465
2824 20630
21835 23719
1904 23904
4707 13773
162 14590
15479 19521
1024 8129
16045 20875
7339 14414
13056 22059
10464 15393
4656 22671
3818 18615
14822 17673
3983 10287
3265 23917
9604 22561
13573 23152
968 23930
6518 18561
7649 17204
4544 5492
9891 12570
2925 9002
10945 21978
1959 6828
14394 17734
4921 11611
16218 19040
1794 21556
12475 23664
3302 14279
6632 20727
6384 10026
6417 21383
11940 23540
10937 21067
11475 23817
7931 22277
3602 4651
9429 16244
12162 13490
6639 11815
6093 23108
13210 23004
4349 20898
6580 17347
1021 10135
6358 9680
9176 23065
8261 15787
5847 23329
4892 19082
13612 22452
12049 13109
12952 22423
4429 23182
8012 14427
12797 17976
2681 18273
2352 21502
12907 13003
8479 11759
21860 22565
7673 10330
5725 15398
9130 13078
4958 13017
12442 21067
2852 24000
10537 23394
13036 17128
9227 24064
17869 22426
4167 18248
11831 23932
2677 15597
7300 19064
11110 19815
670 3992
17606 21173
95 747
2266 11940
5661 10569
17668 20784
5781 11643
11898 16859
16800 18161
11587 18891
19044 20311
15454 17299
2353 17745
14647 21857
8370 21232
12382 15246
7440 13544
4866 19971
7712 8863
12790 18056
2004 22672
1112 23511
15210 20425
7871 8563
3126 9242
10369 16602
258 9192
5729 24286
830 14977
10352 15377
7005 16903
23 15035
1919 16958
20018 23022
4194 19258
1246 22186
13455 23664
4869 19640
4129 8033
14579 22163
18139 22877
20316 21826
5569 14399
12719 20881
10224 22842
6908 10012
10496 16370
1624 21021
11311 12233
16259 21317
2833 16983
5447 6105
8199 8461
13709 23836
6205 6660
6681 19101
3584 13973
15202 16874
20796 24150
14626 16609
12440 14001
8410 16962
109 14915
10798 16473
5303 11052
8701 18752
12880 16818
1227 13851
20552 20660
15089 23850
246 23896
15589 21713
11647 20273
13850 20963
6720 22768
17468 20525
5579 11584
7693 13965
290 3067
19767 20942
16089 22017
8296 20333
12324 21887
7208 14080
374 19699
4119 13289
10773 17492
10683 21111
1759 7362
2150 7509
3119 17122
2484 14090
2657 16313
11428 24085
20720 22962
4153 10707
3458 6551
14577 19706
1960 5709
281 17599
1308 21738
16686 19472
13155 21749
17459 23614
4478 9129
3674 4076
13317 20097
18503 19039
4220 17327
4045 22347
3583 22400
14383 14411
3617 11630
2344 3277
7990 18408
2687 24379
5851 10753
713 11754
9424 16698
5584 21969
17327 20786
236 19004
13174 24399
5642 23614
4720 21329
22289 23532
7512 17981
6040 11428
16406 18724
6442 19315
2974 16041
5469 19042
19502 19608
3299 13479
22841 24033
4171 21090
2040 12140
11806 13351
4097 18097
12648 23087
13517 14238
8158 10948
8138 20121
12517 21258
12945 14120
13427 23537
10335 22595
2153 18861
9035 16855
4980 23398
13511 17503
396 12573
15013 15319
13880 17620
15308 18726
2829 4778
432 19079
11258 18936
4758 24451
500 11651
6568 12459
443 20391
19460 22803
13848 19579
11432 21763
4280 18978
10289 10371
630 24108
8755 9273
13242 22496
1267 3799
6000 13846
698 20069
4936 21417
6133 14763
8783 8951
288 24067
7304 14711
18945 19228
1636 4524
10388 12791
3185 11279
11315 23169
3602 21970
7125 24193
1249 9615
551 16799
4883 18983
6019 22338
2467 21242
21031 22812
14951 16641
2872 15535
5076 8525
1070 17212
13243 16232
9563 20241
2542 7805
3954 19918
18713 20005
2995 10615
5578 10240
5340 17405
13954 20059
19279 22523
2323 2720
8472 18542
5314 19730
9458 21937
752 15202
506 8433
7456 16429
15586 16224
12482 23203
6631 21817
407 12167
7439 18973
12828 21478
9449 23273
5687 6571
11209 22310
6095 11341
849 21993
10313 10337
5228 5315
11728 21932
1211 3625
3585 18660
14038 15294
19086 22105
2629 10013
16460 17823
8039 19128
8331 12472
17841 22602
3298 12454
5922 23671
418 15171
4167 16424
13887 18417
1641 3319
5870 22809
12911 16432
467 1087
19465 23939
14792 15706
22262 23663
738 8935
6719 22195
7638 23737
987 20189
2293 13308
4360 12035
14211 20393
20935 21683
19479 23302
18945 23732
13458 24002
11953 18978
13278 20083
924 13170
4449 7296
11704 23612
1773 7571
1569 21193
18041 20623
21467 22869
4424 14225
3573 9096
12055 13146
6622 13711
5283 16303
9043 23025
2581 4252
5626 8834
10375 24103
2461 15797
12996 13588
2190 3309
3091 4852
8414 18037
164 4035
9498 10579
8254 16796
13078 19383
7817 17321
10497 17743
22376 22973
346 4873
22120 23655
7287 18059
12148 13791
14640 18215
20143 24405
6489 8965
12878 18438
5566 5902
216 7885
9033 10406
10680 11190
17515 21862
3342 23991
15799 17802
765 4858
554 9798
8646 12650
16055 22665
2110 19040
1407 20452
15358 21738
7325 20585
19054 21355
2762 23078
6917 20451
9291 12465
10615 11798
9708 17060
7313 22707
2709 18064
7446 18186
14888 17418
12032 23714
16002 17160
14811 16620
2896 23369
19367 19980
2501 22295
9972 17494
1366 23223
10032 17960
11951 24326
3622 11126
213 9001
17277 18483
7175 14452
1139 10650
1659 9285
11903 14023
9083 15941
8680 13896
10211 18244
9691 14978
2178 10349
139 22723
20746 23830
14050 22763
4555 21563
17250 19117
3428 7312
5224 14818
3327 21999
20087 21903
3153 4314
8418 9106
19459 20624
2019 9481
11374 14785
1507 8708
12208 19726
5574 17369
12687 17294
9804 15817
17823 21548
6116 14427
11684 13391
3695 13559
3258 5782
21462 24429
12297 13637
607 4080
8776 11073
12927 22206
11433 17906
9177 17584
15293 23973
3032 14216
18579 22422
3605 23652
7779 10193
5900 21657
11550 20283
8676 10580
9445 22190
2068 21322
22807 24389
21041 23598
14027 20523
762 7167
5156 8662
13996 15984
4877 4993
8281 16193
15761 20139
2538 15548
12545 21240
810 20876
39 18493
5551 12695
12877 22440
17096 22804
22334 23241
4066 10429
6536 12957
8749 18381
800 17509
7872 11372
8955 21655
13810 19410
10909 12766
3336 12691
3409 19256
20518 22330
11999 23256
6587 19160
14606 24365
10770 20421
1322 8710
7209 10255
7201 20305
11216 21411
2712 13337
11579 20391
9979 16189
14270 23234
1302 10537
4091 9944
820 2818
4403 24063
2745 7660
4625 24213
4002 9807
7037 14052
3777 4313
9365 14717
17718 18254
3603 10346
17647 17954
553 14530
18212 18992
9228 18934
12288 13388
4656 18025
6157 6219
9523 15708
13207 17852
4089 6836
14088 23798
14574 17738
21564 22589
21704 22833
4898 8782
6659 13990
7315 9243
12854 19953
7487 15862
4723 17619
11996 23477
16167 24244
5759 22424
12837 13566
11036 16550
11797 16721
21149 24431
1632 20873
5621 23021
15922 21636
3726 3886
8607 10146
3320 4209
12362 16349
14156 23240
899 23165
14145 21193
1776 24462
11760 15298
3949 6040
4344 22038
8461 19869
643 20480
3057 4328
15051 23440
1906 23128
1711 5555
9857 13741
9682 20174
14422 14865
8958 14474
10176 21442
13484 23821
3076 23558
6735 20700
7370 24122
2779 6680
5483 10913
8126 14538
15719 17801
7461 24285
17253 23510
4596 8488
3389 22296
10679 23692
14736 22956
840 1227
2274 21551
1249 1725
5263 20268
12044 17312
14173 14404
15414 15527
3591 16009
13108 17938
8680 20402
5121 9439
17136 19392
1634 4319
13853 18925
8227 11326
4613 22280
8643 18990
559 20852
16905 24383
114 12408
11695 17012
20571 22126
3118 9742
4542 6281
15841 21854
17357 18531
8225 8545
5115 6870
6484 9695
2987 11882
4630 22126
3668 16200
8321 22066
19941 21530
5664 6952
8237 12544
3873 9043
10214 11238
6604 23079
7571 13452
3528 14855
4161 20685
3437 21411
8789 22197
5111 17462
357 21515
17685 22568
4649 15451
4304 13748
8096 10832
15726 21808
11609 21378
2706 14392
17207 19707
631 8817
226 13275
12507 19496
2840 15268
8201 23092
11632 15018
20809 22521
12995 20548
4501 7803
10655 11788
12453 21575
5576 23119
10625 22053
4460 6395
19208 21581
6176 19508
1834 4461
7694 10241
5379 14151
13354 22332
8558 10191
8968 18242
13553 23645
1956 20680
15541 19709
15391 18124
7767 22277
17974 21829
1169 10969
6022 11878
8141 23745
3816 21719
12678 22439
5760 8155
12488 13118
3842 7280
16169 16252
18443 22689
11735 14514
8225 23478
14974 21093
7052 20493
22273 23327
8980 14603
1188 9818
3540 4809
513 23838
307 4828
16546 17715
12605 16687
1712 14963
7510 17369
7969 15005
7057 9783
1187 17724
7858 8406
3636 16157
107 8300
15740 19292
869 6367
3179 23235
45 2745
346 14341
3300 6795
10387 24052
4030 15528
16145 20626
9172 13288
3441 10920
1733 10809
9590 13665
594 16777
2375 3615
16739 22141
13346 17627
12078 21995
11798 22653
19580 23574
1039 4896
6407 13477
4832 17605
3549 22368
3567 4880
7698 24040
7795 21464
4316 5597
15728 17182
2626 18068
5902 23078
4870 21723
3530 17148
1813 17007
500 20888
10820 14808
9501 14513
7837 9974
2579 22306
912 14899
9298 20244
3353 17796
7796 12053
18465 19201
420 23845
9707 18697
2891 5092
2867 10556
11713 21602
4189 18670
7394 16046
13166 13970
19169 19295
15982 21775
2836 16699
16407 18859
2980 15370
3999 20075
2817 7611
3678 11682
7449 23949
21688 22245
14280 20198
1265 1274
3834 20415
9507 14558
8044 11446
954 16682
2776 23748
6986 19793
993 10667
2703 15252
417 23801
2589 11605
20363 20490
11946 20933
15258 17986
11506 24023
15752 23360
2254 19223
5045 11888
11175 17322
4205 11298
7158 9945
8787 16483
860 19671
13108 20974
5829 10283
1277 16180
5139 16051
13045 17882
416 14466
10348 23705
11612 23918
267 20442
5883 8474
2536 13316
1332 16216
11835 15858
2664 12270
9728 15816
1175 1540
6308 7386
1289 15366
5327 13432
13155 16307
13331 21082
8535 17302
14160 23014
3120 16805
1709 18865
720 18648
16969 18114
18527 18569
20873 23067
4659 14980
8343 14391
4901 17194
14991 20661
14552 16950
738 20481
21917 22245
9039 19114
5502 20783
4644 15759
12903 16470
9908 14938
2870 22873
389 15770
5100 20598
14877 16934
838 7887
16869 18679
13305 22346
8476 11138
8081 16905
4574 21966
2417 14896
18551 22172
20289 21796
12388 16637
14499 21478
486 20027
3001 12940
7259 19622
9439 23371
1625 15064
5878 13818
4917 13327
12762 14998
14287 14975
5696 10167
7661 14399
1428 6306
11678 20568
1421 10700
10103 16925
4355 19034
12699 17271
437 12939
9487 11038
3851 17841
3397 9740
20224 21780
11610 18648
1933 4387
1186 3327
3798 13745
9398 18129
2763 12724
12290 18693
4847 10285
5503 23714
1702 19755
12783 18714
3341 5638
492 17018
3503 4772
8215 10257
5651 11780
6498 24319
14455 18851
5111 8241
2245 3882
3028 19707
8946 15278
1567 24347
11768 11979
1750 12925
1748 13761
11235 22221
6403 22318
1845 21263
20686 21217
17207 18074
2964 11492
2847 12983
14286 14779
3012 5756
6252 23947
10438 19765
13729 20008
20980 21800
8455 12609
88 18240
17644 19993
4843 18943
14597 23023
2465 8258
14058 14788
1810 13195
11154 19998
3381 9463
17806 22976
6737 16795
5642 15304
15636 21300
5381 12655
9466 17526
3162 17677
8966 13451
7646 9229
1522 8768
6724 7931
224 9398
1472 3576
6035 14649
17988 20394
7299 19780
17538 23275
10818 12294
9503 9570
6659 11837
5362 13952
7114 24427
210 12719
17611 18182
116 6116
1110 18250
5148 16051
4959 10754
1698 9284
2485 13530
17497 19149
12427 16343
8714 17235
11088 20083
4594 23916
16176 19418
16683 20810
3700 5690
10736 15381
10112 22629
169 2608
6742 9034
10193 10203
252 20875
8531 18883
1575 7758
802 23331
7276 17988
21916 22798
11228 13831
8819 17573
540 13028
2412 14257
60 4829
20501 21473
6928 20769
6789 18046
415 16349
15720 19116
576 8097
5049 17071
7771 17475
19640 20557
6576 19786
5511 18361
21620 23639
8201 17185
7077 16679
4696 18899
13300 15896
9315 19785
19187 23739
2730 9578
1674 24372
3351 13860
9889 22725
6931 20484
6243 23664
7802 24177
4665 10663
19112 22951
5024 8842
10308 10678
812 1522
5959 17794
6283 17744
10899 21770
5562 13483
7715 14878
4860 16274
3176 5856
14091 15058
5268 7343
5028 20888
7033 13772
4849 22116
2512 23059
2108 21566
12999 15615
11575 11897
2023 8086
3375 9527
7665 22990
4504 13266
3166 9704
11817 19088
15358 22396
8375 13472
3145 6120
4418 4945
2664 20905
10913 14215
12833 20489
1659 5273
22303 23063
157 1768
16126 24040
3861 15046
6547 23369
2680 17801
469 16309
3790 4022
8923 14787
15141 21216
17681 17850
3494 3647
9911 11836
2447 5888
6448 8196
11480 22146
6054 12226
729 9368
2905 21235
8451 13669
16874 22646
9162 16953
2235 9037
13881 18016
10024 11526
13328 22382
2751 8545
6266 10423
8600 12312
6001 7347
3295 21893
12223 18971
3533 6153
3747 23792
3603 10161
5344 7124
2339 12828
9447 17862
20158 20421
6726 15728
1288 16494
6008 23997
18389 21116
6056 22342
8908 15416
18692 21010
312 14960
4652 12483
165 17324
2475 17431
18882 24122
3082 13839
20156 22608
8514 8999
7962 23941
7625 9888
14268 16863
10721 16116
548 4187
11648 23297
4360 17460
5103 22469
18120 20130
2631 18851
967 15957
17248 19162
8006 18752
6543 6570
15021 17318
11523 21716
6221 9355
8361 16506
14196 17334
9279 16158
22284 22496
12823 20229
7978 23255
16743 21753
3243 9296
9116 16125
2612 20664
13118 19454
6644 23623
22932 23952
7034 24365
4068 13791
10581 17836
5831 12991
6125 12282
12373 14671
1091 12064
3197 14440
14497 24378
8451 17024
6828 18993
3415 7946
17195 24188
6620 22934
9251 20548
8970 20458
16723 18888
10312 13191
2802 11377
17342 19338
19488 23135
2796 23768
5514 23858
3265 19319
13813 23784
6264 11345
20161 20355
8488 11863
10467 11851
10188 20028
9558 18813
4854 10868
18297 22542
12417 16313
13696 16871
411 4923
5078 22512
4899 6485
7129 10993
5052 14520
20522 21647
12012 17689
10201 23154
2077 8777
1130 18658
15041 17822
6218 17389
3079 22653
1630 3583
158 10604
15020 22057
7392 22655
9911 18252
6710 21105
10206 22581
9797 18205
10650 22838
10318 11196
172 22248
1768 14810
9468 14730
252 15850
17089 17992
10968 12259
7065 18728
6054 21702
21096 22156
1680 13779
11861 12465
15075 19976
5194 17987
3000 19995
19253 21892
10878 13388
13406 19509
4788 12462
4351 14988
4050 4090
16522 22807
6142 22953
10936 19817
13834 19075
5280 22199
17188 22840
4383 18436
6263 14434
6207 20001
5499 9936
3183 20290
160 15392
10890 24104
1071 22246
5200 12588
300 10846
12455 12625
11430 20631
3607 16053
11774 14756
1190 2645
9737 14757
4305 11344
9241 17116
8377 16009
12742 21232
11868 13120
17157 24323
4139 16605
7961 13115
8124 18502
3063 7895
12037 13958
8171 21692
4204 5240
4117 15641
227 18543
987 19384
8853 15200
9630 19320
2177 6245
7185 20077
1887 20260
7174 14758
9977 18923
17538 19372
8127 18302
1495 21462
2048 11425
13551 19270
1429 5767
7317 22686
16405 21951
6643 13324
3396 12927
4778 8335
12715 21426
11837 18234
1595 19817
486 15276
13355 21193
6089 20924
14650 20272
15087 19866
8568 20055
4738 4991
1891 5905
2055 7620
6901 18127
17250 20731
8153 12854
6606 22768
1120 5671
1869 2010
3519 6687
8257 19929
13980 15744
12966 20389
10519 10563
13937 18752
11197 23027
9942 24256
20212 21224
126 2168
7049 13467
4146 15994
13205 21694
18368 18410
5368 13542
19381 23576
3638 12204
1707 4772
13309 23655
8448 16357
4276 20423
2302 19367
2431 20222
21169 23288
1446 4501
412 22217
6768 18525
10957 17427
2275 3337
5180 20454
7406 20575
4804 17402
16570 17490
10884 18234
4846 23450
2417 4586
2064 9974
13181 17676
4065 6691
14670 16600
3325 3921
13281 17064
11987 20214
9087 20004
86 8054
17325 22614
1318 10250
5055 8268
7720 8717
10523 14210
20287 22942
16642 20967
4858 4973
18406 19831
10532 21553
12290 23006
5100 7103
19380 22389
16436 21533
7914 16267
23867 24409
2996 10592
11786 17915
6610 9808
9638 18006
8576 16194
13366 15036
7878 14871
15370 23570
2436 5341
8948 15791
11038 21401
17283 18524
9574 15503
3160 6559
3628 22620
5523 16652
8204 11930
15611 17728
5704 15537
7329 20010
4804 20132
1511 2026
1031 14633
3652 12290
1105 5465
13376 21979
15550 22494
1337 20263
7944 16162
15840 15856
827 4107
3664 14537
14532 15025
5004 12030
4543 12150
16613 21526
5738 6968
15611 22848
6045 13794
15140 21650
16676 20463
13264 13947
17837 18723
1026 12337
15489 23725
3788 13337
9719 15173
6127 10310
3520 9664
14202 17882
2640 13115
2284 5615
17290 17844
22424 23090
5445 12759
4621 23492
18513 20352
21110 21832
2496 24465
3530 11879
21342 22366
6220 7830
15300 19510
1311 1497
11839 18804
5878 11210
4213 17119
8313 21629
8091 14677
5022 5382
7449 23412
6459 23628
11538 17965
1398 4811
12219 20568
5224 21675
9888 22101
1445 12148
4949 20961
13968 21594
4409 10550
1318 2579
383 19188
1586 7417
12521 23582
6013 22126
900 2254
13874 21756
5887 21656
4819 17505
188 4664
19222 21253
6829 15775
13438 17345
5132 13686
12117 23348
14093 18635
7088 15080
14761 15509
12406 17312
15158 20617
19298 23204
9435 21104
2935 15001
11921 22299
14502 15619
10955 15908
13860 20871
8430 9608
8438 21603
4242 8966
2381 7986
6018 9889
2372 17529
843 5150
22594 23339
1176 6912
3994 15445
1825 24391
12416 17274
4112 22661
6748 9856
8712 14130
16803 21598
4140 8859
15898 23475
7202 20557
417 17771
6890 24266
4878 11102
13739 16008
8885 22142
11904 21697
6842 20112
7221 7245
3359 10795
2303 17286
1731 2293
1855 18830
13230 15821
7706 11453
2820 8485
19400 19565
12417 17750
5060 20455
9082 22920
4718 11724
3331 6236
8985 14704
13387 24265
13693 21893
1253 7029
5371 7068
3821 23600
20820 23366
258 23942
6881 23264
854 6347
937 3684
16885 17088
8704 15077
7918 14227
2015 24018
10999 21521
4752 23725
20203 23592
1717 5859
4066 12803
6013 7114
1899 13720
7107 16118
550 2858
6353 11919
10196 13517
3095 18568
9428 19457
3049 9343
4606 11687
15975 24311
5688 19435
4399 19067
16893 23279
7660 15410
3035 5357
18048 23126
1337 8427
879 2169
2488 18657
1842 19112
474 820
3319 16237
10429 19299
3216 5517
1887 4279
9579 21173
13535 20830
13573 23712
1634 15878
22399 22415
18754 19028
8177 8441
14349 16872
591 15100
7350 12161
3938 19340
4029 10229
5453 22097
2233 2581
2503 12420
7914 18909
14853 21026
8678 16067
9785 19368
4472 22542
5321 8682
6048 21333
2899 12711
4305 10517
3800 14302
2228 13223
18088 20080
12110 19104
13417 23744
5713 7415
4811 12521
1002 10049
7198 21944
4796 19745
11761 21882
5663 7167
9506 16406
9606 18302
4785 23651
3623 21161
9428 21748
6378 10551
9043 21227
8709 12922
9123 22490
10837 22120
2706 22298
2431 22670
5936 12908
8157 18149
6062 9452
18805 21569
21649 22296
3493 15438
6469 17993
2238 16414
8469 22315
4150 21036
12788 17912
8968 17469
6751 20137
6579 9692
17453 22826
1978 15443
6876 9508
4896 8344
4494 15064
5511 21927
6167 13885
13087 22988
138 18211
3495 21616
20406 23703
6418 14888
759 14690
8541 17897
3786 19953
5235 9322
11785 18078
362 8847
9860 23722
15839 21474
10006 16911
7497 17935
15640 21513
2093 15796
15042 19995
6291 24410
3167 15316
437 13909
9135 16746
14076 18548
23634 23709
3055 17600
17592 20110
7511 18687
9662 22028
13513 16868
8275 18787
17702 23853
6144 19151
1879 22519
1629 4479
4544 8102
18647 19422
331 23442
4966 8369
23413 23473
10597 14182
7780 18896
4346 5806
3373 6730
14609 18913
10354 22604
16692 20661
6685 19238
9857 19274
8478 21529
4280 6659
5105 5933
5921 24304
4343 17350
13330 18489
638 13317
22017 23991
4157 5786
9174 22182
22969 24006
4482 13263
4217 18234
5453 7448
12375 22083
4905 13678
2628 9361
6009 8445
3987 16311
6504 14608
5891 19409
635 1300
16179 16763
432 20420
6997 10092
7010 19290
4070 8144
4356 6431
3324 10662
5512 24396
15296 17851
1686 3327
4518 8095
11827 15803
8615 22804
15505 23864
18393 18803
16901 17022
8240 20422
8717 11210
5128 6974
20967 24160
19302 22620
3696 9087
5046 14421
10289 16763
17561 20616
1330 15013
16378 17258
11600 18690
12781 14226
1645 18992
608 6898
4715 19665
14668 17177
7059 17984
11208 22910
4755 6764
1957 19105
17289 17870
4418 6659
7850 19293
7091 22554
2226 6720
2538 12907
3834 16044
2215 9209
4405 22673
593 24288
1584 19392
8811 11427
605 6029
12286 16934
13204 24070
5588 5657
10957 19103
2172 14384
16202 18552
290 5813
5843 20602
1890 7347
9461 13909
870 8705
17829 18640
6393 12179
14377 18114
8120 15287
17637 20664
1412 2131
2971 19031
17521 21017
7258 13494
12182 23655
12268 13164
4418 5528
13142 14768
12510 21484
3832 20757
8703 16232
8907 17342
6125 21940
16251 21297
5869 6547
6701 17950
13409 19380
2586 11489
15896 22901
7 9908
5603 14163
15646 20625
3343 21724
369 21101
7084 17819
15045 15185
12979 19767
1709 4190
1895 12710
2521 18713
9992 19613
4089 11962
855 8262
11250 23220
225 3721
6021 6212
11320 21704
2119 22895
5234 12829
524 8835
14227 16178
7895 22049
48 4049
1718 8565
4400 20846
8127 10359
8540 11979
1121 11485
7165 12486
2858 15257
3565 6047
8838 21066
5092 20849
18741 22010
14495 15254
8110 15760
10548 18055
4070 11953
1717 13377
7950 14087
1220 16736
18061 20358
3982 4652
7806 19293
124 21658
7885 21936
2613 22879
16410 18417
4148 16766
12300 23232
10075 13495
17685 23376
3744 11588
3663 21683
96 19474
10064 10973
248 19363
16233 21435
1332 3374
14529 19301
2245 4502
11068 11684
7243 10306
8697 9841
16613 18112
19767 20510
7966 15245
5169 22865
17129 19533
7175 8564
6824 20355
148 24443
510 2327
5985 18536
13289 23168
1577 9179
16136 19305
6947 20741
11470 24377
5705 8921
12915 22223
6513 19550
72 8894
8475 20910
20069 23620
6041 23700
16830 20547
1109 16645
6545 9704
9903 12518
13988 14952
17342 21727
937 22918
521 5994
2442 8834
3905 17854
10209 17262
1262 1349
21183 23158
5430 6839
13492 21857
10342 13640
10509 11741
19396 21763
158 5135
20845 21349
3287 5468
5415 23101
7291 21453
3707 13529
11374 23028
15100 19377
14843 15786
9909 22514
9744 17098
2159 4656
20562 21997
7810 22720
13945 22558
2326 23181
12238 22785
4643 8613
9765 19386
4739 17316
10897 18285
13953 16674
10845 14457
3287 18998
7740 15042
18833 21605
6915 20192
13637 17100
1594 24322
832 19813
18795 23985
5362 14592
6753 7040
11936 24184
11662 23419
6781 16974
8987 12399
2542 7387
3592 14716
1762 19434
8937 16598
3601 19872
1482 4717
7555 10798
7825 21610
1622 4486
6548 10975
140 23345
7564 21628
3970 16265
22348 22907
12214 19511
9247 18493
15370 18818
8924 15172
9240 13864
14354 15431
3745 8087
1456 17687
682 7002
7307 19973
6526 15898
3135 20794
2173 20855
13787 24040
567 20572
17369 23139
12813 23858
8760 21473
8806 10253
257 2986
8860 10491
7352 9420
1238 22405
1879 8923
10833 15744
20867 23924
8608 23111
348 16368
5357 13636
7811 8153
7154 17234
13291 17917
6247 23253
8741 13480
2688 10777
7397 16251
765 6169
14687 16334
15606 17688
2974 7626
933 17265
8772 11298
4348 22842
15921 22347
4354 17134
22646 23861
7308 22801
2209 16757
1855 6039
19184 22051
4326 5698
4161 23120
18023 23550
7308 11082
7920 24195
1855 9496
1505 17169
2446 20497
1129 4810
2132 4657
952 10515
4329 15586
6379 14316
2198 13690
11944 14878
10425 22753
84 18799
13529 20845
9092 18527
2245 10262
7479 17938
14617 20689
16627 22471
17667 22535
1677 20143
10760 18259
4281 10064
14554 17693
1914 6028
3687 14636
810 18779
489 9939
14223 14436
17214 17324
1760 21294
10834 19552
14949 22578
5561 16017
279 16992
2535 17777
15107 22080
5390 20055
10913 11626
1833 19597
12541 19085
8858 17548
2796 18131
1440 2540
16416 17331
14266 20513
13516 18031
3513 8226
3233 20468
1032 21473
17627 22917
4979 11597
8475 21463
10060 18555
10378 13253
18730 24027
7540 8812
5492 23249
9206 19296
2063 10030
6555 11970
2112 14326
3370 14091
7445 21156
19543 21386
3175 14679
357 19880
7409 13778
10171 22427
15341 18741
2926 6593
1278 8081
21768 23332
18583 23218
17775 22750
13901 18049
9915 22136
15009 15893
18852 19830
16103 18680
1985 13836
1906 21394
3476 6996
11951 19355
12331 21786
4294 11519
5196 13967
1608 2633
678 9621
10598 22364
10298 20805
15863 20484
3394 24133
11063 23046
9649 13280
15000 23991
17285 20845
8832 19882
2499 5339
7566 10392
14705 21799
3163 15107
262 21889
20643 21524
14508 17909
116 14724
4223 8377
9538 21790
662 9931
16283 22454
8184 16102
5846 20036
16591 19916
6459 8919
16246 23644
723 14463
10074 12618
2609 5083
18386 18778
2979 3627
5776 7415
3964 4984
9379 19109
14275 18836
7960 8923
7686 15739
10720 15665
270 12535
10313 19781
19534 20344
10703 19529
18815 20402
9075 23841
12116 17742
2073 6522
6457 17297
11047 11733
4022 4602
5941 7605
16065 18397
10153 11095
4566 20482
16952 24300
9637 19662
21620 23186
4562 21121
6918 11528
5541 7689
16690 16941
905 24324
8 23586
4431 17354
451 4731
1956 2101
4397 9343
15522 15916
6944 24011
7455 10369
14011 23253
3192 21803
1805 16243
3144 11479
14990 19639
8048 12397
16806 19588
3732 22973
6321 10171
11552 23611
9068 16858
19116 20451
6377 24077
14752 22912
5542 18876
6310 10263
1232 12273
15241 18780
375 4888
20301 22199
2178 15101
21430 23111
12592 13335
10574 16041
2616 17592
10689 16754
14284 18782
9645 12460
10301 22651
6732 15435
5670 12006
12284 18268
9193 17946
9871 20392
6644 22481
5386 24366
6111 18307
7713 11255
10135 16628
433 6965
6954 14545
8780 23263
11590 18017
840 8796
6639 13067
366 1313
13634 21097
5306 23436
8750 19834
11543 23358
16722 21241
5318 23274
12350 14526
13467 16610
10154 13446
1041 15615
4994 17429
1461 11830
387 10751
19315 22848
9327 21846
3399 10803
6370 22248
2978 22685
20284 24469
6218 16128
4251 7536
7116 22370
13636 20004
938 2244
3970 22874
23102 24110
20564 22640
1320 3040
2510 24421
16782 17762
5475 22401
7690 15719
1759 14852
1198 9188
6991 21577
6657 12159
2457 8106
4152 8911
5021 6684
3956 8150
4080 15648
7248 10328
11083 14130
18718 19296
18386 22405
1496 11485
3284 9786
13937 22417
575 5106
1767 18686
5857 20905
195 564
2446 20918
23956 24095
1721 18417
16928 20989
1133 16836
9190 22623
9569 23821
17023 17927
13030 14593
22846 23397
11354 20322
802 8669
1511 22851
1804 14142
16447 19641
11182 13705
4582 15068
16193 17138
1341 2798
7946 16260
21644 23229
1929 22429
1368 9024
4631 10650
7690 18576
18623 19452
2228 20940
3793 14973
10341 18409
1797 6485
10288 21616
16529 16540
362 9540
13584 17357
8988 20435
12740 17037
11968 15767
6807 12645
3482 19143
10816 16950
5103 21109
14942 20650
11493 16187
10313 10573
1688 8782
10930 11496
3684 22008
4468 11022
11375 11662
4908 9499
22318 22338
172 16777
9777 13617
3149 10554
10464 22893
2162 17012
17629 24060
3622 17054
2993 18745
7723 19748
2560 6496
4768 8192
2496 22851
6051 6213
2412 21415
17738 20030
10072 22925
6310 17585
7294 22290
11457 12122
11797 22217
6233 8498
21236 21914
2504 23204
15127 20103
10216 15880
13491 20892
7552 16597
6793 8843
6507 13384
4954 19745
19436 23413
1010 19420
9764 23270
14428 23946
126 6429
988 3766
9531 24361
16663 17984
9488 12760
4980 23348
6367 21446
19347 23230
15200 15735
2477 5807
8591 18545
773 21878
8296 17964
18895 20597
4158 7712
12192 23956
7230 21973
8696 22176
1819 9501
10420 16908
10079 17121
3253 23295
1315 22318
6315 16504
1954 13454
7345 20737
17652 23274
8273 13425
20558 24344
189 12647
5621 19587
12927 19040
7726 22358
4857 21282
1650 18802
10670 20861
4462 16751
10718 12251
10191 12459
13511 20683
2981 5476
14387 21944
16090 19993
9823 10233
1932 18984
19399 21522
1518 10434
7708 22282
738 19359
9837 20232
8434 15072
16202 17567
6445 18019
17197 18656
12959 19110
8177 17739
1451 4200
13476 21917
9706 18413
6817 20815
18239 23220
21709 23573
7494 19870
5827 7174
1649 6462
10968 18709
8742 18248
3032 18362
7905 21947
15543 23970
4509 22521
2194 4715
14257 18116
6455 10964
5935 24257
2371 4804
17991 20369
6867 17761
12115 23028
5362 18491
3463 17244
3062 3182
2941 21829
14889 15604
11027 23377
16249 21345
2406 7429
16579 21585
3623 18739
5278 17939
19826 20415
3369 15086
18570 18944
14771 24042
22532 24480
4397 11673
17041 23640
6273 11988
12746 19411
13902 18386
5319 16131
8 541
2869 18650
2060 12183
5694 22343
2080 22757
17569 23982
118 20047
11165 15823
16224 16405
1086 13933
2174 14126
18571 20659
6367 10586
2228 24164
11157 22203
4045 13530
4137 10489
13003 20514
3764 23747
14698 21703
6837 12040
11672 17475
4956 19965
4894 8728
2761 23829
3275 16049
12054 17260
7720 20131
16869 23330
11696 14270
4069 4096
10075 11239
685 3713
4239 15308
6430 22059
5881 17162
7716 17513
13952 19992
1328 19094
5580 10745
6028 21312
15323 23307
116 22280
22873 23588
20996 23572
4592 17478
6988 16843
15382 17541
9923 19676
20122 20713
18986 19793
11587 17647
6765 21281
21510 22229
7659 8240
1877 12220
6501 13593
1138 2291
11441 20848
17813 22361
997 18742
1411 17686
4461 6996
8584 24319
4486 5315
4881 8639
1676 4373
4528 8022
355 18109
1289 9806
12086 12159
680 20111
9389 24401
13673 18997
448 21176
4914 12299
9483 14680
9093 21613
5178 5657
6329 16648
7563 21831
2586 18853
8482 24246
6919 10811
8008 17167
5993 22430
10522 11583
22802 23064
8951 20711
2450 3414
12949 16204
8005 23930
20 18110
4181 13929
15169 22610
10304 20399
13653 22898
1925 16386
16190 20197
19437 22514
6954 14433
16209 23376
4053 19754
18622 23690
10315 15287
7759 11488
14283 17513
19413 23357
2244 21088
14924 23984
3410 9666
3003 20279
9077 11047
9032 10082
2844 13860
15558 20354
865 4769
1305 7724
7161 21806
13771 24122
18643 24475
4597 10531
16296 24417
1629 11561
6210 10475
7447 10390
18606 22675
16392 22818
20848 23198
22468 23384
14754 16618
1874 22367
18656 24234
17324 17520
13449 19365
1953 7717
16490 19318
18281 23915
8054 14640
2828 5019
824 23110
9270 10240
5447 6966
827 13210
576 6088
16742 20498
14519 22734
8384 18650
10790 23761
20012 23290
15532 23768
8357 19041
5157 5605
18793 23354
12881 16148
5079 18679
2531 5342
15750 17915
2197 15382
3672 20129
18666 23093
10516 20361
13145 18630
4298 17870
22994 23550
4719 11050
12161 16124
8942 23508
7822 23063
2902 18396
11150 12706
1060 2698
3033 15728
11179 11199
8788 14657
1296 10194
12878 22898
4661 11832
11702 17642
1447 14314
13995 17176
310 14452
15752 15994
7018 16577
2459 23268
908 8025
597 18950
14509 23832
11153 16268
4099 9072
18604 21836
15817 19239
325 13454
4955 18548
7336 19522
7483 15695
14509 22474
11896 14437
816 18450
351 1154
19950 21988
938 6294
1282 9801
13720 22281
2958 13378
284 11850
2535 14303
14495 20577
19378 19664
5672 17430
3591 5640
6676 10538
4599 17369
4994 9881
8590 9248
7919 9702
3446 9810
6753 18784
3661 3979
5072 12090
11717 14387
13441 23057
394 22752
8435 20563
7343 21038
8482 18927
6761 7584
11588 14331
15900 20521
12319 23172
114 3231
6137 18624
9520 18958
5488 13892
20758 23823
5249 11872
11606 13349
14917 17972
13973 15997
2550 23813
4480 11524
16243 17078
2541 10460
3056 7260
7228 15466
8320 19870
5851 13383
13151 14224
17873 18192
6416 7979
13009 24466
9060 11230
3127 3994
2179 9094
13385 24287
12584 16670
15233 21297
7027 22842
2704 21057
11610 23392
8660 15471
4395 4809
10886 22160
12204 14720
11460 13268
8195 20968
11646 22013
15165 18126
3446 10396
7350 24465
15387 16507
19153 23570
10466 17945
21158 24158
4358 10851
3091 24152
4227 18121
14819 15861
7276 11973
3976 15816
13823 17790
3056 12189
20209 20526
4964 11497
20341 23618
16630 16699
16472 22507
6681 12607
12902 22935
1372 16277
5335 12450
6893 7302
369 14616
6539 12464
8255 15214
2031 20896
10267 13795
20155 21770
9791 16685
7588 17154
1696 11195
7911 12682
71 18412
7214 10458
3676 6423
13676 15926
13346 22079
18363 21829
13370 22108
11466 13175
2256 19231
7034 10602
6657 13316
4624 17937
1027 8836
16551 17419
1737 5702
18539 20606
11923 13098
7940 21226
5279 17221
3157 10285
22761 24152
685 7302
8861 20420
18979 19177
10889 19904
2454 4286
2216 5953
1628 11753
6909 17551
8106 15323
13542 22698
1438 3350
3333 7064
9909 23490
709 762
14518 19773
8026 16527
8253 14088
8036 10142
6019 18706
7885 10288
9506 18482
11114 15631
3480 5999
14916 22748
9095 24028
13243 22716
15183 23012
14405 22269
5187 6595
1311 7120
17246 21944
5911 15153
5333 14757
15158 16892
12043 16378
2859 9099
10589 23271
2283 17976
13109 21821
15303 15461
6365 17362
320 16159
550 9379
500 1838
12244 18849
10518 12624
8580 16226
18336 21942
3516 21597
4637 8060
7104 8549
825 9015
19154 23879
4552 19645
9504 12775
2984 8579
2979 4559
14412 18161
3337 8998
3659 19010
18429 18893
1672 6372
6069 9557
9855 20384
11268 24273
1014 13327
165 8798
2479 13916
3551 21489
16423 23604
437 6615
10674 18748
520 5103
13157 14631
17697 19046
5463 9857
2916 13383
12604 22482
5712 8027
4024 8185
8512 9735
8954 10212
10948 12519
3343 3905
599 17015
5246 19284
724 12267
1346 12996
13025 18946
8739 22785
2841 3325
3317 20886
6453 11213
6499 24282
606 18550
11458 21264
5393 11015
12748 15733
12126 13344
3195 12888
576 23412
3409 4445
5852 16601
7482 24410
8615 23779
11605 16439
7724 14371
9293 15691
2487 19943
6306 9744
16782 18139
173 6857
2705 7461
9763 21930
19593 21351
15765 18733
18810 24151
19467 22749
16700 23097
12987 16252
2828 22919
4717 14149
9306 15268
8181 18339
1504 2594
13075 14468
6156 6381
11077 19525
1107 24313
10725 11339
47 7831
4038 20427
7690 10882
5175 7772
4230 22704
11304 13518
7612 14901
452 2266
1232 1708
14876 18988
12943 22174
229 7412
5363 18556
19261 20141
5367 9604
6262 18927
14003 21950
631 11887
8272 22051
580 14045
12721 15446
3963 24352
7395 23302
11493 24325
1425 23549
16452 18153
3788 7908
14416 15946
20277 23278
7969 21455
15321 24001
545 2474
11881 20023
6780 15840
11395 12281
14733 15264
5175 13666
11367 20526
15308 21813
1792 17904
10145 21960
18977 23727
16483 21649
9739 11971
5544 22959
8297 12160
19196 23356
7217 22346
5746 23937
22471 23174
2268 14708
2065 13555
14536 22048
2001 13813
18452 19030
20010 22063
5156 10091
6105 22343
15363 23172
14508 21174
1069 4814
12125 19855
17477 19204
16365 17116
17979 20364
3282 9937
5840 23565
12084 17303
12409 13797
14277 20603
1403 24121
5175 19682
8683 17027
6267 18666
8781 14082
15362 17637
6736 11821
4151 8769
3180 8510
9497 14146
6779 18353
3421 10613
14841 19330
5083 15600
16944 17963
9855 17304
1874 12863
18126 18270
8242 20145
17255 23195
13992 15928
23182 24427
1949 4042
3269 15047
5758 6936
4688 17143
7134 22260
14712 14765
2551 10906
12674 19058
20372 22564
1047 23105
14119 21888
4026 21327
1926 20203
13368 17421
15348 18047
11465 12433
4367 5676
1269 18296
8968 22300
2093 23610
4717 11647
950 20581
6109 14826
16800 20587
848 7899
906 14263
6794 21179
14799 14809
4422 12875
6969 13511
727 12160
988 7673
2973 17703
12679 16747
3955 18045
3732 15064
8447 23841
5433 7007
533 22092
2574 21504
3747 20845
1149 4243
9254 13146
20715 20917
4168 15902
9710 18042
7947 13611
4405 8425
15525 16194
3919 12323
6359 22569
7308 15795
994 22734
8181 9286
4716 18274
9510 15124
16088 16420
17799 20683
5563 11381
15621 22869
2460 3413
513 14000
9198 18734
2795 23645
4666 5213
11975 15772
11575 24083
3067 14019
17578 21186
10752 12106
13913 15148
15271 18688
11671 12422
6061 18525
587 21515
5430 20422
6647 7979
4711 13450
9199 19574
14947 16439
8951 19627
5693 20759
20338 21400
6031 19391
6920 14283
3564 10343
5845 13787
13626 17274
16930 18430
8692 16867
1943 24188
3953 9823
3657 22412
8771 13422
8584 17394
5874 12310
823 23458
7044 16384
11846 23950
8995 10257
9637 14225
19952 24333
9824 10351
13700 18158
4749 14234
6249 20461
1656 7991
11862 22808
14970 18254
4979 22662
18332 22794
10674 21558
10852 22822
2397 19223
14517 21127
13638 20650
22523 22909
15792 24266
18764 22424
4027 22977
6739 14281
355 23358
177 20757
12443 20277
5067 13235
5294 14811
1734 19011
16660 18297
5378 20434
3052 22537
12975 24230
8010 12319
6950 24353
5729 10544
6470 16963
8068 8600
3278 10521
4725 18942
874 21088
10646 21148
17672 18332
15427 20690
10310 19469
2083 3782
22355 23477
16582 23130
6559 23671
12210 21221
11027 16340
4258 17266
22973 23978
5451 9003
4128 23868
6986 15548
3838 20728
23431 23765
10235 16928
1854 8648
8522 19802
2814 7508
14428 15009
5828 21644
3698 15327
19369 22217
11115 16382
4764 21196
5703 11663
5285 19393
3272 14187
2723 6449
553 21878
364 10310
434 8909
2942 7222
8395 16052
6493 16134
3232 11047
7657 22393
19427 20903
15075 23878
10356 13278
1456 12241
12358 22437
2302 5795
13425 20059
1242 7631
3353 16810
1643 13160
6981 21803
2475 17906
148 13999
6456 14308
8169 14573
10014 21675
8326 15438
17199 18343
1330 13643
4703 12733
16172 20928
9480 18267
21622 23355
13070 14252
11696 22526
13779 18613
10323 17448
10514 13186
3950 21689
3117 21857
7548 24068
9919 10272
10960 13122
22121 22970
13124 19017
6793 18394
4877 12690
8244 22054
4980 14556
1382 12281
12743 15498
5051 11422
15023 19668
14460 14573
3588 18382
9164 16438
5443 11595
304 11470
6304 19415
12729 23536
14906 22380
2252 5333
19929 20036
16259 22594
12918 24174
1831 10941
15120 20049
4924 18573
863 16584
4392 23097
6607 13058
16017 24218
17653 22890
6900 22544
3800 14733
13893 13935
10902 23986
10507 23379
7156 11786
8516 21539
20748 21342
11213 11740
6484 21417
18949 24266
11187 21340
12809 23398
8254 19995
12968 21434
8958 22659
1675 5872
3749 11714
12252 20169
7289 13856
20248 23534
3268 4179
5173 11788
10809 15080
9723 20560
10256 17936
11177 22175
10111 13946
13773 23555
7244 7657
2689 13671
3939 16125
11682 20555
3382 16547
12457 16041
7339 20856
2138 19995
12348 16290
14457 22606
11900 21459
5679 12295
6258 21241
20535 20982
2401 17081
17436 19177
8525 16337
7448 21447
16413 17958
11959 21359
1213 12650
4806 9289
4877 8612
6903 9861
15087 17123
22527 23650
10316 16589
11466 16789
19897 23485
9 19023
15561 16217
15671 21628
11882 13683
2784 3612
3712 11892
6794 14158
7189 18469
16245 20583
20210 21642
275 10218
8260 16405
12797 16363
565 3609
9291 12512
9725 14238
21946 22003
10719 17763
8569 23584
908 9202
8543 17195
4086 19672
5561 20997
19223 23129
11495 18881
2943 22645
13973 15896
12822 22607
9046 21094
3831 6635
15463 19945
5854 24066
1443 7127
18425 21745
11534 12657
21941 22694
14346 22568
21112 22866
13227 18764
15639 24392
290 18777
1671 10881
2645 19885
4339 19619
1490 22126
390 14568
1890 21767
2399 10270
10662 21551
11966 21408
10672 11203
1636 2360
1590 15142
7733 18178
8330 11923
12485 20059
8396 12841
5379 6205
1349 18596
3858 16314
18061 20946
8088 19416
3259 13606
7755 19179
852 23699
13297 13788
19549 24390
7415 17008
3112 8483
3843 13111
17927 18780
8593 16942
6686 11611
14712 18993
1839 17685
8417 15463
7368 14161
13057 18265
16359 21690
10598 17629
6320 10028
8333 13705
6878 13786
5705 19662
4075 8409
16057 22315
4903 8915
5393 7332
5603 9379
16983 17768
4428 8810
13201 16269
2409 13998
1882 21897
10628 22394
22158 22751
10831 11551
8579 24380
9783 20504
5492 11599
1294 15397
19427 21349
4635 21876
3189 15136
7266 20933
3362 18376
6421 16796
1763 13262
5009 14985
17586 23769
1154 20769
12142 19379
3232 5824
13365 16945
7140 16529
2005 22690
23249 23927
15968 17685
10796 17767
1457 7300
19589 22280
19940 23341
330 23933
18241 20837
12975 17244
7891 13527
2979 16221
9599 17634
1124 14833
10777 13312
6304 14057
583 14100
8892 13426
6265 19858
244 15012
6642 21449
6483 17705
268 15796
2495 11172
12329 19362
15439 19745
3691 10838
15904 19441
7924 22928
9677 17004
3170 9033
3556 3777
11446 22272
12679 16488
9808 22668
7744 22549
12139 19276
1405 12067
20581 22850
17866 23595
10951 11257
19941 23190
11716 16960
1120 5849
7883 8604
1849 21475
498 3346
17899 22410
5473 8017
9322 17230
9623 19040
474 17394
5369 17278
2054 7677
3088 13545
12598 18669
15943 23058
5103 6538
13417 13714
10611 11479
12151 18766
5734 6936
8227 20508
1116 15315
21458 23618
3389 10084
576 9857
7527 20322
19943 23309
7966 20867
10024 24428
10726 15768
10538 19554
3665 7252
5465 5920
5182 15893
7258 23892
10947 22109
696 13887
13180 23721
3358 6695
644 2978
7694 8686
8223 23862
14068 19311
552 22973
7055 11189
18741 20649
10892 18347
7463 21490
15319 16657
4891 14790
3776 24037
10380 11969
4341 21721
737 22343
18482 22861
5529 21977
1812 21975
5856 20137
13777 24145
21500 23329
13764 21154
3695 23461
4820 19138
6556 20148
683 23213
16389 18663
191 22425
5967 7419
14305 16820
11116 19588
5696 15803
18270 20485
10942 15573
11670 18163
7479 12826
6825 22930
19384 20636
7025 22786
17437 22198
3314 15614
3064 14588
2136 19950
15415 20255
6722 23741
19154 21515
19259 21961
2532 7078
260 8822
8155 8810
13304 16591
1590 23549
7072 11787
460 2471
1454 22978
9688 24437
10928 14164
18198 21922
15864 19040
1783 11251
1306 22783
16311 24295
15223 23470
1861 5051
4724 24318
8215 20270
5571 13641
11103 12742
18653 18991
6515 15191
697 24198
6119 18544
21511 24173
18379 23473
4666 8068
14170 24140
81 10732
352 12192
16924 17132
467 18886
11888 12837
143 24069
21423 22577
22116 22757
13159 19559
2647 17599
9803 12706
9619 15213
3341 16819
4722 11477
4202 11052
7031 11839
7639 18536
3263 18867
21667 21965
5870 10251
654 11322
10073 17572
3445 21605
8946 10638
5123 23318
7549 21912
16593 18876
782 10037
13570 19179
3817 7069
7431 17706
17685 22049
16041 16919
6321 19835
690 20358
10952 14465
1068 10340
13128 15290
13021 14842
11685 14260
6473 18008
10294 18495
7319 18249
21026 23236
9546 10411
20267 20978
9649 24445
5105 24327
4280 16808
2495 14417
7449 9561
12589 18170
3562 3623
1321 15337
3538 15966
2030 23941
3443 4434
7791 19772
4517 8376
5798 13935
12761 12901
1437 22603
312 11503
12126 23016
3383 10403
9553 10712
15224 17225
3726 24239
2745 21596
8431 14220
597 21842
470 17234
119 164
2941 22694
7182 19551
17559 17812
6994 18910
16261 18160
12435 24042
7701 15103
11660 23788
18921 22460
2060 17580
9678 22243
5147 18313
6032 7988
7389 22729
15918 20893
2666 4073
13140 15677
8114 9150
981 4338
3599 19935
8525 14261
603 10188
11467 19920
2905 15887
2810 3807
2908 18451
9040 14021
3586 11494
1348 3272
8889 12624
3549 14490
7789 21867
766 21935
21191 23403
14666 18669
9779 12784
6294 7911
2772 14190
15730 21073
5524 5666
5343 14794
1819 17940
13091 21873
10199 15765
35 16899
12584 24139
15980 19292
6137 12122
10467 21482
5110 19565
649 17699
3049 16977
3924 22777
15787 18261
7104 22535
619 13855
2058 9477
442 4623
1020 1554
11426 19997
5422 23329
688 19110
19624 23859
10273 17115
11433 19734
1888 11574
5964 24484
14384 21741
6356 7469
4415 17039
7105 15099
9369 13874
10803 19096
1812 2460
9231 10239
5074 12120
6953 11677
9866 22209
10276 20797
6022 16115
6827 20105
1507 10656
10985 14492
3249 13737
8418 15718
166 12203
2032 6582
20472 23173
5420 10448
18409 24020
4448 20114
7883 14950
18276 24333
3900 7951
15719 22737
443 1671
14286 22525
1551 6849
16921 23604
6313 22613
15175 21315
9161 24441
13149 20432
1965 15311
8762 20875
9911 17783
8523 16521
13391 22283
7320 16980
19124 21923
967 5510
3543 18933
8683 9774
6398 11483
5599 24310
934 18270
14040 21339
2065 3341
4062 7325
7245 16523
12568 15330
18925 21014
15209 20740
9115 22434
12431 22427
396 23479
7452 10241
915 16716
5706 12910
16145 17668
521 19904
16543 23447
4422 20636
11424 24197
17161 20208
17905 24006
3300 10961
9857 13521
3625 13899
20769 22525
12536 12647
10147 12027
3517 13833
18856 20606
576 6185
12921 17253
19352 20646
12488 19962
8994 19026
5760 12112
11857 14599
3095 7221
18130 21931
9080 23366
9518 22078
16269 20094
7539 13013
1050 1443
16059 20661
8606 14425
5164 19671
1210 11391
12343 16819
7718 15258
10825 24402
12927 20045
13483 16533
16189 23574
2983 11853
8764 10208
3367 22008
13144 20840
17423 23667
10631 13653
7633 17555
8206 15358
4119 12731
1377 1459
21003 24187
4605 20842
7519 15618
2455 4681
8376 23616
3006 20399
4879 15247
3926 21925
19119 21932
6118 15799
5587 15758
8483 20246
2786 4261
9783 19021
4497 20472
425 13423
1376 5696
14134 15223
9934 16368
985 4678
6354 23565
5617 13226
2867 23913
4157 19693
14487 15475
6780 16784
4660 19033
3350 13574
7473 12091
1843 23081
4149 19969
1433 17442
7558 23788
2773 17710
19068 22008
3564 21420
3516 22991
10106 17346
2109 8542
14249 20486
4038 23445
5772 19911
16695 19733
1107 20813
7894 16971
16323 23565
6031 15698
12009 23632
977 1736
5950 13803
2415 23248
11966 12948
10073 22534
13052 18814
8626 22901
3648 7117
12081 16658
8410 20689
1792 10929
11491 20641
18148 20507
2088 11061
4045 11190
5236 24097
12477 15615
5715 16852
20016 20909
1039 7994
7567 20870
10282 11447
841 11767
20305 23298
3225 10659
18480 18637
7298 24171
4367 24101
3877 22864
3181 9566
9181 18324
19262 21025
1517 22961
846 10994
16349 20047
13558 15088
1167 3598
4174 20018
8506 18624
2857 17065
12797 20913
5724 9049
7299 16613
16966 19386
8700 23230
3502 12207
1392 24082
5556 20025
11041 15601
11448 15984
1976 13633
2754 4477
6574 21959
12531 15724
4842 22957
3362 23307
13436 20157
3415 22672
5294 17911
5157 17787
19641 19790
22995 24465
2297 11013
10768 14031
3514 9289
754 5523
10135 17779
993 9090
8276 18895
1962 4403
20163 22603
2095 10436
5289 21085
7285 15527
9973 18706
7969 8817
16153 21879
2382 17590
3997 19045
15294 23092
12046 15653
402 4087
10068 22061
7523 18729
10470 21306
16550 18063
2870 22705
9755 16376
14164 18697
5026 7137
2010 12487
12026 16568
8143 24329
5500 24260
16560 17918
12101 24262
6914 9546
10099 23672
8426 19287
12513 21301
3722 5935
18071 19422
2224 10716
14533 16726
5001 16801
4146 9411
2172 10241
835 2090
3061 5393
5244 15957
19519 23288
1567 21465
8401 11424
16001 21769
16407 17323
12642 23318
9486 14841
19792 21750
6384 19340
15347 23018
5739 22250
5312 5395
15384 19619
16502 23245
1349 18833
6649 21890
15683 22938
3161 7076
16791 21611
7072 19779
4645 15107
8137 12984
8322 23741
16402 22626
13488 21758
13391 15904
6752 15273
14903 16138
9 4642
16823 23544
1911 6778
3497 9589
9463 16930
8485 18005
14294 22431
18557 19072
1731 18122
5028 6669
7529 11239
24 9612
10205 11375
6302 21087
9294 14455
306 21370
24344 24412
473 17729
21373 23844
4012 13899
9845 10190
14582 19904
9271 21169
12269 19453
11029 19945
1536 11331
1825 5489
4551 18563
747 16640
2170 15430
7410 21878
1004 12452
14369 14964
16287 20322
15109 17956
19793 23727
1383 16993
5780 8123
1255 14550
3057 10109
4379 16231
4648 22352
10192 10584
3710 20862
7055 8005
1097 13063
6169 14196
13711 18658
2951 4084
14887 18698
5963 14126
6212 11365
1427 23739
607 11750
5921 9009
8948 14045
10091 12553
1766 4865
5504 6904
846 16247
10511 15323
5775 13536
14060 16228
4882 6523
3030 13051
974 5382
1134 2921
4023 11576
1068 16517
9603 19398
8037 15943
5084 10314
16794 21934
3214 23253
3159 19536
3356 13676
1437 8467
5228 22846
9507 14355
1399 13807
18 1710
7401 14212
7724 10270
1253 14796
16508 22640
12851 14110
2652 12827
2097 17289
11505 19550
4919 18169
14720 23148
3658 23155
15630 21243
8882 11887
18146 21236
9830 19299
1233 24175
8218 10178
10533 20230
6385 18729
467 1691
9112 9311
21839 24231
12571 16873
416 19430
7151 20517
1955 6549
1594 9341
7455 19578
4416 10949
2025 10253
20276 23763
19079 23375
14132 23591
1605 23986
17501 23804
14066 14992
16004 19907
542 10514
9388 23379
7379 16721
9731 23458
2631 9171
2735 16593
4324 10353
9533 16586
7254 21567
11289 17519
6359 15798
13730 15611
2900 14994
3085 16998
1067 18755
317 984
419 17714
6582 17405
8859 16827
4185 23806
7316 19483
15698 16684
2023 18525
2124 20075
12494 18187
572 23848
3956 14345
3819 22127
9808 19600
10540 14454
2554 17922
1382 12980
2232 11787
8421 18942
13275 13441
22386 23025
8052 14741
4856 6145
5801 7050
6460 18003
124 13162
10685 22427
6591 21953
19058 21224
11496 21079
10462 12756
8255 23057
13975 24329
4387 18836
18352 19517
4727 15120
11828 14614
6607 16068
10920 15429
6034 12257
7814 13904
11649 13342
1314 5813
13341 16724
2477 8498
21539 22309
20963 23696
7887 13442
3225 18518
1079 13767
15552 21588
4646 18188
11759 19187
8965 14037
12822 15507
13801 17424
2928 23614
3010 9090
7747 16142
1484 14608
12658 15344
19133 21208
7958 8712
15926 23912
4698 19202
1567 2962
3323 15945
1646 10210
7833 12907
3351 18855
11236 20508
2885 8550
21501 22305
3027 23251
3472 16925
15735 15900
8567 20884
38 386
20141 23638
12568 18622
17385 21168
7807 15554
1077 3940
13802 18246
8656 23565
9056 13137
3322 8643
3435 13177
21658 23335
7062 7289
15135 17640
4069 21604
12043 23678
8451 14237
11196 19932
4184 10333
3891 9204
5299 8608
10704 12135
693 1782
14362 18527
21988 23559
4389 22076
16732 17210
8791 21328
3061 7076
1647 12583
4967 22141
8375 10802
2420 14752
5108 12580
8786 18748
21487 23968
14369 16804
21091 22916
1101 17175
13821 13889
11244 14410
8642 11644
4993 9277
18028 18858
5900 15085
4041 13062
4761 23406
532 6351
11467 13119
9715 20788
489 3815
16717 23149
12850 19096
16820 20291
1131 11349
5902 24028
6619 10636
14242 17352
2611 21909
14747 16545
12599 18871
11547 15542
3341 13818
14863 16009
642 2663
4233 23131
18887 23398
4135 13890
17810 20034
4917 11772
6654 6669
8252 24092
222 20148
11278 22028
3841 21135
2608 13078
2234 8177
3347 18313
15412 24222
17287 18150
6837 18900
4524 7034
3213 10777
16395 19777
6598 9289
12789 23211
9950 18286
3314 18083
12577 16470
146 18048
1236 23050
11877 22346
5118 8240
23436 23534
14669 21867
6270 9827
18343 18706
6844 14077
22625 23852
344 8346
5459 23025
5590 13051
4297 7303
1298 11924
16252 20707
4083 20013
996 21566
7384 18060
23258 23547
3226 6309
11725 21901
8296 10289
5432 15710
406 13751
13225 14260
14532 23049
4167 21915
11855 20213
14647 22531
20765 23684
10431 15401
2125 9223
1630 14265
9593 23618
2207 12605
1905 16789
8048 21590
11151 13870
6957 12905
6724 7028
2567 20970
10338 22944
13419 15470
7774 21045
9182 10320
8812 14948
9139 20266
5807 16590
14825 22381
1625 13516
13367 15198
8725 11992
9292 23573
2645 19993
4429 16064
5230 23753
16620 22665
11033 13119
9609 20707
12724 16215
291 19579
3854 12397
5797 13033
10826 15490
2067 18608
5734 19668
2761 3367
7444 14958
1823 9005
5099 8405
12202 23184
7507 10771
2166 9683
869 9077
18437 20629
4286 20833
10496 12460
6690 8879
2766 10927
10650 20427
14704 17642
11709 18668
2262 11360
879 1456
2175 3400
11905 20353
855 9142
7221 18141
4694 24015
7474 21872
14524 18572
3328 5516
14334 22600
15508 23117
14829 22693
13572 21439
5094 19689
1448 12044
3890 17707
13205 22348
7537 23089
21316 22988
1336 7503
7298 18271
16076 21895
9779 13655
13873 19852
1400 4803
3448 14816
12927 16078
10737 21727
12400 24441
14651 24185
20349 24297
1794 18257
485 18551
8141 17722
3193 17830
2713 9715
11251 15710
4117 22808
7967 24356
8843 18094
6015 18241
4132 20976
6537 11828
752 11935
11884 23576
15082 23744
9100 14110
6876 23816
2974 15142
17582 20815
4803 12419
6127 6690
17092 17894
1608 21945
5978 6643
2514 10280
2554 2753
7544 15343
8336 13633
6989 22903
203 6825
21807 23676
3261 9780
994 22413
5508 7938
16556 17841
3525 13201
6918 21470
10701 20237
9007 14762
5477 7241
14867 16601
9078 18895
435 4779
6605 12697
17303 19326
224 14824
1993 21111
622 14130
9450 14113
8106 10567
920 22643
11428 13495
3998 18910
14133 15718
4257 10979
17614 18940
9116 19041
6805 7738
16325 20080
11680 18161
15952 20597
7128 17197
8580 21444
324 20778
13127 20600
3054 9688
3961 20103
7996 15980
481 1433
20336 24022
6010 24288
6134 14330
10082 20911
18023 20408
4998 6969
10229 14426
1748 7139
6698 14167
14434 17936
1724 20156
227 8678
4770 9852
7684 24003
12222 14165
4119 18884
4556 6791
7229 17999
22996 24397
315 23521
7088 7314
12334 18553
3876 23679
10888 16247
1830 8855
2795 21338
6411 20091
8646 13639
12932 17030
11098 17112
9918 16032
1108 23266
3061 7594
21924 23225
11412 14080
536 15734
3375 20781
7671 24105
4678 13895
17110 22162
3232 3598
10622 19150
13374 23378
4196 21211
4156 23853
3306 10134
20797 22857
3949 21336
386 17129
1208 17069
1146 5001
202 4528
19398 24375
19188 20048
2381 13585
7206 24381
7019 19622
9012 21199
8414 15372
10238 10694
7367 12275
18341 22663
102 782
4872 17791
10717 14568
15802 24462
12047 21534
760 3269
4145 24314
3545 6923
8416 13572
12195 14493
9402 16916
2128 21734
6389 21275
4125 14144
4437 23450
914 16128
6480 8779
3497 18775
818 9849
20200 22793
10483 13223
21373 22776
7234 11623
17247 18354
4451 9927
14608 15769
18895 24307
11584 14796
360 5200
7660 8261
18369 21703
9781 20359
12181 22156
8677 15006
4762 10027
13021 21810
3529 15967
9254 24217
8395 16849
2386 18442
6271 7967
1919 17992
826 17647
2827 7369
10280 21025
4337 19903
5028 7302
14489 21056
3585 17125
19452 20068
13940 23838
2783 6547
11491 20165
13067 16919
7667 21797
12851 19389
19076 22575
15161 18619
5164 19144
9332 19581
365 24169
2021 5857
4358 24096
22536 24019
12156 18643
13755 16551
1542 14240
16664 22376
14411 16027
7615 10175
955 3979
22995 23234
11620 24208
9248 13376
2733 5593
5990 17117
12032 15883
346 21561
1397 4339
3053 17609
3482 7714
10329 17434
6248 13813
3273 20645
3387 23951
11456 21233
20586 23375
1390 8114
4890 17706
7484 23146
1352 23888
3132 20547
4332 14221
3276 5936
20823 23165
4043 16727
17972 22148
15683 22121
295 5977
2061 17878
10233 15620
627 23369
8224 11328
1419 9555
14187 16526
17460 22834
13569 19281
11549 22443
3462 19749
1137 12278
1825 7966
21130 23470
2115 18034
5592 22352
8836 12911
2719 15434
16179 18467
4188 9809
3749 13288
5862 24415
10267 14838
7952 11003
7026 18609
761 20298
8967 19311
14514 15724
5030 24071
14998 15172
6201 7467
16450 19134
18789 19495
3373 7865
2534 20085
13506 20461
9687 17506
13493 18569
5915 16790
2711 13513
457 4310
238 6483
17895 18541
9994 10649
12922 14210
5376 13219
1029 22607
9080 12589
11198 20340
16108 22065
3496 17485
20363 23302
16124 20087
14446 24103
1755 6124
3947 9470
178 21957
13738 15121
12644 17530
699 10805
493 16087
7602 13936
16811 20386
3629 4065
9437 18219
11532 13354
4575 9283
4174 16230
11674 19530
7701 17856
6549 20361
543 14482
5726 18397
5755 23117
5069 21663
2482 12236
2358 22644
14321 18425
1927 4596
5687 7586
116 11429
3276 20240
9947 24365
333 1863
8817 9012
10222 23372
18703 20491
5887 22765
2829 10524
1727 20783
10834 14437
1514 14660
8257 17925
2184 15887
6182 8326
7555 13620
17032 18496
8964 20747
10925 20141
9623 11783
3303 21528
2055 3235
4591 9900
6562 13182
9231 20542
5149 9174
4007 10137
28 22534
9685 15135
20962 22115
1839 2496
7736 9301
2934 5483
9044 11035
1912 11395
5789 7819
2703 7101
2755 15812
13355 21613
5811 24310
11120 19964
69 158
17135 21638
15756 22662
1385 23603
18955 22673
12627 23793
1272 9368
1082 17618
18628 21320
7314 23686
23089 23652
19330 20356
11710 21746
290 11146
1037 3213
6261 14642
13812 20623
14771 21100
9044 15839
5815 6499
9521 23522
5362 12169
4263 24144
7373 23775
2364 14885
5727 7730
9377 19237
55 7644
7332 12948
3306 6556
410 20621
14791 18254
18227 23943
8031 13433
1466 4967
5655 6577
382 6066
5101 18584
18487 23269
521 13768
6750 18847
14308 20986
4987 11820
14601 16657
3850 12133
2610 10597
5484 17490
3453 18759
12847 20405
17364 20027
552 5094
8075 16496
3560 8193
1861 11414
8718 20157
9483 21433
3059 18488
10000 14768
2890 10673
3319 10608
18637 21637
14302 24061
19712 22025
8562 20781
1006 2918
19881 23353
17140 21265
18500 19424
5630 16018
6192 10588
2488 9808
7295 19796
900 13961
17697 22736
8438 22345
10805 20854
4692 14128
10311 21813
15860 20813
2571 10629
1383 15245
10050 20755
7438 18055
10788 10825
19382 23552
10020 15651
19249 19839
2068 21848
10483 21405
1666 1992
980 10016
4580 4603
3903 15734
3628 13591
361 13751
5854 12497
8072 23211
3445 20838
15694 17671
9824 10324
10649 10731
10730 12842
5862 22416
17859 21951
3888 4067
8423 22668
10751 10800
790 4425
936 15522
6628 16114
10762 16835
7497 19635
457 24063
7417 8573
11281 15834
10031 21691
14675 17692
4124 6960
18197 24357
2354 4804
7632 15005
1925 13634
845 16287
9491 21198
2073 15239
7930 12418
13617 18330
3766 13191
4529 23793
2447 7664
1362 1997
6306 8589
12862 21962
14384 23784
13111 18960
8091 18071
10066 16661
5903 17885
14401 14865
1633 19841
19559 22072
11408 16342
8388 13151
8641 10337
11703 23632
9572 9628
641 3996
707 22795
17778 17987
11015 12894
7935 11652
1760 12563
10546 19729
12465 20400
2887 18253
2387 17271
16287 23190
5832 19631
3777 23611
9245 24376
4601 12649
6745 14779
641 15889
4399 11469
8965 22288
16004 23697
4526 24340
6357 16282
1419 1708
1947 21841
7578 12476
15405 16650
5948 23536
2041 24015
17090 20796
5500 22905
10 22780
10370 17344
14069 20788
850 20855
19991 20301
7629 23097
10711 18569
8400 11160
8007 21972
16073 22575
10580 18599
11467 14552
927 24223
11610 24486
4328 20257
5696 23909
6906 21970
3226 17222
6736 9503
5169 16076
11332 15191
17667 21344
15365 20212
13290 21353
17793 23059
1527 9154
7933 10289
9159 14286
10534 13739
8779 11891
18732 19614
10766 16911
3682 14046
2302 12548
12378 15451
9312 18791
6407 11438
804 3764
22306 22785
7921 15832
1770 23849
21408 23540
1120 13903
14784 15454
8942 12037
20261 24481
19182 20409
690 9580
10502 17461
568 9889
18223 20908
858 22375
5551 12549
22413 23837
10836 22816
408 22885
2922 13966
344 11761
11102 20176
2464 16616
3579 4489
15872 23179
7386 20764
1642 14281
272 4938
23756 23895
5741 15108
10400 21626
9372 23136
21614 24400
19187 23835
463 19614
3908 4324
653 22822
11652 14026
4354 11129
336 19103
4822 6872
564 13541
3063 4379
12695 16274
3533 23425
15388 18297
3065 11714
9753 18713
7532 18951
3253 18924
1281 11037
2784 13213
19631 20520
14105 18361
5527 11833
13292 15212
18962 23327
5977 10079
6237 19715
4002 20245
17913 23695
11843 19130
3679 5250
2199 17104
1896 11925
6228 15079
4462 5766
6830 12253
13243 19748
6804 7543
7146 14467
10709 11427
6591 9602
8958 19690
10588 22067
5228 20253
4551 14083
15529 22290
7555 19943
6550 15185
7674 21440
4890 12083
8484 9163
12743 19302
6144 8952
3645 17241
18268 24289
10088 12124
12883 14670
3909 12938
14661 20355
3233 15024
16742 19540
3791 17304
6392 20214
12690 15291
4358 5359
4253 16819
15963 22542
8095 20305
1764 2393
8018 16400
14709 15923
20221 21405
10605 17731
12610 18484
3850 13161
9824 11833
8098 9485
10117 15331
10646 16897
1516 6485
6719 18557
8835 23802
8100 17505
6877 22754
157 17397
20311 20760
6510 14354
11650 13277
8526 16106
7894 23319
17160 19496
6058 8474
13059 16955
8758 10294
6450 13124
3810 12749
8409 18760
7027 11480
988 3795
4371 12150
14810 20094
13868 22682
9270 10076
875 15172
8645 12957
5768 18620
4159 4179
13989 20761
1756 16956
6626 8558
14749 22155
8709 16948
2694 5226
4566 20673
7352 18892
5584 21022
12855 17171
4548 15113
22128 22229
9669 16408
3821 8337
11913 15265
887 1567
11754 12082
407 2527
1142 3498
7064 21236
14516 22251
871 15748
2338 12607
1329 9400
14419 19270
3911 17103
9374 17080
3230 15905
20713 23379
19039 24299
2766 10436
1768 18085
9463 20395
7237 16044
491 21557
8853 15887
1653 20500
21959 23765
13957 16138
10925 20388
15804 21093
1754 21052
3040 6231
9164 23055
12760 15640
4278 9098
9100 12944
8828 9129
4769 9690
10766 15537
15479 19730
16984 21747
18238 21545
20828 23463
5504 17209
5570 19803
8022 10453
18164 21230
10431 12922
10350 19002
18632 23285
6473 15015
13582 16581
1644 2513
7268 19602
7708 17704
10833 23934
773 18015
15884 18772
886 21827
5074 14683
5256 14464
3939 8006
6816 15634
3806 11854
14400 22910
1655 19419
8621 10955
187 10365
8471 16935
5946 15485
4245 9949
9324 15080
9176 14095
1527 5239
6003 7868
13746 20631
17658 21315
1634 22022
16212 20627
10057 12165
10741 23175
2401 6575
8224 18591
4421 18722
13725 22687
8611 20962
14262 18475
5175 6848
2314 9269
20303 22280
1264 17405
17962 18308
1048 16215
2292 21627
8101 10302
9747 14998
3971 7210
2199 19255
5855 24478
16779 21076
15848 22303
19304 22772
11458 22996
15372 24277
16058 22268
12529 14117
6329 24297
14317 24310
4062 5056
6748 13181
13358 24426
871 5057
17122 18589
4667 18025
14146 22769
20121 23926
5807 10653
8318 16882
2692 22181
7125 13283
1939 18746
1690 14328
2116 10689
5865 12273
1705 21018
9714 17093
11202 13673
1784 8909
311 23885
9966 22955
17796 18753
266 3448
11029 17720
2155 13027
3666 19507
5058 5777
3649 16378
1397 8460
9160 17162
2046 12884
20071 21391
12005 14886
5001 5280
2013 2336
257 20700
161 17099
14432 22752
2779 23772
5105 18226
1259 12529
8698 9191
3170 14176
9525 16692
7099 8226
8036 19072
628 24313
11452 16763
5587 20016
11424 15977
3734 21233
7430 15358
2524 17395
2460 8362
6767 15986
2917 8349
12975 21929
22800 23902
925 2079
4383 9453
1231 9571
10699 15762
16285 21417
14243 16394
6705 19886
18930 22730
16770 20256
2369 5528
12771 20492
5292 9715
2726 21252
600 24304
9940 19943
2141 4995
9593 15203
8228 18118
4529 15998
71 5390
8738 22425
9691 16277
8381 11279
557 10539
11451 14017
9343 17547
5740 7827
3336 20735
3335 17580
3252 17857
9525 11686
14160 15903
8653 9251
2544 14752
4187 19049
1004 18448
5053 5812
6340 22123
18000 18470
681 8543
3204 13652
5320 24250
20024 20323
14118 15584
10205 14789
2184 17382
5523 5717
16058 21404
2764 14216
6642 24318
2588 24382
11324 16258
18725 22915
18938 23551
3004 20195
13459 15117
16405 16739
2404 23510
5806 15679
10268 22012
19437 20103
4746 9253
6666 22001
14685 21239
4916 14328
10956 11290
13233 16098
5314 16812
3511 18607
11563 13220
1312 4105
9420 11490
2266 24119
5375 5869
4516 17822
9956 18379
15473 20354
8200 9669
10961 13854
5805 6714
4119 12359
17078 19997
913 8054
2347 8020
11190 16760
1675 16629
6524 23154
14811 17493
4729 14281
5338 10993
3178 15786
5494 17438
2223 21893
3157 11470
223 16124
11288 13377
3006 13637
2101 23252
9748 14199
5323 15975
9377 20092
4509 14891
1372 2851
11038 24358
260 16620
20314 20991
5686 8376
15092 18214
10747 21214
2138 23679
9978 20182
12362 23954
12091 21249
714 19532
8446 17105
20832 24043
15359 17043
1231 16068
17293 20932
5685 20526
9042 16375
603 3161
5670 7455
9368 15275
8958 19031
4902 9978
19235 22565
4742 13967
14770 17244
9638 16267
20536 24348
5942 14907
2121 5327
7881 13802
7832 24327
1392 20198
16714 21417
10578 17928
10324 12705
766 12256
1932 17608
22685 24216
9 15790
1539 10269
9770 11394
10417 17857
8703 19353
4907 11934
2527 15372
7581 9986
305 22065
14663 16058
8651 18916
10737 18143
16522 18660
3853 18459
3879 18007
8045 24291
3690 8918
820 2816
18071 23668
10253 12246
4924 7919
2576 12386
316 13773
13468 18884
20061 24462
10630 21648
16383 20860
3575 10156
21419 21485
2310 20754
8541 16354
10286 10460
3695 19769
4495 19882
134 20002
7277 21722
15166 16005
18713 23854
2389 9352
17486 18035
10934 17664
7246 24223
19177 23018
575 21728
8848 8994
5535 6892
5304 8946
9454 16163
17763 20671
8863 11065
15741 23748
14764 14804
10665 17422
11509 23226
10834 17709
2520 17856
9053 22777
13042 19743
13552 20219
9174 9284
547 17565
23230 24335
5249 12254
7660 9707
5792 23034
7024 19341
4106 11384
13913 24066
10441 13342
2258 10870
4305 18647
7993 20629
9496 11350
1431 15776
10731 17950
878 12859
15780 21816
15007 23547
7323 23114
2592 11149
4407 21868
2009 11880
119 18168
2644 16668
2233 2286
1588 18826
438 12780
13910 16171
13059 14275
8851 22531
15494 18364
21541 22966
9809 19448
7167 22973
1594 17918
77 16305
10603 18583
8363 11679
267 8551
3307 11590
1128 17671
13131 15044
5589 17700
8707 20918
7252 15271
1507 11989
10769 16425
10155 15835
1566 1732
6171 22527
11698 20393
15094 19838
17238 24322
11192 24487
1836 19804
751 5199
2204 8988
606 24280
11211 21881
16588 22370
6123 11370
390 11903
2393 21067
4440 19187
6602 20006
3403 15617
5180 12481
17838 21985
23753 23918
4400 15562
19466 23084
14477 16477
9755 20901
6403 10107
11446 20340
7026 7761
9672 21025
1351 4796
2788 15238
14195 15961
17611 23659
8569 10262
4488 11754
6782 10332
6149 23070
2420 17860
5555 17678
61 6589
6396 6680
2358 12948
4940 16484
1918 10373
15523 21624
6861 17089
23059 23876
13717 23433
3249 7642
7047 10676
18406 23105
3573 16735
17936 18396
3399 8763
1278 2114
381 4217
15147 15183
8948 23795
938 22015
2190 15795
8161 9768
7177 12468
10571 12704
19096 21857
15295 22491
12235 22353
5120 15130
1214 17955
1147 18838
67 19222
16491 19717
3883 22543
1699 23845
8645 22932
5427 18955
4371 23763
11807 20835
4734 15167
14431 17996
789 1204
6563 24101
6097 7738
15241 16612
12350 22024
14431 19443
573 3004
1437 21351
10118 23177
12198 15632
9449 15872
17995 24245
16398 16634
14107 18975
4966 11508
12005 22524
14508 23739
10338 12381
18248 20118
5938 22000
11637 17953
15030 23460
7692 18751
14423 17474
1447 7966
1934 8215
7144 20882
3338 9158
14282 14909
3580 23543
7139 23118
11629 15992
324 2157
13233 22593
47 3684
15065 18275
8316 17720
8240 15199
279 21268
4935 20823
4537 11601
11306 14968
1344 2839
19574 23636
773 6205
4420 7592
9146 16048
335 11404
2523 11168
11136 18379
2304 23379
10924 13496
9810 17110
9170 15057
324 2596
12676 14374
4757 5674
13495 20606
11345 17606
13521 18619
3529 6431
16394 21042
2361 11772
3754 21286
3368 13473
4091 18788
1836 7757
8539 10393
2805 14991
9661 14152
12528 12550
5360 24433
15351 18200
4642 20731
5665 16995
1776 19896
1143 16212
944 14450
880 7907
4448 18816
2399 19929
10585 12252
862 19789
4639 14139
18364 21646
15683 17515
111 7332
3705 23382
7919 9854
2267 7336
5677 20687
1381 22170
14969 20328
15600 21437
13065 17538
2374 15725
11202 16178
10966 13147
16549 17106
7389 23349
239 21591
8599 13513
15614 22041
4530 9941
8467 19708
4961 24345
15231 16770
20549 23653
1652 6816
15194 19569
10109 19224
2562 19652
23606 24450
6732 14925
13669 15587
1227 16284
5155 17156
559 13475
19139 20983
17503 22223
5102 15825
11793 14394
11472 22579
17197 22722
3715 9164
11560 12929
8836 16443
6305 7550
12024 13676
9815 18599
5218 6445
4234 6599
11000 15303
13607 16405
11889 23053
10938 14556
10878 20530
9825 10397
1944 20596
4108 5141
9635 10224
4238 13166
16542 18830
14098 22055
11685 18721
9476 22392
7726 24215
16548 24009
12462 14231
3962 14556
13979 14452
18412 18824
256 21789
14105 18204
3401 16134
4531 19012
6612 22751
2115 19754
9481 12908
3809 10397
1863 2359
3104 24381
9614 16018
5282 5822
20079 21912
14208 22151
17718 20365
2009 18183
2594 6254
3116 3875
4404 23064
11246 14120
777 7645
19998 20852
913 13694
1240 13067
15079 19903
17066 20157
6294 14877
11518 19099
5804 21220
1294 14725
10262 20973
3335 14577
13451 17202
1881 21354
18420 22281
13914 22538
18989 23394
14374 21990
7056 8978
10700 16690
3186 11895
4204 7364
2979 10612
964 20533
16317 20618
6298 7697
14096 19580
6895 10122
4462 8641
1597 14200
1214 4121
16945 24005
4386 6691
3081 11184
8940 21428
376 1054
23409 24101
10123 14941
9209 9635
3230 7392
10734 11449
2797 9732
11696 19849
1507 21036
9120 22310
1626 18180
4504 18624
10638 13971
3310 14060
6927 19760
22580 24473
4399 10032
6174 15894
11515 12373
4864 7454
5336 13362
2208 21063
1656 17638
2801 15565
2280 13147
14169 21238
13891 17564
4689 7252
1438 21160
22396 24139
14224 22464
5597 16906
10758 15671
10988 23253
1020 18413
14649 21301
8467 14192
2621 18744
9862 12401
7801 15354
9993 16332
17010 22826
17684 21616
1859 6798
1824 16158
21434 23552
8131 10293
11189 20092
6514 17442
2107 16593
20101 23062
2661 6930
3328 4838
5061 11436
5223 12691
14409 22291
8823 10233
4450 18008
14519 16900
3036 16577
11327 16191
12899 19114
13228 19935
20212 21717
18209 21400
14451 24093
7104 20177
3093 15542
16460 18441
7117 7957
23309 23823
6040 7181
4192 15287
17814 19298
18450 21433
13835 15771
7293 18273
17973 18473
3850 10792
12645 16224
22542 24166
4257 24305
8127 21324
14166 19693
13813 21114
10028 13987
16222 21926
15506 19186
2163 15376
4893 11242
17209 23357
19767 22734
10802 18590
6169 17238
6695 13887
5086 13146
5424 12814
12740 16605
10951 13696
1136 13328
15162 18660
263 9849
15942 20028
11596 12293
14245 16237
2823 4257
7061 11476
5317 21943
1895 22357
2097 18071
16975 20554
15691 23570
786 1377
11711 21338
875 6682
960 17398
13348 16244
18235 24097
718 8187
11353 19593
2281 14924
1095 9700
4155 21196
2523 20338
7878 9745
14693 18152
6005 23865
8777 12874
5683 12313
10044 11606
4907 6840
16703 16857
8746 17479
9219 23809
11824 12563
8752 22330
1566 4961
17673 23844
5084 15734
674 11972
445 8631
3153 8219
15782 16464
12005 18175
761 15989
18787 20582
99 12141
86 12270
3922 11115
16813 24308
15031 21241
13211 18932
9892 19326
16126 22691
7284 13068
5327 13628
5636 21934
14745 18767
1204 14582
15088 16199
12568 18778
9029 23191
8243 10819
6239 13822
12355 19350
9623 20139
14247 22829
11796 24188
22421 22874
3745 10766
16630 16920
1293 7399
6942 19423
9983 17185
13821 20993
1763 21852
2125 17764
4827 7568
15939 16998
6609 14819
15258 19782
873 18972
4061 15738
1718 2776
17610 20946
8832 22487
11688 18945
146 14864
5395 13855
2101 17365
1288 8607
18277 20554
4929 12306
2142 6716
4827 7515
16623 21515
5402 10284
10708 11443
345 8306
2209 18904
12984 24137
1132 19772
4179 21175
14255 24317
3487 4399
9115 13834
8921 15720
298 2644
4144 9612
5487 20563
8490 19534
3348 5357
8656 18972
11172 16671
822 14326
10355 23188
12917 17350
14780 23313
7103 24192
8793 20202
444 1508
5145 6844
5076 19156
10761 21543
8084 8984
13476 15691
5387 9827
11612 17853
3191 11637
19592 22270
12004 17324
8261 11371
4248 22060
10422 10780
1790 18629
17462 22500
10885 22744
3607 13216
8288 19040
10289 18060
12778 16324
13477 21046
6725 6750
14149 16099
547 21038
11399 23206
3836 17287
8120 8695
6061 20618
12041 12810
439 6929
7774 15338
19303 22473
8804 15602
16138 19071
5593 22756
13522 17456
15202 18980
6378 24185
8013 19752
10487 13698
1511 17217
8155 10960
8778 15041
925 21193
11831 12721
19083 21378
4921 12861
7900 19769
4243 13847
13754 16113
17362 24370
1283 6279
10562 11766
5178 12137
11541 18687
22264 24460
13419 14255
7435 7641
11390 11513
9415 9904
11799 16190
7985 21612
3064 23591
571 3167
10633 13392
6848 20794
13566 15956
3941 9744
4982 9678
6338 15376
17853 20402
1483 2974
6459 10402
12783 14532
18409 22035
9336 11458
8357 9072
7864 18167
7677 21472
1246 1409
22096 22312
7994 13039
1639 22280
17064 17235
13991 16049
15423 19471
311 3303
5413 6670
15097 16359
6523 20551
7873 24151
1642 3059
271 23471
4053 7109
5502 20494
21680 22482
1926 9761
9325 21447
11480 12164
12208 14013
1877 4241
4986 17162
16755 22398
3132 21542
237 10346
14846 20852
10876 23117
4757 11963
5035 5965
9601 11987
21757 22461
2351 22294
3342 3722
6823 10548
6179 18807
2124 21691
11722 20798
5137 16198
7369 18617
7981 18089
10555 20659
201 3077
14473 18089
16882 17474
10703 23270
11701 19311
4324 20628
7161 13254
4759 17985
6532 7354
12310 18581
2585 20770
1595 19665
13054 15345
11685 15970
3043 5838
11457 23283
6215 15810
21219 22692
6986 14126
14840 15430
11059 17911
6459 10449
534 1629
19127 22080
3802 19894
19713 23006
4455 22233
1963 9150
11480 14252
8154 16098
638 22969
12431 12552
16781 17005
18275 19050
5995 9145
5744 6425
1653 23240
2408 12123
10221 14237
6167 19203
10204 17008
1145 13886
2482 10224
10870 16268
7896 9343
12049 19082
1970 20714
6342 23220
5801 11418
1473 1698
11614 19855
13036 15500
7362 22972
23798 24046
16077 21468
13350 22814
6051 17332
3962 8505
1370 15359
9839 15296
7111 12566
12963 21629
9059 22235
5152 24316
4283 5088
7840 22301
14496 16117
7582 21567
9391 20292
12906 20755
20806 22759
11792 19902
12618 13237
23987 24481
1952 16831
13219 20308
13977 22322
3003 4360
15652 22435
5829 6934
6657 12050
15396 22406
3434 17080
10258 13046
2113 22866
435 7140
1322 15481
5442 23694
4383 16718
11204 14959
6291 23472
3663 6983
16819 18808
18435 19044
4076 16887
7734 11630
13943 20248
13272 17045
11904 19796
16654 17852
90 11408
1668 17884
17945 24064
5403 7549
19945 20745
8089 9987
13401 14536
2858 24410
5702 8165
7847 10332
12687 14307
720 11545
4437 6783
6572 23555
8656 20688
1386 7265
1709 17751
184 12169
4461 15198
3373 9721
13301 22716
2742 14731
11338 22863
3194 9749
5630 15065
18548 21230
5280 5772
1828 13608
358 14657
10767 15126
1358 2249
4120 24038
13361 20956
1189 7327
348 19292
1810 21012
13901 20368
5357 17948
1210 14448
21057 22362
608 2363
1357 8400
2705 24051
2112 11739
6809 11226
14507 14678
6087 20798
3868 4113
10709 11159
11404 18796
18608 20701
13918 21111
4426 21216
1122 7459
3437 13049
3010 3960
1647 21744
1185 11883
10702 17984
6826 23082
9049 9539
1609 18751
10946 18745
6494 16912
9924 24223
2230 14868
9715 11017
9925 20430
1940 14141
694 14945
227 24481
7216 12651
3906 13116
2346 16441
576 21823
1167 21229
3565 22321
11828 12488
19814 21715
15817 20279
987 13802
418 14297
7490 21414
12139 22186
12694 16681
6801 21262
5119 20821
15555 18287
6383 7277
18829 20945
5817 7172
469 8706
3886 15402
17768 18044
203 10951
8505 14044
5283 14824
15952 16039
893 17040
3029 5777
1098 8222
5626 11791
7722 9891
9138 12209
9293 16189
2133 10450
22679 24099
3373 17860
9860 14233
8268 22624
7718 14692
2251 20908
10950 11670
16082 17524
603 15373
8646 22244
8104 15699
13536 24398
7148 16226
16025 16928
2083 13074
1972 6926
191 1850
14412 18839
9232 11914
16758 17974
8412 13012
2993 19580
13625 21446
2088 19583
2663 24225
13325 15107
2284 19680
2486 11026
10658 13326
8060 24202
7533 15030
286 5552
1397 20633
1654 14278
1038 1158
8696 8716
6453 21206
12117 16722
119 1743
8643 17527
203 9320
14840 17253
16236 19958
9384 24184
8776 19994
16008 22519
9256 23725
3301 5918
2983 22796
7586 12101
2842 21837
16658 22174
8897 11638
2673 19354
9873 21778
2813 18870
7765 18682
4348 8287
9109 16762
15522 21230
1914 14159
3442 24315
1438 11640
1749 10246
6284 21409
17189 23690
4341 11070
1311 13901
15560 22649
2221 17666
10520 12126
19240 22581
3088 21108
13532 21887
1397 11983
687 10357
8682 20716
2214 3587
6495 20080
3702 22249
688 5082
11783 18689
1170 24393
5783 20837
292 18895
18260 21346
9124 22397
5475 14145
10401 21355
2419 13450
1577 20788
6932 23435
2671 17469
8834 9490
8531 13632
13951 17722
16091 23229
6972 8573
3036 14314
2877 23909
12113 19976
11946 22956
16754 21636
7370 9093
4913 20197
1234 22340
10255 19686
6126 15285
13270 18345
3596 10292
8292 13438
11542 15201
12477 15841
2442 8446
14961 19788
4309 23988
5150 8133
5048 19738
7657 17461
16485 21320
15888 21977
8466 10844
4022 5329
8485 20029
181 11811
1617 9518
11234 18893
14278 15831
16424 17409
9067 10591
1627 18689
982 15423
13260 24014
6863 13490
10267 15978
16029 19737
1953 23905
8480 15532
6759 15015
15667 22842
4791 11305
5441 10883
4050 9092
2680 4482
12180 15851
2319 8091
19833 23855
5430 5817
2485 4800
12753 18848
20991 22261
8916 18217
8528 14958
1434 15858
9017 11924
16041 21028
22092 22438
15921 18460
12352 13006
233 15027
9790 22847
253 22878
191 6856
12060 20690
149 16221
3299 14208
8721 23898
6360 15392
5499 18550
10324 22041
5885 16066
9162 11871
2355 22573
5902 6069
12389 20750
10306 17693
365 8801
3110 18508
9078 20750
9254 20223
1684 17568
14898 19597
8929 9529
553 15911
13442 19510
233 3576
12331 22463
2560 3111
867 16961
7867 21016
11875 21357
8905 15764
10475 21454
9304 10663
8177 20597
1087 14683
19727 23932
13325 22058
859 11469
11595 17305
18477 23638
11954 13181
9197 16339
9284 10133
885 22838
16331 21893
252 3094
2478 11021
1985 12072
17689 23652
21396 22394
11261 19879
1423 15305
12566 22849
4100 22674
8339 13410
13912 17119
8238 9936
10846 10965
2453 17590
12786 13299
11562 11627
2064 19931
20596 21029
11719 17775
5545 12872
1591 23509
17359 23006
8198 21446
8030 12315
1808 11530
5328 17609
9166 20025
7607 12886
18150 24193
14699 18930
10352 19481
18830 23672
1074 8910
7692 19299
20700 22355
1402 4313
9981 13999
1996 22129
339 8906
12972 13774
5679 15450
5992 9488
6410 12598
3231 14276
12110 14070
11165 16230
19177 22078
4269 11864
16498 17756
21764 23464
10107 24093
8460 11645
909 19285
4388 18335
7802 20377
4689 16143
19 13047
1853 7893
10580 23224
10042 12173
15587 15596
11138 11263
13786 18358
11069 22514
10689 19962
5398 23590
8684 12588
13008 22090
3802 11860
9388 9411
1365 17150
11093 11205
2045 3140
10711 10830
2823 18076
16694 21660
14178 19862
1364 21579
4692 18761
609 18251
10144 18593
3403 16611
7810 14000
6301 10579
6748 7547
10894 14041
5943 21857
412 22697
3274 24466
16441 18008
4209 13618
3778 13395
9763 23576
3710 8289
13184 16826
310 23994
6806 16389
5497 18168
11168 23577
806 17019
3937 24144
17748 22704
5067 23657
12805 16997
1669 21856
202 19510
3553 9065
10288 15869
4397 14523
6839 24054
6080 17269
5781 22051
3715 22574
755 6649
3659 22289
8768 17434
3769 6766
4596 15163
13861 23530
6024 14402
5690 6197
11283 16692
431 13544
2157 5045
9773 22656
1487 10231
6039 6762
2139 17496
8337 11366
2528 14978
4390 19428
435 17121
2689 3977
15238 23897
12730 17642
6741 16655
18332 20352
7687 22429
9802 19682
4959 17817
1130 7119
4547 23325
5292 12920
9579 11960
9646 11563
307 9605
12139 18068
12191 18378
14596 21640
3752 23088
13172 14857
15098 22148
11200 23941
6548 7273
4979 16331
5126 19569
15031 20916
20539 20598
7746 9713
11213 19892
8134 9371
12854 13839
11049 19281
4648 21638
2852 9268
11017 15087
4664 12367
10535 11362
2361 7447
1626 2706
9519 16820
12442 13613
15811 16715
14914 20385
7145 10116
702 21481
7666 8102
968 20700
1598 8566
13140 15070
9521 20706
2891 13029
1120 20116
15160 16515
17081 20802
7427 12698
14712 23150
18413 23712
5451 18834
10227 21792
7713 11989
10784 13264
3733 21369
4368 13999
3614 16192
5495 23149
11213 16607
1509 5687
19156 22778
3231 9023
3073 12886
15410 23668
22811 24274
12135 20965
12505 17152
7530 21801
1633 16105
7315 20771
5814 11737
10212 14963
2678 10625
1022 2218
7804 19960
15856 19387
9487 14257
24315 24360
4361 16337
20218 21858
9903 12888
1125 21316
6695 13457
23306 23992
15516 17012
7391 14085
15427 17292
8631 10817
4017 15323
10398 20239
2079 17802
5560 7169
8120 21200
12212 20101
10787 24176
9512 18969
355 22673
12067 20902
12823 14477
2017 13512
4600 17742
11756 21722
211 9837
1143 18477
7950 12195
7694 15862
2364 8420
352 6526
8877 20047
7243 19402
22608 22728
5811 18174
19750 23766
2129 20520
4139 16193
288 2290
815 5974
1025 12994
3836 15476
1699 20253
2518 9689
7063 17009
5402 5891
8276 18697
3608 9703
7865 10987
16570 20456
4847 12864
2506 22730
7326 8056
7227 9794
15649 18713
20253 22140
8698 19014
13967 19424
3427 3812
14794 17777
21278 23814
17658 18700
9745 11409
10574 22405
10973 21892
5394 11014
981 13952
15 692
14977 15934
6153 11472
1860 21144
3327 11304
13823 18978
3435 8877
7952 20534
15485 20952
2222 17779
4420 17103
11727 16240
10886 11513
4113 10890
17654 18129
14366 15742
4384 15453
7002 22841
12950 13154
7517 24183
4419 17240
1010 9953
5663 6303
11593 16872
387 14452
22308 24101
5037 16465
5942 21427
8859 10804
1773 22353
6494 8020
7086 13776
9241 21058
16850 17620
13062 19397
4907 5155
5834 7160
4506 18878
15500 23201
3425 6435
9038 24033
2746 12219
4312 23693
5925 20393
4382 4577
463 10311
10773 21699
15531 19733
231 3558
9708 12785
8763 21017
4325 20196
11841 17454
5441 12742
2221 9922
9307 13480
4504 5338
12329 20019
18162 22805
924 19683
8147 14008
7425 8031
14826 21710
12509 22732
12414 18447
8501 18264
10802 24068
2275 16913
1525 3287
5724 6034
8291 18709
8088 14583
13709 16071
5288 12252
5889 16318
16276 19609
10250 17156
1823 19320
13669 21889
2963 14851
6130 16729
1044 17854
11866 17213
15845 18106
2956 6568
887 8395
1730 13863
3266 7492
6122 6426
11480 11623
2481 12068
2825 3121
12714 18510
2578 24039
7917 22325
69 3789
2983 7871
18858 21659
13989 20248
13760 22983
9927 15377
392 578
7935 8144
21944 24267
4156 12289
146 23413
11368 14772
6048 18681
17860 19453
3200 8188
101 23949
5816 17672
8345 14541
4303 16499
7667 23298
846 9351
2145 5770
13762 17028
13650 14942
10453 21989
13390 16955
9917 19128
10450 16625
7015 18574
8453 17105
557 16075
10533 12826
5059 20291
20400 23356
1325 19506
5878 17816
7770 12435
15896 19391
592 2231
10405 21711
849 14760
7641 23463
8390 10330
14703 15467
990 23202
14964 19675
3493 18667
3393 20896
15768 22526
16750 20334
3421 10852
1855 9805
14072 20502
5529 19040
2834 9014
15863 20807
293 13438
8192 21547
4894 22603
13711 17978
16159 18438
18903 23402
14992 17675
15977 17972
7029 23413
8177 11734
6902 23942
8033 10836
7670 9953
10112 16429
720 23564
2021 4071
7984 15120
1546 13201
19826 21172
6253 16113
15155 16066
12878 22822
5558 20612
5640 11601
3123 3249
16396 18926
1102 15043
8039 23556
4809 23670
6058 18034
7798 19353
1300 9650
13590 17801
8423 9991
5926 21174
2497 16322
17994 21758
3280 21679
1198 24128
2477 6817
11098 13104
6997 23168
8334 18521
10914 21364
2582 13422
3437 14391
12140 21360
6556 19722
11702 21690
17309 20254
9898 11010
13600 14216
6290 6641
11283 18246
17266 21797
2429 19789
1051 19277
9477 10043
6219 9024
1611 8892
5471 9689
6404 13177
11766 13000
3207 4091
3306 7445
2204 9572
1165 14260
5068 23244
8572 22154
5355 24457
6298 8255
4547 5972
5833 11717
451 7172
14300 19625
7463 8740
5604 16784
2910 15097
4943 10964
9834 11228
5753 8532
6015 14398
14264 17327
14190 18945
7671 22340
11119 18996
926 15849
19356 19444
11012 11758
441 6387
13136 20590
1017 20964
4012 11675
2752 11063
4068 5408
8420 19806
11517 20082
15208 19932
9736 23546
9315 12868
8624 16444
5904 22915
13844 17727
9912 17574
15050 19642
1357 15191
4606 8845
3047 23763
12774 20211
5826 19856
18615 20106
7463 18769
3774 3875
13766 18218
4181 13970
7605 16522
18483 18769
20907 21332
1161 7323
4430 15245
11889 14732
15174 18743
6518 21941
14650 19348
14181 19690
12746 17382
13851 15633
1821 7249
17214 19201
19691 22061
2573 19217
19865 19920
12025 17255
11201 16691
9018 12813
8282 19146
21255 21983
4578 12857
13570 15370
1474 11997
19298 19835
10425 16833
1738 20286
4457 18450
5647 10350
11043 19926
17073 17325
23309 24420
15682 24359
8722 12940
13062 18435
1076 2954
2516 22774
308 4034
4002 18579
1527 12382
636 9741
472 5832
1257 10522
5164 19637
15136 17416
9065 17621
4076 17697
12965 17551
6819 19046
14568 23323
13667 20393
7827 21245
11041 12288
6437 8966
5830 12136
7174 9851
18613 20958
5414 13420
8645 21781
3939 13767
10638 16455
7808 20991
15575 20546
202 16991
4098 12724
19833 19863
3532 6984
160 15319
21320 22660
2293 18805
15657 24310
8426 15817
4024 11885
2777 7153
4247 12089
640 9784
3772 5574
12110 14170
7989 16836
8618 12820
13180 21151
18502 23443
2181 20488
16224 23931
18593 24003
10217 21465
18147 21092
2528 7785
3191 14614
10709 15819
11149 15018
7500 22034
12111 21357
2056 15378
6890 16972
8456 10723
3353 13299
59 18421
14166 21591
6204 16295
4851 12075
18286 20341
10416 23659
5401 12343
17702 23689
21427 24479
3379 16658
3915 13498
7736 19903
11130 14923
12931 19834
4250 19484
10745 15126
11305 16578
18414 23111
15152 21898
14420 16250
1018 13188
11955 24256
1547 20980
1379 19618
14983 21174
2113 11250
988 3763
2956 12658
6790 6927
2263 22420
12971 19925
910 3943
2422 12676
4020 24056
9172 11814
11583 21801
1792 3497
2751 15528
204 14205
10599 22141
7862 12668
4791 6804
306 19131
12281 19351
6554 17340
7812 21058
20673 23235
11887 16176
7706 21297
3564 13324
16321 20369
20049 20339
12313 19529
1020 4350
6040 11028
18565 20412
16892 23972
10561 19510
449 2924
12452 13258
12968 17091
17282 18926
8040 11475
603 7539
2240 20996
2979 13577
14987 15045
5015 12231
418 11003
8546 14964
9630 13661
16971 22429
16362 16519
7324 7692
8276 23992
317 9365
10731 11918
14957 22286
2171 13085
3263 12853
355 15794
5211 13534
1771 20445
11750 23041
3347 20904
2969 13973
2367 22027
7163 22338
3717 16571
16107 17153
8239 14877
22454 24010
3215 14258
1377 10255
16547 18980
12739 17772
10208 14296
11310 19440
4242 5470
3239 20408
5384 12050
1956 15087
11863 11946
15186 18805
11232 20714
6843 9010
11049 23389
7432 14784
16205 16687
6467 23045
3098 14730
2871 15398
9051 18532
5627 16441
4588 8073
8656 16268
10856 22213
5965 21185
6107 20764
955 16200
13793 21845
12438 23502
3330 21862
1279 17401
353 9412
5239 5350
1187 13784
6861 20528
7207 8451
5878 9735
18972 20294
1005 20103
180 13812
13928 16880
2172 8106
2393 3560
10621 17544
4367 20097
3314 16657
6620 24101
7486 11301
1104 18832
10513 20681
9101 17730
10504 17958
3360 15654
18492 19733
10200 14402
13588 21878
3615 16405
16052 22682
14892 22093
6320 13840
11575 18935
7478 9673
2893 3325
4172 12112
8920 23489
5081 5242
610 20337
10686 16988
2478 18834
6239 18005
18923 24403
16234 22372
13937 15065
14338 15907
7910 17405
16683 18373
3210 6784
4437 21772
269 22899
1047 15483
421 6317
10252 23860
12503 21509
1611 20822
8223 14640
307 3262
11331 21367
6368 9087
16872 18210
12727 19078
2857 14085
8205 19633
19619 22283
18966 19873
8484 22327
17812 22415
13281 21284
9513 24083
11302 13975
10567 13642
8591 12078
3013 15623
15975 19323
2730 19256
10452 22650
5660 14531
7253 22118
19969 22878
17474 21843
2258 11019
12618 13249
7002 7751
6599 22392
10831 13256
633 12425
8693 19867
9504 24378
6933 9732
6418 15702
810 4168
17091 17092
9664 14722
4912 18368
2676 8665
5699 9874
18549 20001
6605 24220
345 12822
7866 11186
2123 16022
12172 19400
1947 3375
14387 18224
14709 22559
2933 11936
5855 9962
6511 9461
4572 5175
4421 7526
3893 4177
5423 21279
15964 18731
2768 17965
7263 20129
8992 12670
5220 17382
11259 22864
11120 21634
1296 23100
1306 8311
13696 17867
10632 20429
3347 21154
596 10237
10495 12030
11622 22872
9350 13638
2360 13687
13 1381
520 17089
10533 17555
15119 18019
7838 20584
5022 11523
3015 11864
12735 16626
480 8280
17309 19817
17 17763
13005 21454
9895 14406
7165 21022
12778 12798
8949 12633
8544 24064
450 7030
12648 24038
5340 24178
5199 23670
497 15100
2125 12759
1716 13917
1840 14985
10391 22431
11617 13889
6982 24228
4679 5229
2520 23324
3398 3640
1383 21907
22482 24247
9041 24135
1314 22380
8386 17654
5018 10824
2149 16848
8795 15226
1555 12908
11340 16665
947 3732
1738 13829
9798 19617
245 6909
533 2892
16689 23814
12555 12974
4182 13605
1003 3933
1166 11382
17494 21317
16894 18744
17398 18845
1946 14212
1184 19086
5061 20572
1222 9496
1070 13215
5146 10170
2349 6391
9550 14340
698 2701
11171 15790
6294 13067
7111 10214
2374 24322
18097 23261
459 9290
12762 19712
8749 23026
8466 9656
8450 12034
664 14964
8885 9555
16549 17249
2259 22332
10412 12210
4826 20262
13717 17143
12605 21760
1437 15569
6910 14006
9109 10046
6830 22213
3820 7673
12522 21256
7558 19596
11116 21832
6532 24149
16135 19025
1215 5361
3722 23628
5706 23131
3163 15963
13728 21269
18574 19519
697 24354
1571 5329
9022 17240
3397 4477
10947 22261
16349 19196
8893 12658
566 6015
12533 18964
709 20703
19436 23805
3908 21574
20379 20784
11404 15557
449 24456
3685 12356
14854 21013
9317 22160
14694 22964
4987 19275
72 9965
3584 6643
6085 19575
10714 11676
2072 14627
6723 13224
4668 8956
3895 16894
7389 12866
8924 9065
23098 23564
22884 23800
1242 4257
7777 21675
17136 20689
16993 20444
11925 23920
8125 18635
4503 11733
10866 24012
15122 20902
8858 9014
4434 12739
3314 18103
299 14324
979 7347
1953 3879
17114 17636
10249 19253
18864 20366
17786 21780
7394 10262
13146 24247
7804 17186
17121 17940
18003 19465
7781 8499
12954 23277
2584 17495
964 9201
3574 12018
2670 3362
584 10537
2525 9099
11858 20358
14579 19455
5121 17751
11170 23692
6136 15468
16066 16393
8364 14120
38 19619
8949 14271
5499 22077
7661 18704
3502 19251
1158 10232
2324 4045
8876 11676
7480 20073
923 18230
4332 15480
16764 23902
3205 16907
6977 18554
8845 20379
9041 23815
11042 23054
5361 21520
8204 16647
3008 12112
10283 10864
7012 12071
13433 19391
3491 9361
15250 24041
3699 3707
7684 10147
6419 16339
10089 21933
6213 10699
16633 19966
6721 8817
4295 16293
6424 18011
1590 3472
6006 17124
2729 13181
14101 15378
3152 6665
10379 18656
3774 18056
1650 23150
6465 8555
5875 6673
5587 12647
23290 23950
16687 19661
9785 14633
7710 21316
10274 15986
3747 6009
34 15522
12768 17496
15936 24279
1455 15376
4776 7697
874 14959
1131 8959
5 21510
6229 6826
10475 23566
2223 5817
8607 8832
102 9827
11623 14908
2357 22817
4678 8413
12222 23511
9297 22479
5927 18026
10711 17086
12173 21735
8160 17888
6848 13501
18957 23844
4755 18237
5532 16340
6694 20224
14623 16017
419 17220
1862 19917
788 21806
5190 11511
4312 7608
5113 12553
12482 14469
3552 18802
1087 4577
4204 16430
10800 14162
16133 21525
2877 10217
13067 16350
1838 20135
7567 8994
4374 6130
5958 22917
16505 18389
1159 6550
9767 9886
16649 18556
11638 22772
1734 22635
11577 21896
2132 12027
398 12259
8397 20218
3225 5580
8401 16772
19569 23658
8146 16076
15517 19330
383 1020
13135 18253
8399 8757
5130 13967
1379 16580
1100 10037
11799 19008
4814 24325
1162 24227
18953 20710
2277 7022
15800 19730
7458 15056
7896 8722
4992 20773
20070 23082
6202 9450
2700 7581
10542 23642
4541 10265
4960 5484
10407 12893
3756 14689
8427 17711
7079 8850
1604 10929
525 17742
1124 23826
17441 23686
1436 23279
6644 20547
5457 13777
9100 14211
1012 23076
19031 23981
2869 7462
18103 20926
15617 17972
13672 19153
5193 7836
2850 17402
5372 18078
9455 10824
2983 7372
19713 23768
10576 20508
14342 23579
7769 16894
17845 20008
2072 3332
1284 6768
3136 8117
7072 19191
4857 22104
3594 8543
7859 18861
837 14796
5214 20312
5106 12815
10300 21282
6827 17569
3387 20286
1742 23684
5225 22291
663 11016
8974 21552
1640 11215
9404 12156
4246 11456
14234 16921
9713 20993
703 18000
7889 21324
13409 17860
1369 6858
6201 8171
9986 20181
242 1389
1640 8620
2973 12289
23664 24407
16719 21380
3534 11831
7360 19284
13740 17020
10239 10933
17670 18448
15439 18883
1422 15916
16068 20520
828 20237
17176 23475
1811 18422
961 15123
2614 15280
9921 19149
9157 24229
1231 19603
9120 14428
3448 11743
854 3005
17648 20834
5626 7748
5321 13978
6072 16557
5683 5743
13228 19680
2612 9046
14118 22179
6136 8210
9264 22365
14372 20301
10715 14717
3088 7905
842 5245
1114 22678
16769 23246
3418 18752
7666 17349
10021 15200
2087 4323
502 14047
8458 23204
11097 18845
4307 9144
6095 14141
268 23221
363 11891
12497 17497
2452 5403
2615 13903
8901 19541
6342 23348
3599 3614
1837 19646
5833 10504
5733 8565
20108 21178
5882 19391
8115 20231
12536 20453
11316 13918
8325 21653
13220 17291
2187 21211
21123 22369
10535 21006
3341 5321
6835 21580
276 1334
9732 24284
1794 20509
19054 24422
9218 17253
2999 4768
9474 18080
12812 19809
10998 18125
7479 13347
17710 20387
2904 15216
16036 21523
5156 22745
2773 15364
7869 19077
8829 19540
17869 18853
4373 9240
3649 16018
6476 7776
4861 21120
7355 9038
3127 5505
3693 16831
16183 23575
9184 23156
1736 16181
8835 15003
5278 7829
2084 6435
17481 20191
22795 23258
1233 18218
14339 15482
7987 22566
8249 22031
17621 18584
18663 19444
4116 4956
2734 15412
7379 7926
437 5392
6945 11873
10877 19739
7442 11960
3360 8173
4524 9445
1878 15853
13776 19524
6317 24224
14322 24151
7117 21318
4791 5562
399 22151
13027 19213
1154 18862
8703 20269
6383 8671
10505 16424
6094 11364
79 2960
2738 13145
10218 18187
13634 20494
1853 22987
14989 22906
3596 5597
16080 18371
17217 20671
14006 15055
1900 9533
465 1807
13707 16358
6101 13394
6323 18320
8169 10653
14497 20706
3806 24193
4115 23549
19949 20691
4453 21701
1333 6714
3421 11390
4617 7562
12344 22642
1280 20379
9808 17458
17209 19599
12144 23376
5094 19583
11134 17713
7620 20870
1451 21358
14222 22955
7720 18261
10917 12641
816 8725
16819 18412
1915 24389
14694 23368
15068 16086
1764 15635
3083 18221
13267 14340
2287 2761
427 24022
17678 22982
1687 12681
7627 8132
503 19506
583 23701
11048 11969
20797 24233
1126 3905
3388 11162
3419 6246
6462 7054
13991 21765
702 21295
17027 19175
2611 22978
6231 21863
11023 21232
6031 23375
4377 13374
9120 21893
13748 18069
3699 12226
9392 24119
8489 16702
3751 22410
12294 20874
13136 15538
2728 8709
7439 9707
6808 20904
14073 15316
6723 9716
1777 18911
14099 15317
558 9087
22622 23462
13729 23869
11950 23145
10998 16429
2369 4734
3716 12887
8494 18877
3874 14345
8375 9061
18935 21268
8239 8321
13382 17831
11725 22731
18415 20676
8846 22046
1507 24008
5675 8366
523 22167
14833 18232
9560 21807
2673 8956
7972 10952
20208 22431
10186 19945
13197 13911
14486 20659
4961 18841
3898 19175
3384 14389
5014 9948
13502 18097
4157 18286
1260 22774
2918 19223
4627 15327
2228 9833
4907 23435
13309 24253
13220 17560
10032 16509
10004 12966
2998 13365
2827 8222
8954 11595
5514 11443
9098 13702
4256 23251
18989 21116
17515 20005
813 2613
4696 7625
19085 22165
6213 17994
19533 19883
2961 10539
13098 13263
7461 14336
8279 17203
535 8404
11923 22979
16222 20375
3251 3912
18918 20057
2945 17934
626 4073
22641 23822
9746 11652
1580 13978
2892 14152
1670 22571
779 10242
11391 12051
9263 18464
805 905
3254 7379
6213 10436
7130 23633
12177 15852
9745 19768
2050 6594
12017 20305
5838 16131
11634 20926
6376 13410
336 11892
11653 19821
13210 21586
2222 4546
7603 20194
12189 19283
19163 21232
775 15224
2193 15424
9576 19049
20287 22020
8689 24380
14638 21855
18429 22565
21091 23349
3091 23435
9271 10592
11550 16907
821 3579
22062 22180
11025 13970
15428 17040
2856 3697
17460 20991
4226 14663
1581 12565
336 13854
126 6798
13488 13619
640 16853
22311 22787
3469 23736
662 4895
1380 11491
3229 7588
2735 23799
11224 21864
7989 17217
2044 17701
12577 21417
7084 12105
11957 14807
9603 22139
5367 7575
9545 16160
10416 16393
5675 13349
3362 23548
15163 17318
1554 13269
9495 15426
4340 7954
57 2936
1427 22965
8410 15669
18362 20515
9228 23666
4582 16478
13465 19054
3009 9056
5698 15133
1875 19370
15188 15683
10267 11475
18118 18808
20109 21577
7952 16834
20494 20789
1566 23378
2130 17323
15193 16249
6917 21820
6107 16007
5778 11877
7007 9402
1240 16395
7488 13274
14737 22905
167 17334
121 3182
12656 21588
5641 9080
5141 19258
3233 9268
13356 21751
7908 11141
3255 8517
2640 10726
8355 9390
2280 11755
10225 18141
5529 17596
14246 22099
1263 19501
21482 22296
9067 17041
8486 9670
14884 20495
9716 12761
14253 14753
9848 12174
11677 23203
4579 20943
13712 15814
4964 14613
3245 6038
11195 20038
833 14825
6998 9527
14302 16145
11562 24430
18266 19310
7689 17533
6896 22177
5077 10380
17768 19908
3775 4724
17052 20456
15458 17047
6423 20870
770 24153
13666 17117
4613 9478
14450 19948
3790 6704
3404 21453
2345 17226
13899 18613
1546 20147
10464 22816
2521 3448
5750 13490
20709 23544
4141 14191
17316 19360
7937 18002
7528 12567
5948 22554
7439 13329
21966 24184
3463 19346
1352 6262
3512 24269
20513 23082
2197 22563
4948 10651
13383 18411
12499 23132
1281 9323
6801 13084
5923 23873
16953 21414
11577 12544
766 2683
4031 9418
9167 18336
14021 20180
10046 13172
15944 23932
1718 12504
6900 10259
20958 22228
18179 22041
6650 10598
99 18447
9191 13911
15435 23360
12143 12719
896 3832
12885 21693
8555 13908
1040 4013
4426 15807
10376 18279
4552 18518
259 7647
26 16921
4932 9341
10353 22049
2619 5874
11751 21323
1405 4532
10002 21042
9887 10502
259 11403
8384 21625
13107 21219
5779 23740
3875 6812
4642 8646
3645 5876
4201 14008
5078 18511
4688 21988
6307 12700
11001 19293
635 21920
19619 23171
10662 19247
3089 7090
7454 15133
8871 22795
1361 24210
12654 22889
13785 20650
4115 22037
8996 22334
13718 17352
15195 23040
9112 18818
23115 23245
12127 23980
8791 12126
3970 17132
3827 4166
5350 19895
12974 14728
12884 23767
2531 10670
7329 17931
12151 16806
11539 13789
7882 24386
1631 23119
4015 6571
9021 16671
5355 9152
2933 22554
15707 17183
16060 19571
5580 9427
3416 22306
1761 12021
18077 20013
2173 24355
3270 10367
4875 19355
17751 21267
1635 12369
7226 7546
6014 16845
1154 8245
2288 16754
3758 12119
6769 8395
4939 17057
12699 23275
306 930
744 20699
9936 22829
7677 18533
12272 15919
3741 19095
9363 17937
2123 3182
21985 24395
2517 6580
4953 19330
122 8823
8517 20018
11236 20921
4535 9307
2802 16896
8538 11898
5276 5964
13809 21702
7354 10192
2983 11411
1837 5133
16856 23829
6254 22893
7053 18089
829 7319
1546 10015
1854 5061
18342 20989
4280 23138
11923 22024
2785 13653
2708 17255
6944 10989
3526 20583
263 4091
12309 14338
7311 20740
7482 19348
17310 24037
1457 21681
7124 10216
2650 14287
14162 17992
2784 23808
1176 11208
4320 21740
443 17812
14409 23564
3746 15768
6404 16438
601 6657
9101 18842
16677 22788
14468 16671
22 21814
9338 17223
12810 13062
11063 23983
340 2158
19825 23523
17598 22026
652 14092
11357 20936
356 12650
7208 17052
6575 24388
15813 18290
12190 19404
9738 10864
15220 22766
10090 22003
2821 11221
9091 20047
8299 16423
428 5154
4210 24485
7662 7976
2714 10225
1525 2987
1352 13896
496 20884
14691 20566
2377 7322
11821 15232
11277 20927
3372 12862
12221 23737
8327 15770
362 17211
2991 8373
9844 19625
11493 23778
472 9832
3623 7595
11491 16920
10592 12024
9347 17468
5976 16335
1401 13574
21277 23523
2634 8488
9722 10540
7869 13019
10139 17940
10860 20013
14879 18761
20978 21892
8547 23277
8619 24418
11438 22055
4528 20423
263 21365
5136 19807
3936 8766
970 1636
6411 23629
5703 8681
6507 12188
2467 17863
16340 18430
11587 14577
9043 20083
11423 16209
18202 20412
12104 17722
5776 8124
3909 17630
11351 20458
1981 17470
5886 14183
13942 17611
2637 8114
5513 16240
5439 17297
14400 17468
12413 22398
6289 10287
3066 10634
4442 18030
649 20710
1233 22366
4399 8691
1638 7115
6572 7683
21027 21986
4382 16852
8436 22207
9736 11967
2822 17257
4846 11837
755 9059
17164 23390
12405 19791
2814 11286
5835 9750
9830 10286
12447 22669
8491 14956
549 4960
3232 18299
2181 7008
17584 22935
675 2039
1198 17868
17318 18866
922 14309
8851 18353
15585 18939
8985 11386
12448 17010
12715 20682
6221 23177
5997 10197
15583 18897
3095 16724
14117 24257
13252 13912
7426 23129
3640 14132
15992 21196
12829 14146
1454 24290
8516 10043
3907 22412
9262 18995
2355 11112
6655 14487
2141 7496
392 12504
18913 24359
20638 23706
439 20442
2113 23850
19590 22878
11134 23844
2451 14371
3011 4318
12000 12108
9951 10777
16421 18732
6842 10756
7513 17194
3205 11635
20074 23715
1031 4151
12463 22072
3218 11924
2573 11999
16987 20752
3185 8186
8327 16031
18183 22926
5803 11283
11602 24306
17830 18295
1342 2449
9904 10810
6009 6364
15075 20042
513 24338
8191 17292
7285 20279
12706 16875
9304 17549
6983 10220
14000 23343
4600 18803
14294 17366
15361 16445
14643 21757
10065 21674
8045 9478
6894 16272
8091 22437
19754 23857
2986 3306
5394 20338
16218 20758
20020 21310
9339 11429
9017 18127
22953 22993
16365 16513
4551 23554
14782 20320
4874 14993
3181 9828
11730 16577
753 7309
16736 21195
8741 15418
4739 18892
10062 17501
6850 7849
6779 6872
12770 18616
17642 18713
6104 14236
2353 13517
18239 20616
19556 24372
20913 22973
4004 22094
8471 19326
4208 7079
16766 18161
2457 19680
8595 18973
2921 19551
3733 19452
6118 7584
10451 20442
3613 18534
1070 14048
13399 14043
11809 17280
2903 8844
12228 19169
3733 11241
9063 12576
15393 20157
13454 23197
6793 10528
8215 12263
5755 11564
13161 15859
1446 10135
10670 16316
4285 22039
9618 15264
1500 12948
19948 21411
4043 16139
6522 6563
838 16057
13468 14510
11763 19287
12054 21654
8641 14105
4103 21586
14377 20636
4967 13386
15531 23416
18565 19829
1889 23412
8144 13480
5039 21700
4539 18963
20139 22941
9382 22780
10448 15107
6830 14969
16420 19383
8695 11459
4957 8063
2349 10302
8024 10143
2070 12607
11311 14016
3013 12410
19219 24429
8445 10786
2330 19883
4705 16979
491 6570
1639 14338
1114 3296
5610 11797
10920 16187
374 14446
726 20816
14547 18375
11024 21663
18054 20706
3792 10234
5647 16501
5901 16585
4910 22452
7692 16280
6730 10583
4495 7636
16326 21991
3601 16272
15547 20643
8767 16039
6541 16110
14188 23205
6183 18156
14398 15262
11752 16297
2566 23430
2388 19478
1913 21155
4910 5141
15379 16600
13895 16252
17217 19509
7922 22412
7719 18770
8833 10613
7096 16106
14681 22281
1252 1473
6487 18377
15656 24447
4815 14011
10611 20226
13839 14138
16648 17780
4166 13901
7354 16634
10517 16054
4587 14067
20907 21272
22174 23710
1899 21576
3607 8957
9902 21288
3392 23402
18953 20490
5494 10977
20780 21786
1258 4751
7779 17129
4681 14616
180 19741
426 13127
3388 21755
17702 23023
192 3150
6115 23125
6530 13892
9913 19065
4068 11057
13938 15153
262 12014
7394 18639
4579 15734
3138 5367
21512 23574
7765 21721
13069 23214
6753 19071
6362 14525
73 6560
4870 16670
3018 4378
7976 21400
12747 12777
5228 10934
3703 22482
7681 8447
3776 14380
11336 17775
5124 19706
11265 14756
5151 17003
6954 9919
4974 6929
3844 6130
2137 24425
3302 20450
4958 22027
11121 19101
16767 23875
18039 20228
47 19017
142 21431
2709 22800
3504 3970
10617 17417
14873 17715
1731 12700
8912 9514
11159 21844
9084 12968
6367 21486
1603 10988
2108 3470
2719 17023
14469 17001
4856 17520
9571 22177
5835 13392
14242 23118
2725 19217
9894 23882
15914 21781
2661 16026
2922 11533
23652 23971
4557 7301
10253 22759
6422 11833
11914 19042
10715 16288
3212 6397
11111 23732
8788 9073
5535 9766
4182 22622
15002 18217
15158 24282
15647 21851
2589 7173
1638 21576
6482 23041
16207 22898
4746 10839
1596 18354
17838 23626
255 15582
2732 5810
1372 15278
12833 19928
13358 16249
3299 11808
3177 14354
16675 22988
6929 11442
677 13211
20414 23558
3922 11040
15166 16666
8405 16096
8244 23605
4027 8926
10210 10875
22092 23238
14617 15041
12927 20876
7963 8476
1934 24431
5562 12235
12472 19311
9057 23543
15884 20678
2895 14181
25 8602
5471 22637
3662 12431
4375 10990
10246 17392
8623 16750
18028 20253
4331 17092
299 16000
18978 20818
6346 17042
10925 13972
4172 5682
7841 16466
2178 12806
4956 24307
2628 8340
19716 21125
10367 21718
11127 17282
1565 4807
20135 23177
2490 19690
7128 18292
562 18516
455 7571
13579 17127
14865 18964
865 16862
13278 17981
9246 11373
9268 16007
1205 9441
4875 20049
8549 15649
15879 21258
3648 23172
6200 14749
4802 12269
11349 21802
5893 11629
17415 17560
7179 21531
5543 8747
3349 6350
6435 20372
6641 21198
9897 23978
10007 17019
3324 3984
10950 16050
1473 3330
10511 14214
3688 3931
6207 11081
8915 20671
12519 15336
157 10289
10654 13793
5943 21832
7854 18663
575 18948
5571 19333
1818 12748
11999 19834
14015 18584
5103 22696
16222 22848
5579 20177
4020 5662
7256 15426
11795 22736
4935 7806
310 9027
9616 19595
5744 20111
14085 20112
518 15603
20231 21238
6140 7294
8336 23157
15393 24394
14894 23574
17117 17696
6325 19083
4241 20151
10877 20885
1816 22564
11877 20683
7064 9646
2138 4552
825 9463
7489 22528
8774 10992
2944 15006
1418 10538
4077 13269
5502 13407
2406 15661
2340 23932
1447 1496
13723 16571
19476 23220
1205 15800
5754 13806
7096 23217
4170 19012
10041 11124
6315 6572
4734 5033
1557 21394
689 6450
3412 5833
582 2219
5254 17533
11964 24315
5476 21258
13830 21464
4518 22538
2327 17483
6236 8668
17166 20007
15077 15840
2070 5433
2265 9893
1519 3859
661 7866
18621 23392
10734 16207
19083 22969
6419 10812
2180 9444
3805 12501
436 1658
3333 7522
11124 21485
3589 9468
5000 17455
1502 24010
3986 8971
8176 8754
12235 19538
2476 12930
8426 19779
7003 10368
568 6261
8755 15843
12296 21667
19022 23333
3809 8790
1262 14735
4680 24327
4521 12831
4418 16062
5346 15915
19853 20152
14461 24490
2538 2614
16291 24076
1027 12826
4127 6284
2360 6883
16904 22647
7027 24161
2348 11753
5398 19990
8714 17805
1217 16687
18970 19036
8647 10702
12666 18702
14229 14807
17610 21853
775 20959
3488 13609
4516 16222
5485 21618
5330 16599
9856 10939
2479 2970
4767 20635
10238 18276
12272 19794
12465 13211
6812 9439
15496 18027
2627 13936
12919 21945
9304 24037
1821 2376
1853 4738
18009 21469
362 23944
2110 9242
10008 10401
8442 21614
1566 7702
12067 18863
5357 11097
13805 17985
6150 9590
17397 21358
1553 8939
7780 21830
10546 21510
17811 20472
988 22641
1053 16468
787 13373
7652 13688
8081 17047
17718 18057
582 3353
2256 13851
1759 12237
5696 11543
17386 17678
18152 19517
10823 18314
33 8254
720 5333
4510 11649
3366 7173
5355 10955
3084 5123
15937 23475
6127 21595
2255 9186
7458 24403
10220 21733
17794 23991
6041 13522
1847 21017
7146 21665
846 6679
2112 20073
7127 7845
155 18390
972 5334
8604 13673
1361 18453
6158 21094
212 4247
8061 21379
10635 21454
15361 17224
15909 19895
436 13732
13020 24431
737 11598
17534 21397
12641 17577
2246 20326
6157 20039
1810 21522
19684 21629
2829 7714
5506 9140
12790 16920
3400 21566
4980 17235
950 7010
21664 23195
4613 6842
5946 21546
2050 14947
5751 11376
18609 24236
4561 12065
6401 23836
22390 24152
1535 21315
19923 23997
142 4418
3111 20720
2456 9550
10372 10722
11676 21000
13894 19849
7975 15640
16085 18915
1876 17340
3627 19549
674 11099
9583 21232
17667 22589
5824 18417
11823 18565
14676 14831
315 19232
14078 23509
13828 17996
7069 10765
1756 12850
8466 21607
406 16477
16696 17317
6385 23423
17627 22327
4957 18882
4551 11838
202 21291
3956 21789
11953 23215
5911 15509
12282 21722
15692 19227
141 3908
10459 13572
8205 9421
7507 24030
9015 16150
3997 15536
17772 20210
7543 12361
20386 23945
16749 19302
9888 14053
21345 24003
1756 21164
8776 17738
888 23480
2648 10563
8455 18117
1179 14605
5578 6487
3762 4373
8028 19678
1156 17124
3800 14364
15766 15768
19727 21854
19634 24379
5815 14310
2118 6715
9354 22957
14328 19706
2189 12716
23564 23982
21461 22252
18691 23156
13067 23295
18786 21216
5533 20741
7691 20516
870 10072
21844 23072
2047 21936
2036 2908
18037 19816
6923 14484
7015 8898
7391 11145
9861 21459
9116 11281
9466 21837
16870 24202
4232 7453
8816 17931
4342 9238
2230 14611
14354 19209
4556 9889
20471 21964
19466 22225
9820 23826
4071 14058
2158 21095
7410 20082
13046 19661
15728 20637
9028 13786
2009 13017
9168 13225
10566 11175
4901 13653
19654 20881
2880 23840
3372 14151
3360 5295
5846 14979
7267 7401
11534 19945
14795 17582
2895 23469
9423 22427
6619 8955
1548 2288
3576 8451
2087 7437
6185 19487
20893 21721
7990 22316
7926 12120
2880 17715
1559 10213
4062 18468
10110 20276
9301 20600
7240 20778
8835 13651
13180 22037
8561 15545
9713 20087
14961 21765
5775 17148
8483 10635
12120 13050
11703 20014
17996 21740
4707 10183
219 11414
17117 17138
6031 19067
6191 20396
14127 18916
2735 6526
1992 7791
6279 13797
1042 2961
2999 10374
13887 15003
14102 20239
14560 18979
15748 17407
6124 23733
973 22570
2435 9291
2422 14956
4237 23136
10739 10873
1484 11628
6469 21985
1603 14898
2676 14117
5116 9128
1342 7145
7495 13594
5997 15170
19269 23824
13385 20960
3837 12476
6451 22522
16000 16986
2859 9353
10998 13914
4473 21884
12880 14459
17843 23415
9839 18487
5673 14694
9959 13683
2072 21830
17695 21743
8013 21431
1783 11190
16383 17477
1166 17447
5455 20852
13677 24300
3383 12034
251 20714
11526 21282
11298 14387
5157 10366
1015 23679
637 3342
3275 12358
6458 13598
12183 12197
12425 14315
1432 17192
1065 1553
10117 18655
1285 1554
19323 22122
6320 11500
5727 19096
1453 12932
9798 12840
21129 22462
21527 22864
7469 19624
11808 21042
18953 20239
8261 10912
8116 17821
14627 15390
20069 23567
9620 14192
10388 13517
2224 12241
1621 6641
934 6706
3385 6034
1018 1896
13906 21621
2718 10153
15212 19564
22481 24168
18604 20341
20817 23887
571 9578
5126 17111
15279 24137
12774 23597
669 1218
2076 4533
4936 24352
1939 7933
14272 15875
16207 22718
2048 14253
15002 23990
6925 19049
13128 15081
9086 13710
5794 15610
2998 9009
2788 15719
2700 9666
7044 12026
20218 23759
2347 19324
3082 7810
13972 14440
1536 6256
9359 15725
1167 20766
11802 23367
6162 12479
4868 10831
16047 23987
11273 11544
15638 17967
9634 20525
7737 22014
4049 10163
3806 11408
587 12902
4339 17740
2065 12517
7981 15035
5604 15853
6145 22290
3149 5796
141 7930
13445 20829
8371 14765
11890 13885
2373 16726
4527 16047
16447 19182
20181 24281
22622 22791
9631 11203
11735 13913
1735 11664
8986 12639
5215 16779
21304 24387
8012 15984
7587 15294
5378 9105
9268 24438
1809 1823
12732 13160
3379 23811
17088 18903
17104 20399
2375 24133
10736 17532
2203 22928
11055 16771
976 9525
4025 15000
60 18666
12536 16782
11896 16848
2034 15383
11667 15262
11886 18545
6070 23656
366 586
12423 14842
4830 13573
8223 12357
18818 23644
4814 12247
8919 21150
19 2955
11467 16509
3670 6528
5878 14831
10562 19634
13618 13666
17220 18127
13250 14216
20342 21090
11939 22023
1709 4704
2084 10077
10545 19286
2510 20309
18333 23253
6756 10473
2139 11360
7079 13657
11809 14843
8209 9856
9441 14654
13 6261
15149 21345
20767 20889
2589 20977
6549 23626
3987 12915
6517 10869
8312 15348
4533 21615
15170 17278
191 8022
5530 22573
8788 22865
4999 13703
1304 10897
9143 9745
8708 23471
8734 19027
8180 12986
797 15634
539 20130
11854 20555
11980 21280
8785 18031
1415 6135
3896 11375
6546 16389
2073 11766
491 2285
4845 8341
19650 23479
2277 22693
17302 23571
20053 20860
4978 9857
3854 21629
17963 22675
4387 11439
9200 9221
3041 9681
817 2019
2144 18176
1902 21271
13068 21277
4630 14883
6279 18151
19890 21931
58 10886
7919 8636
4317 23868
1316 16970
4441 15568
15991 20513
5841 22735
7514 24415
4500 7761
3850 8509
11928 20422
890 24236
3812 21616
9121 9585
3746 10247
16596 16678
7098 9951
6399 6646
3065 19433
3610 17859
2775 10103
9533 10217
8815 14811
914 13220
4455 8002
18144 20176
1023 2168
418 12822
167 16981
8600 16367
9329 17559
9376 23502
17866 18868
997 17516
5660 16155
2692 18874
11199 20334
4534 14782
4971 19075
3551 11992
9621 18183
601 8652
17828 21908
9234 16789
4721 23187
6973 20785
6705 14193
8595 21147
13962 13972
1587 12784
9191 15022
15339 16034
7201 19614
12852 19789
4499 17755
6379 10100
427 3959
10647 15767
7768 21360
17385 21618
8918 11601
5705 5769
729 4964
6210 11638
2979 3693
6225 22175
2341 13547
13974 15863
2861 23292
13968 21182
3858 23051
8419 13187
1913 19719
5065 10487
6941 8456
8314 15726
3122 16375
1559 18260
1233 21353
7328 9270
585 20055
5712 21533
22254 23222
6459 19781
1741 23439
11647 16657
12050 19901
5301 10776
4127 17844
17989 20207
7297 19336
15201 17151
5207 6291
17165 22502
2378 11181
1475 10125
2193 13521
4276 13879
13658 17957
2501 20988
9326 13030
18610 21218
21674 23525
4893 10694
4511 22461
13560 20565
8111 11716
11663 16892
13030 17236
3158 16389
12269 14071
15192 22722
3247 6974
12653 16853
5260 9910
21448 23913
2715 10499
12925 21039
11755 20336
6368 21576
6827 6945
11399 21527
109 3237
8607 13418
229 22947
6057 19077
5700 8436
2619 4983
9407 24205
4673 10680
11287 22305
5030 24460
614 11327
15629 20251
10954 17887
4691 6969
1522 22386
6469 13887
8843 9199
3929 7159
13250 15125
8003 14052
11565 16623
3561 15808
8687 21851
4169 19907
8826 11261
467 16934
10606 16983
649 20562
4531 15796
7130 9243
13691 15417
631 8243
301 17506
3460 19406
2096 21226
17629 21411
14957 17387
2698 5547
17226 21203
1849 24064
5671 14406
4095 22011
995 6232
18352 20701
2613 20427
3868 8960
3678 20191
9579 16071
98 18704
12609 17917
10631 15801
16166 23594
9428 18929
4772 23778
11883 16479
4765 7555
22371 23796
9063 12750
8453 17664
6469 24272
8386 22266
13335 17662
3208 7685
5351 17924
1326 23475
11086 19312
11855 17731
11764 14483
7855 18427
1702 4729
11944 19753
1397 4242
5239 12463
18000 22687
8436 17556
3849 14295
3246 20799
11932 21105
437 16867
5200 22731
2604 20319
9000 18562
7906 8012
11021 22045
11695 14682
13378 16289
6342 23694
7123 15745
7369 12801
3567 9193
560 8128
764 5884
5841 6168
10545 19159
6657 19795
11 3069
14797 21006
18518 24226
18541 22868
3971 22753
9613 24458
5158 23775
15586 23294
157 8663
6004 23585
4225 5913
8449 21030
523 21947
3376 22479
6235 14780
21379 23786
7441 17228
9962 23062
5430 5758
705 15999
16404 16442
1464 17516
1157 2034
15636 21091
13852 16863
6878 6913
13168 21976
14157 21809
15337 19895
4824 5741
18288 23225
15012 17482
3977 13432
9388 15903
15931 22885
12277 20885
3869 21374
22444 24346
3422 19238
6886 15283
3213 9979
15673 20269
8548 12179
11057 22310
13946 20836
8509 17606
11314 19206
5739 9048
2642 20028
8796 22909
14875 19990
3253 10346
8386 17574
1374 5900
1769 15766
1529 20951
13697 22128
174 23445
1184 23021
6357 19131
1500 20216
1283 22185
13322 21165
15696 19516
10946 13346
6169 23173
8991 10097
1540 10618
7799 23209
5380 10715
6902 18371
9815 23952
3654 22076
4162 18927
431 4551
2265 18594
7906 12774
13435 16067
3615 20808
10551 19083
3949 11478
12120 23229
15759 21917
1653 1782
795 5909
4251 18405
3779 14438
19405 22153
3434 19999
5768 11383
5465 23986
6064 24365
11325 14545
4176 15740
9838 23153
9491 12279
135 7335
2132 6185
2874 7706
1554 9456
20372 21064
21801 23630
2549 22387
3824 22103
9758 14854
9227 15014
6133 17985
17139 23748
11571 22283
10550 17038
4768 12939
4521 9784
2217 16778
14255 17455
4797 8882
4663 10170
7011 8402
437 19506
7326 8053
3211 22378
11948 13985
1120 20567
14480 15564
4667 6757
4133 19419
19521 23711
2527 4818
1539 15743
835 19773
8157 19032
9467 16793
4196 8800
13770 22002
9837 23749
10127 11482
17196 20021
3499 20477
8525 24388
8626 22489
481 18251
3047 8322
6879 17340
7236 20428
3139 12445
14620 20340
15210 18333
5119 6336
3223 13327
9702 14229
4535 10198
13039 18591
3787 13357
18086 22414
8516 11860
1781 13401
13201 16570
5155 22382
3966 20041
14638 20297
3626 17197
16418 22009
13811 19812
4640 5955
680 7096
6140 18558
12416 19405
1331 7152
1993 6961
11283 19101
12317 17834
13892 16005
5807 16660
11749 20756
21260 22455
20601 22597
5524 7889
13509 22811
12105 16210
5002 16427
383 17730
4244 9704
4985 16196
13302 20455
584 7519
6075 20638
3184 11517
325 13858
7913 10915
1336 2106
13239 16953
17772 22849
12886 19307
8516 17306
12657 13557
2502 20967
15672 22188
4221 22105
1784 9600
18070 24203
2704 16128
12591 21435
8629 9459
10200 12005
16802 18931
6284 9755
1441 16544
1269 5075
3826 17457
3422 13450
1304 10785
1420 17330
21146 21553
7852 23272
7545 23860
3205 14839
17537 22553
18340 18566
17069 22600
161 7159
18766 21880
6382 20363
6829 22569
12627 22550
708 4818
6612 13235
16633 17391
6453 16698
351 12583
9558 16586
10890 23888
11623 15743
4957 18233
17447 23312
6621 19138
5557 19960
3007 10568
10668 23450
13549 19847
7648 11676
2951 6690
3474 18198
14754 16255
5236 24254
5782 14761
1690 15016
4640 13366
1749 11531
461 13893
512 15074
18932 20901
14228 18406
18060 18467
6406 22062
10956 12147
8664 19490
462 17612
3046 3050
5191 23565
895 5814
1664 5322
23637 24259
3064 11195
3053 14584
9344 16416
5149 8387
7732 17630
6911 9745
6201 11981
2624 12163
1291 9478
3973 10931
1533 4870
19308 19704
1882 17816
4828 10889
694 1145
10619 16201
1168 12599
17282 18428
9030 16695
5085 20916
2048 10858
7526 8073
1168 14873
3537 17213
14316 24162
4601 18310
16360 23382
3955 23919
20042 21039
14558 14782
4490 9470
6584 13740
11215 13336
4221 13642
2852 5183
6821 12527
5057 13284
18161 18340
8569 23970
2747 2850
1256 14871
19122 19395
1686 6204
8623 19483
900 15150
1638 24309
3709 7134
18736 21665
3655 21969
23744 23963
4803 24168
4969 8117
3681 12953
8848 23980
13208 16074
15543 23807
9634 23111
12457 13120
1009 9244
416 5784
8110 8255
13438 15849
2548 15655
5779 9184
3317 14764
7874 13690
12886 18365
10547 16158
4901 17256
7031 10514
7629 11448
4317 11024
9396 18942
9014 11669
2351 22489
13408 23903
44 22072
11255 11807
22769 24167
7871 18365
6621 15041
2593 7433
4733 13098
4949 10874
3966 12844
8145 9457
11760 15769
1496 7670
10356 15974
914 6094
3792 14550
6373 12969
4929 10031
8866 19298
2964 11473
5646 23596
14068 21937
15243 21524
14966 20164
6535 7807
14111 16684
5468 14785
6563 18781
818 6644
5720 18083
16709 21986
10052 16845
2278 21644
12769 18275
20288 24315
795 5923
5675 18217
12450 15263
649 1827
6768 8246
20682 20817
12687 14085
1207 17964
2745 5927
18642 22236
8353 18639
10991 18026
11169 22663
11771 13491
7123 13871
940 9649
687 15949
6482 16072
5387 11295
8961 13179
8562 15979
4235 10012
5419 22297
2636 19947
3944 4802
832 20209
14630 19347
7864 15568
7445 10195
6583 14964
8826 11443
781 6084
12569 13241
8774 22056
7147 15210
2165 12329
393 2830
3289 21671
2862 22759
7028 19064
6139 22986
4464 19060
17644 20579
11972 15493
8347 15258
20165 24364
14800 21087
5388 11334
11209 22300
13811 18913
329 7983
6538 21135
18442 22496
12729 23379
9452 20325
7269 12334
2185 5339
1360 3964
3234 5512
15185 15355
5460 6273
3002 23353
12118 19444
14260 18024
20772 22160
3899 13401
5169 20304
10381 21761
66 21453
11028 14170
11917 18263
1640 15022
1814 12595
8243 21036
9478 15958
10341 22504
4902 17499
3951 15262
18183 20000
7093 21374
17571 17850
2737 24486
14877 24290
855 19533
3145 13404
9425 20572
6369 18238
10238 21940
11509 20281
20129 21829
170 11223
1197 13578
11227 16329
12914 22826
20063 21242
2234 10923
3495 8433
7192 7946
13063 16263
10939 23597
14430 16651
8572 11218
18186 21836
1323 22837
13229 18842
3087 18836
18045 20806
6469 17324
5839 13194
22939 23364
2894 15672
4288 12038
8076 19889
4564 23264
1597 23564
1717 19651
8093 16044
17155 19038
10929 22830
2092 10572
7777 17022
3399 4490
4246 14214
1654 18744
5148 14587
11248 20414
1802 22760
10604 24180
463 7240
1278 20220
1592 4830
6427 7494
6039 14360
6877 20712
770 19611
2784 19831
4983 10426
8820 16947
2137 8215
19291 22169
10443 19993
14836 20809
3684 19835
3864 20333
15633 22029
1072 2025
22999 23245
15551 22936
15640 21127
202 15355
17740 18266
6843 23038
14750 24089
5578 6545
888 5530
11120 19840
4670 11426
7031 7461
16342 19075
12054 21127
11458 15553
5510 23560
13897 18651
5937 17513
7352 14627
14097 14493
14983 20897
3460 24171
15561 22166
1580 1800
495 7893
1087 18204
3032 5880
2237 13240
12440 23294
4851 20985
1487 15305
3064 16924
20587 23833
22344 23353
3678 19549
6557 21167
4191 19307
14367 15422
18268 21939
344 20894
1168 21819
15909 20366
349 18234
14564 23056
6128 20722
8967 18880
3767 13970
246 11381
6652 24272
2037 8723
16728 18145
10533 16269
4986 8646
2632 21696
2705 17524
12410 12946
691 21054
9227 21945
13173 15698
1457 16391
17894 20486
7521 19517
46 20375
7081 19129
9125 11803
17290 23715
4571 8543
8582 22562
20408 22198
657 6095
16288 22140
14623 21015
17850 19792
626 5967
7373 17579
11361 23336
1129 9611
4209 7038
11803 23588
6475 23357
15349 19764
17757 23487
7425 16430
6480 21252
244 5715
8072 15223
12629 15414
97 3185
9961 15471
14695 22385
6622 12933
7743 7794
6676 7500
435 14168
5020 11682
2824 19906
11308 11787
6868 20964
1017 20981
3874 11153
7429 12352
22302 23764
14935 21868
5250 19036
11544 14775
10880 14436
3454 8322
14911 21105
4657 8363
1299 22267
8815 10118
7741 21486
5629 23344
417 17695
4405 22989
16970 22371
8573 14784
2816 18021
2262 13178
13342 20560
10225 15297
19598 20579
8588 17160
14015 23482
9052 11620
287 6882
19688 23026
12404 15527
1523 9748
11609 21310
10096 17087
9343 16902
7970 24173
9062 21824
15346 15627
21698 22025
2682 7282
12718 21606
2964 10585
12450 16416
7020 20424
502 2466
18112 24075
1516 3857
8533 24006
13434 19672
6852 17895
684 2137
15516 22419
3830 18833
17051 24313
9363 16615
14217 19356
11540 22978
7168 18633
2578 4198
14125 20235
1923 18548
1306 21595
6177 11561
16492 19116
20637 21872
7848 18634
978 1251
4251 17781
3653 3916
8196 18666
9090 13059
3616 20305
2850 9839
9713 10761
1985 13892
11715 16701
14147 16542
5942 21017
20011 20038
4505 23911
4021 10079
10848 16759
941 15043
8787 21411
9691 10631
1205 2004
15725 17941
14220 21758
18060 20657
7774 13463
6955 21667
2150 14168
1693 13707
8944 17540
13921 17760
14193 22231
6673 18006
1457 6237
1454 14521
8773 9749
2578 16798
8907 23583
11178 12140
10437 14550
2609 10426
1653 12936
12312 22989
3841 6389
8617 14204
18032 18153
608 23742
14336 20637
14760 14916
9843 17738
21370 22677
1251 24336
4637 21594
8162 20472
1436 19879
1861 10309
445 17522
3861 21607
6583 10500
3335 22350
21402 23404
4531 15916
828 9062
5909 14527
1391 12668
3043 14810
2126 6994
7293 11508
12352 13693
10356 11328
15157 15646
2554 14952
7605 7662
18628 22784
14747 19964
3796 12025
668 17068
6429 19866
4794 24040
20414 21407
3597 15877
4949 23621
9045 10702
9064 13753
5588 12313
7964 9100
2337 9986
12145 18912
7591 11203
2079 3315
5045 18128
10438 11776
7095 11580
8989 15632
9770 18455
11687 13523
8633 17920
5845 23780
1683 20485
8022 21690
1490 7561
1227 10576
15487 23324
10401 19707
7149 14365
12486 21474
3096 14527
14124 21721
7353 10869
387 12282
5770 22546
3561 11337
16125 24143
4518 16590
14483 22553
8061 12502
4376 19812
1354 20639
6597 11541
2605 6433
19959 20027
6101 11096
4433 21197
16017 21075
5266 20870
2381 11060
9052 10520
15497 23088
4844 24033
12213 19443
6280 17581
16161 21823
1149 14647
12181 16891
6359 16332
2283 7967
12762 14337
3172 19941
11272 20577
5167 5977
9137 21083
253 1220
20701 23005
18401 20864
5091 20901
1162 1301
3185 17087
6430 22360
17481 20631
5793 19118
10127 18848
3434 11611
14373 15786
14535 16709
3395 16360
13579 18226
10835 14386
10740 13370
3790 9305
5034 10058
17509 19095
11020 11838
913 14274
15288 17188
16190 24023
8319 14199
9126 20095
5695 23408
899 15177
16211 16483
9713 12556
92 21554
6492 19548
11263 14514
10533 18560
5801 21551
15163 19678
3749 5266
5976 18601
10343 12378
6005 11048
769 1073
13009 18902
4976 21454
19166 22129
478 2564
2262 5982
626 4993
1947 17761
7224 7875
4612 7191
12734 15936
13253 21064
7960 19682
18516 19044
1522 2303
4814 10341
18998 20542
1085 11081
14545 14674
813 8311
6555 8293
3353 18779
19577 21017
731 21087
1270 10590
8839 15439
4021 4053
8819 15475
2791 21615
3621 20519
8739 9801
5032 18577
5814 12083
14590 16825
7075 21140
11494 13742
1331 23012
19277 22696
10070 20912
17245 20876
2754 23692
15073 16058
12347 19538
11033 22382
7018 20539
18127 18950
2133 23181
13560 24480
4335 19444
7593 9562
8213 10282
16032 23937
17276 20040
10224 23259
8456 12841
4157 19958
3420 6481
2277 3109
245 10189
12381 24276
262 12863
7906 16394
17966 23528
9257 19311
17257 24453
9445 20375
2261 19312
226 19474
9432 12571
223 19597
2142 14090
21344 22693
13109 21253
15844 19062
1033 11852
2359 11876
9065 18802
4020 6450
4007 24299
2760 16248
6744 22422
1742 24251
990 9314
10625 10953
1218 16112
6651 9241
12483 17926
4367 9220
12392 20101
27 13817
3581 10422
20620 21358
19502 23398
1028 5749
1375 5789
13163 23957
11522 18624
9957 20345
6649 23233
4713 22296
9471 17682
9213 18132
21035 21749
585 3772
249 14331
2431 22576
14972 15586
10460 24060
832 20692
3275 5288
685 17105
6991 20281
21265 24169
8838 23839
10664 19175
1456 16411
12243 21965
1523 3555
17503 21901
7095 17081
14405 23900
2261 14497
696 15007
17158 24320
19006 21096
15564 20066
12709 21217
13120 23079
13617 15504
9634 20917
21396 23784
18176 23922
22372 23814
4847 23233
14926 16996
5109 23606
5638 14064
18304 19844
967 4547
1385 16539
242 19872
5545 23011
5461 9117
9414 12627
7609 13547
9005 12023
6536 19920
3843 17614
5634 20521
9712 18155
7160 9571
7398 18864
2084 8806
13746 13911
1788 7794
9933 11947
5867 14817
2668 15494
16278 23564
616 19393
1112 13074
9881 10531
7296 12366
12344 13682
8269 16677
3684 19850
9534 22217
8646 16457
5450 11251
4745 9627
482 20694
22141 23348
8852 9195
2796 11062
3623 6924
11998 20638
3004 17165
14111 21636
9528 22359
4512 15198
3278 20159
15070 17921
14159 18724
9422 10222
2250 12009
2808 7671
807 7480
1887 5371
21578 22759
10112 17333
14213 17651
2068 18534
16173 16373
13501 17311
11315 24409
767 17518
1361 13086
4062 21578
528 20674
703 7277
9939 23095
8341 18634
15297 24232
14568 20673
11403 17907
6068 10994
4311 15541
8179 13366
16019 17218
13282 17318
8727 19794
10713 22847
7735 21796
6317 7353
16474 18959
11367 19416
2155 11602
15031 19701
13561 17967
6902 23164
6217 10746
5350 7257
11364 17590
1561 7069
5348 12483
5038 13333
7632 23549
7446 11898
294 2569
1074 23409
12664 18969
15524 23793
3168 12016
13655 20727
14451 22508
2090 6757
11344 15341
23747 24184
1134 12404
11759 20790
21250 24415
16890 20327
1475 17669
18563 20905
2342 19144
15263 15870
9909 18934
1745 10781
4292 16693
11981 17079
707 15633
418 5406
12121 16876
5789 9360
9160 10070
16641 21178
4978 12511
12609 12768
16079 22303
17138 18398
4085 5775
864 17046
4421 13755
7113 8956
7042 16113
13158 24373
7160 20021
18823 20507
15051 23088
5631 6847
4119 6488
4604 4685
546 22201
3668 13099
969 7395
20885 20942
11607 24325
11322 14522
10283 11616
15651 22554
9449 24225
11695 20930
2385 22366
3725 12601
2775 8430
6495 15259
7219 18346
3079 17774
19016 21854
4294 17360
16024 20720
2704 22299
3614 15682
4645 7609
2565 4063
3777 14654
5203 14923
8467 12118
2158 16833
13752 18179
13517 19583
3674 7176
3182 4248
23 4845
17554 19015
3256 20100
4108 6403
12698 13391
679 7030
8759 14648
6338 7125
618 14674
22366 22713
20303 22940
6595 9156
3086 3719
22010 23848
20141 23887
14650 16126
2560 7426
18442 23993
1108 13719
17962 20797
10658 23681
12683 18010
7135 14604
8326 11375
15391 17485
10333 20563
2945 16826
5302 10493
13296 24375
307 20643
8610 24201
3674 18661
7452 16491
16122 24167
148 16658
14370 20689
7650 16911
19925 23748
13707 20325
19076 22448
19817 21228
7768 19890
7926 8551
8993 10925
9939 19463
5959 7213
6382 11768
22417 22676
10631 13589
12031 19219
761 20033
15343 21831
17076 19428
2430 22805
4548 24293
5458 19926
8753 8988
974 20964
167 12698
13475 23891
3259 3289
798 957
15351 16240
223 3065
5432 24484
4070 15252
11835 18393
6345 21832
19256 23199
6120 24255
6230 10856
3279 17492
15618 20609
10011 18314
8345 20523
8349 13131
9265 14214
8410 11904
650 7943
158 423
5431 23076
7500 13640
15274 24378
19686 24197
5404 21201
2999 15743
9170 9782
9830 14313
12332 18604
4879 13205
1186 16611
8311 21213
5663 19618
7794 18368
3305 17968
8 20911
16566 24234
122 6396
6935 16648
5347 9992
16917 18181
8337 13854
4590 20982
19645 21296
90 18211
13713 17812
8391 17139
1752 9976
3705 13828
14940 15369
7089 21260
8123 14828
855 2411
345 3368
7569 22804
10265 22918
13892 24004
576 15259
667 11014
6384 11589
1498 20913
7397 23731
6266 10979
2114 3420
1473 2208
13575 17091
12794 14959
18438 19147
10612 23993
11142 23616
10846 19593
90 17632
1171 20291
3370 15337
7837 10319
12522 23474
4821 24147
4630 13586
1408 5411
1485 4486
6001 12321
1216 7885
4051 14781
13907 16670
19216 20181
18230 19274
1218 9971
12994 20959
10549 12382
585 4784
16279 20381
8596 22443
5466 10769
2017 12350
6167 13817
7755 18227
5178 16207
1921 7908
2659 2970
1675 23324
6883 19574
15193 23580
11326 18206
3761 23883
12432 22296
21131 21335
19777 22266
7732 17350
11050 14115
20224 20454
6698 21232
12419 18979
8355 23746
1200 21952
20787 24245
13573 18819
17724 17788
9955 15522
7593 10333
9942 16742
2237 22026
5094 13417
968 19343
17753 24007
10966 20696
8821 15759
12702 16554
14601 16355
10569 17784
5308 21956
733 23768
13440 19176
9090 22408
2178 10135
12153 22115
17416 22500
854 11258
2011 11098
2384 8114
10811 21656
10551 24460
5428 14868
686 24464
3661 12559
6020 12534
10359 21985
10318 15856
14156 17273
4006 24080
1868 23986
18058 23883
7138 9489
7899 24457
874 21134
4273 24253
2465 24415
14228 19384
7780 18232
1375 18020
979 13168
3719 24343
5107 13549
15965 21244
4619 9463
9335 21153
2605 4018
6652 7248
11767 13632
8725 14089
19011 23492
16787 17984
1197 22446
19060 23142
21422 21498
15375 17568
1154 4298
11523 24037
328 6923
9112 10821
21123 21290
8436 10236
868 15823
187 19402
22932 23507
3259 21866
12190 21510
3164 20993
18193 19718
880 7082
1952 11043
21186 22868
2214 9021
10277 13761
2453 5767
12138 17349
8653 12629
215 13525
11033 21771
7345 13963
5004 16187
12197 13459
4749 14249
1887 7599
17445 19822
9590 23295
9367 10945
15284 17056
1619 21767
11329 16760
2134 7638
14597 19386
6185 20664
16328 18821
3297 5566
6661 21154
153 10868
8486 22154
1126 22570
17084 19139
2708 7628
14287 21974
8077 19900
8383 21985
6746 14022
7327 13426
8387 17442
2966 11832
16734 24402
17309 21457
11413 15926
12772 12966
3687 12833
516 12805
11749 12917
1017 14208
18905 22830
273 15002
10356 16062
17372 22421
15036 23695
14481 20788
9749 15132
5458 14510
8261 20471
3477 8850
983 10858
900 1108
16425 21692
9001 17543
520 22598
7148 19643
3494 5567
2741 4950
12757 18225
10547 15800
1731 19355
7452 21110
10363 20559
2620 20622
5404 19418
3670 5990
13439 14438
5206 17357
18754 20812
16420 20680
3910 8827
9289 11497
1855 15332
4642 20465
5986 15773
16610 17225
14069 21540
6661 15074
16656 19508
15110 21475
3266 18505
15199 23860
3977 4181
9094 20949
5269 7500
2243 16050
4819 21718
583 12553
11951 18499
18311 22219
581 12629
333 15395
6856 9849
7079 19221
7407 12090
3210 5708
4562 18502
9975 17261
17096 21106
1903 16026
4578 16345
3318 20445
883 14081
413 13272
11429 23441
7269 14950
12171 15161
10315 18686
12513 17581
1579 14593
7246 17793
5410 20770
4139 8303
7588 11327
1234 20981
7649 11956
1262 10104
17412 21509
1206 5226
16468 19055
23994 24059
16400 19178
3464 6669
10303 14116
1276 7199
13317 19494
5886 22542
5781 11421
2249 21705
1887 16288
6848 20139
12836 21680
930 12648
9972 11825
985 19257
335 23304
10385 16394
5733 20260
2772 14096
12498 19809
4639 5524
14406 17964
8563 16044
2942 5126
14580 20826
18650 19995
4545 16986
9000 12796
9021 15954
14470 16925
22362 23673
4856 8834
4900 8373
15109 22451
5783 6803
4325 12863
16916 16950
1412 23633
11499 17732
15623 23201
19163 20766
164 20865
1835 22543
7341 18861
5650 11764
9485 22779
6834 23554
10043 23716
1789 15891
1934 12046
2362 20530
3598 13960
13318 20403
10939 17239
6964 8847
10500 20038
21562 22465
12055 18547
5753 19400
3229 14660
3854 17596
3956 12291
3994 6075
6480 13642
1660 23153
2943 5113
19829 21166
15734 19086
8859 20557
3495 21253
4045 21734
8990 15111
10860 17775
1089 6191
1086 16963
14812 21759
38 12609
8082 11332
22305 23956
1130 18654
8538 9226
683 3061
4647 18859
6593 23336
7221 14755
14881 20090
11716 12638
6413 19304
6675 19108
10513 12988
3922 15385
10607 22432
3742 23407
2783 9238
909 11246
5107 8445
2457 10224
8999 15400
18134 23593
2988 19620
89 3064
13298 23469
8439 18580
6322 13392
2564 15572
6863 9671
8864 22722
18689 24480
2500 2999
5568 11235
2709 9410
8429 15058
1392 21225
6609 20673
4110 20033
5529 11785
12270 22538
19452 22156
18303 23589
1978 5238
6592 7871
5769 22451
17875 18452
20629 20754
13181 21036
7138 18060
1379 20869
7552 14262
1832 8340
4367 13607
591 5008
10121 23535
345 11220
11875 19361
12404 20743
5222 22355
2819 19066
10907 17670
15585 23048
3109 19786
10620 16497
3848 19956
5781 20057
10682 21765
7694 23344
2978 4514
6685 7107
1006 6084
9495 11607
1675 21762
3293 8682
7685 13274
4809 9765
3548 9464
11652 24363
4233 23430
12817 20765
4497 15519
15730 19419
12715 14578
7502 22870
1274 15891
3391 14862
7959 15495
1077 7651
1454 15292
6538 23375
8532 15048
14975 17803
5092 23024
4645 10001
4882 16870
16649 23832
8174 12514
8337 15170
8988 15437
23249 24330
1054 5558
14398 15255
383 18538
2957 7100
4896 7378
9771 20281
2843 4732
11054 16648
3344 21476
19699 20481
8668 24199
11670 12694
3426 11381
8074 23418
12154 17987
19373 23367
14876 16386
3504 16231
9841 16026
12767 21945
1635 8302
17002 18001
3153 8899
6531 23093
6625 20921
7950 17112
15913 20816
4574 13120
13915 20986
76 21430
4495 10992
13503 18841
2938 14937
19788 23302
7555 10865
2225 5820
77 21677
7787 10627
7583 19270
1124 18027
8320 16804
712 1021
18223 19480
3224 13738
11437 20646
14657 14984
1850 4814
12407 21707
19657 19750
10563 19682
715 18353
9558 14124
2019 22489
1948 15972
3623 19796
3949 19073
2044 10378
23019 23775
14372 24461
4273 17630
7623 21089
3779 4000
2716 16168
18211 21652
2566 6645
9419 22923
5173 22548
11067 18069
14002 20349
5322 10944
950 6252
418 2369
9510 18342
9154 20799
7011 15383
22673 22795
16533 20036
2597 15814
3439 5264
22195 23352
15887 17529
3466 12282
200 19444
6960 15648
8568 8727
8532 16454
6444 12856
6235 14772
10198 19261
16301 16818
8827 14737
16217 18264
15400 21560
10372 22259
24412 24470
3953 16101
11387 22299
12883 19310
2066 13180
1416 6157
11958 12527
5323 16132
2450 22614
21193 22813
8444 9223
10494 15657
17504 20685
10072 22082
10781 14859
6564 11833
2517 24281
8309 12055
5922 10730
84 12734
12328 19438
11624 18305
10718 22815
4187 20148
9736 14677
11487 17257
1581 12124
17832 24400
7863 16784
1144 15590
5863 7472
14975 21828
15549 21965
17461 20331
6856 16699
9722 20165
12287 17229
10988 19716
171 8203
10164 22529
11640 12508
3826 22525
1466 20573
13693 21808
794 4500
5505 15227
8910 19078
6529 9806
4901 12004
15680 22633
12495 13417
6789 23500
12998 17077
4495 8901
12668 14607
7661 16938
1804 18157
17464 19146
6648 8633
4596 12478
2031 4780
7971 16420
14711 21054
1291 21872
15186 18606
6802 10889
4648 23172
1171 21301
567 901
8487 8842
483 16560
3743 12038
969 14672
3822 21013
20625 21926
3529 20091
18654 21531
21199 22387
11531 16608
7354 17261
2660 4692
7999 18353
6249 14561
15127 17546
6843 16680
15070 17116
4659 6694
99 2756
11720 20685
588 16296
9946 22879
12131 18659
639 21000
153 10843
9168 14349
7599 12122
7 16594
188 19656
257 8970
7757 13686
6792 10653
16030 18704
16477 20087
22455 23952
15628 16687
13620 18825
15050 20481
18686 22355
2612 19376
10314 21632
2088 8112
10415 14482
12430 16340
3348 11930
2304 11466
4324 21167
18339 23870
9085 18186
12271 15097
8489 19579
3824 16074
4108 10566
1268 6474
16109 19030
2260 13728
9184 13360
1365 18773
21365 23240
4934 16122
8577 19769
7098 23256
34 22839
7849 15859
12111 12411
766 24177
3337 10086
1802 21293
8547 23017
2179 18627
11815 20370
1026 19426
18533 19066
12868 18587
13769 22820
7442 20986
4366 17882
3689 7787
2146 12944
7795 16416
15242 20452
4424 13522
1335 5786
7523 23885
7560 23604
3901 21362
15824 22095
3297 18492
212 15445
718 17917
4871 17770
9320 22170
12535 20178
3205 13731
3961 6103
15173 23802
14993 23280
16962 23130
5597 21140
3984 8560
612 19935
1588 19325
3004 15401
3970 15866
1631 18708
16653 21662
22191 22576
17434 20078
11895 21544
2934 9712
3393 8519
10704 11889
4429 5311
6917 21220
3720 22497
3330 7942
4034 18028
20371 24380
1688 11941
12780 17623
11552 15340
5653 23423
10767 17165
20958 23744
9565 21214
4598 23706
2537 22945
3747 11786
3842 21567
201 8578
10982 16313
8714 18090
16713 20286
15046 18273
3190 21890
2522 9790
2754 21479
12927 20336
8983 12121
13163 24278
805 9062
19160 20695
8371 9075
21425 23003
4144 10464
8205 10750
1996 22919
13001 13552
3340 19780
6055 7605
8897 11074
8628 13763
12333 18954
12884 16341
1340 21295
364 10226
4117 10512
4543 4716
9741 24359
2121 10816
12874 21480
11465 12166
6130 11728
5774 14267
2403 18627
4313 8616
16247 19547
1144 16304
9012 15575
6526 24228
1178 5277
7763 8496
3336 4523
1645 23088
15057 21477
6148 12520
10803 19508
9771 11350
10909 17326
5507 15422
9185 12451
2441 16632
2607 10295
9319 12873
2158 2731
6439 10787
10129 16460
4032 10846
14003 18487
3818 22275
6628 15861
623 15203
13821 23723
4975 20558
3264 7539
3984 13324
13770 15891
9340 20674
8875 9220
8124 18158
15311 15702
3344 15673
18572 22549
19621 21920
4392 17789
13335 22209
3764 8416
12137 17404
4269 18860
11731 21403
12570 13662
10236 23693
1719 22742
6184 10230
8122 15730
12966 14987
6414 20154
3941 20240
12921 17075
13408 22252
179 23001
20124 21892
2663 9439
11100 13283
3940 17208
14925 23061
1322 1668
15148 19273
8179 15723
6998 14023
13337 16171
16515 24269
16880 20822
10449 20135
6003 18080
13140 17140
3370 15744
4875 21303
11761 21375
788 15896
10795 16742
15826 23777
1664 14063
6468 23517
3412 6202
2472 10730
9839 19230
4505 20560
14742 21581
12393 16107
16444 19043
2758 11479
3070 20726
3562 9228
4566 24340
14945 21392
1038 17533
13570 24428
373 5142
7388 20692
19686 22357
2220 23797
4191 18210
3984 18584
23220 23528
8007 15819
14235 20023
15471 17843
8546 8936
3555 10254
19604 23269
18409 20939
17327 22672
6175 6268
526 3684
6822 9610
6519 10325
4815 18386
16229 24233
87 5254
13419 22610
13182 14941
7433 9285
7683 21956
11282 14644
13196 18340
625 11975
8105 24168
6283 17459
931 1080
24102 24443
19732 20295
19169 23288
12060 13071
12692 20048
16424 17115
10739 24060
204 4380
6082 24475
1318 16311
5426 19751
7266 19086
3364 3665
12196 17019
12877 13809
11897 17455
13923 14621
5380 11656
22915 23063
11761 15860
20442 22793
1644 8231
13272 13594
4302 14866
10276 18458
1448 23591
12762 19814
1606 20442
9860 12182
2170 17456
4879 7042
4251 16085
11274 12177
19940 22473
1995 6365
12407 14386
8445 17074
1184 17897
4516 20392
8969 22705
1513 20708
2056 16708
17418 23793
10350 14668
2607 9811
13301 16256
8201 15767
19256 24149
14200 15546
3066 8562
8641 17393
548 15853
931 2829
8368 16559
14909 21046
11224 17223
16097 18612
18851 23469
8268 9432
11994 12683
20151 23678
13163 20925
19496 20271
7828 19278
7255 11510
5544 18489
5829 8269
6286 22654
2809 6583
16814 18314
10084 20469
23004 24074
12521 15444
1210 8781
8328 18824
16129 17244
5485 7007
19361 21674
10671 12896
14470 18111
10045 17177
1125 8794
14402 16220
4325 5581
5410 12044
5522 10195
6781 10245
4001 7538
10797 17897
18856 20933
4149 17049
9026 14883
5942 9085
10578 19232
7062 10349
9109 16338
2793 12798
13509 15801
42 14174
345 10786
7108 24137
6416 14998
5633 20521
4045 6471
12768 22933
1625 16769
15988 19801
6899 11110
2913 7666
10541 20176
680 3046
13307 16904
14341 22640
3497 12951
2445 18398
10840 23653
5437 17960
10085 14555
10061 18196
10152 11712
13899 21613
16327 23560
3143 17431
18209 18807
4075 8434
16168 20018
10498 20577
1471 2166
7009 13205
5917 20817
16754 21236
7662 20896
17837 22054
8967 19813
838 23005
4997 10011
11242 21458
471 4655
12759 18915
5795 16886
14090 24408
454 23441
1980 12663
5058 18579
11739 19663
6847 23076
12364 19477
11793 12737
472 16834
8783 21045
12499 17051
20833 21183
17753 22541
7574 9652
4496 24139
14667 15045
3876 4564
15312 23363
1810 19605
1837 12716
6356 14260
4542 18396
20398 23981
6136 14352
10617 21810
9681 11266
13921 19197
4170 21132
861 13950
4154 12373
7680 8186
1907 15913
15681 23798
18391 18579
17446 23222
12944 19835
2423 5330
17150 17192
7281 17287
2134 9696
2111 5481
549 1320
506 17305
12502 18030
6639 10522
3084 22083
20327 22518
20058 21750
1911 12282
11426 17344
14537 15109
7214 9307
4344 22925
9624 16407
8505 21601
2790 12838
14806 22139
17934 21867
5533 13051
3279 24345
9848 12869
11800 23169
6837 12886
9855 23967
16762 21501
8370 19242
17078 19190
2751 12941
17513 23275
16242 18145
6137 15315
5931 6308
15439 19633
18162 21400
14346 22362
2824 22626
6890 20893
11204 17686
13769 22198
7285 15957
5692 13646
5113 12555
6628 11099
4459 4582
7540 13786
2986 22857
2421 14659
8853 22287
6303 6912
7232 13976
2482 6190
14730 17748
6092 6762
21730 23855
10471 23841
812 9839
1004 17843
8304 15411
5175 16010
11270 24186
18176 23719
1975 2893
9101 17829
6611 21636
9046 22293
18491 21858
12580 15048
1357 20538
12870 21050
5158 23549
5609 13046
2656 24033
12696 15927
11966 13456
8027 13361
12995 17566
4720 23726
3265 6431
39 21352
3663 5800
2186 22546
8284 15857
3346 16209
9397 10268
4660 24243
12252 19489
2232 14253
10525 20055
282 22706
20003 21730
2796 7153
3471 22632
4785 5071
7923 21835
6373 9580
11748 18682
2094 8053
2686 8029
756 21561
8942 13072
19778 21941
854 23905
8916 19470
12892 21171
13598 14902
2711 22097
4322 22669
10433 24265
3486 21042
6457 20695
868 16050
5337 19158
10161 12314
5678 14049
7166 14898
2857 21785
9447 12961
5603 20825
6769 22603
6145 7185
11287 17419
7460 15717
2393 21834
3740 23207
7783 10222
9891 19032
3656 17040
9854 11740
8974 11636
1779 17205
4645 8104
16650 22672
4172 24184
15257 24119
4164 12763
15565 20725
1114 5924
7511 15344
20251 22108
10216 14929
6026 18375
13817 24221
12979 13630
21139 21666
2543 23699
529 6134
5228 12462
6621 8101
5791 18076
8435 17368
710 24216
5017 6484
1260 6927
3848 22733
8678 20469
1103 10432
1592 7809
13221 19453
2021 7175
5728 10599
2075 20311
1291 3606
18056 21698
2017 10644
14916 18707
17368 18155
1562 3895
6064 17249
9115 23047
1062 8588
6123 14062
1103 8773
13499 20409
3574 13481
9037 15996
1089 12861
528 14911
13996 16186
15240 15241
1372 7586
14286 22620
13364 19746
2072 9916
14642 16955
11629 21096
631 11489
2664 11172
5567 5886
2494 5214
9334 23621
1427 10758
19195 22652
9463 13275
15910 22180
6195 13063
8597 20046
4939 9054
10411 18325
2578 4926
7709 12018
6785 15326
9919 11776
6676 17110
17785 23553
8119 11723
12106 22888
11610 23403
9009 13542
11426 16158
4203 20172
8 17570
13405 20159
897 10363
11837 18030
3649 14149
1348 6243
12315 16918
7354 18950
3827 18340
5588 11833
12530 19714
11225 16076
21666 23134
6309 15967
9775 14595
18394 22632
13604 23388
2056 11670
2986 9688
2282 18584
1481 20959
7935 10338
5106 5733
9218 12794
3357 22696
4649 20956
16570 17667
13600 19486
478 10531
15745 16637
2138 10750
4178 6859
3902 5913
4608 17577
12489 13137
13292 14045
18475 20271
1111 18275
16424 18315
15129 19392
7151 12760
4221 17080
8175 23468
166 21724
6030 11593
3679 11778
17930 20953
15901 18553
3142 21440
5497 16781
19860 23822
2004 19912
6068 10146
7347 12894
2721 4847
8468 9396
21264 23751
229 3343
9047 10601
9008 17501
4761 11871
1086 2441
5814 19116
11946 14326
15585 21983
12461 13054
1079 16734
9976 16288
11089 13677
2331 22620
17238 20579
11528 15436
20814 23547
5667 8184
7299 15617
12034 18705
1115 24091
6601 13032
9873 20379
13634 15769
1497 18214
3450 23238
2725 9845
10373 15433
15105 17310
8582 22052
17829 19837
4166 7136
14207 15406
7517 9342
15631 19113
9155 21654
16522 20659
8230 9623
7385 23788
12202 21824
6601 19301
16780 24351
3220 20170
8771 12476
8952 18109
12836 20042
7918 21257
6385 20958
18935 21585
14192 24146
7261 15779
15287 21677
1472 1580
14735 17941
1828 23587
2167 22059
2924 14819
5644 14641
10173 18020
8824 18687
14601 23289
1806 23226
13970 19246
4953 6718
3637 23349
13126 19053
2802 4557
18053 18935
2029 20910
1955 12247
11677 23550
8876 22021
3133 18482
4434 20195
14524 21724
11451 16239
12140 15630
19984 20289
6189 18023
4017 19029
10410 22016
20948 21638
959 20553
2606 18773
19007 20172
21613 24104
12442 23188
4872 9347
11420 18078
2106 22519
7783 22137
8908 16295
2439 22251
10201 15039
11222 22963
2197 15969
2043 11574
8521 20861
5926 10226
7986 23222
5254 19845
7731 10354
21070 22852
14844 19038
6338 19743
4209 20118
4549 15963
2994 14235
4866 21244
9153 21417
3064 4841
994 20654
13516 14663
1319 13662
10060 16151
4783 11729
19145 22440
10254 13893
3009 24165
8989 13500
11578 13497
4463 12851
11129 11624
16683 23593
12261 23691
8959 21827
12693 16802
5851 19641
5033 23003
18757 20462
12651 17677
13971 23444
8499 20746
19212 20912
1295 5780
14599 18408
8913 22883
4340 24430
7450 10232
59 1338
8155 23413
12850 18304
8022 18220
17598 23170
1586 6648
1873 2442
19466 20169
1450 12402
3664 11472
10260 21084
5010 9735
1179 16299
3594 15692
5703 9851
8492 23171
3996 16872
18822 22907
3431 6950
20913 23957
11092 16719
1811 8701
1751 9261
17577 18111
7987 21072
14326 24099
8174 21900
3431 5796
9885 21688
1322 13176
8875 23993
1718 19775
15130 18183
4168 5277
13160 24195
142 19185
5083 20280
9534 16028
10636 24153
9308 12364
8164 8408
7864 11261
9816 11817
3490 20933
16412 21486
16916 19379
3817 10890
7812 24197
11560 15331
1347 12551
7341 24485
8626 22882
1784 14202
17455 19407
7407 13216
14322 16068
4831 9192
150 9737
4900 18948
12352 12772
1880 19962
3977 5163
640 1474
20167 24453
62 19388
12938 18184
8602 9777
7187 12578
15451 23881
5320 19402
6954 17137
4664 14256
17790 18984
11799 13158
3991 16424
10430 22097
13025 15324
11798 19588
12854 19445
865 18765
11228 18042
7532 9971
2555 16938
8265 21219
11853 15928
14078 21479
17761 20352
156 23861
1582 7481
4632 15048
2590 19799
6045 14400
10269 21460
2410 22007
1166 20686
12082 15255
491 15040
13774 24274
3424 11735
2122 21405
16680 19035
11598 23527
2222 9053
992 1975
4319 15351
7642 14374
8927 10299
22208 23105
21265 21476
4083 18003
13076 13569
14416 15416
3749 5789
937 13606
5356 17137
4692 8740
1828 10823
12181 15282
14741 18368
9404 14531
14344 20403
12891 20918
2298 6048
8224 20831
6182 10149
4700 18745
6181 8677
13202 17157
19537 23589
8464 17125
12169 18061
10060 20106
2831 13621
12750 21678
6292 15379
8556 17634
14232 17645
9047 23930
9639 14554
2276 10723
6409 18832
7605 11429
16242 17783
790 18881
13819 21031
8182 15776
2423 21314
7940 18939
7341 17156
6394 24249
3438 16734
1575 14508
2368 13442
4448 17877
3681 4305
10753 22136
16543 16834
957 9728
19623 21577
13971 16739
10744 13547
6508 21520
18327 21501
2275 7114
10855 20897
18838 23293
11334 23002
1830 2652
22406 22565
13722 20727
11816 12163
5076 9864
22510 23797
5099 9493
10709 13944
21102 23501
3837 12583
10206 18767
1173 21047
8174 20027
9092 22770
5457 10931
10210 13928
8947 22673
14580 23162
1951 9324
13737 18346
3753 16140
8821 12718
16599 17273
19365 22577
1523 3213
12723 19871
1337 10762
10753 23589
3235 19066
11478 18407
6188 16814
15297 16709
5370 17034
9034 17516
8340 12827
2422 5906
4347 11238
5243 10518
10299 17622
7930 16190
3909 11723
16656 23056
1264 14160
5351 16924
7711 11976
9853 17163
4252 19370
13059 16964
14061 16309
14486 19886
9807 22647
18995 22588
3155 11560
5199 17767
3886 7101
11240 21416
3450 6737
12545 14384
18038 19500
2841 23797
2746 8989
9424 10540
11945 17919
10921 18765
20764 22205
1735 20746
11462 11485
13980 23127
16541 17737
13426 20434
8250 22986
13411 14295
9705 10429
374 20628
9115 24272
7185 18893
1302 11265
7543 18879
9775 10590
14808 19783
4118 15241
21781 22835
15044 22153
5885 17968
3953 12439
7980 19515
9093 20667
13905 16791
1845 17511
2874 20422
1485 17461
939 16497
6210 23612
8241 12800
12330 19736
13951 18005
6066 16934
15271 22337
9705 13345
9694 19395
1067 22387
1269 16297
2496 4894
8449 23956
16555 19496
14523 15048
13533 23406
7295 12876
1651 9282
6519 8628
5623 22945
10584 18295
2261 12446
4977 22372
3314 24084
13779 20987
16882 23698
3095 6370
12311 22494
1721 24087
12029 21118
16968 23570
9701 20675
3523 17128
3738 16840
5793 23239
7544 24238
15361 15774
2225 21541
5676 22561
3876 8308
21889 22628
3349 16760
17246 24137
7225 19460
8393 21746
13033 13645
19485 24435
3586 17544
4421 12162
14164 17856
8847 23882
512 22812
10550 16021
17508 17570
464 16877
11367 19848
1170 23943
4053 7576
3693 4723
15615 22429
14032 14890
16375 21927
1865 21079
12866 15595
4703 23756
14955 16601
1153 12380
7385 15289
3213 8200
13112 15265
771 17013
10358 23475
11482 14693
18229 19403
14450 24220
7843 13935
6016 17306
1883 5667
13230 22223
5868 14493
321 9506
1212 12602
14574 19201
17630 22668
2447 13546
1573 6283
6516 11863
21849 21975
8777 13920
19857 22460
2033 16586
6894 15534
10665 14824
12965 15960
13709 14025
21577 21959
13769 21705
8138 17946
6395 20103
7400 18049
7389 18797
7675 16981
1630 5801
10135 14492
7781 14347
6477 14642
4052 5995
13776 23169
19052 21734
4898 9487
1645 24025
12407 16036
13915 17817
4670 8831
4670 18256
9004 14888
2070 11121
2033 6163
4052 18324
218 9542
2721 21700
9485 15156
5682 21032
9392 17359
18568 24222
9273 17962
8217 11342
13523 17770
608 15454
13959 19310
8786 9154
8449 21826
2425 9523
19154 23500
15522 22905
8425 12367
2316 19923
5657 24054
15011 24307
4903 19699
9892 20774
10820 11057
7692 17823
15558 24141
7607 24363
8648 21988
3912 23968
466 11756
6215 12934
880 5352
4239 7561
2349 4846
1923 11121
23925 24053
3971 17871
7595 13724
660 790
4574 12599
2344 6658
10188 19515
21451 23965
2281 19322
911 6042
13733 14400
2292 5492
5698 12944
2412 4407
6964 15342
16050 19818
12993 17206
12461 20651
8795 21121
6381 15466
7153 18631
6944 8341
5339 5421
12010 17009
10435 23033
11638 19836
8242 9103
10482 18468
13376 22670
5666 21706
6755 12641
1218 24078
8277 24348
11611 17914
7934 21472
10424 20853
4274 22353
5441 8294
4134 12995
2354 12860
5314 13837
16172 18069
16964 21351
6411 16808
1279 20641
10611 19112
15454 18186
915 13081
9347 13845
21151 21932
9406 12754
11733 11774
17873 21589
13100 24142
11060 21907
9627 10500
5254 17845
1713 9305
20446 20576
2312 4599
11900 18937
92 14929
2550 24335
6737 17996
8113 15017
3396 19391
3319 8454
15474 18726
13164 18150
11787 19142
3570 10234
605 8322
13098 15548
485 5917
3130 21150
10126 19445
4161 21247
12155 15635
16171 20586
10700 15807
14131 21812
7563 15766
12755 15581
1086 18551
5038 7174
3694 7157
7199 19240
11840 12562
3170 18830
598 2499
2480 22084
5127 24176
12869 22317
8044 23705
14533 15385
17963 20006
9547 20012
11394 22320
2192 21207
1623 12603
301 24239
9907 19912
11715 17140
9158 24421
1058 5349
7151 10940
2220 18508
6586 8885
2716 6935
6656 9792
9371 19174
3917 10339
13700 16671
1296 2789
1168 5720
2012 2171
10959 16132
3299 16266
14982 21048
7981 11577
14398 20093
6453 6642
8068 13546
10998 13292
20456 21493
6077 7273
473 4378
6028 9484
16150 19044
4312 16475
1098 21856
14671 18498
6561 11904
136 7658
18812 21259
6214 23880
1975 24333
12005 19969
5041 10754
13668 20362
18729 23945
1842 17987
15755 24046
5255 16570
4427 14511
5412 22162
5581 7733
5266 19362
1670 14539
2609 14255
3328 21955
3329 13676
5274 10060
7534 12046
6161 12311
4567 18035
12312 21871
641 17271
7415 8247
658 11892
12583 19226
15623 23793
12126 17888
14169 16961
5586 12795
30 12511
3389 4017
5239 7669
847 14994
3437 24238
10326 22886
14578 23037
339 12772
7866 19231
17769 23167
6893 8419
5943 16620
8470 17682
1655 8102
9854 17952
5325 7402
2294 22378
212 16132
9502 19229
13890 15344
3106 3162
16415 22679
6184 21481
12222 13573
16635 20186
5836 13218
2230 3443
7952 21019
4256 5725
10104 21054
912 6989
12570 14694
10351 14166
9524 12827
4147 21438
5400 11332
12691 22145
399 24213
7847 16455
13511 17018
6157 8212
3486 3876
20331 21102
1152 17905
455 3998
17674 24126
5402 20615
3967 8583
1044 6132
3072 12251
18289 20924
10003 16595
10257 17207
10364 15660
4189 8585
3970 14190
4646 12005
7412 10550
9884 15624
17857 20087
5459 13772
5818 9520
17602 18196
12927 19568
7955 8789
21098 22335
760 24319
1896 18725
10340 13386
10189 17714
824 3118
9083 15475
6691 7805
13289 21603
4254 8615
4866 23116
6989 21954
7114 16481
3570 5968
7366 16569
6036 23601
1797 3650
1924 21383
9690 24004
13926 15549
2305 23411
13449 22253
1116 21870
3307 18086
11 23083
3632 12519
5 17466
14318 15581
17139 21211
9576 11479
1496 18076
2861 19123
19741 23050
5017 18556
5742 6556
15671 22615
7194 7966
15646 22875
19718 22709
12788 17393
2703 4441
1571 9788
16920 22394
580 12521
6018 23244
613 24200
5402 14222
5874 12036
11604 21803
2507 6806
2925 22113
2029 10283
23047 24355
5889 10756
947 17275
3801 10261
16041 19327
4868 23792
638 12842
7498 8933
17140 17200
411 21357
6760 8093
6158 8478
6548 7582
186 20031
7594 20550
3887 5475
7013 7354
2582 16499
3765 4228
20601 22832
17997 18975
20513 23414
8465 10981
12256 14394
11891 12023
2889 21236
12691 23839
12530 15632
10341 15869
4853 12529
2128 9022
8036 17218
5918 6438
13488 14688
2644 24189
12363 21290
5525 18226
108 16000
597 2948
7547 20200
10538 15595
6660 12898
8685 10611
17490 22753
16197 18392
9865 14380
2254 19878
72 13847
3577 18011
8456 9013
15405 22717
2403 20372
9216 14752
8690 24036
16719 18788
3878 19310
500 13847
3016 21086
2967 19274
399 15223
4959 12450
12600 13401
8557 20089
8674 15102
4825 9651
19266 22942
1674 3491
8378 14085
1212 6926
3303 23770
2724 10748
21558 24297
15221 16782
1692 1781
15241 17101
4823 10812
16122 17620
13164 13978
20416 21290
2861 11017
2696 5438
10924 16385
540 18650
6382 22596
11794 12657
16908 21655
8576 21482
11895 23872
1363 15463
13313 21176
15144 17515
18736 18983
8953 14873
9583 22699
14476 16634
778 3885
294 17097
17753 22795
12530 16080
2492 9475
16666 23352
2632 21786
179 3123
1149 13080
1163 12422
11262 13759
6388 10651
1918 13614
14369 20138
3512 8297
3332 11190
2773 4982
1468 22276
6611 20580
10715 11386
7134 14076
22155 23208
3904 17680
784 24287
8195 20761
8053 13231
6292 22103
2659 19141
2473 6196
8173 15338
3938 22851
8314 16329
9106 11485
783 10019
6899 10066
7354 21610
10089 18381
7623 19541
10122 17881
14147 15486
4634 5331
10854 24244
8748 9748
11607 12831
9309 22813
5709 15343
2997 16779
4220 18574
13687 24475
13935 21702
3601 18752
9281 17753
23614 24041
5025 12979
12949 19220
19417 19972
387 9438
12520 20626
26 7298
9543 14166
3279 18828
1932 4316
4812 17308
10606 16334
5082 22481
13863 17388
12984 18215
17903 21714
2771 23661
13726 18051
3541 6455
1482 14669
12578 13341
16785 21117
5607 21015
12270 13037
4282 4901
3499 14994
15956 20537
3682 4623
2642 22844
3017 5312
5741 12408
7666 9537
12747 13489
15490 19093
2722 12989
14739 21116
5553 21407
18803 19142
6182 9899
2431 4886
2830 10899
5986 21356
6733 17925
4241 8493
10767 24113
9305 21074
13798 19515
8976 21903
12672 22006
17755 21580
5970 17234
15661 21747
20408 23329
13771 18227
12634 21518
5102 10907
5356 16801
15453 22473
3117 8260
3457 21556
9707 18915
7538 16883
10886 13115
2135 19850
7076 12735
662 3959
2363 18333
2032 2380
143 17219
3340 19902
1411 6413
10127 11835
6247 19400
6313 7678
15165 21329
17593 20925
15160 22696
8815 11289
5295 10251
7010 19184
22946 23949
13890 18148
7785 12570
15860 16536
16026 21794
1460 21564
1750 12492
7485 14260
1817 12487
21373 22222
13429 23858
7683 15089
13526 20178
285 10006
15016 19379
2360 18364
315 14172
9296 15092
7781 17156
17355 18259
13056 19788
17365 17676
14005 15994
5027 5177
8169 17633
13664 17921
7377 17140
18223 22809
17246 19824
686 6202
12695 17678
4743 20582
17027 19000
1178 23488
8691 22715
4160 7608
15786 21829
12930 17093
5243 22312
4191 18836
13032 21817
8612 12773
7666 20762
4617 4675
10444 24225
6207 14998
980 22150
3688 22492
743 9372
5211 9969
10465 15160
2495 21850
5917 13593
13535 18000
2230 17282
8116 15575
8243 23355
5312 24430
6478 23977
14006 23772
555 6192
17068 20599
10776 19383
1131 24307
4970 20856
14455 17088
15698 24477
5220 24442
19104 19430
11021 12125
9464 12030
9605 21545
9988 17520
7657 22731
1398 4426
6886 18079
1706 10139
13428 19429
7325 17030
447 10166
7285 17943
2662 18100
11780 23265
5569 19871
15722 23982
14961 17827
1113 1464
1227 22468
8773 17436
1905 14898
22141 23640
8100 14198
5623 19653
19416 23238
12594 19677
2536 3736
6899 7444
9897 13227
5901 21584
16602 21856
13276 18984
17090 22514
5083 20325
2397 24101
3664 20145
3427 8676
16211 22448
11844 11932
308 21250
7045 15796
3416 20832
8790 20559
3173 23283
10575 17879
10921 10971
3414 17682
5948 23814
7092 13577
3406 7417
18037 21801
7358 22246
2117 23828
6392 23135
9911 15325
10555 22165
390 21463
5881 7405
9568 22790
2360 5388
5080 13737
12980 18528
3439 5273
4509 10373
1143 21618
16978 22349
2086 3398
13073 19250
14472 19865
20986 23104
1828 16315
22157 23595
8683 17723
6710 17495
13367 14224
937 11266
10445 19440
5147 14152
21881 24125
8484 9830
5736 17248
7178 17945
9431 9616
3082 13373
16868 24054
13055 19828
5206 16925
10210 17145
2214 16614
13215 15884
7678 12540
7141 20533
16220 17368
6218 22193
3330 15420
9910 22943
19123 23208
1781 3126
2225 6794
18243 21294
2549 22887
56 6716
4024 19840
11735 20578
11234 22974
9692 18946
929 21359
736 9576
16231 24267
7465 9240
4212 16188
13886 24221
548 18787
12411 22526
6728 9375
18814 22448
12586 21100
4083 23672
6637 11262
17057 20527
3060 8271
9058 19473
17430 23187
19072 19306
11900 12300
11795 21407
2920 15350
8282 8674
10725 23308
537 23363
7444 7811
20510 22086
4460 4705
9139 10497
6670 17452
6756 22307
16046 16693
9273 19503
5775 18129
15165 23916
10111 20871
20120 23416
6886 10204
8148 17373
14548 17286
10853 19095
7667 8690
3404 12557
469 5931
11311 17474
14200 14569
6851 14052
1071 14195
10582 21119
5403 9898
11626 17662
3848 7532
18769 24153
2694 5014
2510 15611
6357 11526
10497 14897
6059 6605
10705 17535
1796 7668
1646 12013
262 20727
10131 20281
423 24164
13084 16592
4307 23398
11332 19115
8962 12170
9562 14943
4681 19801
981 20601
3558 23003
9324 16619
1625 7876
4842 17320
3770 11144
10601 23191
14789 20929
10382 11236
18975 21058
8507 14249
415 20257
18765 19106
21064 21715
13526 20936
6436 14625
13644 23979
22999 23153
4412 8993
5500 22054
11404 15994
11035 11754
7532 16792
6458 7728
5709 12767
7132 12345
4080 5502
18147 23390
1185 15031
10056 10096
3980 22510
5349 10447
1257 3329
9986 21135
5552 7167
16902 18726
9401 15619
16789 19206
5595 13787
539 1569
4714 10794
11126 17058
6789 17547
19437 20445
2409 8564
10984 21026
5368 19510
13301 18230
5028 9802
340 20295
13755 18935
3321 18701
2624 17003
12282 16964
10461 13193
440 18265
4168 16752
9593 15160
4304 10622
17073 22075
12754 20347
3343 19291
11275 23440
267 21163
9439 10558
12460 18832
712 22580
1555 21302
3730 22828
14231 18658
20556 24407
977 12366
16470 23863
5802 24458
9448 15754
12689 12754
3840 17676
2614 11340
9781 23627
16465 21653
15752 22111
8129 19231
6295 6476
2035 19034
12070 12163
16153 19182
4741 17857
5612 11464
18394 19123
9539 18851
16962 22432
18257 22581
12448 12714
13626 23935
10826 14878
1612 9568
2270 7249
8931 12198
4790 6859
7988 23610
2044 21132
17931 23830
763 4775
2194 14302
446 16126
7246 12880
3546 11187
20595 21352
4479 6422
15692 20067
18729 22172
15533 23476
7186 22439
15545 20853
11150 14582
7991 17090
13819 19453
2929 21537
569 3647
7089 8366
15618 24285
11306 21138
21570 23125
6121 15989
1115 22264
1824 13396
4174 12364
6069 20399
5441 11795
17424 18981
11610 20217
10272 22684
111 17873
4804 16214
3223 12928
5411 17392
13562 13892
6296 12904
12942 16965
5371 11335
11390 12036
13186 19200
11221 24334
7522 24264
569 21559
12362 16954
15401 20752
1582 2595
12435 19806
13049 21162
21313 22627
10455 20360
21089 22825
18947 24186
15455 20157
4945 16028
1717 23222
9778 10708
946 21825
18329 21066
22064 22213
3622 23688
11274 14486
1612 23990
144 1259
1529 19155
469 4224
11469 17671
4211 22080
8841 19710
17426 22680
8688 9317
7302 9581
4229 7825
17281 20573
1266 11969
11352 22803
755 11118
16833 20908
7219 11394
4702 18883
1508 3463
19408 23072
18119 19021
10548 18623
293 20286
6804 17790
6001 22191
14773 18886
2063 15128
15631 20223
6759 9027
12744 13860
215 22595
9238 15232
5327 13013
5827 11440
11752 20822
6189 11654
4074 22852
5636 13568
7483 10983
4287 19038
2059 9834
21417 23647
9314 18081
9741 13949
10473 23192
15680 16242
10489 11321
8637 18308
20946 22564
1833 13517
16445 22004
13922 18371
9520 24277
2365 17785
11451 12270
10250 18276
5560 23865
19696 21679
21520 24425
7688 19983
5099 12406
2120 7969
4356 17615
1627 20257
4695 20819
3369 20260
4067 7967
13128 21444
5853 16925
104 8873
1951 12216
17816 24127
4111 4393
2015 23105
22697 24086
5975 19076
5499 11445
11410 23042
16112 23859
564 22400
7840 10334
9706 14395
14911 18379
7189 7814
18171 20695
15170 18565
10301 12243
9528 12036
9451 15049
7165 8645
3191 10983
4083 8152
945 22881
18785 20848
12385 13288
5198 10595
2546 19281
6537 22424
3166 14175
8189 23974
3340 9247
8668 21689
18908 23969
17226 23072
1748 4868
8555 20833
4727 12005
885 16675
11021 16711
8892 21608
2814 9024
6540 18885
5809 12071
16005 18469
2226 9708
19029 19452
14791 20185
7514 11485
13814 17043
5455 22166
2684 4511
18734 20088
11642 14389
8316 19118
7649 10225
13310 21981
14598 23378
6895 13374
10059 16660
2148 7303
9957 11795
17 8984
14058 23348
14538 15078
12 14570
20362 20836
4298 17863
15447 18477
16925 23683
11080 16265
11233 13266
16697 21629
10474 14147
11142 22540
4731 10364
13708 15148
1611 5754
5707 6408
4678 14394
23200 23876
8665 17427
15545 20253
7982 15292
7794 18777
3356 11033
12339 18168
7839 20056
1168 6108
3657 4105
9401 20500
3145 15604
13591 14852
3337 9698
7862 10385
12268 23572
5261 5901
5710 12843
8474 14338
10033 11532
13393 16188
5723 8104
5888 18508
2993 4926
2157 8580
17955 20026
4079 16267
18308 24004
877 12142
5824 6964
7289 15367
328 9921
3551 15908
6281 16395
7970 8977
16761 17765
5149 22029
12834 16793
581 10125
20980 23662
13148 15238
9791 17384
11899 23982
19393 23766
8763 16472
12209 16237
9091 20259
10184 19498
13495 18158
4528 23852
12501 13633
12756 20345
14201 23489
3869 6894
13718 23095
1098 16384
9651 19461
440 23364
7465 15981
8901 13504
11287 11516
2623 10189
9822 10385
11815 15185
8 6519
10842 11287
8356 8658
867 24298
811 17575
10876 18659
16250 22246
9055 11844
3846 11874
11428 12017
10313 21674
842 15869
5419 10862
6939 8953
6709 10377
10317 24366
710 8721
13280 15563
13173 13329
12198 17223
10103 22729
5788 12706
6499 24062
5163 19346
1372 13268
14251 17534
8650 21756
8668 12458
2182 18179
7757 21666
7440 22856
2571 13272
7814 20250
233 7808
8779 24068
1654 19042
9522 11425
9468 23560
2236 22713
10741 13230
8117 14147
2440 22510
20797 21613
4673 11913
10068 19185
1101 13175
13649 17995
88 4542
2649 18097
3146 19664
6159 15381
3326 16671
6072 11103
1771 21603
10416 15317
7652 19229
16553 21085
2041 14418
4947 6393
5385 16321
11595 20199
8832 18590
4548 10106
6070 22050
21744 21874
14036 21582
19043 24300
6858 6918
2047 13327
1061 19390
200 19932
13068 21955
3267 8148
3749 4486
4256 5201
4435 22893
6592 21883
291 21380
13445 23461
13566 14030
6276 8291
13852 22354
8194 10266
7879 11903
5605 22502
13846 19653
7146 10777
2533 4768
4663 21955
8402 18696
1773 9874
12249 19067
7976 10821
12115 19484
3572 21637
8718 10980
126 5135
17235 19036
8300 9048
4190 11040
16471 21270
8083 14569
1582 23307
19572 22906
20838 23591
3684 4546
8017 10251
219 19945
772 12452
816 19611
612 11025
10058 18644
14930 15550
6899 24381
21236 22862
3222 4493
5946 8746
2742 13660
4510 17519
8452 18735
11234 16009
2516 17586
14949 15591
5640 9664
7104 12806
288 2682
16215 24217
7292 10402
8026 23839
5058 15318
493 14976
564 14606
3732 13786
12169 18073
15135 23360
17862 19911
5450 23933
2348 21660
1902 21607
5582 23111
9813 11602
8941 9958
6823 22418
824 6790
6823 11411
10397 16737
1693 23423
12679 15318
11099 13243
16055 17086
6747 12284
2594 4656
11892 17338
15780 20114
12589 24458
850 6431
16089 22648
7866 10069
282 19336
17714 21740
758 10224
8347 11878
23355 24093
18892 22045
12081 16023
17246 22865
2944 5569
14850 21846
4240 21003
5441 22915
1361 14710
8223 13496
138 17436
1414 6720
10380 22479
1727 2068
14417 22952
3154 6583
14844 23780
3211 22219
10802 18532
4462 17720
8439 11383
18823 20007
2492 10461
16892 18794
11862 18430
258 10517
10868 23216
4180 15679
2949 20664
12045 22688
4934 18757
5258 5708
571 17298
22479 23370
167 4966
6019 15202
3189 6493
3462 17397
212 17133
12727 23896
6343 22743
9325 19763
12796 23206
8854 13364
797 8783
5759 11696
7200 21314
10027 18726
11059 11770
12417 16116
825 23529
8279 11337
8312 22925
31 14924
16860 21556
16277 21196
1223 15338
12105 24453
9360 21185
4049 17428
3215 21438
7507 11166
1147 20584
11405 11681
4324 7907
20111 23036
10205 15343
7418 8078
10819 18780
1651 6533
14823 20241
11186 20176
18730 20552
1305 19256
866 15322
4411 19398
4154 14969
17861 19258
4468 18699
14176 19435
6210 15212
2041 10656
778 4484
1114 9350
1860 23278
22632 23967
1597 20234
1047 17861
16319 21346
11583 22090
850 4420
22962 24054
22555 22643
1240 3645
1115 13513
4072 6780
9249 19545
11075 13622
4579 21430
2543 16275
4991 21361
7316 14058
12106 17455
482 17486
1148 17387
13710 20354
921 20127
14280 18153
17324 21571
5754 8049
14765 15646
2433 7904
732 16645
760 12069
14707 18375
7342 18290
8061 15224
488 23564
3904 21056
10729 20538
14238 24373
15311 17571
17009 23885
1108 9198
17655 21720
6522 8386
19164 21140
2920 7472
5982 17351
30 5229
21917 22914
6128 7920
22246 22815
2460 3661
19191 19885
18475 20018
5101 6632
6171 23228
19396 20947
12951 13662
1102 19516
20629 22927
505 12987
1957 19575
2895 15080
7978 12112
9016 18053
15121 24457
9042 19327
17891 22866
13322 20159
6196 17212
7158 13778
16106 22937
10632 22065
4981 11544
11109 17086
23310 23575
9710 13359
887 4912
14353 16699
14695 19275
5227 20563
16243 16763
7727 10716
10327 18870
864 2669
434 5080
16588 19549
7509 14817
1810 19922
15073 17687
8377 17832
3154 15195
5520 11342
3713 18225
6742 10422
13291 21937
14682 22197
13067 16137
9357 12696
58 4684
3214 14562
9756 18316
3540 12944
8866 10060
4476 9766
1981 17697
7483 15462
714 9302
9779 16016
17928 20622
592 13351
542 3273
743 2945
1746 5079
5699 16007
4873 11200
4857 20132
6579 10702
8663 12168
9916 18410
5304 10305
23291 24172
8076 22878
3723 10354
687 18663
3749 8702
2283 12265
7248 9677
16288 24109
9074 22954
13174 17895
5352 13046
18198 22828
163 2266
4989 23776
1846 21321
1965 2613
5480 8925
5098 17924
3482 19248
9976 19263
9339 15017
11922 12019
767 16387
19999 22048
3634 8549
19241 20439
17502 19195
10403 18080
10518 15761
4388 14966
2139 10954
14293 15284
1094 20634
10519 11827
17284 21399
15145 16343
7839 19293
2215 21973
585 15350
7433 13691
7569 19293
9042 13563
6464 9621
6293 9891
5855 18961
2452 10429
3761 15583
14754 21390
10798 17882
7125 9539
2727 19606
5206 17520
374 7850
8433 10847
5324 5418
7096 14717
62 18091
13150 15013
15566 24409
6634 23075
13183 15557
6939 16526
10756 21029
3644 14731
7348 19616
881 10129
5383 15269
18826 23748
4275 22769
2821 14148
21082 23434
12 5784
5222 20866
14634 22024
10659 13727
8205 12398
19585 19863
7466 9859
5989 9335
3920 6205
2858 22415
587 14951
12039 20985
7584 15914
1994 23450
14750 16618
15319 22468
281 15115
8669 9026
9582 22957
681 14915
2069 6220
2380 7982
1231 9057
20669 22403
7723 15730
6760 19839
1265 12154
6100 6738
11703 13890
102 17499
5210 21902
17518 23080
2260 21819
1589 9536
3071 17144
7808 9347
9572 10670
13638 14600
2369 20985
12543 15931
19073 21387
2307 15123
14244 16437
15125 15169
13319 22183
17161 19982
814 15387
4167 14797
386 4873
1910 2503
23274 23903
5006 15885
3395 5519
2115 18179
11269 17911
3696 10098
6695 21491
5488 22226
9554 18187
2047 19769
4423 16690
11100 15253
19 10797
9470 19092
4172 22175
4895 8522
3633 13814
17344 18968
9693 9900
7150 18736
2806 9767
21169 21963
1192 2106
10349 11782
10344 16043
13716 22436
13988 23431
8261 8368
17254 20459
5712 20044
12075 15285
22767 23029
1146 15714
3797 4721
5258 8814
7209 11728
4447 6491
1555 11417
1419 15556
18475 22789
16432 22182
578 16083
9546 18835
5240 15004
21876 23758
2287 17894
9205 15755
9332 10376
456 19120
2630 18471
2257 23269
7321 19718
10874 14380
5867 12826
1063 2364
13458 23425
5177 18795
3709 12838
13837 24428
723 11882
3331 18945
7995 20977
8643 15289
2582 4462
3031 20374
752 17532
4352 22028
5617 20852
21127 22858
8383 23752
409 5734
9358 10192
8998 13135
1801 4003
14053 23703
9298 20657
12830 16311
4893 17207
1971 7825
13309 18083
13899 23343
10531 22742
3208 14405
6385 18629
20955 21871
12454 24251
12070 15522
12318 17527
2825 6815
13705 21407
17764 24162
2675 14385
1265 21624
4519 23055
17923 23195
92 704
9173 9358
612 22082
16235 20117
9015 10443
697 23118
8077 10874
8098 20325
6416 8322
14780 22646
5255 10343
8279 9222
1941 15737
298 18374
21929 22429
11603 17583
5490 8014
10395 16791
2841 24032
13302 22770
14847 22153
2457 19094
5381 24338
15558 22358
1328 4360
12320 16458
7886 13460
848 2109
1028 23671
11141 23924
14177 16828
414 10144
8838 13029
13658 15342
6004 23401
529 14739
2339 3085
13742 21728
8498 9942
5705 17911
20333 24197
13779 24203
3106 14814
5191 16788
3135 19824
6309 22660
11380 23423
10261 22218
4541 21354
17831 19737
17317 21441
7733 16751
1364 15389
8490 19626
837 15042
3651 19367
2932 17369
1689 23244
4341 10068
18679 21496
1638 16876
5596 16900
6581 9248
1630 15536
11428 12837
8023 13497
2208 3600
9451 13095
1853 7254
10308 18737
4532 23125
19150 24134
15712 20252
1462 20328
4507 9631
1111 21954
14340 14620
675 15850
13679 18033
13268 23323
5983 14341
15396 21408
16490 19568
6316 16542
4468 17756
2318 8530
7527 8332
19881 24402
7611 24273
6314 8878
5029 18857
9305 21266
1166 4742
51 15901
4298 12925
1044 14570
18201 24055
3673 21745
11767 20315
13168 14057
6338 10233
4108 6802
5702 20581
11130 23674
21264 24298
16810 17211
18027 20763
302 12578
20690 21944
1613 20298
642 1340
15492 18652
162 7519
1579 7544
865 12706
9784 10405
3218 21141
16333 19971
9354 16197
18300 21403
1311 12486
8971 15660
2979 19910
4248 21633
3818 8468
12555 15966
9524 19688
15413 16046
15423 17892
13456 18550
11719 15783
3410 8926
14592 23395
6258 11255
67 17936
2329 14067
2917 6587
687 9485
10129 22209
7850 8724
3142 21152
7710 20257
14627 16539
10838 11617
8 18299
3284 23034
2845 17811
8121 17251
2961 19749
12127 20935
4770 7892
2727 16638
7233 7330
2336 15908
3464 17432
4443 4619
20891 20936
798 8862
12643 21683
2163 19023
3509 14641
5615 12558
2094 18699
5051 24367
2732 3288
16908 17449
8333 17051
10501 10983
2518 19068
574 18190
15180 16757
114 7877
4705 7919
15097 23003
10782 19720
6756 23518
18529 20784
13509 14485
3231 20660
1149 5313
2385 18047
3656 4073
11942 17394
3638 12537
5274 21242
21280 22929
4276 22064
3753 13417
15382 22251
3261 16759
21160 23623
6978 16529
15311 22116
17397 22732
19510 22978
7358 17058
8994 15865
3013 21697
15074 16416
13372 14919
20469 24089
20956 20971
4648 5207
20099 20197
6721 20017
6034 14009
3062 13155
7827 21505
646 17800
1990 2794
1581 18678
14240 19643
17326 19098
12442 16885
12598 17839
4309 11588
6751 17353
12876 23012
4945 10944
2773 23223
9181 10697
17351 21640
10982 14370
7773 13546
8985 22169
4595 5155
10211 18921
13751 22503
5668 10835
14628 21009
12955 17248
13024 22484
6709 10932
15204 23077
19284 23348
1736 2922
4339 11896
16133 19800
3692 5793
9063 9294
6224 23081
1862 13224
4401 9606
1600 14826
14270 21119
16758 23932
9986 17794
476 9036
11256 16280
6269 21070
4643 5550
12149 16198
3008 19049
484 6027
6781 15394
13357 17080
16088 20508
6027 16502
6108 6443
7319 13154
4402 16560
900 18685
2427 2905
21458 22617
14385 19901
7786 19289
8614 22299
14309 24407
11187 22086
1827 4865
7693 8154
11305 17777
1889 18311
19642 20325
17181 19032
5174 23839
7466 9697
12707 19922
6207 9571
5914 9448
6956 9928
7209 11656
2463 22306
10967 12050
14926 16186
10350 16904
4527 11074
7349 16820
4286 21442
5942 12381
17212 23284
14499 20948
12286 16757
4109 7708
5471 10030
11806 18820
16767 23352
4905 21045
532 607
18940 24335
11499 19643
18845 21335
10176 13248
1837 2660
18623 23965
5742 9141
8546 23651
15305 22852
15116 19107
3974 6334
1494 8431
1217 7066
7222 23562
10498 19492
1942 2355
6955 19210
5049 12580
3668 12249
3624 5541
7170 12651
943 10168
4857 19616
10785 11129
622 16377
16420 17786
18906 24078
7619 19051
824 20510
10309 11908
8810 17208
5769 7774
1138 13225
8985 9323
6924 24347
8670 13357
14552 20501
4734 16092
429 19260
2109 2918
9064 11895
10775 17475
14213 19664
3715 13957
6758 14736
10785 22311
1182 23556
6590 21227
5268 21076
16831 19978
4034 9302
9216 9718
2218 17009
7099 20459
9520 21711
4653 8375
6482 19050
10085 18753
13328 18851
12040 23615
13224 22632
236 16334
2847 21037
1302 5398
18626 19180
17687 19811
8799 8850
5417 14135
1251 24369
3152 17740
4424 5346
20981 22436
12629 12632
16194 21494
9812 12576
8066 21238
11845 15929
2434 19209
2806 7094
1483 4219
1070 17053
7505 12790
13978 20131
11643 22767
4103 18753
3548 5511
1341 8513
15776 23072
1522 18807
5715 23852
6672 19861
1562 15261
10643 23439
11460 14259
19360 21423
1511 12625
7408 24430
13612 23128
6999 12963
8116 21609
16061 16512
8575 21949
5435 24259
21225 21534
1648 15567
12529 18626
10440 17930
17538 17790
1747 21356
6307 8622
17022 19075
3406 6905
10502 14941
17643 22797
11936 14196
14514 24172
8786 23248
9299 10892
4432 17464
16370 22065
15340 21930
2415 2938
15918 16805
2326 8898
16936 17215
5258 12632
6523 15343
3391 16084
5756 17762
762 6473
15760 21538
6364 13450
1442 7926
1112 5848
9411 17610
7210 20251
13138 14451
4727 8181
360 13340
11841 15000
9611 16817
5563 9794
10822 21820
15845 21635
2334 9846
202 6210
21494 22791
7781 9600
759 8595
10695 21793
1455 16077
11794 13413
4828 19090
2337 24403
9294 15279
2538 4341
1521 20409
7711 23825
5368 6155
2938 14375
2423 5694
18891 23323
6927 8845
14656 22648
853 14308
18915 23911
5784 12019
4540 9193
15684 22789
4533 15452
925 11864
4005 13910
13823 14625
1869 20299
1914 19794
20139 20402
20476 21006
10246 12038
9800 20511
6674 8754
12003 17558
3171 8771
1135 15487
1694 4280
48 22896
15395 23513
8220 24096
4931 12756
13338 24468
6443 10450
18019 21561
5061 13893
8363 19764
13856 20710
4732 22088
7872 23874
1469 12410
759 9968
1080 9282
2110 21242
2420 9974
2265 8496
11847 15010
7030 20755
16386 17841
16582 19003
12342 20018
14711 14869
1177 21996
15396 17203
12890 14871
724 17417
6581 19967
701 5306
1012 24111
17656 20348
14223 24256
2268 10303
7329 14899
10395 16602
13937 16133
2886 4386
2032 11369
19611 24313
20758 22037
13105 22791
15066 20884
5201 19635
5188 21253
4697 15276
9063 23589
20662 24184
2582 5000
19923 23093
17989 20604
8946 24033
4793 21147
19602 21075
3533 13798
4645 21549
4348 8468
6105 21421
3340 21202
7152 14894
6707 14390
3067 19998
17747 20758
1360 17080
16351 16559
14979 24049
2378 21399
9207 12354
4371 18344
2918 6020
14730 17163
339 1779
9729 19930
4317 21110
12199 23826
16857 23982
19608 22374
8150 15217
12126 15169
11648 16935
10482 12654
3393 13715
2357 19981
1013 2396
7557 10597
16054 20370
861 19082
9626 23719
9653 18109
19796 21633
12446 15921
530 4621
3381 12708
13664 13768
12981 16078
5054 15578
16436 20007
22004 23578
1019 10550
1419 16736
56 10756
317 11390
9881 16153
17339 23525
7977 11135
11236 20628
2300 7009
6849 18567
7403 15151
15983 16826
4183 8037
13936 23430
983 23080
2088 18674
2346 8039
12985 15109
1623 21804
180 7237
4465 15968
5816 19242
15257 16587
10951 17621
4229 5736
6067 16872
482 5349
12639 20758
5356 14048
4713 10719
782 4911
10514 11681
5174 21451
2219 23402
1338 20705
7843 18528
4932 20047
10885 18745
19099 22836
12360 20330
9963 18054
21210 24169
7346 17584
13539 18665
16629 21120
20226 20843
4963 13225
11312 15112
2817 19136
2703 13570
7597 13331
5798 21861
2867 14200
2221 20258
2520 9020
13038 18995
6559 15416
9929 20612
3558 19444
8068 10706
12642 16778
6416 21444
17976 18528
11344 12337
2625 8455
9744 16824
2087 10670
1662 13241
20387 21455
7158 20564
13053 19301
2900 11912
1895 5326
16395 21058
9710 14943
17467 21129
23024 24130
874 22493
6503 20966
12876 16003
19854 24075
2390 13921
18897 19324
6128 17538
2631 13350
744 8704
1523 3921
19820 23877
7429 15709
12107 22563
5246 16045
4790 11503
3866 12431
375 7041
10683 24095
5282 21107
9341 14573
19485 24236
11459 15141
14918 20579
6058 24298
475 21277
1050 17443
3828 22293
14410 14617
13265 19447
4984 16175
11443 18318
13347 18200
442 5064
9196 19295
369 5990
2702 11093
4081 16906
4457 16929
782 22622
4313 6172
6934 22925
8506 13759
6693 19838
13678 21149
9036 11758
9410 15156
11359 18407
5629 14438
578 13516
8142 17836
19 6456
3872 16080
239 11630
4606 20710
13309 14550
713 21098
6080 11330
4399 9645
6406 17187
8932 18323
9125 10391
17323 23962
2347 20990
3827 17443
1533 14757
6084 19502
8128 13726
5637 19527
11656 18573
6204 10559
2793 6685
15406 20564
13216 17501
1526 5888
2579 19028
4821 22138
9360 18396
5947 13918
9563 15499
15985 19047
7439 9041
2118 23530
9384 9988
241 20862
9048 14583
17520 24388
19270 22479
5324 9643
2783 9300
4136 12373
6793 15429
14395 23512
7008 13896
2939 15406
6549 10299
6510 17523
6783 7757
9355 12558
3437 16780
9163 18750
12729 15147
6088 23870
13044 16146
5657 9381
8199 21261
4011 9093
13189 13823
4748 10826
9663 14451
393 11868
365 12451
11682 22028
17860 22669
11102 13022
4053 15507
20950 23185
391 2297
2346 15004
19341 19957
6287 11090
4333 7247
4821 18034
2158 2640
5902 20295
1744 8745
3541 12887
21128 23428
6766 20761
187 20101
812 10986
16390 24412
172 12866
6031 13238
967 21404
2450 7905
18015 24425
17957 20916
21298 22298
10640 11613
5011 18578
14497 18266
3639 19529
9924 16425
12190 23933
1461 11953
6118 23102
15028 17595
9802 17678
7527 11486
3359 9443
10825 10845
4901 7627
5646 5650
9514 18793
17591 21683
7533 12622
9272 20167
17222 23145
3768 7448
6594 22597
10902 12950
9440 11302
14498 20440
3325 11159
5113 22383
3005 21631
23078 23280
794 4800
4813 11500
12348 20854
12518 12683
13339 13463
85 6732
22809 24072
17938 22740
9667 22518
4472 8859
2802 24485
7666 21316
5836 17450
1876 19971
2830 20185
10545 11877
3038 15188
7486 23461
17212 19127
10832 15764
4851 12940
6094 10578
8297 20706
13189 19591
15144 18066
7657 16192
3111 7103
1933 10798
5184 19221
1509 21408
7771 18990
7680 9146
19222 23789
10145 15873
92 3098
5877 8779
7045 17143
6928 23037
794 9548
14211 20445
7656 18503
214 10315
6742 15150
11318 19913
8326 18166
14258 14915
3491 17579
13147 16995
8510 13941
2987 5832
25 8441
11306 19523
3533 6633
14140 20164
5285 16461
5213 22653
3558 10789
16470 16891
8010 16222
10 6727
2187 16832
1245 5837
15377 16598
3431 14077
16755 20663
1192 9082
17527 19532
17902 21622
4869 21930
3983 6592
13246 24246
13259 24145
1040 23235
5270 7496
15479 19322
7453 11542
17923 22916
1284 2679
12959 23768
18512 22075
1730 17688
558 21674
10885 22987
5944 20040
7980 18489
7420 18800
151 3507
7517 8172
8747 22115
8020 18889
12273 16069
9426 16974
8430 23430
9677 22507
13796 16027
9387 15884
11370 15943
16140 17423
8980 15924
3303 22729
11509 14267
3982 16274
16636 18933
11584 22062
15871 17099
1343 14220
2120 6524
13668 14446
714 2169
2011 5449
20322 22537
10999 14345
4410 13070
11660 23649
13132 21023
5327 18303
3711 23018
8864 17162
8736 15977
11355 23192
11476 17602
13065 22347
3421 15416
6642 14451
10013 16319
16979 23454
16755 17533
14301 21328
16170 18803
10592 12935
15784 22429
11863 12670
6717 20582
4420 15225
12213 12438
535 21656
5610 20478
14174 19381
9145 11628
9286 22081
5717 13842
6736 9611
9669 12120
13387 14197
677 14245
1173 14481
8667 10433
17363 17531
1826 6376
4071 8829
1549 19869
20783 24197
3062 18588
16359 18602
8753 14688
9734 17156
12624 14928
3204 3210
4491 23243
27 11654
20280 21687
6160 19052
1276 7814
12936 18313
57 4745
4943 6323
14535 19148
1565 15947
11326 21101
13291 22934
14331 21577
1938 20982
13729 18864
8797 21437
13153 18732
1403 22065
5580 18491
18786 19951
4742 13702
14360 24158
6658 14276
10229 23975
15249 20031
23199 23782
11826 14141
16975 19744
68 16821
9507 14365
4130 8939
16545 20876
4852 23201
1279 20629
3255 17210
14515 16784
6345 17576
4360 15885
1714 14601
2554 13363
2769 23732
14652 23209
9899 16839
8811 15713
7731 12426
4869 11798
1203 2564
13709 18350
2917 12468
2916 21372
23567 24205
4542 13194
8773 19768
14732 19172
8342 19095
5982 18187
17612 21745
14971 24183
14174 18106
7003 14559
337 12494
3869 20271
17342 24452
20451 22665
17567 24157
1107 23505
2882 10544
12986 19650
3077 5588
8964 20975
2046 4180
4234 7430
6519 6703
17086 23916
15501 24030
1725 14870
888 14320
2968 22298
11732 16684
3522 14128
3424 6680
17965 23567
2594 21239
4720 23831
4280 7923
11748 18676
14607 16916
9076 19609
13182 20968
12189 17629
3274 14160
4698 19882
23839 24349
3234 9351
12422 12690
21613 22815
576 14297
14194 14290
20258 20451
2657 13597
6061 23279
14099 20613
6709 16547
2087 7764
5351 11851
2217 5481
5033 21536
15430 16660
6180 8838
13004 13265
7407 21806
8353 15022
6822 9874
13787 23884
11790 20881
11488 12967
10711 11922
4918 10957
9230 17350
284 21263
847 3513
199 17429
13179 23155
6554 20151
16525 24174
21021 22991
914 22090
1504 16614
2459 10084
5608 9256
18484 21143
19059 23177
1708 7016
8111 17624
594 4459
7955 13649
9800 10213
11661 12201
5365 11599
5038 8809
2115 19065
14758 18212
17817 20046
17306 18982
10953 21178
1909 20590
15379 17523
13835 22079
15150 23141
3923 7265
14666 23925
5815 14450
9200 18694
11110 22815
9956 10931
6581 17865
5116 7512
2681 20279
5752 8159
5760 9628
10796 21240
5921 15761
11487 22918
13214 21693
13634 18521
8395 16287
18369 20211
2647 2680
7893 8132
3778 23216
18816 20949
656 12139
17349 20183
2471 3882
16260 24370
9156 18915
3793 7443
2788 19770
7885 20633
9922 15259
2561 3777
13858 16454
12735 14471
11703 18004
1069 1333
4445 21717
6425 20908
8877 13303
23550 23916
6682 17475
3868 23130
5983 23296
12745 17167
2777 13888
7596 16398
3725 23941
66 19364
2452 13275
8356 23106
14764 21125
3328 8012
3657 10561
1041 15041
12641 18431
4729 5652
8415 22407
233 4965
13858 18605
15849 21014
1833 20367
2221 23267
978 16971
11333 13645
3242 22918
12271 13633
1614 21256
2907 19131
15090 18532
612 7257
10629 18826
9064 9967
1437 20661
13282 15386
7519 13894
17354 23511
10470 23114
5109 18128
2340 6717
16446 24100
1958 3489
8881 9020
10317 10955
927 10427
4245 19828
4118 22062
3982 12699
16708 24367
2837 9966
17007 19640
8368 19415
20268 22597
10468 20494
3409 14047
9908 13369
840 3718
8491 17186
16967 18337
3953 22344
9982 10587
12797 15762
5732 12935
8368 15996
2731 13816
6733 18850
378 20207
9589 13942
2954 8555
12419 18273
5481 24366
13531 21881
1666 11022
15336 19869
13285 17840
10937 15135
6554 16715
17779 18734
4134 12924
8547 14931
2662 4773
9899 17942
17206 18117
18622 24456
767 12329
16 14432
12849 17627
15113 23328
9921 11783
18312 18566
18640 22657
389 13325
3997 14407
2560 15643
8308 20108
9815 10423
5258 7286
6890 20516
1230 10164
12292 23144
7000 13407
2063 9493
7809 21916
22288 22973
6960 15283
7720 8918
16290 23775
14236 18267
2405 5698
183 9997
7320 9324
8434 16160
928 16377
13166 24153
1011 8601
3148 10223
15801 23550
6613 12336
11269 14075
2085 12365
2086 2465
9437 23628
8059 13120
8268 12106
2759 16402
27 21379
5329 15353
9449 15180
8150 19401
11041 16381
951 1046
6606 20409
9060 20203
5035 22123
5203 7207
3892 14036
8165 24201
10388 20145
7965 20535
1626 2791
7541 23976
4460 22315
11476 24140
6559 12850
14381 14887
15466 18671
566 3481
10958 24061
15278 15352
11379 23686
6370 14574
4440 5964
18085 18378
8944 18747
5273 6510
1151 17454
1428 13790
4531 18099
14802 22798
151 19523
916 12433
4230 23641
8159 15600
7543 18666
394 13193
3231 12303
5907 9841
2297 24387
11107 14746
20947 23432
20825 24279
10243 18818
9993 13031
43 560
20819 22264
10100 12827
1939 22149
2331 21496
17804 20747
3289 22611
965 7527
4177 10891
3217 19131
10768 17850
14788 23112
14799 19267
3973 21148
538 13644
28 17948
19404 23966
3091 15761
737 14215
16829 20598
2858 24216
5286 20594
8964 9270
6816 12155
11861 19361
7039 22848
485 17839
5437 17811
11263 21044
9677 20630
11694 18458
2565 21706
8192 14581
9687 23796
7127 15141
11103 22325
3416 10948
8476 22941
475 18492
2785 7881
16611 24134
1948 23517
5546 10822
9965 18304
727 15773
664 15526
5532 9828
13602 16841
391 24241
9518 22435
3565 22447
11104 13824
30 522
7665 15704
22491 22513
4554 22020
4731 5046
6999 17078
17211 22405
17858 22940
14715 23435
12436 19314
15974 22719
3400 9411
5030 20303
260 6152
6155 16563
7905 18420
4430 24130
6079 19933
3056 10995
4010 17380
4552 7192
304 2787
5056 24082
18480 19007
14972 22262
104 20409
6853 14378
9884 21160
12211 12281
15616 23391
7205 23286
6613 7731
2821 17528
4947 17650
4543 18926
3649 17447
5213 8846
10424 22869
9097 16998
4671 10291
2923 5453
5801 14275
2204 5763
1340 12999
10893 20283
10366 17506
8853 9639
5681 9428
14299 21040
10301 11503
8731 10379
2292 14056
3995 20116
8141 21521
3906 17616
149 13486
6024 16167
4731 7454
7719 20575
11116 13644
5061 5193
14342 20049
5653 14270
3854 12334
9532 14943
10706 22865
11011 12949
20455 22969
5950 11942
14060 23244
4260 22987
9709 20848
3472 16196
4014 22052
7012 11087
15683 20802
513 13937
21371 22195
8602 19191
13466 16977
541 12335
1973 18487
8413 17452
3519 21860
9105 15711
9649 16822
9109 14996
13629 19703
4482 12076
8759 8930
9765 17404
6582 9338
14304 15115
6035 6346
8573 18016
4477 13130
1479 4374
9650 18125
13164 16610
7639 15605
2709 6243
9304 21689
17957 22432
9691 13475
4853 21950
4845 22234
17868 24294
7012 9487
7561 20479
626 13873
12360 19933
12596 20149
18091 21554
15762 22892
4081 15905
13797 17860
11265 20613
9637 15168
11405 19878
2294 8447
3481 14907
14936 21871
1469 16899
3781 22491
8810 8853
744 2117
10264 23829
2884 4658
5277 9540
5042 11179
11863 20652
18021 20483
9840 13511
312 9889
4461 12992
18196 18300
1865 12095
172 4024
7046 17146
1344 16766
17270 22995
4715 19081
10147 11374
10494 19033
7740 24394
3031 5734
4808 13326
10646 15627
12300 19454
17907 22482
10202 16305
5615 24068
12085 20485
14327 16398
10303 16011
588 20789
14527 16556
5783 15335
3936 4881
556 8648
8700 14275
8024 14039
11759 15516
15319 16334
5339 20521
3128 21240
14768 19873
10452 17778
6297 8565
979 23089
9477 21821
8894 19240
849 12389
14581 24487
11689 21109
11343 13702
2099 7023
3459 12463
4033 6485
7641 8346
7821 8661
15429 20748
1914 17293
617 15041
8754 11826
16153 21126
4274 7537
11676 24272
4860 17541
22889 23949
6527 17636
5536 19483
1703 5083
14750 24395
870 9782
2300 4590
5229 21361
8800 15208
175 13786
3559 16598
5271 13933
10469 19624
6729 11546
22094 24276
17561 22320
2228 21549
16619 22780
376 15242
6963 7122
8984 9466
4687 8755
8129 10252
4241 12254
17425 23563
17248 18327
4874 24253
8177 20037
4007 24323
8216 22093
16724 22840
16536 18265
8903 16255
9473 16439
14654 17554
4159 8768
8614 24421
5703 21940
5225 15202
14548 22023
15447 22569
2931 20006
14463 17916
1939 16182
12474 12490
5815 11508
765 5097
1803 11542
1556 18672
7032 14881
18287 23460
11932 19354
4223 8439
7286 12314
3260 15953
3923 10033
18861 19624
1057 20742
11786 14751
8740 22064
7854 22088
16766 18826
5862 23302
4781 19756
7039 16784
1113 6921
8579 23625
1553 8600
4078 16464
10124 12330
7293 17151
13336 24164
2228 16516
16537 22693
9878 15011
9429 24056
18704 20105
3115 20071
1151 9480
5311 13974
18965 23179
1526 4880
2337 9185
10130 15270
2088 14050
6840 18510
4872 18072
11952 17321
18394 21662
2820 12620
2687 7503
8931 17003
15273 15370
6584 14320
7941 13336
13526 16647
3556 11182
4981 12817
16140 22026
13927 21998
503 17878
3331 21344
10482 22641
1534 22385
616 5708
2159 4563
9018 11310
9153 9789
1589 14144
4433 18729
7764 8434
2637 4340
7869 22359
10794 23237
1049 12903
7536 18852
2479 20277
190 11639
9396 10457
1893 16583
10265 20883
14158 24462
7450 17163
10181 23040
16925 20895
5568 11891
18023 23151
8093 11269
10802 13270
1798 19242
21384 22406
2065 12257
1432 24036
12590 13445
9195 14024
19060 23146
2206 4677
4652 7716
948 13384
9336 23301
13076 23636
21845 23340
19437 22435
2637 19114
17491 20124
9845 20299
17457 19050
2520 6105
1894 3926
10633 18578
2669 8631
6385 20380
1852 14679
21584 23512
5060 16501
9723 15274
1912 23530
2339 19993
20076 21957
1040 6659
10083 10506
6326 6844
15870 22969
10638 18327
7780 23245
2799 8535
6754 8663
549 11964
10872 17729
1558 18651
16964 21229
4353 21216
10894 18842
432 4765
2647 15541
15541 22617
11156 23197
3143 11824
15773 22572
14103 16177
6757 12647
6350 14545
13086 19931
19688 20958
8811 22941
4277 23696
11482 23150
21836 23818
2166 2167
5510 18486
4855 6542
1358 6467
3675 15852
20032 23641
16233 19212
15200 23362
166 10644
13627 14613
16046 24400
1258 22264
14799 17201
9206 21197
20727 24061
186 22264
7148 13747
1352 16752
875 13527
6461 20330
5384 21347
17823 19727
6134 15309
5254 23222
2100 5656
1433 20277
17678 20809
3868 16274
1993 16579
15537 24391
11175 22056
780 11766
16362 21539
8702 10879
12820 18289
11507 17628
5466 15423
7385 23814
1837 19102
10576 14622
9574 19216
2519 11928
6568 23681
9607 20759
10101 19480
11060 19901
17340 20367
9273 12459
6698 23276
2365 12693
3922 4349
1674 9148
7682 9840
12819 16506
14006 23038
3828 23492
5911 23336
15387 17503
14327 22071
2397 22177
1830 17719
2944 19138
12282 15056
8538 14266
2663 4035
6516 19520
14880 21645
129 1658
15621 21593
12976 19266
6577 19770
11128 19378
10229 21316
774 7590
7393 23056
1538 7513
3493 15626
8478 11837
4762 7508
6579 24327
947 13745
4418 14712
12929 16224
1724 24357
7304 22182
12890 16204
11760 20236
14874 21976
15505 15612
1177 20695
15059 17439
11222 15328
15614 17544
17972 23332
570 2019
10095 12679
2947 23066
21202 23474
3403 15302
2386 24048
17498 20204
752 19149
6061 23944
6601 13776
2524 16587
2976 16356
7201 22064
3518 15725
3626 8931
11789 11833
11574 21243
8045 20347
1079 18239
9714 16770
1947 16019
6437 21678
13286 14284
14179 19123
17472 20774
1049 2162
7447 8888
1549 10371
11726 23993
9383 17396
10902 14670
2156 10965
7775 9285
5043 16377
8262 10304
682 22759
3168 23417
2406 2897
9415 18729
11398 16892
2295 6010
2651 22866
21778 23921
1376 2343
12348 19131
6898 15472
21227 23824
12529 17154
1698 11502
10227 18510
15782 18792
1671 14939
1656 14246
936 10979
9151 15499
6495 12711
4444 15561
6398 19550
11172 22550
8739 10625
5627 20171
2241 5020
5703 20700
4044 18767
9594 12871
13892 23685
18922 21492
4501 5288
6203 22936
14494 15666
6101 10692
12411 13017
15628 22602
4638 19871
8274 20094
93 23823
3510 5818
707 6745
4934 7842
101 2464
16522 22892
9131 18447
1367 7772
14069 20335
490 23575
5429 20593
12524 14367
10605 19883
5821 11055
3523 17593
10624 20187
16294 21677
5123 15769
8422 10225
18899 23956
11574 12649
3831 7965
2431 15761
10121 12968
4790 14231
3650 6641
6182 13969
6975 13910
9160 12423
6025 14811
11646 12890
3210 22550
4920 5722
294 20584
3857 14933
4119 7898
11450 18569
18595 21627
9766 15737
17765 22528
13961 22160
2018 8679
1941 8196
4622 9780
10318 11348
5623 20129
4327 23718
2996 20436
4510 20748
11106 16545
16300 22601
6528 22675
13362 17987
11320 23403
4269 11766
12749 15998
4544 14053
15425 16649
18878 24070
1989 3314
8336 15711
1999 22304
10078 21735
21651 23860
14335 17380
873 6574
1155 2768
2701 22171
16475 19477
9030 9200
25 1799
11000 20976
17192 18982
7126 22893
2267 5851
14319 19743
9479 23906
2611 9998
12422 14015
2808 17860
3505 18731
206 3631
10901 21752
1412 7688
1492 2145
5122 7570
11017 16275
8961 14588
8576 22688
2068 5616
2848 7566
2190 12730
11593 23141
11746 23531
2981 19872
637 11616
12465 17488
2720 6521
3275 16006
1327 7810
5775 17656
42 15275
17345 23645
16138 19586
6001 18709
3142 3975
4187 21612
4785 7597
5415 9085
3618 3978
8853 22889
23610 23998
14536 21302
5420 9415
17095 23006
3082 15603
11667 23168
9192 9941
10255 11957
12968 22823
15277 22754
9612 19154
827 3439
2603 17749
40 24431
16250 20092
21827 24265
11082 20418
7690 9557
23159 24300
12242 12508
5235 23643
4580 8987
2712 13181
762 14554
1589 12499
3308 7267
3264 10459
8164 22360
4460 15303
1013 2684
14083 15597
16922 18770
12066 18148
3973 23764
4092 11066
5509 12081
23290 23726
6185 16091
19477 23240
11450 20003
12064 14046
2129 19200
12638 23234
11557 21771
11571 15113
264 18101
8866 12794
8457 19877
13962 17168
4012 22451
11779 24292
19854 23162
13838 15283
8555 11876
3922 8859
16605 17769
718 16967
11534 16498
2524 19834
7413 21716
1659 17833
3342 23548
209 20750
16877 17771
7281 9926
10090 22356
16674 17434
6938 10322
11855 14760
7287 20899
1626 23579
4096 14000
1980 11276
12525 13751
2423 17272
4014 6707
13321 14891
5946 14731
11730 23896
941 5535
12791 13322
2685 16215
1432 19368
3140 8708
3639 5577
2465 4836
362 14409
8771 22101
6345 10804
5594 11711
3372 14184
2259 14230
10477 24462
11659 22861
17518 23692
2486 16635
17600 19353
1596 6101
5881 12803
13038 22419
4392 17850
16859 18186
2621 9562
1519 23086
8929 11207
16914 23067
10901 21826
12710 22446
17795 24134
9574 14952
11295 20382
425 7394
10242 16117
749 4873
336 19616
3907 13332
6737 16867
18113 18613
5826 13167
2171 10393
5344 8843
9958 19116
230 5378
2942 15081
3113 20951
15179 20237
661 13914
3216 7150
913 3361
8117 19011
7571 24468
9893 10535
11425 15527
809 12615
1601 1865
12912 16071
2010 16446
14566 21002
3968 10290
2906 21627
2261 9749
4397 19594
15550 21552
16006 20463
11578 16450
9901 20158
17715 24132
12979 23517
2510 15449
5091 11344
17251 18040
3143 18026
13510 16790
15488 20732
1053 24073
5737 19775
5089 15555
700 5804
3780 6161
5509 19736
4019 17403
3334 21102
5433 17521
5139 13009
4131 7843
2297 12233
10416 15067
6680 9912
2876 20176
3454 5098
4081 13884
7241 22502
11795 15294
1403 3697
2523 18945
590 11818
15117 16906
6052 14226
10572 15020
2759 7892
9214 20536
9393 20360
15548 21786
210 12900
1267 9016
13265 15959
622 20879
13488 18403
3777 23304
302 19812
15020 21588
479 10971
3468 17362
7153 8880
1425 19954
15013 17344
43 6032
30 13848
1697 22336
8624 14742
5395 17757
5754 24262
21563 21611
610 19466
8166 17029
2467 19136
15968 19772
2851 11265
7556 11230
21150 22781
854 14673
12480 22123
7986 10534
9005 21001
9441 16381
20835 24144
11005 14255
14599 14645
1238 18391
7863 9027
3712 22359
7637 18905
2981 23269
3597 17688
4298 17487
8367 15468
2987 21730
18406 20183
7327 23701
3535 24420
1867 11200
3911 19767
3511 8617
2678 23445
10010 18082
2456 17245
13257 16113
7789 8183
10517 11538
369 15526
1359 7325
1818 22671
20256 21303
67 21682
6588 6985
8777 8832
9214 18708
4401 7234
18611 20551
20065 20575
8748 23728
2694 9362
20189 21884
1448 3820
7723 12908
3109 22510
19452 21930
18204 21791
12955 20145
526 21846
22978 23576
6110 23619
22331 22679
206 3010
16122 23215
16512 24359
7102 19657
12945 20074
5818 18961
9727 21243
9442 20138
14392 14483
7543 21415
9084 12040
9389 14641
5254 5682
5699 22798
5586 13676
1476 23647
1793 15695
216 9853
3455 18201
25 2926
15452 23235
18455 24096
13918 20883
911 14339
19034 20273
17746 18482
8619 22416
12446 18323
1275 24038
11404 20317
8264 19863
777 13480
6546 16791
9019 13860
6773 12801
21671 24461
741 14670
7075 8282
3276 13956
1569 7905
15488 22451
10104 24350
11160 11721
7660 17382
13691 20048
4887 21913
5694 22185
5381 17738
7198 11960
10837 15446
914 23630
83 19350
9738 12639
8304 11665
2341 2718
5590 18862
877 2710
15774 18073
11829 16314
432 5764
5322 7469
16974 18225
5915 6431
3913 15021
13911 18749
2981 8648
2308 21214
4148 6009
18646 20878
11315 18668
8685 13924
12524 22906
13722 17503
24066 24354
7275 11974
22346 24366
4849 20306
2472 7543
22195 23236
2344 8612
13246 21611
11345 11705
10346 13084
16490 21473
8648 9062
6354 9891
13003 19380
1267 13831
4012 11195
5206 15688
21557 21980
1248 7808
18263 18719
23346 23743
21939 22287
11675 12902
179 885
4542 9417
7342 16538
10282 19101
18 21531
6458 23614
4825 23490
7983 14718
7651 11528
6432 23278
4524 22836
14160 21220
863 18947
12103 14311
4733 20872
1828 8527
7348 22758
651 2083
2937 16365
881 23752
5902 7298
2599 5143
2171 15352
7988 10058
6597 12766
6134 9943
7013 23471
2343 10273
12752 20572
12104 18764
1650 1694
11590 15765
2310 16695
73 8717
1900 11922
9561 21375
3947 9112
10680 14964
6311 10656
5601 8062
23 9501
9584 10045
1456 3839
4064 7520
10288 18287
2800 15212
9607 21349
888 11377
902 22114
4030 23593
6782 9711
3465 5759
10802 13017
8630 12787
15564 20816
1627 15372
5934 13656
2507 14477
4192 19499
8463 16643
10243 21387
21714 21801
4053 23045
16867 21006
6829 11083
659 4604
11126 18561
9484 11512
308 17676
4934 17621
15758 22935
23247 24083
20830 22700
2517 16803
6571 15983
4745 4980
20672 23876
8832 13986
18718 20884
7534 9457
902 9090
5190 9759
737 11540
658 23607
485 10560
8611 11548
2158 15736
1926 2916
4890 16265
6064 14089
7370 20397
4525 8710
3643 5082
11744 18193
2917 6594
16754 19250
7632 11657
6470 12636
6639 22036
8647 18256
6728 8017
14464 23340
2040 20244
14283 24287
6796 20681
2831 3059
7561 8202
9808 15506
8477 12370
5206 7735
15421 15456
11798 16903
1944 21593
6327 18868
21543 21966
1885 13913
5327 5477
3 7963
7753 24154
5490 14563
11856 20249
585 23446
399 24269
2936 11606
1710 11962
1566 22452
2587 22408
4572 13272
2670 22542
4003 16150
11798 20498
4746 18213
4696 13913
3666 3831
1044 15835
4711 11380
7966 18864
6938 7927
557 23589
6413 15559
3366 7643
10433 14136
1379 1648
11428 19042
14331 23827
4901 17916
11377 15643
6145 7117
14341 22734
5319 19549
4616 16710
5111 8789
798 22030
2163 11753
7575 11135
3490 7177
19744 21507
4670 14627
20672 22767
11301 22969
5404 9505
8434 19594
5920 22143
697 2761
3015 4188
5310 22702
2342 7977
6302 20195
2443 8504
16066 21724
2419 6682
115 6155
9456 12682
8072 12781
11818 17712
9195 22028
6628 23006
1976 23824
8189 13743
11665 17694
19849 24342
3743 13498
14748 16872
1720 6229
2190 21635
2345 6817
2118 8997
16660 17958
7828 18623
12047 18652
10512 14452
79 19399
7311 20274
824 825
4587 7063
14958 15971
865 12303
12966 18707
4076 10251
11050 21181
2496 11975
1913 15928
5487 21090
7738 10452
3076 3781
19269 19825
2145 9378
355 21047
4165 22252
8564 21008
18392 21524
14048 14215
429 9447
6902 9445
12856 20273
9344 12836
1667 17427
14394 19079
15081 23540
946 8360
8081 9110
12887 21410
3508 18794
15426 19638
11797 19252
7565 11434
7126 7521
10525 17838
6922 9988
7571 18034
64 16207
13706 15404
4888 11935
5670 9836
12434 24083
1346 17819
11701 14140
22482 23905
8881 11538
22328 23877
4743 23564
2078 21841
9834 22940
17770 20510
14166 23502
888 5429
7603 21602
17412 23827
6905 12483
10349 15664
16180 18291
12207 17091
7769 19294
233 20088
15266 16810
2677 20095
13203 13657
46 15481
10686 21897
5580 19510
1689 13630
4717 8661
7758 17071
5657 15008
12269 13453
15402 18361
1111 15407
850 16179
70 13310
1451 14695
7720 12462
3556 8207
11578 18380
1128 3311
10758 14866
12401 19443
20799 23738
5312 18372
13571 16374
937 23930
3012 14763
22607 23308
3310 22847
11779 20978
5339 7327
10693 13057
209 12374
51 19798
15940 20097
19255 20335
14075 19579
3170 12564
2297 5431
2058 13472
11573 12583
3385 17884
11664 14650
22237 23140
393 19183
10411 18574
6237 23986
4534 6291
12250 14472
2298 22333
2977 16747
2083 19728
5979 22597
15744 18729
3682 9990
7413 23069
11641 18343
10903 20669
11592 17800
9364 19693
6612 23828
6560 13777
4584 22643
5658 11261
11811 17047
5601 10448
7405 15046
11657 12943
2872 9743
7 9433
9408 23824
23186 23357
18258 18798
3441 23964
13477 20736
10555 16058
8702 14989
6789 21397
906 3782
4907 19311
2518 9202
22968 23684
13355 21316
12807 15381
4380 9494
2932 6523
772 2365
2070 18778
12195 12914
61 1875
9337 14301
2253 8698
13314 16708
12873 23154
19761 21261
10487 11485
13877 14513
6927 17293
6409 21946
5081 11398
16017 17183
7136 21012
12406 22370
10147 11348
11089 19525
13006 21902
6721 17751
18626 20791
11154 15354
4034 16153
7217 21924
9183 13295
15608 20099
13934 22477
3288 14416
5543 11894
7727 18096
2673 6831
10539 21461
8271 21154
13821 15739
13431 14157
3700 20143
12275 23981
5387 11147
4019 15870
5011 23005
11153 18191
14668 19855
9216 19312
14401 20206
20453 22904
1192 18225
3110 15126
4703 11086
4979 20329
1313 10932
10238 15279
7013 13125
13110 23872
15371 21712
3388 18881
7748 8401
17172 19516
13611 20213
2269 5965
16774 19949
1565 23298
2187 8104
17796 21963
2823 5674
7110 10826
17297 18412
14407 21411
9463 18327
9852 16335
4078 8600
8796 21002
3029 16625
15212 22484
6288 21186
8237 8830
2296 7771
1334 19319
13191 15975
14664 24132
4204 7843
4283 18757
11666 15195
7577 17952
3964 6817
3831 14125
10646 17228
3776 8796
8820 22534
327 1443
5897 14847
10316 22037
906 13473
990 23166
15456 16924
3644 10145
22248 22292
2953 24084
13337 17646
11888 19771
9028 9135
7180 22271
2417 14000
13997 15146
10335 20089
1516 6298
1532 1569
7969 14058
9587 20398
3081 19353
1655 17189
15802 19502
12554 12978
20598 23427
10336 20608
9979 10761
4044 5983
12403 14387
11922 12970
10214 13741
14096 15595
9691 19541
871 12909
11622 17873
8542 20551
1209 21823
7852 23508
17009 23414
1729 14053
16664 18288
11244 21782
359 1860
3868 7070
958 19839
4573 11307
16602 20147
1866 23483
6618 16475
14405 17331
4582 11856
8298 22334
2873 2960
14705 18050
15820 16463
9683 18992
8217 14046
1413 3969
9606 20896
13601 17275
6834 19360
1272 18148
16183 17966
4480 12524
559 13904
9632 12711
2817 8471
14963 17046
2803 14372
4006 23369
22849 24299
12466 23776
4828 24379
21732 22265
12046 23711
19843 22434
812 10608
8266 17950
3677 7295
2184 2703
1960 8377
1735 19334
1488 14225
15026 24004
11185 11833
9329 11527
15000 23965
1282 4780
10043 13127
14006 16807
1403 20844
8678 10922
9130 12369
14106 14658
14388 20461
5343 21356
3075 18666
3699 13891
18816 22588
16493 17952
3756 12585
7846 21410
9380 22859
8251 18297
7488 22747
12886 22597
3373 23978
7739 11040
17653 23427
4886 13957
13185 19591
4966 5933
7899 22318
9342 22519
2562 2628
7172 12148
4325 18042
2907 19825
7054 18498
4534 18589
7265 9192
13502 23061
7584 7987
18361 23538
371 18218
11684 19411
6039 14134
1488 12682
8860 16826
10884 23578
9384 20498
3540 15210
20040 23662
621 16359
13673 14137
4420 18817
3986 18887
14239 18174
3131 9397
9658 18226
7230 20585
5824 13566
14929 20037
8282 21469
2819 20101
18760 18892
11216 14826
4688 9601
8051 23584
1842 7038
5185 5528
10110 22166
6663 23464
15113 22109
1668 23298
10978 19812
3404 6931
3248 21382
4302 7363
14114 22155
6264 22465
3416 23262
561 9210
9439 22950
10053 19242
7566 10099
17238 19128
1798 19057
9872 22941
20822 21748
7245 13063
4387 21430
19955 23053
12661 23611
3312 10796
15273 20505
4023 17950
9417 23373
14572 17504
3553 12968
745 19134
2260 8664
16495 19044
4375 9008
1280 13277
6904 7690
2453 10176
2800 22191
20783 22557
11819 21096
9724 10370
4671 19879
4476 6256
18556 18890
4316 21234
6331 19940
5295 18289
13490 21679
14871 22395
10732 23151
7585 14407
9972 23883
6419 16561
11525 17329
58 3802
13296 19511
473 496
886 1179
2293 19227
9289 11941
4635 6103
14157 18318
18570 18770
10380 12694
4969 10249
2859 16720
8226 24035
12043 21353
8848 20718
19326 22543
5448 17608
19963 22073
16616 22777
9925 16851
4843 15375
1242 12046
902 2616
2968 5164
21817 22362
6244 21425
811 4490
12074 21947
12160 23514
11513 16995
4504 11908
13512 22678
7327 11834
6430 17083
1065 1557
4326 8836
21359 23809
7916 13836
9857 21032
12190 23026
3699 9264
4593 9750
9655 12582
15200 16272
5209 24094
7500 18897
10248 21955
3134 3763
14046 22915
14438 14772
7114 22854
1362 19511
15166 19729
4345 23134
6540 22178
6730 16554
7284 13237
1707 17372
300 12021
8710 19922
21650 22736
4367 5213
5926 14508
16215 24328
10919 15857
4681 10772
11150 12437
7693 13410
2657 21403
916 21047
7918 16159
6758 16355
1622 23098
13438 19889
12527 21020
16990 23055
9173 19812
4014 21934
4974 7656
11824 12184
10066 12092
2211 12443
4658 12746
14143 17433
9834 19072
8513 14204
10323 10431
7557 18397
17085 19277
6504 9982
1450 20075
2853 20201
169 16798
10411 23761
13598 18108
2611 15382
6961 9037
72 16848
13900 23540
5089 10627
12137 18142
6336 16772
7806 21249
6190 19804
17203 23918
11156 13765
17934 18079
12013 22977
1412 15397
5272 12918
8297 8705
16842 20648
4283 8652
18036 20535
11120 13192
4502 5596
9050 9696
4298 4309
576 6205
8138 12463
9251 13199
7342 23629
11132 21544
3088 22477
2930 21942
8274 10843
654 19926
18455 22942
14945 20244
14406 20338
5612 8462
409 16255
4257 13912
6388 14365
14297 22532
12627 18901
9621 16793
18783 19138
1991 6716
7330 12756
2859 4211
4292 6977
7002 11376
6731 22121
20446 22297
11402 14842
2389 12361
3093 18800
8485 17442
11917 15452
6259 6421
13787 18275
9116 19559
9732 15557
11032 14921
1080 1304
5781 11125
12715 13581
14280 14450
8627 10001
249 10380
23297 23678
20663 24042
5571 14934
4167 18164
10344 18540
2145 7962
6082 10711
3665 18638
123 18419
8463 16919
4955 21801
7049 16467
2490 15903
10556 19383
13356 23373
5592 9242
1007 10772
2618 14506
4564 9307
16580 19426
8266 8434
8562 19048
22855 23571
4122 9460
8104 17142
3547 14378
2 15912
13297 19899
17777 20450
10339 22353
6261 8243
4332 20400
16945 20782
11130 14733
1333 22700
15661 19490
309 9154
2884 16863
12767 24324
8892 21298
7040 21260
4599 18447
1532 2357
4360 4759
20256 22251
8231 12245
16609 21141
18095 19503
2675 6578
14109 18387
3276 19250
11006 12019
13269 13784
6747 21939
14647 18401
10757 20727
21783 23564
3934 23700
4163 23174
7843 24079
9762 16312
6677 17702
7737 9776
2578 7786
3439 11712
14031 20958
2603 5082
12242 20292
2288 4605
13353 17445
747 21691
13320 19271
5796 7040
15552 19134
15059 20012
5165 23317
3446 11854
10426 17569
10340 22396
8759 18445
522 16788
10718 24326
3249 18291
15342 16437
2699 19924
5200 24098
9470 17308
18093 24204
5386 19757
2030 2545
17849 19662
4922 20404
3203 10603
4821 19599
1282 13519
164 2976
12789 21256
18507 22012
17653 24131
16679 18737
19049 19519
1847 12556
4001 7779
5470 13576
2408 4800
1593 6033
4123 23976
10631 21989
17231 20731
17450 18439
5251 22309
12000 23899
851 17663
358 20439
5053 20518
15920 18790
6277 7822
2974 19124
1607 9185
7270 20636
16233 18408
21143 21491
7579 21246
5033 12560
10032 12504
5168 14921
5725 8393
3182 20158
4809 13118
16061 23936
533 13759
1299 10038
7505 9491
777 21623
11143 11758
14939 20919
12404 14173
9020 23679
5454 24414
17922 21607
8595 13134
1618 7220
1524 22881
3919 6963
15000 15005
309 17024
5508 14125
14408 21725
6058 12490
1106 5836
8054 22747
2767 4231
9066 18807
8839 16922
15066 23553
13675 20923
14090 15437
8569 16374
2128 8497
1312 22363
12563 23247
4083 20716
17377 20043
14890 22620
11954 23541
17808 20322
16413 17104
4979 17017
15940 21676
15134 15257
8231 9495
4122 14272
7105 19228
1527 6467
4050 19718
6162 9618
4694 22846
6455 19490
3767 18437
5532 18720
22774 22856
14989 16488
18638 21201
11634 15796
539 11411
2043 17601
3540 6309
16689 22835
3011 19622
15980 20575
13703 14618
1264 23660
8341 8358
8870 13655
6691 21592
11385 18568
11125 12181
3653 16490
9251 14642
4759 22515
13495 17299
14388 22227
5586 19039
5159 16171
4267 6336
12970 19749
1373 14456
15596 20371
7473 13519
6117 13761
10412 14735
1315 10886
8683 12210
7969 8871
9593 13699
12261 22496
6583 9938
10318 20990
16987 17518
6412 9675
3248 5662
10573 13231
6800 21581
709 12471
19478 19799
9678 20828
23007 23750
3966 11402
12630 24462
13766 19960
5213 21365
9755 15543
19178 24408
20174 22128
17636 18072
11047 23469
8136 11304
11014 15700
8725 23056
7951 14799
10603 18691
5640 21692
7565 8376
2598 19230
8427 10739
6291 9726
19888 23657
1860 19773
2897 24148
6712 10268
18069 18371
7973 21129
2227 23820
545 21350
12042 15199
16943 21554
8684 22049
24 2161
15072 22008
3431 17484
2306 23560
529 10033
2696 3625
12488 16795
6911 11754
5115 6784
15574 17952
6354 17242
3167 4344
12294 17930
7504 14565
5292 11607
13864 18657
7118 20695
8054 20491
15433 22606
13895 16555
3618 19447
9069 23713
16501 20213
13682 14382
7664 9596
435 19414
1460 16704
3053 18862
10383 15862
7749 20036
1635 5285
14093 17243
8789 17852
1283 4461
6227 22234
3392 8150
2596 8288
20139 21282
4009 16263
8968 9073
2385 21142
9118 12323
11443 14970
6211 7538
17389 19394
14415 18197
11517 19249
6563 9886
3416 11892
12576 13037
23056 23269
8238 21312
12224 13933
16191 17703
10640 23528
1757 2612
15554 21960
14447 21323
22047 22595
5762 8135
5907 13037
2105 12937
10936 16414
12081 16740
20655 21196
5968 10241
17507 22927
8331 11032
8085 17210
13607 18616
13801 22295
14689 23684
5872 10803
6695 6712
15878 16641
1025 8337
1692 19081
1884 5010
20946 23931
568 14081
15040 23777
2933 11889
100 19121
732 5712
16460 23658
3685 17755
16925 23235
5301 20991
8244 14577
476 18887
2077 8962
9983 13568
3501 10937
16590 20828
18466 19424
969 11046
6575 12803
15772 20840
13532 22817
5793 11816
9785 11067
6814 18470
4265 18816
8024 10147
16765 22156
21435 22286
4445 19426
1400 9757
13086 18324
1872 7097
7218 14488
3987 6454
818 14940
1940 23238
467 19089
8012 10517
9438 22617
50 8680
10695 14600
9941 16262
15070 15373
9613 22032
4272 16819
238 24008
11805 20822
11323 12777
5388 23674
9576 16125
6067 10222
11780 17261
862 12562
1153 10822
5063 15915
10423 10973
5361 17517
1352 13478
20557 21469
9057 10170
2978 7379
3902 9656
2774 15759
1346 2891
12909 22883
377 13086
1649 23510
12811 21542
18848 22092
1245 23876
763 4121
9923 14560
9979 22052
1998 13195
12641 16519
11340 14487
927 8184
12442 19969
19457 21002
13574 21265
13486 21988
20418 21133
10625 19311
8013 15330
2370 15503
16210 22857
18889 22512
3030 16793
2631 23905
6911 16129
19015 21751
5162 18957
17984 21510
20394 22519
13709 23396
284 19755
4978 11244
7474 9487
19446 21820
9557 15389
1993 3159
5166 21496
18808 23030
10009 14814
1809 12849
3406 11674
12303 23341
3565 22153
1019 9867
1945 12650
9682 11867
9179 20318
8881 14522
866 7558
5885 13272
1380 2355
510 17667
7026 15124
10309 18291
10851 13541
18376 19532
9888 14636
4208 23105
5523 13551
3658 10519
11329 21227
4834 16880
781 5411
639 21182
19097 23611
14076 20204
15297 16100
580 5272
2292 23923
12795 22085
12204 20594
3840 8567
1939 13626
19237 21204
785 6332
3378 5359
13199 17278
6549 8987
19117 22485
17733 19698
1522 11486
734 17449
2068 16830
15025 21332
3967 23756
4532 9276
7 15642
5807 23492
9220 16472
4833 15455
6105 9389
2425 16017
3059 15071
1249 6490
583 14369
12308 12914
10839 13969
10798 18124
15461 20784
4098 11234
8398 22714
2469 13207
5834 23846
3407 8877
18051 19889
5608 9710
6177 17955
8101 12335
9305 10823
6407 10833
16515 22238
5722 9303
4998 10029
2484 3660
1208 9870
23797 23936
14923 19797
794 11162
14814 19445
6577 15386
10140 12560
1403 16577
13800 19810
1238 2469
4651 20221
217 21428
6027 6466
14809 16035
13185 17906
5625 8776
21476 24051
649 7760
8070 15923
5609 19596
3977 21432
1841 10432
6891 15848
7300 22971
6179 19573
1025 4114
13724 17472
6030 10308
12152 22355
3516 9140
5517 23686
15805 18208
4795 23642
14944 22331
2193 6578
12682 16180
6069 17951
2300 15039
5181 12463
9779 18214
19023 20199
1339 10605
4997 19743
2461 5146
6580 10209
10734 18007
11658 24378
5245 5305
958 20452
13897 16767
11318 16577
9934 10033
3087 17350
13624 22160
1173 3994
22273 23193
3327 24452
12906 15279
246 20060
16417 23579
400 21442
186 16790
20221 23718
15054 19063
11296 19973
3262 7919
2441 3049
7037 17067
3850 21084
11206 12618
3819 20261
3111 10597
8307 17479
12875 18262
9719 22460
5467 9830
7351 22947
18047 22117
19836 19968
6350 23755
18804 23013
13513 13557
567 2347
7247 18454
15372 17916
3397 17212
19190 22173
911 7155
8487 20673
8297 17601
2355 21287
13478 14820
19456 21551
3368 11252
11046 19840
10125 11357
2603 20863
7830 22329
7567 16207
9021 15032
3128 3322
12618 15190
5440 13284
12165 15954
1133 6297
7840 12257
17655 20087
14774 18324
13922 16692
8921 11711
14952 16808
18440 21965
2486 22602
1874 21653
3101 13317
1768 6210
12802 23594
1196 7386
14470 24273
7127 16150
2400 6651
11279 21866
6213 17016
16684 16703
1087 24478
8778 18464
18560 24065
192 12117
5119 14387
18151 20644
15177 21358
15263 23184
4058 6270
7294 24186
1399 5468
6377 20695
1505 2300
5874 10823
8990 9845
9115 17523
17511 20830
9740 24226
5081 10116
17990 23676
19814 23863
1474 6190
16211 20869
10295 17589
2538 4761
2623 10967
4143 5982
7528 8455
4755 18573
1216 7627
16050 18416
5320 8845
5768 7579
2442 8123
7214 20011
10899 11380
15795 17250
4841 13378
23010 23495
1580 17403
5432 19434
5077 9187
3868 23884
16655 18012
7232 15764
15107 23141
12305 21783
7806 23454
3657 16724
4365 11306
14971 22497
16024 18341
21801 22194
11043 22692
16966 21932
6414 14523
5205 10316
5989 9415
1718 11385
2398 3736
13725 23511
1618 16936
5859 17851
22021 23971
13616 18579
2082 14191
4048 6809
13130 18381
2486 9126
2095 20554
9811 13316
1425 3062
7228 15072
1413 23168
2346 5411
4966 18682
1087 17890
2921 9618
368 18369
6113 22764
1278 3891
4811 8562
12643 13204
9127 14383
5768 12164
4911 20411
4915 20886
5671 22156
1537 15583
4538 6397
1621 18550
21010 21825
12617 17738
9087 21272
2874 10823
20732 21224
3788 6883
19332 22478
17628 18822
5049 22530
8099 14462
2032 12452
3903 18238
2097 19434
14396 20036
502 2315
9632 21909
4164 4337
9525 19255
3115 14737
9947 20201
17441 19722
12541 19971
105 16160
1520 11960
13132 22738
4960 21953
10096 10255
1313 8957
4273 7255
8856 23251
989 24400
2677 6503
2384 20062
2420 16255
145 4870
17622 22059
11263 11527
2502 21403
9434 15020
16489 21635
937 8468
3159 19841
11467 21676
1271 21001
10695 17932
695 9600
15242 19094
7698 16475
4506 7935
13118 22251
13448 22162
5100 16513
9746 16280
14983 23086
408 2722
420 16134
1560 21130
18802 24203
11223 12503
9596 23149
5718 16449
4719 21190
10474 12014
2127 18789
1898 2513
8578 23348
3982 19550
5946 8132
2368 3026
16706 23406
5557 21706
3646 12002
9110 16043
10110 23875
21374 21892
11117 12707
10882 17826
15689 16022
1485 15183
8148 22208
80 4431
3526 10914
22963 23184
435 5508
7979 12924
8376 20364
2685 12189
9309 14727
5943 19761
1895 18239
6869 20858
10692 22946
5941 8713
21823 24101
831 17216
20088 20710
19800 22894
12207 16043
3051 4767
5356 19197
9704 19737
6221 23251
4063 10755
13199 18442
10465 18232
1556 5597
8577 13840
17561 21540
6393 11775
18513 23244
3247 3365
10677 21804
12602 16623
3714 14042
5289 24400
697 19970
7185 19637
10149 21478
12041 19166
11053 12909
960 11566
2125 10239
13763 18520
2438 10501
2487 10885
19471 21032
11358 14662
6253 17786
9482 18304
18822 19519
3612 8270
3582 7412
12322 13651
11323 23165
4373 18875
6528 19699
619 3488
8478 22522
10840 22107
15317 23788
8518 15978
5028 11488
9543 11430
763 15449
12934 18711
7115 21920
19986 24343
1980 20959
8077 8130
1937 14731
249 1569
18237 20144
8415 24358
1699 9450
3383 14304
8229 20740
1245 2481
15995 20029
1614 11109
21218 23436
4784 17256
4290 17480
3899 6883
7558 22912
3920 12494
7903 18936
18004 23682
1340 19374
67 358
3802 23685
1795 11400
5116 15489
10548 19687
4205 10982
456 20111
16232 17718
17083 22606
1642 16582
11012 21394
22806 23818
7147 17039
8060 22622
5656 12963
15694 22062
17322 19025
11716 17968
24160 24420
2630 8267
727 12095
4890 20623
3170 4259
854 21944
2742 23284
13375 20161
11118 15528
7419 11998
5583 22801
6386 21209
5277 15691
5285 17469
3105 16927
15616 16787
8425 18544
8517 11265
11812 23307
10023 22367
580 11032
1329 17222
11510 23389
4789 23580
15470 22924
8497 14735
11322 23632
4982 22525
7859 23452
11386 17497
3543 12599
664 4187
24121 24358
1537 3748
7281 15554
5863 10521
4029 4959
2021 8643
10483 22736
3288 15786
14840 16160
2186 5943
5447 5799
1483 8792
4366 9359
3516 22760
9888 15440
3462 22872
13208 13542
8879 16300
1914 20155
2722 7284
3161 4743
8643 12365
2369 13571
2635 10526
8905 10103
11388 13196
4535 4954
3489 6075
8088 23469
1607 2012
4529 12129
15107 20822
14740 23302
17252 17848
5102 10517
18048 22238
17203 17226
20053 20317
6301 14567
17456 22676
9985 11721
17322 21904
11914 16496
18721 21403
6801 16242
3161 19232
2329 23022
8145 8582
17879 19164
25 6017
18607 21280
18408 19851
14474 23205
6704 8963
5761 19757
15509 24427
6631 17616
2001 20345
168 18769
1224 9649
3878 12057
14287 15332
16281 16727
10850 24226
13922 17303
4604 12083
1632 1806
6591 17621
12560 18834
16180 18173
2416 13587
473 20825
2348 21194
8430 13159
2672 7843
2038 4844
782 2570
29 5451
7945 8429
10432 12006
8280 10679
10113 10864
42 16951
6776 21174
12222 21558
11494 15240
6567 14293
1629 8690
1978 2391
3838 3843
12259 16497
4444 22194
1682 5004
17444 20221
462 19214
8228 17116
757 11633
7737 22207
1253 8909
661 21024
3871 23710
5957 11289
317 20593
2642 16887
4258 15229
10593 11528
10116 23682
6976 20480
9766 17297
5857 20359
6593 11567
9817 13670
1996 5702
797 17838
1898 15006
11608 17568
3310 22251
3094 12531
2510 4936
8598 12486
21900 22924
7566 12839
12 4982
1958 16763
6153 21455
1681 11263
1215 22102
3133 22121
3276 12357
8761 15354
5777 6325
9638 18104
7608 17138
8081 13318
18925 19932
15607 23011
793 6071
7773 15720
13181 17537
4235 19157
15994 21127
9644 16733
605 23863
12522 18439
3234 3532
13911 24033
2104 15062
13301 13949
5505 19823
21740 23547
6963 17232
7361 14237
21546 21655
13393 17567
2231 19541
5855 11081
15254 20895
8997 21235
733 14712
853 13056
7066 9926
8969 22359
18996 21952
14109 18850
11369 14367
16998 22272
3303 9607
14632 20008
576 15371
16022 22921
22590 24097
13564 23314
7098 14657
3888 24114
9283 16978
15757 23357
1353 19648
3559 10926
13515 22185
6962 20036
10292 11702
3899 23641
4233 19972
1665 3283
718 11799
750 20575
11486 20832
12302 14804
13854 19013
7040 18525
9076 18628
5769 6056
20186 22934
13162 14095
4817 9625
15575 16488
11546 19073
1590 14810
9595 16547
8379 21357
3970 6019
17624 21525
6604 19879
23471 24231
14733 17640
15994 21317
8792 18948
1703 21095
1063 20416
1820 7809
13750 22758
7977 18138
16630 21298
8081 21801
7657 10030
5384 19102
2793 13845
8722 18727
10543 17969
11875 22175
6871 11797
1976 5698
2902 4366
8629 18666
943 7736
14082 24060
8303 14829
4878 18174
62 14324
2220 8280
11572 17056
3337 6562
784 1783
7012 23617
17106 22809
8015 23810
9724 20524
17208 23915
7499 12734
11979 12356
10982 16884
4066 21227
577 4911
21932 22863
12597 15765
11010 20627
5865 13579
10264 23166
13971 17673
21037 22247
16744 20373
3798 7808
39 6678
6584 18557
6308 21082
3404 24212
2715 15855
16826 22960
2584 13962
3158 14757
10975 13371
16884 24228
199 11088
10329 14377
4609 5997
7413 14711
2338 13639
480 24009
7065 19040
1674 3437
11620 17313
3796 6044
4821 13139
8670 15150
2076 17851
1878 16341
15348 15717
10729 14295
5657 13692
16487 16935
5498 17436
1849 4940
14947 15585
2403 11219
20345 22447
6212 14102
10177 24382
11920 15989
2909 6867
7005 14878
1993 20902
770 15480
53 3569
18812 22551
9599 22334
15466 16993
5788 21323
14588 18648
1323 14417
2203 23139
10598 17292
18127 23926
7757 21514
12260 16641
9581 21769
4303 6428
10828 15025
9651 10432
14550 22630
738 7905
18176 22205
8994 9947
12447 23726
358 15104
939 5654
15633 16598
15244 15376
6452 21020
12550 13442
8326 9224
15266 23110
7815 20400
3602 7109
21222 23613
22634 23311
19606 20676
4448 8880
5035 6946
17305 19098
5282 5697
1645 23653
5761 14318
10637 20420
1289 13936
6996 16489
2889 10399
4299 9290
17551 20245
11890 15796
15625 21336
1325 11865
1680 9849
372 432
3112 22626
607 17446
1490 1895
15991 18180
4969 13018
15950 24123
1328 18499
15823 22498
7743 8592
16353 16501
7272 10859
542 15396
5873 16377
5240 7873
3772 16418
6343 18881
13300 16758
4146 19529
7215 16919
90 6095
12046 12790
11007 11945
15857 22910
173 19749
1085 22149
7528 9993
14424 18659
10205 12549
15887 20068
3156 21494
1989 19789
12457 15211
18273 21270
13901 19087
8878 21477
16930 23257
2940 8073
7366 15049
13019 13225
11267 23333
20690 23365
4214 16757
2910 17535
13348 15375
1266 23183
4647 7423
10512 10878
3060 11560
4085 24016
1441 5410
22311 23753
12416 13692
285 8966
13018 18161
6668 12694
10477 18094
6635 19045
8949 22704
1493 6255
5883 19687
10955 20317
627 17120
698 14489
17836 20248
10630 14419
15270 19636
2038 13202
6503 21179
1138 1245
2934 8940
829 9464
25 21818
13168 17347
16390 17636
6585 15086
11522 23025
4032 21940
4976 6579
18473 21736
8534 15038
2966 19297
11999 15958
10156 13068
549 16877
3713 12346
3051 4333
9320 20414
15479 16819
5715 22087
21104 23335
10420 21110
8063 12459
12607 16797
455 1318
20331 23126
22719 22836
4182 22574
9288 9584
12425 19336
7954 11766
5912 19595
7092 13505
4062 17468
7063 14514
5826 11353
11885 22617
13303 18667
20775 23224
16316 19431
3003 16440
13185 22330
7303 24410
16029 16877
23239 23838
957 3221
569 12760
3280 15125
5308 16471
9272 15233
7403 9572
991 7163
11748 21417
2054 20368
16088 20804
1493 23273
12308 17759
9027 19365
19950 23660
4434 9651
1747 21489
3434 23200
12171 20029
1673 6930
1727 4138
10476 22247
8084 10947
12793 16447
6450 9986
2870 20047
2249 23465
2295 22492
2400 4493
7656 8986
6073 11793
6428 11473
19235 24040
6085 20876
15740 20795
11124 15506
11177 23848
12466 16835
620 10195
376 5864
12828 13350
7690 8222
4253 9043
17235 19811
10388 17245
5487 7746
13792 19154
7919 22960
1173 14839
12116 20340
1982 13414
13636 21481
3036 19067
4938 22458
10076 14096
5855 14345
3426 13946
2062 2346
7886 13493
14855 20379
1663 23192
17936 20532
22143 23788
12442 21984
8850 15107
6327 10869
781 10745
4931 9569
2415 24233
12440 15455
6487 8405
782 21974
6651 20971
17628 19923
205 14429
22663 24373
14458 24214
3121 22280
2957 18507
4609 21506
17179 17673
18168 20144
1648 13792
5415 5812
8605 10120
16949 19642
5373 10014
16648 21121
3863 21373
17574 20866
175 20346
10183 16661
147 4051
7111 22108
10394 22146
832 14409
10386 10877
841 19239
7262 10539
788 5817
13343 18332
4840 17438
6476 22914
7977 13772
475 10891
6839 14358
10654 22642
5193 8368
3724 19927
2824 15478
4233 18233
12341 23552
3623 19874
8003 16020
14374 17336
3247 4246
13291 17726
8103 22227
8153 19227
3924 22736
48 10840
10554 19062
13237 16601
14157 18385
16007 24283
18624 21379
3294 14342
2207 18506
861 6692
5691 21569
4636 22376
10298 19919
10951 23784
1733 21072
5647 19766
23166 23945
9412 13730
7872 21244
923 15540
13948 17415
11000 16588
15808 16849
3817 6611
14027 20835
4992 11264
23210 23896
13506 23240
12999 13472
14566 19828
20875 22967
4885 10867
3361 15986
10767 17589
19457 23245
8479 10854
11763 17790
10990 11234
11549 19718
18852 23785
7216 22497
2403 14879
3991 18182
9673 10529
13155 18280
14153 20470
7495 21222
9217 21871
8038 14582
669 16663
7828 15360
1839 12728
11626 22914
14708 17613
13644 18234
18397 24339
13143 17527
17076 23718
5517 13122
11341 16939
11393 16802
5445 12676
14912 18130
1008 4530
1329 10090
3014 15901
8312 19307
7389 13289
15298 22843
8431 10257
5050 20900
918 2253
16091 19682
7727 22996
11223 15990
231 18082
10492 11586
1684 12527
3104 12953
1959 6544
16635 16804
2256 4923
3030 13024
773 10414
3690 12218
2338 7568
2033 5834
4053 4780
3448 10490
2870 5843
6686 9627
2755 6514
2817 3520
23100 23498
14742 16252
4431 20062
2794 21513
6955 16818
15073 22678
18563 22872
2388 9750
22167 22408
2676 10906
2577 18742
10237 15425
5732 17853
4472 12163
3423 19998
7517 9243
8417 24047
3769 17269
15630 21181
6492 10051
3273 12876
8133 19587
3782 10733
10320 19229
11067 17200
12842 23722
6778 12154
3189 3910
2206 16901
15997 17974
4284 14504
4018 12819
2797 18151
13349 17060
3326 5130
3276 20450
819 4670
6350 8166
7927 18015
14576 24378
5183 9136
11058 15816
3592 14112
14749 20968
16408 20635
8880 11178
4018 6275
14359 15205
803 2189
4602 17991
3373 20673
3233 10833
11233 23913
2863 4263
4210 17609
2906 15757
95 19640
10100 17184
2223 11356
8731 9631
944 9901
5715 20050
3747 23028
5404 21521
16151 17346
562 9791
8327 15013
3071 23810
8420 22937
10402 10905
10371 18314
194 13569
4292 8652
18871 20134
3705 18032
23377 24076
9462 12955
4893 9487
3295 3954
8321 18250
3547 4489
8644 11687
1183 15776
9416 10886
12191 12329
11683 14642
19024 23875
175 6747
12572 17252
11514 17031
2616 22409
18323 20358
4756 16018
10246 12298
14095 18172
8363 9160
10860 15467
10629 19597
12295 13838
4806 24116
21478 24238
3473 3732
1813 23588
12665 15192
1511 9880
18776 22400
15249 19301
10950 16178
11398 21670
1957 5617
5930 20492
13857 14884
10893 23154
3280 18380
12562 21747
14407 19314
3143 21433
2636 23174
3046 14583
11173 24426
1089 9763
11252 22617
23587 23893
6468 8010
1028 22248
5521 9679
3744 5056
21049 22016
4639 18060
265 17092
20517 20958
1108 11763
2318 20824
1181 14964
11488 14308
10926 18695
2132 23117
13220 21661
9956 13699
2032 3699
10737 11006
13794 14416
17038 22881
5628 7864
2816 11015
7949 15559
13102 19298
13490 14104
16244 18230
11988 20224
17641 18543
1965 23183
934 3084
12485 23567
5061 12272
23159 23835
5229 16701
23147 24486
12530 19312
7664 17259
13013 17386
20224 24025
4950 8354
1385 1553
9918 10915
6973 23490
12653 15128
3761 9036
1923 10060
20740 22216
250 13931
20591 22195
1759 11678
6591 10859
5968 14355
15342 23870
3118 22834
3210 17478
16418 18863
16566 22586
4408 10270
266 9270
19556 23426
8093 9928
1372 16281
11309 11707
13844 20548
1899 4382
4763 12572
11767 17709
6266 13579
8909 11801
3316 22977
7033 15755
1040 12912
4251 4949
12215 16792
8046 23575
13360 22559
16119 16760
4204 19078
19333 24468
3365 13541
5735 6547
6782 15532
6398 18009
14280 22519
3941 3958
1249 22504
5656 11039
6156 9477
9300 24453
755 23518
10171 22149
2579 11361
12383 21563
12747 16982
10434 16638
2729 9726
