7048 9070
4217 5627
670 6429
387 1678
7889 8956
5170 9299
3895 8573
3965 7245
5790 6130
9138 9422
578 3909
1604 5944
8328 8849
1590 3718
3580 5486
1804 6826
3915 4691
4285 5848
657 7928
4263 6479
3619 8509
3392 6223
9142 9888
248 2790
1222 1356
7807 8959
5989 7137
543 9958
8469 9971
5160 7730
3981 9452
3014 7071
2095 3255
5636 9332
1770 4372
2005 6784
339 4329
2968 8383
3295 8105
9234 9295
1209 2869
5543 8903
764 3842
2017 6205
882 4959
3917 5040
2477 8763
4475 9352
5615 8048
1877 6774
4961 9245
8015 9792
1918 8321
292 7434
8554 9239
1084 4712
8031 8231
4016 5770
2734 7578
1608 7527
4534 8927
389 9178
669 4703
7908 8884
1786 8533
7820 9812
5930 9477
1498 3356
1682 8395
5451 6636
1782 5900
1526 6981
5730 9549
4389 6420
3427 4746
4907 7294
5201 7216
897 2544
10 450
7494 8523
4222 4816
2029 2781
6979 8151
8246 9343
5128 9089
6214 9976
9655 9742
7566 9147
701 6177
1276 2973
987 3676
6519 9796
1192 2278
12 6297
6114 7456
6561 8376
6749 6886
1708 9019
2864 8168
1535 9770
5364 8284
3221 5183
1222 2171
5456 7989
1717 4136
1518 5851
1332 6464
3453 8450
5022 8193
1023 9210
2904 7999
6625 7767
6546 9978
6129 9082
1748 5535
1734 9664
1310 3001
2710 2754
2063 9651
1995 5706
4831 8998
1476 5683
586 1669
2219 9160
1489 5231
7028 8293
5769 8541
7144 7194
371 8038
803 5348
1656 7020
2032 9548
5483 7162
966 5467
3071 6697
7782 8486
1958 3759
432 8846
2326 2684
769 1189
4893 9906
103 4197
3149 9101
2189 6073
565 7330
4941 9873
1815 6910
5693 6853
743 4207
3763 8041
393 958
6010 6837
1072 1110
1054 4371
3354 3726
3235 7743
1870 9904
194 4114
6105 8721
3510 5446
628 9608
5647 8808
336 1790
796 9977
55 8589
9087 9636
3128 7602
4542 6478
619 1069
852 5098
7237 7592
1473 5449
6119 6888
488 499
3135 9450
1413 3650
6820 7006
2090 9475
6155 8829
4303 7537
1230 2417
3956 9630
287 2244
2085 4786
6853 8968
7996 9518
2742 9794
2389 3788
2482 4671
7546 8029
5066 9912
7368 9921
7011 7984
5627 6685
4946 5034
582 6168
4402 8623
1660 6428
1763 9712
5573 9367
17 4266
651 6755
2416 5299
4196 5419
1827 3366
2893 3776
4025 7547
5585 8646
5913 8649
2399 2911
3727 8845
5249 8642
3374 8877
668 4082
2817 6232
2789 3167
879 7682
1223 8839
2269 8443
3412 9494
1818 6381
1959 5860
3686 8733
5256 9971
3398 4853
1871 5328
2999 4266
1551 4826
3556 4432
8066 8113
381 9712
4931 6870
3109 6783
3661 8979
5063 6869
1492 1945
3471 7448
1419 8778
7933 9284
972 5225
4338 6209
972 1243
3608 8258
4643 7951
4076 8458
5383 9345
2907 9364
481 680
8348 9923
4828 9978
5624 9698
5516 9162
5370 6106
1237 8084
7373 7605
1539 8066
4431 5468
3555 7003
5301 6267
2639 3965
3772 5062
7760 9414
151 4659
6812 8676
7440 7442
1355 2132
6592 7262
752 6581
8583 8719
434 8921
7954 9648
2597 3905
3172 5218
8078 8333
4501 7533
1909 8603
3702 4165
2259 4006
1388 7338
3539 8972
1541 4263
4554 5912
1289 2697
914 8341
1682 9101
3038 5252
1616 4518
8109 9710
2232 2359
3939 8821
4208 7444
3088 5063
416 7057
3091 7977
4052 6054
2889 2933
822 3524
4913 6596
1521 4960
712 9185
3865 5014
2934 7478
4960 7539
848 5024
1123 9819
6962 8292
6300 8893
6775 9178
2988 8843
5248 5491
6194 7133
4089 7104
4211 8880
5522 6498
3244 4962
829 1108
5673 5776
4274 8178
6029 9789
785 4267
1791 8653
3024 6500
3303 9694
2628 2645
4558 7898
2474 4282
3593 3634
1412 2918
2387 8467
4836 7620
1746 9091
1741 3396
4955 6279
199 5495
1584 6880
4260 5399
3796 9519
2256 4029
8147 9025
558 3287
388 9328
3728 5140
3753 4008
3305 6957
3644 9757
6663 7637
297 6939
1080 8399
3072 6403
3925 8064
4842 9019
5020 8504
6152 8271
882 3563
8048 9632
6552 8909
5852 6858
5564 8587
1753 9988
6321 8354
865 2505
4288 9224
2887 6132
3784 6121
2183 9072
2201 5889
2377 2860
4433 8556
2522 8721
3946 5278
4303 8493
154 4203
4573 8740
7651 8594
2210 5955
322 3406
6298 8091
8664 9435
951 6024
2977 9009
6994 7855
3838 8144
5319 8352
2223 7472
2814 3245
30 9699
3276 8985
2680 4777
7118 7738
351 2732
528 6535
992 9927
3400 7898
525 9035
1968 8743
4239 7857
1916 5878
4562 9362
3041 7307
4238 6040
536 8060
1342 3441
3775 9590
3374 8117
1747 4761
1629 8853
3181 8028
4235 8293
2406 6111
6067 8713
2349 7016
2945 5203
310 6145
2732 6954
1065 1651
1252 3571
2964 6335
7889 9149
285 2010
2144 2155
842 2272
6867 9072
3999 8255
1037 9812
3977 5802
724 3085
729 2904
5099 8576
771 5574
4122 9851
2999 8524
2679 3121
7629 8724
4253 6841
855 5589
1242 1520
3419 4254
1977 2490
6203 9525
4223 4495
4095 7900
6364 6705
728 5301
1104 3854
3923 7899
1572 2290
5457 9611
656 9343
6104 6132
1440 4211
7905 8784
5582 9918
1977 4833
4340 9574
755 3948
4996 6872
924 3472
9501 9528
629 5269
1963 6819
2937 8688
2973 9877
4395 5305
8198 8765
2897 8359
8440 9638
4874 9403
9435 9564
4003 4614
5519 6609
3467 6093
5814 8419
2427 7606
1465 6482
6875 9095
2524 8262
2758 3034
3499 6003
3154 8153
8135 9134
328 5294
207 6235
6024 6439
3269 4093
7552 9651
6492 6897
565 2716
5822 9761
5748 8720
596 772
2942 3013
3454 5853
2183 8294
4144 5627
2346 7335
2641 7269
2619 8690
215 6986
2974 8062
2075 6832
140 9535
2749 4959
5013 6805
1657 5262
3650 9068
3451 7495
3066 3696
393 4504
1568 6472
1005 9304
1741 4190
3456 6021
3632 5674
3037 5531
981 1900
8327 9994
5347 6867
7562 7962
2771 9713
595 6832
8317 8942
6071 7097
8758 9075
760 6738
4032 4985
3343 4007
6179 9513
386 5253
3172 5414
3670 8473
665 8359
8887 9098
5661 8370
572 9469
1548 3391
4103 9449
456 9609
8322 8537
5956 6839
4383 5788
8145 8960
2086 8825
4633 5070
7128 9927
5970 8943
6352 9343
7209 9033
13 4255
4169 9209
2604 6307
6480 6716
942 7679
1579 8114
4923 5996
8476 9072
1395 9461
2106 4358
5176 6678
3538 9252
1653 5564
3009 7910
821 3317
577 5921
1098 9183
2619 3469
1088 3132
3527 9431
7691 9064
2779 8840
9189 9990
1517 5578
7273 7572
3688 7957
2794 8373
4965 6349
2843 9493
509 5043
8829 8851
3124 3243
7149 9131
76 8390
7163 7679
856 8621
2750 9877
4716 6272
6553 8132
4661 5065
1957 9259
5240 8570
3288 7303
70 405
7603 8336
4735 6983
1124 2131
1669 6023
4720 7951
3434 5170
2674 3065
6082 7870
2580 6557
6275 9628
1935 6894
115 397
2797 7913
331 3886
6737 6981
3256 3623
2251 7756
1268 2615
1289 5079
7087 9564
4721 8565
3582 5796
1266 4187
1338 8955
5013 6015
2689 8307
1610 7148
653 9032
5072 9739
6677 7580
8304 8557
3770 8316
2875 6979
1833 1926
5150 6174
3661 6530
682 2437
2950 9981
5784 6048
4610 9864
377 7120
596 9056
835 9931
1704 8942
3993 8790
2349 4942
7849 8288
8204 9809
4350 9397
3047 7773
3528 3578
1386 5457
9550 9759
332 7641
458 689
1920 3391
5305 6954
2607 4813
7915 9316
5487 7450
5116 8642
5396 7257
4046 5872
1944 5015
5344 7921
56 5326
4472 8637
528 2282
2076 9969
4910 8559
3191 7066
1847 5959
3024 7595
553 4684
3969 4704
4772 5569
6293 9333
4533 6890
1817 9704
8791 9133
1474 9116
3290 9283
8660 8844
2534 3968
5772 8937
6097 6533
4721 6464
3372 8156
5851 8864
4196 6890
5876 6226
2749 6464
727 9753
7221 8829
4514 6283
3696 6349
2045 4807
1882 6767
4219 6500
854 5960
2761 7003
2667 6849
449 4135
961 5670
3855 7959
1661 5110
1174 7010
6224 8645
3173 9412
3387 6224
4057 6370
6221 6499
36 122
719 1880
3917 7607
124 9293
4606 7277
2572 5330
5277 5945
3839 5755
4236 6689
3137 4689
984 9027
2820 6467
1800 7754
849 2462
2806 7713
6314 8392
1384 4091
5158 7026
3660 3705
1938 2489
1151 3223
6543 7907
3461 4235
742 6271
4621 8449
239 2793
1182 5129
4149 6832
2105 2504
3443 9174
2040 4413
4830 7595
453 3325
302 1700
2784 7261
5213 6783
1852 7275
3603 9025
34 9437
939 8390
1578 8224
595 9883
4030 5231
6099 7334
6813 7274
2020 5366
8048 9342
5181 8992
3076 7232
1127 4052
2889 4604
3535 7253
5148 7451
2894 8440
6034 7345
145 8451
3037 7902
2523 8364
7321 8917
6031 8142
1496 3255
3960 6797
3965 5186
796 8587
5311 8276
777 9807
8159 8654
2143 6040
2228 3913
3846 4141
2136 2162
5311 5991
6745 9857
3311 3984
4296 9288
2868 7977
2850 7209
400 2267
345 583
849 3090
2903 5873
3439 5588
2592 5656
1673 6236
3215 8290
5045 8972
2693 5654
4391 4877
86 4548
4911 6680
1512 5401
7914 8698
2080 5667
2988 5589
1196 6423
1966 9806
7793 9803
6033 8937
6409 9293
5382 9841
6592 8741
45 7404
1458 8955
132 9500
1654 8349
2149 9096
170 4999
6990 7839
415 9941
4296 8807
854 6204
1232 2020
1654 8841
1867 7296
7840 9649
3451 7451
2792 3918
1879 2572
4349 9331
4967 7876
2487 7140
5230 9366
1109 4228
5893 7635
2904 5945
3522 8323
111 3821
4466 9507
343 1713
7484 8670
3861 3880
5735 5857
4162 7359
2914 9426
3800 8867
743 4507
2484 8972
667 5269
155 1362
1087 4739
3381 3808
1394 5512
4496 8487
4379 6848
6458 6884
1749 4819
411 3277
2957 9980
5875 8000
5308 7100
1005 4200
542 9966
1689 6736
6692 8191
4171 6344
4624 9049
2532 4821
3940 6463
7550 7579
5243 7569
3278 5262
746 5153
1487 4511
6310 9726
7779 8237
6146 7361
9003 9047
6020 6532
1567 4432
7307 8924
2547 7710
5769 9116
8058 8068
2198 9515
584 3972
6431 9822
721 4439
1682 4577
2616 9073
7479 7496
647 6751
343 4418
2582 5144
6918 8629
4895 5263
8564 9607
4639 8096
2654 7296
935 8293
4987 5708
3426 5134
2249 9582
6277 6996
3660 5030
1829 5189
2510 4338
1660 9913
3015 5252
1231 3798
2606 3762
75 5406
913 2120
507 880
4378 9463
61 2842
3931 5173
5067 6301
1306 1702
192 2884
1384 9572
1330 5532
4044 7251
9038 9546
5026 5254
5281 6286
2729 9433
2004 6697
1610 2767
1616 8730
5691 7204
4601 9366
8442 9141
244 7554
4004 4412
4725 5585
7614 8640
548 3991
7165 7951
2732 6860
4750 9198
933 4583
2021 4158
4480 8616
2990 9205
1344 7596
791 8341
835 6314
6144 9016
5234 7949
1310 4191
1467 5153
7274 9536
6628 6686
6730 8772
7139 8343
553 6958
18 6299
4552 4849
1194 4712
4762 6890
993 7941
6861 8482
2577 3489
6543 8945
275 5552
3152 7690
3033 7850
886 4208
2716 8965
2712 3257
2371 6792
3801 8835
3670 4518
3319 8693
706 1655
878 1127
3420 7278
3073 9890
2564 8300
8589 9512
3545 5386
1245 9758
5205 6218
2195 6987
1446 2898
1743 8348
3910 4522
310 9848
2567 5379
6928 9548
748 3151
1480 7698
828 9698
1959 4972
3779 9308
632 6924
2457 9197
5910 7295
6840 9729
6566 8563
6884 7015
2493 9763
907 7496
4430 8501
1182 4392
4057 9708
3527 6070
3447 3947
3490 8399
4290 4721
5431 9500
251 5972
4042 8910
1846 9440
2031 2791
827 3551
5386 8343
689 5432
1360 7796
4489 9230
2978 6810
1282 8625
2379 6365
5796 8844
375 7762
2982 3191
1018 3765
679 1048
3230 4305
5359 6053
4292 8793
1634 7972
4186 7603
5987 7517
1189 6206
3466 6343
4970 9875
433 7002
3343 8350
1369 3489
1063 1305
4673 4744
2600 9203
5900 7637
214 7244
4353 9122
1065 5610
4317 9983
6668 8553
4727 9485
5691 7636
222 9271
9263 9735
4729 5597
3064 3093
1645 1818
5482 5706
3021 3091
959 1761
7481 9336
557 1495
1121 7663
3533 4364
3339 4225
3631 8638
1717 9920
4133 7079
2282 3217
1601 4478
945 8629
1909 8365
6358 9269
865 2564
907 8709
2864 6605
1323 5047
21 1620
6493 8347
9257 9779
3577 4426
1124 7332
4150 7009
2267 5471
1317 4833
6364 7406
3830 8093
1264 3834
237 4542
5101 8547
2755 5920
7625 8377
4280 9172
4809 9388
4092 8627
5205 6472
6490 6668
914 3573
4107 4924
2222 6137
9025 9165
3036 7740
627 4926
4792 9393
3967 4136
1227 4726
3341 6243
2411 3215
3847 9362
3796 5428
1802 5663
5584 7008
7170 7870
7183 7517
2752 9306
2241 3663
6421 8235
4980 9726
2008 2937
771 1332
5348 6280
292 7866
87 8301
6261 6801
754 6709
1087 6636
3714 6367
3371 9483
4714 9365
7754 9825
1602 2216
4020 4969
334 9361
3325 5500
2346 4646
779 7764
3466 3625
2838 7133
5268 7671
3004 9890
2210 4811
2665 3969
7937 8993
2098 2806
2446 6365
3995 5093
3121 5237
4063 6433
6516 7641
2378 6150
2059 6501
3123 8479
5404 6627
2144 9008
605 3838
3248 8139
1336 5990
1702 6715
2969 8912
5555 6526
8373 9517
2352 6220
2000 7514
3729 8998
2804 7682
1141 5728
4127 5441
9577 9871
4163 7435
1520 2914
527 7380
2672 4702
2089 8256
6114 9072
2357 5552
426 5670
5485 5675
5386 5552
2177 8649
8299 9370
480 4504
1585 2637
4769 5370
975 6722
1031 8637
1628 2655
475 9910
4014 6732
4346 6764
1149 8622
4177 9842
4768 8384
5957 8689
3670 9444
2499 3818
620 4414
7690 9563
4539 9539
735 5721
2711 6703
6620 9416
4543 7417
2123 6506
2659 2865
2642 4995
5547 7197
1259 8339
29 4625
81 2593
292 3971
3667 9871
996 7971
5413 6787
616 1996
1179 2331
4693 6221
6800 9673
8524 8555
255 5864
369 5689
4562 5315
3393 5611
2228 6881
2336 9781
7299 9284
843 4494
6087 8201
3321 5116
9541 9699
7734 8426
3230 5938
2611 4232
362 4221
733 1096
293 4730
45 5046
1930 8833
5146 5989
2078 9921
838 3475
988 4456
2763 8803
2425 6528
3122 7582
950 5244
980 9582
3775 5006
609 9494
5334 8035
648 2668
4032 9593
1870 2488
2119 6724
8795 9572
4778 6247
1360 4127
4755 8564
1932 2416
1526 8266
8558 9088
4928 4969
5939 8980
5462 9395
5309 6551
5509 7108
501 5189
6472 8279
3833 6054
50 7101
5211 7539
757 5211
3294 4265
1650 1867
3843 3973
1759 9492
3462 8861
389 634
3377 9714
3668 8569
1062 4828
3120 7982
3511 9258
127 6534
3258 8547
9685 9730
7029 7710
1333 3853
2768 6537
3169 5819
792 9248
7127 9826
595 7930
7336 7832
2430 7929
3150 8556
4802 5101
404 4532
2394 9064
26 2530
9464 9799
1036 8710
5517 9142
2542 8221
8194 9226
527 8703
4161 8598
815 5004
7183 8626
4071 8674
7662 8638
855 8460
5882 6650
830 9395
5835 8574
3578 4797
1958 4031
496 691
716 2500
8236 9688
952 2515
4106 8171
706 2682
7632 9019
4476 6994
2917 3297
413 2945
540 6570
3941 8527
1526 3555
4963 7256
1009 5992
3795 6356
1213 8082
6347 7705
154 4251
5345 6951
1603 8983
1484 8013
1372 9893
2616 6302
3877 3913
7235 8042
598 7162
5038 7847
3723 4568
779 1234
5071 9392
9429 9741
5303 9638
3427 7243
2476 9101
1058 1872
2449 6928
3525 4107
3773 6952
2232 4464
6852 8440
4979 9937
1159 9190
202 8681
435 5998
8411 8734
870 4768
6710 7331
973 2995
6384 6935
6953 8066
2467 8202
1960 8627
5062 6707
1217 3221
1508 7371
2280 4651
7626 9928
5092 9215
707 5591
1572 2977
5420 8670
3415 5985
80 7997
2273 6345
3745 6048
1812 2745
2870 8105
1447 8975
1117 3312
4444 7856
420 3541
1317 4328
6524 9635
4816 6262
1428 9499
1748 7918
5860 7121
4522 9467
7636 7985
7689 7825
6378 7850
5324 7272
2576 9421
7768 8425
850 7092
620 6927
2001 6110
3276 8630
4754 5644
3301 9104
1718 1919
3599 7124
331 8949
3619 6963
720 6519
1325 3966
5963 9686
3051 9431
4923 5705
243 6298
1231 4412
478 1526
649 7968
4956 7623
6623 6652
2819 8988
633 3373
5772 9824
7526 9407
341 3584
5203 6626
1986 2007
3400 5714
6313 7838
3332 7568
7300 8157
4443 7025
2164 8968
4787 9234
7926 8058
3456 9888
1626 6700
3949 9320
2740 7589
272 1784
1453 7726
1647 7410
4711 5653
313 7443
957 6454
882 1494
1492 2889
2398 8557
4724 6909
1809 3229
8200 8477
7810 8711
254 6856
4959 9344
739 3730
1903 9026
614 7146
572 6859
908 4701
239 3360
4238 6502
6327 7521
2804 3913
323 8908
2174 6254
6066 6643
4817 9375
7543 8374
5190 9917
33 6617
1130 9443
5626 6633
2873 4420
820 1774
3159 5173
7941 9199
2875 4821
907 1639
924 3894
574 6416
1735 6473
5984 7983
716 9756
5591 7729
1565 8558
5879 9741
251 3696
1852 2644
3110 3149
6104 6911
1389 6286
3035 6979
341 3089
2664 6982
9631 9945
417 6263
5535 8103
4502 8550
3480 5599
900 1257
7342 8577
2378 5819
6267 7643
5053 6308
3682 7794
1202 5358
3055 4382
1226 6799
4267 4800
30 3673
1637 8246
3933 8129
1286 3258
153 1534
5596 5822
8752 9467
6896 8754
8549 9130
8049 9884
794 3204
933 2959
7139 9318
2555 3739
839 1227
64 7935
4463 8948
3135 9998
4809 7064
112 1748
474 6002
4512 6097
4568 8923
1519 9653
7608 7938
3445 6965
5545 5655
1900 3026
3297 9380
3476 3585
466 7952
2049 9776
84 279
7051 8640
1194 7594
2521 7892
6666 9062
2753 4114
1951 7020
1126 4937
7143 9083
4389 8148
2702 9625
771 6116
322 8316
127 5085
8670 8964
2693 8224
5412 7164
1154 7629
2042 6581
304 2309
397 9003
3137 3392
1201 5249
6606 8650
832 7264
4603 5672
1459 6907
3155 8465
1782 4306
1871 9836
256 9490
1595 4781
807 1176
8485 8807
8167 8615
1827 7643
299 7022
9593 9999
8468 9458
2513 5632
3723 5183
5177 6735
1035 8492
7425 8381
1591 5405
2553 8903
6336 8175
789 5074
6154 9451
3716 6849
3866 5498
287 7409
2766 9808
5387 9519
7667 8805
8825 9897
2111 5554
4724 8420
2670 3618
630 9402
1298 7360
2598 5104
2559 6499
2027 6874
1765 3329
993 9113
238 9205
1250 6331
2440 3060
2275 7537
1441 6567
3503 4783
2812 2852
2903 7555
4427 7998
6232 9128
3416 5463
25 6640
5986 9356
5528 9313
843 1124
1276 3503
7286 8096
1711 8971
7382 7688
4518 9561
4505 6333
1479 3445
2545 8790
394 9090
578 6675
246 8249
1481 7234
2273 3381
1284 4422
53 9024
4442 7316
2597 8916
1141 5566
1072 8675
3866 9197
30 7721
5616 8098
2473 8910
3786 4526
3174 4936
1864 7209
2734 7251
3122 4082
5744 9133
1122 6839
2447 6577
2986 9848
2157 2375
5530 6851
3416 8916
3441 6340
3154 4103
7626 8852
5405 5633
2179 4291
8886 9789
3011 8335
713 8516
5443 9772
2362 5783
7144 9578
1079 8574
7003 8390
16 3457
1322 9444
3130 9655
1207 9311
3522 4052
27 506
2293 4756
6483 8749
2609 3142
1932 7036
1930 7872
1817 7667
617 4387
1809 2223
2234 4800
227 5720
6760 6996
901 8787
4454 8139
4856 8165
6189 7007
817 1131
4549 4760
5131 8537
6936 8043
3107 3364
3678 4533
1465 8831
2644 3891
1923 7901
1587 7037
591 9900
3866 9627
1510 1657
579 9651
1575 8844
6176 8935
442 8722
3662 8507
3303 6468
6059 6701
7112 8218
717 1669
2595 9724
3653 6608
3760 5108
6349 8129
4422 7409
3926 4886
493 9150
733 7465
205 3288
2108 7354
2436 7518
3088 5317
5141 6232
1411 3209
3967 8078
492 6140
1004 6353
1990 7948
3105 5066
6868 7593
6506 6686
6348 8719
8239 9458
6187 6680
376 1346
2778 5490
8827 9802
619 7299
4223 7417
5498 7242
1311 8452
8092 9236
760 3839
3851 7053
839 6346
6499 9021
5731 9120
4121 7590
1674 5677
1440 4839
3456 3721
5907 6492
2684 7205
2636 4291
6914 9325
1628 7231
3295 8327
3862 4946
162 2884
788 5031
2886 5921
5451 6143
1495 7530
8399 9275
4671 7033
1517 5029
945 1796
3610 4392
4906 7633
102 7910
306 506
1598 9901
2020 2549
3001 8390
1408 5142
5703 9882
2269 6684
2954 3645
1245 8917
7625 9407
2480 7245
4605 8157
6443 8960
3149 4815
993 1327
7547 9235
5282 5884
20 5654
2284 3349
4217 8488
1523 4687
2647 3408
36 3479
3166 6450
6237 9456
967 6031
3737 6418
3689 5319
8165 9132
2109 2415
6201 9250
6677 8431
1997 3529
5918 8978
3807 6604
457 8882
3345 9339
1240 8444
3478 3738
1000 6538
540 7507
3870 5375
2816 7024
2793 8197
7412 9368
5642 6697
4527 9109
2160 3619
2586 8863
5472 8972
2509 5247
445 9208
2839 5729
5774 7111
4991 8194
3100 6360
2496 6324
8660 8983
1948 8342
1062 9165
6098 8239
4549 5582
4973 9631
6588 8369
2179 7944
3474 4093
5464 5969
1324 3823
1040 1545
2383 3704
1706 7785
21 7891
3653 4443
6699 9514
6170 9848
5866 6290
7965 9069
33 1849
2075 2918
4281 8040
2016 8531
4233 8869
299 5383
4684 7243
5725 5904
2537 6401
5244 8388
737 8437
650 1727
7589 8482
2624 2696
8895 9094
3826 6971
8007 8826
968 6085
5681 5954
7336 7386
876 8384
3022 7552
2677 9229
3078 6172
1304 2731
1634 8781
2713 9282
8854 9167
2786 8678
2220 2908
3163 8866
332 8871
3212 9578
571 1410
3540 7378
5437 9612
2051 5839
6596 9667
2804 7380
1834 9881
4568 5213
5515 8138
732 4869
4120 5690
2706 8149
2078 9452
710 935
4215 9967
2780 9975
3200 9994
2286 4321
2620 5181
1057 6817
670 5895
13 2581
2665 3367
3328 8144
6243 7164
2682 4890
5392 9743
9670 9924
5468 9454
2277 4422
8397 9225
1825 7254
1123 9166
6641 9604
1292 5082
1394 3748
611 6742
1945 2418
642 7593
7603 9737
5886 8855
814 2885
4154 8395
20 8398
1346 7182
2354 3893
2907 5139
8651 9480
346 1849
752 4349
510 9912
3705 6494
4869 8732
550 9678
5435 8819
3075 5578
8278 9370
5475 9746
1230 3213
1349 5283
3035 4872
6132 8527
8256 9027
6831 8640
1677 6193
2250 9636
67 591
6092 8956
1536 8122
4756 9247
2647 3678
7450 9600
1366 2426
4657 6672
1698 5657
2065 6469
4744 9185
2291 9159
1246 8384
898 1152
2095 4785
350 4283
2234 6406
1120 3283
1370 9615
7575 8317
6904 8689
4537 8378
3580 7893
1602 5617
6692 7200
2366 8162
3753 8396
2824 9920
5353 6430
8774 9781
4320 4816
409 6399
2922 5844
1203 9227
3306 9535
6901 9362
1883 8880
4978 8417
3538 8266
663 682
4207 7269
5841 8033
5407 6328
5879 9522
518 5867
5530 9160
930 4535
6983 8379
2320 7995
5471 7546
425 4941
4835 8419
1756 6224
143 9959
6975 9549
223 239
2402 5521
3195 9854
6068 9308
7142 7483
307 2378
6001 8952
6879 7569
155 9203
369 2754
4079 9957
4714 7927
785 5407
4945 8183
1914 8038
2023 5853
6555 6589
684 9550
6632 9696
1332 8297
9446 9609
1028 3864
2469 7922
3259 7802
852 3073
280 2862
4197 7865
273 9719
6644 9887
4399 4776
4583 6456
2572 3853
2212 5807
3853 9406
4576 8141
6041 6243
6374 8755
301 2757
629 2268
2099 4491
334 5565
1716 2683
3725 5784
2534 8677
612 6856
4971 9918
4279 8251
3360 4098
3826 6237
3740 7132
2623 3330
2616 8781
8825 9801
1596 9144
1615 5578
8051 9516
1845 3155
3516 5685
863 6049
1263 6621
2415 9671
4145 7512
3157 9268
5361 7510
1559 2642
1775 3916
1900 8219
3114 3638
2680 8324
1098 5728
4085 4674
1404 8188
6003 6487
3092 9494
751 8288
1974 2201
584 9544
7787 9117
4343 8869
3908 6212
3299 9775
3537 5196
3289 8786
2428 3554
4180 6541
5280 6217
2844 8210
396 6197
63 5264
4604 5109
915 7747
735 7553
5934 9097
7694 7898
1476 6696
179 6601
4278 4933
1452 4831
5253 8394
5287 7995
3089 8697
7337 8886
5654 5730
2180 2343
2158 4051
5257 9518
1266 6709
2427 9763
4770 6076
641 3367
4005 5114
8605 8806
7626 8696
5147 5823
396 7291
4554 5220
3331 8461
1335 7147
7168 9058
3325 9637
3098 6354
3706 6207
1046 6617
1582 5438
1218 7989
278 8721
357 5905
808 1091
6718 8012
2781 8792
1698 8645
7773 9210
1609 7767
5043 6384
4217 4977
2344 9889
1115 7293
5418 6724
1071 8822
3495 5093
81 4222
2073 9838
1564 4477
610 1699
1640 5756
3214 6157
3156 8801
644 2670
2147 5909
24 8713
414 1887
2040 7486
3566 6986
205 6804
1970 8300
1514 9398
5864 7787
1398 7810
5735 9447
817 2270
2317 7856
1969 3142
6925 9141
8447 9722
3148 7592
572 1874
1503 7424
3810 6419
9198 9448
465 4293
2438 7251
1074 3897
2936 6030
7284 7846
2225 5479
8775 9349
510 2461
2589 6772
4535 9931
76 8967
2379 8710
6381 9898
4446 5662
278 7605
997 7208
2930 8757
4983 4989
3405 9384
1385 6432
6227 9309
1646 4859
1232 5482
4678 8024
6167 6974
8539 9005
556 1060
436 6694
6833 9144
7742 9533
2464 4018
6978 9284
2052 4139
3347 4761
2476 5170
3129 5943
999 4161
1723 6911
5626 7831
8794 8809
514 7588
2693 6349
151 6391
3459 5910
322 945
4247 8072
2754 9192
522 1069
7683 8985
1004 7488
3295 5884
738 2945
3402 9576
1427 5917
2382 5285
6159 9540
3833 6908
3897 8541
1802 2057
2636 6188
5504 7855
549 9990
3205 6174
4555 8890
8791 9913
5735 7316
114 6990
1333 5184
233 5125
6324 9448
4222 4724
3976 9425
1635 7774
2024 2814
289 9592
7294 7420
1912 4581
746 4031
2165 6872
1334 3775
7149 8284
7489 8813
553 1112
3054 5206
215 6484
1791 3270
1891 2551
4067 5626
1548 9801
1192 4567
1789 9329
1203 4590
3617 9372
942 8956
498 4061
4910 9135
1718 2485
5832 8929
6224 6917
171 1386
2839 8110
7063 7200
10 1188
5197 6032
7808 8778
1217 5041
3818 7528
2871 5450
4300 5715
112 610
329 501
7384 8223
2094 6250
345 622
7213 8901
430 961
1155 2935
1275 9366
4483 5785
574 1281
2100 3160
3268 5513
8586 8649
5128 7963
1191 4160
1191 1971
1076 5291
349 1854
2879 3284
4521 7809
9752 9822
5059 7182
7495 7729
3216 3668
7574 7596
1850 8138
2603 8119
2687 3464
4438 9902
3220 6378
1618 5096
5370 7016
4344 5283
944 2235
5638 9947
4039 5259
8500 9999
7977 8860
4071 5097
737 2748
1566 3232
5333 7257
1039 6724
7141 8788
6532 8984
7702 8212
2423 6164
7734 8844
3859 4105
2701 6447
6243 9799
3951 4780
4916 4936
2706 7844
2070 9395
6263 7577
6939 9382
720 7253
1705 9090
3181 5817
1316 4988
70 4896
9501 9850
403 7964
1399 8369
4946 5231
4386 7636
784 2722
334 9275
3210 4732
389 6823
651 5771
544 9815
3822 4764
967 7015
3541 8755
630 3095
1131 9131
5054 9839
406 8540
2584 6243
4007 6184
719 7321
3438 9451
557 8733
2288 7505
857 6570
2719 9121
7566 7881
1420 1685
4176 5934
5437 9397
1349 4386
5044 7132
661 5378
1831 8753
2492 4515
489 8267
8128 9681
278 3770
5896 8863
1324 4502
4949 5778
2714 2889
5255 8266
1981 5785
1312 2571
8508 8558
3476 7432
3295 5758
292 2978
3092 4204
255 8983
4140 7682
4925 9084
7295 9662
4754 8477
1376 1546
5366 8711
3717 6602
926 5907
1301 3812
6600 6911
5617 7468
909 2438
2054 6059
2658 5211
3383 4352
5835 7028
350 7332
4479 9022
2749 6907
4898 8283
4857 9689
3413 5884
3558 7032
2870 5614
3251 7365
2031 7467
5671 7289
4819 6130
6447 6804
3948 7692
3223 8490
2173 5580
139 1253
5083 7153
4894 5469
1099 1811
8933 9016
4096 5521
2516 6346
7865 9591
6528 8207
5858 7389
7795 9576
4183 7065
3269 9461
2296 8889
422 6625
1295 9163
2391 7130
1176 4658
7448 9281
4477 7789
9589 9811
5041 5723
1229 1309
1942 4197
1073 6388
285 5199
5382 6009
1975 2724
7198 7626
7187 9309
3242 5047
4124 8498
3578 5593
4138 6720
126 7751
2385 3006
1226 8208
5836 6963
951 5337
2564 3863
2141 3619
3822 8365
284 2024
4662 6756
1270 2175
6219 9231
120 8183
4508 9000
4040 9036
4396 6998
5971 6784
3424 6450
2027 2981
8566 9636
346 555
172 1735
816 2581
1064 8480
2320 5789
2184 6968
5500 5848
4293 5754
5754 8818
1269 1613
1429 6178
1565 3678
7572 9001
7020 9408
3123 7330
773 8480
6247 7707
1335 4795
639 6110
5339 9099
4703 4772
1257 1592
1371 8804
5336 6675
77 9523
6485 8198
5065 8331
4967 8399
5602 7798
917 4231
2816 7022
92 3949
6317 8258
1769 9402
7576 7867
5545 9061
3256 9819
5139 9737
2833 6449
3461 4120
1736 4845
831 8095
1255 7160
1560 8565
5862 8052
5595 8160
4492 9844
3906 6013
3038 7211
1139 3861
346 2627
193 2407
1349 1636
1938 6886
2946 5659
924 7808
6452 9479
3596 7124
1644 9082
6196 6773
2341 3907
8532 8651
963 7610
628 9585
2544 4218
7478 8634
1108 9849
684 5097
1050 3779
2173 3177
4259 8286
8010 8600
1982 6192
1577 9462
2216 3084
4503 9929
2390 5772
2881 4724
1972 3819
1806 5489
3239 6289
3728 5814
8285 8964
6387 6806
1683 4477
7419 9588
5990 9024
9262 9385
3575 7559
4115 9605
6659 9364
7535 9757
5851 8455
541 8557
5870 9418
1129 2107
1069 1294
7134 9362
4945 8275
4896 6394
2843 7574
1458 4698
196 9605
1264 7660
1864 5635
126 5518
2487 8342
3778 4852
5108 7141
2249 9882
1060 9453
5661 9041
1730 2953
413 2222
968 1630
4744 5045
3282 4892
7434 9423
4750 6339
4785 4996
1247 8611
967 9862
4997 8379
5172 6071
1517 8012
5260 5297
4647 7622
1521 4270
9552 9750
1792 3327
4871 9984
8084 9301
7595 9667
3552 4904
5930 8044
1091 3215
5051 9267
5620 8872
2270 9894
4577 7961
3215 8588
6060 6149
5074 9976
5862 7505
4324 7045
4528 6487
1621 9241
3106 8716
8505 9575
5004 5964
3281 5775
2374 4325
2083 9735
3167 3297
2702 5534
1605 3628
2927 5540
1395 9888
1993 5409
461 2537
2762 9594
3756 8188
549 4177
4896 6698
501 8845
910 3726
2404 7415
3540 7349
2258 4551
6957 9052
2250 2549
2469 6086
3867 5881
5505 6208
438 2139
2730 7447
7 8536
1500 4964
1416 7123
4330 7454
433 6305
5328 8827
3776 8685
5156 7978
3835 7318
5395 7978
306 5728
2687 8655
357 5147
3829 9057
977 2919
1653 8349
5015 6581
363 6495
411 7359
541 3060
1131 3019
4341 4414
304 7028
3519 7001
58 568
2858 9790
2726 8823
1912 5154
5659 7260
3264 9292
1453 4182
1144 5417
427 5215
8820 8832
4233 8952
5838 8610
7096 7464
3327 8596
4 2688
3195 7475
327 3400
1325 7916
3514 7246
2881 6371
5156 8477
3687 9947
293 8835
2375 2804
662 1645
4645 7698
7470 7909
2734 7007
9155 9298
766 1455
9009 9574
1037 8821
7033 9829
2665 3631
2592 3079
4712 8386
1065 6569
2428 2603
7673 9262
1530 4954
3502 8931
3661 6755
243 9786
2185 5548
299 6031
3441 9640
2959 8697
307 8020
4792 9009
592 8207
2110 7182
1835 4091
5720 9022
8359 9126
4748 9043
2062 7172
2618 3969
8512 9790
2716 3292
6270 7207
2768 5240
127 3477
1038 4472
2795 8899
765 7136
5125 9305
4053 7445
3578 5459
6173 6319
4604 6674
6421 7621
1791 8889
2602 5731
689 3358
3925 9438
51 3001
3661 6709
1759 8006
3548 6611
1595 2846
5520 5990
987 6972
3577 9427
925 6518
6506 7996
5326 8417
6193 9528
2863 5071
2183 4292
406 5316
488 7479
1276 4568
941 1891
685 3453
5455 6836
196 3405
3077 5306
8090 9061
1727 2897
4177 5382
4368 7517
6319 6759
828 7650
1262 8683
483 1476
2335 2905
1201 4939
3210 8627
4639 8124
786 4636
913 2714
2159 9204
1516 5501
2516 8904
5803 7052
1842 7400
3830 7038
8173 9873
3853 9366
21 8370
6490 8275
421 536
1441 9672
1860 9177
5742 5985
6731 8818
697 6174
310 8768
4004 4626
2212 3032
8012 8720
3380 9086
5930 7320
811 8699
597 9343
7103 9824
1143 7023
5036 5500
2531 4845
4411 7344
4461 6807
1092 1114
1873 6902
2272 3716
2030 3673
4656 6623
1874 6424
3442 7745
4378 6109
5826 6777
4637 4904
164 7707
8753 8893
2209 2395
7906 8730
2778 5334
4113 8858
713 3224
6295 7207
254 8304
859 6498
2881 9028
5838 9900
4325 9603
4570 8049
3489 7969
4950 6009
5425 9196
6468 6876
3617 8456
7259 8269
1006 1585
4369 6104
1954 4343
153 7345
7799 9842
387 6531
6898 7007
4894 9734
2507 8889
667 9461
1826 7614
4211 5121
4421 5887
662 3585
3707 6397
873 8267
2291 6828
7364 9664
9730 9771
8700 8925
942 9865
4089 8638
2782 8535
472 7078
2094 9714
5235 7058
663 2094
188 854
3178 3436
2758 8432
6470 8407
1851 6102
6948 9379
984 4335
767 6834
260 9215
2363 4717
714 9991
3865 6220
1344 6442
5415 8726
6338 7221
1849 3263
517 6779
9070 9871
189 4749
6274 8686
2102 2484
1124 4058
2895 6586
836 8706
1413 4756
1517 7783
3557 4377
3571 7307
7968 8386
6559 9055
3901 8071
2864 7087
905 5642
4424 8325
517 1394
2433 7400
1275 1507
5920 9565
5332 8492
6623 7651
243 356
2430 9996
1982 7759
5177 6987
4878 8166
3217 3717
906 9351
6163 6854
2343 4749
3389 3449
1676 4517
5063 6483
3807 8692
1010 7615
3742 4932
3422 6861
7822 9486
1458 3303
2627 7676
33 278
4939 8092
1271 8767
1594 4860
2427 7224
116 8604
5282 8797
3504 9210
3888 6736
5844 7806
5423 9641
235 1031
801 2902
3883 4968
4053 9521
3883 9044
1080 2245
3411 8344
4278 9277
2529 8726
941 5339
1227 3593
1889 3352
5624 9061
225 4753
2628 4126
6875 8937
7581 8842
3653 8078
6481 7076
3456 6664
153 8262
1628 9028
5953 6967
6542 6843
710 8507
790 3502
6011 6551
830 7817
1757 7541
4719 5209
180 6591
465 2818
5226 8594
1471 7479
4143 8984
2873 3916
356 2876
3540 3787
78 2159
5858 7080
5293 7631
6113 9759
2870 9127
1624 8413
8962 9810
3023 7532
537 4276
1285 6886
1519 6602
1019 6487
5030 8464
2791 5796
3899 7869
2002 3816
5584 6249
1466 2646
2423 5522
3294 5161
3816 8381
6656 6828
6276 6829
7459 7790
1404 7741
364 9925
2802 3485
1317 6249
7820 9529
6393 9435
1538 5091
374 7843
3060 6875
7308 7976
816 6012
5657 5771
302 2420
7331 9143
1395 4508
3046 5263
1796 7011
5473 8947
5233 8118
4375 8029
4939 7618
379 5761
6132 7316
6107 9132
3247 8272
1804 4363
6798 8748
1742 3793
1881 5914
8491 9776
8601 9029
2359 3587
770 8755
3398 9363
1701 2531
6301 9682
1350 2572
2978 9432
4644 8179
3853 5941
5170 8400
1966 2350
6883 7122
3135 9605
468 1123
48 5832
3073 9793
474 7230
1611 6992
4420 6359
1746 5431
2899 4770
1477 9037
4805 9824
2426 6836
5187 5636
1140 3670
1906 6009
1922 2068
7704 8301
4968 5385
2585 4079
1480 7164
2713 4414
376 4421
4809 4847
3670 7675
1417 2266
3464 8906
1046 8134
565 5024
7625 8947
8473 9103
5433 9742
1629 5641
1250 3764
6095 6303
1373 8296
1785 5656
1070 9869
4153 4877
2386 2611
2269 6639
6828 7002
95 853
547 8686
9404 9483
4583 7802
5993 7625
3472 4881
64 6648
4435 7978
6305 9831
8627 9307
5660 8482
374 1607
1041 9769
8554 9423
2331 2539
4668 8548
5003 8945
3540 5057
8461 9207
6004 8774
3882 9868
68 8473
4770 5555
3894 7003
7256 8899
3701 9067
857 2095
4275 6970
1389 7573
253 6666
1024 8793
1032 5928
1307 5509
8169 8476
3545 8884
5999 6096
8606 8614
3897 5881
1723 8911
4415 7630
4382 9086
3856 8943
1261 5158
2366 9535
4503 8763
2966 3564
6288 7172
4832 5042
1893 8328
2866 6718
5490 9458
2065 3328
9465 9697
3318 3769
40 5368
1473 4809
5193 9180
154 972
6216 8460
925 7120
6179 6586
1902 5579
2156 6054
6057 6654
8903 9755
3144 5631
6444 9423
3403 3916
3932 4608
4769 6298
485 556
6313 9934
987 3588
4929 7816
1977 4142
527 2441
2595 6865
445 9889
2952 3309
1865 9900
4616 4897
708 7613
5569 5835
2406 8246
9091 9796
882 9342
7846 9382
2285 4773
758 2976
4116 8073
3945 6390
2620 6322
3791 5986
324 2344
6592 6915
1417 9110
2855 8688
6332 6513
129 6076
2626 8802
1333 7145
1377 9406
1357 3494
7019 7602
2505 6033
1764 6546
4238 5248
4470 7523
2206 2650
1737 2672
186 2495
6503 9377
7131 8896
774 9090
6444 9526
4898 7128
4027 9239
6666 8194
98 4425
211 5237
6266 9525
1886 7408
9481 9798
4970 5500
96 7559
207 8233
4854 9553
6394 9260
1016 7101
3173 7553
4545 9593
139 6788
2187 7614
1972 9658
560 3899
232 9098
4137 4186
812 2450
6106 8641
3256 7966
8627 9397
1333 3106
634 4589
4762 7435
4595 7048
721 9938
1029 9114
3883 4567
6004 9521
3794 7002
940 6890
1034 5048
2673 2813
2038 7262
36 3382
4983 8985
1219 2318
6296 8717
868 3389
621 6514
5183 6481
1997 4642
1537 7615
9612 9749
1377 6726
993 6775
4911 5755
5595 7166
1208 7853
3937 8355
655 8581
1592 5759
967 6768
3211 7640
2087 3014
2572 8058
283 5819
3077 3446
7606 8070
1059 5527
2356 5358
36 6528
2634 5397
9266 9607
4686 4779
5126 7351
6219 6995
1637 6626
1985 8393
578 1231
6529 7699
6506 9486
6333 6926
439 697
4568 9941
730 4161
5676 6838
4804 4947
866 9173
172 2635
622 6750
1022 2133
526 1085
426 7113
8552 9415
3837 4819
9355 9683
3152 9195
5289 8373
1610 9579
6627 7130
4980 9810
53 3377
3043 6633
1028 8926
1079 7649
59 8739
5804 8271
2012 3219
7976 9700
2558 6451
8027 8947
5091 8640
704 4584
4434 7841
4375 5975
2869 6908
37 241
1452 1839
5829 9843
3031 7273
466 625
5108 7684
6069 7545
1758 5040
5290 9105
6800 8660
805 9334
5502 8481
1136 9929
3826 9565
4642 7664
5839 7320
256 5758
7247 9929
4285 7470
2796 4520
3322 4432
6659 7543
6276 8513
1387 5322
7154 9986
4703 5749
6356 7329
5939 9728
4506 9946
2442 3880
666 8088
4185 6009
2434 5990
4253 5970
6047 8518
4241 9256
3515 4980
3492 8516
937 5402
2718 4606
436 8351
3385 9847
676 6819
7504 8802
7077 8188
8348 8423
8714 9079
4165 7092
7307 8783
751 2327
695 7945
2990 5326
835 1831
2036 6092
2894 8416
5098 8432
4346 8649
656 1961
1565 2631
2418 5505
3869 7568
1734 9537
5131 7082
6169 7140
175 6604
828 2978
76 5061
5539 9628
4496 7412
1001 1310
892 2866
6557 7667
1299 3068
1251 6899
3928 9365
370 4386
2395 4905
7530 7972
1233 9489
4150 4157
23 8314
1786 6709
7123 9934
2409 9305
1050 1741
1039 3493
2341 3735
2677 3885
8279 9781
3020 7040
649 9680
3549 6184
5234 6378
1489 5519
3731 4167
4042 6061
439 3207
3894 9859
7254 8601
4874 9384
3461 9493
4826 7067
573 7700
251 9694
77 384
1993 3839
154 7011
2239 7815
7804 8275
5300 9996
1071 8395
2082 2418
2364 2864
1143 4480
2556 7129
972 9300
438 8555
1854 2057
1731 9315
3045 8941
2610 9935
4321 8542
5928 7641
4131 5018
2217 9320
106 4202
1307 1426
1555 2333
1355 2117
4366 5933
5347 6261
2627 8181
1131 7070
2008 4235
1001 1625
5662 7842
5958 6261
2341 6969
4131 5068
7154 8010
3113 7343
3288 9321
8636 8646
1817 8789
6186 9080
3665 4529
1174 1348
839 4997
1761 5208
2447 4791
839 9466
14 2978
3587 8683
1610 6069
7091 8439
2554 5365
7981 9276
3884 6860
4428 7373
3049 5384
2477 9178
305 3112
734 8821
1479 5805
2134 9010
8107 9982
7840 9159
4341 7369
2216 8451
3609 3818
3817 8385
6616 7790
1386 5227
128 135
2037 8655
4382 5746
66 2761
274 7440
641 6627
446 8348
991 9672
190 6923
6113 9786
509 5440
8786 9535
377 8790
526 782
1568 6047
4321 6735
2213 5584
1643 7715
1372 3459
6536 8401
6041 7286
6256 6603
5381 6042
8335 8376
182 9027
4886 7647
2992 9795
4335 4362
3787 5797
7031 8661
3102 6915
2462 5963
1439 4634
1587 5811
28 6796
12 7343
1278 7577
201 3712
153 9023
7458 9141
5167 5337
2692 5437
1934 5644
1395 8607
5922 8474
1067 3222
7478 8834
9353 9502
1508 5649
883 7743
6883 8724
2637 7301
500 9949
6145 9858
7050 7399
5335 7003
5691 6649
7466 7513
865 8011
8541 9593
1029 4986
4078 6558
317 5533
925 7903
6666 6873
2853 3640
1934 6463
1133 4433
2926 3620
2555 5078
1003 3580
7665 8731
270 8309
2677 7000
4547 6319
412 598
1174 4651
896 4341
4293 5711
5974 8443
3849 8808
1103 2050
2878 5371
6778 8343
2374 9506
4341 8531
1996 8883
8650 9930
2281 5132
2464 6393
1513 3373
6855 8487
4700 8670
2375 4306
1187 8521
317 5706
1306 8883
3511 6969
3814 5417
3850 9071
2090 2234
5165 8876
7801 8835
66 7687
2966 4605
143 2382
989 2376
2867 8556
347 5407
37 7889
1049 5299
6471 6517
3288 9980
2554 9963
4479 5464
3406 8887
3361 7952
32 4500
986 5433
5117 6729
115 7712
7571 8605
1166 2502
2207 5817
2648 7501
1141 6619
22 6844
8123 8322
3306 6497
3520 3610
3973 6589
1792 5676
992 4022
1934 4099
1266 7055
4626 9073
5240 7215
6685 7403
3644 5595
5628 5682
9218 9976
5356 9476
2428 5080
2078 2165
7541 9615
2863 4018
2416 4987
4108 9876
758 1031
2535 9309
4658 9850
4385 8800
5379 7036
749 4026
750 3136
359 8302
1208 5205
129 5660
754 7714
7619 8290
1998 2247
5931 6818
1800 1840
1348 3737
1671 3086
6478 7686
426 5318
2971 5773
5089 6982
235 9685
1167 7079
6619 8742
3174 9353
1375 8127
5892 9840
3611 6492
3263 7156
6510 9401
5737 9743
4010 9505
5771 9954
1296 9814
2319 3848
4425 8182
123 5104
6958 7067
2535 5742
3041 8834
2147 5593
4294 6806
4239 9178
2397 4913
1886 6074
322 9811
1273 6191
446 1158
150 2564
3469 7275
6147 8847
1448 1648
3762 6174
17 6474
2482 7016
3333 6857
530 6686
3104 7814
4444 7190
3980 4044
2279 8189
6150 9452
4254 7074
1308 6583
2340 2796
5208 8812
4503 6613
3267 4532
1248 5905
5444 8189
1868 5408
2179 6722
8965 9484
2587 7468
428 3387
7008 9896
231 6219
1526 4372
2031 6035
9233 9261
113 3756
2921 7142
6428 9713
3243 8641
4198 7565
2064 4127
2415 3366
825 1698
1750 7021
5076 8065
3769 9481
513 5753
4119 9399
115 4939
675 6291
4575 6069
2603 4441
3869 4470
5917 9608
1117 4337
1070 3853
3529 4178
874 4044
4527 4752
1951 8128
205 8082
4019 6185
749 2383
4431 6750
3095 9814
288 6132
2563 9857
5553 8135
8322 9760
4174 5903
2001 6389
3058 4168
4755 6014
3080 9357
2705 5923
388 8506
2698 5831
4899 7480
2458 6851
1010 4287
6508 9684
4393 7530
3903 5733
1467 9189
3279 4099
559 629
3425 8316
5905 6961
3674 5824
6566 7486
5921 8382
2908 6638
27 7080
5031 6075
2068 9907
869 7680
5299 6660
4777 8318
4291 7071
2895 4864
1786 8378
338 9376
3636 9406
6773 9067
4192 4737
1529 2952
1617 1634
1923 2436
213 8308
5833 9210
6755 9426
1327 5360
1130 2126
2821 3163
1672 4004
214 6534
756 5142
443 9692
1466 3997
551 4288
1110 6350
6393 7677
5993 8290
1829 3307
3987 8019
980 6063
2989 9331
127 9589
5390 6180
6976 8639
6278 7612
1484 6874
3094 7216
441 8269
5458 6566
322 6174
3114 8526
3936 8491
437 3667
750 807
4181 5735
7538 7950
6919 7880
5537 9467
4752 8185
3922 7941
2464 6157
1275 2348
2020 9010
5241 7319
3588 3699
3432 9868
3612 8127
5733 6425
7332 9424
4834 7193
2227 5038
12 207
4189 8272
6607 6672
4878 6762
2251 7428
2450 9767
785 8376
7474 7711
3586 7168
1565 4080
2504 8014
1036 6463
4767 7744
6449 9531
1148 1995
6714 9019
1808 9491
863 8633
4864 8639
4631 7318
4023 6033
5710 7073
4364 8339
1006 8316
3738 4741
395 7211
613 8992
2548 2842
1171 6285
1296 7762
1608 5885
1685 1840
288 6351
470 8093
6511 8642
1222 2798
6145 8823
3705 6953
595 3145
5035 6433
7503 7669
3756 4020
258 9854
1820 2169
4698 5538
3258 7089
4372 4811
6877 7597
8538 8900
8542 9049
2834 6537
2361 3971
688 8001
1181 8329
363 4546
1662 8357
7575 8109
4610 6687
4674 5757
2821 7322
1225 5382
2049 5469
394 9622
3072 8531
6207 9987
123 2549
3631 3659
2934 7590
5008 9920
7909 8445
3649 4308
8931 9054
3283 8292
3905 7700
1685 4545
2747 5949
2871 9766
3315 8564
8454 9810
519 6522
3125 4578
4129 4721
896 2165
1555 6782
4978 9993
6492 6527
5158 7114
1065 6917
4143 7605
4062 9756
257 3164
1470 8695
183 8464
2066 3223
101 3844
112 6517
1113 8303
3715 8019
4526 7147
4907 7683
3104 7267
1376 2466
1800 7680
2200 3621
1895 6169
5199 8726
870 4499
3316 9547
460 3974
1352 7279
7483 9636
9531 9668
303 5325
1723 8160
1038 4946
5006 8748
675 4909
2413 4277
8012 9523
1922 6857
7563 9859
2637 4884
2562 8718
4188 5787
2227 8492
0 1265
6661 9119
4982 6376
5300 9288
1661 7881
4081 6123
7555 7634
7363 8955
7874 8547
2792 9641
8306 8558
3332 8277
9299 9715
1265 2424
5012 5259
1946 6844
3221 8854
5110 9433
9208 9833
169 196
6997 8215
1789 2265
302 913
5293 9428
1003 9999
7009 7941
4032 4373
1650 9918
1465 7663
155 2943
1005 6916
3454 6596
7787 8170
728 1517
5573 6297
7744 9322
6846 8687
452 4909
7008 9337
4734 5828
5094 7885
497 870
4252 8182
5016 8078
294 4071
1253 3605
1428 7608
6416 9631
3555 8835
5193 6014
2332 8062
4787 8558
2549 8519
2978 5021
3480 5511
3339 6682
713 4670
1844 7155
1764 9882
2496 8970
2040 7305
2102 4333
102 8777
4944 8799
2273 7535
5487 8472
4035 9832
5736 6093
2348 9973
2247 2532
2964 5190
7535 9472
1341 1856
5141 8470
2231 6846
4937 6297
2464 2474
4482 5817
4353 8629
3838 9708
6772 8238
5529 9112
2478 8561
1279 3750
1132 7874
1623 8622
3185 9329
752 5469
2301 8408
3861 9650
1047 8294
310 7631
3354 3815
3770 7930
5558 8883
2206 9289
6686 7144
6290 8291
4521 7896
102 7248
610 9138
8238 9081
2000 6090
2027 2492
7451 9277
3214 7137
2961 9134
586 2325
6374 7507
4922 5532
2246 4203
3296 5083
3240 7401
4400 7297
1909 9371
4183 9623
4840 9852
8427 8949
1353 2810
3136 9739
1678 4086
1669 2312
3758 4782
5540 9651
3416 6638
471 9245
1103 6748
3854 9023
122 7369
5202 5463
719 8846
2888 4760
1357 8168
4520 5193
8433 9221
1046 1174
2740 9756
2989 9029
166 5751
8169 8216
1682 7907
615 699
6687 7110
1351 5747
73 1396
234 8314
893 8037
2069 4117
70 4918
3238 7339
6242 6333
5265 8299
5114 5395
3317 9399
2123 5332
8240 8867
6518 9875
6537 9152
2094 5038
63 6862
1732 3666
2417 5582
3346 8554
412 8066
817 7967
6236 9655
5716 9132
4574 9454
1339 2039
4521 6110
2107 9616
4824 6591
5994 9449
1786 3917
5793 6730
224 7847
294 1390
2282 4715
5324 6749
989 6695
2291 3932
6596 7880
1812 2010
2336 9707
2962 4643
6516 9184
6329 7117
2889 8147
4244 5875
4772 7238
380 3500
1258 8285
4689 6694
500 883
6474 9745
3244 5362
6108 6226
825 5028
3626 8531
5776 7218
1262 5657
1150 9979
1864 9743
3175 5379
3580 6262
4817 8600
7999 8953
2546 3683
1022 6650
430 572
5033 8158
6468 8761
3662 4379
7019 8331
6498 6777
2693 4943
1659 3282
2099 3802
2457 2509
4901 5112
2457 4430
6595 6899
5965 7708
1912 5996
912 3597
2501 6900
898 9596
4680 8702
1580 9854
238 425
2847 9696
599 5844
3215 8735
2117 5570
7132 9450
2872 5104
7991 9202
4459 6850
6341 9940
4260 5366
3628 6934
3340 3706
289 2738
5183 8075
4286 5325
607 1369
1135 2019
1978 3667
2494 4543
867 9676
2414 7064
9460 9619
5859 7909
3976 5782
3460 6219
3889 9118
946 2913
5940 8258
5884 7172
3183 5680
985 1726
2676 3018
106 8530
4807 9597
3709 7021
1473 4215
3926 9522
4491 4965
2676 4966
7619 9666
7867 7933
3840 9905
1415 8172
5733 8565
585 957
983 2739
705 9821
2996 5442
2304 7571
4866 5323
402 7285
712 2445
2262 3276
502 5201
831 9828
5427 6717
2120 3233
868 5285
436 9595
315 3592
6040 9458
241 9302
1690 3744
775 6298
3425 5953
2931 6536
333 1809
2519 3569
320 6308
128 769
220 9568
3475 6843
5739 9772
8486 8758
825 6737
1609 7592
999 9285
1948 3003
2577 9385
3983 9867
5173 9565
1134 5290
6568 9019
4363 4713
802 8560
8717 9421
7926 8240
4729 8210
1198 2056
887 5545
1132 8151
1798 3520
3398 7554
3768 4132
7392 9580
8799 9173
983 6271
4946 7933
2559 9871
2062 7359
2355 4538
7477 9477
7697 8837
7220 7335
2129 3747
5091 8996
3209 8249
3550 7312
4374 5986
4136 6104
2149 8864
1186 9731
8025 9207
847 4189
103 6019
3698 8965
629 4507
9167 9399
1644 2071
3775 9784
3437 3585
7198 9858
4402 5725
2833 8390
2301 4408
3159 8469
909 1276
7742 8465
6887 7803
2644 4730
6265 9150
2982 7888
2545 8091
4787 8351
3649 3868
1336 4725
6891 9168
4621 7976
636 7756
2080 9833
1464 3930
4869 6046
347 6700
6344 7878
3161 6840
8487 9377
1772 9187
2863 8180
1921 4729
700 4641
7542 8693
2754 6261
796 2352
5501 5629
5447 6223
5612 7253
2600 8960
733 5341
221 3118
5038 7999
937 6473
2515 7008
9500 9839
4903 8683
3669 6790
2554 2807
7434 8821
5380 9700
5851 9208
1980 7293
4293 4438
52 9168
3841 8862
2763 7233
6067 6716
7240 7289
9006 9750
378 5231
86 8821
4071 5883
3800 5355
639 4326
918 2581
5101 6391
3317 6783
2702 8273
3485 9066
2220 5176
1721 5217
2216 6411
8619 9238
86 7109
1661 9633
3387 8189
4398 9901
1291 8351
6092 8092
1271 3971
2103 2978
3070 7887
853 1267
1120 5510
3013 4679
5389 7130
313 1670
593 3887
1680 6472
3060 9396
1955 9260
28 2703
3631 8198
4574 7456
820 3977
3721 5957
2242 4890
32 2139
1428 4872
3616 4956
1233 4180
2278 9824
4451 5477
5750 7228
4273 6204
6179 6210
52 216
244 9033
2016 4758
9345 9759
6064 6495
649 4240
1470 7387
1905 5747
277 1078
7685 9226
7843 8844
5274 9036
3554 5583
6188 9114
6331 9295
5014 5671
1656 9459
578 933
232 1743
6671 6723
6219 6634
851 1981
1184 4375
3508 6903
8749 9627
8140 8230
3685 5999
461 8805
2100 7357
1 3770
121 258
182 2769
733 9446
4529 8118
375 6649
5159 8667
3689 4828
2543 2860
3172 4583
604 2173
1152 6527
2584 4876
2848 6544
1256 2797
5406 6535
7774 8752
4765 6417
918 4945
9315 9323
7719 8146
2862 5023
1494 8902
838 7454
3050 7298
1170 8765
3155 5627
3368 3531
6663 6910
8396 9060
1281 6963
1226 4259
2106 4861
3490 6291
207 2794
2461 2482
753 1686
5573 7486
698 1405
236 7713
3395 4202
3295 5887
7741 8073
644 1783
7157 7896
4 4681
4432 4451
2627 8697
5715 7933
448 2735
4183 4871
473 7115
5527 9402
4252 5996
8084 8261
3909 7107
9145 9172
3474 4748
1942 6600
8314 8674
4809 9875
2517 5818
2977 7309
2037 8961
632 7780
885 8570
6054 6878
1002 1303
3060 8077
7493 8347
354 7407
842 1519
4520 6509
4839 7302
2318 8280
7046 9590
563 6869
1126 9367
1870 4731
760 8185
1532 7307
6000 7951
3230 4284
3992 5212
2379 5821
5601 7718
1170 9255
4708 7203
8151 9901
4415 8067
602 9816
2324 4730
5634 6160
5281 5655
359 4384
4631 6912
5667 7310
3908 8421
6406 9912
1972 5272
6463 8584
90 6968
6429 9167
3195 4252
1245 6847
2335 6027
7695 8060
3024 8139
1351 4396
6940 7020
6262 8946
3544 6645
4910 5038
1573 2408
5536 9484
4324 5626
4259 5452
5348 7563
1447 8734
3496 5368
4766 8402
904 1754
8161 9030
65 6435
2706 4424
1491 6574
8322 8989
5969 7233
2899 8829
257 5638
5542 6624
666 5861
852 8121
5106 9402
2048 3667
2006 6863
392 1545
264 7225
1643 4768
1835 8134
5624 7470
6282 7394
3884 4192
3010 8977
1998 8120
570 2603
7235 8145
619 1551
918 2331
3716 6146
3112 4954
3476 4714
5045 5140
5708 8056
3301 5728
6099 7025
1086 7462
1474 3905
2932 6926
5537 9448
6162 6498
7265 7375
2195 2215
3764 7019
3956 4853
4680 8208
30 3062
5528 5591
4040 8046
1339 9056
2312 5041
8620 8798
571 8832
367 4926
493 8033
4126 8257
3815 4807
5989 6010
2213 9359
6644 7309
5863 7905
2506 9575
1302 7142
5715 6506
6745 8260
758 9233
1591 8876
5838 8716
225 6402
8759 8862
215 9463
2813 3815
2735 6591
2711 7278
1860 3990
4759 9118
0 9021
1782 6090
846 4154
1896 5795
2653 3755
6895 8546
1147 9750
5631 8894
4495 6852
3471 7896
650 5536
910 9339
3413 8179
792 4195
6942 8388
5693 5827
8560 9877
3426 9971
6942 9732
2834 6503
3286 8478
5460 7191
1466 6536
487 4710
290 1742
2017 2081
4894 7769
3161 5227
2770 8907
491 8066
2866 3860
1380 5846
2736 4713
4311 6187
770 5099
664 1676
5280 8553
408 1600
795 7155
4349 4912
7525 7844
7830 8232
5281 6575
537 2924
7048 7768
6693 8993
2823 8094
2287 6723
7721 9615
4861 7755
3478 8002
3834 9834
78 1180
558 4004
685 9502
3727 6675
301 7463
5837 8477
7411 8421
4077 6059
4300 7528
8417 9575
2746 4343
707 6555
5798 6149
3126 5118
2242 5745
2600 4855
1018 1882
5094 6759
1016 7145
4637 6129
4277 8140
4632 9301
2447 7296
1429 3244
3797 4268
5775 6922
1761 9730
3215 9929
6922 9903
2976 5729
3729 5328
203 1431
2980 6107
951 5368
358 6068
1652 2255
5383 9934
7414 8973
6219 7462
450 9285
263 6041
782 8175
413 3119
757 4352
7771 9494
808 9174
3031 9547
6586 9158
717 4645
140 3182
226 1973
6625 7534
1225 7461
6432 8097
1729 6892
3722 9828
3686 7914
6594 8585
564 8134
4000 9558
3411 5137
2542 9155
158 8850
243 454
2004 6858
480 2153
2442 5299
588 4705
1702 9613
1646 9735
7444 9772
2521 9750
5359 7981
3085 3418
338 5896
1237 9023
259 6030
2298 3493
3682 7071
3515 9309
1088 4705
2128 9170
1545 7829
281 5024
605 3239
6371 9087
5614 7230
4423 5456
5488 7265
3935 8986
1959 8661
3957 7475
1376 4881
3410 8403
5307 9735
2311 3408
1542 6269
660 1365
6662 8655
6887 8483
1867 8094
4004 7911
7337 7605
3788 6256
7096 8752
792 9451
4353 5223
1789 9750
3439 5154
4504 8197
3994 6204
1039 9252
8552 8820
315 579
336 4626
6954 7119
9477 9667
776 8163
4046 9705
152 162
2608 8783
2233 2608
645 7601
2813 8028
5033 9613
4319 5746
4250 8073
1208 2259
1077 2216
754 9773
5901 9582
2033 4008
4163 5201
81 4067
7644 9616
4968 9923
1382 1957
4591 6450
208 8646
2553 8516
2907 5052
7147 9349
4369 9319
4041 9407
5732 8776
2922 3569
95 9320
5428 6695
671 9329
2779 8386
4096 4535
683 4002
1450 4271
5295 7339
64 8702
280 1509
1483 3353
7058 8762
4240 9262
4914 6274
3762 4150
2072 2724
4990 8366
763 3453
406 4076
5908 9744
4715 7580
4647 7618
1438 7378
5780 7514
7563 9052
8986 9804
3774 7848
6967 8385
1091 9332
1946 6420
4594 9110
662 8792
555 6282
671 6146
4187 6150
634 2629
995 3535
2155 7709
1480 9000
991 2494
8319 8834
1544 4582
967 8565
210 6885
2140 8470
2155 8394
716 3748
460 4329
1012 4193
230 3096
1889 2617
5093 8581
1410 9100
4535 5591
648 3926
4474 9120
6435 6596
922 8141
2691 3611
6206 7458
2511 4472
580 3109
79 8723
6116 9630
7323 8188
5786 9065
1838 4335
645 3036
7745 9904
5689 7566
6666 7472
1780 5876
4843 8206
2628 9361
7626 9379
1344 8136
6895 8332
3018 4303
3594 8371
1330 6777
1586 9730
3252 6132
4277 7634
4934 7972
3104 7220
2257 5502
2449 2767
1288 4468
6871 8707
902 5561
1517 6408
6028 6351
421 5327
6719 8163
2647 5537
6872 7906
1779 8409
3127 8809
943 2986
729 4995
3157 7771
1842 9409
3350 6734
1047 4875
76 9963
1957 3219
3784 8872
1321 6347
4048 7567
2405 9674
576 9813
6071 6527
3135 8112
6591 9738
3461 6089
308 6747
8784 9491
1830 5239
8915 9940
2745 9568
1757 2344
1344 4950
3225 8312
783 3579
1916 5623
2593 5501
3402 7396
9261 9565
2000 8433
2558 5845
5583 8929
233 5417
1062 4676
3659 9960
5407 9414
7916 8923
2078 6286
962 1649
8157 8643
2188 5333
557 8600
5846 8091
6358 8049
4454 6753
2937 5971
7339 8508
7385 7705
3468 6027
2338 3126
6348 7878
1228 1335
255 6031
3084 3906
1202 9477
8505 9658
1244 9080
7130 8407
3381 7740
4433 7704
2763 9532
6080 8444
3159 9388
1253 3089
2505 5983
539 7725
1156 9994
4694 9978
2283 7622
3018 3124
3864 4564
5642 6993
8607 8850
1220 8047
7770 9866
3964 8636
1111 3015
686 6508
4033 4234
4589 6452
1172 1689
1645 5643
6337 6666
434 7397
2418 2943
6821 9902
1767 6361
130 883
3903 8347
8061 8273
2591 4936
2807 2845
1502 9485
4762 5867
3153 5564
92 415
2816 9407
2669 8015
1850 7410
6445 8534
4999 8192
8122 9421
7507 9810
6784 8727
9252 9797
129 3759
229 1325
3709 8278
3630 7042
275 5221
194 2686
8041 8560
4624 7247
930 9697
909 2285
6342 9342
5975 7449
1358 2467
1531 7173
1839 7444
4044 9264
2707 8851
1513 2542
1226 9820
25 902
4367 8821
981 4275
1776 8732
2571 5553
3670 8781
4920 7293
5131 9980
4220 6862
1718 7270
3667 4734
6343 7943
1956 8930
2378 5377
124 4210
768 2488
9075 9510
7590 8429
775 8800
5830 6963
682 9448
8308 8404
1497 2446
1639 8576
2859 8143
2685 6523
728 8590
9023 9590
4038 7013
2310 5512
1450 2750
256 6354
2160 6060
2858 8664
2380 4467
3786 7778
1318 8806
152 4427
3442 6496
538 9482
2557 5385
1555 7242
7212 7526
9519 9701
330 3426
811 1996
6664 7288
2018 6599
3402 8847
4128 4624
2036 7152
1938 6835
2255 4546
5855 9960
661 3952
4969 5455
5594 7697
7394 7430
5738 9983
8195 8347
646 6479
2367 6678
2123 7068
2942 4677
53 2137
1042 4320
1589 4445
370 8737
5660 5784
5428 7731
6940 7756
4688 7423
6631 8321
4482 4826
4618 9852
3444 8437
7611 8281
596 2304
1371 6498
1907 5466
4038 4358
4216 5607
8045 8911
696 8953
2874 8063
1824 9283
885 9756
4396 5360
5593 5761
2509 2865
5687 6829
3572 3936
1805 6277
2494 8919
4198 4228
453 1438
6423 8351
1887 4982
5507 9965
777 3776
2551 5163
5756 7998
5029 6816
823 4532
5119 5297
2615 4009
2257 5241
4333 5804
4419 6358
801 9315
3158 8874
2520 3132
6162 8926
2778 7007
4233 7708
1368 5598
674 9157
3640 7564
669 825
5325 6112
1361 2714
2171 4084
4223 6788
5850 8843
725 7629
5925 6630
1873 3145
5401 6941
62 4302
4501 9900
202 7789
8124 8268
5207 9865
755 2813
4631 5935
3565 7013
233 8607
4128 8872
176 9376
950 9899
1640 1648
5246 9723
4366 9572
2535 9538
5338 7699
580 1677
5247 6337
4458 6957
5548 5575
8241 8376
4461 9887
5451 7960
7338 7837
2079 5774
674 6765
7258 8775
4647 8257
2159 5558
2950 7674
137 524
2880 3168
6191 9342
611 7569
213 4383
6258 6660
3274 6662
1431 5796
1975 3932
3988 6838
7055 9425
888 4042
3151 3677
1916 7326
7667 9819
1567 2389
580 9126
7439 9130
6082 8236
1919 7910
4140 9681
6295 6304
1862 2996
1046 4854
5482 8566
1674 4631
2236 7812
511 9682
5046 5785
4715 6362
230 1151
7004 7728
4973 7052
5417 5682
2558 3338
7490 8921
5946 8973
5233 8299
4231 8266
5736 5905
310 5840
3987 7107
3732 9243
5913 6280
4663 5461
2992 8514
3878 4138
220 2348
7289 9124
787 4048
8255 8633
719 6372
161 4320
5498 6349
913 2967
6538 8481
8146 9421
5376 8904
5691 5757
750 922
1208 6418
1463 2065
3451 7710
8783 9054
5091 6949
3249 8965
4349 6177
7043 7922
443 9959
6486 8466
1377 9335
4934 5380
4170 7042
3342 5819
3743 4465
6654 9151
2234 2816
863 3615
8166 8628
7604 9239
1158 8806
7913 9917
1115 8224
7069 9958
3767 7081
2671 3228
5149 5883
2507 4842
3276 3632
2472 4792
435 3310
2189 5687
1611 7622
227 1443
5078 6795
6696 7330
570 6305
543 6739
6062 8121
680 2020
234 8567
1714 7625
1592 8766
130 2337
2063 9235
4480 6989
951 2395
322 7160
128 2009
2965 4364
3347 5338
1196 5539
1702 9296
1395 4393
1457 2978
6158 8735
1968 4138
5927 9237
5583 7278
548 3559
205 7586
3864 6447
680 2543
2851 8438
2456 7510
1602 2881
4536 7518
2347 3917
4245 9719
123 602
7037 7224
4628 8554
25 4188
1832 9630
354 6501
1351 7915
1326 5603
3940 5125
5223 8659
485 3186
5691 8742
993 3561
5947 8036
6282 8351
3253 6797
435 2664
6225 7487
6863 7123
3008 5567
2299 2751
2893 8034
1447 7112
3123 8271
1917 3990
2778 7518
207 3809
38 4465
3175 3301
168 2835
4867 5105
3776 7994
4538 8092
4133 8708
3812 9683
4350 8398
5289 7596
1001 5601
5519 7371
1420 9217
4500 8192
628 4680
3174 9094
4495 5011
811 9405
5218 8409
162 2369
2888 9435
1193 4234
2711 6639
1590 6116
4583 9029
1442 3469
951 5353
2840 8153
2672 9478
1246 3464
1834 8969
3320 6703
5255 8857
5285 8424
2827 7163
69 950
2387 6656
2163 3200
196 3430
1424 1684
1118 4102
5524 9055
5406 6165
4737 7214
1347 6373
1963 9505
4618 4868
5060 5831
6341 9896
8 3090
2526 6703
8006 9952
3662 5969
6063 7694
575 7708
2496 3608
6803 7664
3445 4856
2364 4942
1931 9010
479 3862
102 7501
1656 9470
931 1438
859 7296
1529 1901
2505 8498
4224 7666
928 4435
4843 5373
6151 6966
1003 7826
1672 9755
3860 3937
2328 6537
3587 6094
1993 7539
2781 8094
3771 4861
1353 6033
4099 4158
5406 6811
6340 8687
2831 6410
4970 7460
491 9471
244 6399
1790 3940
8086 8924
1066 1245
35 5379
1909 8366
1673 3477
1452 5664
5599 9510
923 1949
2069 4681
1737 9422
67 7112
853 7389
378 9932
461 3774
4051 8863
5430 9734
5459 8924
6238 6891
4032 4849
7227 8444
8869 9798
476 8489
4572 9880
1925 8068
1415 2422
1328 2430
970 9479
1198 2897
608 9628
3364 6403
4179 9609
3007 4836
3968 7767
4986 6340
6467 7664
3668 9688
4614 7842
0 7277
5839 6897
2943 8426
4551 7512
6945 9883
150 2051
7872 9866
8950 9207
6934 7701
1225 2715
458 3077
832 1843
6249 8408
507 3935
5060 7653
8051 9687
1348 2345
3278 3382
7038 7270
4951 6356
7123 9072
7798 8141
5007 8262
7552 8570
2106 7898
6637 8422
2351 6085
3742 9691
7801 9817
2629 6825
1124 3848
3428 4896
2290 8916
873 5456
5779 9119
2319 6332
5410 6791
1494 2065
4335 6562
1198 9790
2992 4819
2418 3966
7435 9291
3335 9552
7080 9200
9452 9871
4162 9040
4683 7961
3588 5895
4990 5179
846 6517
6212 6808
5665 8435
2540 6697
3445 4401
7346 8803
2546 5060
600 5012
17 9966
2502 6830
296 5626
6164 7868
4529 4820
719 8770
4279 7606
7970 8658
3099 7784
1147 1867
7670 8835
3286 6814
7774 9276
773 3070
2387 6330
5581 9104
102 9616
4319 4920
868 3166
4084 4117
832 5440
1684 6283
6922 7690
1001 5721
4279 5424
5657 9533
3927 8304
4638 8601
2979 8487
6824 8134
552 4583
834 2171
5510 7837
1266 9835
7957 8177
78 9216
2091 4637
3314 8603
4732 5717
5639 7404
2890 8570
2440 7383
8189 8911
3252 4225
3920 8730
7406 9361
1849 5553
2459 3802
8149 9121
2413 7997
1500 9162
2925 8346
1674 9386
2393 4350
2389 9310
1887 7207
1236 7366
1380 5006
1763 6944
3298 3813
3404 4155
1577 9517
5745 7877
6863 9541
865 8122
6233 6722
4405 6496
3723 6785
1848 9603
8906 9785
4451 4562
2375 9677
8636 8754
2982 5989
5328 6808
4715 9819
2929 7369
6958 8019
960 6616
3738 5341
3532 7557
3581 5312
1335 5615
827 6416
9401 9970
139 1625
2764 7894
2427 8862
3242 9198
1024 3656
438 9371
2759 8326
972 4065
2789 8001
2294 3208
3539 6587
6317 8595
3998 6939
4632 6223
1073 2514
2756 8221
3654 6103
1912 1968
2501 7557
1229 8855
1911 6569
628 5181
8892 9795
2091 4254
535 7092
4157 9312
2981 7139
978 3122
3007 6865
6004 6369
2159 7274
9387 9636
819 1597
9121 9641
3677 8735
2208 8467
3233 4286
5652 7375
2507 7128
7387 9467
1680 5170
316 8062
472 7709
2542 5223
2754 6861
344 9889
911 4876
5555 7470
1272 3020
7913 8470
9758 9768
5698 5827
6100 6397
1367 7243
1335 9459
4539 8257
4905 9746
1007 9655
1463 2206
1924 4296
2313 6554
5065 8191
1229 1860
6711 7239
5831 8991
751 9632
102 2441
886 3975
1466 6045
5252 5402
1700 6777
2399 9273
4559 9246
3697 5693
6861 8539
6451 8133
5745 7396
3194 4074
6553 9608
1736 9150
797 8241
3932 5083
7461 7495
2545 5742
5599 6457
3659 8793
5265 6728
2436 3230
1214 2062
3271 6644
4261 7211
8961 9848
3867 4258
4718 9357
2492 8915
5258 6195
595 4347
1427 8069
77 2122
802 2534
5858 6204
1113 6731
4397 7887
4977 7139
6609 8384
147 8387
1997 4210
1028 3054
1001 9571
2170 9484
5409 6392
6365 9938
1716 5199
3989 4389
4864 9836
217 4121
5098 5897
5360 8629
3523 8390
2102 7146
6091 7712
3948 6749
4936 9817
3299 8693
784 4441
7466 7830
586 9286
549 1362
1899 9950
6497 9023
2164 6139
2983 3734
4973 9386
1936 3872
87 974
1050 2458
5020 9697
5504 7820
1162 3215
4815 9671
1272 1734
5456 5607
2596 7355
1683 6791
763 9684
3177 9095
3343 3371
7580 8706
4749 7718
6983 7650
3164 3351
1307 7795
8372 8738
2131 6173
3818 8792
3022 3203
6103 9686
2756 4571
8762 9098
5258 7710
2844 3006
2389 9729
2266 7845
56 2043
6857 7317
2877 9621
8856 9658
332 3407
8547 9061
3813 6149
6110 7889
385 3428
162 4867
3833 9783
1290 7082
1597 3316
5749 6753
8088 8814
58 2225
7319 7834
6500 9123
4453 8342
6466 8231
1989 2156
1345 8937
2584 6516
2989 9765
3470 9324
7360 9311
2308 3273
355 702
7283 8396
8000 8922
443 6889
6146 7088
155 9379
3315 4870
100 3353
966 9093
2169 2487
5323 5377
8429 8983
4126 9367
2236 5845
3270 9230
1086 3076
1403 5517
1670 2796
16 268
4330 5615
4041 9124
5626 7722
1327 1553
701 4565
4375 9694
5776 8817
6960 8128
953 5102
1278 8935
7451 8056
2238 3431
2789 4479
845 6580
2638 7941
3442 3967
5458 7101
5178 9791
462 9372
6727 8247
7445 9177
4100 5879
1836 1939
203 1963
2449 2634
3335 7157
850 9710
3564 9601
3858 6529
1330 5992
8033 9547
2933 9174
5572 8508
3399 8591
374 1492
5331 9877
1301 8812
2510 5678
2982 6642
3560 4031
1860 5617
824 9121
1833 3856
3931 7350
2487 2604
1788 4705
2451 4325
3459 5833
1096 4465
3377 3615
4552 9329
5302 7389
2708 6363
346 8125
6834 8613
345 1480
1108 1985
1003 4559
994 4404
2542 8438
4061 9648
5383 7774
3884 8665
2149 2717
3234 4586
3713 9335
4671 8630
1304 4156
3168 7413
4240 6999
5805 7518
5670 8017
3600 4959
3651 6023
1396 5604
2409 8643
4041 7311
6449 8244
7296 7676
3039 5260
4503 7869
623 7306
2630 3251
364 7989
4091 9410
5870 7401
5610 9257
4379 6801
1125 9006
5912 9199
435 4650
6503 9515
1680 4751
2371 9009
4027 4084
1658 4732
2057 8444
3476 6584
806 7071
387 4787
5651 6892
1523 8603
228 4213
3324 3782
3496 5730
3323 9634
5823 9365
3164 7780
2498 9364
94 3434
6038 7363
1923 5831
4727 8607
2973 8493
1646 7686
3418 6737
5443 6158
75 2046
2214 5867
2760 4814
821 7408
121 3052
2151 8291
4667 6828
5798 9016
6119 9545
6266 9147
6854 8742
435 5667
1529 2816
1723 4153
4361 6891
5006 5155
509 2003
2011 6767
5531 6203
6708 7607
2383 3463
918 5937
4239 4885
3574 6837
1061 8376
3212 6541
8060 8403
4954 7257
7805 8949
1006 7503
6123 7914
245 1679
8458 8894
4078 8772
1507 8785
783 3939
5897 8553
1661 8475
4618 9490
939 2751
6518 8801
2574 8580
8294 8564
1167 5731
1274 6143
6091 7488
2725 7562
6323 9555
2072 4052
582 8627
6889 7748
6107 7965
1893 9722
2763 5579
2140 6818
2901 9938
789 7006
2010 8923
650 7394
4520 8042
5153 6050
8265 9234
8224 8667
1708 3971
4108 4409
4361 5802
397 9006
1109 5705
2101 7041
6907 7145
1155 2029
1360 6878
4140 6233
4383 9711
5109 5835
959 5947
2768 4804
7599 9156
3961 8172
1125 4253
853 2757
6219 8620
8377 9878
4639 8537
2966 6776
6685 8778
1920 5558
209 4523
5605 7126
892 4917
2282 4429
4659 4947
2165 8964
6744 8338
8982 9203
7335 7386
2496 3841
2682 6229
891 2626
3494 8643
5804 8305
481 9999
2771 4539
1404 5511
5212 7404
3768 5787
5478 7864
2695 3871
4863 9476
3737 9794
5709 5967
1533 3637
3299 5952
755 9641
8 2247
1928 8597
502 9075
5810 6322
2440 8575
8597 9837
2984 9911
3936 9860
5395 6800
1990 2559
2885 9745
5637 7241
1821 3536
4816 9459
2811 3581
6280 6766
3558 7149
5385 7450
9039 9344
4265 6260
3176 3919
3675 9357
1 5096
5485 8684
6833 9299
85 7912
4530 9973
4256 6844
1353 7762
174 2677
627 8691
5092 7140
1422 8132
115 4924
3857 8682
6119 6673
5589 5595
274 5003
8006 9962
1682 9352
1837 3140
2019 8826
4448 5127
8032 8287
4529 5260
7391 7971
6261 7981
1475 6060
692 5028
4213 7304
278 1390
6702 9401
791 7722
328 9998
2335 3295
3325 7349
4833 8129
4124 6617
3543 9549
3035 5004
1249 8483
5206 7002
5655 7115
1692 6261
7306 9872
1991 9190
950 4037
3210 3238
5221 9411
1633 1960
834 7709
1823 9224
4171 4453
6310 9713
4888 5518
3950 9876
5124 7624
7131 7441
6242 6271
1298 3386
6085 8720
5941 9515
1027 1150
7316 8332
2164 9505
2909 6765
3012 9576
8120 9650
1957 7453
7190 9870
213 5516
2970 5370
3709 9222
2546 4017
2329 9807
3925 4784
1083 8084
2922 3745
2605 5650
1007 1572
2539 4620
4904 5998
2449 2841
1735 5108
988 5202
4855 7111
3676 9888
6561 7762
7581 8401
8615 9766
77 6188
3755 7367
1367 5614
7359 9662
1256 7935
1817 5646
2688 3080
372 6768
2324 7904
5402 7808
772 3120
2293 5314
3218 5106
4424 5145
614 4550
9205 9561
2981 7791
4255 5230
400 4772
5662 8639
3343 3559
741 4567
551 9979
1421 1889
5592 6305
2238 2893
6207 8313
5661 8035
4994 8513
5636 9639
1076 7803
485 3616
970 5138
172 4466
7425 7483
6355 8678
3512 7069
5070 5616
518 1951
3079 6904
3257 7641
2605 9265
99 4948
5604 6171
493 9361
1912 3059
762 2859
553 4712
2471 7510
596 6905
4036 6786
1900 2916
2749 9847
426 2798
17 3601
3 5920
784 5579
3138 9445
2815 6947
5038 9903
4053 4567
4159 7198
7366 7918
7368 7601
7152 9685
1252 3119
1588 4135
2122 7240
8205 8863
859 9629
3971 8122
2101 2987
2662 7120
285 6776
4052 7155
2725 3519
8243 8825
5742 7531
2655 8441
617 6390
1403 3409
4657 6736
2803 6331
539 6255
4622 8773
2229 6665
6401 9617
785 8504
1624 2915
5612 6678
4144 7511
3724 6461
5419 5804
219 5646
164 5796
4106 6802
5766 6489
3395 5012
1675 4997
2391 2545
1464 2468
6929 8223
8574 9510
4480 4642
5323 8952
181 7210
5434 6572
3832 6105
3945 9206
1491 2253
2538 6792
6279 9461
5718 9672
2870 7285
708 8348
7066 7886
499 4442
5757 8923
4254 9853
4518 6570
4685 8736
2432 6535
2299 7160
5912 9910
221 8922
3849 9346
735 1213
3918 8046
3087 7367
2333 9122
2326 6563
2817 9564
538 9869
843 6168
6350 8088
4577 7863
3260 3460
5968 8923
3057 7533
3227 9035
691 4542
4126 4420
803 9612
2846 8686
1880 2256
6206 7890
886 3614
4332 6123
148 1137
1473 8559
7244 8884
8387 9154
4760 9550
1604 8086
5144 7199
2217 8309
7495 8173
945 7927
95 2854
86 9434
6085 7327
1042 6094
960 5940
3128 3406
2111 6980
3121 4764
3009 9778
1128 5169
8648 9613
4746 5799
3280 9587
1697 1807
3042 3553
722 9308
734 6318
986 3929
2465 4427
5513 6753
7625 9224
3677 6221
2628 5837
1630 3359
3242 7670
1911 2094
8471 8718
568 4760
6632 8758
601 1682
1861 6481
5713 9829
2973 5287
5394 7124
4960 5374
3984 6556
3126 9847
4470 4652
6651 6654
3014 4678
5606 8431
6882 9408
8764 9820
713 5067
5555 8845
5693 6246
605 9682
865 4166
953 6758
3480 9355
3400 4299
3889 8729
5686 9734
5988 8175
1624 6572
3883 4481
574 6280
1695 5083
7349 9635
184 2605
8786 9794
773 1033
2282 2704
3092 5264
2255 2790
472 8018
4721 9176
2884 4242
2062 4086
1929 8933
1105 5543
4146 4572
1251 7160
7076 9562
8208 8627
526 9690
5206 6320
495 4551
1385 6755
7045 9964
247 2364
3871 9112
2440 2833
1927 3181
1627 5192
3379 6734
1131 9875
5218 5863
2490 6376
1033 5759
3264 7532
3420 7673
4717 8918
9214 9648
4030 8030
7896 8140
1097 6795
2058 3787
2047 3916
3203 4598
3319 7498
2022 4257
2718 9731
3229 8414
3876 3937
34 3024
691 9746
7864 8657
1743 7563
344 9626
4887 9419
2060 8079
3881 3916
2517 5703
1611 7958
1861 7925
8000 8460
1489 3417
1861 5162
9022 9837
3840 7667
3910 7950
494 7550
576 5048
8160 8663
1516 6737
747 1620
2519 3821
3468 9240
1138 8193
2978 8150
1002 7280
2604 5891
61 3201
752 5479
3808 5647
1136 4008
9606 9750
3807 9869
2497 3303
2763 7849
1631 2055
5406 7876
8072 8937
4475 7880
851 4021
4323 9582
2562 7720
550 9882
4068 6447
680 9315
374 5430
32 3392
3759 5216
2239 7348
3337 5298
2499 6614
4902 8882
3120 6576
3124 3652
958 9486
4408 4765
1798 5328
1405 6157
2654 6934
1226 2678
7405 9429
6585 7190
1138 1364
1558 6135
432 506
2469 5277
6459 9359
1864 3578
3674 4458
8396 9031
3430 6926
8557 9758
117 255
2046 9195
11 6632
4532 6291
4860 5400
2560 5645
2361 6142
6612 8413
4976 9762
7692 9247
3983 4699
4817 5253
4127 8352
108 6271
4738 6418
4837 7495
4171 9003
2329 3018
333 3009
3394 4519
1208 2956
4292 5792
2503 9619
1250 7693
66 8204
1334 5295
6285 9629
3832 7220
2092 7790
1137 4376
7245 8175
2311 2939
4611 8062
3693 5932
3376 9702
6526 9109
831 7277
6698 7976
5785 8175
3834 6088
8534 9129
5529 6152
3497 5256
1501 1843
3739 6090
3552 6970
154 5767
3843 9680
4688 7250
6907 8640
6783 9459
3761 9224
2989 8192
3220 4206
4386 8114
7988 9195
4007 8387
4678 6279
2490 5109
6049 6841
479 4209
60 5560
214 7445
3125 7286
419 9185
2025 5657
326 1062
5658 9511
314 6280
1234 6226
2494 3800
5768 8324
6399 9485
5133 7831
7643 7899
700 1179
6094 7135
181 8446
788 9233
2431 7017
317 7569
7386 9625
5244 6941
4385 8235
259 6864
7627 9559
640 5752
3186 8276
1191 5769
1402 4435
3989 8832
6401 7369
2771 9818
274 7434
4874 6163
1841 8643
3438 5723
6841 7666
1558 2799
6167 8465
4453 5346
5990 8240
797 7578
516 1379
4026 9345
2435 3680
6532 7387
892 2513
2626 6983
2554 4342
2386 8369
731 3903
4569 7210
396 9660
6712 8758
1220 7361
7115 9519
620 2995
4697 7180
3764 4423
5315 7009
3744 8290
4561 4713
3649 6400
2742 7000
5098 8454
1153 5001
684 8833
405 8550
2546 5958
3456 4052
1215 3368
937 8767
1168 2047
4140 5320
4331 8160
4273 9788
2581 3816
66 7707
6302 7438
7782 8656
180 5314
373 378
1388 6436
906 5363
6074 8125
2030 8870
1997 7562
355 9270
2883 8534
4504 9804
5376 9546
2091 6594
2617 8990
2090 5718
2105 3367
907 3811
9165 9187
433 6574
7187 8666
669 2855
1598 3567
2321 6321
1328 1695
7782 9385
7579 8834
3711 7620
1987 8646
1582 8728
5435 7777
3026 9336
4170 9592
1530 3770
501 8103
3407 4926
1809 6608
1191 3796
6821 7090
6861 8058
7384 8086
2459 5426
2286 6713
2435 5415
235 6625
478 4499
7806 7960
1885 2736
9268 9722
1375 5668
6174 7352
4100 6152
5952 9894
8843 9688
501 7781
2969 5076
143 6101
3139 3431
5225 8220
538 9848
5151 9069
1679 7152
5123 6857
50 1325
3309 8858
3127 3935
374 3469
9644 9912
1072 4941
6334 7639
4746 9785
793 5015
5856 8324
5637 8358
964 3015
2835 6870
2406 7821
2648 3438
7611 8656
6532 7363
1499 3695
1440 7689
1173 3868
3187 6296
1608 9299
3198 9383
6422 7274
5612 9972
2311 9876
1599 8688
3869 4761
3693 7102
1201 3032
4770 7834
6856 7069
5271 9040
161 8408
719 1694
7019 8673
1299 7922
974 6257
7006 9880
3280 8465
1147 5888
2282 6221
2274 8854
2876 7809
2575 7678
2897 4655
6587 9207
5039 7705
3292 8323
2123 8067
905 2783
594 9323
874 1868
2013 3813
8072 8397
1175 8807
8077 8259
1869 4314
5128 8421
1063 6265
1788 8537
7761 8339
7353 8751
4616 8586
3580 4622
135 9935
3301 5266
6805 8021
3884 7723
3656 8415
4624 8557
743 9055
5567 8202
5008 7744
4866 9762
1533 5921
5997 7938
2336 3336
2804 9376
1083 9404
1030 4748
6178 6360
8670 9371
2933 9035
7319 8465
3900 4415
2877 9397
5851 6071
7165 7533
3636 9537
7886 9668
4183 5660
6675 7056
7112 8031
1781 2008
3901 5866
5164 5567
5573 7793
1197 5172
475 3164
6459 7179
1472 8226
6410 8225
3533 5402
5297 7549
5001 5948
3467 8632
2429 8240
2424 4764
1558 7824
3408 4210
8057 9154
7768 9353
5068 8502
508 3736
4312 5042
1463 4127
5454 6654
1185 9749
2054 6295
32 7748
257 5073
1156 3656
6456 8770
5904 7933
1353 7140
906 4623
5229 5575
524 9307
1814 2985
5447 6801
1977 9243
4604 7131
1377 6067
2710 4346
2310 6611
8594 9326
7347 8122
5216 8109
5349 5375
4497 7844
3572 7415
6551 7995
3884 8286
1092 8365
5710 6964
2230 4581
3734 3789
1652 2856
491 4486
1609 4215
7364 9914
1368 8970
1199 6065
379 9959
2605 4508
602 4329
5746 8343
2622 8435
6179 6955
6339 7061
4229 9175
6716 7661
1213 6807
1814 7303
2524 2935
295 4491
4777 6443
3665 8306
6676 6698
5422 7320
1693 9102
4806 7545
2398 6867
1385 5805
3967 9828
1383 7105
2041 2722
2222 9538
319 2873
4346 9340
377 4085
997 8750
2354 3912
2522 7303
332 5987
4171 6026
8907 9470
7714 8764
7992 9791
2051 7588
5890 8150
7654 9514
848 4905
2862 6590
3999 8775
720 2484
1460 7656
3790 4523
3673 3775
1694 8260
416 3171
6660 9266
1381 2631
2047 3802
2286 7477
957 1623
5443 8205
6598 8103
2067 8103
1813 4131
3523 5488
654 3735
2305 2872
3939 9316
1282 3868
155 7598
6741 8065
2823 8082
388 4753
7118 8326
4603 8388
1700 4145
4913 6593
2651 5100
8036 9528
1332 2806
2660 8986
241 8014
2956 7691
3146 8478
5751 8237
442 1947
7574 8003
7285 7926
2160 4389
3247 8466
8601 9037
1956 8545
2890 3021
2206 9031
1930 7117
8576 9926
1230 8723
6690 8059
1621 9260
981 2690
2732 6225
9677 9745
4037 6675
5373 7252
4580 8486
4596 5449
796 3763
4611 5956
1249 6667
6931 8180
4149 8649
3639 7471
4063 8208
6176 7117
228 4272
1713 7980
7036 8306
1415 3146
40 604
6517 6625
4879 7994
632 1023
9264 9671
6049 8174
1219 4967
4239 9349
1933 2302
4717 8566
2844 8235
682 8110
347 6886
2004 3785
2210 3511
1808 8933
4683 9821
7809 8412
4589 9121
6604 9775
3300 8983
9345 9680
3236 9598
2994 4578
3085 6068
6059 7234
6868 7027
2020 5669
2535 4215
2107 2665
339 6349
4465 4799
5709 7563
5523 5598
4611 6070
3982 8221
2118 4620
2321 2715
3914 9002
1770 4361
3093 5210
3425 5639
3037 5821
7508 7801
317 4619
672 717
3169 9035
127 7178
645 9297
1920 7884
3229 5562
8062 8306
5335 7441
1993 5522
3230 6770
5595 7872
7448 8190
2589 9462
6949 7783
7550 8280
3738 5601
2151 9036
7164 7247
1765 9138
4575 6263
2203 7551
4948 9197
1254 8664
2441 4188
4691 9534
41 5169
6946 7484
3083 3352
4549 5743
1417 2962
4159 6027
4712 8203
1678 4252
3353 8768
1533 5575
2975 3002
7566 7880
7485 8117
3073 7770
9118 9757
1166 8398
4480 8498
5364 9455
2574 2705
6209 9219
7764 9172
4129 5886
577 7924
5117 9741
616 3698
480 8935
5602 9319
6439 6649
3699 4416
141 4812
2147 3742
1616 4619
3984 5966
652 4099
2809 8839
2069 5155
155 2233
3129 6910
7071 9905
6020 9740
3574 7708
18 7904
6109 9886
4740 7653
7539 9880
1436 7420
4447 8210
5199 8102
4594 8445
1603 7660
8845 8848
2515 7433
2074 9246
3002 5573
6590 8698
2164 9435
1653 4060
5569 6918
6686 7985
447 7089
1103 3129
518 3886
535 4511
2786 5962
541 9323
1187 3582
4882 7974
5465 5703
1104 2333
414 2258
7428 8583
2880 3321
6586 7906
247 8935
4544 8343
740 1227
252 2158
1767 1816
1977 2022
4358 5425
1650 3101
986 6343
4789 5031
392 7927
2488 8045
1969 6038
5042 8321
5266 9200
3747 8147
6633 6683
796 1815
1367 5552
3671 6235
8676 8978
71 8495
1281 7386
1853 8772
129 9128
1530 4707
2378 3096
452 2407
4769 6969
7124 9527
1339 9565
2596 2604
3586 6661
2349 9217
5706 9692
3535 9480
7312 8204
257 2157
7251 8949
268 2559
5446 6142
428 5500
4231 7892
407 2550
763 9493
3300 4676
2855 8231
2468 3936
2282 7315
2323 2674
4061 9606
3080 6110
3365 5796
1293 2600
6143 9785
1165 8667
4705 9991
4087 7020
5076 7231
3702 9144
2264 9209
2143 7647
5431 7851
357 3002
191 4840
1125 7480
980 1342
6194 6609
1866 6278
1220 4209
5537 9558
704 772
7014 7809
2542 3290
399 8658
24 2563
4004 6432
2519 5704
1519 3204
403 8823
8116 8685
738 6513
1786 9388
3520 8862
7102 8753
1878 8995
3098 4852
4636 9178
2559 8065
489 8275
362 8136
1453 9680
336 3820
3724 8338
2638 7672
5202 8443
1567 4267
2698 7231
3658 5275
1012 9513
6212 7546
2328 5877
4131 5435
3120 4587
3635 6171
150 3289
6361 9288
346 783
1317 5889
6123 6523
1398 4519
736 6045
6981 9481
4973 9428
5227 7024
2683 3970
2330 8897
3132 9885
3264 6011
7917 9876
411 1317
215 1689
1553 5101
3209 8803
90 8334
4022 7358
6813 7065
4305 8186
2001 4208
1613 8181
4732 7913
4417 8438
76 1725
5766 5963
5883 8671
3586 7896
3854 8169
3950 6076
4725 4762
4745 5991
2497 9608
3868 8926
3835 6815
5647 6412
706 9549
2857 7996
7417 9810
7862 8030
7789 9961
1141 6261
804 2081
7344 8680
3783 4177
420 2242
5624 5797
7964 8336
1444 9917
2006 7231
316 2034
283 8313
515 3171
87 3880
761 8743
3988 8508
6599 9231
73 592
8015 9541
178 1283
636 8729
3739 8450
566 9262
295 9263
4069 7779
3491 9976
3639 8512
2066 2404
1131 2629
195 4692
629 4397
4343 7434
1917 8253
3709 9381
2276 3450
496 1210
1799 7515
3389 8021
4829 6345
6079 8664
1553 8632
3014 6477
1097 4917
3513 9505
3788 7974
7300 7975
6123 8660
2253 3628
1379 4726
5104 6130
698 9810
6174 7610
1928 4571
3731 8421
2812 7863
1660 2828
3462 5437
3927 6908
1615 4685
2255 6049
525 1275
951 4181
2139 4648
3846 6004
2977 4680
1619 8002
4493 7228
2072 5884
1739 6365
3326 8633
3977 9527
4949 5436
8411 9647
6060 7986
274 7341
3378 3423
1624 2565
3174 7675
3287 3693
4752 7741
245 2922
2969 9796
691 8226
6357 9404
63 6561
920 8009
1662 4692
4778 9451
3083 3728
7831 8589
1857 2590
7714 8954
200 9795
396 5886
1118 6106
9403 9662
2066 2539
3737 9724
2562 5592
674 5453
2279 8339
515 5073
4071 9145
4326 5245
5852 7125
1419 3034
1620 3140
1352 8769
6569 9039
3799 6325
4880 6096
6144 8610
1439 7897
3158 5503
866 2686
6762 7549
3979 5765
1216 3126
4746 5505
4193 5643
4284 4937
1192 6860
446 7515
1842 3643
2184 6205
3294 8244
621 5624
3241 3518
7542 8280
1476 4845
1864 5084
7841 9040
2475 7220
2727 5467
1022 6354
2360 7729
4226 6889
1533 8273
1847 9124
1516 3520
6018 8487
3192 3914
419 5964
2329 7531
4619 7636
7323 9485
8218 9095
180 4259
771 1509
296 9331
4765 9904
542 5490
3333 5597
5414 7955
5358 8329
464 4127
2318 2823
4613 8362
5805 6567
1832 4440
1696 8277
5249 9293
3397 4630
6754 7346
1930 4845
2321 7795
2051 8345
2323 8954
1015 1705
767 7832
7776 9408
2328 6416
3242 8546
4056 5642
1034 3666
9176 9693
4926 8727
4527 6888
6862 9816
1142 3384
3083 3706
1696 4618
5258 9445
1909 3196
2491 4310
8211 9946
3049 9161
4679 5747
4792 9825
2880 4832
6713 9594
2739 3651
1763 2804
2056 3024
1365 1657
3070 7682
3802 5846
1532 9562
2896 9580
2501 8324
3710 3874
4397 4844
3396 3603
5411 9429
193 4201
5796 8393
2724 5715
484 1428
1416 7903
2483 7612
1179 1654
2036 4941
1818 9363
4995 5108
2488 5856
4393 8158
2751 7649
4619 7624
697 5118
1075 7763
1316 1990
1996 9585
1273 2397
1151 7027
1418 8988
1485 6172
8187 9488
2771 7400
1468 4112
1046 6288
1474 6239
701 6345
564 3337
545 1762
219 4780
3321 5768
3867 5578
538 3162
459 6654
6765 8929
4777 7960
6063 7360
848 2506
1287 5917
246 7336
3746 7626
921 5643
423 4864
7788 9277
2873 3020
46 640
783 6874
5609 8058
77 5208
535 1536
326 1305
608 1859
3152 8192
2505 2672
3062 8870
7650 9966
2818 4497
1651 4515
239 1797
6026 6203
2684 2776
1898 9023
4627 9974
3798 7765
1235 2351
4184 6849
5597 5714
4494 5434
4283 8068
2129 4901
7604 7810
5372 8474
6543 7382
1096 8039
2324 8715
1774 7743
4160 8419
3901 6332
6221 9562
2867 8198
1179 8162
3155 4146
3046 4043
1395 4729
6010 7734
4075 8570
6686 8727
2726 8566
2473 4966
1282 7286
313 1110
1007 5559
2580 2739
6457 8412
239 4479
5928 7896
6289 7478
4328 7413
4133 7482
5223 5590
4901 8916
3011 8980
4944 7148
439 616
986 2481
2644 6744
4290 8456
8976 9803
1316 8263
5484 6743
1729 4432
857 1717
1087 6624
3088 3092
274 1723
4596 6020
6376 8456
5992 8152
5946 9935
3320 4828
18 6368
1901 7831
4752 5627
4353 9171
2954 4569
4290 5784
2311 6275
842 5734
1655 9049
2136 8955
4600 5988
4033 8704
4148 6187
44 3277
5366 6545
4922 9692
1114 1159
1125 4737
8496 8928
2216 3630
2155 6915
4284 9693
129 4943
1994 3215
4276 5720
1103 4293
1560 7890
4908 8132
2316 3906
1072 8323
762 5886
4636 6742
4521 4691
3593 9571
72 4758
3186 8869
5210 5519
5375 6005
1247 2141
1857 7951
1343 1566
3647 5248
1419 9244
634 804
348 8239
3289 3483
190 6978
997 5905
2434 7214
6256 9842
5366 8092
1587 8975
1672 8273
710 3766
6931 8192
1254 5107
4966 8958
1782 8411
7219 8984
3635 6462
6291 9972
161 3017
8573 8981
3221 9346
400 3669
2323 9629
5842 8566
3836 9719
3994 7401
4225 6921
1124 5721
4956 5878
5192 5796
1982 4294
6376 9059
2711 5628
1212 7055
206 9039
646 3401
3444 4401
1169 1562
4120 5914
8610 9698
7396 9678
5555 7247
3171 8243
6015 7112
7054 9316
2639 5662
1622 7725
663 1667
7204 9895
1462 8140
5542 7470
3242 4892
931 1284
8635 9886
254 9063
8029 9865
177 4941
915 7227
1627 5335
900 7325
3314 7988
4328 6333
1302 4473
7764 9432
4670 8375
4257 4328
4309 9089
5362 9621
6966 8265
1706 9963
2533 8142
965 3071
1912 3991
376 9676
5930 9062
910 1697
4251 7247
3429 5162
6945 9886
1133 9951
3816 3988
2006 9369
1400 3015
7424 8777
2975 3510
195 9843
1918 4969
679 8710
1611 2273
5878 9765
1264 7746
292 6759
9271 9411
6062 8195
5117 6127
7627 9987
1292 6414
4019 5460
1785 4252
1203 3257
65 1735
1746 8511
2190 9221
1083 7974
3680 8430
4151 8326
3505 4804
4512 6760
79 3356
1393 4564
3231 6268
3325 8240
4976 5658
2240 9050
2004 3135
3526 6262
3568 4171
3645 7382
8993 9319
2264 6758
481 6441
2486 3312
1604 5211
2321 3062
1405 7616
1213 4776
2495 5481
446 4538
1453 4739
5510 7279
1447 6608
9133 9256
3955 6505
2004 3775
5731 8272
1356 7235
931 7848
3032 8669
6372 9649
1370 8956
1478 2616
1802 3143
2444 4652
4561 9999
2341 5879
2627 7667
1719 8450
6947 9201
1498 5446
2628 7816
4245 6612
4125 5310
4009 7879
2979 4404
1947 9600
2661 7277
2732 3280
835 8731
2242 5278
8404 8852
2746 3311
4318 8538
44 3262
1553 8573
3092 5026
1540 6481
2047 7749
1145 2557
4874 5660
4753 5586
4240 4393
2353 8989
350 7887
117 6325
777 7890
5739 7173
64 5814
7680 8497
1520 2448
3282 9019
4759 7590
1872 6455
5011 8820
2506 2776
217 4549
39 996
6421 7156
1502 7799
3931 5498
2069 7672
6917 8858
7 842
5863 6937
2285 6345
6676 7996
5757 8219
1735 4407
1129 9739
4935 8815
680 2929
2176 5302
612 5046
7369 8793
5804 6923
4567 6447
2773 2971
4730 6862
590 7668
1736 7021
4598 9266
1935 8890
1169 1305
51 9728
3588 9982
5084 5308
3649 6765
6940 8203
3664 9547
576 5783
997 4814
79 2443
1661 5819
2718 5443
1705 7553
1293 9059
4563 6518
3595 6737
3117 9803
3741 9229
1920 3436
7073 9013
2658 4695
4892 5229
198 4480
4685 5248
1553 7870
5911 8814
7763 7958
942 3095
6152 7376
6987 8448
2943 7638
8085 8997
1286 5475
4220 9976
380 5615
3787 9214
2334 3145
6920 8616
1573 4720
4701 7074
4229 5735
7536 8934
94 8267
3744 4923
4494 9664
6315 9973
2142 3505
2242 6657
2414 7126
3582 5354
7379 8657
5350 8112
482 3188
3094 6073
246 9604
6018 6596
1604 6099
3557 5505
5693 7732
2650 8655
5192 5599
2279 3783
938 3137
1096 7733
6263 9917
3666 6368
842 7238
1219 1378
1529 6544
2687 7410
2046 8133
1081 7371
7850 8583
304 2257
457 7520
1126 9735
342 9191
772 2271
3974 9382
4288 6515
2836 9216
3118 4432
1061 8521
3517 7842
1520 8392
5384 5988
7911 8923
2781 9013
3414 6573
885 2884
6157 9097
3499 5283
5402 6799
7836 9332
1175 9839
4925 6905
3774 7109
137 2285
4190 9935
397 8594
5510 6300
2637 6703
3464 4838
100 3392
4332 5286
2573 3527
2863 9861
1045 3344
932 2039
2329 4017
5708 9795
6446 6815
2696 4100
413 3261
4330 4630
4049 7201
9359 9731
4233 8775
1458 6505
4081 7708
833 5695
9720 9999
4520 6717
434 1596
4115 5708
1633 5093
2527 7916
2927 5101
8999 9902
9462 9692
5803 9525
872 6453
642 7183
2275 2947
2903 8516
2672 4466
5361 6076
1114 2391
4967 9053
2278 5529
4830 6966
2142 6240
5220 6474
6458 9554
1644 6531
330 872
1320 9542
1998 6290
4860 7694
1665 2088
2530 5237
3380 8848
4313 8667
4652 6128
1923 4812
1080 5257
214 2005
6222 8372
7882 8826
3001 5226
1601 6045
949 3428
3560 5883
3031 7447
6180 7168
455 463
5322 8865
3166 5956
3036 4690
220 3987
5087 8654
6160 8951
1295 8936
2219 5187
3980 7622
3212 7093
1156 9401
2086 7393
1128 8270
29 32
602 4122
2257 3942
435 7812
4268 5026
3121 5988
2332 7637
6728 6806
1685 8507
2599 2672
4614 4719
4622 6713
1788 9216
7454 8168
5899 8177
5147 7558
4926 9666
5133 9999
8080 8625
2020 3404
4466 5277
1718 5487
199 7153
8211 8843
1886 1962
6642 7073
1737 9800
1904 7097
2671 3791
2747 9533
2237 4199
4982 7034
5407 5423
6160 8571
467 9684
3184 9677
6324 9879
8111 8464
4385 5724
8035 8898
1585 8532
8577 9160
3880 9843
360 9946
1468 8459
2306 4713
484 5514
2235 9060
518 7641
2698 9289
1809 7905
1805 9535
2608 9555
3929 9501
5070 5854
1019 1909
7054 8541
6061 9374
4085 7580
6977 7834
2053 9202
6291 7594
9131 9701
1411 4687
7631 8994
6098 6915
5441 6284
6325 7356
2909 9578
29 5601
868 5519
4971 9032
4766 9559
1848 8794
2908 5529
1975 7800
4811 5566
2350 8244
131 4949
6542 7461
1960 4847
2623 5566
2430 9015
418 9860
7203 8075
4658 6421
240 6010
1597 8363
7753 9303
4597 7925
7085 9274
1108 5632
4988 5980
2918 7964
5265 9617
5282 7026
1446 8330
1494 3056
4297 9812
2683 3745
4826 8766
2171 3589
679 8286
4469 7471
5137 7302
3042 3288
1256 7608
5571 7402
2806 3295
5595 9371
4411 9776
1146 2555
3443 7005
544 3475
650 2720
2168 2258
3784 4554
3239 4195
5923 7903
220 1724
86 8048
3666 3890
4250 9026
2727 8603
2693 4205
4742 8568
4742 7731
2118 6303
3867 6739
311 6346
7036 8384
805 6382
5330 7391
3011 5452
2116 2979
2443 7314
3087 8630
2098 5427
2246 6318
1005 7573
5276 9426
1676 6778
1913 6780
8007 9128
6153 6409
2672 4410
6506 8904
2685 6852
2896 3980
4910 5570
7892 8618
1402 3192
4361 4485
3167 4171
2756 7611
2227 3556
1254 4140
1936 9348
1849 2559
2680 4042
3514 6004
3178 5547
3256 9954
3180 7323
947 9510
7530 9031
7705 8799
2909 4836
1074 3648
371 8797
4841 6148
2863 3046
1363 9330
1222 7322
446 2955
1505 3142
7715 9714
1565 3033
617 9343
3673 9533
3600 8305
2076 5157
524 1514
2017 3473
6552 7204
7135 9288
4477 9810
92 3767
613 7262
3381 3708
1131 5352
3122 8101
1433 2906
3318 9024
1983 9923
259 5385
5865 9505
6758 7032
3539 5150
3370 4156
3777 3908
8566 9967
6898 7332
558 6398
978 4942
1056 4816
1069 3984
763 9319
4481 5929
833 6717
7623 7660
7314 8641
2471 9308
3410 9247
4596 7057
38 7794
7163 8443
1324 3477
979 1530
1518 5361
6639 8572
1012 9582
4189 6143
975 3890
3391 8960
5202 9113
4127 9693
1810 3812
1763 2760
236 580
6937 9784
6700 9494
5642 9323
4028 9548
2228 9903
117 2186
1853 6285
1192 4379
5544 9281
3594 4035
1864 9302
5755 6606
4541 4557
1384 4610
2939 9886
3058 7069
1436 1627
4857 9255
1549 4462
598 4524
4704 8240
495 2231
6458 7259
448 9230
6574 8606
6060 7806
3851 9767
1750 4633
2116 6052
3888 6496
89 3341
2229 9652
5285 7042
4171 8364
1779 8734
4154 5037
449 5148
1204 5783
9173 9481
2649 8572
1197 9058
2218 2483
5571 6136
6160 9945
2884 7810
7008 7843
507 1747
3342 6329
5174 9559
1436 7776
2430 8573
4497 5785
1843 3776
1661 8076
2630 5995
3391 8361
2119 4955
296 3058
510 8006
1010 4082
2574 9246
2534 4772
3903 4715
863 2379
2143 4482
3906 8839
4721 8567
1334 5402
191 4150
210 8300
6488 8963
614 5942
3890 5052
2346 4844
485 2810
1480 8296
6619 8615
1253 6381
5892 6966
25 3758
3022 7753
4459 5968
249 2566
4668 6497
1922 9385
2800 4724
2395 6605
6770 8046
822 1802
2709 9322
865 2780
3057 7302
1420 8501
1268 3596
2560 6120
2778 4056
1446 2855
2961 8851
2740 7008
1904 5045
4499 5646
311 774
452 1835
5010 8880
2783 8770
2109 9381
1687 2603
2468 7573
224 5258
2522 9775
344 5730
4740 9991
1960 8486
6599 8194
669 3083
7451 8412
2736 6577
3562 6243
823 6596
1452 7935
3899 5643
9635 9875
1624 6041
3131 8020
907 992
3319 5465
1292 9459
5091 9185
1205 4916
200 1530
386 4102
2892 5590
745 8228
1078 2838
1670 7086
1140 2808
1364 8188
1645 4905
3200 3537
1041 3837
3375 3789
960 7418
1827 2728
3094 4723
3915 8275
5995 7455
6948 7693
3673 7291
2692 5350
3003 3050
8008 8514
7134 8062
5250 5752
452 9448
3795 6480
116 3866
8150 9713
960 5796
2570 2725
3534 8552
2867 4046
4014 7853
3629 8665
576 6558
39 577
3929 9794
6526 9293
363 6627
4569 5195
7311 8580
7837 9106
5125 8447
6370 9042
7777 9950
1718 5751
3714 9938
2909 4262
4701 9829
1847 2213
7991 8378
2500 8519
339 9996
4948 6306
1646 2667
347 5536
5966 8438
3065 8273
9656 9986
1976 3982
2312 7529
550 7720
1314 3629
3811 3954
3607 5391
7217 8395
8419 9833
4259 6175
90 6328
86 1959
5818 6708
1030 2275
2531 6490
795 7981
1125 2090
6116 9496
2605 3005
658 8182
3135 6749
689 2842
4674 9647
681 9940
359 8802
7609 9302
5329 5370
6652 8125
3507 8909
16 6690
2126 8969
2771 9971
6134 7264
2387 3376
4688 9495
4843 8282
1622 9291
6299 9598
7900 9636
747 8125
934 5912
1209 2029
5937 6064
3203 9106
2466 3224
1971 5100
303 4883
1468 5725
732 5580
425 9057
6105 7111
3890 9295
3144 4663
1814 2385
5569 5999
4194 6102
4990 9177
5215 6350
2292 4886
8229 8235
2122 7268
8560 8771
3483 8031
1806 4886
521 867
5796 8598
5500 9740
1449 7559
4832 7428
6516 6572
4279 6155
1498 1777
3305 9405
1740 9423
349 7036
6385 9624
4111 5102
3854 8217
6726 9010
4761 8000
1274 3041
2030 3874
6514 8228
815 5521
423 4757
7941 8758
2546 8156
2884 7509
7696 8062
4685 7832
8589 8857
3436 8441
6058 9451
9451 9904
5567 7098
6882 9316
1035 9210
2585 9285
2642 9836
1737 6203
2186 8196
2846 6089
4970 6333
938 2647
1336 9928
1598 5572
8823 9010
5121 5739
2875 4867
1370 8383
3509 4088
5683 9233
346 591
2964 3487
4775 7360
39 6069
3236 9694
1890 5108
9105 9922
1411 5148
7532 9794
5118 9608
5175 6606
1819 5036
9859 9994
5515 7637
4741 8919
443 5749
2070 9497
6973 9197
3756 6691
316 4135
243 8446
3846 5308
4730 8799
1625 9702
6256 8190
5225 9228
5964 8094
3580 6042
3194 9753
2987 4261
3250 8830
3209 6566
3752 6072
3478 9765
232 2422
7353 7408
4765 5408
1556 5655
5138 7546
4420 7517
4821 5991
5412 7323
5592 9492
5934 7009
246 8422
2652 6747
5607 6972
743 6969
4586 5713
1114 4917
4703 5576
6603 7678
2224 3032
523 6895
4179 6126
5407 9076
2350 6003
3334 9612
866 5573
6539 8467
8425 8586
1138 5737
5655 7133
1461 1574
1416 6764
4733 7529
549 3653
2744 7531
6894 7399
2653 4062
9076 9090
50 8253
1445 6473
114 657
165 1768
9247 9518
4241 8059
2875 7016
1206 2769
2615 6109
2108 4625
9219 9522
2993 3888
3710 6173
1111 8512
8341 8870
571 1630
7944 7963
1352 6536
1299 5363
3950 7570
4290 5939
261 666
989 2377
6199 9773
250 3964
908 5777
8589 9822
2493 9348
4129 9538
6767 8627
7234 9835
6106 7006
160 4415
6291 6736
2067 5030
7989 9699
3233 3553
1170 7556
2121 9495
2396 7497
1477 9847
922 4945
6064 7194
541 8828
1697 2556
6292 9378
1543 5848
4665 9188
502 8126
5158 7456
1462 7695
1440 2222
5291 7742
3819 4078
4761 7061
5063 8008
686 7506
51 9148
6541 8153
1861 3270
4593 7914
3280 4682
508 5119
3574 9367
3668 8837
3302 7485
6588 9703
4687 7131
450 8187
5704 7477
5097 8953
6141 9236
2924 7901
4365 5554
3811 6006
5990 7629
1229 7022
3875 6831
1227 7929
3427 6723
1741 7985
7131 7525
984 9273
395 694
1964 5613
1011 5907
2640 9757
2543 4043
6684 6809
2951 4841
9753 9861
3126 9955
6205 6665
2186 6076
3717 7312
3142 3754
5529 9762
2741 6793
2897 8794
6107 9996
6950 8995
704 8693
6033 6136
1115 5698
3730 3980
1962 9779
3896 8906
2672 9359
7158 9435
533 1942
230 4391
3150 9364
1819 3242
437 8686
291 5319
289 9768
1516 5447
8827 9499
4088 6815
733 8984
3280 7420
2046 3317
7477 8142
3420 4410
3489 6671
3266 6405
5175 6216
847 920
6215 6520
1180 4703
6159 8118
2864 9283
3904 8387
1979 5448
6733 9879
5994 9100
551 3342
4275 8547
1455 3160
676 4253
1110 5479
4330 7362
694 4938
5965 7499
2345 9003
1160 6841
7725 8486
3503 5239
5583 7108
716 4887
24 9698
5270 8034
5869 8609
1076 6770
4098 9809
269 5239
2388 9382
4648 8784
2087 3421
3477 5667
2873 8233
6767 8113
4007 9073
2346 6979
1015 5569
1922 6581
4246 8984
849 3361
1086 3571
132 297
6068 8999
1316 4803
3234 3437
584 1222
3625 9575
2470 5609
452 8681
2651 5511
17 3007
3880 8434
3634 7642
2403 3784
2590 7628
2505 8346
7659 9255
7433 8069
5635 6150
8228 9379
8554 8620
1934 4147
2977 8019
6783 9631
1911 9627
4614 4711
862 2311
2699 7847
1966 4604
675 2665
6979 8823
2621 7414
1492 9807
1698 6240
3076 9925
3755 9374
2408 6613
1581 9756
1560 5943
3379 4789
5349 9286
7856 9779
4396 7066
4108 6316
3631 8984
7479 8350
5284 6746
1760 2183
7307 8748
8042 9007
828 2372
1109 6429
1350 8452
8746 9436
3467 9970
879 6300
5191 9753
4008 5486
3897 5609
2366 5432
5069 5770
1925 5116
4044 7124
4362 6150
949 3065
4071 9088
2285 4363
1470 2295
2239 8901
3437 5954
8720 9228
9714 9779
9033 9160
261 2998
503 2264
4124 7107
1012 2691
7494 8179
6825 7701
3708 6166
3607 7879
1894 5555
5267 6586
1328 3817
3098 7513
1853 5033
6536 8166
3295 4825
5771 6978
4450 9485
644 2183
597 5403
3836 4966
50 163
8739 9392
602 8616
1731 5504
3129 7148
516 3044
476 3112
2132 7533
5475 5924
9482 9502
7291 8238
4148 7100
2516 7422
1611 9581
8713 8718
1829 1839
2686 3621
314 2336
3988 8165
6908 6983
8685 9948
3536 6319
1654 7993
3576 4054
2345 2424
628 1450
3443 8679
7475 8073
2937 4365
4187 7509
3854 8801
2403 5962
3491 9594
2953 5597
4585 9059
3940 9166
411 5291
8258 9914
1155 6871
2121 3003
2773 9538
4143 6404
6912 7974
3748 4436
5738 6888
1341 6496
7373 7871
6604 7178
882 4875
864 1552
1064 7467
6185 8952
1306 4491
2327 9717
718 5642
8229 9840
7404 9614
6796 7109
1944 3157
5834 6678
4181 4909
846 6546
595 2378
4740 7203
2268 7163
2955 8867
6726 6854
248 4191
426 4263
987 9409
7885 7935
511 862
278 8101
1284 2149
1640 5386
5401 5466
1798 8134
221 4999
1338 8675
297 871
1303 7622
8236 9801
6441 9922
4883 7122
1529 1550
7215 8264
227 5708
3036 3265
1027 9183
1187 9229
1146 3657
714 5560
1370 9229
6265 6798
6898 7312
2413 4543
696 9758
4611 9316
2576 3781
9487 9703
1632 7497
151 6501
6208 7755
1853 3363
6598 6823
2647 7414
5449 8511
2168 5128
314 2395
332 4054
8951 9232
7176 9731
2089 8737
2726 9084
2120 3170
7723 9812
6184 8853
2127 7965
190 4727
541 3865
124 7615
1478 3451
461 3551
1406 9990
925 5009
2020 7484
2467 2549
8233 9977
1495 7340
23 9250
7091 9721
1997 9407
5963 6357
5563 6903
4050 9090
2804 6899
6131 8589
4688 8845
4147 9988
8322 9561
37 9529
3110 6380
4315 8375
3113 7298
3106 6603
804 6901
1694 4965
2591 4609
6220 9472
4188 4663
5847 6891
7210 8281
601 1223
511 9859
302 5024
5764 6608
2216 2327
3174 7960
2185 5124
2617 7726
2922 4750
6814 9442
104 7730
654 1905
6600 6748
5587 8411
3786 4354
4715 6870
3870 8575
852 4108
3044 3686
2563 9209
2096 4791
5387 5449
2370 4124
1159 6334
448 5937
1721 3051
593 3418
4579 8135
1223 9559
7862 9042
463 6785
5219 9852
8122 8243
1523 4691
2419 6487
6993 7746
2509 3796
5871 8844
2813 8632
2951 9248
770 8425
1239 2822
4329 5463
2873 4009
5403 7987
4714 9466
3151 7755
1598 6608
2452 2653
3053 6492
1560 8132
4849 9621
6023 8464
1115 8975
5758 7217
5681 9556
549 9126
3329 3486
2026 6783
950 4703
9561 9617
3224 4993
225 3105
3619 3998
5916 8254
3780 4598
4960 9671
4980 5766
3162 5623
5668 9259
518 6232
2990 9043
7855 8104
3236 3397
3012 4700
4702 8146
2753 8139
1998 7744
465 6790
6637 8588
776 9064
777 2724
5739 9735
3525 6128
201 3422
6750 9707
5699 7561
1770 3110
4589 4747
2276 7734
1046 5036
783 4039
1002 4129
158 9321
5132 6335
8432 9381
1222 6775
6610 9423
401 590
7246 9856
1601 3809
1754 2479
2501 6398
3800 5765
4251 5435
1935 5834
6280 9637
3148 8868
1371 3689
2550 9992
2613 5737
5199 9626
936 6146
7063 8211
2370 8654
3506 9368
1652 2167
7342 8094
3848 7559
6134 8694
2744 9711
2641 9340
7379 7503
5764 9888
3516 6842
6341 8429
2074 5668
2564 7739
3155 7350
6704 9222
6574 6590
2173 3627
2502 4087
2 9457
7052 7893
3736 5387
1324 4850
274 9243
6189 6820
6675 7438
5987 7790
5622 7671
7884 9957
1200 4769
4078 4573
4789 8478
1864 6113
2829 4936
7320 9028
5249 9696
675 4461
781 6657
5375 7233
3751 6681
1147 5295
7023 8577
4820 6587
8135 9290
2028 6605
1265 8978
7065 9710
2472 4878
2773 8376
2372 3901
6822 7485
5582 5995
122 9346
3411 6642
5043 7064
6300 8697
478 5300
2658 9643
4022 9792
2125 3428
6755 6977
3392 8919
2807 4370
3034 8508
2505 4252
2451 5707
310 5518
4352 5633
2312 7871
4620 6272
5573 6019
1963 5823
7304 8231
6022 8812
7098 7270
2438 8997
4418 8041
796 3829
1079 8694
4525 5376
6886 7538
1115 2665
810 8399
3432 6633
2342 7307
3236 3683
5266 9733
3088 3689
3157 5554
325 6846
8712 9884
4220 4235
366 5871
2 5974
2334 6041
6976 8166
210 6462
1224 6507
9139 9223
7517 7982
1517 1961
2844 3975
1887 2479
9125 9397
2917 5836
8451 9351
987 7286
3996 8420
5061 6923
612 3615
5024 8417
2780 7924
85 8132
5660 6688
3600 4237
434 5153
998 5506
4144 7425
2104 6427
691 2500
5557 6411
3955 7556
33 7659
4751 9110
4348 4402
6197 8517
1315 5347
4508 4820
239 1825
2635 9108
6033 7139
6248 7966
2073 8811
698 910
1003 1836
1090 6546
7628 9541
1578 1736
2103 6129
2309 9537
3959 4743
3363 9467
2534 6547
499 9267
81 213
564 8878
5283 8080
6729 6794
1861 3124
2489 8037
6616 8074
7906 8912
2361 5222
5854 7611
119 775
339 877
5069 8143
7906 9481
7123 7750
1313 4300
5724 6812
6452 9009
9418 9536
7068 7543
547 5286
1541 3934
2445 4425
2131 3213
628 7545
3248 6125
524 6396
3030 5133
7414 9929
571 879
983 3434
7517 9586
876 7795
9 201
4425 9981
7374 8482
3632 5995
1342 1709
2513 2913
4067 8575
4565 5047
3617 9467
5802 7867
446 456
6003 9927
9143 9831
5678 6203
3794 5155
977 6890
2540 3338
4831 5233
5447 8734
8928 9786
6228 8349
2156 8614
7589 9234
8506 9981
6433 8539
644 2440
2332 5100
1333 2035
3942 7236
4235 8817
5563 7018
8590 9438
3653 5215
323 8457
1278 5047
872 5185
8305 9500
1988 9711
6976 7728
3812 7217
3819 7701
9384 9431
697 7329
135 2762
877 7281
6999 9755
6206 9203
1903 2045
1689 1961
585 2984
6812 7619
5316 8921
2249 7748
3235 5166
15 3209
5465 6336
3438 8709
1281 9434
342 5231
6230 6637
6866 7015
4421 5143
7035 8594
1514 8372
3317 3563
9014 9849
5935 6646
1161 7688
4305 6070
2596 9452
76 7460
2403 3269
1443 4695
221 4933
2897 5691
3836 8801
9041 9586
4516 7021
1977 2095
2168 5787
2321 5508
1530 4315
3130 8558
549 630
4465 4697
5222 6517
4217 5930
2587 9030
4040 6701
2915 4105
1326 8684
6881 7744
1299 9421
2165 4846
1929 8192
7928 8894
549 2215
876 6184
1314 6034
6118 8063
3208 9354
5576 5651
7105 7405
12 4124
5498 6929
6207 7440
2185 3293
1290 3683
3499 3586
1964 2464
1521 3128
1843 4959
24 4071
5600 5677
126 6361
2056 5895
3614 5547
6311 8498
921 8729
217 3780
1827 6443
484 3595
7152 7569
6617 7824
2308 3766
2364 2936
187 6312
5550 6253
1847 3822
8564 9507
696 6983
3094 7340
87 6302
4362 8241
2129 9842
2617 7306
1738 6452
460 2109
263 5711
5645 7300
652 9358
2976 7093
2191 9580
3660 7639
1548 8707
4309 9770
4952 5413
237 803
4425 7855
766 3732
1294 4735
4947 6450
3903 7563
4606 5569
1327 7431
3347 8431
7177 8024
4532 6365
19 4112
9138 9841
6252 6784
1053 4163
4354 9395
4187 5105
9326 9511
1646 8300
196 7792
7026 8332
8087 9900
4833 6934
3799 8755
1171 7851
4637 6618
5744 9314
4207 8337
5014 8954
2162 6222
5540 5814
3523 3550
1810 7386
939 1349
1225 9735
4917 9099
2843 9894
980 1472
7297 9973
3578 6656
4108 5867
5260 9071
1752 5178
576 8236
4445 5045
2131 4016
2040 2541
1967 6455
2261 8557
5196 9343
1994 4531
1839 6340
4944 8867
2885 8030
3850 5111
1610 8631
3983 9692
2037 2343
1484 6592
5989 6835
5787 5940
5435 7291
2851 7425
1780 7356
4583 6282
959 8200
3633 3840
4611 7732
4998 7701
2164 9952
7010 8590
720 5554
1141 7250
3571 6718
5327 8210
2088 7590
813 3751
6157 7685
5385 6606
1244 1926
5161 7597
7908 9199
1554 6873
6976 8805
6560 9610
2796 6387
2001 4869
620 5797
3196 4082
5842 6923
9368 9715
2693 4267
1390 5373
2928 7933
5926 7757
837 8640
3615 7419
3063 5411
1080 7282
414 4106
2366 4801
7421 7644
5494 8864
2025 3667
5160 7919
8414 9025
2352 5410
3186 3420
598 1084
2606 8514
4813 7344
6319 6678
5661 7939
229 1594
24 3475
941 4321
4473 6874
7945 8631
982 3510
1119 5455
1473 5781
937 5349
1244 5919
4866 7360
2217 8331
8574 9158
3075 6611
6469 7963
5165 6792
1957 3818
1446 7318
1341 6420
4209 5270
1635 6582
2799 8792
5592 6882
4661 8078
2647 7549
7219 9521
4503 6191
128 2616
435 8208
5644 9492
4950 5130
2935 7408
8172 8998
852 5623
1113 5825
941 9121
1164 8930
5036 7196
3668 8401
915 1942
4601 4897
3871 9251
55 7090
556 4856
1022 5775
2100 5015
6256 7693
7341 9227
2699 8109
55 4853
1738 9770
1255 8686
2132 9801
764 9165
4538 7983
131 3856
6824 8527
881 7158
6601 9065
5318 6948
1310 8380
7852 7921
294 4421
719 6092
618 4281
2454 3778
7831 7994
1590 4976
2288 8143
1816 4660
4930 9735
6305 7538
7336 8932
3721 5132
7839 9512
2298 3646
2901 7000
1659 4379
4699 7039
5072 8672
2132 4739
3829 9289
2799 6547
1061 7206
2445 8123
320 7738
2335 4029
4163 5407
369 4307
7093 8581
3221 5418
5009 9977
1380 4875
1511 4915
3003 5818
4511 6632
710 4007
262 8085
2017 4151
3123 5888
7235 7999
4260 6565
7481 8421
5407 9955
3880 4072
1675 5926
2391 3286
1229 6801
5363 9242
4857 5054
5554 6986
3499 9515
6802 8245
2787 6578
4527 9120
8759 9501
4129 9416
1165 3283
3790 9184
4543 9068
2734 9622
351 1597
3749 6870
2236 2886
5658 8375
6975 9119
1660 8087
2038 6127
1110 9771
5018 8703
3462 5393
4852 7391
7398 8214
3312 3379
3388 4125
1117 6514
3788 4244
78 3292
6346 8866
441 1902
5517 9554
522 8693
4154 6525
2482 9736
558 5522
1835 5960
2471 4219
3919 4406
2334 7748
3093 6213
2396 4295
2202 7467
5479 8068
4684 4791
4059 5855
4481 7359
3739 4824
2999 3531
1344 7932
2846 5928
2603 4361
6312 7294
3784 9769
8575 9219
4113 4670
6288 7373
8965 9656
7163 8188
3533 8913
3479 6900
9106 9138
969 5832
4768 5005
8940 9383
4780 7211
4767 9223
590 685
6773 7017
8872 9618
7520 9553
6318 6702
580 1043
3204 5348
774 4523
3608 8688
487 4682
285 7027
1318 5293
5446 6619
7924 8321
1010 9048
3955 7820
416 5187
5148 6585
920 3575
6358 8217
860 4818
1710 2992
5113 8852
404 9914
5005 9447
3943 5271
4807 6794
1947 9811
5355 6419
5754 9056
6742 9568
3688 4181
652 1105
1644 4668
1197 3458
3274 3886
6103 6702
191 3653
4317 8538
3956 6692
1971 6964
8355 9759
7682 8709
5404 8021
6934 8244
2233 3484
5144 9518
318 9391
1928 8982
6784 9878
5393 9356
3362 3641
3558 8013
3526 5507
548 8891
5121 5392
6767 8398
744 983
678 2954
4894 6635
4922 5948
2054 5683
737 1959
4355 5306
812 6563
5289 9828
6613 6847
6154 8851
476 9557
936 8064
7877 8641
4459 9931
39 3520
2669 9725
260 8265
684 973
669 1586
7874 9787
4268 7120
183 9982
3142 9068
2090 2927
605 4417
553 8018
5825 6408
5373 5917
3889 7989
3539 7203
4093 8961
2022 5328
2531 6671
5290 5973
2563 7988
1736 7019
988 8413
196 6772
1752 6932
3817 9481
2537 8577
5187 9316
2258 3297
2183 6274
4760 7828
2608 7472
4250 8352
2183 5602
1552 6181
598 982
4050 9746
3206 5565
2452 2931
996 2668
1485 6421
4282 6749
3905 7601
8537 9076
1161 3184
89 7401
6599 7733
92 386
2984 9608
3578 5473
4806 6294
4235 7822
3051 6605
5608 7434
4958 5882
2002 5644
607 3660
6250 8487
5161 9889
6392 6867
2387 3585
1614 8516
3431 6004
8215 8904
4989 5417
1600 4330
2146 3398
5270 8272
4155 4548
2103 6076
2396 3094
4092 9294
4823 9491
201 796
4270 6492
1228 3713
5475 9494
4132 4421
7232 9925
5994 7378
5056 8217
4280 9017
4354 7058
646 7164
193 1090
28 5885
2323 5605
3390 5002
3646 4762
2603 2924
1987 6393
1766 7831
6495 6749
3964 6098
2706 8770
3358 4843
3978 7888
2052 9731
1232 2337
1251 7573
1044 7215
3130 4046
5816 8617
3629 8068
2981 7913
5047 5436
6994 7021
6046 7399
2303 9505
7067 9343
2982 6121
1989 8113
7911 9903
1740 4025
3496 8976
6384 6807
5992 8321
1718 9712
971 2729
9324 9988
2747 7563
2786 7779
7170 7320
649 2329
6033 8037
2500 4169
5089 9813
2657 4730
1220 3964
253 9717
608 2163
750 2273
7271 9273
4883 7525
5083 7342
5780 8714
2312 8865
5266 7439
2603 4432
59 5211
2298 2723
6589 9159
2356 9953
1886 9451
4490 9521
4140 7033
271 7138
4763 9888
5597 6826
2864 6306
3527 5708
1977 5966
3470 5313
7610 9118
350 9721
7337 9316
2286 3208
311 476
1441 3449
3550 6712
1029 4794
2884 8876
2827 5791
447 7189
6994 7020
239 717
5783 8404
7376 8980
3282 7215
117 3820
2867 5432
203 6297
5131 5194
3446 8040
67 8398
332 1794
5793 9757
3349 5463
1663 5575
2458 6626
4459 8490
2147 5854
4401 4532
195 648
7301 7727
8845 9714
5217 7733
119 5660
3706 8001
105 5363
3864 4882
1448 1890
6147 7541
1322 8640
8636 9024
6364 6778
3397 5593
4577 5434
2821 3430
1449 4261
6392 9017
803 7746
2744 3736
408 7055
3854 8209
608 6796
5667 6341
3564 7502
5526 7983
5157 6360
4940 6313
5706 8128
2981 4683
1304 5627
5161 8310
2844 8613
277 7098
644 1642
4330 7106
2680 6470
2376 8414
879 9061
507 1974
4595 9143
5284 8427
4295 5722
1614 3713
7963 9700
1582 3167
199 1336
3682 8522
2249 8649
7135 8027
6492 8171
102 6344
5390 5835
1903 8230
3641 6271
5591 6896
2375 5271
8305 9693
3696 8307
7502 9252
4660 8352
1025 7496
263 805
1531 7575
5285 6600
400 4605
3657 4008
45 6582
8242 9107
1377 6607
4805 7573
483 9930
5231 5275
855 2985
5545 7679
588 1370
948 8574
5250 7998
6414 7554
1188 8606
661 2850
3192 7486
2517 4444
947 8454
3633 7118
1134 2194
4723 7944
1208 9883
6332 7952
2259 3061
761 3949
3715 5025
2865 4497
4827 7279
7816 8694
1511 4253
6761 7812
7825 8075
3761 5854
2524 5445
4655 6640
3536 3884
4324 5561
2765 5174
6124 9643
3957 4620
2969 4165
2114 7187
3925 6379
1473 8476
2266 6103
1594 5625
7657 8994
4326 5270
1694 6884
311 6464
8386 9880
808 3370
4266 7898
3239 4220
2342 5550
3809 5281
4299 5323
1890 4599
2201 6906
7213 9704
4584 5241
979 4416
46 638
4409 7541
1871 5204
3400 4123
1353 7120
2116 2385
2810 4767
4769 7400
2588 5546
4351 7252
7168 8914
2104 2647
943 6445
3647 6963
440 1951
8902 9408
50 7421
1495 8238
1397 8414
670 2392
4852 5030
4017 5248
3842 5778
1333 9810
2092 6902
4773 8925
2122 4551
1314 5044
4961 7260
921 6527
8927 9256
2472 6321
5064 6057
4439 5353
137 7468
1091 4209
5646 8909
2171 2256
1734 9584
2897 6355
2551 4070
58 631
4136 9378
2453 8609
5316 8866
115 5879
1122 6590
4602 7827
597 3621
1136 7586
4369 9373
37 694
5012 6033
6149 8238
4750 7961
1352 5204
4988 5001
923 8603
2598 4307
7960 9220
8116 9864
5212 8499
1065 3024
2944 5851
595 3558
5651 6152
5911 6457
2841 6658
5581 6462
592 6646
1113 2008
5887 8077
2653 6640
3005 5286
1775 7550
33 3048
1126 4027
7840 7932
2222 7487
3006 3290
150 9928
8986 9367
683 3486
1219 4656
1648 3626
2415 8279
6493 8049
1274 1834
1367 7083
3943 8006
437 4453
2564 8859
3298 9297
1705 6777
271 424
4306 5249
7140 8613
815 1508
1546 2732
5021 5571
3599 9385
111 4560
4065 6014
3296 3939
2960 9598
4513 8681
1934 8060
5498 7569
950 9783
1556 7704
2574 5575
925 1208
2217 8244
984 9025
2475 4860
2523 2831
1075 5160
3502 9780
2553 5093
934 1324
2227 5370
2290 8553
4605 7223
7316 8876
4259 8484
3621 8160
7797 9507
7469 8895
6051 8770
4073 5316
122 6081
5613 7571
9178 9435
2721 8159
3902 9452
3250 5592
3032 9109
337 649
3889 9501
2332 9567
436 8281
777 7000
280 4956
1663 5737
6702 7653
1832 8740
269 7695
1167 8984
9409 9667
590 4793
4459 5263
1247 5110
4435 6749
4276 9412
6175 8973
5208 5343
2119 3306
4023 8150
6040 9943
4127 4836
2362 8388
2914 4731
1875 9901
1464 7816
3001 8316
2585 7084
3672 5401
4374 6286
735 777
6533 7968
6074 8036
558 1373
4447 5085
641 4543
4441 6727
1654 7037
3104 8338
6400 9869
6859 7698
4263 9256
1887 2154
7097 9099
4955 8845
3232 5803
2894 3374
2722 3174
1492 3557
6411 6600
9086 9980
461 5017
8588 9181
2495 9271
4028 9399
1955 3350
5512 6314
1258 4482
7982 8013
4365 8870
4613 7560
3611 6821
4242 5401
5241 5591
4447 8478
5252 9246
851 8906
4967 5806
2421 3011
983 8857
7420 9331
1593 4981
2318 8615
741 7032
1938 2136
1054 8232
1582 2668
8028 9250
2934 6507
6808 7171
6070 7762
450 8169
3929 8406
2930 6744
5317 7886
4905 7648
4090 6330
3466 4590
1878 2554
415 3068
1514 2629
3090 4410
6931 8090
268 7194
134 1655
3841 4208
196 1776
4732 8262
563 8729
5770 7011
4449 4504
6972 7402
1965 8084
1026 7401
7939 9161
213 7119
5189 9423
4400 6936
475 4471
2526 7499
6207 9923
348 8234
13 1998
129 4066
5879 8241
2292 8251
34 3160
4026 9466
8487 9636
2243 6061
339 9273
748 2415
1495 4032
6306 6707
2766 7803
588 4883
1386 4466
3540 5410
143 6926
4414 9310
5738 7048
2921 8072
163 7292
3703 7557
6383 7958
4110 8514
3717 9849
1172 3539
4337 7341
3 9465
5348 9110
5639 5851
1036 6119
3849 6438
481 5319
4911 8111
1247 5290
6060 7285
3343 5231
236 774
714 6543
7569 8386
3170 6020
2983 4378
3662 6883
5125 7961
3322 3770
1002 7750
7655 9061
4610 7311
6135 9469
1782 9032
510 6118
981 7979
3259 5538
2274 8646
1244 4073
5764 7755
2636 7858
8443 9449
5510 6871
3593 5900
61 4641
1246 2072
189 7028
3524 4899
4161 8208
935 5935
4182 4947
1648 3759
6634 9639
4230 4991
3159 9980
813 7963
1711 9880
943 2087
4792 8031
2026 2620
2897 4246
627 4977
1273 9060
1164 7550
4456 8291
2094 6189
3028 4130
3064 3991
4897 9846
1597 4980
3944 7708
1760 5615
375 1793
1385 2266
8412 9165
1646 6638
2996 7945
1828 5789
778 8324
4538 8594
3065 8712
1852 9365
8010 9887
7976 8899
5362 8615
3979 5372
1025 7583
4098 5699
3477 4282
405 6066
6738 7413
5668 5699
4409 5591
95 662
275 3280
5550 5853
6424 9791
973 6799
4471 7231
1394 6009
7731 8726
511 2708
4175 9362
2350 8594
945 1607
3118 5765
8502 8518
2654 5162
2924 4170
7571 9668
3650 5994
515 3124
4367 6316
1225 8727
1031 8583
99 3342
4128 9073
1159 4222
1146 8870
3617 8183
5579 6380
5047 6520
3219 9063
2567 5769
1322 8100
2136 2734
3749 6923
4159 8179
5740 6239
735 8560
8957 9367
2593 7482
6932 9211
4150 9446
4181 9767
4093 6691
5955 7114
1582 5729
1741 6646
1747 3736
702 8460
718 5849
3677 3939
461 9004
1219 5212
1861 5259
588 4281
5773 9117
6801 7345
2497 5547
7019 9436
4299 7959
2365 8699
352 9093
574 5833
920 8694
2773 5018
6495 6552
1667 6138
138 6245
1066 9020
3662 6028
1181 3625
9080 9279
328 6635
4639 9762
5386 6053
1086 6649
3531 7061
3206 6788
5355 6576
1807 8957
4514 5995
2111 8137
2008 6192
862 2134
5068 9655
7002 9126
4890 5866
2166 3035
4298 7632
744 2226
1335 7677
736 1154
1565 5072
485 7096
6038 8195
938 1334
5900 7111
7232 9386
5217 5557
165 556
492 6562
28 638
3840 6085
4090 7469
4273 9238
1978 4289
622 2760
241 7178
951 3424
1348 6700
1671 3353
3516 5942
454 631
4489 5182
3830 4130
1071 5053
5360 5794
7716 9140
1769 7913
5753 8171
2935 6638
2829 4414
1490 9152
3833 9671
358 6809
313 9885
1794 6734
4744 8793
8083 9983
2218 4394
1331 2025
515 8020
1075 8748
731 9760
1118 1498
1453 3726
706 1436
1081 1248
18 4402
6445 9562
1947 2353
850 9876
5072 8648
307 5551
3704 4541
8128 9082
4414 5302
2621 8431
6851 9034
967 3885
4517 6117
7100 8207
6708 9178
2613 7267
1251 3192
2637 5453
4899 5305
1614 2365
4928 8530
3486 9307
365 1242
1530 8702
2578 8536
1245 3058
962 4313
424 6187
2247 3540
3435 7303
3015 7590
935 1568
4724 9602
2177 3868
3074 9157
4246 4880
4639 8889
3161 6906
8454 9347
125 1980
6762 7051
2545 4264
578 8897
1661 5140
5693 8629
6180 9579
8022 8794
3271 5639
1128 8230
278 5707
7748 8898
3797 6959
639 8156
7948 8241
460 8367
8458 9990
4225 8212
2315 3436
5853 9122
4053 9605
1808 4267
541 1193
1865 9599
2006 9234
2895 3220
5082 5368
1182 5944
2609 8931
1590 6577
2234 8081
2018 6295
4162 9843
7545 8455
7907 8744
1134 6148
8536 9979
2969 6056
162 3104
1375 7480
322 387
275 9305
2647 3767
6614 9447
5499 7447
2426 9871
465 3761
1211 8293
7950 8699
149 3719
27 901
8036 9380
5872 8881
47 6414
1542 5453
4540 4571
7258 8254
2905 6938
3235 5994
1196 4372
3300 6751
56 211
1143 7977
1960 7919
5299 5683
482 2852
4000 9399
1566 7191
1517 8269
6742 7177
1043 2666
5564 6304
8268 9120
8721 9878
7964 8578
1276 9906
3224 7841
2709 8150
2374 8662
1770 3537
2778 2902
6002 6513
1300 1447
1913 8254
6935 8257
2790 3864
8707 9416
4735 5505
7540 7542
409 8291
76 305
1264 8678
2655 6848
6208 6725
4797 9664
460 502
3460 4879
2337 3415
3433 4875
595 2318
3173 8484
1269 2654
6714 9165
5579 7438
5458 6639
5661 7647
149 7071
190 816
4511 8591
3214 5855
3231 7387
942 9442
5680 6480
3429 6169
335 9908
5541 8027
1471 7818
8158 9946
3071 5901
3578 5359
1269 5096
2554 8558
3948 9466
183 5459
3161 6018
2869 3716
3470 6201
7986 9335
4071 7026
2222 8855
2345 4390
4295 6766
753 1736
1202 4357
2517 3789
2758 8442
855 6046
5807 9855
2293 3878
2147 5534
2095 9412
2890 6076
349 6699
830 2245
1744 2837
1167 7637
334 6757
4159 7708
2314 6460
2392 3988
4859 8204
4430 6050
4260 9870
5019 6352
2784 4827
7411 7621
2330 4600
5978 6608
5888 7183
1601 8542
580 7879
2282 8727
4287 5101
3954 5293
7040 8419
3573 7306
2828 7650
2775 7930
8590 9922
1465 4535
5761 9617
7039 9233
8232 9507
3728 8874
3579 4416
814 9770
4048 6075
1784 2298
2842 5096
3665 7557
2466 8160
4433 8768
2286 8553
7309 8887
2454 5441
398 649
350 8781
277 8322
9381 9452
1982 2891
1373 7895
2348 4874
5310 9425
722 2817
8495 8768
1166 8797
969 5089
5206 9471
5169 7841
4509 5179
4113 8802
9441 9748
3925 4801
882 1341
1903 6423
2617 3775
6220 7752
4375 6721
4988 9727
6767 8790
5742 7452
1087 6932
911 2891
61 2106
3713 5200
3930 9702
5490 7410
2162 2756
8706 9214
2908 9437
6672 7792
565 8091
1145 6582
7168 9954
623 4078
436 3350
1317 7560
1092 4264
5242 8579
4429 9842
449 4051
7267 9966
2934 8692
1045 1992
4452 4643
437 8661
468 3102
6105 8339
3368 3545
1373 8676
6194 6746
1940 7063
158 8802
3846 5648
3115 7721
884 5195
1825 6699
1344 5574
1874 2446
1076 4046
193 9736
153 4552
394 2005
8870 9198
168 8192
6344 6506
3929 4473
6471 6493
6428 7732
7073 7666
732 2128
4604 8426
1139 9755
3276 6183
1076 9287
8928 9477
4194 6622
850 7792
261 9091
693 8031
9068 9104
2568 7709
4060 9765
6608 9802
650 3185
3906 6849
1122 9137
6507 7079
1484 2142
539 6091
4532 5993
631 5112
4523 6320
2432 9895
5286 8823
3568 5019
1481 9414
2475 4811
1167 8096
595 9265
5444 9664
559 3047
1679 4001
469 8066
5685 5714
2864 4744
3620 4593
684 6477
3288 3922
3439 9669
2784 4948
2036 7536
2740 5798
1156 8590
3169 7005
3343 4070
794 5771
5535 6576
264 6545
2903 6211
2150 8941
5171 9815
2490 6302
1870 6071
1732 9802
6512 9839
2444 3952
622 7087
5606 9547
2460 5428
3292 7705
4308 8337
3219 6591
1977 9057
4572 9887
2961 4758
6099 8939
2601 7377
1029 7702
4565 7197
3532 7859
476 8283
6140 7377
7866 9214
4371 6518
4832 7968
2279 6934
3277 5780
4901 6101
2819 4300
1853 9628
5219 9737
21 2088
4731 8694
7066 9611
7959 8359
3954 4354
5655 5941
1437 4539
2085 4427
15 7444
3966 9375
5314 8534
4770 9849
948 2057
474 2486
581 9189
3587 6627
2546 7846
4900 6487
6052 8074
4889 6725
1763 3697
2155 2621
2166 3170
5050 7499
1953 6192
1940 7272
943 2266
4461 8726
1426 4195
6584 7043
7180 8707
5493 6642
4356 7886
2034 5607
2416 3369
2906 7365
1130 2870
7940 9027
2965 8914
5095 8379
793 7642
2250 7874
2963 7554
4008 5037
7241 9031
2701 2993
8301 8671
3359 8309
4286 6652
572 9375
7061 7591
1459 6549
7845 9575
3450 5520
1410 3991
851 4673
325 8330
3480 3879
2123 8920
3356 6911
1684 6659
2479 4942
380 8208
3740 9655
6509 7721
177 6326
3886 4164
2228 5020
925 4380
398 2623
1280 2405
4038 8309
4839 9052
2164 3696
4272 8626
4616 6708
4824 6000
731 7437
6120 6276
1215 7136
6287 9390
4433 6291
7325 8436
2257 3553
3259 8368
4818 7537
6968 8842
7115 8055
3060 9080
2852 8071
1072 1349
1391 6712
8046 9961
313 4753
184 1594
7550 9794
1985 9656
4524 5764
6415 8569
1885 3000
4896 9725
1971 5456
6894 8529
2573 6827
1115 4157
1730 5557
3367 7297
4139 9519
1957 7424
724 7839
8049 9089
3049 7176
3523 8860
2780 7982
1934 5129
9661 9983
7282 9815
6133 7769
3180 9454
1312 8318
5663 8349
2442 3066
3836 6137
1495 5095
7700 9344
1745 6515
3819 8822
1853 6668
3946 6652
563 2437
517 5779
1295 7407
2473 4106
371 1719
1829 9920
3892 5490
2806 7526
3719 5610
1611 7750
556 4034
1256 4463
1535 3702
257 6646
4544 7576
3070 7542
2723 7135
6156 8345
581 9154
2944 3038
8219 8752
3589 9966
6935 8837
1363 4739
1458 8299
319 4568
3213 6285
2799 7145
2236 6033
6113 9000
4371 9293
5264 9929
5065 8660
1358 8110
4110 5319
6358 6924
2445 7061
7598 8948
4576 7457
533 4921
249 9946
1675 2886
1376 5624
3159 9707
1443 3302
1429 7924
2433 8221
667 8001
5827 8364
1074 5339
8647 9083
4243 9197
4181 7214
2119 2261
3103 8954
7762 9929
1649 6118
431 5306
26 8166
1512 3960
929 6523
7029 7960
8335 9005
6577 6838
2343 9343
3679 8373
2040 3752
4236 9298
199 2897
4361 4825
2148 5149
3209 7921
2688 6540
5427 5936
1229 9815
7088 7971
7546 9673
3222 6645
3410 5256
968 9683
4102 8956
2690 3311
3559 8861
5768 8595
5113 9982
2500 7953
6357 9622
1957 2189
2211 8391
3470 4914
1756 6684
6901 7772
1622 8684
2655 8073
3927 8866
156 4311
3346 9607
123 9500
649 7881
5014 6947
1855 4719
2643 8972
6343 7051
8354 9766
1776 8348
6263 7360
6564 8611
1200 4528
3333 5497
1365 7622
1508 8048
3615 4058
5407 5583
2092 5807
3244 8717
6177 6559
1124 5839
43 4100
2207 2423
5907 7137
2384 7527
7427 9769
5038 6501
380 5832
4157 9606
2863 9764
4450 6623
4766 6304
5161 6945
3672 7304
2404 6121
6816 6925
1083 8938
4491 7313
899 4672
94 7320
1817 9575
1820 7649
24 6279
7565 9927
131 1127
5862 7623
377 4883
3757 6819
3549 5322
3962 6311
6801 8587
3668 9679
7599 9728
7060 9375
6154 9791
1675 3219
4665 8784
1194 2193
681 1440
5143 5298
6415 8644
70 8847
3443 3672
3217 5616
6705 9710
5194 8363
159 5275
9237 9980
6881 7933
4811 7146
5977 6247
4369 7729
642 6934
4647 5614
3216 4667
1099 3442
1573 7980
1045 2472
592 7419
466 3474
123 1584
4756 9665
4322 8655
104 2715
2896 4830
6982 7538
5450 6496
1586 4269
1007 8099
3703 9887
3700 9119
4469 8825
8265 9522
4755 8704
1714 3386
1679 1879
6880 9577
1601 6797
2437 2523
312 9088
2116 9925
7342 9005
274 8592
237 8480
175 6912
752 4462
873 2073
6451 9134
612 1569
1443 9832
1272 9062
4356 9689
7953 9012
388 5467
8116 9761
1010 5666
328 602
5577 7001
587 4769
1568 9286
384 2267
1352 5752
1468 3184
1369 3969
16 5106
7466 8849
6196 9696
2103 2549
430 8670
1999 4607
7520 9298
6189 9759
948 9867
1529 6997
608 1117
5787 8747
3554 8330
3996 4441
3411 6632
1791 6576
3185 9568
5765 6304
5510 6298
664 6062
4791 8717
3700 5634
669 4537
2839 3191
348 3432
1567 2186
5016 7927
2245 7594
2545 7875
6976 7474
5286 7798
4696 5767
439 1283
3215 9867
4395 6909
2067 8596
917 4726
517 8395
5570 8725
2382 6594
599 4402
2205 9522
4936 5880
4590 6190
3436 6493
908 3230
2341 8627
2168 7589
604 9223
6874 8947
4662 7311
6983 8318
1950 7821
332 7288
6047 7271
6486 8295
115 5298
28 7326
4340 8822
5791 7609
2544 4821
1349 3014
6486 7660
1483 7476
5319 8605
1803 1901
2743 6715
3385 8521
2573 7131
4114 6941
389 9381
3794 4383
5350 9172
1991 2620
4418 9330
5454 9808
2182 6277
6087 6118
9578 9970
5896 8664
2943 3158
1764 3191
5418 8489
4295 8767
4007 6340
2726 9428
3614 9712
4691 8021
176 8629
388 4578
6370 9368
4593 8445
4493 5472
697 4070
1673 3308
2185 3043
239 5400
8276 9476
4913 9403
1267 7815
3518 7866
5836 8810
1600 4501
1962 5577
3680 8188
6404 7158
9287 9462
3433 9064
2171 5388
1864 1889
742 3364
2404 4555
3776 4561
539 5597
815 2075
1708 9767
2228 2401
2695 5701
3360 7613
647 5357
708 9373
3506 9226
2167 6653
4589 5041
3843 5453
2157 4960
2013 6106
2771 6468
3247 5982
444 5778
4008 9873
1858 2728
1637 2517
2009 8423
1746 4049
4498 9545
5416 6756
8117 9717
477 7968
6703 8226
762 2981
8339 9789
5709 6769
1446 5566
519 6691
8877 9185
4831 8428
5074 9815
2312 6782
5316 8822
2350 9568
1992 3970
5608 9579
8538 9403
9521 9627
3637 5714
85 8976
6258 6460
1378 4598
3992 6739
6942 6983
4047 6899
1634 7503
894 8615
4838 5773
6870 7742
2888 6043
301 1671
148 4420
6643 9826
129 491
3592 4613
5732 7079
7517 7610
2616 8790
2311 7689
7483 8790
1398 7045
6709 9818
315 1025
4117 4191
4363 6968
1446 9630
928 6188
6475 6737
1447 2523
5209 6191
5266 5442
2137 6282
2977 2983
4200 9947
704 2539
7524 9720
2628 6242
2909 7724
6036 7613
5792 7592
4243 4858
2346 8584
2887 9106
589 6912
620 2292
2662 7480
2222 6428
5901 7864
5322 6969
772 2254
906 6778
2331 8632
5185 5862
2161 2814
4398 5873
6422 9625
2973 7485
1613 2196
3767 6073
3923 6207
4334 7637
1727 6363
3345 8544
5556 6658
5796 8483
5523 6653
8941 9133
2247 7863
308 9629
3687 7360
4896 7196
2398 9346
3095 5343
1151 8050
519 5057
969 4813
2444 2903
7082 9815
2908 4222
1124 2808
5408 5432
4323 5656
2628 3689
3177 5539
2229 5676
2520 8474
1623 8655
4750 5928
155 6043
7157 7160
7950 8916
4262 9557
6669 7307
1694 3073
1494 7499
4738 7612
7417 8503
6715 7570
4488 8085
1737 6038
2988 6871
5946 7019
7405 9985
1369 4115
4688 4836
2184 8330
1602 5437
738 2862
2287 7670
3534 6280
1965 7088
3305 5610
5600 8176
421 445
4246 8824
276 6749
2032 4261
3512 9350
4201 9980
3956 7824
7698 9956
4269 6649
4070 9683
9138 9728
8421 8712
215 4270
8099 8830
2697 9322
120 3195
545 8440
6371 8053
1663 2710
6365 8383
1323 2441
6794 6948
3614 7627
1850 8157
7518 7950
3138 7642
1384 5959
431 821
116 3099
1438 3266
368 7595
2059 4351
1402 6327
2710 3974
1540 5143
4206 9801
2492 4711
761 1720
3669 7247
7196 8738
2568 2593
1522 1778
1100 8374
380 2887
2973 6947
5371 8481
1403 2800
2808 4654
1365 3820
1360 6536
1573 8489
4792 8436
3572 7444
4350 7917
2948 7598
904 1459
4107 8060
289 1501
1343 8319
5120 9117
4477 5815
342 9568
1325 9455
731 8010
4801 6428
1034 2364
6332 7409
2375 4226
6997 8974
1127 4304
823 2394
1138 5356
4593 9787
983 1944
499 8623
2135 9105
2256 8405
343 9850
52 1527
945 4485
2319 4633
2228 9523
5467 8999
3067 5427
2499 3671
6019 8026
978 9087
4103 6457
2684 5136
2319 9439
4698 7071
7427 9827
2060 2622
4418 8948
9120 9432
3023 6127
8367 8406
7537 8719
8220 9782
2557 6915
4288 7418
3862 5821
3977 9688
3497 8077
340 5757
132 5762
1766 3472
5381 5777
2034 4683
341 732
4494 8359
621 9688
1309 8903
364 8875
1697 7045
5782 9313
900 1103
1837 5966
1246 5012
6342 8830
4590 9460
11 8604
1455 1497
1695 8989
5838 6492
2085 2253
876 4159
4352 4587
381 4350
2858 3834
4219 6870
3157 9437
2601 3098
585 5974
2950 7526
602 1695
1741 4941
4545 8256
3474 5186
2888 8015
5253 5592
4779 9979
5427 7694
6781 6914
2942 5630
1018 9049
3541 9889
173 1659
2095 2531
253 6928
3559 4608
789 1294
4523 5067
5020 9442
6017 7122
890 9761
1544 5842
561 3988
3807 5040
581 3208
1231 9773
878 8297
6785 8746
4590 8365
6734 9688
4487 5571
5110 6726
5085 8383
54 8085
7951 8347
3992 9128
974 6426
2394 5307
4106 9765
1517 1979
5130 9017
6435 9437
1208 3405
1085 9209
506 6118
3876 9686
3042 8990
4885 5525
9799 9843
6564 7378
9310 9678
4071 8071
8209 9067
9087 9255
2323 5217
624 6915
1280 3399
178 8970
7753 8019
7725 9889
3532 7202
929 2709
5064 6970
2652 3952
2399 9547
443 4283
463 9061
6860 7275
8608 9902
1918 2487
1874 9001
1906 9247
5962 8760
2782 5937
1629 8031
5192 7285
3125 3218
814 3592
2313 5721
830 9690
4442 9759
1864 3956
3786 3864
7682 9594
1231 9912
4759 8062
4527 9750
1285 5903
2320 8360
5593 7491
8949 9480
518 2516
5593 7496
1946 5480
2512 6597
3736 5172
3921 6480
1932 3612
86 8506
5629 6882
2239 7426
1177 1889
5844 6826
1165 3612
2719 9399
376 3438
6669 8157
7941 9652
958 5709
4601 7904
1449 5078
1193 8450
195 7249
2181 5215
3731 7665
5206 8765
2110 4565
7905 8318
7153 9902
7883 9231
250 4067
8399 9615
1008 1633
2571 3905
453 951
2271 7664
4844 7300
913 7707
8211 8468
3144 3666
5348 9195
5424 8931
515 7586
562 841
489 3167
3057 6979
1021 8004
4203 5889
1521 4825
4814 8888
1276 9502
370 6250
5405 7414
981 1231
6892 9974
3978 5600
3854 7417
85 6373
3781 7725
4569 9316
7186 7578
2382 4351
1617 6749
1010 2634
3665 5464
843 7883
1416 9492
484 1041
853 9388
6266 6514
3234 8580
3569 5610
1497 3356
6965 9252
6843 9803
1033 5639
3283 5933
555 5507
4825 5898
1626 6391
8488 9721
3104 4953
1561 7586
4723 8674
1141 1504
1137 9217
207 4492
200 7046
5148 6653
2178 6794
8629 9380
1050 9785
4191 6102
8499 9106
1668 6150
2592 4113
1719 4062
3995 5594
511 7745
2274 3880
414 7552
425 9012
3447 7363
1301 7814
3425 4867
1129 4325
1330 9409
6698 9492
1358 4375
364 9115
3391 8916
1886 8885
1555 6543
1330 4500
3423 5191
756 2743
4404 4977
3754 4624
245 6739
5303 7966
5801 6208
4687 8099
2934 6445
5269 9966
2851 6930
1018 6158
107 6559
1152 8492
5153 8888
1042 2199
2736 7750
1907 4684
4077 9200
2916 4382
5311 9689
3465 6001
4457 4696
1791 2332
1447 3282
2455 9226
7001 9937
879 9548
3233 8080
2574 6884
3846 8908
6417 8999
3190 4678
5041 8425
1484 8584
1036 3827
4835 6689
8286 9234
4314 7606
936 2182
1860 6298
4092 6616
5736 7867
4703 8470
1241 1437
4338 9136
1051 3920
137 5833
4307 6589
3338 6115
636 1437
3306 4096
1955 4328
999 2851
1568 9954
7837 8070
2146 5480
2473 7156
6120 9267
3150 8248
2447 6870
5329 9478
2894 8583
6742 7300
3117 8166
1598 2955
5310 6066
1412 8037
2844 6434
7386 8634
14 9468
3370 6612
4535 4922
744 923
3416 8841
4396 7263
4367 9691
7431 8468
2775 7956
4407 7991
2556 4035
723 8380
6095 6189
3033 6131
4410 4795
4596 5072
2843 9615
5176 7491
1500 5187
7505 7927
813 8609
5103 6775
999 1214
2698 3567
6311 8757
4541 5904
1822 3782
2516 7880
2824 7155
5625 6083
5099 7720
1876 3825
832 7411
5344 6675
2021 3756
1819 8929
3576 8605
1465 2894
2724 5040
1562 1762
7247 8155
2428 2710
5625 8241
7418 8677
2780 3763
1356 1957
1462 6314
1584 8197
1397 8240
3209 7061
6068 8493
4165 4237
3472 8676
6922 8709
1426 2573
5053 7155
4885 8431
275 8627
1928 7868
5146 5148
3743 6662
3784 7164
2657 8177
308 436
2365 7618
1231 2157
591 3919
3041 9085
2544 4660
87 7767
603 5922
4376 8652
2230 5724
5917 7396
3180 3871
4399 8589
295 489
2116 2410
1763 2393
862 7519
2992 4617
1288 9055
2051 3763
3588 6480
2625 7156
7463 8435
3910 5354
2726 3106
4741 5967
2787 5816
6034 8747
6122 9060
1611 8346
3883 5447
5106 6601
1395 9277
1279 5534
2791 5301
5701 7566
7792 8729
3379 4099
1105 2244
4051 5671
7289 8698
118 3952
4512 9342
389 4147
2723 9106
4283 4795
6011 7263
1465 9272
1069 3573
4119 9452
926 5954
8712 9019
5931 9407
2718 3366
1280 4821
5276 7002
9299 9623
1280 3998
4146 5242
3852 4541
4221 9801
4181 7942
3418 7953
1214 1660
76 5886
1839 9548
2738 6074
314 1292
366 7724
856 2146
2978 6101
2645 2872
2385 6191
404 1326
6398 6759
3926 6856
1316 5850
5680 6456
2070 2781
3505 7561
5879 7513
364 8291
2941 5773
6874 7240
33 3207
955 6059
4874 4919
2171 4080
5367 7739
3516 6203
2157 4321
1689 9017
4697 5743
638 961
2552 8888
2222 9676
2669 3253
4059 4269
3602 4546
2201 6505
647 1959
4624 5645
4206 9340
533 8218
363 3599
5632 5953
807 2445
732 8336
8576 9695
8922 9127
3750 9489
837 2698
375 1560
2379 5385
4382 9764
4121 8820
1868 2280
7464 8453
7754 9182
4791 6018
1696 3964
330 8447
678 8330
4485 6577
780 8127
746 1811
927 9607
1043 6251
21 1311
4009 8013
3839 9625
1052 5600
5974 6725
2933 3933
2742 5866
5492 8419
8575 9779
90 1382
8127 9188
4932 7291
2046 9127
3917 7642
5993 6326
2186 5277
3079 6143
526 5089
2918 3523
5020 7256
4030 6037
511 852
480 4835
5913 7389
5216 8376
4750 5764
5990 7167
1855 3482
3807 9165
4587 7115
5351 9362
7927 8738
542 7899
835 4312
4855 7974
3710 6436
4618 9216
6943 9937
2252 2947
3836 4162
1334 3418
7738 8355
7344 9926
9109 9807
6709 9428
4438 8663
6645 9916
9 6784
1036 7559
3680 5193
7504 8852
6044 7146
5352 6261
5460 7012
3158 8171
235 8557
257 2212
828 1395
8239 8818
3100 4959
6776 8714
1283 9895
501 3981
12 363
7814 9295
7356 8836
1450 2171
3605 9858
807 2655
3487 9982
3098 4203
217 6463
1295 5270
742 1461
2420 9513
2344 3862
5494 5905
5296 7087
3834 6451
114 3022
1550 2671
714 4938
3073 7733
3490 3619
7005 8451
3182 6576
455 6325
4847 9956
2905 8251
1119 2909
1051 9623
1930 8697
2953 6942
7267 9840
1737 5926
1286 9997
3881 5632
2735 4918
6020 9096
3081 6038
6717 7364
8768 9950
2672 5367
1506 9012
439 3880
4689 9966
1367 7305
4455 8326
2682 3379
7729 8223
411 6059
7816 8046
3427 9463
4291 5605
2872 6186
271 8364
458 8088
4258 5597
3387 7799
9635 9642
499 4958
4290 4658
7168 7347
5041 8015
3346 7435
810 6266
1969 5203
1778 7190
5842 9132
3828 4317
4100 5890
1518 7170
1706 3534
7558 8051
576 6757
9907 9910
1395 9796
5333 9007
520 7121
155 6084
6728 7785
242 868
659 8934
1734 3434
1497 2409
1595 9479
6539 9218
2548 2910
2685 5131
4627 9470
6107 8749
8725 8839
1962 5320
1568 9977
192 8662
1044 1949
4476 5215
4297 7897
1359 8110
2577 5506
3192 6936
1634 8816
4468 8358
1547 2375
2455 7746
1201 7682
2679 5599
5160 9866
3828 5413
398 2439
4834 8512
3440 8339
8251 9328
1693 5470
1826 5088
4961 9994
3162 7409
7257 7851
77 8053
6035 7176
3020 7380
8125 8235
6233 6774
3072 3633
2699 9813
3007 8631
7576 9845
6994 8765
5726 6948
1309 9146
3062 4595
729 8964
7160 9267
810 9124
7269 7861
5762 7764
3395 8149
3549 9764
4356 7384
201 1267
2698 9478
3065 6117
259 2298
5371 9335
945 5606
746 2154
297 1123
2153 5636
1289 8433
365 2970
2330 5096
105 9674
6319 8839
3522 8251
6434 6635
5371 7404
6619 7537
4907 5598
2038 3068
777 8227
3202 5791
4496 7924
1047 1778
1293 5853
2782 4939
3053 4618
539 8356
2230 3679
2961 4333
5521 6727
4957 5218
8677 8981
3121 7712
1114 7632
6891 7327
1609 7927
2707 9777
562 9566
8297 8707
6657 7851
1681 9481
3405 4403
2367 4201
1910 3738
7984 9658
1784 5516
3489 4624
474 9359
4313 7063
6737 9470
3991 4882
5204 7305
1099 2551
4614 6682
2250 3027
1099 8075
1195 9754
3328 7095
6044 7745
1240 4260
971 4993
1319 6918
4617 7182
903 5364
853 3151
1116 7500
1230 7503
1495 6986
4821 6997
2717 3461
5363 9072
1175 4520
5590 8559
4805 7524
5822 6661
3962 6556
1723 9373
5599 7542
2698 6195
48 4207
3952 7440
480 3328
2274 7473
7427 9925
7229 8391
1742 3426
5101 9222
6310 6599
990 3803
3405 8065
5214 5795
8346 8562
3234 8289
1348 5908
4515 6016
3048 4319
8968 9043
2556 2819
1116 5723
1093 9648
412 579
1275 5820
3688 7506
1609 4917
2138 5023
770 8443
4013 8130
1574 3326
3474 5586
3652 9931
5437 7477
1616 2112
1273 5506
3402 3635
6584 9693
7050 9116
990 4673
2904 9519
8561 9139
8410 9530
56 8353
4917 8912
3100 6659
1975 8803
4707 8798
1556 8455
5654 8712
2339 5998
314 8445
4318 8037
6355 7126
2198 6877
5360 9430
8139 8188
2017 8299
1352 9071
1903 4388
2637 8593
127 1639
6147 9878
5023 8311
1529 6410
2154 7452
4037 8342
790 3967
2382 9306
877 4338
4685 9755
1406 5214
3809 5383
6449 9780
1163 6815
3345 8643
424 8555
6265 7483
4088 5698
6886 9328
4824 5578
2407 9217
2356 9177
1901 2928
1318 5438
763 5094
3565 8609
1713 3463
7481 7629
5128 8655
7872 8434
2535 4335
6609 9169
6111 9594
5114 8780
2039 3978
6487 9579
2805 7251
265 7165
2273 3837
1121 5453
5837 8876
290 704
3801 9989
4145 9046
5372 5484
1791 2171
6835 9714
23 1835
3609 3869
487 1016
3711 5486
5045 5588
6643 8541
1345 6715
1023 4259
7770 9876
5043 5157
4679 7551
3536 6968
3119 7543
4526 6556
4811 6337
467 9657
3733 5696
152 3649
1925 4701
4905 9152
8097 8250
1262 6588
3750 6445
6215 7910
3450 9836
2987 8255
5796 8892
909 9760
5836 7392
3148 5697
6873 8504
1116 3063
2559 7837
2546 9458
260 9726
4325 5932
4546 6383
1516 2211
2696 7033
1012 6986
4937 5678
1120 3055
427 2219
1860 8961
2979 8731
3828 8493
3281 8940
4982 9990
572 6268
283 973
450 1768
1068 2060
2303 7710
3179 9452
5069 7954
2903 3432
1167 8393
6382 9441
4876 7113
5228 8129
2762 4199
9102 9903
10 443
4940 9506
4653 4815
753 3404
8525 9564
187 9360
356 3849
331 6529
201 792
3290 7400
4949 7795
723 1874
156 910
1634 2122
3046 7370
1644 2214
577 4625
2697 3857
291 4939
6160 7936
476 9250
4854 6539
2128 6491
2920 6654
389 8528
3035 9037
3578 5445
8335 9422
296 5532
774 4588
1192 3743
601 3179
4530 8025
3752 4382
8607 9388
4009 4820
301 4668
5152 7943
7609 8096
6514 8104
3819 9608
1051 6923
548 9893
3447 7954
777 9555
2250 9719
4740 8430
2091 2589
1899 3039
680 4145
1549 7494
3282 8509
3864 8498
5779 6191
544 4926
805 7684
2737 3070
2063 9781
1921 4380
3020 6171
1586 7980
3717 6800
4730 4844
4758 7513
1377 3567
5462 7265
2426 4016
5584 6970
5288 9861
243 7102
4401 6812
2519 3594
2680 6923
2523 9149
1866 8856
5379 5423
919 5019
2213 3627
825 7799
7284 8395
2890 9432
314 4513
5308 7484
3086 9496
1901 8314
5352 8617
182 8973
2397 3450
3766 5241
1596 3167
2735 4969
61 1206
197 5792
5348 5698
2306 4082
2453 5225
3006 3010
1777 4435
1399 4045
3830 6933
2661 4395
8627 9054
4795 6445
3418 3629
765 6690
2040 9911
2285 9050
1893 6020
8723 9313
2163 4996
398 2583
1689 8819
8194 9760
8280 9398
3219 3761
2729 3762
946 5248
7384 9204
5623 9172
3141 5414
3393 7927
2218 3621
1043 4181
2084 6227
7239 7442
4504 6193
278 1114
932 2197
3109 7705
296 7266
1582 8659
3335 5981
5277 5643
5060 7744
4571 9810
1184 3164
246 5836
5019 5530
901 6964
3120 9389
1437 4321
1463 7456
3159 9377
639 7191
5370 9267
4067 4286
2651 3271
1638 4498
9030 9908
3331 6293
4490 8960
286 9210
1924 9141
6778 9548
2053 5862
346 1173
2676 9785
3565 6070
2898 8187
3129 8363
4866 7506
1267 9039
7347 7362
2875 8624
135 9769
793 1752
4259 5931
27 9508
5105 6455
5869 6525
6563 9927
4344 9527
5327 6417
5307 9023
3857 7312
1073 4216
1666 8330
2426 5264
2654 6462
1352 3630
5876 6365
3847 7342
2421 3746
7471 7797
4485 4811
2495 6454
6061 6626
4440 5713
4893 6720
1803 6985
1759 3119
235 5583
860 6903
3495 5630
1517 7380
4737 9415
480 9253
6916 8821
2245 5590
4267 9761
4423 7313
4656 4765
105 8499
4251 8256
482 7180
6618 9508
767 6578
2247 8366
2482 7612
3192 4081
2458 3931
1220 2736
2087 7627
7713 8738
276 9511
5360 6069
8245 9797
5401 7702
420 9469
5661 6193
3489 7543
2073 3326
3259 6681
5859 8562
169 7934
713 7379
282 6635
5557 6043
486 3404
1865 8672
4930 6796
1333 7480
2909 8017
7804 9100
1618 8191
4099 8234
2687 8294
5637 9782
110 9523
1676 3074
1536 4442
790 1658
1053 9584
4570 7887
2530 8795
2991 9083
2073 5081
5347 5593
2341 7408
9513 9586
2415 4093
1924 3420
584 1642
8103 9250
353 7602
4249 5310
679 2739
6462 6522
914 1833
5691 9386
7378 8030
1109 8891
1947 7253
726 2705
1124 6342
3498 9165
4627 6907
2334 7470
6991 8394
90 2063
1954 5618
795 3199
1726 4323
1732 1929
4356 5660
4834 6616
1390 8748
3824 4925
1294 4897
6339 9438
742 897
1838 8735
8743 9507
895 7522
4799 9404
4748 6311
1541 8733
260 3376
3312 5917
6201 6773
4017 6057
2140 9320
1545 3513
1045 5461
566 3096
5774 9305
1599 7719
1806 9966
511 4412
368 3581
4774 9303
7373 9251
5411 7025
4407 5759
3685 5037
1240 7247
5008 6457
2813 5321
1864 5623
91 737
7 771
2336 9691
1904 2086
5434 9306
6353 9359
399 2189
5273 9886
1627 9418
5155 9358
1874 7943
2251 8335
3018 4110
1434 7679
852 4967
6658 7973
3069 5908
1375 1964
2628 4734
5437 7398
4624 7650
5218 5897
2241 7111
2040 3383
6111 6429
609 3026
339 470
2776 3966
4607 7205
3711 7545
744 3000
7857 8406
487 8901
3513 3896
2943 7159
4967 9428
383 2080
1267 9119
7021 7528
1906 4456
637 7897
924 9310
2358 6107
2930 7299
3641 9059
984 8569
2347 3242
99 1103
6625 7799
2019 6702
2330 4128
4386 6082
6035 8682
1346 6606
1228 7182
5420 9402
3513 6528
7871 9087
8117 9452
3332 6345
1303 1488
3573 9947
4298 9773
8689 9409
324 7722
3503 6817
825 9578
226 4108
4519 9697
1248 4685
5497 8270
531 2464
4176 4927
728 6257
940 5662
2794 7146
1883 6962
5942 9156
659 4309
8497 9275
8432 8813
3717 5902
1381 5986
5157 9318
2855 9874
2996 6489
4235 8074
3254 6739
125 1742
1066 8584
2937 7378
5216 5723
5276 9540
2036 3936
3311 8630
6578 9001
5165 7410
3214 7989
1334 4685
5752 9801
2508 5666
3509 7559
4290 9403
2638 8425
764 4037
4195 4591
800 834
4260 9167
3638 9844
6632 8993
6343 7107
379 5545
5806 6942
5551 7375
3498 5095
3974 6455
1043 4107
1100 9769
562 1108
3503 7589
4181 5094
5397 9572
9267 9813
3905 6770
6388 9478
4904 8768
514 6469
5260 7943
2297 5681
723 5147
6276 9387
3237 8456
1694 8331
649 8812
1140 4700
3444 7158
4159 6485
4407 5465
5444 7425
3887 8141
2810 8886
4966 7019
4508 9450
2803 5762
2904 8624
6134 6571
1019 6819
4312 4741
4358 5482
7454 8102
2630 9234
4127 5354
8813 9125
443 5233
7010 8921
1807 9316
5484 5658
5486 5869
6659 8291
5432 5884
2466 7817
3521 3853
794 6801
2997 4241
6100 9013
1599 5727
7922 9995
4928 7243
4602 9063
3592 8586
7846 8495
6378 8642
5756 9353
1667 9707
5240 5659
3525 8254
3932 9748
5217 6813
6141 6579
6764 9379
4557 4562
7855 9434
3882 7983
7593 8786
4440 6522
2779 4635
6842 8251
6639 6970
8576 9764
2913 5095
1688 1932
2376 6862
2431 7985
5723 6331
1466 6959
4223 7150
5461 6715
1496 3090
2974 3337
202 5550
3588 9502
3644 7820
658 1032
7881 8408
8107 9165
3069 8563
2205 8840
2204 9802
1493 3066
472 5455
4166 9058
108 6842
1547 8303
4294 8385
3469 5811
2800 7432
3171 8262
2967 9940
1603 8813
1258 7973
5979 8049
622 9852
5164 6834
125 2708
2615 5045
2204 4440
2862 3744
350 6944
9315 9687
2740 4609
114 8630
2429 6632
600 5954
2742 2997
3792 4134
3982 7733
2701 3919
2845 7801
581 9748
1707 9414
1585 3196
6228 7118
5305 9571
419 8647
167 1758
1083 8977
2943 4293
158 2332
3184 7699
255 2742
1125 5802
1433 9267
2897 3456
3533 3776
3484 5289
8271 9731
2292 2826
3037 7848
1053 8220
3497 8641
4057 8650
4323 4936
6697 8422
588 1664
91 8976
1738 3525
5602 7648
2079 6094
3003 3062
5428 8550
2812 8059
4593 7123
7056 8124
488 975
6101 6852
621 8964
5853 9422
3716 7928
3796 6156
4820 9509
779 3677
4100 8479
5504 8417
6523 7807
3580 9224
1191 9562
6827 7808
1163 7459
6180 7757
4416 5335
3126 8472
4102 7525
3163 8507
4636 9054
926 2420
8514 8754
5051 6499
672 2803
5945 7363
513 8005
5823 7839
1079 9441
3536 8857
7188 7328
2989 3516
3843 6397
1264 4650
8965 9479
1712 9742
7766 8911
1639 3840
4225 6785
2130 8734
739 2315
1357 8170
859 6049
2644 7991
64 5808
219 3420
3516 7094
2706 3334
1272 5675
6504 8750
2065 2100
1744 4062
230 5018
3177 3891
7895 9192
779 1920
3563 6377
5512 9348
5228 7232
5302 6631
1766 9589
2424 3852
5807 7786
923 4529
1567 6044
919 8006
5035 9229
4990 6975
201 9410
4686 9158
6150 9144
4190 4241
4635 7623
5546 9466
254 6020
5595 9322
1859 2730
1049 8752
715 1617
1406 4303
456 3145
3126 8532
6987 8452
2426 2532
4969 8196
2303 2709
2401 9829
2595 4467
5215 7360
2825 8217
247 1848
1132 6657
3350 6318
6035 7598
2969 4884
4103 4134
5284 8228
1577 2403
3661 8611
3255 5164
3076 9401
3600 4880
4321 9763
7639 8589
7355 9811
288 6999
5904 9847
6247 7239
4615 7820
1857 7195
2747 7200
1864 9569
2221 6319
4259 6868
6202 9048
4320 5151
7862 9959
1135 7020
1563 5343
4110 5608
2818 4379
6591 8961
785 9732
4692 7088
3647 9515
1516 1809
4858 9708
3299 5373
3731 4627
1887 2513
8528 8835
4208 8383
5195 8951
1882 7556
1526 8548
5487 9191
4512 9204
2322 6044
2549 3981
2913 4067
6084 7430
5477 6935
5658 5866
3530 6108
2906 5503
5872 7239
1439 4065
2879 5017
3492 7755
8174 9299
549 6429
1719 4917
5941 6407
2660 4488
1982 5938
2536 6979
7167 9502
4150 6378
2672 8529
268 8633
5596 6146
2420 8294
1733 8793
1930 9264
3967 7665
819 3504
640 8892
2486 3277
1724 2215
3839 4990
405 4838
2356 7167
533 4082
255 3181
6693 9570
2296 3409
1548 1865
2087 7013
1666 5006
7347 8469
1498 8091
15 9768
3331 5680
2934 6554
5901 6112
2088 4795
2382 7142
937 6513
334 8305
1031 8477
3950 6964
1893 4715
3541 8261
3067 3517
59 9696
3263 8489
3566 5131
11 6971
6027 7972
2610 4422
3833 6652
4958 6212
106 814
6804 8751
5368 9177
4092 8767
6061 6879
2921 6530
7108 7924
1300 3394
1675 2063
937 4684
3538 9714
6663 8659
945 7542
1876 9964
6131 8249
2166 5274
1500 9955
3961 5841
2838 6273
3271 9179
2375 5165
2886 5439
1943 3871
1969 4216
3764 5256
939 7484
6194 8187
5016 9564
814 2170
5839 8262
2179 7623
234 5033
366 6841
1802 4878
2065 6752
397 8488
6383 7920
5082 7825
1262 7158
4741 9447
164 5526
2229 3413
1897 6712
3468 9091
3275 4865
2738 5830
4036 9734
3139 6808
2789 3190
5047 6074
2850 7085
1795 2258
2537 2559
7572 8537
3023 7419
6947 9462
2325 2788
2418 9253
7684 8436
1069 4780
1774 9298
3989 4940
4175 8935
1661 8451
3308 3732
4349 7359
1089 9327
611 3174
1556 8087
4261 5691
1730 3361
749 1324
1744 2425
2127 6603
3682 8737
3298 8571
2695 8715
8403 8498
1248 8746
476 5474
2157 2672
1408 6367
2507 5755
3556 9079
753 8879
909 3664
119 2504
5577 8773
8379 9273
1890 2324
4287 7209
380 8717
4583 9825
1093 9490
5633 7287
4870 6530
6150 8430
2521 4369
7053 9008
1802 5434
1673 3050
7947 9132
5320 7644
2616 4104
2616 5217
2981 8785
6880 8786
3533 9284
1980 6377
895 1653
1041 8120
1323 9341
992 7075
1265 4806
1805 8626
3895 8548
6404 9927
3539 3985
1226 4364
2460 2493
121 4832
3041 4503
734 5232
3127 9563
2428 3579
2110 6969
3943 9199
2776 5072
8899 9613
48 7554
1176 2418
5107 9246
2204 3550
581 6384
506 9081
5032 5510
3623 6513
699 3936
2085 6658
5707 5904
133 4558
6420 8133
1970 4993
366 1980
3937 9968
3578 6003
3652 8357
4437 5054
1375 5376
6844 7336
388 3586
8997 9093
7642 8318
3857 8838
5117 6419
2586 5339
323 2105
2096 3126
1003 3808
3451 9074
7162 8912
4338 9769
2202 9312
1827 6884
143 3647
6917 7100
1128 1637
6782 7572
2030 6745
847 1324
4216 7864
98 872
8100 8998
5023 9293
526 7835
1917 8129
2071 9338
6831 9133
3349 7652
3622 9631
7086 9338
3891 7618
1718 4742
8586 8777
3724 6435
4072 5297
1870 4572
3657 5016
8255 9627
1789 6139
3046 5086
1805 6093
2183 7175
2476 4134
1193 2656
626 9957
5679 7466
5278 7377
3698 6269
4802 6944
704 2030
1359 4910
6420 7750
1275 5928
2317 5416
3560 5742
5284 9150
4709 9020
214 7211
6067 7099
3168 7506
3879 7750
3343 6187
152 7163
1486 2653
1333 6453
2872 7703
232 679
2364 3175
3828 5097
1631 5732
1774 5802
3951 8246
1151 9551
1910 2480
8643 9035
2713 8162
1453 5171
669 732
2067 4022
3615 4096
1187 4864
1303 2436
7016 7381
1575 3431
7086 7672
3050 5752
4545 4719
2497 2996
2374 8158
7002 9164
272 2744
7269 9498
2594 3989
3870 4013
14 3276
311 6364
463 5923
4499 9238
212 3914
2984 3349
2068 7875
3346 3354
5159 7625
1738 3895
52 6998
903 5767
2582 5884
2598 6328
2105 7789
9231 9859
7738 9288
6635 7187
5376 8778
2955 6574
461 5281
3465 8170
969 9519
9 3274
1139 5092
2823 7121
2783 8593
6424 8611
3363 5572
318 9159
7379 9970
625 9162
444 1228
537 5433
6395 8967
1223 4322
2767 8118
3688 8923
1226 5542
3201 7071
1692 2449
1868 8908
1226 4062
7493 8930
401 1557
6420 8562
3499 6184
6410 8552
6323 9783
6784 9144
1063 4903
974 1747
6464 6718
4518 5815
365 3195
5749 9959
1682 6669
303 1362
243 6481
3119 7852
327 1262
1106 4305
2492 4110
3157 6980
1990 8954
3778 4110
6171 9569
4181 9987
743 9638
744 2466
6348 9536
3647 8365
438 2361
3450 8308
1459 3640
5582 9370
4725 7480
2364 5215
5742 7155
2656 3641
4548 8585
2445 3028
1409 5056
6627 9654
4227 5737
1561 2159
436 1892
112 1695
137 3226
744 2383
3724 6899
2733 8922
2867 4831
2141 8842
2846 3304
1815 9724
2282 3367
2191 6533
2194 4083
3342 9401
4044 6802
368 577
4617 8162
3481 5767
4582 5612
2621 6403
8435 9203
5464 9622
8276 8732
0 8085
1815 2463
6807 6829
3114 4430
3633 7577
4713 6063
7376 8216
323 7712
5868 8796
1084 1950
4215 6439
6578 9124
1550 6675
3658 9496
3073 6217
5247 8535
2376 2451
210 8934
1189 5695
1585 3676
5452 5765
829 2980
572 6876
2105 6960
2977 9583
6058 9304
907 9503
152 1882
146 784
110 2456
1226 6483
2934 5226
2471 6157
981 2851
912 9264
4194 9268
3349 5501
2732 9619
5561 5685
1185 1308
7346 9228
919 6904
44 3431
4413 5024
3008 5519
827 1653
8551 9562
5859 8787
4376 7249
4617 7366
5809 6596
1865 7326
2528 3875
3633 4946
3145 6998
476 9563
6058 7787
1226 4977
1977 3709
6049 6473
6777 9601
2010 3206
1633 4370
6272 7893
779 5500
2460 3340
2694 9257
208 6417
2126 5585
3649 4860
1684 1807
4376 5060
1614 5344
5799 8501
2240 7336
627 3180
386 1458
773 6550
4785 6078
4922 6083
172 7060
88 168
3612 7527
1875 9981
1663 2885
6516 7410
2958 8582
2103 6280
603 6226
1519 9243
3206 4292
4267 8854
3377 9243
6454 7560
6287 9333
1321 2937
6098 9517
8520 9278
319 7405
4075 5021
3188 6859
2093 2980
1872 6832
431 8669
1199 6400
303 7625
1149 7867
1609 3879
1403 1753
143 735
6 3553
7281 9163
6517 6691
2386 7424
405 4401
1971 5923
8184 9997
4697 9237
1944 4439
3358 8945
4648 8468
2826 6824
5937 6717
7173 9256
5557 8354
4227 7690
2626 8583
782 8221
1311 5125
9545 9933
4245 6721
4733 6639
7827 8576
605 5120
2996 8601
4331 7068
7968 9772
312 7966
3768 4962
3335 6421
8240 9546
750 5770
1919 9101
847 5739
6701 9962
6856 6907
1734 8030
4487 9812
3718 6712
554 2993
452 2383
3435 4257
2118 8179
6561 7218
420 6873
1973 6924
5499 8867
5994 9874
6530 6667
4309 6088
8640 9162
4972 8122
4819 8402
3823 6965
2834 8635
2492 5147
8089 8688
2498 3106
1152 6712
4020 7109
2536 6041
3666 7704
3719 8398
8497 9845
1308 6203
3759 4099
4995 8921
2878 7401
4061 8593
8723 8889
190 6388
1435 4639
5948 9372
4593 8179
1680 8130
8616 8746
3784 5505
5817 8162
2253 5283
818 6395
3981 6745
3533 9020
3196 6829
1536 6787
5847 7017
9301 9548
4035 7767
251 8389
297 8810
2556 3654
4687 9893
2 1021
2161 7214
3351 6461
8655 9987
7307 9223
437 634
4044 5790
2598 8010
2289 7791
16 5426
5040 7262
2400 7802
6609 7454
2464 5506
7083 9792
2859 4619
5785 7446
1684 9957
6211 7175
1026 2796
8233 8995
6598 9956
1074 6373
3539 5213
6101 8500
1218 8923
3047 8158
2276 8737
5352 7602
5369 5815
881 1285
289 1515
2728 3029
399 1700
2070 4907
4692 6614
7166 9333
2993 7762
1992 6178
636 4245
475 5081
8047 9615
1343 9807
2310 4087
2964 5674
869 2558
2033 8076
2617 7338
5026 8808
1230 3435
462 1270
2820 4653
1480 5424
6915 8588
2357 3964
7423 7554
2272 6494
1347 2849
1679 8984
4362 5064
3226 7079
5082 9367
1129 1469
2725 6946
3661 9110
254 7960
8064 9517
328 2487
362 2676
521 2996
1497 8871
1309 5413
5431 6431
2304 8864
2929 4988
6601 7441
3647 5825
7013 9045
9372 9969
8161 9624
337 1218
1492 3902
8983 9381
1196 5209
693 1186
5843 6767
1995 7042
6142 6600
420 3133
75 6651
3001 8048
5329 8996
1288 9127
6200 8668
693 8178
7067 9252
3522 9323
1350 5846
7510 8972
197 6725
1060 7415
4511 5792
6585 7509
4386 7997
2468 8215
7539 7715
2135 6977
1561 3714
452 2092
8861 9708
3080 4531
1596 4288
3063 8067
3286 9779
754 4387
3164 3969
1527 1807
410 9096
457 3572
7170 9581
1602 9878
326 4756
789 9979
1017 8944
5881 9228
1645 5924
7264 7876
518 3234
5972 8222
1222 4472
6333 9397
4746 5892
841 1225
1391 8711
5071 8744
4185 6597
7056 7865
584 5600
877 3578
209 6125
164 3196
1594 3686
1782 7961
8775 8970
183 8797
3779 4517
1654 5149
8 8730
2698 4508
2549 7995
7415 9682
3166 7182
4035 4631
6245 7097
825 5766
1451 4196
6211 7047
5442 7038
5155 9457
1616 4971
4212 5389
499 2522
6365 6457
4030 7254
2169 6496
2414 9648
9488 9807
3500 9262
1077 5568
4178 8611
4994 6834
2322 9087
1907 6940
2097 6441
2143 9574
1436 8448
4575 8098
954 8243
8515 9710
2145 9178
3400 4522
7106 7174
3639 5801
4740 6048
1998 9523
2857 2884
9480 9592
1415 1974
1392 5107
6658 6946
5125 9963
3990 9526
5027 8713
2503 5784
2056 2345
5865 9012
2523 8148
6045 7085
1523 4538
1895 5467
2958 5906
6706 9302
5739 7321
4637 9410
958 6309
5757 9585
5807 6726
170 8889
4971 9938
3957 4237
5521 7646
7307 9132
5623 8867
1027 6846
6865 9899
1591 9404
3312 5530
2707 8061
798 1458
4816 9571
1587 4933
5482 6798
260 1759
2420 7360
3673 5457
5386 6315
8876 9053
6815 9108
1770 3989
2833 5172
5017 9500
2176 3603
1927 9636
3959 9433
1635 3442
2638 6162
5460 9754
3332 6506
1409 2503
1230 8753
1413 8174
2750 3115
4079 7329
110 3550
1412 8160
184 9133
3037 4161
2795 7474
4823 8332
2992 3928
436 2873
744 5750
2827 7563
67 2051
2865 6196
6243 8260
6925 9810
5020 9426
1686 2367
98 3557
7605 7763
1026 3549
514 1075
4319 8391
4253 8759
2405 7021
8144 9070
291 5070
3188 5295
4240 9372
2995 8748
1836 9862
4471 6949
5322 9027
5109 7172
2211 2894
2307 9623
2660 3516
3776 5175
2442 3219
196 5920
5789 8736
3169 5966
4309 8777
8025 9840
5457 7060
654 6524
2870 4698
5426 9282
5118 6015
7035 7422
713 5256
4227 9821
3523 5557
6402 6418
1396 8180
2729 8364
604 5147
2356 3243
5903 7407
1510 2691
211 9481
7220 9012
7479 8510
1732 7575
352 8619
2013 6373
3052 4642
3391 9858
6498 9121
1713 9258
888 3242
426 5458
6610 7904
1913 8198
7261 7997
2912 9873
2653 4152
1320 6499
6620 7750
3304 6855
3874 9224
1802 2067
5749 7764
438 5741
4774 8696
2290 7409
2853 4590
6393 6943
3 5183
724 2147
2787 3929
811 7652
1320 4108
6249 9341
3682 8097
3219 7499
228 7764
1685 5478
835 5177
1049 5147
6745 7622
547 6398
3693 6475
4321 4429
2814 5311
4742 5759
4270 6350
3396 9038
3498 4863
4087 5863
165 4867
5594 6751
3163 6781
3127 5330
3226 8788
2193 4893
1297 9173
1151 8009
4880 8294
3584 5844
7491 7638
3662 9669
743 1280
4149 9013
1251 8794
2738 6626
351 2387
3715 4672
3985 7012
3365 5493
340 6131
2892 4507
5864 9701
329 4070
4796 7755
1765 9935
945 5015
1088 5543
1968 9299
1844 5677
160 1058
1021 7040
49 8217
3777 8589
5291 7799
1066 7869
4125 7932
5977 7421
3603 9618
2461 5820
3356 6715
6340 9494
2447 6422
1360 4845
6087 7954
6036 7239
7339 7636
2215 8266
4641 4904
3291 7284
211 3255
3086 4594
3353 8212
3464 5176
5102 5667
3381 5288
2376 5548
2542 5680
3609 5100
3532 9559
1566 3671
1378 8594
4036 9201
3254 5278
5598 7404
6475 8151
2561 9483
3304 8041
949 2745
5282 5466
8575 9100
563 755
140 501
1881 2839
295 7802
1711 4906
5460 6354
46 1274
5763 8127
1818 4050
3508 6930
5788 6027
5542 8370
3541 8505
1735 6020
1298 8937
1981 4620
945 6227
4197 9421
3567 4856
1170 5846
3135 4065
1168 7372
8480 9286
6121 8897
4082 6529
5358 6241
6553 7730
560 9147
7477 7743
1275 2539
2573 3832
377 5944
6012 7150
2312 2662
3390 4223
2898 5889
1942 7298
2070 6193
4062 6538
1859 9170
610 2428
4328 6262
9398 9426
7802 8940
7925 8528
3422 9929
6462 7331
3709 5006
7203 7686
1746 8886
6035 6738
1194 6409
8656 8728
6565 8824
2621 9460
3628 6074
6506 7285
1177 3673
1899 5806
2752 9326
1620 3593
2132 8121
5796 7178
5645 9011
3678 8714
2274 4856
2437 7349
604 859
5751 7461
5752 7291
662 2404
3654 6691
5410 8089
2993 6501
2372 5026
3989 4294
6367 9110
542 3961
2665 2807
421 2331
5216 5327
1828 8629
2520 2785
361 7202
2339 9843
845 4888
3862 4033
1051 7629
1483 6857
3177 3572
399 515
4455 5639
1597 8732
6789 7787
1000 8998
3942 8467
910 2609
5760 9847
662 7739
3233 5953
361 8944
1441 7128
224 2656
1111 6374
4201 6836
2716 5222
589 9874
4450 7042
118 8108
1821 8061
5117 6590
6530 9760
4657 5056
1903 2259
7461 8691
5604 6415
2093 6965
2146 6054
1113 9505
971 1227
3367 4204
1132 7477
4872 6706
3464 3811
1187 6549
1868 9390
2393 4163
5436 7483
3251 6729
1965 7256
8905 9022
1533 5978
533 3205
1975 6149
4503 9654
4724 5011
982 3204
1809 5835
295 7915
6969 9380
1065 4623
1065 3589
816 2230
8968 9444
5376 7922
5004 7451
1552 1607
6173 8718
411 6931
6298 8915
7258 7575
3341 7542
340 1577
435 9082
7382 8630
9490 9652
595 8521
4522 9146
2689 9987
4507 6949
7047 9885
1491 4241
3175 7959
2731 5716
6531 8414
6549 8270
1692 5131
332 2283
253 2110
1290 9134
2678 4817
101 5170
4843 9319
667 981
2458 5111
2104 5980
2869 7998
1794 4608
7700 9314
1612 6807
4383 8025
3256 8138
959 2712
936 1664
1315 1631
547 2270
776 4393
1393 2852
3769 6800
7054 8066
82 8354
114 4060
1701 6589
7281 9028
6319 8252
1855 5666
4560 9982
7340 9757
5448 9895
3741 9840
7650 9745
5265 9526
482 3164
2652 3317
7197 7551
4445 6017
5160 8546
261 1340
4482 4998
5170 7824
60 9177
1408 4338
1817 7217
1545 7370
5117 8610
1041 9225
1615 4647
3526 4489
982 5939
5237 6133
1899 6657
8645 8743
1010 1514
951 6056
261 3782
2163 8869
1791 3738
4274 4578
6757 9332
2289 2530
5179 5379
5596 9408
2652 6373
1739 2163
6225 9188
943 5304
2994 7054
445 4284
4395 9354
3678 6508
1739 7959
7359 8810
3417 8275
2003 4231
4216 9226
2550 3622
3625 5093
3935 9697
145 5449
24 7119
5593 5838
5271 5388
6945 8766
1224 2460
2283 3122
785 1334
1305 7747
1258 9856
1076 9198
2140 4675
5634 7962
4631 9910
5073 9712
5781 9638
4072 7803
184 7815
4329 4558
3508 8739
4827 7877
1076 8637
4923 8555
6492 9104
5841 7045
164 4181
7652 7968
6126 8714
3270 8261
3712 5175
2145 6030
2652 9590
4806 5261
7248 7334
3788 4525
2694 5236
6656 8601
4638 4985
2090 9704
418 5830
1576 8799
1492 7850
251 8680
8332 8981
3976 5171
1390 2477
760 3725
474 8914
5341 7864
2985 9375
2626 3572
1448 3787
293 6027
7572 8319
599 9204
3108 5196
428 9253
9304 9377
453 3987
333 1269
3091 4983
1258 8369
1120 5766
3162 5618
2473 9099
8654 9893
649 4883
2436 8013
5618 6091
2624 9402
1654 3327
49 2865
623 1050
1098 2040
284 7667
1207 2996
6205 7460
582 5859
4442 7882
4661 6217
1227 7203
2798 8075
4745 6361
216 6264
2602 5184
865 3274
3215 7979
622 3290
92 2466
1063 7328
6551 6950
2161 9161
1245 4001
445 5583
5292 6565
5094 7575
1360 7230
5410 5499
1320 5667
973 1086
1811 9056
5018 7750
1219 3615
3745 9772
3876 8779
5142 9110
5998 7798
93 8704
5704 7888
964 5442
4232 5451
1792 4657
4169 7422
1665 7464
2045 2507
11 1389
4515 5245
3848 8362
4834 5327
5205 5322
5342 8454
373 988
2825 7427
6448 7818
3617 4007
3638 9315
4928 8407
1125 2693
1308 7394
528 9837
6424 9092
3478 8820
5492 9657
1033 3889
4794 9021
2348 2870
4487 4514
6738 8469
3938 9155
4023 5728
7647 9509
8544 9466
1608 5243
771 6286
3256 3837
1579 8451
5731 9679
6117 9390
4929 6463
121 2118
922 6740
2440 6323
6878 9919
6250 6502
2490 8705
5069 8472
904 7400
6900 7933
2641 9040
2836 9056
4566 5038
5399 9992
4331 7218
2612 6597
8101 8257
932 8851
2476 5359
1528 2149
5925 6825
1597 6044
7269 8679
2176 6622
3509 5763
4587 6346
483 7700
2942 4241
7387 8219
794 7771
4570 5946
1906 4452
1783 3031
6737 9295
2084 5576
1794 8975
3467 6223
3542 7699
582 6021
5778 8999
3033 7743
40 7726
1064 4490
2935 7651
4624 8909
6791 7363
3177 5728
7958 9752
8203 9754
3943 6395
1650 4077
2356 3077
3967 7925
1584 1740
1854 4766
238 4245
2640 3961
6226 9454
2420 4109
1324 6374
1081 2975
116 2117
686 7692
7973 8724
6734 6901
1948 8243
2177 9924
8092 8327
677 8027
649 1231
4041 8464
349 5228
1304 4424
5451 6041
4282 7586
5824 8692
3613 6823
370 5454
6625 7163
5841 8800
1560 3633
306 2750
242 5845
338 7921
8167 9514
5830 9560
5865 6484
4285 4925
6554 9318
1470 9729
6025 6123
3722 7457
668 8699
1414 4349
2961 8673
6626 6800
957 9905
7383 7479
4762 4808
1805 4142
2745 7037
417 8704
4316 5460
6101 6726
890 8894
46 9458
5067 9603
919 6814
490 5317
3467 9063
554 3876
3992 4299
505 7839
3200 5753
5860 8185
1266 1728
3403 7342
5765 6570
8452 9625
645 3573
5125 8328
4310 6622
4283 7537
1018 5661
8574 9175
3178 7844
6034 7816
4698 6313
7104 7725
5059 7993
7170 8419
6883 7365
4208 6934
3718 9041
7484 9341
2478 6215
2886 3441
4821 5345
2795 4354
2984 7298
2925 5496
5624 5756
6663 9886
2970 6634
2616 4174
748 9846
3926 5344
2043 3493
2633 6434
882 7474
4821 8470
1265 6530
964 1054
3766 4339
3728 9298
4612 6182
5625 9575
2892 3405
8045 9063
602 7458
2180 9612
3522 6598
1398 4542
8531 8808
4049 6295
2210 4285
5803 7503
6494 9649
5825 6789
1025 1405
5549 9248
4438 5402
1971 2112
1906 5015
2319 9733
2345 7331
441 7984
2380 4104
4026 6875
1000 1055
644 5153
2413 8025
3533 7504
619 5509
5772 9735
657 3223
3255 7798
2533 9022
3112 3441
3348 6037
4279 9422
292 2664
2782 9679
980 2011
2349 5159
3120 3780
49 429
6890 7003
5571 8958
1052 8277
565 4494
459 747
363 9744
1722 7532
0 3859
6418 8729
3841 5871
2659 7701
3061 6885
3663 5055
3033 7827
3846 5217
4411 6522
571 5374
7843 9105
2526 2650
728 7527
2733 8966
5818 7529
110 9660
5950 7145
122 1535
4957 7519
1456 9345
1129 3363
880 6424
149 3113
1695 2788
6039 7547
2786 9548
4614 8551
3210 4720
9173 9636
4739 9421
6733 9873
4062 4444
6575 9802
572 4848
6369 7650
933 2217
4027 4208
968 3188
5740 7052
4754 6676
4092 9426
753 2825
5840 8887
8527 9924
2300 4840
2301 9143
702 2377
5849 7555
5156 6634
4912 5450
5476 5843
6508 7442
3637 6136
2693 5891
513 9340
3077 9897
859 9572
6335 8785
598 6150
5201 9189
5143 9550
2894 5619
6197 8739
3608 9311
6754 8466
5569 7881
661 9608
3027 6644
4519 6852
6379 7777
1285 3302
6937 7613
2096 2242
1261 3143
953 5044
3136 8612
1483 3735
1185 3383
1268 4949
4196 5486
2569 5824
3888 7660
8677 8714
2051 4188
2171 6996
5765 5928
4160 7699
9180 9878
2367 9220
1292 8981
2671 2867
358 7201
9645 9783
7589 8080
8112 9698
6150 6739
282 5941
375 7098
4997 5076
4883 5414
428 7988
743 3314
522 9450
416 8224
1722 5641
2278 4551
3954 7764
1112 9753
4156 4911
6159 9835
3846 8929
6958 8916
6904 8718
125 5563
420 4074
363 1172
4228 5888
2931 9905
7026 9821
2221 4913
2036 9313
2256 4613
1211 7163
6468 7182
2452 8578
4516 9435
1839 6849
1249 7256
1946 3644
4172 5728
6086 9808
800 2780
996 4910
4182 9536
174 4479
2976 4626
5149 9853
2044 3917
4106 8469
1288 6825
686 5863
2133 7153
2799 4614
6570 9732
483 2715
4092 9675
5705 6651
3686 6446
2364 5722
3210 3924
426 5421
2486 6332
5433 6137
779 8452
1878 2600
3152 6981
951 2970
365 9112
2146 4797
4089 8932
6978 8805
8795 9345
5851 8667
4313 4426
6126 9868
1647 2302
1675 9686
4838 5896
5156 5518
2672 9637
1877 4505
6510 7139
1804 6842
1473 5735
1477 6644
4763 9237
5424 6567
1575 6363
3216 5735
4390 9821
9311 9457
606 2616
1666 8464
4022 5401
4779 7773
5321 8225
5067 8388
6173 6783
609 2945
5261 6923
6327 6761
6552 9912
3781 6466
2777 9537
3879 5187
727 2224
3752 5846
6256 9942
3657 6376
7409 9028
6298 9073
5979 8634
2283 7212
5116 5435
743 9269
5044 7319
4534 9934
5870 6328
5127 5293
5290 5467
1541 8162
1373 5545
2067 9036
1982 8870
5040 6030
3471 9451
4182 4675
6420 7984
1978 5317
2924 3566
6211 8042
2186 4298
4430 4469
3520 5242
1201 2015
1678 9637
3519 4779
1896 7542
879 1929
5639 7402
2021 3889
103 4101
240 7156
3296 6639
423 8807
1639 7944
4660 9788
4614 6421
1929 2776
387 833
2170 4269
1666 5120
4833 9091
6922 7581
8539 8850
3277 9645
1157 2810
3335 8434
2868 8988
1550 1842
6227 9639
1514 2907
4749 6289
1065 5450
8219 8890
215 1173
8848 9561
4635 6939
7246 9316
5958 9121
1786 3402
3801 5375
6202 6598
2258 5773
3245 5881
481 1398
3333 4932
1400 9937
7779 8169
908 7730
5152 9762
2562 8595
8050 9385
4063 5750
855 1494
5172 7310
5144 5464
8027 8228
4057 8761
2016 8740
1611 8813
1381 7757
1372 7427
7010 8942
1851 6092
3451 6072
5642 6318
5365 8358
1184 7571
2725 5031
710 4082
4551 8957
6698 9364
1442 8723
836 6732
5324 7581
5498 9842
1454 5929
1715 7848
1335 7313
7669 8603
7346 9808
5928 6102
2014 9813
5458 8654
7917 9560
5455 7981
4524 9670
1141 9335
1275 4611
4965 5339
3093 9497
504 3758
2633 4199
380 1057
6011 8174
1821 2923
1637 8284
3936 8984
3387 4282
3645 4625
1290 9221
2918 3212
5791 7745
2565 7295
5964 9034
2553 6841
294 6578
9080 9891
6280 9112
5953 7931
3553 9944
9007 9909
757 4581
1574 4825
3622 8272
2173 4316
1398 4077
56 6355
848 8682
2676 8721
3430 5390
8865 9111
321 9821
3204 6087
9213 9703
3602 6984
5711 8391
1643 6967
3084 5661
5430 8036
514 1577
968 4939
1534 3431
2751 8492
790 7140
2555 6389
444 7060
2682 7332
2783 4726
1231 2173
7964 8878
6273 9517
6598 7973
1104 1600
1127 3124
7585 9927
3313 4956
3884 4811
4842 5550
1316 9316
4703 9251
2398 2993
1245 4672
1551 4918
7978 8410
627 711
4339 4591
746 5921
2267 5359
889 3717
5986 9012
4998 6645
4965 8279
5109 5985
3635 5695
934 5354
5735 7020
1211 6929
1896 2013
2587 9168
2643 5057
399 3026
5690 9214
4959 8954
7789 8553
2612 6182
3507 8223
2432 9558
3211 4715
2984 4860
740 3137
7611 9337
152 3005
9058 9520
8305 8696
51 7075
6465 7280
5005 5990
2831 3205
1510 6755
1060 3975
1486 3380
4107 5484
2572 2961
3976 4813
559 2721
4762 5465
4270 4913
413 6263
6987 9796
2803 5399
1408 8126
2890 8751
2219 5384
2052 2220
2736 9364
815 1463
1210 8353
4521 6072
1384 9032
1300 7628
1677 6492
8381 9773
1467 2211
6284 8260
1715 5869
6193 8727
3614 9797
1858 4390
3392 6009
459 7854
3294 8135
1780 2757
4593 8922
7528 7928
5947 8246
4977 5923
2380 2406
1246 9699
1990 9926
2677 5853
2231 4219
38 1574
2462 6407
465 8247
3636 6635
6663 8945
2639 2972
3583 5003
3894 5608
7239 9306
2304 6072
2568 5154
6811 8196
4282 8210
1189 8407
1885 6293
1861 3342
1208 7983
5127 6019
8133 8150
1662 9332
7712 9860
2575 3281
1072 9022
1205 8589
8671 9186
5526 9608
639 2281
2628 9222
4526 7274
28 3222
5467 9735
2585 8320
2285 4969
5106 6016
2942 6157
2840 7626
4361 6149
2526 4247
1530 3575
5632 8331
2643 7345
2340 5622
5550 5614
2069 2189
5244 7808
3653 4233
2599 4317
100 6521
1711 5189
2753 6029
2799 5531
4998 9230
5347 9079
820 7404
363 985
3000 3924
942 3036
3899 9611
2970 7532
4306 6621
220 6415
1897 3486
2992 8753
686 6414
792 3888
3720 7815
2803 5805
2170 5093
5399 6714
4708 7822
2747 3940
4411 4934
1114 3247
2912 6229
927 6798
4071 4986
7343 9272
4383 5517
4183 5726
879 1952
8752 8874
6056 6287
2603 5077
5094 9408
3292 7552
8278 8569
1210 6794
3772 7758
682 4757
2254 8094
5492 9973
2620 4249
1801 4104
5816 9456
6472 8727
4333 6843
2343 8087
2426 2781
1718 4686
1090 1752
1807 8633
2 4804
615 5047
1629 5131
3872 5798
5079 6045
8286 8380
1687 2959
2140 7594
1770 9882
343 2562
1840 2730
4314 4760
2330 2538
6232 6448
4495 5989
7302 7777
304 5641
3211 8660
5109 9903
6068 6939
5662 7609
1093 5066
5438 9399
1606 2815
1400 8064
1303 1357
2097 8552
1332 7029
4668 5779
172 8961
8579 9104
753 8801
3306 9185
8161 9194
291 7952
3737 4685
948 9234
840 1728
8875 9181
367 2269
1446 7102
983 6468
1300 9258
907 6101
9382 9806
849 3974
6501 9201
3694 5112
6410 9094
4892 5276
3578 5284
300 7169
8440 9290
9171 9754
2795 8425
467 878
6135 7554
3351 4130
1608 8191
1167 9598
3098 7001
1395 9487
1552 5785
5102 7978
2195 8957
6162 9920
3833 4990
7754 8454
1184 8943
3609 6793
987 5168
1321 2220
1642 9973
2735 3131
1555 3276
3832 4856
3834 4756
2173 5944
1292 8076
2860 3356
1960 9513
5923 8481
9304 9899
6263 9741
3640 9622
1208 8960
794 8980
4894 6790
5193 7686
253 7322
5240 9847
7623 8717
1687 6976
3554 4994
6258 8204
2773 8443
1616 8032
6393 9160
1642 3752
184 2362
154 9498
5349 6983
4195 8032
1505 8569
2905 4635
3659 9762
7599 9062
4398 6837
1260 2104
4252 8385
7861 8172
3928 9279
2447 4988
3354 6427
5675 5967
5244 6113
2534 3155
7171 8065
3525 8839
8816 9956
8444 9082
174 2405
4619 7673
38 7417
5885 9777
3986 5270
3441 8759
2282 9022
3719 5582
6437 6891
405 3020
8358 8390
658 5780
2997 6801
476 6268
2104 4541
2115 8568
421 9075
720 1281
663 3736
7953 8078
2477 8016
3649 7002
915 5732
711 8907
360 5948
6073 6680
2282 6966
6430 9109
3400 3542
4341 7338
4592 5641
7465 8380
2667 6730
6490 8624
6943 8682
2932 8113
7392 9272
1200 3827
2186 8758
542 6581
4959 6203
3901 8459
2972 9039
2928 8255
1512 7598
1784 5587
4891 6132
3138 3441
4363 9891
3544 5581
4827 8442
6021 7587
3417 5901
4559 8768
3559 9474
5764 9495
630 2029
2281 3559
4131 9505
3398 5770
2641 4289
1769 2043
1163 2298
2871 9290
6493 6616
2027 7651
6765 8704
1495 6354
453 5370
629 5677
721 9403
4365 5888
64 4963
210 8203
11 1427
6084 6379
8567 9862
2255 5518
872 1206
722 2798
4367 8344
7225 7260
3803 9746
244 2250
8756 9162
1124 3891
4501 4924
2709 8040
173 7738
800 5525
6005 6653
354 2973
5206 7440
8164 9100
2145 6835
6162 9039
1274 8275
1613 5780
4120 9324
573 2097
757 6761
730 4792
2132 4924
515 9527
389 5039
466 2781
4701 6333
2887 9002
1308 4539
3085 3343
7747 9794
4093 5641
7609 8349
219 5783
2397 3909
3858 8517
1248 9068
964 4128
8847 9167
7303 8098
7929 8474
1553 6905
2820 6675
3802 8914
5230 8949
5305 9478
3519 9883
4819 9691
1186 3408
681 2669
1405 7663
2001 5992
2564 7082
5569 9183
6533 7636
3114 8929
631 5330
852 4437
4632 8526
2452 9524
3311 9452
3558 4070
3689 7220
8740 9951
279 920
390 7001
2498 7824
4513 9345
336 4813
2159 8834
924 7616
2646 5512
4639 8959
1117 6276
28 6751
7808 8705
5003 9954
1467 5855
1589 6560
2371 4322
3183 8662
780 6287
3231 8508
982 4946
211 5935
516 1746
8158 8710
2700 5237
3508 4059
7949 8412
5192 7157
4347 7699
3922 5454
1448 8757
3592 3890
172 8376
6296 6576
6094 8420
2595 6792
482 7471
3603 8317
1869 6914
985 4679
1755 3634
895 8049
3972 6689
2727 4158
7901 8503
2276 2936
602 7283
7922 9759
3664 5161
5722 7469
2772 7853
5807 9491
1637 9503
833 1471
795 4686
2284 7840
1620 6809
1403 8257
5986 6792
891 2628
5697 8706
7556 9533
544 6093
5458 8775
2316 6614
668 9018
943 7939
3449 6056
1040 6424
2211 5661
444 5227
1840 9913
789 1676
1833 2253
7648 8501
3021 8486
720 5534
5197 7326
1116 9386
2237 9177
1403 8327
3347 6925
109 9407
315 1490
1605 4209
1491 6531
1203 8643
7559 8000
1486 9726
1629 3247
5949 7325
3515 8630
541 1411
2554 6103
2163 5121
2343 6029
1972 5567
8572 9968
1162 8749
1243 7257
3824 5872
2866 4864
4765 5404
7373 9415
1355 1460
3034 8715
1018 5709
2618 6984
6755 7825
2180 3308
6537 8862
6866 9520
2232 7491
5597 7247
4714 4796
1874 8232
148 1014
3368 9168
7373 8392
1213 7548
2119 9816
901 9908
460 4029
5219 9407
2575 8340
514 2026
3861 5455
3364 6440
4868 7651
447 6772
5512 5593
582 4938
4652 6683
1400 2415
4290 5301
902 6553
2114 5367
3561 5066
6960 9368
1394 5033
2254 5029
1674 1949
717 3416
3619 6348
1080 3786
1026 8241
153 5097
217 7023
1457 1728
4541 7367
3283 5744
1108 4692
3783 7900
1009 7989
4302 9840
3987 6875
1288 1795
3085 3760
3897 8744
2188 4973
2302 3154
6030 6542
177 6277
1927 4742
4498 9530
719 1770
2916 5096
5195 9362
1164 5175
1051 3111
8573 8890
1638 5888
6627 7129
3052 7731
43 9547
1678 6615
2602 4204
2330 4097
2134 4565
2644 5082
7313 8273
1321 9107
4620 5984
447 4415
1650 5625
2378 7719
5374 5423
3336 3592
8083 8901
7690 8043
1265 9071
912 1399
4577 9695
2754 9106
3660 6024
280 9952
8188 9228
6191 9029
447 767
2653 3666
207 7959
3690 9177
684 1122
804 4491
4896 9705
4425 6811
2327 4189
5827 6789
141 9102
1076 9734
6386 8787
7105 7358
5876 6978
1656 2937
101 9492
482 1663
3846 8730
1735 8010
5990 6597
1680 3972
1030 5588
4678 7848
3410 5523
441 6468
4456 4619
3460 9978
211 6899
4524 6266
2131 7442
1428 1967
5829 6604
83 9845
4511 5515
1987 6603
863 4600
1232 6496
1074 3086
5117 7092
4833 5920
4704 8673
3915 9863
839 8088
3231 9945
647 4006
1084 1550
8398 9974
2139 6946
9263 9287
710 8164
4709 7414
444 9206
8405 8551
4686 6767
1992 8186
405 652
3997 5358
2243 9588
5972 8267
5293 5666
5057 7230
427 2835
3121 8634
3754 9077
5592 6770
1355 7304
6731 9489
4583 6497
508 4198
987 4246
5479 6952
1061 1332
2418 8877
1466 4101
3764 9343
5014 9705
4821 7326
5410 8047
211 7284
4662 9805
6147 6379
858 6524
892 7045
8436 8669
3498 8510
5894 8130
691 2792
991 9412
2736 4474
375 8159
799 3156
6153 9886
5162 5411
321 5382
2183 9990
5242 9302
1463 2774
145 3097
3198 8508
6883 6930
1868 3572
4328 8088
7268 7514
1269 6889
1276 8772
4129 4639
4330 9358
772 3600
6597 9181
1594 3891
6396 8734
3879 6060
5599 5937
1318 9706
2219 6794
8288 9716
4407 7866
2540 6392
76 8296
1165 2207
2195 2277
4877 9167
3336 6217
1439 7490
45 5546
3532 5496
3705 5509
7149 9055
2062 4651
281 9988
4749 5258
6211 6539
3120 8088
334 3522
2335 4014
2853 6942
1273 2028
4198 9007
4299 6292
5163 9006
4833 8255
7374 8276
1894 7243
5131 6107
474 5377
1685 6234
1740 9826
875 3029
3424 8009
1285 6812
5828 9869
7220 8802
8298 9228
4901 9712
4035 5450
809 9426
736 9132
3808 9533
3926 7120
6002 8526
295 8365
1759 4203
1573 1869
5996 8599
5204 6464
4294 7074
1350 9635
1077 5658
7344 9629
3303 3439
3964 9285
3009 9894
6563 9769
9304 9821
90 4461
4907 9323
2726 7630
651 4488
2280 4839
2663 8353
8048 8844
2440 9103
7571 8834
1924 5693
4323 7181
2398 8752
1809 8317
718 2117
3329 6190
4371 8296
7747 9592
5102 7586
584 4158
3382 4817
7180 7234
6700 7474
1593 4740
3984 4116
3931 6174
4308 8203
2254 9240
943 8496
753 9998
5167 5594
2405 2871
2720 6190
6957 8341
4575 5851
1713 4666
3535 6508
965 4690
1569 1583
1997 3344
1872 3500
1793 7353
646 917
6000 7695
12 5969
2168 6324
6604 7257
6209 7020
7029 8221
821 1104
1611 6065
3692 6585
503 3430
763 4997
5313 6152
1466 4140
1524 8573
1126 5617
1431 7304
3823 9505
7724 8104
8236 8816
595 9932
2478 3596
9128 9709
382 7711
6074 7733
3264 7875
880 6250
2965 7949
134 2909
595 4277
4403 5308
2415 7574
3059 7102
8417 9497
1291 1785
7876 8695
1018 5636
9587 9862
4583 7223
3898 5070
5732 8961
7661 7889
4086 6194
940 8714
3138 3528
3364 5712
97 7356
2443 4921
3122 3644
2882 5456
6258 6575
3066 7008
5444 5935
7706 8113
1711 4554
5584 6492
2142 4568
207 3553
1611 4517
797 5285
1279 6170
6382 9153
6865 9742
2792 6065
242 1713
5815 7563
4716 9104
2161 6169
1111 4959
960 5190
1386 9500
692 4986
1288 5453
8322 9745
1018 9496
6448 8331
705 7220
4137 9844
4040 8262
1384 4351
3942 9799
1730 8608
59 7033
7304 7914
1681 2274
1395 4154
757 3751
3726 4191
1848 4560
2703 3207
2076 3001
4741 6749
3825 8833
1994 8315
98 897
2787 8669
4093 8150
2274 3952
3083 7824
1989 9606
1268 2128
4433 4640
5073 6289
3157 4504
2112 9481
6411 7993
6170 6193
314 3923
3233 7841
430 2825
3921 7980
4372 5127
4645 7305
175 4945
6511 9045
5096 5736
3701 5174
4302 7846
4600 9964
2172 8081
7111 9454
2417 6707
927 3638
6796 7775
9111 9217
3676 6715
5634 7987
3319 5820
2989 9745
5199 8117
4162 8416
6271 6661
3146 4295
3376 4489
890 5234
7812 7902
2623 5368
7202 9756
9519 9938
3315 9749
2167 8428
3462 7612
5807 7831
3814 5071
3998 6915
1377 4804
1763 3560
2772 5049
502 9055
3090 7248
4743 6096
4162 8202
877 6740
2743 4998
6681 9977
2414 8793
5700 8936
4067 7900
4098 7008
8108 8949
2523 9329
3060 9096
5843 6238
5856 8907
1953 3932
2990 8439
8116 8377
3070 6565
4503 9749
1240 6153
1144 6439
242 1232
1010 2451
6676 7310
905 5512
7582 8688
4567 5775
4850 6723
204 9287
6270 6660
2448 8535
4225 6889
3789 7983
4349 7160
3593 9285
314 7636
382 7092
1303 3277
67 3839
5250 9490
4291 7282
2879 3379
5082 9710
7703 9544
325 6941
6318 8014
1534 5440
3901 4207
3914 4585
1207 4195
4050 4289
1198 6743
252 6413
8499 9001
118 3204
5363 7757
2665 4735
2959 3357
558 1688
1799 9278
3393 7093
2350 7479
9376 9887
6992 7258
3411 3750
7520 9887
4771 4970
4835 7152
5909 9403
2305 4508
2819 7029
552 601
4447 5853
5463 5666
1246 6513
8940 9047
2098 6732
5073 8420
1962 8805
2890 3404
1882 4691
5293 6904
1019 3808
4484 6639
1210 6359
4107 9257
3089 8364
1528 5274
2502 2767
3779 8746
789 6610
238 7276
6143 7472
8305 9233
356 8830
1301 1691
1700 6342
3593 6034
389 5128
3423 7365
3801 7132
7520 8991
5071 8264
1303 9423
985 6595
2027 9882
1816 6171
3276 8025
3224 6695
6059 7121
2550 2905
2923 7445
7039 7874
1665 5552
1309 8609
1587 2997
5462 9506
1302 4873
2920 9956
2229 9619
5350 6223
5333 5915
4125 4973
2787 9707
4407 7005
46 7672
1510 1521
501 4462
1846 7958
322 6692
5170 6172
1536 6028
2485 8308
231 6445
6740 9396
8055 8884
3738 7251
4077 6052
4788 7832
1018 8598
806 8636
2265 7469
6605 6613
1911 7697
6832 8578
2559 6536
5107 5890
4675 6467
2041 2181
1516 2549
689 8896
4794 7749
1605 2001
3370 3575
2204 2809
2963 5289
2164 6909
8151 8316
830 4040
4590 7631
622 7529
432 807
3145 6605
7093 9965
7228 7431
670 8437
5994 8864
5538 6477
4374 6663
7486 8045
1961 6038
2169 5157
8663 9070
5039 8071
576 9686
6380 8899
1600 5619
5793 8243
2412 7135
3492 5089
1445 7148
2525 6100
3135 9811
5594 7950
2001 3036
4879 9067
6763 9614
2018 3691
3464 9292
5756 6737
4249 9910
6016 6746
2367 5464
1420 6457
2672 3185
1958 5298
1130 8936
3772 7216
6239 9392
6380 6743
2992 8178
3747 8201
1123 1795
4504 6559
3588 7869
868 6170
5783 9353
5519 7311
451 7400
3144 3201
9155 9870
3533 8161
2532 8897
1144 9997
5636 8837
3723 7420
4251 5668
2098 9395
472 8762
1455 1714
4223 8679
2853 7149
2466 6192
193 9050
5914 8575
3248 9063
3202 4868
1737 4443
4642 8517
3267 4506
8265 9598
23 9042
378 1562
4671 5855
2053 7048
2120 4775
2003 8478
6653 7927
3886 6957
2166 4180
407 3407
3354 6342
1492 3036
2030 7749
2557 8676
4446 8274
4677 9113
1860 8839
1031 9230
5270 5482
665 5835
5031 7515
571 2537
6325 7451
1565 7402
172 6997
4254 7360
152 9457
329 2583
6863 7440
4780 8119
1586 1963
2513 3798
2628 7574
7968 8910
4771 5064
2043 2815
1989 7400
3101 4508
3396 7928
1042 3060
5599 7005
8249 9385
1896 5448
6565 8097
5468 9572
2925 6182
5365 5589
5718 9306
6183 9894
4807 4852
1041 9383
335 1366
1530 5088
6616 6869
848 2112
4146 6272
493 5185
6291 8902
885 3395
612 8873
694 7312
5182 9848
516 781
3470 4940
4728 7568
4618 6361
1825 8693
1929 4865
4728 8897
1429 4715
6435 8737
645 4020
5992 7356
2423 6328
3186 3914
2333 3553
936 8819
1404 6879
652 4518
714 8884
1608 6417
2812 5622
2675 8902
7182 8262
4967 9381
8899 9745
2977 3061
3002 6443
7112 9699
3485 8824
4487 7873
1405 9619
6061 8069
1495 5166
5719 6187
2979 9937
5768 8616
2607 6515
2462 2532
2313 6819
1044 3181
2532 7492
6166 9183
2139 2389
4718 8838
3601 8098
901 7322
9660 9798
1965 8536
2691 3368
1656 5833
3217 8966
2019 4172
1650 5881
413 8849
7137 7812
3792 7222
3527 8118
6738 6847
1285 4211
8149 8305
3229 6270
1577 9623
183 3421
3179 4635
359 719
4365 8720
85 741
3773 4636
3698 9107
4328 7740
2842 7649
3890 8904
1418 5003
5172 9663
8905 9510
1897 1940
7333 7339
3378 9306
463 3177
1177 1535
1671 7225
2894 9975
104 1108
2976 8248
410 1563
6328 7255
1964 2125
9148 9670
3372 6594
454 597
2573 4739
1211 5946
8483 8917
337 3990
8947 9434
4809 5796
2831 4178
2667 8590
722 4728
1810 9603
807 7605
4531 6039
3335 6242
2083 5402
2148 6157
883 3032
404 1561
2799 3448
1068 3095
4320 8864
1195 5632
4980 5111
2330 5177
1295 2529
453 2220
657 9520
2984 3896
2795 8622
3212 4458
249 8130
7560 9968
2814 5876
4168 8600
1033 4098
2381 9875
873 4585
639 6966
4342 6963
3421 8293
4237 5418
3872 4798
53 7147
4765 7454
3016 4793
3152 7823
3323 5043
1849 5962
788 5210
5278 8142
3913 5983
2843 8833
4107 7499
89 716
3364 7393
446 6148
3040 7741
1526 5952
4346 8894
2448 6942
2714 8996
2633 7129
6438 8836
376 8104
1749 7566
647 654
1374 9848
265 6358
176 8018
7119 8840
623 8934
1020 8645
3004 4214
1232 4893
1337 3997
5882 9219
5177 6833
3517 7747
7836 8479
4183 5983
7407 9991
4703 5180
3835 8848
3273 3295
6735 9735
1738 4914
3034 5268
3547 6095
7674 8179
3127 5072
1655 9227
1405 6613
5759 8019
8324 8945
1406 7777
4192 6722
1725 5864
487 1630
2254 6036
1890 3236
658 1745
6299 8447
5146 5995
1208 3963
5331 6466
516 8803
3243 5229
6905 7695
1398 8596
555 2390
2209 3941
1571 5799
1550 2834
3249 6185
1476 1981
4848 7965
2867 3558
2820 7612
4986 8271
786 2710
1394 2013
1678 2167
3458 9999
2376 5394
7363 7968
5909 7966
3771 6515
3079 6899
3543 4665
3438 8945
25 6710
3251 4422
4678 5752
2982 8897
1772 7054
1676 7343
7507 9550
2943 4229
3368 6576
7620 9500
4711 7597
770 7584
1466 8923
452 3884
1253 5903
5638 8290
5102 9372
4155 6239
7648 9719
76 4617
868 2294
1449 9038
2710 4389
2413 3062
3771 4930
2857 3317
6462 9245
66 7160
7612 9295
3666 8529
2243 4102
515 6080
3123 8145
4781 9292
2282 2720
3877 7724
1759 3162
6323 8532
7229 7833
128 3875
3798 6331
54 6437
759 7310
3557 6508
435 4270
6768 9976
6071 8590
6108 7870
4166 8875
3147 5021
3852 5694
1791 6481
312 2897
7605 9560
766 8719
6185 7529
3963 4805
9280 9286
1975 8670
610 9197
1608 7706
4344 5073
7487 9779
3975 5825
1565 9001
2487 3506
6191 7069
1971 4302
6206 6668
4211 8188
3527 7825
1924 8244
925 2671
703 3847
1379 7415
3638 4079
3927 6571
568 2118
325 8817
3475 9534
1378 8590
7867 8308
5160 7976
45 7028
2718 3992
7813 9796
2868 2983
4449 6442
1961 4156
333 2641
2479 4050
4493 6338
1601 7587
6488 7660
2991 3993
50 8654
260 3437
2201 3649
3332 5398
111 4806
6965 8682
3871 8321
3500 4011
2675 3861
4420 6659
443 3663
920 1349
2637 2872
1324 1523
159 3030
4096 8893
2297 5102
1926 9916
911 5706
9023 9705
5482 5512
6031 8320
555 6683
504 8964
1452 2954
6935 8963
1404 9780
3434 5523
5853 6262
126 3737
243 4243
550 4123
2623 3174
1195 7154
6729 7648
2365 9435
6561 7407
8973 9948
247 8803
2505 3171
5258 8002
2157 2719
637 8276
2386 8319
899 6081
1691 6168
3318 9436
2802 9146
2104 7862
392 9884
2752 4187
1818 9620
245 2259
666 9050
2846 8750
3874 5446
6210 7583
2190 4896
4461 9128
818 6036
2141 8437
1650 8353
2995 3699
665 9291
1105 4995
1796 3515
786 5234
836 1234
9012 9986
3939 7072
3679 5489
4543 7486
8486 9224
3744 8814
636 2102
1231 7748
2839 8963
5106 9495
1402 1435
5070 6809
4778 6599
3562 9178
5606 7946
1247 4792
3095 7971
731 4087
5257 5621
4158 9246
829 4636
1649 6681
4399 7463
3222 6726
843 5990
3840 6194
5242 6456
2642 5992
3693 7853
6788 7477
1337 5342
1371 4826
7425 9592
8419 9029
843 7597
1814 4060
8567 9561
4572 4741
267 7910
3912 4257
178 4247
7253 9981
7142 8778
3564 8602
1712 5202
3125 4789
3810 8373
8491 9258
530 9161
2955 8519
4810 8321
1152 4323
3576 9716
1693 7930
5966 9317
5866 6087
795 3277
2489 5214
5754 7561
6323 8259
2235 3817
99 8070
2584 8378
3370 5677
2685 5174
4732 8450
7335 8196
3067 9455
2870 9496
1787 5348
7702 9620
7105 9824
1605 2532
6244 6330
5077 8909
1094 3022
1201 1604
2344 5294
4753 7081
5092 7876
8065 9349
2157 5851
787 7771
542 8595
1875 7151
3234 5070
4563 6257
132 5392
5614 8050
3869 5501
2726 8235
3709 5992
3063 5084
262 9446
1772 8720
6025 8538
5667 6203
5035 7457
1047 2902
2085 5878
4539 6234
2564 4283
3550 9188
2760 3809
2989 6877
1292 7692
537 1761
2079 9814
293 1076
1602 8846
3674 6544
1142 3838
4307 6523
194 8522
4264 5366
5773 5825
6487 7250
4002 8948
771 5789
3981 4549
1669 8557
7056 8252
181 8971
2685 7537
638 4365
4717 6971
1644 6128
2853 4641
3794 6372
671 8773
4406 6713
1367 2841
3218 5502
1353 6100
208 4721
1385 8379
8058 9676
1863 7006
8723 9204
5490 6019
1901 5921
5448 6620
1000 9354
3286 6253
6495 8211
5128 6966
331 7586
7016 8772
753 2185
7771 8045
69 7028
1121 6823
3689 9688
7479 8064
5937 6055
2966 9703
218 8008
1337 6965
1512 7101
2529 6961
4676 5366
195 3638
449 2525
957 9056
1006 1503
625 5784
4381 6736
1190 4148
8027 8167
4025 6400
6445 6789
488 6664
3874 6451
3272 8442
5354 9153
1313 7252
5360 6926
5391 8510
4480 8139
1697 7727
9186 9390
975 2773
2825 4778
955 6970
2730 4900
269 9207
2437 5398
3612 8197
6371 7724
2141 4551
771 8204
5176 6224
1892 3570
3667 9806
5403 8009
632 8869
1065 4029
541 7656
240 8484
1262 5330
4773 6564
194 7527
3689 8274
7486 7861
6866 8595
4513 9324
2831 4157
5058 6937
3308 7617
556 2513
7990 8066
5223 6637
3725 6569
4614 5255
85 6536
637 2130
2562 4926
3225 6441
2694 9103
2288 8605
321 3181
5429 5789
7049 8903
1085 9274
6297 6683
5523 6342
600 8203
2640 3044
4874 7493
2526 8735
1300 7257
1341 4196
2161 8274
1233 6839
1015 6869
6311 7374
3006 7135
5045 9413
2662 9535
272 2761
2069 3979
838 6714
2178 6265
2466 5610
820 4964
4731 7516
3049 3858
313 9740
4664 6746
1154 8443
1491 4712
2733 2939
2191 4193
669 5150
3302 6278
179 1110
7865 9604
3888 6518
2825 3767
118 9195
5424 7458
831 3726
2610 5722
4032 4915
3102 7359
2801 4882
5855 7350
1734 6595
5897 8999
2424 4765
3294 7650
3196 4888
8067 8271
5763 9541
4464 5313
2736 8715
790 9141
2648 3358
4232 6726
4328 9345
3092 6583
505 1064
7196 8510
1734 3336
6163 9026
4395 4959
6410 6490
4692 8692
2153 6100
4082 8739
4744 9837
219 4101
5090 7260
470 8481
4031 8399
1082 4336
1877 8142
4877 6259
2927 7428
4325 7291
1285 5781
5027 6445
1757 1867
6979 9617
4255 4591
2112 4571
7387 8989
1255 8315
8559 9785
1648 5404
461 6209
5485 8968
2707 6353
684 1848
4517 5044
1425 1728
1205 6854
4140 5758
959 4516
3588 6109
5458 9089
6815 7075
38 1805
3827 7619
990 2697
4193 5552
4394 8986
8061 9641
4615 8750
1727 9739
307 4198
1188 1531
1754 2882
1278 3018
4636 9803
4110 6422
8344 8999
1510 4827
558 5725
239 2380
3090 7686
628 5783
9194 9677
2252 3712
3334 7382
2272 4919
957 9533
209 257
1948 8656
164 3081
137 7824
828 7099
5672 8583
1801 9559
1529 8334
4064 6041
3369 4601
6298 7229
5828 9268
1136 4000
8153 9359
5698 7876
3994 9734
5346 6315
990 3410
8084 9052
1195 6596
1114 6098
182 2960
1365 7100
4327 9345
8594 9512
2736 8880
3702 9685
6131 9856
1057 2241
6405 8280
4286 8406
3053 3684
9236 9980
494 1699
3764 6641
346 7294
1461 7149
3721 5517
2082 2556
6379 6722
7659 9252
4630 6135
1484 6551
509 4415
5315 7411
4766 6965
2445 5765
13 3410
3852 7401
2930 4454
4819 9794
6124 9270
1629 8836
3754 9900
578 2179
931 4520
4214 8422
598 2581
687 2748
155 5139
923 5020
31 3059
702 2624
3833 7087
2921 8853
4926 9344
1829 8192
352 2689
1005 8954
7268 9646
3055 4082
8477 8559
1159 4749
3590 9075
545 1887
4916 7720
682 2900
1976 3367
907 4614
6339 7130
4458 9619
5353 7672
1435 7480
5961 8667
899 2687
1241 9376
162 861
1107 5899
4843 6067
775 6351
4172 7316
144 7266
2889 3918
1191 2264
4837 8880
3212 7365
869 4788
6899 9149
3815 7165
3854 8923
9476 9887
1258 9757
425 577
1054 7425
5300 6581
2196 6960
1715 4089
6496 6682
2612 3003
54 2960
4124 6886
3845 7932
3912 9635
3836 7012
6341 7432
6034 9821
1589 4657
27 2158
5679 8793
1934 8908
8371 9936
13 7830
3718 5790
6514 8405
2100 6866
2902 5671
1028 6259
8659 9302
255 6659
565 1156
1292 9197
2882 6929
6005 7432
1335 5523
211 1812
1540 5139
4385 6674
1161 6589
4101 4340
2098 3444
1114 7608
862 6511
6044 9824
5451 7934
4529 6962
5794 9192
1755 7400
550 5556
2034 2508
1531 7564
3674 7872
1872 6720
4455 7341
6790 7805
1383 1928
1208 2625
1897 5593
7292 7412
234 8138
4199 4421
1137 6730
67 7288
2889 9929
3345 7539
6127 8745
2094 7401
3516 6555
2217 7616
4231 9425
4778 9162
6358 9996
6992 7534
1011 8316
5990 6585
678 6755
2192 5491
3958 7848
7830 9788
6409 7362
3664 4106
5740 7195
4921 5713
5915 6688
4247 6651
3000 4510
5709 6961
5524 8932
2808 9085
4405 6438
822 5028
496 5662
4429 7290
4726 5499
5960 7054
3628 7256
485 9957
11 4509
3350 9142
6155 9044
8473 8802
1498 9237
806 6169
29 560
3127 8171
4012 6586
1914 5715
4529 5041
4011 8857
5594 6898
2357 2566
4926 6361
2232 4263
1779 5510
1985 6498
4805 8131
2436 6747
2352 6122
2039 8717
714 8353
2634 4119
3247 6091
4553 6160
7676 9717
4248 9764
5675 8419
4407 6928
2366 8341
2711 4855
1179 9527
666 6115
1411 4749
2230 6005
1728 4591
1283 7105
5853 8525
1172 3775
1439 5165
6579 9882
2980 6884
1812 2177
7015 8982
5366 9184
3426 6470
2172 4288
3183 5958
2138 4042
2157 6652
2935 8149
7063 9735
1130 2690
6920 9434
650 8071
532 3320
2465 5761
6248 8352
4934 5886
52 7271
6386 6839
515 586
7895 8384
3022 5309
2317 2572
3861 5627
8733 9090
3316 6381
2634 9007
1428 6696
988 9017
8475 9062
4716 9596
4881 5953
824 932
531 1296
7211 8730
8848 9126
4014 7502
4515 6977
3238 6572
8399 8731
819 5025
7260 8035
7404 9106
6151 6490
2775 8424
4249 6557
3802 5273
932 1322
3300 4460
3813 6751
2397 9563
57 9371
9233 9940
6186 7309
573 8189
7678 9426
1491 2680
1080 8460
784 4871
4201 9832
4968 9196
4880 7673
5412 5752
1176 9624
3243 4379
7214 8507
3207 5293
4235 9546
3775 9497
4857 8240
1309 5282
6272 9186
1221 8636
3898 7560
2469 2940
2357 5404
488 6479
4053 8483
3920 5864
1451 8760
4188 4337
1222 6978
777 1272
2617 3364
6851 7271
6132 8382
820 1826
2525 9018
407 3392
5633 8066
1528 3856
263 6737
232 9985
1507 2834
6233 8200
2851 6904
2964 8568
2384 3688
4914 5047
8845 9682
576 3056
6743 8182
4985 5392
5340 5701
5121 7173
2085 5717
5741 8056
1482 3099
3908 9963
4501 6560
1553 5282
3120 4466
7699 9902
291 5356
4383 7984
25 4464
3290 6091
8695 8875
7171 9687
5503 9676
5833 7661
4899 6944
1244 8708
3685 4934
1732 9495
2091 8419
3567 4730
640 7839
1214 4540
289 1332
9065 9842
2745 4091
7189 9168
5843 9157
5117 8459
449 3670
2123 2458
24 9886
5500 8968
1532 3151
8180 8567
2719 9598
7806 9211
503 6164
1398 9276
2125 6531
3153 6576
2898 5915
446 1761
795 8200
6659 7997
5191 9552
543 5102
741 9158
1228 5001
4325 4511
7290 7463
6820 6859
1595 6700
5171 5673
2846 6589
849 3423
3291 6057
2737 4402
4243 7749
4291 7327
5552 6331
2126 7063
798 5436
4249 5208
3745 8649
2397 4601
2883 4120
2773 5472
4963 8025
6260 6843
3045 9780
261 2419
4913 9079
2320 2833
6035 8969
2986 8572
2162 9932
111 9855
895 5679
3124 7908
2949 5229
991 4009
9339 9959
2394 6842
4015 4551
1882 3986
763 1767
2065 9670
2884 7090
1482 5962
5788 8075
4800 9272
7971 9223
2156 6678
2685 4333
3912 9403
2527 7121
1186 8726
8908 9621
4030 4514
500 4950
4523 5206
141 2156
2545 7511
2862 7872
3483 8700
709 5709
2470 6826
1483 5011
474 3706
1147 3323
955 1847
1368 3021
1849 3496
1223 3170
7546 9333
9168 9634
723 5462
5453 9197
4134 9612
1407 9702
440 1863
9199 9863
6720 8511
4485 5056
1938 4080
3277 4062
466 9874
6866 7318
2413 6693
1 9084
36 7798
1544 6736
3151 9855
3177 6533
2938 5431
4882 5057
5087 7294
1873 9605
199 9423
857 2056
2837 9385
5671 6236
4688 7874
1042 7562
3960 9501
1265 2601
5940 8930
867 4759
2145 9325
5441 9298
4075 7003
5622 8785
6031 6533
849 1599
1041 6699
2870 3732
838 7306
3674 4821
48 942
5502 7986
1728 3832
4062 8413
5099 6279
3159 7093
7202 7532
2632 2672
6389 9241
547 576
2926 4968
3716 8850
314 8737
8607 9137
3453 7206
3388 4740
1385 8684
3565 5875
663 3751
4940 5650
5492 9801
2875 8290
1481 8858
1949 6984
974 5525
7015 7354
2674 4372
1804 7589
2615 4318
6795 9372
1861 8860
5272 7685
421 2370
5168 6218
6154 7028
3962 8755
6728 9951
4658 4778
7961 7976
1099 6316
269 5716
5025 7376
2031 7660
2403 2653
8226 8708
3083 3125
7230 8416
8548 9351
263 5426
947 2218
1639 8431
6087 6449
5294 8459
8639 8671
591 5917
1797 2715
2150 6991
3846 7299
177 9608
7147 9649
6467 8891
3090 6557
808 3130
8246 8381
2849 4261
6369 8173
2776 6516
3425 6979
5773 7232
2495 5099
6156 7590
427 5916
3354 6460
1830 3987
2703 8089
4726 7028
1389 1899
3405 6151
6408 8732
2814 9255
7308 7862
817 1252
620 3712
8412 8829
1691 4680
960 3495
5306 7267
548 9369
2194 8116
2844 3846
1210 2938
7482 9524
2375 8771
2794 7056
422 5601
3375 4721
2189 9449
2446 9885
8994 9900
150 2093
3658 8519
1227 5256
1563 4256
7461 7698
3735 5730
663 4770
2588 3005
5864 8503
1830 5271
6675 9689
3824 7771
1413 7567
2333 4573
9206 9951
5925 7438
428 4969
4628 7527
215 1054
881 8834
124 8460
6676 9141
4157 8372
41 7349
3023 8524
3964 9153
220 4611
1107 2737
3308 4483
2652 9643
2226 7323
655 7076
139 4992
892 5801
7809 9061
44 327
3951 8950
1048 3532
4967 8147
2292 2894
81 6816
2797 3607
8185 8492
3967 7192
857 7356
4268 5183
3522 7414
1910 5705
7390 8132
3393 6215
3041 9514
1899 4708
1628 3624
1026 6630
6919 8098
1784 3755
763 3017
5374 6688
8190 8645
8191 8568
2774 9854
695 2286
247 5663
4258 6211
6606 8017
7185 7555
4133 4702
44 3644
1845 5792
1484 1784
6680 7899
20 3278
1281 2515
5009 8864
554 4492
6822 8451
6115 9164
859 2303
355 8530
3810 6512
9693 9878
4129 9086
2861 8603
3817 8687
1586 9936
4310 8053
2125 6398
2740 5336
6864 8334
996 4672
206 7797
479 5186
6422 8214
379 9952
1533 8593
7635 9627
4135 8578
7217 9127
5189 8276
341 8354
5071 8515
3246 4342
7516 7545
3094 6514
1433 5818
833 1400
4717 8667
2461 7698
6300 8078
1879 7117
3762 5531
3643 7694
7675 7889
463 775
3087 3463
3677 6626
15 5708
214 8014
1446 4237
1894 8528
978 7480
6246 8043
2759 8996
6242 7967
2305 8322
1033 4052
6052 6996
2056 8089
1751 9800
6507 8570
1953 3062
2659 3687
475 2447
6091 6764
4995 9197
958 962
6783 8520
785 4807
1975 5027
2739 6748
1214 9692
4435 5284
448 4718
3333 7612
3099 5724
4592 6265
2657 9843
998 6522
2020 8755
5439 9905
8258 9862
5142 6478
5458 6179
3417 4695
3430 7324
5464 7863
3784 5303
363 5461
307 6985
5132 5938
3436 6689
4377 7059
494 3387
6927 7401
6271 6653
3575 8695
5599 6373
5632 6397
463 4251
2211 4743
3216 7162
246 8178
6431 6858
3302 5705
7403 9051
7158 8254
1225 2733
2382 7691
89 1532
1518 3654
6371 6512
938 5898
3816 8311
3658 8562
4925 8330
1138 6710
757 2244
514 7951
1161 8537
1486 6032
5110 6236
2451 3875
2433 8125
450 3673
262 2007
2165 9191
3383 9801
679 6021
532 9616
2823 9700
5119 7016
5243 6658
3203 4101
810 9273
263 2762
7176 9688
4651 5823
611 1821
3343 7639
793 5851
231 4728
1997 9122
1345 6165
1659 4869
4436 9199
6168 8186
2145 7705
5846 8367
195 3453
416 791
7058 7125
3235 9456
5025 6236
2498 8093
3237 8345
4395 5332
4546 8357
3591 8767
3717 4545
150 7960
2398 8923
1926 8482
1276 3046
7871 9433
2255 3244
6816 9996
2881 3978
2336 3835
4388 9437
7191 9650
6156 8106
682 5058
6322 7545
9837 9975
45 6645
4612 9546
2869 4964
929 7530
4097 5584
6131 6715
5242 6258
5157 6960
4390 6726
2434 6573
6975 7531
6351 9958
1711 3321
3608 5689
908 2477
1425 7467
3102 5982
4659 7579
4663 8743
266 6096
8247 9448
5352 6292
5309 6182
2304 3862
4515 5028
745 8961
5334 8342
6306 8930
4710 5669
999 4245
3240 6753
2100 6921
711 9247
6497 8393
993 6636
2293 9422
4492 5890
4000 5320
6651 6923
4085 8555
3345 5741
5796 7888
8019 8964
3035 3497
5875 7714
801 9860
2396 5174
519 2609
3517 9295
3663 6821
241 9477
2380 7130
3220 6728
481 3463
1739 2087
1304 2705
5208 7145
110 5742
3598 7987
3390 9063
1132 1364
8587 9860
5228 9948
2678 5880
6455 7912
4727 8509
7299 7449
1507 6995
2738 4164
1386 4861
3958 9468
8725 9138
3359 6857
3716 9301
4667 5567
6635 7789
2181 2799
1150 5758
2883 5299
4398 7289
3653 4002
1109 2138
4236 7638
477 7020
872 4431
5450 7432
7632 7981
2523 4415
6043 8448
6087 9169
557 7142
421 650
446 7385
5120 7703
3656 7949
8147 9190
2421 8298
2044 7696
7183 8968
2483 4426
4822 5703
3020 7311
6567 7061
2811 3587
7996 8525
3885 6581
2575 6694
3758 8331
7267 8277
7306 8688
1952 1957
657 8373
3627 7109
2909 9265
2556 8655
336 5188
2635 5504
250 3160
5173 6033
1208 7511
2469 3833
2169 5950
4778 7098
2287 7303
6995 7939
781 7955
6427 8541
1041 6716
6000 9096
57 4710
4945 8992
6092 6203
3053 7619
5859 8066
4925 6480
1564 5576
1028 6309
3425 9483
5471 9424
1098 6428
4406 5949
7994 9233
1772 3455
2631 7664
3454 4087
2070 9590
8154 9796
8421 9337
6109 9690
3375 4379
406 1851
3879 9182
6525 9419
4311 5181
5127 8835
362 9144
1051 6775
7241 8026
918 8331
1737 7668
1981 6881
932 5415
277 4449
1021 5716
29 7611
942 3623
5893 5918
3308 5615
452 9165
3247 4092
8922 9512
2417 6622
8448 9580
3015 4147
3985 6121
5642 9103
7204 7962
1040 8115
3764 7944
1947 2465
1731 6344
8387 9294
2195 4010
3432 9002
2962 5966
272 3904
718 6740
5167 7814
3480 5480
5797 9069
4356 9642
3986 7368
1514 5322
33 8515
3574 8216
5149 7463
7083 7955
8093 8659
3339 3559
2955 7763
1325 8288
2108 8418
2932 8764
3109 6204
1663 3200
5271 7449
4662 6295
2005 3340
7831 7888
6520 8569
131 1329
5071 8396
2418 9094
2303 8154
1497 3053
4327 9646
766 4349
2028 3387
1126 9597
132 9154
3241 5444
6798 8257
940 8837
3272 4105
3325 8625
6712 9856
7257 9938
194 2221
499 2215
565 4745
8036 9976
1434 4559
3020 5777
753 2064
8093 8916
1627 6838
3454 4747
1700 6863
2601 9105
1352 8633
8964 9932
4644 7402
1017 2288
1497 9983
4390 9268
3459 4873
1527 9073
659 2040
8837 9463
308 4757
8207 8269
3713 9745
3558 9929
2717 3505
3364 4874
5808 9582
5429 6175
2837 5254
4793 7630
6190 9499
261 4269
1996 6300
4858 7701
2013 6880
4360 9240
4096 9843
973 6088
2930 4629
5190 8492
902 1916
274 5286
5064 9685
1114 6699
8414 9494
2119 6205
1859 8139
5448 9089
430 9690
1003 9509
3955 8074
7005 8162
5280 6916
5590 9363
4244 9391
1843 4112
384 3884
5690 9384
1841 3782
6607 8830
1337 2149
864 3203
3487 6332
415 5567
1233 4668
5725 8883
1240 9034
3407 9075
2592 7921
2663 5714
3870 4995
1985 9013
4099 4274
1389 2327
109 1367
6722 7350
3323 5368
2929 3354
309 866
4857 7598
7185 9457
2707 9111
2193 2455
5627 7299
79 1994
6024 6288
5940 8882
1659 3734
3476 8808
6220 6704
5047 8367
4912 9174
338 5656
1226 9983
809 5001
857 2404
1022 1696
7837 9954
4738 8965
7355 8496
2814 5790
4335 7051
6815 7631
994 2539
1233 6186
5226 9807
2409 3849
8496 8925
1384 4676
7607 9307
302 6831
506 8649
6933 9793
1496 9941
7832 9980
6964 9350
5484 9299
6877 8624
2592 7426
3543 5235
5287 7996
4424 5246
4998 8696
2994 3300
4315 5493
2236 5345
2534 6974
5303 8486
500 5409
1083 3380
637 5984
3635 3919
412 1528
391 7397
6325 7009
5622 6386
3277 5736
5837 9038
4028 6760
1408 5503
3125 5888
2068 4821
205 7084
1996 6490
1380 5861
765 1545
4477 6365
61 8828
722 2663
7 6577
5431 9552
2299 3268
5744 8790
6904 9318
669 7419
4167 5907
7119 9435
3587 5022
3753 5720
8410 8885
3684 6187
556 3396
3209 9951
5558 6412
1574 8749
94 140
4173 8574
338 843
3616 6604
3629 8939
1544 7759
1801 3289
1505 9492
2652 6396
503 3200
3606 4684
228 2613
5659 7421
2680 6754
293 7100
5997 7223
2373 8980
3198 9671
4713 7035
2596 8273
4595 6382
2227 3588
4180 4812
3932 4053
2452 4716
6303 8448
4771 9105
1282 5738
2041 5871
3079 6967
4256 7720
3341 8786
3603 4474
3217 6376
868 8341
4728 9168
7083 8305
8 2758
168 1140
4922 9478
1387 2168
2069 5452
1027 8513
136 8948
3685 6587
607 5484
8138 9181
3637 4302
7496 8833
2459 9547
4064 6275
2129 3222
7268 9809
1682 9465
6849 8098
6192 6526
491 4711
4885 6044
5871 8688
3725 7025
7344 8875
5869 7179
4417 8791
5044 5754
477 5896
765 7308
4033 6592
6362 7899
5383 9944
471 6908
781 4093
2189 6799
693 7172
74 2871
3009 5614
7331 8850
4423 6451
1466 6897
1582 8947
2672 3534
4553 5622
1732 8501
803 2867
8192 9647
4985 9693
4462 7703
1095 5241
2304 6363
4429 4665
4286 5390
6992 9732
759 4039
2397 4260
4612 5405
4743 8182
2646 6871
44 3418
1952 8567
1560 4059
800 9433
3534 6562
5305 6796
337 2807
1780 8558
1266 7245
3629 9442
525 5823
456 4909
2725 8444
4088 9865
3945 9395
4976 9772
3178 7092
4291 5290
721 4855
2910 7187
1907 5705
204 3749
1283 9098
8667 8984
832 2134
6493 7649
3916 6849
591 867
8388 9718
7058 8102
9520 9905
4028 7179
5007 7097
7752 7808
5282 8528
849 7876
5788 9597
3088 8111
1557 4090
1543 6942
6891 9210
1133 7788
2129 5361
3435 9958
3814 4490
8073 9132
8710 9359
5796 7606
2826 9080
4128 6018
440 4511
4007 9019
1678 5830
2506 5199
3187 7426
239 1811
4793 7191
1192 6667
4487 8005
1403 8778
6861 8082
3459 3469
1432 2940
7861 9924
5362 7747
2587 8088
3696 8636
1199 4378
1150 3226
4444 7060
281 1952
4979 8168
6064 7383
1303 7716
603 5043
525 3272
617 1820
6000 6914
3210 5031
1608 4129
3199 8968
380 1226
844 7424
2731 4616
5691 7645
2302 4852
1532 9037
2466 3005
8291 9884
2938 6065
5616 9421
6642 9116
352 6561
143 6483
2488 2855
2378 3990
5799 9537
2532 6406
3639 9204
1166 6995
5876 8930
8703 9152
4344 9806
292 8819
4108 9939
7645 7721
4082 7580
760 5952
4263 8522
2335 6563
3921 5779
1179 8288
7216 9076
704 4756
419 1203
1661 6665
3048 7501
5429 6993
325 9950
5788 8281
1541 7625
5055 5281
6883 9480
8418 9920
4036 8383
644 653
3965 4536
6111 9327
7176 9945
3454 7305
7132 9511
3004 6598
3469 7446
2300 5314
4746 7012
2375 9661
7851 8439
107 9474
247 8669
5409 8785
3548 9492
4951 9370
6123 8649
239 7137
3388 6527
3913 9563
3800 4243
5406 5981
1233 9558
374 3765
2232 2913
3653 8433
1384 8878
4278 4605
4916 7090
5240 6499
2383 7820
2977 7134
128 4705
1277 5082
185 3200
7325 7550
154 7453
7911 9711
5290 5535
1689 8860
2401 7965
2690 6911
948 5151
315 1404
716 6741
2257 6524
2022 3185
434 3463
8781 8793
8996 9216
6417 8644
3645 6408
1784 6605
3676 8303
4610 4981
6193 6777
6186 9814
4328 4843
1728 2733
1303 8734
1456 4861
9012 9670
1273 1366
743 9968
8136 9318
3009 8774
1783 2888
6657 7686
1032 5005
9149 9817
804 5866
1595 9981
1398 8867
5169 9111
2296 8116
916 3275
270 8344
2785 7739
5633 9103
5872 7930
2188 5705
976 7130
919 3865
3253 8452
8024 9892
301 929
1683 7609
3608 6351
2168 5204
16 6185
4068 5542
8544 9112
3898 9774
376 8415
1976 2786
286 6625
3497 8076
2511 9873
750 5935
1249 8457
1173 3370
2428 5822
289 5040
4738 7833
207 6941
6317 7098
3203 8582
8420 9220
1301 3904
7173 8587
3020 9866
3453 8181
1898 9204
7309 8245
527 9156
1578 6753
6329 7109
6972 7256
3459 3938
5360 5842
1376 5955
1769 9941
321 3882
1600 3630
2857 6061
1077 3484
972 4954
2679 7894
2798 4534
1810 5276
4717 6063
3263 7811
6768 8022
481 5947
2984 6601
3847 5800
1246 4534
1803 2820
2688 3950
6686 8054
4195 6293
2069 4840
498 1198
3091 5671
786 6714
5737 6032
2503 5124
3968 7695
4747 7621
4533 4567
4612 9736
5169 6332
6561 7424
6573 8573
1607 9190
2415 9550
3597 3837
539 7247
1983 6095
5543 5933
989 4322
136 398
1561 6539
3646 3726
2307 7039
4942 9417
1494 7786
3972 5856
8068 9908
2246 3392
370 5215
730 4825
1144 9713
230 1699
1426 8499
6495 9079
2318 7076
6036 9314
291 4325
4072 9691
515 1912
5850 8605
1617 7214
79 7190
4645 8888
2393 7223
258 4247
177 3214
6117 9942
1808 1954
1818 2742
4790 9889
4833 9658
2977 3175
1351 7109
1067 4653
5505 8119
440 8376
9099 9175
67 983
1297 3254
2329 9658
3077 3706
2896 6156
2867 4304
5697 6105
3872 5578
5845 9672
4110 4245
3566 4139
4600 9260
4009 4062
1767 6883
7277 9457
425 9465
1898 2708
5781 8889
199 9385
3484 8831
1535 5406
837 2241
1336 7955
6592 7689
1233 7739
884 4432
2674 7563
1445 4677
2642 3799
3278 4330
8053 9286
3602 8897
4313 9083
575 6180
2445 9223
6020 9635
1628 7181
7216 7679
1723 8126
1666 4991
4805 7462
5659 9968
2493 9983
2976 8869
3576 4576
7027 7276
1523 2151
1736 3584
7111 7684
6073 8219
2566 7708
5577 9923
6074 6772
1544 8319
6201 8306
5365 8197
2555 6054
6815 8697
2316 4278
1650 3907
5918 6220
7440 9359
3582 6072
1904 4193
104 1362
2010 3781
1147 6918
717 3306
8701 8858
1697 5666
1178 3535
4721 8104
7924 8736
4541 8657
1229 9692
757 1120
2991 7511
407 7312
2069 4485
3675 8066
1733 6204
1658 7749
1938 4632
3276 9096
4122 8142
6407 6583
3976 8579
3765 6823
3870 4808
5735 9145
4302 6020
3733 4175
1115 1223
36 4408
7192 9155
268 8361
4109 5244
1164 4682
1573 6832
597 3730
161 7292
7276 7363
208 9723
2214 4540
1095 1857
3973 7457
747 8909
849 3154
3449 6673
5551 9980
4209 4762
1543 8546
2184 2724
897 8185
2453 2830
4896 7339
2527 9178
91 6751
1603 3992
3794 6982
4168 9156
539 8422
4217 5447
704 5754
1653 7896
6673 8863
1231 9831
3121 5065
347 2775
4008 5433
792 9260
4468 6846
7682 8303
104 4105
2855 6770
1975 5310
7947 8650
1535 4114
2513 7576
5690 5747
2329 6731
3011 7508
6127 6911
2727 9863
3347 3872
467 6728
361 7331
8063 8362
5222 9938
2446 6471
1272 9937
5371 5864
2591 6493
176 8992
818 3784
3568 6382
6634 7063
6480 8442
1724 4719
1706 5138
6028 6193
174 6632
3377 9929
156 1558
58 8143
2851 4592
2011 2331
4500 9425
1009 9476
2979 4222
1053 4418
649 7907
1073 5770
2097 6550
1147 4684
1900 2479
4902 6846
5260 9303
2577 7061
3153 3994
7018 8780
4378 4627
1341 3172
504 5473
1425 4085
342 767
6549 8791
6007 7402
7146 7725
2724 3831
2934 4219
6939 7625
2957 4919
1774 9757
4954 6909
2370 4501
3479 4424
4299 7222
329 1012
5575 7403
5316 9779
3171 7635
7762 8693
2214 8441
4236 5478
3868 7420
4922 6323
4716 7353
720 1479
5084 7159
3822 6780
3094 6666
8754 9352
2937 9269
6343 6644
636 2324
6250 6895
3745 5257
2853 4898
3268 8055
5298 7774
2100 9187
3083 9819
3871 9501
1052 2046
5231 6262
7285 9024
116 2349
1529 7269
238 5603
2902 5268
4919 6380
6672 7048
1141 5157
419 4053
4634 6413
3161 3564
6056 7223
2015 8506
4792 9275
5417 6267
2144 9734
4260 9049
5313 6324
1046 7215
145 1758
5812 6749
4919 6783
1478 8617
2613 8898
3813 6244
5939 7237
819 9743
7118 8587
6097 9040
6915 7882
4470 7316
4549 8603
3947 8161
3862 8684
326 9217
3304 7817
8497 8736
3895 9840
4101 6944
1103 3630
299 1790
4037 6510
768 1528
5993 8009
3310 6717
2843 9285
6028 8017
3778 9232
5706 9732
1172 1612
5117 8586
4197 7016
4233 4831
1665 9060
1844 7266
8168 8774
5101 8507
1874 3428
239 7866
6891 9438
5244 8177
1225 1540
647 7537
635 5983
1193 1217
1360 5311
2121 9107
504 4925
2541 4820
2337 4956
4617 8770
4153 6016
7416 8179
1925 4738
1678 9077
1887 4415
195 4166
7996 8962
197 8420
952 1594
3377 9722
711 2813
2681 9745
2290 8695
8213 8938
613 5568
8593 9717
170 844
516 8515
6497 7083
2431 9757
3824 8151
168 6686
2174 3921
2029 4736
970 8336
196 2939
64 6500
2075 6479
1045 6513
396 1281
2699 9357
314 7238
646 9715
2039 3953
1898 6597
6536 9734
8754 9008
914 2822
467 9188
1840 7690
4220 6353
1768 2855
6074 9915
865 8303
3024 5181
8086 8657
2602 9218
2449 5573
4612 8068
1097 6131
3619 4249
1146 9018
951 5145
2177 3326
1856 8712
2541 7149
4848 9375
3459 6408
9338 9683
4776 5301
8609 9799
2754 3874
3553 4557
2195 3065
7567 8180
3296 5623
4251 6368
187 7660
2112 3786
3424 7970
1582 4254
4582 7916
5749 6960
2972 9357
278 7949
6909 8860
1335 4254
2771 4464
290 2737
999 4762
718 9970
9153 9316
3978 9166
1303 6976
4403 7167
1063 7617
1924 8952
1845 8422
476 9143
1304 9480
7644 8893
3183 3487
8945 9749
342 5173
5423 6837
8511 9763
2169 5317
1897 5274
887 7744
3271 6198
3093 8850
1780 2990
1271 4160
1621 9331
3588 9736
1776 2584
830 1921
1614 2518
35 5113
3931 5512
2772 5281
1003 4110
3600 8826
218 2821
1237 1851
5141 8418
2409 8453
5193 8522
32 1135
4419 7962
8212 9945
4482 8479
299 8622
2612 7054
5511 9512
4902 8222
88 7251
634 8831
402 8396
941 1835
5362 8152
8665 9928
2737 2792
2357 5061
6683 8207
4253 7915
374 2726
678 2562
1936 8575
8445 9395
3512 5139
52 6188
6609 7871
2544 9556
7392 8227
5852 9785
188 8952
5267 9497
2869 8904
5369 5903
712 3549
1679 8221
59 9870
5291 9522
97 5090
328 4404
1103 4665
1630 2661
131 9845
4846 5224
2246 8721
2346 7139
1458 7701
6137 9603
1794 9536
3384 6621
4456 5987
5232 7890
562 7608
2133 8429
272 2710
7750 7852
8154 9982
7480 8433
3229 5403
2520 3769
4027 6561
4789 7688
3859 4906
2152 4209
4644 7839
3558 8758
3599 7652
1919 7678
1697 9617
1794 3722
776 6201
907 5671
2731 4758
2257 5622
3584 4016
2920 3946
1870 7126
6900 8289
2518 7128
5577 5776
6844 9038
6220 9135
794 8013
1947 6356
1108 9342
5091 8852
5453 9026
4963 7468
1956 5250
5768 9354
6419 9688
2229 4657
1451 9712
5893 6038
716 7484
1238 8577
847 7850
455 9853
5619 9874
1385 6407
741 8994
2803 9209
2204 8835
7932 8352
5727 6316
5272 5754
3653 4060
1623 3207
1745 7163
5295 9153
171 4847
958 3115
6845 9477
1995 7632
6747 7063
4688 6148
918 7460
4549 5873
701 8157
1973 4217
6079 6957
363 8371
6187 9821
1260 1455
113 8251
5207 6023
8313 9772
1594 7603
466 9389
7097 8288
2770 8194
2608 3514
849 5972
974 3754
5 3806
3538 4463
1327 5850
2130 9609
5755 6480
1791 3137
134 870
1483 8833
1099 7204
4159 9929
8546 8696
8638 8792
5261 8284
7824 8799
4800 7605
3247 6474
5185 9601
5315 6972
5731 6389
4752 5446
4301 6738
4792 8732
4531 8736
268 3203
2347 5524
3521 8461
5003 7934
2658 8152
7518 9919
3030 8143
5698 9967
4441 8538
194 2158
809 3459
4756 7086
6487 9406
3491 3579
5655 5801
7707 8804
8562 9575
3226 8958
5259 5806
3215 6001
3261 9141
193 2922
9158 9813
3530 5173
5462 6087
7613 8973
4958 9554
2576 4618
2140 9161
3403 4988
6532 7532
4337 4513
583 1975
5135 7039
2366 8232
6690 8261
2176 6678
2590 9918
2384 7522
4200 5250
3966 8186
5746 9000
4756 6064
2659 4816
680 7082
4203 5944
926 2565
5441 8985
4181 6482
6130 6564
1761 2292
2517 6311
1967 7467
6436 8062
946 4581
2046 6976
961 6163
4377 4869
3605 8196
3419 8355
4358 8777
12 5668
6013 7303
2530 2665
1760 7433
5083 5836
1332 5647
3308 8057
1680 3135
828 2330
4170 9138
1885 6061
1744 2896
425 1375
3392 5521
5927 8638
5989 9228
3715 5541
7856 7984
2982 9472
3120 3531
898 3633
1549 1614
722 5354
7087 7164
6528 8546
2381 9167
9243 9919
7591 9678
1130 4464
1937 9698
7815 9223
1810 5408
1328 7773
4377 9072
7336 9372
4358 6824
2389 7577
3354 7949
5506 9512
5565 7094
6478 6549
4066 7194
4258 7715
2039 5871
1237 4233
1307 7517
3050 4165
6607 9509
3049 7847
462 2457
4112 9351
1640 5569
656 8801
4060 7497
2332 6999
5611 6821
1230 4886
1166 4715
3687 8295
3819 8980
3329 8949
6601 9804
3576 6578
5948 8888
2383 6821
4001 4429
5099 5585
750 9235
5130 8213
2278 7423
4206 4338
802 3755
375 8191
8426 9665
1705 6915
4052 9283
43 1752
231 3279
252 7338
1150 1428
2926 4431
995 2910
6451 8368
6796 7870
1622 7753
1590 5033
3269 7263
3163 7381
6518 7477
1045 3223
1041 1321
2517 9900
997 8349
4116 7436
1845 5193
4180 7742
2797 8310
2901 3239
8261 9870
1027 9296
3936 7162
5411 9670
1162 5729
4156 4966
3492 6986
458 8975
3016 9748
5113 6644
183 6831
4871 9905
2379 6091
6280 8134
2178 5540
1950 6679
1903 8376
4801 5655
4925 7620
3263 4248
2103 5856
477 2975
1376 4411
325 1229
4058 5559
5538 9718
1735 9821
6304 7247
2443 2558
1960 8289
3808 3959
5918 9564
187 5406
7425 9090
3216 8617
4583 5864
1901 8378
6897 8485
2106 5342
5571 7565
866 7450
2523 7338
8928 8981
3212 6114
4846 4984
3647 4132
768 3616
2671 4539
3361 3811
2542 9294
1785 3046
3967 6444
3089 7697
1158 7418
323 784
1646 5237
5524 8601
616 1566
167 8905
8306 9829
3541 5456
4496 9386
4221 8281
1537 4170
7579 9224
3005 4333
8537 9525
9086 9939
3130 5089
2545 7871
4896 9983
5124 9597
939 4386
3475 6650
4923 9464
5967 7624
1803 6899
2305 6163
4393 7649
2626 6835
224 6777
7337 8609
6351 7461
3303 9079
6351 6441
2224 8424
1316 2352
4620 6005
768 1153
952 7770
3298 5868
4362 5307
6969 9008
1727 3388
7922 8532
4400 5545
475 3321
2241 4387
2191 8542
2718 6797
1285 1919
3513 5135
4215 5577
15 596
5060 5464
1458 3252
1362 2425
6464 6572
2545 3564
78 3097
1527 1704
3906 7560
7594 9944
2946 7513
7396 9001
1468 2420
976 7157
2929 4278
4355 9005
1462 3275
4120 4771
6188 8254
2757 3059
1009 8426
4727 6641
1663 5554
353 5427
1172 5198
187 2947
7455 8328
1000 5304
2941 8071
2583 7711
7803 8165
5036 7700
7282 7470
723 9129
4519 4892
2080 5375
3652 8800
629 3383
6349 6728
3228 6255
3781 4767
1118 3601
1986 7342
5926 8618
4839 4854
3144 7097
4756 8882
5315 6500
4079 8572
5135 7574
2412 7865
6009 9956
1489 7505
1901 7114
3141 5202
441 2897
2491 4896
4347 9500
6095 6158
2293 3847
9141 9582
5385 6076
1481 4969
3141 6080
1357 4715
5630 5809
5457 9581
3994 6249
927 2703
2174 5413
5738 9448
2841 9736
581 3516
240 6159
4685 4727
6977 9784
6859 7530
1816 8876
1392 4845
4417 6793
8740 9578
4485 5021
6591 9984
3800 3971
1226 3661
1100 6809
8672 8762
1695 7291
6650 7421
2855 6794
5937 8817
130 2492
2521 2902
4381 6442
2256 9284
1041 8175
5025 7095
8929 9041
1585 9920
5372 5728
4254 7701
932 2693
2051 3169
1546 4346
2345 3786
2825 8584
76 1593
3947 8264
2629 5842
3031 7745
460 9693
6835 9273
4064 9968
5690 7243
7049 8978
816 1111
2347 6332
1063 2157
2885 7825
2076 9758
7977 8879
389 1143
8242 9226
2547 8216
7201 7222
5449 8391
1958 3108
6834 9527
4992 8240
810 5598
3532 8910
6335 6458
2118 7424
2270 6859
1229 3637
2127 3055
2227 6097
2270 8414
3137 5474
266 7926
8042 8419
8737 8773
6122 8388
5852 8754
1322 4237
2276 7657
1622 1720
5617 5867
2583 2980
5183 6562
4083 5119
7773 8884
8640 9581
1720 8785
1596 3981
2582 6915
4166 4226
3815 7817
356 8591
2109 2957
3581 6656
4610 8756
2859 5979
987 1641
8806 9055
169 9630
1881 8421
3794 8557
9326 9452
477 4316
2103 6585
8810 9141
7677 8336
230 6586
6213 7060
1787 6757
2547 5664
25 7539
5822 9220
1132 2306
6330 7796
2873 3341
2643 3869
6429 8648
2347 4382
25 6968
4357 8478
718 6119
2688 6462
6642 9926
4185 4630
2197 9154
4022 9965
5882 8232
83 5028
303 8673
2309 8498
64 2181
664 1988
811 7505
4021 9013
516 3080
5531 6855
3727 7020
4197 8748
8315 9515
2512 3838
2279 6528
5548 6522
954 2133
6291 6877
4007 5409
1353 9694
4059 8898
1825 5088
6293 6828
2484 3322
992 7127
594 8999
4833 7494
7977 8164
6360 8157
4120 5564
1985 2491
4821 9609
6627 9560
25 434
4710 4829
3879 5057
7063 8461
6875 8219
2133 3792
7388 7771
22 5647
1061 3163
2749 7340
659 957
5547 9680
1387 7947
1554 8010
1610 6665
2054 2303
3108 8260
3208 5731
1915 5592
61 336
4418 6143
4010 9661
1558 5335
1111 1752
1130 5161
3735 5761
3358 5676
6532 7014
1408 6444
3825 8328
2070 8558
3274 8635
3907 7197
4538 9688
1113 7925
900 9844
110 5834
1594 9273
1778 4718
409 5135
2003 3457
262 7504
3876 4955
2443 3761
1326 6041
2654 5068
124 1309
2403 6850
1801 4488
5046 6687
3871 7765
2230 8456
1546 5599
5827 7260
708 1136
5841 5943
3928 8123
1573 1797
856 1787
1467 8536
1903 4004
5204 5439
2751 3330
6419 7006
1673 5024
14 8558
3176 6297
2352 9173
4228 8455
570 3771
1178 9630
1570 7594
3628 4517
3201 7947
3537 7795
4251 5063
6159 9626
284 5598
1836 7291
6262 9609
7703 7881
1674 3605
6813 6908
610 3291
3336 8791
1051 7404
1252 8304
4155 7241
454 6562
5431 5724
1769 6354
1447 8149
1586 8036
4366 8725
449 2766
8817 8941
890 2127
831 5336
3199 9432
740 3081
225 9802
4148 7126
1424 5622
837 4532
6150 8596
5401 5867
3313 5991
4519 5978
5292 7449
4256 8790
1633 2749
427 6260
4637 5549
1029 1566
584 5549
1667 8135
1687 2787
4025 9615
5823 7592
1687 7754
5637 8273
2886 4555
878 3608
6550 6923
300 1643
4703 7892
877 8342
3022 5173
6318 6449
1565 7355
8854 9094
6737 8843
5670 8708
881 5207
684 8124
3872 7234
7529 8829
5901 6606
461 8753
5239 9615
3301 8437
345 6124
667 4968
5452 9378
681 7964
3633 5747
6951 7657
3155 3817
532 4934
1819 9633
387 5616
1015 3939
3441 4991
1573 2068
549 3146
2829 9862
2729 6498
6041 6058
776 5161
1668 5715
3946 8153
3399 4967
4512 9896
4779 8540
1579 7220
1546 2695
1049 8743
5310 7841
1499 6552
9679 9745
3957 8527
1717 8354
1667 8613
1629 9364
4584 9707
446 8869
3454 5364
2230 4372
327 8528
5081 8496
5718 6313
2844 3111
1941 4623
2163 5772
14 456
3808 8001
2941 8726
6011 7649
159 2728
1585 6137
5783 8576
8121 8369
2818 9966
6164 7974
4293 7068
653 8843
4613 8630
1519 7546
1669 6536
999 1675
2309 8389
3201 8357
8271 8469
3400 8820
8168 9165
1752 9889
2139 4113
1249 3263
7069 9964
3337 5394
1281 1929
4510 9530
265 1906
4112 5787
1743 6897
5097 8754
1696 8986
638 3100
9739 9804
4033 8090
2992 8920
8054 8723
6079 9196
1912 8432
2463 9462
2656 8080
3968 3978
29 7674
3602 7535
7000 7854
1674 6065
3417 7380
3402 6902
5972 6748
5890 8470
3189 6343
9539 9739
5863 9916
2524 3629
7330 8230
4219 5330
6373 9452
3202 7012
7138 9335
1606 1992
2544 8285
3354 8912
6992 7424
6898 9374
2286 4914
552 1560
496 2213
907 4626
5029 9324
679 2944
3367 3756
13 5369
1649 6982
2047 3472
653 2154
782 7068
2614 5957
6790 9697
6819 9794
2855 5735
0 4126
2321 3874
2538 7109
1527 7082
6745 7125
2900 4172
7384 7923
3169 9352
530 9925
4339 6161
4469 7492
4180 9705
1185 7931
7570 9438
4658 4697
5085 5992
5087 9551
728 7655
238 3990
1016 2354
718 7189
692 864
6240 9740
4256 6711
4891 6207
8460 8666
1195 7951
6651 9012
398 9665
5275 7742
290 6400
3991 8254
4455 5740
7960 8894
2817 6046
7107 7404
4824 7320
7201 8366
2022 7079
5363 6903
1494 7385
4001 5526
4923 9969
5854 9207
2333 8045
260 8710
7116 8031
2853 9195
4077 5737
575 4093
326 1232
3976 6840
2183 4056
4174 9079
569 3455
2713 7485
8226 9891
1910 4254
2230 7283
6078 9909
1591 9599
5452 9554
4924 5306
2676 9707
1861 5904
7525 9190
521 4186
7464 7723
883 5315
2805 7652
4205 5228
3372 4604
4272 5710
2334 9949
59 615
6556 7381
1127 8340
283 3497
2921 4453
3210 4992
5241 5451
2694 8717
6077 7306
3301 8350
3758 4958
2995 8103
2821 8310
632 5570
1121 8952
6774 9568
727 3282
2035 3297
2951 8026
1652 5428
3152 7115
9162 9170
2027 7274
3038 4364
1974 3541
6022 6800
1593 7115
2134 6759
3872 6072
4416 4836
4363 9163
4237 6832
3377 9204
525 2314
646 3655
1006 4708
3530 4784
1796 9624
5981 7335
3854 9595
124 9618
1220 7963
3340 4740
929 8886
1136 5157
3478 8889
42 1199
2132 3432
7288 8347
2636 8501
3804 9724
3401 3437
6089 9075
2654 9718
3814 7053
4243 4537
665 5682
5857 6861
4149 7546
5142 8484
26 1958
1324 7052
2466 6597
2066 5705
3044 6624
292 2710
1297 5706
1920 4421
3167 4043
1979 8618
6001 7727
4781 7324
362 1687
3941 5973
1893 2028
1601 2043
2253 7275
83 1749
2376 8420
2173 6780
392 7170
7216 7980
2755 3641
5118 6737
4469 5867
1673 4961
1004 7506
5245 9633
94 1157
3176 8259
2069 6025
822 6988
2936 3940
356 1709
1894 7798
2236 5385
2198 7523
2533 6882
3130 7822
870 6499
3017 6270
571 9023
7512 8624
1433 6947
734 2670
5157 8674
4324 9010
2952 6546
5583 9245
3473 8956
778 1295
4000 8080
1055 6610
1791 7548
5216 6138
4124 5023
2366 9932
6124 8731
527 5672
7120 8682
547 5858
3755 6553
1475 4010
6632 9477
712 7868
747 1431
2114 6575
795 6452
3448 8474
1424 6540
1626 5051
3203 8935
259 2057
4422 7929
5960 6363
177 9509
2203 5371
987 8479
1682 5220
621 5657
4149 6890
6918 7316
3053 6031
3044 3669
4884 5643
1500 9457
6820 9229
2058 9225
6339 6722
1331 2273
7262 7873
4849 9364
1564 9972
1648 3104
3294 6671
4735 6689
3371 6819
8903 9869
876 2979
5547 6133
1172 1743
2429 5182
444 6114
33 9210
2122 2295
4968 9794
2034 7382
4237 5035
7569 8908
631 8327
4571 7381
5973 8881
1864 6603
7992 8167
3019 3948
914 1944
7983 8864
5549 9786
4947 7246
615 9264
1698 2673
5041 6716
4812 6847
2175 5792
1780 9151
5693 9846
515 3588
6889 7227
4636 6008
68 3436
1126 3588
5855 8474
150 2543
2394 9685
1058 1402
9347 9725
1878 4504
1064 3220
412 2721
1752 8102
6977 9859
2081 3492
1676 3032
5664 8856
8113 8493
2964 7020
707 7142
3987 9674
141 201
5120 5397
1237 7184
3773 7701
345 7749
4788 7807
4807 4897
5045 9716
5674 6395
1330 8837
1421 8581
1091 9408
552 7734
614 3266
536 3953
5580 8899
2238 8450
3541 4234
5794 8416
1881 9302
362 8002
1316 3429
2875 7974
3760 6879
1077 3779
6100 8425
5517 8179
413 2517
4093 4869
5168 9516
988 8796
987 9803
1375 7378
6324 7828
2897 7708
5010 6147
1217 1501
1171 4006
265 2621
5440 9006
5236 6473
4315 8052
3890 4767
4963 6156
1253 7572
2766 8368
3064 8087
3354 9788
6234 9395
2939 4098
4538 8651
788 6708
2237 8396
8926 9800
467 4990
8119 8908
4013 7575
3544 9326
275 3416
180 4821
229 9142
1513 9058
3076 9757
4224 9564
523 6910
2029 4021
4523 9336
8025 9673
2459 7510
1733 3166
74 1869
2689 5482
447 9942
2247 8487
2928 5729
1259 3262
4343 5091
8042 9433
2577 7374
5959 6717
85 1645
1441 1592
7335 8202
4394 8339
6945 7528
1034 6742
1694 2399
6755 9074
2713 4302
4899 6461
1877 2665
1442 5774
5361 8599
2817 4110
783 1599
5295 8748
1850 4822
6048 8368
4784 8126
2471 5893
2132 2989
909 4529
6884 7958
1857 4991
4931 9241
6562 6627
5659 9747
3320 5323
338 6315
1702 2321
300 4901
4635 6733
3092 8040
1605 6196
4484 5270
484 2527
428 5143
240 5081
173 1110
5398 9420
3341 9277
3447 7188
2751 9839
8532 8753
886 6554
7968 9154
1078 2448
5690 6180
5953 9488
917 7861
3187 4964
349 2205
235 5575
3705 6940
2901 4482
2570 2609
525 7569
249 5516
3056 3879
5133 9396
6507 6799
7299 9111
5129 8276
4994 6491
380 8989
3183 6808
1762 8013
3865 7779
476 2374
3142 4407
1070 2821
5788 6515
6694 8309
2608 3967
3969 8110
2360 2990
5543 7553
616 1586
829 1124
242 2670
7135 8963
1954 4978
5123 5856
2634 6636
1410 3032
415 1636
1963 8451
1380 5093
1878 8849
1883 4752
6603 8045
533 1042
5965 6756
5088 5115
6832 9295
6182 9357
1803 6618
7849 9805
2709 4708
7591 8860
6371 6588
2073 9661
2318 8815
921 2484
1457 1573
2241 5859
4329 9849
4303 4622
602 5410
1357 8076
2284 8016
560 6874
244 4476
4540 5449
5298 9005
6050 8988
2834 9918
7320 8242
6703 7923
7503 9556
4036 4285
7945 8095
2073 2951
1906 3831
3282 9759
6785 7587
6534 7904
235 7060
5265 9033
3702 3922
3607 4005
892 2052
2273 7208
5583 6399
5723 8497
1274 8254
1708 5356
559 8864
1308 3371
511 5616
1712 3158
2185 3733
428 6952
3478 6062
1526 6815
1232 6518
6915 9682
3106 6674
276 2164
3470 5226
9704 9822
3549 6105
8225 9053
5867 9104
2494 8783
4809 4935
756 8560
4968 7463
4128 7725
2393 4447
4711 9862
524 2112
2613 4653
2792 7637
3279 3688
8157 8749
4969 5334
5447 9082
1133 8613
2133 6596
7514 8954
1359 5747
857 8181
2587 9580
2390 8848
2716 3926
4302 5777
7682 9210
1600 7110
4348 4993
7040 8899
8201 8213
3456 9182
1227 5183
774 3924
7060 7462
3233 6363
7119 8948
1313 7683
533 3351
584 2314
8524 9531
2673 8575
7038 8892
8308 9250
2023 3276
1151 1686
1423 3637
3240 4426
2927 6524
6939 7167
528 5732
560 6959
3391 5289
7373 9120
1508 2777
8314 8797
1811 7371
8285 9489
171 2783
5713 7392
3397 8620
4634 7466
804 868
4656 9683
492 7866
2564 5760
386 2204
2896 4781
1752 8086
6794 9646
1524 5307
1008 3854
722 7754
4083 8581
4606 9750
1579 3109
5555 5902
213 2538
3305 3903
6222 7777
319 1310
5702 6027
3201 7345
1134 4460
390 4597
3592 6922
1270 5714
7276 7794
2420 8310
2683 3740
1104 3769
5646 9429
2578 3263
1897 3891
4597 4813
6286 6390
1471 3854
6450 8401
2116 8669
4803 7068
186 9901
7962 9619
1357 3148
3072 7912
2422 8110
1775 5009
679 8745
2466 5954
2555 8987
2752 8226
5344 6658
433 450
1155 9886
662 2352
5262 6914
609 2165
5463 6199
1329 9964
6966 8128
87 4974
6506 8983
1136 5396
5014 9601
257 3825
8539 8753
3557 5716
1718 4796
576 2039
2859 4705
3159 3729
8114 9014
223 8775
1605 4796
9490 9899
7042 8856
930 5450
6204 8230
3482 8340
2713 5754
3392 5870
842 9236
4938 5580
5536 7781
1556 7642
1198 8806
3472 8993
1945 6719
3300 5101
4029 8436
2508 8659
912 4413
2817 7531
2040 6261
7993 8161
148 2435
6807 9770
3758 3961
3896 6262
1702 7318
3868 4424
1051 4603
54 7802
5210 8811
1143 8061
3618 4821
1802 7610
503 1890
677 8714
4528 4681
1832 6523
3918 9740
7214 8340
1260 3487
499 8287
1159 6524
4115 6393
3570 5044
2915 7773
3955 7210
2868 9885
6575 7098
278 4178
208 3813
201 7769
1444 4942
273 2297
5158 5621
4192 9194
6346 9272
3105 6870
6171 6329
1455 1783
2044 3269
2105 7964
6240 7506
5798 7098
2435 6217
2950 6899
1995 3324
6025 7940
3444 9691
1738 1783
1644 2664
8232 8772
668 3248
2416 9825
325 7105
1611 2237
440 1871
586 1877
6692 9269
1098 9910
1793 9327
3049 4504
552 3285
169 3806
520 9052
6699 8508
2943 8264
211 7690
4850 9697
242 1722
3469 8245
709 9745
3818 9441
3683 7841
1228 5577
81 1567
6742 6848
1910 5136
1211 3134
1959 6919
8448 9130
1904 5406
5668 9882
6014 9898
1530 5307
8663 8769
2075 8214
431 1509
7353 8627
3362 5952
4081 9340
97 402
4019 8370
8042 8811
814 2376
861 6653
227 4083
1574 4424
2014 4231
3625 7264
3096 7142
3628 9240
707 6358
6458 6847
2280 4051
5190 7786
4251 8442
5324 7136
4563 5624
3244 3516
4126 4859
1028 9436
7942 9886
1260 4570
5 9185
5760 6026
2562 6065
5436 8050
772 2653
4885 8390
8214 9546
308 7606
1436 8175
3100 9159
73 4962
348 6055
31 7047
4924 7686
2753 9366
6587 9086
2969 9240
3119 7531
6426 6474
8789 8938
4479 6276
1028 7067
1036 9601
445 5733
5185 5436
1948 3987
2308 5523
3429 4542
278 5765
3708 5369
107 6228
5185 5446
5950 9774
6256 6291
2879 5695
273 9825
6953 9730
1910 5943
241 7544
6856 8912
7121 7194
1171 1352
2586 6599
1509 5701
171 697
6763 9053
5731 7119
3413 8066
4695 6999
4612 7589
4772 7233
1198 2758
4709 7474
1860 6793
6217 9708
180 3623
532 4497
5562 6063
2149 9504
4349 6945
3942 9304
3105 8158
1003 2925
5290 8589
203 6138
1828 6652
4141 4248
319 6947
7204 8118
2798 9362
5992 7064
4476 9541
4499 8940
3725 4535
4726 9790
3009 8594
6014 9146
623 4864
5367 5490
2647 6452
297 7754
1360 9631
454 2138
1053 5646
2322 2780
2749 8222
5720 6696
4327 6701
463 7743
7036 7511
6441 9325
80 3193
1241 1638
41 2701
1257 1953
6832 8156
5677 7500
1636 4344
4215 5828
638 1979
1083 2306
7373 7396
4305 7790
3588 9846
3453 9142
235 9163
907 6127
749 2444
4464 9312
457 8248
2586 5736
2805 6560
863 2195
5126 8917
1529 3944
1211 5240
52 2237
3492 3629
184 4199
760 7359
2651 4262
1545 4425
1114 7024
1829 8576
5862 9281
6677 9964
6792 7182
3655 6457
140 7456
205 3353
413 5521
1372 3529
1329 2287
1130 2483
1978 6360
363 1410
6386 9532
4413 7418
1183 1325
80 878
5125 6186
2736 9525
2127 9622
241 2851
3719 3748
2329 4915
4387 9944
857 4793
762 4092
2097 8819
5603 8886
1511 1598
4022 8829
2736 8671
3685 7942
780 7398
5359 7892
1717 7737
4419 4534
274 7988
3172 3458
165 3274
1416 9002
2541 3597
3752 7262
6336 9477
8320 9305
2559 3823
2850 8262
3952 5378
2539 4543
124 8315
2720 8806
3614 5111
420 9572
2244 6789
8138 8423
5252 8912
703 5468
164 481
7694 7917
900 6656
5885 8173
1977 4714
3947 4192
2964 5937
560 1522
1094 7107
5982 6574
3462 6673
1179 8955
5484 7994
1929 2006
2249 6617
855 3868
4779 6515
7951 8855
6546 6855
835 5306
2467 7318
958 1121
3955 4679
5250 6631
1156 5967
4236 9036
3390 6863
1094 5230
4846 5425
770 9167
493 7950
785 7949
6453 7994
7198 7923
457 7794
696 2397
6994 7517
6618 9293
1428 5356
4523 8365
601 5909
8220 8347
4675 5177
304 2609
4782 6646
8188 9682
261 8689
3215 4079
3887 7040
8966 9051
1946 3987
2308 4265
3382 8576
3059 8283
5940 6080
474 1363
4830 8236
56 7159
3532 8705
3446 7195
741 3579
3844 8592
2497 9123
1594 8937
11 4420
1278 9599
6684 7998
1038 6411
4202 6145
5632 9361
2347 8534
8385 9534
3873 9239
5710 6718
2843 4514
3092 5952
3895 5515
5546 7346
3530 4961
626 7978
3687 4352
6105 8333
1704 3199
3325 4071
5186 8093
2340 7198
2470 9948
2505 6455
3397 4513
926 2377
6455 7192
115 9396
441 1431
3545 5979
3011 9067
5524 6580
7053 9877
8181 8428
1295 5121
4472 6402
5602 6113
3603 9148
122 1314
2065 8288
2873 3528
2836 4357
1881 2822
621 1004
2227 3355
4081 5687
265 6841
520 2594
5212 8368
62 4419
7339 8087
3587 6987
7675 8238
3139 5567
3834 7117
6186 8444
3232 8106
1356 2688
5293 6095
3591 5545
3167 6250
3155 8951
6037 6813
685 7099
7056 8379
6844 8987
3260 9865
2488 3029
4023 7780
8922 9955
793 2413
7073 9956
2138 8932
1716 1938
1275 7479
2295 6542
1066 2208
4704 7031
268 1712
3347 8647
641 4138
678 9305
294 1698
1379 3452
475 2766
7871 9648
7117 9844
6472 9203
1416 8576
1806 2266
253 7490
4680 9787
5635 6498
4509 5788
5302 7189
3302 8779
5725 6916
863 9607
5788 6379
1707 9481
3002 5658
567 3649
2175 8665
1793 4178
3782 7517
2072 6686
2002 3927
1949 9070
773 9199
6430 6889
5036 9769
993 7789
4211 5528
3200 6283
5840 9567
7596 9657
2063 7326
4743 4808
5951 8413
3313 6791
6628 9708
4728 4931
4127 9737
353 1649
5606 8638
8554 9245
5187 8566
1485 6711
6968 9694
2025 4459
2920 8248
4619 5656
8156 8305
728 3801
852 1502
6467 9838
6080 9302
1014 9241
5051 7868
3072 6786
77 6665
3992 8926
6582 7456
1669 5820
1289 6576
665 1154
5386 5965
2158 8951
3062 9527
2714 7898
1287 9751
1174 8587
145 4457
5933 7206
2621 3395
297 2257
1361 9735
1136 9982
7103 9797
4862 6044
3957 7767
6528 7895
2649 4721
7377 9608
1931 5961
4279 9681
2641 6028
2128 2814
4446 8301
6064 8823
2286 2967
586 3708
4342 9332
3326 7493
4260 8954
5379 6694
846 7006
899 8181
1017 9857
24 3773
9398 9590
9016 9049
2187 9735
7875 8243
3916 8838
2801 5865
402 651
613 1630
6639 6731
761 772
6517 9775
1137 3017
2766 4834
4038 8269
7604 9143
38 2809
2045 2355
2114 4512
4023 7970
4383 5199
6029 7258
2949 7655
755 7458
3211 9923
2220 3297
1518 1709
1668 4295
1967 6015
7373 9723
4145 9539
1114 9531
8034 8205
4152 8507
6113 6853
7657 9005
8348 9399
44 1867
4750 5765
4427 7131
5021 6815
2304 9832
103 1743
1971 5198
6 2232
2750 7279
1795 3169
1753 7724
4462 9818
2245 6644
2235 7718
5492 7473
7095 7469
4865 9817
545 3037
3089 7072
6426 8795
4532 9163
2497 9776
7246 8663
1103 6597
56 831
5359 6347
3 9549
5038 9602
899 3453
8240 9004
2628 7222
3661 8720
4383 6868
3101 3554
3951 5808
713 6309
6910 7640
2781 4046
6715 9262
1062 8166
2804 5486
257 7444
5240 6140
8178 9843
1193 2465
5035 5836
5330 8973
2971 6890
518 4875
701 2557
4777 9052
3887 5570
3542 7230
7128 7674
17 3173
1100 5228
1310 9657
4221 8497
83 1947
4913 5243
378 5502
5117 7278
3052 3282
71 8919
2135 7230
2941 7327
5728 8599
2518 7181
1704 4831
7372 9805
418 9196
4152 8954
2415 3032
1967 6082
2550 3981
513 1232
413 3521
7262 7548
1108 3384
4159 6627
2532 9121
717 1481
1398 4517
5139 8001
8352 8680
611 6365
574 875
3185 9226
1367 7772
7384 9800
5000 8471
693 9289
757 2944
4965 5059
4294 6093
1083 7500
799 9694
1374 3906
2770 3024
457 1378
4800 9609
1271 9041
1597 6275
111 4407
1478 2028
2362 9331
3739 5799
3557 7540
2345 4244
6749 7461
2349 6821
8150 9449
2248 4576
2008 7675
1013 4335
1527 5138
1168 5397
464 8560
6972 9065
2394 3420
3412 5708
2278 7494
2031 8054
1007 8363
1568 5316
6408 7606
5302 6061
4344 9097
6985 8303
2556 5810
5522 7721
829 2540
7432 8187
5481 8962
8008 9601
3979 9284
96 5490
3745 6526
7219 8072
3496 9584
5256 7577
126 3175
5840 7141
5672 9733
5330 8781
4887 9638
5054 9197
385 3050
1931 3229
6039 6627
5639 9811
920 8904
1031 3395
6349 6811
5226 8685
4986 7968
4656 6235
8466 8638
5848 9176
969 9401
73 5111
1178 8930
650 5012
2142 2904
6109 6585
3167 8466
609 8465
3711 9769
4138 7781
584 6073
9288 9294
857 3628
8877 9476
5743 7402
140 8759
222 2793
5860 6965
2415 7047
709 5006
1667 2845
2956 9700
2841 8245
1154 3468
1130 1295
2049 8358
4820 7312
1724 7770
1533 9104
1037 5617
7876 9597
1767 6418
3886 6058
1486 4378
6283 9575
993 5491
451 7553
2561 3868
3417 7386
1352 5146
412 878
7873 9135
5868 6533
3772 3779
4821 9239
8118 9657
2132 3915
551 1895
2280 8924
94 4225
342 3506
1646 7747
487 3214
4873 7532
4320 6475
2872 4515
3646 6520
6663 7747
3373 3975
8536 8717
774 4720
6981 9231
3727 7647
4658 9137
120 3000
1909 9079
4494 6509
513 7064
4676 7450
3988 9146
1509 2328
2024 6980
822 8723
7934 8513
5053 6960
5315 7455
2113 8593
4693 9659
3290 4843
2129 3126
3974 7155
850 7922
1658 5580
2479 5792
397 8297
2069 6342
5822 9972
1949 9617
2477 2722
2953 5072
6657 7624
2397 8498
4402 8127
8766 9707
6575 9690
942 4335
9129 9437
4838 9046
5382 7215
914 8520
3461 7215
1773 8954
5601 6503
5532 7685
5901 7688
4795 7634
3648 8398
3665 5337
501 9295
4701 8226
338 5462
619 9105
703 4813
6623 8028
2420 4113
4292 8160
879 2418
3853 5740
6355 6646
2716 7468
5535 6952
3143 3571
8439 8728
4316 8406
4156 9388
6572 8842
1793 5528
3874 3969
5247 8381
3396 6428
441 6082
4715 8905
3886 8587
5568 7859
531 2925
1197 5517
3017 3783
4574 9304
6214 8505
3111 3483
1443 5662
2498 8819
1370 5609
219 3284
691 9506
6742 7112
8087 9032
7721 9422
4020 8632
164 4779
5890 9232
303 3578
3542 9470
1684 9627
804 8459
3452 4755
5505 7266
1930 8974
2412 9142
763 1932
3255 6168
3921 6920
298 1895
4022 6876
333 6448
2011 2499
7058 7151
1504 6941
5067 7427
2410 4415
209 2951
3707 6544
2029 7817
2962 7896
3854 6987
2338 2728
1741 6569
2920 6408
3859 7819
837 4906
2706 8471
951 7347
2173 3261
1940 3511
438 837
477 4670
444 2217
5163 5789
8038 9850
4335 9540
4411 7371
612 3393
3210 6946
1846 8557
6775 7095
489 7031
7287 9411
2014 2038
2043 2264
7414 8897
1106 7128
3205 9114
24 1532
3787 5496
8132 8717
3050 5858
313 6813
261 8567
5475 8035
9205 9725
3164 6301
1838 7803
3984 4640
296 3738
458 6895
1471 6369
4044 6416
192 9758
6708 8234
1067 9460
5738 6094
2217 4855
51 9826
2696 4529
5857 9644
6637 8528
2407 4482
3368 3558
971 9442
4005 5020
2184 4947
7892 9398
46 2870
2625 3129
3624 9504
165 6954
87 1489
5879 6212
8228 8343
859 5853
4700 6293
5413 6785
5577 7945
1824 7263
1148 8708
4406 6127
4404 5266
2090 6410
5268 8980
472 7013
800 1893
1181 4891
5508 7782
7170 7946
7321 9358
1487 7246
1564 6938
3234 4177
2913 5860
3010 4882
1279 5245
570 3305
5441 5511
1959 9760
3290 5743
4254 8546
4272 8419
6016 7633
1687 6591
1239 9708
32 9550
1115 3156
2792 4539
1258 5674
1318 4696
782 9923
395 8438
1383 7712
5953 6050
407 7188
3303 9368
4511 9387
6545 7077
364 9132
5409 6233
2081 5700
7967 8237
3614 3816
1876 4681
3016 5798
5175 7908
4468 5964
3217 9594
811 2894
1639 4808
3172 6483
3944 4082
709 1939
146 5657
1605 5745
7018 7848
6487 7765
1493 2937
4837 9069
241 4323
4734 6986
123 1611
5171 8882
2183 9162
913 7906
1168 6259
2884 4783
4147 4398
2443 3667
1035 5285
3519 6579
1868 2416
4202 9423
8517 9870
3581 7965
5064 6305
3058 7089
1873 4673
5831 8491
2139 4996
5271 6959
8844 9262
5869 9945
4197 5915
1477 7517
1892 9805
3032 8177
3685 6192
8038 9453
7019 7952
5239 8123
845 8074
2088 8437
6283 7020
1573 8348
6360 6997
480 1731
5643 6592
6978 8428
5767 5806
5064 9999
2736 8270
748 2588
3301 8982
2168 3077
100 4615
4980 7673
7212 9496
1731 4991
7274 7292
7940 8199
3770 3798
2501 4743
86 9993
986 9991
1441 4651
6825 9374
994 6450
6600 9923
2164 4242
6684 8905
2852 5328
9330 9754
6652 8601
1922 2512
1338 2496
2569 8097
7783 9356
1818 4605
7518 8254
7884 9033
5883 9839
3733 6166
1832 8321
1050 5177
5740 8609
1649 5717
3341 8892
3078 9376
2384 9315
5113 5755
3375 8947
1808 9844
731 3297
3832 9448
3780 4311
6813 7038
5832 7775
4750 9424
1965 3886
1387 4714
774 7980
8200 8705
4702 5682
1677 2584
1609 7593
5764 7237
1533 3951
17 1571
4585 6484
3517 9662
4068 5260
180 1115
320 7102
1377 2964
1708 6611
7839 9773
4509 6486
1085 8225
5250 8743
2766 4883
5494 8484
5405 9660
7474 7641
5579 8938
6521 9501
7524 7554
5049 7736
4969 9875
3890 7838
2266 7972
365 6102
1386 5044
7732 8842
2672 6739
4637 8895
1157 1968
2177 9046
4371 5846
54 1537
4149 5633
4541 4960
411 6655
2888 6226
556 8883
3823 5538
2633 9263
2928 8892
7251 8099
65 5417
6708 8156
713 1564
6288 8763
2598 7384
7896 9479
1476 8215
3256 9757
4143 4365
1451 5981
1335 9489
7918 9081
1410 3715
7112 9238
5792 6856
1642 6518
1801 9093
1885 9832
2461 6827
3876 6768
6008 7945
5113 9703
963 5343
799 5488
4267 8477
1896 3360
902 3633
678 9285
2115 2815
5798 6136
4538 9805
499 8271
2481 4243
4582 5489
1057 9914
1912 7172
3557 8947
5638 9978
5644 7762
1939 8005
898 2994
734 1254
4212 5986
4931 5569
8965 9842
5801 7853
4426 5236
3994 8678
8152 9085
5828 6527
7432 9126
629 1024
6402 7094
2330 7251
3075 7212
3621 6506
5408 9844
2670 4681
3204 3331
4206 7373
814 4800
260 1350
2639 4492
3701 7263
5107 7672
4918 8752
7155 7320
59 3622
2265 7174
3808 8371
6426 6892
2547 3557
3652 7703
8561 8652
6774 9131
3333 9058
5060 8181
4241 6025
6266 8136
6794 9557
3876 5843
215 6099
9597 9809
6043 9158
4949 7248
1224 3905
3015 6376
395 5986
409 9819
5765 7338
2459 9891
2787 5979
392 8786
1430 2178
4100 8861
1314 9091
2594 5810
4906 6968
93 6261
3802 7370
8579 9528
7356 7597
2642 4597
1550 2733
9567 9853
1352 3686
3170 5691
4138 8189
1513 3096
1630 6159
1092 6480
4874 9470
7369 9276
3270 6842
4262 9418
2235 6917
5048 6905
252 9893
93 7156
3043 4687
1769 8461
4544 8105
4509 9248
6783 8698
4998 6879
2840 5897
592 2344
187 2977
1401 4659
729 3040
2340 3461
143 3218
2123 2732
2186 5831
5724 6749
7188 7656
1570 7898
5172 5180
1567 2399
2281 5900
932 3373
760 5890
9201 9734
1430 3012
1387 9617
939 1496
3147 6533
962 3060
5318 9920
4301 6258
7859 7867
4787 5941
3122 9916
2196 8485
2878 5664
1373 7299
374 8189
847 7508
616 9817
2729 8261
530 2435
3251 5697
551 799
4739 7472
2242 9839
932 3089
8544 9277
1109 9476
7697 9838
6008 9041
1064 2654
2121 3686
3409 4154
90 9598
5446 5723
2302 2335
2312 9447
4274 8281
2363 2686
4469 9485
2660 6554
630 7639
1898 4976
2890 8595
7454 8365
563 8200
2697 7042
1007 8011
3274 9372
1610 2389
384 5613
4980 9589
66 69
1108 5994
67 7091
3440 9089
2296 9295
6304 9987
6481 7904
4595 4912
2 2683
3720 6771
2392 8757
3006 8700
865 5502
623 9311
7390 9461
4592 7313
3190 9489
3669 4533
428 3889
331 9457
7061 8122
6585 9274
1408 5264
8698 9744
6169 6553
4623 6766
8758 9692
3652 5401
5851 8501
8356 9510
3989 4159
1236 8709
1060 5702
4967 8422
4878 7650
280 3935
1798 2275
329 9990
813 7538
1998 5315
4128 9125
3066 8936
1738 5948
1447 3763
8633 8871
3520 6809
4866 5985
6555 6748
407 3759
4805 6301
3803 9282
3788 7567
1799 6098
3213 8752
4528 5342
8335 8910
1046 8951
810 6581
1632 5662
2937 9373
3683 7513
1960 4220
520 4462
3089 3901
4371 6998
3435 8625
1580 5337
5777 9884
1666 2443
2502 4201
2524 5098
3569 5982
310 9697
2954 9304
541 3584
1442 6497
2957 3762
6519 8574
3317 9176
299 5483
4928 8624
3029 6594
2104 2485
4569 5938
7428 8111
1563 7408
2157 8735
639 7678
6846 8320
2712 9974
160 9775
1121 7419
1853 8427
6241 7027
8258 8261
1724 9999
3476 6870
179 3484
528 799
5627 6864
758 9961
291 1447
1188 1208
1907 2481
1293 8275
2758 4786
3245 3891
2012 9644
2203 5565
10 8547
4492 4521
1772 7917
1391 9576
6177 7902
7092 8944
6993 9482
2457 7491
1575 7290
2913 3829
7281 8326
5087 5297
3898 8814
1998 8220
7173 7809
2236 9296
2722 7016
812 5342
1761 5352
4223 9255
3703 5685
4 6708
411 6750
2002 3039
3574 6362
360 4083
3844 4791
5407 6455
237 4812
162 1244
1813 7049
3131 4811
622 9843
7680 8841
1261 7559
3555 5538
3236 4374
3579 7486
3050 9101
9435 9462
2829 3630
1406 1673
8061 8713
804 8048
2942 3431
3478 5327
4006 6217
2608 3913
4069 5369
1955 7236
2737 7704
5006 8785
1040 7122
617 6934
148 1615
6245 9022
528 5180
4966 5140
6480 8716
3233 5466
2072 6360
7001 7962
5775 9816
2870 3705
7474 8098
2397 9173
3432 7489
4968 9658
1773 7507
3853 5237
1419 7910
8660 9868
1513 5698
4560 8375
2414 9363
276 1984
2365 3948
935 4312
2137 3889
185 6445
6214 6632
3792 6902
6068 9627
4486 7014
341 8187
1726 1899
8055 9571
2085 6228
2966 6258
231 5551
4501 6415
68 9825
1153 2045
8793 9894
210 7335
2954 3980
5745 8221
298 2296
2105 9590
4743 5124
7931 8575
1772 4343
304 5706
3455 5997
2413 5554
8089 8422
2464 5647
90 3749
2446 8049
447 9084
2124 8428
4974 7315
4893 9684
2035 6573
818 6739
4569 9889
5615 7526
6610 8214
4663 8933
5989 7483
5509 6439
698 3530
2587 8522
46 3228
3289 7946
4175 7274
5765 6283
2387 9165
1981 3141
3474 8216
3067 3241
2582 6897
1913 2876
7811 9864
250 2712
7379 7656
1660 2034
7619 8532
2312 6032
399 2313
1448 2588
7540 8498
1120 1338
2559 8311
4043 7873
22 1856
5118 5850
8721 9830
8516 9530
1590 8505
6885 9240
2642 7021
315 7878
2474 3182
2362 3605
639 7831
3408 9176
6001 7133
5729 8596
2584 6140
5406 6220
3529 7416
40 1515
788 2774
1643 4560
2679 5031
3061 4637
4354 8128
1379 5684
8649 9312
7861 9947
1301 6790
7558 8981
395 5646
2811 4468
7547 9328
2856 9192
3670 7034
3600 6047
1975 6516
457 9350
3657 9988
3413 7887
1917 3970
1971 3089
1227 4467
2645 3320
5668 9529
822 9320
4806 7599
3175 4092
1970 9195
876 1016
8690 9319
5456 9008
5978 9958
2161 7645
7530 9586
2366 6867
2714 9327
3655 4774
978 4046
8186 8734
5744 8271
4443 7854
3553 9768
9119 9655
2213 6357
237 7282
6554 7495
6098 9381
231 7055
699 1538
8021 9230
2668 6725
1523 9442
31 5775
86 8500
2518 3333
2354 2898
663 7188
755 3926
798 3516
63 3892
4080 9013
5323 8473
5205 9595
5145 8984
953 5023
303 8442
477 5915
2774 5345
6694 8165
1078 7638
6038 9945
903 4644
4333 7598
6317 6662
3462 7976
1183 3115
2933 8516
851 2717
2551 5904
4721 5410
4607 7405
1256 2760
1006 6416
6558 8657
4056 6438
6517 7698
7207 8986
5252 5445
868 8268
1322 2560
4174 9596
229 426
5140 8290
4195 4984
7186 7216
2485 2581
3981 6224
4002 4714
6764 9284
483 1734
2700 8242
360 2624
3424 9859
4865 6600
121 962
2989 6416
6265 9826
295 3061
3841 7313
1996 9681
4156 6524
5695 9011
2989 9774
3959 6005
2340 2752
4814 7247
3590 8925
1837 9811
846 3340
2969 4634
2438 8035
2902 6839
4622 7005
9192 9303
3715 6761
2390 7550
2067 9737
5707 9863
8051 9191
3334 3353
5293 9498
3712 3828
2523 8693
5323 9440
3776 5279
2026 3854
1642 7675
690 7731
5459 6403
2277 2920
3468 9278
2792 3864
2412 4418
4502 7219
7597 9207
8234 9045
4330 8630
332 3132
1740 8117
650 5099
4543 8524
3978 8055
543 7336
4606 8196
2679 9243
4472 6459
3939 4392
3638 7830
1966 6080
6317 6358
6314 8789
6378 9675
465 7064
4 8082
1293 6788
1817 3610
354 7849
1861 8200
685 8040
4897 9749
5823 6639
2659 9495
498 4333
5295 9984
4840 5415
807 7913
463 4845
772 6914
3606 6855
5364 8040
650 9710
2077 2254
6873 6992
1213 6643
7410 8388
1796 6718
3194 9737
306 4855
3341 3691
1676 9866
1410 5507
2599 6161
3865 9622
3357 8840
4549 5215
7123 8430
5708 8766
6551 8859
6633 6637
9658 9815
2824 4402
5706 7029
2083 4122
748 7628
2368 4992
6956 8675
176 6346
6020 9067
7022 8260
3302 9122
4002 8806
9613 9678
1357 3925
1226 8028
2423 5405
8535 8767
4747 8745
2745 6166
8340 8389
5321 5380
800 2383
2298 2517
2931 5658
5591 8872
593 8633
2241 3759
1034 2687
6771 8230
2100 9313
1273 4334
4214 4665
4691 7891
211 1601
535 7262
4475 7343
2127 5718
5694 7076
7056 8078
2359 7323
1724 4132
2355 2674
1010 4172
787 5622
3903 9261
4377 9603
5756 5852
254 1280
7967 9274
1900 4456
4597 5730
2049 7883
3525 5112
1753 4253
3467 7604
3030 9968
3268 9820
534 6429
2177 7529
1530 1807
1636 6171
5086 7915
8314 9302
1093 3883
1642 7534
2796 5043
2236 8599
2735 5779
5948 9524
384 1969
434 9713
2015 5033
6601 9206
2977 3012
6869 7658
3517 7094
2334 9184
2410 8562
5057 7355
1374 6435
3385 7238
5746 5778
5139 7084
626 4622
8938 9516
2520 5904
591 6047
2450 3108
1566 3197
1066 4099
394 2182
754 7144
8602 9485
3844 9591
285 2706
5585 7102
3041 5577
1369 2342
4574 8243
3036 9133
562 9291
2422 6697
644 3251
196 8487
4719 9748
1926 5971
363 4058
2537 7651
2643 9157
7546 9245
8445 9742
6763 9110
331 3888
449 909
6162 9927
8845 9500
2385 5408
4084 8703
2128 4647
1706 4246
5281 8687
4238 4527
3277 9636
3903 6562
8498 8663
2384 8562
1420 4357
831 2294
4770 9348
4212 7447
1681 3534
1446 6996
4234 9444
3870 4440
1361 6411
1492 3092
5642 7138
2081 8076
8295 8613
6648 6989
4876 8747
1244 1449
1192 2560
4730 7712
131 2012
5213 5270
1739 2934
1650 9658
2743 7988
8455 9790
5354 5670
1923 2622
1638 3594
1768 7430
2614 2810
2452 7818
522 9462
3467 4445
6987 9495
3187 6439
3465 8188
6766 7077
167 7405
576 2795
1339 3348
6657 8584
5615 6183
6520 8540
2852 6157
1883 9789
2353 4567
3335 6692
2191 7390
4401 8000
8123 9953
575 3530
362 9947
1604 2589
3240 3869
195 7016
2033 2474
8852 8915
6855 8176
5070 9740
2209 2494
3671 7683
1237 2733
2284 4477
2052 6935
1801 6211
523 4456
3065 8419
1324 1784
2218 6088
1287 9997
1901 8994
4222 6958
1791 5484
4411 7194
2038 3202
8575 8984
4264 7096
1431 4083
742 9057
4467 9809
1708 6244
3762 6189
930 3839
974 3160
4020 7825
5657 9942
1049 4083
2108 3932
1411 6515
1413 1954
3592 8632
4600 9958
2377 7699
5439 8084
6578 8600
78 2275
1348 5517
696 4285
2615 8136
4054 9392
3794 6294
109 2803
3777 4522
723 5877
921 2043
5560 7699
979 6436
4476 6630
2302 6026
1832 7439
681 9772
3809 4011
6338 9895
8163 8791
5948 8434
317 3263
1511 3993
5128 8674
1854 8704
104 9828
1773 3013
1860 8253
736 3914
2447 4536
2536 3551
6413 7582
2192 7410
1335 2224
8517 8943
1682 9572
4443 5680
7734 7766
2815 9155
4090 4331
4631 6945
20 8640
2865 4147
2153 8377
3519 3929
3473 7250
7031 7138
1723 6091
5422 6917
3889 7425
7470 8249
2572 3974
296 6970
6480 9742
7694 8598
168 6809
2334 7587
78 5941
6536 8658
5684 7888
6083 7952
2252 2473
2383 7154
5699 6455
3656 7168
4685 7302
3190 5819
36 6092
2697 9192
1491 8966
5286 5389
2371 6139
5850 6289
2269 9455
3990 8702
139 8285
628 6113
3276 6989
6380 7176
3942 8695
703 5844
4045 9925
4978 5962
3418 7583
1225 6939
7128 9704
5265 8157
2322 8253
6493 7853
4810 8506
349 6591
4589 9148
5707 8220
1176 8488
241 8105
3655 4117
1432 3552
3477 9982
3408 9568
6055 7444
3200 4075
1170 5180
5707 7367
5577 6711
937 8594
4786 7889
6564 8669
8116 9469
2186 3911
4178 9944
2159 5551
486 7313
1981 6139
1884 9225
6294 9095
2353 8353
1164 5469
7753 8699
4229 4965
7742 8600
1299 7225
5576 5583
44 6705
5463 7876
5214 8065
5856 8496
2238 3527
1475 5223
5516 9751
2664 7523
3 9032
1514 7592
5766 9623
1839 3128
3869 9838
3208 7198
4910 6617
779 7711
8982 9586
1335 1809
5793 9784
8892 9002
262 7029
6248 8574
4500 9870
2453 2759
1502 8929
2561 8199
459 5215
120 6820
1426 5106
2553 8035
1774 2405
1105 2683
867 5973
4513 8338
2861 4023
1770 4294
4176 7433
5521 6844
905 7730
5066 7354
6012 7100
4549 8591
1737 5927
3404 7921
2440 6816
1957 4098
607 2793
4627 4970
2661 5985
5972 9203
4529 9816
4221 9896
1350 8506
2772 9167
4380 9921
5603 8551
544 7471
4811 6479
246 1574
4196 8696
5482 6504
6489 8216
1581 4230
416 2034
1031 3264
1532 1886
1861 6270
98 1493
6490 6560
1098 6785
6502 7024
1202 4639
4831 7444
3037 8242
7955 9701
3854 6099
508 2038
1330 1717
5705 5967
1209 5179
779 7670
8633 9535
3750 4366
1014 6406
5673 6508
2586 8507
4315 6950
2573 7655
2175 5281
3554 8145
1230 5242
6004 8586
1370 3922
5636 7693
3927 9019
2022 8878
5328 9180
5114 6003
1446 8881
4708 9252
1539 7206
358 2063
873 8612
684 4134
1212 6022
1652 6604
3143 8208
1268 4308
2467 2554
4510 5790
1289 2409
2888 8842
2102 2856
913 7115
6669 8698
7281 7545
4041 5283
6062 8124
2760 6117
3952 8491
1547 4613
4704 7151
8642 9534
4551 6083
534 5626
2162 2557
6562 7218
3428 4942
2142 8693
7632 8303
1743 9364
1845 8148
3785 5926
215 1942
8510 8874
8028 8051
973 7078
855 4369
3155 6791
5915 9235
1083 4504
1337 9614
2539 7098
1186 8368
6274 8716
1717 5512
1390 7170
2394 8492
1286 8906
3085 3510
2277 2665
370 1212
2075 4481
4523 8307
4391 6738
6732 7549
278 8133
1487 9197
441 5723
3393 8983
178 9433
284 5567
191 527
1375 8124
709 9748
555 7246
3039 8454
6136 9765
8042 8964
2680 2707
7225 8172
1129 8771
3883 9467
742 9446
261 5085
607 2963
1694 5257
2680 5688
172 3084
5925 9858
5346 5660
80 7731
5113 8300
6068 7583
2842 9664
892 8398
5637 7406
1425 5935
6852 9848
1716 3949
1379 9057
150 7249
5128 6995
542 8911
3826 5528
3564 3977
2116 8882
3921 4803
6503 7651
1031 9508
1125 2496
7172 9047
936 6519
202 7566
2360 7084
476 5492
147 693
3017 6364
1978 8730
4838 8622
4718 7359
6534 8526
8133 8144
4356 7285
2789 4980
1754 3454
5108 5635
8113 8632
5240 7344
3276 7900
3951 5866
411 1882
3943 5699
2403 8391
6030 8236
7246 7876
786 9776
4101 6952
3757 7273
1162 3681
738 1007
195 7718
478 4576
6188 9382
1042 7457
1132 9236
380 5557
4698 9664
4815 8056
1378 7953
677 6589
334 4546
1573 6357
1452 7614
531 622
3615 9781
1214 6239
3354 4706
4979 9082
4577 4988
2691 4002
2484 3157
4294 5064
2009 7738
954 3659
3616 4179
2706 5734
311 1619
6056 7141
2832 6741
8036 9246
2610 6475
4534 5174
1891 9107
4161 6830
9436 9600
4100 5501
7410 7757
2469 2505
6417 8689
17 8656
1361 3538
2519 6524
6745 7234
3489 8548
1613 9422
2386 4892
3941 7466
2691 7356
3489 7384
4615 7241
3954 9796
7704 9117
741 2770
4506 5863
7237 9091
1030 8396
4827 7040
158 8752
1038 5546
5055 8530
1348 7317
7293 7345
1070 5007
4336 4814
2851 8090
2874 5975
6004 6733
4095 7383
3027 4127
1427 2108
7582 8566
1053 9207
1606 3856
2420 7345
2941 7233
6214 9155
1722 8682
5461 9942
3082 9352
893 2807
6144 7346
2409 9081
2935 8296
2770 3052
939 3884
3501 8631
5585 8443
1508 9222
3360 8359
3345 9063
743 9090
600 7478
1487 9329
394 2275
370 6952
6897 8612
6592 9330
7745 8013
1317 3354
4553 7116
1404 2224
85 7693
3427 8273
3492 9431
5821 6691
6193 8835
4388 6855
2838 5720
7218 7743
242 5953
3768 4713
4250 8567
3378 5707
4828 5113
1104 1437
1931 2138
2968 4009
2039 8457
2948 7149
3516 5692
407 5614
3291 7230
6372 8065
6528 8038
301 3486
3451 9743
4374 5017
1847 3248
2258 4324
3417 5121
8111 8256
2195 8774
3978 9075
1692 7390
6337 9463
1558 3596
1430 4078
897 7654
6786 9052
6089 8425
3013 3045
6890 9513
175 2983
7107 7345
4748 8416
200 6798
917 6031
1937 5314
2061 5412
1128 6083
1229 8127
2685 5443
7871 8556
304 3144
43 2795
3353 4355
849 6757
4305 4645
5301 7126
2702 7678
2181 4134
2859 4712
694 2694
2247 3950
1990 7158
561 9343
2712 4047
6779 9047
7699 9014
956 2627
591 6440
3307 7758
1861 8589
5471 5878
1004 7136
7653 9170
1119 5482
2884 5831
4125 6705
1892 6666
2113 9909
1732 3084
1597 9815
6904 9964
4145 5037
600 9509
704 2162
5404 5898
2327 8335
5552 8697
2249 8329
172 3737
6383 9072
3754 5102
774 9307
2526 3288
1335 5072
2680 5674
5103 8059
4869 6515
1266 4923
7197 8860
2519 8431
5203 7479
5471 6027
5438 7950
481 1492
729 5638
2383 5254
3109 4226
6120 9374
588 7230
1687 9671
1024 5555
1012 3570
1313 9165
3545 7604
2264 7209
3101 7021
2770 5100
679 8164
397 488
233 5736
4710 5767
5049 8965
5107 9850
1304 8883
7495 7560
589 5412
1711 5465
3616 5756
930 6142
2194 7188
3999 7202
167 449
4168 7365
5672 9093
8784 8844
4818 8079
834 2891
1582 5244
5670 6663
5990 9306
2332 8662
4112 9929
5537 8574
1893 3672
8270 9249
4647 6603
3784 9276
867 5841
3775 8811
6380 7231
5034 7658
1664 4367
1474 9412
6068 6202
7585 8829
3346 6474
354 4020
5034 6765
7124 9512
3985 7106
276 2791
5785 9525
1497 9182
3716 3927
3235 6089
6618 8098
727 8404
8781 9946
189 5349
25 8774
154 7207
1425 4589
1926 8956
3480 8365
8590 9873
7352 9680
5874 8077
3906 5182
4382 6941
256 8363
2471 4328
3316 6316
3075 3421
6489 7431
9020 9851
5511 8660
186 7449
2533 6408
4404 4451
8544 9402
7808 8863
2132 9473
1479 7095
2116 5156
2474 9064
5266 9911
1862 7478
1073 6229
4020 5635
1958 7245
2459 7528
274 3052
2471 3428
5428 7055
2890 6637
1912 8086
1659 3909
1408 8031
6605 9562
1223 6604
4996 8077
2405 2667
1512 8278
3819 8125
2516 5202
28 6365
461 2775
6264 9941
2485 5144
5741 6001
4859 8938
7687 9874
294 4407
1585 9032
713 2048
6412 9910
5306 7299
2797 6586
1138 5944
2413 5809
3879 7166
7302 8565
145 8535
5280 8839
4767 9912
1828 4266
8297 9059
9147 9749
2796 5073
3563 8767
513 4400
1745 3045
3451 6549
4091 9213
2145 7999
2255 7603
404 2174
2901 9888
7716 8452
710 9887
6236 8901
2127 8239
217 8668
659 4202
8231 8776
2226 6574
4573 6015
3774 7992
234 5364
2345 7081
1594 2918
1092 9179
5915 8867
931 5605
1526 8473
6141 7120
357 8743
1464 6098
2740 6802
146 3503
1380 4418
5279 8224
3273 6767
346 1895
288 3898
275 5441
1155 2927
1852 8458
806 4065
5703 8844
1317 9292
1418 3947
9033 9535
2678 6111
8614 9781
8704 8823
371 2649
6775 8756
601 4944
2782 4465
985 4805
48 1664
4726 6549
1581 5340
4277 7223
1917 5969
699 1025
2370 5842
1987 4174
617 4205
4139 7927
2343 5462
1731 4971
373 4217
1235 6189
1180 2304
5622 7680
3639 9352
5533 5577
313 845
2612 7031
2997 4825
2905 5213
4040 7916
2447 2995
3668 4700
3021 6953
2216 9705
2650 4746
6407 7787
3839 5145
4517 6682
3218 9325
3265 4987
1508 6364
68 8622
7322 8460
4641 5443
4348 4841
2286 6819
536 8382
2082 8560
1131 4409
6085 9873
7159 7833
5917 9798
7222 9006
2453 5282
5817 6211
2318 8802
8320 9829
212 4273
4584 4652
2946 6738
2276 9058
2738 4445
4274 7960
38 897
1305 2591
4474 5573
1192 8262
3529 7784
5698 6948
7053 7389
1060 9259
2463 4878
54 9469
3528 8084
2341 9239
5264 9004
1882 9140
5275 9485
2289 3277
1343 1544
1380 7771
1696 6119
1762 7554
3828 6278
1601 6553
1701 8931
1544 9964
1899 2717
2113 9062
2120 7907
4599 9926
396 3270
4074 8150
1347 7869
3311 8967
723 2866
640 5517
1148 2370
4827 6542
5130 8394
4883 7944
1844 2645
741 6994
2011 6578
3972 4057
2527 6071
3603 4945
298 4515
922 6554
473 832
7102 9890
7016 7929
550 9265
2828 4403
3219 9456
5328 7201
6018 7699
5983 8412
3595 9298
3412 8184
6043 9161
1143 9410
6264 8527
5037 8940
1435 7411
2423 2990
263 2282
2895 4918
25 1996
104 361
192 5242
3326 9253
2930 5150
1559 1707
6294 9193
3489 6489
5908 6216
2613 7123
938 7462
818 8513
4462 7983
6753 9724
141 1070
786 5228
1823 3388
1879 9939
3121 9671
5917 7681
6959 8610
184 3124
280 5078
2350 4856
8599 9343
1445 9139
7505 7840
731 932
625 2262
881 2940
6744 9437
5935 6884
4306 9901
6927 9793
3601 7199
2979 8058
40 6088
1706 2073
2007 6043
1499 2201
4270 7174
344 3097
6870 9081
6610 9318
367 8227
5721 8616
2497 8246
6635 6947
5260 6622
6842 9095
560 4676
7291 8418
1443 3985
1389 2795
5327 6542
4679 6979
602 9620
7445 7976
1350 4293
2645 3545
4423 5738
9575 9826
3695 9737
4606 7503
628 9152
769 9990
901 1262
4032 7883
7759 9009
1385 6565
9227 9919
2487 6187
1194 8032
6170 7636
755 4274
268 2066
1448 5345
1845 5192
6281 8410
3225 4120
195 9747
5399 6742
5806 8999
1508 7225
4838 9652
1557 6975
330 4310
8748 9594
57 2149
1351 7755
2849 3796
1632 3186
61 3359
1993 3449
4627 6341
804 7141
3376 9510
517 8821
705 3979
6466 7117
524 5722
2903 7495
1981 4177
2660 9404
1867 9377
100 3039
3815 4414
4184 8995
1236 8390
3545 8318
6685 7213
7461 9943
4579 9593
3969 4122
1613 7047
2073 2424
3820 5497
3593 5498
7704 8895
3966 8297
5965 9636
6721 9292
4406 9100
6088 6536
3752 8533
5647 9030
7817 8666
3886 5776
1815 3377
16 3238
2435 9156
5019 5549
4145 7259
2098 6688
943 8148
1703 9308
1666 7570
3371 9287
1977 3430
3914 4366
1466 3289
2318 6848
6152 8223
958 5688
4965 9284
864 5762
5636 5769
992 2599
1752 5167
3327 6463
3851 8778
517 4964
4042 8009
1540 9349
1313 6359
514 2070
1609 7378
6465 7993
460 3075
4104 6686
4178 6271
2704 5658
3685 5964
1719 9916
2701 3897
114 3278
1459 4133
1702 6924
8889 9309
4498 4993
3066 6821
2421 5386
1416 2218
3505 7312
3631 8080
2424 9612
703 1618
2160 6189
5208 8735
5895 8434
3365 9691
1258 8187
6413 8413
1750 3976
6205 6528
1590 5711
1570 2755
416 5050
2457 3491
3853 7641
3088 7288
3273 9873
3276 7641
5769 9140
137 9289
103 7760
2655 7591
78 3103
710 3615
3047 4675
2734 9832
5300 9237
885 5338
3793 9349
6366 9154
4809 7229
1448 2384
6904 7312
2708 7267
4596 8098
5345 6365
1206 8912
2215 2577
7638 9637
5358 8563
1384 9884
395 5238
2398 4836
1551 8490
808 9515
2816 3239
2326 4730
1071 6449
1299 7826
2154 9040
4316 8736
3446 4150
8096 9354
759 8797
1538 7842
1398 8810
3740 9809
4435 4876
5346 8997
1277 4308
1254 3379
4986 5460
1024 2074
2666 3929
2086 6336
5528 8540
2111 7715
1089 6842
1076 1537
3897 7269
1484 9998
5275 9962
3122 4450
35 5644
2390 3244
7651 8944
1550 8522
1335 7581
4742 8585
1071 9862
4828 5334
2178 3225
3973 8868
5539 6560
266 1674
399 8498
3942 9095
2310 6081
2625 3437
617 7094
1271 2519
1926 2122
264 4992
585 7406
4644 8430
1988 4451
5298 5484
1832 9061
4098 4559
2331 6820
19 5733
363 9844
3128 3281
1900 6233
436 3622
4227 4384
246 7205
546 7345
735 2923
6566 8668
262 4841
1039 5353
6932 9707
5735 7251
3889 8001
3841 4130
7095 7387
1354 1401
3923 6067
7315 9075
2681 8438
485 6863
258 8186
2672 8059
1900 4927
422 6663
361 9415
3520 8589
1082 3387
2601 8525
2209 7204
7181 7206
1655 4103
1027 9547
1775 1950
676 1806
2545 4341
4578 8941
7416 7434
5153 7831
2578 3094
95 1877
80 661
1048 3461
6890 9455
5083 5950
2603 9935
1108 1800
3566 4237
8523 9561
452 8115
7330 9023
2628 9020
1449 2468
1455 6814
2756 5480
373 3173
1044 5131
82 9634
664 680
7806 8204
1881 5673
5619 5853
1749 3966
3665 7444
3871 9200
6592 8760
1575 7345
5397 9273
6736 7502
2941 7928
5408 9266
1674 7820
3105 3416
517 2187
828 8457
1022 2160
1601 6132
2529 9853
4112 5570
5973 9245
6192 8834
6217 9597
5374 6202
1835 5467
4926 7826
6346 7414
1749 5325
922 930
4988 6588
1327 1765
8827 9741
2788 7763
8294 9577
4662 5781
3858 8936
2446 8703
651 1470
1579 2582
4018 9723
8066 9885
463 1687
3765 7925
7369 9951
229 7601
4787 5395
722 3420
6621 7081
6263 8521
6751 9071
3951 7131
2810 8161
4442 7387
825 3492
1256 7648
4892 5578
6403 7602
4172 9310
5282 7236
8045 9431
2987 6063
43 1806
2201 9374
1174 7537
4139 7602
2320 3008
3285 9906
8102 9559
3661 4736
2828 3614
3988 7025
2119 6705
973 7906
851 5350
2695 7413
4902 8671
3537 6581
239 1829
2852 3882
2070 7762
1991 6971
1710 6884
2904 7959
6535 8871
3304 5137
3186 8775
6570 8704
3537 6800
87 3095
1205 4541
9071 9734
3572 5210
1158 7401
4425 5856
8912 9425
915 8858
1779 8611
4847 5027
5564 7381
4420 7377
1791 9090
5161 9492
3424 6676
9294 9839
887 4019
4579 7026
341 6196
3676 7526
799 9541
1914 6227
5007 5784
3102 7816
1793 4055
4507 5652
1088 8120
419 9587
559 4062
457 5533
9227 9925
3143 7221
5044 7442
3761 7172
5177 7680
625 1670
3950 9433
5283 8729
2152 8795
8453 9966
271 1291
1280 6930
1112 7228
187 8229
1852 8645
3494 5484
5041 6576
1047 5891
6138 8918
4695 9473
1130 5780
3985 8735
7524 7901
1594 8205
755 8377
981 2645
4940 8127
4310 7304
564 4634
7175 7858
201 1392
1079 4569
1054 4249
7518 8061
1965 4474
2717 4511
3951 9740
3600 4793
1252 4900
6281 9039
8570 9092
5856 6264
8850 9262
1284 1714
6014 7699
8515 9647
8130 9080
5975 8416
1273 7457
7123 9556
5488 8974
4803 7641
3119 7280
3989 7919
2110 4889
2578 6969
440 6757
8258 9905
3863 9737
2896 9954
4927 6263
3342 9523
1927 2953
178 3764
4319 5846
4686 8260
4595 8766
3980 7177
2613 8862
2565 8900
7052 7369
3714 7742
2563 7108
2080 5288
3105 7003
6557 8006
5966 9897
1502 6954
1788 8983
2975 3176
6566 7497
3588 9295
399 1880
8397 8822
1061 8109
2346 5901
3299 5429
775 9078
2656 7012
5549 7344
6649 7416
2929 6746
423 1053
284 7627
3870 6416
1265 3040
5419 8629
6391 9373
6372 8578
3083 9872
2805 9771
5360 7726
440 7475
4283 7032
3634 4299
4527 6642
2650 6704
856 4306
2194 6090
4484 8068
373 1598
3171 9313
4171 5970
2439 7490
6657 8120
2120 9148
7272 9797
3527 7346
659 2648
5372 5491
73 6929
2000 2551
2244 2246
2833 7780
3346 4062
4209 5867
422 5060
891 4072
5474 6554
3656 6210
3463 4272
4381 5976
6817 7845
3628 7124
361 1454
1272 4805
1511 6330
2794 8441
4344 7818
4632 8969
28 2265
6890 8726
1421 4614
6284 6816
3538 8992
3674 4017
4874 7821
2417 5225
1503 6379
1552 7022
4747 7106
1107 7342
1447 1776
247 9960
1371 4510
2382 9406
2666 2768
3782 4819
1640 3956
5200 6177
2729 4113
836 7807
3573 8631
5014 7988
1525 3156
6557 6816
4791 4991
328 8758
5853 7559
362 5100
3216 3820
52 1736
1685 9753
944 3369
1204 2388
7653 8373
6596 9111
3087 6321
2842 6481
5347 8436
7792 9528
619 6041
3833 6179
2181 9411
3834 8190
1330 8932
3423 9542
2419 4020
419 7416
2261 8283
9351 9661
3367 4616
2303 8383
3196 4184
4447 6036
309 2722
636 9395
782 4863
595 9525
2219 5818
5251 5948
4997 6638
3098 3490
2426 6819
126 6032
3530 4972
3487 5798
5299 6520
2817 7648
1478 9978
1978 4557
80 3673
3345 6368
1349 3515
1992 7995
4011 8436
5849 6318
485 3605
1121 9729
2347 5962
126 2257
5503 6280
3893 6486
342 4847
910 2424
995 6946
7522 9790
2 4384
2090 7138
1121 5405
5402 9401
1659 8249
1510 2058
6727 8699
3432 6329
2841 9714
1275 2790
2268 9926
5404 5528
1319 2920
2218 7261
477 2564
3360 8252
3619 5400
4407 8765
5250 5938
4085 9207
12 4292
4051 6984
5968 7189
5074 6583
7100 9714
1249 9641
788 7950
6168 8412
4954 7035
1932 6338
908 5511
2906 5451
7424 8494
3064 6340
2467 3752
1849 2278
205 2009
238 399
6376 7542
7041 9417
1912 9947
1548 2005
207 4832
2442 6386
4904 7181
3044 8549
2603 9151
1157 4775
3555 9924
5370 6200
155 1397
5285 6996
773 9447
5413 6501
364 7555
2847 3760
7969 9416
4891 5928
2450 6904
5742 6207
193 3014
5433 8604
5898 7261
2378 5804
1958 7892
4300 4739
4365 4698
3361 7482
6009 8095
5228 5802
1922 3871
2999 8564
1742 2485
5467 8414
167 4283
1224 3419
2091 8884
3155 6746
296 8990
522 4179
1561 5043
2510 6864
5348 7617
2481 8777
4192 6816
6528 8164
6791 7838
5173 8744
717 8447
4720 5272
6414 9683
1506 9554
2440 6501
5243 6026
2705 5927
4312 8113
7058 8218
823 3172
8141 9160
1263 8958
7343 9838
4032 4395
717 2583
5823 9795
7440 9013
7578 9232
788 6632
8862 9349
3549 8739
5069 9797
950 1448
4894 6964
3125 7878
796 1988
22 9887
2571 8165
88 9832
4926 7993
1408 1458
2707 3005
3726 4405
20 996
9253 9363
309 1471
2123 8504
8693 9475
1039 5769
2419 6245
2309 4764
3064 8069
2480 6200
4459 4580
32 5305
8220 9239
7018 7688
3127 7497
135 8852
2786 3973
306 4366
6389 8786
4694 9637
2929 8330
4065 4969
336 1237
3273 9558
2195 5575
7624 9798
1063 8165
3539 9127
1866 6069
2603 3102
7587 8228
2292 3562
1808 7388
3202 8644
5361 7485
2944 9358
1288 7188
2907 5251
1215 9672
4733 8790
3716 9409
433 7769
4234 8004
5767 8006
2744 3146
6910 7293
472 6489
971 6026
4634 8888
889 9249
103 5878
1681 7908
208 7763
5981 9834
4231 4846
2694 5634
5806 7943
3273 7615
5034 7136
601 6198
4501 8733
2492 4644
2553 8984
2617 9185
2424 7033
3110 8522
2391 5663
1860 9785
6428 6501
1017 5843
2928 7108
8728 8891
7916 8678
4105 6638
312 7602
2492 5571
2290 3320
2949 4809
9907 9943
4806 8229
2663 4566
2060 9393
4001 5425
3362 9260
4221 6610
3858 7239
984 5008
1422 5830
345 1644
309 2624
708 3495
4190 7743
2084 9565
2811 5742
6821 6958
6689 6824
1885 4361
6327 7543
3779 7582
2406 4106
2376 5076
91 2017
496 2628
162 9592
4239 4386
2804 6141
3995 8189
6086 6528
741 7878
793 3262
249 5867
732 1250
112 3822
7999 8073
3493 4689
8010 8882
6718 7439
345 3583
929 8770
63 6189
2532 3329
3848 9421
259 2346
1470 6647
949 3527
2052 8443
763 2897
1262 2697
910 4756
6037 8988
1919 3577
4828 9519
4618 9654
202 5600
3411 6744
69 635
1838 9897
1330 8239
4699 6501
389 5808
8906 9571
5451 6608
730 8305
532 4572
5400 7850
550 8321
785 3601
1298 5477
3181 5673
2843 9409
4516 9985
1162 6332
706 8470
3544 5912
5111 8851
5364 5764
2115 8749
4791 8225
2611 7542
942 7770
6730 7175
7211 9547
579 4697
1839 2177
6932 8584
4032 4666
263 2331
6495 6893
1985 5553
578 5317
6073 7863
1720 5659
2118 4163
4831 9044
1897 8411
5672 6305
8821 9748
6110 9612
1008 6216
1625 2665
105 8344
2454 8343
5092 9941
4367 7453
7273 9866
8296 8704
3327 9053
3513 8864
7616 7886
4492 9306
4136 4534
1500 4034
6025 9926
5230 6430
5848 9080
6376 7236
3775 7290
4816 6839
7122 7503
8150 9929
2500 4038
5468 6384
344 3325
2499 3085
2262 9807
543 2989
893 2597
1558 6188
5206 9073
5653 6301
122 9970
285 3652
1616 5261
1690 8801
6677 8430
51 8531
4376 5447
9 3291
2309 4963
1217 1958
92 5356
4954 6476
777 965
774 1886
2266 9970
3776 8951
1536 1897
1363 4932
7094 9145
7946 8713
3511 4093
1195 9958
2022 6300
1011 8962
2198 6587
6285 8806
1301 9148
4313 6000
3249 9085
831 9570
2111 2456
1773 3043
3840 6064
3033 3970
5738 9136
2741 5903
728 4773
4266 9717
7482 9041
3959 5587
1232 1466
3556 3861
3318 3745
4385 8946
8689 9542
3406 3479
584 9916
6024 9729
1525 6371
4259 5974
1261 7640
2386 8666
998 2302
5603 9673
2836 3337
1833 7098
188 1115
2006 2563
2781 5971
6832 7079
7634 9188
2834 7306
2855 6699
1602 4457
4799 7634
7322 7716
5028 9381
3273 6334
622 3947
578 1169
855 9663
642 4535
1556 6051
151 6861
3041 7745
5381 8741
354 2550
71 3183
4384 7163
1443 9399
1446 4921
941 1208
4597 7238
3354 5017
3534 6957
1091 9352
1770 2281
1079 8436
4173 9647
77 8687
290 2889
3815 6105
197 2756
1700 4925
8924 9418
448 4164
255 3313
1364 6916
5913 9314
2483 2938
3487 7470
4121 9903
5670 8726
6002 9839
3140 4723
1429 1478
517 7850
6557 8842
9508 9543
1798 6240
1291 6791
4276 5255
2339 8923
5245 9563
2348 2384
242 6240
3034 7772
1938 9558
1135 1311
214 3255
2826 2833
6162 7586
3224 6654
1552 8400
1085 8429
650 6064
3349 5481
1625 7657
5166 9789
4397 8720
5987 8739
6366 8004
738 2106
2597 4705
2061 9776
5501 9428
1431 1939
2648 3307
7372 9618
265 1844
5591 6488
2916 9401
3709 8322
5946 8783
885 2085
2339 4723
1032 6280
1849 6112
6344 9094
1792 9305
587 5864
1412 4243
6604 7091
1555 3439
56 4489
1373 3290
1874 7787
2410 6341
1566 2620
974 3728
6015 6780
3376 7504
83 6985
2465 5683
3966 7347
68 7920
1818 2816
2006 7708
2495 7320
7950 8261
1941 6750
4160 6591
2560 6205
44 1232
1534 9420
2528 7752
4675 5019
375 4963
8597 9413
55 9402
5099 6018
1984 5614
1564 9507
2485 6933
2505 3967
1239 8505
6024 6401
4974 5009
4581 9625
5507 8570
1560 7439
2625 5974
3268 7494
2403 8898
6475 7031
5814 6915
212 2880
559 1544
6251 9240
4728 5537
316 4847
958 5230
3026 6823
122 2745
2894 8154
6316 9210
2628 5108
4426 5901
3230 8673
374 5175
5199 9713
9684 9978
3832 9446
2343 5185
3751 6106
1866 5529
4877 7240
27 9378
4734 7996
246 1597
3426 6925
4160 8254
4563 5998
5464 6581
3477 8143
306 7707
3368 7779
3018 7476
6813 9132
5787 9434
6557 7403
4268 6700
4566 6494
4072 9775
998 5983
6475 9065
3750 3784
8508 9800
8996 9086
739 7493
1327 4730
214 870
852 8621
31 1512
2161 5248
5960 8191
2610 4462
3605 8095
8228 8409
7011 8224
3408 3558
1850 8800
7036 8806
3323 5596
1667 9113
3096 3509
3996 6985
1020 1230
1890 4554
3896 5382
8714 9773
2642 5093
3590 8373
246 2370
6402 8605
103 7048
6024 9603
3646 5963
2774 6075
7408 8051
2270 6368
1472 3270
1710 3809
6235 9840
4490 6133
97 7754
4537 9630
5221 7546
5997 9784
3541 6884
3165 8417
2738 8915
8121 8983
1563 5461
2788 7323
60 4141
2992 4103
6570 9362
214 6586
4541 9278
4790 5542
4511 7447
748 6086
292 4223
9430 9840
8414 8764
3818 5943
248 1379
164 3803
169 566
2592 9700
2307 7009
3425 8527
2454 4123
4802 6226
2857 9861
1776 5823
2903 9158
1506 4797
7575 7955
819 1635
4356 4735
5749 8551
1326 5753
817 9211
6877 7733
8231 9495
5266 7162
7494 9273
1633 6554
4689 7560
1472 8964
5390 7643
2469 5910
283 853
2371 6733
640 5556
2248 2984
8414 8437
220 8302
342 8524
1289 8865
365 7284
2574 8403
847 4171
40 5973
1122 6326
1525 4574
4020 7440
398 8097
7406 8711
9544 9749
6761 6950
4631 5628
6802 8751
1588 9925
908 3548
7000 8872
3528 6529
8145 8633
5487 9517
7132 8983
4365 8827
4997 5741
1648 7379
8106 9202
1014 6823
7870 9125
1473 5198
2961 8725
3987 4267
3210 3323
50 8581
2696 5882
3678 5003
29 4183
3535 6503
605 9092
6500 7247
5926 6487
5138 5927
6930 8257
3181 7753
667 4580
5094 7368
1044 1411
3292 6785
649 8056
741 6816
108 8188
3813 8627
3740 7344
2718 4348
3847 6239
6203 7968
1367 7980
4100 4210
2758 4042
3871 7897
2691 8880
556 7722
1340 9683
1386 2719
1833 4458
784 5383
115 7667
4160 5784
3246 8199
3967 8314
1951 4857
2209 6498
3811 5393
3029 3446
7272 8084
6215 6573
2432 4854
476 2228
2582 9604
3348 6800
8891 9945
2207 9735
177 7507
5364 5692
1402 3069
1823 2044
4685 9651
6045 9066
5599 8781
88 5213
3275 6378
819 8533
6673 7092
1129 4416
6030 7191
838 1634
475 6383
4566 6136
672 7271
4918 8645
5936 7024
1961 6840
1356 8786
6416 9811
1856 4313
1340 5707
2490 4242
699 4350
476 5060
5030 9768
8282 9924
5624 8741
2013 7997
6236 6251
424 2330
4009 9956
7132 8814
6950 7289
2298 7037
1702 6586
2891 9382
649 6162
3665 6840
1690 6895
3794 5521
3401 9309
1164 1506
6385 6715
1691 2422
4070 9852
3258 6186
781 2162
208 9865
2141 7759
3732 4333
1835 6363
3872 4698
579 6117
463 795
1197 1613
2542 7122
3998 6358
2243 3698
586 2345
150 2358
997 4293
2918 6169
3675 8824
1785 3097
1202 6858
1839 3296
3385 9244
3130 3565
2707 8083
105 9829
3484 3651
1943 3333
323 3484
1075 4316
5733 9216
2327 4763
6919 7478
3604 8847
3441 4549
8888 9500
3595 4066
6207 6302
5435 7771
1698 6449
2582 3635
4550 4920
4140 6393
5597 9247
5410 8597
3083 9777
1633 5287
4927 9484
3470 4240
962 7497
200 7410
835 5476
2342 8182
2848 7776
2668 3050
3480 9404
29 1528
6359 8199
901 5364
6230 6807
3381 7462
96 2904
2175 5830
1937 2591
81 7253
6052 7387
6967 8508
5458 9335
2013 6265
5540 8583
1049 3221
2966 6954
1067 2961
1128 9824
6949 7419
1017 1313
3985 9558
370 4283
3355 7311
2212 9815
551 9307
5672 9519
2538 5531
112 4070
714 3782
1398 7347
491 7090
2818 4163
7396 9927
4102 9475
1450 5460
9696 9959
7866 9042
2906 5327
805 1000
1644 4386
1087 6460
899 9291
8621 9768
1923 5432
2800 3834
867 3653
7517 9663
5133 8838
1449 6523
3317 6758
463 7532
3767 7868
1887 9481
2530 3911
2126 5306
3145 3694
2231 4789
756 2438
3567 5408
3456 9258
1974 2465
708 5343
5570 8320
442 9329
5688 7644
7098 8897
1400 7351
4 6049
6666 7917
3419 6099
4036 8477
839 5685
958 3208
6921 8834
143 5417
1582 4838
3904 5727
4360 6644
1594 4842
4732 6836
5906 7883
7 460
824 7059
6592 8648
1079 2575
1220 3875
4457 8209
6973 9145
1318 1530
8726 9540
773 7842
808 5504
1318 5117
3016 6464
4401 8848
5899 8995
4238 9291
8921 9909
5989 7326
1368 4145
4522 8444
1179 8879
1349 4928
2200 9538
8150 8432
7747 8715
539 1522
50 4590
2124 2236
6031 9026
7336 7940
1715 7711
1404 5255
5777 7836
5329 9164
67 2798
242 2160
543 4742
3280 4968
221 5631
5683 9876
6619 8376
7605 8283
2165 3559
9276 9945
3618 5018
4820 9979
6528 7309
2300 4883
818 8486
2083 8436
2777 5868
831 8213
1689 8269
567 3782
2619 3742
2469 5488
69 3249
4203 9714
8172 9457
4320 6904
3555 9081
1019 7020
1048 3265
866 7297
701 2935
1085 4616
10 6295
6739 7564
1378 3518
4234 4640
1860 8044
1893 6217
5593 6223
5968 8201
149 3564
3616 5606
761 5402
4879 8813
2928 3089
6565 8715
6595 6846
3459 5903
3417 5167
916 6014
1995 7419
7530 8636
2367 6466
2928 3351
496 1511
8672 9836
1659 4025
6890 8535
2892 8883
3835 7167
4400 8415
496 9506
14 3091
6195 8968
7181 9032
2862 9890
400 8765
5851 5876
8137 9042
2346 4579
2893 5397
7526 9869
5283 9871
425 4663
3188 8401
341 6564
1230 4923
778 6248
301 7765
2482 8721
827 2057
2805 3073
1585 3850
1108 7882
3730 6779
1723 8748
3504 6899
4127 4352
6400 7671
5692 8796
965 2873
5603 8271
2050 4577
3034 9067
467 8284
1575 6123
1628 3325
1263 5807
7750 9059
4968 5246
5707 9234
1735 4874
204 5895
4873 9600
6955 9071
2585 8299
607 7458
3463 9929
7496 8854
1399 8589
507 3947
794 7914
3044 5726
2039 3462
1547 6761
2644 4943
878 4549
4005 4456
591 3416
4544 6073
3673 4478
103 9744
7460 7972
3470 5258
5234 9761
114 5682
7219 8236
4374 5618
7715 8468
6856 8492
5261 8731
4270 6176
144 8682
1381 2275
4125 6653
3256 8519
1523 2864
439 6777
3058 8763
6033 9625
5414 8606
78 3624
1756 2823
8306 9095
7523 8587
7269 9094
7968 8356
1780 5744
3969 6619
4632 8455
2510 4179
4928 5037
7906 9843
1011 5160
3427 6054
5773 5953
6544 7656
3685 6666
6538 8385
6191 7228
7234 9001
4214 5048
1551 7433
7226 7968
3392 6450
7386 9074
7367 9066
4426 7930
2342 9747
7890 8941
2750 7468
1102 7895
6726 7183
8471 9732
1226 7111
723 5409
1372 7141
1964 6946
3191 4923
4837 5024
4542 6192
1133 2541
1826 6014
3123 9228
183 846
2524 9082
813 4527
526 3266
5532 7193
2897 3719
3771 4464
2537 6436
1143 8249
2004 4399
5659 7434
3528 8531
1693 5593
2778 6420
8430 9465
973 6862
3937 9506
175 1309
1 5176
2665 2874
4355 5858
6666 8892
2721 6364
3268 5109
4689 8945
341 6281
215 4793
1169 2351
6892 8842
2506 3616
6619 9289
1588 4304
4379 4925
4297 9564
8014 8318
499 7979
924 3584
2569 4927
7277 7696
434 1514
8452 9668
826 4193
4899 5550
4363 7450
1302 6402
5396 5794
200 364
477 2995
3078 9283
4924 8914
1332 4818
1805 7593
6271 8318
2328 5223
533 9543
7332 8179
6748 9926
1864 3797
2763 4231
4522 9480
3864 6680
5397 7377
1432 2096
4079 7020
6242 9406
8403 9753
3989 8829
3747 4692
1713 5576
503 768
2054 9052
937 4895
6453 9320
3897 9035
5615 5743
2721 7574
2520 3540
1765 2478
3645 9146
1269 3005
1930 4080
7096 7968
2655 4835
5003 7155
1841 7509
254 5677
2186 6203
4114 5741
3812 6253
4696 9359
1320 3426
3269 5811
5214 9699
9632 9987
5456 7055
497 9479
212 1833
7302 8377
8214 9413
4049 4713
1133 8741
5702 6964
1663 4521
5939 9751
931 6933
3410 9394
3001 5377
923 6797
261 7507
1798 3799
4015 9703
3395 3681
4880 4920
3613 4742
2348 9123
998 5665
1979 5280
6233 7387
3578 4432
1220 3349
3899 4146
8633 8845
3354 3846
1820 2290
1237 8589
1598 8634
3182 5586
3646 3940
2903 5822
422 1084
772 2874
1736 9649
5095 5534
5098 8120
5268 6547
6609 7221
780 4907
4169 7995
1528 5674
1556 6243
6249 6651
7665 9968
9055 9362
2524 8455
1156 7778
2271 5125
782 2607
2761 8108
1833 9162
2657 8740
2280 7082
739 9339
3634 4688
3931 9998
5083 9463
970 6547
3400 5898
5443 7389
2347 7570
2329 5843
2255 7952
3418 3845
3549 7274
3050 9114
5294 7651
124 6040
1571 7677
689 6708
4632 7545
956 4560
4744 9657
607 2782
437 4745
324 5057
1458 3627
1452 5339
192 5350
4117 7161
7014 9113
3007 3787
7608 8396
855 3323
2223 4365
996 2881
2289 6550
4472 5265
1906 3320
1631 9938
2438 5056
2860 3122
520 3613
5145 9541
1116 1235
5490 5535
107 1749
404 7833
6098 9508
3447 7813
52 1594
825 6731
3593 7271
6700 9922
3959 4253
602 7877
1077 9888
2690 7852
3426 5704
4141 9067
1361 9773
3027 4974
5280 8959
1096 2774
62 3781
230 5775
2456 3257
6118 9332
1274 8173
2339 9050
5427 9627
1317 3503
6252 7344
2384 4581
8846 9816
597 7910
5746 7175
3987 8133
932 3547
879 3668
2756 9106
828 8564
5264 9648
5285 7979
763 5192
5402 8998
7757 9001
5728 9907
5410 6085
7146 8271
3531 8891
1292 2916
3976 4571
2956 3806
6395 8307
8098 8970
3614 7430
549 4061
3687 3869
4539 8369
566 7020
55 6751
6254 7180
1604 4693
3064 9755
4782 9020
608 7884
687 1046
6484 8529
2793 3097
3021 9305
895 7755
83 2093
3658 6408
3054 5888
130 7186
5061 7497
3958 9333
1411 5699
13 4187
3610 4072
361 8095
73 1805
356 3360
114 6500
2691 4328
987 6414
191 2194
4065 5482
769 6832
2318 2420
4734 9518
3319 4429
3649 4375
5777 7188
5025 8267
3557 9569
301 8782
2911 7381
1877 8397
5491 9526
5835 6311
514 6876
159 4991
980 3376
4210 8503
3570 3977
3272 9877
8456 9346
1088 3485
8154 9827
1866 4670
5224 8880
5138 8826
2844 4453
5593 9081
241 7563
3748 8458
8050 9540
7268 8026
1629 8941
4595 5661
4010 6264
873 6228
4449 7394
1551 1737
4098 7274
1722 5123
513 2100
3841 4198
1545 8411
416 2986
4141 9586
4289 9420
3357 9479
773 5203
2201 8566
1163 3485
5715 7803
1036 1352
1065 6771
2065 2472
5065 9251
3173 9201
2007 7473
2413 8878
838 8121
283 9322
437 4840
2908 6802
113 5828
4921 9041
2071 8570
3832 8932
1106 7168
265 2970
2077 4860
4471 9248
2966 6233
8277 9789
1728 5797
631 9191
993 2174
6340 9992
3516 6669
6080 8798
451 7703
1231 8860
7897 9390
3454 8483
2930 8982
4741 5045
8122 9295
1366 7362
870 4378
1202 3039
5312 9550
3307 7949
2461 7853
159 4121
5317 6333
1613 9325
868 6371
716 7938
2018 9527
4741 8603
2726 4851
2223 9892
1871 8079
1844 3481
7371 9750
349 590
4565 8420
4618 6227
52 3157
3555 7523
6544 6650
3012 6657
5426 5632
1838 8658
2659 3462
5857 8748
4226 8642
1546 5858
3951 7129
5979 8794
351 7130
3649 7999
1084 8292
3837 9001
25 934
1675 1868
4064 8578
552 3595
93 7169
8186 9599
1902 9866
138 5749
5216 5533
944 2131
417 1079
76 3873
1950 3916
812 6915
335 1315
4588 8721
3941 8603
7797 9484
3067 9806
4424 4526
463 1093
2000 9151
732 8915
799 9821
1912 9496
6138 6281
1116 9822
6892 7231
1361 1514
6768 9002
347 2906
2154 8430
486 9082
1151 5436
1337 4771
806 2406
1357 1915
3112 7735
4001 8421
252 1936
863 4775
706 7312
6977 9626
5208 7814
4413 8261
1967 5968
4959 8727
815 5409
4315 8348
3880 7841
4989 8610
2019 2203
306 4606
1566 8459
7108 9948
6485 9578
5837 8921
4349 7011
110 9658
3245 6675
4762 8519
962 3389
2374 4182
1192 8834
866 1106
688 3963
375 9601
88 461
637 8246
899 8126
4519 9238
6712 7074
540 1472
9309 9579
7259 9275
7365 8080
98 9493
4177 4628
2517 3444
4360 8819
1809 3334
1159 6733
2287 7252
1419 1742
2573 8739
7458 8314
3195 5388
5148 9722
328 6455
6086 8704
4359 8580
1883 3550
3355 3436
5848 6467
661 7642
7670 8052
4361 9421
1033 4361
2756 9109
8691 9421
4338 9164
417 3664
4411 7801
2223 3839
592 2266
232 9940
1702 3896
316 3628
38 5033
4191 5822
303 2437
3582 5365
31 1708
1982 9789
3458 7584
2077 8028
9229 9980
3329 5674
2236 7175
5094 5998
2010 7285
311 5495
2682 7209
6804 7499
5815 7619
936 3732
2276 7726
8880 9649
1786 3846
664 7817
3732 8121
5175 9060
6852 8103
6416 8383
4441 8114
2137 6652
3745 5893
6084 7924
1081 7427
633 9914
4209 7430
833 8554
1211 2551
106 7834
1530 3619
2816 6760
1087 2240
1913 4309
1062 6396
2737 3404
4640 7674
2287 7933
5491 6655
117 5916
5700 9586
1737 6057
5573 7104
2778 3780
1776 5479
26 8181
2167 4002
325 4409
2410 4812
5068 6040
3020 8997
4160 4362
2764 5540
73 7659
602 5035
3790 4595
7626 9562
1202 5892
496 5751
3615 8431
5128 6945
221 4191
3093 4091
2620 8046
3575 5074
7613 9032
834 879
991 4315
808 4060
5130 6948
3884 6816
7104 8143
1433 2073
2344 4303
1975 9149
8438 9951
2546 4514
4441 8536
3461 8178
1480 9142
587 6332
5772 6695
4738 8462
58 9446
812 9898
6397 9180
7746 8104
1226 9169
1437 8740
54 7225
9218 9818
6739 9469
1003 6108
3152 5383
1824 2963
5047 9816
2342 4852
7526 7942
1338 6034
2556 4999
6792 8847
8886 9625
112 9814
2524 2787
698 7458
5969 8248
3044 7565
4245 8253
6624 8830
2051 8923
4022 7937
362 4677
4408 9958
1209 4884
597 9122
8233 9722
8779 9356
4271 7988
5873 7290
3953 5632
6157 9049
2139 2831
4967 8322
5847 6769
4112 9011
99 7922
245 5914
5141 6196
642 1430
6308 7595
455 2312
2139 4905
1846 8415
1196 8279
961 2775
1019 9092
3713 6297
1997 5707
7030 9571
1984 6672
5695 7000
5109 7774
4886 8638
3023 5312
1227 1914
5831 9248
4527 6961
3280 8869
7465 8678
2970 8714
434 6641
6941 9158
575 5463
170 2287
237 3693
458 1152
1840 4190
1522 4280
3532 3597
7632 8995
6031 6269
1292 9165
1089 7745
8646 8861
4380 7560
768 5688
2074 8159
1015 7304
2457 7990
6288 8371
3111 5548
4814 7819
1148 7049
4198 7213
2924 6822
4732 9008
5343 7023
8150 9396
2066 6780
3074 3208
3101 9406
2328 8357
2470 2784
4394 8934
3582 8234
1916 2689
3801 8353
2177 6138
1332 5960
2494 7918
4195 4456
5096 9540
210 9095
5967 6347
891 7519
2493 4217
4147 6679
4393 9539
2373 7189
4739 8701
6160 8063
4810 5538
6022 7719
32 9414
7111 7719
5613 8297
181 1078
6774 7566
1452 3102
711 5820
3789 9093
658 9859
4175 4983
431 3428
6306 6602
1 9740
8373 9156
1900 6360
7007 7745
3873 6132
2841 8889
2958 3176
619 5270
7904 9846
5510 6704
5529 8841
2035 3366
4198 7637
1883 5563
3126 9594
2995 3074
2004 5006
1484 3027
3190 5652
1438 3976
2868 7707
9392 9597
619 5098
5995 8701
6092 8507
1603 6520
1941 7116
1533 3173
7159 8824
2835 4058
5173 8219
1673 4715
1864 4267
1101 1502
1174 2293
8081 8922
8487 8660
845 5603
352 7100
1661 6642
5100 5833
395 5810
502 4569
996 2158
3099 6827
1905 7994
6659 6673
2564 6880
2353 3914
3565 8878
2244 3373
4517 5046
5931 8233
1182 2271
7472 7654
2307 6691
2940 9588
771 7985
6040 9669
5550 6554
1345 3923
1566 3262
1820 9738
1410 2716
4048 6508
3924 9192
716 7414
112 9209
6633 8411
1049 4142
1653 6938
8709 9021
1630 2277
75 89
134 2467
923 6895
1027 4148
6951 9441
4222 4715
2911 4448
6381 9598
1922 7963
6346 9739
2385 7913
7149 7575
1603 8382
6242 7462
3160 3325
2264 9448
5943 7103
1795 4775
1521 4893
3056 9201
484 7370
3639 5222
5450 8162
1091 6053
5100 8189
7835 8118
2993 6386
1677 3437
372 7561
6574 7775
1095 4375
372 1300
7117 8429
8490 9829
357 2397
1777 8979
8336 8667
3979 5960
7321 8885
4559 4933
2357 6813
8041 9459
212 7318
1786 6733
5833 8191
4784 8967
5318 6944
227 910
3136 8543
5827 6960
96 9084
465 2653
7715 8592
1367 5966
961 6621
3269 8725
1259 9295
1075 4437
6393 8609
3694 4004
6188 6254
3694 6369
3006 8899
1014 6085
4297 8530
1062 5909
2012 2937
6260 6365
3038 9144
2039 2453
3077 7648
6729 9348
2211 3096
4927 6488
1145 6412
1152 2563
2956 3716
7663 9261
4860 4983
138 7276
8075 8405
4082 5958
5837 8809
2836 9209
393 8555
1618 3288
4223 6291
4831 8948
2214 6238
8089 9397
7416 9926
2269 7087
4621 9935
382 8704
340 2180
382 8939
5364 8297
6046 9490
2261 5627
7504 8491
1019 3790
590 9019
5119 8463
2307 6341
1040 2168
498 4510
6405 7624
3127 9920
16 1039
8264 8482
3516 5387
3361 7056
5595 9410
1225 5730
1118 2284
3213 3272
1992 9038
1694 4094
2149 3783
6923 7883
173 2116
4977 5981
6158 7929
2524 2984
1833 9323
4990 7408
5058 6016
6323 6584
6105 7371
5037 7329
740 7815
1624 3301
163 3480
1025 6449
98 8500
152 1385
1370 7054
1427 3176
4272 9680
4030 9378
7138 7227
1748 2473
1145 3604
692 6504
1583 9846
4105 7106
6500 9114
764 9685
7787 8223
1705 4204
643 4932
8973 9601
4718 9275
2784 7338
7255 8443
991 7265
1427 4349
3902 5506
613 920
9026 9063
4980 6209
2580 2701
3591 8158
3931 8767
4325 9898
4717 9246
3659 4402
1755 2200
1360 7557
8061 8690
7453 7737
111 8674
4597 7543
6324 9427
1893 5246
7013 9430
589 4876
2372 8936
879 7661
7141 9517
2491 5515
318 8507
8645 9349
1167 2632
1095 2112
2195 6941
794 8087
1746 4671
1976 2059
566 7107
2401 9195
4565 7742
1167 5831
3535 4514
3084 6036
393 408
4727 9631
5381 9499
1190 8009
1837 5026
1907 4790
3904 4097
3040 7474
1890 5877
712 7292
3527 9535
6027 8509
2751 5284
2761 6728
5905 7563
6388 8166
1646 1692
7050 8430
6084 8645
17 5771
1153 4488
492 6179
5880 7690
3882 4156
5963 8217
5258 8395
795 2519
631 8676
8055 8902
6891 8715
7107 7194
7331 8072
3212 6857
431 4533
1977 2692
6780 7859
5020 9952
2520 5504
1149 7737
3239 5870
4142 6642
860 4666
6971 9173
0 9468
4737 4750
2734 3929
428 8606
3878 4583
5211 6026
2045 9775
474 1545
5898 8409
3398 3756
2775 5182
1571 2470
345 3239
47 6970
525 2016
1014 8181
499 7795
456 5221
4116 6160
1121 6361
2749 4903
546 1735
6848 9857
78 3867
5457 8122
3901 9932
3897 4873
2038 2179
5271 9117
2614 6264
3516 9641
3671 9731
3251 3787
1878 8446
976 2561
8134 9405
2598 5645
2112 5456
9348 9915
1556 3749
6081 8066
2834 9826
6173 7303
2529 6128
5378 7315
5519 6449
6674 7373
4644 8056
1592 4457
3081 7717
354 5033
2830 2983
5847 9558
8575 9805
369 4179
7436 8746
1005 7523
5688 5795
5079 7440
775 4278
1368 3422
1746 8773
1711 2674
3799 4816
149 1834
5721 8061
3905 9400
4303 5846
542 2642
2020 7545
3577 9678
2530 7475
287 5580
1371 6614
6878 9129
6441 7325
3971 6749
7589 7771
404 3664
2056 3826
2280 6228
38 2592
890 2129
1598 8797
4926 6288
312 9338
510 1379
5864 9744
6084 8319
5794 8754
3845 6274
230 572
220 8450
784 5148
1054 8499
4255 6714
1306 4665
93 7496
4 3486
3016 7825
3579 8590
3057 3955
2014 8391
4983 5319
1 6559
2089 2357
4619 7586
2107 2471
3683 9980
1051 8543
4413 8047
1759 3317
935 7768
5727 8597
39 5381
2053 5279
1626 6243
10 7263
3417 5785
1374 2757
5014 5320
2392 7262
6835 7000
2313 4725
145 9642
6643 7397
2196 4604
3461 7976
5973 7649
5193 7177
1080 5691
4407 7882
5570 8442
778 6786
1777 6207
3211 4193
2514 4775
2456 3633
4830 6999
3843 5620
3575 4849
2683 6879
2117 6909
4158 4855
1954 8304
140 5694
9211 9717
2481 4539
2418 8825
520 5555
228 1147
555 1523
4459 5300
2777 9538
778 9078
4611 8071
3020 6120
139 6955
1127 6586
1201 6979
2410 4474
405 8561
3227 8728
786 8986
2448 7727
3276 9336
3658 7037
3915 8776
6955 8454
481 7182
8478 8555
4731 7977
2809 3765
2220 5832
1439 2513
7645 8630
993 2996
6353 7781
5550 8735
3492 7344
3990 6021
26 2605
6678 7597
4021 7153
2922 8829
1527 3120
3156 5512
1824 5449
2021 2846
9019 9413
792 3670
3673 4318
3807 9582
6758 7409
2140 6088
3715 9609
5067 6693
3606 8915
3550 4940
1038 8481
698 1829
5257 9142
71 6720
3157 8188
2458 4185
1748 9235
250 8496
2965 6100
4005 8677
2311 5553
5167 5887
564 8646
6064 7826
14 9822
4625 7425
4514 4964
6125 9368
5311 9756
499 2643
789 7204
1632 6439
488 1121
7169 8959
251 7139
3359 5863
5665 9205
3854 5789
2400 7789
1230 6404
1189 5030
2923 3570
2622 3531
3835 8565
859 5153
3306 9174
1023 5609
834 7910
2729 7334
2960 8333
6960 7823
4486 6643
3081 7280
3947 9318
299 1259
2753 8800
1237 9759
289 3302
1050 8736
7820 9883
6349 8603
6705 7258
4992 8257
3986 6949
566 694
1690 1701
788 1491
2041 4289
2891 7702
2982 7618
588 7868
6158 7863
2310 5707
7994 8486
1833 2597
3676 9577
141 372
920 5773
6390 7316
6032 9976
1582 9639
7724 9597
3882 4687
6595 8409
7204 7567
3769 4438
4625 9284
2311 5793
597 8617
9049 9524
933 3559
4340 5354
2263 8949
3447 8197
1960 3331
5619 8907
1943 3499
5833 6831
575 3447
6368 6705
5498 8671
1678 9962
567 9088
2208 3836
7747 9372
83 7524
1666 7792
1395 4308
1377 6490
8164 9054
1664 3885
2027 8907
77 2964
4391 4888
123 3168
1081 9597
1136 3230
282 4133
7795 9933
3762 5996
4788 8911
2300 4720
3056 3490
119 9990
6401 8557
973 3133
4345 6879
5087 6922
5108 7348
923 2122
2340 6446
2624 5191
5419 5712
2161 3809
703 1977
5017 7754
3096 3431
514 1143
691 9781
2378 6519
770 9079
414 3729
2521 3896
5889 8220
3307 4895
1545 5695
5572 8064
6152 7571
4510 8054
5901 7915
4415 9480
5538 8001
570 6413
1055 3383
5316 8566
894 8972
2221 8969
1798 2418
396 8514
2277 9415
1604 7764
4904 6059
6205 6803
4362 4708
7037 8022
6408 7355
3282 9195
3972 6960
4824 8330
750 7709
1592 2381
270 3833
1625 3259
1608 9247
971 4682
639 5583
3548 4660
6821 7645
1267 8902
7891 8636
4149 8017
4240 8482
5969 9511
30 6845
4862 7413
4484 9748
2628 6902
1400 9691
4044 4887
4596 6283
740 3368
6769 9371
4784 9562
5596 5913
647 4955
2301 4200
3942 5367
2631 5589
55 3246
3008 5166
1053 1792
854 6277
1729 1933
2846 5967
6177 8629
4420 6798
825 9300
5455 9934
3021 8244
140 6760
3846 4116
4234 7800
7166 7561
713 1523
4994 9750
5652 9990
2466 5476
5552 9249
9204 9388
2779 7831
4521 6567
1110 1646
1471 7292
1146 5412
2949 5343
640 3096
9 984
3881 5427
705 4224
1210 7094
4319 6636
2335 7512
6347 9667
3681 8362
5219 9910
7030 9800
2074 9943
6210 9405
5312 7652
5146 7693
7006 8089
1889 4216
759 6124
3744 6100
2115 4911
2007 6560
949 4226
1769 7516
2321 3839
5001 6725
1323 3217
5935 6413
3386 5721
4623 9939
5880 6678
6457 9995
1657 3274
4235 9390
2913 8697
3833 9470
2861 4900
3031 6911
2073 4204
2981 3345
2648 7935
2496 2829
4178 9789
999 7547
994 7354
3299 5651
6205 8200
6303 9777
4801 9596
682 1347
2444 3881
2764 6748
59 4048
2200 4367
5538 6319
4460 6273
3621 7520
4142 5722
4126 5151
4633 8464
2060 2545
795 9585
5157 9443
1564 7443
1105 1960
2289 9136
1660 4464
4358 5751
6896 8368
1960 9590
1904 4082
1724 8816
5349 5472
6691 9438
648 9261
1118 8674
4077 5884
2240 8766
1344 6952
2645 8309
111 6898
4096 6540
799 4830
1640 6853
1194 1410
5164 7740
709 6619
5532 9887
238 6852
7708 8490
6702 9247
7601 9497
2377 9951
905 9856
288 1599
4621 6515
2075 4921
3087 3582
607 3490
2203 2447
7271 9856
6147 7792
5268 6457
3516 9592
8527 8966
2001 7635
4467 7414
437 5769
8417 8440
7425 7432
3577 3845
2269 8291
3603 5122
1169 1573
5475 9557
1130 3288
9681 9996
755 8062
5659 7740
2465 2674
1660 2237
8763 9867
1674 9299
6992 8291
5228 5481
3642 4190
4794 6774
3173 7587
3039 9155
6999 7682
5128 7431
2758 9129
1899 9077
244 5813
3480 5775
491 3884
788 6655
1017 3722
713 2548
1650 5707
3345 6365
3062 6023
438 7927
9608 9687
2290 4911
3780 6932
3501 9694
1848 2714
6218 9832
5284 5860
4978 7386
1307 6075
8492 8569
1501 8891
6726 7789
8307 9209
7378 9206
4166 6973
603 2941
591 7326
531 1707
5748 8243
657 1508
1619 2425
8118 9959
311 4599
1235 9508
5493 7842
3833 4557
7811 8075
1562 6576
2378 5180
1045 4359
876 4024
4681 9550
5724 6537
893 2344
4382 8270
2120 8827
6953 9278
5950 8456
2744 2840
430 1193
1625 5374
4460 7425
232 8284
6414 8332
4470 7821
4983 5257
979 1017
4220 9117
6882 7934
247 3997
1589 1893
736 4308
6048 9740
3137 9802
1742 5894
8727 9274
2714 8528
2863 7034
6629 8853
137 4323
5113 5842
4392 7997
2551 9792
2798 3304
806 9359
8380 8720
2202 4703
2362 3714
429 3707
4783 9100
1840 4596
4749 4955
891 4457
1091 5259
1002 6293
2544 9588
5682 8391
4339 6690
4091 9842
4182 8567
7126 7561
4168 6052
9572 9810
1833 3274
4681 8236
7913 8657
621 4022
1296 5028
4780 5271
2808 3387
1649 1724
4993 7817
313 7391
5370 7251
1196 9726
4038 6232
6237 9533
132 9470
2281 9913
2386 9285
2198 7356
4310 6683
5520 6546
5131 8917
6002 8506
6975 8140
