4321 18248
9904 16558
5427 14282
3523 16157
7145 16764
5076 16665
915 2402
4340 16347
1854 4221
9560 11111
3107 7817
476 18715
4528 11547
5754 6552
871 9085
9470 18762
3815 16284
4813 7397
15457 17530
3640 14102
12041 13838
24 10371
13286 15397
5081 8478
6316 15292
7305 18718
5084 5201
14246 19034
12836 18011
406 14891
1356 3099
95 11005
2982 19689
3164 14382
2821 19157
2367 7103
6480 7952
12936 17637
653 8915
13015 13827
7559 15202
1577 4083
4297 6882
3470 4443
6360 10545
13824 18521
2380 18475
2847 12751
360 9115
4016 4982
2998 3145
16442 17619
10805 15311
9578 9894
4182 6193
13576 14981
3944 10163
6046 13197
11005 13263
5386 17515
11206 17999
6304 18209
1337 1556
4748 16383
1729 3447
1942 2130
7201 12675
14683 16292
3763 5494
2527 9966
7237 18003
2382 11324
8421 18368
7728 10760
17784 19427
10988 11711
5376 6811
2806 16410
5759 19655
10128 13941
2499 7913
15674 18445
8388 17121
3616 13297
2044 8971
11566 13472
5867 10500
2307 12674
75 17919
10914 13592
5054 7698
9670 13588
5738 10255
2288 14278
7829 17697
11263 15351
9287 19687
11349 12187
2036 14943
7637 19223
1291 3047
4327 9781
828 12516
2252 13578
932 19632
2730 12149
5788 12945
900 19421
3542 7541
3295 15467
1099 16153
15060 17139
10507 16112
13385 15205
3938 4733
5066 10244
235 3636
6245 18621
3936 8260
2650 15431
7928 7954
7855 17366
4233 14403
3250 3870
2582 19314
12172 14669
1606 6848
9251 10860
5126 14080
3960 5314
8033 19014
7069 13810
3586 6609
13884 19438
7230 14369
11977 18200
6533 12840
3580 12545
18312 18843
2990 15885
10795 19380
4041 18336
8082 12858
508 11510
5990 17228
12610 14273
7517 8649
9224 9358
9055 13052
1323 12205
10768 14959
6815 12183
12687 18472
6035 11473
12792 17179
2267 18260
3317 10493
992 9791
5740 12758
2725 3114
10130 12996
555 4321
14933 18196
3701 9862
14367 18937
10040 15337
6551 14612
5019 5039
10121 16765
13539 19360
9216 12102
13013 15756
11486 13446
15915 18869
16306 18461
16075 17977
2374 13977
1314 5862
6750 17711
133 4328
9823 17546
9274 16989
5364 15500
5635 11306
6002 14813
2268 18772
14250 15977
2706 5782
11153 19444
1586 4950
14256 17799
18945 19562
2905 14675
4615 8489
5202 11316
6225 18665
2379 8029
1667 2899
3493 3736
10481 10782
14323 15187
7518 9285
9739 15847
4510 10333
4193 4726
15254 16656
2290 4377
1563 19161
7418 11962
4392 16464
4959 13963
7130 14053
18490 19628
4904 19226
2845 3384
7660 17060
6945 12627
8687 14364
6301 7265
9517 11793
6275 12848
3766 10465
1932 13498
14139 16403
1413 1489
8051 18095
1602 19406
7479 18234
2527 12204
1402 12282
1712 14407
1822 10263
9666 11077
3512 6381
2237 17816
7181 12891
5709 12273
4011 16899
6778 14481
481 13075
15452 16434
13498 16627
6948 11572
7141 19672
231 3145
1418 4973
2653 12099
980 19318
1101 11421
2759 6798
12064 13076
12098 14636
1133 9001
5840 18429
14261 18865
10444 17398
6697 15287
2498 9324
1820 17682
7519 18476
14103 17821
13273 18419
11565 19446
8595 12592
1415 2869
13906 18238
6533 15502
2042 4954
1643 1844
3092 13203
4977 7585
2422 13290
17234 18555
1536 5275
4796 14404
8446 18463
9308 10485
747 11438
18022 18118
4592 11240
1412 1821
4768 10346
7163 10456
736 10072
3455 18164
1502 6038
2818 19388
12669 15545
10639 16339
10635 15792
10038 18677
11579 12105
11021 12068
877 19505
3410 14495
10845 12864
373 19181
7553 8455
360 1412
1561 10100
2175 9190
5289 11226
3228 18358
484 8803
10839 15628
637 19624
2764 18810
7124 12273
5703 9762
11009 12427
15712 18711
7064 14684
964 11182
12781 19655
6411 14646
896 10111
3694 16206
10206 16754
8958 16266
4594 15148
2772 17290
5483 5509
1318 14505
3492 4719
8722 19366
10298 11197
16374 18261
4146 6433
2606 12769
12152 18459
6452 13619
5222 18222
708 17380
18248 18637
7579 15697
5678 14004
4034 9733
4648 11260
8500 9361
3578 11270
14755 18828
6740 15822
18343 19048
9147 19179
16035 17682
3961 14711
2521 19112
8840 9210
6190 9545
6529 6818
4900 4910
6122 7301
5882 13506
8476 18459
2278 18187
4266 19388
1713 5919
3669 18665
6028 15334
9197 13653
2539 11600
3420 4196
1182 19449
11779 14698
9768 12336
15314 15601
14901 16824
16585 19085
1923 15820
1783 4991
11909 16143
14348 19240
242 19197
6088 17884
5543 11461
231 11605
5229 15930
9701 17758
12232 17379
6244 16277
8818 13726
4292 16216
14413 19513
13898 14222
716 11901
9612 19284
5969 10657
5655 8160
1510 3725
1226 6445
10587 10966
3341 19170
5464 11388
7706 18844
9519 10150
5047 14924
14533 16101
853 10458
5785 12630
3949 15662
3636 14411
6949 15004
333 5657
11068 13887
10550 14783
11216 14644
2254 19261
15118 18114
1118 13214
1142 5243
10112 15301
5049 14403
3890 15722
10325 18698
7250 19688
2944 12766
4714 15352
7935 9984
966 16779
8611 13671
4260 15775
9783 12968
256 6268
10972 18667
9105 9434
17743 18500
3093 14280
8732 10698
4557 13654
7560 18566
6180 16715
3893 8880
5270 14780
7427 11386
6064 13043
1577 18422
3260 5474
1687 13314
17907 18687
13195 19385
6499 7784
10301 13366
9819 11932
12642 18857
9797 14287
1555 15947
6924 17803
3769 7683
1152 10773
7772 12897
7235 14773
582 6667
6644 14149
12799 14477
8083 11024
3545 12485
11727 12140
3259 11483
966 8464
9065 9602
19391 19404
6747 8181
8168 10956
9850 19388
4713 5194
6273 14579
5508 16027
5513 18009
334 10330
11169 12172
11060 14498
3982 5218
1723 11093
15204 18764
1201 10434
10889 16973
1154 5768
3448 6871
3612 8548
9285 14043
12386 18368
11508 16264
4780 18604
491 4767
1840 13343
9910 13563
13477 19661
9677 12711
458 9922
7261 9443
616 10861
9372 14864
1837 14269
15725 17539
6028 18953
10009 13013
4495 7127
2359 13693
967 7648
8009 8546
11260 17464
7685 15234
4635 9794
6539 16519
4401 8725
6397 13429
500 11771
10544 17664
2641 6945
12439 15172
11987 15213
14162 17498
3939 18060
5579 19223
3970 7484
4203 12412
4343 7841
12712 14545
14427 19435
2855 9182
14622 14821
388 6505
10276 13321
6465 14421
5864 9639
2491 19564
160 2938
3346 8625
7587 11936
3575 18982
5166 15097
917 3372
6613 12070
12971 13023
7842 10075
895 6177
470 16250
4248 8163
13816 15620
11367 11932
6230 13134
13444 18799
6667 14659
640 10381
3398 8875
12114 14343
2767 7713
12582 14842
5015 17531
5243 10636
1324 9063
1728 16818
7619 9634
2269 10459
15207 19500
4700 18814
2982 18686
10540 15446
16249 16911
9878 17067
11013 17316
5365 12721
10791 18621
10142 10194
7409 17381
1911 19470
2397 16914
4725 9824
1094 17197
902 6067
6352 18885
8270 11529
1430 12708
6282 14043
2447 16961
7816 14774
7639 16734
1287 9273
4195 14140
2285 3634
4552 12280
4220 17588
8443 11492
277 17019
4527 7556
12459 16554
5478 18394
14822 16705
5614 16493
12683 13514
12878 18518
9995 10362
8714 17392
781 4799
12090 17512
3225 18796
584 13053
3582 11679
4878 19272
8646 15319
17225 18501
11364 11666
940 11408
7413 19346
2418 11551
3413 15436
18456 19581
11757 18054
4812 14704
13981 19637
1716 16900
854 13201
7828 11804
1040 12321
5171 16648
10740 17449
6011 16629
6487 19539
5310 12473
6254 8984
604 8160
9505 17795
5766 7189
9727 16804
4546 5831
1000 5095
6946 13220
11117 15187
10109 15585
1034 16767
1304 13450
2362 7918
17079 19066
5801 10524
9090 18911
6647 8342
1705 2087
7101 17173
9386 17153
4910 15922
1980 11435
14938 18962
6617 16372
332 12438
12547 15075
3531 18085
3491 8007
10816 19687
17367 17551
1672 9947
12151 17840
9013 14755
10306 12077
3086 5219
11194 16318
4066 5525
12228 18115
1349 3181
8026 10386
5108 16802
8371 17349
4674 15210
16978 17985
9298 18213
4814 17480
5308 10105
5251 6218
12743 13745
2331 4065
12383 12757
1735 14628
4433 10574
4510 12238
10096 17436
5496 16257
17495 19625
6433 10706
6339 9668
18869 19593
7961 8295
4774 18402
1284 14699
6933 13793
3519 13823
4700 13883
10095 17744
12365 16880
6591 7040
2886 6979
17659 19241
9237 13138
10490 19451
2039 18610
5637 5759
7952 12158
7356 8903
292 8222
8580 12377
9697 16283
4750 6660
1201 11601
4741 15625
9755 12391
1940 5912
8301 8563
4868 7509
3129 15634
2510 10647
7426 12624
10026 19561
9875 11761
12767 18903
8589 12978
9243 10485
758 920
8771 19669
16794 16835
1637 17607
9650 13342
3550 17146
17082 19073
3587 15291
13323 14869
1931 8481
913 12293
15967 18535
6391 16740
12836 18231
4534 19705
5393 14730
11978 18859
2385 4429
6249 9019
7520 8853
2333 10120
9800 15576
356 14063
2712 2905
8383 12608
5236 8015
9629 9829
17908 18339
12267 15261
10584 14717
34 4602
14541 17106
16680 18107
7591 15247
1910 17637
966 19201
2775 12152
5287 9709
11663 19462
3752 18326
9311 9496
7765 10943
9746 12497
506 15559
5202 17077
4 9101
11721 17602
10430 15870
3541 19379
2122 11314
1943 13496
2244 19662
3511 14728
10956 15448
7063 16330
9138 14451
6865 9470
3257 8170
2218 9801
4428 8230
9525 13620
7678 12694
1845 17887
1158 17341
767 7878
5544 13013
363 3508
796 5875
3725 16816
5640 8996
981 12582
14932 16263
6271 6818
1494 6413
3046 19560
4392 12324
8574 11799
2908 2999
12082 13671
3822 16948
10356 10882
15398 16019
14697 17928
2452 7564
12494 13200
4688 5888
4886 19520
10978 19269
660 18177
7971 10656
5328 8309
14439 15464
3279 19518
3808 13908
3157 14173
6221 14387
783 1607
413 6593
11678 16046
3500 11649
5718 15756
1569 17735
2229 18166
8068 15846
12953 18370
3308 8724
16457 19503
725 17276
6986 16852
6365 9432
1671 13467
1637 2095
4749 7113
7599 8126
4796 10718
10858 13454
674 16808
4785 8333
1282 17454
13427 16563
5595 10188
13461 13529
10655 19698
611 2428
15759 18439
3396 17449
7189 16005
9610 18525
8986 18364
7824 12078
7567 14599
11472 13394
3921 7845
383 9325
8953 17156
2598 12627
11441 12447
3584 7344
8656 15385
8614 14992
8042 14085
9612 9873
1061 10409
12828 17779
431 10513
4880 7187
1504 4183
4878 4900
8071 9145
13498 14128
4107 10188
301 16503
9335 17216
7857 8151
15906 17927
2609 7576
1976 10808
2655 12149
7105 7520
3870 15504
1766 12214
16571 18282
7994 9878
4260 7247
5205 10780
4614 11359
7304 14750
11304 14552
5264 14919
9717 13784
4734 11663
2206 9218
3712 11932
8330 13298
1422 8000
3934 16200
3230 17691
4307 8369
10665 15553
16788 19227
5430 12314
5020 18694
3986 11286
776 4621
9849 16456
4363 8261
6621 11752
9901 13456
408 13315
4835 9918
9743 14376
2296 17899
6490 12450
1644 15433
12562 15526
3085 17718
5135 19002
10606 18753
7649 14628
12135 17804
13042 18060
3572 12790
10053 11118
12410 14491
16564 19502
1428 10524
1449 18048
14482 17363
1421 2787
6660 14213
12629 14971
9946 13754
9294 17976
11443 14627
3136 14728
2222 8384
12539 16587
3095 14115
12483 15840
9615 16235
4773 11419
7139 8961
1486 13301
4657 14248
2001 17692
17406 19321
3506 16906
7278 11357
1425 12682
11011 12815
2689 17960
15883 17702
13471 17499
1016 16153
1976 13408
197 6791
3772 17876
6620 14521
2337 7009
10028 10751
116 10602
12515 18443
11141 18698
8161 13101
9815 14530
30 10221
1730 8218
3071 4512
2745 17915
13386 17160
6754 17649
12895 15055
13434 18373
14522 18151
2061 4053
8128 17003
7658 10616
16358 17285
10282 19006
10163 14364
7588 16599
9538 17190
952 17611
6761 8699
6369 7062
848 3394
7229 10724
4532 12113
5529 18211
6224 6757
11394 12960
7061 9941
14947 15605
116 14643
13436 19510
2186 18221
2578 12792
13014 14353
2382 10165
3732 17663
10135 17408
559 2139
1448 2129
2607 11616
13664 13887
788 12477
3099 18834
4054 15324
9995 18335
14316 19336
1911 4582
223 19346
5842 7931
6341 14252
15280 17941
10944 15115
3812 13137
5306 9741
7101 16677
758 12275
19537 19646
2854 7972
8727 14509
260 19306
9708 17829
13512 18302
9511 12739
6370 9028
6668 13602
16373 18882
1033 9002
578 1565
8552 13139
2129 7329
3951 10360
130 15266
15770 16197
10665 12397
1126 7305
6546 8890
2739 15489
9279 18353
7826 18569
7260 12291
2658 9342
13893 14945
51 11610
12374 18343
1046 5540
17596 18232
3277 18248
14543 18274
6235 13080
5125 11351
1595 15497
6423 11699
11087 13518
4975 10021
6041 6205
2455 18506
2578 14073
2687 18573
4848 9237
11776 15200
8726 18115
7880 14669
1158 15388
403 4141
7928 12062
310 805
2071 18123
8405 15620
16014 18236
15984 19518
12896 18783
1695 9916
1753 18687
6641 7204
8000 19125
10042 11636
15916 18804
774 2990
6884 10020
417 4924
1051 3360
513 16427
7637 19206
2759 3098
11049 17262
7657 16939
3254 14828
6677 16922
11860 17800
9665 12781
7523 8369
17930 19642
1267 10771
679 16842
2844 4896
1171 15967
10534 14258
9871 13568
6255 13162
3284 18449
3502 10648
233 12581
13107 16544
211 3429
3304 11556
11450 17721
12815 16175
4511 14330
6568 19478
4175 14739
12373 15949
12739 16796
321 12535
6221 17612
3126 4907
1778 19024
2331 9370
10286 11891
6254 17821
9832 11262
4762 11557
9572 17267
11973 19644
5104 14602
4017 17464
10951 15210
11671 18878
4214 19331
4703 12625
7875 9168
864 2212
1342 16144
4323 13886
7758 11253
6241 14950
16392 16569
3382 6399
10222 19598
8968 13097
2853 14103
8084 11632
5297 9935
8721 10565
5332 11912
2719 7338
15967 16599
1596 13548
3770 11746
2664 8021
15551 17253
56 10574
8461 17966
7554 13374
1978 13248
12132 17384
12459 18700
5707 6640
12555 18822
9567 11263
4192 15565
1102 3730
2172 11399
14426 15877
10448 17030
4736 13923
14150 16718
1097 5505
6540 11274
15892 17680
4575 7396
3633 11160
14040 17932
4017 13037
9548 13030
2933 6078
14720 15300
1086 2924
7566 12735
1400 12801
4425 8450
5204 17589
4143 9651
4787 7101
5528 11897
6564 18707
9873 17969
7482 9285
7055 12966
4441 14050
736 4529
4284 5549
13667 15796
17223 17522
2078 11043
8018 10142
15264 16934
2263 11900
2396 17896
11416 15944
3428 5283
11139 13217
18533 18691
4369 15058
5380 13377
7801 14942
516 4853
10957 11937
1881 4866
6505 9972
2807 17300
6189 17831
4966 15989
8487 10315
2024 13483
8067 12108
14589 16854
6713 16752
9880 10691
2649 7983
1357 1740
7963 18533
5464 6342
6294 8931
3363 3683
11493 17019
4411 7387
12141 18849
7279 7550
14348 18684
3278 4647
4502 4723
14090 17935
4570 9841
7319 10512
12044 16383
6685 15063
3591 10620
206 18769
445 17969
2672 5001
1853 2276
9938 12762
5636 12499
11026 12133
7884 19604
2174 2916
7733 14981
6552 12518
11865 14218
493 5822
727 16582
9966 18840
786 13943
10816 13918
11958 19639
12384 13534
6358 11558
1280 19464
15612 16020
803 5581
2102 8349
8483 19269
7446 7544
5774 6407
3689 9402
3609 17190
2800 18072
5924 8118
3082 8660
1356 14827
2517 18563
2747 13296
8082 11079
1917 12818
2320 18447
6230 9674
4818 12160
321 3348
6030 11969
10748 12621
9460 10521
15074 19149
5923 19323
3034 15281
11330 14956
6981 13926
5931 6782
12098 15852
4737 19349
7734 11290
1990 5444
5891 11933
5010 17826
3880 12831
9093 10748
1144 8262
4491 16445
5632 11840
6997 9980
1023 4687
8844 17339
12215 15236
13877 18443
17155 17417
16269 18542
3369 8074
5005 5385
8906 19715
5112 16554
1005 13238
6567 8041
522 16966
12290 18445
688 4632
5204 12852
1197 18191
12674 18171
3118 12189
3456 13884
4745 15124
1992 12834
5144 13527
9962 12277
1002 13442
1486 10152
1259 10747
9797 13199
5478 14372
7370 16650
6943 10530
6655 18779
7076 18608
533 18463
3530 8463
16075 16647
8432 10530
6703 15621
4384 10254
3108 9892
1000 3558
4348 8511
6490 11656
12669 16974
1912 16765
1837 17878
2878 18203
6516 18317
12604 17532
2749 10044
5648 9710
6381 15633
562 4154
7961 12264
12343 13345
2607 5196
3702 12200
3236 14474
4024 6339
2082 16900
6990 8793
6664 10792
7198 8995
7129 15772
1729 8608
10576 19682
676 15092
2106 19462
18037 19299
9618 18669
6588 8976
7026 19134
12849 18283
8866 13982
1243 15099
9647 14312
10350 10511
954 15681
6991 18592
4805 16298
11072 13583
16599 17245
13520 17404
4422 12828
7816 11934
14723 17388
7 3987
14438 18612
1817 17151
610 17548
2669 6487
4288 11738
5687 13353
8566 11954
1843 7607
5232 18215
587 7222
4091 10190
11589 11680
3999 16372
5266 14326
5776 16037
6346 7765
9632 17926
206 19408
16300 19200
5062 19450
4853 8393
9616 15983
4713 17924
5278 19172
15476 17102
12296 19416
15369 19379
11724 19042
13478 16673
2920 12122
431 3693
757 18009
4922 16922
7495 8948
2872 14193
5427 12129
1330 16969
7784 19206
11428 15565
3441 13218
5601 12320
12672 13182
11522 19059
6839 14929
19313 19572
912 10351
5332 15160
11264 13804
2353 6411
7212 13762
3308 5456
7577 7609
10584 14154
5959 6759
7201 10315
12367 15560
10695 10893
8326 17397
3617 11307
11288 17573
6727 9563
6616 16306
11908 19062
3874 9155
6861 11439
5177 13808
3275 12164
3213 10617
13107 13480
8407 9271
3612 18861
9390 10257
2759 8845
13460 14567
5175 6201
5877 12067
1923 16690
3014 9995
942 3855
8137 14356
1294 14542
7760 13993
17142 19485
86 2477
7532 9385
2192 14981
4230 15976
2321 7248
6042 8566
8371 14296
2633 17102
11969 14564
11725 17544
2311 7699
6336 8079
17151 18093
3 5466
576 1151
3328 16038
13739 14972
4656 14055
16456 18018
11757 17341
13786 18035
602 16425
3831 17783
6795 19684
6551 6808
10863 16785
6070 8122
3577 4444
17138 18528
8918 18231
6235 12438
6667 6757
3040 6007
6238 15727
4749 16979
1303 5372
11945 13794
6115 6398
3794 16226
9557 14123
2674 18318
1991 5799
10588 11884
8681 17584
9125 14710
6748 13973
3695 9233
7763 8897
3831 12050
4723 12609
3674 16908
1080 15494
8138 18910
13704 15166
928 13857
11108 11469
6763 17038
10975 17513
7904 14192
17948 18676
760 2306
9475 16851
13182 18905
3377 3497
13424 17637
6610 19350
1481 12242
5338 19011
468 10831
4707 10021
7136 12218
19148 19608
3011 5382
3497 17202
11 10160
2412 18053
2318 10274
4562 10620
9777 14294
6860 10117
8608 11479
9968 17254
8697 19562
2445 16407
12304 13695
7274 9242
19046 19546
2183 5738
12110 19668
1992 17865
9174 13778
8897 18490
7304 17087
17997 19200
6638 15251
2407 13747
5383 18806
5885 14478
5704 15973
13609 16928
8683 12530
474 10523
9186 18894
7689 10085
9593 15255
1474 7675
2533 9464
4387 14703
669 19275
1743 4192
2124 11504
8597 12330
4995 6601
15507 16110
130 19516
16593 17942
8801 15277
220 519
1781 19185
5552 8375
874 8112
1206 8510
12221 17269
10310 17980
1211 12397
12429 14397
11718 17652
2759 5365
11860 15204
11953 16383
15137 15328
9101 13614
11534 17999
6725 6969
6298 12562
4004 5923
5154 17621
17089 18146
5445 18194
6229 16391
6260 18737
5853 17610
14894 15377
10611 18809
9919 17133
1119 7952
4040 8300
9674 11080
4490 7997
17045 18463
7841 19600
205 15148
18919 19671
3186 12021
12639 13409
2498 16034
5014 17226
3793 9914
6389 17672
222 8685
8765 17587
8060 17682
2052 6119
16075 16635
36 9651
9592 12978
498 5393
4721 7198
15090 18032
10205 16473
6348 9064
582 15975
12562 17526
10184 12018
16648 18241
9224 13523
16026 16473
12133 14574
4616 17848
13415 18422
6526 16146
8119 14503
11995 16558
14344 14822
9007 10241
1817 5667
3825 8545
15505 17624
4905 11421
3821 8464
11911 18403
5321 7947
9081 16324
3581 13893
10103 12895
8737 18428
1547 9151
13105 14839
10943 14715
868 5330
11315 17817
4743 13832
215 14835
7281 15197
9108 18717
2332 12898
779 11021
7849 15430
1172 1787
15901 17641
12607 13705
14407 19037
11220 15715
2651 16946
1908 9359
3141 7058
394 4878
1347 2279
973 1608
15172 18999
17067 19232
3772 17848
11408 18371
4149 17973
16037 17378
11582 17065
1684 16955
4048 17061
136 6160
2677 9039
717 8968
3761 3871
9666 11557
6773 18736
4912 18803
2276 3800
652 8874
4529 10337
8768 17099
13082 14407
9974 11443
12564 14916
12610 15010
2458 4277
8262 13938
9092 11392
4552 14111
4133 5158
2088 14511
3366 15681
10258 12651
5625 10590
7742 11313
2586 16700
839 11936
1738 8227
10747 15060
614 11921
4719 10027
3094 19170
16478 16718
6393 11814
6109 12305
4312 14533
3485 9406
4287 11703
6334 19396
8115 19491
1211 10040
3574 5095
13889 18435
7567 11474
3866 5215
7602 16767
4258 14818
3200 7793
357 15192
499 14912
7556 11574
5774 8151
18408 18762
5785 14451
11248 12995
4421 15259
303 5503
6783 9061
4295 9749
2696 7560
10112 16517
7274 16428
3097 19225
1152 7044
5403 17658
2034 12708
680 9314
9216 16834
12603 13882
19127 19632
9476 13772
1520 17412
3433 17530
2252 10670
12537 14289
3193 16075
12199 13743
7847 17960
11210 11639
9938 18840
1626 6572
5159 12131
203 7829
9310 15100
4076 9238
1067 15777
10524 10972
9537 12682
12853 18933
11325 11610
8497 13056
1206 10873
2534 13873
4736 18681
2966 11087
14017 17406
581 14033
11563 15280
3779 5656
537 2060
6887 14597
1010 9290
3518 13548
5638 6317
17004 17224
1341 15511
7197 13072
7468 14840
1254 15659
6964 15669
2679 16721
4119 15169
16008 18247
3073 13936
8198 12651
121 5710
18490 19008
4447 4477
2157 15521
5378 8203
7509 19097
7954 17340
866 14364
9619 13950
181 19702
2479 13549
10985 12166
6074 13793
525 11021
5714 7335
7665 10299
157 15200
5397 18748
1133 5611
3423 17696
1641 2814
9412 17599
6976 17118
10268 15489
13486 17813
365 4355
3832 19171
1649 12952
5775 19576
9078 14966
15821 19041
3423 15287
1616 17219
7533 18372
1358 9320
6805 17106
335 17651
2763 5464
6856 13200
1991 4599
13236 16965
13736 14079
240 10630
13232 14210
1031 3122
12397 14828
5847 8633
4942 11835
17008 17022
15580 18535
5768 7314
8537 12352
10574 19325
13088 15204
1149 13094
13073 18462
2715 17275
2665 8279
3756 6688
15051 18256
602 10071
17377 18136
3484 16951
1914 14741
10342 14955
8412 15494
903 18384
18369 19046
668 18079
3667 8774
5213 6324
120 19219
5486 14687
13012 15954
7855 17785
5451 9106
16094 16406
18470 19184
1848 15721
3568 15950
1988 10712
6174 15949
2545 11385
7336 14819
8215 10323
12343 18384
6214 15453
305 6196
16600 17657
7938 15769
3884 6902
11514 17752
9704 10588
5086 19303
212 6250
12395 13329
11550 14418
4183 5402
2980 15476
4092 7319
11436 17796
72 6534
10022 11802
4350 7915
8521 12999
12419 14959
5675 6275
5027 10178
3780 18095
1499 12226
14193 15999
14321 14489
9230 15680
9373 14318
3763 9222
658 3959
13148 15618
70 6344
10842 14227
5080 8621
5998 16502
2263 17227
12688 14635
1928 10211
9832 9934
19196 19690
11054 19299
4821 15809
16383 17212
6629 18743
12551 13200
10567 17728
15698 16386
5714 13730
9921 15882
9137 11147
11186 16918
7983 15969
4232 4640
15685 17649
12345 18333
10172 15725
8477 16734
5272 9354
7563 16528
1596 15715
7157 9206
3167 5651
10648 16374
5488 13393
8090 9596
13756 16647
6274 7043
5197 10782
801 18525
5297 16650
1715 7542
629 8981
1858 2167
6415 13179
4223 11579
11899 16807
14205 19009
329 5662
6874 9289
6362 11757
10947 12604
4411 7095
11497 15094
14808 17403
6453 16317
14510 15744
2785 15302
9722 14667
13964 16620
10168 18805
5097 12141
2540 19686
4976 13444
9111 11780
16579 19270
216 13317
476 1364
3345 19482
1424 17557
6498 17100
10221 14247
2703 14567
2582 14762
1155 8412
2348 14262
757 11556
9598 12971
164 6685
10262 11120
4124 18183
8856 18654
2098 10543
8740 15662
7674 17445
10171 12165
3109 8770
14322 14948
4561 12696
7419 19146
6466 15079
2177 12325
10446 18518
136 15218
1755 6461
5190 14040
5972 9285
1196 10894
12277 15994
5465 8357
129 1016
4745 15329
1739 15830
9226 16662
3629 14684
133 11736
4354 10443
10580 10627
1633 3928
5835 13935
1689 12576
11456 11669
5849 8591
7947 18495
1753 12890
6155 15828
4664 17586
3188 15044
7757 10556
2973 14224
11536 19610
7245 18712
7908 18938
1308 7201
11183 14497
10744 19130
5270 13182
16018 16889
5560 19029
5261 12037
4004 16342
8144 17154
9040 12318
2683 2810
17796 18199
2487 7113
11733 13636
1074 18731
15079 16875
13740 19494
1662 4599
1597 12787
1887 2397
8571 15384
3479 8427
2599 17748
13153 15444
4701 10586
16002 16462
6458 13296
2916 14160
2311 3632
4793 19413
4410 12043
9342 10005
14309 18743
10337 14472
3138 3966
591 12512
12169 15292
2902 3427
9899 9993
7336 18256
15983 18446
8623 18657
6783 12620
18281 18450
488 12194
6719 10535
11269 18756
3381 14116
105 6949
7621 8267
7232 16303
3811 18541
13484 19127
7533 14345
1349 17477
5621 7826
1770 4827
3068 10849
5211 12479
5208 13751
12365 17984
14087 15058
14090 16777
13401 18281
2263 5364
12215 12908
9696 14425
11183 12346
13103 18043
15705 19367
15931 19123
8066 15406
8630 10042
2742 16632
4539 9118
3676 15780
772 10322
3352 4106
4907 16901
452 7394
10639 17187
5201 15652
2733 9024
9475 18257
15620 17510
10015 15475
7986 15415
10241 11114
145 17112
11775 15978
9255 15563
579 9363
5148 13952
2476 16753
4680 12551
7146 19601
1331 1887
901 9756
73 10403
7991 18811
14928 17914
4454 19126
1231 2079
12307 18065
5840 18220
4692 18248
8761 17894
771 11533
6331 17658
7540 8185
6573 15387
21 10896
1121 6332
3081 3319
837 1092
1414 17648
10300 15603
1467 7447
1352 4413
8824 9520
11931 18318
3456 7986
2917 17639
319 18567
920 16680
9217 17749
15628 18212
2747 4153
7987 12602
7491 8055
5356 6604
4114 13122
3575 13365
8590 12922
7132 10248
8411 10531
324 16935
1551 13772
4400 10441
15066 17013
6342 14195
3449 19256
945 15569
1341 11236
14430 17252
3276 14827
2805 17560
13179 17230
8689 14807
2820 13987
11267 19475
3735 18195
4752 11159
8237 11410
3167 13127
2366 19227
4260 6380
7417 19016
1196 1644
696 10484
18082 18648
12515 18311
10997 15292
6557 11233
8851 8853
10174 15148
12298 12323
9482 16846
914 2645
10214 12208
15335 19676
10981 13072
4400 8483
9944 14246
14480 17056
11814 17188
769 3456
7255 10672
6368 14335
3873 12992
1307 7349
2025 2837
16056 17082
8052 19321
1882 10803
3019 3501
1479 18982
3664 11379
6610 8783
6317 6364
18277 19320
13103 13771
1790 8157
8538 9413
9490 13096
1008 10070
9221 10556
3381 8434
6076 8739
17071 18979
17939 18758
1672 2571
6090 18007
161 9261
6019 6070
7015 15091
9838 18446
3509 13430
8130 9199
6304 8615
7027 10761
10143 13635
11714 19287
8516 19627
15302 16765
7171 13859
3513 18471
15373 15393
11549 14531
3278 17407
1485 18734
176 3947
6081 16692
1253 12353
1049 18090
5914 14729
2743 13571
5967 9650
10679 17173
6121 13728
957 18970
1849 13148
12307 13647
9800 19622
7133 14227
7756 10462
6999 15199
2573 14904
3406 17678
1872 7626
4361 16098
2266 6921
14167 18153
5645 14293
3671 7754
11418 12152
13685 17743
16615 19652
1042 13964
14571 19172
8549 9119
8932 9372
2262 15761
1326 13885
659 3216
3371 13385
5793 15959
5847 12551
1248 1312
4929 12083
2651 5021
1735 16895
7316 17744
2782 14099
2372 15974
2159 18472
8580 11503
6676 12348
5206 6329
4618 16855
6077 14983
2891 8951
3984 19676
379 6530
2977 7947
7152 13722
3103 11482
14049 19224
6026 10558
4485 8419
4037 4429
12397 17577
4325 7917
13862 17721
61 7439
11741 16950
10160 12697
2104 2122
9606 18669
10797 15693
14783 15943
5659 14710
79 10727
3133 10483
9771 18098
5739 5908
15856 18518
7242 12848
3918 9575
4070 8535
13258 15874
11084 12109
9119 15432
1213 5405
2206 16747
3407 6718
8758 14514
115 9801
4055 13753
14552 14810
730 16098
7612 10333
5317 8976
458 10041
5963 18277
9686 19450
109 248
1271 7599
6248 10690
4863 6838
1664 9518
13443 16136
888 15448
4154 14648
4991 8555
10444 12282
1147 4783
1664 18698
10902 17686
79 6473
11587 16765
10005 19534
7668 11263
4118 14721
12610 17598
9191 16836
8617 13801
689 7671
14770 16276
4971 16481
4483 4681
4780 8317
7186 10462
14032 15461
10540 17140
2849 6114
2403 18395
15937 16271
2587 8994
8676 15555
12347 17024
6696 18786
1601 18580
3457 5092
1212 11791
9412 13676
159 18700
5484 8101
8266 15351
12975 17038
2909 18150
279 10316
10783 13138
13118 17118
1385 11600
9431 10870
11631 17999
6523 19497
6882 19585
10742 14893
16898 19691
3810 14800
11551 13702
5078 17237
7411 19704
9057 15970
371 11849
7972 19140
2221 11466
15305 16968
1685 4512
3814 3979
2956 15026
1462 7922
4614 16318
9669 18019
1659 4894
9263 14307
15007 19459
3635 11313
3599 19267
4668 5321
6852 8505
6986 15437
5010 8968
7929 14488
15022 18655
840 9914
1714 2501
13099 14212
182 16231
2601 7885
7407 17649
1774 11907
2048 9997
2651 12874
10884 12670
2135 17894
2667 18582
8242 11932
5721 14999
1238 11438
6463 17844
7160 18079
7596 17276
5643 12890
10370 12699
5490 9762
16770 18959
3332 7109
13019 14096
511 17107
7497 13390
17 1331
9721 18738
4689 11794
1486 14176
10010 15595
6215 11209
4934 11110
4023 14642
10507 14289
7261 8395
10897 15080
65 15912
4979 5472
7708 19075
6557 15723
5748 14197
2714 9199
3970 9670
4628 8801
9080 12762
1454 5736
9473 10011
12767 13601
8732 12937
15352 19516
10280 16355
3650 18081
1513 18724
13371 18240
4601 7279
5717 6068
97 12854
2526 17933
9040 11061
6525 15576
11997 15608
433 4035
9944 18825
6880 12470
1992 9808
6687 9141
321 17442
9942 12510
7029 11330
10515 10833
18935 19665
1234 8975
5020 9624
11982 12118
8065 9988
886 2313
2934 10435
4610 10333
12769 18673
8348 13440
2928 12127
2583 14459
801 7568
8956 18490
5356 5466
11542 13218
16916 18074
5179 7958
3700 12168
11412 16506
3352 12733
3289 6673
14416 14717
5780 10229
8472 10131
449 16672
9489 19240
12387 17301
8838 10582
8278 12464
2222 16593
6268 10860
7653 14396
11912 12597
2906 16033
10562 19639
5410 13616
6157 16382
7067 8977
11283 11332
8502 14238
6072 14525
925 10272
10292 12583
2704 14205
3251 11991
15639 18505
17932 19714
2946 5688
3173 18746
7055 10173
7248 10038
5476 13560
2783 17652
6603 18832
8408 10244
5662 14193
10885 14667
4565 10264
6048 16968
3005 15011
8635 13025
1017 12840
6510 12718
855 17026
10034 17628
3463 7879
4361 17219
779 8120
12896 14183
3045 5369
7129 9678
13607 15292
17927 19526
3403 4521
1127 2745
2402 9977
2177 6582
9532 14323
15406 18681
13397 18241
7321 12194
3840 14938
4495 8767
14413 18362
10588 16226
4595 4754
17314 18748
242 12052
1036 12782
4947 8900
14834 18933
2241 16723
11070 13750
12535 16409
264 16675
933 7389
8478 16449
175 4165
1760 13721
6289 11169
16061 17567
9631 12023
4164 7991
1577 11480
1730 10736
1311 13495
6768 13301
16894 18560
7344 17820
3947 18427
13436 17095
3541 7613
7744 18086
2894 19412
1614 5426
9067 12816
6289 7036
4892 7130
15034 16987
7821 16188
12804 16163
10560 14244
2500 3147
12105 16168
3081 16790
9180 10462
7434 15408
17116 17832
7378 9422
4681 13053
3509 4753
2512 13074
12563 17491
9467 17907
7065 9645
652 16002
4614 11200
3632 7179
9958 15352
13505 14274
18248 19104
4819 13828
9644 13731
5974 11238
5971 9079
944 5428
673 14714
10030 10463
12598 18172
11297 15413
8863 13514
972 14121
2790 13843
196 5154
15846 17932
8056 9222
4848 12823
15940 19022
1965 8289
5023 5408
2921 6301
2895 13820
5915 11666
3157 9435
6532 17580
8955 12361
1835 14278
3733 7569
13465 17012
6010 19632
11085 11840
2925 5532
7100 16684
1094 8070
7109 19033
10596 16398
12867 19351
3273 4147
12208 16731
2064 6292
2663 16795
776 12092
9777 9985
9759 19306
2805 7371
6689 16909
9459 16202
9328 10301
8403 9374
4876 6614
5771 9563
7010 10523
9554 11031
1901 3764
3062 12299
2170 9610
8843 12053
3389 3977
5411 6754
10425 18039
13534 16344
4030 17213
7027 15239
1364 2060
7213 8372
134 14068
8989 19591
6840 7683
226 14320
9979 12159
13684 16289
14410 17374
5312 15834
8918 15373
4365 11387
6315 10590
9322 13400
12599 18422
6970 14045
8474 15009
10529 18279
5198 9305
3375 7263
7683 16978
2270 18172
191 7374
7097 9033
6306 13868
3060 8157
2464 4256
13106 18138
17457 17745
2326 6898
3051 5420
5009 8885
10245 18057
6346 19403
5060 13046
10358 13881
16866 18602
2823 17610
10421 12634
7356 14832
1927 16784
5840 9765
8143 15693
2088 8065
269 14860
7244 11664
9331 18256
5128 9103
6579 12536
5761 14729
9569 17154
3407 13888
591 5874
9248 14494
1355 7243
1033 17763
6080 17436
8637 18139
2644 18394
7692 9126
512 15118
4926 17789
619 12738
363 16368
10617 13590
5931 12980
2020 2874
9637 14976
9056 12550
6039 16284
5633 14022
6409 19063
744 5241
15574 15908
890 16198
4784 10589
2492 5346
1761 11935
3889 13015
7779 13413
9445 11894
3146 15646
4373 8355
7832 17593
12161 17587
9004 18317
5179 5780
10368 15024
13533 18189
7956 15852
3003 4353
7907 9787
798 17551
484 12025
975 7874
950 15360
5322 12018
12574 18732
3229 16183
10259 18350
3018 11177
7039 8375
5380 11107
2033 14555
1328 2316
2758 6510
6330 9893
7317 19231
652 13421
11846 19352
10402 17065
9291 9446
6413 7577
11441 18516
1816 18021
3247 17352
636 13138
5087 13939
344 1619
13987 19498
6960 12314
567 18455
9115 9178
8478 14498
3926 9153
4198 5758
2167 9851
5449 16184
1479 12758
5627 6687
2277 7913
16251 16902
3894 8534
1803 18100
11854 17213
4388 9025
16724 17330
14645 18695
457 5345
2087 3348
2379 13706
4046 5348
10051 14184
440 10860
6902 14871
7034 17847
14266 14284
11891 12961
2099 10847
1026 18964
15160 18062
3519 17322
1074 2014
14048 17401
15002 16724
9192 11634
2345 9297
7912 19046
5721 18389
14539 19229
12588 15538
4487 7771
100 16633
7608 19657
3 8041
3854 9431
11370 13605
3210 6187
9895 10986
1582 2389
13947 14511
1718 10484
8812 10303
2859 10041
1250 2346
7077 12650
6297 14680
7685 19331
8767 18206
100 7225
5927 19137
930 11093
7414 16601
11067 13114
9523 16793
3461 5601
307 13899
3616 12517
2436 11671
16267 17174
9155 9308
16862 18903
10172 13380
10068 11964
7337 18878
3563 12298
4967 16063
9144 11180
5197 6883
7831 13272
9408 11262
5762 17228
12328 19063
365 4283
6997 12180
10418 12577
11211 13544
7987 11214
2693 4862
12380 18234
4487 18403
3186 16090
1463 9564
12520 14291
1466 8933
14357 16388
6499 6615
7000 7398
8515 16088
1237 3474
2746 12547
8482 17458
2424 6290
6509 17105
4223 19153
875 12585
12857 16010
10467 17087
1459 17023
10284 11375
4970 13853
485 11436
9878 13780
6882 15301
7870 19476
5555 12046
5161 10068
1155 4335
2911 8482
3353 10073
8718 18132
4036 13436
1459 12174
4194 6719
2504 6335
15045 19483
191 12548
314 3132
3104 6304
11963 15632
3151 6305
13760 16412
3776 7208
2657 16453
4576 14730
1330 1572
8528 16080
10168 10937
7509 18170
101 14766
5656 8255
295 15566
8147 13548
1144 11022
3046 16751
2746 15577
6142 16782
2703 19268
12116 18051
38 13020
4597 17768
4945 5906
8032 17470
9690 13426
170 5693
951 11363
9757 10037
3183 4436
909 2141
10365 13820
9207 18711
4605 18889
6261 6274
6175 14793
2497 4779
1585 15309
4530 9958
6051 9022
7152 16277
15501 18554
4182 9928
9985 9997
4961 5654
1581 14482
11007 18092
9380 14303
3984 16086
4369 17026
1709 18350
9126 15784
14498 17821
3200 11408
9481 18807
9781 11117
7244 10015
4599 18176
3450 4550
3824 11796
7091 15829
14755 16548
2802 8328
17143 17800
11270 17138
2907 6669
8432 16809
3461 12709
2797 19100
15903 19414
12762 15599
6152 6837
5220 19221
3925 18249
1583 4220
3176 8338
11466 13601
3936 4719
2889 5592
10447 14290
16026 17095
3107 6851
7549 9310
1083 13504
9828 12499
2385 16186
2341 11916
15705 15812
14744 15999
6264 18800
13250 15604
15062 16048
12735 19379
5766 19210
10586 12686
923 2923
9238 15030
563 6827
10783 18336
12645 17067
17355 17456
13608 18556
6725 14661
9370 12242
2883 11412
7442 11170
1908 3857
8710 12097
1660 8011
2877 10017
10626 12065
3856 6616
435 3310
6168 15041
6396 19208
12756 14609
3404 4026
1782 2908
3108 19439
298 15872
14142 18641
2428 5003
12359 18959
5482 8107
4273 16674
1725 10904
7916 19131
1220 16176
4711 17695
2731 15607
4076 11573
2543 12191
3515 8815
1209 6213
6131 10138
10467 15773
3400 4511
6490 13642
8999 9235
14189 15876
11745 16610
5322 9204
3789 9244
8052 19245
7625 15919
1962 17304
2254 13162
7614 11685
7090 8599
6224 19165
2592 19405
19293 19304
765 11108
3216 7578
3743 12549
4938 7560
985 15303
8852 9290
3700 10764
8558 18505
12057 12568
1427 5688
2789 18824
175 13320
2353 9760
13262 16444
3010 9845
14177 16267
8651 13691
13852 17838
9911 16075
13184 19100
6669 17351
5985 10162
2867 14236
11353 13947
7183 11460
16594 18807
415 12549
8211 17247
5835 16432
5382 17067
10881 15044
981 9022
4392 7915
2273 3106
6056 18541
15579 16440
2802 9080
8497 17387
4047 9801
6976 16714
9532 13116
1884 2934
1454 13589
8703 8774
16558 19048
4253 7610
6782 13958
4531 10307
4480 5638
6526 17581
1892 5413
7591 9410
618 5493
16163 18996
1967 12807
6283 7381
5652 14445
2029 8284
1124 16375
5669 6482
6930 19401
9135 14041
6200 7438
14213 14328
1746 12421
3253 4529
9387 10960
1015 5948
9007 18405
7108 15045
7747 18087
16974 17648
6966 7682
5253 16482
28 15773
566 14871
2508 4265
1517 19696
4819 12335
6556 17294
1489 9063
6455 6842
10309 15259
3349 18421
6872 17942
5643 6684
3641 13898
4723 16220
4318 13944
12294 14457
17594 19074
12587 17682
8947 15547
5409 13345
14762 16013
5441 11182
9122 17269
2132 16718
2840 15632
4240 19442
951 6867
11249 13751
7451 7959
16225 18165
9995 12724
6386 13945
8766 15417
8583 14329
9359 15382
1450 11593
10171 14140
2723 17329
5374 16226
698 10107
8468 10143
10823 17840
14067 16844
1496 14478
4309 5362
10036 13773
5497 9653
388 1227
3522 16317
14951 19178
5468 14221
5614 16385
11094 12164
12076 17927
6488 9777
16179 19679
11975 13172
4720 13470
6510 14764
5524 13090
12605 18094
11077 13815
15836 16438
1096 1843
10861 18430
1132 17316
5249 8742
10252 18947
12531 17228
5589 15727
4189 5963
7260 15284
1028 14718
4128 5002
103 13064
4888 19406
14689 15293
2620 6902
3429 19266
7731 15804
4859 6790
9863 17737
14579 18648
12655 13520
13039 15081
8894 8957
14888 19507
4866 13576
3948 17998
2319 4095
1393 17622
10198 15195
15162 18125
4025 6150
8739 14284
2112 4221
9386 15251
9236 15894
3145 10366
4342 14608
11033 11720
9084 13520
4633 17232
2325 11095
14693 15238
12510 18870
4810 14101
9792 12997
2231 10396
4128 11577
7294 14336
123 758
7863 13682
13252 14720
2185 12927
9051 14567
5672 16935
8935 10869
3445 7683
11083 16875
15297 17166
5443 19661
12742 16932
4864 18092
5923 19560
17756 19150
5440 6445
8789 13356
822 3492
12150 16785
3363 8847
3365 15049
1746 16119
9232 15449
627 16132
6972 19480
5142 17211
6757 9355
7828 9964
13321 15650
8827 13594
3858 6107
17189 18473
4750 12052
3322 3923
8445 9204
2993 18187
1063 12362
6578 13059
10411 16558
18579 19562
3336 4287
1106 13910
8340 9545
8169 10304
10252 16250
6586 10826
1917 3922
3529 18901
8996 13777
12706 18248
4590 5160
8226 15951
9979 15564
5040 17715
5101 8992
3610 5212
10672 17096
10054 16599
339 10491
2292 11814
4749 6883
4182 16700
2125 14411
6079 9704
14973 15740
4910 5136
106 4286
5258 16826
5681 18044
11799 15510
13271 13597
5119 11030
7170 12062
5638 9394
5389 8695
7185 15519
12482 18975
11427 17157
1052 13852
5428 16946
6933 16180
6338 11230
6180 14495
2351 7419
15499 16232
7183 8083
1712 17928
13497 14367
10897 14856
12248 18944
9016 16740
3681 10483
4381 9318
14530 16868
4039 18305
4955 8250
8859 11400
4374 16452
2962 14004
2943 17610
1273 1931
10279 15543
3026 15303
7998 13011
8860 14088
3249 12900
9756 11675
7041 9544
14782 14914
8441 15033
11294 15866
111 10125
14364 14773
784 1998
7579 15060
4577 13506
2920 15500
2446 9739
356 12637
15167 16289
4681 15817
1934 3578
3883 6094
1007 7973
3290 16821
9395 10551
2034 11779
9187 13750
14333 16941
248 5178
4979 19198
8339 19470
8909 10378
7197 19611
16461 16682
4546 5394
15398 15579
10740 11278
1209 4805
6347 19593
5094 7593
5609 7315
9358 13041
10239 15923
58 11060
252 1589
8963 10268
7368 17757
6649 19348
8464 15076
6697 11920
6270 16885
2036 18389
7783 9563
9688 10647
12668 18890
482 2803
1543 15865
2401 12504
3483 15985
13152 18899
4286 7432
6823 15945
2073 8874
14918 15969
4492 18373
16526 19646
7840 16212
16638 19177
5207 15550
5562 17518
10300 14000
16971 19174
8396 15054
6984 9591
17531 17768
2809 17537
2070 7387
605 12255
2808 18342
3207 5983
17989 17998
5994 17268
10462 19357
4913 10325
7118 18383
9655 17141
16526 17389
5705 16092
11916 18572
11759 15723
2527 8562
8435 18334
7175 16422
1960 9132
7988 8519
6672 14390
2616 10765
7735 13818
14689 18013
15331 18887
6191 15784
3240 14585
5104 19495
10682 18258
4137 8733
15127 16802
9243 14640
3323 6133
14738 17983
7766 15183
1865 16591
1410 12235
898 7820
8325 14244
177 17703
721 4792
11920 13837
9648 9801
12690 14272
6638 18015
671 5812
7108 10861
12268 13751
652 8865
8445 16548
422 10612
4595 7845
13839 16006
5661 11627
1650 19044
11970 15666
11757 12104
7073 17522
138 12809
5759 6510
9402 18675
1402 17121
4487 7796
1107 7519
3203 14127
7516 19258
4524 16047
13744 14892
7057 17438
3159 7273
11801 18766
11511 19087
6989 18031
5386 6835
41 18253
728 5451
2361 16651
14184 18534
11333 18144
5933 10203
3817 16123
6348 13125
309 18203
4238 16189
325 11328
3022 12732
13801 19560
7749 19338
178 8881
1342 3480
1323 3023
3642 9767
8359 15966
9783 18488
9869 10234
1403 15441
12734 19316
15022 18267
657 4336
67 106
15585 15733
7191 9736
6471 10496
2543 14056
10668 12351
6880 7352
10684 13553
12436 15691
800 18207
6698 16864
5346 7711
1811 18714
119 18894
9338 19562
10602 18185
6390 10041
2340 3884
4895 13496
10068 14188
8553 13781
2404 10736
15925 18792
2382 12877
9164 10069
8639 15483
5060 8923
8916 12463
12363 16547
14567 15799
4437 5645
16594 18482
5745 15312
444 7802
3788 10791
1764 4716
10406 15211
7917 8554
2509 17199
5022 15457
2957 4845
8513 9670
1195 9784
5755 14912
16423 18933
2058 12864
3433 11716
7770 14540
1060 12497
3407 11098
275 15713
6285 17014
1691 8505
662 5557
7913 17337
1671 5849
6332 10134
335 12968
1536 2254
1787 19697
10816 14367
8215 14515
1960 12433
7139 17834
10223 14262
5080 16477
10529 10636
2468 12772
10159 15042
3320 7740
5011 9755
11583 15820
6309 14902
14909 19294
9824 11712
4190 4908
14881 15777
8150 13372
2495 14927
4305 13295
2985 8953
7429 8522
7189 7462
5394 5596
18988 19621
13927 17495
2788 14487
12090 18077
7966 18944
2159 13639
3746 7921
9964 11848
9133 18859
8869 17248
975 5217
6581 12402
892 5597
1212 1491
11402 19019
958 3934
8689 17821
1329 8168
270 14276
42 3090
1506 16282
2138 16583
1295 1784
168 6527
14801 17893
6414 18877
1238 16224
6956 8866
612 3280
2056 17679
9692 13088
5373 10807
510 9273
17423 18416
15990 18390
13446 18114
9140 18358
4153 8117
5163 17117
8929 19090
3216 10969
1839 16938
1886 14161
13923 17633
17633 18983
6188 11948
11607 16396
4335 5278
2948 10777
1247 16982
5910 15467
12464 15869
5553 10682
11164 12511
3099 17302
759 10901
10474 14669
176 14425
870 6734
10146 12466
10891 13058
13511 16542
4057 6382
2983 5078
46 14629
9032 18695
510 2488
5990 6455
4648 19357
8911 13499
1734 7709
7945 9978
1091 4233
3078 4552
4914 10037
1268 14632
12345 13067
1138 15339
7273 12646
1089 17855
3924 12512
5024 8887
17280 18236
8775 9985
15704 17663
9410 15814
12432 18965
11458 19489
694 12272
9468 11546
12069 14967
5087 9153
102 17242
378 752
10543 13664
12033 19576
17152 18562
1358 19630
6138 15347
7812 12196
495 11014
12227 18783
13482 14197
10860 17214
11559 16611
6529 14478
12817 14390
9030 11043
14703 19460
1166 15110
6526 14651
6426 16790
9124 12834
7738 10554
4263 9206
10906 15983
3767 10281
11824 13717
10664 18374
1114 8042
822 4678
9060 12521
4393 18935
17507 18864
8223 9726
7631 10955
6568 11751
1133 11211
4827 10708
3669 14423
10206 13823
13190 17674
1442 10458
9725 10368
1962 13707
15664 18395
1811 19326
5877 6112
5303 14729
4876 5206
5968 14643
9524 13587
9558 17124
3856 17775
12877 18152
12791 13403
11690 15386
13301 19031
3434 9981
1385 14294
250 7688
195 8087
2632 8683
2097 2222
16072 17527
971 1295
6452 15259
1377 13122
9485 10336
5087 9907
6788 18996
9590 13411
10274 16144
1511 17084
7588 14591
10536 13539
1105 7564
6306 11134
10564 17184
8526 11650
11170 15117
8827 9115
3909 4856
5660 16196
5202 19028
4965 6952
6851 11812
13136 16916
1446 6649
3446 7370
12537 18207
1832 18171
14027 19664
3386 18983
7621 7854
5816 11942
385 14012
368 7192
12367 19502
11936 15948
15282 17184
12436 16286
11214 12108
3795 17808
17867 17955
10657 15508
5013 19588
3573 3576
6086 9241
14262 15938
4005 15034
13535 13763
11073 13060
2662 12026
6090 16607
5564 19068
12059 17848
2527 3264
3056 19166
5079 7603
8754 14208
647 1898
7496 11292
6048 8489
6417 12238
2804 13866
8160 17620
3223 19041
2342 7985
6830 16065
12048 13079
3535 16958
2696 6700
4677 7209
6588 18985
3748 7701
7687 7711
1100 12229
1696 18177
15040 16817
8920 12619
1513 8188
4096 5172
4204 16633
5117 6111
1214 19498
6069 6508
16888 19151
2510 6147
6151 19509
6215 14231
6675 17220
8989 12529
4402 7277
14914 18613
2823 10407
6332 15472
3208 7953
853 4838
1741 2184
10332 17927
835 8759
1776 8635
16140 17774
12362 19106
15441 16162
1649 8802
150 11907
1914 8026
4967 18003
3753 4351
12082 15565
6581 8125
1247 3406
3544 7576
1045 13594
173 2554
10029 17328
4559 8139
11265 14646
6336 19480
1083 13865
4725 9470
2810 5118
14320 17765
5819 11316
549 14199
4590 17639
4052 16706
3789 15746
9287 17119
7834 11913
1518 11989
9554 16145
692 9612
1207 19663
9296 16309
4968 7584
3245 12246
4938 8561
4579 12873
2923 11894
3978 8147
5145 17138
10288 10697
1758 5351
4550 7843
1386 8700
665 14995
8402 12710
4231 14801
11984 19640
360 11700
5345 10291
7831 10609
5084 5198
738 7289
3524 14738
16082 17611
3949 4232
9082 16871
142 9130
4979 8928
3686 17948
5771 7458
10215 15770
7123 7583
5103 13081
2328 17501
12071 16541
9532 10022
6582 17440
7437 9026
2376 9896
13352 18768
7017 18312
6942 12715
934 6436
2066 10189
2795 7627
17571 19161
10989 15089
1907 13118
7243 10026
9634 14318
4092 4240
10287 18557
13419 16236
2596 10639
11946 12326
13058 17780
9181 17727
1757 17699
5649 14403
18784 19240
13374 14016
5256 7772
3166 7587
7792 19166
5119 10934
11972 19123
9721 12113
6067 14088
16 5346
13270 16283
14634 17891
16333 18201
4344 18345
2775 6658
1409 12257
5119 7856
8414 18404
1361 2993
5504 5614
2946 4801
908 17861
4706 15206
9884 16791
766 3844
10164 15363
4687 13308
114 15513
3107 9671
9663 16640
7213 17780
13343 16909
15298 17067
794 7907
1769 13250
733 2177
9049 18534
15144 15171
160 5568
9106 11202
4331 16946
15123 19522
14599 18893
10899 17632
2571 16298
2131 11818
7420 11073
4709 7616
2991 11783
1459 4788
5448 15367
2030 15444
3991 16169
2818 9834
329 13539
2614 19274
10381 19651
576 19266
2474 10550
3802 13947
9001 16322
227 12534
6201 17529
2465 10308
11224 17253
6848 16366
13173 16467
3003 14892
16425 19077
5949 13680
1223 4532
12483 13323
2505 18093
594 8340
471 18818
9518 19046
494 2428
8805 17618
2687 7145
8056 8707
84 15215
8153 11506
869 9135
6631 19039
2069 2160
1504 15173
524 907
9540 18501
6727 7017
15272 18346
2163 17169
4003 10653
9018 17380
8306 14472
3177 18558
8991 9834
12095 17039
238 5604
3192 7175
2929 14216
18193 19417
11190 16809
9533 17459
898 17696
3631 15648
11071 16859
5860 9005
10431 17363
10691 18605
3019 15654
594 16492
3938 7319
7588 8811
10547 16370
15785 15982
858 6899
1280 5445
2347 7233
860 4922
6180 7911
1895 16226
1526 15888
4758 5512
3784 11386
13354 15653
12751 14582
4189 6257
2319 10579
10277 10358
3224 5124
10172 16902
9105 19230
17781 19408
13386 15267
13538 14842
5574 8566
12500 16646
10809 13863
12598 13717
2234 19519
5804 17167
4336 13790
3021 5511
8231 18920
9741 11076
14247 17413
11600 11853
2386 14691
414 15381
4025 12615
13183 16847
7726 8800
1204 14775
12621 15003
942 15748
3505 11090
16274 16312
3587 15663
10831 18283
10123 17443
960 10447
5381 12375
5896 6609
8243 11119
1519 14397
5101 11442
4403 16053
8019 17812
2011 17367
3601 5817
6507 13399
4181 11848
8112 8832
2873 13092
773 9896
9225 13247
13683 19415
4018 9777
1080 6972
8444 13585
10894 18923
346 2909
2975 17463
2798 17110
2437 9681
115 630
10507 15588
7278 17219
8735 12899
11594 14405
6074 14277
153 5525
3572 13502
4174 18489
801 13467
18084 18773
1229 19081
4060 7807
14914 15784
2519 16874
13558 13559
15906 17705
18683 19534
1240 11804
13808 19190
8217 11937
6098 17320
2128 10431
4974 19477
10526 15142
1177 6493
14492 18429
6197 17086
2227 3106
16627 19472
3566 4570
360 11476
9218 19450
8359 9795
1085 5980
12102 14991
6965 9152
9206 10887
12828 15657
9657 10101
1358 2251
12910 16335
2913 18378
3676 10309
5148 14717
5820 10386
2293 19643
5060 8399
9505 13461
9761 18494
8468 17368
3488 16129
4689 18537
848 12667
5989 15191
469 17591
4553 8436
1452 5157
18264 19273
948 4368
11315 16436
264 7747
2407 9095
16056 18882
1660 18779
9890 14500
16423 17905
5574 11338
7581 15440
7981 15574
5370 6938
7901 15174
6448 8637
7915 12920
8403 16647
2784 19426
14522 18521
1010 1279
7882 13952
11424 15493
3697 18946
1375 19047
10169 11497
196 1587
6315 14041
10546 14966
2606 12840
1325 12716
665 13268
9 437
15257 17521
9523 17164
9807 13354
758 17899
7196 10353
9912 15393
11495 19168
13940 15460
853 17255
16157 18545
3431 11785
10688 16273
2918 3811
7127 13221
10986 14250
6800 7960
1623 6161
791 1140
7000 15106
17954 18689
3695 6744
1996 16939
6757 9234
15533 16111
6093 8135
682 1719
2999 17827
2343 18969
9445 14600
7465 11230
2807 13479
12561 13318
7732 19511
4447 11732
11162 18929
905 5049
15353 16840
11332 13074
5774 15680
5610 10235
8534 18117
6719 17881
7884 14219
1467 7358
11125 19411
8553 9216
4274 8016
5271 8000
774 15398
4798 18131
269 9741
10192 12828
2641 15418
1082 17360
9793 16045
13013 15060
357 14680
694 10018
15778 16314
7313 17177
2405 19285
5694 13846
3611 14793
930 11507
3263 11641
12120 13199
5129 14395
3170 14291
6216 13386
7955 17753
3884 19184
7381 10780
10098 11380
10787 12892
3604 18056
1902 13280
11857 14164
14909 18713
5393 18210
4866 5905
9125 15513
955 4846
16309 19353
13420 14553
11272 13506
6795 7078
3084 9178
3360 18592
15952 19590
10631 17182
10393 13661
12376 16508
3868 13237
7808 11585
3343 15232
4926 16758
7834 15856
9079 19500
3536 4763
11604 19010
5245 18948
5282 9236
17290 19070
1925 5312
7358 14314
593 15457
3213 19633
14924 15853
6170 14544
5357 16488
6690 8674
2883 3093
3991 4201
3121 12191
15215 16169
2251 7259
318 13351
318 11434
1329 15869
13463 19077
7870 10729
11593 16480
17368 18971
4190 12275
3073 17233
561 1741
3439 11663
2250 12256
10183 17139
16007 19564
14081 14231
6959 18875
749 816
6605 8366
14219 19341
12253 17332
12138 17313
1750 13282
15836 16958
13877 14833
885 19682
2793 3953
1933 18099
5120 13532
4103 15954
8902 14344
6320 15525
1243 9764
1466 17826
17156 19062
8991 11517
421 4215
3523 6427
251 18716
11499 15039
8025 16241
7530 9097
7739 17630
7237 14345
17683 19465
5675 12215
6152 9189
17127 17893
5483 8767
2185 7385
3071 3200
13378 15354
2570 8612
11356 14602
677 1039
2801 19537
7609 18780
2575 7872
7229 15553
4450 4727
16575 18226
7486 9795
9301 17169
2977 9121
4534 10182
6864 8919
7030 14465
9801 14504
8080 10295
4046 17210
11798 15878
7843 13484
15099 18323
3602 15876
523 13518
924 19076
10422 13451
1747 3817
236 9126
4271 13327
988 3233
6379 14045
4965 12169
8053 8265
5770 14979
7249 17923
9325 10529
703 7041
2226 12610
1096 3571
297 12227
43 2087
10029 11048
5326 13065
12234 19680
19354 19444
3451 18095
1593 4428
14564 16320
7038 13381
6328 13942
17869 17900
151 7432
94 8191
385 13385
1518 18489
5579 19392
6002 18766
545 16052
12316 18002
2256 8556
8625 11838
12397 16063
13033 18617
1069 13713
1292 17444
11323 17866
1644 10548
3173 3892
451 7018
6365 7534
13336 16070
11457 15747
9410 14390
10773 16467
3077 8672
11345 13905
519 4723
16724 17617
5196 6624
2884 15557
11752 14372
2972 15567
4063 16359
12941 18528
2686 19316
2130 6703
10834 16673
10006 19626
6567 6843
4795 13366
1728 9167
3685 7924
15430 16753
6159 12656
4748 15806
4114 17444
7496 11609
2687 8688
12496 14780
9502 12703
10401 16609
13382 16420
2776 3787
10574 15601
2424 14839
7190 17756
2736 12997
1990 5313
17522 18243
4445 13423
11809 17341
1687 5727
11814 12568
12209 18216
1190 4784
4457 5706
10870 19438
1890 15867
7099 15042
385 9444
285 17848
9575 12261
3048 4081
14825 16855
11598 14764
8540 11359
7388 10014
9239 10832
8070 18762
9644 13249
14146 17549
5177 17630
11208 14344
11663 15325
7464 15327
2661 16239
7161 9966
10403 14636
5511 10587
15129 15346
5970 9408
496 19068
16080 17230
9080 12153
6966 14632
5131 6841
4079 18569
7438 11677
8442 18429
1905 15470
14129 15000
13195 18368
4724 5210
8516 15042
4235 6766
2002 7675
10956 16846
2947 5321
18058 18995
99 15315
2272 10012
17741 17805
2371 16184
13448 14600
4213 7901
4475 15147
9628 13370
5112 14654
3786 16157
7696 17407
655 15933
10950 16589
1433 18346
1945 5654
16010 18290
9411 17711
7272 12330
14454 18603
5153 7182
3692 7462
8701 12354
10164 18755
4197 18081
359 11246
1029 12839
15177 16796
11697 15245
11241 18384
3081 8234
5646 11479
10875 19119
11204 18346
3350 4773
5533 12797
1317 14948
549 13361
14327 14836
322 1089
2603 9551
5249 5335
3687 13359
5650 6422
1088 6004
1671 19221
8009 9933
729 12530
4603 18540
1034 4670
7639 9373
7291 12106
5913 15289
8980 11417
6805 11805
3658 4153
2472 9797
2415 9602
7997 17040
11397 12590
6180 10582
3652 13931
4223 18920
5301 6965
2384 9950
1765 10505
10479 17717
11273 13807
6841 11293
8988 17820
8265 14139
4848 8185
4130 7045
3995 8925
1334 12023
14877 18517
5830 6259
1325 7967
6296 16487
13903 15103
1391 11389
7915 12570
1319 6912
7891 8708
908 3946
13268 16731
12238 16275
3311 10761
6174 6760
136 16307
13642 18942
5504 14577
15502 19707
5163 18381
6708 15514
3366 18470
7539 17220
4331 12748
8527 13937
18521 19218
9014 16662
3392 5439
4348 4504
17650 19259
8532 16899
10986 12864
11919 16085
2964 11198
9309 13450
1914 8879
4014 8684
9421 17056
935 13172
12093 15763
1638 13337
5236 6117
5748 6188
1375 5574
7095 9057
11532 17554
5657 13017
1242 11680
14431 18186
15312 16819
13653 13716
6364 19459
7929 11157
3145 17114
13299 17686
7009 9365
18083 18637
9320 13862
5074 7210
1718 3500
11482 12909
7664 13992
1989 14507
16559 19591
1159 12510
590 17833
738 12283
2691 4079
2763 17071
5160 12982
4294 17354
1394 1937
8794 19602
4245 8577
9948 13354
9871 10852
9166 14212
64 1161
1172 12710
7477 8355
6374 17787
9897 15478
9188 14361
6482 16230
7021 15179
428 15195
7233 11931
8156 11928
1824 6385
5038 8536
298 16389
16310 17212
1508 7685
4243 16100
12621 14900
4786 13748
7505 16751
2799 18687
6718 10349
1093 2241
730 18861
7287 12231
15727 18648
5215 16892
12319 15660
4639 9562
7318 7941
1319 18593
3644 10056
8342 18722
5807 14381
7618 9404
3248 7026
1178 10317
11941 18693
1232 13799
5648 10655
17316 17599
4453 13280
8081 9998
6680 16593
5742 9301
8251 16787
9061 9094
1879 18142
2437 10383
8651 13261
549 6520
1963 5344
1077 13147
3463 17108
9984 16303
1589 9674
14499 19111
8713 17925
1483 8545
1338 16745
728 18785
8743 16198
3431 18044
9112 17573
3331 5928
1986 14162
809 16764
3482 13968
15421 17257
12616 13758
6833 11314
13189 18175
3956 10167
4745 4982
1600 16727
196 15529
12208 19596
7756 10319
6577 11979
8193 19419
1323 14548
240 3198
9743 19680
10351 15380
4253 16896
455 19293
8056 18225
1061 10785
9030 10776
5049 7477
0 9213
7870 12074
5125 18925
16305 19705
9684 15505
7045 11349
10201 14913
4426 13295
16583 18041
726 17287
11725 14514
12944 15583
2102 18651
5863 14868
13465 13766
9070 11525
6674 14441
641 15036
9014 17557
3047 17470
5620 6522
1988 18566
12603 13173
1815 3587
5751 16441
8894 17051
5101 10867
3984 14273
13173 17810
11939 13646
3112 13629
1877 9937
1468 19362
9464 10787
5346 5363
10802 14328
9909 11734
2190 9208
18091 18207
11273 16777
5644 8636
26 7740
2780 5224
2463 13645
8863 17424
440 767
11184 13282
3025 18640
3613 9794
5153 13525
13771 17727
6331 18879
1691 14501
5959 7108
10934 16732
1155 6902
7855 17186
8176 10903
3638 18711
680 3148
11240 18905
1998 4305
7912 17953
3228 16535
6435 13158
15626 16664
14093 16825
9498 19282
17311 18896
11060 14292
12190 17153
12147 12697
6124 15119
820 17997
6288 18240
9657 16731
176 5824
11087 14810
18631 18852
9374 11250
3690 14933
4542 7884
7772 10361
9919 15514
2156 16936
3306 12267
2576 19022
10468 16158
6041 7446
9103 12809
10052 11277
2744 18584
7594 9925
2681 10783
13098 14709
16 17626
9710 15061
13027 17949
8327 12387
4997 15550
5961 11783
6438 17394
819 14476
16464 19642
2452 9230
2291 9416
2248 5742
15780 19012
1732 12459
6186 16770
8225 15748
515 13292
535 5342
5171 7581
2906 9790
5335 19255
11818 16662
14754 16318
1612 11399
12592 16447
5873 10533
7465 10187
4857 18941
6892 18282
5013 18836
1425 10843
778 12688
13097 14998
5602 12802
2744 14582
3122 11730
7814 9946
4171 18317
3231 15397
3791 5073
993 11625
11270 15077
6541 7236
1661 1707
14727 19008
18200 18426
3804 11113
13098 13225
9889 18143
3939 5659
7584 19091
1844 6551
14447 17183
2274 5759
10962 18925
6697 17467
137 11819
1681 15259
7829 12670
7899 19445
806 3041
14199 14830
5781 5849
8359 18021
5067 17717
12227 18990
1274 15157
4190 6841
9798 16338
9244 12374
11097 12604
9830 13469
15184 15200
869 9951
55 4632
15517 19001
1313 3252
8698 14362
19352 19709
2926 16689
5412 7117
9273 9699
14682 18476
14525 16295
922 9738
12828 13418
51 15852
6141 15420
5685 7608
9350 12207
1912 17538
5145 5759
11465 13900
7156 14384
6040 17155
4823 7590
1431 1680
5113 10157
510 6024
9711 17533
2158 19654
3349 5870
3823 13717
445 2260
546 10371
3247 9192
2526 3490
10832 12839
1812 8701
9573 13724
4889 15747
5844 6139
4621 7974
1222 17341
2700 18903
1475 11056
6635 15929
10647 17603
9499 11331
15292 16828
11657 18999
5086 14519
17484 17783
15034 17996
7781 11757
1721 11354
8155 12563
11054 19148
10295 14341
9850 19523
11725 14541
2249 17504
5301 6052
663 8776
14829 16519
3351 18658
2608 16711
2215 8774
9820 14079
2311 3881
4291 18544
4865 15893
105 2521
10478 15029
3916 5392
14879 17545
1204 6837
1902 12397
5938 15020
11267 18121
11655 17478
5520 18792
1124 10921
429 1544
5785 11188
8852 12723
584 16502
8444 12804
7686 14123
12232 13991
4523 11946
11324 18462
8102 11256
5630 6070
3063 3366
9579 17529
10867 15033
8167 16143
9795 10083
3627 12975
4528 5168
1043 12671
5655 10969
4661 5980
1100 2378
3104 13563
9221 14332
6564 10210
2829 4760
15153 16215
418 12254
14168 17991
17250 17294
14869 17957
16373 16406
5078 9604
7090 12667
5170 5542
15896 16337
9237 19500
3431 17818
589 4260
4428 14636
8184 12500
8386 9182
1407 16265
10807 12083
4022 10175
672 11370
13885 15711
19288 19440
10271 13490
5485 13991
9358 19658
7530 14507
10377 16599
6917 15702
4598 17150
5207 9233
10039 14232
189 5694
1825 9371
7861 15761
8201 18190
3446 8974
1761 13945
10880 16209
1035 6053
9962 14458
7995 17396
13048 16391
9190 9273
451 12659
856 1051
4065 13944
6349 12629
10952 11982
17 4486
2478 14445
6100 9633
2639 16213
2355 15025
6155 17782
1013 9252
7119 8883
1033 12979
4180 16066
4413 8505
13191 19250
13111 15379
15352 19439
4811 16610
13456 17082
2806 11920
2174 9635
6792 13605
6910 16214
1984 6966
9352 19327
1009 6011
12143 13734
5030 10316
4287 12790
515 18014
13091 15796
15986 18582
653 3006
5091 10548
7772 8118
9551 19633
11173 12729
6330 10806
14622 17011
9557 16791
2497 6108
2181 14659
2574 10012
1586 11146
3129 5670
1047 3239
8380 18322
11637 17383
158 11670
13787 16253
2738 7594
26 15412
9408 10288
6721 19347
11182 15323
2513 8468
7277 12527
1758 8722
6047 14295
11742 18191
9762 16815
3288 16365
2359 8662
8665 14369
14328 17314
1882 3642
2854 10278
1560 4883
9902 18626
11655 19520
7465 8837
14500 14608
1479 9192
1736 9874
7290 19364
5382 7246
3920 10548
367 10380
3383 12946
10370 13875
2601 9139
13186 13783
2379 12797
9503 9604
2072 2462
1323 8083
1423 3604
268 10256
8144 18374
4641 17150
4482 18648
3317 11534
582 12177
13115 17418
7858 14810
8440 16160
10225 11268
3904 7609
2839 8381
2276 10577
5674 16746
5519 9427
10042 15562
3692 12695
951 11858
10786 16027
12886 13709
11280 19326
4198 8569
10521 14729
6530 11098
5911 13964
9119 10136
531 10163
6624 9055
348 14958
980 4340
6553 16971
10342 18066
8672 12303
4551 10683
3854 9885
16186 16569
13800 15976
9595 16568
5372 11871
2830 10936
14271 14984
1725 15812
8362 11618
11370 19626
8549 9495
2904 8269
7335 15368
12484 15026
3431 13568
5590 13681
14644 19097
4361 17760
9194 14969
10843 19300
18492 19593
6693 11752
14758 16717
154 5320
4109 10187
8433 18033
2189 14819
5405 13886
2059 2750
8039 14479
7629 11238
7956 10585
4747 6248
3672 19076
6166 16288
3224 15919
4181 10829
4288 4763
13020 16129
8288 16901
5466 8197
9171 16770
17581 18468
15070 18548
2348 19686
2673 15278
5091 10118
14145 15156
11866 13222
3414 3485
11767 15455
3286 16165
16591 16784
2713 13366
2391 9339
4903 5329
10238 17160
3128 12528
14947 19654
4929 14594
10303 14925
12205 17110
5450 10580
711 11069
6314 12936
1463 6776
2521 12185
70 2494
9060 10656
3745 13986
5109 17960
10879 16209
10709 17208
9155 18649
17174 17240
7338 17183
3414 10588
1806 17521
1093 18099
5169 9868
5413 12929
11526 17012
1734 15612
130 13908
268 8385
8755 9183
1932 11862
2204 6921
8573 12713
7900 18678
9577 15931
12021 16707
8728 12736
10279 12080
646 1097
6173 16121
13029 17329
8027 9945
14222 14522
14229 18854
5916 15421
6684 16831
7874 11541
3321 11266
933 5913
17584 19372
8489 17612
5292 7554
7979 11843
7843 19677
4952 16614
4009 9863
5804 17730
9178 9260
3187 18995
2293 14116
12751 13008
3177 11891
12936 16280
8890 9186
3823 9660
11616 13473
11474 15144
1250 11120
2686 17118
608 14155
14002 19518
9545 18421
9328 15694
6423 7041
7477 8374
9618 19281
2998 16228
4688 16364
9001 10465
2735 3703
12911 18939
437 6962
8427 17368
7879 14579
10043 12233
3474 14590
7522 13661
1587 10852
262 15043
10813 13535
5633 7248
5719 15540
131 5812
4490 7828
5499 15193
3196 7571
11628 15338
5453 12809
12273 17742
5450 18340
5508 18013
9718 16856
751 12272
4455 5358
6824 8798
3748 18816
4043 10779
8744 9742
9199 13428
6806 18455
5207 15920
532 1494
5751 9901
9527 14303
1004 6123
12316 15651
13747 14562
688 7187
3566 9721
5207 15158
17027 18914
93 11248
433 19167
1673 12334
6387 7744
15377 15434
13633 15419
4400 16581
495 18393
3511 6757
2750 19284
4306 7668
719 7051
16575 19116
562 16916
12941 19599
3476 11432
7507 10636
6162 14284
8328 19113
9256 14071
11088 16028
6030 7240
8832 14123
6899 10991
3162 3581
1460 15655
2042 19639
1393 13369
1284 1398
7153 19066
7995 17123
1273 10795
2323 17175
9256 18688
14644 14705
3379 15439
543 11868
5726 9926
1826 9575
7000 17389
933 5540
14749 17205
15344 17841
6474 9999
13365 15669
1727 10541
7436 11449
7356 11777
280 4627
8083 11383
455 11036
16978 18527
4232 17014
2808 11137
8531 18657
6328 6874
10790 18263
6938 16221
2116 6561
5105 7056
14600 19109
5034 14741
2554 19017
13854 18785
12759 16798
190 16316
2311 9031
10819 10864
17854 18728
13710 15336
8848 18937
318 9074
4765 10332
7676 8406
4159 15880
7027 15800
3844 10259
2307 11705
379 10328
10530 13557
4349 19079
3443 14093
2707 3853
4806 11899
12234 14324
16006 17756
12863 16824
11720 13194
2574 6519
1145 10551
11876 15725
4462 14317
341 6666
651 19419
11516 16973
8586 16767
4981 16581
6725 15252
9670 12616
1880 9366
2452 6724
6721 10138
9286 13180
7305 19384
8455 9992
13221 15522
6662 7089
7818 16788
9272 10567
6943 11542
7108 13015
5840 12746
11477 17898
5774 12711
6760 16322
7974 13604
7234 11258
11709 12644
3057 4307
9402 17106
1976 3583
10718 19477
2913 15811
802 8105
4768 13798
4964 6741
7294 8595
1823 17257
13891 17784
7100 12375
16639 18670
11677 18576
9135 17108
6301 11588
6740 19561
5129 15098
16049 18500
11515 16553
387 16386
1602 3099
8252 12431
1175 7507
648 15788
13689 19329
1932 5346
9936 16591
6165 12196
9160 9642
9147 12939
777 3249
11026 14197
2383 7838
4330 11720
12729 18829
8532 19289
13252 13942
3255 14972
11063 14804
11311 16337
5456 8948
12991 18925
1299 12468
2201 18752
3984 15385
17827 17993
894 1051
4768 17461
8486 10912
5068 9305
12002 14175
2652 8019
14127 17621
16934 19253
4500 7605
13465 17479
9590 17039
11732 15496
17477 18936
150 18148
7632 18371
1700 11788
12380 19154
8547 13719
11370 16053
2550 13321
2919 16448
2253 11949
2888 5195
5059 10123
7532 9074
4943 9436
4932 10682
6420 9296
1840 18344
1119 9646
1975 16610
2152 18551
13452 16203
5227 17326
8764 8935
1574 13738
14806 18367
7368 14808
9840 12083
973 18230
1534 11079
15618 19261
8716 15889
9197 15102
9351 16523
4483 15951
12487 15681
1740 17943
9259 11527
2148 7257
6391 8647
373 9763
5155 6322
2952 6791
590 1879
505 16230
16689 17242
17572 18322
9438 19040
1837 2205
2289 15442
5736 16898
9956 10435
1473 1820
8502 13951
7214 8377
2703 8837
15322 18013
2536 5838
15182 15434
8428 19511
517 15766
585 1930
4887 16285
8057 18222
3298 7544
6974 9014
6632 11361
6434 8256
2240 3597
5257 19434
3578 18273
13971 16289
13185 14839
1728 10017
17432 17553
4946 17034
3624 14837
125 13948
13341 18786
7824 17033
10438 14516
5829 7281
4769 12918
6685 11273
3716 6967
4924 18131
1727 9257
1628 11491
1335 6887
12023 17922
12391 13440
2689 14094
3132 6537
8646 11135
7819 8258
1456 16502
3751 5971
3729 11186
2402 7074
1941 3138
5268 15746
11490 12759
649 13136
407 13672
10325 11939
16478 16930
8089 15411
2218 5463
4533 18987
6715 14375
14533 19707
1906 15318
9579 13948
11022 18890
2122 18904
5326 16062
18643 18732
2350 8432
6538 10234
11392 18583
4867 14316
2849 4223
9137 17055
11149 18823
2475 4592
10816 19435
16173 18252
5286 8841
873 8190
117 11693
9367 11148
6898 13822
499 14775
1610 16048
2689 12843
5942 10302
6595 8633
2862 15088
1270 3792
8643 11681
15248 18173
9909 14116
7174 16030
2557 7766
10511 15632
13239 17139
15666 16109
2399 5993
11864 13668
6461 18853
15314 19423
4488 7710
9414 12312
3442 17580
12052 16325
1809 11177
5058 13691
379 18382
365 14995
5264 14823
3505 13637
5945 16134
10936 18759
13565 13813
6705 18265
13406 18861
5067 19638
2477 11650
10600 18203
7742 12563
1175 12503
14184 17019
5037 10340
11033 14383
8524 12126
9933 14685
841 7584
1927 6178
8531 16229
14024 17502
9693 17166
1450 18279
3897 7782
521 15913
9252 16412
665 17660
5702 16564
13 8890
3688 15227
4405 10725
13054 13971
13282 16860
12026 16680
3950 19666
12706 17167
2032 15168
16554 17297
16141 19264
5710 19211
8130 15016
5641 12753
2392 16113
3760 18682
1387 17397
3815 7588
10336 12526
4624 11485
14221 15409
872 12949
10238 17430
13023 15135
9719 19159
430 8241
7709 8496
2501 9342
3050 3098
3793 9499
4439 7342
3267 4420
364 13053
17153 19315
6462 13161
2544 9337
5408 16126
3197 19090
5291 9370
3899 6699
2581 9424
1375 5231
10033 19085
1877 12551
10292 19603
6226 14556
1701 13223
9902 12810
4087 14608
5324 19647
7918 13539
1759 13303
8458 11097
8154 12666
4748 18310
2497 17551
7304 17958
5679 16883
1684 18685
7015 11734
3058 7701
49 13572
660 14232
10780 15326
1394 4129
2306 14631
2521 14809
824 12531
11360 14808
5919 11397
1656 7389
2668 6933
2678 8717
7190 14500
1767 13767
8905 13064
12479 16292
4941 6134
15538 17612
14594 17534
3938 8521
9886 12027
6145 8458
9291 14530
9013 13654
2322 14556
93 3944
140 10356
14988 19558
15955 18625
16823 19436
16713 16776
8496 16046
6809 9967
5028 13111
12950 13657
17563 17875
1301 7337
2619 14505
10403 13359
5315 11349
8883 12041
2433 3795
11143 19672
3611 19202
4706 16685
7138 12321
514 14281
7278 18664
14359 19530
4221 7389
12674 15596
11531 16457
55 17142
7943 8412
13895 14086
12272 18085
3061 15567
11805 13353
7061 12987
5326 13868
10591 17862
7706 11877
7745 15116
1115 19565
531 8951
1831 2898
6031 7947
6368 9303
8674 16885
3675 6710
8041 11651
682 2161
11041 14203
6367 16711
3322 8618
15009 15871
2357 5823
1313 12717
11 4031
4274 4576
4006 14792
3100 13965
12813 15280
1896 4298
1514 9538
613 2889
8973 15932
5614 16612
3713 5696
3013 13383
3286 4761
3122 6043
251 16022
11055 19548
3525 6659
4032 12169
1881 3244
11248 19232
2389 7254
2943 14497
1069 3457
2290 13484
10341 12800
7353 8963
5344 15682
2743 4999
2874 10469
8963 15996
326 9963
647 13714
1771 2738
9621 17795
4360 11739
2261 8809
6729 14658
11283 16059
13034 17575
2567 3545
9657 19219
4363 9949
4126 11809
7527 18943
7945 11400
128 16566
1146 11431
13230 17288
8777 13824
9671 15348
2179 5082
1525 3654
15808 18810
1702 10699
2178 15367
1745 9706
2775 11659
11773 19301
664 3737
9513 16928
401 8130
12377 18093
16770 18934
7193 12173
5265 9151
15698 16207
9365 19317
4246 16523
9485 16731
11701 17071
4895 19081
1063 12748
10693 17040
14323 16820
2667 11214
7827 19053
929 16668
5810 19502
6870 11589
1351 1528
1255 1375
14933 18398
12379 19037
482 18851
2778 13976
15251 18573
5502 16741
15844 16511
3972 18068
5619 9340
1768 16290
6885 7009
1593 12360
3225 18311
8934 18902
16485 18627
5253 10912
5062 18130
1982 3827
2319 14407
11622 15918
501 16101
16039 18360
5090 18940
1077 10029
8334 17880
5900 17064
3349 4121
2494 9009
5740 9444
283 12398
6999 7892
7534 10623
12980 15553
2778 8786
5405 19090
9525 17566
11648 15554
13524 14755
11513 14684
2039 2483
9644 18636
10270 11437
583 13446
7569 17449
2338 11539
18024 19403
7542 15024
15469 19690
3142 7191
5955 7813
34 4226
1481 15302
4236 9663
495 12969
8592 15939
10792 15404
3077 3664
9287 9449
333 15529
2796 6477
3779 14167
3282 18752
2599 13557
12099 14975
8376 14302
4333 8369
1520 2116
7005 18117
736 16723
8504 12394
3763 17295
3827 4483
12123 17518
4937 8170
3987 12306
5118 10168
905 14594
5848 13355
4152 19175
3886 6375
9126 11599
7906 15967
286 16880
13642 15810
507 5922
10195 18568
13915 15342
10139 19089
1931 18176
11051 13364
3923 17433
5672 7474
5694 10421
609 3079
11876 16954
264 9819
3540 6008
4941 5084
5099 8244
3821 16831
2771 9731
12154 18337
887 17845
4369 7549
3304 3588
5614 12005
733 5120
13258 14097
2262 15308
5465 15524
1378 13401
8617 14098
12653 16910
10440 15627
7296 10082
9687 18020
1156 6247
5787 15667
14541 18544
5090 11773
4616 19352
7847 19124
12176 15821
8852 17180
13836 19586
4182 13106
3257 15843
6483 17533
4832 10539
318 16870
12352 16840
1669 7297
4249 6662
903 12086
14128 17256
38 2633
8823 13159
2077 18900
4120 14915
14626 16624
16311 18251
3555 9130
8548 10878
570 16467
2209 9216
438 16144
9816 18408
3618 4997
10815 17687
9658 12689
16705 18004
7511 8643
383 14151
2328 11621
7276 15873
296 17510
2774 6806
8920 16744
1531 15388
7088 17166
12311 15391
2325 19187
12877 17576
9665 10448
2832 6444
5455 16098
96 16659
5924 14148
10598 18542
16480 16896
8072 11821
3812 7112
4895 9416
11159 19292
1977 12657
4769 14779
13784 15553
6462 14896
7772 12333
4212 15278
4836 9602
5099 8141
3949 14986
1960 14928
1635 9011
716 11437
17823 18088
9258 12010
11557 14907
2142 14133
10468 13006
9665 14158
5649 7424
3436 6385
4105 15625
7853 18001
3159 9501
10687 16059
7487 19056
3003 4017
1212 7421
13271 15408
11388 18702
780 4982
2955 13997
2611 7019
3340 7237
11997 19546
6389 11266
5142 13470
2119 16833
12045 14825
14498 19201
15011 15323
11539 14952
6274 9882
10661 13738
12326 13243
13984 14314
1765 12456
3499 5561
10926 17106
13114 15353
12933 16846
7196 10979
9982 11666
13586 14014
17825 18074
2458 5177
2976 3260
9486 13300
16929 19279
4674 11732
448 4183
9403 17884
2604 6161
3125 4980
16207 17836
3468 6548
7035 11450
2565 8832
8783 18083
5136 12146
16734 18672
11281 18631
5606 7997
6409 15660
3767 11254
16600 17653
3589 8038
11173 12121
1006 11692
4586 15637
6276 9974
2429 15628
14565 18662
6221 11866
1870 15911
5814 17262
11378 13134
13278 16083
5720 18630
1706 3341
842 3426
15034 15261
4289 6151
6480 12426
3315 11821
13129 16972
12526 16316
4344 5099
10930 14473
5617 7231
3696 15359
10728 10734
5459 13285
2853 17868
4849 6119
6703 11238
8762 9418
1665 18040
5607 12342
1982 2729
6140 6648
5839 13996
4819 18798
6703 6885
1458 9315
7938 14066
11748 14548
12601 18486
7335 13057
6062 10288
15071 16939
5028 15928
5289 10393
11052 15870
1303 10470
1695 8282
12200 12959
13386 16044
16373 16732
3268 18586
12159 14988
6811 9064
4382 13975
18477 18818
11495 15470
5642 11266
11604 13797
94 13301
3157 7288
7246 11899
2878 10933
12325 14228
8856 10999
3025 17111
11720 11774
8734 9525
4518 16652
2452 18191
970 11631
9201 13850
1427 10701
16547 16645
2501 18197
5798 13002
5123 13242
4346 16459
13889 13951
7966 17789
4818 8199
16764 19359
10039 10806
2604 11992
2105 13746
2818 18382
4767 12364
4000 8224
6682 12414
6334 18785
10114 19270
3494 17410
12946 16217
7491 16164
417 1541
6917 14471
9785 11746
9070 18843
10085 11077
5 6306
12397 14949
1865 14941
2184 19294
2701 16128
433 13579
9809 19518
4203 15342
633 8407
3773 5202
7230 10290
5406 7679
5123 16557
5329 13036
8775 11759
5884 13818
3006 10910
7828 19328
7361 10032
7107 11578
1327 13417
6563 9945
3373 13881
3692 12045
1670 3989
3562 8961
480 5734
3068 18012
9218 11126
2565 8852
6026 13827
4791 9103
8015 11179
5029 8914
11764 15659
6152 13650
541 11887
17221 19610
5081 16020
5328 15516
10706 18914
1543 14842
1816 3589
14150 17970
13008 13701
4429 6986
13042 14899
12255 15935
3713 6554
14775 16048
6477 16917
14321 15948
8494 18085
12427 15145
17113 17704
4449 5534
1611 13305
12614 12680
1094 4577
6140 14700
16269 18079
5499 5643
13203 16256
800 4062
6374 18913
12212 18798
12396 16018
2627 12811
9662 18950
2183 14371
11374 19102
1624 18530
12611 17657
5173 19397
11200 11245
5561 15209
7171 18084
3417 10762
12028 17232
8359 12224
1800 13443
12272 13222
7688 15817
1646 6714
1087 11429
2453 4540
1917 12533
13257 14714
4433 10413
1241 13670
13333 16552
6025 14533
903 14397
1451 7959
2105 13717
4439 15655
4556 13808
16627 16784
7523 11424
866 3298
7992 16177
18105 18579
3428 3573
7503 17424
293 19673
3218 15304
8650 18992
4824 15379
6490 17213
7001 8486
9724 15502
12739 19025
11571 19116
2392 19346
10333 17157
8058 14027
6544 11504
13254 18514
86 3921
76 3670
4854 10346
11844 15887
3317 5457
3328 18779
6746 17240
6048 8091
6697 15599
13505 19716
976 16953
17512 17889
8409 12707
3613 16909
17814 19686
8595 14562
8028 14265
11934 16776
996 15747
9241 16811
10158 12632
13345 18506
7982 14643
2651 5440
1331 10984
11003 13267
9659 18489
11684 14670
9011 16113
1387 16612
8189 18170
8084 9387
4199 12040
6700 14686
15477 19359
1780 10594
1814 16534
6416 16913
2853 17515
1259 1431
7820 8743
11823 17630
17126 18368
11398 18920
1162 2900
6291 9275
1217 14029
12245 18421
16405 18422
3603 10207
8869 16109
2096 16439
2118 9523
90 4566
3615 13936
3222 14620
19595 19681
13700 14702
1408 1782
3436 8746
13453 17726
6731 10820
8818 8985
268 7616
6358 16438
4167 15683
1197 7504
5204 19221
3030 5466
1600 11284
2155 4493
1543 10628
3810 16989
2553 18679
9147 10523
8525 11343
7182 14711
1293 12224
12954 15460
991 2332
8647 10975
7026 12733
557 11697
5949 16431
1618 17471
7507 11870
8329 9925
8710 16312
6563 19432
7372 13158
9797 13839
1951 14179
9692 14387
2114 15022
5477 19218
3303 12428
8426 11532
5024 9963
11094 13057
6436 10591
6090 19022
12753 15750
1056 16449
7572 7870
8608 16257
2446 10815
17197 18703
9037 19125
7307 7992
2124 10124
3812 7790
4196 14167
47 19586
6065 18502
7263 14311
7353 14405
4881 12103
1125 9107
11714 16237
11418 14897
11305 11927
4772 6153
10948 14245
2252 11653
430 14203
1015 15940
8049 12003
985 8815
9835 18591
974 14003
522 11170
9659 9988
11507 15588
5481 5875
12418 16366
13796 18796
12853 17279
283 4298
5118 16707
9686 16100
8547 13100
6498 14209
10626 13443
3020 5204
4263 16671
5516 17837
689 12240
157 181
857 15382
12606 13970
8481 18565
12146 17364
13086 15416
6406 9144
4406 18410
2784 4779
4056 15105
7873 13183
2562 3656
1366 5001
4568 12472
7208 11008
255 19406
11534 15087
15798 18413
1393 18268
2619 5437
1225 12943
15997 19069
9413 16988
2851 9382
6498 15492
10333 12513
741 1380
4316 18692
11813 13749
11354 18559
2066 9555
3173 13324
375 8250
12808 16906
11783 15893
12158 14878
1810 4699
13120 15340
9286 9339
10648 19370
9243 9859
9389 11437
6167 18426
6161 16964
9163 10266
15597 16153
13649 18107
1156 9560
7516 14378
12387 13395
9570 19604
8261 10889
587 590
361 11508
16606 16853
2141 15627
4172 4548
13659 17445
5933 15912
15846 17615
11224 18533
6413 15528
13487 15536
275 2404
1894 14246
7638 8161
11770 17095
471 4022
16774 18728
3423 14303
2107 16219
5231 15575
4078 12630
8079 17740
4898 11842
8470 8788
13357 17897
3176 4152
15285 18542
5965 14610
14999 19146
247 16642
5975 7582
1101 16833
12026 19241
5490 7412
7020 12543
2765 4186
5707 13760
1648 5142
4367 14567
3964 8351
9481 18688
15987 19292
830 14819
6223 8359
7332 15470
3346 6819
139 9929
1214 3282
1135 6492
2204 18444
13153 18100
569 16477
10928 18534
11806 13757
2444 3199
8076 19716
1283 6146
9234 10665
3491 12078
1417 14173
5268 18724
935 1435
12950 18370
2822 9072
6323 8633
3812 13723
12593 14901
4092 15026
2655 14522
3025 18324
5018 16820
8083 9677
6773 11525
383 15670
3246 12892
1453 5292
9328 16278
5776 13482
6149 7514
921 4659
1419 16673
7026 9948
10098 12380
10103 18488
4219 6156
5029 12449
11509 16141
11593 11772
2111 11772
5970 9814
11278 13393
8252 18857
14079 15066
13875 13950
6058 15003
12828 13133
3070 4440
8381 8690
14426 19043
11492 13555
4006 16119
5478 18376
2184 14951
11234 17778
10816 16051
11273 11544
7205 16830
10060 19521
6348 15366
6174 9880
3567 10170
1143 19422
9790 12990
3352 14809
2670 3795
4470 7308
16937 19700
7667 10818
4813 10933
1447 10739
1324 8182
1457 3034
8543 15873
1206 11815
2369 14140
9331 18516
12192 14808
3340 14381
1538 7637
5395 16681
12826 17893
4110 16625
5063 17388
5833 14684
2902 10996
8676 14128
11434 19384
6776 10525
1011 10479
8706 17855
1565 2559
12846 14976
11133 19449
487 15411
1647 10536
6222 8705
1162 11616
5067 18470
3285 14051
13768 16106
8371 17836
1933 12774
4257 7214
4967 19289
10809 13545
13377 17854
4384 13417
16388 19634
5863 15083
375 1221
16625 17172
3870 16498
8140 18115
55 7908
889 14109
2967 9152
5105 15534
10060 19433
7801 15669
2628 4105
5526 12286
11832 14971
64 8729
2221 18942
4080 14871
2818 5313
703 3618
3809 18487
4229 11192
7417 19259
11369 14034
8703 14483
2079 18192
2646 16187
8436 13801
7179 14342
6330 13582
3966 17283
9415 15578
12067 14542
18365 18850
17514 18764
8175 16775
1717 2515
246 13166
5152 19141
3891 15588
20 1162
1888 17342
2666 18937
15793 17706
9223 11319
13575 17936
3782 11734
13082 13204
2471 14331
4218 11635
4680 14577
9247 12800
7851 19095
9243 18095
4765 16543
6727 10729
1417 6599
1102 3658
6355 16123
7734 11371
4042 18173
779 4791
15013 15151
13323 14611
5329 7275
3938 8270
10330 15385
8924 13858
10102 14110
3478 19287
7410 10584
7438 19068
5399 6934
7837 18044
1727 14379
353 749
1856 14965
9661 15622
3153 8628
6340 7798
8606 18569
347 3596
5572 13383
8506 17773
11400 13387
3265 8468
13045 15089
6482 15616
3755 11588
8141 11785
1933 7071
10148 13026
1569 5730
1353 9272
718 8749
11472 19652
5666 19596
323 13893
5110 11571
9803 11793
11982 14493
8736 18311
11564 13027
2833 6173
11438 16417
6130 13134
307 14149
10591 18876
6951 18487
1733 12849
14460 19132
7698 13384
2605 2976
2684 3582
9574 14644
4854 12449
732 12852
882 2716
4861 9347
2760 8280
10917 17265
16187 18143
7192 16240
11883 18544
1803 2026
601 3560
4497 12732
7813 14164
9936 10567
4914 6698
15709 16955
2187 3837
5383 19349
170 15789
7124 9456
1996 6108
11239 11310
2794 15443
15410 17920
6125 14438
1070 10107
9674 19336
5954 16809
276 2473
9289 11861
4265 18966
7790 15717
4191 7109
9241 12184
8355 9712
11352 15259
9333 15461
10127 13290
4393 10250
2284 16105
7292 10214
15375 18088
9223 14805
12568 18196
11834 15034
13085 15101
933 17877
3265 4788
1886 8064
14981 18294
6680 16783
9057 15722
13638 17678
5022 9741
8907 17268
4300 17438
8472 13556
2664 9397
1566 16117
160 3602
18018 18976
3541 18816
3078 11950
8892 16529
812 11382
12950 18187
11255 13032
10566 17737
5677 7625
9225 12984
8811 10950
7756 18065
12712 16232
5255 8026
16956 19555
3982 15352
6081 6744
5600 15646
6381 11571
3464 6155
4631 15073
586 2930
8210 11092
8950 13811
1069 19244
11053 15111
1246 13060
6746 8005
8280 17591
1934 5790
150 6926
12967 13536
12326 15963
11861 19508
11087 13745
3492 10487
6249 11253
10334 18534
5661 10427
3351 7424
14636 19058
1964 18947
3863 10162
8390 11090
4913 18129
4262 11305
8193 17815
1276 15455
8557 14014
11724 11990
1538 14325
14257 18445
8491 13289
1087 11659
13511 14821
741 19669
8086 12395
1536 5144
10036 18835
1982 3555
2785 11676
6711 7920
2013 9083
2916 8792
5740 5742
1411 17620
885 10820
709 15429
1807 3501
693 18476
827 14612
2984 12554
1765 9731
13097 17385
12705 19427
1772 1882
7500 11673
876 16262
13102 17814
9107 10300
8338 14614
1157 8807
14263 19637
2236 17851
5303 16061
864 17963
7632 9618
9834 13660
1829 2161
6650 10123
1248 6543
11704 18162
16004 16817
2369 9939
3975 14410
6334 12490
13167 18454
681 4841
11464 12564
5460 14026
181 238
2937 4140
11629 18567
7831 13251
7945 10910
2427 10636
7621 13566
3494 10886
15143 16361
600 6743
7338 14162
13175 15240
9368 14806
3977 17519
2466 11037
11259 11297
1520 12203
9587 13650
9104 18222
6326 16177
14744 18335
148 3560
11616 19212
13503 14416
478 16519
10235 11457
582 16616
4227 13387
8813 9175
136 8966
775 1633
11205 13288
10437 19709
2881 3302
6943 17096
10497 13072
1724 3566
12188 19351
78 13858
7385 11792
11364 14534
7252 8111
15220 15718
5298 14934
3620 6276
12800 17124
9875 10096
11062 15402
14688 19402
15980 16347
2074 16410
4950 9361
779 6894
13561 18767
7349 9441
1527 8233
3379 13624
11224 15928
7681 13533
2834 19696
2891 18652
2439 13178
151 2486
9564 18539
6647 6711
6313 13014
6771 11825
2661 17781
8171 16164
4417 15568
2105 10970
4689 17795
818 15304
9585 19406
8026 13542
9074 10001
17619 17716
8331 16066
12279 16472
5299 16999
3389 14126
6904 16216
1325 17451
2196 6250
4025 14611
334 14146
7338 9995
11688 18023
4431 12755
267 7779
4389 6895
12418 19317
8423 17788
13418 18307
5688 19277
3378 4281
2168 14230
628 8757
3819 8729
5543 17326
3504 3530
5043 15399
2445 6743
4552 13483
295 5157
17107 17556
12213 15714
1191 18987
5574 18516
3297 14064
340 16599
14616 16503
11740 18108
10590 19006
1316 10937
2330 18393
9833 11240
617 15486
961 19548
5278 7736
2438 7578
3236 19061
10157 18742
3619 4823
12705 18565
1176 2583
10422 17860
6573 15202
5617 9300
6224 14316
13688 17628
11055 12556
15117 15335
8062 17117
6989 9190
2284 14525
10650 11590
215 4735
8200 10014
5123 11733
3132 7765
12665 12879
4723 7030
925 8016
2445 10829
2570 11210
1822 9708
18018 18861
3288 6786
7402 14370
9357 16815
3042 16618
2148 4961
13321 14334
896 14078
8223 18748
6538 6666
1593 13992
5523 15897
2699 19077
3182 8381
8939 10344
7767 17942
2936 4051
4346 4974
4838 9826
1632 6290
8740 18669
7120 16403
6359 17646
12357 15208
16598 19159
6809 16509
15239 17510
3014 9434
12242 13929
4341 8144
15117 19253
6996 18050
1537 9554
12268 12443
4071 16278
7049 9806
10119 15562
2520 4810
9179 12940
3055 15468
1547 1557
14156 14802
6184 9808
5199 13758
4091 5006
1593 1647
7660 15818
6259 6653
4438 7974
6145 17614
7130 18009
7510 12539
10889 11573
6809 10042
4239 10400
4106 13812
11602 16429
6887 19216
12847 16194
16424 18833
9780 16680
1598 17751
11072 16392
7001 7457
13957 16971
4947 9139
4828 19545
6464 17818
3053 7344
2654 7734
1149 14577
4967 6269
95 13813
7724 12236
4779 18389
9363 14205
3054 14871
4498 7829
2270 13795
8970 11009
6135 12210
3175 13197
6754 8878
8852 17916
4591 18199
2711 13607
1339 4070
13562 18833
4085 14145
17602 19082
2101 19063
4671 18005
508 12907
333 13419
2686 12714
3628 15742
5715 12747
7747 14246
16777 17296
4024 17991
6295 7667
2306 2841
7100 9325
13709 16811
8840 18604
4098 6862
3811 13135
2290 10180
329 9313
11135 18083
10837 17180
16667 17259
10316 19510
473 17478
12520 16144
4278 11932
2466 4804
5303 16182
1616 18622
3289 12980
2566 16763
2438 10577
7740 17052
5105 12677
9192 14536
8916 12622
8685 14983
9520 13535
3238 16942
6125 18043
1434 6643
1701 6784
9518 18230
645 9546
7002 8295
4781 15739
6869 8017
11015 15472
11021 11347
2986 15544
5245 15170
4339 6333
12801 13162
16008 19279
1845 5696
7788 13872
14255 16178
6034 9987
836 14773
149 9660
10741 19620
16546 18980
10218 15127
14357 18727
9908 10767
1996 12419
12611 18282
9954 14272
11253 16627
2133 18916
13666 19513
7426 14416
11679 16844
5357 18540
9888 13009
10344 10666
4915 10117
15113 18216
1965 10463
9682 9805
8493 10595
7545 8652
496 15536
54 7252
4277 6493
18418 19690
7710 13013
489 4538
5680 12624
13840 16399
9899 11316
16304 18560
17366 17622
9286 17914
11770 16044
16697 16773
9620 11428
3488 16945
99 11668
13956 14031
7964 19579
10696 17373
1835 12328
12439 14135
908 15457
1053 10347
5630 16583
8613 17815
1907 13918
7813 12655
929 6089
3810 5829
11932 16205
4025 14063
2922 6903
2863 9051
5998 10903
3484 16901
4817 12819
13465 16092
1530 6009
8874 10040
2610 7831
18911 19702
533 19458
4132 7150
10721 10781
2039 4189
1913 19027
9731 16183
2746 16215
5531 8778
6934 6979
6309 15936
1670 6052
2851 19596
4399 15569
3255 18878
3038 11244
9764 15438
5274 17593
7353 12025
2290 11950
5463 12646
8126 8743
13169 14711
9515 12481
8600 18671
1811 5184
543 14572
12329 15515
9323 10777
13989 17292
10794 13786
6535 11336
17438 19078
12495 13854
4573 18965
2176 16267
14919 16625
11639 17334
5599 6751
9233 15734
2582 14407
3051 8235
2759 6686
16156 19526
3268 6906
6354 6951
267 5184
12932 16391
5326 16948
9246 16594
9929 18404
4697 12936
2753 18789
166 19090
8666 19472
3262 5236
260 16853
8394 13061
3457 6544
375 5645
13514 16406
2197 7898
11785 13585
7624 9423
5369 18462
6971 18499
3593 11024
2243 8613
2239 12773
2253 5996
10775 18166
4159 10941
10893 15219
16130 18449
6078 11141
14438 16903
15206 15254
896 15992
7681 9443
3758 9724
1507 2030
1728 13825
8539 16089
9274 17690
12097 17257
6000 17238
1225 5702
1708 6126
15680 18998
7478 9374
12080 14178
2158 11829
4153 10622
1355 5636
10648 11380
3778 18779
3112 4633
1916 17548
2164 9977
2818 18085
4092 16901
6723 16223
821 9557
3961 5568
572 10176
8205 16696
727 10748
14546 16528
2747 5121
2963 11519
6711 6781
6392 15673
7965 16017
1312 17076
1760 18595
3050 17655
4878 11451
12963 13073
2016 13157
8980 15518
5568 9318
2740 16609
7170 16074
10165 18218
583 10601
3339 15135
367 19249
3593 8530
5745 19201
16594 19022
7660 12573
8949 12742
6658 18133
1420 3156
2386 13149
18426 19715
626 2602
12333 13187
8546 16307
7340 9413
257 1931
14013 19425
5821 8801
9446 11903
17572 18973
7827 17014
11837 16605
3847 7766
11371 11733
4993 18859
14171 17157
16815 17416
12334 13665
2873 5785
2661 2920
2876 7384
1106 1752
10562 13335
6384 19621
2337 7389
3182 4740
3747 7240
1056 12317
10 5070
3850 9489
13525 14604
67 16906
11263 12194
9593 14123
5238 14412
2989 16959
1529 17157
7554 16624
11392 16834
8858 10320
9597 13919
4427 4855
4601 16877
3023 6745
11302 18921
9888 16024
15476 19711
9224 12125
3306 7908
9994 16149
8412 13911
6481 8842
7379 19332
6716 9144
14622 18013
541 14684
5290 7895
6611 17234
4409 5930
2964 14817
5014 19589
1360 12143
6571 8041
424 13589
1295 3982
11526 18122
1470 15877
11288 11394
7332 17994
3914 8350
7616 7943
920 7518
6737 8572
586 12659
7884 9191
17612 17697
863 11997
11596 13259
9355 17458
3049 18309
5057 12192
6833 9177
14755 18950
6984 14256
3611 5509
1595 5693
6133 12201
11537 18845
11596 12435
13529 15573
6745 19274
939 17012
12057 15289
1558 17020
1880 5534
10135 18490
4397 8991
6774 12211
10959 17035
4027 10757
16724 18792
14487 14671
3923 12245
3249 11062
14705 18771
182 15031
18199 19567
5220 7050
4691 14145
12854 18752
12147 17192
10549 19286
3019 12841
6701 16187
6805 11189
3718 15029
15151 16763
3201 6727
11456 15845
4334 15761
14121 14301
138 1835
1251 2270
12870 18795
16373 16459
15974 16595
4433 11433
1619 15139
12491 19291
2940 8250
9981 19241
6144 15313
7878 19305
4152 15832
5330 10840
5718 10837
7079 7570
8038 14122
10811 13648
3439 13794
3366 8045
4476 14933
1111 13938
9438 10849
14542 15272
565 14478
13565 16358
8451 12593
16562 16822
2853 14546
555 8290
4476 18212
10184 19387
352 17436
18816 18876
14272 15253
2670 15575
1039 6656
5994 17020
13833 17519
9853 9997
6466 19218
485 12467
4702 12694
11480 19078
17423 17949
14605 15748
1684 6755
10800 13998
10389 18078
5877 17413
1422 16228
8716 14347
11644 19432
4508 19255
2319 16461
6775 10028
4612 15928
13511 15019
11247 17987
8594 10133
5948 8245
9324 13889
5071 17271
4607 18599
3185 14668
1654 5054
10106 12813
465 18215
12987 15192
9756 10772
7084 10219
8319 14956
6203 19180
1261 2902
7053 18087
6165 14905
7979 17851
612 17399
9159 9735
2190 11287
7132 19202
7541 13206
5594 8175
10808 16909
6806 17201
4315 14792
10615 19677
11651 13370
8610 11117
3251 11999
6296 8636
8527 16883
3944 10502
2094 3896
10125 13985
2009 14113
15805 18948
5654 17169
14279 15132
1828 9721
13765 15432
3375 19108
9854 13731
7325 9609
13334 14109
1863 11514
7908 11598
7634 9619
17943 19527
2548 11550
1822 6418
5835 13793
3392 7609
4852 8771
9875 12567
257 12649
11167 17057
5396 12195
4794 18104
1583 9790
9189 15457
2312 19534
9736 9983
10544 13607
2241 11642
8335 13648
1449 2261
12862 15501
5140 9103
9937 13336
2068 5044
2359 17537
752 18141
2673 15051
16293 19432
15369 16558
1610 18289
3899 9678
6065 15629
8640 9262
1968 4708
12121 18801
10069 16357
7500 19210
3971 10715
1030 16690
4735 19111
1553 8390
8899 14339
506 7325
13188 14044
2099 14521
958 17098
214 3495
9259 12525
15230 16092
9226 9760
11465 17662
4880 18014
7325 9566
5572 17807
549 16297
6319 14184
8676 19344
8562 14902
6438 14483
2712 6259
6064 12371
4921 18897
599 1676
8306 13688
2331 16619
10116 19409
16558 18237
779 966
5332 19449
4300 18146
569 11182
9184 9293
13484 18620
6810 10931
3555 4028
7883 15005
7076 17464
7161 17552
18200 18523
1119 16208
12514 18915
13195 17868
9054 11853
9485 10621
519 2242
15340 18760
9759 15874
3511 15680
9428 14981
251 5169
395 13024
3786 5893
7599 8547
1766 8427
13981 18242
2346 18238
9127 10880
13308 19235
9902 12576
5045 6895
5006 11768
9083 10606
4629 11712
7296 12186
9648 18744
3840 15903
15693 19633
13793 18989
17632 17801
2347 14806
9704 12651
13856 17986
3160 5462
2896 5374
3737 5837
5054 17638
2697 10131
17383 17815
16242 18623
619 7125
5070 14073
419 7102
1567 15819
9252 17430
16222 19329
841 10380
2511 15536
8417 11899
1642 11892
4092 19453
5763 18805
5419 10989
9033 12910
6136 10265
633 18110
4912 10050
4815 11742
14070 15755
2348 18205
13950 18118
7686 10829
11634 18394
10364 17710
596 8329
10389 13176
3565 13118
10740 15198
1056 1131
7410 13101
5819 6559
3256 16682
9476 18768
11759 14708
2083 17782
7385 10011
2210 14060
3760 4022
9118 16916
11403 15039
7246 9129
8829 11007
7280 10332
1560 17697
2827 12491
6505 6525
17940 18344
410 1976
11333 15246
5943 8427
3078 3302
6675 17398
13196 17961
5209 19565
6758 15041
11192 18625
3494 4617
4170 8924
6370 14888
2192 3081
2192 14229
503 5322
1251 18836
6162 8306
6180 12885
6985 12554
10363 16465
6947 14797
337 3205
10465 13207
1122 5613
7931 16683
6879 12361
1850 17351
3048 10120
6015 15529
15004 18226
9882 13808
3741 11481
12388 17935
13043 18238
9973 11759
4798 17584
12356 19285
959 12126
11597 12592
6241 15558
6168 9278
832 15448
2591 14376
436 16221
3312 13735
651 19620
10335 14409
5314 13829
2235 13816
3816 16888
2608 14917
8996 9489
3326 4103
7407 16628
733 1017
4669 9421
17695 19573
10895 19715
15647 15856
9466 15015
8448 14970
12676 13807
13750 16127
6635 17624
6301 13048
4835 15756
5194 8294
3370 4377
12312 15904
5458 5560
2954 11504
896 9080
14333 16042
13010 14616
1101 9484
9065 16519
719 10092
2976 11484
1562 13555
3344 7050
18468 19580
13567 19494
1875 10690
9650 11910
5087 12500
11063 11537
5896 6770
188 7858
9649 19467
8205 10265
6462 8635
14150 19552
2913 8310
7053 15403
5673 11037
3529 18912
405 16466
3052 14964
4986 17761
6776 8173
18824 19553
7200 15900
13169 15481
9270 18126
5347 19225
845 10277
3223 17647
8420 17503
15017 16393
6743 18016
2528 4072
3230 11345
2928 13218
1626 4440
5610 16106
3603 6057
6566 18495
3970 19330
5333 11211
10895 16087
284 5361
5551 17579
17062 19670
3716 11349
60 13506
14673 14751
13811 14579
3148 19419
16056 16818
11594 18742
16659 17840
17048 19163
6398 17289
5151 17358
4120 12787
11053 16054
3202 7016
9929 15696
11364 15673
5759 15837
4344 9598
12809 13335
1065 5257
7029 8588
11832 17931
7342 14842
571 8004
9957 14979
8683 16820
1673 8371
3918 6409
5220 10210
14929 18983
1626 2002
6222 9428
435 7541
11652 13759
4128 5254
1353 14848
4732 15294
8247 13068
3657 8453
1275 14011
7947 8312
7145 19377
6084 10836
9237 16323
1926 17632
1806 8504
10785 14004
1297 16279
4537 14379
910 16703
5055 5693
3136 3148
6025 13261
8800 16375
2627 12059
213 1626
106 13602
8074 15596
9294 13012
4322 19125
6998 13060
8225 9304
10836 11408
3257 12064
7008 7645
12805 19528
5012 18518
1636 8754
2982 10445
3293 14783
5891 7869
3345 14521
8862 13434
4119 8076
8431 13194
12172 19506
18244 19236
1708 16000
175 15477
6140 16959
688 13993
6808 11010
6432 12776
770 3187
4413 10774
3521 16214
11371 12659
6826 11555
8859 12722
1835 6817
9598 18503
2937 11858
995 14589
4641 16703
13561 19186
2621 12500
3703 8421
9147 14551
1810 17033
1341 10142
2279 12506
3778 7971
7650 10017
1064 11969
964 7664
17566 19374
10048 18084
5864 18661
14757 17137
7386 10587
2714 17376
4342 19136
3306 5508
1930 12740
4436 11258
4198 17519
6855 13854
474 2950
3333 5845
207 12754
5023 11953
2230 19252
11751 15352
11623 13408
2409 11403
2046 7901
3078 10322
9366 15464
13745 14626
5730 9779
5401 10657
9181 17316
11386 11896
5268 12174
5069 13743
4150 19263
5556 7235
14636 18527
3350 11449
9915 15828
6326 10793
808 17977
13499 13877
4487 19201
1288 2933
14441 18134
4320 14002
5849 12999
1858 19112
5300 18771
2323 3330
8591 11143
3883 11283
1275 13182
7474 14332
5877 13118
14819 17063
5499 10349
1840 18967
3547 15178
8269 15301
3089 5571
8759 10440
12943 13763
6580 7191
10716 17216
1886 17011
185 13146
1923 12660
1318 19455
1944 16346
9311 18979
1917 8003
1903 8079
1616 18936
16999 19057
11427 19488
8033 13732
1432 3550
18918 19677
7172 15852
4778 15177
10506 14021
3901 10634
14031 14619
564 4505
885 9834
1453 12901
5729 14486
5357 12545
18247 19102
9595 9835
5709 8986
16594 17848
1568 4468
17054 17853
3598 12354
13920 14962
6409 15677
6247 7912
52 64
9028 16341
3718 12925
8101 11651
8997 14847
6882 17092
12072 15970
7656 13238
10615 18117
2118 18342
1129 1225
6118 12247
3089 8021
6895 18541
2985 18482
10489 19372
12459 14185
3496 14622
1709 11724
17255 17800
13070 18864
18347 19406
13589 15140
14474 19355
571 2440
5087 13496
8118 10058
14626 17760
1238 3960
5231 5921
17801 18167
2205 4254
1448 16164
15433 15828
3989 7238
2194 10799
7658 18335
9372 13118
3622 5353
965 1954
18421 19284
3742 4214
5091 6293
11773 17451
9428 10505
722 2295
15614 19349
6217 8952
15890 17777
5673 12314
1488 13999
3433 7355
3400 7560
3019 10325
1888 2230
2703 12354
1758 6323
957 7407
8305 16858
9941 16249
1827 18810
13887 15479
9348 10808
496 14272
15437 16133
5642 10654
3880 16448
108 5794
14721 14841
6272 10356
347 15823
4900 8293
8507 10728
7875 12604
2549 7634
9316 18002
7643 8828
5640 15670
672 9185
11502 19711
562 672
17057 17987
3598 15203
15423 19001
2625 3034
13071 13978
9621 15879
9279 12780
5396 14280
8537 17910
2737 17292
802 11957
8411 12091
4342 12650
6636 15352
3218 14065
8178 12396
4828 5625
993 11797
2725 4311
544 19109
4862 10530
1744 3928
3679 5012
3931 7194
780 8316
3965 13366
11366 18557
927 5485
8437 15663
4193 15358
1300 12062
12241 12534
7866 15775
9672 14981
11282 15603
739 12254
5951 8852
970 11925
9148 13208
8399 13108
9671 18645
9810 14450
1449 10093
8649 10428
5186 12132
15735 17688
11205 12147
3988 8417
7377 12956
333 397
1286 13613
11517 16158
5526 11352
6386 6550
2886 7491
2952 16208
6510 13235
3926 14075
1707 9938
6138 19460
4859 10454
11754 17888
3636 12615
5796 7350
7458 19384
656 5260
5419 7387
4062 10508
2704 14188
18542 19000
4858 15052
1345 7266
3210 17540
1960 12699
10185 13398
11140 13760
2136 17865
5098 15707
16279 16470
6941 14834
2818 3799
410 448
11734 15935
3569 6824
2742 7426
6034 6611
7719 19487
3104 18815
108 11226
7173 18955
13572 18703
4229 15136
5810 9949
2714 16621
3386 7456
1741 4380
57 18057
8182 16645
6319 18638
2433 4632
6303 18140
6483 12224
16064 18674
7004 15446
149 9211
12045 14915
8756 16525
4105 7384
1707 10940
6061 13946
4162 11232
1327 10019
7561 16562
1044 14899
9314 10485
10065 11466
14631 19400
2283 19061
4741 11546
7230 14305
16272 18372
2299 7007
12669 19667
14695 15725
8253 14594
7854 13675
11999 14825
1121 8425
3171 16595
539 7341
1679 3958
1580 7624
13660 19491
475 11417
10613 14222
362 2002
9998 11921
2472 13206
14110 15418
1529 9463
3552 4477
4220 14000
5097 16914
2169 12405
8106 14226
7520 11834
12349 17500
8848 16131
9567 13727
10296 15085
809 7831
5714 9209
12200 13260
11569 14246
8426 17600
1608 18451
5921 6657
1594 13238
6164 17685
3095 16849
3611 17405
11825 12245
5911 17836
2825 4615
6827 11962
541 5440
14868 16576
10776 11135
13999 18012
11945 13468
1136 15154
885 6655
7926 14805
11457 19020
11369 18566
19356 19666
1001 14759
7988 18603
2916 6675
4909 15591
11215 13658
1864 10248
1471 4136
1191 10679
9391 19589
14701 15137
14179 18407
5719 13200
9219 12691
1732 16718
5773 13267
13849 18123
14610 16065
1482 8053
6261 15760
15911 16281
1040 11462
6234 10542
3507 16661
9164 11114
4668 14803
11595 17881
8218 15457
2478 8043
6830 10045
14653 15877
11819 18901
11014 11938
13767 16665
6337 9823
14390 15843
13647 14864
10234 19129
2428 6050
503 16182
1274 6210
6098 15379
12563 14736
5107 15987
3215 6520
5500 12101
4107 8123
17724 18181
5116 9085
3104 14320
3728 19100
3454 17948
13311 17388
8724 16466
60 14874
2276 7248
536 13328
9085 13492
1925 5184
6031 15665
7723 10213
12961 17125
1967 17651
10773 11818
3385 3434
9073 14385
13873 17691
1333 1790
1700 13826
10428 15058
8581 14601
2592 9146
3784 16984
6462 12740
13754 13917
5768 17313
2088 10974
5260 12823
9697 10653
7950 11865
10298 13618
5605 10326
6444 17928
4276 9521
10983 18705
3159 17567
9751 19624
15070 15625
2019 18039
51 17776
7880 15338
359 5971
908 14732
7729 18432
4890 14570
4556 17171
17544 18459
14801 15218
13024 13707
4622 11912
10518 18312
5003 9008
3267 8493
2134 7859
3465 11441
6163 15420
6516 17164
3064 13691
11724 19479
4681 19291
4851 19615
5785 9430
14813 15984
708 12173
3689 16478
5726 7240
37 13428
6011 6278
4589 13980
6472 9536
17476 19121
7629 18377
7274 11803
5890 10693
3555 14760
14999 18554
18114 19438
3280 19218
4821 18280
3385 12399
11987 18276
506 7185
6491 17347
12919 17739
2136 4544
1451 16692
1954 17980
4655 14863
6834 9371
9778 19185
4583 17078
27 6739
7229 17465
6400 12566
7647 17684
9555 13058
3562 4834
9108 18093
1379 12777
16493 16632
1799 4569
11056 12849
4174 18734
7709 10422
5402 13798
6817 13585
13477 14894
877 16108
3096 18305
10037 17645
13963 18360
18301 18741
2238 9813
8287 11868
274 11970
16224 17643
2050 17635
1833 4916
3765 10653
5649 10029
2856 10861
15195 15700
5961 19436
11414 18076
13455 15741
13725 15400
6448 17415
4579 5642
9168 15042
694 16107
8913 14078
1902 9070
15872 15895
5138 8595
11749 18712
5932 8960
3520 19431
3485 4634
8149 9353
9772 17249
2807 16968
6098 7383
9334 18412
6423 14004
8911 13367
8376 16098
501 4894
9458 14683
3957 14862
3944 8207
6166 8086
2808 12355
2412 8724
3806 3827
3069 19420
346 7099
9878 16881
11781 15961
7583 19501
6820 11840
7812 19595
1113 18981
12841 14245
11865 15997
6794 13387
557 15094
9065 14764
8344 13781
9510 12067
14113 17170
5252 13649
3438 9570
5250 11222
3787 12550
17778 18620
10585 13565
1646 14503
229 12082
8969 15290
4155 17718
10605 19446
9961 12682
6057 7052
8155 13422
2660 5236
3659 7785
9088 12794
11860 16998
7448 14517
2514 4862
13026 19631
5766 16638
13604 18251
5484 13328
12330 16435
3225 6595
10049 18232
5139 15872
7283 16542
40 1911
5482 6924
12945 15614
6539 17631
4846 5749
1995 12790
6389 14558
6408 14167
4202 11007
938 1328
3797 17561
4206 6033
8424 12384
3634 19103
11391 12350
9088 13253
9646 16654
238 17807
3164 11465
6492 9184
5717 11393
17300 19214
11666 12395
12984 13420
8441 14027
3463 8599
3141 6791
7317 19218
7128 18671
5862 13910
5137 11140
10152 17828
539 12450
14041 18745
5765 19081
1594 16787
11360 17632
1362 5039
16767 19425
11374 13083
2850 12280
5365 11530
8056 18750
8911 11458
12858 18988
229 766
6497 19568
2257 8040
565 3008
603 4639
302 15381
13805 17126
1671 5821
2154 11351
196 17194
4794 14211
6505 15513
1474 14606
4634 9457
5250 7734
4227 7524
5752 17143
3901 4029
2200 17113
5299 9878
8646 19285
10745 15585
10687 13054
936 16517
7008 7116
3110 4299
103 1769
13181 16435
5794 6554
5174 9645
14000 16904
5721 16627
4832 17532
9344 14039
8219 18478
13548 16577
1106 14567
2813 12995
101 11608
12366 13334
2921 15977
3008 3927
17004 17412
7314 14633
8891 8892
6842 9958
14087 17365
1208 3529
5217 7940
4835 12123
10231 18248
3594 12966
186 773
4710 11916
5615 10125
2530 15267
5357 16710
3428 4265
7524 17200
754 12798
7645 10036
5578 18357
3858 11417
60 13693
14856 14892
646 656
7679 8317
7409 17992
1512 17167
2824 9048
1722 13517
15784 17154
12767 13728
8908 16257
10936 18793
4409 6833
1431 8876
13860 14295
5548 14720
2373 3138
10582 12569
4660 13375
2393 11457
3243 15138
816 17913
10170 16590
1796 4155
9925 16142
2103 18423
652 14397
5587 8573
1643 17893
9194 18470
6841 9436
6240 8316
6610 19521
2336 17009
11751 14275
3032 16586
6666 14276
1942 2146
5935 15480
15012 15250
6938 16238
10721 11033
4125 19648
9906 12327
4473 11910
4966 14146
6387 18297
10015 12987
2639 4403
2311 16605
11979 13861
1575 12565
8052 14440
9162 17454
10622 12303
10409 16085
11657 12297
1130 15644
5174 17952
750 10488
10297 19439
12131 14230
14207 14813
3815 11983
17472 17524
6298 10038
15571 18594
13493 18414
4993 9725
452 14240
8013 9889
18470 19487
3306 17629
4381 13204
6484 12917
8705 18946
1167 2185
13035 13727
15416 17833
11551 19277
427 19012
1066 15577
6058 16535
5297 5914
5310 6495
858 3099
7332 12633
10891 10978
10184 17001
3563 5519
5303 18658
1905 9090
6448 19559
11198 18934
4661 19415
1021 17270
9151 18643
3660 13918
13373 15313
13593 14440
7185 16702
793 17451
13459 18185
178 9871
12080 16957
10183 14023
951 18877
7030 8384
9552 17872
1090 6008
11427 15512
13106 14252
10524 19337
2157 4700
9271 19391
7473 12222
13877 16864
7831 18590
12458 14490
6183 11453
2164 11274
6556 9181
1847 17843
145 14194
637 9146
9836 10818
4508 9943
14373 16951
13392 16965
10879 11345
11157 15813
12303 19056
10426 17325
14710 16928
13997 15872
258 17673
14096 18689
1984 3920
2187 19385
8754 14981
3273 5519
9116 11885
3287 17058
4961 8369
4040 5865
19247 19550
10043 11396
1741 10729
13426 14287
1837 12885
5413 16220
415 10518
4153 16848
9880 11933
11018 16293
15331 18498
7318 18500
1564 14486
1964 5517
2766 7171
2718 16372
2545 3087
5558 6022
12319 16543
10216 12189
1758 1819
1921 5793
11969 17698
2134 17342
16550 18388
4260 14845
6148 11160
9578 15533
4292 4769
16410 17632
2748 4399
2568 10033
7458 19493
997 12876
15229 18475
1371 3548
6833 15715
8360 9831
17993 18955
17715 18095
8669 8672
2851 4384
10903 18148
13268 15419
3704 14405
1056 11081
8791 16196
8271 17728
702 10204
5632 19654
5479 18181
2375 12717
10485 17337
15817 17419
3013 18819
664 11876
6486 17013
437 7411
9283 13144
2319 12409
5990 12898
5057 13436
585 19335
304 2080
11884 17721
8819 16749
13999 14802
3803 4236
8408 11149
3521 8796
9769 12098
10296 10811
1695 7114
4610 14875
1059 12067
5211 5297
17547 18906
14810 15575
893 13352
10613 11081
6251 18306
1050 17395
12654 18852
3912 19253
7151 8994
2495 6810
5079 11469
10172 15624
6598 16341
14993 17363
9399 16169
3175 14074
1889 17733
240 1835
10347 15971
9416 17707
779 7751
1385 4152
8406 10932
5369 14009
5847 15264
1256 4918
9872 19503
3118 9519
5509 8988
4309 5782
14384 16891
7363 10081
9600 18185
13382 17884
15049 15515
4890 18752
12604 15978
7009 12502
386 7487
11023 17737
18387 18585
3608 15060
4633 10190
10276 19294
9322 19321
369 4195
1802 14420
5118 11108
5322 13943
6624 10515
9725 12578
866 19029
1413 3019
7002 19005
13945 14815
190 4557
7357 15870
3943 12315
7637 16328
4043 10720
3517 17391
458 16111
17939 19583
6861 10648
3760 13264
2020 6918
6360 18072
2656 14555
9264 10507
3891 15637
5044 16544
6077 10323
11876 13599
8471 11319
2953 8089
580 18363
9220 12743
1190 2070
5551 6911
2295 11089
6262 12054
5330 15912
1524 15789
7079 8734
4239 13787
3717 15018
18098 18501
6796 17254
5885 19353
7340 15162
2912 18032
1019 13410
8805 17488
6917 12894
4308 9112
3694 7309
1534 11382
8903 16265
13306 18298
9658 13363
18946 19689
67 2831
9324 16533
2001 17565
3311 12242
12313 16307
7125 8139
6744 13776
9543 13706
2090 11986
8892 14828
9393 14794
14317 17999
4392 10362
9377 13271
6690 6780
259 18061
4358 6428
15774 18126
1564 2676
7979 11350
15552 16934
1795 3472
11611 17916
6318 9759
569 17763
9268 10210
12020 14182
11516 17974
3325 14728
15746 15986
5104 9748
1966 6605
3488 16782
5428 14816
635 2429
2836 17761
12404 18743
4743 15972
299 16787
12998 16365
5729 12884
1925 7456
2124 5360
8863 12743
18511 19666
8640 9944
2869 19587
8409 14081
7479 10394
3392 9502
3132 9086
1621 8315
6116 16733
4705 16008
13419 16432
186 17537
11392 17433
2757 18717
4507 9995
5199 5969
880 15719
9208 12626
414 12888
10663 11862
7553 10654
1138 8576
747 13002
2047 4704
3245 5130
10594 11146
2209 19579
3375 6008
9394 13622
636 17790
1657 19116
5575 11263
13177 15508
1455 8673
8902 17296
5412 17117
1589 14349
5138 17129
15515 19498
7996 17603
3096 9019
653 7098
2228 12351
13685 15493
0 16932
1021 1106
180 4834
42 9548
11112 17008
2729 2917
12837 18736
1823 16476
9925 12958
14073 18790
10002 17527
1548 2691
583 11948
3208 3600
12647 15189
11098 16135
606 6593
8101 9455
11677 13760
3806 18663
1289 4553
4079 19208
14109 15421
17456 17879
10413 14263
11647 13627
11224 11882
14080 15795
18452 18974
13656 15512
772 1402
2225 12537
2082 5591
1129 7320
11840 17402
11938 14285
7098 19509
7018 11716
1729 16959
5477 8996
5918 17765
7803 9447
8274 14392
7469 15332
5919 7027
4294 15224
6531 18662
758 14429
7794 17883
5882 13069
4279 13404
11924 18960
8666 9669
10954 17252
95 3414
386 4309
1639 17993
4747 17908
6591 18386
9853 17457
2894 4107
10399 15870
9663 14743
14750 17744
1587 7679
201 3519
2002 11423
17607 18781
15086 17738
8509 8989
2075 11821
5139 18917
8513 13027
9524 15689
8294 18439
3718 12886
3376 5487
7850 16094
2967 9019
3689 9561
13721 16415
929 18465
5755 13826
1381 5356
12174 12212
12268 14837
8260 8370
10154 12609
9205 16142
2362 7654
16056 16225
790 14794
3170 13747
2512 3487
12053 12296
8105 17515
10880 16059
874 19622
2900 6013
3497 13879
7368 18409
18423 19589
7329 7818
18810 19128
24 1659
9796 17389
1109 17873
15462 19073
909 11149
6517 9566
408 7921
13678 14259
1312 18055
19160 19337
236 11625
7897 10837
6317 15962
11362 17472
3405 18730
6352 18076
3703 17346
1212 15067
3275 8504
2935 11737
7684 13049
5083 15831
859 14509
14753 19563
17146 18261
16196 16782
1257 13775
4667 18168
4479 13468
1064 14887
3927 14859
10114 11962
15365 16204
9123 10932
16832 18116
1599 10997
17109 17806
16264 18432
33 16052
6715 17889
3676 19159
933 18042
1566 9122
3709 12540
1357 3619
15154 15321
6045 10569
13851 15056
4011 11373
12424 15502
363 10977
11940 14177
1011 3637
6601 9595
14636 17171
13172 14197
455 12380
8892 12669
12511 12795
2974 12303
14838 16928
9380 11000
5673 18427
371 8024
2932 4667
9412 10418
5843 16924
8408 9802
7038 11060
10334 17997
15101 16956
8722 11837
2593 3640
8985 17152
6509 9886
4446 18837
2310 5274
2421 9644
12853 13339
81 5136
6121 12419
6335 12690
5188 15151
1502 19575
4004 6063
12999 15554
4522 9859
918 13651
5366 6273
17420 18449
8286 8452
3839 9023
9213 12121
865 9218
3000 12141
14837 18195
6758 15801
10358 15245
8307 13465
185 5936
13699 16021
6319 18732
7252 8654
204 702
2877 19258
9695 15151
18865 19365
18320 19194
3386 9633
4588 8015
4859 9260
5763 19607
2895 4406
2558 18432
3498 13765
494 976
2749 14135
4030 7997
709 13774
1782 8553
639 5770
6809 12806
13350 15090
568 15429
13232 13810
950 8750
7089 13093
8925 12424
2142 9422
1609 13376
11486 12603
3515 9391
15924 16477
1675 9253
6457 13689
3361 18875
6682 12155
516 10212
7665 17453
8019 19674
10254 16586
11262 16391
13253 18752
2909 7009
2914 5200
6067 10281
7745 17077
13929 17680
10479 16181
8202 16919
7848 8730
11188 16702
14248 15687
1727 1918
561 19282
9492 17262
15190 16184
419 14637
15385 16561
7890 13081
2509 7107
15388 18789
17821 19110
8423 16235
6786 17698
13249 18931
10985 13366
475 14871
5025 18697
4522 14180
4297 5995
2889 17002
18744 19142
1899 11396
7411 11288
12317 12382
696 12047
2735 17152
5131 19459
7303 8658
7328 16259
6807 17938
1945 8826
6611 16235
7097 12502
6404 14898
9484 14851
4982 11557
322 11711
6535 16116
10685 16219
8733 18201
3952 17858
11791 14581
3439 6036
8258 16304
5270 14492
12382 13600
5709 13111
3727 16609
4956 13298
761 17981
3754 16107
15465 19261
4692 11407
12621 14690
11317 14343
11024 15647
3396 4714
13870 14510
9433 17573
8183 15005
9109 16777
9917 11611
2684 18987
3895 8056
5201 17581
4426 11128
3400 14319
1148 10214
981 15556
1823 13358
3266 18265
9348 16008
8058 15750
2826 9736
14060 18770
5916 12234
1155 15898
4088 18360
2654 16046
5752 17367
6166 8985
4182 16126
8053 15853
12585 15667
15285 16166
12904 19489
982 10577
5904 17336
9653 17746
11723 13480
5108 8211
8648 16111
12302 16752
633 7257
9705 12549
15039 18025
1195 11797
13880 14942
2526 12530
4590 4934
4984 8260
10609 12335
7425 19443
1400 11209
2772 16943
9761 19314
716 10192
7553 16399
5989 15448
4365 7786
2780 18788
624 5911
1188 19099
14830 14898
8003 16671
336 16837
5431 18560
3643 13098
7367 12880
8976 11640
2517 9237
4156 17761
3959 8323
15826 16956
5761 18122
4714 7392
5391 17754
3928 9462
14613 15499
5661 11378
17403 17860
12332 16783
5522 14911
1096 7992
989 10402
8994 17774
1096 1794
2957 11356
7178 8229
277 13599
6230 19398
1075 4592
2399 12594
14871 16507
175 13670
2322 3178
10243 13142
3870 4131
8238 11273
1638 19444
5331 8190
8967 16340
11564 12603
763 9772
547 7430
5131 5722
4707 13996
5828 10169
9108 19272
1153 18379
481 3226
1394 16873
10820 19577
7945 16690
14521 16964
4134 5432
3886 8939
16382 17934
1352 17601
7866 18420
3480 7652
2911 7256
4303 9523
5212 8336
12520 12911
10582 18964
4639 4984
5108 12954
7048 11609
3049 7171
15260 18514
12520 18220
3290 12236
646 17984
1224 18305
804 1560
545 17517
6538 13951
1988 3479
17929 17965
12554 12719
8681 15829
10878 18852
1348 19692
15588 19595
4977 8780
977 18260
486 19223
9923 17485
1866 15352
3539 7485
5529 12301
1773 16174
3855 4371
1579 5909
844 5556
3845 15866
14797 15688
3839 8321
6966 13506
7240 16597
6576 16748
10859 11000
2167 18588
3903 16590
685 4742
12212 18759
12760 19431
6507 10981
1137 10958
4552 17177
5192 6265
8884 12426
6195 18057
1539 18817
5731 18020
1453 7345
1981 11667
1344 7197
6239 17999
2898 8703
10465 11157
403 16136
3557 11433
11510 14352
2446 4424
14521 15366
3504 12001
9478 19303
12350 12830
12638 17302
10334 16028
568 3186
6780 11144
3736 9939
5928 16257
15778 18889
15058 18531
13758 18761
7125 15832
4399 18687
13359 18080
11437 19190
738 9029
5832 13809
235 2053
2855 12363
2806 17314
4160 9941
7770 10925
7272 7854
3792 8776
4580 13167
3126 18156
4639 19602
5131 19096
10884 16905
1860 14423
1552 4405
1995 10656
3794 13105
3660 12223
1321 6081
8045 8627
6530 9320
11760 15515
5562 15388
950 18864
12475 18492
2540 15189
1755 14045
14845 19098
4446 16542
11032 13288
1160 5970
9995 18637
18513 18926
12228 15331
3310 18506
11811 11949
5370 16255
1414 15479
1800 15979
279 18832
3497 18231
14809 18950
7482 8304
5260 13304
3660 7302
6495 11896
2495 11500
14858 18053
2080 16734
9404 15194
66 10688
8144 10612
17157 19632
6537 15776
89 13143
2219 8242
6737 11196
12717 18509
7704 12107
196 2930
3374 11610
1702 3985
3232 10766
8156 13035
6868 8519
6772 9505
13187 18544
11366 18914
1326 14301
6873 18589
10391 18617
5409 13178
1798 11110
1315 10630
2974 4429
10431 14645
1663 8067
2908 17264
561 3168
9634 15353
3173 16593
14188 17595
11299 19121
4187 8685
6321 18907
13935 15614
4093 8578
109 5115
1749 4925
5098 14635
7475 13169
10749 11153
15744 17702
646 10031
1501 2949
3463 18299
319 1766
1049 17217
2640 5430
16941 17619
220 12299
9459 18964
4780 7347
3203 7067
4723 16516
10419 11019
57 11328
1025 9929
1269 10996
5640 6379
7292 17553
4171 8538
16364 18493
3141 9387
4349 19280
4020 17450
2688 9150
4971 15115
11285 14530
6500 6501
5519 8981
2914 15333
3506 16711
4626 16182
4073 8955
10181 18789
12717 13626
9759 12901
11474 15375
12503 18250
3658 6089
11181 17485
8639 13852
9341 10392
6664 17347
15710 19432
12130 16025
9580 10165
5778 12097
5615 14629
4379 19198
7434 7579
8276 17877
9653 18262
4812 4986
4836 12254
9542 18457
4104 6105
7783 17688
16142 16360
4580 19493
1012 4157
6600 12034
8100 13279
1383 7361
17162 17306
7322 11046
3415 5838
2578 12861
10603 19681
11044 17905
16258 17515
6027 16206
1583 10238
8293 8439
5990 7356
27 16398
5805 10564
3569 4470
4627 14229
3072 17220
16818 19104
2430 5753
5053 11452
1639 3298
5671 8670
9152 17340
1596 12624
11066 12182
3523 13264
11112 17631
3498 14593
1693 3589
5463 7417
5416 19163
9488 14948
5269 18611
3688 10310
6966 10763
2703 19533
5348 16943
13874 18779
24 18608
5246 9345
1515 9548
1842 8068
1716 2907
9723 17737
10083 12823
480 14704
192 7222
117 11685
9891 11074
655 5943
4732 18266
5532 16939
6518 19207
8343 14957
3427 9565
2876 12401
16796 17251
1232 5996
1746 9576
2592 19526
9269 10642
9270 16849
10548 17392
11890 19402
6486 6733
1322 4061
7730 15181
5117 7882
1438 10662
15461 18690
17400 19370
5116 11366
9190 14628
6584 9438
10705 13365
1138 6275
6324 7479
6656 9638
3947 16714
8185 8744
1678 18331
1767 18908
9782 17431
1159 3982
1967 13092
6100 7228
1123 2134
8248 17117
9143 11482
1305 3243
1235 15896
13120 16536
1423 12076
11025 15384
2169 5582
320 5997
3979 15793
17586 19594
3481 5127
9608 15728
2287 4313
6576 12788
1182 1929
1015 15586
5439 8971
9909 14381
5430 6246
3071 12969
9144 18500
10259 15133
9637 17560
638 14051
6157 10668
1461 11569
11598 13792
10246 13716
3212 9960
11507 15361
599 8194
4825 16097
11065 18537
8099 9118
8189 17281
2236 15038
12927 15268
265 2389
746 7345
3164 8259
2768 8126
2823 6682
2133 3677
10005 15297
7793 11814
4716 14011
4209 11825
8014 15688
9401 11621
9681 17507
12082 19264
907 2733
4623 13368
1074 10285
14836 16071
2794 18638
1228 6373
2713 7303
4980 15442
10538 14888
916 9240
5179 13443
4781 15228
11272 14118
9085 18994
8715 10703
2106 19180
89 9090
13438 16587
2508 4232
14316 17954
1839 17340
262 3434
3721 6141
805 14018
9473 18177
12078 18800
8104 9385
9099 13459
3212 7326
5280 10749
12751 19306
19 15649
9961 19350
10653 10876
127 12715
7846 11411
12823 14127
1503 5561
14269 18511
2240 14205
1887 7475
11877 13727
4554 8788
2536 17433
3962 10909
463 14892
6163 19154
1436 19526
11436 19088
7857 11195
16281 16957
1587 18102
5161 6608
1378 11580
500 10096
10313 15403
5584 7097
7919 9063
6595 8225
10019 16703
1737 3882
8543 13748
6625 9226
4099 8828
16769 17056
1268 16099
3312 9025
15748 19071
5188 10418
4125 10321
14930 16181
7303 11343
1721 5427
4421 7052
4487 4919
13677 16135
4799 19631
7049 19216
4377 12670
5661 10533
4283 10780
17163 18906
7737 17129
5215 6754
371 3206
689 6596
8315 14722
16988 18490
1054 18545
8424 9314
6367 8805
2509 5099
3141 3746
4454 10733
17067 17131
2760 15434
3567 8291
14274 19123
14494 14805
1576 10320
8788 12918
14008 16159
9999 11058
1456 5059
7005 13314
8579 15938
2296 3316
5255 10551
4973 8999
5354 13440
3695 17307
17213 17620
1505 15174
3062 8691
1179 13993
1238 7247
6098 6796
2701 15379
15091 17578
3364 13811
3780 16541
3286 6364
9988 10383
4045 5636
8033 17477
330 18706
16641 17857
6777 13186
2417 11252
3502 12786
3224 13685
28 2282
4809 12895
1096 11278
6833 8375
9157 15145
11375 16523
2496 16780
1968 9998
9631 11739
3506 16096
464 10478
3608 4272
3564 9893
1213 3077
16304 17085
564 12094
2469 16245
1701 13407
33 10143
12652 16902
14 5149
10504 12821
1747 10314
14172 16180
5415 9434
4201 18303
6896 11272
15747 16067
4932 9208
4018 12173
134 13049
11192 16822
9209 12903
10128 19055
8733 17059
1464 3249
14011 17466
3477 14643
13878 16418
14153 14652
11240 16027
13717 17015
6247 11886
8298 17787
14240 14296
9317 10233
2930 10380
1158 2792
1379 5260
487 1285
8063 13406
9453 16641
3130 7330
15344 18901
3500 13665
13120 13803
5600 17645
50 9994
11149 15698
13726 14370
1972 12627
4102 11871
6562 18479
6431 10097
3852 17197
1909 16311
4443 9850
8969 18810
6783 13133
5392 6124
5169 6493
4100 7323
14743 15062
2017 2930
11540 17974
1019 11306
7636 18600
9186 14834
5975 14676
9763 15267
7032 15176
6724 11753
3636 12828
4238 13791
12876 18418
3072 14386
11757 11931
2543 3151
13561 19541
6456 15849
2792 16827
7029 11820
12458 12843
2242 15227
16361 17275
1506 7179
8862 15353
11765 18190
1934 18571
477 4273
1219 9546
7137 9306
16992 19089
900 2621
11066 16869
4484 19338
9497 18436
10106 14870
5445 16815
4836 18629
12539 16301
12533 14096
3955 5127
2715 13182
3118 4137
1974 2642
4853 19320
8946 12870
7822 14508
2716 9535
11720 12601
4551 5850
1202 19513
10751 11442
8435 11493
12950 17919
7287 10135
16060 16279
8919 9870
10471 15001
14823 18479
301 19659
1337 6726
14036 19574
4655 15324
1713 3448
3259 14894
87 14850
3886 19288
8768 17446
4462 17015
13821 14190
7970 10035
10509 18850
2697 6085
7552 7627
7591 14053
15797 18133
8021 16050
1842 12870
3042 18159
2995 19337
3015 16645
10495 15033
6573 10318
141 5094
4018 12528
16791 18362
3433 5006
11255 14988
5829 10438
7465 13231
1608 18077
6349 11530
958 15005
7111 10047
3820 6963
2229 14553
13416 19090
4449 6365
3444 19681
1928 4442
5003 12262
11249 11504
3557 8983
7790 11326
7948 13370
10449 12859
484 9970
8216 10127
1886 7738
131 1278
1590 2304
8921 14811
1754 14958
4840 19203
6992 14816
14687 15278
17496 19408
9891 16246
5587 7208
7934 8989
10787 18698
7778 15510
8984 17556
6024 11132
13341 19678
14014 17786
13110 18650
4602 4665
1186 19188
16015 16732
2573 13973
7157 10359
16975 17703
13085 19250
7400 8700
14419 19416
5871 17994
7172 19348
12916 15546
11903 14747
4956 5335
5071 5815
1007 7480
13414 13832
6660 7215
11031 11087
3713 17516
2561 6207
12854 18453
5566 16274
2268 18157
1987 18009
9022 15725
1816 12532
3655 16804
11055 11765
8723 18239
1316 17769
3641 17005
4331 10798
4371 17258
1569 8811
7967 16295
5171 6501
835 8947
11989 17261
3346 19497
109 10180
12700 13682
12026 16032
7486 9475
2034 5436
4421 17957
16540 19300
14035 14789
2273 17445
5895 16669
5739 11990
8737 15979
1803 12405
14482 17622
15463 18572
1199 6644
663 17213
8548 17297
654 15426
4661 9522
15935 16222
14546 15385
12854 13173
5248 12740
10380 18406
8650 15568
5643 18800
6981 15777
16669 18431
6906 8018
859 18477
4205 11690
791 9670
4406 8040
14005 17284
5846 15276
8447 13764
8104 17456
3344 10316
1052 9284
14742 18010
11240 11955
5356 17626
16646 18212
5184 6205
910 14648
6878 8951
4889 15173
3203 13337
2012 12397
371 11573
16486 17531
7379 8687
3686 9052
6110 15043
3550 18464
8273 16652
2877 16628
17516 17527
13257 15960
14504 15780
7390 8801
11972 18943
3324 16245
4605 11097
2270 9915
7164 17302
16386 19622
1838 11467
2336 8205
8718 18464
10106 15505
11336 14785
1213 1957
362 4475
1641 13974
10733 11937
4342 12853
4651 15976
6514 9579
1924 10911
14972 16341
5632 11940
1420 17931
12717 18369
10019 14317
3779 18638
3821 10042
5029 15093
13739 13825
1615 10124
11393 14358
13367 16029
2880 11064
9796 10923
1409 5049
13993 15112
2747 17078
9367 15163
9193 15255
4645 17935
10973 19681
13679 18261
8093 8602
4123 16386
6422 15615
827 15093
14035 19489
1089 2486
8873 18062
2303 18446
1094 3863
10177 16256
14289 18925
6870 18192
712 3780
4481 15461
3643 19170
4064 11980
10770 16644
11598 12088
7196 10854
295 14842
883 16536
332 8418
2207 19354
2745 5067
14934 15228
4740 11530
7580 18426
773 4233
7918 9816
11117 19665
6633 9424
8122 12612
6991 9073
415 1721
8373 9064
1144 11211
10261 16657
10330 15777
12890 14585
16046 18036
251 17628
5904 9672
10913 15892
11630 19213
3610 6759
10220 13580
10850 14776
3971 9874
7969 11423
8 11563
393 9101
262 2084
8816 12165
10284 15684
834 17016
11850 12891
3424 8749
1118 1633
10586 11074
10594 14923
5016 11887
776 16427
471 10588
9830 15333
10129 12691
13887 15830
6591 11444
5442 6219
4955 12583
10775 19568
2519 8176
8667 19242
2134 11384
6589 19094
2187 3933
4966 12155
3634 18247
5558 18917
2485 7634
7515 9544
7527 10012
4923 15477
2764 10195
6714 9357
7398 7911
4864 19042
1290 9975
8417 18758
3076 5751
8454 8573
9964 11680
9540 16710
11145 13868
10400 13435
7691 19299
732 7587
1260 2397
3253 13533
3605 11728
9293 17864
9199 9704
2310 3939
9296 9361
10354 19565
1934 3191
16661 19365
17887 18798
3298 16378
3445 14691
8553 14016
13375 15480
9151 10187
3386 16564
3460 11437
8205 9383
8167 14530
2456 15366
12322 13099
3387 17110
3428 12545
13959 19490
4505 13399
5639 17494
3780 6011
15330 17753
3831 14799
16755 19338
7011 16440
5329 14952
15578 16343
1849 14871
11490 17843
3736 7236
9670 15428
1220 2732
481 5605
5311 18452
4159 10839
11238 19199
2094 10293
6443 13162
5250 16318
12060 16401
3606 8521
14061 16267
5007 7481
149 3037
5788 18942
1928 17627
2672 16092
6304 12162
968 14448
3091 16671
8653 15725
663 3307
4531 13256
9794 13401
8705 18275
4102 11417
3287 4738
6820 10294
6726 7069
8115 15175
7522 13912
1581 6388
627 18520
5892 7772
12764 15831
7911 16561
1478 10620
13060 14147
12073 15971
1509 5557
3299 7144
3889 4089
5243 9498
11064 14191
6238 17225
4745 5204
2145 12349
896 10192
8577 18866
2107 13594
4520 16621
1123 18430
10906 13112
6617 16574
5940 10557
9108 10205
10538 10813
6945 18853
1411 14558
3353 16974
6348 17769
2206 8530
15315 16570
1480 14432
3955 7274
1890 3639
15668 16926
69 6097
5300 16661
2087 19458
3739 18238
3574 11708
6929 14052
7911 16917
4073 12174
2475 7803
8114 17360
17195 19539
9306 15495
213 5962
1935 11290
7191 19226
11062 18327
4730 5538
8271 19305
4795 14496
2506 18654
13227 16642
5946 17489
6239 13477
7497 18082
812 5851
4857 5841
312 17866
3384 12495
12156 16247
875 11574
4634 11148
1833 16236
11202 13555
11122 19481
1895 5642
1156 8332
10719 11936
239 6026
4142 8943
693 4983
7158 11258
9694 11640
316 11986
10448 10830
16566 17708
17104 17518
6618 18576
10276 15884
283 8083
16057 16221
323 11382
4630 10374
5365 13556
2270 9835
14115 17822
2844 9432
3903 6590
2854 11488
922 1411
3748 10368
1277 5073
4203 13085
6457 11292
17936 18859
3762 16069
868 16228
9541 9661
3113 14446
16424 19400
4341 8787
1213 3521
1566 12724
7840 19656
3049 6799
11539 15886
14069 17543
6092 18452
14385 17482
9033 13746
8623 9626
2242 17245
140 8042
8372 16768
6036 12131
8749 10998
1872 13256
11321 16688
4235 17894
4956 12777
4301 10923
2050 2945
4010 18659
5920 15501
9759 17415
6376 16476
7628 18141
11150 15045
7341 9087
7051 7926
8291 8949
4271 12237
8581 9784
2516 12762
5700 13667
1106 12015
7611 9083
10839 16465
8565 10839
187 5046
933 4071
3774 19306
14294 15597
11285 17042
2255 11827
4640 18962
8582 17501
17442 19199
9675 16865
6009 14503
2819 16295
12861 14383
8201 9163
3534 6313
5614 18570
7740 8308
7497 10384
9240 12041
3542 11638
6856 19563
7257 13469
6437 9458
15931 16556
9751 15363
5173 6126
9736 17463
13211 13601
13468 17391
3140 4694
4852 13713
1117 14190
3316 6180
1322 13041
2800 7650
13983 19141
10149 16773
12903 18496
14113 15256
3197 13662
8815 18329
6067 9203
8647 10779
15773 19339
8832 15888
4806 10551
7781 18271
7612 12510
3611 15608
7070 16525
6675 16935
16737 18865
12195 15580
5183 13955
714 2296
5081 8227
13118 18070
4756 16420
14942 17940
12373 17752
3834 10483
3064 11900
281 19310
181 16271
4322 6916
4726 16113
1480 18355
2444 8128
733 4310
15125 16159
6102 14278
5878 10881
2839 9650
2808 18336
14157 16907
1404 6778
2512 13098
12159 16315
7740 14107
690 10995
10388 11312
57 11626
2383 14879
5888 6263
6044 15468
2685 4532
2094 5478
4426 4459
7835 17552
1521 10558
10782 17602
7636 9659
3967 17680
4705 18326
4384 10675
6086 15219
1455 18961
7618 8428
5740 17330
4361 15637
8361 17880
5004 9223
12838 14042
4967 19359
9218 16143
12050 14269
12429 13445
3719 14429
14421 16724
3883 5494
5400 11385
14393 18206
2030 10855
10999 16243
16960 19341
3305 11876
13348 15855
11202 15363
7376 16159
13398 17331
16043 18542
4456 14880
5841 7762
3238 10836
171 3479
6787 13243
1760 8283
13184 13419
1158 19577
5167 13297
6763 16617
6666 13561
10321 12303
6827 17749
4065 6686
3318 10389
9433 14179
7644 18968
7099 19627
4180 16701
5998 11139
9443 19437
11858 16148
129 12546
5737 15684
14836 16215
450 10419
11421 16538
6855 13647
1557 14243
9758 16551
611 17480
13209 15731
10170 13610
8797 11084
3237 6767
10100 10331
1621 9426
870 15536
8392 13020
1909 13794
2223 9768
179 18250
14399 17290
11175 17234
6670 6743
13731 16983
18844 19300
9973 14962
5127 17760
9437 10834
6344 9884
10075 16862
1744 13452
13093 17008
1733 15790
5781 14401
710 16539
5511 12333
6619 15868
3552 10999
295 15277
11354 15029
6714 7000
335 12405
10619 14303
11392 13234
800 13964
410 11328
13860 17132
16072 16456
11302 16870
4812 14560
7158 13165
3447 11691
3931 14207
9845 15625
2962 6734
5783 5888
686 4308
8195 9996
13913 17998
12514 14377
13681 16757
4591 15272
6450 13032
4669 10416
12582 17076
2069 7132
849 19268
4027 6534
12917 16355
2024 2420
495 5936
2455 17838
6022 18162
7362 8042
10736 16420
9278 19420
15341 19219
7229 16794
13068 14691
7493 13747
3820 6994
15852 16810
572 3410
10868 18005
4347 14163
9870 15152
11816 16310
15332 16946
45 9512
2626 3701
155 1626
15797 17585
626 3997
3283 9855
9505 19469
12567 14048
10647 12106
1442 8878
6029 14571
8413 19032
1486 18198
11625 16824
625 4469
2276 3534
2510 8780
9869 15571
15731 18607
13437 17244
697 3468
4433 12567
6284 19337
13336 15301
3016 10695
4151 10820
2721 9639
8713 12017
13182 18202
7439 10544
7220 12297
4350 7594
90 531
219 10655
2780 19393
4546 9034
1961 10299
8857 16934
5005 11991
403 13967
538 17331
4948 8919
9257 14697
8481 19056
10222 12635
2897 4711
2199 14180
2737 16585
14911 19310
496 1825
497 16253
1071 7717
14693 14988
910 16630
12865 17218
14589 19127
14531 18507
5643 9860
1136 3342
11339 19059
17939 18559
11723 19702
155 9342
4559 13307
1182 7163
2450 19312
14979 18097
16435 17084
10938 13034
2829 8679
16815 18703
4704 17651
12430 17636
6076 13531
989 5736
17118 17716
7476 13520
4047 13509
10252 17306
487 1617
4604 14411
10908 11335
10189 18485
2450 15470
11821 13323
3104 4550
4047 5665
2067 8529
3101 9331
8520 18804
1200 17590
4211 19713
6545 13976
3449 8523
498 814
4041 10748
11861 18712
8387 8587
2908 12007
11046 11901
1430 6695
16874 16926
958 2890
10371 14797
446 13434
6830 7131
2812 14858
9280 15719
13130 18997
3758 13757
10513 12750
5847 18468
1317 8007
4801 5716
6698 8284
11859 12783
5480 12573
13279 17343
2276 6783
1644 6302
967 17680
7333 10829
4789 11407
2175 6649
7243 17093
945 4064
943 14412
3417 18186
9804 14812
10015 14563
10353 13437
9734 13472
11864 16857
1320 10967
14775 19270
13885 13893
1787 7768
8118 18825
15043 16586
349 5060
9347 17313
1161 16548
6153 8786
12882 17209
952 14937
6917 19293
5216 12421
13001 19050
4775 15316
14581 18034
10459 10714
6877 11025
7184 16002
7848 19006
3137 15847
7516 10816
6501 12425
452 12385
4775 18428
9455 11716
4193 14132
10552 15276
4722 5423
4150 6928
18572 19678
4550 7112
679 10760
11837 12258
10376 18931
5251 10983
14254 17865
418 9041
2586 3371
10826 17859
1089 1846
11253 17348
8098 15759
4607 12765
8970 9374
2696 5585
9517 12853
3103 9857
4725 17647
15415 17449
5804 16326
7985 8837
1472 11755
1737 8461
17373 19284
12163 16630
8529 10718
9964 13087
189 5631
14570 18744
4369 4656
2985 10996
8811 16101
473 4066
11467 13599
5483 10031
5152 11864
5951 11513
9379 12260
5177 5632
518 12981
6466 9484
8677 11992
5552 19164
16314 16981
1243 14549
5193 6667
6545 6611
4767 19009
4925 13695
9861 16890
11141 11291
3442 18957
2177 16288
816 8206
7212 13007
651 3501
6600 13047
4095 4897
3544 3981
11305 17192
4149 14631
2347 3702
634 12403
921 14791
3771 6174
4787 13438
10128 17161
2205 17317
10081 18598
1856 15372
2922 9815
3370 8950
13212 17957
7641 18851
3377 11394
9541 16025
1090 16048
9056 15616
5682 18091
956 3657
1895 9757
888 14946
2170 14526
6737 17510
2559 3787
9913 19049
6795 19011
5662 10907
11889 17709
5825 15408
5244 9209
7026 19689
10470 15212
2903 19157
15925 16025
2320 6117
8881 12470
3457 6994
194 9779
9817 16016
5226 17640
4392 16841
1806 4715
3025 11010
9577 13040
5030 6146
391 3488
11296 14098
1881 19530
1332 6878
9301 13748
6795 10146
11996 18935
12453 15054
7178 13691
2264 7548
8698 15048
8990 9351
5576 7031
9932 14126
3556 19194
6092 16211
14463 17155
9000 11773
8853 13697
9737 16940
2023 4695
1650 13216
6129 11792
7032 13845
8870 17191
1654 10554
9739 12002
8902 18764
9686 15404
9770 15762
11019 19032
589 11514
16341 18467
3473 18414
1309 7021
840 12616
9588 16231
4688 18049
6031 7888
15784 18649
5250 5610
6524 19499
7825 8883
7129 9545
5196 16984
2934 5182
1090 5627
16780 19374
364 14899
5753 17572
3425 10515
4288 18945
10139 13685
3040 14438
12439 13031
1249 17695
1609 18049
2270 13514
15095 18543
15003 16924
4378 17182
12068 15721
15997 17680
314 11778
11522 18267
10772 13579
7539 9211
1730 15413
5222 14668
883 5084
2781 10979
15812 19073
4779 15038
7354 12318
9191 17103
6602 9756
2274 4713
1268 1751
578 16494
17011 17902
7571 10618
249 15858
13672 18124
1044 2592
4257 10978
10124 18547
4416 14942
18096 18553
4819 19525
4193 6449
10125 15374
1061 6629
14039 16665
961 6269
8929 14159
6195 7906
7383 14380
5388 6616
1469 14173
1245 12445
8637 13414
10175 15318
11788 14780
5224 5456
5337 14590
3366 5872
7572 8129
5087 9332
8809 16232
7097 13648
2715 18097
4149 6568
14784 16014
4496 10195
7125 13676
18556 18852
4505 16819
2197 12625
12595 14115
8231 13751
13605 14483
3177 12091
4827 14283
7509 8613
386 7970
4760 8944
5219 14228
16226 18252
8105 18032
1053 19121
1279 19594
8811 10905
8891 18013
4497 5202
2962 3746
9750 11557
17401 17914
10308 15183
8503 16406
2254 6708
18129 19365
4803 10122
803 5134
7254 14511
3555 16686
4943 6391
6117 16638
5249 12504
12084 12494
15837 18930
3482 6070
5553 9296
8626 16813
13753 19067
7990 10795
10986 11971
3286 15259
1260 14682
576 5291
5982 6102
12676 17397
6632 15632
6217 6351
14357 18640
8713 14853
1545 17459
4538 12717
1473 7321
7758 14958
11329 15518
5189 17363
12257 18113
5193 6113
2024 16562
14536 17018
1172 13997
17609 18217
2526 18824
9868 15942
15099 15992
812 851
1257 14684
3595 12506
6159 6856
2462 6090
3478 9706
9016 11053
4534 17972
6716 18946
8833 12627
12571 16449
15422 15845
3749 16553
5806 19557
9470 10794
9475 18984
5989 11909
2714 17274
715 2818
6249 13246
8436 16942
12939 17417
6068 11063
8590 16598
2945 17665
13820 19491
910 5911
8556 16904
805 15672
4784 17105
8361 8387
2912 14109
1494 1787
12277 18125
3029 19710
4213 14486
1989 13850
8101 13545
1651 14351
1199 1756
7874 10383
3756 5482
329 6510
8400 15545
11118 19198
1935 16464
9918 15871
16840 17809
8746 19215
4787 17348
7600 12550
6621 7651
7276 14670
18482 18522
13158 15072
15867 16015
5796 16861
14445 16824
1267 2830
16721 18554
554 18983
6235 19513
332 9229
5285 5553
6841 15932
9091 10439
1532 18836
11246 11356
11312 19149
7536 9079
10729 13449
13243 16581
3242 8821
3172 6990
12021 16637
7114 18891
9574 19675
16607 18547
15386 18448
798 5493
10353 17100
5335 6883
3549 13768
2618 5323
16695 18883
2351 6406
5605 11944
6416 11805
9099 14291
10330 13043
12791 15125
10912 18103
1866 13536
7895 18901
8808 11527
3195 14986
5270 9522
10576 11519
8379 13354
11950 15602
13377 16778
6266 12396
589 12544
9972 13362
5617 18331
1026 5893
4376 13611
7057 7253
8948 15837
2708 7965
7048 13619
4694 10757
3748 13412
4940 19489
319 3912
4912 11974
4481 15970
10393 14232
12057 16890
4814 9146
6991 15009
4188 14374
815 13348
11208 17083
6175 18761
1113 19656
9218 19384
3546 6263
2323 19414
3643 16866
7165 10008
1810 6547
4010 7151
2035 18629
2403 7045
13931 18893
9352 12271
4092 13616
9761 10439
3109 3141
13317 19087
4868 6928
424 9730
13657 13690
18709 19498
4538 19661
3609 18386
2711 3093
1903 6797
11015 17523
49 12815
896 8978
2760 11780
3608 4010
14674 16681
17099 18337
5428 14593
11083 16757
11471 16175
4403 18351
856 5343
11855 17086
4775 9614
13917 18192
8917 9598
15523 19265
2132 15788
2924 14238
5685 14368
19075 19613
1123 12474
1651 13332
9784 13312
3087 9733
8663 10451
2501 11106
1914 5818
2646 18173
397 15886
149 6284
3017 17020
2105 6711
7516 17360
2952 4730
1518 19343
14392 15450
9173 14521
12485 19014
1677 17530
6913 9674
12409 19009
8215 17103
5851 19338
1806 14003
978 3505
13537 15211
9820 19534
2398 9004
1495 17000
3754 16953
2901 4920
5200 12440
3726 19033
186 17874
2056 10832
6715 16332
8581 14720
15174 18953
11205 15938
14465 17106
6103 16060
5268 11213
1786 15852
6399 15362
12005 18265
14087 14261
4140 8096
2260 3250
3455 8390
5059 16356
2894 9121
16062 17844
10772 14725
2680 15087
5962 7203
5109 10975
3719 16696
15082 17969
6878 8393
5376 13724
3060 13170
1975 14688
2910 9671
835 19276
12482 16710
10520 19705
8490 19511
4390 5643
3375 9022
4651 10487
6461 8618
209 13321
11432 16830
2309 9880
6933 12830
7108 12484
7161 8882
11443 18036
7762 16935
7730 16213
4511 14827
8342 8736
13279 15198
1108 1331
10368 19042
5772 8840
1281 4436
11935 17582
3516 4917
12431 14468
1239 15249
8422 12114
999 15611
5634 17338
954 5234
12637 19327
18561 19378
5043 13747
1063 11471
11775 13201
12317 16830
4835 17983
6172 12079
5180 15355
1067 12292
1716 6904
13041 18944
5816 18645
1309 12510
362 3392
2178 3237
1311 7014
12642 13405
5585 14953
11851 18061
931 14791
1751 3605
10300 10794
4698 16820
3513 13306
162 18469
241 14878
3008 18914
16065 18848
592 2566
5865 9709
4491 18881
10462 16749
10263 18732
968 2345
1206 16499
1387 17058
8677 16887
5879 11548
18019 18753
9850 15467
370 17058
15462 18645
11233 17444
3225 16090
3907 16731
8731 17772
2870 12883
12519 17455
4248 16547
11919 18418
712 16361
12552 13963
8342 9047
14277 16034
1277 7424
7708 16190
6800 11848
7179 7818
5780 9468
2675 10606
9978 10215
2047 10962
8837 8925
3997 6178
9929 12074
3065 5748
14743 14877
13845 15164
8392 17690
2852 16979
10221 19211
13826 14254
3693 7947
12145 15685
13194 17330
2689 2889
3806 15788
13988 15951
10930 14101
11666 12609
4496 16948
8097 8866
6226 18291
690 3340
9185 16783
5717 14683
7600 12829
13034 18907
3102 13388
1819 3518
7263 15129
4660 16327
15837 17122
10332 17019
4335 4687
15367 17708
8907 19510
11744 15112
8793 16651
447 18964
15092 17905
6708 14069
9953 17525
492 13764
2914 14180
1368 2465
4738 15703
1223 11229
552 15135
10501 17429
14439 14942
10956 16927
6720 13562
3718 11528
3446 3993
7815 15315
16823 19339
10009 13833
12093 17941
3863 17636
3124 5134
8653 12965
1802 10540
7748 14920
14072 15156
1131 7696
637 15684
6871 11434
5227 17202
2649 13865
5031 15311
8278 11313
6493 16062
3116 6425
5229 8437
16137 18758
3261 17354
1194 10139
11703 14941
13134 17464
1221 5757
14106 15725
42 14460
7988 13168
2416 16244
5810 8724
8425 12279
11156 11846
12138 19388
12718 15531
8985 12208
819 2902
4216 5761
102 17314
1285 3672
5619 9734
4286 8255
1304 18871
7042 16063
12885 19704
11392 18907
1468 11313
3950 13712
4288 18962
266 14279
9773 14528
5447 10117
9024 9175
15607 16421
2260 4064
11436 13745
12479 14923
2892 15642
5441 16955
7435 9345
7439 7985
91 5486
10653 16685
12217 18019
1640 15214
9769 14891
1377 7590
6587 15190
2752 7465
797 9095
4717 15980
8825 17881
1152 8527
2023 4765
7492 16965
916 2437
11442 12073
5308 16279
13086 14957
193 13040
2295 12132
1066 1080
7220 7939
8714 15650
1188 9781
18502 19013
13249 15518
4780 18537
2789 18161
5343 15253
17967 19440
8645 14715
1282 5483
18118 19207
966 3128
17154 19277
2590 17776
478 9995
18741 19460
529 18966
5655 14675
2017 9074
6808 13334
2991 16811
3511 15283
1277 13736
15261 16698
17153 17524
14704 18495
3668 10451
6768 7985
4857 15400
481 1125
3441 17111
11159 14057
6877 17350
2237 14746
3741 19697
1017 7834
6810 12309
13144 18452
13771 16375
6219 19114
4278 4300
1762 7414
8601 16295
6239 12135
5663 10759
11736 18674
11766 14750
14453 17493
14671 15483
9480 10288
9345 16562
210 16865
3328 16548
1228 6776
1021 13647
5145 5621
15941 16491
8 19382
14397 15987
5975 15708
807 8323
6362 11996
1392 12657
0 17900
19 7795
289 16927
6303 19272
2665 7787
1980 12432
3512 17653
5336 18396
4402 5131
18509 19294
8944 13835
5650 9621
5281 11977
896 14712
6313 11816
15299 17314
8816 11171
12961 18716
610 1278
6195 6617
10491 13209
1412 19643
1443 15409
3859 5707
3218 11191
5448 15842
9771 11695
5921 18865
3680 11358
7726 11150
14915 19192
14593 16300
8750 11007
6185 12159
13202 19235
2917 15706
15877 19311
1616 9964
2156 7231
2545 5909
2804 6905
144 13261
4913 12831
9150 15904
4238 9043
7372 11944
4634 14926
1084 1332
8025 15920
17331 17386
12141 14563
3781 8647
13469 18734
9713 11844
3285 15878
888 18280
7759 19290
1476 14172
3334 9585
10224 13996
5221 6679
6196 15528
5946 12235
2000 4321
10727 14897
7222 9149
13659 18867
8081 11708
873 19533
16229 16505
19078 19521
8023 13472
8104 19205
7336 13002
9040 12441
12107 15117
8186 14551
9164 12465
14376 17016
3097 10397
13708 17658
1944 10599
8294 18364
2120 9099
4032 6692
2249 13050
166 3225
59 5621
11210 17440
752 9699
6969 10884
9491 18660
3445 17140
3583 4781
16020 17506
17250 18493
9914 15866
5678 13536
5754 6874
2268 10276
15681 17117
2798 5711
830 8450
4821 5589
1741 15651
5085 7670
8636 11357
14543 16773
11584 15416
16768 16803
6166 7161
2368 12840
237 10267
7113 17346
8491 13968
18687 19613
9390 9505
5961 15803
11255 15524
12385 18636
1683 12133
17709 19146
14892 18757
63 2584
7276 9015
9941 13292
1078 18946
1575 9918
7642 12817
53 14240
5109 10515
8439 17496
710 12708
859 19461
6468 9326
5057 16376
2053 16049
4590 18804
909 2334
1695 9449
11445 19127
3324 4311
101 12239
10922 11798
8743 16640
17437 19481
1238 14003
15259 19458
16478 18107
15035 15053
3132 8051
464 6482
11510 18345
4084 6191
13499 13913
3003 11276
3175 13644
13935 15841
16787 18337
9680 13626
930 2379
8931 9701
6901 15170
12154 17276
3067 12143
2999 17150
4456 9485
2587 13807
298 9260
9818 11339
7499 13372
15472 18921
2830 5872
13317 18006
6161 17635
9051 18178
3209 8441
7354 17724
18646 18990
9435 9856
9329 17728
13613 17150
3381 13150
2019 18988
5859 6940
6947 6968
905 8208
1560 11430
18601 19016
10386 12599
6139 8600
9196 13919
6024 13743
1595 5181
4813 7009
4647 5497
3554 15287
4050 7994
3227 17884
5499 15243
1754 9683
7194 8248
1560 13562
8377 11749
12008 13225
9371 15025
3897 5492
8589 17526
2713 15030
6982 19330
1160 18060
974 12245
11262 14422
8630 9600
16567 18411
1667 11273
11398 12091
12916 19579
1234 6110
1549 17428
4924 19145
15554 16585
2888 5137
9236 14582
13536 18600
6589 12361
147 17007
7560 16412
4544 17273
4111 14343
1233 13148
1492 11792
4149 14767
938 12505
7297 10986
12858 13086
5257 5914
10132 12679
4155 7439
7391 8646
613 5087
12301 15143
12074 18593
7545 7565
3414 4623
1507 9270
5465 11720
8271 10951
252 14897
2401 15871
5653 9480
1742 12154
3867 7017
12239 18729
5585 10302
5870 11174
124 9192
4352 17799
2687 16851
71 4534
2918 7696
2055 15749
1532 15635
4577 9819
15909 16036
66 4716
6500 10435
15726 15847
1314 15206
12838 13236
2401 6945
9885 13252
13841 19334
9932 13255
2367 16202
3626 9885
9697 13577
6043 14746
8805 16124
7374 19313
8459 14099
2141 15246
1821 19231
361 17636
13345 15165
747 3662
14462 17499
4509 7869
6366 15073
14324 18480
8210 12554
4785 18143
4462 16855
3390 8576
12330 16465
728 11781
9500 12389
7690 12404
4884 12034
7897 8191
15650 18470
6631 16423
12273 18085
1713 12503
1448 18710
3099 14840
2984 13843
4996 11222
9235 18248
15171 17875
3855 9727
2842 16893
16359 19086
16086 17846
10253 10479
4330 17541
3963 9575
1896 19402
5259 19085
4867 16336
7355 18750
8101 16104
16304 17746
11654 16829
3610 4569
10304 16943
7645 11599
1917 2002
8883 9754
13556 17097
7455 11226
2472 10251
6195 17211
10584 15698
4526 6501
914 2100
4179 11656
4124 13765
17280 18428
4464 10211
14391 19631
525 14442
444 12009
7117 16269
17045 18796
10228 15909
2840 3611
483 16463
10032 12219
553 17570
2203 13331
3673 6125
3700 12250
4973 11532
14086 18708
3402 16864
7258 13378
944 9110
7370 14846
6310 17323
10789 13244
3737 12501
7943 9988
8418 16915
4747 16242
9558 15782
6530 7032
9637 18541
4193 12283
8276 11617
446 15813
11176 14814
1782 3115
14865 16110
2513 15530
10769 12889
15952 16757
2446 18235
4363 13588
7206 15071
3653 14173
5363 19131
14706 17460
2294 4153
4796 14845
732 8167
2186 2910
10032 16346
3846 14379
6126 10364
2521 9255
16398 18800
5813 11586
12128 17595
10363 15810
9555 9724
10577 18990
6652 15233
7548 12395
783 7105
4098 7287
1168 9478
4711 13561
15585 16699
8308 18234
15425 18232
5901 13499
1259 9483
2216 11985
1308 7551
2357 8315
689 6867
8909 11354
14438 16712
293 15441
12035 18271
3838 18981
3855 15527
6830 11950
6252 17229
5827 7741
12132 14078
704 7349
14767 18166
1505 14302
14028 15565
12320 14148
12513 14302
4460 11387
800 17376
2822 19169
5510 14768
8007 14436
3684 10888
3273 11340
9324 15076
1097 3836
5225 15956
9457 12911
9746 15536
13345 17294
17857 18205
2119 16951
11719 15713
648 13189
10724 11097
4536 14655
4027 17964
10345 18453
12564 12814
5091 11758
1206 13428
9624 18056
14650 16958
2325 7616
5621 15775
5640 10511
665 13716
11676 15505
6953 11386
9825 13229
723 5404
3836 13916
16541 17117
8188 17342
3270 3320
15924 19541
1623 8467
9480 13210
6098 15155
7573 12809
3336 17966
2454 7803
9182 13956
5389 9407
9116 13361
442 9734
8123 11618
3228 8638
5270 10825
9993 15657
8054 19519
10677 18416
3747 18037
11712 13395
293 9458
9143 18407
4786 7812
8074 14482
5796 18688
15517 17001
16690 19205
1447 4867
3265 11949
10105 16265
6840 18672
1313 18428
2037 6517
2894 17174
841 3029
1684 7449
9679 12398
11203 16027
4150 16703
2766 9472
15026 17900
707 14034
2167 6843
3747 14703
16463 18352
9541 14930
4810 11626
11382 16109
4488 10299
12602 15493
6870 8790
17557 18883
2969 15220
7076 10311
5429 13091
5559 9872
18 5513
10575 10978
14621 19482
12435 17396
2860 4340
4946 8410
10045 16495
11675 18346
3200 11700
13202 14868
11719 11914
4113 13174
1398 10226
1166 7678
6004 15765
10440 15113
298 3506
17324 19642
7072 18929
776 12874
8631 17854
14155 16027
6956 12578
12090 18656
11571 12940
2552 2845
3847 10246
8916 16442
4530 7000
9704 10637
3238 15138
11893 19197
3630 7295
2962 7104
3588 12530
1430 4428
3380 7481
16187 18333
11166 12039
891 13632
13726 15606
180 3483
1429 7304
4779 5045
8026 8417
3471 14149
9831 19253
10559 11235
1904 17176
6513 13010
1540 14599
6698 11061
3632 9451
13046 18533
8936 10622
3366 5128
12957 13973
14329 17456
5174 17521
291 17363
16459 17626
14385 18344
5516 16327
7818 16800
4756 11676
3220 12888
10182 14925
5709 15532
904 12306
7683 17917
719 7885
7907 9921
8787 12746
2894 19060
207 10777
5704 11824
5595 18439
16758 17143
11456 11608
8022 13925
15729 16383
17131 18822
462 15400
3805 12638
13690 18560
7346 9819
3590 15992
338 1710
2124 10038
1771 13151
7316 19355
10166 11617
4301 9540
3395 7349
15669 16294
8471 19638
921 15466
13886 16171
5645 9443
8238 9029
5199 9594
5223 5241
7566 10498
5920 7937
654 769
7201 14438
10107 18255
1341 9183
901 17502
7872 10853
13588 18634
2810 9306
738 12068
12043 18389
3956 19164
10888 17968
1076 8880
18580 19624
5696 7011
13396 16419
5489 10339
2818 6608
8730 13080
12519 16375
2127 17939
8888 14136
235 17373
16720 19700
2982 6912
9995 19580
4037 6721
13261 14843
338 15402
11116 16451
4356 19146
2543 6118
1047 9626
3723 15375
1127 16109
3574 19612
1293 8814
3279 13164
15766 17550
1584 14419
787 18681
4743 14389
4523 12842
11658 16522
7467 19193
1990 13625
3178 17057
7405 18590
14085 16300
437 9691
7285 8780
3250 12101
1527 8577
4173 8193
12362 14729
2276 16005
11515 12578
1656 7089
15439 17564
3977 10970
16800 17196
6232 8194
6256 7507
5853 13418
2147 13674
6180 15236
4988 16896
3887 18703
10845 18649
8585 14990
4662 11330
5120 5897
9121 17964
5769 12597
3496 6560
3214 6287
1942 14440
6101 19054
10785 17869
12805 17025
2403 7061
6683 11678
16254 19434
8395 15211
2560 15026
4581 11547
10084 16759
1659 11206
5128 7444
3400 7630
180 6843
15296 16169
9755 15601
836 19177
11874 19065
9822 14631
5641 19211
15776 16541
1415 4972
6520 9398
8206 10548
1138 5905
5222 17063
17422 18985
2546 13956
102 4996
3367 17615
4481 9580
13590 17234
6698 9103
11103 11644
6620 18790
7995 18801
850 19390
5214 15384
9957 13912
1287 3101
2847 15998
13163 16014
4914 18096
16089 19644
3708 5388
3550 7922
16427 17791
1277 18674
691 4075
2317 5376
13137 18347
10079 14562
752 1135
11701 14740
2995 3101
1089 11145
2783 7972
8682 12241
7936 11550
3741 10632
5268 8484
806 13703
7498 17450
8473 10238
732 8212
5647 12822
4930 8904
4309 5237
3730 15820
6107 17240
6531 18088
8387 14925
9050 11116
3917 18955
8046 10481
14184 19474
4339 7533
16795 16923
7594 9537
3687 4995
11024 13149
6196 14855
10236 14654
5149 14601
16579 16618
9231 16804
12891 19280
3664 5781
6720 17421
739 6659
17646 18433
3028 18026
5168 17306
1067 10231
3598 15054
12499 12636
4723 8682
2048 14787
4430 17134
5732 11979
12649 18736
7843 16453
11105 19621
3679 5061
7350 12973
8100 12592
5241 18327
6035 13039
1057 3135
12924 17088
3914 8064
5821 14014
4627 12968
7464 18769
5831 11705
4461 12761
6052 7118
3153 18367
916 9547
6105 18326
10654 17089
11439 14756
16849 17070
4483 8954
15423 16171
7111 8338
6929 12423
6931 15288
16308 16505
1138 18566
71 13635
7990 15950
13109 16261
13763 14200
9782 19402
8222 14510
1167 13789
1869 11499
15619 18001
5028 15830
6016 15387
5975 17625
999 4789
4119 13352
11137 19265
11214 11359
6837 17734
5331 12315
4078 15493
5988 13981
4431 16518
3781 4768
595 5672
8551 10665
1593 7575
14116 19703
2497 4512
5363 18664
12089 16611
616 6336
3659 10900
7974 10001
8101 14236
4865 9396
1420 7629
5892 14185
1240 17959
14395 18986
14 10536
11333 13244
8985 13642
18070 19387
2479 15340
2310 5500
3771 9593
5454 16474
12130 13886
8870 13778
5788 8630
6439 18773
1489 19218
14563 17047
1862 17168
3306 9196
6861 15518
4657 5484
4492 18450
560 11503
1408 17537
2824 11602
7307 15077
5195 12050
5429 7649
882 8339
741 19697
2374 9941
10745 12608
12110 14013
3945 16436
1013 9176
3246 16040
4086 14676
6596 12196
5179 9116
3024 13000
6580 14427
461 11298
2855 15307
8766 17416
9313 14582
5918 7167
5068 6166
11833 17697
59 8164
4272 17714
17434 18620
1187 11154
10545 16584
529 8974
926 5508
7965 12823
2881 15260
5593 10699
9030 13095
1224 12655
12091 13938
3346 3970
33 8724
9337 19093
9446 12024
1467 15241
5238 10539
4989 16724
12306 18521
5659 11629
12603 14324
9109 19028
6494 8084
7569 10155
6386 12340
18615 18639
26 16600
1318 3938
10348 14912
11269 16243
8635 15762
12330 18532
6778 17724
2462 11389
2221 13607
12253 18041
12510 17984
5118 7644
128 16314
11050 13489
11718 19338
1805 7208
5683 12125
12227 14663
12543 19394
11408 19218
3407 5165
1511 19070
10965 17058
501 9561
3287 15929
404 14954
13038 13322
9258 14009
11992 14366
18202 18652
10915 15796
6588 11559
2009 11411
13841 18767
13877 14756
4483 9446
6864 13564
2606 12829
11458 19298
11578 12807
9655 14493
8394 17107
4005 14529
6193 13975
8351 16996
1887 12785
16790 17533
2144 14062
15794 18463
9389 15753
449 8555
1970 2656
319 8289
6016 9456
10365 12624
7971 11874
5909 14568
2822 17911
6967 13668
7464 10613
4058 5927
16446 18319
3620 11648
10015 10900
14080 18874
4154 11392
1697 6512
5393 15637
2371 17947
4764 18917
3255 5827
15240 19562
9031 13963
9580 15928
630 2943
10689 11717
14193 16239
10428 12355
3788 16117
7241 17069
15994 19009
7387 16357
3427 16225
17563 19163
1392 13207
4112 16974
10819 18425
18163 18947
655 2687
2759 17242
12004 12084
5066 9388
16237 17969
7215 19497
12651 14794
7597 14490
9843 13873
2720 15572
6069 10370
13810 17390
1401 8896
11666 16716
4567 17458
5654 8167
10437 16685
13424 14632
1133 5207
3204 19441
11711 12934
909 6402
538 12283
12856 16816
86 14320
7707 10576
766 13478
10951 17942
10242 19572
2916 6659
7319 9124
920 18669
4353 10807
7919 19194
3362 7328
3384 7449
7096 11711
10614 10754
359 17424
5951 16751
5260 5892
11950 19666
4482 16060
1137 12875
7907 10581
1128 7453
9427 9562
1070 5736
2353 4307
7761 19277
6509 15776
986 4444
468 12587
7971 18340
6289 9365
9035 10966
138 4006
7567 10246
1369 13869
12624 15931
2676 6377
2492 16255
10310 19509
2053 8970
17039 18070
310 5478
8025 19641
16003 18888
16166 18869
621 10889
3725 18506
4464 7327
11203 14385
5554 18505
14846 17000
4450 7489
15951 18587
4314 15971
5255 9243
5040 17313
2232 6115
8755 18604
5579 13585
8375 19698
6470 9817
1846 10649
15800 18608
7436 10523
11712 18025
1326 16639
375 7775
210 17719
6268 9251
1044 11042
1033 2123
1179 9318
4473 17260
189 16229
10387 12708
15229 18503
4601 11597
5198 10030
525 14725
2092 7884
4934 11848
3698 8161
4308 10824
6441 17883
6271 10666
1645 7336
8094 13847
7105 9201
11021 13369
14589 16672
8309 10982
7338 8476
5026 15244
10246 10692
598 17259
11600 14489
775 14038
4793 17607
2397 8651
1062 18929
4679 14494
5706 7639
114 16400
2708 6568
367 3544
5722 15498
12493 17336
485 2024
2434 8699
2912 17643
11452 18243
6033 12288
1566 7391
14032 14261
2441 8175
6296 11396
15705 17261
8301 9922
15867 18092
11067 13912
12278 19231
4528 11473
6811 7555
6188 12657
7912 15677
1718 3836
3427 9123
9644 14721
7969 19490
3262 15138
11692 17198
6229 6348
3715 9336
8760 9973
2462 10302
3761 14708
12875 13776
12242 19515
2130 17494
9751 11316
14849 19283
9310 15560
2947 6609
3657 10956
4174 14494
7433 10919
877 15400
10464 16488
2407 7180
7482 9916
5844 13582
5630 8465
10324 18545
1297 2327
1861 18638
685 6344
6310 9228
5314 18312
6 9646
225 15603
5418 13271
892 9127
7917 16463
10738 13744
1321 8529
3359 5499
8535 8836
345 7864
15534 18703
125 14699
10527 11120
3988 8835
10536 14474
5102 8764
9012 9146
3194 10842
8521 19489
10913 15020
12224 16232
6254 12583
1383 4105
6040 9027
3460 17891
3030 11940
1642 7037
884 17297
282 7851
15377 16369
10393 15067
1061 17391
2874 6469
11415 18708
3932 14891
5615 6064
5466 9855
16 19208
5842 11151
12239 18203
15039 16845
6309 14614
362 9739
2902 6164
343 1597
7167 17226
1202 4688
2753 7535
7466 12717
7436 17067
9359 12684
2839 13289
10290 10853
7402 17913
13146 17005
3639 13454
2983 19004
3760 16163
11789 14503
339 2373
9596 16483
8962 17621
1167 2925
6509 19555
6255 19199
5721 9943
10803 13858
6450 13025
3893 5432
5890 6371
9249 18049
7484 10780
18232 19631
9263 18245
4008 13421
15094 15722
13294 14530
934 3383
1619 4849
1157 2542
6647 13406
1766 14962
8084 19579
12263 16506
10571 15359
773 17323
15251 15729
9470 11849
6886 11097
1760 3598
1279 1856
5557 14793
15410 17236
12127 16451
2721 18653
1896 8450
14793 14796
3192 13330
4476 17503
244 18082
5929 17324
6083 9143
13545 19016
3826 17406
8395 10351
11567 14101
3956 13303
7551 15600
537 10872
7114 9233
15997 18838
14610 14711
9009 17260
341 6681
7121 18327
5732 14754
5366 12691
6269 12607
14905 18280
12176 19531
12059 16446
5474 8513
4665 14597
1391 17463
12724 13327
626 15094
4703 13131
331 11705
11050 12167
9376 17668
11608 12014
10910 17679
7787 9268
9648 19104
6057 16357
2765 16093
10734 18975
12410 16601
3583 10757
7314 11765
5056 8957
12933 18087
6625 16385
10847 18889
6938 17062
15612 16124
11334 16314
16710 17830
1519 5876
543 1364
3133 5013
5359 9387
6496 15366
5605 7108
2414 17444
15617 17011
16284 18128
13372 15950
7037 17585
1288 17856
1871 15185
4310 19633
31 9182
5417 13760
4746 9158
7385 19469
2452 17059
9523 17779
1249 1396
82 8172
581 3484
2297 15048
1818 8336
13027 18607
5282 13410
1858 4884
2426 13018
11911 12181
4828 8816
2899 8343
2359 19205
14814 16022
15905 19284
10839 12516
4458 8470
1344 16149
1992 11791
6033 12847
1808 4991
3485 6862
1262 8155
9977 12799
5128 18589
3145 11369
5239 14928
8990 15056
1133 8179
9744 16963
8924 16742
3042 10311
3660 15144
4858 10455
1361 3256
10374 11523
11262 19692
1095 1134
9350 15439
4108 14512
5358 17070
10862 15248
8439 13787
1937 13227
10788 15459
10500 11597
3708 9155
6269 17963
635 4238
5288 10634
919 6743
13937 18173
14108 17697
5746 13766
11266 17241
16972 18990
11113 12954
6181 8290
7371 12984
11773 17527
9429 10888
9121 13039
4741 6125
8096 11671
5266 17308
1778 6508
27 11703
11116 19256
7253 11712
4638 15338
2693 14877
14044 14263
7316 17347
10498 14708
466 19363
524 4969
3062 14062
10154 11457
5836 12500
13082 14254
10131 10506
1055 5021
8940 17460
9220 9758
1664 18091
357 6357
3709 5874
3906 12825
6956 13905
8840 13408
1142 2606
958 4760
6539 15362
778 2790
12056 15686
1690 12496
13004 15209
10948 16989
3813 16725
6950 13657
3356 19629
12187 14882
1334 14216
2128 15307
17066 17415
9243 10844
7376 7514
8631 13879
6052 19593
15005 16769
7046 14519
1385 7960
2706 8257
9595 14967
5562 5831
11331 18906
13182 18529
15007 15492
5894 6593
12800 16796
9040 19475
5119 8452
7989 16156
5747 8911
7246 10241
4787 11627
4228 16727
3925 14757
17323 18226
9188 18762
1413 2718
1767 18540
12741 14161
347 19178
3254 7202
5463 7899
4773 7872
334 1510
17757 18808
777 12104
12850 15283
16720 19248
613 11541
4033 18249
12518 15782
10067 16154
1214 15069
3466 17697
13160 14645
9267 17359
359 14519
13706 13746
2526 9980
1774 17753
7792 8054
15254 18164
15345 19573
13375 14752
5278 9520
700 811
4475 13317
2298 17122
13737 16180
923 15360
9609 17195
4368 16530
10123 15300
7050 12785
6707 16543
13111 19453
4595 11218
7696 12679
13503 16683
462 735
754 14322
4681 10361
6191 18586
4893 16532
8303 14912
6326 8062
9745 18063
15253 15274
7660 14617
5020 12706
8756 17701
12607 14525
2586 5356
1863 7303
13091 16627
7205 13626
1200 14027
8616 10564
5465 5659
11568 19417
8961 9380
6958 17397
16289 18542
2056 13572
2179 11552
7788 17805
2138 8899
9720 14292
3845 4137
3570 14582
8056 19474
815 13028
8528 13293
9389 13829
6568 14078
6723 17776
12380 15525
6684 11980
676 5801
6595 7817
1786 18443
6929 7834
11270 12642
1420 12175
7220 7846
9678 15819
1170 6659
6964 13877
5026 16239
10222 11487
12703 13672
18356 19631
12273 13664
8988 9068
9750 16819
8813 16363
558 10589
1956 4046
5720 12519
8679 18337
3039 13691
6753 18440
2430 13597
6497 9420
7069 19702
12129 12803
14058 18546
1286 16088
5047 14954
2506 17534
2409 19055
2787 15753
10906 13191
3378 11599
18901 19437
9142 13312
604 15679
4619 12820
15822 18670
1345 19591
1706 6478
2962 7737
3075 14338
11810 19294
6309 13915
14801 18596
10059 12117
7396 17767
2898 17582
16783 18700
2057 16139
7308 15896
3822 9760
11379 13040
13432 18049
1079 19379
6128 16022
14000 16369
8237 15452
10441 13006
8193 17545
8585 19572
8573 10525
13750 18210
7345 18698
5550 9492
12142 12855
9219 17808
14590 15464
5456 9593
2875 12217
7709 19461
109 8372
2933 9960
104 14106
14912 16198
597 5538
274 13325
12348 15475
9575 12540
7481 17543
3128 7061
13623 15682
3682 4101
9290 14153
6707 12732
8168 16985
8098 11186
3706 9579
8798 10265
7262 10654
2684 10485
12814 19404
6174 11601
4963 14999
1126 5580
8460 12277
13335 15753
2360 12836
17635 17979
1115 9359
5600 7697
1693 14411
9958 11723
10249 19411
5436 6907
137 4791
11845 12133
6842 18609
4784 16829
1779 17694
9031 17956
3103 11151
2332 4970
11123 15937
11322 14161
2795 10375
379 17854
4436 8265
11343 12195
1461 17469
6333 19213
5421 9229
6885 11519
5778 11222
6550 19392
5629 8762
1190 6614
16184 16247
16398 17604
3681 17722
1287 6282
2400 8676
13615 16813
14559 18809
5258 16943
4979 11153
8886 16228
10285 18770
2104 5530
16048 17045
4178 13912
3737 10395
3479 13668
5113 19532
423 11485
16939 18425
545 15290
10645 14371
10994 14957
1780 15924
3124 18184
10647 18011
12841 17782
7740 9568
13237 17111
11138 12668
80 1244
9839 14111
1361 18828
7947 10682
10472 12190
1233 11361
15853 19703
2359 9890
10796 17693
13750 16828
1514 17511
256 1387
4820 10114
9267 13005
14549 19564
4545 9764
4247 13675
13125 14872
13423 17082
6524 10338
3982 11455
4832 11151
182 2311
8560 8951
2125 4717
738 6009
15064 18486
4845 13047
814 4297
1052 13874
9623 16845
14996 18688
4212 5072
8779 11028
15701 18420
11456 16608
17 4672
2105 8442
12335 13137
628 13196
3806 16348
7113 19689
17061 19059
3506 10796
3154 7721
18 18107
2214 7665
7463 14643
279 7139
4953 6159
3133 5291
15139 15519
6395 19062
1803 18080
761 12229
4467 4699
279 4891
282 2449
6053 10843
4231 19572
5744 14067
1586 16921
6814 13740
5640 15261
5349 17242
12606 17601
2488 6711
7635 9524
13641 14656
1907 5178
5957 17249
6910 16725
7972 19301
5146 9759
3727 5337
15447 17785
5427 16649
6579 17822
5081 11722
3930 16797
8124 13793
1297 3819
13551 13596
6385 14917
12533 18369
7072 12666
3735 4094
13087 18900
13173 19274
6228 12160
5909 11081
7699 7976
9368 13716
3043 19629
12018 16221
11278 17111
6432 6496
7284 18837
1727 12274
3257 12736
1869 5165
11197 18972
7783 9915
7485 17879
11830 19018
2415 2921
11690 11826
6257 12811
8094 8822
15507 15633
112 2224
640 12638
2164 8540
3318 13978
5198 10099
17635 18442
18574 18585
8395 13561
8538 19591
1341 15757
14489 15376
12088 15377
7156 9035
563 16704
8014 17591
8656 14271
12653 13537
8528 19061
12327 12655
955 15065
5603 9465
3101 4714
13845 17908
7934 11640
14631 16164
3783 5393
12336 15532
1907 19274
17335 18995
5225 11880
3014 13385
13271 14108
12525 12782
2627 3280
12814 17604
6730 12615
2521 3756
7413 12730
11126 13134
252 14438
3950 18984
3037 3665
2156 13344
4536 10090
685 12320
327 4469
2553 4493
4179 7520
2340 11274
8365 15358
3365 3549
11491 17851
2215 5182
1110 14530
12851 16257
3943 6126
3200 17415
4462 18895
802 12506
9808 13379
10132 12499
1271 2573
15002 18475
9930 16580
7121 18934
15372 15911
2232 18959
11562 17685
14368 14659
11890 15199
5681 7436
2733 18975
8852 15116
29 6980
6868 9594
2779 17085
14637 15737
2210 18770
6500 8938
7527 15795
6558 8171
875 9667
3667 6574
5340 6121
4745 7765
2956 17535
11591 11697
13805 16048
12307 15549
18292 18673
13943 19638
12755 17066
7907 7951
432 11783
3728 3876
7388 19174
5007 6703
5801 11579
7410 17511
8675 15987
989 16239
2981 17928
6113 18047
12842 15085
1614 9706
3613 11509
2784 11095
2692 18090
5793 11956
12474 17852
11666 16332
15564 17621
1396 1500
4854 15538
71 8869
8001 19540
8543 16807
4924 11323
3956 18014
5792 15838
3011 5426
217 15366
1103 3668
7498 16993
4416 12570
11324 13326
6182 10878
13497 17987
4004 8496
5828 17275
5662 14807
1201 18290
8584 11259
11844 13566
4635 13368
7263 8371
2957 3492
5413 5484
4695 15378
4307 5999
1607 16901
6440 11710
1851 15208
5934 18139
8550 8690
2443 15465
11746 13039
2495 16621
1532 14903
1791 12637
4177 7147
3738 10476
13119 13846
10996 17919
7336 15137
8726 11279
1510 11804
241 6337
11210 16299
1430 3117
7635 11403
8485 16401
2105 11879
3154 10901
1937 4223
11561 12163
2532 10596
2546 4011
3961 12868
2486 3716
2287 18271
15740 19434
15367 17162
2636 17493
5349 11252
2776 16113
1565 16146
52 7741
2169 10713
6445 9933
2033 6233
7964 9871
125 3090
690 6483
1160 13387
6106 17192
2554 3894
3757 18122
1649 13629
5184 11834
11934 12268
12450 13440
4158 11880
3282 13017
18736 19545
11295 11976
9951 15930
6365 16925
8808 14792
14673 14851
6882 11281
3970 15594
6975 10951
10033 15182
7686 15519
9932 14063
15956 16166
5239 11493
4236 15439
233 19586
8756 16875
13257 15311
10062 17241
3238 17095
15510 17571
5420 18930
2814 9078
10633 19027
1041 1443
3624 18404
482 1696
15435 15618
1836 10282
435 3993
1102 13251
4308 8040
9692 16357
9343 19135
1641 12098
11632 13657
3850 19474
12127 14283
327 521
13081 18703
7136 10759
1853 4475
4757 11818
5537 11304
4241 12826
4767 13246
611 12141
286 11661
4493 18711
11223 19688
15174 16303
7680 19136
8401 9200
14796 15327
52 16464
12692 16144
1417 12067
8006 18259
1657 14840
10336 11776
9960 10996
6000 10746
3113 5051
16709 18747
9271 16730
9106 11989
4495 7320
10261 15672
6465 16866
4168 6273
9335 13879
2323 14551
930 5359
9681 13916
7774 14453
6251 18948
2418 3783
3614 13537
7801 8491
14362 16707
3434 18292
14210 18640
18564 19452
2956 4804
5135 11837
6898 7263
4002 6144
763 2554
1699 18224
1894 6942
6311 14403
11954 13490
5528 11469
13104 16248
3354 5103
2104 14946
8000 16366
11978 12333
7138 7512
2235 19069
130 3618
140 11872
11357 12170
3863 6839
5974 19278
125 2769
52 17525
2738 19177
2475 15193
5399 9702
2074 2943
3181 12019
8971 9240
1592 18853
15939 18005
8733 18017
3114 7657
13758 14977
1913 2200
1893 9666
5248 14505
6462 10745
8514 11183
6872 18188
14368 14606
3491 14260
8625 16852
1239 3962
227 14785
12495 14433
951 11134
5382 10712
1526 15843
15884 18659
7615 7675
9175 19484
14602 16539
8807 17930
13968 16775
2964 3851
11527 16527
1854 7973
2249 8053
12183 14930
12772 18575
3581 8624
1856 9530
12039 18726
8826 15595
3717 3749
3339 5994
5110 18993
7101 10953
16756 19053
2650 18086
181 18076
6542 6924
5337 9566
6932 7274
4910 18922
8874 17860
5173 7288
9757 15674
3159 12004
847 3629
13466 16874
5470 7536
17416 18379
13217 19382
5376 11689
17643 18878
1824 12287
12026 13820
3938 6598
4094 18141
6646 10399
1890 10307
6875 16364
1442 12920
2570 8055
817 7037
12222 17915
2011 14389
5050 6985
4928 5709
957 11206
28 981
10852 13176
9913 18642
1140 4743
18770 19216
8169 17451
1598 6672
6919 13033
4993 10809
1798 19410
4108 6862
8348 17094
18204 19485
5240 14516
4231 13685
3969 16747
6859 19425
19076 19704
86 17987
6247 14341
2649 18260
7719 14801
4839 11513
7133 11834
5076 16142
3892 5198
2913 3922
6724 16979
2495 10842
4611 16263
72 3396
14630 16654
15558 18571
4542 17618
7386 8203
15888 19214
4933 15030
11854 19063
1907 3125
266 18443
1176 11435
6938 7797
4336 6450
863 8517
4902 5070
10913 18556
8 12393
1798 5962
5809 16208
1860 9534
1545 3126
407 13912
10250 16734
5690 8922
1321 13385
106 13069
1184 15673
8424 19321
3933 11077
6381 10562
10385 14610
5042 12102
2298 7135
3989 8566
12650 13081
1883 17560
12617 14346
8007 18438
4545 13818
1808 6002
438 14328
315 13399
12603 12811
11385 13396
2651 5415
12188 18723
569 937
2613 7313
4929 18581
15510 17701
6782 15737
5477 16830
2606 7784
1587 16319
10555 18120
11020 16783
6658 18976
3319 18303
15304 17788
4414 16809
8724 9871
6283 12068
14427 18548
7057 12052
8917 12267
3806 9416
2382 6292
2297 17023
507 18997
6109 6985
10233 14817
14577 17895
7160 7666
5535 10748
13701 18037
8363 13814
10947 19106
11783 16064
16940 17323
6585 10741
2137 16253
865 14138
9988 17212
10513 17937
1080 5366
5705 15382
26 4254
39 18631
4776 19617
6606 17217
9758 14509
16451 18635
3214 17098
17398 18216
13349 14113
2488 3821
1848 3619
8708 15351
3563 14603
10572 12618
4903 16665
9134 19474
9053 18871
6645 7364
16453 17658
1266 1969
5567 12979
588 6999
10195 18612
8613 13566
3418 13697
7018 9310
3568 16963
4378 16196
2054 13646
2650 12541
756 6039
1716 15830
1555 9774
10301 15265
13415 13684
2740 17431
12672 15889
11031 14266
11751 14544
1626 6282
5890 6995
7035 11122
4664 4932
9469 17756
7728 8334
12586 17928
15250 18797
2492 9553
1623 13847
3987 19453
13613 18668
7857 10742
6878 12625
5411 19305
2883 9738
3749 5540
6303 8093
108 4490
6940 10421
3791 19226
11348 16416
5249 7472
5565 17929
9661 15439
9946 12604
6106 17573
1062 5836
5521 7384
2758 5012
649 2514
14674 14809
397 5140
11910 19509
5707 16267
12248 14433
11887 14772
6769 9190
2744 14604
2056 13404
7804 15676
5976 17752
16326 17415
9167 18613
853 13994
10977 12075
5528 9641
3246 10620
10711 18948
4596 6349
1534 16602
13563 16834
5248 15367
5285 12381
4986 8340
1143 9362
16647 19628
5118 5549
1196 17016
5932 13966
2142 3217
7339 8795
5719 18285
3162 4084
9444 10538
1161 18176
3787 9505
567 8231
11379 14983
795 19264
14671 16641
7462 14043
1537 2771
17232 18215
3726 4924
5557 8888
9282 15188
8568 10433
821 4918
7703 19575
11849 12004
16918 17831
8395 10873
9820 17560
2744 15199
100 7091
6092 16957
8459 12274
9244 13618
1630 11455
5155 14176
7613 11616
12727 18497
4702 5798
9457 13180
5688 11766
15705 16157
12154 12872
9995 10802
1703 16909
8702 13820
11370 18253
5947 9670
5638 18697
4367 13278
3259 10877
5738 16220
2597 13008
2307 18500
1439 2975
5770 17864
12087 14341
6703 17081
3667 17675
1596 16832
9544 12108
14318 15369
8572 17765
5353 18562
520 4170
10337 16292
6775 9438
14334 18473
1375 3348
6600 17090
13591 15903
357 14981
191 13049
1212 17989
1716 3075
8135 10443
9317 11074
1823 6174
2912 12497
3200 8124
9151 15171
6323 19052
10687 10998
9254 16356
120 11165
10967 15104
1750 16380
6997 15700
9655 19106
7659 18754
4995 17478
7539 8636
5750 9028
2662 13471
1237 6360
5219 13535
2767 13703
10474 17266
7624 14486
1060 13610
6529 12794
12029 16951
443 3078
1174 7156
10820 11426
4986 17919
8346 16711
1470 5339
7548 7882
12637 12719
641 8508
4218 12950
2836 6318
5667 7125
10487 18225
5695 14759
12246 14735
1410 6547
6651 18005
5677 17143
4400 10953
16338 17544
13431 17770
13111 18749
7007 16830
3811 18391
18040 19592
103 462
2560 12765
9388 15373
5377 6582
8141 12478
2075 11421
4467 9300
3376 4515
4925 14572
6124 9826
764 1563
6050 19507
3146 5497
1707 11916
1655 16980
970 18377
15641 16428
4235 14895
368 4872
15248 18629
6730 16725
3411 16663
8506 12192
8173 8812
5059 18319
9839 12712
1290 19669
11289 17160
258 9159
1388 17810
6503 12229
5340 13260
1248 11218
1525 1908
5569 17555
3581 14677
661 15405
9634 19550
10115 18895
234 17454
241 7391
7040 18838
7684 17959
8145 9973
2219 3405
848 9373
133 13842
12648 18261
265 5688
4447 15279
12790 19498
1545 12033
10943 13921
7245 11905
6682 13588
10297 12930
10337 17813
2750 15886
3980 19000
7649 12750
4053 18275
3147 7103
2244 5161
432 6499
3138 17553
10105 19612
7421 14679
2295 6768
3238 9296
4886 6915
2262 15430
10835 15286
767 13249
6047 6712
10379 13846
346 14833
8936 9170
12951 15421
1970 18575
5168 15415
5217 11775
9117 19205
18393 19263
4830 12201
6440 10862
7689 17704
1525 3032
1157 3331
10337 16748
649 15356
11893 11954
13224 13845
8577 15123
10493 18069
19115 19199
2515 9721
6513 16152
3737 15688
1504 18425
8840 19070
7591 15951
5612 16565
3663 15169
6824 13920
1840 18318
2684 7717
12224 17823
4358 11225
4591 6858
660 9895
6210 8429
8084 14954
63 18926
12429 18169
147 16538
11473 14208
6787 19289
2801 12964
15294 16188
9411 9769
12106 16488
8377 17899
7917 11832
17583 19571
1078 9984
309 12179
3383 18146
2242 2513
2022 17844
4699 17220
1443 16633
5811 9159
533 13196
1397 9695
4809 15200
2559 14839
7258 12717
6297 8061
10268 16427
13060 13854
763 13443
9622 14024
8898 11924
2801 7520
12839 16996
2546 9899
2743 16649
1042 6338
10014 19122
11412 15163
4731 8704
15837 17052
7146 17469
1445 8458
11481 14336
4786 18556
7556 16928
8302 17416
12854 16007
12296 18506
4080 9886
6356 12091
4867 16285
3138 13557
9995 11713
7481 9724
9482 19211
2098 4302
355 6569
2198 13412
10219 17146
15148 17252
3471 5495
888 5614
9040 13970
2612 16928
4446 6300
16902 18207
2917 12628
1483 19368
368 15290
12832 13517
1990 11057
8879 11774
17558 18348
1068 2339
5180 16946
13918 18476
2394 16142
600 5165
8183 14961
11680 13577
3549 16686
1601 9293
234 2072
7824 8581
7087 16974
5411 12636
10321 15615
2711 15752
6231 9322
116 15561
5715 11156
2165 12637
16853 18395
2065 18054
13146 13616
10198 16068
12905 18833
1148 19340
9217 12621
905 18475
13600 15869
9196 18390
10920 11004
927 14680
933 16985
486 17175
10896 18016
3431 9408
5074 6204
12065 16286
12401 16246
7272 12332
4673 13557
15219 17434
7253 13125
6017 13372
3879 12389
1673 8070
9297 13421
5140 11445
999 10639
835 7168
14003 19260
11883 16130
7128 12243
4018 19679
961 10058
4785 9370
6799 9840
5341 6421
11790 16174
8931 16029
14676 14731
11785 18990
2124 3132
714 9174
3919 9267
2008 8498
8254 12254
681 17664
4136 15144
14503 14856
8347 12287
16831 19063
6828 16048
3044 4517
2585 14704
5203 17184
19171 19381
10985 17467
2525 11362
3490 4180
1705 19686
470 14372
7095 17734
1628 16596
246 9320
5526 6913
13894 15295
2869 4020
8074 10438
10692 16301
11527 13005
8897 14819
5360 6177
11396 12395
1493 9024
3709 12283
2586 2599
3745 13372
1655 12816
12703 14024
6858 13007
3468 14027
1401 15337
3630 13093
5198 19511
1978 5863
502 10740
4571 4736
13784 14314
8214 10614
3186 7404
16190 16274
844 12369
6174 8902
7640 14491
4413 6926
6933 14122
8534 18626
276 6553
4192 6607
11010 13617
17981 18985
10375 10487
4895 17155
10268 10535
1615 9649
1241 2831
11470 16968
1565 10804
3052 15215
1615 4536
4561 10441
5643 16192
13016 14403
8092 11807
10812 17093
1092 5071
10219 13287
2293 11394
16434 17844
12970 14438
3872 6253
747 19303
15051 17031
4949 16772
10646 10816
8677 15245
15034 16051
9190 10078
3700 7304
2353 6875
4266 10253
6533 9813
2065 8701
4869 17840
1679 14937
1311 1886
3820 8061
10321 13985
7962 9623
2747 13587
12917 14934
4092 8353
12767 13479
6817 19270
3049 11334
14548 16241
8462 14856
1038 2167
5013 12594
4285 13821
5971 9594
12308 18883
1062 15291
8583 17868
6642 17323
3617 9216
514 8644
17337 19655
5743 14701
1819 4958
9083 19132
8284 12663
8316 12293
10667 10705
8690 16731
5180 8212
3237 12125
4303 15552
7106 14663
3678 17553
686 12168
8475 14511
8824 14625
7740 14629
13848 16374
15741 17017
2901 6311
597 2862
14453 19053
7680 9333
10680 15272
1920 6292
11496 14309
3594 15040
18840 19161
5735 8274
409 2473
5549 6730
10236 15070
2476 9418
5681 9527
1405 4559
8832 8892
7456 9788
14070 15541
11617 13531
9143 12127
1789 11505
4270 15479
4307 7078
6686 14348
4313 19176
6996 13192
1304 18729
3137 9670
1349 13335
2913 14218
1943 14116
2015 10734
12212 17234
5294 13571
1798 8780
1503 13033
8637 19583
1174 11586
662 2767
5417 19106
3998 12580
1161 4426
9836 13030
525 11301
11811 19249
14261 18287
11624 15148
7136 14096
4228 4725
14224 18502
15809 17806
8645 14704
16359 17857
14089 18077
8151 15822
306 8637
10479 14061
2175 12309
199 10036
6087 18382
11944 15277
4285 7323
9276 14240
9633 17799
11737 19652
9264 11344
3718 15377
21 1014
3395 17553
15022 16089
3125 19629
7446 17430
2485 5804
3566 12867
13094 18589
2618 10108
5752 8150
7485 12372
4032 12136
6855 16077
7018 13066
1996 14752
16214 19059
3892 4270
4857 13240
2443 6228
3856 4698
12140 15801
9929 19204
2327 12868
5916 15284
277 590
1379 4545
2301 18992
9751 14884
8536 15667
2923 6759
3874 9949
3831 10198
14614 16620
8529 16753
1496 17454
6113 17968
9102 17502
4373 10877
5680 13624
6453 17134
5771 17031
13051 18434
315 10820
3981 6420
2868 19673
2903 5357
8614 17005
5984 9319
13025 13807
1007 2481
1653 15568
11316 13192
4349 8212
2488 18861
8478 14068
1488 6025
8827 12710
8963 18818
11137 11733
5903 19533
1489 19192
14081 14830
1847 12486
6080 18307
8098 16987
18341 19039
4567 15316
6268 18520
466 18236
3336 14178
3528 5283
3285 13607
1776 6099
7850 12506
8705 16897
8321 16767
4990 6480
1974 2888
5601 8499
8647 10680
15636 17266
465 9135
338 18432
6065 17266
443 18813
8581 18325
5580 6819
11450 17808
4877 5094
3290 14088
8546 17207
4431 15153
654 5084
2758 3016
2524 5414
5126 16037
3653 13539
6917 10932
1934 5800
6160 17703
1051 13428
1859 12995
8852 11946
1021 18703
7885 9822
8451 13705
11672 14467
5344 6838
4097 16129
14337 17205
2297 10695
8805 16934
4441 8534
5281 12670
3738 13833
5996 13858
6442 18066
8133 8972
7250 7393
12392 13677
8527 16270
3884 15421
11364 13526
7350 13070
17448 19649
1238 18558
6792 19294
5450 18076
13358 17783
6876 7525
4054 16400
9966 14606
17622 19521
12696 13325
14156 16994
12902 19181
1670 16578
6810 8296
6557 12781
4271 15562
2200 4642
16417 17146
7278 11073
8139 12585
9570 12734
4677 7538
1967 16891
7858 17049
3911 9022
1304 14342
7240 11738
7400 13012
1412 3185
4037 11464
11740 15083
7239 8308
3047 14491
441 7773
6062 13808
1108 6115
920 3509
5181 7961
19592 19610
583 5803
11763 15459
2469 3977
3517 17621
4609 4971
2569 8513
4950 5544
12110 12877
7236 12587
5516 17297
10952 13930
10120 11229
128 5195
2843 12062
2772 11964
232 7955
2985 13892
1177 13387
10879 18891
7324 8121
17534 18392
15197 19613
2849 6767
8029 15130
1218 5267
3019 3709
2183 16395
7697 8662
773 19264
7409 8964
3604 13028
2090 12197
1495 10891
9950 14485
6685 16360
2859 19058
2677 11197
2045 16379
9329 14273
275 18708
8426 10207
1103 17554
6089 17227
10328 19583
8610 10856
1690 6145
2081 19538
719 5330
2063 5350
10098 18431
12166 18925
4107 11380
137 12859
2455 9052
7139 9455
6599 11762
803 6429
15711 18979
6525 19469
8019 18681
7584 12614
2948 17019
4649 12316
11524 13582
7550 9103
7397 13754
5400 17009
7601 10291
13381 13963
11651 19590
4748 9361
5368 11309
12 2043
2934 8051
7110 10825
6548 15033
11673 12738
5611 14806
11949 16626
391 8732
1679 17468
5940 13499
13306 13311
2194 7309
14790 17455
5168 15048
7935 10566
1652 18664
2264 5690
9011 16872
15424 17148
10327 14364
569 17523
8933 18483
29 11538
3905 14535
10011 16251
4798 5801
4361 16566
755 12426
6597 9384
8143 9667
9157 12624
4737 18943
493 5977
4082 15079
9389 14059
8497 14931
13012 17565
108 15215
4065 6804
16055 17511
10961 18807
3620 14686
6879 7357
8030 10655
4889 9803
3364 11433
11584 17013
537 6820
12201 16080
4244 12525
8789 15873
3464 8604
8081 8951
13693 15548
5152 10207
14198 14971
13572 18415
4761 11936
15326 15859
302 1019
2202 13352
8761 9487
3301 5294
993 11394
4742 8261
4719 17526
6199 13260
6503 8949
4014 14172
30 9221
7077 12306
18106 18132
5624 14092
10981 18141
2889 18057
11380 14366
11048 13762
11692 16717
10052 13152
3097 10125
15872 18682
2014 10320
6925 12867
4134 17006
1596 4318
14076 16412
1694 10552
3057 12450
17662 19541
2669 13341
2674 18958
13247 18880
7514 15669
3819 15318
624 17528
14220 17700
3401 13909
7199 18196
7291 13311
4212 13229
695 5008
1055 8534
1266 8709
4099 6483
3793 6741
4469 5003
18048 19008
7589 7990
13761 14855
2671 11120
5242 17277
6071 16452
8147 14900
2418 16586
2153 17712
4303 11457
9697 16734
4512 15287
5557 18367
8046 19134
12208 18440
7721 14180
12465 16669
7537 11976
4443 15896
14218 16933
2986 18400
11391 15903
14054 14280
8971 13139
13053 17549
13583 18298
8293 8452
19172 19700
3539 4170
6639 14943
257 9533
4960 19422
5033 10012
13730 16126
7200 17494
517 1588
4997 8824
5728 14940
8121 16986
6711 16595
2446 15143
5922 9254
9197 14397
126 7873
12763 16722
16637 17686
4530 17723
17201 18454
14481 17893
6703 15063
1830 14652
132 2387
462 2523
5689 18473
6093 19332
639 6685
5990 11910
10909 13592
8249 10659
5343 11218
4729 17635
4082 10583
3707 17706
5385 12999
12164 18264
5175 6486
5009 9964
17241 19519
515 9634
17590 18243
10283 16160
8291 16775
2451 13567
2469 13213
5439 5782
6642 7863
1431 7020
6341 8487
7211 8507
6609 18404
2415 3164
1574 19136
11720 16273
7081 10017
104 6163
3044 6337
15161 18794
12004 17902
12465 12804
2379 4371
9627 15191
941 2171
3959 10166
9305 17835
6226 14943
8481 11285
987 13058
7992 11960
12044 12956
7611 17498
8060 8062
11252 11409
2054 3549
6010 8007
11482 18291
16461 17085
694 19275
10449 19104
7053 15457
4536 5736
12607 14227
11787 15948
402 10928
9963 14230
16513 17012
17172 17484
1147 12537
7315 12487
12998 16500
7915 12820
13965 19541
15905 16178
3432 7395
1085 15277
5011 19653
7316 19599
3899 8676
1069 5402
396 14118
17263 19226
10879 15788
15193 15969
949 15033
6877 15690
950 5471
6903 16388
1240 7973
5552 11742
11392 13427
1622 16548
3744 6059
1832 6817
2602 14796
4867 7551
16083 17474
1358 1644
2599 15143
818 13606
674 806
6928 15043
2232 19324
6380 18552
2258 15262
14131 17378
2102 16335
12887 15949
12669 17532
1670 4807
9546 12592
9965 14749
7022 12286
11580 12538
1293 5268
3625 17196
2390 8840
12679 16839
13679 18246
1606 16274
1574 7880
11308 16798
11288 17517
1382 9634
17231 17421
950 15018
16358 18904
1862 10207
11260 16434
539 15808
4213 15100
15154 15940
6378 11995
3085 11757
6124 18613
6016 19452
6180 12879
2987 14136
5249 12494
13739 15717
17823 19240
3816 17692
3205 11689
12332 16505
9241 17218
1905 1923
4445 5235
6113 6687
9870 10259
12914 17754
7079 16165
2212 8994
5204 13327
2469 3843
4212 4571
12075 18514
752 13081
3028 9189
12798 19113
1124 18126
3786 4204
499 1785
6776 18006
4745 9206
7903 17933
10011 16254
15077 19343
3796 16183
2288 9039
1607 17330
16290 17979
15918 16702
2379 17373
6399 13769
5922 16304
11755 19086
2268 5772
14535 15948
9080 10052
1045 13427
3214 11943
12631 17440
3077 19174
11583 13623
9272 14143
1139 2264
12413 17352
15585 18267
3092 5025
7720 17487
351 17133
634 6353
7310 13466
9501 12346
623 3715
9012 16849
5026 5530
11036 17123
13433 19707
1925 5076
5319 8012
8593 17089
748 16839
13727 14952
6818 18255
11990 12036
8090 15260
1494 4302
347 16687
13126 19573
12202 12307
3443 10414
2087 16649
5375 18570
4161 7373
1030 11068
19543 19657
10535 13300
12121 15750
8162 16433
3768 6457
12360 16815
10496 11714
1224 13799
14344 15786
8083 19370
18597 19234
17288 17377
6319 8523
5541 9052
3418 9588
2446 5455
8395 11066
1210 6340
8911 19096
979 6524
10351 12085
1226 7180
6418 15596
8142 11862
5968 15169
11281 15799
5164 11542
497 8237
7341 7804
4871 12448
6816 8241
5031 12912
3977 19284
1372 2540
6202 18492
1208 5993
3205 11657
17444 19030
14434 15532
4620 11063
9892 10488
4440 10546
11401 16582
14084 18554
5905 17316
10579 17327
11717 18610
8075 12823
626 933
4432 14837
558 12386
2273 5747
3003 14549
4702 16939
6439 17458
14770 15695
13769 16848
413 6513
7229 19269
8698 9932
5910 14482
11097 17874
10678 16421
1436 16929
6175 9455
2701 11000
841 18813
1707 3678
2828 5347
13046 15459
8746 8840
5982 8844
2188 5674
4169 9248
5378 8945
6012 18804
2329 19325
13728 14273
1321 12723
4532 16441
1139 4338
4522 14363
1310 2500
7551 17307
7324 16530
485 5526
11553 15485
11955 19212
787 18154
4288 18396
285 6431
390 2478
8962 14825
8904 15565
15316 17044
4283 16364
6326 18749
1170 2535
736 17656
3524 14115
14257 18383
107 11789
447 17218
568 8064
5901 11404
14430 19020
8229 8989
1164 12955
8493 10147
5187 17478
13856 16104
2687 18934
4182 5798
3354 18461
6860 9663
3038 14214
13142 17799
11872 17071
1330 2246
12509 13841
662 3568
1194 18992
2150 7746
7159 15927
5405 9483
4485 13256
9146 16839
1403 15228
10282 14020
6214 15174
1045 6269
1209 6572
200 13173
8827 11573
8624 18147
596 1731
105 17469
6742 7417
8854 13725
2423 9699
8068 10376
10877 19249
8460 12823
2115 3492
16998 19082
8440 15517
3832 18805
7921 10525
15317 17482
4691 11977
8460 19454
3411 14605
11174 15570
2461 3313
102 10926
1990 5404
9687 15306
2447 5455
5127 11631
17881 18765
3605 7762
1447 10478
14013 17042
5744 9289
3680 8233
12580 14543
603 17378
1039 14331
5073 5768
4250 9842
12466 18522
14117 16193
3921 16279
2207 5397
2406 18268
961 7754
4101 19382
13358 15910
6540 10749
2836 6646
2323 14047
2331 6842
4547 16093
6580 11774
2869 16540
4837 18017
1004 17165
3207 10873
790 10199
5437 13048
13986 14468
5488 11774
1300 12389
10216 17288
13525 17909
2554 19105
14861 17147
2261 7849
7397 11773
371 2182
9042 13812
78 3858
8551 17649
1154 9472
7077 11728
10983 17823
16522 17537
4881 15335
708 14341
5257 15018
9210 14450
3336 10361
1904 13334
1941 4681
4801 15174
2970 7398
4650 15987
1045 19499
3731 15326
5760 11318
7181 12685
12145 13843
4886 19263
4077 15386
2616 10591
796 13775
3693 5241
7912 12566
9601 19597
4495 10643
1004 3595
13260 17524
11534 18102
947 7238
11637 19237
6753 10059
243 15933
9330 19151
179 7615
13734 16760
7627 17835
13477 16408
5010 10541
7658 10510
6733 19234
1201 5902
13872 16197
9731 16682
2411 18717
144 17123
12556 18852
290 18324
511 7603
502 17909
2740 8659
6276 17113
2955 9402
3192 7841
6033 12916
11874 15029
953 9195
1514 1822
11113 15905
18551 19287
5834 9147
7711 9472
17183 17402
984 2174
1867 5810
1526 14997
13481 13684
8921 10831
5610 12034
4830 12968
7552 16835
1710 3564
6074 7373
3561 19223
6843 17610
13626 16336
1114 16352
9315 15237
2373 4791
15875 16423
540 3590
13091 19308
9498 12247
2392 16243
6056 18449
3865 5543
15327 19133
8521 13313
3901 14393
3809 16663
1470 3147
12634 18566
172 1653
13714 18361
2753 6998
13448 18278
13863 19517
9482 10064
786 3422
2648 9737
117 15085
7324 16584
15540 17610
3632 7304
9224 11508
6191 15180
9918 14434
82 16984
10190 18310
6838 10907
3997 12508
3720 6605
4770 19351
4840 5771
113 13390
9130 16884
2408 5112
6515 7146
15999 17793
5375 14687
13410 14736
8611 11592
6084 9548
4751 16029
1418 13794
1670 10684
3894 15868
4286 8310
14214 17847
4562 14574
3872 14485
8538 15088
1421 2963
965 18185
7859 16451
3887 13359
10404 12830
4629 16230
3483 15420
5538 16864
19065 19588
12020 18844
17219 17708
5664 8483
7317 17931
3641 7935
26 19155
7534 12882
3920 18839
2687 19529
8725 9726
6472 14501
1294 11406
3177 15144
87 6415
13383 18680
4727 5562
987 10665
684 9340
10151 12162
1266 18702
11697 15257
15281 19429
6917 7892
7749 15029
10563 14836
6346 9122
4479 7713
935 18570
16210 17730
11879 17462
11397 18050
9838 10103
10944 17936
179 5695
12056 19706
9521 18841
5301 17889
6760 6867
8272 19355
11049 18389
2430 15655
3252 11754
3597 16904
6318 16589
10991 15558
10961 12893
14286 17636
2597 15508
2034 6592
677 18173
8452 8995
6896 11087
5799 6994
4091 12295
13600 17047
3440 9880
5014 5253
1121 9035
15996 16757
623 7675
1571 9006
6723 16773
5231 19150
49 5870
3813 5286
6579 7334
2808 8491
4710 6813
8251 8486
4804 5851
483 14239
5335 13887
1934 7049
3678 10566
2895 6297
5331 15041
970 12067
13101 15189
6087 12706
7808 14787
5390 13681
9561 12679
7254 13788
4465 14681
14154 16020
8090 15564
8663 11606
554 5958
11095 11901
11712 16551
7116 18898
15003 15310
6147 19052
5502 15206
12944 19151
5637 18118
11871 19033
15141 18249
2811 17975
7642 12424
11049 13274
438 4199
5190 12612
2857 8337
881 1710
6459 14545
3923 6507
4839 19314
8051 17029
6314 14362
847 4473
4238 6178
15805 17747
5191 14080
11350 14045
10347 15575
10868 16608
8685 18248
14168 14891
13524 19224
5353 15603
1545 10647
14916 19554
4918 5085
3330 5265
10148 14564
2500 13559
9807 13623
12218 13326
570 5301
9074 10185
12143 14319
15671 17392
6887 11418
1480 7287
11446 16751
1921 10059
14649 17780
4059 15596
4504 18349
3837 12174
25 7146
2536 8967
16832 16858
12437 13739
12438 16074
5959 16697
13351 14321
4327 4451
3995 15972
16524 18459
11776 17449
1908 11586
11019 17118
8336 8807
4673 17843
6446 11856
8395 19211
6872 16197
18393 19289
752 6599
10979 16564
1112 13271
5802 12374
11083 15139
11880 14012
17729 18421
1140 7654
8296 10417
293 11899
829 2666
770 16494
3925 18700
10065 16749
7434 11349
7370 18191
9758 12033
5148 5962
4371 16033
11072 12886
2904 19164
4634 17021
1981 16617
13302 16744
619 16362
977 12922
5351 17939
1570 18479
1073 19114
11554 13313
14221 18030
8434 15684
4602 5843
7106 10895
8533 12525
2760 14963
14258 15887
8059 17120
7459 18029
8656 11591
1030 16487
4857 13767
5194 5831
4890 5396
2867 18285
480 11863
2555 8844
6858 11057
6699 7003
1287 11461
4125 6824
6899 12967
124 10640
334 5497
4169 10959
8467 17398
10987 14767
10265 13828
12005 18452
1470 16643
6339 10581
63 5068
8563 15314
2923 14946
3036 8575
6686 12482
9071 12176
2215 19469
1404 8282
7844 10882
17194 17519
1387 2467
3296 6303
1000 11941
131 1874
3691 7644
10516 15049
15625 16454
9399 19033
641 15678
13451 17924
1524 12409
18 4635
11450 17857
3486 11603
8855 17190
6739 12946
4618 7711
152 4445
12452 17443
11652 13306
14419 16873
3191 5988
3787 12976
12593 18575
8733 11640
13734 15976
13203 17836
2237 12730
15817 17905
8720 15741
11410 19415
14912 18197
6416 7881
4694 4875
10825 18492
460 8024
4348 5714
2798 18036
4760 12745
2922 5678
12037 13264
217 3117
5801 10709
8234 10424
3052 11791
7666 18072
8397 14511
458 12627
7368 7418
168 4841
9334 17685
2811 5924
5899 8633
6051 8781
1520 14583
8968 13979
6490 17865
2605 19106
2468 19034
4204 7394
13977 17106
192 17344
9788 18593
6855 16372
5593 6270
3613 9506
6144 17755
5653 13672
796 4538
15537 17248
4055 13684
302 4238
608 8227
7137 10944
9731 12250
4261 13806
1551 3535
7072 16794
277 13494
16143 18259
8617 10514
13383 17951
8230 19253
9146 14441
1087 1606
8803 12846
5797 7597
18098 18693
5741 11270
2278 17786
2095 11674
2417 3236
9076 13469
1246 15685
3617 9155
9655 10364
1070 19174
14818 18012
15364 17199
2852 5367
3309 8314
4529 12522
6174 17487
4761 11652
2019 3390
1597 14057
3009 6342
14602 15630
6607 12955
12522 16860
4453 17296
5539 10384
9800 13530
12741 17529
6195 8551
637 14840
10704 17481
10445 16642
14258 14439
14129 15317
649 3001
532 6945
2798 14227
12060 12187
1009 8628
6492 9469
9702 15371
5590 8335
3398 17913
3064 5632
13285 13307
18694 19475
12091 19026
2891 3660
390 12873
206 18683
1913 9144
981 9091
12794 18785
6044 18801
10872 13781
967 7606
2982 5071
14566 18499
10273 14743
693 15395
8472 10686
14583 18377
2252 16731
1604 14904
3018 7300
10218 12501
2389 3945
230 2273
8797 17863
704 3489
560 13840
9978 10159
3898 5063
12547 14356
5374 19459
3508 18638
7778 8286
180 1358
5340 19098
4800 7621
184 2370
12985 18671
8658 18245
5882 7724
10200 10696
2607 19629
15663 18332
5742 15435
15879 19243
13261 15515
2035 15449
7216 18060
13729 14253
15846 19470
4700 4767
1262 6834
10738 18818
6328 12359
7573 16869
12618 19007
8086 10537
1321 12053
257 10120
4028 18584
3684 4660
4662 9766
7626 15661
9696 13146
12956 19519
2208 9453
9342 19586
7776 14824
12795 18107
3668 17086
9362 13220
13609 17393
4631 5680
1734 4602
10788 10920
3969 6959
3793 18716
16057 17818
1776 2908
3093 19072
2494 11714
11879 18579
15154 15935
2542 13142
10384 13038
3562 8174
5934 6814
5563 6371
8247 15225
8385 16436
176 14072
6353 18181
11615 11807
16083 18825
1627 3205
5079 19403
1089 13628
246 2403
5762 18418
4332 10116
4794 15421
1068 10054
1186 15669
16319 17763
17273 19349
3834 18747
6844 19189
16684 17835
15085 18073
2224 8603
476 8297
5906 14399
6290 8023
345 12633
4238 11258
599 12294
11796 18520
3576 16095
12090 12147
2237 19179
6115 11389
15056 18463
6432 17284
3196 14142
1777 2757
16691 17723
4947 10443
3725 6040
16985 18846
2191 7098
8403 15540
825 2913
12543 15049
1348 12575
1057 18040
7028 10508
3087 9977
6564 16517
1539 18059
8310 15508
9795 14486
9373 15265
3209 4388
7874 10289
510 11942
4448 19056
2148 14627
6868 7177
3837 16947
1869 19715
10335 16245
16234 16613
173 4037
7986 18823
11318 16956
12047 17383
1829 10718
880 13610
16945 17398
3531 18976
13277 14532
9749 10014
7115 15906
5878 16224
1007 2006
11456 15956
4820 5737
4096 15248
13227 17291
11974 14488
5166 9251
15358 17543
12833 15080
4931 6729
9990 19413
12339 14246
10526 12712
10095 13447
1483 5843
12087 14819
3226 19522
1791 19313
4187 12684
10267 12658
12879 16082
2571 8851
11348 16952
6240 7302
4479 6326
10211 16869
1746 19411
1456 14035
10572 15421
4626 15945
4806 18555
8497 15889
435 4266
249 18281
18912 19573
6760 8002
1408 12048
464 2963
450 1639
6735 17926
4261 8092
15859 17541
7474 14046
3281 12540
12735 15142
3487 3888
5896 9651
10975 14651
1366 15241
6223 17295
9959 16507
4989 12608
13204 15998
8816 17508
17051 18375
2225 11300
2033 2652
16090 19457
6543 15483
14307 15544
3516 14222
4881 15676
11063 18615
2835 4881
8971 13216
97 5272
6677 7455
4445 10276
5970 6496
4325 5490
1769 2505
2212 2698
5052 14639
7343 7441
12885 16523
6026 14282
136 13619
10617 16455
174 16657
6264 9303
1350 7212
11978 12983
199 18162
4968 6382
1129 9381
928 975
756 991
12055 14817
8145 8701
16165 19015
16253 19699
4475 11826
10689 13603
289 8684
3090 9716
10619 15485
9802 16985
1304 13560
4890 10658
16352 18521
14860 17387
1880 9960
1020 13405
5686 5772
5896 8788
6368 7112
7103 8455
1629 11577
13143 13295
1429 17038
15415 19227
4134 13027
703 18070
7156 9880
4952 7900
4771 18127
6795 11847
5001 5919
5997 11189
7869 17904
10767 15602
8369 9402
3866 18014
3071 16319
6341 15623
6225 18516
8802 15302
1638 12698
13732 17463
2376 14489
4644 15678
1981 5084
5586 6823
10769 10926
2135 2457
4905 7400
17675 18060
3381 6868
558 9916
4853 13647
12682 15992
6829 10584
2810 14500
6232 10942
611 7322
9853 10165
10289 15657
3646 5340
96 18493
9445 18549
16168 18556
3090 12860
1465 19230
5776 9497
8095 10121
3329 6815
12998 14764
9329 17940
8313 18788
3658 9304
12445 15890
1588 17720
9825 17955
17244 18205
867 7960
5289 15891
8302 9877
2684 12228
2551 10195
3239 8836
12112 18767
2220 14926
2014 4916
2617 17790
4758 9419
4443 18078
7491 8854
11425 13566
11048 12003
13347 17727
7389 7902
3272 10079
10085 11287
6 1182
19419 19588
5868 19597
1337 13402
4177 4780
1081 17939
9789 18678
437 7104
8909 18823
10143 15104
5117 12215
2629 10774
3774 14242
6120 17924
7747 10956
13348 17357
1641 13510
6815 13607
259 17925
6767 10387
16699 18178
1459 12249
10948 15161
8985 11266
7288 9305
14609 18794
1900 13322
7452 7855
10210 16229
6719 19082
17533 17630
11388 14971
5095 16017
7888 13608
8286 15089
10855 18535
5442 8479
10637 13734
12045 12865
1090 13550
5711 17104
11692 12186
10400 12935
5441 9329
3612 9798
2847 4963
10734 19055
12954 19421
3985 15876
4618 6934
4445 17732
1127 13932
6809 14097
2420 11925
1605 12350
1748 7365
2878 15782
1512 14821
5283 16485
3549 18751
2266 4492
12988 17155
8574 16649
17701 19270
4120 14253
279 5171
7677 15416
5825 12902
14881 15278
7789 12064
584 4125
34 19255
7785 17827
6762 12545
431 17427
13223 16209
4323 13029
7892 8471
12218 15071
5195 6133
6061 7854
185 289
11351 17671
3392 5936
997 18324
8898 17622
4154 16126
6664 18785
9887 10292
6944 18508
3746 14499
7151 17767
16304 18160
8945 15763
10567 14549
1692 17578
3755 9410
6769 12813
14239 18815
1655 8277
3318 5458
8733 14984
1958 17476
12817 17513
664 16938
3031 17294
6568 19651
1886 2201
11387 15666
15923 19123
4522 9594
12050 12994
9837 15085
12782 17854
9874 11689
255 7788
9777 13206
11842 16139
2217 8657
2034 5144
3316 17479
9292 19008
14835 18998
18874 19192
8866 11151
2288 5704
365 14365
1679 5179
13200 14103
591 12728
15053 18501
13704 15453
812 1939
2889 13492
13890 14224
2381 10035
1860 18429
9971 13343
13050 16779
2075 14589
3823 9387
14854 18635
12628 15508
4102 17591
3194 19119
6163 6383
9789 15408
12958 13654
423 18656
1733 12866
5595 12653
8170 9966
5345 11517
14751 15641
9992 17985
5984 16108
1313 11059
3697 12892
6302 13095
7760 8851
9907 15312
8437 17667
8680 13743
5494 6654
5600 14700
6057 17513
9890 18411
4434 9068
10597 11500
15717 19058
5449 8024
8888 10001
8948 13213
14 1521
9147 16795
4230 15324
8372 18647
7872 9310
3199 5186
15425 15755
12075 14560
15541 18162
3679 19667
2118 13346
5096 14414
6520 17241
6608 8849
8627 16267
70 17983
6117 16823
748 18685
15438 17685
15515 18065
5694 12160
2689 7956
2232 8899
3272 19373
3965 9152
2395 8859
910 19426
6136 13448
1620 10058
10363 12835
5947 13915
3709 3863
15318 15921
5423 19135
9912 15916
2338 16400
7287 13718
9327 17809
11474 15424
71 2439
3775 7651
1280 6361
3376 7797
7283 9587
758 15048
9495 12351
2954 12657
2313 14041
4497 17311
7792 13432
9801 18826
1475 16850
9889 13056
11698 18453
4137 17784
12626 19231
15666 16288
13058 17012
3387 15404
13993 14646
1628 13276
12058 18060
5900 17494
9223 14939
5605 18626
4336 10228
7257 10251
4395 6953
4400 15621
10640 19229
1820 16583
1019 13913
8135 16072
3027 8880
1070 16707
6866 18042
2204 15494
923 2385
6051 7085
11903 19014
1953 9976
9330 18069
13017 18217
10806 12487
9851 13762
3149 19371
4605 6234
9504 18106
1650 17416
15223 17742
13548 18483
16925 17658
6881 11806
1306 15616
3866 13240
2604 10524
3120 12606
5451 16825
3344 17999
498 18237
4898 5473
12178 13852
15083 15558
4321 5632
11290 15713
2941 8553
11796 18064
2519 11149
5857 15038
15301 16093
2543 8119
10827 18058
1467 10406
3471 7975
51 10756
1357 6646
8332 9039
7762 15742
11143 12976
12735 12886
8458 8465
11490 12654
5605 10010
1209 9949
4280 6422
3110 14434
9519 16496
5752 13651
1771 16273
954 12433
10859 18093
3153 3431
8833 14580
7134 15935
12960 17288
13438 15050
8630 14035
2009 8678
4167 7181
5919 15138
2821 3680
15441 17759
15535 17418
6100 11449
238 2007
17202 18440
4706 17572
9248 17386
6692 18795
14554 18971
4133 9790
12970 13320
4007 6182
15412 18244
5384 11022
7779 14207
13043 17507
3724 18172
13689 15354
5691 11072
8152 17388
13950 15804
14040 16593
1031 15994
7891 8588
2964 13134
6473 18270
4333 7518
5985 15016
1348 11476
16796 18406
689 2769
8463 11390
5401 10167
4560 16637
11886 15582
2455 16577
1795 11392
11687 17961
7523 12448
4957 16472
1300 10525
13747 15599
9595 9602
11752 17777
9036 18291
2723 12784
1193 7537
10121 19545
6547 14142
11080 11501
43 797
9445 14717
3849 13691
3622 8064
1919 10445
12225 12702
10608 11701
3689 11050
6791 14525
1471 16420
796 12680
1644 4614
6202 15718
3420 5403
1703 13636
953 13873
11654 14191
4215 18087
7043 12833
5183 11414
15154 16150
1816 14362
4067 18814
762 9515
13436 14204
2574 13871
2474 11618
9809 16933
9727 16497
3043 7901
16989 18785
1285 5423
10253 16226
14217 16944
6155 11606
3586 18192
17931 17977
2654 12272
1273 12080
14041 16401
3348 16453
4119 6019
6109 16391
10181 11306
2958 13268
10455 12522
7032 17799
7714 11087
149 13277
6296 15971
4208 17256
11844 12555
5518 9248
2315 8876
6669 7020
16722 17251
5203 13770
12820 14926
5023 15541
13262 14720
2725 9302
4976 7798
6325 15409
3310 4597
15941 17904
6118 19277
7440 18588
6449 13438
11037 12594
11272 13640
7800 8704
4862 15488
3291 7591
629 7993
3489 5712
12818 17417
1580 10216
4568 7278
12422 16508
2218 19708
10232 17925
3054 8290
2893 12199
3116 8726
101 17325
11287 13161
1067 17943
652 15826
12098 12426
1210 3654
4595 11342
6152 19454
42 1387
16813 18666
4324 8731
12631 13622
5481 8259
3985 4819
3453 6960
15456 17087
11613 14058
17425 19117
3383 16408
2796 7250
6201 8268
662 4289
13721 19413
6791 16425
8063 17258
1953 7417
9142 10885
1997 3101
11805 13352
2084 14047
8398 19658
17700 19051
10809 12443
12347 14034
1782 16067
8185 8952
6799 10508
2629 12529
108 4173
566 13124
5579 19711
5154 13543
4784 17381
345 4538
7371 8044
18103 19358
3324 17694
13654 19557
7003 11897
6844 8652
4605 8043
17439 17571
1565 18397
10449 17496
367 10613
16049 16595
3035 8256
8986 11162
14560 15177
14663 19065
236 7477
17012 18553
4039 16074
1843 4918
2784 3462
3064 4863
16764 18434
8150 13301
728 15444
11040 18451
4649 19086
8524 12575
11267 15123
12838 18337
4091 4748
7714 12312
112 11215
11771 16827
5280 9369
9524 17758
15074 17708
5656 5854
11704 14110
3921 4454
738 1706
4233 19650
3720 17460
4118 12654
7283 12302
2684 4579
10897 14227
2359 18245
15705 16313
10823 12272
13953 19302
7892 14337
11747 14036
7338 10158
13692 14434
9268 12884
2151 2178
9297 10725
528 1108
12675 19178
2888 4154
754 11690
5889 9290
7244 12757
8742 9029
8702 13030
15266 17103
1153 14155
1365 19001
7457 11245
12574 17828
10020 15942
6304 16889
415 1245
16124 16804
4503 14515
13929 18475
2479 11160
7840 11863
1828 15319
8343 10456
14176 19414
4360 13274
7744 10055
6804 15803
14716 19534
823 4745
1812 15242
1493 11837
3167 10192
13483 14467
682 16831
6352 7975
1172 1565
1341 9613
10382 15021
2398 19279
1904 11844
8939 11351
14301 15234
7278 12877
6638 7401
6319 6955
15679 17304
6896 15089
2930 12848
8320 10774
15239 15638
11161 17611
10289 11933
14042 15073
6284 11545
1265 6418
8836 11496
14423 15145
8199 18471
1257 7988
2091 9191
9813 13030
9751 12979
3681 7461
19096 19107
550 3445
10022 17165
5801 17293
13666 19174
8065 14502
3437 8103
893 9638
5284 7700
3514 12528
4401 16067
768 13292
5032 6207
13770 14326
7610 10730
7543 19015
10596 18521
14431 17777
9665 10419
10077 17150
13680 16888
4425 5311
6534 9140
5970 12187
5967 15194
11646 17303
17562 19151
2232 16141
9099 9321
12407 15399
10261 18818
7628 12471
1966 13982
8343 9274
9565 16287
3228 15263
15348 19712
3611 8003
2609 16993
6337 9821
12208 18175
5914 6568
2947 12273
463 19112
9127 18007
1164 6975
5197 10648
1989 13004
8515 10837
9635 15329
521 7300
136 10274
999 17046
3063 12482
6000 14403
2758 16483
580 9519
3836 11226
1097 12640
10587 16313
2324 9974
4606 11557
2116 9646
917 12684
9743 19527
8176 9366
6216 13878
5923 19609
695 6111
8406 10948
7579 19329
7966 18454
4289 9002
8688 15471
2412 11741
6664 12787
17867 18531
5444 16761
11841 16053
1709 19082
3877 7949
3593 9373
5265 17412
6485 10009
9316 17339
2891 6687
3396 14756
7145 9647
7731 10345
964 8408
1378 15729
18816 19313
1749 2343
866 8410
4539 10861
1891 12121
9388 14830
7076 12420
13453 16428
15186 17458
6252 13879
252 12721
2217 3932
3388 17502
2888 13734
9742 15331
6710 7611
6852 11297
4937 18238
3647 6464
421 2750
9779 13294
3255 16309
2354 12677
1332 14020
6496 15828
3996 8949
8060 10503
7641 18559
3713 11315
15658 15760
1291 2807
445 13524
12838 17145
11512 11960
10813 17175
9131 14203
11923 18230
8084 8565
6491 12715
6423 16572
3399 11222
15535 16051
14230 18462
4509 18652
4311 4469
7275 17828
1708 4148
14343 17051
8907 12147
5653 19105
12168 14950
1771 9751
4215 10925
7754 7872
6588 8772
2295 19454
1659 4840
13072 15333
7972 15759
2818 14946
10482 14503
12201 17035
8732 14728
5191 6721
2399 7031
1428 4848
1037 9665
2899 3733
14718 18198
18821 19436
889 17690
2956 17349
5892 11213
133 15723
2230 14581
363 5754
1854 19466
3220 6126
4452 17396
10789 13188
14263 17853
16089 16949
10456 12745
2589 19139
868 16310
8433 10074
9184 16494
3707 5486
13206 18258
13026 16890
5996 13615
7452 13592
7252 14110
18403 19458
4891 10103
9759 16224
6860 18005
5205 8428
7254 11508
4218 9583
1592 9576
3036 11660
12409 15339
489 12949
9359 11980
8712 11566
10530 19501
9023 19128
12147 15501
3243 14490
10394 17030
5821 9074
11795 17434
12983 17995
15497 15670
6300 14524
1516 18948
4616 5989
6298 18715
14443 18791
13546 18360
16536 16971
6901 10468
145 15493
4611 17589
7253 19465
4335 7663
588 4837
9336 12702
14054 15730
1638 3271
3784 18821
9978 14800
5336 9564
3757 13083
7148 12513
3775 5303
371 13480
14727 15639
4861 7454
4544 13391
11863 14129
8151 14708
8442 18510
5079 7463
2728 8473
1045 7552
5046 15369
4401 7704
2565 2708
2744 3178
5234 6470
10346 11969
510 13206
6552 15834
8101 17736
8859 10284
9808 17059
7819 17118
18675 18787
5130 8006
7242 15317
13719 18019
13253 16010
6083 11037
6856 9126
3778 7314
14817 17414
8422 17657
6776 8274
9828 18430
1175 16058
1033 4679
1191 3243
247 1687
3247 18188
2576 5111
11081 16367
3832 17955
217 16799
6796 19306
2616 3001
15061 19503
5877 10966
781 16651
2046 7571
17669 18955
4353 14353
8106 16392
5603 7750
8204 9298
2913 4817
4674 10584
1629 12132
1288 13788
6176 9295
9688 10588
2724 5381
14974 15459
4513 6638
1454 1576
5976 11758
2519 12128
8976 15039
12918 13660
10266 13779
17 13719
11791 18785
1462 10045
9309 11383
10031 17959
6694 14922
3950 8325
13804 16822
5395 14903
17141 18669
6944 18856
1954 19007
5143 18218
338 8552
7838 19408
9635 18401
9619 14812
241 3827
1706 5161
2761 5486
132 9131
9812 16103
13054 14595
4521 7063
3762 15709
4991 7802
12163 17981
7610 14272
12412 17411
2949 9721
2196 5372
504 16626
3939 17164
3431 18757
7310 12801
5225 19000
7959 8860
3648 9221
9203 12667
6565 16855
10351 14407
3358 13277
5204 15059
2371 11195
10800 15846
11886 19329
5813 16020
11218 14676
5708 14714
4905 14946
1310 11757
4939 18498
6052 16865
3883 17778
2257 15861
455 7074
240 426
8335 18832
7977 10104
7882 12765
1108 11162
2943 16234
55 977
5890 11938
7508 11164
4599 7494
11706 18427
3062 17380
13904 16381
15054 18717
2525 19398
5124 6101
7581 19263
1374 2393
12821 15754
14001 16543
2092 18839
533 1514
1440 18199
14067 15738
2655 9218
5057 14275
1886 19295
3606 16352
12943 15675
11991 15586
4919 7664
15825 15917
1568 15870
13730 14085
3655 10110
10356 18993
8861 18320
8850 11397
5007 6899
10376 14558
60 1999
3541 7748
5692 5735
5831 12717
5996 10769
3821 12463
1268 12885
5872 10728
6723 14971
4991 7073
12158 13500
8901 15005
5842 6007
2646 4824
166 4493
16582 18854
2863 7154
563 10873
19534 19605
2602 10345
6170 11196
10169 19496
1827 8122
9401 14229
8494 9201
9874 16537
10911 11905
1426 15244
4847 6609
8926 14361
4453 12851
9322 14855
10233 11197
1626 3295
11617 18505
3867 18730
1612 15519
7420 11868
1394 5617
5604 10838
3322 18777
93 15605
12702 16214
421 18648
14611 18867
4472 16732
10974 11016
9931 16642
990 17969
7856 16428
151 11461
8559 11694
17976 18792
359 2889
9820 15083
1617 11238
806 12928
5944 18859
667 17534
4412 5114
471 16009
7317 9018
3290 14381
14891 14987
9367 17894
5931 13794
4695 13013
9108 11325
2876 13861
9745 13151
1116 11862
13082 16073
2012 2313
1064 16363
13011 16031
3993 19493
384 12027
225 13907
4962 5232
12904 13052
3920 6343
8744 11884
1134 12363
7557 15527
4651 14941
8940 18295
1051 8612
13409 16449
3921 9486
2458 16126
8166 8899
1153 11324
3810 6287
13623 17400
5722 12644
7658 9049
14491 17217
7410 17040
5898 9855
1265 2778
2518 8950
16462 18347
5900 13169
1129 17654
9438 17829
3414 8275
9800 17447
11428 16783
9 6766
13614 15039
1247 10594
9891 17030
13676 14411
2142 17937
6335 14713
11813 14424
11322 13796
10438 16924
12266 19106
3855 15498
3311 5433
1830 1917
4955 9982
1273 11012
6165 6887
10769 18848
2037 8959
3945 14344
7680 11489
4328 4342
1600 8469
7085 18805
9358 17352
2426 14433
979 5676
6401 6907
6890 8903
15002 18476
4280 14680
8239 14614
4100 11423
11162 13172
9052 19158
7751 10592
5733 12789
8863 10414
9596 13502
10516 17758
4441 16361
3746 18028
2559 16981
4836 12919
6864 15201
1412 9819
2507 4742
12469 12501
335 7225
15256 18199
5433 19708
7375 8729
1510 5079
2327 5660
117 7350
1204 1935
2592 5657
5967 12328
13584 14350
933 18067
6045 18244
8342 18957
12761 15295
14789 18009
2288 4644
17829 19339
395 1758
2636 12760
15575 19591
16334 17214
1307 8461
4161 5521
3564 14258
335 4520
14893 18095
791 16188
5442 18349
2164 7902
9472 18823
16138 19306
8503 11051
4883 18850
13760 17060
10411 18758
6207 12476
1782 1807
908 16194
7316 17513
18193 18264
7901 9832
15262 16722
4017 4175
1793 2904
2612 12688
5432 14100
14012 19430
833 6690
608 8079
10927 17503
4352 7161
12273 16749
11458 14826
10310 14828
18492 19448
9334 10740
510 8883
4324 13370
2277 9054
6938 8553
2734 11798
1807 13636
6546 14606
10881 13346
16206 16581
9426 10123
11052 14957
3133 17278
4568 5722
1078 19252
13123 16992
2062 4673
2281 10306
2777 10638
13805 15975
932 9477
3306 16091
1006 11258
12725 13209
2499 14675
7378 14262
12447 15839
4810 17309
2281 18603
8605 13389
4693 10218
10837 13980
6039 10419
6470 9267
14044 16555
6864 7496
1225 5815
16013 16031
763 12507
52 19407
11436 18105
1351 18066
5650 5956
854 5891
5955 8946
5637 10493
3260 17705
13525 15856
11338 19558
6606 17039
12349 13320
2722 14067
6647 9530
3045 5048
12513 17860
7193 10643
2172 3821
1774 9471
9498 12970
8615 11018
18042 18830
3511 4701
17105 18557
12108 13238
2075 6300
10923 15979
10718 15646
8794 14805
1346 11865
7572 15682
13281 15310
3719 19654
4655 15355
3954 6812
1589 7563
6912 12267
17385 19430
16996 17997
11107 17840
10607 16915
516 7060
780 3451
11895 12217
7186 16589
15137 16177
2503 16692
12083 13179
4796 14478
5554 19325
2132 15664
9099 12845
4731 6847
5521 15914
7480 9690
396 19414
8131 16739
11831 13464
8388 14113
9288 13048
10237 18765
7097 14532
9192 19398
732 9890
4449 15869
4438 15159
2692 8316
4947 18335
2473 18931
8794 19428
13929 16697
11246 17737
9874 18552
231 18080
13217 14017
7365 19696
3146 11922
2995 17140
3524 15086
5882 12335
1673 18417
305 8673
9486 12696
3532 6591
3012 16105
9504 13985
4924 9401
11329 13571
10036 12592
6627 7076
4424 15742
11851 17486
1050 4532
8578 11719
13419 17714
6540 12132
2259 8478
2771 13476
8647 12388
7199 7273
3609 7913
9145 10261
11439 13104
2299 3764
9125 10621
6760 11791
10711 12569
3033 10641
9303 17842
518 4582
877 19241
13572 17711
8660 14378
5962 11460
1879 16177
8537 11353
1155 4932
9071 18400
15589 16612
3754 19575
6429 12573
1017 15224
3132 13780
309 11522
2401 5092
3708 3909
6091 9441
7001 15460
7585 11284
10598 18376
12271 16346
5348 8707
4735 11405
4090 15710
13189 19553
1755 13457
8763 16473
1067 3567
2647 8347
1269 6575
15392 19121
999 4402
582 2703
1888 4206
3269 14759
1419 19002
13902 13934
15911 16426
16925 18528
6378 8490
11256 17464
6967 13782
8131 13766
13000 17176
702 16487
9876 11631
9982 10082
824 5080
3206 8167
11905 15386
8468 18020
14812 17461
1554 12846
15094 19452
3731 9504
9450 15917
6932 14700
12121 18660
16313 19206
3929 17553
6192 10552
2435 3846
3000 3114
6319 10517
8791 15033
7273 10124
13461 17249
8134 12620
2499 8043
3483 17406
5793 10834
1554 7531
503 1230
8252 18876
12656 18468
11892 14752
4562 18098
1759 2547
225 15381
2735 10280
8624 13501
6816 16281
9 14956
2055 19536
1642 1961
10573 16440
12741 14738
708 14515
5540 7120
18450 19671
6755 10129
7184 12118
7534 18351
8354 11449
7147 15208
8147 11477
4204 14041
1440 1893
4726 13870
9459 15068
3175 10295
8993 9736
2594 6847
5532 17002
11532 16715
2034 12510
4821 14342
8783 13633
13870 13999
4067 16594
10919 19170
14027 19402
11002 13466
5367 8192
10413 13191
3641 17507
14883 19442
12577 15070
6365 16086
4016 11661
1256 8596
4839 8604
1918 11609
11068 16289
1302 1561
5591 18772
14176 18503
5423 14957
2518 12447
5027 17686
1372 6039
9411 10017
2172 4832
9515 19359
15101 18070
1336 14442
1847 12905
5880 17553
11562 16323
1265 7092
610 6758
6001 17205
5654 6649
9552 18833
9592 13989
6054 8575
5351 10557
4742 12671
378 16105
2129 14028
1244 4344
16071 17860
1185 10627
2841 8556
11466 15147
2475 4330
11533 15002
1626 15735
12254 17363
10279 16801
6720 13742
2451 10139
6226 16267
3745 18684
4688 9282
16962 17578
14513 18320
3795 18444
4357 16401
9012 15225
11116 18719
3715 5525
1447 4875
13828 19205
3061 4377
17552 18005
154 6534
2039 9172
4358 16052
4177 14117
12058 12872
14734 16241
8651 16491
15696 19226
10794 12138
558 9238
9934 11753
8649 9209
12835 14517
6672 12437
5436 18904
14165 16149
5152 13976
7333 15189
2350 7984
6814 19199
7667 9810
10629 16144
474 4800
10168 15008
1885 7776
10835 13347
15762 16618
1831 11779
3863 14636
3953 13015
6008 18258
13398 13909
5427 7399
1486 2372
3023 13985
983 3995
241 1468
1065 17187
10752 16296
10413 16910
9272 19434
5337 6183
10098 14796
8954 16999
5360 15393
11453 16984
7789 8283
323 10267
2028 9688
4541 14997
970 11502
8837 13106
8321 14659
10713 18439
3397 6891
11305 13504
1710 5281
6891 17174
10453 12898
4038 12280
7542 11736
4892 5649
3421 12474
15588 17392
6160 11475
6253 8152
5953 6633
215 8290
13577 19637
8920 16055
9684 12098
168 12831
18333 18813
963 2917
1683 11023
10556 18146
2635 3388
1908 9880
10193 15394
7191 12946
13834 14800
14283 18463
14668 16934
16378 17637
11736 12253
9800 9812
9678 19213
2872 7107
26 4929
7115 15737
2431 19606
12253 19620
16670 19594
6223 15396
3281 6291
6292 10994
7904 11440
1650 15626
10274 13715
10103 17669
13492 19660
3786 5839
9788 13287
15908 19246
12053 18622
12549 12814
6204 14403
2296 6086
1700 18765
11256 12484
3783 14891
3472 8702
6523 18906
5620 13083
8529 19282
11865 12775
3238 7251
2040 12201
4890 12592
2719 5028
4657 16772
2706 4638
16541 18974
3622 17948
9212 18844
7855 12346
9561 17246
3031 12650
8843 9389
5053 8811
18302 18318
13244 18305
9421 13624
7869 15430
12382 13200
12045 17742
3630 11531
14876 16912
10448 12604
11550 17669
9533 15394
2624 16283
5696 9505
681 17467
1288 17642
11529 14438
13757 19304
7490 16284
4636 14067
12132 19465
9966 16189
7129 19084
3253 18894
5537 14615
12239 15601
4638 17617
6058 6701
15575 19671
12631 18598
13741 17348
12743 15296
2414 8997
4812 16072
12716 15546
104 11300
2338 12367
14570 15125
13219 14831
2450 6851
3135 11493
2813 13454
233 8853
15117 17004
830 9519
7804 8098
3675 15112
6594 16435
4130 5528
12054 16425
6153 15001
5510 5826
8289 10191
3513 13047
8583 10728
14104 18109
5597 7787
12760 16768
824 14431
6014 12131
17897 18193
12568 13430
5838 13378
3508 17293
14170 18478
495 13321
8195 10106
17231 17371
15627 17355
4335 17241
9080 19680
4155 4329
5934 13467
12987 16355
2432 9105
1849 18142
809 17518
4625 13473
10802 15711
7295 8296
979 12737
10348 13810
2368 15366
2268 5612
12324 12984
7106 11770
928 18801
2793 7959
12541 14409
6265 14912
4605 19128
878 5861
321 2294
4931 7722
786 17964
14772 18813
16532 19220
7991 13431
12658 17806
4914 9174
313 3699
15222 18841
4009 12796
4468 10362
2765 16165
720 19291
3747 6095
1599 3042
5629 18314
2923 17830
12568 16419
1268 6749
5866 18814
5461 16263
9020 10571
7714 14915
12194 19198
4617 19248
16181 16308
155 5451
5094 9212
14645 18264
14114 18580
3089 17645
2462 12333
1924 4293
4547 11967
8982 13696
8087 8397
396 18216
4786 5571
9761 10451
4862 6943
5721 15613
3526 17874
11618 17339
2200 7286
11297 16418
6953 7415
8681 18183
3219 15470
2679 18377
2878 3533
11 11455
4166 15246
6926 12078
7783 15715
1739 11927
4718 12226
7093 15418
5067 7237
8778 12343
8446 11450
7105 12809
9550 18164
4426 10569
9871 12519
5976 19694
7127 19415
15782 16396
988 8932
12684 15233
8164 14425
7864 11129
8767 18396
5881 13190
17447 18159
4751 5164
1809 4930
7372 11663
5582 14418
6141 16857
2264 18559
8048 10845
14156 17482
5741 9482
11596 14884
6149 13713
15405 15548
176 15772
4698 8146
5602 6673
6353 19481
2769 12894
5633 18246
12770 16936
12113 16395
15227 17213
1084 14773
2528 2577
3756 17181
459 2950
2339 4260
330 17881
4061 13764
548 18356
498 2694
12457 16006
12393 14548
4586 17025
3451 13136
6614 9745
3923 7828
7098 16687
9735 12438
6450 12055
12846 19073
5653 17212
442 807
938 11997
17937 19412
1172 13412
6970 8648
12417 13415
9274 17400
1141 5165
8046 13258
322 6944
10468 15889
4029 12645
1762 14181
13554 14820
13603 14341
9325 18419
2668 14923
3393 5951
11159 19481
2378 13373
2642 10423
3369 9987
27 11685
16355 19272
5006 5734
3349 12091
8961 9226
1820 16250
9311 17868
4741 9902
11722 12147
8805 10760
6269 13799
2275 8891
15728 18481
8815 10905
7263 8355
807 3664
11490 14732
9256 17276
9827 14270
12604 16352
12354 17970
8647 10885
3965 17407
8893 13798
6880 14438
9379 17670
8614 18365
3860 13119
4673 6466
1662 17544
5112 7022
14815 16814
14115 14653
5990 12775
6611 12160
14214 14967
3108 11803
8575 15422
1832 5611
6554 8915
15603 16413
5952 19124
4781 18037
2492 14513
2029 8257
9494 14964
2687 6485
11539 15902
1422 13287
6953 9114
9985 11569
12102 18313
674 11730
7935 17079
8886 14542
2375 3514
14336 19245
2233 10975
11699 19007
3934 9524
8025 10878
15849 16877
5876 14406
12710 18399
2121 11001
1939 6216
10837 15860
402 9254
12223 18529
2426 8256
13903 17324
5085 8111
4172 6079
14645 17356
7306 13035
6649 11770
12792 16047
15880 16565
1247 1594
4111 8859
3451 11716
10968 18261
11683 19382
14431 17970
5456 6122
12776 15771
16423 18551
1326 6970
2225 14736
2662 6600
3586 16074
7901 8525
10315 17566
11376 16662
17735 18907
1091 18224
12370 16358
12206 13213
5629 18117
12816 13587
5231 16711
1123 10371
9266 12032
2993 8166
7217 8848
6646 8191
136 10743
1477 5441
4961 13274
576 19680
2854 9989
721 19437
2501 16291
5548 6248
250 6590
2465 14770
15599 19709
4750 9629
2430 8703
15697 18641
6236 17535
12152 19270
7849 11239
9190 10097
9243 17048
14881 17157
1569 13651
1936 8231
6038 6275
983 10824
10761 12261
11735 15559
7835 15017
557 13558
2188 7562
10586 15438
2742 7890
11430 18175
12112 19085
2968 14023
16423 18947
2002 10417
6743 9310
6800 7469
2572 7513
1259 17265
236 8944
12422 14349
5057 13334
10622 13391
5420 17883
108 13131
3727 13685
8484 15453
3239 8871
9352 13348
9612 15985
483 2289
1710 17151
3013 12164
4757 6104
5373 7169
3752 18954
7481 14315
9008 11023
15141 16935
972 7212
2064 10955
2293 11250
5740 13212
9742 17023
1458 7292
1128 12856
11620 15056
593 6778
10739 17454
12559 14835
11369 13051
14879 17479
12884 14474
3205 14517
2111 13770
662 5566
9753 12165
12050 13968
467 6845
3143 12512
4916 10493
1888 10695
15456 16785
5204 5329
1716 19516
10502 17434
14321 15993
7567 15045
9055 16210
15043 16960
355 4927
3636 4050
16994 18876
5283 16232
8267 19354
8692 16770
7811 14273
8322 15376
2155 15117
10997 13365
1551 15588
2729 14915
929 15107
9035 19096
3355 6194
12969 19281
3556 5814
1026 4251
5416 9714
8741 10148
7061 7247
13588 16935
6946 18604
2459 8034
437 17064
1355 10354
5391 17431
13822 17568
1205 14929
5450 11612
7180 16806
8123 11319
804 18227
324 16727
69 1338
18800 19663
3925 15695
12260 15567
18188 19466
1514 13512
10367 14280
11139 14441
797 7793
6425 6440
7705 14122
1826 17410
1499 1635
9175 12305
5580 12942
13501 18298
3282 16061
4922 8554
7222 13523
916 17680
4165 6154
2692 18402
8526 18534
8713 19058
3071 10070
181 8590
18121 18877
1089 3054
1172 14912
16755 19114
3562 5243
10397 11561
278 6263
2796 17296
5097 5985
2708 15623
4097 10793
5272 17057
3641 14126
913 7842
13770 15322
7331 11012
428 2396
2672 12477
15133 16139
6543 8747
10416 13667
131 9561
1624 8919
4006 5496
5064 13764
5773 19562
3048 7220
6699 19387
12095 13704
10336 16587
7376 9329
1665 14287
8913 8929
3927 8743
653 3923
3212 16079
344 6251
1893 19145
8029 15114
6154 6164
7122 18776
5036 9343
2293 13217
11251 16521
18914 19630
1387 13859
7075 19324
5415 8516
3687 15286
2909 12229
3611 19513
14208 15272
1995 8098
5581 17622
6770 8297
2149 12138
14331 18509
3471 10602
207 9284
503 2882
1311 5135
1000 1395
8651 14723
1621 2426
11765 15463
5577 11563
14665 15500
15743 18300
6931 7834
4053 12005
3179 15335
12156 13616
15347 17192
10417 16303
10275 18683
5467 9660
2423 17387
2388 10934
10808 17311
9507 16730
72 18847
3899 6117
4548 9215
7866 11749
6884 17029
4140 7715
1460 2368
7295 9556
13164 14560
11173 18509
11549 12977
9589 19191
2381 15862
12484 14764
6088 9053
15903 17557
8941 10315
2265 16274
1634 7041
4587 17844
949 16226
8840 18024
5235 9588
11926 16900
8155 10129
8223 9678
480 7596
6319 14267
1804 11060
17506 19305
7393 16772
4797 17058
12910 14240
9365 12523
10462 17005
2752 9593
1321 6225
14006 15631
1942 9563
7157 11376
216 12025
442 11151
1949 17664
12263 15480
1547 6944
9386 16152
2774 9861
5937 17631
5152 10694
8315 14109
1441 7305
17350 19660
13089 17531
15075 17582
195 15633
9206 18592
6313 16771
8997 14574
8804 15105
3154 5291
17928 18610
8972 10649
1939 18553
11094 15987
5038 18389
3118 12792
4353 18134
3791 7923
6959 11824
5437 11314
3207 11137
6027 6257
9108 12036
10758 12500
1017 11959
7278 19033
10339 12478
10394 19488
4355 18044
10203 15059
1416 15591
4447 11814
4977 7575
5677 10680
13551 17884
424 3271
12593 12803
892 12852
1039 1651
266 15172
5323 5906
3398 19368
5191 9914
3410 4732
17226 18521
7597 12761
3165 15885
14548 15785
4255 16012
14921 16163
4065 12781
273 3356
4441 9432
4678 10762
12672 15586
16624 18250
4418 11694
7198 11084
6437 12325
8185 16657
1479 19348
8367 9915
2216 4819
16855 17272
12016 15415
3621 8473
3906 4932
12321 12343
1539 17415
3216 19618
1643 17689
6768 9560
15521 17187
6309 19171
5840 8844
3941 10074
791 18848
12177 13576
3613 12689
616 9623
16088 17161
14091 19298
9815 10973
5098 12813
8546 13585
13026 19299
5564 12749
9321 9832
76 17519
7146 12568
1825 17515
17810 18101
11918 13444
846 1497
14509 17692
6427 9231
18039 18961
14392 16851
3594 16153
3513 3594
7657 11043
5059 15742
867 8609
741 15355
598 12315
17857 18583
1671 12449
7291 17477
18128 18410
402 9594
5258 9119
4248 17314
8768 12912
7656 9147
7180 9763
7260 16607
1354 3910
10765 10827
13521 17554
792 3824
1709 14708
7439 8847
4951 9709
5751 5920
5735 9948
1463 17638
18307 18932
77 6820
6482 12925
1286 10470
2699 3509
2519 5211
12497 12834
12143 17911
17578 17889
9690 15962
4664 7073
7904 16506
5555 13454
8687 16229
3500 5455
8301 17076
10732 15943
65 19219
13763 18200
13952 15008
8940 9594
170 13980
1027 14363
647 18939
2505 9097
13498 16365
3723 15848
7281 8687
5384 13321
14812 16578
3300 17850
1629 17637
2350 3460
17101 18703
14873 17447
7206 18858
19055 19558
8844 15083
7046 9433
12429 18362
2881 3659
11874 15374
18887 18966
1715 3475
10608 13184
5358 15353
8472 19245
8461 14223
4099 15240
6917 11812
2410 14691
7098 19005
12607 17618
8161 13016
4289 18085
5161 16345
12312 14501
4358 13160
1187 8696
2372 5471
9041 16351
12337 16741
11695 15684
13121 13755
7624 12224
2828 5812
3299 11755
7403 17745
5583 10000
8379 14623
368 612
2572 5440
10314 13806
6991 13878
6806 7692
7710 7799
6076 8074
1349 6540
5803 17455
2227 9639
3217 15862
10362 14072
4408 15859
5136 9815
7669 10101
1426 15495
2852 3513
4290 19276
15952 19373
5487 12426
7189 7408
9850 18228
9111 15885
8901 15247
11795 19109
1078 10094
867 4118
3714 6757
15023 17724
3604 19200
2103 6335
8100 15918
7134 11099
4265 17341
4020 11169
15961 19709
7312 15572
5983 10805
5427 14962
3266 12032
185 13834
1812 16607
12814 19619
11126 13511
7419 14230
5586 9921
12079 16660
10284 16757
8593 14095
3498 6606
8221 8611
1643 13382
4164 6879
12141 14384
7988 8420
2483 11817
12078 18906
4432 12826
8804 13226
3909 15295
2957 10065
12558 13214
6885 7479
948 6165
346 12498
13223 18764
4986 8114
9430 15682
8543 10583
251 17435
11254 16289
842 2393
5766 18179
15502 15792
9957 11295
2780 5274
12016 12639
11980 14665
2646 3682
5386 12745
7946 11597
1374 6159
6839 16271
2961 9459
11985 14584
4538 8652
4285 9696
8080 11965
12447 17001
6420 9489
10840 19298
5634 7082
5894 9103
8970 10302
5699 18611
380 6378
902 7380
9380 10511
1142 19702
12220 13303
1256 4206
2203 8242
8002 18727
3916 9829
2768 12826
3203 8609
3087 17947
16736 19142
11781 14529
13582 16039
813 7008
909 7302
7003 12176
12038 18598
7353 12401
7723 10287
10278 15238
2326 5088
3251 4420
9196 19071
5587 10940
1738 3463
5278 13820
9408 11041
2168 9832
7967 9104
747 1252
5199 18442
12619 16483
9783 17531
6655 16343
4516 10380
8152 18550
7168 18156
393 8541
16263 17048
8764 13459
3610 17997
16475 18723
9392 10423
4041 11487
13729 18736
11792 16069
2075 16729
2362 7724
4173 17100
4639 6799
5676 13468
5009 15474
7276 17292
2302 15898
291 13595
3788 5173
9001 18314
995 13189
11338 14108
5043 5536
6638 9012
1130 13714
6354 10184
995 7850
12136 13293
4268 8835
12053 14778
5529 13730
2025 2648
3219 15397
9369 13950
6732 16877
356 4065
4599 17374
2580 5228
12818 14171
1661 4586
5455 10154
9755 19431
15971 17790
10553 12974
8655 17358
1560 19593
13657 14336
1503 15441
36 18341
1950 16810
11549 12220
1561 17919
3758 15374
173 10102
2729 11121
14842 14993
12599 13723
7143 8250
13105 14288
18158 18693
2810 5616
10580 14661
649 12446
17840 19354
9643 18757
2272 5487
11986 16988
8186 8746
2586 11330
350 15571
899 7148
1953 9945
3440 9508
3127 13467
8266 14388
110 12882
3184 11029
6549 6817
6388 9525
5005 5250
5447 11138
935 7895
2247 14085
9448 19369
11662 12989
3022 11163
14822 16702
8824 19028
258 1334
2189 2507
905 19073
14082 15064
14839 15897
8998 19684
12512 16481
11342 14527
5291 6691
14510 17174
4500 10371
13765 16679
7902 9759
11586 12249
12836 14698
2734 12645
11526 11798
4014 14991
12701 18394
5040 7950
1162 15515
15597 18883
9086 19155
656 4955
2076 3103
5192 8537
9101 14677
8750 19645
3658 9449
1238 11032
10117 15465
5226 17937
2318 7837
7449 17352
16517 19517
14111 15416
3462 3691
4375 10698
8562 19100
5609 9472
4923 7465
5116 14968
7437 14464
2532 15664
6675 9177
99 12919
7222 11550
9755 18396
3682 17325
1765 16705
6546 12253
3701 4071
11616 14875
3193 12703
16680 18747
3119 10081
1463 3475
17319 19248
4759 19527
3088 18502
960 4178
3039 6072
1982 13182
138 1574
4623 12747
5495 17595
1089 6267
1323 2393
8946 13468
6327 9119
9008 11527
9069 17638
5578 18207
7890 10779
6099 6829
6545 15747
2467 8161
9978 18653
6610 19315
271 2330
10106 19168
75 16476
8728 15765
12526 17192
2828 16828
7394 15351
8861 14183
18111 18344
7437 7889
8763 12572
4121 4754
8160 8381
10822 14987
5886 7843
7591 17492
8091 8807
10771 17299
10190 12860
11193 18290
7940 9196
5128 15445
3764 13061
525 9544
11059 16089
472 15600
11771 19663
2107 7959
9343 18139
755 11868
9690 17304
5958 15504
5475 12767
6275 9661
8094 13695
12718 14594
2301 7533
1461 5790
1323 9961
8908 11444
42 5822
11339 19117
301 6870
3745 11928
2496 9652
1649 8400
4600 4697
2564 3671
4834 13514
1209 5480
13883 19675
4786 8200
6882 14945
488 18410
5147 11364
6348 8361
7013 18773
3961 5816
306 12491
13115 17970
10157 11531
3585 17948
2894 16662
13214 19179
6158 15163
5211 11135
2479 7965
12916 15822
12576 17954
350 7838
13402 17073
14711 17319
2247 17597
3425 11990
2459 11122
4445 14549
7541 17801
11797 13465
5055 18407
2267 8176
13672 14999
11461 11565
15558 17312
4392 7511
143 8398
7707 9223
18063 18363
8552 18304
5755 16087
10170 18357
11327 17150
11258 18635
10629 16146
17394 18517
4104 12585
327 16637
14040 16354
1521 6329
6054 19124
2948 4586
6619 11243
1796 7416
5693 17107
7286 12193
2162 4773
8744 12025
493 2094
3047 5697
541 4643
2093 16908
13464 18763
4544 18696
4930 6632
9365 14759
5657 14373
7763 8418
224 19405
1009 7283
14691 15338
3645 19336
547 4403
129 1232
5498 8184
2516 16322
4355 18641
2906 18718
12946 16802
3893 12822
9868 16105
11947 14600
4664 4904
9292 11582
6072 19223
14885 17460
1799 15876
2528 11348
931 16382
13571 15299
6186 13648
5136 10071
5314 17860
3980 13230
2799 15297
2582 16485
11533 12264
4440 17870
652 11859
7686 19517
3802 19316
5695 6863
5292 16625
10671 16878
14262 19698
2552 11102
12977 14148
5169 17724
13096 16181
7374 16983
11185 15232
3793 15044
1018 10403
5660 12706
1929 11967
12879 16149
13245 14345
3699 17928
6134 17461
1364 8570
11089 19390
6500 19252
6040 7085
12067 13116
6217 10101
7406 10154
4968 14403
4542 14877
7567 19513
4510 5182
11260 16857
3741 9496
7264 17805
3666 6836
15991 18829
922 12064
1904 10868
7268 17874
1260 9928
15631 18274
2931 12156
14025 19186
12744 15106
14838 17548
943 1074
12231 18846
11555 14060
5769 13416
3814 6006
4158 19576
857 17701
4167 13211
13104 15790
1145 13039
1954 9445
8870 9796
6076 15100
2481 6643
3207 19620
2331 19162
895 19142
10176 14541
14980 15617
13903 15269
9983 14103
12208 17093
808 4099
10749 12650
4760 17027
12155 12497
1240 18641
8158 11284
17476 19363
824 16704
3821 12144
5461 17093
4832 17385
8723 14727
6321 14904
9417 11083
2491 3279
9155 13061
4380 14051
7354 7534
15100 19222
9238 16651
9113 10132
9524 10079
13118 16928
1457 9073
12792 18123
15874 16422
3126 11027
15361 18261
3701 12233
1949 14161
8827 18245
9543 15760
1829 15579
10181 14148
10076 10839
10221 14309
6003 10646
203 10480
3960 19600
348 7968
11636 15448
1264 10099
4301 4862
7983 18244
5245 19293
8139 16498
884 9531
8318 9890
3099 11241
257 3034
1924 1953
8056 17705
7481 14878
17128 17448
3374 9616
745 7967
3610 19692
8932 11942
151 5899
9225 15257
11663 19310
15030 19560
7507 17009
10160 18888
6338 19139
4460 14803
5251 9602
11929 17400
7898 16726
3755 18666
12334 15682
11360 11423
6136 13514
3501 4729
12451 15894
4128 16901
14903 15056
1005 8364
18058 19430
17532 18385
14952 18567
13194 16348
278 3701
6233 7779
2866 4259
4081 17827
7718 12580
2357 6933
11885 15540
7221 15361
7089 16432
3331 19454
579 2683
1172 6275
2888 10944
7201 15131
10760 15652
7746 14463
1119 10881
11930 12833
4531 18081
6452 14271
5132 17813
2512 2984
11275 14072
10598 13021
12594 16914
6176 12979
5660 7509
13438 14801
1454 12522
1681 5152
5329 8614
4553 14194
1334 15314
12934 15239
10566 13260
4952 12761
19275 19686
11014 11747
4907 13692
5061 17479
15079 18987
487 9171
9870 17429
2488 12400
7381 15036
3349 11480
1961 5157
9987 10043
7171 8096
11582 12519
7597 12722
2928 4259
8416 16595
10506 18655
10453 11474
5432 14795
13998 15230
9680 18016
2430 6120
2 18251
14677 19234
12733 14403
11033 14787
3988 12145
1170 10366
4052 5456
6691 17111
16021 17938
1832 14886
7389 8924
10263 13959
7247 19256
12248 19446
6182 6228
12406 13036
11812 15088
9493 16632
10310 12390
5619 11985
4441 9672
2633 12512
1791 9827
13764 14581
10576 11821
4333 6413
2358 19583
1858 1896
9584 18565
86 16911
8430 9770
1303 12014
4384 10384
5067 12077
3289 11038
4404 9340
10397 16416
2809 2842
6492 19560
10203 17131
21 3890
10211 16334
1819 4707
3669 16876
12500 16787
13602 14153
10152 18685
3150 3351
14948 15101
2607 17258
5684 11109
8498 11746
13493 13511
444 12509
15206 17863
3588 8516
779 10879
4078 14742
15763 19043
4024 8754
8101 13880
13395 19624
11918 14538
7142 18284
9723 10550
1407 19671
9392 12441
530 13127
5792 13347
1840 7146
14138 19602
3542 10158
2921 13510
244 4947
3751 9510
1068 9322
1500 4938
5665 17408
11864 16193
707 10594
13540 15254
7716 18817
13767 18709
12165 12179
997 16686
11291 13499
17408 18631
61 16078
3679 15692
6530 16626
8912 9749
515 2713
3204 16733
632 19611
6908 17975
6006 9742
3068 10236
15915 19394
375 1746
6818 11477
6021 7036
1368 12170
9413 12645
8461 16054
1960 11979
6805 8582
12935 17900
1258 15200
7626 9886
13990 17593
11053 18495
13150 16145
11286 14758
449 9436
5824 12313
7445 17806
18975 19595
17233 17564
1562 17258
110 4372
15321 18799
9025 17779
6623 16357
2424 9558
171 6933
6884 13239
10112 17670
4260 7622
1123 12315
3542 10631
824 1399
4519 17878
1218 12125
1423 13073
3233 18837
3803 6606
5392 12594
6813 18580
9950 18855
57 4566
1712 8522
6081 16820
7202 10691
13861 15017
10925 16039
7399 18482
7338 12000
4897 11302
16125 17153
228 11419
11436 15078
10485 14058
18930 19364
11677 16043
3964 17528
14852 16201
255 634
795 16959
8782 14899
10292 15015
957 1760
3575 4268
11299 13339
9323 12481
9290 11325
6150 18247
6067 17360
1409 12271
1976 15456
11887 17705
5902 16900
1701 17618
1161 3071
1274 18663
11375 17634
14914 15405
7422 19671
4227 9056
4115 9593
1365 17478
3080 11943
5441 16087
8788 13036
1460 8689
3324 16749
6569 9227
10114 14975
5006 13533
10185 11300
15204 19560
11390 16312
2882 5891
9263 11043
3289 10637
10964 12282
12173 14691
4987 19442
4991 17508
566 16238
2375 2621
8260 17069
1884 10473
4823 12794
9534 12464
4147 15200
2719 16307
4575 6596
4734 15575
1246 7292
563 5154
1750 16044
5169 18682
6778 7385
1690 11218
13751 15487
14640 16082
14819 19224
1048 9904
14723 16939
9477 13236
10321 12058
5682 18729
5992 18961
6605 9205
3370 10353
5890 7860
9393 15904
11015 13779
6447 7525
11029 14894
3610 15442
1709 12458
2875 10990
8307 14171
2258 15109
11536 11683
3915 18501
2849 5304
5469 16825
426 11694
2935 4762
17738 18470
11806 19508
1002 6897
1066 1512
2317 18065
10966 16466
8185 14567
683 4492
14369 19692
792 7337
7843 12871
11571 12185
1775 7668
16506 18866
12987 14310
139 5476
1399 14004
6924 15921
1824 14146
6407 16878
962 2226
554 19390
3540 9935
3803 17945
3802 3894
13081 15676
14060 15321
14472 19427
636 16715
864 2177
8480 8935
5092 14282
4866 14087
608 4798
1039 7140
5736 11503
584 1976
5814 10964
16082 16640
10100 10403
12589 14955
3713 8227
3780 7380
7850 10086
1294 13243
11450 11600
216 15295
2127 17461
8954 16917
1696 7097
1182 18212
7184 9667
374 16471
5224 9457
4107 18402
5347 18268
11193 12657
10278 13827
8572 10099
9257 17481
2753 7733
493 4775
3944 17221
1811 7891
3500 9365
2399 16350
928 14291
8307 12243
4339 12905
2139 16804
1122 16700
6858 15215
16142 17187
3482 12786
17637 19227
4976 8908
13523 14492
4858 13717
377 19492
4868 17577
5983 9197
5079 17894
8907 18883
2405 14511
4893 11615
10984 12532
2059 12904
1711 17245
4876 16723
1226 5241
424 8111
7631 10099
2159 5643
3886 8092
5877 19693
14382 18943
8805 11951
13887 14506
2941 14145
7568 10319
5333 10569
914 8968
14329 17764
6055 6484
12530 16587
3183 19513
14641 17949
7475 16348
1296 12759
4928 19354
17220 17961
10947 14890
17105 18649
13544 14815
1604 6246
7092 13775
2844 5836
14605 16683
10803 14250
13398 15171
4603 11741
6967 10068
9973 17927
6631 7236
55 564
2908 19656
13193 18856
9537 15294
9610 14666
4622 11654
11786 18775
8069 18969
4483 10288
2830 7711
12 4444
283 7672
1732 13743
4399 13395
11111 13847
9355 10787
997 5653
5264 6412
16118 18202
7002 13130
6483 8515
1902 8379
8531 10131
2201 5459
72 773
4521 5866
945 18397
3018 5670
11676 18826
11044 13971
14114 18301
3559 9231
10425 10525
12634 17314
4631 9331
4961 10376
11514 18628
2592 17697
10090 14963
12858 15616
9558 19047
8983 14194
7007 12921
418 5211
771 6107
1323 7186
7397 7707
12601 15049
517 5232
4346 12206
8435 18640
9369 13882
6457 16952
13975 16487
10720 17315
12810 19381
2505 10687
1543 13290
6616 6622
10580 16343
6108 12658
3101 4461
3308 15503
530 608
14323 17264
1013 8956
12003 17907
12631 16160
5650 6284
15661 18618
2146 3648
1481 16061
1501 3317
6370 12443
14569 14734
4941 7652
3412 16819
5583 8905
652 4447
8125 17508
887 9462
11724 18100
2225 17805
5111 8201
783 3740
13425 15635
4414 12567
8935 10309
6051 13707
5586 16027
8222 12290
1045 13747
5322 5971
3235 14286
9337 16049
10698 19020
6110 19539
18087 18963
354 3738
9293 12143
13818 14680
12570 15139
13472 16746
13380 19537
1955 18524
11708 15576
9026 16906
12330 16132
1980 14741
3704 7930
6120 17758
9608 15679
365 14914
7782 8301
1773 9406
253 2769
9095 16103
2984 19131
9443 17740
579 14843
6526 15655
7558 7609
912 9942
432 13562
2676 7264
14346 14569
10389 16907
9777 15982
2780 8168
8172 18157
4024 15268
8563 12317
3480 14665
9298 10693
13239 15011
18218 18467
1512 15564
14795 19429
4344 15560
7669 10128
10196 14583
10764 11690
4159 19490
5642 8121
9880 12267
6266 19537
5438 17456
15169 16856
1644 10969
8164 8599
4892 9974
12207 14600
5187 16764
5692 13906
2249 17521
6978 11946
3113 5394
4979 16963
17846 19711
11543 18127
6070 17658
10593 18570
12752 17302
2210 15087
5515 18872
11771 15315
5557 12949
10989 15249
10696 16354
17885 19444
12014 16567
12914 15708
8429 9663
11151 13947
8461 11415
1951 3733
526 17754
2183 15615
7067 14692
1624 12055
2365 18982
720 14182
322 3804
5961 9863
6419 8182
7151 12704
5981 6564
4901 12794
4741 5662
317 9315
15524 17925
6805 7347
10568 19192
6705 7873
8555 18472
10398 16360
8354 10686
1723 12141
1422 2020
7752 13867
14355 15150
8899 18791
5637 15507
3044 10697
3013 17023
2100 8415
12357 17835
243 8469
5063 5289
15950 16211
7167 11599
652 12712
8636 16738
6819 7588
2097 7954
3902 11215
4269 16955
7941 8006
12410 14855
10617 12917
1611 4741
13463 13613
5782 8902
4221 14119
8041 16235
7253 15415
1010 6166
1766 12861
10629 18379
2148 7660
7523 10421
8266 12548
363 14139
5782 13657
3050 17177
10374 14282
250 9958
17878 18250
1476 7174
3671 18543
11098 13444
11342 14615
14629 17057
3816 5221
3952 16450
1840 7902
3725 11439
1110 15469
8091 8984
11398 14733
11318 11785
16180 19448
10990 16960
8432 10805
2291 11993
10219 11580
5647 7921
7294 10997
13454 16948
9816 14005
1187 15991
16614 16694
10557 15855
7047 11361
2853 10676
5253 12186
7477 19683
2271 2683
6611 8087
5326 10019
9189 17160
8119 16065
10876 16114
5839 11307
5548 6806
1341 1393
1250 2528
7545 9260
1421 17230
1716 12261
9025 10121
2113 3740
3248 9900
16862 19289
12812 18564
290 8099
10865 11097
2437 10786
4652 13091
12260 17392
11917 13151
13352 18827
8907 17113
3751 15425
5763 9320
3089 8873
9416 15027
3458 18496
3503 15194
9718 13412
9781 19079
210 7237
12632 13549
15568 16609
8291 16517
8141 15732
9090 10444
21 2081
3429 16413
2142 18261
1056 17666
10593 18531
14424 15697
2889 18699
1135 4791
15629 16172
4663 14404
11823 18899
2916 5981
12565 16569
7887 12807
3708 5540
4266 19333
6818 13484
5257 6958
5096 16403
3573 17863
1702 4400
8082 15207
18301 18700
11687 18565
2453 2626
6823 18221
3604 14274
11453 17227
10072 19206
8268 12258
17294 17661
14392 15393
5178 13633
685 1977
14012 17245
3367 8524
8013 19487
3080 19576
6055 6574
7655 18513
4719 13244
7918 9789
8865 11201
14314 17620
1327 9740
7273 18944
3611 14408
1125 9844
2812 8213
5970 9587
6433 13322
796 9089
1529 16635
14007 14675
3655 12249
5139 5753
12204 13205
10482 18828
15957 16802
13831 19657
1450 10036
16655 16986
3270 6132
8600 19105
14966 15938
10459 16386
1416 3006
5074 15159
7171 15491
1657 9381
14621 15448
10251 15684
4432 15142
4520 17940
3427 12557
8064 12405
7771 17584
10211 11399
6981 18377
14604 14749
6549 18353
5691 11753
10226 17868
6982 16698
2796 8912
1810 4311
3129 12404
6325 10960
10961 15830
9201 10513
9642 14812
4678 5219
4416 17698
6540 15682
7321 10365
4445 14148
9861 11629
3108 8021
6323 7200
6733 17167
10338 13790
12973 16658
13081 19202
8031 9022
7376 11479
1412 17607
2793 17237
11271 15586
9334 10129
9966 11313
14004 14013
6864 10822
4200 7247
2509 8491
1823 12179
1357 19515
8657 8813
11927 19682
2299 18190
451 7509
11884 11898
2087 9109
13245 16037
3980 5923
14617 17867
18098 18231
7859 9262
2296 5352
2920 8177
7481 19035
13691 15305
10215 13124
7205 15798
6115 15440
947 17412
7575 12224
10865 13034
13295 14300
12526 19688
742 18929
14504 16356
8740 13470
12453 14822
1531 9333
164 2149
454 4502
13326 17058
10005 14925
10743 11552
5311 18739
10140 12665
7174 11714
9057 18536
1291 9358
9742 16426
5179 7701
15967 19624
9845 10527
10998 16209
3097 7749
11962 12814
2588 12052
10494 16120
10938 13433
6038 13782
6825 17532
16075 18213
1425 18207
4365 13525
7808 17778
8126 14929
9681 14569
13058 13748
6281 18276
11989 14769
2126 12764
3956 18127
6991 8805
8310 15361
13659 17010
13625 18792
10968 15727
5715 6110
8031 9170
2563 14663
1564 7760
11542 12647
14941 16756
1725 15552
5648 6765
9 13843
12922 14436
8072 16942
7793 17220
2575 14046
14989 18677
2296 3252
5394 11990
2947 5140
251 10457
519 8216
12910 19565
9197 14357
2385 18005
1408 15695
6457 11637
12385 18640
7621 19500
6250 13657
13077 13086
1378 4324
6606 19711
1485 13748
659 18034
8332 13461
12714 14766
847 14275
18450 18781
5693 6611
821 2238
8064 14117
6187 7687
11978 18996
17309 18987
5711 11945
7609 18700
3399 17404
5613 5968
3179 7969
6712 12500
97 10038
10673 19015
2700 17088
14131 14382
14595 18074
11569 11722
3571 19712
8266 19021
6012 7166
11200 19696
9157 18002
15468 17737
10782 15636
1129 3717
15013 15759
9303 10496
5726 9575
8372 12363
3566 11352
2140 7929
16434 16451
7585 11219
13976 16720
8533 14961
19601 19603
14133 15347
6707 12065
1428 19696
10216 15776
3441 15653
259 17823
6656 11220
8967 19696
5270 13280
4330 14890
14115 16652
7743 13990
7947 11698
1280 18983
4683 14401
1133 7464
5001 10587
247 14163
11758 17117
1203 18893
4117 12351
2349 8235
2004 5694
14971 18633
7708 18038
14538 19404
8643 13691
2738 15141
16621 18333
1579 4891
8964 12371
7174 10572
12713 13941
327 18465
6384 17693
5941 12723
7690 18040
4517 5325
2472 10585
1900 15701
3341 7088
442 5267
4277 14198
4865 18707
11647 17686
6349 11355
5636 13381
6120 8591
9235 10523
19008 19112
12088 14826
9265 14410
12245 17666
10251 18334
10848 18312
11506 14892
216 9290
4319 8574
14398 14863
5404 15052
16747 18681
820 19545
12659 12759
2982 18348
2074 8396
3944 14754
5135 13240
5694 18339
3737 17038
18035 19167
10798 13719
6764 14131
12656 16154
8488 17281
13660 16635
1953 6301
854 8158
5790 12169
12523 18408
703 1792
2084 2767
11822 13866
2009 5884
11716 19204
2586 18507
3841 9387
4720 17861
5742 7709
6793 19579
11852 14968
10186 15118
5029 6357
7451 18188
3317 19320
13636 19688
11344 14658
8662 17867
7759 16919
2160 17217
3461 14145
5177 7781
2514 16650
1383 9891
2726 9076
1375 9040
9918 14611
7574 16545
5996 10914
5206 11120
1310 9917
8698 16895
4168 8514
5987 16143
2360 4885
4862 19577
2817 18606
5606 11202
7205 10248
9185 14943
2504 12720
14120 15686
7494 14562
11995 12017
7133 11993
9481 10933
14515 18404
10754 14444
8134 18551
1096 4738
1730 14166
13107 14926
1620 4718
10206 14338
13607 14850
9905 10737
5996 18996
438 7595
6568 14958
3846 15427
11952 15200
11696 17141
14360 18961
9789 16031
3787 18888
4465 5963
3623 5532
7254 14331
16668 17731
9142 15628
7319 11048
6252 6585
3738 16863
2018 5555
1051 12630
1113 1619
1970 13413
1679 6878
4166 8483
9687 10246
3734 16405
10172 19625
2622 8883
4402 12553
10061 15647
3935 4613
1421 9558
3077 6087
3903 14761
2431 4081
6601 11621
10072 12792
6744 8397
5021 7403
4972 18549
12743 17537
9697 14782
7022 7972
16398 16511
9748 12922
11647 16072
863 9308
1911 5434
12121 15298
6594 6825
17698 19568
15842 16338
15611 16395
8292 9493
182 3723
4838 19283
1165 12130
8575 15852
16974 18221
1895 6162
4120 18224
4105 14953
1270 13046
14109 17938
1851 4208
1936 3641
18131 18258
4466 14193
10904 13418
3848 14565
13090 19313
4927 12525
4218 14369
8185 16790
7759 8020
565 10755
7535 10928
1404 18213
12421 15833
9564 14767
1292 13825
9606 14877
3436 15965
3459 15751
7002 8021
4922 16698
1439 17194
8414 19088
7675 17280
8838 17142
839 11564
41 17772
2821 9597
6510 11515
6836 16634
12434 19662
2967 3859
2032 13961
4962 14351
5797 19044
3181 8932
11898 14331
8081 14859
16607 16684
5365 13900
5647 10942
5387 17707
370 13931
13416 13802
8961 16791
9023 16870
8853 11851
7654 18643
5276 13759
1676 14471
5332 18404
1262 19349
5203 8823
674 13169
1720 16871
6230 13898
1690 18589
9257 11894
11204 19707
155 12912
2543 5188
11268 17444
5033 15527
347 7487
12268 12882
2053 16436
1785 1804
6111 7972
8589 10952
6245 18871
2112 2580
9719 14129
12423 16279
13956 16994
2027 16994
4501 8487
3583 12193
603 13974
1208 1883
4335 9671
10411 17212
4808 16191
663 11834
3955 5141
11029 17918
8104 18492
10370 19179
10870 16605
1469 2453
1394 13012
4140 18485
9318 19439
1471 7177
1789 2762
1863 11349
2501 14848
3796 6793
12797 19705
9727 16168
8430 16727
10635 18227
6631 10293
7134 15097
2150 18623
5473 8884
10023 14510
11024 18300
969 19377
6560 14227
10252 13848
9949 18702
14136 17024
11329 18351
10758 18055
3633 13632
13510 15023
735 16021
8765 15273
9739 13225
2580 12851
2803 5118
2397 6626
6341 18598
1960 7523
9078 14834
4458 11692
1440 14596
2198 8550
3764 19494
1754 5067
14922 18422
598 5172
6896 15326
15648 15694
3292 15450
9450 10052
4680 13329
17828 19106
7052 12038
6412 15344
6222 13787
836 19403
9917 10516
1406 5523
2347 4100
2285 12721
10943 18842
7445 14425
850 17435
12802 17962
5837 15684
5198 5520
10435 16616
838 2087
6639 7075
717 1634
6484 17420
13217 14381
15085 19365
4167 19434
12178 12333
555 19466
17128 17899
13300 18004
4704 13532
5568 12634
14009 19506
16025 16956
3912 11488
5839 16633
642 19313
15594 18017
15606 18106
158 19450
346 1498
3074 15844
5041 8255
1229 13164
6129 12150
10283 14076
3412 17353
401 4361
1896 4270
8983 9486
1489 17151
1263 2721
6404 16030
14520 15716
9360 14856
2968 8126
6686 11974
1779 7225
739 12432
8158 13945
2025 18285
7736 17613
11339 18190
13513 19503
5464 18074
11468 19070
637 10265
1659 9330
7181 13277
6138 8977
8680 13116
3777 14443
14227 18706
12039 14153
6739 17256
3579 18036
16386 17964
8431 19555
8679 12274
15067 16760
8023 19301
1654 2593
7820 17146
2744 5352
2574 15278
13009 14481
3231 9268
3504 19297
8899 18124
6074 19155
692 2960
4553 13225
5839 6183
10054 17863
8082 12569
7280 19166
2788 8340
17579 17745
9160 14472
3319 9299
5381 16249
12189 16426
1755 11477
4509 9166
2339 17066
5858 9962
1943 10100
2467 8252
611 18324
5111 6497
14610 18576
14414 17696
2290 19646
6866 15153
4384 11742
5277 14559
9369 17352
12550 18685
4042 7337
3280 8010
13193 15979
9500 19116
5805 14934
3475 10808
9574 15220
669 17988
9363 17214
3223 7063
419 2550
18393 18801
7361 16494
8088 17979
5711 13634
4326 9923
13059 19043
2568 10306
1185 8594
9453 18534
2833 12554
11286 11896
2114 19300
728 17142
8443 14339
5037 14580
7744 7791
1366 3568
8010 14965
17825 18311
1496 19283
858 8863
2879 12417
10317 12846
3987 16376
8806 17608
13483 13569
10680 10960
2354 15879
9106 11744
12621 17121
4814 8112
9297 14238
11673 14383
2300 2389
772 1615
2014 16489
4576 8727
16685 17336
775 9163
5135 12363
11685 11708
5640 9483
7013 14849
1071 17957
1412 3226
4427 19545
653 7961
2073 3390
1382 5956
13296 14419
8318 16635
4284 14520
2192 11457
1625 19054
2565 16699
3130 15949
1763 7837
561 2871
6899 8635
4037 16066
4998 13795
1560 1991
15581 16155
12885 17778
1598 4752
11241 19360
8131 16444
3898 15846
10140 13211
82 8970
5076 15374
5273 10173
4478 6197
1286 15500
11753 14517
354 13568
12040 19116
7033 10634
11277 18008
7424 17331
7615 12640
4739 8771
13065 18269
12089 18445
12231 18933
15177 15613
4399 18053
11754 12091
15883 16681
10143 13974
155 5729
8734 11314
3181 15406
11172 19288
11273 14100
4545 15350
3963 15047
5556 7601
10290 19684
11644 19202
2559 13084
5705 10883
3118 16396
590 12154
3522 11094
1667 3425
6842 17193
3396 5981
8772 19527
16382 19024
11613 12505
12448 13603
9053 11536
4188 7916
13401 14733
7035 7549
16734 17070
9960 18299
1247 11396
9837 18139
12575 16084
2927 13719
15923 18956
9959 19049
213 2286
9433 17494
381 5076
2256 13551
3845 4965
1594 12567
3466 5442
1045 13503
1516 5325
10677 13308
14722 17708
10719 13306
2934 15469
9087 19376
1451 14584
4040 19633
5900 9570
3935 10540
15196 15467
5593 13973
5569 15240
4102 10612
11422 14061
12516 13400
3208 15701
6316 17869
368 2602
5665 13194
7632 8093
6438 10247
4306 18593
2691 19348
7264 12542
1151 1220
5839 7135
1029 11279
8002 13207
144 1657
15111 17917
1697 17207
3893 4182
6188 19294
1982 19354
810 4387
5833 18278
9201 17476
6165 9476
10837 13449
2601 11179
6294 7065
8224 16992
3543 7960
12720 18806
13517 16500
9034 10016
10678 16304
1104 17122
3236 10294
5707 9319
2935 8969
3493 8837
3841 18829
14923 15829
7202 9007
17498 18258
6678 17816
134 6063
7109 15050
2718 4250
14800 19372
2895 18731
3774 19582
14638 14789
15108 18698
1201 16730
3073 16585
3745 19257
1529 11832
9048 16781
4952 13245
3429 4200
661 10707
11434 13267
9461 11030
1456 10794
9098 11283
6595 7072
8319 16835
947 11417
14239 18440
16472 17599
6321 14845
3905 15813
2111 3586
5818 14399
8843 14137
3577 4853
13133 14540
13268 18322
14785 17315
9641 18492
1603 13418
10822 15987
1016 11753
5377 10086
13727 19093
10196 18067
552 18140
12809 14143
118 10562
1998 2004
10263 11957
13769 16584
152 16996
2082 8549
178 18585
14176 17719
4236 7516
16706 17010
5201 6555
14875 15720
4708 9824
3636 14181
10761 13061
238 11486
5995 13590
6375 9272
2531 15741
2363 18341
3989 5580
13363 17853
3661 5687
7833 10881
9126 12194
461 15955
1817 10498
9298 16382
1053 15642
919 3290
125 2949
10238 13201
10600 13645
2013 13929
3969 11944
403 12017
11100 11559
4970 14420
5832 6518
2500 19424
2443 3762
577 5993
10454 11577
3161 15948
9155 18023
13248 16545
3937 14749
5804 8285
2822 14029
1626 12249
4582 12540
9198 13788
7937 16902
3053 13857
11521 12996
5151 18104
8267 17952
1622 1987
5804 14294
1653 7796
8686 14983
3565 5765
11849 12036
11770 17135
14564 17056
1050 13624
2083 19372
3642 11265
27 3989
10271 11630
614 730
6029 8263
790 13472
10766 13017
5730 6206
7762 8830
8152 17158
2164 5194
6180 13526
8853 17723
5929 13029
5704 6401
6912 11624
4847 15650
1599 5138
8875 17243
11874 17892
11744 16158
2186 8693
12005 15040
911 4119
7407 9878
9426 18054
389 474
539 7614
6444 16875
14075 15522
12767 17155
886 16454
1725 8447
8263 16608
5275 17002
11982 12954
2356 12059
2546 15875
8723 13201
10674 16154
16877 16899
7424 16071
2136 3948
2640 8859
10643 11165
5701 11941
12288 14236
8117 15722
13620 19027
11881 15390
5508 14326
2673 16518
8953 16090
8534 14812
16272 16602
6219 18981
3370 15052
2614 7941
10676 17576
10282 17994
7838 18684
11937 18956
5082 6132
5351 6569
6396 12408
13380 18757
510 13383
10045 19694
15565 19299
1434 7133
4039 12405
3383 16594
5845 7722
43 7036
11796 17216
4093 17443
14962 17080
4366 18000
2433 16292
4308 12880
7100 15347
6014 14519
3102 10410
15023 18919
5738 19198
9626 19265
4090 11488
10122 18259
570 17292
155 17103
7858 19195
12573 19444
14240 18899
431 8109
413 1756
15452 18248
5070 17702
1002 14290
9044 18996
13963 15036
259 1567
694 14330
4684 14198
14019 19476
566 11831
4962 8690
3159 13224
9141 9202
17346 19705
407 3270
4627 5013
10819 16018
8788 9324
4589 19075
54 10381
193 5741
11131 15144
268 9311
10202 16649
1285 8752
7423 11712
3004 15368
1407 19538
8546 9963
7071 11503
1542 17666
8407 12583
8117 8908
1068 6364
8143 19195
14419 16353
1344 4020
10152 12857
1495 14949
21 8478
4628 8560
15505 19617
17283 17975
8149 11726
5901 6378
9417 10261
2058 7458
13468 15122
4857 8879
5403 13510
7600 18195
6311 18603
3127 7170
4448 10820
15372 17161
8087 8196
1521 9489
6371 14376
1641 9972
11355 11796
2920 12507
11232 11518
17090 17872
4766 6461
5762 6159
6460 17049
1615 6445
1502 1986
3170 19706
9176 12248
525 15640
8590 15556
4228 15614
9419 17128
1713 10931
9683 19312
3429 8335
8638 13090
6772 8283
2225 18299
3229 12765
6660 17028
11140 12576
6281 12944
5443 16114
1605 2349
11281 13015
2741 14832
15546 19447
10809 15018
9578 17612
5229 17419
2407 14750
9527 16395
12994 18705
13401 15062
12646 17504
3680 15533
12491 14470
2553 7699
1864 18713
2861 16617
8902 13880
9481 10209
1853 2623
5718 9387
8593 18488
5882 12013
402 18950
6259 11713
15665 18284
11183 18750
1930 13066
8954 19094
5467 12245
12655 14598
1092 5212
15679 19085
10198 13755
8571 15863
10039 15979
13524 17737
12639 18208
5397 5702
11141 17221
126 17263
12219 16329
10425 13509
1957 3186
5957 14160
15393 16693
1487 6046
9147 11320
6391 19224
1353 18263
3601 19048
9220 14550
5629 12292
690 12569
4781 5550
12357 19681
1192 10067
5527 18670
1073 18020
156 8737
2749 16610
13470 16146
13923 18755
11552 13432
8170 18911
2184 11425
578 9141
9648 11032
11899 14638
9217 18070
13719 14415
655 11353
2732 6590
137 7287
3488 11670
796 12796
15486 17504
730 17753
4182 12715
3053 13140
9469 15359
1151 8004
3167 10501
9706 9970
2515 8369
3676 14640
230 18086
5359 18698
1463 5878
1215 5350
12732 16115
3045 17055
1167 13067
11459 12607
13286 19426
16596 18680
9850 10474
12724 14646
10762 14340
14262 17482
7340 13507
10584 13508
3542 6969
4447 19309
4133 8073
1174 13241
3467 3920
5679 14060
3144 8245
12654 14303
5582 10675
1907 2049
3825 9233
5318 11117
3417 10232
17693 18227
420 19310
3281 4985
12566 14426
2121 12379
1952 15061
6238 14185
8131 8329
10922 17513
118 18263
2166 4570
979 9500
12075 16264
5810 18295
9581 10342
3275 10850
9290 11477
8588 14260
297 19032
5783 12714
11644 14845
13087 18546
8686 14096
2384 13759
10280 15233
720 12033
4944 16820
13657 17362
93 223
7724 12594
9363 10205
8775 14324
5398 14912
18618 18927
14321 15753
99 7574
12111 14126
7063 8197
8716 14325
6374 17468
3377 13988
7626 14032
873 5766
14908 16475
15227 17970
457 3929
1337 16061
8452 17076
7282 18270
2038 13152
6748 8691
3041 5528
12880 14983
1904 13148
6011 18670
4023 4412
10092 13777
6681 13431
14842 17740
7 13968
12013 19121
10116 15719
983 15321
10309 16016
9659 13760
3252 16569
7135 14259
1531 9601
9183 14839
9094 14852
11581 18589
2165 17131
2488 3181
3302 6971
2341 10812
2153 17778
9006 15329
5187 9461
10959 12629
14085 15326
1128 11884
1780 15385
2925 11694
10939 11440
4078 13861
16893 17254
739 17766
10978 11415
7802 14578
7306 12734
4425 17642
2777 6039
10424 14258
9944 11122
8476 10652
4568 17680
608 3773
548 16747
5741 11767
9619 19393
18177 19004
1480 12926
2968 3491
563 6322
18949 19713
14182 19110
5382 9814
3237 15605
8144 8539
3186 16235
7890 16825
7499 13832
4773 10032
6909 17382
9607 10657
3065 10130
3852 14071
11008 17357
7088 13446
8391 18956
1198 8564
989 13679
6458 8533
6802 12190
5173 9708
3959 6855
955 17499
7313 12291
12484 18057
4739 7819
12844 15011
390 5875
8185 11649
4610 19324
1699 5289
4837 13480
4607 8340
8734 10949
10720 13671
7588 16420
5138 16937
15588 18187
3702 9883
7420 16821
14230 15469
9488 18506
3310 12461
7357 9093
8572 9502
8768 11079
1693 14611
2378 9249
1595 18846
7951 10650
4729 17764
3489 8545
5507 18219
8729 17094
1402 8570
3635 4260
6691 17866
828 12051
10082 11727
1865 6788
10315 10725
2072 16850
8804 11021
5042 7771
6319 6882
8263 12455
7485 15430
16431 18213
11286 15952
11446 14400
1356 1738
9921 17185
2490 3505
13863 17622
6428 13534
3676 18242
5035 18419
6800 9322
6868 7421
6855 18046
17919 18413
4819 14953
6973 13559
1694 2458
1083 11820
3459 15496
585 4602
13706 17280
4920 9631
13807 19254
383 1345
534 16151
9557 14775
15144 16546
10636 17405
3795 4163
1866 18294
7668 13699
2557 10322
8341 8463
10679 18797
13370 16363
7956 11459
2570 16054
8621 14366
5049 15354
4352 13581
25 7915
6469 8718
13454 19467
12342 18245
3440 16781
6572 13968
6104 8033
12956 13172
205 9143
2627 7340
1264 15982
7484 14035
4061 14587
7108 15894
9090 18630
2293 14106
11294 13327
2132 14237
6832 15067
5847 7270
1385 18199
4979 9894
1440 10552
5202 15494
1110 3848
14867 16799
9309 14753
2991 17010
12740 19182
4896 4985
9358 19438
11206 18081
10917 10993
6038 15858
2793 4710
1340 11857
13252 14509
6324 14946
505 4220
5556 14167
7450 16328
895 2304
13657 14020
1703 3957
4038 8919
15123 17938
4812 15426
3643 11738
8090 13675
6545 10118
17920 19529
11261 19652
11802 14718
8739 15054
2394 12908
6326 11126
12543 16309
7722 10215
7985 11867
10010 17502
4620 16665
9932 13010
8467 8990
9944 10870
1210 11496
2623 10496
2154 11894
1922 10206
1481 16753
11615 14156
5818 15212
214 1564
11516 15533
6645 18245
505 2743
14616 19084
9960 10294
14129 19222
9698 17829
82 14634
1410 6214
8272 8852
5345 12187
7424 9278
3089 11679
2306 5827
2942 14596
12421 19354
6085 13030
2634 14522
7291 9668
676 16177
5553 12054
4836 5845
684 9403
6578 15109
14201 17429
5421 7250
6458 13043
9860 11355
1108 14201
10873 17987
3814 6302
13564 15475
3505 13571
16422 18780
9801 16536
1704 7214
8426 11391
4507 14630
5790 9928
164 11027
1752 7062
8419 13181
313 14471
1545 4684
13739 16180
4454 16901
7972 8681
1528 16045
1028 16803
7652 9468
7585 16413
13092 13900
14582 19475
11966 13273
5787 11096
7320 12437
16191 19166
1618 10114
4333 12650
10158 12065
15548 17795
3171 8060
10469 12509
1790 9148
5904 16724
11675 12475
441 7616
8747 17059
6661 10861
11224 17543
11487 13888
10593 13345
5733 13109
2992 12939
5248 7491
7897 15318
4999 12114
848 1386
2629 18678
843 16856
187 2445
11441 17332
8057 17895
5737 15459
946 13253
6679 17312
13196 18208
1101 15580
4355 9892
14730 17609
12099 13746
8508 16573
9886 19503
2706 17345
2847 13999
4026 5362
11528 19428
16167 19615
10276 13530
8851 18207
6302 12222
3969 14568
500 8933
8188 18273
5397 10062
1736 11660
4911 9092
9148 16087
9792 16717
5006 18179
1038 1990
7470 16241
11957 14356
10771 14208
12394 16818
12795 18561
7355 12090
13085 15085
17674 18406
18504 18607
1298 5369
3194 9635
5101 13875
15814 16932
7292 15922
427 743
7091 9682
7586 10990
589 2172
8608 15579
4425 19511
10174 19549
6409 18392
11815 18123
5575 13794
4560 5125
6483 16495
18648 18977
3818 16337
14670 19522
220 8617
11803 17372
9685 14002
2074 16442
3554 14131
1321 6387
2044 4191
10918 16368
14920 15315
1565 17334
4559 15021
10872 17043
1784 12971
2315 10660
9434 10611
6133 7369
2293 19601
12545 18538
376 5741
11182 16171
6344 11456
3255 10199
2985 18607
1611 10230
1838 17898
4308 8197
6398 12117
2412 6721
4964 13151
9497 10677
6284 11934
5282 9165
17901 19381
3329 4611
2740 8688
1594 17837
5540 9372
6415 12881
7345 9867
2357 6537
8771 16442
4694 7782
9649 15112
7941 12725
7715 9511
1141 12828
371 7057
14875 17630
9635 19253
2859 6182
7272 17579
15086 17230
13537 14583
2912 4971
8195 12548
1037 13386
1248 13581
4607 5608
5124 14462
15428 18371
391 1295
10048 16281
6891 16313
4939 18803
1511 17342
284 18822
514 16498
9131 11124
4385 17648
4068 13772
4811 16174
17569 18871
2534 10850
8123 11096
8412 18686
2279 12931
15137 15574
1334 9873
9590 12983
581 18548
3181 7763
12853 15606
5414 6877
5642 16847
11418 13904
3805 19537
11435 16820
296 7195
5646 8243
10750 13600
2692 4306
9512 11599
10346 13882
2546 18563
17179 18784
4722 12521
8208 9593
8226 10582
63 18779
6740 10720
1095 6654
9285 16903
3553 13250
1835 17393
5044 18757
5657 18327
3973 14105
6236 7314
507 18607
5102 7772
1370 10384
10569 15983
2960 14280
3029 14094
528 16459
5767 10718
462 5268
10750 17498
9746 14338
1845 12390
15389 15919
8935 19180
12609 19474
3596 8812
3457 16826
17318 19406
8050 15443
2102 17275
15932 17153
15045 17354
5014 14876
2406 15174
7341 19125
19252 19376
6835 13315
10008 16112
17587 19268
6660 8930
11449 19260
4015 17833
4639 9286
12262 13373
10958 11075
16883 17882
14195 18100
18176 18250
1619 17619
10286 11530
4980 6969
4239 16831
8904 14098
4484 14060
12100 13231
15340 15411
5719 15778
9614 11593
15888 16110
6632 18421
4986 7019
2480 16033
3548 7029
4151 11072
12716 17676
270 11665
3245 8016
588 8615
7995 14412
5026 17653
10028 12689
835 17095
6081 10266
879 10864
10984 11120
378 13423
9093 11556
7793 10472
4917 5868
3702 8003
3871 5239
9628 10184
11620 18781
13211 16841
8645 17459
8427 15719
16092 18741
4048 19648
14533 17974
12137 12142
968 3651
11411 13555
6760 11084
9373 10882
15350 19410
12345 14977
2822 3274
546 15735
6835 8682
397 1730
8947 17015
3900 7902
14628 17548
4573 18637
1102 12681
3211 11979
7579 19652
7666 18485
10302 19018
14380 16306
447 4947
721 16858
1273 8856
14495 19235
1550 15969
1895 17340
7312 18542
9199 18427
11536 13967
4110 10617
11473 12606
932 17346
10803 10980
14492 14819
8033 18710
1923 3057
8774 9238
2650 11431
11981 14297
8699 13790
7250 18566
9584 15342
6339 17722
3841 10524
1179 6192
6762 8214
4090 9382
16788 18339
4015 8281
893 4728
8902 10269
11739 16238
10385 18230
1018 11466
5681 6639
7322 16070
5324 13854
1431 3887
16866 18288
10146 19024
1836 13583
2140 3001
1770 7878
11123 17232
1033 6900
9428 12804
1121 18177
2984 16258
5511 6401
1247 11915
11085 17830
9134 13581
10456 12667
1084 12232
12948 18700
3326 8494
8637 15048
13638 17073
16493 18683
14602 19250
7786 13369
1823 18754
2479 19255
464 16247
5598 8959
4260 9128
6592 18486
3960 15283
1296 12413
3347 18191
2444 6199
9917 12987
116 17079
7526 17516
6133 16906
10035 13957
5183 15584
2384 12928
14131 18794
316 5819
9781 19465
10602 16152
8469 14707
17386 17566
5777 11914
2458 4325
1174 2165
11437 13479
5037 14087
3358 3438
1510 5542
9348 12829
2560 17568
11688 19615
9499 13868
1165 8134
27 18069
7380 15250
3335 3430
129 420
9695 15107
7989 18107
11926 17226
15025 18324
1180 17454
660 10860
161 9336
7528 8591
4342 15202
10326 18228
16572 17753
9265 13603
9146 17908
9060 10532
12273 12305
13061 17136
5123 18961
4348 15314
10650 12103
1314 9913
5758 5923
7097 16694
5771 15692
7604 18892
1358 10306
5569 9496
7409 13214
9680 11337
14825 14877
2846 11718
691 11629
6512 13392
519 18537
6792 18210
2286 16574
7398 13063
4421 4892
1342 7607
13436 14415
2624 12994
878 16148
870 19682
12577 13008
2975 7162
16565 17328
3689 9549
10352 17205
7387 11388
6034 10548
633 15280
363 14180
5627 12695
16370 16790
8999 9443
1138 11456
18250 18996
7303 16706
8063 8972
12634 13358
9352 13726
4152 12182
14401 18137
3440 11420
2602 13371
5479 14894
7296 10670
8179 18128
246 12424
5974 13696
12455 17162
13929 17477
8521 11763
5104 9861
15504 15847
4135 13457
4234 12452
12938 16236
6171 15052
1217 15581
4125 8830
4214 4852
5708 19711
17371 17808
481 6761
7089 7723
12007 19687
4745 5013
7627 18405
702 15816
7630 12161
7586 15847
3665 5431
836 16156
7809 9048
13086 19555
18604 19560
14423 19084
15908 19166
2400 16104
961 10203
9885 16825
380 9277
3074 10063
883 4582
3459 9232
6603 8750
4737 13221
8252 15455
2064 16781
7141 15216
2883 10002
3033 18785
15103 17770
1008 4935
7759 17702
1454 7008
2934 14144
10092 16804
12838 14074
2798 6181
1346 16125
1547 11073
4834 5992
13121 16869
1522 4767
16699 18099
17876 18552
5053 7419
7137 16025
9464 12692
9001 19013
7759 15430
16879 17933
6326 16266
832 11875
3470 10225
1715 9055
7624 18698
77 5039
11861 17815
7867 9613
1547 6112
243 12552
1737 14009
8483 10608
5802 13198
9298 16423
3548 5948
772 13991
4650 15044
1848 7805
7258 8958
16882 17663
11964 17404
4358 13938
8959 9311
3249 7174
3982 15281
3086 12911
4013 13379
7872 19556
13425 13882
10848 12742
2898 10779
5488 14704
11294 19489
9493 18620
2741 7718
1547 3325
13345 18786
4513 8984
333 12713
5702 11948
2364 6251
2875 18872
3675 9948
7573 19296
15385 16073
16498 16856
6963 16782
9051 19207
4210 5526
311 19540
4856 5223
2769 14798
5128 11743
14971 18752
1357 17398
4753 18625
6969 7610
8553 13888
14832 16105
5720 6905
2206 12488
5265 17707
9427 18103
8702 12744
10547 16541
3721 5718
1212 2661
4988 6284
1451 2325
3063 5999
6558 14182
9 13323
10120 18759
8792 17971
8742 17386
11228 16036
13131 16106
2999 12737
5494 15873
2310 11655
7781 11180
500 8717
7441 15434
5235 11504
745 907
543 19295
815 18012
266 3366
9490 12622
3876 8707
4841 5631
1002 11419
3490 5006
9493 17182
16704 17533
5967 15358
1140 6992
3698 11035
8791 9663
1304 2460
12322 13832
4380 13156
17835 18978
6974 12342
2834 5021
8587 13077
9939 12243
9292 19326
14742 15860
3578 16807
3858 7096
149 1790
13530 14717
7970 8978
5421 14676
1040 14375
9107 18441
427 15008
5983 16734
8261 18169
932 2363
1029 8015
7180 13501
97 10037
3782 15985
3735 16964
3879 5719
18549 18912
4718 16611
15268 18824
2743 5954
11851 18788
1552 18497
12012 12560
1081 6651
1411 9674
13549 16141
12942 15902
11158 18527
1637 4217
2800 14882
7612 8086
10197 11169
559 7341
8267 10545
5418 17165
793 16721
8618 10135
2416 9204
8513 11828
7736 13950
959 5110
10301 17121
12933 13955
9898 12281
1957 14566
2941 17056
4136 4345
11213 16330
3994 12889
4442 6493
6348 18147
6917 18748
5602 12500
2556 5103
1675 4224
7945 17169
5689 16717
12084 16826
6477 17525
5322 16988
2493 10710
3232 10839
10027 14169
9289 16893
12715 14916
5075 5670
12817 16473
1621 13653
12552 14504
6497 12360
10113 12355
6090 14746
14811 15311
6799 10012
10266 19460
2031 15820
9357 13778
6512 17464
1004 16468
17294 17307
1166 16205
4240 15141
4780 5351
9168 19104
3844 8159
5243 9462
10405 16033
6027 7011
4251 8099
12598 15418
2010 7216
7555 15149
8188 15771
11976 15315
2032 13453
9068 9915
1237 3246
3957 5739
4830 13940
3338 9713
4957 10382
6253 16236
11 7836
11786 14528
4011 16754
13489 14892
3855 18546
1670 12608
348 15472
9630 9807
125 6785
16679 17988
5699 7054
16651 17099
9817 15320
9340 16882
6536 18628
3571 17413
2771 4051
7362 13867
12544 18766
2443 2639
2412 4329
15228 18297
1739 15451
2130 10917
7485 11883
3620 7799
6018 17076
71 7199
313 6773
13738 13858
9532 18940
231 375
211 16960
7100 11563
5386 10804
1689 7678
5294 15383
13869 15702
1382 9130
13666 13676
10185 13006
5088 13396
14631 18402
6896 16280
9844 13419
15031 16695
16844 19620
11268 19222
336 9947
3997 13463
152 16109
7823 8375
6035 17096
9826 11317
3338 16922
22 196
2470 10394
12467 19563
7052 15996
44 4270
5903 9637
6837 14345
2770 18675
893 14580
15622 15723
5169 10172
7771 9419
9236 18159
10730 12382
3937 13420
10443 19416
3580 8338
13814 18542
1188 2135
13413 16357
41 19707
11373 12873
5218 17791
2266 13340
10525 14910
437 11932
8466 16798
1853 2331
5671 16788
1031 19573
6087 18227
13848 17433
6669 6957
3712 3929
11375 18355
2584 17000
10594 11516
14555 18420
556 8063
10106 14802
1917 5487
3136 14736
11304 14877
6228 7761
7594 16271
19402 19638
256 522
1550 10697
10687 13386
1278 15709
9100 11092
4743 9357
9563 19555
6222 9147
1923 2356
8218 18460
358 10932
7531 19152
875 17821
836 19080
688 16354
12232 16221
6760 13858
2524 11716
12514 17847
3132 16942
7636 11784
2913 16988
109 10288
6120 19275
17814 18805
7146 17831
11427 17513
6433 16449
3447 10872
8269 10054
5010 11082
4768 18031
292 6625
351 11685
1799 12646
13763 15214
4838 10017
13690 14913
13664 16366
8175 9814
2279 15834
1474 12446
4952 19326
3206 16323
370 9189
1594 16241
1497 11027
2419 14817
9799 19074
3335 15892
4473 17969
3710 9502
3098 15987
3303 7819
5464 8812
9899 18626
555 13469
2566 4177
1749 7434
12686 17927
5168 6875
1633 16393
2798 8574
11577 13349
7430 10926
4825 10256
3092 13566
10297 17275
7072 7851
671 7960
12702 13412
8085 14444
11024 12106
13883 17121
3940 4353
13202 17940
8444 11574
10484 10557
4292 12776
3168 5737
11578 15979
2108 17446
3168 17373
5618 12381
7129 15807
5248 8215
15814 18234
8204 11277
3335 7941
14536 19488
6655 14310
3729 18599
1154 1459
11983 15263
1300 18301
116 14452
12902 18862
4644 17450
9817 14449
11196 16342
9525 19353
16131 17525
15749 17320
6283 11399
7313 12266
11283 14088
3289 8046
1354 17548
2790 11864
13490 19369
10260 17070
11476 17779
6326 10356
15311 16735
14217 16465
9904 13233
3305 13419
11233 16884
9538 10486
18922 19655
112 4838
5609 11522
228 14247
3422 12537
497 17942
11316 19110
2857 8307
5427 8953
7264 11766
3059 10817
6945 15213
1963 13930
12514 12589
2678 18389
5288 17734
167 8277
14750 18647
5033 6527
14070 19692
8073 15649
2605 5257
7195 8423
10199 16739
15667 18959
8758 15066
3482 16270
1318 14310
12033 17646
1047 18426
1942 7691
9419 17931
4225 5176
4531 4980
1905 8917
968 13229
546 15000
5240 11329
7105 14520
1935 18955
3012 8639
590 1071
5098 8972
16393 18479
7325 10910
3251 14137
9953 18989
3490 12410
223 12406
5594 9503
5614 17626
5665 6099
11233 13500
10653 15275
18168 18355
2266 4499
4927 15198
4622 10439
5358 17066
3065 10618
14337 16822
4852 5862
9699 18263
1480 6204
307 17880
83 15249
8065 8981
14090 18646
455 9376
7740 12018
4356 4889
9990 17376
2845 7816
4585 9735
9550 9675
2174 7186
8594 19539
1573 8414
13653 14186
187 12319
4379 13625
8589 15821
5172 6518
10848 16295
11683 15654
13460 14494
3483 5297
9579 12339
2680 14556
13815 15628
17567 17669
1683 10186
4239 9291
2611 8261
11680 19454
1073 14255
1747 8840
5627 9370
2011 8827
758 17525
13128 14316
6436 9651
4709 12525
6865 19190
11265 18728
7510 13473
2579 16628
14555 15891
1094 6550
6971 8692
4505 5791
11250 11775
8131 19067
468 2866
5158 6526
8757 17687
4298 14239
5164 12205
12883 16827
7228 8254
2056 9531
9791 18011
7257 12731
2721 19699
2516 6440
11364 17321
8181 11514
9257 10984
3437 6056
11899 16256
5325 14067
18153 19206
695 4999
7114 7602
6185 10723
3723 10103
5350 7263
9085 13350
919 9191
3519 16735
3601 17474
1252 16304
6250 9851
1905 18704
5592 14686
801 4864
12690 19473
5980 6730
6211 13449
10049 17091
18915 19653
2329 4005
12167 19142
13823 19179
12459 14814
8797 10977
13116 14774
1641 13675
12938 18968
2123 14340
13573 16474
9861 16143
2823 18429
6517 9630
3411 12957
5220 17663
6374 9875
8757 17856
1494 15846
10651 11146
5826 12867
364 14228
12303 14002
2134 10089
8926 14397
11057 18776
14362 18317
1070 17108
2307 13026
2874 9255
328 7309
4577 10933
2783 16528
2392 8870
12161 18831
11342 11997
709 7653
4069 7915
4036 9688
13904 15997
18077 18380
2931 5167
1682 2120
3605 5462
18003 19169
10763 11846
15962 17737
11849 14892
2922 16611
12602 14033
12177 17891
3968 15737
14078 19021
7698 17560
14118 18085
8329 12358
3195 4023
17283 18958
6146 11152
4324 8529
13840 16224
7244 9456
5216 10695
2242 16476
7452 9514
5739 18024
5008 10421
3468 5415
71 18403
9068 9072
586 3754
2062 3924
4429 18266
6962 11610
2173 19024
7532 8169
591 19292
3675 17813
3142 7422
10412 18348
15834 16197
6765 12951
5860 11180
8266 14243
9075 15775
8587 13154
7854 19347
5920 17489
3258 3550
4974 5321
10778 12984
2632 13258
7061 9927
11941 14977
154 4638
1707 1877
1894 8115
5342 15886
8563 11705
5695 7449
6360 17218
3563 18742
6697 15808
7301 12891
10536 18873
4660 6490
5474 11459
7115 14455
15004 16177
1033 3647
1087 14188
3552 6998
30 1387
16070 19269
2634 19113
2417 6729
16491 17613
2869 10512
9975 19024
7416 14553
12173 17702
1366 15366
6572 7383
6803 9336
738 6580
7263 13426
6589 14765
7078 18679
3001 14902
11662 18287
7565 8239
14123 19345
3008 3929
2312 3032
435 1067
19382 19675
14059 17264
12760 19517
9022 16999
433 15176
15350 16141
5616 15312
8875 14209
2395 16246
9636 10211
3598 14806
3495 10111
13859 18697
3245 11348
4121 14898
2560 11618
12603 19177
5060 19158
14187 16671
9032 9413
3609 12145
4596 16811
10070 11039
13677 15447
4682 12358
2887 7210
8795 18497
1422 13978
1741 10611
16416 16853
364 8864
12935 15406
12167 18584
6279 15292
15633 16084
17737 18931
2126 2902
8671 13232
5921 13573
5412 11764
8583 12903
12498 13594
14834 18737
10498 12581
8817 18303
11292 12281
8326 10181
13707 15646
933 19016
5784 8473
2499 5291
6194 14268
3467 5675
11143 18308
4258 19105
4132 10421
4440 16986
11306 17699
3941 16105
10114 18165
1021 14464
17053 17102
1573 19598
727 19242
3292 9678
8134 17539
10143 17059
6072 18278
15469 16275
10553 11657
11393 12560
6400 12274
1098 12550
131 17292
13026 17247
7413 15514
10959 19634
9988 16357
13023 18140
5455 5854
1137 1392
3586 13805
1428 18833
6830 17482
1260 13261
3360 17880
3624 10851
6206 10009
10563 16187
13097 16277
291 11903
10449 11636
1545 2037
2926 15490
825 16860
4577 8506
915 7973
5223 13459
12387 16233
8950 11971
4042 12159
6002 6643
569 11263
9536 10779
15323 17066
6215 11349
563 13405
9413 19303
17855 18210
14018 16912
14378 14903
7910 15366
3010 5884
261 19137
2529 6297
7392 14187
1249 15109
9916 12950
14430 18534
560 15260
2401 8753
872 3449
1497 14710
4232 18039
4170 19691
2853 18981
13000 15435
9103 12614
516 18214
17409 18524
1515 8309
8184 16147
10988 12054
11848 18801
11591 12710
3560 8286
4464 6846
1541 16798
6860 11322
179 3126
6856 9162
8684 10547
3739 17139
10356 12543
867 11646
8473 17000
6051 17848
5961 10435
11248 13133
11958 16231
5069 16336
6886 11175
11013 12087
13007 14697
927 17993
3265 15427
11368 18422
3742 10766
5200 6416
7575 11568
2753 7552
6807 17015
12612 13297
12517 17822
15363 15700
6571 8642
1153 6789
13669 14432
12699 15016
10179 13500
13093 14553
9720 18207
11110 11850
632 10889
3523 14652
3243 6698
15024 16816
3988 6595
10782 12485
11957 17223
10329 18767
4648 17054
5753 10768
14716 17504
3316 19291
220 19682
4816 18270
10710 13542
3415 6674
4539 14721
428 8038
3464 15621
4951 14695
773 5487
10077 18854
16450 18133
5424 14528
11781 19083
4460 16596
7457 17199
12247 19576
13495 16387
10343 17347
688 4457
16824 18651
7863 16045
11787 12302
7527 8272
2670 13858
317 18109
2657 5974
696 4616
9849 18187
8439 14441
9258 14930
1656 6218
1654 2138
1346 1427
5524 17302
4262 14284
5720 18954
3671 9481
13598 18354
1160 3920
2813 5774
580 8875
12492 16878
3847 18077
6 12046
1637 12287
8002 8219
1034 11481
433 18906
10607 17046
10310 18595
7142 18495
613 16039
2316 3826
5045 12744
852 9878
461 13830
4945 13365
504 6409
3534 3895
808 11043
32 12121
10559 11565
8851 11343
558 4708
16189 17362
6463 17350
1531 6666
5528 11070
3084 18489
11420 12610
18374 18410
15980 16334
2956 15174
6581 18498
212 13905
6800 10701
2098 9315
554 18613
13639 19189
15396 17533
7167 8502
943 5114
5582 13923
12151 17609
5464 6853
5245 6554
14562 15376
11261 18142
4723 6189
12283 15301
14989 16438
16714 16821
58 11513
7844 13272
7561 15589
7997 14430
3323 8285
13714 16835
7384 12988
5158 6210
12629 19659
2513 10191
5658 16697
5754 15845
13119 17751
5017 7295
16577 18467
12496 19015
3566 16643
11708 13888
4648 19028
414 6794
11197 17720
1325 8757
687 15162
5164 9612
9941 12720
14249 18029
7663 18606
7591 19037
7615 10483
1732 10846
16477 19101
16076 18468
6292 18673
12543 17432
5938 7771
2511 16297
484 2331
527 1616
903 14938
13909 18385
771 14920
2888 6675
10268 10773
3935 11056
1856 18988
7940 12635
14903 18888
4921 17500
1562 2354
3619 7236
243 4773
6730 14149
1579 17817
3143 9182
7097 17618
14183 16117
8532 14180
5629 14417
8065 11848
6251 8300
3708 16872
2228 11953
10770 16561
10139 11445
8835 13691
2371 9004
9813 16112
4152 13345
5389 6929
7762 13911
6703 14576
9180 14664
11207 16525
6958 18242
3890 14290
13587 13635
14815 17395
83 17269
11618 19564
309 17824
10476 13414
13774 16743
4604 11109
1763 18880
391 18694
8901 16548
2734 15850
7399 14860
359 15043
6789 12476
354 7486
4333 12338
1465 14295
6420 19384
2687 8165
337 16043
12727 18505
18453 19274
2418 18564
812 13037
4204 18497
379 3255
8145 18048
12504 16032
1932 8449
26 8128
6663 19198
13914 18654
11501 14579
12283 19596
1229 6556
6838 13613
5787 12467
6618 19332
3079 4814
3414 15310
10346 14013
2687 10726
4647 18876
3470 15149
13457 17501
7860 16053
3557 10980
4286 17416
5768 17223
3962 16597
10161 17255
1784 11744
3560 14450
3594 18489
4190 7434
666 9298
6150 12289
5570 10715
629 13002
6562 15298
6457 15387
3434 17928
2251 6218
6317 16717
8725 17409
11747 17867
1146 18542
2835 13229
5657 17128
7489 19313
707 14476
2826 13391
9405 10933
3412 19583
3021 7757
9482 17475
451 14945
612 3673
9506 17169
5867 14483
24 4136
2166 3026
6863 17515
10838 11714
4905 19042
10952 11660
6625 19049
8929 10414
12221 17259
4513 5273
4608 11888
2190 11662
6232 19225
13993 18285
5795 15500
4478 13343
376 6677
15293 15847
13163 18409
8918 12854
8039 9007
932 6243
3487 5765
15256 19018
9721 13392
628 680
6058 11688
4914 17650
293 2086
2387 13277
7747 15756
79 11841
2872 5646
13435 18902
8445 12178
872 17600
5836 15519
9466 18583
1700 17222
14476 18815
2438 8916
8118 18945
3431 11828
4770 15442
17211 18973
12050 12276
13490 18371
2308 15896
3386 17823
14234 18257
4537 17962
10739 12753
1644 2179
7747 10442
3924 14703
8975 17661
1702 4427
13195 13685
11210 13392
364 8622
7121 10492
905 19541
9600 14331
6254 8452
956 2485
4390 8867
10891 16986
125 4823
8095 16122
961 18778
3084 9972
15260 16780
10756 11631
1893 17195
8566 15140
1873 8517
2406 13361
13982 18312
9390 10325
1728 13977
5122 11185
2435 10463
1031 12320
463 16539
9885 18273
16844 19027
1967 13229
7731 18455
11913 15016
3372 15745
2363 7605
2041 5622
10475 15093
8566 12969
5820 18927
9190 12895
10693 13904
4663 8061
2668 16744
729 13848
9120 16066
16910 17113
1497 15461
4248 4758
7759 14382
2404 11050
11337 14168
362 5436
5244 18471
13645 16751
7676 12567
3390 8867
2916 15478
7549 8950
15526 17998
1078 9596
5029 14952
24 11264
4520 6237
5752 12391
603 3444
972 10109
1761 7230
12258 13025
4378 5802
6750 13803
2474 14194
8538 10691
10148 14852
7941 15598
2220 11996
4572 18579
7337 15124
6011 17830
7876 14218
760 890
5474 5526
8505 17173
4748 9863
14107 19593
9945 17603
11890 14017
11255 19518
1507 16479
9663 18206
13558 15231
15415 18493
13827 15643
152 947
2431 2836
2423 9646
409 16854
13517 15186
1521 13307
9004 9401
7416 13716
5049 19351
8048 13217
9923 15904
12251 15917
1915 7673
3903 15191
2133 10119
3887 8898
3155 8222
4363 5311
6588 17315
3530 8922
14838 18549
4331 6170
4512 12383
4778 16018
1806 18864
17770 18040
4984 5861
6538 12561
3122 8507
2153 6990
3093 14902
12533 16424
13460 18967
1134 9160
9003 18033
13398 19388
3435 8807
6024 15959
11790 12907
10363 17825
4169 13904
7381 9826
10330 11581
2115 4159
9698 11218
10078 14812
10386 14688
3489 10069
8245 14108
2949 12380
8378 13059
8035 18898
2365 4396
11074 14760
15384 17210
10246 19400
5560 8822
5719 12280
2377 19389
10474 14665
1965 18179
3095 12804
17731 19329
4108 4742
7446 8832
6209 12839
10879 17780
10605 12449
9097 9984
11019 19676
2122 19550
10349 17695
10006 11769
8827 15323
449 3223
1436 4881
5380 5680
2415 18003
3351 17520
12983 19071
2476 17260
3863 8530
1834 2912
12430 19022
17104 19203
432 14922
4288 11853
2618 16427
11474 15705
7044 11418
12354 15007
3279 17154
3591 5578
6900 10578
2016 14155
1340 15147
13612 15231
3165 19547
3918 14551
5756 17539
10106 10235
4724 7883
5244 19221
1062 8374
2993 5281
3592 6597
1684 6004
2466 18436
7651 12898
4236 9266
2849 17675
684 19664
529 1054
3168 8406
3093 16906
7514 12559
7953 18315
11807 15416
2478 4978
4908 9602
310 504
11497 12970
7804 9594
4848 6950
6465 12601
8490 16267
479 9589
6424 6524
7006 14926
14419 17157
4889 16548
2967 7271
10401 16386
13513 14267
12625 16300
116 19049
12350 18271
1753 14342
6280 12659
7336 17352
4818 13185
7382 11497
14515 19454
1518 2518
7328 7894
250 10749
15475 15511
7267 16336
3054 17745
2217 15669
2024 13025
3048 19657
3603 17087
19127 19432
9666 18525
4457 13408
9460 9995
8878 16421
10675 15388
757 12525
837 17092
6816 16108
3393 12051
4876 5643
4155 18590
8642 11671
5445 11266
1716 9872
7655 9343
5853 10445
2651 14114
13747 19526
5646 10214
12837 18949
2046 4929
18038 18799
3551 5938
4653 18040
6893 10358
8607 16807
4118 5183
14994 16430
9489 14369
11613 14180
5684 9699
374 1012
2412 17404
10425 12092
12930 16859
7317 18343
5474 6893
5545 17647
8112 15288
5535 19489
11264 14342
3508 16851
16784 18723
6040 14991
7283 17770
9049 15827
11661 16137
3192 13304
4768 11589
276 6432
2321 17980
14477 15805
6410 17962
2573 16093
4186 7806
1927 6723
533 13662
10120 14017
2799 13779
6305 11568
8354 17170
6372 7929
1208 10244
2020 4343
1019 5750
7640 14813
811 9864
61 10606
10222 13558
10124 15152
3594 15209
17547 18449
3572 9409
8240 19499
999 12914
8477 10315
18097 19013
1819 15626
10981 12007
3164 16637
1428 15851
185 17295
19315 19540
9651 11988
5563 7856
11360 18817
4743 7141
2144 17161
9823 18042
11516 18009
15884 18564
743 15793
9657 11694
250 1497
2041 17735
7442 7617
4471 17825
2637 19270
4512 12626
6294 13448
2027 17855
12936 18232
11849 16291
5393 15418
135 852
4250 14245
8726 16410
16074 18327
11403 14795
7978 11903
228 7472
395 5564
4854 6974
4352 6656
6779 13104
12865 16573
3218 6205
3878 18557
6216 14031
13313 18358
14266 16849
13006 13287
1048 1573
6263 7123
2748 5350
10151 17294
7960 10776
7691 19417
10502 13069
5222 16697
8394 16368
3978 17081
206 11615
14187 15434
10761 12830
11709 12096
14045 18980
1444 4319
1874 4629
9032 9470
6908 11963
12107 19664
3461 6057
11730 14498
12006 17280
4679 17359
6423 13008
4867 16726
3858 8933
746 3236
3088 12442
12319 13973
15050 16190
8914 19395
11148 14175
3817 14301
3132 4118
4635 5790
8329 17517
4426 11804
9826 10465
3233 10650
7558 11121
3502 14109
2005 11924
4410 4936
7249 9769
8 17270
463 1435
5828 8504
4324 10738
9470 16317
2276 14157
1990 16249
928 11474
1386 4698
9483 16286
6778 13423
5309 14070
12373 16866
3490 11050
9384 14345
5732 7134
11491 14877
8157 10967
12211 18549
6169 14705
15328 16431
8012 16995
5750 7286
7690 13469
651 7215
4613 16194
8811 18018
5438 14139
14159 18963
6041 15328
10755 18349
4617 15572
18562 19188
14562 16438
1878 5821
7498 15212
2002 2622
5408 15552
1439 1728
9125 12801
2038 8196
1630 8909
13320 15119
6158 14872
8837 17628
8680 17396
2556 16138
956 6692
1901 4415
11351 17687
13426 16351
2459 5625
2458 8961
4324 16065
128 6236
16607 18943
13418 15367
3723 18218
788 3226
16555 18622
13994 15285
15148 16902
4831 19320
4274 10915
1245 2953
5920 6772
9345 10059
15348 16378
9889 10914
3708 7290
3341 14070
9928 11646
6800 16921
119 11877
6299 6903
4262 13325
8235 12859
6919 15020
10506 14220
2969 19390
9214 9332
12567 19563
2693 3085
13907 14417
2855 18201
1496 4453
13395 17419
15134 19712
6625 18953
4476 11392
8694 18723
14673 16646
16817 17373
5817 13640
17186 17582
6878 12032
2216 16866
11900 13718
12519 18911
1702 3309
3089 15715
10237 12273
3480 15480
11043 18988
8421 19281
1924 13115
1935 11532
3807 7701
7204 10049
1389 1788
12212 13678
129 1629
6107 14895
3694 6964
13911 14401
1686 4152
1356 12753
6399 14328
1492 7143
15512 18391
6174 18431
16846 18253
3498 8472
7694 19064
2029 13928
7853 18700
2641 18478
3302 19205
9207 18843
9608 15441
13834 14400
14226 18249
6996 11700
6091 19279
4163 13016
15426 16502
3078 16370
15729 19665
4075 8297
16980 18976
3349 19188
6921 15953
4347 14234
15966 17289
4654 14409
13501 14916
375 8251
1595 14788
445 7118
1964 6643
8357 17803
8708 13065
14124 17581
14600 17474
4666 16245
9109 19518
18002 19267
1665 11985
1090 4495
3679 17127
12633 18412
13185 16033
2562 19275
6146 13551
18003 18980
11759 14985
2940 10623
1132 8260
5102 8684
11408 13731
6322 14133
12959 17683
3044 18665
6844 14090
3443 6979
18203 19336
3893 15778
10352 17672
3629 18912
2427 4949
3385 4317
2630 18157
7986 12054
6750 8395
1621 1648
7605 10813
2444 19452
14096 15205
6741 8204
6957 8763
606 11701
11658 16719
4073 15516
13740 19596
4289 7109
4937 14814
6151 18386
6584 17177
17870 19289
9262 15796
5716 8787
6223 14995
11237 14438
897 14202
15977 16416
682 16142
8062 14292
8720 11125
5918 17290
4438 12343
2795 18724
3060 10951
7743 14575
14727 17992
15651 18186
16090 18777
7162 10849
2930 11260
466 12437
446 17123
1337 4199
4317 13907
6835 14481
1648 11201
3474 18618
6816 16734
13830 14514
9249 10588
9588 10677
468 18645
13180 18253
9969 10580
11923 17761
7955 10191
3692 10474
14096 19556
3663 15118
15365 16074
6122 15476
5015 13076
2276 5491
3710 16097
181 3140
444 2336
16046 17262
3532 12996
7018 7123
3126 3878
9869 14007
6254 16491
5043 7614
8745 13660
10620 18289
11307 18556
15468 15568
7284 9676
12041 14015
3096 3992
4492 16260
6185 11361
510 12303
4940 13910
5556 10948
10059 13063
218 15120
1937 12086
972 3321
8266 13264
2969 5079
1418 15864
5858 12864
35 18702
5552 12136
11411 14740
4969 17686
1254 15308
122 14529
12664 15489
6849 6917
7933 16290
8656 15020
771 13079
7903 17104
10938 13459
249 9461
430 1545
10279 17298
9592 12611
9774 17851
9685 15672
4612 14972
587 8743
16893 17352
5176 13393
9892 13789
8909 11950
5335 14748
6874 15159
2860 10186
14665 16008
4227 15118
2071 17815
9387 16244
8763 13040
10923 13746
2424 13215
9151 10945
2576 17634
13888 16297
2618 10382
4100 11265
2356 7667
8414 15483
4347 13180
6738 13062
8845 13947
15666 17272
3213 18305
4944 11221
4333 18747
5597 5827
131 14541
14881 17813
6517 7587
3961 19294
11520 15242
878 11760
7631 18577
3538 11161
8444 17047
8015 14347
61 13682
10824 17624
6795 10812
13538 19159
7337 10733
2424 19050
6505 12324
1932 6866
7819 10119
11066 16702
2526 19065
2209 15512
456 19476
14000 15373
6726 11186
11852 16953
11333 14601
2111 19198
6635 17164
224 3560
9037 15267
11153 17731
11391 11895
4333 10365
1499 2188
6475 17322
11563 17659
808 14548
15714 17282
760 9495
2204 5284
636 12830
3724 14766
9922 18849
5763 17014
13711 14821
14813 19583
4072 7405
4215 12927
2605 12791
9938 10950
642 7905
9773 11183
3552 14775
5315 17575
4781 12247
2724 19318
7142 13377
12472 18067
16108 19065
4370 18490
6910 13012
3755 15585
5140 7827
3024 6116
2385 18722
4178 14436
6000 8579
4748 19584
5071 13059
7616 13207
5263 18926
7709 7896
1254 1710
5820 9054
1143 9937
4807 6500
4521 18454
16318 19286
15949 18500
6218 14076
1276 10626
5456 13431
4966 14552
3753 18603
10484 13379
9591 13032
5376 6589
6250 18840
5916 9408
7098 14436
8755 13848
5515 12389
9436 15845
2778 18091
18183 18831
7987 18463
618 17385
5934 14465
2280 16632
3615 11286
3572 15308
4448 17348
221 5493
3585 15680
3660 3887
8042 19633
10601 19576
611 6122
6670 15325
3265 15072
9655 11139
7415 11719
1803 10247
553 18145
9082 10437
4897 18540
8781 19061
9818 10386
10611 11271
12572 12666
2959 9720
17524 18846
13211 13658
4390 10391
11129 19421
5529 16963
1965 9477
4279 5734
8834 18824
1603 15707
4742 7040
1000 17279
4289 13637
1821 15234
1653 7589
11935 16307
9198 18612
11787 16782
12223 16163
15192 16049
6661 15699
2335 12158
10173 13627
17356 18066
7066 19332
2948 10084
3830 7186
12792 16422
8514 15830
10384 11135
3766 19160
14704 16182
6335 11711
691 4004
6388 9992
15595 19350
2756 5531
16314 18702
1528 5343
3881 16523
2153 2795
12811 13187
9717 15519
2547 15228
6926 19100
2091 3113
1088 10992
9344 18077
873 9937
5823 9840
6252 11297
8758 14487
7963 19479
426 18683
11866 17391
120 13211
112 17733
3767 9350
532 19111
4589 6507
4197 15235
11034 15946
11011 16039
9945 11240
13164 16006
10040 15763
1855 15309
213 2386
1978 3423
10297 13284
5657 14584
280 402
435 8737
3754 15623
13052 16632
11566 16797
13412 15684
4241 8156
10370 14832
2280 4478
10118 10771
15049 17427
2973 11662
12608 17024
2981 8208
4734 19153
9149 18508
1130 16656
2620 8897
5958 18724
5453 18824
11177 16048
2030 6805
1100 8249
11464 12278
11131 12405
9457 12056
13722 15672
530 12349
11747 13874
3747 15858
6798 7173
6271 8938
9940 14471
830 7379
1393 9001
7988 14377
581 10341
7547 10684
1104 5272
1072 19032
3656 9386
3978 11953
17729 17794
6586 12857
3008 7884
942 14028
8832 9652
9098 14743
4519 7187
1641 11191
4120 8526
3657 4167
14696 16745
145 15608
1485 18925
4588 12491
5172 15834
4162 11504
7517 12722
539 4717
7980 8522
10991 15539
7595 8196
11220 15072
12430 19451
7412 18766
10460 17184
11430 11933
11411 15201
1742 9827
12184 14247
7246 19624
1312 5628
13508 17432
4719 8355
5930 7174
5284 11685
8236 10359
4025 11095
3618 9605
10849 16540
13978 15641
12063 16703
4554 14240
5577 14853
10284 10899
6536 16791
5614 13675
15014 18363
7378 11543
1828 4743
11441 14875
536 8020
5617 5625
2008 8786
7382 10751
9012 13602
14115 18449
8646 12684
13670 18161
2296 7777
5581 15739
3968 17393
14138 15248
4049 14358
2448 8086
9594 17212
1045 13224
6192 13805
3527 10482
9856 11290
4827 18430
4616 18523
12026 15096
1228 16528
9669 19711
2509 10608
11768 16877
2710 10432
1449 19033
656 6744
16073 18498
213 2734
17587 19175
3265 16840
5732 16831
4048 7001
2285 8299
8227 18271
1326 9917
16682 18713
6887 9467
552 10207
11886 15434
704 16370
8922 17819
4730 6350
6772 17865
10476 11692
7250 9356
4237 5239
4077 6719
7450 18695
5316 12471
11397 15681
5409 16074
1545 19320
1699 16581
18724 18834
3062 18949
18013 19505
3436 7620
842 14406
1407 11499
4083 5585
3287 8609
7428 17048
11293 18199
2586 5214
422 1062
4750 12003
9917 18166
12201 16932
10175 10314
90 3487
10926 17036
10644 18363
1755 17813
3634 3757
2007 16859
5689 17575
1260 18207
8926 17091
8096 13559
2629 18939
3506 5954
10078 12209
1351 11227
710 16125
3838 18382
6669 16353
14266 14617
1804 14956
621 1891
197 6822
13831 14949
14950 18280
10008 19225
8155 14835
8612 18300
2329 19419
13669 18905
8248 17992
375 17640
1921 8850
5501 15272
5712 9083
3157 9746
6697 15949
9346 14547
12555 18606
16431 18442
13844 16321
4096 13230
13152 19373
7185 7542
8768 11009
12505 18160
6234 10626
3893 6802
324 9836
415 7078
2630 10724
7036 19623
2056 18105
13139 15365
3053 4297
7094 12602
9577 17403
5208 7489
5461 14815
2181 18443
1195 6031
1567 4022
10096 14375
4297 12185
15321 18791
4312 4438
7082 19194
2534 11677
15992 17316
3325 17222
2100 16000
4510 15572
8109 16711
3391 11358
4887 15617
1567 11225
754 18720
6728 6890
6692 12427
1138 14670
4422 8342
12361 17582
8860 13779
6857 14985
587 11845
8470 17308
11142 16599
444 8473
9342 9767
7897 16819
3442 10282
8544 16386
10517 11829
2531 19273
7263 16262
214 3759
15866 19018
3315 19424
11408 17940
8790 18649
2534 12217
4968 16499
870 2058
8053 11153
3475 16104
14233 19641
7459 11875
8001 9703
1374 10629
862 18881
9348 11819
880 18373
7785 18222
4137 4338
6065 16804
10182 12234
2310 5166
2453 19142
2993 13688
2962 6625
2302 16467
475 6147
9108 16534
10541 18229
7385 8267
5429 13256
5909 16517
5151 6045
865 17124
5020 10353
4871 9146
837 11651
2652 18988
9044 11237
5249 16299
9958 14516
12597 19703
9479 16563
11097 16578
8881 12020
13572 15167
3788 9782
6964 19332
2020 19183
6968 10307
747 13869
3031 9795
84 7528
9277 10944
1594 16354
4165 15092
5329 7720
14151 17632
9374 11143
7249 8356
10170 15547
10146 18962
11922 15771
15272 17095
2550 13758
4183 17480
13917 14722
2688 10346
2971 11026
1528 11165
6337 11581
450 14150
4795 19034
10982 15714
4028 8196
6727 11277
4316 14458
3813 9087
3609 17078
9489 9506
8302 18386
2581 7720
18 4748
4205 6424
12156 18777
7641 12996
4481 9316
8851 17998
4643 16926
286 2495
2307 2473
8610 13179
5762 16164
10139 13161
14794 18566
6208 16392
807 2140
10687 16600
7476 13593
4509 19001
10359 15368
7685 18434
3287 10130
6212 6699
12048 17710
13781 19518
2904 14889
3327 7298
3774 13028
6880 19175
714 5453
12414 12988
8673 12189
5806 12414
2181 3613
2570 3767
3338 16259
2150 17046
1081 7829
14843 19585
539 5152
4967 16274
7915 12043
10537 11680
3742 13934
4913 9785
8435 13819
2152 8349
2364 16008
14280 19421
3166 19354
5205 9618
6497 17454
7594 14794
16625 19700
9435 13473
7714 12369
18927 19481
7661 9083
2263 5331
2023 9598
8268 17003
4196 17960
12167 13160
13461 19059
10371 13912
1721 4583
8795 15519
6373 12082
7644 10893
1259 11296
6910 7866
11719 13412
5160 7429
4919 18454
4889 16583
6550 14269
3491 6350
13991 16368
10423 14785
4931 15658
9222 14686
8536 13385
4524 6612
2754 9064
5372 6118
1168 16355
2160 4060
6972 17073
14346 19038
4914 15937
3697 18009
316 9677
15385 18479
15 18348
13419 13556
6495 13998
11311 15766
13750 16163
214 10989
11939 18848
9901 12235
4347 5491
10323 18558
14693 15186
467 5128
143 4343
18527 19043
4911 7525
9548 10011
7271 19374
1305 2702
6466 14776
11133 12899
5646 19229
16896 19470
7618 19377
5881 14430
3523 18516
6345 8668
12404 14952
15963 16093
4859 19312
2955 16889
17238 19553
12047 15780
6508 8073
3087 6912
5133 12064
2823 3650
1640 11697
5616 6517
13219 18916
4609 13323
8541 19072
1641 14855
10266 10854
13397 19225
10671 12007
3433 12517
9610 13564
4977 14513
3175 15359
11904 17390
12972 14308
4282 19196
9180 18221
6997 15241
13337 16462
654 9369
8783 10612
3753 5150
18633 19406
5042 18920
8931 9696
10174 11501
321 6770
13090 18388
12980 19566
10789 18279
6651 12476
6833 8678
9102 19046
7155 13178
16452 19273
1485 17120
11644 15274
12457 16734
4927 13744
9647 12103
9350 17859
1535 8762
2448 5262
1761 3508
4108 6837
2656 3326
17458 18879
1436 8288
2460 6210
10762 15821
5076 13708
1138 9087
11362 19709
6452 15377
5343 10177
12167 14269
3917 9609
13021 13802
13749 17520
1723 19443
6818 14177
18569 19581
8327 19697
9797 14124
1279 4193
2064 6910
10899 14922
1868 2414
7145 16676
14214 17773
1103 19136
3975 9085
12918 16045
3402 17044
12447 15382
7423 9307
6570 8224
9963 18152
9650 15047
8504 9397
8200 16153
2545 5833
726 14770
10605 13582
12701 17484
6697 12571
3939 16083
758 18139
5120 9747
1008 1806
6587 7167
2979 3079
2617 14025
4794 13553
5916 15512
15528 18327
9327 10272
10055 12554
1088 5255
8189 17156
10691 17097
12828 14074
2902 9661
5771 12122
8514 18470
202 14558
10707 12097
2426 16885
12725 13406
3520 10015
800 12940
8880 15674
13622 16154
3958 4227
652 18503
5535 18265
3289 9983
2042 17591
2462 17146
14187 18818
7201 18296
2675 9063
2981 9533
9030 14152
1624 4725
770 16151
1619 13523
15882 19204
2046 12115
4599 9542
4005 14042
8664 15731
7626 18920
5267 16135
11138 16841
4993 16248
9938 13162
13924 18994
358 17366
2309 17881
194 5550
16 12067
11044 11733
13850 14945
8236 13019
8943 13352
7150 16902
10324 14295
13819 13901
15667 18131
16975 18689
1636 5033
972 5681
8486 17325
8027 16886
14531 17481
12021 14413
15448 19147
8286 13114
12650 14162
12817 17190
4321 18830
6631 10998
8514 9480
8749 19624
6980 17109
3466 12577
14460 17158
655 14537
6008 18488
2929 4343
1932 10504
10851 16960
3784 12267
10652 18562
15853 17718
9305 19436
9879 17048
955 19533
9951 16783
15828 18546
10505 19638
3415 7670
7275 15658
1061 3318
4675 6670
3294 6885
3862 7934
8409 12586
8615 11060
3172 14521
3411 15016
341 16892
1399 13982
8844 13408
9784 15160
14758 17229
212 12784
9501 18012
72 12509
4392 11210
3480 4556
1046 2581
225 13182
709 3419
12076 12929
7603 14774
5363 8782
774 1093
3568 4470
102 633
4511 8796
7679 12779
7071 10182
532 6642
11654 11895
8488 15703
3047 12856
15815 17361
5502 11161
5132 12398
3802 17302
13855 16339
10424 18252
14911 17891
3967 9473
10383 11126
13050 15143
1242 14146
377 18703
8488 12186
4070 15338
9840 15025
2351 7773
1525 14165
442 15779
8421 9064
1757 12525
2890 4748
8929 9798
14875 15707
3789 14879
5382 11707
11360 16698
7669 18014
3970 8179
80 3407
11680 19329
4855 12180
10338 11446
2674 12231
2994 8455
13558 13961
8924 9213
9773 10095
4170 12075
1486 18533
3745 8035
258 9857
1418 2559
4382 15118
8276 9163
12935 13002
3325 6704
16008 16045
3314 11808
3086 14899
3577 7896
4724 6530
1858 19470
4042 5650
15806 15826
6143 16404
7251 19662
8457 18499
5164 9752
1117 13584
1557 14909
17759 19047
3311 15003
7483 18156
973 8281
1976 19550
14672 16322
9677 19423
11128 18937
12732 15811
7002 17034
4050 16089
11647 11973
811 3153
1353 16517
3833 10804
10218 10644
5980 13012
6766 13272
10977 19262
4224 13018
153 13617
2429 13846
6992 10716
6433 9907
5655 16134
6672 16077
11902 12811
8313 13705
1650 6644
16185 19507
8117 18409
8353 16559
9199 14250
3948 14360
6799 10476
6320 11183
6763 8464
11599 16926
2396 12206
5583 12243
6928 18825
10531 13226
3118 9217
12430 16735
8552 12548
5610 15092
4644 16481
5195 8858
16213 18988
5006 6013
15323 16757
8342 17055
11025 17853
14969 17131
5917 19497
7219 15928
298 10722
13933 17285
15300 16108
8310 17565
5675 12615
2794 11814
5988 17310
16987 18563
1760 12623
7378 7584
7610 9217
2834 11501
13678 16294
618 15394
7254 18749
740 13355
4245 18465
4924 16275
9787 11425
9397 9759
7180 7604
4293 5579
842 14989
10533 18442
2406 11558
9884 11533
1888 7501
4042 4496
5551 12163
8405 19304
3776 12510
476 8865
2467 18521
321 8728
3661 4566
703 11560
14079 14949
7312 10399
2706 15558
753 19434
10851 19199
9818 19138
11792 15191
8607 11570
6901 7896
8862 9068
4052 15629
8004 14939
4334 8609
13882 14153
1839 16205
7938 8161
2213 17289
11177 12939
2000 16426
12613 15520
15228 15382
17233 18161
7445 10533
7236 16887
10937 12668
6790 19408
3925 4972
4412 16669
12521 16224
2174 15130
3819 18020
364 8261
11885 13792
417 2987
8592 12271
10415 12393
3611 14394
7717 9163
5220 17055
12286 13263
3932 10789
2425 8822
4599 16614
4191 6945
5900 16749
4447 17146
7060 12928
7358 12091
659 7280
6456 8995
2656 10592
457 832
10221 10998
7214 18133
6949 13442
4221 5052
6507 13486
6583 13554
15896 17481
4023 15809
4026 10679
2469 10485
1427 4666
2635 17304
7306 12106
1619 11982
5772 15536
3915 18613
7171 13631
2954 14993
1560 19557
17564 18025
2246 14838
6667 16699
2705 3398
1692 13857
3594 18269
6097 15358
1662 13645
4907 9752
2433 10769
712 13606
1771 11914
4747 18494
13542 16177
6675 17377
3597 9468
3232 6064
8803 19172
1178 15534
1940 11752
2806 17461
3197 15642
4103 8208
7871 16797
15354 19515
11839 13950
8996 9946
5005 6721
1177 18232
3810 10486
8322 13125
14264 19696
6227 15241
4324 11973
12115 13559
11501 13302
3839 5894
18176 18613
1320 8180
6746 15179
14636 15910
7889 17891
13078 13333
5952 12510
4570 18999
100 14090
1368 19539
1390 6241
17115 18023
1663 9778
16705 17944
1224 3036
3332 8059
4707 11318
211 15640
6646 11669
16549 16577
4199 9049
9655 15092
6511 18099
4739 6653
3796 10302
8435 14341
5622 18091
7785 7982
9920 14964
1532 4920
355 10913
16671 19560
4191 9922
7593 13651
3832 17889
1800 18033
4302 8018
3451 6270
15913 16732
3543 4701
4253 9128
7196 11112
4781 12613
6444 16150
384 10141
8503 16961
1498 15232
1745 4891
937 5978
8203 9894
7158 12065
9175 11681
1204 15149
4477 15010
7676 10975
15777 16647
12811 14457
6018 13129
5424 14874
255 16022
4992 16467
8193 12875
9840 10211
2092 4716
3477 5616
9687 17679
4642 6422
5173 7630
9479 10475
4129 6081
18045 19592
9930 18770
4564 16615
10559 18556
6091 7837
4498 4530
270 19297
16662 18970
2368 17305
2362 4634
7678 10038
1406 17808
2643 17467
576 11407
2191 18633
5923 18712
1416 19665
1590 14551
3947 4196
7785 17072
8393 10480
6413 13912
2617 18761
10739 13865
9771 12539
1678 13063
4440 18017
10058 14143
289 11477
3848 12776
2894 17273
9527 10033
3484 13701
7876 13719
2756 18176
11691 14074
3583 13753
4492 19011
3080 7890
10142 10178
8974 17947
1244 4959
3428 13005
1896 14608
996 4988
2434 16293
7511 17322
704 9264
5091 19646
16070 17469
3314 11871
2286 12178
1728 15539
1745 16438
26 18291
4220 18505
17257 19128
5751 9975
5753 12566
447 15674
5027 10161
1911 16847
3363 17583
12716 15854
9034 11944
10858 13198
1468 18400
3312 16823
4910 5054
9715 10809
12025 17440
5915 11184
763 3935
1329 14225
2974 17666
4817 10877
11774 14081
2150 3043
17758 19100
5217 11462
13272 14411
13947 14381
5252 12782
12065 17210
3396 7414
6564 7982
15406 18558
1347 7880
5348 6956
5382 12284
13383 17988
6812 15422
11229 16883
8346 13105
6661 19333
9227 14584
2261 7431
10641 18001
3898 15809
3450 17114
7380 17524
7462 11126
1483 13644
15224 16667
1096 16250
12235 19265
8586 11222
9924 13862
14482 16866
14925 17566
16913 17334
112 12942
499 8016
8484 12293
2721 4617
6072 12083
5761 9716
1499 10610
3754 3832
7334 16965
7411 11747
9004 12941
10681 18369
4690 13784
5454 9828
6116 10771
7499 17506
2596 14221
16839 17554
3754 5470
2876 13150
5046 5403
953 8897
2746 4022
10251 11823
2397 11825
5106 12381
358 9931
14736 19313
2718 8904
1691 2466
7010 12780
2850 16667
12093 16400
11868 19177
3052 18094
10501 16964
2167 6762
8585 8664
6856 11905
8856 12380
1163 5063
7379 19191
6534 14142
1405 10679
11447 12932
3242 7199
11432 18022
1730 9635
1575 7654
16015 18346
7140 17282
14716 18190
12093 15440
1519 11564
7722 12900
2719 3495
11801 16095
10571 12786
1484 3713
12777 19099
3776 5619
12655 15868
9220 10683
84 18726
7296 13037
4072 12052
8675 16626
9021 18836
1486 12801
2750 11327
9127 12416
810 13253
11049 15368
15487 17792
682 17048
15194 17045
2707 3004
14324 15549
10679 14079
16158 18856
9960 13340
11681 16366
765 7888
1234 17560
7926 14945
865 19358
6462 15605
4770 13500
6087 10111
13437 16828
9552 12128
1211 17961
18755 19016
8763 19023
2183 4568
2103 16869
11386 16291
6836 15920
10 4642
4247 5116
5387 5664
14630 18527
1935 7951
3017 7338
341 6865
333 5017
5586 16617
6553 11474
4734 19176
5515 15050
1982 12493
2333 16389
2013 11366
10109 17954
1039 18199
693 10224
1871 15656
1563 2324
7737 17564
6396 11456
3096 9025
4837 9131
10593 19381
3948 19691
7815 10472
1214 19051
571 17019
18513 18902
12243 14222
19172 19546
3850 14877
15527 19383
1221 12017
1218 5282
13149 14699
4213 5961
4922 14840
9774 16761
9093 16378
435 15566
218 16889
2753 15265
9670 19258
430 5087
13369 15015
1304 14412
1122 16488
15223 17203
6221 7311
12017 17377
14752 19391
7415 18583
2147 3002
2836 16771
68 9717
4125 6717
11780 13384
6337 8198
8624 18927
2428 15035
7056 9171
9772 12539
18312 18677
7063 7483
914 5418
360 6053
9249 17029
986 12760
8327 16103
5354 10267
8229 17840
9827 16792
4691 8570
4026 17951
4446 19636
1965 2242
7545 11601
4968 8947
12303 19407
2667 3025
3678 15942
3959 9075
5217 10515
6270 15917
14887 16468
11491 14596
2071 4032
2038 9358
726 3433
8451 12566
8567 18713
17792 18492
13917 18049
7540 8686
2730 17167
2857 15427
5812 14808
1274 10296
5388 9530
1123 11222
8251 17794
733 4497
1348 7642
11859 12561
13617 13635
2700 6792
13167 15495
11178 15696
4396 9413
38 17520
10332 17072
1528 11509
4558 12599
11772 14957
1561 17005
566 13718
10109 10840
4138 18302
7120 14197
8338 12617
4535 11746
6088 19706
7293 13459
3754 12242
1030 5851
15932 16825
1217 10188
7291 9370
2875 18039
3498 6615
6478 8925
7167 9940
9089 10657
4003 10765
4160 6832
2063 5301
7008 18999
9122 9747
13667 14816
12609 18786
10108 15151
6012 12132
12533 16570
5955 7955
11816 18215
1392 13409
8762 15249
4329 17118
759 17600
1768 4797
8169 17341
6468 7108
8122 10275
5185 15641
4587 9339
3793 11915
16984 18545
9823 14936
3522 14630
11429 17628
151 15188
12958 16989
6911 15729
4696 10652
14143 16146
14449 16953
4217 11574
7927 8913
918 18740
983 8507
7058 16348
17142 18068
4597 5752
875 16455
6001 8998
5025 10948
6184 13090
2144 12865
14247 18530
14095 19048
11451 13309
5118 11138
2997 7445
898 2443
11994 15319
14773 15295
989 11222
989 17101
709 19424
7539 18759
13048 13898
3440 6744
16109 19242
8530 13899
491 9770
3477 5605
1247 17960
8292 13870
6476 14396
15335 16348
5963 12393
13794 14834
7538 17925
10386 16381
12075 15141
13487 14829
12347 14909
8328 16312
961 17775
9228 9910
8985 13523
4810 8036
626 13040
4500 4737
13104 16817
1328 19455
14763 15617
12528 15978
7972 19436
2015 8229
13201 13450
17207 19128
2086 18410
4148 7511
2715 10512
8635 18340
8717 15150
8987 16120
15711 17208
1188 13776
8378 18201
1385 11074
6439 9418
5319 9060
15396 19667
9851 19053
1227 15260
2519 16091
13580 18630
8590 18411
8030 12525
4768 10940
13666 16507
6574 15823
6990 15006
5345 17911
3304 9465
1485 7203
2627 4995
12271 13674
12873 16551
3540 16140
7780 8597
13062 18246
10336 18434
2964 10295
4874 8968
8479 17857
6371 13656
6897 19266
7606 18687
1228 1477
6989 19619
983 1716
6844 14245
1528 14801
4027 4425
4813 13972
14715 16652
6623 15017
2861 11345
8231 16486
1398 4005
6228 15315
15119 17595
6257 14500
19356 19413
4429 6254
3129 10848
12465 17842
16816 18411
3451 13154
5665 5845
15627 15933
85 7620
15463 18961
3969 5605
4462 17080
3734 13063
1278 9897
3753 4198
1574 7401
5798 9447
1408 16740
4181 7103
7168 19060
13085 13757
11130 11790
8914 10300
5141 11820
694 6353
2246 17442
5057 14773
5785 16052
6849 17755
16329 16734
10870 19248
1449 3211
5383 9701
2369 17473
3227 10081
5535 11751
6675 14786
5551 14405
8849 18248
6045 18490
161 10114
9828 17526
2234 4366
9410 10198
10427 14239
5060 16735
1929 15184
1782 10814
3708 18015
14799 18808
6768 11669
5794 17343
2566 11703
11158 14752
5642 14768
38 19307
4381 15959
6849 17137
8375 17004
5169 10616
5009 16405
5067 16480
2900 8801
452 18360
5924 15866
6959 18052
2841 14601
17167 19163
6926 16275
13105 13836
5867 6159
1916 14386
7297 11816
3898 14368
17939 18544
3693 7613
8148 10411
4178 18025
6461 9497
3604 14753
135 14887
670 4555
10914 18919
2836 7469
1822 16112
2166 3022
2038 3629
131 5449
11645 14199
8271 9482
1781 5184
5455 18331
269 18127
5596 18269
4866 14774
946 8604
7973 17661
10105 16954
15346 19387
1262 15416
6723 19041
5746 10179
1304 8914
1311 3424
11614 13579
7068 13451
3836 7120
7232 19270
11180 11436
1082 6504
7210 19208
12187 15664
5864 9319
5169 7772
5677 18106
3820 7204
11977 14261
2134 8827
3149 17573
9013 10643
11098 16032
9943 13718
996 10621
9362 12430
9532 12871
5892 10539
14021 18817
3364 4627
2692 3413
11818 13838
203 879
857 17971
5970 14566
576 11033
5469 7090
14021 16454
2965 4529
307 9607
5905 18108
14046 19702
1535 4422
11390 16137
2076 7397
2305 7122
8063 13433
12 8629
11672 18859
3711 5707
1542 18469
1597 12444
4546 10723
4838 14155
2855 12282
43 12761
10106 14615
14578 17080
4024 17871
6960 18950
4649 13907
1684 12342
4322 7236
3309 18277
294 10658
7464 13672
860 2607
3570 19091
9023 10659
6628 15749
7810 18166
7573 7791
15052 15126
13478 15882
5063 10580
3317 12423
4958 13700
10236 14116
6663 18192
11437 16464
70 12555
1012 12294
6622 18050
3240 8759
7186 11721
7029 17150
4561 5049
10116 18804
2641 9350
4393 7035
8422 19541
1226 9765
18105 18819
1095 6648
6470 18855
146 9602
9325 9962
2351 7766
3498 10285
6779 17193
1869 12852
14986 18736
50 3502
2989 14887
6705 14504
516 10341
6135 11162
12927 15074
5403 8494
4946 9979
7209 11802
3102 12766
12840 17170
4485 5933
4658 18118
7 5120
12049 18807
3665 14038
8761 15962
3233 18236
954 1747
17871 18426
131 1766
6031 13892
7312 10661
10344 14526
1017 6417
2608 13370
1493 15329
6071 9878
1526 5361
6244 11422
8858 8978
9046 14499
16252 19407
202 11519
10456 19048
5302 18338
3353 9199
13599 15430
6678 6706
4395 16873
11268 12034
3201 18831
1779 9652
13549 17379
12601 14126
5263 12507
1945 7552
8099 17982
357 9084
1219 13936
7322 12953
3194 10278
10283 16307
6053 15279
4675 9321
1968 18098
7507 16135
11837 15407
14859 19270
13443 14600
4048 13718
835 2969
3972 13359
5993 7103
6792 16151
11269 13422
6808 16826
13567 13594
3729 7793
7904 9374
3355 17668
4979 14976
7830 8733
1027 11412
3535 6417
14113 19713
12030 17318
7902 16362
5806 16437
612 15680
6203 14887
224 6501
3226 6624
2754 19325
16257 17781
1949 2686
6210 17188
7395 15744
922 6617
4075 16719
12034 17487
8619 8820
14890 17142
7034 12105
5216 5234
17142 18411
5577 12152
1451 12306
9995 11522
1646 12572
5089 13491
5098 15313
4151 14305
114 4522
906 15491
8401 18751
2978 11336
8231 9158
6116 10704
379 18412
16128 18166
6486 9610
14204 15048
1599 15594
3315 13193
5729 14382
2353 14774
15311 18259
6797 14317
15824 17242
4760 11325
13047 16673
2310 6841
9658 14071
4949 9944
4371 10236
11255 17460
5588 18294
7955 8309
109 19702
7573 18558
1520 15855
6243 19709
3341 7217
13537 16770
13209 19645
10938 13008
12775 15315
9350 11564
462 14407
208 3544
10794 18755
5735 9762
15908 19512
9649 18206
11788 19608
1411 7083
11640 17032
12004 17981
4047 4518
2493 3400
4502 15633
1980 2634
7716 9952
4497 18250
470 1821
3627 10953
11946 18685
14824 16009
6499 7017
2194 17056
9903 19187
6363 8499
16937 19587
8211 13780
12369 19406
4988 7975
14624 18311
276 907
1763 13878
6659 12476
8182 19144
10604 17798
3728 4820
2461 19501
781 4883
2620 6360
4596 10604
5831 6319
17252 19313
765 13549
12010 12124
9409 16109
11507 12352
2944 15563
345 6380
10178 12693
11036 16181
7927 15149
10732 15533
6636 11733
4457 8234
7513 11695
7874 18132
5289 7472
3887 15629
655 17605
330 7067
11770 15335
88 15531
688 4989
3960 15235
2845 5458
18888 19595
7363 8835
10048 18612
1968 2572
1403 7182
5856 16972
4818 14774
8344 16952
235 7436
7390 16383
586 15840
1212 7373
414 2887
11815 15773
390 10681
3676 10997
9913 17242
8058 14823
12130 15690
19116 19140
2456 15758
4723 5608
5492 10340
2118 16220
3769 14499
4103 5490
16930 18472
2527 15194
8710 11790
3407 9780
460 1336
2231 11915
9364 13274
5061 7854
2739 7146
17297 17387
13449 15771
3627 6335
6625 15385
7198 8817
10602 19647
6719 7881
11737 16243
147 11129
5220 19563
10488 15856
5163 7305
12347 17678
13085 18589
11946 19704
4287 17240
1628 10603
4602 7059
4828 7313
8311 11960
107 11542
2694 5315
3340 17188
1797 8187
4465 14697
543 1016
1499 2260
445 19462
8330 13208
978 3000
8075 12506
2279 9648
6383 9171
4349 15687
3665 3884
7421 19131
1734 7289
874 18602
4799 15275
4154 10846
2544 19004
12288 13533
609 18655
12496 17266
984 4598
468 4611
1638 11093
1266 1696
11681 15360
5064 9808
8040 19356
5581 17310
7227 11948
5843 11873
12376 19084
4564 18032
15141 18235
3101 8040
6556 17246
9283 10646
6294 17074
10949 14331
1293 14835
11748 19526
1217 2743
9259 16551
10731 12244
4131 12862
6426 18160
3224 14259
7794 18838
989 6876
128 1849
2471 12285
6953 13578
2136 4037
788 9666
2870 12285
3407 13799
5296 14271
5986 7622
12375 17745
9316 18093
1196 9003
16830 18689
8171 14053
12157 13016
1509 3495
10165 10320
1596 10070
7676 19344
10678 16979
1368 11211
1113 13867
2118 19513
5126 17876
97 9303
9437 15745
475 14317
11646 17476
2728 7085
12289 17192
2793 16769
2319 19467
17739 18152
13342 17295
412 3832
9425 19546
2795 16201
12086 15162
1924 5913
2122 14076
3732 7707
11423 17389
5760 12499
1524 17693
13348 14895
14390 15159
7637 9448
3723 9970
4140 5638
14233 18128
15435 18652
11556 15937
5184 6548
3728 12085
13600 15665
2178 16531
971 4443
3537 14829
4611 5950
904 8739
2237 7953
17951 18380
11669 17222
10186 11317
7173 16716
8404 12109
7522 8770
5125 15002
15342 17847
129 12334
7247 14433
13141 19520
15674 15800
11541 13318
2950 13916
8839 10141
10493 13082
5784 7481
3516 10330
10172 17432
11495 13693
3280 17399
7849 15631
478 18333
2534 11503
2565 10602
3410 10571
10362 19691
7234 19252
2939 16403
8899 15196
11392 16806
7685 12558
15667 17549
132 774
4636 7029
16393 18287
5834 16232
6424 10481
10091 11952
4785 10425
6134 6305
12821 14266
3607 7406
6516 10705
8328 17240
16367 18242
6485 8096
2644 2756
4753 14708
5965 6815
9434 17712
8336 12420
7124 9109
7836 8766
686 6560
7445 7846
11108 16005
15129 15598
6863 15284
8788 17235
2306 12198
5827 16843
4890 16961
10347 17604
6290 17291
5849 17344
9041 15195
5291 19154
3830 8938
8172 9889
1308 6974
4239 8235
13725 17181
12466 17425
6913 16994
3986 5196
5797 15450
6030 18895
291 14630
7786 9615
251 16728
10878 13886
3108 5857
4261 14696
1633 15257
4052 6304
15625 17330
7714 16602
10538 16963
4354 8649
11643 13615
12930 15937
5546 16361
6703 10993
5906 7533
5182 17003
6043 18717
10363 18417
6683 13040
16009 17806
14522 17913
15691 16162
15904 17112
8606 11837
4161 14688
50 5979
14450 18792
1075 3385
2499 11731
549 6959
4733 17185
11423 15912
11120 15838
15178 17698
7413 11722
6333 10348
4914 15407
11126 16853
9511 15067
15408 16008
1691 8559
7463 15533
12576 19170
6376 17039
6119 13499
6902 8897
1328 14355
6188 6922
3705 18916
2121 4955
2016 16721
2179 4511
10788 13611
7753 10493
9704 12591
9488 15422
15631 19066
1161 17416
14593 19240
2437 16287
6653 10059
5685 8761
4251 6290
9246 11946
3519 6261
1832 6041
8330 8726
1553 3405
14559 15045
4488 14858
1212 1613
5836 11843
2481 18671
3546 12239
3488 16891
10974 16108
11017 12083
4328 11263
9344 17217
3316 8729
1277 17977
4343 15553
6309 8741
4376 13092
3933 7210
8269 8401
11503 18236
11846 14806
7568 18291
15308 15946
9168 16642
6831 13498
4165 16561
4234 7663
4185 12322
12057 17865
10609 17743
16333 19166
3701 9811
11261 17795
2175 11798
10655 12298
14453 18217
17848 19044
6789 17976
13062 13176
6179 14026
18732 19478
5857 16878
5560 8051
4945 15305
4709 13924
4175 7419
6711 18128
2483 12894
75 12386
1377 14277
3012 4027
2458 5059
1228 19201
12811 18058
329 11214
3700 9622
1581 6429
3749 16664
10141 17635
6236 18566
3018 16473
8709 9227
7331 17456
7027 8213
4957 13520
5236 9862
8579 15524
13559 14632
6393 7644
4387 19261
2177 2932
3839 5359
7166 11901
2912 16452
2202 8996
8980 11494
6584 12425
4257 8757
6848 19361
5748 12990
5157 13499
801 2936
15120 16918
5565 7045
3467 12025
4377 15356
3413 13571
9933 19195
10100 15042
162 15182
506 3636
5736 19434
4357 18075
494 2063
3147 9494
13266 14335
13275 17675
1616 10306
257 3273
3366 10978
5492 19103
10211 17600
3019 18049
161 1830
4244 18797
2932 5334
8798 17455
13634 18698
7157 9798
248 16466
13856 19193
4300 6000
19017 19224
33 19121
5849 15756
843 12541
5678 15491
646 6360
4439 9180
8693 14127
2783 11209
2345 6595
1283 2796
11379 18322
213 14664
4878 10638
12000 19258
7232 12026
6781 11536
6285 19070
10231 18319
14537 15645
14155 17179
6483 11103
2231 14773
8949 10082
10599 15756
316 14165
3057 9453
18138 18598
882 4971
7363 18141
5660 18388
4365 10162
15826 16720
1808 12128
780 12105
7678 9971
10126 13533
7840 12787
666 13734
4516 6562
16335 16785
2078 11501
2689 5548
1662 2894
3207 11556
12587 15119
7403 8363
8933 16227
1275 10306
9697 13898
12486 13057
7414 14294
8036 11265
5917 13919
12160 15076
3983 12285
713 4234
15587 18827
11178 16229
970 2173
7230 12860
834 7683
1987 10497
12120 18544
3222 19070
2819 11966
1538 14886
12480 18882
18600 19163
4162 13262
228 17509
3158 7999
16493 16865
17309 18200
5188 14075
6385 6726
4516 8129
11206 18283
2561 7225
1391 19375
3708 18609
13550 18166
4156 12565
9988 13003
4090 7772
10093 16809
205 13238
3795 10822
2082 14921
7971 8146
1550 5854
1844 6205
841 8682
10626 13423
3073 9988
3269 14679
10078 11496
6065 14435
1172 3022
619 13629
5099 6651
2177 8311
15446 17273
1806 16291
5820 14037
10343 13394
10073 11496
10141 15674
3988 10183
6045 12542
2898 17228
6278 16415
2556 16785
329 8802
11352 13178
5358 16564
10656 14280
6160 9076
11602 15756
5869 14851
2 9729
15058 17589
3987 14275
1659 11916
9940 16240
3354 17161
4253 4859
6435 15590
4905 9714
3564 8394
6777 14039
13951 15281
237 13618
2347 5255
16667 19494
5238 15131
3270 19023
14155 18120
8690 17052
13509 13536
6633 17311
1593 4133
1950 7891
8762 12554
425 2194
2702 5473
1297 6137
1743 18053
891 18777
6408 8168
13421 18527
4814 8300
202 5613
3376 13563
4504 13843
6925 16858
3568 17511
10235 18519
353 17504
4183 5653
8878 18358
1761 17186
10816 17521
12148 12884
12260 18975
6213 8031
9766 16366
14824 19449
5160 14604
8019 14364
10235 11194
12140 14995
2098 2644
1827 3309
18028 18798
14878 18838
3443 19559
6259 12287
2989 19151
9109 12392
927 7417
6070 6529
1082 6716
3780 4213
2164 6020
3067 8712
5965 6588
10398 14015
851 12473
3852 17670
11082 14103
12676 13422
6085 19373
16068 16202
16598 16823
1110 1255
11313 11664
2534 9312
11259 16258
8976 13202
964 7725
9731 19246
3900 19331
1010 4836
10340 18066
6582 9117
5619 10982
7137 15284
1128 7503
1145 1942
1497 8662
12331 16513
8301 17538
955 4444
312 16452
2779 19341
15576 19027
659 4994
3962 7635
5984 15524
7533 16584
112 4404
7793 11542
5882 18315
500 11494
2302 17004
9430 17459
149 10225
3832 13670
4151 12390
14484 16333
7758 16029
2296 8048
4950 6815
6581 17528
7248 8115
8473 13827
10168 15825
4955 15670
1906 8720
12050 15921
8266 8808
2144 7657
2259 12397
1539 4764
12785 19435
10432 12414
16292 17953
2478 14187
12667 13624
2936 12871
36 17280
7789 8334
8554 11926
134 7112
2155 11145
5177 15640
1790 12456
13070 17489
10103 12950
274 12322
1923 5231
7646 19083
435 15488
1934 11655
2959 14539
3877 5221
2963 8941
4022 12246
445 14186
312 13231
4329 5383
9001 18378
10519 14984
8550 9278
398 2095
11327 18221
15684 18548
1475 15940
6346 14046
12433 16040
5690 13656
8701 9615
11147 11173
3576 14977
4738 9734
8145 16225
2228 6067
6892 17892
5512 10343
6351 15043
2348 9978
5482 8731
13906 15588
2492 7884
8535 17746
816 15158
4521 12652
853 3896
183 9670
8337 14395
1388 9708
13166 14101
7678 17847
3852 4866
432 2325
11649 18856
9765 13060
814 14499
1554 15523
882 1043
1565 15630
15207 15755
1260 7248
1817 2487
4935 10881
15240 16946
2485 13179
15825 19157
12043 17229
1657 8155
2173 9727
3639 4472
9556 12845
1733 3188
16138 18036
7970 16078
12295 18265
1804 2946
2479 17260
5413 13335
1308 10021
9624 16306
142 19677
1896 14337
5464 7481
9157 15176
3461 17874
3445 6894
11944 18561
9095 9187
15022 16467
4047 13515
15053 16851
883 10319
5643 8961
13918 18466
13349 14105
15021 17263
7754 19431
684 14410
4286 11848
1622 8662
4259 6993
9838 12263
3144 18216
110 18487
9834 19358
5333 15923
8084 14469
869 6829
5016 11932
1035 13124
2305 8706
7544 13326
13070 15520
4406 5134
13298 17239
11128 19695
3938 16764
5873 15907
14039 15487
2268 12744
8031 11369
13892 19270
1345 2090
7426 10531
4062 7913
2284 10619
1714 4012
4752 19593
1722 10881
2001 8590
1436 7260
10623 13233
1489 11105
4266 13810
4135 6518
4969 4991
8875 12582
2521 12671
4852 6968
12933 14204
18327 19010
10879 13491
8507 13490
8721 12249
382 12208
3417 8199
10745 11142
8549 16493
10215 18494
6791 17091
7107 10928
2458 8880
3199 9024
4425 19075
9047 14799
5574 7676
7316 13488
2487 18914
4012 8810
9264 9522
11411 19681
702 15832
16261 16861
2581 10178
1455 5551
5717 19395
10138 18750
8081 12468
606 12014
9 5418
3890 13735
10302 18319
8830 13642
2812 15107
3873 14794
5956 12831
8248 14640
4159 11308
2974 5000
2220 16497
79 10034
10209 15783
5281 9241
2649 19267
12448 15100
9770 14525
7584 17582
4505 14450
5940 19370
6554 10105
895 6019
15343 19180
698 10758
10843 17189
8878 18376
11598 15354
6120 12281
5831 15618
3996 9888
8045 14683
2485 13534
11681 19374
11822 16612
9611 19638
671 4854
2596 18631
1523 19275
1397 5484
17463 19359
8748 17957
18099 18676
13455 17638
571 4494
8685 16855
5410 6676
13810 19012
10263 10442
7833 8392
8542 14429
2524 9442
8975 11980
5879 11747
1876 7819
165 1200
236 550
765 8646
12855 12916
2601 8465
13473 13964
4760 17898
3236 12863
4954 9495
2309 6027
7529 14247
1342 17353
2909 7064
13153 14223
839 2893
356 2253
6457 17418
6177 6868
2153 17240
5937 15318
8174 12114
3977 17887
14669 19588
5380 7774
10306 14258
6881 16959
4841 5555
7063 13410
9898 19200
4473 11461
12704 18010
11726 16283
1041 11203
10900 18077
9048 16056
8071 18068
724 5599
4448 11558
12449 18092
5722 16058
4244 9764
11680 14639
1034 2279
4840 10375
3065 3829
10658 19202
13975 18484
9222 17858
10440 14037
2007 3930
7524 19383
11651 17334
13571 19164
11286 13545
447 9965
2684 16185
8964 14983
4768 15090
1849 16501
8412 18922
5113 7426
4296 16333
1140 8949
16685 19558
4027 9715
9395 18876
7050 12294
10277 11249
5093 9909
3298 8355
4270 9019
11425 14430
5462 9204
6835 10450
10879 12288
6557 11681
2474 11640
4541 9195
12195 16114
5439 13476
5295 11553
1135 9372
6055 7490
2095 6589
3117 5229
7956 19609
143 18003
1895 17719
4553 14767
5331 18788
102 5889
12093 13302
227 2900
511 16162
5403 17588
8576 12593
6613 7536
3795 12823
1773 16955
2936 15642
1220 7961
2147 10408
8134 11691
11476 13795
7818 12267
3872 9634
151 12759
5398 11329
10967 14505
1422 16125
5581 14844
9883 18712
3340 15787
4985 15544
3045 5323
8306 13017
7845 19474
14502 18159
11850 18493
839 2456
6472 13645
4450 19563
11929 13573
841 15161
3941 17696
2731 5638
4463 6018
158 19477
6359 11780
1444 17549
8099 17013
5445 7510
5800 11425
2959 16259
10508 10921
8041 19391
8822 16109
13029 18402
4449 9903
5001 9979
15072 19464
2093 12299
8553 18586
513 12064
574 18563
11021 14576
14650 18488
6135 15014
5557 13881
1114 6442
4354 15691
2730 7820
17818 19156
2647 16119
5245 12421
7359 14980
8741 18983
1329 16365
419 5375
3243 3344
7477 18178
9665 11889
2773 4014
13177 14894
4687 14865
8459 11222
327 19465
2094 2221
7055 10417
449 6789
1484 2583
2912 7356
1105 14614
6735 16025
8829 19382
4326 16431
11 9594
237 8046
8687 14681
15719 16684
2978 7159
777 15175
3346 14782
10754 11627
972 2909
5399 15134
10068 15466
2619 7313
6023 7348
16213 18860
9941 14945
8549 14399
17153 19263
1675 7580
5331 8105
4218 18877
3021 9498
6029 12406
1609 7410
2798 7661
3486 4267
6969 12443
11144 19653
14011 15717
2111 9324
1996 16649
1700 15110
4584 12651
9078 9530
8391 12008
2592 10916
3166 16944
15418 15804
1337 5188
4589 4767
9118 16135
608 902
4304 9590
211 7876
3128 12567
2781 11698
7971 11084
13607 15082
1366 12280
4858 14771
15637 19342
3757 7982
15799 16366
4550 5265
5006 11132
10604 18858
13704 18523
2967 6991
5461 12993
2675 10885
10874 11410
5659 18270
9650 13639
3949 19464
2063 3645
7248 7609
17202 18563
5734 8337
1868 17471
2478 10801
1999 15265
5151 9408
6868 8264
5584 19133
9113 18708
945 9828
5354 15378
11653 16541
736 2585
17666 19337
8807 19647
7904 11104
1622 7271
9694 11598
3817 16358
18081 18589
4214 17580
4566 11218
12600 18748
7707 14868
2032 5016
3165 15243
15880 17747
593 6443
11087 11425
11683 13614
3635 15555
1957 3803
9372 14443
1789 17610
5368 9545
13051 16042
6712 16538
8157 14523
7690 12083
1530 4928
5728 15589
8493 11656
5572 11232
2794 14674
1250 4257
12 15930
1875 8930
6077 7213
3641 10633
10913 18099
8650 13391
628 12951
3561 4199
9731 12153
11902 14790
10880 17616
5206 10650
12755 15689
276 11583
2197 12853
733 18138
16527 17337
3587 18160
1965 16493
212 3356
787 5298
14181 17623
10239 17278
7934 9198
10711 13601
6620 16982
3787 18608
1465 16660
1369 18353
14910 19658
10069 12165
5870 9690
1520 4287
11935 18859
9326 12755
4536 13931
2823 16700
4307 18573
2759 7983
4496 16751
9787 12380
6456 13057
4394 5605
7995 11911
12933 18079
7981 17811
4914 15512
138 10627
6686 17294
7059 13364
2238 8915
4229 13923
8844 17410
254 19699
4813 7413
14150 17114
642 18859
10907 19304
5441 13992
11881 17902
9487 12611
10029 15835
15333 19258
3625 17532
5244 7054
10828 11502
5354 12035
5671 8610
4493 17660
112 9960
2876 19129
8633 16691
4366 16961
13640 18586
13675 14531
11441 12872
14312 17553
6911 12702
9720 17151
11691 19474
155 12038
6057 9477
7327 16609
6006 16578
10985 14556
4842 9130
4953 14492
7121 17210
15390 18435
255 7513
6069 9756
4431 15821
11549 12997
14622 18788
15540 18416
3613 19298
6059 18000
9304 14796
5382 10476
520 13812
11767 11980
130 2122
6492 15176
611 6862
8540 12842
14296 19368
8904 12272
2151 16489
3126 16391
2740 4306
1417 12262
11225 18876
4245 10254
5631 7072
2743 7156
2051 9738
10837 15728
6034 17742
14781 16295
835 2462
10375 18248
4528 4552
4394 7176
6614 11280
16880 18116
2459 16486
5138 15079
2670 6000
3189 9944
5763 12417
4301 7984
4673 11559
87 14711
9554 13412
7748 13224
3799 12418
8220 14843
4905 16902
3064 8696
5378 6589
1251 15938
612 1172
16494 18478
6188 11787
8051 15644
7818 19413
11991 18634
3910 11438
1534 8988
6540 12411
10888 13557
6678 19553
2429 4179
13663 16266
5720 8548
7696 13242
6840 16419
8 9366
269 9469
5551 18338
10820 13821
4482 7020
12188 15572
12483 16214
1459 7514
10177 15432
3264 12415
5466 15422
1959 6795
12763 17172
10510 16663
5932 19443
5537 17335
12412 15632
14524 18659
7876 15612
8109 13468
7487 14978
6163 11123
2490 6287
1335 2524
4045 5769
3329 15248
2900 11478
212 8291
1399 12064
5065 17705
1495 9409
8290 15982
13003 18634
9696 12003
9454 15550
362 4212
7065 18299
3141 11510
12978 15147
1317 13006
1001 14995
12359 15600
3493 9837
2317 17091
4084 12788
2034 3760
5528 18277
908 15538
9364 19431
2914 16488
4051 4117
10603 11926
1155 10486
466 10886
5254 5719
9802 12932
70 17890
2116 10178
16056 19069
10568 16076
5011 5518
6527 16949
1890 11384
860 19053
5509 10443
4407 12343
5154 13545
2868 7184
2257 17286
13834 17730
120 9145
13575 14292
12000 15402
18464 19653
3320 9480
5768 10833
13598 14186
664 18829
3285 15787
5310 14126
2547 4155
5289 6019
830 17138
10249 10500
2236 10553
408 1282
2759 16735
11687 18718
9675 16575
10089 11997
10476 17287
1615 9849
6200 7384
8823 14225
10941 15505
6142 10044
1116 17752
5388 18542
2438 11387
1498 16632
7792 16657
8340 9015
9490 18990
2536 7124
3490 18459
9532 9616
55 6691
15447 17670
607 19414
5381 13498
4467 19400
7346 16214
3158 5217
11609 16270
18261 18676
11696 16640
3074 12321
10794 17350
9646 11516
13952 18757
2625 12298
7971 12378
535 1630
9550 14117
9788 14975
11998 16212
13590 15731
3954 11384
3661 5108
7846 12151
6285 14422
315 1447
4415 13760
7083 12991
2408 12380
4503 15271
561 15132
6008 18374
994 19340
17574 19555
4864 5915
12276 16443
8357 13913
167 8539
7856 13529
8867 15098
651 3935
3 18659
1534 1614
776 10713
10501 19627
2712 11550
352 12912
825 13469
8376 16462
4014 6545
3476 17796
1028 17263
9234 15233
12103 14478
3490 15909
388 877
4745 13138
991 16415
4428 16778
5561 18717
12901 13427
1724 7695
218 16571
11976 14224
18158 19009
1027 6583
1174 6866
7232 19665
977 1718
1812 15464
3898 8621
13307 17197
4361 17913
6151 8469
6341 15562
5696 19628
8030 14077
9994 11544
245 16889
11273 14518
2880 15791
11301 19567
1282 10517
12088 19268
4548 15877
11866 14024
2259 9156
1920 10226
8560 9808
3281 5910
60 17485
7777 9676
15423 19233
2604 11811
915 925
9102 19629
614 17457
17682 19712
9921 17899
10915 11639
4608 7760
5562 18345
24 17654
9753 14228
3026 17622
17668 17845
2048 9542
3388 5072
236 1742
8973 15607
7288 16420
7793 11710
6152 9559
8720 16640
4950 17062
5227 9851
2865 5470
11786 15434
11564 18711
1804 8017
7374 12070
7895 16432
3490 16068
10954 17918
8743 11040
9572 11008
3938 10854
7298 12987
5805 6159
15116 19624
3347 7952
9908 16906
6598 10410
10501 17548
1891 4218
5212 16045
1234 5622
9296 14961
2043 13459
5024 16142
11406 17585
8868 13329
429 9872
10257 15255
3065 5181
9802 18063
12484 16087
9687 18464
368 8982
14874 16365
11491 16664
6522 8228
10767 18130
12738 18109
7820 19410
338 2454
216 1246
5749 14758
3974 4206
4325 14431
4297 13031
13074 15973
17205 19208
2767 5877
1905 9919
3304 19222
9380 10219
499 15977
15348 18844
18245 18939
3656 6960
7308 16579
6088 17083
16533 16669
8862 19623
51 12763
14343 16521
4129 15899
270 4021
5753 14252
8632 17478
6065 17516
3852 6276
6066 6575
996 15908
2837 8866
10395 15335
4201 7267
2797 6456
1023 13650
14305 14799
2947 4375
2701 12641
9046 15549
11677 18414
5442 8395
6123 7216
3204 18242
2755 5498
2909 8841
6137 8087
3310 12301
496 4763
2442 4121
3806 11213
12271 16408
523 16315
6521 18264
1951 18231
2402 16279
18573 18948
12056 13558
1492 2959
8676 17313
8399 11671
8855 13744
17265 18428
6800 15334
8186 8261
3716 15145
10037 14857
6713 13539
17113 18770
4301 17310
5915 16427
324 10059
2564 4583
4058 8155
11295 18785
1337 4586
12417 17925
2274 3069
3913 14009
2744 16339
3127 15899
3167 18180
10097 17469
6553 17760
1178 7930
3715 6270
5391 9458
7245 16909
9337 19449
7354 14148
3732 14428
11251 12152
3488 15778
5884 18950
8945 13998
7040 16608
7898 15275
6254 11623
17527 18952
4218 4840
4149 4247
2454 15854
477 17313
10338 14167
7176 17251
299 6025
1974 6340
531 7379
17762 19015
5819 12417
14529 17334
5543 12183
3709 16455
16067 16891
4784 7167
4039 6093
1496 9926
8928 11413
562 13058
6218 11369
8219 8468
4718 13504
7054 10863
8334 19384
7109 17129
15358 15889
4248 16330
5625 18450
9083 13909
5307 13453
2098 5187
3488 10829
15744 19398
8026 11368
11015 14709
4540 14557
3449 11999
3057 5077
473 19062
2015 18754
1060 2738
13370 16465
17350 18312
3841 10726
9976 10879
6125 15533
4 18542
815 11825
2256 6089
2140 14562
4281 8999
10194 18995
3328 9490
1849 13204
12030 19453
15966 17472
10517 10559
6381 11352
1868 11795
10710 16003
10884 15453
4863 17946
11242 12718
2534 19274
17311 19457
3159 13207
4365 8393
4909 12992
3217 18436
4568 15587
2662 9573
779 12309
5208 8789
17732 18495
17474 19686
6893 12984
3035 6982
13344 18386
8512 10676
16 3498
11354 14195
13397 16625
4575 5243
675 10838
7071 10242
6519 8170
204 1957
254 17740
8670 18418
10073 14698
13049 16880
1252 6853
4824 18349
7875 16338
8877 15677
1934 7827
4901 7273
13506 14233
11165 11320
5912 16900
3334 5456
9886 11487
5726 14613
8073 12363
3599 10911
1988 10208
8744 15992
8726 14793
3155 17992
2214 9900
3944 15086
6091 17888
13136 17713
2262 17133
7712 18343
1654 12299
14017 14842
4469 14991
11883 15151
2767 15033
7954 17944
12826 15968
13806 18975
7957 11336
11821 13712
12593 15103
13715 15824
350 16230
16798 17996
563 15749
8400 15100
6957 15540
10511 19281
1631 15242
15130 17864
3445 11480
3857 14923
8817 16432
4232 16182
6366 18364
14737 19562
4614 9050
331 17366
16084 18519
10789 18114
11261 17081
12531 16711
4254 4490
10328 18913
734 19262
7734 15192
15672 16607
15991 18180
428 9924
9965 17187
10037 15645
7276 12796
7968 16976
1924 3035
7345 9711
9995 19606
7520 16086
3912 17633
4599 15285
3362 5191
7030 7722
928 4801
14475 18894
5094 12874
2464 13868
1678 3227
8847 10957
6522 13048
882 17014
12101 14372
4260 7951
4005 13179
440 4907
4275 17431
1563 5407
200 10719
505 6112
31 9076
3458 9171
2887 12098
18459 19617
128 1272
2272 15903
1786 6921
3490 17114
6700 8392
9314 13477
1901 11336
8881 9894
1152 14198
471 19052
6480 13460
9426 9714
14974 17483
8417 15860
1907 17730
834 2304
6231 7206
16511 16569
2356 11983
17505 17662
4295 13483
14781 18654
14085 18515
15136 18780
2541 4886
8867 12508
9937 17032
18251 19337
7112 13354
14447 16720
6201 13243
7935 14154
7546 13316
11399 19255
3779 3890
7798 10609
4554 13909
8660 11298
2619 16010
10271 13973
1063 3947
5892 12561
14223 15306
11202 12005
5162 8479
5516 12266
8170 19154
9541 15898
13948 16798
2048 19069
1749 8003
4864 17965
4003 14322
11141 14468
9960 16951
11131 12925
8627 18539
9005 18895
15564 18248
1245 5367
13925 17984
9347 10615
15030 18353
14219 17190
411 6558
10983 12407
1056 11330
958 2520
10195 13014
15075 19212
4389 7583
16291 17761
185 1493
14568 15402
10485 17717
7891 18936
1489 15750
7993 13135
14597 17408
2493 14245
5492 7554
7274 9673
10104 11951
13837 18780
2462 6161
338 7186
4760 5757
15959 17188
1068 13248
1214 11103
3675 12290
1620 11261
10823 16392
50 9609
1811 16907
11815 13918
1858 11404
2369 16643
5275 18067
8066 13047
10214 11744
890 12462
12365 15469
8180 10401
7261 8346
14452 15763
1564 3084
7325 13916
6722 10729
569 14253
5732 11518
7714 10664
13031 17151
11912 17736
854 9723
15640 18498
772 4896
2524 14300
284 19592
471 6613
5829 16020
2705 9954
10217 16381
6102 16090
12884 16991
18697 19162
556 15881
13312 19146
4209 9140
4979 6983
7179 18838
6030 11651
71 8741
4194 18672
1140 12878
4462 15551
18495 18708
10324 14335
4629 11249
4993 16277
7437 14089
8329 16309
9588 14299
2494 3232
155 5438
2906 14936
5199 5232
3544 6406
8281 13682
8277 13506
3844 15627
3064 13298
4610 16075
13462 17970
6394 17261
1331 3536
1762 11765
877 13172
11949 19199
6235 19604
5888 18845
4882 5758
10735 18845
11771 14201
5685 16929
4985 17053
3821 3902
1043 16947
13445 17759
9857 10084
964 15875
11290 11641
6737 17379
439 12246
2948 16118
1503 3950
10024 18064
16392 19390
5217 8742
8054 18100
3169 19716
8229 14337
49 16097
6296 12724
10196 14078
1051 11323
12348 12931
11759 16981
11261 12822
17393 18782
4453 10393
12309 13358
3664 7414
11301 19405
3224 11218
11973 17071
15233 19468
17498 18651
4670 10202
5150 18265
15747 18825
5850 19271
14129 18980
3867 17211
7658 17069
2423 15173
2770 9160
14896 15651
1905 14206
1865 9394
778 9404
10618 13003
12182 17641
14691 18598
10188 18462
6893 12104
2559 3792
2747 8813
3344 11112
4671 8316
5680 13670
10237 10808
1836 18872
2284 4031
12332 17104
5676 17585
12370 15051
6989 16337
4244 7144
11404 12174
13218 16782
15011 17276
4393 7440
5176 9713
2259 6127
9623 18235
7725 12966
11662 12662
11429 12230
2770 11026
2761 12867
2051 4655
2801 14594
2742 5883
11736 16983
9721 15194
8240 8662
12365 18517
72 12823
1810 8192
6301 8209
11691 12983
9956 16875
3973 10005
5033 16279
2466 12692
1269 18843
1644 2444
11886 15520
15782 19576
2894 11531
15002 15098
5791 6523
10185 13152
6787 11163
15360 19254
3545 12588
10594 11913
9655 16671
6119 18831
9439 10923
2096 17827
7727 12643
7345 7970
13677 16710
3756 14860
10811 13057
1627 10959
2112 11887
11991 16153
475 16091
5215 19636
3984 6034
6494 11319
14631 19515
3823 16019
8409 16663
7170 17308
12852 18958
14961 18350
7106 9831
7562 13620
12749 16955
11507 14696
1389 18144
6074 15051
4904 18326
14165 18787
5972 8536
3549 18089
8288 13534
4613 7300
4672 18591
6682 11448
15094 18041
15680 16900
7018 7277
38 18389
6458 13212
3900 15518
2984 12235
15236 16691
2370 14000
111 18687
12571 17434
9400 18591
19247 19310
2660 5495
3224 13657
4523 15278
8252 15961
8953 10928
5584 16430
9029 16351
12918 18070
3914 18208
3160 10293
10430 11187
716 4883
10379 19355
7755 13847
629 1561
2924 4843
1940 9302
8744 15416
8331 15124
14 11382
8615 18868
1671 17054
13071 14274
10317 12210
1077 17172
13103 16787
10672 19451
7250 15138
10877 14785
3299 11721
9403 10479
18499 19443
634 6789
8004 18434
5889 10451
17622 18280
15189 16159
5851 15907
8354 16289
4766 18026
2966 3317
2639 8610
6401 9276
7804 9684
3994 19182
7893 16510
10232 12339
11298 17058
3099 8452
5837 18897
14229 15662
5738 16540
2206 12495
14789 19254
3816 14163
8709 18038
3949 8901
454 15045
5520 8297
12076 15102
4044 8910
5142 16482
5234 8252
11547 18707
4381 12132
747 16298
6802 13579
9252 18815
243 3143
851 4525
11823 13831
6407 18425
4367 4396
7685 14899
1830 13170
3115 11433
2076 6939
4812 15193
16537 18359
1996 13281
7460 14514
16502 19301
7358 18001
8397 12874
3833 3935
7276 15366
6628 16024
7227 17114
12646 18644
353 1446
13489 19569
9294 19100
3925 17100
11114 16504
6752 9298
3207 4082
10049 15570
126 13583
11151 15177
2031 8560
5428 7982
5827 10449
11627 12633
10978 19403
15719 18340
14367 19153
7101 12508
7433 19008
10761 15107
464 5580
4617 14543
591 3320
6273 8512
15156 17001
16615 16824
426 17279
16375 18000
12101 14323
9495 11007
589 2760
6908 17583
6564 7260
7705 9149
1056 13039
5680 7669
5338 9193
8224 10451
14165 14738
11357 12634
7401 14186
2457 10443
5536 16035
3475 6127
3652 5688
17607 19628
306 7309
6818 15386
14597 19000
1771 8508
4985 12830
427 6121
12252 17883
12826 14807
8706 16565
4074 5679
9575 14553
15801 19016
9011 17861
8671 17421
2708 4908
1704 10746
3003 18126
7603 16768
3438 17878
5318 16016
4636 8144
1637 14805
824 14160
11228 17332
490 10366
838 15098
16195 16886
4926 7262
11133 14512
10655 10833
4385 4956
17324 18031
3389 16274
4890 10744
5931 8396
2016 12088
2550 3256
8595 12582
2734 6826
223 4076
672 5003
689 7050
1838 9498
12377 14158
16832 19341
14199 16420
2095 8051
2790 10662
1802 18935
10047 12471
6042 11497
2052 9813
1108 11267
6063 19393
4643 5583
3986 12787
679 19452
5906 15106
7761 8057
3449 10087
2802 15229
19193 19468
48 12766
9938 19661
16294 17243
6572 12092
2399 7931
6229 16936
15754 15868
3248 7935
14429 16844
14095 19670
17941 18775
3528 13426
6751 14307
2258 18243
17273 19328
16158 18918
497 3849
13689 18073
1374 15421
13692 16360
8757 9721
4619 15427
3916 5470
15415 17730
15484 16539
10059 11359
1486 2479
2263 5354
3208 4912
1976 8259
9787 12863
6853 8314
3894 10472
1051 4089
1623 6632
10098 13707
16169 19669
4033 12919
13798 16492
447 1916
4138 18390
11399 14258
450 18504
5018 8118
5231 19221
17341 18018
4389 17242
13762 19117
10060 18016
6283 9260
9694 17567
6446 9642
5149 15578
8674 11844
4900 13600
1308 17940
8088 9417
1231 12483
12167 13533
16789 17508
7874 9145
5839 11781
12583 19024
1455 8109
3777 3935
8538 10555
1398 8796
11813 13954
13727 18742
18382 18682
10259 19545
4856 19700
8185 19071
16219 16648
8129 9490
13852 14399
11057 15889
415 18531
4838 9452
13379 15282
3437 18671
6799 9406
7859 16601
3393 19450
8984 13786
3673 5446
11458 16110
2979 4824
2071 13569
9499 15923
3672 19073
580 9040
7839 17543
3836 5032
11429 15744
2680 17931
2076 3510
2795 3705
1595 9559
3524 17921
8174 16771
13267 18977
5803 9077
13058 15704
16195 18120
12051 17550
4117 15534
12238 18186
668 17737
3149 7644
5892 13236
176 453
1461 11599
18285 18999
5686 9959
6156 13521
11700 16781
5323 18414
9353 13282
3347 10706
11367 18466
16388 18342
6092 10144
7602 18867
516 6243
8640 14271
4699 8573
1254 18073
9624 14319
16013 18142
4639 5601
6619 16212
159 15783
7930 17651
4444 17007
1197 13305
15389 18093
5448 6250
12560 13182
15776 16722
4560 7513
11775 14392
8219 17987
6019 7186
8376 18836
5719 6180
19062 19654
1973 7101
14208 17738
15418 18643
3511 10273
5670 9317
1065 13238
8882 12472
8792 17469
6010 17165
11291 14349
1451 16051
17175 17263
6476 7534
7206 17379
8783 13032
12048 15876
2887 4345
5923 9886
15355 19593
4086 18282
3097 4738
5461 15766
1090 13625
15819 18111
1481 16584
11710 13682
6438 11108
13413 15749
1632 4587
14091 15251
13061 13860
3522 16080
2132 3441
18319 18720
3833 4395
3628 6783
8010 11014
10551 16272
12705 18759
1329 18020
8917 18149
7692 8147
9167 16865
6638 7170
1781 9482
4400 19148
15588 18016
6458 9687
7357 18745
5082 13876
8209 10461
5909 7578
12714 14078
2609 8520
1812 4212
13627 15496
2973 15197
1945 19299
8542 16172
8446 10144
12085 13581
6461 9655
2348 2432
10464 13721
7633 14112
12701 13046
1232 8473
8064 15154
4002 7354
18917 19241
10062 19416
992 17009
758 13529
5611 11420
5356 13085
1951 14650
5528 18632
10264 16163
7079 15636
610 15468
9366 9764
1755 1783
6600 17916
9517 16526
1931 15421
9449 12255
7689 8849
3238 16022
8367 11023
4208 18757
7044 17853
4724 7205
2189 17992
2940 14877
10532 15269
12202 18202
15043 17463
7770 15304
7580 18511
4879 7353
1603 4699
6885 13585
1673 19549
6974 7120
4392 13270
2409 9124
13166 19158
7305 12450
8162 14260
13291 16795
9952 11633
12457 14630
6197 16669
2424 5725
2550 15512
3184 3605
10719 16186
9481 17748
3508 9190
6988 11263
12105 14226
1342 16603
1786 7989
5699 15664
1148 15560
13676 19576
7875 16518
15771 19075
4124 18411
2768 2969
11639 13051
4764 6676
6440 8371
11635 12493
4696 15166
11243 12673
329 7999
5386 8673
9609 15509
10480 13826
7897 13460
13004 14888
10737 13104
6121 7682
5344 16857
6043 11114
4564 13731
14432 17252
12926 18427
10238 17883
4019 16563
7310 14676
631 10384
249 10091
11260 16279
170 9703
4698 12748
11765 17848
18369 18553
2757 10997
7116 17036
11107 17107
1404 9275
6339 11866
2763 7783
4779 6237
41 8339
11677 14387
1066 13791
15124 15976
1691 6036
9002 13475
3712 16309
10721 14106
7620 18196
12354 15605
8321 14051
11442 14096
1859 7487
9973 11907
1422 5387
5343 6096
16625 17155
7845 9925
10905 16443
4744 10542
3087 17443
6721 18048
6557 14903
5221 7919
13144 19175
3201 11060
511 18024
6505 7755
9945 10749
626 7385
8403 13025
5582 11339
7747 15659
14312 16720
15420 18187
3114 10045
1457 2197
10575 12762
742 10212
803 18205
14442 14521
13797 15924
17271 18364
8597 14594
12106 16624
3689 18090
722 5250
5827 8311
8324 8736
5810 13347
1306 7558
2791 5234
7812 14688
13110 14732
16238 17354
9968 11840
3931 10789
220 11711
2338 16856
11098 15801
8211 12182
1050 17721
4733 4896
615 15360
2481 4704
11780 15819
3688 7384
4295 7669
633 17846
5261 9941
18315 18665
14769 15027
14833 17876
4838 9213
8827 13607
901 8183
6652 18571
11733 18671
3198 8218
6753 9879
3459 5470
11354 16181
3223 7107
12915 19383
7382 7538
2644 12021
10993 12792
3216 15042
1591 7163
6077 10164
10278 14448
7257 13403
17846 19076
10748 13289
2744 4241
2244 6833
14341 14645
8216 13754
2422 6104
2643 16383
1405 11876
4380 10122
2128 14591
5791 12815
3431 4915
6873 7062
1455 2874
934 11607
7620 8885
5919 13069
15867 18597
3252 4234
1383 14975
5917 6716
12557 15134
5033 10657
3345 5683
13362 17601
338 16645
15691 16781
211 12614
1136 12250
8523 19600
16089 16490
9829 16420
2050 16476
14269 16706
2982 14320
17690 18584
234 3913
9298 12570
14236 18396
7258 12245
1856 2903
2457 2783
17481 19446
24 16602
855 10824
7574 10297
1119 17706
8262 15298
4951 5296
1701 8216
300 7700
17224 19606
7984 16245
6590 7459
16119 16558
1355 16786
8139 13204
13078 14536
2801 10084
2296 2612
12708 17430
174 14300
7266 8658
5993 7268
10530 15500
9275 10575
3900 16634
2035 3785
2116 14082
147 19480
6333 17753
8738 15617
2570 4117
1609 2624
11581 16864
3509 9929
5077 13693
7769 13173
8636 17602
5892 13360
1542 11961
15203 17618
7464 13674
8909 17996
10503 16072
3819 6898
2431 10279
14589 15253
781 7365
8812 13312
9297 14501
3358 11066
6301 11851
3928 6878
14725 19281
9206 19476
15146 15211
4835 13788
8253 9455
1215 8992
1943 7795
2600 11719
8679 9287
1580 4501
1917 9690
16565 18319
13462 18180
11174 12603
10085 12928
6506 6813
9038 16083
17811 19428
2360 9361
2286 5491
4156 12844
6748 15531
1533 1767
6913 15295
7806 8786
3100 17963
1025 18178
13426 19660
1041 10860
6628 7127
1826 7851
4046 14370
11244 15734
8580 13009
3843 9302
6795 7295
1978 19215
5939 9964
13543 14097
2460 9813
1141 12022
1126 12399
11496 16002
10605 13267
6966 11283
1713 19160
7316 12222
5603 6499
755 16613
11252 17497
15298 19678
7523 18002
8378 12991
14138 15572
379 15495
2465 19157
6318 11116
12055 17054
1449 14074
9197 11287
3277 16523
16758 18860
3119 9545
131 4941
2139 16215
4675 8524
10995 14252
12929 13974
3327 10987
3195 4475
9414 10975
2095 15069
17926 19200
14013 15295
1414 11017
2850 9563
2335 10000
6885 15013
9362 10339
2748 9551
4618 12635
5116 12329
2329 12991
1800 17487
5299 17380
5903 16912
3430 9832
295 19322
3418 18486
2959 6815
1663 3594
522 2354
4206 4836
11798 17293
17539 17771
8972 19334
11122 12535
180 933
7336 18839
8499 8910
4108 11515
13276 15577
94 6425
5789 12306
3588 9044
10668 12810
4056 18140
3323 6132
1844 15300
7043 18162
3648 6622
8262 8743
17161 17560
8086 9378
4436 10775
12367 19685
3940 12657
1833 12647
5141 6309
7864 15773
10684 13630
5758 11908
291 15543
1901 10780
4680 9584
756 19304
8207 14176
9335 13271
5342 8469
3985 9214
7687 8011
1898 19398
13155 13895
8604 9163
12479 13062
3369 19403
4245 19641
9058 10026
10473 12178
7253 7929
505 17319
7431 7860
5927 8043
955 9563
14343 16800
3003 12557
11839 18229
6518 18822
1399 5068
11425 12280
8980 9270
13141 17272
10847 19219
4835 8361
2524 5887
12381 15548
2406 10258
1305 5591
15608 18792
2656 5094
7084 11419
4751 7823
1735 18329
2505 7198
289 648
3743 17707
9127 19379
2246 4578
8120 17063
7257 14803
4160 17802
9829 15429
8257 9325
449 8967
8126 18478
3415 11373
19129 19409
2150 12288
6378 16587
7314 15218
2755 4745
7988 19340
12873 16711
3195 14793
2517 14681
7278 19698
963 14342
4372 9565
13447 18817
15469 16336
597 6078
2881 10788
16231 16594
6240 14608
4849 15263
271 13511
11285 14151
9093 14197
4234 15090
16217 17616
8253 12208
9043 16445
2892 18927
7301 17360
4769 16876
3060 13519
9463 12677
15 9134
1845 5910
11813 16054
14888 15394
14026 16056
2859 18789
13081 15238
2657 7543
11510 11839
5466 8605
5323 9197
3616 8517
7139 12855
4815 12402
11432 17450
9976 11208
1043 17533
10391 11745
14032 14927
5687 10587
3480 5774
7548 19052
13010 19716
7839 12142
9656 11713
16928 17524
9686 18537
14066 15232
3887 9736
3810 7655
9097 15919
5286 10192
10923 19467
6537 17782
694 2101
8964 17538
2866 19450
5063 6255
11131 13761
428 9382
8610 11426
15059 15994
9167 9350
9720 19083
1219 13842
7793 12942
14862 18601
3395 18819
10025 13723
8410 9381
5174 19205
2111 2586
5949 13531
225 15984
6268 11375
8343 16250
5633 8753
2126 6046
2064 10523
3196 15190
10571 13829
121 8618
122 3828
2340 11884
14187 14400
1515 12382
5211 17580
3987 15595
7885 10588
9079 11007
1375 16315
1920 8277
113 1221
2596 9184
162 19186
10329 11032
9626 12643
14277 15457
6623 17360
1491 2324
11622 19493
3777 11946
2084 17048
10480 17830
9724 18225
1668 5296
13359 15668
8701 18206
7302 9473
7722 13930
2077 11915
4162 7849
14515 19601
863 16185
17365 19093
10945 11241
87 1769
11368 11806
14549 16740
7339 9502
7798 18144
2416 14745
7924 15429
11028 18678
2020 14987
4879 19602
5854 6715
4452 15744
8466 17528
7820 11478
7922 9930
359 18912
527 9079
7075 19519
6060 10907
8702 10335
6283 7727
6306 14061
8138 15875
1048 5866
8055 10124
11372 15221
704 5872
4566 19588
13217 17653
3316 6653
614 17769
10485 18246
1901 12861
11440 14032
12608 14771
9364 10267
2213 13861
5265 19354
506 6638
9582 16258
1791 18926
9020 11190
2005 19469
3098 3175
675 864
1302 18281
4858 13140
11542 13940
12268 16073
14430 18317
5196 19254
9031 11569
5882 16659
2614 12870
2375 6940
3907 17108
2639 8789
4253 7495
2309 6509
8228 14081
15070 17568
17512 18219
6971 7060
17224 17987
18006 18822
14440 18704
17037 19226
3782 5545
10556 16336
5384 11392
4227 9818
7133 19703
5919 7835
10503 12032
13034 18176
9387 11836
18351 18690
4897 15556
3900 17043
13428 17649
5494 6086
11661 16451
16961 17364
11661 16548
17851 18452
17414 17420
5487 18666
15744 17641
13526 14372
4631 7504
8721 15405
3383 10559
4087 15575
4208 11129
17661 17834
1875 14605
7990 19271
5019 19227
2367 10986
721 16941
15860 18330
111 13458
17463 18045
12408 19500
2152 4477
414 6899
13887 17264
1522 3331
14290 16236
1047 6374
2537 17831
1712 11431
14402 15439
316 10654
7353 8482
2541 5149
6720 11312
577 776
6899 19592
5756 16755
6591 10265
5052 11189
3338 12259
10887 15272
4661 8198
2851 6175
12915 17492
6211 16867
2842 15420
9603 9991
13446 14999
2309 10926
7181 10006
6189 9906
1084 13012
9856 16041
4551 11550
19352 19372
3327 17030
8637 15593
11246 16902
1851 5723
3519 12262
1251 9503
3642 7197
9766 15071
7785 12157
16477 16656
3037 11444
2998 7745
4562 6610
3822 10221
850 13316
3456 18137
8638 16839
3584 4496
2520 3483
12525 18432
903 10543
6268 9465
1650 18236
904 3707
4457 17585
296 18524
1900 5200
6461 6799
6975 11388
10279 12347
5792 14244
1925 4121
11634 14555
28 7397
1379 10229
9952 15966
5078 6301
2375 9262
1033 9552
5695 9045
5922 5966
9196 10428
12384 17851
3760 14829
7218 9587
5972 16395
7008 10417
15736 17892
18710 18762
12695 17660
17217 18200
9567 15602
7797 14088
7206 16985
8481 18454
12086 13972
9353 10837
5434 14185
3756 3816
5430 6148
5360 11802
11315 13866
1617 6694
9724 17029
16993 18614
7491 10358
6609 12672
430 1554
328 15540
296 13546
691 7311
10804 14215
2383 14024
310 14955
7864 17726
2265 18898
5577 17952
245 719
4343 16832
4535 18999
15209 18028
2772 8416
722 18459
7793 9018
14330 15897
4858 15123
3182 10395
12364 14130
12785 13243
10199 15315
3687 5821
10151 12164
11527 17281
1099 3065
10924 17531
10302 13940
11324 18933
12185 12754
5865 15464
572 10204
1170 19165
9192 10887
6222 14298
992 2106
1675 13900
12308 13336
5545 17202
2394 11177
894 2302
1281 3142
18459 19500
1850 6972
3441 16148
11808 17322
1175 18472
13344 18948
13051 14995
3221 7694
4311 8428
149 14923
3093 18965
12474 15970
9427 15640
10501 16399
15292 16300
1552 14176
18068 18375
15529 16627
12273 19676
12816 13809
6119 10687
12487 16420
3474 9874
4287 10423
730 12891
4567 12474
9826 17024
13093 14269
4584 7566
1015 7239
3177 4504
5412 15645
13083 14479
4682 17966
7033 9006
2892 15605
8094 19208
11263 16751
3405 6805
5696 10324
610 17297
2850 8622
5596 15629
209 17576
6833 7107
80 9786
8636 18004
4113 4570
1800 7135
1143 14612
3662 19685
4969 14383
5392 18994
8955 10038
3874 16324
10447 18714
9853 18870
4325 6745
5733 13801
1405 5142
2174 8601
2543 9433
10025 18293
2236 14064
1345 9619
8474 12217
9964 13831
7705 13562
10158 14389
6976 14591
9436 18534
4933 13973
102 7789
2008 5262
5284 18044
13623 17183
11099 14125
13576 18162
1551 13710
8094 15086
12401 13878
3076 17827
1647 12411
11431 14821
774 15180
6453 12439
1716 4511
11284 14864
9571 10116
2706 19713
3363 6521
11421 18293
11488 14582
982 6305
12472 14447
2983 3617
2710 16068
8394 11114
9257 14531
3914 9145
8912 18389
2094 4931
11534 15657
2041 2274
5169 13583
4694 12410
6338 10418
6619 18876
3392 13533
2887 6831
3487 9825
2609 8978
9697 17047
6049 7711
3557 10903
10052 17367
526 16839
3907 15620
900 5491
438 10572
9895 17392
986 18512
2153 17181
6748 13897
6358 8580
4428 14180
2377 14460
608 16385
6962 12533
5101 13013
491 19149
142 18357
5286 5937
3167 16012
3909 15812
1854 18233
17530 18863
3384 14129
6415 17784
6384 12825
1147 5406
2160 17861
17619 19448
39 6327
7648 19444
7146 16494
1646 2758
633 1763
16698 17983
8747 16715
2590 5205
4426 18602
9458 10123
909 11717
7784 9689
7506 15426
1224 17623
12102 14800
11803 17311
9771 18727
6949 19676
2040 15757
266 4776
921 12909
6673 8406
1220 14581
9237 16957
13050 18362
4329 6687
1419 17287
7968 9112
7608 12660
14972 17227
10716 18639
1001 13996
6568 15356
7712 11621
9365 17979
9984 13335
1989 13591
8529 19593
1919 8269
8871 14064
4456 5921
3433 16000
2090 7841
4581 12184
1406 10287
2623 15065
6477 15913
4268 15728
6497 12425
14313 18410
2360 9402
13809 15862
6648 14300
5008 8611
7600 15865
13739 17890
4679 6320
2264 16596
6239 8463
3638 11432
8089 15255
12537 13795
1993 13502
5493 19217
3325 5534
8420 15847
7014 12551
4496 19152
12752 14253
496 3526
826 1717
5652 18153
17516 19308
16977 18912
10070 13592
5023 19514
3845 7459
8114 14304
2915 8236
2916 5666
2187 13722
15266 18270
187 5505
1501 7119
9889 15789
7759 16884
15412 18239
4558 9665
10526 13995
510 12426
815 11768
18338 18932
14213 14816
1694 3905
5287 11228
12340 14338
4856 10480
11990 12528
5766 15750
5472 12124
9 1223
10425 12665
1242 4390
13215 15860
6701 13545
12432 12608
11694 16582
5320 7386
10941 12801
9420 10850
10758 19359
3536 19453
10784 13684
4369 13608
1247 18523
4810 17350
3225 6144
3140 16237
737 8970
2404 8152
4195 5040
5695 8868
8488 13941
2419 18841
926 9901
8412 15665
7249 9977
6535 13822
13544 14088
7918 11888
15270 17457
12907 13677
4985 5071
7057 10332
11675 19415
7746 18550
18835 19642
4430 15145
7421 9542
1441 6930
296 9722
8962 14072
16550 19236
314 9212
482 2823
9320 15781
6040 13927
3513 12354
2512 15173
8591 12070
17204 17818
2019 5294
9369 18584
626 17099
10502 13102
6807 8861
3389 4964
2540 17855
12439 13877
5801 16534
2818 5918
6846 16649
680 13050
7683 9159
8137 14829
7026 7279
6193 12838
10197 13181
14015 19625
14591 19493
10993 12149
4691 14846
2130 11022
5899 12375
7569 12570
7141 13423
3262 17537
16646 18171
4881 17316
5237 18452
16977 17232
8659 18044
1676 10487
19084 19533
12620 15660
14117 14775
540 7828
18201 18365
3476 10070
4954 6713
5895 15793
11152 18974
1102 6628
2975 7550
8793 15090
2738 19298
9381 16097
6368 6859
7020 7596
9598 16275
4193 5050
9178 12943
5837 13235
247 3215
11267 15114
10261 17383
8523 10424
11096 11819
3633 16866
4357 15767
7043 18789
1260 11917
15817 16935
6374 13722
1389 2087
3643 9224
3466 3861
998 1741
2414 15787
12156 17458
7739 12164
11797 16159
13943 14892
8018 8675
3895 9459
1772 8184
733 14801
514 12519
3977 17016
6605 8753
6788 16133
1608 5089
10387 14739
6156 14508
13072 13205
3514 11858
4240 6515
9459 12981
1342 16334
16010 18029
9148 9938
9586 15067
8261 15973
7675 19322
10015 15552
4354 12926
34 10856
5463 10414
5540 15708
7860 9037
6419 13525
14193 19120
160 5031
3411 6461
9168 14295
1316 6963
1743 9904
1128 16356
4552 16730
10142 19524
4637 10165
1202 2854
9631 18305
6496 18400
747 16704
13262 16179
2415 4796
460 15108
3103 17648
12086 18727
2061 10512
515 19689
4613 7302
7074 9718
5244 5345
11380 18396
6361 17207
7719 14973
2568 16252
13182 14656
1963 11849
7050 12364
7789 18031
4238 17181
9648 16963
1527 9217
2948 18170
5223 13946
2112 15525
9429 13304
726 19710
608 16184
980 6119
10170 19088
8266 11482
1773 18210
9028 13192
3147 3812
17371 17688
1717 16093
9801 16542
11019 11360
14610 14821
121 3613
3722 15118
6300 7138
5043 14455
15311 19189
1294 2687
15101 17711
4633 17542
6812 15690
4785 13726
6681 9337
3186 12569
286 18168
16538 18127
5894 13744
2669 15725
1178 7447
8847 17075
964 12193
10595 12782
14295 16437
9045 14810
6947 7099
4428 13353
4673 5184
4960 11211
3102 14582
3589 19111
3347 9434
13721 19146
1685 3984
14566 19022
1605 7464
5537 16927
1423 2947
6707 16004
58 12292
1085 8640
206 4716
6791 8300
2139 18567
6293 14325
13615 15254
5400 14024
2804 18519
2716 18107
10877 16407
2567 7076
6729 19389
2397 13493
3421 12548
11240 18658
7844 10121
14668 15894
5306 19027
11669 14394
2825 14884
3269 6680
744 5777
1799 2620
3771 13591
4322 16022
3350 18423
13489 16717
7574 17955
3685 12983
2355 6977
8253 12220
3023 4397
16551 17541
15294 18592
10500 16254
8419 9812
1127 10740
1412 12050
11906 16382
2463 18429
11512 13816
12722 18596
4219 10370
1375 14268
5040 12264
10217 17099
1860 18291
10698 18933
2870 5758
14570 15019
9228 15372
2353 14482
10993 11476
8989 16751
12358 12529
3670 12953
3707 5507
11710 19586
132 9592
888 11148
15624 18818
6978 7228
4113 17247
11282 19421
4565 16645
16684 17335
4708 11490
3033 12385
6722 19559
2829 4022
5842 19369
4482 13331
15301 16570
9639 19510
7205 9252
5162 8030
4385 5915
1811 6603
10978 18764
11286 15409
5524 15663
5076 9933
4836 14631
2387 14656
1416 5925
1378 16956
8321 13185
433 8853
5963 9310
1751 11589
193 3132
10866 14439
3653 12664
6913 11886
5110 12548
428 19390
70 16153
11712 15365
3191 6737
1327 2921
4358 17411
16330 17788
5563 7063
3004 6547
542 12321
5419 13236
3927 12701
5173 9221
10043 18557
4757 17508
6706 8718
930 9107
3466 6647
6779 7936
384 19655
8711 15730
14744 16027
5399 18265
17672 18526
852 15440
8399 13563
10014 13901
1405 7096
2145 5681
4674 16395
10299 15778
3300 7590
7036 11671
238 14999
1004 1383
3177 9565
1338 4399
5055 9823
1010 19594
2653 14221
6853 11950
4645 11062
17948 18817
5046 9756
12154 16253
7390 19145
4814 17511
1925 5112
3195 11618
4752 7499
10242 19657
3073 10614
9020 15491
6721 18720
5344 19363
5805 10247
15571 17521
4585 11924
15272 18914
12054 15771
7448 19057
5182 10192
3823 12928
15054 16827
4161 8380
10205 13818
11574 16963
9231 10250
6667 14082
7787 11169
4656 9282
6629 10937
14338 16897
306 3278
4213 13120
741 15332
4166 12167
7163 9430
12503 15732
1086 10045
10217 17740
7693 7721
147 1192
13661 17437
7727 18703
1424 9948
6910 8014
3106 15231
5403 5867
5308 16430
2493 17778
13000 19374
3812 7955
2580 12086
15582 17855
268 14843
4926 14301
1540 4042
3849 9934
5779 18205
1674 6564
3277 7368
6227 16017
5152 12516
