452 1692
203 2094
632 1130
185 2065
1171 1520
565 1018
1337 1540
214 1691
268 844
2182 2214
910 1997
1790 2005
1552 2047
91 2221
47 816
257 1243
238 1532
303 1342
1219 1746
648 1070
421 426
1869 2023
292 948
1389 2149
38 731
420 476
1076 1755
1474 2119
500 1866
531 1896
109 1543
454 1407
1283 1735
2124 2158
34 972
318 1319
126 1062
1059 2112
898 1796
122 1957
626 1070
912 1106
896 1278
188 877
166 507
361 2078
819 2088
783 1135
1204 1280
52 1237
514 820
935 1348
398 1390
963 1711
936 1462
336 539
422 901
281 1925
982 1002
1287 1913
809 1277
732 1985
260 358
1017 1717
64 552
138 2055
651 1159
507 760
857 1356
1360 1534
937 1108
1233 1618
71 1935
1220 2023
201 1935
1587 1696
241 739
94 2198
292 1266
239 2139
2032 2106
371 1984
749 2208
183 1939
1921 2122
1441 1496
896 1002
330 1160
934 1658
2098 2183
1523 2163
38 877
753 1265
1537 2001
704 2154
930 1206
893 2210
124 1073
408 1175
540 1280
870 1463
298 1467
1659 2194
1546 1666
896 1852
910 1175
1322 1844
1234 1841
874 1197
359 1380
295 1366
443 2169
137 1952
1519 1774
1034 1518
399 2217
1291 2195
100 1344
849 1927
842 1762
620 1458
88 1270
538 578
179 1649
191 1439
1296 1363
975 1524
899 1656
532 2186
194 2167
729 825
575 1311
104 445
513 551
364 1375
539 935
825 1969
845 936
288 513
1359 1745
1179 1481
565 1217
1595 1688
743 1883
191 1565
368 1614
335 661
452 1886
891 1247
283 344
149 363
130 738
245 480
239 1954
929 1481
1055 1764
1085 1369
758 1390
736 1800
614 1779
189 809
994 1664
372 819
1258 1859
1508 1814
535 1274
884 1269
268 849
864 1550
956 1635
684 1904
1627 2219
101 629
922 1572
1220 1910
123 1168
613 1403
432 2118
2121 2136
66 1992
651 2166
394 1552
183 389
81 958
1590 2177
854 1937
1233 1775
239 363
419 1051
375 588
793 1365
930 2185
701 2069
1077 1184
294 1949
816 1845
41 1911
312 2177
339 1864
182 1589
867 1617
738 2148
1638 1653
1368 1861
999 1369
209 1389
21 649
672 2200
398 735
1164 2190
1040 1891
1779 1796
327 1428
642 2215
104 1113
738 2132
206 766
832 1485
283 1841
896 1970
761 917
1391 1954
299 502
899 1312
590 885
547 1907
1734 2025
1397 2163
985 1921
1206 1821
276 1313
363 1763
711 2120
551 610
568 1322
536 1727
83 1202
714 1672
1639 1822
540 2127
1908 2067
393 1176
520 2053
584 2156
632 1024
706 1594
1288 1912
2 551
1920 1988
559 572
1003 1200
1187 1663
1646 1972
1045 2015
1158 1577
820 853
38 317
317 1614
740 2107
492 1009
614 1404
108 1475
304 1998
1712 1791
340 2189
169 2157
1082 1226
636 917
526 2017
30 194
251 1519
1332 1738
1369 1512
1094 1142
80 595
338 1945
582 1161
296 1025
1178 2075
497 1548
210 1983
1378 1786
77 885
179 1768
1427 2012
1011 1208
872 1283
579 1728
1730 2062
1155 1271
1496 1509
1080 1164
584 1389
837 1294
242 2200
251 255
700 968
394 1237
1173 1673
1019 1440
1181 2221
1438 2171
811 2217
598 717
1436 1450
391 1811
141 1205
781 2131
901 1365
339 1238
358 1835
274 832
459 1215
500 1374
481 1752
923 1456
227 393
416 2120
521 1398
579 1098
736 995
33 354
1923 1987
245 589
233 823
1044 1527
753 2210
400 1569
1727 2167
1013 1889
843 1177
204 1128
1507 1758
826 1604
911 1241
1520 1618
974 1602
150 1344
327 687
1376 1400
110 1761
952 1202
1425 1916
320 1911
408 1581
530 2161
75 435
76 1292
754 1328
1684 2019
315 1193
109 981
283 1378
68 1274
452 1569
268 1041
213 857
668 2046
95 1768
714 736
1607 2189
204 1678
1482 1587
415 832
791 1057
397 1847
729 1664
425 1757
1144 1759
146 2066
585 916
342 539
1215 2046
1146 1536
823 1231
1880 1958
571 1892
508 1259
314 1085
1112 1367
494 909
132 721
1700 1896
962 1964
178 800
379 1524
1001 1952
822 1362
546 671
2034 2109
1678 1795
1198 2053
305 366
523 1178
939 1264
1552 2112
115 1919
935 1752
47 1564
460 824
315 765
135 2099
459 1609
462 828
697 1601
154 1960
778 1109
567 1387
310 1549
272 1235
67 1073
2021 2040
1529 1799
240 1996
1606 1973
286 955
721 1433
85 1984
144 1057
625 996
22 1409
78 435
319 1913
296 847
1917 2090
1029 2075
1169 1303
376 2205
1295 1458
253 1961
917 1837
1736 2149
533 746
356 445
1322 2011
52 869
913 1722
690 2070
1376 1474
301 1775
1589 2027
30 1897
134 1218
708 1995
68 174
529 1054
459 533
863 1354
565 1766
1315 1927
1498 1806
625 2210
1012 2203
286 1744
293 1742
1107 2076
239 1876
952 1345
1178 1957
368 726
355 452
159 835
212 1656
353 1903
1157 2190
130 645
1212 2044
1228 2014
871 2064
1057 2033
669 1273
56 76
1339 1418
120 751
1197 2122
698 1185
908 1115
1316 1668
1386 1644
1630 1849
303 785
1578 2214
307 2086
555 1983
716 967
1238 1806
446 1878
381 1953
186 880
391 1403
1432 1509
498 1247
945 1488
134 874
280 655
713 2151
844 968
384 615
1236 1895
1426 1449
686 855
71 1874
920 2068
1357 2100
13 994
446 544
2002 2159
332 819
716 1554
385 994
509 626
494 1766
142 310
464 1747
439 1960
995 1576
1437 1961
229 815
1553 1983
803 1033
981 1639
363 1779
675 1328
272 1886
402 1701
936 2092
118 1760
354 1632
111 1836
1802 1934
714 1714
1573 2023
728 765
301 678
230 1507
508 1470
237 916
142 1114
1304 1789
1422 1599
769 1640
1344 1636
1132 1236
454 1823
846 1623
35 1674
1349 1396
1760 2085
123 1243
373 1893
637 819
393 1259
195 1598
794 892
302 1900
525 651
1276 1593
794 1577
110 1638
468 2084
1081 1543
612 1546
1179 1733
613 1659
272 1495
1056 1693
599 1555
450 1732
1096 2107
822 992
1029 1774
1512 1951
1387 1392
89 1319
994 1392
139 2019
1270 1819
1984 2109
510 1521
561 1566
1978 2176
871 877
542 1669
1819 1990
1478 1586
616 1240
129 1599
1120 1189
531 1024
1328 1610
1788 1971
564 1291
996 1209
433 785
1169 1244
422 1059
669 2019
1336 1739
1370 1637
1315 1489
296 1191
1176 1431
252 1099
120 487
210 1110
555 1826
1386 1745
132 948
1214 1760
697 1670
1673 1767
1570 1954
145 1954
243 1237
1087 1438
102 1107
991 2026
33 248
251 498
1173 2222
1112 1952
90 1583
1625 2049
571 1236
351 2183
1006 2060
355 579
96 1485
267 1684
153 801
1373 1520
446 2204
389 1234
1157 1188
250 1997
297 573
538 1681
110 755
42 903
259 1509
928 1415
1305 1787
671 1351
120 561
1318 1503
709 914
1646 1905
870 1413
1150 1788
1024 1374
2 855
324 746
640 1524
430 648
805 1510
365 539
290 1714
476 1799
29 1923
701 2176
1475 1518
537 1221
484 1001
470 581
1286 1472
136 2043
1351 1467
243 1603
1226 1912
323 882
974 1022
1 1788
796 1701
394 1728
1683 1872
588 1294
6 1438
482 1005
442 1486
85 713
1098 1823
800 1994
1111 1497
639 1366
549 1199
955 2052
282 553
1100 2098
264 665
1002 1778
91 2158
469 1387
837 978
144 2123
700 955
558 653
659 665
48 2015
98 1484
890 2129
350 427
591 919
1616 1700
267 1421
88 1398
381 818
609 1088
1132 2036
1788 1906
716 1510
74 997
1048 1236
59 2015
976 2066
1480 2203
153 1727
627 768
725 835
79 1191
372 1196
1458 1621
1500 1953
357 1625
518 1401
1204 2037
391 1498
150 707
2130 2154
44 888
705 1049
616 697
1069 1462
332 2079
282 1302
568 1312
1224 2081
696 2126
1623 2087
1045 1441
1085 1480
805 2185
271 1242
346 1484
862 1637
1231 1618
20 2081
452 723
1042 1395
331 2197
368 728
592 919
268 1529
625 2102
927 1417
87 623
895 2028
7 970
390 548
1285 1834
1376 1897
539 1157
108 604
1016 1367
155 1673
972 1354
930 1768
934 1441
2068 2134
97 405
149 492
1347 1585
713 960
19 490
987 1756
211 1528
1787 1798
41 1661
1289 1939
153 1974
254 622
438 2104
292 1350
721 1994
1491 2148
639 678
325 2077
92 1064
462 1293
1123 1178
188 848
614 1596
223 254
307 779
261 1261
864 1867
620 1254
899 1473
870 1525
798 1119
495 2143
159 1445
926 1022
888 1797
472 1759
1292 1710
139 1226
440 1961
45 1266
1066 1088
28 1365
262 694
1473 1796
662 857
1498 1928
543 870
780 1109
14 469
1279 2205
721 864
392 1057
994 1976
363 1067
14 1132
39 1821
138 2130
773 1457
1282 1894
551 1994
1339 1727
35 1023
1064 1758
1422 2149
254 1973
322 506
430 2120
1205 2069
1287 1816
420 1697
108 1796
48 774
1716 1890
952 1106
1100 2181
1809 1975
884 1251
184 434
767 1388
99 1801
722 1308
1991 2171
262 946
158 1157
1472 2124
1204 2191
1640 1742
37 2144
1491 2108
526 1805
759 1415
688 1830
905 1635
1253 2041
334 921
2164 2222
1456 1585
266 1554
951 1296
976 1236
523 1574
557 1907
985 2181
2024 2069
213 467
1044 2065
221 1949
858 1878
674 1466
1748 2151
1380 1695
124 746
983 1956
661 2101
323 1334
251 2110
855 1768
609 1455
126 1839
468 1751
137 2103
481 2205
748 1221
411 1497
230 258
800 1818
1022 1937
285 2109
326 1708
862 876
483 909
623 1935
138 490
861 1265
1146 1372
556 607
1054 1121
946 1838
243 278
145 694
1284 1944
27 1792
1332 1393
767 2116
1726 1830
238 2123
425 786
153 448
1144 2129
1026 1385
1097 1546
95 1678
509 842
1747 2209
969 1035
592 613
169 1953
1044 2129
1992 2202
1811 2005
275 1590
11 918
981 1692
548 1368
1571 2140
158 422
371 2093
1228 1440
698 1245
1179 2072
1010 1591
28 1046
605 834
271 827
1224 1747
123 1312
1640 1749
1581 1996
495 835
1883 2075
1013 1038
194 1676
313 2212
1379 1510
234 280
76 464
121 541
186 1591
297 874
457 2166
292 574
941 1524
643 1777
829 1743
118 1083
1574 1847
533 1457
826 1501
949 1541
1876 1950
1035 1232
805 1989
868 1706
1403 1450
715 1941
213 643
991 1440
2016 2163
1610 2190
771 1377
1391 1758
1416 2084
970 1459
167 1784
513 1808
50 580
1518 1583
591 1827
1013 2035
591 1326
521 861
1293 1343
1084 1540
745 971
286 1706
768 1784
1329 2135
521 1608
1412 1634
1327 1700
996 2064
484 2168
497 670
364 2206
1858 2135
792 1488
77 1651
10 991
538 1866
1112 1310
1363 2147
434 932
392 2100
326 802
113 982
1043 1907
890 1673
1685 2173
1096 1673
1253 1759
643 1770
509 1704
1284 1363
1105 2064
807 976
961 1249
336 759
1036 2098
938 1870
98 759
1641 1936
1302 1838
238 1277
1749 1947
1739 1997
206 2046
114 1758
206 1369
266 1370
596 689
1054 1960
503 1055
58 343
306 1937
691 1470
97 982
433 2075
517 2190
641 748
159 2173
267 1166
1078 1348
527 1630
157 1877
558 1563
596 1920
534 1102
442 936
249 1739
1342 2151
639 1266
401 931
681 1159
1181 1687
866 2207
70 1762
1057 2117
1689 2140
869 1533
670 890
1541 1635
1595 1985
573 1969
960 1489
682 1197
1025 1673
480 1131
425 2068
797 1771
633 1121
1269 1600
596 1536
82 593
999 2098
574 1278
1333 1937
366 2160
1108 1535
888 904
99 1033
24 36
1123 2119
515 807
187 1653
175 461
871 1309
594 726
1007 1148
944 1047
198 2197
1527 1835
668 1848
1288 1355
890 1296
1385 2146
702 707
1946 2212
1429 1572
301 1380
697 1406
17 1051
591 1690
1483 1764
2190 2194
54 1059
135 875
2017 2217
605 1402
45 533
290 536
1031 1856
1841 2159
1311 1443
825 1181
626 1652
631 1263
1563 1591
1362 2035
664 1242
995 1216
631 1561
149 1153
411 2059
1463 2104
1638 2065
451 898
409 424
1115 1587
1282 1398
530 1900
994 1775
226 1663
922 1326
759 1594
392 1536
925 1243
814 1670
993 1668
1235 1925
33 974
157 621
294 373
749 1779
924 1280
109 1877
1194 1971
30 1102
486 2011
2079 2161
1204 1735
251 1903
56 456
1543 1926
292 2212
542 713
171 1934
679 1721
802 1643
24 1074
996 1927
1117 1525
289 1273
1177 1958
599 2021
664 1356
1258 2045
1363 1843
1176 1730
737 1777
1230 1607
1465 1540
545 1711
121 989
1094 2194
2016 2184
154 1678
366 1782
1593 1851
708 1103
767 2093
752 2089
255 776
145 1173
675 1139
1636 2159
73 882
1653 1854
1162 1528
571 708
1080 1428
107 780
1737 2214
1325 1839
381 2075
133 1340
1003 1184
252 1653
76 826
294 1263
1952 2176
46 193
773 805
10 202
258 510
181 733
224 1633
294 1024
1709 1859
469 1350
328 1392
1204 2219
574 1419
727 1314
671 1033
682 1855
141 1889
1996 2074
1500 2216
577 1113
2134 2159
724 1504
611 1638
290 821
148 896
1221 1254
572 641
1017 1832
1657 1845
103 208
924 1893
896 1728
576 1294
372 1029
530 727
1785 2129
1247 1686
138 210
161 1134
521 559
464 765
830 2198
700 1285
55 1900
1549 2162
263 1624
1270 1994
412 1336
819 1224
299 545
244 1254
696 1347
381 994
1915 2029
923 2072
357 1187
1850 2143
508 987
179 507
1539 1945
239 2206
1009 1735
116 1782
577 1689
2155 2162
1470 1879
13 1358
1279 1843
1311 2024
474 2165
144 1366
956 1370
179 2193
466 1528
1276 1761
776 1782
1908 2033
915 1670
482 1640
195 2103
188 1302
324 2001
1442 1521
855 1286
444 1956
664 2133
1499 2191
578 1804
47 447
1048 1203
1486 1702
596 1554
570 1242
1881 1931
339 625
250 667
1058 1935
579 1452
140 441
1236 2060
1166 2187
805 1939
630 1479
1003 1412
1176 2157
832 1838
510 2154
1524 1669
219 863
1802 1827
865 1242
105 2154
1177 1269
190 300
111 243
60 1567
440 1677
340 1012
680 1091
213 333
1328 1830
681 1780
1148 2092
1890 1924
162 987
304 2017
444 1788
1371 2210
1043 2009
597 2080
103 929
300 899
507 652
1601 1611
1244 2071
532 695
318 2165
525 2175
866 2030
870 1568
137 1597
1261 1915
184 1159
487 939
1781 2038
1630 1886
1059 1404
987 1517
654 929
503 1166
312 1182
1038 1510
836 1316
1007 1779
68 1119
317 788
213 717
547 1568
769 2174
3 997
125 2178
34 1434
179 544
1370 2026
838 2169
987 1230
353 1168
890 1096
933 2142
140 741
750 1029
1784 2045
147 824
560 577
611 1314
698 2221
253 1376
284 1675
1830 1902
535 1175
391 1863
216 2056
859 868
604 1782
227 1918
1731 1987
417 1202
806 1971
1275 1405
810 1727
178 535
172 453
737 1052
704 2128
324 1393
750 1178
1185 1325
1332 2015
720 2169
1585 1705
497 1205
1002 1180
1029 1236
341 1854
895 1561
310 670
667 1564
553 922
122 289
1074 1372
1318 1353
413 1661
1035 2142
501 1452
724 831
1200 2013
651 1657
1722 1902
239 1840
764 1742
98 1807
1893 2121
213 1942
1974 2019
17 1905
1775 2022
160 689
1017 2205
159 797
701 1901
55 610
2023 2036
453 1376
391 1002
205 1568
539 1320
627 1027
491 1794
643 796
750 1511
999 2016
655 1235
76 1384
1314 1636
326 1078
904 2195
46 1339
317 1046
269 1886
1507 2023
38 730
344 1235
108 383
74 858
98 1388
1059 1866
173 1020
709 908
658 1888
201 1168
271 273
305 601
174 511
448 1730
18 1546
1756 2009
1119 1400
738 1060
525 1686
294 2097
736 1115
720 1220
19 734
107 448
88 453
871 1807
1161 1864
160 1631
500 891
785 1963
429 1410
1087 1627
107 666
1438 1965
190 513
123 965
524 1690
501 888
330 2003
48 2102
744 1249
906 2030
549 677
1944 2073
955 2055
504 2117
691 1646
264 1446
849 2050
326 473
801 1639
519 790
1651 1739
893 1121
454 1047
152 1256
297 2018
1664 2019
447 1810
149 192
630 2213
336 1179
961 1809
1934 1980
1227 1620
430 1312
28 1350
37 1723
360 1270
1100 1630
552 865
1561 2219
91 894
614 1823
290 1929
1550 1596
512 1648
1937 2127
54 1068
0 1175
0 1841
52 480
1480 1812
835 1267
37 1757
823 2168
634 1571
1882 1902
457 1176
615 1063
436 1759
10 1071
620 902
109 1963
53 2092
868 1301
386 712
1624 1647
1398 2219
2009 2029
668 691
1556 1804
65 607
417 1326
332 2155
908 2140
1655 1696
1179 1355
100 1229
154 1275
666 1201
1491 1782
1456 1672
1100 1665
1012 1241
223 290
378 2021
1793 1883
1241 1865
1193 2084
996 1834
763 2157
982 1524
617 941
705 1110
926 1097
210 1847
1360 1954
68 926
19 554
136 810
1041 1086
101 1741
1084 1351
561 1291
1550 1595
92 588
731 1678
1307 1390
828 843
567 1228
58 2041
755 1672
483 1393
340 427
85 1936
1250 1910
647 1896
424 1465
1427 2154
135 2218
760 1279
938 2019
1459 1925
611 1363
1814 2031
245 598
329 1170
1234 1816
428 742
648 892
920 2201
1682 2061
153 890
865 1119
324 717
1042 1325
139 2096
1202 2029
230 1348
309 1723
39 63
949 1489
57 1919
847 950
297 1473
1479 1879
167 701
757 2072
527 1184
1082 1735
1777 2165
622 1971
1203 1746
1455 1461
962 1438
296 1399
163 896
662 1654
6 1985
412 1948
33 998
1902 2215
428 2062
669 1112
1953 2097
1794 2055
2103 2139
507 980
573 2115
421 2060
379 1055
262 455
1169 1765
1277 1718
224 718
1009 1683
35 493
453 885
387 1300
57 824
710 991
960 1147
549 827
155 240
671 1878
621 1805
1830 1907
773 822
1719 1787
1542 1865
364 491
439 1105
505 540
1182 1203
294 421
1145 1429
328 1889
1315 1478
1629 2148
1635 2049
803 882
339 698
179 1263
654 1710
1738 1984
153 1738
1150 1655
749 1180
1586 2164
1632 1692
1514 1600
752 787
1137 1783
364 2112
1033 1610
844 1167
994 1426
171 1191
736 1831
361 1039
186 644
154 1199
590 1988
769 1887
118 948
59 1742
362 691
925 2081
1648 1743
1577 2123
13 107
106 1141
111 1866
550 730
547 1334
561 1749
1325 1425
1777 1992
239 1212
1073 1381
1255 1461
102 287
1733 1858
1634 2163
245 1803
986 1441
1282 1906
4 876
415 1160
1178 1666
88 879
100 1395
1400 1666
539 982
1652 1834
237 1413
242 1339
157 1805
1085 1898
1041 1220
1535 1765
1633 1648
234 1671
1203 1476
824 1685
40 1770
1196 1753
423 1923
107 1826
1489 1525
1423 2070
1338 1879
47 538
1169 2130
1128 1135
1465 1513
200 1025
887 1214
231 1949
911 987
1334 2034
1392 1478
100 1974
450 1008
649 2057
1676 1863
553 1452
1287 1861
580 1636
222 317
857 997
1018 1080
1638 1808
619 1954
419 1240
616 2166
393 1016
1042 1866
386 2025
220 1072
529 1850
619 820
1298 1321
950 1125
1445 1747
600 1281
735 1860
814 1978
403 982
372 1818
1492 1917
233 391
229 1712
292 711
661 981
1147 1835
211 1330
238 1165
1659 2155
525 1052
972 1555
383 1920
403 2104
1676 2083
205 1741
664 834
310 1183
1044 1814
873 1066
1405 1655
783 2157
30 1210
396 1705
1736 2173
1486 2064
1320 1645
373 696
516 954
89 1635
671 1568
395 1498
1930 2185
1299 1754
219 485
1063 2020
767 1814
346 713
117 1145
86 957
377 1024
876 2103
274 483
711 1821
1668 1998
1730 1774
148 433
509 951
936 1529
830 1628
386 1981
60 1469
347 354
369 524
1169 1621
408 1087
1136 1324
1504 1682
1189 1824
1279 2133
788 1932
480 1082
1512 1597
243 1770
508 843
75 1245
1013 2165
1085 1395
598 1342
253 1842
1973 2194
231 357
104 350
502 2143
617 756
690 2073
902 1915
1129 1761
1169 2200
595 2219
1517 2002
85 1583
392 1152
1398 2183
386 1801
239 911
751 1082
1334 1724
284 1468
864 1839
588 690
177 1242
1858 1978
512 1180
746 1897
234 719
167 1530
560 1076
467 509
1445 2163
1690 2126
1441 1530
153 797
1180 1628
402 1220
490 760
798 1741
778 1149
203 1179
744 1296
562 1444
35 1448
1207 1888
1033 1838
484 961
1709 1971
128 974
398 1273
715 1448
635 2031
871 1709
1149 1748
621 826
532 755
1392 1799
1347 1842
236 241
328 1429
190 744
7 1118
987 1328
37 527
91 1077
356 1291
1643 1852
480 1387
689 698
544 1865
94 1728
1203 1947
1582 2182
1910 1926
25 1631
348 2066
460 2184
287 1893
203 2145
625 1969
430 2025
1165 2006
1416 1946
99 1893
1989 2163
203 1412
263 2031
494 1594
165 532
643 1490
331 383
365 1605
640 2039
590 1557
75 1825
1520 1879
793 2193
1216 1469
1654 1676
603 1704
189 2053
402 794
333 823
476 1042
527 656
315 1729
709 1479
1457 2204
401 941
510 830
1844 2130
1036 1362
213 740
1770 1860
190 2207
115 1857
880 1021
162 1383
890 1965
1694 1906
341 2064
168 934
725 1231
444 1318
35 672
841 1599
254 1292
528 721
719 1131
300 1410
52 2220
841 1959
69 1774
396 1807
502 1221
1182 1234
1086 1362
1715 1953
160 1805
594 1836
1022 2189
199 1348
83 574
138 512
675 1964
661 2057
976 1376
1969 2095
789 1907
1011 1103
496 629
413 1373
362 2198
140 1648
885 1630
921 1349
1057 1694
242 325
44 1494
1567 1572
1098 1667
978 1656
201 1322
1357 1678
261 667
303 419
262 813
966 1569
590 673
1374 1476
1479 1784
736 1474
153 1878
1502 1723
1255 1351
1262 1771
129 999
1315 1988
1161 1170
362 1514
1451 2038
1052 1699
206 288
472 2109
586 1135
1594 1860
1687 2173
256 2212
165 712
477 1308
14 1774
70 955
1084 1878
31 1342
1045 1461
1024 1058
687 957
204 1913
1364 1689
993 1513
49 81
408 1505
611 2104
1240 1972
843 1482
316 1594
146 1964
1237 1682
663 714
720 1190
24 1807
178 1714
236 2179
1002 1026
233 1263
749 785
224 1237
69 203
239 565
63 1193
538 1114
1382 1806
207 1104
635 1052
1812 1877
1778 2158
1599 1611
1598 2163
1834 1977
338 2199
251 1582
210 559
681 1620
523 2203
187 769
1293 1296
77 1700
1103 1674
1249 1958
101 1582
382 969
1158 2218
1016 1619
417 1464
644 1223
52 268
83 1508
663 1991
1747 1897
1247 1815
552 1732
1278 2183
257 1067
212 1281
654 840
974 1329
132 1901
18 1172
1310 2037
485 1329
1111 1273
1601 1672
405 1588
292 1645
419 1878
1164 1364
224 1314
305 1576
1465 1910
848 1577
121 2150
158 679
1389 2123
489 1711
331 785
454 1094
1310 1553
215 1046
1620 2055
223 1215
165 1840
815 1404
452 1250
892 1754
593 954
171 998
1891 2119
1750 1985
1124 1134
930 1833
1614 2192
636 675
27 1855
558 810
765 872
229 726
26 1971
83 1064
334 1132
323 933
3 2222
1433 2207
1215 1218
59 2108
22 893
1181 2009
301 1663
1264 2057
552 2168
700 737
695 1452
39 517
599 922
88 846
1225 1774
433 497
2045 2048
171 1646
159 510
1267 1664
1176 1233
287 748
262 995
21 1277
758 1203
400 1029
1721 1889
417 1108
729 1119
1580 2210
492 1087
246 1351
995 1568
394 1870
299 1045
450 1473
1316 1347
411 2083
706 1361
1178 2193
106 744
637 948
304 1226
1381 1976
66 1050
494 1529
1490 1523
865 1860
99 1561
1145 2119
822 1634
1604 2033
1325 1931
73 491
649 781
1552 1974
1352 1964
97 1477
1612 1640
740 1576
730 2220
157 765
1889 2134
358 1880
434 1482
423 954
508 903
224 812
1115 1300
551 1311
461 1854
1465 1981
590 1151
596 2131
333 763
1409 1839
388 2060
62 1108
1667 1793
1238 2176
744 1560
915 1608
1195 2139
161 1112
1158 1216
345 1129
121 2043
272 1910
172 997
604 1906
1641 2013
1399 1837
1215 1700
270 360
890 1075
1930 2085
1049 2040
800 1563
318 1100
0 325
1495 1816
294 1470
1703 1881
1057 1917
1156 1603
151 1833
1134 1337
2100 2117
761 1490
1141 1267
1945 1969
171 1748
863 1779
403 2170
278 1088
241 1291
140 1214
735 899
1259 1559
1371 1457
1124 1364
151 562
711 1339
841 1807
916 2126
309 514
1093 2087
428 614
398 1195
1367 1689
1218 1620
872 1541
1699 1994
1654 1821
1329 1616
630 1137
1238 1973
157 647
1676 2048
31 1198
1033 1857
331 1646
343 1150
547 2197
133 1496
621 1313
1207 2123
76 1607
422 1561
678 1955
819 1657
1453 1794
39 2192
1002 2151
778 1145
966 1874
741 1607
116 742
1071 2176
149 1249
1630 1927
1504 1585
909 2055
1312 2215
501 1822
601 1511
1324 1556
1187 1217
1014 1765
970 2168
743 1684
1029 1262
151 2064
1073 1661
616 1175
462 957
276 1026
499 1572
69 1346
726 1824
953 1071
52 646
1328 1604
155 1999
477 1263
321 888
136 639
630 960
410 2014
1475 2091
629 689
1893 2216
1078 1720
1441 2207
650 1370
268 450
1638 2068
1739 2159
221 728
1527 2097
1093 1985
242 1762
274 1954
307 1970
73 1763
1509 1674
267 1287
444 1678
1275 2094
1464 1844
235 1740
265 313
1366 2063
438 1794
1319 1587
1868 2196
1285 2111
128 786
1681 1699
167 1975
855 990
968 1092
100 376
421 626
918 1291
374 801
657 1123
807 1853
1287 1521
347 1899
1694 1964
403 1649
769 864
1441 1937
1111 1524
745 1842
836 1669
642 887
789 899
446 793
124 2016
753 1865
208 538
1587 2149
409 2054
172 309
1766 2133
934 1633
1541 1969
349 665
769 1868
1458 2035
735 1810
1965 1997
988 2148
1170 1642
960 1995
1367 2011
1107 1591
362 976
1729 2134
1459 1924
1255 1608
1586 1867
339 859
544 1053
956 1156
799 1479
2119 2132
1434 2069
502 1527
1039 2177
828 1095
91 971
1183 1571
384 1499
632 1418
180 2125
231 1281
1149 1745
772 1812
486 2102
833 2064
1369 1594
304 1319
254 923
852 1791
62 118
539 1285
1813 1864
663 1619
823 1984
1267 1742
813 1682
1193 1310
529 813
1674 1717
172 1346
526 2006
202 1671
586 1899
70 2118
81 368
377 1650
54 1401
158 1466
360 1525
68 463
1633 1807
130 1633
255 1103
100 1378
1321 2114
131 198
643 1860
1760 2090
799 1138
1517 1948
1850 2141
438 1558
28 1737
169 583
462 1185
603 731
40 1984
512 553
1448 1624
2012 2110
1463 1822
1782 1947
633 1512
870 1873
1189 1620
135 1584
1893 2037
164 880
1739 1864
475 543
660 2131
988 2173
226 873
1748 1993
1793 2101
650 2014
280 1165
1220 1323
1367 1953
469 1176
287 1284
3 2061
850 1621
36 1364
67 173
410 611
1193 1501
1007 1919
457 1234
224 640
741 1533
1608 2046
1474 2036
646 1339
1038 1467
1154 1548
1657 2027
661 1473
720 774
839 1545
1015 1679
1187 1345
245 1073
1428 1630
842 1077
725 1818
1171 1943
1075 2214
1572 2159
1558 1704
474 2132
1322 1522
1073 1076
1024 1714
603 1737
1092 1819
437 2036
226 2111
457 479
158 608
75 516
1194 1494
1745 2071
418 1513
383 1263
251 1051
1866 2179
648 1913
186 1588
752 1672
449 2201
640 1687
753 789
437 1417
28 2087
830 1017
512 1981
839 1203
254 449
693 1805
252 775
1942 1947
497 1865
38 713
158 2126
2089 2103
577 1630
1622 2219
623 699
149 1913
485 1817
522 1974
340 1732
1168 1348
213 1676
613 1325
540 1562
406 1258
812 1967
661 1740
472 1736
377 754
1411 1511
181 1904
567 1887
277 1178
530 996
940 1748
1267 2029
285 1983
1613 1841
1478 1942
343 1752
264 531
466 1071
240 653
1650 2098
863 1987
996 1591
795 1794
843 1387
536 840
441 802
825 2089
1578 1835
162 858
928 1771
481 658
486 1411
332 517
927 2013
645 1406
1592 1655
671 768
137 778
475 1991
1386 1905
413 1587
541 1593
552 2000
1515 1585
1409 1863
514 1406
758 1710
347 1033
33 258
763 1459
187 969
1341 1726
12 1343
1447 1607
1174 1819
79 962
1008 2009
867 1924
1513 2108
1373 1394
185 1400
1588 1943
286 1268
199 1236
1301 1515
610 2124
2018 2098
692 2003
704 1195
1336 1535
1414 1588
375 1842
553 1848
746 1056
78 1700
1304 2125
87 617
40 1504
1198 1705
165 1083
1132 1638
219 793
1028 1742
1220 1673
449 1581
746 1093
438 771
371 1114
1068 1172
209 900
403 700
1113 1315
1924 1998
137 206
1624 2201
1948 2200
763 849
1003 2043
123 278
187 1638
1936 2110
1361 1981
119 549
417 1225
727 1789
868 1051
271 508
777 1090
927 1137
490 548
265 1065
450 630
1074 1355
224 1010
9 911
774 2080
688 1988
600 669
375 2067
785 1636
1960 2000
503 1204
243 1081
979 1060
1043 1883
261 1784
717 2134
533 1862
395 2085
685 2096
937 2175
1705 1722
693 1480
577 974
1097 1271
583 2051
736 828
1181 1355
1488 1892
583 2111
574 1860
75 268
242 1266
1134 1722
170 398
805 1561
104 805
2006 2030
1520 1575
455 1894
661 833
943 1682
111 1141
580 597
369 1843
1460 1733
71 1475
887 972
66 1322
1561 1887
46 1324
225 720
629 1114
312 1105
651 1130
442 1978
815 1729
779 1330
626 1365
868 1779
129 2204
528 2079
790 1323
615 1180
1467 1940
1219 1494
81 1536
1091 1167
910 997
1898 1947
899 1649
422 1456
270 609
90 2207
88 430
388 1828
1221 1787
447 1512
1860 2126
506 698
307 1041
1619 1709
818 1037
621 1113
166 1029
641 1686
385 984
1255 2165
226 1885
1109 2172
343 2094
301 324
1193 1397
1738 2035
354 2098
28 447
255 885
1300 1804
879 1243
790 2187
1468 1821
1032 1375
548 1864
678 2148
614 986
1084 1904
657 774
439 2130
1992 2129
1595 1711
1735 2078
893 1006
494 2221
3 1975
1792 1896
957 1574
1770 2115
178 1619
200 2062
461 1314
471 859
308 1124
113 1089
255 1068
217 1005
1035 1083
961 1964
816 1294
1105 1777
943 2061
720 1447
110 657
627 1177
233 1995
478 1140
50 792
1135 1219
967 1667
76 436
651 807
484 1365
798 1316
632 1698
669 1531
817 1593
689 2053
684 927
343 2136
107 1454
689 1293
940 1818
366 1860
855 1452
1 981
246 892
1327 1521
740 1236
328 2204
290 993
609 1561
1435 1878
1457 1505
1301 1585
1607 1823
471 770
360 1404
600 907
1836 2080
82 1265
864 1631
354 1762
30 1545
1060 1664
5 1634
628 866
675 1007
1586 2011
188 975
835 1074
623 1761
12 1804
814 1908
1729 1831
459 2182
9 1965
1197 1321
1130 1885
39 1469
1242 1374
1668 2113
8 2167
271 861
102 971
1206 1788
180 1378
1654 1975
1184 2211
1152 2002
1001 1397
1269 2135
497 544
332 1162
76 971
1311 1610
1335 2145
382 1721
1515 2040
268 2177
35 518
1435 2069
488 1048
1513 1626
116 1345
533 1136
987 1934
8 2115
1555 1958
213 692
1355 2118
1003 1060
555 907
535 1543
46 1907
1445 2004
1496 1916
489 2138
136 1196
1064 1407
718 810
412 692
1330 1406
35 481
764 1064
1407 1783
688 1437
78 1888
870 1943
85 844
169 1946
1792 2091
317 1338
175 1844
139 260
1812 2106
23 1546
1505 1824
282 855
1178 2130
984 2038
97 1678
1215 1275
1080 1254
526 656
1028 1225
186 1763
576 1322
1498 1917
800 1685
28 896
1651 2162
176 1567
136 1905
637 2191
1189 1750
1055 2123
975 2170
777 1456
107 2095
130 509
805 1057
599 1674
459 980
61 237
1066 1074
197 1289
1481 1598
253 666
341 1249
1280 1322
1540 1852
398 726
1840 2017
138 611
1267 1545
673 978
524 1429
256 419
722 1955
498 2033
294 906
1537 2175
153 257
146 1397
386 1507
1117 1844
1942 2191
671 2016
1161 1309
344 2060
26 1975
696 1935
387 1591
931 2155
776 1399
549 803
1526 2198
1432 1965
219 555
216 456
1211 2196
971 1075
1332 1920
1424 1842
1162 1567
0 976
473 1336
262 1163
174 1181
1102 1487
798 1409
456 2007
440 748
1 1177
35 1102
492 661
510 1964
1464 1600
1114 1722
904 1744
1364 1434
219 994
182 740
647 1306
1000 2099
92 133
1513 2046
482 1012
6 111
1012 1418
1027 1184
1573 1590
240 2136
1415 1875
691 1117
629 1953
1477 2068
64 789
764 1917
2082 2103
1121 1781
1801 2049
1350 1784
203 2029
936 1830
851 995
279 281
928 1731
57 1771
517 1429
1011 1087
124 362
113 1844
797 2113
546 1093
673 1156
1021 2043
449 960
1214 1797
1006 1304
1672 1676
188 228
964 1210
109 2158
637 1510
1013 1087
1185 1332
1355 1511
862 1773
78 738
374 818
425 1021
479 905
1573 1755
480 850
896 1938
979 2131
35 842
1395 1610
557 1963
748 1534
656 802
422 474
1476 1777
278 518
197 500
199 543
1752 1997
187 1292
200 1830
1189 1266
448 1286
468 1068
1107 2012
1115 2162
288 540
1 725
923 1380
882 2188
955 1095
1862 2135
1077 1751
457 2198
1681 2198
739 812
317 1575
430 1649
355 1344
462 739
851 2193
264 1001
1401 2062
477 605
537 1834
248 1572
382 1045
189 745
1026 1239
44 2053
367 1653
8 1749
1122 2204
304 1573
1027 1522
1004 1326
499 971
1532 2091
339 655
1398 1667
1486 1984
131 2210
156 1973
374 1128
380 1280
465 1821
332 359
114 1403
943 1856
769 1734
372 936
194 1864
206 478
136 1889
249 1893
90 1276
1846 1873
40 995
966 1267
1234 1587
1034 1162
1223 2138
2090 2181
1033 1696
963 1842
11 2001
1250 1451
588 1952
424 2082
572 1405
591 1856
789 1022
91 1470
737 948
1370 1797
605 1893
838 2094
1675 1974
827 1160
1020 2116
1875 1925
1089 1600
1071 2023
1203 1512
136 2129
542 736
472 1257
458 2197
882 1816
531 1490
1328 1804
612 1982
913 1632
657 2022
717 815
1015 1272
330 1672
22 480
1391 1506
352 1548
1386 1504
200 1688
382 1816
467 1590
422 1922
649 879
148 477
704 2132
241 1348
1092 2143
482 1549
162 193
1662 2019
255 256
24 2035
234 335
1511 2079
623 1143
1687 1841
311 670
852 1578
788 1233
119 1865
795 1341
732 1445
1120 2198
661 2059
944 963
1694 1807
305 2112
716 2000
302 862
1303 1509
311 839
441 1423
13 1754
1127 1248
1127 1220
856 1667
276 1627
66 1311
587 2096
242 550
290 823
1346 2030
1051 1655
325 470
1492 1884
1104 2100
1481 1965
308 556
346 1569
1427 1854
1573 1889
333 1973
390 809
296 321
129 629
647 1436
282 2043
604 2035
896 1995
228 2034
52 952
560 1027
570 2182
759 1789
572 984
1577 1798
1363 1705
802 1684
1304 1725
1785 2004
1472 2186
793 2068
20 2061
686 1886
336 1151
305 2125
55 1877
762 1074
397 1902
1222 1269
235 467
996 1290
1114 1284
704 2031
338 886
561 1413
507 1362
1678 2174
1072 1225
222 1478
1146 1721
907 1924
39 1739
843 1584
1415 1772
547 1531
62 2146
527 1515
762 768
522 796
252 545
1524 1596
557 1642
746 1001
291 2143
1329 1438
1381 1654
29 1106
1096 1937
858 1758
1263 2197
908 1287
1633 2018
882 1480
421 2183
442 1675
1456 1969
612 671
932 1021
408 934
1285 1524
956 1792
132 2027
1026 1352
1286 1301
868 1149
806 986
1390 1827
1140 1370
253 829
619 1493
231 1436
991 1130
1517 2082
630 1944
746 1702
1363 1436
1362 1395
86 2009
307 930
1261 2189
784 1070
559 1060
1866 1985
320 921
1374 1459
754 1482
907 946
169 1524
1556 1722
245 1390
23 1979
67 1858
96 1375
878 1777
974 1003
1145 1562
808 1067
903 1219
24 446
94 986
323 413
472 1408
454 2078
1285 2008
500 669
1906 2012
125 806
1249 1560
1482 2081
1252 1642
1229 1842
887 1165
928 2210
55 2074
324 866
633 850
654 2204
635 1068
440 1822
465 557
219 1516
274 980
278 525
267 428
322 1156
774 1329
48 1694
869 1318
944 2209
492 1800
1540 2116
685 1164
349 542
178 720
351 1369
4 862
1399 1458
863 1292
716 1144
702 876
401 1661
1081 2125
411 999
467 659
1865 2201
670 1550
646 1814
1439 1643
592 2157
2011 2071
1434 2089
93 669
563 1026
999 1838
1885 2101
639 2052
642 753
1044 1391
210 643
1607 1804
700 1721
495 1805
453 502
546 1543
964 1231
370 2010
340 1285
451 474
389 769
781 1982
1760 2020
289 861
1733 1974
449 893
1100 1697
1157 1964
74 926
1590 1981
1078 1649
1795 2075
832 1230
315 1080
688 2218
244 1581
119 1777
203 778
304 1410
1112 1582
1679 2162
806 1478
162 1591
385 668
550 979
1222 1738
1383 2151
998 1953
272 1459
322 1497
62 2221
486 501
94 1781
483 508
145 1226
696 1395
1523 1943
1187 1761
856 1019
418 1957
1447 1738
188 1823
658 1179
358 1087
1235 1519
1386 1571
643 1536
1483 1587
270 740
1550 1977
999 1301
682 850
767 870
374 701
16 2096
377 1657
580 1819
198 2008
138 2038
184 266
626 1384
482 1556
1092 1865
1133 2021
33 2202
555 1314
1310 1899
196 1719
780 1558
216 733
539 1850
712 956
620 2154
618 1679
496 1372
668 1700
877 1789
1371 1644
78 1076
200 1112
1309 1880
1025 1719
752 2106
69 1639
972 1857
1102 2075
318 1448
1927 2013
213 1702
185 612
771 2211
1201 1579
255 1128
16 1029
264 607
1030 1183
329 514
1241 1766
50 431
1018 1063
110 474
790 1162
1032 1616
927 1678
164 598
1481 2149
1743 1768
420 2046
885 1464
584 1554
314 1637
59 90
697 886
1149 1578
220 1658
143 1487
196 1111
1583 1748
318 788
891 1941
1275 1603
39 581
821 1270
643 1837
387 1806
1205 1760
769 1697
506 1571
226 1488
500 2132
787 2128
860 1049
264 652
737 2053
1173 1684
333 703
904 1651
1235 1511
1404 1505
171 206
1215 1716
187 1459
1046 1963
1442 1863
8 1873
942 2091
137 692
162 1984
617 1233
1567 1819
275 1279
769 1232
863 2068
1361 2143
1178 1657
266 1114
586 1463
252 376
717 997
1381 1581
1434 1675
225 1725
688 720
655 1811
38 815
426 1325
446 643
933 1846
511 1402
674 1336
1257 2121
594 859
557 2106
927 1299
922 1515
224 499
1702 1895
742 811
630 1994
220 2081
1915 2039
1292 1484
737 761
1379 1854
801 2005
465 1416
173 1515
1476 1947
733 960
8 1741
531 1443
132 1095
178 869
248 2100
302 1059
1160 1763
233 1566
581 987
229 1317
1031 1540
758 1880
135 1776
32 603
562 683
1272 2139
1184 2110
235 2166
1188 2017
724 935
485 1502
355 864
77 478
949 1037
1147 1463
971 1014
655 1909
483 587
1241 1497
1287 1717
600 1760
911 2131
1127 1794
289 1182
1022 1207
308 1027
7 144
1583 1938
555 1042
39 634
89 2096
781 1358
453 1540
120 1283
397 1520
246 1728
804 1532
144 984
1478 1710
443 906
1754 2087
257 2131
1883 2163
989 1120
212 2018
24 168
757 1814
608 1916
1471 1649
7 430
311 1647
350 544
201 484
488 493
10 74
1477 2135
1354 1884
78 687
886 1570
463 2181
1787 2060
241 2153
359 1833
728 2123
1674 2036
459 1194
612 2079
1435 1826
59 881
131 1914
1336 1933
209 591
574 970
489 1845
1072 1329
1645 1728
1567 1740
283 499
33 1015
158 829
682 1675
29 1994
245 1702
551 1874
877 988
863 2062
151 1837
665 1897
884 1693
1203 1248
930 1118
151 751
461 1339
562 2183
1743 1787
1093 2041
446 2189
182 906
1039 1187
874 1051
45 1298
1358 1759
1378 1400
530 1782
1779 2139
291 773
1104 1634
2156 2209
230 1019
640 1990
1108 1254
28 1164
342 400
292 1517
214 1606
1206 1532
498 928
106 919
240 1733
136 1514
158 955
890 2022
276 1557
1007 1329
1671 1900
864 903
503 1929
1163 1415
1504 1507
455 1060
234 1814
99 1176
1378 1740
466 1115
1175 1246
1894 1974
1753 1901
988 1528
490 611
812 1496
400 1612
282 1111
230 536
784 1726
1556 2216
696 1091
1079 2184
451 819
547 870
310 1275
1676 1924
456 1113
181 702
1017 1551
49 1806
1107 2139
226 1109
1462 1633
46 1876
184 1409
1863 2172
829 2033
804 1485
96 1436
190 2113
670 2174
561 959
1145 1912
665 2124
154 1575
680 1546
1402 1682
272 1704
45 972
521 1728
286 823
158 935
442 1069
108 1853
602 1727
1340 2051
1409 2036
2010 2194
997 1520
474 896
371 911
391 1622
824 1620
1451 1584
142 978
418 1649
134 1997
1175 1599
565 2073
1351 1759
26 164
242 1002
565 1881
1790 2140
211 1975
715 2075
518 1314
799 1345
463 1616
489 722
1482 1982
69 1149
1373 2177
1368 1785
987 1537
355 1635
422 1194
5 812
1275 1851
35 2066
439 832
414 1796
1236 1276
184 1553
1236 1855
999 1899
1906 2075
182 957
1147 1270
1267 1858
1586 1798
183 1117
530 1998
729 1209
672 1211
1248 1949
950 1326
1354 1924
800 2011
1773 2099
33 1811
870 2087
528 1740
25 431
319 1958
1430 1664
985 1856
444 2135
900 2218
381 1793
601 724
136 1302
200 1755
614 2034
490 1965
1590 1887
748 2135
1084 1854
342 627
229 826
95 275
149 870
126 359
234 253
791 948
1442 2087
1287 1710
1306 1709
673 1928
647 1523
1 80
815 2062
1553 1654
69 148
668 1411
616 1140
186 561
699 1083
1843 1896
707 1538
1107 1360
187 249
1562 1883
977 1050
437 1668
887 1567
392 2013
689 1509
302 578
81 1237
1322 1641
624 1321
391 2013
696 1719
1796 2177
1079 2138
408 1743
350 941
910 2041
724 1309
817 1463
1802 1961
257 644
1192 2201
310 696
884 1878
109 1419
99 1315
170 1412
636 1434
116 1075
860 1632
944 1932
363 1406
578 1376
713 1726
730 1268
605 1045
30 907
738 1906
1132 1524
1440 1800
1394 1619
1244 1341
634 1723
315 1982
500 1745
814 1584
1676 1853
664 1976
463 1325
1084 1404
786 1551
317 1357
478 2046
1708 1740
403 1951
616 2116
1880 2067
903 2066
963 964
769 1780
125 1645
321 2212
748 1220
734 821
1553 2113
1153 2074
898 1911
1742 2033
403 1274
529 1553
2063 2204
1613 1801
912 1944
344 1277
96 906
101 2008
523 891
667 1726
8 1739
397 1371
263 461
991 1816
1593 2190
1665 1802
1434 2131
1206 1888
1059 1149
1847 2089
1190 2027
1388 1588
1164 1511
1078 2029
960 1306
841 1154
1906 2028
1959 2066
120 1906
391 708
542 1125
616 1637
1449 1687
133 1348
348 1585
1351 1595
375 1396
614 2019
423 2063
583 2001
2121 2201
1017 2208
539 934
734 1591
293 1949
212 1724
1484 1639
518 1057
1624 1627
1105 1509
1541 1958
640 919
1428 1440
1380 2066
118 487
944 1257
2008 2046
256 1478
525 1129
309 2054
993 1004
449 894
341 1913
1554 1686
560 845
1951 2097
71 1143
1559 1618
1457 2116
386 1241
230 446
688 2144
37 1775
1470 2193
240 242
1103 1698
805 1588
274 2009
153 1740
416 1288
286 1928
1023 1198
562 1324
341 1500
120 426
1109 1309
99 264
1857 1874
803 1104
1231 1682
347 693
295 1942
1330 1351
621 1546
797 1233
707 996
1563 1713
198 2083
699 1055
515 1180
139 1682
405 1862
1438 1704
1454 1875
442 1692
1039 1514
844 1817
927 1120
1111 2131
49 1232
748 2086
1102 1314
759 2014
13 808
761 814
1558 1635
479 1888
13 2088
1422 1643
356 558
827 1499
1164 1695
103 913
21 2149
164 1725
1049 2215
640 1771
1412 1517
698 1780
1487 1679
405 2079
1063 1849
855 1732
859 1638
1514 1794
83 1108
116 2132
338 484
1542 2063
686 1968
234 2180
1433 2202
726 2164
475 1650
1221 2219
1071 1617
413 806
145 1369
849 1149
683 1174
1051 2056
1825 2083
657 1230
963 1889
1037 1064
1118 1206
1086 1848
1275 1646
20 1563
1425 1504
338 406
189 1972
1783 2154
641 648
1389 1625
3 81
492 1464
1271 1752
316 587
1821 1899
1606 2083
173 2106
1374 1658
525 1992
996 1419
76 967
720 1166
2060 2086
378 1850
447 2150
494 1601
397 1449
675 1503
510 876
506 690
280 880
53 1938
693 751
1416 2210
632 1466
830 1022
944 1421
1819 2160
1377 2060
528 1548
358 1183
1934 2056
619 669
38 558
106 1734
758 1762
1118 2030
851 1139
1393 2200
744 1788
147 1287
474 1992
1839 2152
637 1439
763 1116
906 1366
715 1556
50 724
335 2138
1615 1884
1869 1904
240 744
1246 1958
150 1515
306 418
553 1341
568 1140
210 1120
1577 1641
963 1267
357 875
819 848
359 658
170 181
717 1709
631 2090
177 387
504 1088
863 1096
1840 1910
349 362
1195 1887
1155 1492
1443 2000
1050 1712
245 2060
148 578
1158 1446
18 1766
724 1876
292 1588
910 1666
170 472
967 982
653 1003
48 1019
902 2204
107 248
600 968
854 1591
116 594
133 336
485 1501
379 1449
77 1750
891 1723
1518 2214
822 943
221 336
1392 2122
1183 2103
1374 1817
251 846
426 1792
235 1556
690 1735
785 1227
1238 1634
1227 2207
379 1019
296 1938
1639 2196
750 1793
600 1287
1267 1996
1886 1999
22 1114
966 1008
1181 1782
494 1861
712 754
472 1195
607 1095
3 290
656 1820
610 1218
1534 1696
242 1849
380 1145
329 657
345 884
1216 1687
2126 2136
17 828
2157 2220
348 1494
364 2216
410 888
425 2113
1600 2087
35 1958
856 1369
1250 1689
280 670
1056 2052
110 979
585 1206
23 792
1124 1175
97 1061
265 1784
602 1166
240 2028
633 2184
573 730
207 1126
1402 1757
1982 2197
1876 1940
862 2016
101 1350
999 1863
1223 1287
1619 1699
75 994
874 1830
409 2035
186 717
58 352
1181 1343
129 1551
553 1590
864 2177
63 2167
656 2212
404 1386
10 551
937 1495
91 2039
926 1748
586 589
135 2085
696 1526
342 477
581 596
1203 2017
1181 1672
727 1363
837 1918
432 2086
403 743
613 910
218 840
1381 1413
520 677
348 1610
517 886
1071 1915
1281 2140
667 1834
1041 1589
278 2086
720 1011
141 194
596 1481
8 2038
686 2094
89 254
583 759
395 2196
256 729
266 386
421 657
855 1500
703 980
775 1261
948 1269
1987 2089
211 725
60 1929
534 917
544 1347
148 1825
466 1398
475 488
788 1411
84 466
445 1827
910 1014
1096 1639
212 1867
300 1732
147 915
583 1121
324 1819
1157 1966
1586 1666
607 1240
944 1069
251 1448
1674 1676
611 852
1783 1820
129 608
1102 1795
1643 1706
136 1368
220 1972
1357 2212
640 1535
1732 2126
1236 2067
92 1235
885 942
355 826
1225 1881
1468 1649
744 1067
831 1579
687 1872
626 828
418 1468
533 720
483 1008
1790 1864
31 1821
1027 1474
89 169
176 1435
1570 1938
468 2068
376 534
823 1857
351 800
51 1223
420 2185
1538 1838
156 769
117 1851
1463 1517
254 356
1755 2056
1099 1945
161 1407
50 499
796 1929
27 516
422 673
1497 1823
191 799
826 870
331 460
224 455
966 1354
615 2023
99 396
2140 2191
470 1668
1649 2191
1363 2117
36 666
1313 2077
383 792
174 1291
722 1612
1202 2222
150 866
50 1585
1308 1446
323 498
798 1263
832 1002
74 177
936 1048
293 684
362 2045
94 1950
725 2159
989 1771
1722 1974
408 2113
1162 1635
106 1476
213 1872
1196 1897
740 1016
383 1251
1070 2029
28 1031
1682 2137
1532 2119
628 2209
675 1735
1600 1840
460 2074
168 1062
194 1168
272 1960
217 1274
310 845
425 1906
1997 2109
212 1100
164 980
1290 1778
572 1874
115 758
491 953
2004 2191
463 560
722 1913
1849 2004
1375 1736
699 833
626 1755
80 2193
193 2130
576 769
315 828
638 1491
227 1992
946 2009
143 1831
297 955
498 1300
397 505
1360 1514
959 1203
39 252
720 1963
122 146
166 406
676 796
485 971
36 2156
704 2008
1476 2023
990 1194
1074 1177
232 2222
1155 1600
821 1387
257 773
363 452
678 1291
386 1132
1891 2165
288 319
963 2060
604 897
1023 1823
1083 2192
6 191
713 1521
151 1881
1116 1755
1267 1736
296 2180
1597 1853
684 1066
1836 1995
254 411
2070 2087
150 1798
1088 1237
1013 1036
601 1219
116 2190
1360 2112
842 1573
619 1398
1208 2089
397 1052
1464 2078
1558 2221
335 922
386 546
919 1279
1030 2146
1883 2152
330 971
427 1401
486 1810
205 1626
337 371
320 414
91 1143
521 847
243 712
749 1558
1244 1287
244 1318
362 1952
1002 1596
361 448
519 1427
265 2054
1145 1520
920 1843
1255 2030
690 1727
479 1494
1406 1935
86 1035
506 1015
851 856
198 355
988 1538
835 1429
1397 1572
447 2099
1407 1664
1815 2076
1132 1228
33 1267
1226 1558
62 1939
183 324
1504 1798
1027 2181
944 1856
365 1519
395 2139
1037 1133
450 550
1063 1309
159 2125
632 1642
256 1570
161 1324
1281 2028
241 1152
1039 1063
960 1099
1090 1359
89 1202
659 1056
473 1324
67 755
1133 1920
1268 1911
714 1595
139 1951
460 1868
77 451
908 2095
650 1230
919 1183
340 1972
933 2172
88 1707
920 1711
69 238
422 1620
1823 2078
81 785
555 1007
215 1503
1846 2221
1692 2220
1781 1920
1589 1952
1064 1577
1077 1499
613 1957
1192 1686
1439 1802
1446 2001
141 1022
700 1118
112 579
162 970
622 1381
998 1364
161 1148
1383 1387
857 1354
838 1259
941 2208
36 721
1800 2127
1338 1357
298 512
1185 1620
1043 1620
482 2029
327 1824
222 1050
399 425
980 2114
585 1898
415 2180
234 1297
1575 1744
1194 1860
452 889
18 573
348 1355
504 1502
1281 1966
1442 1743
119 451
1038 1212
1528 2039
739 1188
565 1171
967 976
119 730
47 1294
202 1680
1101 1298
87 1307
986 1047
440 1673
1464 1638
732 1820
1240 2057
1293 1934
516 1646
565 681
2093 2179
76 427
491 497
1121 2089
272 419
330 839
715 1701
35 823
125 2138
675 928
126 283
681 970
304 1435
976 2010
294 2181
1294 1705
697 1507
616 1476
544 2176
569 1327
652 969
619 894
1529 1948
517 1387
843 1748
423 1439
410 1359
29 1754
453 1890
1221 2054
793 832
206 1506
152 913
1462 1800
390 1518
1753 2057
945 1651
441 822
107 2050
134 2007
1034 1445
658 2035
357 1209
385 606
100 1106
707 1229
714 2113
198 1530
1237 1590
1000 1925
291 1554
599 665
40 1537
715 905
272 1211
1102 1774
94 893
480 2134
349 1781
1456 1714
894 966
1427 1642
366 757
286 1657
271 1901
192 1759
180 1156
1976 2124
1014 2056
118 181
1817 1919
953 1591
736 806
355 600
142 805
335 444
875 1435
126 643
559 1065
272 357
930 2050
235 1434
199 1890
348 856
78 174
799 1941
915 1534
131 1586
1814 1948
752 1567
357 1605
246 442
438 1238
105 312
571 1235
16 2100
258 1953
1302 1480
678 1874
584 858
1759 2138
737 1196
611 1641
688 1036
315 1811
1793 2050
14 1061
831 948
313 2222
136 2207
771 842
466 868
97 793
905 1286
641 1086
719 1770
957 1172
934 2090
1286 1864
275 2133
1281 1447
305 1673
1078 1752
130 778
86 690
331 1539
25 2083
977 1506
434 2044
1231 2002
666 1526
607 1653
78 274
335 1951
1006 1100
947 1087
92 1749
1424 1836
274 354
1019 1287
1559 1975
551 1963
657 1615
912 1304
1610 1778
1140 1625
1415 1525
153 2167
1801 2092
1314 1349
479 1638
716 1884
235 1805
368 817
487 890
783 873
1460 1749
317 1023
386 1923
271 854
777 1938
55 2031
1269 1647
1630 2072
59 626
831 1806
458 1906
797 1234
1028 2152
358 958
1864 2208
812 1964
1129 1471
1291 1794
330 1255
498 560
707 1236
798 1326
2109 2144
8 496
43 543
291 1134
656 1454
1026 1037
179 1401
938 1471
42 2169
17 970
451 1979
1321 1673
557 1141
894 2210
486 1048
397 1603
314 1470
1395 1853
6 1318
251 1076
734 1830
937 1623
570 2217
459 500
1387 1744
549 980
1032 1591
462 641
1871 2106
46 2065
621 792
240 560
389 2052
1167 1905
128 906
1176 1488
735 1184
280 1245
708 2153
1163 1422
556 2141
457 2159
1580 2191
1208 1748
394 2206
1226 1389
128 469
1515 1967
1645 2075
471 1605
1098 1768
1776 1898
203 2161
96 339
184 1492
1786 1832
657 1172
285 1277
1006 1507
1538 1548
709 1532
316 1293
518 2091
209 836
407 1982
624 1034
1180 2039
1 967
1922 2010
321 611
1717 1810
1370 1757
705 741
84 936
861 1908
172 953
838 2065
173 1216
1511 1978
116 2125
546 886
408 1864
1206 1839
323 1252
725 922
1814 2181
1041 1443
341 2113
475 2061
1019 2023
2044 2057
1409 1535
1011 1466
1181 1956
1456 2038
96 611
247 1328
1101 1128
846 1182
1099 1845
396 1781
1643 2055
1219 1521
79 1708
676 1864
615 1390
1087 1583
613 1629
782 1527
549 1117
728 1929
2090 2150
762 1755
82 2109
50 549
541 2019
917 1646
981 1032
537 1927
347 2173
495 968
97 1892
1206 1568
64 587
1174 1425
1555 2139
572 609
109 812
1085 1289
168 2136
226 395
293 1670
2041 2072
1148 1347
210 1748
510 2131
10 585
2084 2194
1511 2197
675 1618
154 1469
580 1178
2006 2197
467 566
415 895
1459 1499
510 1450
663 865
1210 2021
1252 1768
503 1960
447 1624
2100 2122
1807 1952
1866 2143
1764 1774
837 2007
1323 1610
1093 2049
266 1227
1320 1908
339 876
692 1145
22 1769
27 1198
463 2218
1295 1623
198 1091
156 320
13 708
196 2215
930 1114
1126 2090
1286 1385
1425 1507
137 1967
849 1357
1078 1815
465 954
146 1347
1420 1422
317 671
417 559
80 1044
18 679
357 1816
1130 1816
583 1328
1106 1110
34 459
746 1317
1445 1733
459 2051
602 674
33 1283
1431 1581
1172 1834
968 1828
1152 1863
653 931
157 588
47 783
244 1710
193 1732
1440 2118
871 2042
1105 2211
205 1611
823 1767
335 2012
877 1434
1516 1722
1442 1754
723 756
1951 2044
326 1980
85 1452
270 1934
861 1001
755 1567
906 924
522 1364
1125 1446
790 1429
1434 1742
768 2122
1196 1714
55 570
861 2206
344 690
924 2093
1116 1553
391 719
1971 2055
223 1052
759 1874
2156 2183
768 923
328 1222
309 1848
1508 1800
1207 2077
1092 1822
430 970
487 518
801 2163
445 2076
1954 2183
1133 1582
246 2033
1557 2201
1825 2179
595 994
2119 2211
1535 2122
1407 2216
242 1189
1116 1521
1677 1766
136 889
382 1333
527 889
465 757
1061 1782
112 2191
343 2195
856 1672
1273 1953
1016 1943
460 481
763 1503
1580 1986
2015 2026
7 1849
1010 1233
39 688
1384 1941
182 210
410 2099
191 946
842 1159
292 2208
703 821
417 1769
1363 1896
5 273
72 231
678 2139
16 1567
1396 2186
251 870
1397 2217
678 2095
525 1046
453 1756
227 1744
1890 2116
497 1171
531 1440
1196 1220
1503 1600
1803 1822
1286 1364
772 2065
212 1344
1414 2192
25 42
1676 2169
1371 2007
567 2129
1542 1967
717 910
934 1756
1517 2144
1720 1760
398 1054
1315 1887
1172 1493
580 1471
1759 1851
712 755
1182 2072
787 1479
408 765
548 1614
1435 1780
324 1693
709 1105
351 2179
751 1671
708 1753
1218 1393
484 1852
583 1281
1120 1836
571 1813
265 589
529 883
613 884
30 185
67 2108
820 1510
1943 2032
548 1399
293 813
464 1989
1548 1932
1162 1905
310 1361
650 1593
861 1540
377 887
1055 1996
11 875
406 1994
1058 1138
1503 1921
437 1100
71 2006
164 675
462 1692
134 2149
2018 2069
761 1475
190 2108
721 1866
1421 1690
154 578
1958 1985
1048 1343
2002 2133
1067 1857
1110 1446
997 2031
819 1537
918 1389
359 586
624 1435
408 1273
75 414
301 1235
233 2076
935 1346
723 2221
49 464
162 755
239 279
308 1535
176 1098
1356 1586
78 1765
409 1558
359 2198
69 100
8 1706
1298 1378
870 1613
938 1967
214 453
385 629
711 1851
460 1320
1583 2063
1895 1940
1416 1994
542 630
386 1247
887 1035
1522 1726
262 1214
1302 1866
35 1217
55 303
1204 1689
1413 1435
1414 1436
1156 1399
12 763
1153 1926
489 1199
72 618
304 1068
810 2025
621 1133
1241 1632
290 1394
319 1446
506 1345
1135 2064
12 2074
97 2096
1585 1798
145 239
38 977
451 1701
1782 1827
781 788
932 2056
1031 2204
617 1441
704 2073
613 1871
1320 1750
317 893
35 1698
1788 1983
881 1974
1231 2206
1046 1503
1626 1859
507 1369
651 1698
947 1705
572 709
246 804
519 1063
124 249
664 855
483 1215
57 1901
296 1138
290 804
1464 1989
137 1570
1367 1577
38 1499
1079 1262
539 1084
1140 2053
1066 1969
891 1202
1403 1823
916 1561
426 1759
932 2046
144 2003
817 1140
288 1545
960 1572
592 867
548 640
712 1945
1357 1838
198 651
1147 1810
902 1814
278 2114
961 1731
560 2165
821 1777
135 317
238 2122
392 1167
260 1946
237 1015
788 1991
382 934
1679 2182
344 1648
251 2113
673 1246
1080 1115
212 1448
353 1983
1290 2001
178 1831
531 1734
643 1011
32 75
876 1544
1463 1744
1516 2213
1482 1529
348 1468
1871 2162
417 2123
269 2061
487 1047
872 1307
1375 1572
607 870
168 1589
1204 1912
1045 2000
2109 2122
726 1813
1156 1623
1300 1792
541 1031
783 1837
128 335
855 932
520 692
443 2094
1624 2008
1350 2150
86 1687
647 1481
286 1386
662 1477
427 576
268 2027
1588 2129
921 1242
467 717
1859 1904
993 1170
1137 2090
191 1954
921 2179
642 1505
38 198
243 1716
800 936
395 610
525 2019
452 1116
1421 1952
1609 1792
1865 2203
16 153
1202 1477
921 2140
484 1064
145 1322
1592 2106
601 1066
1303 1658
168 1685
208 1538
930 1650
1921 2032
1759 2202
1948 1981
506 1638
445 1305
386 1663
261 503
61 346
497 1404
272 933
932 1356
822 2163
1395 1410
88 1563
738 1794
1075 1504
1170 1335
563 1417
12 1793
987 1985
1112 1435
328 2095
467 1379
45 94
1825 2040
718 895
496 602
808 2221
455 1421
278 1970
1085 1314
631 2031
502 1782
676 686
627 1698
23 524
1083 1377
467 1931
1716 2217
693 1943
548 985
1363 1440
164 561
323 1026
229 309
804 1537
779 1444
1288 1521
1297 1633
569 1731
1780 2170
1349 1626
379 399
1166 1925
1309 1912
4 748
381 1106
908 1482
510 1206
45 273
279 1883
101 1072
924 1690
202 1669
467 533
958 1392
30 1923
927 995
1576 2152
403 1294
387 1956
1366 1669
2016 2103
1047 1995
941 1203
1369 2101
187 1323
1913 2164
1193 1818
829 1905
329 604
329 1445
1473 1922
1763 1924
1608 1970
568 1439
48 933
679 749
524 2189
1236 2077
285 362
201 1548
416 1314
620 1523
389 1046
573 2127
400 1354
1822 2192
22 1054
106 1014
292 1275
431 504
9 343
153 549
210 1798
881 1624
67 743
1653 2130
941 1162
159 870
1940 2150
1393 1633
1477 2203
1327 1832
7 2071
710 742
309 312
688 1276
579 951
83 386
449 656
776 1025
1728 1909
320 2061
1109 1942
1350 1644
487 599
805 1982
1737 2012
63 2137
958 1851
209 1158
1220 2221
835 1734
1558 1695
424 1279
1930 2029
454 854
772 1310
738 1162
263 2187
957 1690
314 1094
753 1848
104 1214
636 1365
1112 1830
1102 2169
61 1089
761 1588
334 1116
1607 1880
326 660
688 878
411 597
553 1658
134 805
622 1711
115 1552
1086 1219
189 1110
853 1059
850 1322
1029 1762
41 2147
43 1426
321 2126
556 1121
991 1494
1265 2163
805 1245
690 1788
510 1303
1322 1324
1125 1684
1347 2128
1231 1504
489 2140
1038 1439
1683 1892
405 2070
1212 1820
104 1212
275 1893
631 1535
1636 2221
1007 1656
185 1621
604 820
825 1839
541 1433
1220 1595
361 2016
1273 1885
1087 1744
352 1742
1923 2208
1198 1754
312 826
7 165
861 1502
1709 2211
455 1895
360 1362
180 1714
310 720
967 1973
1015 2053
1234 1842
591 2032
651 816
0 729
1384 2184
1696 2209
1090 1307
1765 1860
1947 2139
1140 1910
1226 1551
434 601
92 1455
541 1362
1069 1496
1351 2192
801 2183
1428 2087
945 1064
1295 1441
1546 1738
788 1375
1146 1300
1360 1526
727 1605
496 1710
321 2153
750 2175
1238 1416
94 1748
1150 1859
631 1801
42 1830
396 673
300 1471
129 903
74 535
601 1712
595 1834
8 49
56 1557
1316 1919
200 597
874 2171
377 618
1088 1826
211 554
383 1471
2024 2026
1346 1691
227 1807
1837 1998
640 2216
894 1416
176 397
164 1746
389 1925
2130 2186
1338 1646
195 938
1602 1745
462 701
631 1296
182 1871
293 518
407 703
821 2149
792 1704
1078 2091
684 1286
777 1816
94 830
322 1665
337 1549
118 1882
1011 1674
1701 1942
1431 1752
842 1549
1584 1970
532 563
1054 1933
172 209
1443 1976
445 1957
909 1592
2011 2091
1835 2119
539 2100
330 1606
291 1969
587 1749
1366 2155
131 623
1099 2173
1306 1739
155 1171
804 1927
773 1597
564 1638
776 1119
1201 2030
881 1058
333 1322
1155 1722
171 1125
1028 1915
64 1636
684 1059
276 1320
976 1726
75 458
1275 1928
2053 2082
231 2033
1389 2215
511 1244
1662 1678
1557 2019
22 1731
1561 1897
161 666
423 668
1182 1253
377 1151
486 2113
699 1236
954 1026
535 1867
637 1650
88 2042
265 2090
401 485
92 1652
603 1018
275 867
105 1083
1334 1507
947 961
1984 2024
159 1024
102 386
838 2218
1441 1541
555 1954
783 1347
529 866
1225 1352
1033 1315
1275 1810
476 1950
1045 1425
705 1141
1970 2112
520 928
245 749
1034 1355
50 689
1023 1445
1125 2169
745 1674
1021 2219
904 1361
15 1043
1229 2075
1414 1426
58 894
160 564
638 1920
297 1748
322 359
1975 2185
1543 1720
484 2051
781 1059
1177 1337
714 1029
1994 2174
448 1959
104 565
324 1282
424 1391
1137 1890
668 1527
326 1956
426 1354
1592 1789
287 935
938 1233
786 1475
627 867
1517 1991
550 1941
97 629
182 310
9 338
222 526
376 1908
1632 1974
643 1058
72 80
391 1604
458 1979
1182 1757
299 1196
428 2113
1170 1454
839 1849
980 2050
1007 1328
800 2138
342 375
119 1429
49 416
875 1120
333 2212
18 2123
186 1764
1088 1183
411 1338
1790 2132
1570 2061
108 2098
1067 1787
933 1918
993 1656
571 2100
758 2213
1612 2102
1401 1840
1074 1524
808 2136
1828 2114
1271 1714
159 1684
162 1622
204 1111
403 2200
91 1020
494 1986
872 1298
322 912
251 1398
167 928
403 2106
899 1970
561 732
1459 1632
42 293
1742 2075
256 640
356 1251
656 2053
102 1928
312 689
13 1069
182 235
771 892
14 630
1012 2024
399 1375
451 1890
1280 2145
879 1106
1087 1308
8 1198
171 2155
473 1104
397 960
1427 1563
1768 1911
248 1277
1063 1319
782 1107
1561 1962
560 1112
1385 1476
1543 1920
1817 2120
1262 1613
599 677
144 172
1129 1264
454 1263
1520 2184
206 2161
837 1253
625 946
1037 1192
22 719
1641 1998
1327 1682
575 1820
0 395
509 1959
617 645
1392 1508
768 1245
467 1874
475 1699
585 680
850 1578
1542 1584
1171 1986
1680 1827
284 907
1166 1712
417 1145
217 529
318 891
1604 2170
585 927
1440 2179
1060 2173
321 2176
889 2113
1275 2194
342 944
986 1430
933 1173
222 1163
1111 1769
262 1074
445 1380
268 1062
599 973
222 1130
1835 1912
1012 1928
79 1383
445 2168
1641 1692
1082 2011
1072 1222
397 2140
998 1875
22 1570
562 1298
164 406
338 1535
765 1089
279 304
467 2009
677 1933
453 2032
5 2131
1117 2121
443 795
1029 2119
508 753
702 817
1237 1518
1 2092
1667 2186
1571 1804
148 1506
1281 2080
971 1808
817 1274
205 1555
457 580
963 1514
90 1714
1996 2198
1133 1507
1136 2103
1087 1528
89 565
111 1179
1314 1417
1535 1688
580 1296
1628 2033
204 1679
259 2078
1113 1283
427 1410
632 1994
1239 1388
900 1150
1033 1731
1157 1337
148 1885
606 1791
1319 2004
801 865
1461 1974
764 1599
1823 1987
450 1843
1437 1802
1761 1781
458 857
353 1510
1361 1791
398 2095
1233 1669
389 661
83 1107
1082 2126
1892 2056
1129 1672
790 1921
123 1820
54 2007
69 1146
164 2011
7 347
86 1013
1793 2128
658 1352
1626 1749
680 2115
416 1152
234 556
767 1888
319 510
1672 2143
600 1979
1425 1574
51 1721
334 1707
343 657
320 1227
105 1531
878 2197
649 1793
113 2162
223 248
764 2206
740 897
1531 1592
1558 1784
1657 1938
117 233
44 710
1026 1892
1648 1700
479 1639
6 231
941 1217
596 1228
1532 2066
1899 2103
1532 1906
267 1705
680 1414
766 1823
1171 1284
599 732
829 1234
2065 2197
763 1447
1398 2148
35 1602
1883 2094
163 1759
1860 2199
88 650
820 1159
86 1863
1285 1700
319 1352
342 2066
1108 1651
11 2044
68 1374
585 1700
33 1476
130 2065
576 1172
768 1703
167 270
929 1256
294 1209
1597 1677
1633 1934
64 1488
270 1878
1844 1851
215 1058
534 664
2044 2213
916 2138
386 900
570 730
1137 1196
1420 1492
616 671
2026 2027
71 291
401 1852
522 1618
55 1016
1657 1669
1611 1663
41 1511
1194 2123
606 698
166 1237
298 1960
333 1781
617 931
1591 1756
54 820
303 626
83 434
1528 2213
309 614
451 2072
820 1141
530 867
814 1520
974 1198
656 1516
1159 1405
486 714
1032 2014
236 528
473 979
384 674
268 1046
402 1684
99 1624
47 1295
917 1528
173 1158
943 2153
33 979
672 1742
2098 2189
1876 2159
366 2191
1083 1929
292 1139
915 1167
1475 2197
307 666
1558 2056
818 1031
960 1654
833 916
1205 1450
103 598
982 1314
332 1121
1215 1690
710 1659
1347 1619
563 1148
377 1413
1940 2090
1372 1481
198 929
142 239
134 194
656 1185
1387 1447
271 630
868 2215
1718 1857
583 1394
797 2129
285 1543
645 945
208 1825
117 1008
112 1957
1324 1646
1774 2137
398 1771
686 2067
366 1193
1922 2167
1186 1931
33 77
181 519
1453 1877
111 1868
1284 1352
444 1120
1314 1759
1674 2045
1664 2142
1192 1452
50 820
217 1591
290 1654
1894 1953
37 1331
1828 2170
1604 2082
850 2208
554 634
1067 2093
79 1858
961 1266
366 1697
570 973
216 477
301 2017
1642 1796
806 1759
280 1586
1760 2105
92 1818
445 1546
675 1316
1797 2210
886 1471
1251 1869
1835 2175
1158 1635
242 724
1497 2016
259 2192
360 1564
660 1472
236 2026
1227 1904
615 1078
796 1543
1927 1976
142 1641
214 234
1124 2123
845 1060
133 867
36 421
1257 1283
75 997
334 1105
292 1537
14 1241
925 950
952 1147
704 2108
1491 1904
1562 1741
783 1724
445 447
503 1925
39 289
553 1540
441 885
474 628
386 1130
1796 1880
828 1693
176 1571
1864 2200
203 1946
1188 1606
1916 1984
1573 1982
682 703
607 1053
1233 1797
313 552
198 807
455 1211
1143 1198
1213 1568
1676 2064
185 1924
1991 2070
352 919
197 428
387 1159
971 1528
10 1371
902 1065
563 661
1512 2031
28 1639
495 1785
1008 1293
1162 1643
1146 1727
841 1340
722 1994
175 802
819 2126
1802 2181
1510 1636
952 1317
25 188
72 153
820 2164
31 2196
47 855
641 1011
443 893
1196 1392
323 1465
200 441
1398 2010
407 1107
618 1781
335 1709
1833 1912
1479 1664
1194 1289
1356 1417
1674 2073
288 1782
314 332
193 333
1464 1664
755 2137
807 874
662 1307
517 1180
1067 1148
284 1944
804 1498
1368 1975
650 1595
75 1916
176 1530
117 952
1657 1761
660 2052
126 1505
134 566
1232 1307
894 2141
983 2012
401 984
411 696
815 2183
836 1825
258 1275
685 2046
204 475
595 1505
599 742
178 665
875 1039
30 1134
496 2073
356 607
68 2086
158 471
1093 2122
476 1558
1078 1293
696 2215
279 1859
504 942
1173 1641
1101 1517
971 1006
1024 1935
573 1304
1205 2048
1043 1530
1203 1687
1384 1504
1609 1820
1121 2118
726 925
602 1290
62 326
1643 1798
1630 2090
1052 1765
23 1651
1097 1631
467 1847
1599 2051
639 1899
354 593
447 1543
1907 1993
988 1661
1376 1858
889 1645
1481 1544
1907 1959
730 1465
1452 1979
1972 2209
593 1395
901 1108
337 1136
1759 2158
726 770
1510 2143
104 964
1281 1868
112 511
834 1722
149 1385
6 1898
1533 1850
1777 1862
471 624
329 393
1482 1595
498 1409
699 1383
241 1737
680 1929
999 1003
748 1500
30 1079
369 943
54 772
1349 1487
47 980
891 1614
44 334
2 2098
865 1360
1436 1987
228 1559
168 1256
885 1632
1139 1656
995 1226
346 1205
511 1599
469 512
1119 1416
1391 1549
224 2076
218 1062
24 1542
38 1488
777 2081
166 1660
1646 2024
322 654
826 988
1076 1778
361 1102
699 1347
575 1748
1020 1187
663 943
927 1322
491 1775
198 691
882 1897
1135 2034
762 880
354 1727
126 2094
1310 1898
474 1313
1512 1765
1158 1538
956 1694
636 1757
1970 1976
688 1923
73 1842
1162 1788
1626 2101
1339 1385
116 1672
641 2106
179 1573
654 1658
1373 1757
555 2142
60 183
1462 2113
1863 1926
952 1886
1132 1288
102 1403
1092 1313
1102 1886
868 1225
476 890
885 1494
580 1553
360 1832
1018 1561
1476 1737
963 2141
1008 1393
546 929
1852 2171
89 1587
15 1270
1693 1719
57 2126
1382 2184
841 1218
1254 1266
954 1472
665 1891
498 1260
78 1067
108 1614
543 2098
1464 2004
1586 1795
695 697
109 903
231 1325
1210 1385
816 1341
42 1092
516 2042
386 895
503 567
236 483
482 1239
701 1892
385 1717
339 2188
1497 1922
2002 2075
162 1065
1722 2165
2110 2218
592 1472
287 1253
1387 1752
1406 2036
218 1787
1689 2171
752 1455
342 735
333 1397
897 1655
566 1476
1842 2041
59 669
188 1110
1245 2190
93 1894
222 1468
1743 2051
113 661
1310 1651
527 661
1649 1712
413 1253
118 1489
59 1526
416 2037
612 661
1131 1581
333 1978
2103 2196
265 302
1341 2125
794 1278
937 1749
249 1543
481 1012
274 904
17 895
491 2139
53 336
476 1424
181 762
1571 1610
950 1344
485 1057
20 1399
1343 2103
117 1394
39 493
994 2152
220 1220
156 471
415 1813
594 1978
1300 2159
49 1454
45 170
270 364
830 842
310 1387
49 636
299 494
774 1174
86 1128
1072 2048
18 1356
333 2163
155 1007
1929 2029
683 2100
338 1306
1503 1845
144 706
635 1491
769 1475
411 1368
947 1396
83 1358
84 416
636 1933
324 935
1040 1299
385 1258
1142 1536
361 2040
1097 2089
1077 2042
744 2026
1084 1671
457 2125
1352 1758
1058 2110
393 1010
600 993
928 1009
111 642
1763 2107
559 1616
160 670
1467 2065
703 1342
359 1757
1417 2107
1211 1956
1116 2197
414 1643
1345 1637
1830 2088
85 1391
338 1208
817 992
602 694
441 1286
553 1327
57 2093
163 2203
594 1566
1450 1694
1830 2042
840 1051
503 938
821 1913
822 1611
199 1680
799 1105
1675 1946
885 1653
1252 1552
180 1183
99 919
269 1909
1190 2175
547 1883
525 1064
171 1986
662 1673
162 1840
792 1191
1260 1658
988 1891
323 1916
790 2179
1271 1940
711 1876
779 1961
100 337
800 1323
149 2010
472 1820
565 1585
9 215
663 919
107 534
892 1640
653 1808
335 1118
45 356
391 1342
92 1859
1196 1472
251 1335
476 1381
744 1591
1493 1966
1103 1425
409 907
167 752
148 1947
160 2148
1425 1884
1053 1943
368 963
51 143
179 2088
14 1383
766 942
311 510
127 1321
1656 1814
105 1149
1218 1239
471 1651
61 196
323 1472
371 789
1373 1393
526 650
1272 1628
1604 2113
9 1503
1068 1731
1634 2062
390 1089
692 1507
758 1222
10 2088
542 2041
1725 2001
756 1927
1371 1480
953 975
146 814
650 1137
742 1590
482 1448
82 1763
117 722
209 1124
1348 2060
378 1455
786 850
774 1232
756 1173
890 1234
261 1999
1521 1846
1441 2161
700 2080
980 1029
182 1166
380 1420
805 1713
202 509
630 2084
856 1983
1016 1276
614 2031
951 2196
287 1826
44 1440
418 1753
1903 2156
110 1905
1221 1757
645 1165
444 1445
1126 2165
1435 1651
1869 2001
513 1394
1659 2083
1143 1955
811 2120
832 1814
158 1479
827 1553
1574 1816
1714 1928
336 1279
98 1601
923 951
79 1587
272 1755
1728 2096
33 161
1639 1787
441 1693
30 773
980 1331
697 1130
474 1957
1177 1793
421 2112
793 1976
737 1380
513 1880
1649 2040
306 945
605 1789
276 2089
1023 1395
496 1956
493 513
47 755
766 2220
190 1105
165 447
96 1494
1084 1578
608 1934
15 192
685 1221
496 1766
422 1455
80 1611
1840 1900
551 1405
753 1335
2022 2113
690 1534
485 2036
873 1160
1438 1446
1008 1784
603 1595
1093 2205
651 2125
486 1015
1088 1418
1313 2064
1150 2056
1890 1987
218 1599
256 1946
2169 2213
1393 2155
1804 2116
884 1366
986 1217
1230 1986
90 1573
1 1705
735 1765
316 1095
1135 2098
434 753
722 828
418 1229
1164 1492
815 1465
348 1418
803 2049
94 1148
841 1711
726 928
141 2194
1165 1537
228 1347
645 748
764 2121
551 960
418 1533
579 1603
449 1783
1127 1614
965 1506
855 1167
571 1907
157 1493
284 564
827 1831
437 1273
1117 1408
656 1647
744 1973
1681 1875
740 1041
1280 1327
418 1534
79 162
483 1937
699 1714
1178 1445
995 1034
343 386
940 1686
804 1748
1224 1993
226 575
184 225
717 1975
949 1428
953 2121
1438 1664
1806 1882
254 673
806 1319
1536 1860
72 1616
28 1772
1808 2150
573 1050
204 1114
800 1945
487 490
907 1726
1495 1579
1702 2200
100 1208
587 1778
195 1537
945 2206
88 565
662 1133
708 2092
218 1842
12 223
32 85
1148 1224
622 1093
677 1222
466 828
273 1384
210 943
345 1825
518 1231
714 1135
1280 1620
224 1681
782 1312
617 1795
25 963
603 2012
438 664
959 1130
1586 2118
522 795
1022 1878
561 1653
159 645
258 1451
389 557
691 918
116 1250
586 1642
138 2037
76 1224
849 1824
1710 2138
370 448
208 2028
1402 1917
226 1687
863 1602
1331 1366
307 865
214 1946
713 1216
1967 2089
1682 2122
82 1553
658 662
405 2086
714 2006
1338 1846
1177 1302
1153 1167
953 1083
667 1916
130 1038
444 1998
724 1404
495 577
100 2146
991 1329
881 2058
1865 1967
168 969
421 2209
1952 1973
1672 2131
505 1416
342 1127
632 1034
767 901
1513 1895
1522 1960
118 719
104 626
476 1637
1281 1709
1642 1900
320 1092
955 2167
569 721
12 987
96 724
14 261
561 1065
1465 1734
428 1547
1115 1324
220 2076
1072 1195
77 2205
855 2097
88 171
929 1169
1588 2112
211 1534
345 1994
1926 2095
98 601
623 660
1325 2081
1035 1969
834 1447
137 631
1322 1835
1983 2148
770 1910
1228 1558
366 1084
230 1150
140 1241
455 906
1487 1802
1151 1519
480 718
344 1675
1074 1742
162 488
289 350
1442 1649
302 1930
1468 1673
566 1994
1102 1999
270 1742
279 1042
343 765
97 2156
164 2123
1539 2200
504 1774
1734 1977
627 946
142 1672
681 1278
275 601
1673 1813
2093 2111
653 1871
1151 1615
28 1658
187 787
1174 1335
213 1446
193 2104
1198 1985
2029 2196
2 704
7 1448
1288 1704
1908 2181
1354 1821
500 1796
406 1316
1469 1990
381 1879
1873 2037
643 1447
1433 1629
1786 2139
280 313
1277 1350
1447 1712
584 948
659 1163
51 1909
264 1999
1280 2084
1722 1772
711 812
1495 1717
234 1673
344 1677
1098 1728
63 2124
529 623
1099 1496
1905 2051
1076 1160
1457 2110
1059 1222
596 1041
1497 1626
1580 1820
1147 1228
1048 1395
1137 1286
1321 1573
829 1427
235 1807
446 1684
954 1349
1225 1625
179 1847
1370 1408
606 1150
523 849
646 1505
535 2171
85 1829
930 1681
12 761
1326 2055
871 2099
103 1128
799 1673
440 1287
677 1568
113 435
422 1403
163 1028
180 849
1348 2002
658 1728
170 1838
133 513
2173 2189
28 700
662 674
44 1584
215 932
97 1916
156 172
28 665
546 2194
402 1333
880 2003
1194 1834
913 2213
107 624
1080 1394
322 2216
1074 1535
531 973
1390 2146
1706 2072
1009 1545
960 1599
129 1561
365 1674
480 2093
139 1371
706 965
391 789
1027 1383
794 1934
340 1524
23 416
156 1223
674 1512
1376 1731
1915 2123
87 843
410 1038
896 1486
673 1227
367 2000
1255 2069
104 135
376 652
259 709
391 746
446 1610
289 1283
296 604
336 1188
1281 2128
785 1244
582 1445
998 2161
90 1267
187 962
920 1343
586 732
609 1365
351 704
662 2108
103 1709
1778 2040
159 862
575 975
428 1732
450 1239
1043 1925
888 1346
676 1672
250 1832
1159 1975
2028 2208
715 1697
878 2101
1531 2214
341 609
475 1520
1288 1851
1313 1740
288 1673
1092 2116
142 704
1467 1645
848 1778
291 2186
515 1142
713 1379
1469 1890
1767 2150
1584 2062
533 1128
236 1030
1233 1438
221 276
155 1697
436 767
1033 1899
722 1174
682 1336
119 2178
487 1220
648 1649
797 1004
728 1993
108 1780
521 1735
162 1226
565 1587
965 1687
95 865
697 1599
598 2098
143 1873
1093 1506
65 1999
1085 1144
1154 1598
192 2173
276 1699
237 1661
38 571
825 2033
189 1212
370 474
257 1095
989 1465
3 971
679 2140
1807 1927
1299 1797
29 905
227 2111
587 1101
1580 1959
936 1429
53 1412
1671 1902
749 1638
662 1535
46 1584
1228 2198
967 987
1037 1474
104 1607
301 444
1285 1812
1304 2018
863 1098
893 1849
654 1992
1291 1797
608 1210
38 1309
366 655
221 1443
829 1632
953 1475
1208 1752
487 750
252 1623
1662 1844
60 846
179 594
832 1934
1237 2083
210 1688
568 1404
136 844
943 1452
485 1292
313 762
186 1380
632 822
517 876
878 2118
307 2004
732 1051
948 1887
886 1143
485 1379
1824 2159
1441 1545
1238 2103
503 1410
1508 2125
1045 2003
156 1910
5 1814
871 1770
502 582
1500 1827
1782 1819
1010 1830
563 710
1299 1369
740 940
631 1242
997 1262
861 2097
341 1855
932 1414
548 553
850 990
1204 1554
1267 2204
949 1832
1477 1768
212 1894
1794 1800
1818 2124
38 1121
883 1820
269 328
97 1501
144 585
1424 1478
168 741
1356 2042
471 569
1828 2162
219 854
94 185
879 1347
278 2157
223 955
1539 1651
1646 2204
467 2207
38 609
443 955
716 784
1684 1713
854 1077
439 2199
222 1804
2055 2210
327 1196
47 248
1979 2160
306 618
123 1167
629 1141
1660 1873
674 2109
806 1957
483 803
1535 2212
256 626
21 98
1421 1980
357 524
1323 1766
149 2219
41 739
256 1319
15 2089
1113 2210
271 1524
623 842
2012 2065
179 2177
400 2059
1033 1167
1126 1269
699 1888
1656 1825
143 2001
1367 1924
852 1048
1449 1674
512 1471
524 1393
1490 1616
1365 1654
692 794
464 2093
1561 1919
654 1821
1412 2035
1444 2047
1022 1542
35 1472
1275 1327
761 1683
506 1699
74 2022
145 646
1038 2075
1490 1618
417 539
1618 1700
385 917
712 1605
1164 1363
66 1044
337 400
503 626
783 1427
135 693
1013 1717
561 1556
974 1168
1511 1666
207 500
911 1186
742 1358
605 890
1627 2161
859 2133
169 1462
1342 1817
893 1393
169 1030
498 2142
285 2139
1650 1683
911 1886
584 978
705 885
25 2011
977 2070
1521 2028
671 1759
49 1885
1392 2144
1264 1452
469 2081
309 1269
1230 1629
485 1203
1274 1819
880 1061
513 686
952 1489
665 1157
1541 2037
1651 1672
1700 2116
414 838
1644 1683
967 2014
1242 1790
72 1708
737 1871
946 1834
1320 1323
624 1941
680 1122
1017 1563
1212 1902
1423 1435
427 534
65 372
1640 2016
410 904
438 2088
827 1534
329 760
1300 1989
803 1181
148 714
423 1282
548 1102
1213 2029
1532 2051
52 1897
1079 1747
41 1560
1310 1727
1692 2111
528 2065
1043 1106
556 987
290 696
662 1317
402 569
961 1917
1152 1795
1579 2204
540 760
271 921
753 1493
503 692
483 1168
164 2126
39 1829
670 2066
864 1686
1075 1078
1433 1842
892 1745
78 931
375 1436
114 1138
718 1499
627 2041
806 856
541 1615
1336 1932
249 987
1171 1383
933 1177
1839 2083
1682 2039
875 1010
2080 2134
1667 1691
1166 1307
414 629
38 1481
298 2115
1295 2214
267 880
303 1755
504 677
1359 1832
356 1712
1582 1609
1782 1850
70 1067
139 1386
530 712
665 2082
283 1463
255 1387
108 907
1238 2087
2066 2152
168 2085
934 1181
631 815
1007 1578
1303 1414
1926 2101
1320 1740
210 1021
835 2194
1577 1583
1083 1103
462 487
1071 1984
967 1853
1049 1125
272 1217
417 1385
329 1984
274 2140
1461 2113
1823 1902
195 871
783 1153
488 1339
473 950
499 635
963 1949
316 2040
390 1359
1675 2065
1917 2139
1037 1085
506 950
935 1165
516 1785
3 2114
183 1879
1512 1757
1065 1224
49 2163
767 1916
149 2181
787 1739
625 1958
894 1673
124 989
480 1367
1289 1770
81 1618
224 604
822 2170
1472 2218
1398 1767
1031 2214
446 1993
337 1106
1651 2194
1817 1950
1283 1795
1619 1876
119 418
389 1279
1172 1415
392 453
55 1567
417 987
1200 1836
482 1664
1842 1902
937 1866
602 2108
1351 1732
243 1734
33 1500
97 1430
1086 1723
141 781
636 812
762 2081
701 2194
171 2035
1221 1936
869 1145
364 938
8 1526
1331 1700
1288 1323
16 128
312 1295
68 438
10 341
653 1767
1520 1656
360 1319
287 1229
1111 1664
104 1633
14 976
88 1196
743 1709
726 2215
174 383
301 828
1058 2002
107 888
229 2050
652 2141
945 1921
1054 2071
846 2002
822 2111
51 1767
397 638
1168 2161
277 1541
355 1157
1160 1889
636 1939
206 2184
1420 1981
1058 1725
352 1524
652 1523
1877 2212
1185 1257
937 2142
77 255
387 1601
353 2092
1119 1666
774 1166
88 555
1168 1879
57 2136
1208 2017
269 2126
409 736
1536 1940
210 852
1003 1017
311 933
375 1310
1026 1443
317 2104
163 865
509 1197
543 1786
576 785
884 1729
2035 2194
889 1804
247 926
1046 1546
866 1869
82 2138
1027 1997
636 1386
840 1887
578 722
852 1609
178 1106
224 480
183 269
320 1048
221 1636
1145 1298
29 2093
288 2155
693 1912
884 1233
49 1164
770 2000
834 1303
700 1516
299 1171
743 947
1076 1245
487 888
310 372
176 283
827 939
1371 1844
946 1315
683 1890
1449 1547
693 1235
394 968
29 516
1046 1436
794 1812
134 866
420 552
72 375
795 1508
1769 2071
180 1608
1685 2059
913 1465
1104 1395
1220 1339
628 702
1601 2071
1358 1577
1649 1680
548 808
97 1679
1419 1750
78 1199
646 1700
86 657
1759 1877
60 904
835 950
1067 1587
608 2186
551 910
54 306
974 1954
434 2011
693 898
698 2215
2056 2142
1092 1276
101 1189
128 991
99 744
555 1225
1592 1609
1234 1584
736 1838
530 1686
862 1598
1146 1363
244 1689
384 1123
1201 1456
633 1636
503 1283
1371 1802
1763 2049
46 1258
718 948
820 1775
1071 1297
483 2159
1031 1375
522 1212
474 2011
857 1589
179 772
1430 2136
508 2050
242 1302
158 389
1009 1055
286 370
1223 2141
875 1082
98 1170
289 1736
751 1773
511 2168
564 1545
1272 2054
346 1325
1087 1411
673 1467
480 2202
158 1036
1107 1959
1389 2060
687 2197
1203 1981
317 1989
998 1288
1024 2002
586 1308
636 1970
1238 1945
1038 1446
1084 1934
560 908
2158 2165
202 1165
1194 1476
713 1761
1084 1637
1735 1774
2051 2094
1337 1714
178 1321
994 1864
873 2041
190 1364
27 1676
410 1606
436 651
108 1945
1670 1686
1122 2096
8 18
298 1539
105 1746
453 1405
1146 1390
1197 1208
693 2208
618 1844
313 856
722 1651
538 1216
1444 2039
1492 1881
602 2005
108 2063
1126 1750
383 1271
392 1638
1991 2050
248 765
586 658
869 2159
244 1088
484 1504
1739 2079
618 1694
848 888
129 2194
647 1121
971 1172
872 1947
21 1050
1789 2042
546 1152
1419 1914
6 1809
522 1314
740 972
506 666
374 1437
685 2056
64 883
108 1382
686 1328
1350 1459
772 2153
442 2209
1856 1867
119 259
586 1262
1001 1218
1052 1953
941 1797
1706 2005
1538 2095
254 680
13 183
342 2054
771 1283
358 538
492 977
1427 1487
98 742
1212 1458
389 2096
863 1837
1391 1741
269 1453
370 493
853 1303
757 1616
762 971
345 619
919 984
690 1856
608 1287
1149 2057
121 950
90 1082
128 1104
411 712
244 1025
1965 2158
720 1929
138 1843
887 1470
49 478
296 767
28 323
211 1800
2064 2069
1090 1531
911 1772
518 1595
957 2139
214 1939
372 902
450 778
751 1814
671 748
1583 1745
211 712
477 817
1055 1937
351 582
1097 1417
233 1569
1049 1613
255 2091
909 1248
77 1006
60 1089
1188 1480
1664 2071
1870 2050
678 820
751 1839
143 967
1003 1967
1790 1873
1687 1977
1536 2209
522 1287
626 1942
565 1446
1230 2033
1572 2174
2004 2138
271 1126
610 884
2022 2058
1578 1862
1328 1715
1104 2048
833 1831
1303 1654
1478 2182
1834 2153
1109 1465
970 1775
1404 1668
817 1652
1534 1969
1049 1464
160 1521
274 1122
364 1916
1074 2172
718 1022
1370 1991
921 963
1099 2202
276 1488
173 1819
1405 2075
923 1835
506 2040
222 715
114 483
810 1782
152 849
967 1609
1332 2106
857 1510
465 1031
1044 1943
158 1371
794 1447
895 2024
1451 2147
291 1961
219 316
574 1795
416 1174
166 793
157 2123
52 1860
821 2219
1580 1682
710 1789
703 1796
252 1876
1400 1807
431 998
425 1764
824 1473
1111 1141
149 1125
598 1557
1390 2035
339 1519
912 1871
286 1477
1696 1892
1216 1235
99 638
463 620
246 1699
28 1020
269 857
1992 2058
716 1450
486 775
185 1941
1657 2178
1079 1478
1008 1546
604 2168
1058 1116
449 456
235 1853
237 1543
573 574
872 1967
872 1876
1466 2197
197 243
837 846
940 1940
313 1977
466 1567
338 1275
96 750
151 1994
954 1691
670 876
787 1210
554 1596
1788 2099
34 395
1196 2089
8 374
1445 1638
1300 1409
969 1866
1558 2220
958 1485
103 1935
1450 2159
338 594
268 1352
629 780
1188 1247
714 1436
295 663
1552 1886
63 109
44 1673
179 233
46 1220
639 1037
16 228
2131 2215
789 964
795 1393
358 929
156 1798
241 817
1246 2140
264 901
863 2095
620 1354
211 1402
1240 1852
1196 1354
1148 2105
1179 1840
557 1662
796 824
388 922
1446 2084
1587 1656
586 1491
354 1023
514 1195
1501 2044
1172 1701
566 1998
1667 2217
251 767
415 1384
1450 2012
1083 1430
814 2052
623 1493
452 1046
1138 1391
1922 2054
563 1111
483 1707
36 853
1153 2123
794 1714
1472 2020
620 1198
1278 1628
354 1215
1398 1621
1701 2142
526 799
402 763
940 962
61 1551
595 1915
79 1085
1350 2109
398 1866
348 713
875 1920
25 1973
1259 2115
671 1905
678 1076
846 852
569 702
363 439
923 1656
1917 2008
149 1017
1343 1653
244 1941
797 1781
1235 1753
1284 1903
1059 1674
300 914
736 2113
612 1947
771 1147
578 1979
484 1860
6 672
129 1417
88 2110
1876 1928
411 1674
1625 1881
1331 1465
672 968
626 1067
1304 1726
1388 1741
1976 2169
859 1831
292 669
816 1190
1195 1759
1704 2060
226 272
1647 1654
731 1831
2 606
1218 1241
1827 1832
314 1897
204 839
188 2163
1058 1897
510 2093
921 1366
846 1870
276 2075
1512 1549
603 1356
614 1890
486 757
251 1625
1354 1546
517 1063
448 727
975 1550
589 1275
879 997
581 1480
694 2041
1551 1827
120 864
110 674
1201 1611
633 1961
273 560
1054 1433
1254 1451
807 1350
624 1618
411 1317
953 1266
864 1711
159 1371
822 1053
1209 1760
185 406
967 1237
966 1256
154 914
903 1527
152 1721
857 2132
92 1676
645 943
1301 1647
132 652
862 1732
916 2222
1241 1774
1732 1995
1781 2174
77 1605
1208 1396
61 772
81 1212
444 2203
519 1876
178 1855
133 1435
702 2033
1833 2012
191 1908
182 2168
375 1667
106 196
1536 1943
2 1240
169 1929
351 2055
1257 1363
143 1500
1756 1817
23 525
946 1866
440 447
1045 1993
129 911
121 1167
1604 1702
108 1555
2066 2191
279 792
1045 2082
1423 2215
262 489
1302 1836
810 2092
85 387
147 1279
108 1526
1290 1448
247 1948
1672 1852
223 942
410 1069
200 952
1410 1958
563 1487
623 1973
289 1149
619 2000
859 1115
1985 2049
111 2079
507 1100
42 343
142 2104
1091 1247
1688 1890
1591 1850
1162 1613
898 1054
1247 1683
181 2194
1025 1999
367 625
20 977
321 439
879 1504
541 2066
434 784
142 1813
473 1120
343 746
164 350
1333 1507
126 1227
129 1010
51 984
2094 2167
499 1337
107 237
837 2118
637 911
1739 1889
629 1287
22 983
650 1569
340 1124
797 976
393 1739
995 1221
189 2197
835 854
1251 1611
1573 2041
584 1551
719 2143
812 1779
258 751
559 1913
693 1218
973 1391
694 1948
1653 2127
131 471
616 2099
488 721
311 1011
915 1817
521 1971
1399 1567
235 1578
508 1978
83 1137
963 1799
304 874
980 2024
1776 2152
286 340
298 1702
843 979
446 467
614 1103
922 2167
565 1310
841 1529
241 565
475 1642
1366 2120
1870 2132
730 1422
263 1111
1365 1598
1308 1604
461 996
407 2114
600 1825
1976 2209
944 1290
1203 1956
75 158
442 804
1276 1576
1702 2098
827 1566
142 999
712 1920
419 1028
393 2151
1937 1999
1958 2176
378 608
1133 2173
272 998
920 1719
1365 2183
486 1569
242 780
1008 1399
1451 1607
542 1494
518 731
105 314
1216 1627
1684 2214
1307 1997
1475 1920
634 1639
457 1708
1308 1702
306 851
195 555
107 1370
249 1781
1441 1928
491 1589
1242 2021
30 309
583 684
1083 1608
311 352
185 1507
1061 1190
1210 1945
1541 1717
514 572
1878 1927
1458 1771
493 1897
605 1215
455 2004
187 1576
288 2151
270 1171
348 642
86 2029
435 812
219 2065
59 2124
387 1770
1305 1841
272 1441
806 1097
954 2032
230 971
337 670
742 1034
1349 2149
328 1765
317 1785
201 793
447 1833
932 1875
1676 2036
789 1576
396 973
266 785
1944 2038
244 1763
103 917
729 1107
1104 2096
451 1702
1411 1957
134 906
352 1227
1058 1859
967 1586
26 1180
382 933
215 777
369 646
882 2180
103 231
876 2067
293 1285
677 1226
2115 2200
190 774
294 812
2125 2128
1335 1568
313 955
889 985
100 594
702 1559
1221 1297
449 1657
874 1391
100 858
1089 1193
255 369
645 1551
123 1584
73 520
1068 1358
554 1212
1355 2042
661 1761
338 1639
350 2122
201 572
32 1832
1209 1687
673 1847
237 618
1123 1535
1078 1327
1008 1797
195 1613
275 1611
1442 1761
26 792
1333 1790
72 1280
1399 1544
1083 1778
1193 2094
39 1834
774 1252
56 949
1707 2161
48 853
769 1061
660 1214
1481 1539
249 1465
1012 1305
230 1006
693 1894
1158 1273
777 1933
1458 2166
408 882
1039 1177
974 2113
1203 2149
248 447
575 812
771 1013
78 415
1475 1930
1323 1541
2171 2222
110 1253
1195 1487
1114 1169
1062 1741
308 1678
668 2028
156 1583
633 1572
1367 1554
616 806
392 1274
498 695
207 2033
964 1004
873 2011
704 1368
864 971
958 973
927 1284
426 520
1712 1987
854 2015
329 1092
801 1688
353 2163
354 1049
885 1576
935 1867
760 1953
1626 2100
924 1242
385 551
262 521
15 2014
184 2209
531 2139
210 483
1079 2017
625 1350
554 1548
1339 1632
1490 2186
250 2044
1438 2065
522 933
62 1662
596 2094
378 1049
413 829
501 1685
728 1030
236 616
625 2089
2097 2105
967 1012
307 671
4 1875
756 1110
707 1790
1689 2164
496 1798
1944 2012
919 2119
181 1584
643 1803
223 2170
1338 1669
934 2050
323 1356
1169 1363
388 2056
1369 2066
1908 1924
938 2125
1666 1959
982 1281
1309 1890
158 1147
1297 1666
2006 2043
68 2123
837 840
1085 1592
1008 1823
79 80
646 1334
1540 2095
721 1604
530 849
817 1308
1672 2006
31 1494
233 1916
414 1131
45 535
888 1751
1342 1346
693 1422
1821 2071
937 1191
132 664
174 507
1123 1334
20 106
1714 1989
401 2192
20 550
32 1362
927 1496
1094 1531
397 1275
42 632
1072 1632
373 2145
599 1124
285 1629
1108 1422
109 1836
337 1294
1077 1081
1530 1600
772 1554
28 558
578 900
102 1442
432 1663
505 1134
1423 1453
325 1771
823 833
340 581
653 1932
1155 1724
528 1709
358 1857
676 1364
474 1048
122 1407
179 1139
242 1850
378 548
1330 1989
1177 1279
97 1469
1264 1487
415 1783
1086 1428
30 1566
243 1141
1229 1336
65 416
203 2078
157 179
511 2213
133 1887
118 1106
1697 2182
742 785
1160 1942
262 560
196 1483
130 991
245 2102
1536 1604
56 1768
60 667
147 1013
1407 1982
960 1495
100 750
482 1786
1622 2147
1008 1350
155 774
403 1903
1092 1779
1202 1900
16 819
1318 1938
800 1621
861 1511
178 1727
895 1506
722 2160
524 816
19 1356
664 1605
1226 1727
154 2135
994 1225
179 1447
466 1624
597 1826
512 1900
871 1639
539 905
816 1375
1184 1935
365 1819
1181 1749
623 881
948 1293
1307 1524
693 1812
875 1585
1181 1565
238 1577
623 1992
1665 1696
890 2221
794 2174
649 688
716 2177
1286 1586
891 1985
374 434
648 1159
694 1677
691 1757
364 805
87 1067
355 1371
1502 1570
313 662
54 1689
1183 1656
11 331
1033 1220
1245 1498
694 1753
493 1852
1119 1370
944 1426
333 371
1368 1944
403 2011
1217 1925
299 854
355 749
232 1493
835 2198
1078 1294
1244 1716
1691 1806
1587 2103
1014 2018
775 2123
773 871
1147 1811
8 906
809 2091
1485 2145
1266 1392
362 1694
1705 2042
174 366
1398 1752
19 1294
702 1026
399 498
136 883
1015 2144
845 1268
489 1484
378 1737
1225 2109
657 2048
982 1145
163 387
933 1213
20 787
1162 1408
1041 1241
124 1783
686 1523
115 941
1172 2140
769 2203
181 1565
1688 2105
638 1527
457 1844
791 1513
48 919
1023 1221
1798 2217
356 1215
1275 1519
472 1004
518 1707
25 2118
197 235
1282 1353
473 1245
865 1281
1128 1872
835 1730
397 821
2112 2156
309 1566
254 1257
221 1520
304 1469
842 911
95 1900
593 1442
72 1846
1003 2130
354 1661
693 2093
1611 2168
139 1711
644 717
274 1372
408 564
965 995
458 463
398 1354
769 1959
1915 2051
264 1004
662 883
928 1629
349 1978
1123 1268
69 2057
1477 1703
836 1258
1107 1502
107 1081
18 1003
1210 1373
161 291
769 2195
382 621
1537 2218
18 2210
1234 1826
1772 1933
711 1418
737 1092
344 955
911 1057
869 1144
461 2210
1929 1942
774 1152
718 1620
512 531
69 1332
297 554
63 1896
1523 2001
244 983
1695 2193
57 2183
251 1866
968 1554
1256 1981
457 1415
650 874
1011 1314
1844 2124
565 780
814 877
253 2191
1286 1404
108 1424
878 1091
430 1773
1135 1402
1208 1224
331 1269
217 716
1040 2157
1099 1340
376 1617
40 565
1041 1188
352 1246
1687 1891
1090 2097
504 1006
960 989
550 700
513 2194
1579 2216
957 1778
26 1796
83 499
444 1008
1198 1641
905 1202
391 1073
863 1320
1159 1976
1036 2129
487 1927
805 1784
137 1883
964 1109
519 1540
154 738
1349 2203
503 847
346 2066
447 949
66 1489
1890 2147
415 1981
277 1725
1299 1687
970 1270
760 1499
476 849
573 1332
1098 1454
1162 2025
1859 2205
1130 1630
616 1252
1072 2010
863 1307
559 1301
530 692
158 1083
55 1784
223 1377
429 682
21 134
259 509
356 1409
604 2159
1308 1839
1255 1458
675 1622
67 831
1392 1653
906 1436
1730 2035
243 493
1242 1969
307 794
542 1541
608 1483
1767 1960
134 195
12 439
1159 1965
400 1889
668 1915
772 1243
189 1315
663 1068
1397 1954
1314 1777
372 638
179 1590
709 1181
1146 1303
1239 1312
17 1013
59 420
910 1314
1631 2000
1649 1827
899 1912
137 629
952 1485
1173 1986
279 2006
651 1241
801 2027
1029 1510
354 461
289 431
1606 1929
1604 2055
904 1215
1432 1904
6 1506
1267 1993
290 1909
596 638
2163 2206
549 1004
585 1865
575 2014
1091 1682
1440 1845
1201 1287
401 1435
36 1848
1703 1799
68 1267
1135 1777
1130 2168
224 495
771 944
337 1729
1857 1937
926 1701
199 308
615 1976
10 102
1004 1141
1009 2133
1095 1946
244 897
361 1384
488 560
55 499
203 2097
552 634
845 1786
674 2201
288 840
1667 1772
738 1093
1384 1796
280 411
438 2206
1730 2123
219 321
1871 2191
29 1536
278 1354
304 917
1243 1482
575 1140
1212 1604
74 1057
1141 1667
932 982
236 889
310 2188
978 2016
857 1919
1125 1874
91 855
528 1624
306 1739
1792 2018
1367 2009
1090 2174
1774 2215
65 373
1371 1399
941 1015
1512 1890
347 990
847 1589
356 437
453 1327
296 953
1298 1346
955 1394
970 1437
1115 1686
795 1878
1146 1641
529 1884
831 1339
937 1034
787 2141
1296 1790
1379 2044
1197 1976
1082 1488
105 1620
690 1071
675 1187
1338 2136
32 559
294 1631
567 1947
268 1180
610 1545
379 1026
1422 2207
335 375
1468 1945
1881 2086
288 1526
109 2051
1414 1646
1144 2166
91 257
756 2133
83 1307
677 1448
234 706
433 1007
1678 1925
787 974
2049 2182
173 1905
627 1249
1437 1739
1055 1443
68 1550
82 1361
237 413
1051 1874
28 292
230 1077
401 1713
870 1185
384 1349
151 601
424 1413
943 1895
1255 1500
753 2083
598 1101
647 2178
879 1897
1132 1769
72 1625
225 2048
1866 2067
974 1589
1727 2215
62 676
1686 2210
633 1622
1397 2175
506 2217
1049 1860
1173 2216
428 1851
181 1345
1220 1770
950 961
368 2016
131 2218
918 1953
602 1246
414 1238
36 116
347 1770
210 959
275 1738
83 1633
515 1968
346 1311
1560 1597
104 1636
728 1656
119 1290
505 872
1175 1850
440 2184
1161 2114
1377 1547
79 1115
340 812
362 982
1934 1970
38 1006
934 1809
87 973
911 1783
159 1025
1650 1985
885 1941
1215 1918
1232 1592
3 1074
445 1965
436 1599
1205 1318
382 1790
319 776
1409 1605
442 1256
574 1972
821 1343
482 1776
1986 2138
729 999
882 1509
78 929
1499 1605
1016 1896
1258 1285
286 515
127 2208
453 1312
164 978
329 1977
657 1524
1081 2167
274 467
329 1985
1408 1995
622 1721
16 446
1539 1959
310 944
602 1854
59 1052
54 232
1035 1440
838 1262
49 1997
1082 1789
2018 2125
709 750
1049 1712
182 1785
657 1358
236 1415
161 1674
1835 1926
661 1312
1007 1658
1181 1862
567 1762
135 1721
732 2181
1071 1469
295 804
1617 2055
101 1639
627 2015
152 311
992 1289
409 1867
945 1219
261 1145
139 762
1317 2108
1908 1959
1910 2157
282 1265
279 1745
703 2214
887 2204
316 677
474 684
832 1108
42 1889
251 851
219 630
689 881
192 1029
995 1731
1858 1910
1576 1729
919 1486
1020 1358
829 1184
789 1603
674 1275
439 1789
844 1798
165 1634
465 963
1632 1968
1181 1898
703 1206
1384 1470
1560 1850
924 1992
469 827
850 1058
186 883
7 603
91 262
1095 2049
365 1990
367 892
1727 1728
781 1749
0 84
1298 1385
789 878
1276 1806
279 1290
1422 2196
892 1608
65 1494
514 1921
1856 2183
1104 2141
232 602
1241 1548
201 1096
81 2199
702 2021
705 1267
1037 1642
308 2166
810 1535
1170 1689
388 394
628 1320
1155 1440
878 1789
225 716
752 2202
1158 1900
873 1587
170 194
290 1630
150 1247
517 2032
220 1759
887 1036
968 1861
1089 2094
701 1650
1417 2119
994 1713
1051 1789
156 744
888 1453
1155 1506
734 1847
674 2188
273 745
239 1339
1768 1846
391 1169
834 1344
45 1876
1697 1830
48 2073
771 2089
2153 2178
347 1589
25 643
1440 1474
426 2195
638 913
767 1767
655 1858
68 765
1067 1213
1340 2125
920 1572
105 2124
717 1805
914 959
582 835
20 1636
588 1808
406 1159
42 2120
1816 1848
601 651
195 750
2109 2202
195 1556
973 1515
796 1402
1085 1853
318 2145
1855 1973
995 1318
320 536
1973 2087
208 620
304 1974
349 2185
559 605
549 1264
275 1132
1415 1675
831 958
294 1168
2081 2134
2138 2164
1355 1986
505 1064
472 715
761 1190
473 2172
703 2031
150 1191
915 971
457 1203
576 702
735 864
1264 2127
1567 1832
354 1910
486 883
388 1675
621 884
1946 1971
1232 1473
1165 2000
941 1672
278 2022
403 654
745 1517
1177 1615
286 1353
643 870
1366 1478
809 1818
598 1473
1243 1264
909 1897
382 1961
1340 1666
1049 1494
161 1337
969 1592
5 1128
302 309
1228 2071
925 1756
723 1198
1619 1854
527 749
129 2032
779 2143
3 554
1118 1239
1722 2141
783 1635
415 1610
1247 1275
706 1575
422 1869
309 1398
38 467
205 477
510 779
244 592
180 1344
741 1957
194 331
259 261
529 2104
164 850
302 957
657 1867
988 1149
982 1752
416 1376
1017 2152
643 871
857 2106
433 1902
233 1819
1091 2072
968 1949
958 1028
1845 2037
1870 2154
1483 1642
145 1509
954 1902
1042 1818
1614 2194
1041 1544
683 1684
93 379
687 2126
506 530
1301 2106
508 1735
2012 2221
1260 1425
1311 1722
1031 1524
11 16
759 1400
1646 2009
803 1128
400 1117
635 1467
1165 2088
363 447
285 2154
1021 1846
1247 1503
547 1262
213 1629
833 1994
408 1005
898 1541
94 1042
1090 1150
853 1255
1472 1692
90 896
677 1672
288 2121
97 1066
122 770
263 541
1054 1908
1409 1947
1470 1926
272 636
1936 1983
1497 1808
667 1104
462 1080
992 2059
25 2181
324 328
1104 1612
304 1351
960 1651
446 750
962 1516
641 1691
16 1939
1115 1958
1560 2094
188 1870
667 1301
301 2080
466 1513
829 1335
182 1318
243 1441
1538 1737
1292 1306
413 1618
476 687
469 506
158 237
527 2038
253 531
1218 2019
1180 1594
562 1476
217 1192
1194 1886
917 1440
420 1539
1148 1969
1141 1229
397 1178
1761 2064
690 1503
587 1140
388 1321
100 1667
1226 1315
535 925
1914 2046
271 443
667 936
174 828
986 1591
696 872
1078 2129
342 1549
309 1475
226 2164
1373 1909
1830 1880
428 459
382 1980
385 641
813 1769
566 1566
429 978
242 1371
439 757
390 1778
226 1594
880 1569
358 2176
1259 2207
720 2029
176 1466
1712 1794
315 1537
1307 1910
161 1100
1088 1128
526 1268
1493 1642
1059 1670
489 1196
147 1253
203 1975
85 2126
681 1708
628 1173
376 996
415 844
3 180
973 2111
1866 1878
16 1329
1050 1278
71 1138
716 1644
281 1118
976 2007
1356 1439
65 1159
989 1435
1422 1447
808 2006
392 1503
1083 1276
1486 2030
450 1177
61 1032
404 1874
290 1053
199 1687
1417 1604
671 1118
1212 2085
656 2111
246 1922
206 1139
1220 1858
300 1011
1359 1797
376 2031
737 1395
572 776
204 599
380 1733
1109 2153
955 1780
836 1435
556 876
1316 1523
1263 2129
1285 1558
704 1181
138 542
1513 1856
1937 2169
1524 1975
1573 2103
424 1696
872 1507
410 1972
551 803
27 1028
668 745
589 1190
155 1194
189 231
784 1967
521 1020
1794 2137
378 677
134 283
1067 1205
1488 1960
121 1792
323 1006
1581 1784
520 927
754 1122
873 2150
1366 1614
515 1935
1155 1320
389 1676
903 2100
345 350
527 834
764 1327
229 1185
341 870
1268 1642
782 1327
530 1798
372 1669
697 1006
701 1999
696 2052
1746 1963
300 1348
405 1552
386 1979
900 1466
438 1048
78 1759
573 856
2130 2148
85 1655
1253 1781
973 1377
1702 2126
1196 1527
1103 1106
862 1144
1515 1768
618 2069
887 920
1439 2142
451 1393
584 836
1205 1948
181 944
1014 1755
94 604
21 610
1060 1514
476 944
1518 1734
212 2061
393 2139
632 1869
1694 1717
88 2035
665 1460
1458 2181
687 2079
980 1712
568 832
890 2066
65 1703
786 1055
419 924
480 607
411 1921
1499 2187
1003 1695
435 1338
1307 2218
448 623
1153 2127
755 1028
1055 1063
406 975
605 1871
596 989
617 1246
851 1409
457 1863
179 940
1130 1537
38 1711
739 1761
538 1578
307 1450
1347 1858
147 524
448 2008
4 2145
338 1873
1300 1782
294 842
1130 2063
438 701
498 1527
377 449
363 531
453 693
4 365
695 1040
1266 1830
952 1616
111 1055
1157 1867
628 1329
237 1987
1660 1891
1120 1735
705 984
124 1993
834 919
79 1835
985 2014
1054 1785
1058 1210
198 1186
1081 1297
823 1727
995 2052
199 669
1565 2087
1057 1290
1110 1410
1143 2005
195 1112
1114 2159
1577 2133
549 1348
2027 2097
865 1623
64 1995
388 1643
1861 2040
101 1419
1096 1891
1638 2002
1803 2222
1051 1412
409 946
1183 1433
371 778
702 1591
505 1906
1494 2217
563 923
500 1785
434 1336
55 1186
1548 2076
268 1172
2020 2175
1155 2191
80 1557
548 576
1557 2131
1654 2188
160 1119
306 1266
613 1255
302 1445
1036 1673
83 2026
314 2041
1441 1946
709 1125
1546 2071
533 1010
347 1279
59 291
1092 1268
411 703
1467 2144
450 773
979 2162
618 1600
1868 1871
114 1068
371 1796
149 1420
1534 1741
20 1864
1454 1590
696 940
283 729
1287 2126
1182 1912
65 587
299 546
672 1101
600 2216
11 2143
1222 2035
864 940
1701 1892
380 1571
259 1176
1734 2076
254 1847
365 1842
185 1939
60 185
1091 1332
425 2092
1086 1773
760 1176
346 968
236 1247
1332 1534
269 538
1403 2161
284 1299
1734 1773
847 1362
8 775
1082 1930
114 591
93 1923
699 1578
1914 1999
384 1966
147 1229
195 1933
1775 2008
1625 1661
1112 1447
365 1957
1392 1699
789 1012
116 1603
1781 1798
1564 1788
576 925
898 1406
1626 1972
756 779
677 1580
404 1618
538 1106
41 1231
76 145
890 1820
301 313
80 1925
369 781
904 1664
770 1107
1287 1387
44 158
576 1251
372 1471
582 1741
1132 1825
923 1439
119 1871
883 1079
88 1562
359 1779
498 1727
1511 1529
656 1092
394 699
140 1238
1431 1861
953 1442
1294 1683
593 1027
1522 1973
1128 1894
834 1230
457 1568
1131 1969
1315 1768
1200 1274
1172 1372
589 1419
975 1902
336 2031
1535 2209
901 1873
755 1418
826 1397
621 1979
1569 1672
308 2004
661 1114
1634 1951
1560 1898
896 992
1636 1944
636 1538
913 1148
1768 1786
783 1753
55 2153
1006 2056
205 1822
92 2094
1823 1999
265 623
1308 1872
1057 2080
1417 2051
1321 2222
1263 1630
986 1755
575 902
552 2042
1382 1501
1814 1891
273 948
820 1305
187 1153
420 980
286 2078
562 766
353 357
571 2188
597 1557
311 1090
2018 2060
598 1147
1611 1694
1148 1805
1754 2182
42 357
99 1237
884 1103
11 1752
1512 1958
974 1677
982 1037
1370 1514
1569 1701
709 1593
850 874
825 2031
1063 1602
166 683
135 1982
1176 1829
671 1030
441 592
333 1061
28 1784
356 1953
675 1591
167 690
756 1605
566 1540
333 1997
575 2174
336 2173
1156 1718
577 1316
1535 1991
651 1363
873 1132
1967 2002
1947 2011
224 1793
74 1378
426 1112
531 1867
855 994
329 2139
556 980
60 2111
645 1261
605 1938
528 1112
558 576
1352 2142
1287 1959
1813 1878
1749 2105
787 1502
252 296
159 226
215 1121
1432 1670
901 2192
240 1329
189 1096
1036 1975
840 1349
586 1397
1150 1207
681 1909
300 1097
700 2179
198 988
550 655
347 2087
336 572
1513 2091
934 1978
6 643
55 354
908 1707
536 1187
153 489
101 1031
1088 2011
221 2141
659 1351
361 1912
846 2022
10 669
410 1678
908 1373
1379 1850
1472 1987
1307 1681
983 2218
387 1412
25 2111
606 1975
721 2038
206 786
247 1813
23 2172
606 1817
96 1977
1118 1717
1060 1373
210 1822
408 1445
389 2123
179 1766
114 1634
122 1016
140 522
1032 2102
511 1030
1145 2061
181 1261
1542 1974
2081 2208
1733 1741
1634 2195
1032 1206
314 1243
2028 2113
1443 1618
102 2189
329 1944
408 942
739 1831
957 1852
1299 1664
275 404
48 1591
99 1609
560 1062
219 1233
701 1315
569 959
1355 1944
477 771
1154 1694
997 2129
1336 1514
1874 1941
1979 1995
1358 2211
835 978
699 1830
1944 2011
384 2135
420 634
792 2157
1788 1843
179 1220
266 581
312 1729
286 849
1288 1389
771 2080
809 900
43 2047
169 1163
232 249
1201 1739
919 1404
1394 1871
168 2150
474 1243
57 1572
946 2029
175 1080
871 2034
331 1472
521 581
66 449
1491 1775
813 1133
1463 1595
1404 1908
1898 2127
937 2056
436 1202
1008 2043
198 228
1003 1222
75 1356
1309 1900
199 255
27 2127
501 1817
203 546
1301 1685
642 1417
1396 2002
1700 2193
386 571
560 774
792 1089
577 613
498 2085
1724 2156
529 1362
14 2154
24 2001
1887 2146
388 1924
502 598
1242 1842
379 498
223 1656
781 1529
1728 2004
1031 1476
971 1789
446 477
664 2059
189 1983
338 961
601 1972
209 1674
525 1195
479 1607
389 2107
616 1965
75 1877
8 976
1468 1619
967 1980
1682 1769
1358 1541
876 1827
339 682
1547 1934
1988 2177
146 1903
977 1339
1238 2041
1641 2083
51 1153
409 494
1663 1714
1293 1773
252 1436
263 1076
262 1104
491 1993
734 1634
228 1815
558 1337
980 1353
1577 1875
1254 2077
1896 1944
468 2139
796 1550
196 1462
1291 2029
1631 1814
136 2157
1242 2127
204 1900
1805 1819
1036 1564
29 166
396 439
956 1643
1182 1503
1261 1952
358 1282
11 343
1386 1566
2182 2220
1653 2094
1383 1755
1057 1805
1264 2048
1795 2100
621 1097
191 400
245 838
152 763
64 1915
615 1428
144 1608
987 1626
846 1476
163 1957
196 1244
1308 1365
852 1016
796 1392
433 512
717 1652
173 648
1660 2038
241 1484
398 468
253 1440
59 1024
649 1540
466 586
1126 1925
190 2203
1103 2103
359 2069
77 1088
535 1340
863 1371
686 1856
758 1406
11 2196
770 1062
903 1243
419 1701
202 1969
1680 1935
194 427
361 2098
473 509
728 1401
844 1079
540 1269
449 1497
786 969
285 623
806 2168
900 1168
349 1407
90 1235
750 1211
1691 2124
55 2024
114 1250
833 1965
88 1350
1352 2195
598 1775
1144 2042
289 811
118 1730
1407 1522
47 1276
628 789
1318 1601
364 2118
754 1876
1428 1940
1392 1860
774 915
260 366
153 267
447 830
2197 2214
761 2052
484 2016
1315 1433
192 1856
554 1919
18 759
507 534
1079 1396
140 269
648 690
1608 1837
327 881
1791 1826
380 1984
635 1978
121 1903
181 1829
72 1409
474 1896
461 1502
209 1121
849 1022
1637 1659
641 892
42 1151
840 1722
11 366
1412 1560
159 334
1658 1778
1177 2204
751 1706
1531 2158
322 820
218 1013
554 1030
90 432
377 1720
1443 1609
919 932
47 526
345 1248
984 2046
346 1023
1359 1854
300 1025
947 2067
281 1264
733 1575
1829 2013
232 746
461 2034
138 1708
1417 1894
380 734
18 1010
133 304
1079 1739
469 510
96 1855
90 1699
29 680
1650 2120
1997 2207
706 961
873 1698
76 916
1764 1863
54 1626
150 330
526 1809
748 1761
1862 2059
996 2212
626 1261
88 102
642 1418
242 490
343 1101
433 1627
321 1953
1230 2205
1560 1681
536 1950
152 2144
1009 1552
502 1347
155 1622
1161 2048
266 968
230 859
607 693
477 1567
1663 2204
1304 1727
704 2093
584 2061
593 1602
2069 2187
464 1175
330 668
610 1866
1310 1494
200 557
1282 1737
1417 1450
1266 1470
323 927
516 1472
872 1413
614 1016
947 1528
138 942
765 1095
459 982
299 1057
191 1200
278 2177
186 2074
1572 1943
216 1740
351 2188
503 761
601 1613
130 1720
1212 1429
930 1450
2107 2135
175 1003
129 2151
1051 2002
41 838
1580 2105
389 1377
1310 1626
1275 2055
1379 2190
201 404
1343 1368
1978 2154
375 1271
991 1376
1081 1575
699 1819
23 723
923 1114
178 202
1209 1593
293 1353
1149 1450
278 574
485 2000
218 945
411 2003
1442 1492
26 1154
1038 1217
711 791
1075 1971
107 1082
663 1096
621 2092
601 631
254 1176
395 1372
1992 2151
554 1935
505 1355
210 1242
846 1978
1191 1253
558 2198
94 1914
876 1820
837 1692
829 1380
1288 1587
415 447
1498 1833
860 1184
1063 1217
1346 1705
1209 1699
363 1640
42 348
674 909
400 1092
158 1780
27 1952
653 1995
716 757
575 1258
1272 2065
1607 2008
1536 1561
1367 1735
617 1727
366 1113
704 1408
51 884
31 1863
137 338
1214 1564
831 1502
867 2188
1245 2062
1566 1614
1111 1576
69 922
1332 1992
660 1693
1126 1659
1092 1787
123 549
763 1686
448 2060
151 1660
543 707
1298 1490
1385 1644
647 1322
915 1635
281 653
1777 1895
864 1532
1295 1365
1070 1543
595 1354
254 562
1187 1434
164 510
1263 1752
827 1504
320 2044
585 1003
674 870
1273 1363
52 719
825 2177
1300 1609
1871 2023
256 1280
673 930
1173 1713
1470 1943
798 1993
39 1835
174 319
1018 1716
462 2012
479 1775
228 1028
776 852
1061 1381
1443 2119
321 1495
1853 2132
843 2001
1120 1166
901 1589
1447 2116
615 1857
602 2147
68 951
1709 2213
1808 1980
213 1035
1079 1342
1874 2173
962 1214
991 1335
980 2103
222 1166
861 2034
104 2219
1242 1759
928 1928
476 1853
312 1170
744 1297
983 1795
1060 1113
701 1247
182 1581
696 759
333 2213
1994 2040
1522 1924
79 194
39 1910
237 816
262 1926
31 2084
1872 1991
459 1520
434 810
138 1579
378 614
793 962
62 541
193 1590
707 2091
908 938
46 1615
916 1011
1245 1340
296 1037
35 597
329 378
837 910
204 853
1044 1620
1049 1668
1270 1996
1385 2118
1829 2094
972 1957
1037 1296
713 1727
396 1298
186 1768
1558 1949
841 2057
498 1213
652 1163
1738 1772
303 1847
98 1884
63 1494
1615 1900
324 889
956 1823
165 1132
631 2102
1269 2128
1124 1344
117 1010
354 666
788 1524
661 2027
679 1319
70 1302
303 1049
58 1525
1707 1842
1600 1823
1324 1373
834 1991
754 2209
94 1155
521 1285
158 1305
51 1793
319 2124
771 788
740 2130
1492 1536
587 1733
891 1419
1168 1384
260 860
925 1272
715 2081
157 2083
1499 2128
805 2051
780 1653
1599 2057
335 1822
1295 1585
297 938
744 1542
115 1358
388 844
260 1665
1986 2112
52 322
737 1020
155 1988
381 1011
992 1992
68 520
101 1694
32 120
597 609
714 1516
837 1683
262 726
1032 1839
1688 1869
1399 1505
489 1485
259 1568
353 1198
122 1519
1043 1563
34 1634
294 2014
752 1416
658 1034
1633 1726
548 2085
69 432
351 1826
1150 1551
28 1922
681 1188
131 1013
879 1557
1035 1961
644 1595
818 1741
1605 2050
2 1723
726 2109
540 2095
195 393
510 1166
286 624
1111 2135
821 1667
1492 1920
978 1304
654 1058
210 412
381 400
264 1928
1076 1379
1437 1859
1218 1991
1239 2057
1369 1820
774 1863
942 1123
2049 2174
648 1718
992 1053
229 1973
1616 2121
16 1172
724 1005
809 1626
628 1059
829 1294
378 866
1814 1846
315 505
2128 2189
1744 1818
1604 1742
1026 1818
970 1707
203 1021
164 1526
377 1087
117 1850
1202 1363
615 1761
726 2118
1497 2179
379 2197
67 942
1326 1460
398 1551
211 393
647 1786
1284 1732
1694 2040
158 1571
1254 1567
804 1695
1752 2190
1872 2141
1536 1684
181 277
824 2097
481 2111
1588 1795
1326 2157
627 2197
829 1610
447 1322
1774 2155
451 1012
554 1119
86 1204
1802 2010
1189 1428
1593 1826
459 1034
367 1111
1854 1893
849 883
905 2032
242 1241
487 1565
472 1144
278 1254
970 1393
1201 1542
1210 2199
1119 1905
1260 1902
276 2050
1839 2035
487 565
982 1003
81 83
666 1507
666 2035
469 2019
12 1967
1181 2136
55 941
1614 2152
604 1185
787 1261
291 2208
321 584
1652 1671
970 1567
1124 1439
1734 1901
431 505
19 1635
1335 1714
326 1852
860 1020
1097 2064
686 1125
1232 1508
1608 1943
835 2139
329 509
877 1943
1613 2153
521 1390
1279 1581
1137 2013
1463 1768
1788 1981
326 1542
1648 1870
58 213
480 523
107 1316
1250 1511
436 1674
435 1423
27 1350
583 1006
1742 2034
973 1516
276 555
654 1177
109 1010
10 1869
421 1844
628 1723
836 1241
1675 1928
307 449
135 1766
698 1519
1472 1729
1218 1304
760 2156
1449 1954
1554 1883
128 1858
1467 1881
1446 1708
345 1506
1301 2071
1744 2118
202 827
757 1796
1003 2051
344 1045
693 1796
1369 1646
491 692
931 1285
106 803
745 1430
806 1233
545 1667
1140 1754
321 971
1165 1652
1139 1186
377 669
320 848
871 1126
4 763
45 2042
1465 1993
59 1163
745 1162
197 1303
113 306
186 394
1850 2144
486 1620
1018 1708
379 1544
601 1213
538 755
471 1492
1592 1634
137 1879
376 1171
560 2156
386 1568
1402 1753
497 1998
1042 1789
48 368
472 1517
797 973
1055 1356
1547 1829
84 494
735 2050
296 890
415 915
113 2046
144 1582
257 1275
188 2060
1246 1570
504 1939
20 875
651 1057
672 2065
515 1741
229 1010
1146 1740
355 1520
253 1941
573 2142
1173 2183
34 418
961 2095
1265 1366
1098 1634
445 978
1085 2181
514 2218
88 512
1180 2055
226 1500
1886 2110
100 1882
403 1004
934 1456
992 1150
1145 1898
152 1439
1337 1937
1102 1365
1584 1731
617 1238
42 1515
138 1839
164 504
1167 1632
814 934
975 1465
1113 1702
1670 1711
703 1064
398 2106
127 165
149 832
1176 2040
1521 1765
1768 2118
1264 1391
163 1667
954 1431
566 1316
591 718
221 1028
54 2054
678 1827
1201 2054
56 1646
177 642
299 1263
1380 1821
589 2101
456 1089
1311 1559
779 1482
558 915
201 550
831 1196
537 1369
939 1893
385 1992
265 994
462 980
371 1975
328 1801
134 1725
261 601
87 363
1322 1851
1921 1937
1089 1793
73 1020
619 846
496 1850
139 2132
363 992
221 1240
401 1232
1131 1979
1587 1800
30 2222
567 1642
380 1019
375 1744
798 1802
173 625
718 1746
270 307
1118 1318
866 1380
1620 2059
68 1107
1206 2121
734 1789
1646 1845
170 1685
759 1902
451 1437
200 2123
28 1059
95 1056
963 1962
639 1646
1170 2125
1434 1830
1149 1295
600 603
28 994
176 1685
114 412
352 2215
296 1002
738 1441
1677 1734
1192 1248
941 1528
389 1965
792 1959
209 947
517 1484
927 1158
440 1184
1799 2222
1201 1495
726 1302
1180 1819
1274 1418
647 1024
1161 1393
1052 1133
1642 2003
626 2145
844 1516
105 1986
1219 2113
411 1622
217 349
123 964
743 1504
1671 1690
42 612
423 1540
189 1914
1303 1524
337 1082
710 1738
846 1266
531 1035
1113 1684
546 1431
225 343
472 1028
226 1293
147 1563
607 1208
193 1522
911 1306
497 2150
208 1739
399 502
335 1580
244 2217
1166 1741
356 2046
310 1516
400 534
422 1012
1122 1747
192 1865
920 1502
48 1825
650 958
657 1239
1350 2173
1462 1658
915 982
1130 1652
1533 1980
1279 1296
123 473
792 1820
279 1882
970 1366
217 879
214 979
641 1197
224 867
757 1458
873 1745
1013 1388
533 890
1010 1428
661 2094
358 915
177 1737
221 2158
499 1325
251 824
133 1380
1120 1866
1205 1912
764 1237
507 1802
756 823
929 936
1113 1722
536 1238
711 1173
667 1077
10 591
621 720
642 667
225 692
1249 2006
75 384
788 1727
560 589
1745 2215
163 1865
42 1484
144 1107
1510 1620
793 1160
945 1054
929 972
610 1432
913 1755
419 1126
183 1800
370 498
531 2192
1001 1928
157 451
1601 2182
764 1877
798 2120
1651 2199
2124 2141
117 1163
971 1987
504 529
911 1820
548 2116
722 2045
1766 2036
1067 1485
1595 1857
658 2111
1010 1510
1477 1608
999 1858
71 1235
294 2021
1723 2120
731 822
199 623
949 2021
547 614
292 1656
558 1345
76 1371
528 2070
162 1637
349 402
535 2168
237 1134
424 1933
205 1414
930 1284
76 123
823 1855
611 1047
1496 1566
206 579
326 1553
144 1162
1454 2054
709 1049
777 1831
459 513
369 456
672 1935
164 1294
321 1349
783 1362
445 1508
795 1648
244 2161
713 1758
411 986
385 1328
196 1214
1143 1405
62 1121
1417 1593
270 881
398 643
1484 1780
1140 1403
1674 1680
1350 1546
551 822
41 291
452 1230
1849 1969
13 76
1665 1730
153 1040
698 711
1455 1484
88 694
1175 2174
265 934
132 1031
664 1966
871 2007
863 2145
191 711
442 706
797 1489
3 1198
952 1026
757 1740
1517 1784
319 603
677 1188
1885 2078
340 1359
154 1486
1123 2109
630 1927
1189 1922
2004 2054
883 1395
97 1812
1027 1292
1727 1884
736 912
549 1379
753 2040
1475 1888
1927 2142
1286 1672
301 2072
482 1331
1407 2087
513 1996
687 1503
1357 1416
981 1177
659 1221
652 1781
146 1708
1642 1973
277 1407
337 2184
273 1312
2026 2100
159 1784
815 1205
1119 1428
115 589
223 579
938 1279
229 894
459 636
227 1397
1225 1417
546 1177
645 1964
1141 1215
158 680
389 1519
174 234
326 676
349 1636
1833 2080
1314 1634
115 1039
272 2078
172 1237
684 1169
840 1313
597 1552
952 1577
968 1334
977 1362
118 1257
1269 1274
1244 1649
1352 2158
876 1027
374 1071
1153 1594
460 1120
791 1166
650 1399
374 393
805 1843
280 576
561 1902
396 1310
444 1161
64 1530
1388 1823
1054 1939
176 1760
268 1885
473 482
480 1595
604 1462
493 2221
571 1181
268 2214
99 993
419 1215
2149 2216
508 1487
1863 2123
548 2005
1519 1904
1677 1903
1810 2177
1119 1379
1126 1525
1096 2078
28 1360
1141 1859
664 1287
1922 1994
893 957
1127 1756
92 1473
1022 1054
162 1297
793 1169
235 2219
215 1412
643 1955
413 1287
254 570
648 1773
310 332
1623 1752
756 1114
1474 1639
522 1433
491 1412
41 1233
288 1206
1232 1296
687 1636
1553 2146
332 1550
394 1025
1849 2110
98 489
1429 1477
1272 1895
1767 2132
499 1401
940 1414
754 1443
556 703
159 1622
279 432
454 805
1647 1729
36 1045
1207 1628
1276 1648
563 1531
1581 2104
500 1919
890 1098
1320 1330
325 1139
31 459
552 1628
792 970
531 1449
323 1656
471 1298
144 1798
286 1806
423 2149
18 1542
1197 1203
67 1592
1432 1728
152 2021
1673 1781
154 2104
670 2108
20 420
564 702
1947 2158
1003 1970
939 1322
1780 1846
284 2074
328 968
627 2132
400 1924
353 2215
563 1317
1324 1673
58 808
1274 1595
437 1098
1057 1267
1146 2179
862 1334
1444 1691
830 1252
687 1069
2007 2094
235 1642
448 1375
1128 2065
1401 1692
35 1812
1142 2010
1035 2027
1460 1776
474 1467
55 2220
247 1060
1174 1899
447 1471
442 1427
276 921
148 1084
88 1030
524 1272
611 1167
1262 1873
524 1918
454 499
121 337
1270 1857
510 1698
953 1652
916 975
813 914
1680 1785
458 820
1879 2180
529 849
84 1059
591 2017
254 1733
780 2122
105 1342
254 1658
898 1535
1015 2085
107 2024
210 818
1 1332
414 1347
1860 2045
1141 1772
27 903
1811 2165
354 404
1129 1271
634 1013
1188 1845
100 124
1504 1564
1003 1399
1025 1526
683 1884
862 1297
42 1901
390 1261
614 1656
1089 1462
445 794
853 974
1349 1553
1298 2017
504 2167
157 1361
255 1394
617 1311
250 1530
459 706
1436 1457
612 1682
236 2038
598 1740
569 903
349 1983
279 1836
172 1957
1344 2005
789 1358
1137 1979
820 1972
83 276
933 1917
293 1211
1856 2176
98 763
385 2073
115 501
1313 1662
1041 1330
1699 2169
522 1770
373 826
1021 1892
533 1641
600 2082
207 209
35 548
762 2115
1277 2221
309 1201
443 1757
385 1259
1176 1779
1134 1247
789 2205
286 1631
923 2084
1748 1854
225 841
349 1820
329 1923
1327 1924
809 2024
327 621
1060 1542
824 877
10 2030
887 997
40 1005
393 2222
1259 1555
1089 1390
1365 1407
533 1187
521 2063
595 1328
548 815
761 1864
1675 1929
1411 1558
1961 2065
1462 1806
144 2135
1152 1406
1438 2092
385 1430
728 796
72 959
601 769
14 550
492 1985
1752 2079
619 996
180 349
2165 2215
718 2054
606 1368
826 1731
82 467
146 1072
26 1665
351 681
141 2077
692 1365
1041 2196
473 1710
913 1723
708 894
982 1294
838 1545
1064 1595
676 1162
824 1320
137 1716
1021 2044
1373 1860
145 1540
572 708
612 1227
288 460
449 980
184 1645
633 1604
814 1656
414 1693
1597 1646
21 1752
589 714
1748 2216
406 1590
899 1179
14 862
168 1204
1499 2115
348 1695
145 779
268 424
1201 2129
2003 2018
586 829
1085 1836
333 2169
534 950
115 1288
340 805
1182 2036
312 1991
478 775
90 837
829 1502
889 1809
121 961
935 1934
503 1088
649 1774
88 2141
1320 1505
87 550
7 1164
1217 2170
315 1295
1901 2141
627 1742
548 1362
1571 1975
84 1452
185 1768
913 1876
1298 1819
2121 2195
410 1970
244 926
960 1199
170 1248
1198 1499
931 1362
772 1703
784 1793
123 1566
1373 1673
1047 1583
125 314
228 1923
1225 1711
99 1242
702 1971
869 1316
208 1718
47 276
1026 1793
968 1127
668 845
1143 1226
838 944
1203 1350
321 1270
543 840
1116 1718
270 1281
1715 1768
1382 1764
280 1495
679 2071
1010 1933
15 1408
529 2019
403 1730
561 2151
1581 1842
1388 1770
972 1102
1728 2127
1215 1498
1179 1987
723 1398
954 2215
1649 1975
549 606
94 1962
200 444
264 2211
463 2217
229 740
572 2217
1896 2016
1614 2183
439 720
1366 1896
541 805
9 1211
992 2010
209 1023
185 1860
259 1799
1311 1981
1104 1422
198 545
201 988
293 600
846 1750
24 654
39 152
552 1211
208 932
27 1107
100 1485
578 1910
307 429
343 1066
274 1674
1127 1443
680 1098
1659 2191
719 859
457 777
24 401
413 1169
360 663
86 2186
99 514
1039 1140
184 1775
1876 2042
1637 1906
661 940
373 589
681 1254
757 1201
69 330
1011 1311
402 2013
1444 1472
926 1164
153 1796
132 1711
732 1773
684 1240
673 1578
1613 2171
733 1072
1427 1831
1221 1326
78 1233
675 1698
1380 2070
447 1414
829 1002
452 1113
940 1148
442 1525
500 1256
1212 2110
133 228
460 2053
1129 1140
427 2204
654 728
306 1529
667 1255
554 1448
303 932
1256 1387
595 1768
441 1257
176 607
627 1494
461 2023
324 917
372 2047
1114 1369
161 1418
163 642
43 1335
1557 2006
302 1959
254 1354
1775 1799
239 329
1777 1908
354 2063
1126 1623
1150 1674
1006 1391
332 1842
1174 1567
539 1076
471 1536
1055 1382
341 416
391 1375
1420 1861
354 1579
464 865
17 1877
643 1308
1043 1262
1344 1835
576 1440
1192 1308
971 2159
1122 1740
476 990
644 1019
827 1177
480 2141
1622 1708
537 1626
156 949
92 872
927 1566
1669 1789
235 2056
281 1246
1489 1540
1506 2046
13 65
136 1906
1121 1282
931 1681
558 1864
538 2207
1084 1584
1716 1999
649 1462
530 1410
312 1758
314 1920
85 1697
262 1841
311 1744
1835 1964
916 1052
1943 2162
1010 2136
483 689
297 1561
289 1447
114 2136
891 1255
979 1262
117 978
11 345
286 878
738 1894
980 1564
1704 1990
576 833
1481 1997
862 1806
1012 1340
69 1248
1261 1267
534 1534
980 1300
1793 2095
20 1626
1552 2069
133 1998
1258 1995
312 2043
1057 1159
115 739
244 896
80 146
1399 1851
1936 2217
274 1107
424 942
346 1710
309 1107
1756 2196
1097 2020
421 1957
288 737
446 2107
268 1926
1740 2053
358 771
490 1886
178 1904
1085 2044
1326 1740
730 1040
228 1523
986 1883
306 325
128 2005
931 1038
1422 2107
110 1514
437 909
414 1210
584 2019
1445 1946
1589 1702
2134 2140
795 1118
1040 1239
1580 1816
387 1547
981 1340
44 562
1183 1218
503 1645
1094 1829
183 234
225 2081
104 1384
489 2212
40 1012
1000 2063
1244 1604
603 1307
675 1802
1734 1942
75 135
19 1923
1150 1152
1061 1373
1257 1328
966 1558
721 1702
590 2130
1020 1396
1290 1800
584 1028
1399 1841
202 1932
741 1203
1445 2107
474 675
185 2200
1552 1608
1457 2161
624 1943
149 327
555 1506
4 200
163 1786
1168 1822
64 221
1457 1816
1141 1815
1462 2220
1679 2008
546 1951
1386 1425
512 1022
456 1772
246 1537
645 1504
57 756
796 1466
457 2148
668 1241
1097 2018
91 1050
185 1133
7 1313
1154 2015
559 2033
770 833
1446 1449
303 1222
883 1031
61 123
171 1932
235 948
1058 1307
716 1221
750 1139
287 1090
744 1022
1228 1535
1095 1983
150 1918
1188 1880
1251 1973
1638 2145
202 2140
124 1773
212 2142
612 1193
1006 1707
456 962
1494 1546
736 1387
1085 1735
585 1596
1967 2169
852 2193
443 1351
1365 1817
992 1152
1030 2221
1479 1796
459 1077
28 1660
866 1355
221 1561
25 1402
1706 1990
1232 2173
387 484
247 1378
652 871
8 1403
1516 2076
1244 1735
656 2115
293 1348
817 2154
59 825
365 1653
1828 2079
249 1897
231 841
526 698
778 1303
621 1497
1016 1689
254 740
790 1697
1089 2170
630 980
137 1914
332 418
1846 1995
718 756
685 1312
367 2113
1094 2207
812 1999
163 1887
925 1488
661 1753
222 1700
33 2140
293 1233
1676 2144
128 1040
62 421
1757 1972
205 1719
1244 2132
355 485
1557 2178
1061 1072
722 1648
1576 1878
845 1904
1359 1601
554 1303
4 1620
461 2154
293 2016
823 1385
198 1969
283 2000
192 946
964 2005
1934 2207
1202 1426
230 834
577 1277
1305 2190
1008 1337
1580 1831
1023 1368
172 1004
1859 2213
1202 1250
308 407
970 2069
799 2162
1241 1875
579 1298
295 753
673 1001
657 2157
959 1098
688 1797
40 1933
756 914
16 1202
2085 2160
1305 1423
2007 2186
947 1160
1511 1762
725 1828
103 2146
108 1871
1133 2068
611 1692
1633 1883
945 1915
507 1395
393 2154
646 764
546 708
299 314
1082 1175
203 1848
561 1238
781 1314
1728 1971
1545 1657
415 830
1376 2075
287 1846
733 1696
1127 2214
731 1982
1480 1591
76 750
153 2208
135 302
1741 2108
1142 1370
731 2104
262 1536
409 469
371 1563
431 1826
808 1802
1308 1367
132 698
896 1851
1283 1734
80 1970
623 1211
891 1011
274 1252
994 1959
633 1387
1241 1783
383 909
462 1210
102 1212
1272 1681
243 2177
1397 1960
1341 2081
241 1624
1219 2112
398 1984
712 1397
1474 1535
317 1258
518 1519
882 1450
60 380
905 1693
1041 1790
911 1280
146 2131
1488 1850
358 857
957 2214
365 2188
880 1909
54 1588
536 1007
811 1557
511 2104
756 2062
673 795
260 947
690 1936
524 671
434 1725
49 1162
289 746
1176 1456
590 675
935 1651
261 885
380 667
127 244
1317 1684
385 1139
2044 2068
1244 1289
827 1243
18 1315
11 1132
1674 1782
1523 1629
1622 1967
178 1781
1038 1757
314 893
1769 2119
252 2114
668 1063
26 1413
1423 2167
453 2100
424 1288
1387 1942
646 660
1396 1552
1255 1943
1180 1755
445 1662
1132 2043
191 1557
699 1941
691 1659
1245 1907
556 1951
1818 1836
6 1216
144 217
674 2158
59 1904
806 1924
760 1588
782 1171
885 907
688 2199
499 1461
1254 1589
500 2209
933 1039
208 678
1064 1730
803 1582
1315 1724
93 685
1203 1555
210 408
194 1113
1589 1599
659 1406
1930 2000
297 2022
1548 1557
1328 2149
435 459
722 2217
429 1145
1352 1927
1402 1662
900 1476
1336 1694
176 1952
112 1093
1767 2062
338 375
103 2088
1523 1883
556 1088
314 1247
1418 1577
96 1291
1555 1869
777 1526
1013 1072
522 1705
79 1940
741 2139
476 564
222 942
995 1606
551 1505
338 1161
577 2089
461 927
985 1685
232 296
847 1701
1076 2000
739 760
1151 1757
736 2180
782 1205
575 1539
839 2002
1038 1357
606 990
360 1591
1374 1487
1722 2139
521 1463
109 762
590 2109
900 1860
1597 1607
54 275
523 1255
492 696
1450 1625
46 1665
1308 2181
129 1063
33 1243
301 1459
485 1599
198 739
19 45
775 1487
507 2092
370 1606
669 1196
134 1512
483 2145
214 1813
600 1013
383 760
510 794
130 615
444 1985
776 1106
67 1724
526 895
1381 1642
1065 1926
1448 1496
1495 1613
797 1920
1579 2149
440 2065
271 581
1500 2000
146 2100
1521 1662
763 1622
950 1753
91 2144
1033 1276
1810 1824
219 1567
1852 2204
900 1293
141 1167
930 2020
549 1175
1182 1580
930 2013
345 2152
252 710
709 932
11 2032
268 1096
1546 2176
160 944
168 2206
347 2191
370 402
110 394
244 594
979 1042
414 2080
301 499
1264 1457
1148 1192
1342 1629
55 311
892 1398
1652 1998
734 946
60 729
449 594
1163 1554
1018 1645
408 1659
799 2049
313 1316
145 1321
817 1369
552 1170
238 2196
290 1098
713 1442
643 2114
356 2134
383 1519
118 349
949 1657
45 54
1718 1948
1184 1276
1474 1558
1406 2121
948 1854
920 2080
1285 1933
740 1830
603 805
902 1918
132 900
1747 1753
220 824
235 1767
837 1919
325 1091
417 1740
1036 2027
861 1752
155 574
1069 2186
529 765
226 1782
100 185
662 1181
1653 2056
1086 1769
526 1411
528 845
1488 2085
884 1487
1389 1808
223 630
37 206
1740 1972
198 1105
994 1287
1543 2203
1839 2164
335 1080
341 1681
444 1053
1300 1454
1318 1448
843 2164
1706 1836
1127 1605
979 1942
623 1980
1445 2169
54 1550
1250 1826
1130 1548
524 1675
1718 2202
175 1121
1760 1806
764 1478
95 240
1600 1683
305 1142
990 1789
19 367
1714 1896
1098 1461
1668 2216
607 1424
1331 1682
72 751
211 568
840 1131
1263 2140
193 1865
200 1770
609 2127
339 1558
432 2147
1310 1439
664 1688
283 761
118 1463
722 1604
951 2047
666 1293
1127 1744
317 1499
36 637
275 935
1769 1890
701 1904
81 1371
1429 1647
283 1129
391 863
590 889
22 2098
1075 1208
1397 1671
331 1718
695 1178
343 1890
1169 1278
731 2171
148 318
1034 1309
517 807
1026 1941
1110 1692
294 1541
1123 1671
226 298
715 1414
245 1756
290 1125
1182 1612
349 1821
679 2143
441 1518
390 756
281 530
102 353
388 2000
114 1813
607 1138
1252 1749
1227 1455
41 2127
316 533
488 2005
335 819
1404 1437
1665 1710
10 1746
772 2046
1202 2080
1018 1289
928 1884
543 1328
410 1491
728 2044
403 601
893 1942
470 1895
27 2216
778 2041
1401 1622
1089 2023
817 1381
468 995
942 1103
5 2190
6 1218
142 1124
401 1591
138 1772
196 2101
158 240
53 1559
845 2221
101 858
547 1849
139 263
83 535
1564 1699
192 1684
1463 1943
1058 1607
143 744
443 2046
1228 2188
54 1150
1067 1307
807 1153
1575 1589
365 1002
1924 2085
84 445
119 2055
266 1953
933 2187
1179 1336
413 1987
294 633
128 841
833 1131
276 1172
524 1384
347 971
1770 1807
165 1941
332 1009
785 1028
1241 1551
535 2130
964 1914
416 1817
805 1992
294 545
163 979
895 943
1777 2211
737 1147
683 1439
848 1811
997 1529
1747 1949
522 941
238 845
134 741
1263 1596
40 130
1122 1397
558 996
1377 1864
694 1678
689 925
114 818
57 1693
618 1129
981 1952
158 159
410 753
1167 1936
373 1622
476 1711
1476 1477
1622 2083
1118 1517
245 2173
403 1442
14 1844
1490 2079
71 394
506 1995
360 932
90 1456
445 736
1309 2082
208 1941
171 2036
518 1701
938 1794
251 2134
93 871
222 975
900 2196
1842 1898
1606 1746
178 1697
33 410
76 1715
1276 1666
706 1299
494 1313
968 1472
878 1201
147 986
1211 2003
1122 1308
750 1560
223 1027
1560 1714
1379 1383
679 1825
1117 2187
759 1165
379 891
540 1002
901 1779
1147 1741
1337 2103
621 1521
956 1377
10 1623
1276 1737
1757 2144
192 705
3 1368
1587 1920
74 91
1973 2140
1370 2181
685 2203
818 1086
1075 2187
873 999
1734 2162
1605 1715
299 823
1246 2044
152 1688
43 921
560 1384
1093 1597
432 486
256 1548
1478 1763
702 922
1212 1303
471 714
852 1509
332 350
702 980
67 382
591 2188
957 2042
1667 2147
1058 1908
1024 1824
284 2036
321 1428
1261 2025
200 1314
1055 1797
883 1565
221 2051
334 716
4 1874
438 1574
1757 1793
2011 2039
489 1952
1081 2038
94 362
664 1680
1962 2120
154 231
1012 1953
177 1013
1415 2136
1339 1612
50 2027
997 2063
167 410
284 452
334 535
803 1957
67 1238
364 1819
42 1093
429 858
1416 1510
617 1479
1719 2078
449 1284
1025 2007
670 2160
677 1428
1237 1899
1897 2190
309 1031
842 2181
707 1381
762 1498
675 2085
213 237
777 1151
168 260
263 1519
1449 1843
373 1564
1618 2080
892 1733
1258 1597
1672 1835
1127 1489
1214 1740
325 1237
70 113
234 1850
688 1041
119 1195
1893 2220
392 2184
275 978
589 702
406 917
1 883
1128 1177
303 630
874 1275
189 1432
1361 2032
1021 1135
142 1796
82 1749
913 1014
277 822
21 133
996 1916
70 1181
864 1139
911 1077
192 1756
48 1680
230 2059
180 1545
566 1923
247 773
1677 1829
530 1054
598 1114
391 2147
1564 2200
970 1252
435 957
215 1302
1776 2006
1868 2107
65 994
253 1541
1578 1733
7 1914
232 1284
1030 1451
1561 2091
478 1846
1429 2214
1447 2042
1420 1524
180 646
1408 1917
745 2131
2078 2211
685 1582
677 1807
1916 1969
472 591
1400 1478
122 1808
1756 2069
1409 1872
942 1691
1785 1842
883 1460
1523 1697
1920 2000
294 648
643 1543
1762 2158
629 1396
904 1192
255 1020
470 780
917 1813
663 1156
1597 1708
490 1140
857 1017
562 2032
170 1184
825 2084
162 2133
1447 1923
898 1403
1310 2184
1788 2032
309 500
178 1684
756 1888
1242 1754
1519 1601
1106 1608
1207 1352
769 1577
47 2030
821 952
517 1690
466 1986
220 1061
206 505
1499 1768
914 1737
21 975
395 782
128 1835
485 2128
1012 1513
1140 1399
675 1717
653 718
296 626
590 1123
60 1683
1151 1603
1699 1798
287 1020
652 1152
881 1859
274 1973
457 727
1137 1410
172 1270
982 2001
20 1298
107 1670
518 1900
142 1565
437 2134
1242 1447
317 1053
201 1675
1482 2139
788 1294
1312 1434
1281 2015
877 1281
543 986
1388 1962
1573 2182
1214 1476
102 767
656 1156
341 799
1134 1822
546 1194
704 1320
262 471
109 436
237 1730
376 1244
250 1147
1066 1465
385 2084
784 1043
518 1395
323 922
422 864
21 1401
68 1630
600 1293
191 270
1264 1666
737 1341
918 1894
1460 1952
395 1906
88 107
696 1433
1371 1803
1787 2199
414 1056
860 1095
164 1687
631 2001
1037 1264
1106 1779
14 1076
659 1555
1351 1590
745 2146
1661 1673
494 1817
1345 1508
1161 1654
1023 1341
1187 1808
1259 2180
81 1414
404 1715
18 1454
41 377
153 1674
1604 2149
444 1921
1791 1807
1097 1136
1932 2033
785 1835
1388 1656
1063 1370
991 1133
165 1046
1767 1893
1021 1603
1473 2009
839 1828
896 1930
325 1709
151 1972
931 2023
1636 2074
774 1683
1551 1889
266 425
180 1163
1395 1444
49 1220
122 2106
1199 1547
1636 1769
374 1023
585 1024
55 1033
1426 1653
1001 1110
84 1531
1532 1833
1511 1565
1269 1878
713 1465
645 1195
387 1768
1031 1174
1002 1863
1197 1539
650 1204
253 537
436 1923
1878 2130
417 2124
311 2019
818 1488
667 1571
1127 1726
826 925
694 1957
1562 1735
238 756
1074 1077
874 2010
440 715
1062 1995
1312 1781
1733 2054
1139 2088
571 1595
1494 1661
321 1959
1154 1651
365 1547
1322 1871
1606 1636
109 1929
347 1105
293 1775
867 1648
238 436
53 1883
682 1895
1543 1589
494 535
485 1813
395 1570
496 1693
270 797
445 1348
445 2153
895 914
188 675
1110 2015
1104 2039
361 617
631 1891
856 1120
130 1615
364 437
28 524
1235 1492
598 1548
102 1559
293 1151
1002 1945
703 1025
74 456
489 867
78 694
602 2139
1122 1272
35 1040
1486 2221
370 734
1808 1963
772 1738
122 1318
1047 2180
1349 2213
1232 1319
1369 1585
1879 1910
245 2181
299 1679
1567 2032
49 111
1508 1780
45 298
384 1737
760 1247
299 980
1315 1373
750 2108
820 1788
136 937
839 1530
614 1723
1422 1579
212 1728
462 697
1008 1275
47 159
1137 1263
1686 1783
23 405
701 1034
436 1842
776 1166
492 1711
0 196
519 1906
278 1022
1673 1852
148 1868
904 1902
242 289
974 1351
1070 1525
1566 1853
170 1267
1596 1971
87 1527
517 1543
1486 1844
736 1487
300 1047
550 565
987 2176
83 2009
382 1643
677 933
698 759
833 1331
1146 1307
443 938
512 950
953 1897
591 1041
761 1035
274 984
260 767
112 1841
157 1399
708 1672
221 1526
1383 2217
571 693
394 1288
182 345
937 1221
268 1722
480 1293
435 1242
693 1738
292 1909
309 1389
850 1164
1360 1437
1432 1621
1763 1930
418 2106
69 994
1872 1924
67 1323
761 1230
37 1663
629 1929
911 2076
668 963
1664 1995
65 1083
773 2220
1215 1229
35 268
187 2128
1118 1921
191 1227
256 910
1066 1325
299 1720
828 2125
467 551
84 2071
98 931
437 1571
702 720
243 1964
1322 1997
71 517
289 1555
1189 2089
137 1473
1238 1627
541 1785
503 720
771 1829
899 1366
1558 2098
852 2138
510 792
1543 1976
1977 2217
424 2150
817 1116
1036 1129
1088 1636
591 772
292 1506
661 1520
529 1023
496 1035
791 1430
1536 1952
1223 1890
702 1240
736 783
1866 2041
554 1473
1562 1946
146 426
353 356
1354 2138
1130 2136
1229 1401
65 1652
1274 2119
1003 1738
964 998
50 1283
1091 1642
35 1687
747 1570
1227 2114
343 1192
262 1055
1717 1796
530 1966
218 2101
33 1946
692 1681
771 2126
1179 1610
50 1962
319 959
619 1751
1391 2191
1096 1395
68 150
217 2095
1350 1648
1922 2216
1069 1293
1497 2127
770 1991
766 1457
275 320
378 1200
33 1240
530 1861
135 1635
19 263
1032 1827
947 1368
1720 1976
578 1593
1129 1867
1121 2148
14 178
47 1976
351 505
186 613
551 1149
139 1201
473 590
217 1522
1860 2062
390 1744
931 1410
429 1021
1697 1876
26 1847
279 1100
911 1111
649 1571
311 999
152 524
771 1818
274 2032
290 456
181 1090
1264 2199
387 695
158 2035
1524 1996
1006 1174
527 1379
496 1721
337 1399
899 1002
940 1689
879 2074
99 1506
459 659
603 837
40 81
686 1433
530 1691
1551 2080
1557 2127
914 945
641 1509
193 2079
941 1304
259 634
1614 2205
939 1943
1785 2211
1329 1967
1075 2121
1108 1794
163 1327
611 1867
168 878
1587 1901
1257 1701
101 1565
181 1876
159 596
385 2032
718 1720
196 415
649 1314
589 933
1422 2179
478 1422
505 865
309 452
841 1889
652 2104
799 1572
901 1984
1484 2159
416 2069
61 1826
112 1108
293 1160
52 1649
2103 2220
1322 1688
700 1309
331 942
289 1710
446 1872
881 1243
511 706
547 1494
927 1516
7 1936
879 1001
1337 1815
1128 1440
569 926
1230 1635
1284 1705
176 1369
820 1970
407 683
684 1775
1133 1646
133 1221
979 1036
1385 1898
49 1052
275 1258
16 29
506 1184
43 1430
419 638
280 1817
1871 2219
1587 1993
382 1043
738 2009
142 870
56 174
142 2191
1018 1971
844 1870
589 1840
52 155
270 1758
1084 1830
636 667
1319 1825
271 958
482 611
132 1671
16 1294
816 1372
1220 1480
962 1942
233 1472
703 1743
855 1282
24 2173
792 1194
879 1333
1641 1739
358 461
762 1586
318 2099
1663 1825
886 1088
400 408
1606 1646
1550 2126
1460 2090
238 1922
1366 2009
484 1038
1063 1822
1081 1091
1617 1686
768 1478
1542 1886
296 1051
341 1779
1914 2020
340 1105
1165 1248
1702 2129
1499 2199
615 1185
805 1095
702 916
42 1563
617 1340
625 1038
2068 2126
1160 1502
1096 1954
333 564
579 1017
679 1819
129 263
403 2051
209 667
725 1556
1343 2119
668 2049
611 723
536 1336
1443 1768
1595 2103
1159 2009
142 1844
1144 1263
612 981
1077 1689
0 916
847 1314
1439 1750
1569 1834
670 2018
521 1991
1783 1973
1103 1883
877 1193
466 637
885 1525
1120 1731
909 1886
1391 1942
228 1862
498 2149
65 748
1645 2143
207 1611
265 1053
853 1757
116 1167
603 2131
1110 1489
852 2032
230 1210
976 1553
328 938
798 840
485 1049
72 1717
396 1620
556 2060
57 1238
554 1007
1710 1775
171 1290
259 575
641 1764
1159 1753
497 1564
791 2052
1474 1479
1122 1939
139 355
122 1868
104 385
475 1809
1058 1833
1774 2172
726 2112
486 1112
418 1758
395 2163
1483 2116
405 659
532 640
669 1964
115 1596
230 1820
41 1428
362 829
568 1873
304 831
914 1790
1519 1863
147 1297
663 1174
775 931
514 1526
233 1192
624 1292
453 1933
714 733
1241 2073
2103 2159
374 1874
276 765
681 1162
68 103
1409 1964
554 1161
10 1576
1351 1448
1358 1731
73 1018
511 1045
559 1524
1747 1764
721 1901
1537 2152
519 1727
1182 2204
805 2184
209 2009
81 1244
940 1419
1530 1653
1384 2062
405 1318
1330 2021
221 1066
501 1873
553 1288
336 600
756 1734
1732 1981
632 997
1327 2161
1095 1291
982 1837
719 1710
292 966
809 1559
1183 1215
212 1005
790 1256
554 714
830 979
542 1026
826 1769
1802 1815
996 1842
331 1527
1952 1984
417 963
471 2078
1429 2006
323 1035
519 957
1002 1942
1548 2025
347 447
1040 1241
76 584
639 1521
100 1801
31 879
601 1918
279 1216
131 2172
1170 1835
1367 1740
230 1285
687 1943
1609 1630
1634 1848
1956 2113
420 1041
758 2060
1939 2214
72 2118
913 1197
756 1328
960 2053
1073 2169
567 1948
910 1251
1331 1478
33 343
1385 1575
678 1264
1253 1897
1378 2170
519 791
1718 1845
965 2082
56 2203
604 1352
449 1088
791 1101
1500 2020
1642 2200
1547 1786
566 742
1346 1546
445 740
786 2136
1230 1866
1647 1779
452 732
1871 2214
1703 1992
180 943
1361 1821
1030 2026
756 1469
446 988
672 1966
560 1117
9 255
1163 2036
1321 1614
303 2107
1312 2085
390 1757
1736 2121
857 1624
1335 1516
182 2077
1872 1905
1001 1228
1038 2087
1080 1134
230 1568
838 1017
1456 2011
729 772
1770 2186
585 1748
284 1815
768 800
87 1609
640 1479
719 863
1503 1986
80 2066
1425 1866
426 1066
639 730
26 1428
544 1089
729 1580
1980 1981
664 2123
1051 1232
342 921
306 1533
1892 2017
163 1979
1938 1994
1209 2091
84 2127
1235 1875
1021 1446
769 2076
341 1771
1025 1491
11 666
2 294
1235 1433
221 415
929 1041
23 88
1349 1427
369 750
11 1331
675 1167
849 937
468 1366
309 1084
449 702
464 1562
1510 1933
994 1679
964 1562
1399 1692
637 1189
129 1049
1427 1623
822 1503
1661 2118
456 751
500 1675
1252 2178
503 2046
328 662
1296 1878
49 2005
1729 2076
653 1147
158 1937
606 2012
1408 1992
228 2198
1897 2062
1184 1907
1001 2094
962 1268
302 2072
1437 1648
309 2125
432 1903
296 1123
177 1189
450 1557
34 1760
6 164
1210 1225
463 479
1373 1790
792 1510
1015 1096
1026 1532
401 1298
1769 2032
758 1237
666 1311
1241 1304
318 1951
195 933
1483 2039
358 1016
470 1664
1524 1532
434 1326
204 569
1 2053
442 1215
632 1952
323 1804
878 1025
934 1782
1334 1409
1152 1367
446 1450
188 319
110 356
786 2026
1558 1769
434 1897
1247 2175
155 1943
147 698
1135 1708
1248 1435
660 1390
429 545
112 830
267 927
74 1083
1377 2054
314 2054
1134 2186
1314 2123
990 1208
100 1522
955 2111
595 749
509 1392
1401 2001
1043 1543
14 984
132 1785
950 1869
505 1459
546 574
1211 2161
583 1200
499 1405
175 273
97 1189
1573 1783
300 723
594 1063
1448 1772
1204 1854
1089 1675
1657 2064
399 671
325 1704
960 2217
907 2103
957 1949
882 995
801 1425
277 461
287 415
581 1240
912 1497
460 1355
241 1798
272 500
162 1339
195 749
595 2214
1022 2156
311 1559
142 1452
444 1487
512 645
1502 1596
719 1109
253 1068
287 571
501 1272
142 609
174 1809
101 373
149 1703
1315 1351
637 1314
283 453
972 1770
127 583
754 1501
806 1893
976 1443
681 714
1935 2022
1649 2188
404 1225
109 1987
160 1575
196 873
1440 1507
438 1839
510 1512
264 990
423 1300
1011 1179
1525 1944
1283 1718
1303 1832
527 1659
365 1875
51 1587
1049 1124
574 2185
435 2155
42 1995
1187 1944
602 2008
463 1314
739 1002
179 1796
1047 2023
281 1968
1064 1506
220 611
695 2078
70 1336
165 1249
329 356
588 1529
1090 2002
1119 1352
621 1586
898 2089
823 1988
558 1029
412 1373
1953 2006
1141 1853
1404 1435
696 1065
1021 1394
1537 2060
233 712
224 1331
745 1498
1253 1578
498 1019
258 721
552 1777
442 895
643 1387
391 446
24 1325
1506 1951
1135 1761
655 758
264 1805
595 656
985 2064
1237 1912
708 1641
392 1456
632 907
288 569
237 1447
1270 1347
1050 1178
342 1963
921 934
602 1024
1618 2162
1546 1725
497 1984
876 1478
135 1855
939 1086
1127 1683
803 1978
1904 2024
868 1204
398 1013
922 1467
1934 2152
404 1040
63 547
1107 2082
484 2153
1343 1358
319 1431
105 1363
2033 2037
587 1644
1098 1529
685 1909
116 1652
409 2193
1114 1999
559 1359
227 1864
987 1504
518 993
810 1946
1136 1269
1778 1898
154 1821
404 571
626 2013
756 2071
1948 1960
201 2217
141 2206
1830 1995
994 1219
102 1849
38 242
56 948
109 2182
1050 1095
808 1673
37 1536
1351 1550
1032 2036
875 1782
629 1338
751 1533
935 1682
247 595
342 520
587 1422
1132 1468
289 1574
1804 1851
1790 2173
9 348
1363 2115
773 1029
734 1650
43 238
921 1463
468 2216
176 1156
449 1451
1411 1700
90 421
58 1274
169 1631
1196 1761
668 1879
735 1895
294 1640
184 2195
740 1307
219 420
1430 1509
1274 1638
1118 1158
593 594
845 1585
32 717
1219 2044
51 1622
1510 1973
83 954
347 851
863 952
1619 2059
1581 1968
1001 1995
249 1771
40 563
1277 2044
1137 1961
1456 1775
340 446
210 1620
454 1585
44 815
1757 1813
881 2061
412 446
234 1978
545 1732
679 1037
23 2084
717 1606
770 1580
546 1631
792 2074
21 1919
1487 1616
181 1613
826 2198
532 1793
1063 2000
632 1164
175 1459
1840 2204
562 2017
1267 1697
1922 2214
1090 1341
693 1008
471 1111
1623 1636
39 119
85 2202
487 536
213 2057
1958 1968
576 1081
157 1466
491 862
123 1627
1175 2034
890 1846
115 367
852 1454
1489 1763
414 1870
188 513
157 1229
563 1219
115 920
1417 1574
296 1573
275 1229
285 1013
1595 2222
968 1652
1794 2012
192 1012
1230 2165
920 936
107 1879
787 2071
510 1228
328 1613
1723 2122
1849 2086
272 481
43 812
959 2183
824 1815
839 1662
1101 1178
1305 1709
1115 2068
178 1091
1368 1951
813 1252
787 873
546 1032
1448 1552
218 760
66 532
296 492
738 2130
1600 2203
523 1420
1322 1802
1452 1715
666 752
1475 1737
992 1779
1831 2106
319 1213
292 829
175 1806
771 2210
815 1816
1579 1840
530 589
555 1758
1480 2146
785 1910
2150 2211
298 2121
897 1264
646 804
565 1356
1582 1810
247 1025
798 1050
1110 1833
1631 2175
264 1816
1338 2101
449 1576
912 965
104 1466
577 1987
13 860
692 713
1042 1918
974 1098
1897 2191
1757 1936
536 706
557 611
913 1491
142 1468
998 1084
1068 1231
90 1246
470 2198
289 1448
1915 2064
956 1129
431 433
60 1887
1425 1961
1055 2003
1790 2052
877 2031
1444 2203
386 646
1683 2148
622 1622
303 1708
307 1851
1385 2067
331 1772
499 1153
931 1440
610 786
1573 2216
148 1732
155 1166
777 1156
285 1098
563 1367
487 1883
621 1810
1697 1921
218 1300
109 613
105 406
527 1147
1106 1218
465 975
1178 1365
984 1045
35 1823
211 1204
930 1309
1169 1209
203 1999
431 1611
537 1445
1030 1968
563 983
1259 2148
276 550
177 1357
609 617
444 1370
148 157
724 893
102 1638
132 343
249 1373
829 943
868 1955
162 942
913 1540
457 873
260 1109
375 1855
71 361
783 850
1086 1414
11 1778
1069 2006
182 336
914 1251
647 1808
367 1468
206 1094
1065 1554
20 1053
1856 1898
69 1564
1916 2131
222 1080
614 2027
658 1247
145 1869
186 1463
113 1921
1090 1786
659 779
1351 2089
361 1487
1139 1767
965 978
724 1367
1748 1850
873 1798
144 2011
1170 1727
46 1283
1440 1891
1154 1808
26 2013
891 1946
1061 1166
32 2030
1176 1828
1203 2151
40 1328
808 1025
1704 2185
997 1880
45 1127
836 2146
251 2183
754 961
148 960
1860 2048
671 1613
444 526
155 1069
1880 2111
84 1633
276 475
1400 1864
539 925
1080 2128
84 212
1194 1948
883 937
1570 2119
593 1747
76 1168
1462 2049
1279 1415
625 780
80 960
304 778
364 538
117 1694
1598 1960
186 1103
375 1361
14 624
503 1082
488 1671
351 2027
213 1219
1029 1044
893 2109
140 1863
153 621
830 1474
1355 1609
56 1458
1613 2015
299 2199
1271 1780
1561 1778
498 1832
203 1217
93 471
1106 1821
98 1850
126 1828
36 1732
1749 1987
1912 2073
91 1643
1088 1971
540 1306
701 991
409 1070
155 517
553 1414
595 1533
855 1379
723 969
412 1029
793 1763
1552 2005
45 214
814 1240
1316 1692
1875 2030
1079 1410
336 963
1151 2185
249 1589
294 445
671 2035
654 759
1364 1448
731 1721
1236 1870
4 1524
671 1780
250 552
396 2162
1477 2028
804 1520
162 1805
705 1223
2026 2035
693 1857
1011 2218
258 862
501 1460
1378 1537
429 707
40 1147
968 1179
1065 1907
2 1100
1594 1606
108 1786
150 1677
165 738
931 2032
207 1964
156 661
652 1153
493 1819
273 1821
875 1935
225 2158
76 1845
1046 1926
786 1170
79 1441
869 1436
545 914
555 1533
185 2106
859 1796
365 769
1227 1836
1393 2086
375 2069
995 1934
358 1040
1223 1584
531 2013
887 1093
940 1897
337 918
577 969
1360 1873
1039 1757
855 1853
91 1464
1641 1800
146 2089
1741 2116
238 2095
549 1587
1213 1490
1732 1990
940 1381
945 1146
400 924
502 2156
802 1513
1994 2212
448 1422
664 2022
1811 2042
385 1533
1435 1675
916 1146
803 1585
1621 2085
197 2219
358 501
466 1195
1336 1700
993 1618
1137 1185
1527 1886
386 660
34 570
375 563
619 1457
197 366
36 1436
412 1682
678 1674
32 2033
1020 1724
528 712
73 558
839 972
1634 2162
1276 1692
785 1034
398 1542
1010 2011
1727 1859
978 2180
1689 2190
934 1361
386 834
2062 2077
1261 1398
394 405
867 1398
349 454
1385 1689
134 2048
171 1938
1931 2215
953 1347
1254 2136
1518 1526
51 907
1714 1832
57 583
270 1080
1460 1742
1436 1603
273 1442
497 1570
600 1326
88 1432
551 900
687 984
327 1320
1801 2113
40 526
883 1837
1106 1836
385 1741
683 1653
879 1366
855 1449
561 682
375 1586
2005 2009
758 1211
531 970
408 2145
1102 2158
123 773
1369 1503
802 2097
776 2056
618 933
96 2161
849 879
386 2093
172 1857
653 1326
542 1351
1177 1569
872 1503
802 1081
426 1749
1369 1863
10 1181
159 1362
2000 2152
384 2047
542 945
973 1747
1391 2078
953 1552
84 600
438 1969
760 2157
561 2088
293 1678
172 1154
143 1295
1302 2080
1342 1378
147 1095
1460 2211
1716 2059
458 1294
514 1027
275 1787
39 1329
106 1089
1339 1499
696 1773
112 206
456 794
109 507
1826 1946
1952 2187
1045 1376
379 613
1057 1856
603 1345
813 1400
215 452
1004 2099
181 758
607 1327
2088 2189
773 1705
1481 1547
1257 1763
595 695
59 1372
1141 2101
861 1136
1453 2147
979 2084
199 1918
1054 1445
174 1309
540 2136
979 1364
1361 1410
378 1941
786 1006
64 447
32 1564
363 1114
43 344
1127 1475
308 1906
536 798
1390 1727
177 875
666 1115
1049 1670
1316 1886
588 1495
1907 2062
1146 2216
372 1631
1497 1684
1436 2128
392 1923
64 248
1931 2106
1005 1387
1566 1942
1018 1214
849 1470
1714 1872
285 1193
1376 2156
178 1165
1374 1426
540 2199
814 2202
535 1842
307 1404
1130 1227
45 2011
909 1139
453 1776
220 495
993 1373
326 1832
75 325
455 856
966 1568
432 1248
1174 2049
1497 2197
1139 1772
619 871
1570 2166
7 370
348 1201
427 633
1695 2042
442 2147
1257 1589
1066 1092
1337 1872
860 2209
847 1743
1142 1340
134 1981
1311 1444
662 1975
1286 1551
1118 1265
953 1954
1210 1628
1730 1843
780 1173
22 185
721 2216
1959 2010
1730 2017
352 574
161 1895
137 851
897 1555
1564 1963
607 2093
506 1689
221 794
644 1143
621 1079
1164 1246
1613 1834
38 2173
1523 1994
382 503
351 1885
339 938
1095 1365
1327 1528
236 809
111 1877
1667 2093
640 1768
236 1760
1126 1893
1390 1991
762 764
762 2135
1171 1567
11 483
34 1285
698 937
1373 1758
471 1503
164 1698
270 1675
672 1108
1375 1476
571 833
624 1833
621 1910
998 1489
1316 2067
1605 2139
390 712
407 1955
368 1315
101 374
287 970
445 728
1096 1175
421 1945
1627 1689
852 1065
22 291
972 1058
217 782
1117 1903
972 1724
342 922
2092 2165
422 1841
697 1545
863 2006
1700 1830
138 1337
241 917
569 1391
1680 1928
894 1373
985 1800
1473 1595
1549 1896
606 1936
3 1475
1734 1897
103 1253
62 950
224 757
1086 2144
187 698
1504 1765
1589 2149
895 1647
271 686
231 492
1098 1293
386 1694
1508 2076
35 393
215 2139
422 1105
438 566
404 1667
214 484
591 605
686 858
178 601
304 1089
205 604
194 966
1286 1590
1232 1901
512 937
528 2117
133 1197
838 1989
711 2046
474 1166
465 1526
635 2150
810 1918
1462 1927
781 1189
562 1807
1485 1816
1160 1962
437 1208
982 2140
1111 2152
1182 1545
760 1879
749 1471
1249 1547
1595 2006
1381 1635
1038 1147
944 1719
1126 1733
949 1917
1307 2133
407 781
1053 1937
1188 1915
743 1424
679 1594
555 1936
213 587
341 1944
860 1525
509 1513
1044 1556
1021 1500
1 23
1063 1797
758 1145
871 1947
25 1195
522 2078
265 335
56 676
1381 2059
761 1493
902 1756
31 1002
732 1429
83 867
872 2161
988 1274
1467 1551
435 1268
82 1450
997 1755
1446 2212
339 513
615 1490
1041 2206
773 1587
291 2214
441 1034
571 1554
1237 1879
352 1573
1318 1451
998 2099
949 1284
606 2046
174 922
604 1629
306 1720
938 1929
800 1889
581 1927
1005 1526
787 2013
322 2007
311 990
632 745
265 1540
771 1164
1274 2095
330 831
1169 1260
1632 2041
1904 2028
1354 1379
1111 1933
1186 1660
608 910
1614 1739
428 1443
62 1471
113 1795
1642 2199
742 1910
792 1511
448 1504
1333 2073
1113 1917
744 1302
848 1905
388 2045
626 921
509 1677
1 186
1488 1495
645 1224
511 1139
978 1325
29 38
772 1712
852 1134
779 1521
950 1849
198 1525
396 1871
508 679
560 823
399 1241
2094 2179
1281 1878
728 1772
1009 1180
204 1260
484 1227
897 1852
554 1922
1754 2097
194 977
1064 1719
1433 1870
207 1206
738 2178
1758 1971
5 1523
364 835
81 1831
982 1292
1003 1735
88 703
944 1842
125 1446
1542 1709
144 1147
777 1863
1769 2101
1905 2068
782 1844
1656 1783
16 1859
50 351
1526 1819
1613 1995
1746 2152
15 1120
1313 1726
689 1578
86 1531
520 2001
126 808
291 1076
203 801
484 618
670 1994
500 564
326 1364
380 639
1291 1801
685 1112
91 2101
335 1800
907 942
190 943
1107 1769
255 1524
831 1665
15 1261
473 1427
1395 1665
85 1191
618 788
941 1204
1781 2054
865 976
1039 1281
23 798
444 1233
1440 1546
470 1351
418 1069
831 957
1037 1051
1263 1312
745 775
97 1238
825 925
327 1510
1954 2135
825 1292
441 2145
1756 1943
700 1733
566 897
443 1541
387 2177
1225 1878
377 1293
1533 1761
951 1444
1185 1209
1850 2101
1624 1683
1123 1270
1310 1646
358 957
1135 2044
593 886
682 823
625 662
1999 2138
1343 2201
260 1732
537 566
411 1762
909 2162
1580 1850
239 948
404 1360
1572 1896
2042 2142
477 960
1380 1448
1500 2096
929 1034
403 827
240 2205
65 336
1059 1079
799 1315
263 1159
803 917
608 2031
1108 1555
452 1412
563 924
1588 1758
2015 2054
269 2168
795 1729
2141 2206
980 2136
125 668
129 886
845 1801
1145 1428
962 984
350 1186
573 643
1034 1608
1738 1972
1121 2129
956 1335
199 994
356 877
1058 1605
717 962
509 1402
225 813
344 422
267 514
636 1833
1298 1324
497 1948
1272 1984
821 2044
481 1505
289 1706
1283 1885
697 1375
774 1596
1013 1692
2187 2192
345 1194
1969 2208
923 1422
446 626
876 1646
113 257
329 1958
208 1523
1377 1816
184 748
1053 1205
86 246
292 1322
585 1999
452 871
1575 1706
160 205
34 275
776 2046
715 2072
1833 2141
1557 1863
1737 2167
859 1313
1281 1638
769 1043
713 1962
997 1694
176 1804
1356 1608
19 1484
1071 1606
156 1872
1185 1405
834 1560
1666 1739
393 1114
204 740
242 2157
108 1889
77 1564
711 1785
437 1181
279 1178
513 1249
62 808
687 1059
3 387
393 1405
1648 2197
500 1476
1162 1978
648 1462
345 1663
151 2134
9 79
547 1313
207 343
196 2111
324 1514
1776 2109
388 2144
446 1331
1563 1824
1252 2189
1012 1410
287 611
487 1769
1056 1972
636 1222
165 1490
562 1120
225 1073
293 1888
1385 2098
889 893
79 326
728 1250
929 1964
733 1556
349 1358
654 2039
1359 1441
626 888
1626 2037
1429 2116
277 2000
1040 1562
510 1731
616 1556
356 2016
434 2055
1369 2001
609 847
294 1740
759 1534
254 423
859 1462
856 2090
992 1838
1189 1352
60 1092
767 1668
342 1060
78 330
1024 1206
394 810
176 2174
42 570
1243 1610
201 443
293 2088
1201 1902
186 1832
596 987
501 1550
93 321
991 1789
1589 1737
1195 1657
258 1732
1636 1921
1786 1855
398 1332
787 2007
2066 2129
871 1971
1029 1445
2033 2180
1834 1974
1417 1935
472 1606
857 1429
43 1785
1247 1591
1383 1628
295 309
587 1139
52 732
356 1402
994 1441
42 1608
1462 1654
22 1656
587 1537
1194 1739
1070 1326
508 1657
1592 1850
5 1033
1487 1955
33 1905
703 1454
367 1720
714 1338
381 1935
191 1300
1220 2216
1289 2172
1300 1305
129 1875
921 1243
419 1546
933 1091
183 387
193 1924
709 1781
584 936
680 1942
1376 1900
652 1782
60 89
632 2192
550 1828
514 937
42 1803
1227 2084
721 2087
1552 1618
491 1592
640 1133
392 1088
1870 2054
69 691
1405 1591
1390 1902
1675 2168
690 1696
617 1245
1784 1813
901 1487
155 1095
876 1800
289 497
317 1059
1304 1487
211 770
676 1185
1484 2015
1457 2051
1714 2101
1969 2114
763 924
281 892
574 1472
438 862
1167 1347
217 1448
491 1714
901 967
926 1265
753 1388
50 1899
84 1990
215 549
109 116
1777 1995
164 1608
236 1115
525 2100
660 1513
169 1762
341 747
0 118
277 1090
791 1298
1465 1979
116 442
1177 1715
146 782
1516 2001
773 1585
1613 2206
1658 2093
689 2164
692 2179
1337 1635
1976 2111
75 498
607 1485
261 1311
3 1097
79 863
1229 1576
1955 2098
870 2166
83 1746
436 1832
295 1344
460 1634
1255 1717
1344 1979
1543 1672
95 671
883 888
299 1837
28 721
1173 1705
1235 1247
683 1959
851 1176
142 1257
205 762
1308 1535
1141 1846
532 607
709 1160
171 638
83 673
761 973
309 1241
56 106
13 630
1683 2054
1332 1340
781 1759
703 1905
195 470
401 774
1801 1923
829 1773
152 537
386 560
663 1903
768 1125
1217 1412
1059 2004
1250 1900
523 2049
72 503
690 965
1149 1663
603 1750
1860 2070
1497 1960
490 1165
523 660
273 1365
951 1659
1846 1956
12 1815
264 1388
290 628
94 1170
288 733
484 2093
400 1772
1313 1957
1032 1454
272 2173
209 259
292 1372
1 1338
65 205
803 885
435 511
1217 1821
861 1010
461 1760
1138 1998
83 1669
830 2057
187 346
926 1487
1824 1905
533 1473
566 2010
126 326
871 1399
443 1868
98 1191
1277 1286
378 2169
155 1330
31 424
1099 1714
981 1305
1558 1611
830 1933
408 1999
1032 1404
1509 1513
912 2142
777 1547
474 1894
509 1651
152 229
1256 1999
103 298
872 1505
207 1077
1415 2063
746 1205
646 800
0 1914
1052 1279
2192 2206
475 1144
150 1750
1618 2027
1159 2215
340 1402
1472 2010
599 1195
755 2001
1153 1252
803 1131
1069 1378
245 592
341 750
67 241
1064 1141
538 751
361 2204
507 1796
12 1546
1280 1745
380 2134
783 2180
161 664
1303 1798
851 1160
1073 1202
227 1515
1061 1677
1486 1651
843 1180
1280 2015
505 1309
765 1256
273 760
1048 1554
821 1212
1240 1366
69 999
637 820
276 382
85 1359
979 2169
1483 2134
1004 1688
126 1555
142 1814
965 1113
493 879
410 1892
1027 1502
2001 2206
156 1993
1602 1811
456 1375
1161 1637
1303 2103
909 1069
549 1864
305 501
1105 2002
1270 1536
1892 2059
774 2142
1042 1046
97 1016
112 1749
79 369
60 166
14 2210
270 1405
405 1343
1071 1827
212 1161
276 2059
65 1242
126 1976
504 1086
662 1560
1232 1864
279 1124
1158 1838
869 2080
857 1702
1509 2039
157 694
565 1943
495 1309
297 375
383 601
1283 1694
609 1386
115 796
792 1815
207 1942
125 2189
1591 1656
887 1275
690 2040
560 1082
62 270
380 1600
1944 2116
667 1353
587 980
351 586
1651 2170
601 1267
965 1760
104 506
1530 2143
159 406
1423 1904
555 1914
211 995
203 1006
352 1068
74 1328
1109 1915
277 753
1685 1743
272 1786
50 83
1570 2201
226 2061
187 293
1442 1860
82 1528
741 823
465 2089
531 1569
1381 1932
1662 2222
1469 1521
811 1932
1079 1168
747 2020
1244 1870
820 1079
449 1081
887 2041
964 1517
453 1981
742 1823
1314 1736
93 1893
439 786
611 1900
1298 2030
333 971
123 233
1034 1607
1129 1307
57 430
524 1176
888 1667
1138 1719
133 768
826 2190
987 1350
397 2027
606 1813
1494 1656
827 2194
122 545
268 1126
199 624
620 2096
657 1073
824 1189
202 1629
690 2216
672 1114
684 972
112 1845
47 1114
255 1419
323 667
313 511
1444 1547
2071 2076
747 1343
432 2054
94 929
753 1095
1146 1294
760 1651
1038 2203
672 1922
1856 2177
624 852
263 765
658 1742
1583 1933
1755 1831
802 2183
102 392
139 570
1345 1410
254 1106
60 1752
676 1584
159 1488
69 154
40 158
2012 2086
556 1551
54 823
1305 2159
121 1274
1152 2104
994 1853
592 1064
2061 2105
378 1064
373 737
593 1911
806 1928
666 1565
330 1453
1165 2162
1212 2144
78 991
893 1915
209 801
102 790
773 1566
891 1414
2006 2048
1570 1664
1546 1865
698 729
1983 2085
532 766
759 1324
1259 1904
1837 2063
482 1970
264 502
530 1154
67 432
523 1712
157 1480
601 1208
1414 2048
642 2085
1429 1726
632 721
1750 2112
250 2017
1039 1905
830 2029
2201 2215
194 1234
874 882
470 1328
95 2087
1055 1218
1691 2205
1819 2119
690 2154
150 592
724 847
1218 1278
75 588
343 1087
1257 1590
110 1337
1248 1824
973 1215
796 1662
1193 1236
234 1391
1135 2174
635 646
806 1352
865 2201
727 1876
977 1724
1122 1885
898 2090
1869 2197
1654 1800
323 1403
1312 2002
742 960
147 518
210 1321
889 1181
916 2217
139 1747
577 1981
1390 1593
140 1239
472 724
0 666
931 998
572 2083
754 1544
472 1918
415 1274
871 1735
574 2094
1109 2218
909 1338
395 1268
62 2211
742 1522
821 933
736 1070
234 697
480 1963
910 1878
1433 2154
713 1292
721 1001
435 2033
1894 2217
1483 1588
1050 1871
325 563
482 1576
1668 1952
407 614
371 1151
492 2042
78 2098
1023 2032
506 1541
1607 2160
1293 2013
442 1212
487 2091
1514 1927
1144 1252
322 1687
1781 2097
1203 1224
1588 2007
630 1713
74 181
1076 1952
662 951
259 423
459 1322
795 2132
1249 1465
1275 2167
1000 1720
1560 1685
823 1180
1687 1721
313 2070
1686 1716
1505 1738
88 789
2144 2201
467 708
1146 1877
1368 1884
118 293
849 1182
716 1612
114 2138
1096 1521
899 1555
1397 1946
534 1049
1195 1728
1224 1589
304 1909
150 2035
1457 1865
1803 2126
730 2212
1362 1924
14 522
1381 2019
154 739
419 767
440 1194
2001 2222
1550 2132
459 1352
452 1578
1114 2147
417 1442
248 1593
113 1513
184 1509
1753 1816
306 663
2015 2211
314 1138
1146 1465
1874 1920
508 1777
144 1060
291 1271
250 585
1935 1970
7 1006
825 2086
535 960
73 1431
1267 1310
321 1817
338 1185
238 1071
568 2218
413 2193
1238 1901
148 2076
816 2219
929 2076
1887 2033
457 543
1055 1862
549 1129
1200 1637
1260 1826
882 1651
1028 1179
792 940
140 736
828 2216
512 1310
217 1162
1935 2190
507 1057
1021 1274
1734 1803
356 1459
662 1605
393 1630
214 368
268 1167
2066 2222
552 1609
1104 1126
1056 1393
41 445
1675 2127
517 926
1315 1837
486 1715
562 2187
1649 1872
540 1312
622 1775
314 591
404 929
975 1366
1714 1825
246 998
1239 1593
1037 1773
425 1465
621 680
391 1886
818 971
940 1286
184 453
736 1570
474 596
175 1435
220 1251
77 2098
324 1936
755 1897
206 737
1259 2214
479 1854
1334 2043
706 1669
454 1931
476 1174
491 1301
186 800
280 1743
1791 2062
1268 1622
902 1754
269 1605
1599 1950
859 937
222 2059
1143 2020
769 1372
35 1361
1571 2171
740 1662
51 1386
1760 1841
705 1002
877 1992
459 970
711 933
152 1384
1865 2177
1519 1988
557 1392
124 2150
336 2077
1503 1560
593 1157
748 862
970 1031
2059 2143
333 611
444 1659
92 1239
1071 1808
532 916
1437 1803
1079 1596
549 893
471 1093
1054 1791
211 1177
546 1338
599 2191
1672 2103
971 1121
844 1941
1246 2159
393 2199
712 1976
668 1028
1023 1552
1474 2215
1245 1579
1633 1877
13 1670
1146 1538
873 1012
1231 1653
69 1614
962 1943
346 1728
170 1544
1129 1492
510 730
585 659
1421 2151
130 548
1951 2138
186 1772
554 1717
602 772
1290 1472
740 1680
905 1979
72 1348
1739 2129
492 1555
1112 1942
322 792
875 960
852 2086
432 1255
1149 1321
620 1167
758 1947
467 2074
782 1403
1492 1669
8 1064
1194 1451
1106 1160
1341 1443
178 891
1560 2014
759 1065
997 2155
1053 1280
603 1828
684 1789
980 1344
684 1191
668 1994
407 1149
324 1974
251 2083
158 2195
34 1782
44 954
117 1318
116 2041
1960 2084
193 1767
708 1658
141 1483
692 1331
1017 2153
1685 1940
546 1078
1790 1934
905 1213
50 776
1008 1174
262 826
337 506
468 1960
159 1995
1249 1843
1526 1717
484 506
689 2169
734 1169
39 2140
759 1735
216 1118
725 1600
501 1338
337 2036
860 1730
746 1305
447 956
141 272
712 1252
1147 1213
128 507
814 1349
692 1847
815 1297
608 1776
279 535
1495 2143
998 1677
244 2066
215 913
156 982
1031 1658
1468 1939
120 335
344 709
978 2017
298 752
785 1602
1718 1896
1056 1437
132 799
339 1948
678 1246
515 1148
1957 2012
954 1815
644 1517
849 1377
632 1190
1352 2110
528 990
1947 2184
1112 1523
87 1466
337 1469
372 809
430 1723
1491 1993
138 413
523 755
1433 1801
391 583
558 1070
984 1123
513 955
1084 2204
800 1748
2008 2044
12 1523
510 921
488 1868
613 842
1137 2017
1266 1332
1372 1606
90 960
1738 1917
493 1524
450 1679
835 1798
1569 1928
793 1011
309 1007
32 1058
497 1493
257 1329
1343 2039
310 914
992 1359
420 1383
1625 1731
1265 1738
1647 2173
438 1230
494 708
147 768
1271 1854
734 1956
1293 1317
604 1523
760 2038
775 1856
132 2159
377 1288
1802 1912
995 1818
218 692
19 653
1415 1467
1904 2036
1591 1605
1154 1411
1064 1452
1096 1638
97 544
242 1127
1549 2207
693 2087
493 1542
1222 2046
124 1568
331 2123
441 1212
878 1538
584 683
139 1370
83 758
1562 2035
957 1198
904 1194
1234 1514
19 138
1823 2060
62 1943
795 1137
1908 2028
429 1660
766 1486
1862 1890
1384 2163
431 1201
895 901
551 642
591 1829
411 654
1142 1936
626 663
660 1140
760 1945
1111 1163
500 2085
139 1311
936 1380
174 585
228 1861
1172 1347
486 540
574 1715
658 1733
585 1380
1922 2004
1090 1859
526 1884
190 530
1173 1751
302 2205
76 254
1111 1393
469 2104
1099 1375
335 1212
1812 2088
92 1380
118 818
453 1357
48 1225
646 2058
94 1793
36 397
68 1144
1700 1948
961 1185
495 541
693 1557
410 541
875 2205
1250 1516
831 1524
1315 2205
703 1188
1489 2113
816 1007
19 1580
209 1639
23 1117
615 1708
544 1480
379 651
1417 2146
1561 1652
831 1922
888 1543
1158 2110
223 2173
955 1585
1252 1290
1730 1891
418 1149
1331 2083
1835 2026
60 2024
210 484
208 1498
544 1234
542 1885
870 2220
1270 1930
551 1097
774 920
343 1952
475 2182
142 2171
1503 1654
1099 1450
436 1282
777 1843
17 410
1289 1787
997 1600
345 916
1439 1896
1851 2002
1891 2039
32 2120
1354 1592
728 1303
403 1607
1392 1985
555 1861
1816 2007
490 1173
221 1015
72 1899
421 1424
169 903
1189 1530
783 1830
10 1936
1461 1801
62 575
57 872
1150 1378
278 1959
461 963
122 1230
536 2133
884 1584
850 1692
1341 1796
383 1547
121 191
897 1729
578 1699
33 836
39 1831
88 689
1091 1762
187 1206
678 1677
1323 1402
1139 1798
147 910
78 499
808 1812
107 1459
941 1620
153 536
1295 1821
323 874
329 1253
853 1157
1019 1815
8 1128
281 646
572 696
586 1215
517 1153
1006 1413
792 1226
1213 1392
165 1732
309 1510
792 1246
299 308
880 1622
424 1377
395 870
1197 1269
454 2155
1447 2200
1044 1824
1540 2190
235 1691
812 1734
1933 1987
1467 1989
227 943
677 717
125 235
536 2032
1088 1857
1795 2039
1198 2065
466 1680
393 2147
882 1365
255 1262
1315 1993
800 1875
1269 1966
149 199
515 699
944 984
664 1597
61 1702
1154 1360
1980 2064
903 2159
1274 1530
930 1830
934 1452
319 468
350 1286
496 1127
495 1889
889 2064
1128 1684
693 1450
138 404
1308 1377
569 1609
186 1412
1751 2031
651 1228
623 1807
1489 2000
229 1162
378 1155
1951 1985
14 1725
825 1468
1262 2148
874 1281
125 1720
332 1024
234 1793
356 405
1539 2003
1026 1883
661 836
529 1190
976 2096
405 587
1129 1589
493 1647
1265 1912
362 1585
447 1298
912 957
670 818
898 1289
435 1249
547 733
314 1784
238 2021
1403 1714
1241 1371
2144 2194
1075 1384
4 366
239 267
1406 1490
1006 1312
12 1894
1225 1231
203 1863
84 1333
257 817
1729 1865
766 1411
1194 1392
684 1651
1824 1946
110 1939
683 692
89 146
1323 1492
176 364
26 1068
697 2090
742 2010
864 2099
440 1458
840 1495
1092 1797
20 1535
770 1699
1808 2090
130 878
1091 1761
697 2145
446 1165
392 922
1317 2048
1452 1507
426 1457
727 2202
312 2193
89 1229
1643 2106
1012 2101
574 2216
1831 2048
1717 2066
79 770
1323 1926
208 2047
1658 1673
1108 1667
345 587
898 1091
1891 1916
1146 2220
978 1579
509 2196
1281 1490
536 572
657 1871
407 456
845 1749
920 1033
998 1020
1338 1494
1587 2218
1041 1162
116 972
59 1722
830 2139
791 1662
1337 1874
758 2162
999 1012
717 1513
634 1894
1480 2120
354 438
62 2217
506 560
597 1357
503 1330
547 1468
1603 1648
916 1258
360 1140
146 1545
1427 1533
293 2015
124 1602
458 1933
122 838
955 2151
368 749
294 1104
944 1984
157 1212
1745 1861
996 1427
578 780
331 1038
1227 1741
1241 1916
100 1950
1110 1224
318 1617
754 967
762 1898
1932 2083
1115 1758
244 1510
475 1690
2144 2213
813 1924
762 1524
1101 1232
300 1222
327 2145
432 660
1271 1612
879 2212
215 1388
994 1159
1677 1985
748 1113
344 2118
10 2171
14 1754
1262 1876
202 253
827 1466
1539 2159
580 1987
263 664
1613 2062
1079 1301
542 642
1901 1985
1100 1436
873 1672
1223 1347
988 1877
852 1587
987 1846
947 1904
1231 2065
1896 2114
1759 2201
451 1491
380 1169
550 1646
826 2211
1039 1408
163 1533
127 749
552 1861
476 683
145 1027
958 1483
1476 2221
715 1728
385 1478
1175 1502
2 1962
567 1299
92 1210
1010 1033
1450 1990
22 847
225 414
146 613
535 1438
285 902
388 461
262 1046
116 564
1606 2134
11 1425
1232 1718
4 336
1381 1655
871 1806
1840 2145
191 1478
852 2022
673 1897
225 1849
333 833
553 1103
50 923
1249 1372
618 718
1686 2025
41 2002
478 1448
718 880
1336 1427
871 915
677 1573
99 1741
1244 1531
437 958
621 1142
1108 1458
1114 1269
77 1356
1244 2041
207 1068
1257 2138
785 1090
1074 1274
999 1821
351 1084
334 382
1042 1966
535 1156
458 1184
327 630
1538 1931
1010 1018
1559 1864
776 2014
923 1684
445 503
508 1595
685 2120
193 1325
830 1339
336 1371
56 741
721 1838
114 195
446 958
1155 2127
1584 2044
1841 2090
938 1748
1619 1650
272 1803
930 2016
180 354
778 1974
961 1814
1686 1874
725 979
607 1825
899 1250
315 1121
596 640
1310 1911
356 1759
47 1991
142 2013
1449 1567
293 569
1265 1463
273 907
140 1452
918 1939
1055 1960
165 1747
1440 2063
305 542
1346 2165
1829 2022
89 1089
1306 1892
1823 2173
1188 2143
999 1605
2115 2139
362 2147
1683 1761
1278 1699
1254 1649
251 2006
438 1407
522 2052
39 2125
1070 1167
1655 2179
1351 1879
790 1472
1560 1884
300 1121
318 2045
84 964
174 1786
397 2178
1062 2188
1416 1955
119 2097
510 1837
1459 1799
905 1735
76 1293
550 2087
820 1401
1590 2126
358 1176
1135 1573
1911 1950
460 1880
32 998
461 1113
862 2198
1746 2062
337 584
229 780
241 1005
564 1941
172 730
1359 1433
489 2051
468 634
975 1873
448 769
550 2199
918 1176
250 1133
192 1564
946 1573
1056 1144
1440 2110
15 177
243 995
604 1807
69 526
1423 1685
639 838
393 436
1708 1760
742 2023
1882 2035
377 1605
609 1145
700 1379
698 1679
78 1246
397 1897
118 1267
92 1876
284 1734
1504 2150
232 1621
235 306
478 1202
176 1781
730 2009
998 1261
675 2105
1005 1201
452 896
700 1704
429 1945
1789 1892
661 1757
1723 1878
413 1621
1601 2024
1045 1561
919 1178
561 928
388 1400
42 298
355 1704
491 1339
402 1786
1 1214
1143 2021
531 1829
437 1275
1483 1884
1359 1767
46 285
67 216
457 1521
461 1655
687 1628
137 1344
1321 2219
24 456
1686 1845
536 2136
297 1482
522 1138
902 2043
99 2144
1377 1753
130 793
402 1551
696 2219
1272 1364
479 1575
235 594
461 968
337 1103
245 925
1729 1888
112 1425
543 1235
796 1305
394 996
129 2159
686 718
225 820
807 2169
103 1261
349 2130
1337 2043
113 2207
1798 2182
438 1702
492 1702
1270 1305
1802 1867
941 1630
692 1183
1302 1789
347 1610
611 1087
160 165
1709 1783
879 1004
836 1065
220 769
1125 1231
53 1590
791 1534
842 1478
650 1568
744 1519
1368 2100
1546 1871
289 1886
496 713
1374 2175
1892 2198
1185 2198
12 963
1253 1946
575 1615
1749 1802
1005 2205
1457 1526
1192 2046
876 2159
769 1060
930 1838
106 1698
1106 1152
971 1348
1255 1418
146 1561
1644 1958
375 413
389 1429
1468 1935
620 1022
1187 1684
753 1344
97 1214
777 835
1032 1429
970 1654
915 1605
791 1382
276 1715
624 1583
106 730
129 622
695 1918
1612 1696
207 647
124 705
236 1232
1367 1726
12 42
54 450
84 166
1125 1797
1236 2193
846 1128
1234 1395
81 669
467 1730
1228 2098
728 1978
1197 1640
760 980
1006 1454
105 1449
809 2042
46 1372
36 1919
651 1873
107 142
224 783
134 1130
373 1148
419 611
427 1398
381 1372
910 2126
1484 2059
874 2090
1255 1442
1012 2097
182 2218
1338 2061
174 946
521 689
364 1350
529 2004
494 1963
1791 2152
1487 1704
51 275
864 1480
1037 1303
1392 2206
1388 1587
47 279
1219 2101
836 1147
1183 1642
2051 2208
1955 2126
558 909
1152 1833
1023 1313
1220 1634
1423 1640
302 1970
1399 2082
1597 1854
261 1348
938 1216
463 575
1499 1689
1731 1822
118 1645
1548 1982
1309 1516
1902 2207
1492 2139
507 997
2001 2034
143 899
87 1601
137 920
1201 1488
1197 1990
513 1208
957 1586
1090 1623
523 1606
630 1629
1209 1813
230 1081
1063 2190
799 1712
138 1466
817 1185
1292 1698
745 1876
1099 2023
663 705
871 989
687 2033
851 1330
86 206
681 1170
12 477
825 1021
563 2082
482 756
1632 1814
62 1159
220 811
793 2087
1268 1381
1170 1499
663 1855
1594 1956
725 2079
1117 1944
1488 1591
700 1812
997 1968
928 1734
241 1778
484 1605
719 1968
919 1143
1123 1263
363 1637
1171 1586
1705 1792
668 1980
35 40
1986 2131
1408 2125
1154 1656
124 525
383 467
509 1093
257 881
630 801
867 2082
662 1242
1086 2010
1130 2042
935 1134
653 1568
263 1432
50 1358
151 1714
1937 1969
1417 1632
1008 1349
1778 2100
1180 1348
902 1470
341 1502
1209 1539
1237 1750
1462 2121
684 896
285 475
1537 2028
1552 1631
1354 1763
49 1508
992 2097
763 1174
1014 1132
1 1672
981 1517
1155 1636
601 2203
473 1589
373 1836
258 419
1268 2103
382 714
171 1444
741 1482
726 788
244 962
955 1159
329 2031
706 2084
1117 2083
1761 2205
1814 2029
692 1919
1632 2026
779 2155
730 836
764 2060
421 783
103 1531
1380 1774
1759 1925
177 224
388 605
792 1443
80 348
1346 1900
329 880
729 1035
412 1237
1184 1834
117 313
616 1238
938 1775
338 688
1979 2052
1109 1420
1183 2088
395 2001
1330 1808
1857 2009
1941 2013
194 1013
1059 2173
1085 1621
1499 1886
16 43
1225 2168
842 1548
1055 1363
434 1045
1216 2082
431 1974
258 1937
513 2020
526 1427
543 1390
1220 2051
1340 1736
182 1277
586 2175
564 796
719 1313
942 1208
287 1464
1044 2196
1302 2136
1002 1356
352 612
862 978
264 892
1082 1520
1060 1722
1169 1837
1852 1956
469 1419
110 1420
1310 1823
1069 1994
1626 1966
911 1830
461 1173
148 607
115 1844
218 852
1094 1130
1361 1984
787 894
1352 1458
492 2187
112 2215
953 1600
623 875
187 1998
182 676
505 914
1402 2219
877 2176
1166 2020
670 1566
487 849
596 1032
1032 1278
1548 1800
162 1255
723 987
663 923
897 1620
811 876
290 1921
12 169
1518 1541
1392 2021
25 514
984 1576
723 1699
1318 2126
541 1717
275 1926
134 1305
862 1961
772 1530
704 1710
895 1718
833 1896
335 1050
1444 1895
376 1035
667 1278
763 2191
1284 1612
264 1028
781 2033
210 851
886 1898
920 2134
629 1231
897 1456
411 1545
1335 1499
221 1346
197 528
709 749
381 645
1149 1459
803 1700
444 550
637 1664
247 878
894 2152
597 1345
1362 2067
70 1416
341 927
80 127
420 2131
665 986
850 1555
1242 1305
641 793
1529 1910
56 702
914 2011
1304 1887
534 543
701 1257
459 1490
769 937
302 1039
1681 1774
2 137
345 1047
533 804
136 562
1509 1788
848 1999
1516 1745
1566 1996
1599 2028
1481 1591
2089 2143
1441 1825
645 1885
1697 2098
1869 2089
1051 1240
236 520
657 1536
955 1517
1420 1480
1015 2095
211 301
1061 1071
1260 1950
386 968
100 1517
167 1342
1318 1964
1066 2060
725 1967
1104 1582
685 1022
1174 1671
396 1018
1721 2049
85 321
588 992
1657 1661
439 1818
1348 2064
918 2116
1126 1763
765 1334
109 490
289 1385
518 2041
89 1050
166 630
116 726
691 1852
425 799
92 1136
490 2213
1633 1887
1709 1865
554 1500
1523 2099
180 1391
622 813
421 1354
811 2031
129 1989
1074 2142
331 990
940 2009
239 720
138 2113
1940 2189
319 1471
309 1123
374 2018
168 922
185 928
471 2007
1092 1708
577 1134
858 1716
1161 2040
501 1539
116 638
969 1424
773 967
1614 1858
372 2122
519 705
493 748
10 1590
1283 1922
204 2005
29 1103
19 187
662 1881
499 2152
1813 1938
931 1383
440 917
210 1589
1811 2128
694 1699
794 1384
733 1091
1071 1392
1476 2164
1002 2122
1565 1963
956 1068
946 1345
155 1890
1495 1535
870 2114
1004 2008
67 200
253 2145
1337 2180
58 586
283 1656
1564 1742
941 1615
1042 1461
149 1990
1094 2000
838 1444
37 781
1639 1829
1431 1915
556 2200
781 838
434 488
1632 1636
83 2193
574 802
1022 1957
688 1660
161 1332
1742 2204
38 956
834 901
463 1568
350 1982
90 200
1494 2076
619 1699
125 1728
787 1895
781 1412
52 2004
502 1751
657 1241
589 1559
1427 1717
84 1628
1096 2036
71 2218
889 1834
520 1453
503 1049
678 1726
409 751
1519 1985
351 1822
980 1577
906 1541
1018 2193
1360 1937
1318 1934
884 1814
16 1937
230 339
452 1321
349 1302
1571 2203
919 1062
1756 2054
600 1069
1435 1789
754 986
869 2048
635 1017
1553 2101
824 1019
66 2126
688 1069
1246 2128
866 1228
928 1199
1390 2052
986 1573
300 1321
378 1686
1554 1679
830 1089
119 2022
162 1752
2027 2098
177 2126
1298 1679
502 1325
1117 2140
555 772
57 997
627 1079
88 1560
199 1697
713 901
1180 1856
84 1885
1859 2040
598 1807
187 1225
1480 2181
911 1635
1399 1613
793 1641
35 1734
1473 1877
1720 2139
1330 1673
531 688
268 2181
1385 1832
355 955
67 541
419 1574
1093 1112
1252 2167
279 1950
244 1981
962 1750
532 1486
223 1789
326 1134
846 1632
1713 1798
613 709
280 623
217 1202
625 1045
1450 1954
670 1024
1926 2215
713 1575
1837 1922
854 2193
963 1257
1401 1873
913 2216
1236 2105
396 704
1119 1668
403 1316
350 1104
649 2026
1310 1459
748 858
637 1718
392 681
74 178
354 1458
1422 1856
479 542
1328 1981
1727 1758
696 1241
779 1361
584 974
1326 1448
70 2195
377 504
1216 1781
1576 1679
95 1703
91 2130
612 1188
1479 1731
738 1696
90 1894
1429 1771
1117 1943
59 2043
181 945
669 1461
226 602
25 556
479 2220
60 448
316 1011
66 358
1117 2137
420 934
110 1305
1346 1467
153 1022
715 1585
1496 2164
1431 2186
894 1296
15 122
377 1067
279 1613
813 2185
68 645
1406 1990
198 756
444 1937
141 719
69 1132
1264 1269
332 431
258 622
716 1844
621 1720
46 1117
396 1377
327 610
313 468
938 1402
1241 1624
963 2052
170 475
194 2194
38 1692
88 1659
1001 1587
1538 1903
67 201
110 712
968 1857
913 1562
12 1746
1873 1891
981 2047
1790 1824
665 2120
907 1115
939 2137
86 264
927 1560
499 1294
784 886
1250 1344
834 1822
1071 2221
438 2208
25 502
1205 2078
589 1780
663 1764
734 746
636 2200
1307 1333
530 1122
938 1456
1062 2145
1952 2080
330 2207
231 1177
90 1225
58 136
1749 2048
1733 2137
1008 1455
1681 2022
1164 1442
361 370
552 1916
197 1354
195 1157
819 1659
289 825
495 778
717 1838
502 1095
1723 1731
577 2059
1629 2012
86 298
410 1299
180 1514
297 2120
184 606
1487 2143
107 814
351 688
286 760
482 606
227 1774
1940 1986
427 1405
1142 1196
520 1128
1418 2107
1708 2068
1036 1347
166 1459
1410 1802
292 831
104 709
20 531
889 905
1722 1981
723 1524
883 2213
971 1182
1636 2043
934 1162
841 1393
769 859
1537 1650
1988 2168
1438 1775
195 593
100 713
1324 1399
1403 1816
348 1195
402 1175
741 885
1120 1821
229 567
90 623
1592 1972
387 1596
657 2093
114 1189
764 855
234 1081
717 1581
50 834
466 1456
973 1707
1142 1715
277 1344
1595 2042
430 1473
620 1087
347 1490
1652 1718
390 460
190 2201
1229 1640
91 293
450 756
416 1369
136 160
78 144
340 452
0 6
1326 2179
978 1586
1209 2099
339 2048
641 1589
1432 1548
1174 1556
1245 1982
1183 1831
1160 1195
387 671
1071 1301
65 1417
266 1749
616 668
690 1686
900 2017
498 1159
189 1374
1414 2013
730 1038
974 1982
448 1192
861 1990
48 1438
1560 1792
90 694
102 994
525 2149
459 1762
208 2181
1944 2177
131 988
445 1337
867 874
177 331
182 1732
4 2090
809 2105
79 2115
185 2109
581 2189
496 1637
147 195
1462 1549
314 1063
557 1444
418 1054
86 2052
553 1339
447 1860
810 1559
1521 2118
136 2186
390 2045
885 1767
2047 2220
7 263
679 1751
122 1227
166 1189
1396 1767
202 1970
163 846
1193 1685
200 1446
932 1391
1196 1850
442 1218
116 741
1001 1108
32 283
1155 1796
28 2158
365 825
1184 1476
535 1973
660 1019
154 888
681 1757
373 1703
1393 1510
131 1518
83 515
1166 1269
1368 1547
168 262
1649 1969
1171 1350
293 1163
24 580
1097 1904
625 2027
630 1849
96 924
84 751
1841 2173
1643 1847
11 303
1026 1463
101 1011
540 1643
488 1144
616 2095
698 1831
236 265
1557 1757
477 1504
415 642
635 974
270 1295
1823 1874
316 1140
1439 1570
263 1265
322 684
822 856
725 1889
462 2034
45 291
1321 1554
347 551
617 658
794 1506
405 1658
72 1697
1122 1480
936 1111
664 1215
303 1368
125 457
1512 1835
107 1575
586 2093
331 802
402 1713
828 1433
429 446
900 1120
865 2190
790 1232
342 612
236 1520
276 1405
1574 2171
946 2060
186 1516
1742 2027
1282 1647
1 1492
1329 1359
868 900
270 2110
798 1608
1018 2068
339 2200
108 302
1698 2018
1054 2159
945 1604
868 1786
1003 1763
370 1636
329 1174
1288 1643
156 1906
293 616
2015 2217
1315 2221
933 1322
226 644
537 1570
90 2002
241 1141
1173 1989
202 1112
165 832
147 1281
755 1691
266 1750
119 1620
776 1099
2022 2131
1993 2064
1111 1471
118 1036
1897 2039
1270 1387
809 1191
509 582
153 394
1728 1995
398 1155
600 1036
107 692
464 954
1673 1771
1475 2016
1021 1069
881 1587
762 1824
487 953
254 1452
530 1816
1612 1996
339 2070
430 1926
1041 1804
1196 1634
1381 1709
251 284
1233 1937
69 1869
159 346
1510 1531
1032 1756
223 886
30 1244
1364 2174
1048 1068
1133 2092
12 200
1198 1942
1017 1985
66 992
97 1377
1298 1500
53 1492
15 209
430 1093
430 726
542 1257
1411 1488
214 615
31 69
1001 1022
614 1011
288 803
640 650
983 1896
838 1675
1256 1719
510 511
551 1198
136 502
1494 1993
889 1482
373 1772
1453 1655
136 476
118 2109
429 805
739 1136
565 818
72 929
335 1308
660 2159
1386 2056
1572 1844
790 1126
654 1392
250 1589
1737 2094
1659 1997
93 1382
93 1310
475 759
1468 1802
715 833
181 1645
636 686
697 1604
1459 1764
885 1373
1702 2008
1019 1345
871 992
1402 1655
1106 1763
446 1625
1303 2127
94 899
493 955
156 2022
86 890
1400 1437
48 1141
956 1135
240 1459
649 1632
175 923
455 2085
440 801
677 1043
565 703
180 600
642 1717
1803 2183
461 1761
1151 1505
44 1727
1268 2145
734 1934
994 1818
101 325
448 1852
232 1568
1088 1226
250 2186
72 1677
1539 1719
1197 2066
390 465
1931 2087
258 1522
305 367
928 2221
759 1622
1353 1598
1492 1750
978 1594
1204 1461
1734 2072
1314 1927
1861 2072
1588 1913
1159 1310
421 1320
419 941
662 2218
569 1730
1232 1696
1626 1744
1138 1257
543 1690
395 607
936 1263
497 2057
293 1850
219 2176
344 1154
1054 1163
1713 2172
436 1319
1393 1662
643 1753
805 1865
1437 1777
1538 2166
191 1112
1242 1690
269 1547
296 491
1289 1356
470 1729
110 842
1066 2074
260 1164
265 369
370 1895
1456 2209
561 1925
80 1064
1186 1198
850 1148
370 976
55 1626
836 935
1926 2014
441 805
1748 2187
635 1028
370 1541
758 1820
263 700
411 1649
1076 1547
919 1989
2134 2136
329 790
29 1380
1197 1483
1074 1935
544 689
649 806
9 1150
1269 1445
1551 1567
541 914
391 835
1 1701
1436 1881
600 1660
1626 1918
1297 2052
194 457
361 425
1388 1612
141 1621
46 799
135 1521
1815 2199
119 413
930 1238
1401 1650
830 2178
303 774
61 1021
126 151
18 1106
62 96
496 1671
715 866
158 856
356 557
347 998
758 1488
1282 1954
1150 1497
1173 1766
911 1509
35 2019
282 1088
546 1176
984 1492
1324 2124
892 1624
1307 1716
1955 2146
1278 1532
1170 1777
546 795
797 1934
1105 1818
87 1357
993 1011
1218 2033
1377 1415
481 586
554 1824
784 1121
84 222
1832 1897
218 1986
206 2015
1857 2175
154 2130
1308 1318
324 1910
884 950
1329 1783
1 1796
1658 1759
1436 2056
59 1498
1645 1814
376 1397
496 687
720 1805
1633 1645
789 1472
396 1152
51 1283
223 411
863 1501
162 1899
82 1178
209 940
1591 2183
1272 1437
459 1156
1041 1743
681 1132
727 1859
239 1903
586 1633
359 427
892 1158
1001 1095
312 335
1652 1866
192 2024
431 947
1497 2010
1685 2204
327 642
1927 2180
503 1216
1644 1829
196 556
1106 2204
285 1479
320 1940
338 1585
306 2157
1749 1918
1134 1142
124 917
213 409
1025 1828
327 1983
349 1495
1524 1716
185 1064
733 1867
270 1182
668 1214
475 1872
469 1076
734 1735
1886 2154
446 1981
520 1092
118 801
1141 1873
485 1195
95 2019
190 754
56 2114
1282 1535
1359 1952
611 1773
1177 1668
728 2135
1215 1685
455 1616
1262 1700
281 702
6 453
1248 1447
71 1287
163 874
1565 2196
177 2124
757 2209
745 1196
1445 1831
571 1808
808 1648
68 2220
1727 1945
732 2136
825 1116
1804 1875
1408 1446
746 1655
807 1157
197 1397
845 1101
417 472
1001 1987
852 1566
1042 1891
835 1729
1183 1242
204 457
134 1759
561 1273
1084 1102
30 2081
81 1550
633 1579
414 1606
259 1963
386 445
1305 2064
779 1775
196 410
395 552
896 1680
121 1147
1370 1419
868 1282
162 1157
93 386
859 1322
795 830
824 1697
115 1489
1296 1743
627 1038
777 1351
999 1220
942 1563
157 634
767 1600
287 1295
293 1315
314 1854
1903 2035
294 2141
328 599
292 614
278 877
310 1258
254 763
1481 1981
230 268
1979 2179
916 2014
889 1796
1159 2084
746 1685
1499 1877
16 580
948 1379
906 1294
1206 1484
843 1622
324 1681
1183 1320
243 1787
1056 2193
263 1130
262 1454
748 1421
174 646
268 1955
668 2092
1243 1251
163 1834
690 790
876 1563
657 2094
141 1092
78 701
333 992
380 1710
460 1641
1153 1379
479 1739
43 1534
1222 1546
55 1408
626 1304
908 1565
273 309
323 386
2044 2109
57 259
520 1791
419 1334
132 486
47 1187
1359 1588
623 1590
109 1000
1326 1420
1066 1355
978 2077
486 527
125 218
46 1592
996 1746
1333 1636
1403 2083
112 318
1278 1994
1762 2199
467 666
966 1782
1446 1694
1005 1607
477 1288
1318 1726
136 1927
672 2209
132 1854
641 673
1098 1152
532 1019
380 1759
580 613
1034 1810
224 2160
1195 1937
371 1666
561 1414
524 646
1040 1379
1903 2149
37 1672
1240 1465
16 947
336 1618
721 1599
713 1861
1262 1453
156 1558
1220 1752
1066 1390
1120 1322
636 1832
304 940
1619 2222
1622 1728
455 1675
132 1690
363 1398
132 1899
816 1303
286 1361
2 296
512 2058
607 1983
1529 1933
623 1245
774 848
938 1591
589 1020
79 451
737 1293
653 1761
1063 1739
139 2154
491 2076
826 1016
1483 1622
660 849
1896 1970
348 610
329 430
22 2220
554 1207
1103 1391
766 1151
635 1732
789 1147
606 1576
20 1020
632 673
160 1176
360 895
2116 2133
1 1859
393 1054
566 879
844 2097
170 1997
398 1787
818 1355
667 1369
426 674
221 1578
646 915
222 527
1673 1956
1252 1596
159 1079
539 1539
868 1579
495 769
66 1440
153 402
1425 2075
1535 1669
554 1726
341 868
1418 1448
1127 1880
1270 2096
22 232
335 983
77 1944
934 1472
792 2015
745 2030
730 1555
721 2044
1665 1731
68 1681
427 647
288 646
949 1683
564 720
359 1362
1629 2117
531 2021
1797 2042
764 1511
1141 1752
751 2196
356 1360
228 1883
14 1300
1797 2088
1478 1741
1066 1311
1284 1684
619 1891
800 1454
657 1538
1588 1873
1107 1426
864 1880
572 1969
72 459
1481 2017
515 619
1229 1654
790 1843
822 1428
831 2005
1357 1470
1211 1937
513 1109
38 158
345 1435
404 1119
260 1121
827 1470
1553 1885
1301 1702
1376 1864
407 599
900 1199
359 1825
495 614
432 1645
495 1179
1527 1989
540 1327
607 1541
781 1962
230 1335
1101 2000
638 2147
558 2219
1976 2123
611 2047
600 1167
716 1201
595 1582
1032 1070
1822 2078
763 865
478 653
1965 2076
1509 1786
557 1103
439 1221
380 1431
683 1915
890 1188
436 909
730 1758
472 1051
651 855
936 1709
638 1027
1222 1903
1234 1730
875 1032
1809 1869
268 1405
428 1542
802 1498
321 2122
70 1273
5 295
978 1540
344 1142
827 1247
481 1675
1701 2035
1308 1475
1084 1240
1637 1826
330 1388
609 1327
108 623
70 1918
1141 1744
292 2039
586 1895
1525 2135
376 898
302 1711
44 1921
581 1021
637 1894
171 2026
186 1909
259 827
1754 1918
498 1413
585 723
808 1707
318 1348
1673 2147
618 1116
870 1351
196 847
1659 1865
976 1246
894 1214
1143 1559
518 1516
1183 1839
888 1023
279 421
120 2045
135 739
502 1304
128 909
413 782
541 761
883 1859
1439 1965
370 1358
720 1599
1230 1361
47 1329
836 1621
191 2140
197 306
443 657
316 2152
389 1537
664 1820
16 1102
558 2159
121 1710
210 211
1293 1725
135 858
69 1000
1284 1347
1320 2201
136 1193
266 877
709 1728
459 1617
1043 1886
1027 1775
758 1733
845 2090
803 1899
433 827
550 1751
458 1317
23 2109
249 1252
744 1334
251 1107
1082 1539
327 579
296 2136
165 522
50 742
781 1253
162 748
533 1490
1101 1425
187 1032
200 560
1512 1560
1152 2205
44 2031
1146 1251
1042 1555
1575 1597
1506 1743
767 2138
188 1580
864 1682
1988 2000
316 980
1260 1774
988 1668
670 2214
1111 1756
385 618
843 1192
1208 2084
1122 2043
973 1988
361 1489
419 1763
344 1935
937 1386
1329 1583
1165 2128
43 737
1069 1201
10 2119
281 1435
468 2056
444 1733
510 1841
1604 2220
400 1891
1351 1664
9 1562
84 1082
207 1213
457 1189
930 1624
295 2113
746 2098
332 392
1308 1432
734 2028
295 1477
759 1663
853 1583
12 1311
1742 1986
1061 2047
1190 1790
1736 1785
557 664
830 1064
33 1421
1201 2108
20 1528
88 811
1183 1744
225 2069
1926 1949
161 833
931 1991
111 1734
811 1885
642 2157
914 1745
1059 2152
470 1684
1119 1721
317 964
93 1793
427 1466
564 1097
878 1872
328 1243
242 1994
840 1530
623 995
257 1556
391 1034
828 994
75 1891
465 1428
359 1539
954 1644
815 2028
10 637
91 2165
81 2175
215 2172
471 591
137 707
1373 1965
373 1121
555 1071
235 1356
309 1266
1063 2077
600 1258
65 1460
843 2201
869 1815
621 657
511 1665
750 1836
1089 1550
104 585
479 721
918 2188
500 1398
810 1620
1073 2063
125 1868
609 1796
1352 1851
1376 2127
708 878
58 1749
27 1026
13 222
1874 2178
263 1848
1654 1846
379 1813
539 1751
196 1396
627 1500
1313 1463
436 507
657 1350
501 932
153 1217
1835 1987
85 1533
147 818
196 1345
553 1027
74 991
760 1495
1451 1564
796 1291
1468 1846
647 1007
430 656
1079 1650
1276 1320
11 1216
92 291
102 2088
220 327
332 2085
63 615
590 2133
325 1558
135 164
410 1274
466 1976
85 869
361 1490
617 646
502 1791
501 1432
655 1874
1205 2216
1100 1195
224 937
764 2065
750 888
959 2159
930 1568
1517 1884
559 1044
1090 1527
339 1728
1088 1100
282 1318
1820 2086
774 1445
599 1212
413 623
744 1639
735 780
261 881
151 682
545 1204
998 2210
351 737
720 883
1237 1993
882 1964
531 1800
265 2095
839 1379
907 1400
848 1683
434 1526
173 425
732 788
663 1944
1138 2079
253 911
1057 2074
19 1844
905 1013
76 2118
607 1804
672 2202
1119 1258
56 179
1772 1852
1161 1367
2041 2068
312 531
1435 2129
36 1982
842 1815
112 350
1307 2017
1401 1520
820 1995
276 2048
1610 2115
732 1089
540 1756
494 1508
679 1138
535 1576
594 1769
1413 1803
261 1201
1295 1933
1653 1909
378 1756
380 1165
34 2010
1016 1433
110 249
584 589
837 1118
1489 1860
314 952
30 171
623 2039
230 1786
448 1383
135 1408
1741 2097
905 2093
635 1997
1163 2116
35 1334
1135 1431
377 1554
390 425
374 1535
656 2068
1660 1871
313 1356
553 1628
1311 2173
1957 2125
1056 1563
179 484
488 2131
324 376
401 1780
512 1902
145 1104
773 1725
31 1711
2006 2161
30 428
1237 1343
713 1091
1994 2125
741 851
703 2209
840 1974
1302 2183
506 850
899 1407
1153 1440
1447 1744
886 1855
236 2203
2140 2206
389 860
534 1371
42 2219
214 1457
515 747
1121 1870
1454 1612
547 1944
506 573
1794 2127
709 1474
1261 1418
674 1929
1400 1687
1302 1335
26 204
492 916
745 805
61 1429
1041 2057
236 1041
48 2064
87 1781
1184 1206
963 2199
1448 1897
969 2046
842 1146
622 1839
227 822
428 589
764 1389
575 1054
70 697
556 1054
173 1123
1318 1736
22 422
79 1992
1260 2060
263 1649
1248 1739
1644 1818
905 1666
2 1503
1073 1119
2050 2172
71 2156
1121 1360
605 670
777 2202
213 251
1151 1579
507 1205
1523 1614
1352 1602
275 1392
730 1678
1048 1856
325 1343
1112 2118
216 1554
18 1074
136 1176
1541 1980
345 2206
819 831
635 2131
57 1668
2018 2164
753 962
957 1443
1252 1677
516 1528
76 1360
1456 1621
1700 1916
1085 1779
886 1664
210 856
1219 1987
14 594
1250 1523
982 2116
444 996
430 1061
340 1419
345 1329
506 1644
459 491
236 954
1039 1940
822 1064
1080 1601
860 1391
909 1791
1339 2116
1884 2022
1443 1611
236 1353
516 2173
491 1435
197 908
408 838
1675 2071
1496 1861
239 1528
389 547
1637 1920
191 955
616 1783
595 1965
1059 2184
432 1986
407 1315
934 1227
1085 1638
862 1896
1876 2099
586 715
227 2109
215 1967
958 2108
1074 1247
2115 2135
41 1820
213 1917
732 991
698 1085
212 252
567 1814
313 2147
461 1710
771 1223
241 1506
0 1694
79 473
672 1072
191 1336
21 723
1915 1953
760 1586
1183 1984
851 1109
709 1542
336 2195
1106 2072
520 764
841 901
570 1985
1020 2146
715 2149
2100 2169
4 218
552 627
1223 1409
946 1432
426 1833
518 1336
716 1896
1195 1872
1573 2081
194 701
1355 1496
496 998
389 1725
235 2203
865 2062
295 483
912 1940
1256 2002
524 525
484 1772
738 1016
1256 1829
253 1805
314 2064
158 2185
1691 1791
994 1244
482 1412
61 275
427 925
288 1646
38 1553
603 1035
1346 2113
210 288
365 1417
1155 1902
1615 1968
155 1270
861 2028
740 1420
1310 1314
41 1551
530 1848
522 2093
709 1859
337 653
1603 2163
253 1353
358 1477
1565 1914
551 2015
1683 1691
109 1905
692 828
2051 2095
104 616
527 2080
741 1525
186 1308
125 624
685 1622
1341 1678
633 788
194 1814
763 1491
777 1022
794 988
899 914
524 859
118 461
1720 1999
1723 2012
666 2200
1090 1961
1156 1566
1708 1874
1495 2202
117 1787
250 1629
337 689
877 1417
620 1796
929 1806
142 1941
1090 1708
96 344
54 1113
1113 2067
656 1827
85 120
1162 2063
910 1546
1808 2054
1999 2095
1934 2107
876 1867
444 1397
1170 1849
1508 1684
246 935
338 1147
751 1137
1188 1584
287 635
399 1384
141 710
499 1252
429 625
1300 1890
352 857
396 1634
713 1513
691 2056
44 1136
287 2220
158 1716
1384 1661
160 1586
1737 1873
169 400
619 627
1267 2086
956 2134
387 1713
204 1711
320 1041
704 1353
991 1053
1147 2209
519 603
334 1769
1106 1800
223 1324
121 863
578 1768
339 613
1207 1229
1010 1934
1961 2170
1385 1931
378 2083
217 1466
886 1327
313 1822
232 319
472 1450
1416 1702
1002 1619
390 431
388 1455
4 295
567 1798
121 555
516 1964
245 257
18 1648
713 815
551 1512
407 1928
35 1650
722 930
76 1594
492 1100
712 1630
221 1238
1412 1522
505 1068
449 1113
237 509
121 1136
392 1776
702 1565
959 1698
1368 1806
994 2014
612 1649
204 1718
818 2217
822 1780
601 1141
1057 1588
1698 1851
58 1668
1266 1319
804 836
215 2213
521 862
309 1202
766 1488
31 955
830 2134
424 781
1056 2081
758 1704
543 1037
372 1672
39 2029
800 816
640 1915
624 2103
1039 1068
1763 2108
563 1167
381 1578
1433 2141
1011 2179
1649 1843
953 1761
888 1195
629 856
622 1462
1212 1881
1117 1971
220 1631
141 1646
355 733
846 898
885 1842
908 2018
166 359
1040 1461
371 1050
85 1596
1913 2084
843 1914
1619 2067
1576 2072
262 548
413 1746
2 1912
1000 1517
35 1817
5 265
1223 1412
577 1177
92 1172
1265 1693
113 1515
151 1403
193 1953
1520 2149
19 710
255 1412
741 1905
474 1884
21 1526
542 1737
296 1298
1520 1771
365 1170
1382 1998
773 1096
839 1354
1789 2004
429 672
1575 2163
654 1416
301 960
338 1278
25 2029
1247 1797
2099 2200
10 2128
1169 1981
687 1790
1221 1743
847 1388
1741 2048
1066 1184
479 1579
1982 2074
1025 1188
1028 2121
442 1790
114 879
503 632
1429 1561
97 162
846 1833
790 1009
463 1014
309 618
996 1736
590 1807
873 1921
34 1028
1381 1892
51 989
878 2130
979 1463
1173 1730
2093 2113
1715 2033
247 1078
537 1124
236 894
512 2216
153 285
111 1659
564 1162
1244 1445
14 227
174 1324
1615 1677
1418 1926
923 1590
1083 1510
655 1720
525 1191
590 1873
1142 1395
1323 1811
1144 1330
327 2064
251 323
496 1305
1104 1501
1746 2043
11 2221
676 1608
591 1965
484 1995
339 701
386 841
52 157
229 470
612 1814
468 1707
647 2088
500 1193
1336 1769
947 1739
362 1584
573 1260
1063 1589
447 1238
479 1095
1247 1411
1621 2131
690 1603
860 1019
600 1497
454 568
990 1550
558 780
1196 1703
1033 1880
1432 1808
729 1766
1269 1936
128 220
969 1599
249 1585
472 1489
947 1346
637 1258
1869 2045
29 408
1022 1802
1543 1823
52 1608
1571 1851
354 921
947 1098
1753 2163
831 855
348 392
234 269
77 845
1061 2139
419 1295
1326 1522
1588 2100
217 2198
266 911
1146 1571
1587 1714
1197 1338
1509 1728
1422 2069
1574 2197
494 1443
486 1538
637 916
896 1145
950 1265
206 852
1378 2002
32 106
174 763
749 1752
116 2184
1046 1965
1131 1391
297 623
1206 1955
554 2180
1212 1315
551 1000
1003 2193
5 381
454 615
568 1043
810 1262
399 951
619 1424
1494 1620
1342 1774
324 672
46 1187
564 1921
884 1786
5 1561
1819 1860
180 1129
360 1142
273 853
1466 1946
766 854
601 933
82 1257
322 1822
1836 2017
1378 1600
1362 2113
777 1308
1059 1239
953 1432
197 1580
1236 1859
1777 2062
549 1453
29 130
671 1442
1467 1850
900 2205
287 533
435 722
855 1318
1155 1997
1613 2061
602 1714
569 1149
685 1203
147 1575
1005 1227
1442 1559
1050 1745
882 1804
423 1304
95 1575
158 1960
197 254
783 924
956 1210
515 1097
242 1508
26 1160
1292 1818
1419 1852
489 1794
166 1503
532 1671
1520 1543
1245 1843
760 1379
364 794
1097 1347
1510 1829
92 420
679 1561
1088 1487
470 921
589 1943
47 1532
465 1446
1468 1644
1094 1221
1601 2193
1351 1515
16 1541
1085 2209
223 541
991 1806
955 1193
199 1768
375 1999
232 1762
19 1834
607 1196
543 1287
787 809
559 1560
1593 1713
1568 1741
443 511
705 1811
1808 2109
97 2097
681 1378
1574 1611
661 1545
781 840
21 466
166 436
600 631
600 680
813 1630
1212 1991
809 1369
380 2186
1725 2092
1582 1628
896 1511
1362 1761
2146 2180
51 2150
201 502
437 1767
921 1116
1317 2086
209 2142
772 1085
385 1237
240 433
93 2081
662 1687
116 1162
95 1425
918 1385
689 1336
495 510
237 1910
56 170
701 1916
766 1997
760 1456
394 975
2065 2117
185 1697
524 594
1052 1838
418 1805
545 2006
341 727
772 1694
1090 2103
237 2057
284 1722
784 1874
344 705
1327 1414
822 1003
1489 2128
135 1906
23 895
366 1179
466 721
1834 2040
2091 2093
1602 1612
1198 1218
140 1764
1938 2211
495 1796
313 420
1107 1955
1256 1361
1643 1884
67 761
897 1850
1460 1912
7 1276
2052 2198
596 2205
842 967
1053 1067
183 1767
708 1998
404 1505
625 943
1385 1456
360 1101
935 2140
1912 2081
7 1287
1473 2017
1782 2196
136 1610
1649 1920
887 1091
94 2014
100 908
1527 1836
416 568
857 2053
82 1914
1281 1828
1501 1953
296 423
895 1048
734 1605
1293 2001
104 1360
922 1687
1614 1840
40 1679
856 1009
1007 2078
345 1832
18 449
508 1180
53 1490
924 1338
206 439
1497 1636
1758 2090
528 1505
186 1445
698 856
1835 1941
1306 1542
1261 1594
6 150
770 1222
316 1832
1 380
247 2166
945 1639
633 2155
80 736
972 1768
35 2058
563 786
409 1154
62 394
496 1087
590 1523
205 1911
274 694
1106 2192
1474 2073
125 288
832 1036
337 1145
1079 1982
192 2084
2060 2144
702 962
1255 1760
1166 1997
655 1218
486 1474
642 1925
387 456
358 1821
121 877
311 2111
81 1889
238 2158
1014 2079
430 1117
1752 2098
112 1327
313 2155
575 1785
183 2196
872 1334
164 257
181 1254
45 1990
1158 2029
1154 1847
140 1048
1146 1939
460 1656
915 1363
857 946
373 1304
1207 1921
477 616
862 961
894 1923
795 1242
531 541
1373 2002
106 435
48 1189
84 2007
636 1058
194 1508
1225 1866
942 2120
157 1890
469 600
498 834
939 1806
477 1383
667 1307
862 1608
78 1248
1909 1977
582 1841
135 786
104 679
310 1094
531 914
1301 1669
1737 1935
2054 2064
603 692
504 653
114 989
520 1136
133 1131
226 1463
1228 1830
227 2150
122 1549
1709 2076
286 617
246 1291
540 2102
1 1404
370 1078
1210 1535
238 981
698 2040
1046 1380
178 1367
71 1787
259 1225
494 1255
523 1598
627 1984
1322 1879
271 795
601 1738
661 919
702 2091
73 931
1814 2097
2018 2034
102 2032
147 2203
1677 2003
461 1688
1459 1668
1739 2168
335 1013
381 2111
1414 1568
747 779
1344 1950
466 1756
143 2057
141 1089
813 1079
564 1006
905 1961
1219 1709
176 1925
617 953
961 1842
1570 2095
682 1138
12 574
382 1049
131 2047
1388 1554
589 912
1807 1817
258 682
241 1912
136 1510
93 2085
648 895
312 1650
728 1183
223 1676
1685 1879
665 1219
490 1972
80 317
1047 2077
208 1870
720 2157
552 2221
512 1175
1567 1909
1747 1899
1775 2083
910 1635
686 1229
442 1518
843 1466
858 1504
1495 2025
138 1797
1031 1728
556 1695
962 1365
1053 1478
585 2122
890 1939
270 1319
367 1678
482 1536
1111 2192
147 1331
190 2009
615 1672
524 1872
23 889
793 794
8 946
85 1594
800 854
405 845
240 722
1316 1341
68 706
285 1832
143 1280
426 706
1102 1176
878 1405
404 680
360 574
1444 1855
193 1246
108 1707
197 369
908 1521
100 1013
1688 1697
47 407
505 1185
255 1849
1725 2163
933 1063
429 1815
949 1313
115 2202
1224 1755
395 1536
1454 2023
1672 1720
651 2179
716 1659
224 795
256 2017
1220 1379
194 1452
975 1878
241 1512
903 2058
17 2054
2053 2057
864 881
251 1939
1612 1960
980 1861
624 1926
152 542
1047 2065
649 1833
22 460
1020 1689
343 1994
645 1764
308 536
200 1664
561 696
189 999
1165 1369
631 1458
855 1571
151 640
1119 2155
1248 1609
15 110
981 1685
523 583
1043 1352
1965 2039
348 861
307 915
1150 2161
1154 2182
1754 1937
179 663
1530 1890
1508 1712
853 1966
768 1054
580 730
582 962
645 1320
973 1870
1090 1934
557 1301
1190 1297
984 1751
1517 2121
1281 1401
193 1790
1702 2203
351 1335
223 535
390 476
805 1192
180 1709
809 1123
1606 2082
224 1506
115 1376
447 995
734 1717
11 1172
739 859
800 1760
109 1625
742 1837
0 363
1085 1341
661 1084
726 1319
304 715
889 1314
979 1236
499 1424
570 821
589 1474
537 1879
1027 1787
188 1447
36 929
761 1497
1558 1627
497 650
309 510
1436 1956
413 2030
53 1643
542 881
534 900
1514 1670
119 2195
157 1484
1990 2027
460 1458
1673 1944
899 1895
609 901
1027 1142
968 1373
1665 2189
620 1766
260 296
80 1635
342 1274
1142 2044
39 712
1313 1551
481 819
304 455
727 1508
95 687
1463 1719
967 2193
993 2123
416 1368
663 732
1801 2156
1001 1045
25 1629
1035 1505
505 1298
192 308
280 1346
604 1050
114 706
1449 1620
189 2143
27 1389
1726 2028
241 702
888 1555
166 1787
722 1706
30 800
327 367
1772 2170
207 951
7 2107
1882 1910
99 1649
333 1146
1191 1802
993 1078
1393 1713
1111 1848
1041 2124
402 1362
793 2059
742 1569
1198 1353
854 1845
359 1580
549 717
1654 1857
1120 1954
1106 1351
64 277
1934 2023
547 2150
196 2084
1608 2123
55 2128
1113 2157
849 960
377 798
1353 2035
1531 1718
130 563
272 1625
235 1192
755 1645
724 1427
154 1857
503 603
884 971
32 140
772 1964
1388 2086
1346 1542
391 631
1213 1266
19 373
767 1672
770 1437
923 1808
1041 2023
1128 1689
462 797
1235 1335
523 560
810 1242
726 2144
759 1795
566 2158
560 2213
7 1627
235 591
734 1819
1358 1772
1480 2034
719 1332
1457 1569
117 2111
393 1980
26 535
215 480
739 1187
661 1381
329 882
517 1660
878 1894
1859 2066
186 1443
1034 1104
528 1047
531 1132
1484 2023
754 1746
248 1705
691 1070
22 1461
281 1335
3 1514
76 1686
387 604
1599 2064
1492 1826
561 1116
5 1264
42 110
288 815
370 1242
112 319
550 1262
794 1362
1204 1340
1163 1895
683 2112
118 914
172 1355
924 1119
405 1951
1240 1316
1386 1698
83 1388
76 399
1254 1633
1974 2108
1048 1603
857 1088
122 385
232 1248
620 1423
806 1222
277 1270
1173 1548
1370 1498
414 1138
1447 1691
1173 1645
387 615
243 1162
169 1990
171 1346
1179 1635
1184 2024
1027 1693
959 1101
233 641
601 973
658 1877
220 1373
1854 2194
270 1232
596 1000
311 1842
595 747
1654 1913
522 1162
228 2181
1816 2122
753 1754
431 1196
739 1142
406 1270
965 1521
6 523
1288 1921
341 1740
958 1012
992 1343
917 1724
67 1555
1147 1779
625 1015
1141 1728
499 1931
907 1138
1690 1823
1061 1287
946 1426
1233 1652
1285 1483
1190 2051
15 2212
839 1796
1982 2131
134 832
366 1233
1445 2119
513 674
311 320
498 1079
153 229
54 127
569 986
6 901
653 1567
861 1595
1060 1186
148 1549
1454 1812
314 1046
754 1874
64 129
1328 1625
904 2159
612 2186
86 1834
1309 1323
214 2141
621 2056
895 1390
914 2068
737 1700
1208 1566
732 1293
492 1056
421 1639
772 1526
955 1422
46 922
442 778
92 1726
190 403
556 1993
1841 1972
444 1070
769 1116
660 1207
896 1570
454 1964
343 2015
314 931
1573 1864
546 757
1512 1590
175 433
472 680
168 642
1755 1786
792 1155
1353 1788
39 1045
550 1127
854 1978
230 829
148 328
10 1668
1115 1401
2091 2171
772 2127
779 1396
1628 1696
940 1634
334 840
495 1109
132 317
37 1596
227 624
177 1236
1684 2130
304 1840
231 2022
1233 1372
862 1165
410 1828
610 1109
853 1879
487 734
251 1902
961 1005
1704 1801
1380 1506
285 942
326 1125
1181 2121
1398 1797
1294 2043
1322 1608
608 1745
1169 1601
650 959
223 1767
551 2199
1970 2124
799 1155
1483 1606
211 1774
1325 1611
325 388
1232 1867
170 1177
795 980
1347 1807
765 2134
699 1261
545 1312
70 1842
115 354
827 1172
555 2073
934 949
585 1554
303 321
212 1086
843 909
1 185
1307 1960
828 1755
1099 1852
2148 2210
374 1566
1702 1735
523 988
427 1668
301 649
106 197
921 923
1783 1945
730 1333
1227 1951
1101 1476
1844 1990
631 1633
63 870
848 1560
72 1253
480 881
1747 1789
143 1551
1046 1878
2095 2129
1088 1227
135 1415
418 1331
16 1440
117 1501
33 85
147 544
1217 1378
95 1696
363 1601
812 1646
1447 2072
400 1765
395 1711
205 1079
1498 2097
1229 1547
1145 1508
594 765
217 1943
872 1201
1451 1950
48 170
111 802
820 1441
291 2207
475 973
411 1302
326 2052
250 1618
97 941
610 1884
53 420
1375 1710
448 1138
1704 1860
1325 1489
1091 1427
2135 2167
996 1908
499 1818
2030 2206
606 1451
1448 1993
658 2009
1023 1421
476 1269
982 996
14 1588
407 1709
107 650
844 2017
850 1099
211 1937
487 634
136 1526
251 1210
30 444
1213 1975
515 802
711 1290
836 939
179 1212
767 887
576 1856
559 1459
228 1890
9 1027
1543 1707
1278 1384
996 1798
1552 2110
966 1294
1206 1217
1580 2083
1479 1494
9 1993
1926 2032
914 1679
936 1443
1006 1048
215 245
1873 2196
1984 2164
683 749
722 934
844 2206
0 1737
84 1493
720 1789
437 883
48 1341
621 1772
302 1753
462 504
653 1832
1926 2192
49 810
366 1046
6 1994
1104 1830
182 184
1967 2053
642 1314
520 1083
341 2007
1503 2006
389 1824
413 470
1260 1640
660 1375
871 1432
22 2007
845 1139
1319 1803
787 1345
1311 1673
385 424
174 428
402 1390
2131 2172
933 1742
241 1521
1476 1642
734 1920
512 525
1233 1535
287 427
469 2096
75 279
25 1859
1321 1328
253 399
1837 1883
1120 1327
1721 1959
1122 1309
768 1660
32 2059
1153 1906
1216 2137
162 812
446 1290
80 1700
632 1988
1435 1762
344 1380
1047 1387
795 2085
1336 1679
921 1873
489 1140
431 671
433 1981
980 1872
1128 1309
953 2093
669 1696
502 2043
950 1862
987 1894
259 503
505 1520
562 1262
97 1216
1110 1626
118 769
421 1254
435 1883
176 223
227 1853
648 1119
1581 1665
1597 1632
1180 1660
841 1692
657 1875
870 1881
1393 1658
24 1410
493 1001
108 1698
1743 2177
1084 2090
389 1464
921 1844
626 1991
794 1124
150 665
604 1533
479 987
677 1469
1164 1926
1429 1659
452 980
597 1050
662 1749
2035 2051
400 435
1421 2074
1 939
1269 2145
1471 1713
367 770
41 874
153 654
443 460
326 2024
290 1977
732 1315
1359 2207
1077 1940
774 1320
175 1195
289 2207
1318 2119
1507 1508
1686 2026
265 647
964 2192
49 1835
1933 2066
876 1572
1939 2110
492 1450
246 919
1517 1816
37 2003
928 1885
362 809
1674 2019
1740 1976
1504 1705
287 589
1520 2222
38 594
1034 1996
990 1188
866 986
1641 1764
301 1116
34 707
1921 2036
813 1043
622 2127
18 998
1440 1628
1016 2169
824 1188
22 1285
1887 1975
491 848
412 2072
1104 1605
407 748
123 247
497 1970
907 1539
448 2132
401 1519
412 925
688 692
1474 1980
1095 1461
368 859
921 1236
365 1750
221 1270
1444 1689
1070 1411
377 475
980 1517
858 2046
965 1724
838 2067
11 364
1343 1631
998 1464
1288 1778
1277 1880
1385 1782
1481 1821
941 1302
725 975
1227 2045
136 1136
119 281
40 840
642 1918
1046 1133
616 1854
478 1348
441 1030
1166 1831
585 595
154 694
164 979
243 1948
1505 1791
1580 1785
52 1822
741 907
58 140
1332 2113
216 1788
610 2047
428 1351
499 2000
811 2075
676 2193
303 1599
175 710
309 1451
452 2222
296 1493
255 644
48 904
438 1990
574 1851
705 1881
764 954
417 872
84 1160
1671 2136
558 1284
1079 1809
424 1011
704 2020
885 2126
384 1915
9 385
622 2071
1232 1873
1337 1614
1960 2036
963 1966
329 665
830 919
1140 1447
936 1640
470 1134
822 1012
818 1033
738 1001
1637 2054
769 1927
158 1032
1574 1831
267 2157
1533 1777
1390 2099
454 1589
1808 2138
1859 1971
282 1257
333 1145
1136 1867
1452 2061
2148 2173
40 1741
118 902
173 998
427 1533
50 786
371 2191
378 418
517 1152
833 1309
1229 1973
48 577
1732 2093
1188 1799
832 2187
449 991
1629 1732
597 1386
949 1674
786 1379
10 893
312 573
870 2093
48 816
794 1181
280 523
675 695
802 2191
15 850
447 1688
297 2075
158 1076
1066 1186
955 1279
664 740
384 761
1170 1741
1280 1683
966 1219
726 856
1581 2125
662 1269
3 1053
1261 1879
1305 1692
1685 1927
434 1360
309 2179
250 583
332 1004
537 1479
649 689
915 1260
651 1141
2003 2123
1347 2080
1658 2138
1029 1460
59 1473
1694 1699
895 1760
1525 1785
425 710
173 250
751 1441
725 989
823 1698
87 723
1408 1537
203 858
385 1662
479 521
1268 1747
308 862
159 1878
1997 2026
597 986
370 1788
1319 1762
961 1282
1688 1781
132 1463
728 2084
1178 1588
734 876
213 901
1072 1829
55 1215
841 1534
971 1496
160 1195
904 1620
808 1172
984 1313
566 1629
571 575
1626 1856
1187 2220
1343 2120
979 1742
463 1083
1101 1531
137 1091
15 2123
1624 1634
329 1828
195 1592
1388 1645
527 583
605 1423
1496 1608
213 805
51 543
1057 1696
630 1660
280 744
736 887
1826 2105
419 931
867 2221
681 2134
181 2115
1299 1428
99 479
7 662
921 943
463 1739
79 2019
509 1484
1162 1760
1357 1968
925 2183
780 1427
311 384
429 1845
304 474
1439 1622
882 2059
412 714
897 2115
240 1686
39 1473
487 2098
539 1705
153 769
566 1512
13 2083
364 1558
1227 2087
117 1042
1130 1775
1190 1386
140 572
94 1290
1304 1853
877 1053
1189 1234
1105 1648
1139 1926
263 1934
788 1385
749 1826
739 1209
1421 1847
605 2168
389 795
406 558
396 1175
1755 2024
1133 1270
646 938
1408 2116
993 1818
1162 1166
1202 2027
539 1821
655 1901
250 2075
37 2044
223 939
427 1067
996 1439
650 919
1370 1776
788 1246
7 1311
203 1409
727 898
1892 2062
1197 2212
1213 2021
135 362
717 1956
113 890
654 1236
250 1965
288 1305
1343 2061
376 832
318 2191
1171 1849
928 1773
605 1713
241 1120
1417 2007
300 857
246 1755
349 1977
1770 2005
149 332
1451 1699
189 1317
1186 1191
161 1583
191 598
910 1255
195 825
292 343
1423 1567
477 1068
637 648
256 412
129 1302
1807 1912
1673 2214
125 254
477 508
1009 1140
328 1470
130 1863
1642 2212
1055 1177
287 1289
1803 1936
1794 1836
305 1173
259 1744
545 561
1989 2125
762 1216
160 888
319 760
928 1499
704 1898
687 1774
1960 2156
443 1201
671 1403
439 1909
1360 1538
726 1523
125 1892
947 1527
402 538
346 1098
37 417
865 1053
364 1614
1050 1348
932 1904
1884 2060
1135 1471
652 976
993 1421
879 2058
1166 1798
995 1711
1029 1861
666 1370
708 765
1620 2194
242 322
366 532
215 1715
869 1044
1570 1711
891 1706
1151 1720
176 2038
258 1642
1048 1299
352 534
1385 1499
707 2220
463 857
871 1369
114 1354
1019 1302
1217 1381
918 1260
949 2002
383 1957
81 529
1299 1486
243 1223
625 1666
1330 2015
1447 1920
690 1437
486 1120
156 1269
40 1808
1896 1981
96 1610
820 1096
997 1816
10 1454
713 1370
955 1978
253 2114
1682 2172
1601 1981
1841 1883
1229 2053
149 789
62 742
986 1508
1452 1844
336 731
423 1875
1128 1248
235 2112
2 1053
982 1930
247 360
479 1564
1329 1362
1074 1830
1240 2171
388 907
1548 1838
995 1561
99 1444
1254 1857
61 1392
562 1754
494 1821
363 1715
547 1909
541 1884
400 1531
640 1654
95 367
1568 1972
1590 2009
654 1954
1257 1765
28 1726
421 1364
364 1137
1302 1523
267 2199
2027 2066
912 1969
1234 1435
1641 1864
1296 1557
595 1242
1799 2050
64 1754
103 2052
1107 1456
1253 1763
675 1035
167 917
389 1457
411 1628
142 1049
294 1035
343 2113
44 653
973 1689
228 791
183 1018
826 1227
1034 1550
1834 1878
749 1718
63 520
1401 2188
913 1037
1048 1147
74 139
412 2196
339 2135
1620 2077
1097 1846
1789 1959
259 404
696 2205
444 2209
1215 1404
1136 1478
1025 1218
263 2004
1021 2163
215 1885
626 1353
1049 1755
1054 1058
1831 2103
77 840
1273 1445
415 659
1627 1752
227 1298
160 1947
148 1147
471 1850
224 2030
1052 1900
37 293
158 1659
581 806
918 1419
110 1865
386 1073
1545 1673
177 503
1400 1884
314 532
832 1141
361 1270
402 410
932 1364
642 1641
824 1370
936 1451
931 2120
29 2176
75 1111
1337 1956
46 312
178 234
16 1829
47 984
906 1935
303 2163
1319 1862
576 1306
812 1222
449 815
516 1864
570 2179
1569 1967
20 595
50 1879
83 1639
1068 1148
528 2002
513 1323
1145 2189
204 1298
542 1827
228 1374
917 1409
1385 2220
1227 1940
1439 1974
1133 1814
1877 1886
1652 2146
415 1508
302 1351
2025 2026
592 1946
1375 1877
1722 1835
615 2040
151 959
1409 1861
564 1779
617 1045
206 780
304 895
45 305
1025 1741
264 1359
290 1829
817 1025
9 1876
908 1664
712 1774
118 1176
84 1224
874 1176
1559 1876
1101 1575
253 1608
577 1769
1559 2022
834 1035
750 1158
1466 1539
503 1063
302 605
1701 1971
682 1425
514 1207
591 1403
958 1666
41 1896
1503 1591
188 297
179 473
14 104
2144 2172
1271 1621
2061 2155
925 2051
543 1026
910 1219
482 1159
133 2172
847 2125
957 1001
1742 1902
1401 2070
1879 2055
515 932
1621 2132
586 1607
831 1874
913 1455
554 1186
569 781
501 669
207 2181
884 892
1375 1609
1070 2062
1072 2024
87 1172
1742 1773
838 2023
824 2036
88 1732
1602 1756
683 1364
759 1627
640 2127
41 295
255 1744
395 689
1692 1952
147 2175
103 457
299 820
166 1186
520 1041
1468 1539
390 2207
1373 2076
300 1443
305 476
1690 2039
502 1918
1844 1962
308 751
413 1243
421 1948
169 2158
161 383
1280 1740
781 885
123 1690
320 1706
1496 1610
1640 2183
66 1671
786 1204
867 1790
724 2101
983 1758
815 2050
668 1497
1610 2075
1535 1783
964 1852
129 2145
170 297
1201 2089
237 1095
324 522
1447 2118
433 1849
473 1910
407 600
1312 1521
887 913
63 435
933 1697
239 666
58 2134
1015 1936
665 702
348 2187
1348 2161
711 1076
197 1952
1571 1705
258 2089
216 549
871 1816
575 782
16 1821
451 515
531 1751
481 1420
468 2035
297 381
650 1038
340 2078
909 1769
219 2058
755 1129
79 1547
1710 1894
204 1557
550 2149
1645 1805
360 2197
948 1748
307 2081
1279 1601
46 646
1179 1870
730 1126
1399 1455
624 1084
177 1276
125 871
842 1969
611 1023
2059 2203
757 1548
709 1210
560 1242
154 723
727 1716
1225 1586
342 439
502 1039
548 663
636 2058
11 1204
1588 2143
933 1598
231 737
189 2208
328 393
1271 1637
64 153
1265 2005
259 377
533 551
526 1726
1585 1595
256 1810
960 1917
579 1066
20 1182
171 1420
1634 1679
17 806
1187 1222
1042 1950
976 1865
1068 1512
323 2176
1204 1430
1782 2062
108 1887
350 1506
221 1350
231 681
70 1524
245 352
161 445
542 937
31 482
479 712
453 708
1275 1901
213 2132
265 605
1346 1949
142 347
700 1365
684 1379
495 1931
485 989
931 1628
42 1572
587 1724
1189 1326
159 818
1015 1809
1397 1923
1533 1823
111 364
265 2119
1383 1806
946 1963
2090 2191
914 1441
922 1963
274 1233
161 2110
35 191
1679 2060
2067 2161
231 1719
3 1115
313 2143
1474 1604
255 721
858 2049
46 1760
246 829
347 2205
926 1460
1493 2092
498 1365
1336 1924
1498 1918
491 663
913 1553
782 886
92 906
1183 1414
1088 1894
1182 1574
157 268
1703 1961
615 2021
611 1988
37 344
475 1911
251 479
1818 1875
1682 1906
1249 1863
100 891
247 1194
1520 1911
350 884
30 106
342 641
782 801
864 933
694 1021
2006 2183
1736 1979
358 1029
423 1535
794 817
495 1600
585 2151
527 1021
1425 2125
1670 2171
477 1579
487 876
1823 1886
603 1372
450 1470
1130 1502
705 1720
1144 1450
73 566
831 1531
513 881
746 1905
352 2120
266 2174
668 1276
1104 1631
903 1126
729 1576
18 393
1717 2070
945 1720
460 585
232 1939
596 1377
552 1880
352 1013
839 1244
222 866
1098 1539
110 2187
344 1661
611 1304
473 968
499 2094
4 591
308 766
658 1030
713 2149
284 1929
205 1855
1654 1977
1971 2089
367 715
1045 1826
112 912
269 673
1312 1319
1759 2083
1857 1977
86 174
684 2036
1173 1296
790 825
1005 1925
16 1495
1108 1611
903 1303
336 477
1181 1663
1223 1527
252 1476
61 332
223 1360
453 634
567 2114
1069 1558
1286 1598
107 1320
485 1046
146 1307
1102 1910
22 1855
641 1600
1219 1416
464 1281
975 1275
1230 1925
544 1670
572 1733
23 940
456 1610
982 2094
347 723
260 990
241 1290
1201 1369
365 515
1171 1829
1926 2183
194 634
879 1187
1062 1610
50 1126
997 2142
834 890
1401 1473
294 2144
57 581
853 1929
897 902
698 1478
852 1938
113 1870
1772 1779
806 1375
524 1771
537 1959
40 793
824 1461
1335 1918
664 1559
201 1029
2147 2193
1104 1270
1224 1522
151 1923
510 531
1004 1786
1126 1703
202 1714
470 478
1950 2027
1677 1930
1642 1698
36 1387
278 1090
2002 2142
194 1010
1007 1252
1225 1535
1379 1462
156 2036
855 1750
1208 1791
995 1506
910 1734
1678 1740
1586 1611
891 909
6 2101
350 2052
397 1636
774 1461
438 515
108 1647
479 993
789 1621
757 1524
967 2182
115 870
137 1848
660 2208
1015 1489
1536 1956
1495 1982
723 2107
1173 1531
789 1236
539 1419
1179 2216
107 2072
999 2095
6 703
781 1316
458 1778
428 1229
1054 1457
1516 1639
71 1029
441 758
827 1817
512 1771
50 1365
851 1026
156 1951
475 2180
1319 1717
447 847
679 1590
747 2148
316 845
941 1825
329 391
1176 2072
1958 2126
1598 1781
1320 2123
1181 1907
268 687
759 2070
1830 2004
372 730
631 2133
245 318
216 739
1763 2212
104 1659
1 1597
1476 1552
1792 2072
924 1662
564 1918
1249 1482
286 1065
926 1291
1670 1756
1650 1652
195 1745
106 1969
758 1807
811 946
833 1530
203 1262
407 1131
612 1287
1444 1588
560 882
584 2005
1798 2146
915 1177
203 805
953 962
1225 1704
86 635
711 1090
204 1329
94 1541
76 462
404 513
53 1156
1047 2199
1467 2164
49 97
734 957
1759 1761
1437 2007
1141 1893
1031 1068
1141 1350
145 1643
101 1650
625 1696
1157 1531
458 1137
878 901
844 1758
1054 1805
1460 1717
87 1842
1171 1653
1857 2081
11 219
37 1112
1150 1259
1507 2102
860 1319
1236 1331
1291 1305
1586 1890
148 1801
25 26
221 1453
39 378
797 1652
1341 2190
111 1387
652 1736
876 1972
1610 1867
236 334
1484 1901
1475 1943
501 1560
502 1451
708 1055
223 2217
393 2140
315 1874
535 1439
1757 2154
796 1923
120 1140
934 1881
189 1297
649 1094
335 1081
503 2029
331 881
1463 2048
413 2190
521 1461
55 1084
1299 1536
606 1532
248 324
141 1705
356 1446
96 1813
363 1343
497 1265
743 857
1484 1750
300 1263
1668 1870
1583 2064
206 1557
624 865
1026 2200
923 1451
402 649
109 1610
240 974
141 388
1906 2173
94 109
503 1841
347 1370
84 2070
334 1727
1274 2005
814 828
445 2098
67 628
713 1886
1022 1098
1841 2009
1184 1651
469 825
176 970
958 1397
1003 1806
563 693
1035 1466
953 1383
1145 1399
1110 1581
1165 1907
1579 2007
911 1386
727 1766
1080 1900
15 1274
558 1491
80 485
845 1989
1819 2032
976 2142
267 1047
674 742
493 1539
1642 1904
1206 1478
629 1855
114 1718
1629 1768
1174 2030
831 2029
1800 1880
224 850
1540 2010
392 558
1010 2101
363 1348
912 1201
808 1656
1519 1844
871 2098
647 855
164 1470
1649 2159
227 1574
801 2007
924 1292
1148 1335
897 2187
1514 2210
902 1669
839 2009
539 713
167 353
560 2008
945 1363
1359 1469
467 905
302 1568
310 406
271 1090
1858 2064
1803 2077
789 1906
2043 2173
3 826
1289 2079
525 987
5 256
46 135
344 950
884 1360
304 462
256 305
1854 1894
1339 2058
477 598
500 1360
1180 1444
206 1432
573 1652
601 1886
261 454
409 2216
517 1376
94 1653
745 1185
555 1259
553 919
407 1006
764 881
47 1325
103 470
1286 1892
1436 2094
1192 2019
54 1146
55 546
64 2192
259 927
65 1835
439 1242
1634 2066
224 679
154 219
655 1773
491 1414
975 1504
501 750
512 522
842 1570
255 267
994 1058
1198 1277
1635 2065
792 802
1938 2027
125 1200
182 1329
458 2075
237 416
334 464
1658 1758
1273 2149
1114 1591
566 1203
78 869
1394 1428
1161 1493
53 1954
365 753
766 901
1653 2159
777 1686
346 1685
523 1454
673 726
217 492
953 1478
1024 1613
1196 1403
1542 2067
487 2127
383 1651
18 408
621 1685
241 1027
978 2153
789 870
256 1225
1314 1972
1655 1700
938 1382
1101 2191
171 1841
350 1947
671 1786
1037 1707
967 2004
74 907
519 646
771 2175
2052 2212
295 1186
45 134
530 2155
48 906
1181 1684
1323 2211
968 1118
92 177
345 972
1710 1844
114 1706
329 1506
763 1981
855 1024
1133 1284
270 1838
572 759
538 1352
445 806
1899 1975
56 1167
300 2145
1111 1336
1575 1690
1207 1503
86 1352
192 1504
755 1561
1680 2051
278 1404
274 1513
1717 1749
24 1524
812 1194
36 1022
165 2127
399 1044
1511 2142
188 1103
510 1216
54 975
554 1565
506 767
698 1278
779 1337
1541 1578
473 737
257 933
1361 1879
1138 2044
375 824
828 1399
487 947
613 857
193 953
906 1976
871 1235
1071 2059
798 2025
641 859
1391 1715
486 504
728 1883
317 1294
366 1939
456 1274
267 1922
21 1294
356 1296
24 398
436 1524
660 2092
1473 1730
370 1755
1693 2194
1251 2174
1358 1565
128 2079
628 1874
1884 2029
1348 2184
1278 1756
303 1176
693 1177
888 2021
541 1531
527 921
1197 2041
453 468
106 629
441 2040
1525 2071
942 1701
339 1958
1160 1208
1852 2063
1215 1760
753 1535
1187 1432
488 1178
799 1457
126 722
58 230
1513 1561
165 1505
181 337
221 2182
1446 1894
370 745
1025 1856
104 953
300 647
477 901
2 1979
891 2017
529 931
199 1475
127 1533
66 1944
758 781
650 879
1670 1737
42 1005
958 980
1273 1513
1101 1717
1535 1899
1090 1276
1295 2157
1528 1866
962 1303
614 1564
1603 1716
331 1025
1156 2068
297 736
844 872
1253 1899
1659 2108
262 978
1052 1830
81 1790
364 1607
42 509
407 1337
353 2060
657 1876
1326 2102
53 2073
248 997
314 1885
348 1246
104 145
469 875
190 2134
590 2021
1338 1377
838 1583
419 1406
1214 1702
81 319
138 1059
564 2207
97 1120
260 1413
413 1962
97 1049
874 1789
297 1568
1091 1759
1107 2035
99 1350
230 2204
614 877
606 1743
846 1392
597 2139
879 1458
742 1867
1632 2097
774 777
622 1904
1449 1742
34 1536
485 1418
1594 1763
92 243
218 950
1191 1316
4 1318
1328 1607
1045 1378
1322 2096
825 1273
791 955
484 714
685 1186
1470 1946
509 2209
378 1965
12 906
947 1283
466 566
262 1532
188 2000
413 1873
1482 1967
1762 2168
1801 2022
1089 1523
1201 1509
82 2014
124 532
433 1272
903 1510
7 2143
1129 1988
1302 1765
1345 1612
1301 2011
779 862
25 1164
829 2174
412 645
815 1261
969 1995
118 1496
606 1204
734 1750
401 1258
85 962
1706 1845
32 2162
40 1523
1370 1435
581 1849
504 1891
917 1918
891 1265
399 1154
1230 2074
1361 1775
163 1820
177 701
1212 1565
51 660
458 1989
445 1075
538 666
246 1168
65 1655
1245 1776
989 1857
1435 1979
582 1152
78 1458
778 1531
281 570
628 672
1599 1742
1123 1504
573 1950
856 1512
303 1753
1130 1937
1477 1756
822 1175
439 1547
1709 2203
338 1868
882 2210
347 515
125 315
470 946
1870 2089
1431 2121
1194 1335
1582 1713
435 1590
261 1581
783 1107
480 1318
566 1529
224 2100
1082 1203
184 2004
457 920
698 2090
4 345
433 1698
370 1627
778 1620
512 1919
353 986
392 599
868 1164
1179 1201
52 1243
244 2148
554 1017
274 1665
329 797
594 2222
782 935
1169 1831
365 1747
443 1223
924 1166
317 1295
355 2005
844 1189
626 1498
437 1505
1645 1896
755 2045
797 1336
133 1513
570 2019
1307 2173
1326 1873
704 1299
651 1329
788 2025
1215 2196
210 838
1196 1820
1263 1287
537 700
1063 1897
1319 1612
1490 1698
1892 2180
11 786
993 2120
1024 1163
12 1282
1681 2004
1120 1275
4 1802
1248 1903
1242 1417
421 1753
226 2160
856 1938
797 1203
195 884
458 2031
1834 2068
346 2202
1367 2035
882 1747
1395 1595
332 560
340 1234
403 1353
903 1036
418 1451
225 2161
1158 1787
1362 1938
481 1978
404 1534
36 96
1009 2126
278 1234
78 1469
674 1570
184 1310
473 1686
317 1562
49 1487
510 1283
722 1799
133 2178
150 1753
822 1480
832 2013
1451 1668
517 845
277 517
1202 1210
1812 2115
806 1420
976 1566
604 1105
819 1813
1447 1527
1217 1435
1380 1839
331 1653
687 1209
87 2103
471 500
659 1656
490 1300
1822 2122
397 649
256 2145
326 736
672 1558
439 1612
928 1871
161 204
435 526
543 837
500 542
354 1452
418 1008
909 2115
417 1098
614 1168
610 2142
163 2110
1846 2209
500 847
544 1757
1396 1988
1232 1748
1284 1962
169 757
127 1768
400 958
799 1122
448 2037
1085 1591
940 1346
493 1345
829 1591
1219 1690
233 1058
1695 1718
40 1505
583 1717
583 1533
355 1235
1100 1698
936 1421
377 1309
1389 1414
2019 2188
1112 1996
398 1811
1104 1517
547 1441
1276 2168
1208 1242
140 1537
1021 1710
141 887
385 1660
1370 1875
827 1568
1156 1186
1735 2059
962 1726
686 1463
150 558
422 941
882 1292
126 682
1376 1800
922 1592
1452 1712
568 872
922 2150
224 486
1365 2067
2172 2221
347 793
284 1215
240 1616
850 1608
934 1771
1248 1573
61 1366
84 407
1109 1649
1076 1335
657 1985
715 820
418 932
753 1130
1318 1860
1189 2181
1444 1841
461 488
246 869
180 1480
1152 1952
739 1970
1383 1714
1345 1592
221 748
223 448
1564 1886
178 354
1190 1690
552 1884
443 1825
1409 1452
380 914
924 1894
1026 1550
809 1525
244 544
1266 1681
166 1235
632 1420
1904 2047
1143 1994
499 622
691 891
235 880
568 2008
713 1568
542 1448
606 790
397 2203
1329 1442
543 1755
1538 1878
1943 2097
1122 1497
470 908
1630 1941
849 2078
1768 2096
626 689
1376 2033
170 339
373 1565
141 870
576 941
1697 1702
508 1771
634 1173
549 1738
840 2101
697 2081
179 2144
186 1128
1129 1341
1669 2015
27 488
1049 1517
1083 1461
1296 1799
344 1374
1111 2031
1139 1846
461 1043
490 1109
837 1413
474 1815
1035 1550
1861 1979
82 430
530 2123
468 1979
541 1119
539 1066
1375 1894
312 663
173 474
217 1048
46 1502
1531 1920
813 1012
1217 1987
1089 1273
619 1476
1496 2110
865 1244
9 2090
433 2087
1195 1299
808 1405
224 1244
577 911
485 2155
96 1297
407 1551
33 103
735 1193
907 995
987 1512
1522 2031
941 1675
82 1515
344 1359
351 1676
755 1432
1107 1109
1370 1666
523 1307
661 2118
929 1092
1263 1346
1863 1927
1236 1861
367 1090
625 1206
845 1527
210 527
353 1950
736 1691
404 525
1006 1208
1270 1869
460 618
1024 1140
880 1673
706 1667
882 2087
177 676
596 1402
232 717
794 1892
712 1431
524 1729
821 1119
1046 1303
800 1602
568 1944
1842 1906
172 1221
754 2001
259 1831
1270 1621
208 2131
116 835
1640 2175
657 1194
337 1052
684 1993
921 1137
85 2141
603 2048
955 1459
1018 1240
196 559
1734 1887
699 1369
568 859
368 1040
1636 1902
891 2084
576 736
194 1503
1273 1902
1874 2183
824 1033
1067 1428
466 774
195 1590
857 1954
1346 1382
124 156
458 1112
314 1524
626 952
828 1189
261 945
795 1372
124 2193
160 1858
395 1866
309 1830
174 475
188 1637
822 928
1378 1561
212 1868
1087 2168
687 1019
1171 1807
1236 1904
681 1728
1188 1629
940 1997
716 1958
1057 1801
82 1033
898 918
1244 1897
619 659
12 868
1233 2164
157 1081
232 663
285 1993
1009 2049
82 106
481 1056
196 329
71 1740
1360 1897
1929 2173
195 1333
914 957
1186 1495
295 1975
882 2203
339 1988
9 841
864 2196
645 1773
67 635
205 345
27 1211
801 1687
128 2182
555 1509
665 1878
750 1520
1830 2152
802 1339
1049 1082
817 1394
102 1630
762 2208
229 1932
618 1976
683 1037
924 1665
255 2098
250 1827
191 749
261 277
539 1896
1281 2110
643 1678
367 1421
934 1055
753 1385
307 596
1371 1401
620 1702
799 1250
2081 2125
380 2032
1089 1197
1146 2142
16 1738
1658 1757
634 1966
470 1892
977 1774
1040 1255
841 1753
204 387
666 821
813 1673
407 1013
631 1041
812 1637
316 2001
641 1421
1397 2124
1025 2130
988 2070
962 963
1552 1823
600 1518
995 1565
300 329
845 1184
731 1090
66 764
422 1845
817 1909
13 864
224 1771
863 1406
1462 1551
920 2042
1874 2002
1494 2143
984 2104
125 2148
581 1185
663 1733
818 2141
524 2023
1431 1546
321 2067
569 2030
381 1021
994 2145
267 1909
1242 1638
67 1430
664 709
158 2183
1733 2183
1095 1655
1937 1995
1232 2102
993 1930
465 572
1460 1517
482 1362
46 1804
202 635
622 1273
427 2172
240 298
171 759
1646 2037
198 1499
952 1543
569 1396
498 846
193 1122
959 2191
948 1920
1121 1775
893 1490
669 961
203 569
1095 1759
779 1478
124 1308
870 1017
1420 2129
486 593
552 1386
1444 1709
14 752
215 1733
142 1832
880 1207
395 1424
1601 2186
813 1540
924 937
720 1866
219 2118
463 1778
1135 1843
87 621
1282 1646
400 1529
974 1919
162 439
210 1178
749 1199
1355 2093
647 1233
1006 1464
546 1023
235 1917
230 1918
1138 2070
2 1461
1630 1769
1061 1443
125 1362
1877 2185
1162 1226
194 1990
138 392
9 85
157 1264
1038 1511
1481 1989
76 307
9 2191
2 1458
58 1947
1678 2132
277 2027
647 956
435 1163
297 1974
1012 1502
523 1236
672 1295
373 2215
1124 1813
73 1455
67 410
1274 1506
83 2067
1321 1773
472 936
451 850
259 2059
70 1441
405 678
730 2162
818 1457
768 1669
1140 1331
311 730
150 1046
87 1591
889 896
117 1029
104 975
1629 1923
124 1451
218 560
959 1576
1035 1788
887 1101
1395 1732
1089 1312
171 2073
1515 2102
531 1405
1897 2013
991 2139
1190 1890
174 490
1483 1927
1271 1688
1121 1746
213 1654
168 441
248 359
56 799
44 2034
688 1221
1222 1359
1458 1765
608 1357
355 2125
1759 2050
2010 2118
948 1065
1790 1977
70 900
673 1087
35 167
180 1433
1131 1182
100 696
568 1532
466 950
1164 1452
1045 1980
615 1504
144 841
557 764
1 1419
412 1910
901 1353
508 657
490 1062
371 2139
1488 1633
978 1989
1200 2132
1188 1812
478 1624
546 1909
537 1447
1012 1382
144 277
73 1332
242 1480
1113 1396
1224 1637
33 1287
824 1936
292 2096
298 2180
447 1643
731 1470
939 1330
756 1145
1109 1951
1346 1429
731 2219
1851 1876
429 1090
60 1984
1443 2022
1501 1928
569 952
1994 2105
657 968
127 234
1904 2128
1745 1845
1434 1758
326 1036
1380 1493
345 455
1095 1694
1879 1890
235 499
731 742
253 373
32 1079
1687 1849
293 1194
330 1905
421 2161
286 1347
22 790
1289 2185
977 1719
900 1540
1351 1983
1234 2111
371 712
111 844
61 598
197 691
136 1742
640 2137
1665 1847
810 1255
1006 2206
1124 1450
377 731
1261 2035
60 2025
83 1006
261 1428
442 1962
1484 1723
518 591
1306 1913
486 1564
859 1846
164 653
317 1599
57 736
233 1022
531 1038
1120 1768
1342 1577
1061 1474
1717 2147
649 1033
209 892
93 1042
652 1633
415 1076
667 2104
234 1568
1292 1733
171 489
402 1879
128 2135
404 816
550 1002
727 1039
1177 1941
909 2091
408 1562
657 967
1355 2210
71 1699
279 2218
402 1929
978 1667
97 1893
61 842
239 921
1005 2096
1243 1378
346 563
1400 1508
1741 1847
212 380
121 786
853 1485
783 2074
1201 1719
310 1880
361 1738
729 1480
981 1384
40 1117
351 2024
299 556
828 1776
321 557
472 1790
552 1705
717 1759
1690 2123
238 553
232 2093
122 2161
87 578
341 1834
739 1384
387 1805
1731 2020
121 1490
1209 1898
1380 1926
41 1727
781 1397
290 351
19 824
503 1731
909 1236
252 1741
220 1196
1046 1979
685 974
99 1108
1196 1407
800 2068
622 1935
194 1216
71 1824
1505 1587
381 1665
59 1439
315 967
1668 1826
1058 2206
968 1670
1605 2074
1120 2188
132 463
423 1915
615 1703
1796 2036
1117 1516
17 2056
331 1812
1851 1998
345 494
963 1699
109 824
560 753
1235 2154
1030 1943
481 1195
558 2071
598 1647
727 925
712 1687
830 1343
165 733
545 2109
1505 2057
881 1209
1165 1188
1062 1701
339 1691
794 851
367 1399
105 487
170 1695
155 1740
827 1342
1585 2083
612 721
684 1610
1109 1769
993 1453
168 556
60 378
44 1298
886 1924
1655 1837
669 1052
225 345
380 1995
1304 1788
1318 1355
353 559
456 1099
632 967
828 2149
900 1041
671 1499
1009 1672
514 982
306 1971
494 1013
7 351
572 1508
1154 1510
792 1777
759 1120
375 593
1933 2174
1233 1451
450 1993
1604 2187
810 2074
1312 1805
538 2027
15 1213
237 727
1267 1922
818 2182
70 631
447 1382
355 1601
552 2154
628 1113
896 1526
787 895
1275 2079
1250 2129
1462 2080
792 895
638 1616
455 1879
2102 2163
260 808
291 1055
317 1486
793 1691
1562 1853
1972 2107
1470 1940
86 745
600 1171
880 1897
345 746
601 778
923 1914
1506 2020
134 1304
500 1724
1032 1668
217 1624
7 1813
430 895
225 897
959 2081
1057 1684
634 804
371 842
563 1738
386 2037
1505 1839
1401 1517
403 1007
635 1166
283 2064
735 1354
1570 1942
1546 1680
1259 1748
433 557
346 1270
469 1872
1528 1786
45 1463
1390 1446
474 1514
226 757
743 759
796 1904
1076 1428
798 1906
1602 2203
1383 2120
20 866
1365 1581
814 1357
890 896
1135 1492
1125 1162
1631 2134
848 1863
1765 1916
359 1287
247 714
459 1338
310 325
1294 2093
455 544
386 1859
320 2134
190 2010
1443 2066
400 739
397 815
221 1472
819 1178
246 901
258 1453
29 916
498 1012
840 1370
194 512
780 1970
362 998
279 1091
126 672
80 659
1429 1947
632 2061
1029 1437
163 1893
265 1255
1629 2120
21 1731
743 752
514 1680
672 1561
150 528
1279 2197
862 1852
49 976
1687 2063
1484 1726
161 261
1191 1729
679 1023
1328 1374
822 1050
1164 1176
881 2193
1073 2075
181 432
299 774
1080 1431
211 322
1035 1980
844 1728
159 1319
1786 2011
532 1673
1200 1895
137 1904
281 674
1222 1621
1291 1616
1216 1584
834 942
287 1950
1878 2006
640 1799
1236 1925
1602 2119
1264 1266
711 766
1687 1719
167 1199
494 1744
1444 1621
1655 1824
489 1729
779 1115
945 1330
1502 1588
576 621
189 767
1038 1792
1527 1899
973 1384
8 529
340 1076
734 1629
233 1644
1089 1905
1162 1378
116 1300
1307 1673
571 686
1217 1665
53 449
236 930
84 659
1607 1851
364 760
137 1387
633 1072
165 724
77 741
86 2158
1181 1530
1424 1838
85 386
378 2112
692 1801
1522 2116
630 2080
38 1327
1242 1695
929 2018
377 1183
542 1650
664 2041
16 2054
1376 1611
277 1144
1791 2066
261 583
842 1056
664 1652
447 884
975 1560
907 1502
1358 1784
607 1812
1990 2160
432 1080
583 1932
660 1510
106 893
17 1880
129 1475
897 1164
354 366
3 744
1457 1809
117 1717
1437 2083
177 1776
446 1357
936 1570
1201 1758
1254 1514
457 1028
1319 1682
1736 1876
320 780
1328 2143
1069 1741
801 1553
1475 1605
73 1338
215 994
463 623
626 1866
144 1254
112 616
740 1463
112 1470
1269 1558
997 1360
1188 1397
903 1284
499 689
1646 1873
254 1639
75 316
740 785
706 1682
1364 1946
459 1314
15 2130
219 781
855 1782
1145 1960
1268 1879
126 352
1005 1532
840 1466
487 2057
105 1032
823 1149
219 2123
910 1095
940 1510
1439 2076
1367 1440
162 353
145 709
199 301
700 1742
407 1929
1313 1645
930 1363
393 1535
966 2125
395 2090
728 1083
712 1888
71 772
166 2182
329 1309
421 2173
1367 1376
1409 1888
509 1835
1299 1871
305 1295
1980 2124
1436 1478
145 1140
9 1791
1706 1835
471 1903
617 2034
448 835
1472 2100
1111 1384
180 227
882 1043
238 2049
1333 1807
864 1726
1003 2115
1975 2203
1354 2128
514 1015
458 1532
1162 2162
1653 2069
897 1382
1243 1815
262 750
874 1832
810 1240
1196 1243
296 1836
2064 2175
307 1025
881 2016
931 1209
187 749
334 1455
213 1575
362 1590
1651 1877
1709 1776
395 914
1036 1054
931 1249
313 1360
11 13
1097 2172
1932 2170
1878 2111
1243 1559
582 1726
179 310
1162 2201
1185 1874
704 1446
1078 1459
578 2203
100 1784
144 1654
1780 1833
276 1928
1168 1571
521 674
129 1688
507 2066
1683 1692
1218 1526
60 376
828 1638
539 1887
1666 2050
1210 1581
101 832
967 1764
315 715
1237 2134
747 1151
506 2079
602 983
800 1320
112 521
121 2059
433 867
21 1659
927 1140
700 1941
69 929
1339 2065
854 1252
1303 1694
1307 1604
998 1977
1031 1212
1640 1827
512 669
77 1831
53 255
546 1989
1930 1948
1921 1938
1385 1527
592 2068
340 931
420 461
9 1014
586 2096
1228 1381
1184 2051
1159 1801
861 2074
386 1906
199 1209
1196 2161
578 729
721 2163
537 1799
794 1672
948 1544
110 1076
380 1981
539 1676
1419 1994
1064 1104
1495 1754
237 2146
6 26
1079 1803
1130 1597
646 1318
677 1695
549 1723
690 1373
1375 1693
1592 1626
1980 2046
723 1816
27 729
689 1048
1491 1923
180 1938
53 1671
1702 1824
166 2184
584 1505
101 1809
666 672
204 2131
1545 1753
1239 1920
239 1666
742 1994
1463 1622
601 1159
924 1304
154 662
586 751
572 1708
93 1354
1049 1844
1814 2069
639 807
211 1873
992 1067
1239 1606
41 189
786 2169
774 1118
97 467
1158 1211
1700 1831
284 523
794 1890
661 731
117 1142
496 1298
1272 1755
872 1190
641 1847
1410 2109
1383 1761
358 2037
523 1059
1483 2038
258 1942
874 1421
720 776
98 1270
336 1989
309 890
2146 2159
549 1394
283 412
755 1102
681 1584
856 1391
366 1508
1528 1532
565 1938
878 1970
696 2186
142 1519
1432 1473
413 1196
830 976
240 1259
808 1856
913 1952
183 1665
1405 1700
495 1174
688 1983
161 1446
460 727
1847 1920
248 717
374 2194
163 1433
128 129
432 2014
243 874
366 374
1528 1834
75 556
1219 1309
505 1183
993 1171
60 1408
1236 1378
1562 1948
712 1750
651 2045
6 1943
1075 1660
390 1173
961 1326
241 778
210 317
37 1361
338 769
1463 1976
522 1420
306 1524
1400 1428
1129 1517
299 488
1720 1745
27 1456
624 1157
1767 2208
424 944
1153 1983
211 611
424 486
1220 1329
1316 1459
99 1920
838 1432
855 1483
127 1610
66 1063
1501 2033
1455 2121
162 691
1317 1443
2085 2192
431 1312
1073 1855
641 1632
1711 2149
1257 1907
416 807
1335 1553
1661 2165
628 996
381 590
723 1122
1152 1379
641 2222
779 1612
38 444
1000 1480
432 1021
107 1676
1516 1760
548 1802
146 1047
858 1499
73 664
500 824
719 1444
504 720
1998 2052
127 910
706 1801
539 1223
36 609
1253 1347
1398 1675
801 1583
300 486
435 1239
297 305
77 1556
1251 2159
485 1604
9 2130
389 1295
165 1388
755 1251
754 1561
1364 1525
231 1788
883 1540
825 1101
1671 2218
1431 1927
431 1705
1070 2204
456 1383
1143 1414
1059 1195
1055 1231
38 1222
649 1581
2018 2065
248 2124
380 1500
1077 1088
176 1377
30 319
1173 1971
126 1210
619 1899
1662 1718
235 536
1254 1921
1071 2200
261 1451
222 1198
533 1086
540 1064
33 2096
92 1848
436 2066
1569 1661
1076 1444
303 1402
154 1252
242 2000
1472 1524
699 792
576 856
346 1429
571 1923
1918 2027
915 2029
800 1305
668 1173
968 1621
772 1380
706 1291
891 922
129 1323
1604 2004
748 1304
27 514
39 2065
25 350
97 2008
1677 1824
1918 2161
683 1242
34 616
1200 1586
1439 2215
946 1153
220 1546
1265 1414
1094 1741
816 2090
333 1942
1488 2093
1473 2130
589 1399
858 1731
1562 1778
34 726
437 1558
1391 1753
465 1503
1145 1703
165 353
696 735
683 1892
261 363
842 2020
214 556
620 1195
702 2126
816 1158
58 465
2040 2105
438 1246
453 1126
615 1959
463 1628
378 1467
254 614
632 2222
217 892
1022 1910
0 523
1492 2021
494 2000
222 566
980 1197
880 2018
232 973
1146 1691
1598 2102
484 1060
185 847
166 1546
1599 2079
951 1516
50 564
1119 1753
817 2125
37 736
736 1498
931 1582
18 169
768 2025
287 1131
1065 1770
329 1250
151 1115
38 112
1026 2099
309 2066
356 1298
1180 1697
113 815
1103 1184
258 541
321 1337
1596 2194
135 555
345 981
1518 1992
1689 1782
1031 1417
180 1952
179 571
1761 1824
96 1739
293 599
603 1782
1469 1471
884 1674
790 1149
1782 1864
341 543
154 1628
1053 1457
290 1596
1698 2061
522 2142
1326 1939
1259 1821
1194 1386
414 1893
320 626
231 1315
745 2018
485 1538
1828 1882
148 1581
637 1289
245 968
986 1141
911 1052
210 1862
382 1895
29 1502
1090 1892
1172 1992
972 2142
162 1503
908 1629
454 2095
581 2194
992 1848
207 844
964 2044
596 1482
1070 1541
1800 1805
1059 1826
562 1925
1419 1587
1143 1956
106 1107
328 571
955 1626
365 1479
2065 2141
579 662
733 858
1600 2013
359 781
1453 1639
1395 1667
434 1940
1850 2064
974 1537
938 1269
819 1217
1405 1756
1911 1951
214 1465
967 1234
1584 2085
540 967
879 1043
2109 2124
41 452
1 719
6 2061
167 826
802 1012
119 1961
21 1775
239 1740
1772 2218
217 2065
32 1087
1360 1381
454 2132
1235 1358
1117 1557
774 899
382 898
296 1803
391 2149
625 1135
915 1258
820 2008
69 1895
17 764
894 1060
900 1399
766 1461
210 1454
1437 2025
991 2203
907 1715
1695 1698
1165 1735
553 870
584 1647
1954 2012
53 662
1439 2198
1671 1881
338 2067
1415 1593
368 1268
259 1136
316 1659
825 983
1274 1469
959 1219
80 1906
213 327
488 865
518 765
402 1610
661 875
318 828
266 715
1170 1232
272 1110
1268 2204
300 959
646 1270
1051 1554
1154 1331
818 1012
1118 1908
1250 1818
655 1759
645 1968
1985 2129
751 1210
1586 2104
1160 1351
492 1771
89 918
834 1712
341 1164
1081 1772
1345 2174
115 2033
55 1449
1263 1921
699 1321
1231 1621
471 1142
260 1805
275 1916
1034 2040
1761 1765
1140 2164
896 1944
535 762
196 1626
1540 1687
1394 1988
444 1351
837 1272
183 745
1483 1847
1196 1794
204 683
1162 1176
364 975
273 384
962 1647
1424 2171
872 1386
1582 2047
1874 2098
340 783
520 694
285 1340
1065 1477
1779 2192
408 592
386 1086
734 1075
174 1611
363 1713
652 1466
26 179
962 2092
1007 1528
117 689
324 534
556 1646
1123 1683
85 124
347 2171
538 1946
500 843
409 503
1142 1847
684 909
1537 2111
1761 1949
117 1417
470 1857
114 170
327 585
449 739
55 57
222 938
504 994
83 370
1025 1571
1779 2037
1178 1905
1445 2079
1168 1225
71 408
1176 1581
571 1030
79 1280
1036 1897
725 1486
306 1913
1278 2069
1749 2059
1022 1217
836 2200
376 636
815 2068
194 723
796 2135
127 1192
1148 1769
531 1796
225 848
172 2211
178 2084
511 926
528 595
865 1975
763 1819
1990 2118
1327 2199
264 1318
184 400
1216 1651
178 524
418 1578
515 813
1808 1928
1402 1882
639 2113
268 737
261 1492
1874 1936
1748 1966
312 1210
60 1009
404 1644
1206 1282
1471 1614
131 258
458 526
470 1209
587 730
966 1907
643 1590
308 1473
622 969
427 924
403 1165
188 1695
1512 2092
23 311
382 1648
1691 2113
1119 1726
168 2221
132 1236
400 1498
904 1353
240 262
916 1207
1653 1775
750 1699
731 1935
735 1060
114 2022
1382 1515
15 180
122 1497
926 1336
1211 1725
277 1814
812 1787
747 1160
68 883
1764 1883
136 640
813 1756
1635 1900
891 1183
165 2150
149 1398
298 1397
829 1709
62 309
1948 2148
1922 2007
799 1762
333 935
1417 1674
1533 1836
1128 1590
293 894
558 686
1038 1727
731 1366
1917 2037
115 164
827 2031
1964 2148
598 1796
10 403
1066 1546
703 1516
1114 1701
297 435
838 1145
137 1903
595 2164
109 1796
358 1789
503 673
7 1520
1591 1802
332 1028
204 531
410 1284
1642 2184
103 2160
603 1753
1417 1889
1082 1594
1760 1896
745 989
611 963
27 2178
844 2029
38 1030
1743 2166
731 744
1351 1408
1369 1844
941 2109
101 743
1349 1667
405 911
999 1216
957 1674
473 2185
1026 1639
1189 1588
199 927
578 831
342 1030
865 1407
17 1529
1288 1681
1373 2102
1676 1923
37 901
91 1897
271 2023
578 942
321 1977
394 1936
702 1303
994 1149
63 890
764 999
1436 1459
1435 1871
450 2092
2066 2088
214 1417
1015 2176
590 1564
266 383
1365 2071
1713 2024
837 1084
113 1039
1006 2087
82 1330
686 2158
725 728
265 1076
44 1977
591 1708
27 1973
216 933
1807 2202
1375 2117
1446 1477
14 858
576 1429
73 1051
1247 1252
1574 1705
1661 2012
704 1394
1 1032
325 2044
743 1230
303 2196
287 459
894 1153
573 2193
31 319
172 809
602 1305
799 1135
1546 1851
327 425
1122 1717
45 1931
507 1349
89 843
1315 1900
181 1667
231 573
1765 2070
451 1814
67 1103
217 1353
528 2041
68 1035
262 943
1109 1230
322 2164
797 1601
97 1654
575 1416
881 1637
561 1491
1303 1752
387 805
1483 1992
1452 2006
412 980
751 1265
273 1806
52 2155
888 2157
1460 1817
558 1172
1777 1946
959 1008
551 2148
594 1852
794 1929
358 1905
1317 1841
491 545
129 1528
293 814
420 1745
743 1515
708 2150
372 1128
121 2004
1590 1900
311 1969
880 1993
399 981
603 2149
1207 2099
706 915
834 1531
1626 1836
113 517
699 2144
298 714
1591 2102
50 223
879 968
1297 1800
692 1571
1095 1947
50 1264
681 871
659 1561
741 1760
204 422
635 1330
1001 1848
107 925
514 1035
298 1108
408 906
275 1473
303 1713
1361 1521
1167 1989
120 2032
1392 1656
484 888
416 2215
561 1135
1095 1373
1600 1980
260 1800
54 502
69 885
289 1817
1030 1813
844 1742
641 2212
1401 2217
72 1669
447 1378
575 1964
645 1234
1142 1875
1121 1727
359 572
976 1759
445 1262
1425 1715
390 739
625 1906
105 1886
84 1823
277 639
1308 1907
1459 2213
612 687
199 338
753 892
289 1560
126 939
1078 1567
1088 1714
371 1390
778 997
64 1729
600 811
844 1324
1266 1645
613 779
257 1410
649 1335
990 1206
21 1015
24 1829
423 1320
377 491
434 1608
202 2014
40 2136
1173 1643
1997 2147
101 1870
1485 2174
512 1587
280 1139
716 1542
670 943
940 2051
288 1932
1311 1660
1634 1636
69 906
726 1431
410 1195
243 1146
1032 1518
184 672
1344 2053
923 2017
300 913
1789 1880
224 417
411 1070
193 1405
696 728
44 2093
324 2119
1251 2205
430 1590
1035 1671
399 874
72 597
784 1245
1627 1872
831 1843
1553 1627
23 102
167 576
1007 1964
1506 1863
1453 1763
1609 1662
504 2099
400 1768
578 1922
613 1496
1164 1897
1150 1901
1052 1316
1236 1441
920 1741
1883 2005
126 1372
64 1484
349 2114
1210 1413
26 1222
1577 1788
482 623
573 2071
821 2135
1104 1526
1358 1493
651 1532
720 2146
574 1705
612 1202
727 1910
81 1432
825 1230
1216 1397
4 2108
1696 1961
501 971
201 1619
1496 2168
960 2131
730 2011
151 1857
1392 1974
627 2045
605 1094
524 607
829 1529
135 1203
514 953
137 2164
455 1300
12 631
62 1576
790 892
1059 1592
174 1408
406 486
578 1249
359 1524
645 2175
96 1702
951 1171
1240 1711
1624 2205
253 1660
839 1607
2 2024
103 278
662 2132
624 2180
53 2036
365 1516
1375 1621
26 1669
164 1221
961 1189
765 1588
1611 1730
1689 1922
642 1890
1300 1854
973 1710
4 1320
544 2132
1119 1649
774 987
502 1712
232 1211
584 953
102 1390
1494 2109
459 1895
794 982
5 204
1346 2175
109 335
382 1716
419 1547
808 858
976 1979
2036 2173
428 805
534 1199
224 1865
319 814
727 2213
91 1355
84 918
1610 1913
373 2085
538 2019
687 1430
986 1219
1001 1955
230 1023
13 254
324 2121
343 2142
650 1656
193 1186
27 2196
1791 2169
1740 2050
1620 1901
793 876
503 1781
1040 1337
955 1529
683 992
888 2048
133 1225
180 2055
1718 2084
1591 1971
808 1877
1809 2098
2098 2204
518 740
2049 2065
355 2024
92 1418
513 2133
232 444
253 928
715 753
1521 1881
1442 2093
781 2199
367 862
38 1438
392 1054
606 1103
615 1190
1153 1936
0 1169
836 1543
47 217
91 1022
883 948
31 1659
1126 1811
626 670
1283 1750
682 1181
753 1529
308 482
861 1054
547 1598
1370 1409
1379 1977
118 1894
436 1012
838 2061
1547 2219
490 1199
818 2203
1170 1900
92 1572
1765 1789
498 1677
39 1075
750 872
436 1242
699 1649
442 1881
1493 1499
1015 1779
1022 1178
301 1351
335 1702
17 1765
35 2102
1396 2180
206 1981
297 527
1116 1644
233 676
790 1694
342 1464
359 620
2019 2097
429 566
761 956
506 1327
303 656
32 547
666 1522
547 779
1337 1787
2056 2078
1108 1724
1860 2096
1027 1158
1148 2055
509 1275
373 1540
1189 1360
35 848
157 1338
280 1268
710 1194
331 994
1021 1106
237 737
613 1749
586 1576
888 1098
32 1570
541 1245
470 1139
1412 1723
167 1527
1195 1537
18 1770
1387 2064
176 2203
1337 1624
10 442
553 2032
569 1059
331 657
367 847
1652 2123
1060 1774
478 979
688 1789
85 526
2119 2202
1568 1924
346 1861
1055 1822
65 2217
1125 1864
160 1483
1675 1972
906 1337
102 987
436 2141
237 845
760 928
94 1986
382 1000
719 1724
881 1565
1904 2026
69 936
397 1534
699 1862
1008 2037
1370 1760
689 1712
1158 1945
1226 1270
1877 2104
62 126
496 1664
1236 1359
2125 2207
983 1891
160 752
155 302
55 1128
1245 1782
904 1587
35 1983
321 701
510 1160
147 674
814 1664
929 950
1046 1755
968 1319
56 1304
454 597
1191 1521
695 902
1046 1050
1122 1247
683 1225
2007 2162
701 1170
906 1641
722 1416
93 1924
800 885
1219 1819
1484 1893
699 1336
385 1773
994 1714
385 1793
1072 1434
1279 1308
1772 2093
519 522
97 1888
1800 2157
513 1470
1655 2172
1501 1942
2099 2208
1722 1823
1095 1422
1561 1868
910 1282
668 1885
1027 1969
590 1360
560 870
1539 1810
785 1553
1045 1410
1068 2114
1376 1453
31 371
103 1223
1118 2012
85 1851
417 572
1966 2128
541 1868
2082 2154
1327 1499
177 308
204 490
320 2217
607 979
1730 1778
800 1645
1501 1924
185 1018
1555 1719
553 2142
1031 1282
1095 1938
276 534
521 675
1730 1830
144 859
329 1824
572 2003
26 685
820 1040
1476 1551
1098 1269
474 1951
293 2079
1543 2145
229 324
503 2171
2 56
553 802
1043 1617
295 1980
55 972
1254 1287
526 1256
651 1262
1348 2017
546 750
1014 1367
13 54
732 1621
557 1481
1437 1506
2206 2214
65 1163
746 1393
1829 2061
733 2087
1478 1929
1241 1791
707 1122
954 1019
708 1850
920 1841
547 617
1593 1695
255 2150
57 341
1873 2220
906 2173
292 472
1220 1629
745 1190
1098 1951
227 833
563 1138
895 1343
1549 1978
184 1997
409 1220
1880 2145
1126 1933
321 1921
727 855
191 1509
1077 1137
351 782
1468 1874
2118 2155
909 1712
1318 2006
1636 2012
755 889
439 1314
703 1373
1334 1394
753 2092
859 1745
1203 1783
366 1072
1001 1622
217 1440
946 2164
290 2016
2073 2161
818 1869
1111 1143
508 1508
229 827
782 1046
1490 1929
801 915
325 1290
210 2084
388 2098
1306 1521
1158 1425
1041 1603
1846 2015
1117 1693
420 1729
1030 1048
795 1265
9 526
1029 1077
25 1934
1188 1362
670 2128
296 1858
380 2093
1581 1663
737 2147
1200 2197
944 1368
362 1897
778 1970
49 1314
1845 2097
858 2158
187 1360
826 1428
154 302
310 1259
276 746
264 839
418 2076
529 2144
457 2149
543 2160
1714 2008
1766 2028
497 632
626 665
865 1967
977 980
631 991
296 1129
283 573
851 2057
1052 2112
51 622
151 312
505 2133
719 1276
3 701
154 575
579 1078
210 1127
872 1080
955 2021
856 1157
212 1452
545 626
369 1873
985 1256
369 1109
999 1934
363 1656
628 1489
446 1977
33 80
2009 2059
217 2205
412 1287
571 816
307 2197
534 818
365 891
98 312
703 2133
81 1497
774 1895
319 2192
497 724
691 1032
2051 2086
1225 1315
735 1345
1061 1590
471 633
913 1631
403 1022
1375 1942
1643 1833
747 1711
1347 2050
1867 2031
1474 1554
335 494
377 527
902 1283
79 272
558 680
1385 1578
185 620
328 2214
104 272
494 1660
631 2054
331 2189
820 2149
84 777
153 1933
1301 1982
1139 2150
977 1375
576 899
1127 1153
366 1617
547 1581
800 1662
147 1761
1628 2213
915 923
1519 1543
5 1448
162 1265
425 1101
460 793
490 1881
706 2142
4 700
668 2036
1361 1757
35 64
875 1922
304 2026
294 911
658 1503
806 1213
1245 1817
1161 1545
350 1341
1177 1447
123 1026
979 1258
585 1513
181 2078
1131 1791
639 1155
87 504
1487 1683
1577 1643
302 518
61 216
692 1517
1509 1919
811 1945
225 840
160 727
248 1652
44 190
799 900
740 2033
1399 1619
135 804
891 1754
174 1927
1125 1539
41 267
441 1206
24 1779
796 1367
40 512
1303 1394
791 1754
71 1607
18 380
1170 1429
654 1272
49 223
1296 1897
548 569
187 1284
660 1760
1330 2043
1149 1721
431 857
457 722
849 1740
899 926
1280 1759
1151 2214
1771 1782
819 1027
863 1938
715 1004
1074 1268
323 1287
185 1667
274 863
668 1455
571 1846
1362 1676
55 507
333 1134
1388 1873
500 1732
18 2103
346 754
1223 2161
368 2030
2010 2165
1038 1524
1260 1552
271 864
603 1914
1108 2135
1888 2202
1020 1618
473 2169
610 1931
1788 1975
61 168
1110 1493
276 1609
728 1547
581 1228
380 738
753 1391
1068 1861
13 389
1176 2076
2115 2136
382 954
614 1526
1433 1623
967 2095
758 1511
1328 1385
599 1498
494 1144
746 2175
1467 1703
226 829
19 1125
1066 2142
1315 1981
272 1126
391 1763
491 671
62 1797
174 1105
318 1727
1288 1492
1167 2028
822 1855
518 1161
585 1200
769 774
460 648
449 1033
327 1080
395 468
563 2153
907 1972
658 1772
544 823
858 1195
36 1784
580 919
363 1201
1336 1787
761 1336
1515 1805
704 1112
45 828
614 1591
1007 1158
1594 1833
666 1095
759 1901
843 1374
519 1668
706 2143
110 1163
115 1751
407 2110
21 2177
611 1767
391 2182
154 960
1098 1207
512 744
1629 2164
1786 2048
217 1178
467 1463
1175 2003
739 927
1828 2032
323 1280
285 1513
1165 2015
211 1720
499 1497
1041 2112
1252 1670
1335 1418
2145 2158
141 1923
1592 2101
1833 2000
868 1559
801 1898
398 1965
901 1459
554 887
531 921
305 1830
22 873
135 2107
992 1871
309 2162
1723 1788
1513 1612
1578 1966
1301 1322
871 1026
330 624
1561 1961
1196 1479
426 1742
435 539
11 178
68 1169
687 1292
1308 2169
1275 1711
923 1578
2017 2100
253 2068
191 1540
189 548
12 1718
45 1319
962 1532
652 1243
432 1103
518 2150
279 1534
1605 1749
304 1662
71 1300
1207 1578
1611 1912
377 629
1049 1857
100 507
89 281
99 126
175 1418
770 2183
261 600
782 1120
674 1908
1384 1945
883 2155
1341 1672
1781 2178
1388 2187
90 1226
911 1726
94 229
826 2118
1396 1921
42 1206
129 1933
588 1922
106 1836
143 1079
368 805
730 911
537 808
474 858
1548 2108
1341 1810
1203 1238
373 706
863 2070
1424 1885
125 908
177 1481
652 1271
297 708
1310 1987
572 2045
1343 1978
1120 2097
1140 1832
1703 2207
35 348
1890 2199
88 1187
245 1871
825 1921
461 965
1408 1622
75 1983
631 1032
370 2105
1621 1744
959 1486
119 141
455 1405
7 1903
1161 1976
111 937
151 2166
140 1187
1180 1830
137 1425
490 1836
465 2164
287 1549
1529 1769
748 932
1134 1676
251 2211
1081 1792
746 1177
1556 1814
845 1537
987 1496
353 2142
257 1690
618 1326
1651 1762
902 1464
176 1902
1214 1311
751 1247
341 922
1713 1820
226 1616
487 870
325 2063
434 1456
421 1953
170 1044
463 2141
756 1003
1686 1791
241 311
1360 1582
782 843
150 206
1150 1247
1540 1593
525 611
557 569
101 1618
615 1912
288 1810
1355 1361
657 1466
657 922
677 1728
463 1992
55 194
334 1586
1373 1877
469 575
1863 1864
944 1652
423 1924
1663 2011
739 930
761 924
479 1537
356 816
192 1730
430 543
1118 1482
876 941
566 1259
1431 1824
2073 2108
651 682
1300 2163
1057 2066
1117 1130
935 941
705 2064
69 1338
528 1425
1170 1819
549 1889
1282 2173
582 1805
655 1173
616 762
256 1004
719 1577
807 964
703 2018
829 1600
113 2202
79 1113
1187 1600
642 1831
1280 1886
1130 1845
653 1183
1050 2157
995 1170
117 2034
161 1663
22 1959
137 191
404 1888
1813 2156
320 815
448 1201
550 1605
380 1564
310 938
1149 1208
687 1388
792 1612
322 369
566 1337
561 1102
169 855
8 1760
67 233
246 574
1344 2001
1469 1538
369 537
18 907
1633 2151
936 2142
579 1494
288 2095
333 1798
944 1569
685 1688
161 2057
355 2144
359 2113
571 1840
670 885
467 1232
1054 1498
195 1071
1072 1224
454 2007
1003 2015
39 1170
1514 1524
1539 1955
1133 1631
849 1985
46 1261
1365 1522
1533 1944
84 808
1172 1766
471 1541
381 1512
1547 1853
942 1114
124 926
485 1903
597 2135
1392 1419
1201 2002
282 1914
272 1114
735 1119
502 1475
261 1236
430 971
1392 2172
390 701
2038 2122
1383 1468
534 1295
1187 1330
784 1567
263 1324
117 988
879 1939
1263 2035
1659 1902
1811 2026
1462 1888
806 866
350 1409
1346 1474
275 1795
287 2090
423 1505
1499 2134
550 974
1487 2084
1559 2051
770 1464
913 2184
2131 2196
536 666
922 1939
1669 1684
200 1471
441 1285
754 2069
998 1822
558 1726
434 933
120 300
360 715
2029 2090
3 1197
983 2080
281 1713
377 1536
332 1705
1154 1788
1443 1844
1147 1542
587 893
564 1690
1150 1831
1123 1352
972 1619
214 1304
1163 2170
51 1092
567 1968
1983 2167
303 1131
842 1719
785 914
115 298
528 1414
546 869
743 2007
777 1121
1552 1557
1070 1371
38 77
630 966
971 1178
946 1769
468 1126
619 1359
1137 1621
707 1998
209 507
1947 2201
1182 1926
5 2210
984 1525
51 1257
4 932
7 993
1906 2215
913 1765
1241 1606
552 1854
92 790
585 1542
521 702
332 1202
15 679
280 673
409 1522
1108 1900
1206 1223
1794 2153
176 392
1365 2077
241 2020
1305 1661
28 1876
64 82
9 2094
21 1727
285 589
1971 1990
1297 2059
1691 2076
1547 2029
1303 1304
926 1267
1845 2159
216 2146
1353 1814
1150 1836
383 1051
975 1333
1137 1192
268 2173
290 791
355 2091
13 2207
1935 1976
308 1028
76 1777
282 1326
1187 1517
1387 2148
35 1488
380 2180
371 1804
212 389
1098 1803
543 727
1083 1401
2121 2213
1778 2013
263 1161
1205 1359
288 1996
496 1306
608 1546
725 1370
38 692
1901 1929
474 1915
1003 1978
957 1184
1692 1733
1490 1977
1920 2178
840 1133
259 1493
805 2124
927 1143
756 1491
700 1571
1960 2119
632 1591
999 1272
131 1570
485 1575
609 1530
61 2049
1075 2222
1969 2111
128 1480
37 353
341 1594
875 2071
287 466
1050 2161
888 1260
1901 2215
292 1718
24 1165
733 1395
26 834
1367 1463
526 931
157 2091
197 1077
945 1391
22 867
621 1706
129 1852
142 498
926 2029
371 401
48 305
729 792
636 1190
81 443
722 974
285 511
357 1110
520 1520
412 588
377 498
1065 1389
1323 1852
376 1406
375 904
168 1941
894 1987
1061 1858
654 1705
1762 1798
3 569
332 1079
1810 1972
1217 1686
1056 2131
212 215
71 874
1076 1573
1661 1694
799 1719
249 1150
1736 2150
147 752
1371 1848
1113 1858
995 1286
1311 1419
686 1033
103 850
1060 1552
225 906
443 1262
1820 1881
960 2196
723 1228
285 947
831 1345
964 2053
293 458
527 1702
863 1777
23 1404
1260 1809
1400 1408
232 822
186 1037
1068 1396
1109 1287
1949 2218
1155 1479
922 1126
330 860
85 226
703 1604
118 1972
838 1643
966 1563
86 414
166 1556
1859 2108
272 1215
243 1969
900 1185
731 1428
1995 2110
136 1251
372 1989
498 1097
382 1101
473 1731
670 861
234 1367
311 983
374 1754
832 1030
1505 2172
544 1728
1017 1294
238 1175
389 702
678 1414
1428 1937
393 1829
977 1763
166 817
1139 1791
242 454
284 826
152 404
807 1218
205 1140
1035 1302
5 187
42 1611
488 1615
51 1880
518 1862
769 775
602 1633
733 1297
360 2037
456 1837
285 1924
923 1000
507 1845
1179 1707
415 1561
1524 1848
2195 2213
97 1471
508 1666
1379 2027
916 2062
1082 1099
675 1099
1351 2068
899 969
20 786
806 1635
1161 2038
308 1816
958 1324
293 767
28 1477
1675 2022
1006 1469
198 2120
1092 1502
1346 1821
751 1168
555 2009
552 1767
217 845
1362 1411
784 838
154 855
403 1860
332 2062
100 537
12 1333
798 1506
1262 2137
344 1239
867 2099
158 743
427 1890
969 2080
744 2044
911 1006
485 1321
541 927
1477 1480
1433 1947
81 644
14 853
447 1783
691 1443
1744 2193
3 743
35 1293
1644 2169
1756 2152
304 555
91 1579
79 2027
86 177
128 1453
440 1468
53 138
268 1620
1157 2037
1759 1999
455 1153
708 2186
1847 1930
657 714
303 344
782 1068
1179 1350
969 1702
691 1004
1781 2127
650 1046
258 497
71 1803
1449 1909
744 1753
160 1062
1808 2219
682 2060
1275 1794
157 493
587 1569
15 193
133 1452
1023 1120
765 1882
259 1753
1187 2202
1166 1442
224 1328
582 1327
872 1991
825 975
1296 2039
599 952
297 2091
1227 1840
630 1034
1723 1816
689 1164
747 1392
999 1940
493 728
892 1282
168 1556
1469 1477
1006 1629
1019 1288
626 1728
219 1676
61 901
179 294
132 501
1667 1993
1150 1967
1243 1687
1163 1327
49 1827
1803 2119
446 563
695 2172
305 982
1212 1862
330 1197
178 821
380 845
1315 1627
630 804
432 1199
253 548
1224 1311
674 1451
798 2208
273 2165
83 1147
74 666
1625 2194
189 210
1457 2100
586 1766
439 755
947 2013
910 1403
166 894
997 1891
1196 1660
1191 1709
743 1375
651 1198
1164 1912
946 1551
446 1812
775 2158
658 1802
1722 2027
660 1605
602 1552
1005 1206
1531 2159
1241 1831
1650 1797
1881 2194
868 1857
1533 1578
2065 2115
1002 2220
573 587
1191 1536
578 902
408 1229
561 1962
933 1977
273 397
310 1349
352 715
472 1821
56 1518
1188 1910
1700 1774
1677 2214
720 1198
0 1034
1249 2129
895 2058
465 1592
889 1447
513 1013
852 1885
1309 1808
1465 1595
219 755
1056 2176
1009 1459
495 2086
928 1474
859 2001
1601 1609
1355 1502
598 1649
898 1104
442 1939
200 1260
102 1344
1630 1720
895 1459
271 2196
756 762
469 1818
732 1239
1527 2183
1006 1288
28 1758
966 1941
156 1388
621 2045
551 1046
1570 1689
415 1189
384 492
504 835
59 1103
214 885
1319 2204
916 1565
1216 1595
418 2010
205 544
51 2000
291 1722
102 960
427 523
290 524
541 1659
1934 2184
727 1419
935 1435
130 2045
579 1382
661 1645
175 591
1050 1943
358 574
690 1522
96 227
657 1597
565 1678
1546 2193
814 846
58 2109
1591 1626
1576 1908
178 2134
1569 2021
1164 1549
219 1937
1460 2199
803 1642
29 1704
1548 1560
1961 1995
64 749
1161 1831
1295 1909
462 1248
203 1540
808 1044
43 971
470 992
341 1635
1391 1680
234 1605
1422 1502
5 31
31 386
39 2124
42 1698
134 618
2 718
100 1315
1400 1489
2023 2075
614 1732
325 1774
468 582
406 1832
699 1139
629 707
1091 2110
685 2221
485 530
409 2078
632 935
959 1372
779 1332
335 1210
796 1584
598 849
1166 1899
329 1276
384 1045
284 2155
492 1427
1583 1878
1393 2185
1002 1258
422 1825
27 738
55 374
913 1522
603 1923
815 1665
1554 1579
2108 2221
123 1455
599 831
424 717
57 1026
1017 2146
1513 1944
79 1802
1721 1776
548 821
497 1880
1289 1906
508 772
388 569
365 2211
1928 2213
538 1186
1539 1701
1962 2057
729 1895
1162 1874
339 1436
465 1736
145 727
1590 2144
167 1810
988 1549
699 1233
1552 2113
318 410
849 1945
390 1234
951 1812
664 2045
1240 2135
558 1944
254 1898
176 2091
570 1186
179 1268
858 1982
622 2046
228 825
301 1391
631 669
607 1979
82 377
6 1118
1312 1889
368 1329
1298 1599
24 2146
527 1245
846 1302
980 2112
586 2100
1540 1694
159 2088
360 896
916 1978
299 776
532 2061
174 827
1883 2065
673 1539
709 2185
759 1579
1333 2187
803 2172
1011 1638
394 914
414 1536
966 1483
632 1512
940 1994
423 1262
923 1825
491 2025
600 847
1325 1519
300 1000
409 447
367 1015
168 2015
428 449
15 282
547 2138
187 988
732 2208
209 1760
85 1059
1193 1317
821 1108
605 1106
1089 2140
1835 2039
109 1701
480 963
644 783
440 1513
595 1147
964 1093
861 1643
355 1885
607 1579
790 2185
1493 1636
141 1331
90 1709
1072 1544
1019 1409
571 857
49 2022
1626 1958
1634 2130
1511 1755
1632 1807
1076 1570
211 1564
925 1092
1679 1732
737 1068
570 1908
1758 2110
454 1840
1043 1471
676 1554
1372 1755
314 583
62 1239
361 2193
810 843
1687 1874
1646 2120
442 2006
139 1349
30 518
591 2168
1311 1807
122 614
824 1745
369 1858
401 1580
652 2044
69 795
746 1636
74 180
1082 2030
1676 1860
840 1840
963 1469
1130 1919
194 524
829 1116
912 1538
1476 1883
540 1688
1234 1960
1102 1415
614 1885
853 2078
1230 1746
51 623
1157 1676
709 1072
213 1939
457 606
119 966
1290 1727
1068 1829
317 1527
1143 1261
440 475
1769 2164
962 1693
239 793
1088 1610
255 1519
436 817
813 958
582 2146
685 1492
1140 1511
841 976
523 662
730 2173
369 1887
1040 2214
1134 2049
349 2038
1068 1692
481 1246
1112 1981
483 651
1660 1874
727 887
678 791
327 2034
300 1602
178 1275
726 1790
1663 1979
360 362
1124 1150
949 1786
138 1358
55 223
678 1755
1408 2214
654 1050
1489 1764
86 1893
794 1720
1546 2172
456 1469
1160 1294
258 2055
412 1998
518 982
528 1720
1077 1346
596 642
178 1071
336 2119
1160 1951
178 1896
529 1823
1394 2047
16 999
293 2033
620 1437
634 1102
48 1054
1424 1575
1139 1873
1448 1639
1045 1176
246 1869
854 1940
383 808
617 999
577 1275
1639 1649
869 1874
888 1830
675 903
661 1803
1186 1394
1380 1961
1074 1869
1620 1916
1560 1664
1208 1665
1603 2195
359 2031
1812 1902
186 1654
222 2143
16 1338
659 1992
315 1163
557 657
317 914
1021 1543
37 1682
97 193
563 1483
83 2088
921 1696
1050 1538
1164 1992
1650 1903
822 1537
287 1670
649 1475
1283 2039
775 1180
370 1740
894 2195
238 1011
258 817
362 2088
617 887
450 1411
132 1632
1767 1842
1883 2050
401 955
1738 1825
1340 1644
367 1763
768 1409
1552 1999
844 1280
233 361
190 1866
1728 2039
1813 1928
1046 1623
50 209
542 1591
1852 2048
1421 1898
857 2112
616 760
1647 2083
846 2056
499 537
1041 2211
409 1989
436 849
806 1742
3 590
69 96
28 1007
1620 2180
2 1683
100 381
1642 1965
990 1948
320 2067
1247 2003
59 1811
261 1229
515 1522
107 1622
1346 1886
1071 1549
73 770
599 1728
1489 1751
649 1286
109 879
228 1628
838 2076
216 1356
15 341
1436 2176
1219 1255
1341 2041
449 935
211 789
1253 1428
223 1314
178 1897
318 1214
352 1205
850 1915
272 1622
760 1741
1289 2190
1727 1805
2026 2072
1817 2212
1785 2031
1370 1813
505 2058
421 1415
217 320
1697 2097
6 986
116 628
1178 2014
1785 1922
639 1796
1045 1358
1116 2154
1357 1522
696 1712
664 1189
1454 1557
551 1421
1220 1519
1864 2159
1808 1819
1116 1345
1066 2078
1096 1858
309 2134
713 1648
117 244
1041 1655
1844 2087
154 246
704 1105
995 1991
61 1384
1752 2076
1351 1920
66 300
184 379
821 1938
1210 1707
1410 2117
1647 1897
774 1188
508 796
185 366
267 1890
1145 1563
681 1017
782 1860
1160 1583
1713 1954
110 1256
1603 1819
1191 2086
181 890
683 789
835 2033
632 2168
290 2179
109 1942
2088 2101
447 1761
806 1388
1041 2208
1051 1280
745 1449
937 1852
1096 1216
1262 1933
566 1362
29 79
1413 1967
338 367
280 1439
1021 1243
1716 1980
333 720
205 2213
171 887
908 1215
713 1089
208 1986
877 1515
1154 1206
1639 1777
924 1057
731 1551
812 1370
856 1814
1108 2161
620 1795
1143 2006
188 423
501 1096
809 843
735 2071
1105 1848
310 378
69 978
432 866
242 1234
97 408
347 2196
1212 2163
316 409
53 1716
167 172
185 419
865 1047
264 1138
432 1922
207 949
1114 1240
104 558
1264 1274
325 1209
994 995
260 2019
1147 1799
987 1807
1621 1942
886 1505
2051 2179
254 1439
452 1821
670 745
828 1712
237 1039
71 1187
1139 2187
1009 1294
309 908
1245 1821
395 2220
1410 2017
835 900
1075 1780
152 1697
43 634
479 1558
245 1677
254 842
123 1656
628 1164
320 1411
1468 1609
835 1637
1272 1496
650 917
254 2088
274 1016
936 1301
305 1248
900 2134
1871 2138
633 2070
1829 1967
852 1323
393 1687
1285 1576
1297 1978
433 1096
353 595
332 604
1831 2129
227 1944
0 1251
308 1168
1731 2005
1390 1510
516 1091
316 1947
288 599
770 827
1565 1578
436 1258
397 1038
749 1310
373 1945
165 1577
909 1262
1791 1914
707 1813
465 549
1271 2178
1259 1647
264 1189
1328 2081
4 885
1167 1933
39 1324
683 826
144 1627
13 298
1403 1995
1200 1856
200 1772
1000 1989
709 2050
414 1274
1929 2204
1183 1598
1556 1873
353 667
273 721
447 1696
227 1610
226 305
865 1540
234 1222
1258 1974
364 934
231 1296
353 481
515 711
384 1272
269 1485
1640 1682
1137 1556
15 1098
1273 1992
1206 1264
18 1041
667 1927
1015 1940
250 1562
848 1361
16 1280
794 844
1257 2019
141 866
634 1644
133 2046
2031 2102
481 1231
35 226
309 1203
359 990
907 1963
647 1257
299 753
80 2101
1200 1437
382 835
630 820
1139 1323
677 1431
74 1079
1666 2127
275 499
396 418
821 1806
479 725
755 1218
1017 1224
998 1386
617 1043
112 1070
761 1906
121 300
923 1717
1207 1856
88 989
12 1656
1378 1959
78 871
769 2055
453 1223
613 2044
968 1041
812 1249
169 914
1442 1881
837 857
237 1278
1002 2070
1492 1985
1506 1665
409 1671
606 1656
886 2049
996 2198
451 2059
544 1162
1196 2087
409 1508
540 1279
648 772
34 466
80 517
1107 1325
346 1287
1311 2112
503 723
119 973
153 455
443 1991
386 1517
864 1263
1165 1997
1066 1214
491 901
1536 1888
1 1365
116 2174
1314 1487
206 1492
483 1855
134 2197
172 567
808 2117
177 2118
585 1651
137 684
1393 2012
344 995
73 1841
1233 2166
148 1465
617 1813
791 808
130 903
951 1376
1738 2216
73 1810
59 1222
555 923
71 1357
1727 1983
480 1108
4 1523
877 1989
359 1819
1166 1994
177 803
1117 1621
1936 1956
844 1450
13 1537
13 2019
488 1930
489 643
960 1337
708 2219
1092 1929
201 1731
60 1225
1549 1633
235 1626
164 1876
39 672
1400 2106
184 1146
294 2090
827 1532
401 523
1275 1791
157 261
441 1091
469 1291
220 498
87 522
338 1799
462 801
1563 2139
491 1322
330 1989
932 1395
359 1097
483 688
362 2180
131 1766
318 1230
285 1446
333 2215
1224 1456
1517 1986
1075 1542
1363 1601
749 920
925 1512
38 2137
1360 1961
160 1854
166 2004
449 1381
698 1466
1571 2038
1818 2143
1261 1662
156 752
1086 1433
138 2180
406 1109
17 336
1969 2119
109 489
1463 2012
185 1985
329 2030
199 1778
725 1215
1280 1552
1061 1863
406 1704
250 1201
403 1677
391 1737
1067 1290
693 1213
1685 2074
165 241
553 769
1435 2029
1110 1443
691 857
596 1749
752 1797
814 1279
168 690
1156 1630
316 1368
1380 1909
1053 1702
764 1974
586 1419
288 1769
677 1236
340 436
581 1074
921 1182
683 1710
185 1126
102 338
754 1613
246 1769
851 1306
954 1160
607 1447
739 1734
410 1474
1746 2095
767 2004
552 663
1569 1758
1555 1654
816 1749
1055 1511
1389 1411
30 1123
721 1381
494 2042
386 921
1458 1775
156 1704
101 2183
644 693
298 1832
33 109
596 628
1521 1751
1215 2201
869 1542
196 1280
971 1871
841 2182
1826 1892
612 1047
101 1988
1140 1454
685 933
152 1432
867 1649
358 1611
1100 2065
197 2023
43 438
751 1070
974 1580
223 1609
393 1295
1272 2167
715 1568
20 133
689 1841
761 1259
508 2035
1220 2073
438 1844
571 613
947 1780
339 2150
1131 1135
974 1958
662 1404
307 1061
530 1802
493 1044
418 1316
949 2091
1177 1760
161 394
43 450
571 1223
764 823
262 1158
382 573
253 1511
1392 1897
865 1992
1169 1852
2059 2090
331 545
525 1571
1029 1972
7 1699
76 1896
148 535
1262 2189
155 2015
841 968
466 1339
772 1202
1682 2080
492 1304
54 712
125 698
394 1333
694 1949
924 1150
703 1799
66 434
84 1054
280 1115
524 1674
38 864
776 1664
1411 1929
431 544
460 837
1125 1731
131 1408
848 1805
244 669
617 1336
16 1406
485 914
957 2102
168 832
164 427
1145 1639
970 2003
1758 2182
1025 1443
346 910
652 813
633 2192
548 1814
795 1936
85 1521
97 1897
437 1999
716 1307
0 407
367 2057
687 898
354 964
419 1834
563 785
267 624
1509 1879
655 2144
1547 2132
1020 1938
740 1817
1417 1570
15 1967
80 1268
90 1375
1055 1735
399 1017
1824 1931
73 2172
625 1634
170 1061
134 1546
114 1817
456 1509
598 1365
1443 1868
4 2021
402 612
577 938
308 499
218 972
123 992
1568 2203
445 1996
2176 2201
449 1782
595 2084
1650 1739
633 1425
644 984
149 714
462 966
1216 2150
349 662
1045 1728
1234 1246
376 925
34 630
1201 1767
305 612
326 492
309 486
729 1366
218 1781
1410 1993
379 1444
1053 1802
1054 2165
1981 2085
44 261
1260 1342
1739 2217
1001 2158
1279 1418
657 1302
129 580
1059 2106
740 1157
1389 1438
1195 1198
1616 2139
1148 1676
425 963
712 1897
542 763
1158 1926
112 1951
1076 2140
268 1435
485 715
199 1945
686 2122
926 2010
674 1917
551 1648
707 786
573 1905
343 1697
2114 2148
192 911
858 1125
630 871
33 911
67 902
706 1432
663 702
250 949
93 1569
8 2107
1439 2017
807 1877
517 1183
970 1828
1824 2168
1943 2094
874 1153
353 1835
1870 2066
1352 1705
1715 1891
1368 2007
507 1851
225 592
885 1967
1673 1979
960 1897
715 808
410 1439
92 1366
732 1896
783 1799
1287 1480
521 1619
124 2132
358 707
841 1831
1262 1963
286 1018
925 1747
1723 2138
805 834
1450 1589
1103 1891
1581 2141
1609 1823
820 1033
1160 2005
137 1162
250 592
90 700
170 785
1542 2176
950 1111
492 1915
1171 1568
582 2222
639 1234
453 1496
705 1941
1367 2187
120 1152
1097 1338
169 929
181 390
581 2075
310 2140
147 2089
730 2092
1975 2118
66 744
1965 2101
424 2032
1543 1800
549 2019
1271 1840
120 405
1514 1936
525 1419
178 1799
976 1062
512 1179
199 735
1734 2090
42 708
157 235
123 553
1604 2213
1121 1159
1689 2222
510 1783
621 628
1316 2192
601 690
35 1498
472 601
1120 2222
692 836
464 1596
260 1673
868 1413
604 2079
504 2109
1162 1327
1156 1333
499 952
304 995
1205 2038
164 2208
103 1251
269 518
522 1769
36 2066
200 2199
1421 2150
26 583
783 2167
141 343
327 780
1057 1312
788 1931
241 432
468 1171
211 1255
152 245
560 1305
1426 2052
1218 1629
1286 2174
751 2044
232 1231
1152 1581
1314 1899
848 1044
911 1487
7 1516
702 2069
1396 1422
1894 1919
298 1913
15 560
130 1817
704 787
904 1134
420 1176
1494 1799
1475 1539
594 1113
584 2150
495 581
433 2151
83 881
625 765
545 1317
1166 1788
5 2026
355 2120
1713 1948
1144 2076
1041 1527
1139 1462
497 1296
73 721
378 1635
485 702
506 1291
613 1776
826 1041
439 1326
433 2188
470 2094
1714 1829
1021 1713
622 1626
750 793
492 1240
200 324
1148 1428
1073 1424
469 521
204 903
296 1483
988 2020
925 2137
285 1766
1310 1869
286 1817
852 1207
684 1152
112 212
786 1093
1056 1747
168 2094
1101 1110
411 1873
26 1639
422 1362
877 1896
95 1217
636 1283
631 1007
1214 1804
221 1667
1362 1961
160 211
1578 1709
859 1323
1631 1735
817 1520
11 705
561 1142
152 1510
1069 1835
656 1656
1121 2141
354 1678
691 1930
1128 1491
210 364
445 1214
948 1565
341 754
636 1917
91 870
2014 2053
50 1968
172 966
1640 1800
1444 1716
52 1530
1143 1786
899 930
1483 1725
963 1062
1175 1940
299 725
619 1488
740 1599
1553 1659
1520 1657
872 1339
606 1510
1024 2090
23 1335
649 797
288 1137
1207 2008
87 257
468 1791
604 2056
357 1535
596 1563
653 1407
1990 2013
374 1905
1529 1836
706 1898
86 1732
1387 1456
1789 2056
1062 1614
1059 2150
473 1858
678 1080
461 1799
158 332
1078 2026
1632 1910
603 1806
744 2193
878 1589
1358 1432
1486 2070
227 610
694 2073
523 2221
129 1416
1064 1149
886 1287
1615 1743
667 1521
874 1326
1632 1683
533 635
2048 2061
643 2117
248 1707
301 1026
1247 1251
981 2120
767 1305
1605 2032
230 727
762 2057
51 79
131 1690
106 828
256 2024
381 1788
943 2184
416 1484
632 2213
641 1620
332 1754
3 1775
306 492
872 1028
675 866
293 1593
656 840
476 954
1346 1377
344 1549
89 999
1598 1608
1313 1985
164 1788
686 1565
138 1630
394 856
804 1104
1851 1865
772 1195
384 461
1034 1307
975 1605
199 1238
980 1062
672 1975
2075 2098
1229 1467
1703 2124
326 486
455 1594
449 1628
28 1240
39 1685
737 2219
113 275
772 825
217 274
36 1827
380 2208
473 2076
879 1516
453 1883
595 1745
740 1263
479 1880
114 2027
771 1035
1611 1612
993 1731
804 1454
963 1742
1054 1315
1006 2212
616 1251
1431 1654
1987 2104
438 1508
1194 1418
292 1526
1346 1390
642 2194
297 334
138 550
151 2071
774 2154
639 1198
119 920
1634 1845
586 2217
621 1749
384 567
1425 2000
1149 1277
1420 1997
680 1323
718 1863
1513 1925
1063 1868
1128 1213
58 505
637 2109
470 1113
1497 1531
478 1709
807 1831
982 2174
411 2207
660 1342
462 1908
395 2188
394 583
238 441
1103 1795
1790 1802
281 326
272 2179
1055 1288
213 1854
81 1787
267 683
519 1960
114 1745
165 700
924 1261
176 765
874 2177
1484 1642
204 729
920 957
1208 1938
54 1518
241 634
1400 1927
1254 1644
1062 1787
835 1750
181 256
1871 2202
1805 1912
699 868
1358 1559
423 1754
503 1945
1630 1819
894 1187
1414 1681
279 1193
799 1681
1827 2089
261 1425
843 1034
436 2051
1392 2076
1808 1985
145 2129
1437 1791
843 1148
1362 1706
1414 1665
199 1596
695 1705
865 1974
277 999
117 744
320 991
935 1643
335 1785
887 2175
438 819
104 295
136 2059
598 1816
0 639
1 691
526 1503
679 1310
1431 2094
143 884
154 1582
738 1040
313 1484
224 1773
835 2050
524 1940
153 2039
1727 2171
527 1277
902 1387
460 701
673 1517
92 439
281 1271
732 2135
626 803
1820 2104
966 1527
12 1218
371 609
686 1185
96 1018
67 927
69 1721
296 1070
310 2065
821 1377
282 1283
697 1256
314 2097
165 1670
510 1358
16 1578
17 2079
492 1163
107 291
1337 1650
548 1782
594 1777
1261 1623
132 553
1860 2078
753 920
1977 2129
1434 1828
1848 2000
836 2008
92 1641
270 1021
835 1480
778 1242
406 485
587 1640
867 1333
2047 2133
1096 1280
672 1539
567 2198
1491 2042
1234 1306
1749 2004
61 1379
1425 1857
188 865
435 666
669 2146
108 1201
475 1129
437 1544
108 1635
63 548
801 1854
1426 1980
228 1497
91 2179
235 718
11 1239
162 775
86 1914
603 800
180 347
841 1235
865 1158
100 292
342 1376
447 1735
546 1584
361 1364
922 1630
181 673
1011 1418
516 661
130 363
1178 1516
132 803
398 1089
1702 1933
830 1408
245 2040
612 841
942 1323
1080 1815
349 1572
379 1386
664 961
1200 1664
6 591
1209 1578
1815 2027
1662 1810
1937 2123
1185 1276
421 1380
262 1528
1183 1233
287 1759
1485 1634
1887 2109
6 1407
243 1899
507 1445
1957 2069
1021 1437
1491 1824
734 988
109 2078
81 600
281 2081
262 1006
341 1564
1156 1196
201 1559
170 1281
1109 1766
398 2000
601 2114
837 922
528 913
864 1341
1881 2019
743 1651
754 1716
1141 1936
1183 1584
1578 2154
822 2137
630 935
74 1608
942 1808
1156 1739
1028 1938
733 1344
99 885
453 1915
117 729
158 2115
1370 1624
964 1737
1774 2086
0 2007
1162 2208
13 1876
554 2091
467 1857
804 1075
755 1642
730 1845
1894 1947
108 833
684 1660
591 1436
276 789
958 1594
1496 2204
1389 2190
759 1224
1600 1870
1173 1743
15 1145
417 1272
293 622
436 1645
284 1818
380 2183
451 467
1231 2169
936 1641
94 909
1303 1539
1055 2066
562 665
656 1363
1140 1590
918 1694
225 1706
1297 2165
223 2189
260 946
355 969
268 825
998 1942
1037 1257
337 1416
1268 1401
1153 1703
223 1157
1330 2078
344 531
253 1132
56 1323
756 837
1973 2100
1012 1504
908 994
1243 1740
457 690
1653 2092
912 920
794 1001
570 1033
811 1997
1075 2036
2097 2123
671 939
278 2078
181 254
1557 1990
255 1230
485 2032
1417 1519
603 678
300 1257
625 1353
1794 2024
121 1850
1483 1608
479 1132
1533 1824
932 2218
761 1048
1116 1860
433 492
500 938
913 959
110 1969
777 890
871 1155
22 929
815 1076
149 278
1424 1762
1190 1359
199 837
196 1644
143 1048
86 1907
130 484
1096 1442
122 1453
926 1531
954 2025
1554 1857
1103 1884
169 1910
258 1720
314 1426
578 2061
486 1741
727 1915
228 2180
962 1144
716 1618
21 1383
250 1705
714 1187
61 226
442 1619
294 1877
1444 2092
28 1923
1389 1583
1302 1607
1061 2023
971 1102
942 1853
1066 2088
769 1101
878 1847
1278 1874
1946 2023
1560 2122
464 2118
288 518
245 570
834 1400
1356 2131
1648 2075
611 1990
910 1553
790 1716
480 1931
412 1252
1478 1733
488 1874
181 1368
1408 1870
63 2118
181 660
16 253
1591 1624
590 1964
693 892
926 1220
251 957
882 1200
1698 1764
775 1047
456 2192
384 558
570 713
122 775
994 1999
1075 1859
1311 1530
548 791
130 1575
202 211
902 1537
640 1553
871 876
1329 1389
816 1008
58 324
1304 1350
787 2018
741 2080
349 1889
155 355
722 2012
670 1746
1683 1904
191 1646
934 2183
828 1772
510 1103
149 1242
417 1741
121 1514
67 1046
49 1892
326 1711
280 1131
1762 1813
1112 2101
837 1507
844 892
1241 1918
31 503
802 1762
427 1250
697 2001
1334 2158
1035 2009
236 1580
443 2106
372 2052
1231 1870
819 2095
1934 1996
1333 1373
311 402
1094 2124
275 1005
1191 2129
1656 2121
388 1143
155 418
1292 1865
1307 2221
188 265
582 1328
52 2015
708 1592
1320 1978
479 561
1458 1723
189 1306
1865 2058
655 1134
376 1874
166 573
130 433
412 1153
182 577
1322 1905
30 1206
1747 2040
415 2186
2105 2144
490 1595
930 2043
696 793
672 1326
375 900
220 1841
256 914
338 1320
312 1582
552 1360
1458 1736
1327 1477
134 2020
820 1742
485 978
1103 1338
1136 1833
931 2100
79 1849
133 1532
1684 2086
1231 1302
284 883
1683 1785
134 1888
673 1355
209 977
221 784
420 1716
1550 2002
940 1098
1027 1545
827 1856
863 1352
263 1644
1264 2169
1157 1948
1683 1814
619 1491
1910 1937
28 2054
1475 2090
732 2102
1017 2074
284 766
595 1880
202 1504
725 1606
158 1927
659 1771
198 1175
698 2185
605 1578
76 1846
514 1984
860 1443
486 2210
484 1152
905 1679
1096 2045
1379 1536
165 2010
1029 1942
39 1787
572 1851
386 858
318 1023
339 425
1574 1594
496 1053
439 1235
274 2163
678 2021
5 916
872 1084
559 682
1308 1976
1436 1943
1714 2067
994 1992
525 868
493 780
650 665
428 652
153 164
1859 2131
227 1479
1 1682
98 1740
48 655
270 1441
429 2099
88 423
760 1918
373 376
875 1253
165 1660
74 1622
220 1299
506 1857
78 244
850 1172
1267 1746
243 1381
1826 1848
335 1403
97 297
13 1888
841 2128
258 1240
7 122
709 1679
761 1213
1291 1474
1121 1771
110 1081
256 577
629 955
993 1554
1619 1707
427 1460
793 2046
1124 1688
207 839
990 1350
1478 2109
268 789
1462 1886
663 2074
721 777
59 243
1355 2015
49 1038
188 728
1659 1823
383 1017
249 680
266 1455
541 1627
540 1287
106 1623
1187 2023
123 222
1090 1418
523 657
2197 2215
750 790
224 2098
1743 2108
1221 2197
10 2134
298 1340
148 291
22 41
469 906
183 2033
612 1449
1484 1497
259 445
348 486
903 2210
1257 2142
805 2123
149 478
582 2003
1422 1807
49 1451
1096 1950
399 1785
1247 1337
1243 1374
754 1903
1034 1367
329 1528
1943 1961
1245 1657
45 517
1341 1964
136 719
291 1276
1681 2176
2094 2180
407 1163
267 1153
27 1418
120 1207
1068 1431
210 863
702 1897
1414 2183
796 1646
85 1493
1115 1391
1144 2018
261 2149
28 1483
167 1495
715 940
1748 2133
151 223
413 988
317 1795
1765 1878
1436 1986
833 895
870 1886
504 1162
564 1156
122 2173
118 844
393 1856
1180 1215
916 1041
1941 2017
1382 1500
264 1417
1742 2128
338 1180
325 1962
208 1317
508 865
43 1227
281 576
1860 2201
565 663
669 1059
29 285
1866 1876
969 1066
598 931
644 1644
917 2212
523 938
568 1251
1542 1789
1435 1803
816 2029
795 1796
872 1682
375 1875
728 2155
355 780
92 1403
662 1682
574 1861
1293 1862
41 1767
910 1941
128 1119
535 1953
291 1688
261 2102
91 958
1709 2036
1549 1921
590 2215
1140 1810
613 2124
938 1026
923 2009
376 2091
173 2066
738 1791
993 1105
1034 1276
520 1138
1376 1379
41 1168
3 1269
33 1138
1320 1929
1068 1203
730 2120
484 662
590 1792
1055 1489
1213 1836
2005 2222
1824 1919
128 196
1873 1993
818 1740
723 1197
296 1040
474 940
471 1408
965 1811
463 911
1169 1417
767 1034
189 2220
1508 1707
1038 1345
47 664
1862 2122
514 1251
1158 1192
1578 2067
139 509
646 965
1476 1987
983 1203
61 2162
368 391
856 1973
1895 2200
377 919
1602 2020
1849 2089
406 878
32 771
65 1072
1248 1489
1643 2196
767 906
1149 1530
225 2136
1717 2132
1640 1793
762 1588
1623 1874
431 655
574 1540
703 1146
89 454
161 651
928 2017
725 1835
481 837
588 898
488 1739
104 1228
1196 1722
1660 1884
154 558
1131 2220
524 561
1311 1576
530 1870
721 1392
220 1375
78 1717
2005 2157
324 2219
699 1381
836 1819
1274 1903
1501 2145
207 1691
1513 1884
799 1390
1794 2071
553 1953
198 585
79 810
508 714
1132 2064
1030 1945
1073 1275
5 227
1642 1819
1643 1938
1236 1823
246 1888
861 2090
690 1995
164 793
959 2092
835 1111
874 1478
852 1963
105 1201
297 671
1397 2045
544 2071
993 1894
1449 1480
663 1712
1279 2192
499 1898
1396 1511
1592 1758
208 2086
34 961
1114 1129
23 655
559 2186
1400 1661
1306 1694
203 1859
91 1961
1119 2175
305 1544
86 222
46 1993
1304 1992
1879 2198
878 969
147 1449
169 1430
49 1228
298 1923
1290 2181
1283 1542
109 796
376 1496
1518 2206
562 1607
378 2066
1437 1585
402 1445
475 628
205 560
287 782
759 1658
267 1683
730 2012
1844 1881
229 305
90 1077
786 936
1104 1881
1797 2093
71 1549
34 53
1642 1905
134 443
1527 2187
1370 1804
1341 1611
937 974
1013 1271
84 1578
876 1518
984 2114
1224 1487
956 1709
149 1337
25 1212
676 836
643 1265
118 2184
391 455
1258 1572
227 1205
1026 1327
1529 1718
10 500
1110 1156
316 512
1078 1168
234 278
784 1016
84 421
1016 1330
1371 1564
512 1850
1570 2051
1470 2142
1442 2169
705 1485
345 1418
496 1687
1539 1894
35 566
1637 1770
1204 1400
840 1316
1271 1384
1016 1941
524 1451
832 841
852 863
541 1368
286 1559
1270 2014
675 2011
762 1968
766 1589
251 1192
667 2175
401 2151
427 1498
184 1590
150 454
1398 1964
879 1709
1020 1448
1412 1520
275 1217
581 1249
1295 2159
220 722
977 1874
139 2087
425 2007
402 1806
1130 1810
676 1135
182 293
444 951
1415 2059
521 1801
260 776
366 1648
591 1416
1181 1999
279 558
296 2117
283 1756
1258 1456
534 551
829 1950
1253 1896
997 2067
1117 2051
353 793
800 1789
375 1286
4 1596
311 1279
1097 1992
698 879
909 961
589 666
331 924
83 1131
971 1152
427 1014
104 1949
184 2008
269 1084
679 1983
637 1467
1595 1871
81 1771
1373 1785
248 1492
655 1501
1541 2049
175 668
1659 1844
512 757
1591 1713
797 1869
12 1999
1978 2144
635 1479
451 1798
1477 1629
663 1485
464 1041
146 834
730 1240
1461 2022
364 1528
14 1862
283 1839
1200 1860
354 533
1661 2114
1644 2127
554 2039
225 508
435 1595
225 1521
288 1708
1070 1372
1151 2148
297 2119
1797 2003
900 1640
382 1595
850 1834
257 1375
495 555
1611 1870
667 1821
166 1551
1279 1687
3 117
418 820
256 1789
68 1204
423 2220
666 744
236 1572
1770 2099
456 1083
673 1538
806 2046
453 1804
1381 1541
257 685
107 139
606 820
644 1999
336 1776
22 1519
440 784
180 1581
277 1903
66 1529
2013 2074
33 1011
1395 1501
804 1955
1032 1269
1057 1728
37 2216
454 768
827 1960
247 1910
1783 2170
506 1529
1200 1907
762 1671
192 1281
1584 1833
234 678
526 2107
1521 1604
1052 1598
685 1513
318 479
976 2163
119 1909
283 758
1649 2009
532 689
683 732
1559 2219
1057 1652
414 1842
951 1726
154 2012
1212 2145
158 1529
899 1944
661 1959
82 1617
519 2066
220 645
884 1165
362 1369
999 2145
195 1902
264 1914
1350 1449
562 663
884 2100
1104 1791
1333 1387
192 1815
1865 2194
416 1685
1489 1752
519 1097
486 1427
1851 1978
1480 2140
218 615
944 2076
579 840
480 1528
287 384
484 1962
265 1591
616 1966
363 1551
1476 1714
962 1357
828 1956
69 2101
384 493
1460 2071
244 316
1175 1659
338 1561
1041 1856
2018 2030
619 1037
885 998
724 1187
421 790
294 696
1001 1288
86 1676
169 2045
560 605
631 1056
1302 2196
39 2085
723 1804
1558 1770
45 1042
422 1169
482 2080
899 2199
765 1876
1862 1913
1012 1171
1069 1409
935 1463
358 670
1766 1899
1270 2015
1063 2001
1470 1709
912 1288
1451 2154
355 1879
1524 1754
966 1281
248 2019
1484 2118
310 457
541 1837
557 865
515 1535
1782 1933
2026 2071
1068 1694
701 1718
1789 2138
294 393
723 1685
422 1898
418 878
274 1726
15 983
1253 1690
1391 1700
1233 2181
159 599
820 995
1620 1890
272 1888
65 426
1190 1706
811 1584
540 1972
762 1135
1263 1304
132 1849
556 1996
1051 2166
2101 2191
754 2147
257 2053
245 2189
94 1382
669 878
1538 1661
631 774
1878 1968
67 581
1260 1810
328 748
497 1956
133 452
1050 1849
336 341
1203 1409
2 2133
22 1232
457 1111
479 1353
657 2115
176 1671
194 472
429 1445
191 1411
1206 1958
1003 1161
895 1841
109 1058
289 1987
484 2056
628 853
372 1504
134 1640
386 745
262 1769
376 1907
245 854
667 2136
749 1569
1124 1296
7 1199
194 1122
1182 1724
626 934
182 2001
193 1450
1723 1890
962 1035
1795 1827
664 846
740 2091
1295 1747
1351 1929
113 2042
63 1918
1404 2070
1363 1403
776 1153
396 697
666 2216
287 1080
686 1849
263 1299
1609 1610
1163 2103
304 1866
1154 1890
1376 2171
543 976
862 1043
960 1548
64 1098
1806 2134
469 2181
299 1313
261 2090
1011 1935
1050 1869
105 1533
1475 1935
103 934
1511 1951
904 1767
619 663
1248 1629
113 1368
904 1593
1693 2159
34 1318
56 1545
1323 1553
34 1436
415 988
194 751
902 2061
1331 1934
769 803
1545 2160
707 1217
564 805
810 2045
108 713
274 941
40 2179
367 1526
71 1007
799 1416
328 698
634 1155
1348 1441
1654 1880
1383 1433
633 1038
849 1925
1361 1456
1762 1902
51 480
249 960
795 1689
299 1373
1296 1817
30 1914
714 1673
284 1335
418 1296
766 2140
122 140
149 1311
463 1602
862 1696
1792 1928
746 1463
110 924
1092 1190
938 1767
924 1391
78 607
53 648
1588 1833
257 2011
302 981
1194 1906
295 1673
902 1688
525 1705
1327 1513
217 1415
1718 2183
1116 1694
1105 1662
348 706
657 2102
464 1203
1105 1439
803 1958
494 1423
1037 1798
297 1046
73 1418
1682 1949
1960 2093
370 1874
55 937
1372 1616
764 1610
998 1719
1456 2007
475 615
202 753
1434 1977
349 933
58 274
1314 1555
961 2147
1010 1664
84 1707
917 1081
789 804
181 1388
952 1149
83 216
668 1298
746 1569
828 2044
112 1328
1736 1901
1823 1844
51 697
2146 2150
1553 2139
229 276
263 277
244 1136
971 977
1978 2068
312 2105
265 1423
868 1438
1072 1771
1511 1928
142 1932
553 568
659 690
506 2165
152 1574
910 1454
651 1683
1793 1934
1224 1510
1597 1866
792 1855
967 1809
441 1296
595 1964
901 1145
1087 1535
297 1325
289 1772
104 2205
1886 1902
952 1680
15 1201
554 1693
576 1030
668 1934
404 1592
876 1420
216 816
760 2068
437 1891
566 837
150 943
167 823
1232 2028
1223 1634
1015 1725
1671 1719
38 1685
719 751
348 369
1998 2217
1542 2217
136 806
223 1175
413 1339
707 1705
1165 2094
693 2101
1377 1792
1460 1913
1462 2116
1499 1614
1447 2054
79 188
669 839
40 1768
837 2081
637 1092
756 1378
1100 2196
229 1848
757 1328
1652 2210
1624 1824
695 1488
121 852
351 432
1273 1549
680 707
683 1607
233 258
258 2121
706 898
565 1913
116 2187
773 882
167 609
162 1013
971 1985
1572 1850
8 544
8 708
543 1289
1502 1692
792 1965
366 2201
912 1407
409 1066
189 377
814 1359
189 412
642 808
1097 1718
1291 1601
752 1632
525 979
551 1498
122 1934
1294 1437
715 2086
650 1622
769 909
491 1735
779 1956
185 1541
628 1021
406 1304
444 2099
142 1320
28 386
367 576
440 698
496 1524
250 1590
953 1418
112 1271
1101 1305
1160 1479
248 1759
258 1536
281 1419
611 1694
1284 1850
529 2081
1092 1315
1267 1978
675 1940
585 611
277 1020
568 1074
178 1775
191 2008
766 1155
1558 1880
871 2076
1028 1157
621 1735
192 435
758 1427
511 1072
451 2034
392 851
60 1603
906 1874
189 627
1062 2149
1339 1551
278 701
109 1131
553 1900
1015 1463
270 932
829 1774
1363 1936
1843 2169
589 1013
1289 1498
603 1039
1442 1526
543 1765
549 1353
615 721
1449 2010
1075 1638
1601 1859
405 2001
1210 1592
1039 1895
470 1112
1340 1586
545 1837
305 1536
34 2049
335 725
1204 1590
894 1464
451 2098
26 2144
1359 1809
1443 2165
670 1831
1011 2004
1136 1958
924 1720
525 2069
693 1861
188 282
260 757
578 896
1628 1929
618 1651
788 1609
435 1449
957 1795
154 1619
208 1940
228 1797
427 1072
1122 1918
91 913
414 2196
1176 2163
214 1620
1569 1886
308 2047
519 2103
419 892
538 1651
1102 1978
104 320
707 978
417 1578
1282 1508
401 829
230 236
564 1380
466 1338
99 476
734 1069
254 517
690 1380
894 1231
176 1023
65 1483
1602 1801
286 1814
1074 1335
1414 2144
1324 1793
449 1326
1715 2145
873 2222
867 1250
396 455
1222 1940
1207 1768
1462 1736
297 766
1843 2126
866 1103
828 1851
363 2015
128 2075
2051 2098
210 1012
484 541
812 2020
955 1686
485 1189
478 1501
461 1345
2087 2115
321 1411
270 1434
284 467
764 926
464 1258
209 323
250 914
282 1749
1140 1945
21 1862
379 1631
49 1432
141 1375
1300 1341
98 2191
790 1373
1567 2130
823 1003
635 1823
1587 1974
368 919
417 878
257 1033
1524 1536
668 1187
1272 1436
147 985
515 763
89 363
751 1390
266 1084
1344 1490
1074 1729
117 1265
968 1073
1312 1886
379 1503
201 2128
17 190
940 2144
1114 1938
279 825
719 1448
934 1860
1461 1607
1280 1425
647 1327
707 1331
10 2129
725 1261
352 1681
1659 1733
1518 2005
519 1541
1180 1780
564 1165
150 661
562 2170
320 741
419 718
573 589
1029 2116
681 2119
1900 1960
161 219
998 1252
301 1777
404 1661
640 2019
123 1949
872 956
1348 1568
3 688
665 1151
546 1218
164 1401
1003 1927
510 1577
961 1301
140 2121
449 747
991 1994
121 1548
216 664
241 451
514 661
164 349
548 1312
72 1051
1211 2071
986 1922
492 1651
285 609
2028 2171
275 1161
1050 1622
817 1069
474 1623
490 1046
438 1786
742 1398
1149 1529
31 1635
1228 1585
1963 2167
382 1713
1682 1869
259 1123
624 1950
561 1931
68 365
1436 1613
1314 1943
691 971
1482 1679
632 1786
701 784
897 1828
1192 2095
1448 1576
549 2113
1126 1230
1720 1734
588 1634
358 731
552 1548
1547 1870
170 1200
1050 1621
918 1505
1100 1289
693 1280
947 2092
828 1633
589 1550
1206 1818
547 727
1288 1533
261 1341
1439 1601
330 2044
3 432
465 2162
956 1261
472 806
1469 1751
240 1084
85 2109
761 1323
301 513
908 1671
403 419
1422 1590
463 2092
939 1429
240 289
775 1311
595 995
613 849
467 1642
230 498
185 1423
601 1125
1068 2103
1920 2025
1343 2105
635 688
670 2138
135 2093
1389 1645
875 1970
1718 2167
49 692
193 1289
1027 1276
1775 2124
1040 2163
21 821
521 1599
885 1033
195 1125
76 318
1717 2015
910 1701
1385 2166
203 438
1174 1617
639 1495
679 1744
759 825
121 751
282 1252
468 1857
690 1786
501 1529
1364 2144
641 1796
255 907
490 1310
555 562
169 1512
1635 2201
792 2031
651 1881
1349 2121
805 1560
665 1276
458 2134
1159 1174
1029 1978
568 1974
156 1290
1026 1193
773 1068
969 2121
1156 1941
731 1265
252 1958
1618 1752
741 1997
992 1179
1582 1876
222 2075
600 1172
777 1531
529 2143
1459 1890
800 846
810 2056
700 704
690 2034
315 866
182 1075
274 1670
586 627
765 792
570 1010
1579 1718
191 1258
1034 2018
44 1332
998 1540
414 1782
616 1785
1741 1963
682 2194
1397 2150
1441 1636
513 2111
91 911
1898 1958
554 1875
1048 1339
1429 2215
356 2027
1400 2020
256 2218
263 680
565 1460
1289 1743
505 1628
319 1969
386 2102
737 809
271 1397
1337 1436
949 1641
48 1318
1019 1439
587 1820
2083 2125
684 1984
212 804
1727 2168
995 1446
1482 1881
1275 1371
117 641
556 1104
777 2064
678 793
1634 2034
853 2160
1444 1962
1304 2005
25 395
552 1610
84 812
2040 2058
959 969
523 1716
910 1926
1142 1618
124 1355
190 274
298 945
842 1382
106 1423
242 1032
1229 2021
1330 2197
833 1686
628 1065
218 1513
349 796
425 447
861 2060
1603 1787
418 2129
509 1722
811 2084
565 821
962 2128
741 1540
710 1969
533 2157
178 282
206 571
732 1378
1764 1865
884 2219
128 720
85 625
819 1817
877 2177
803 1058
486 2020
1296 1581
737 1116
1163 1603
1444 1460
116 1858
217 600
395 1447
803 983
778 1812
1029 2036
593 1925
376 483
263 1193
228 470
503 1078
1014 1252
864 1988
516 1277
491 1927
1520 1919
1819 1946
1619 1772
987 1593
272 1171
106 1887
759 2060
160 1701
322 2158
1798 1902
396 1529
690 1520
725 1247
1137 1510
556 1624
336 610
550 1890
977 1101
869 2003
463 1100
1627 1729
1314 1432
1655 2166
549 949
338 1063
1357 2118
594 1763
307 346
1996 2008
542 2008
1216 2193
906 1058
1217 1809
958 1362
58 556
471 709
391 2213
384 2186
338 1673
655 777
208 859
426 1045
515 1350
352 2188
431 1180
1348 1838
202 623
794 1290
1107 1319
185 1285
714 1614
1560 2202
50 633
101 1591
1565 1995
141 1965
1038 1940
631 1722
1919 1942
1184 1490
500 715
708 871
1287 1905
1727 2089
678 1464
232 1233
348 1707
378 1793
727 838
460 1420
917 1521
125 521
1623 2125
1325 1438
204 1219
645 1303
161 952
37 290
891 1863
1175 1457
382 1234
199 732
468 801
1834 2123
701 1157
301 966
994 1911
648 1924
1889 2177
1692 1727
705 2018
601 1206
1342 1471
189 1233
1649 2014
466 1166
150 1296
689 1010
749 2026
1518 1792
787 1694
807 1733
390 1462
731 1631
283 1075
848 1046
441 2008
1707 1753
1330 2195
54 1572
554 2000
493 2162
504 1386
1332 1735
1333 1722
722 1921
910 2184
444 2018
529 1483
635 1139
1253 1584
1428 1829
987 1578
1793 2140
1849 1867
288 2067
162 809
612 1503
2207 2219
1059 2208
585 1581
300 847
726 1596
779 1290
1041 1343
1992 2171
171 285
1059 1718
382 1637
356 2056
777 1078
710 1221
123 299
116 1721
1161 1939
486 552
202 579
908 1232
1028 1868
94 1549
768 1839
307 795
1208 2203
955 1560
884 1161
156 454
953 972
91 2098
1339 1638
549 995
494 1077
1487 2032
1118 1528
8 1719
705 1598
298 2039
408 893
274 1030
505 519
1563 2137
179 1831
924 1285
1864 1982
122 1598
924 1728
1010 1502
119 828
1560 2213
1304 1844
1333 1997
1201 1600
682 1824
236 1576
199 1728
626 1573
457 602
114 930
879 1107
376 668
1336 2214
1161 1474
1072 1799
371 848
1255 1894
470 2120
357 1912
417 575
161 1987
88 611
408 1904
526 834
322 1104
1343 1357
750 1142
69 446
89 1068
104 234
406 716
284 1930
636 1861
448 1137
248 1259
903 1323
548 1309
1033 2081
1284 1818
1119 1554
1106 2003
1161 1308
978 1613
826 1936
963 982
45 1385
830 899
300 2038
836 1285
762 1122
627 2020
207 1842
1734 2097
7 1878
995 2168
869 1648
1010 1838
1538 2031
1422 1990
1618 2165
1411 1892
148 371
514 1874
939 1572
537 1160
180 983
168 1323
132 902
1232 1756
158 910
674 768
720 1347
1187 1757
16 111
636 759
1067 1681
785 1837
1910 1957
851 1007
450 966
574 1927
535 1901
491 573
1365 1716
1949 1992
631 2149
939 1286
75 1525
94 145
81 2063
1631 1773
215 670
210 815
1548 1823
1273 1374
1406 2119
771 1558
23 2122
223 515
1646 1705
520 1106
695 2029
623 1870
142 1134
105 1152
398 785
164 415
364 1754
671 1633
739 1023
994 1601
607 1877
90 733
520 1154
987 2076
41 672
803 996
526 1904
573 827
1286 1533
1470 2018
215 2085
1193 1976
1154 1396
883 1479
1096 1194
240 1954
750 940
447 1455
322 1714
597 720
181 1703
314 1237
590 1920
1779 1839
1614 1877
2102 2110
175 2140
1071 1257
236 998
21 1948
132 1522
339 835
94 489
202 448
77 636
141 1946
1033 1477
1095 1793
31 2019
1169 1571
434 1470
145 249
1104 1856
904 1734
420 2030
2176 2185
705 1331
1474 2037
493 706
597 1128
189 1644
376 1186
424 2027
1382 1412
560 1083
350 1706
513 1100
497 563
44 1726
620 2221
545 1705
966 2209
946 1934
217 475
535 1992
1381 1637
419 1104
1653 1831
345 1499
496 706
52 590
758 1534
398 1713
1573 2102
76 1086
1346 2158
1056 1986
663 1687
1060 1984
1065 1223
172 2217
196 1412
358 946
503 1927
704 895
1205 1332
210 2020
327 1451
802 2218
522 1178
887 1110
676 912
338 569
887 1331
378 2069
1380 1894
1097 1341
318 1290
731 1611
125 1817
131 733
387 2129
762 792
729 920
1510 2130
84 2123
1718 2200
764 2174
1128 2130
807 971
588 1667
911 1090
623 1855
1135 2221
11 1310
137 956
980 1484
454 1972
1383 1447
1002 1742
399 2127
16 103
66 979
160 1645
245 2038
1616 2050
197 2171
123 1976
761 1200
1514 1708
1230 2207
1073 1764
1417 1841
849 1257
140 1721
16 720
63 776
140 1922
314 1402
1007 1731
996 2105
872 1995
27 696
1380 2018
425 1126
551 1590
803 1409
290 1120
338 1845
250 2122
195 1452
618 1485
625 1280
1449 1784
1058 1519
565 895
308 476
1019 2196
206 2058
109 431
130 853
1229 1924
1024 1950
977 1300
1385 2073
41 230
262 1799
1333 1528
1167 1771
1952 2196
1875 2111
273 1398
486 843
131 2098
475 1429
307 425
1844 2069
55 159
243 328
1725 2091
1529 2064
155 1205
1914 2217
679 894
724 1228
673 1657
1358 2083
56 833
548 1269
738 1660
102 1667
1600 1842
449 834
740 1686
446 1757
73 166
1245 1765
73 1869
560 941
94 286
1844 2034
342 771
1107 1676
112 1298
1456 2053
637 2066
71 1713
333 709
81 976
222 853
342 1616
291 1040
390 2100
179 2189
965 1330
1130 1226
805 2168
786 1318
78 997
304 472
144 249
1506 1878
714 752
414 1958
1523 2147
131 781
1835 1872
1064 1715
1099 1953
695 2064
734 2214
1129 1495
95 1165
986 1478
1052 1748
354 1447
1401 1917
1689 2109
525 2180
1433 1630
223 1728
255 2151
1410 1697
728 1861
1066 1887
553 2174
325 1000
1047 1653
125 1609
186 2030
9 1181
933 1103
992 2199
238 1412
627 2145
475 1874
894 1213
541 2178
1355 2130
856 1676
651 2002
662 764
123 1549
2129 2205
1028 1617
80 593
659 978
1559 1888
205 1049
756 1414
195 1027
595 1699
975 2124
291 547
210 1880
1208 1565
895 1107
1132 1485
1328 1805
272 2129
1743 1851
93 765
60 993
498 519
774 1296
325 626
291 1658
1882 1977
850 1238
343 1116
456 578
919 2169
1529 1698
207 2205
521 1334
47 1443
769 1892
881 2104
837 2117
49 1846
1910 2032
971 1694
104 2102
1918 2117
132 910
261 1032
981 1784
1844 2150
1260 2218
945 1859
106 483
660 1401
377 2054
138 1984
352 1542
625 1535
1105 1918
217 1238
1374 1816
911 1410
1136 1998
795 2037
1611 1683
783 2069
654 2070
1027 2201
568 1315
1554 1985
472 1142
359 2132
253 1476
487 2071
1323 1591
1994 2087
116 1344
218 1290
214 656
451 527
456 1364
691 1475
1370 1677
1884 1899
1229 1424
413 2135
1015 1342
27 400
1451 1509
272 1904
482 1910
2124 2178
425 1701
1405 1803
712 1916
1903 2019
1026 1509
1555 1803
580 1323
696 1874
1100 1349
1772 1900
1472 1631
194 633
1087 1414
702 1336
367 1484
983 1760
106 1991
542 1634
225 1829
91 930
636 1583
1879 2088
1016 1877
235 2099
854 981
360 430
257 2163
274 703
1505 1984
1610 1664
1095 1310
1341 1614
1748 2164
1870 2195
301 414
295 1357
1432 1951
1234 1980
212 2080
1603 2013
625 2213
1300 2190
221 705
132 2077
1053 1974
470 1715
888 2138
632 1411
1120 1798
1008 1233
1817 1959
1096 2103
612 1685
1085 1260
91 355
408 2080
299 1267
3 248
1516 1879
1702 1832
1626 2081
1149 1285
973 2021
1059 1413
308 1330
1258 1364
1900 2209
34 2076
986 1097
678 1722
736 1778
252 1767
1205 1921
210 626
1068 1746
582 773
1103 1929
485 1361
918 2146
636 1887
281 1951
1340 2160
1176 1486
465 1126
140 407
130 681
1532 1850
434 1951
834 1329
84 1676
641 721
25 2215
142 386
779 1906
123 681
1443 2070
736 1313
19 70
238 1079
288 693
215 1325
299 1152
601 1713
244 304
267 983
1412 1570
525 603
143 1818
113 983
212 2170
63 263
590 731
1240 1504
446 1567
437 1624
11 432
293 803
13 402
1343 1601
166 1061
50 1978
109 308
256 1447
357 2039
564 1823
1260 2020
697 1705
1618 2069
989 1035
1768 1992
16 1398
1049 2210
1430 2021
595 1313
294 937
1002 1014
598 729
338 1283
29 1610
98 1334
1825 1972
95 1511
289 564
21 1870
9 936
1317 1800
548 1463
392 748
701 1702
1912 2197
820 1803
443 1053
166 283
100 1917
1092 1783
607 656
67 1306
331 1695
829 1683
1339 1546
451 1769
1020 1430
609 671
1065 1497
172 1701
535 1673
799 1561
775 2072
772 1682
1968 2216
266 2187
382 1470
408 1104
1067 2109
1136 1659
1570 2042
319 1306
1035 2102
2 1301
799 1634
1993 2099
1265 1579
50 754
741 1799
1150 1449
873 1054
385 2058
29 1358
407 2058
306 984
902 1191
226 277
906 1463
1029 1275
499 998
2069 2198
313 672
837 1107
1716 1947
640 724
551 1396
583 898
13 2075
122 328
295 1239
86 1545
682 1198
587 1746
2078 2154
1827 2032
144 1658
68 1337
798 1964
406 2112
1507 1971
69 964
55 572
142 1010
1594 2082
206 1838
385 842
139 490
1609 1819
1515 2090
1425 1675
668 696
39 2159
433 1862
1236 1817
312 762
86 854
1058 1511
838 1301
1535 1583
1160 1739
1844 2144
252 583
1707 1759
402 1760
670 1010
675 1121
222 1762
233 734
1103 1967
630 750
636 1500
32 1602
1320 2003
200 439
709 2179
1718 1898
1719 1763
1980 2188
845 1015
182 186
516 2072
231 398
724 1495
1484 1905
1393 2214
924 1474
192 2012
1332 2040
465 1948
645 1248
1272 1753
1672 1680
1092 1288
380 814
170 2131
1899 1950
790 1002
73 300
1039 1797
178 997
320 1571
579 2071
928 1140
108 1540
1614 1842
1261 1622
1257 2076
108 143
298 337
65 1586
903 1546
23 621
517 805
380 1610
558 1958
202 2090
51 360
151 648
370 752
329 2149
1270 1504
103 594
665 1379
188 1182
1488 1590
1451 1875
232 1292
1884 2123
1483 1785
111 1208
878 1711
638 1334
1911 1994
95 794
489 1357
875 1235
84 2175
1517 1888
1482 1817
1052 1173
1179 1449
1338 1389
226 1714
148 1993
764 1523
275 1388
1103 2188
1002 1983
346 1586
738 1820
852 1411
1615 1755
928 1628
1115 1636
239 1141
1043 1189
1227 2180
192 1937
844 1672
932 1984
160 1755
258 800
2117 2143
1701 1925
971 1520
298 838
43 2210
21 1216
1192 1987
1113 1450
182 1884
1180 1600
701 1777
267 1862
690 1458
32 2194
1793 1959
1627 1773
612 1809
297 2108
105 1983
470 1120
724 1671
34 916
1355 1426
812 1878
554 2020
401 1775
1307 1872
158 1363
129 1197
647 1667
629 1913
151 402
53 310
384 432
1502 1796
1306 1461
345 1604
898 1655
572 1825
435 1281
397 1233
825 2159
1276 1468
314 486
518 1067
701 1210
336 1593
307 2171
1217 2124
1409 1976
234 1415
92 641
107 746
311 725
2011 2213
46 2193
1073 1358
343 353
1468 1530
331 397
336 819
386 1134
1539 1573
474 1008
948 2197
907 2121
1893 2204
1012 1056
534 1490
258 327
108 785
522 1177
410 2088
1051 2194
817 2139
132 346
454 657
336 1377
175 430
308 559
1422 1533
520 2178
941 1123
1199 1682
821 1066
1289 1953
71 1926
1026 1213
353 821
603 1102
103 378
95 1343
553 1224
149 2168
79 1998
120 1541
25 600
1925 2002
429 1979
856 1619
27 2033
256 1902
748 1250
469 583
14 707
821 1669
493 1964
1714 2020
310 1643
1127 1887
56 1746
56 1747
824 1579
307 1969
1398 1623
45 1620
84 1099
1336 1838
799 1203
1715 1976
1512 1967
354 1709
75 550
540 783
344 2102
210 928
36 1494
805 1360
27 1504
718 1025
475 570
219 224
1939 2050
74 171
1464 1950
1622 2048
180 1060
951 986
552 1106
782 961
551 907
202 782
1031 1523
1833 2071
242 1398
250 1118
27 1541
184 1399
1049 1657
1330 1478
7 1397
747 2031
370 709
683 1916
322 2100
175 1749
1569 1906
323 896
68 769
683 1723
251 1022
1126 1315
2087 2171
1787 1950
40 1565
1628 1972
1469 2030
339 1615
719 1447
175 804
1027 1430
278 1042
161 1789
127 707
1010 1299
325 1752
297 327
73 1252
1349 2094
719 1661
810 952
1926 2067
1 748
857 1909
953 1345
232 384
800 1450
578 1918
2187 2203
1283 2154
1332 2080
173 1995
1680 1870
541 1480
746 748
74 943
141 1028
848 1947
1216 1691
269 1278
1349 2173
374 1039
917 964
1017 1098
1108 1225
89 1004
1434 1692
1361 1847
861 1121
703 823
1979 2035
816 1497
399 411
355 2021
46 263
640 826
1062 1644
193 896
557 1658
1096 2063
160 1827
123 403
660 1565
1427 2128
462 2125
978 2048
1007 1979
155 1944
469 957
306 1357
1277 2093
746 1379
525 761
859 2025
540 758
843 1516
708 1944
1232 1923
46 332
1747 1907
839 918
295 1831
298 1546
89 610
490 2182
662 1732
630 821
91 259
1481 1613
648 1681
1388 1698
280 1088
1122 1258
1083 1784
1247 1735
1085 1863
645 2178
237 1261
1364 1501
385 1615
1527 2172
1678 1846
1084 1320
952 999
1481 1610
609 1477
1701 2164
49 490
455 1267
139 1147
408 1843
43 614
1148 1998
1062 2046
360 1943
1262 2162
782 2087
7 837
1502 2059
682 1075
176 1982
973 1155
240 527
67 1783
726 2123
693 1394
1302 2149
836 1821
6 749
841 2157
459 2017
433 1529
577 963
583 1682
1054 2039
540 1526
78 220
73 1932
323 1692
480 1972
231 1388
337 1334
534 1387
1332 1705
54 1693
267 1057
1457 1673
959 1608
341 638
342 1316
601 970
700 1489
1790 2131
130 1614
393 1738
401 1917
480 1509
69 1679
1213 2154
592 1887
330 1131
305 2105
1291 1479
328 2160
248 1796
303 893
256 970
1153 1265
1013 1938
726 1761
664 952
1227 1354
504 1933
1068 1550
361 388
1032 2016
528 1430
105 1698
628 1441
72 2021
477 940
795 1430
687 1937
201 1677
1086 1217
46 1788
128 1234
1158 2208
932 1329
391 551
448 1274
528 2189
1083 2217
766 914
601 949
111 1881
527 854
258 1778
614 1361
1626 1695
477 803
3 522
1829 1899
168 1123
431 1095
1277 1380
101 1897
1167 1714
1353 2073
209 1395
591 896
142 1450
429 2220
723 2198
866 1414
1913 2142
316 1205
708 737
703 1271
189 395
752 1104
2134 2137
1154 1769
1803 1841
394 1755
399 1348
765 1659
47 2193
1561 1989
1693 1881
144 718
1580 1787
1269 1575
1602 1726
1165 1718
1313 1525
1041 1277
923 1965
316 849
855 1356
554 2064
526 1522
672 1862
380 1743
710 1222
35 2222
287 442
97 1692
529 621
828 1416
670 940
1454 1833
163 989
8 1045
483 1812
622 854
1520 2102
1185 1880
308 1273
1015 1677
663 1993
159 1664
818 1517
707 1733
1663 2046
820 1605
851 1182
399 1560
762 1609
1139 1715
1261 1629
448 2186
477 510
1010 1668
1379 2110
636 1614
1064 2126
1195 1395
483 643
2054 2190
306 374
25 807
853 917
8 1832
214 1401
1916 2098
470 1301
120 1535
46 2183
44 2119
189 1227
1231 2184
317 564
914 1809
1508 2176
977 2163
102 2029
1808 1918
1410 1950
639 1621
740 1034
492 1344
627 1754
2014 2096
829 1003
1399 1401
310 785
1717 2163
51 741
776 1668
1097 1872
32 1521
78 99
679 1523
707 2068
12 1753
179 1163
415 698
1197 1422
419 1640
1304 1374
472 1491
994 1670
188 1322
588 1162
438 2158
1012 1765
988 1294
259 702
1012 2163
884 1565
502 924
127 2130
821 1791
64 548
490 1500
1765 1884
775 1010
1707 1811
503 1236
159 1571
636 756
1671 1784
244 973
597 1289
256 397
494 1382
1465 1985
36 2123
247 2220
1091 1503
66 1543
336 1994
688 690
330 1547
1266 2150
295 927
118 443
928 2006
988 1101
175 1997
226 1621
1025 1370
288 1120
298 1510
769 1369
685 793
856 1394
89 738
3 529
542 1019
131 1978
827 2170
11 264
66 702
2049 2211
416 1266
234 1761
107 1812
1226 1325
1031 1349
2035 2068
1591 1943
1302 1342
510 1132
1127 1363
45 931
589 738
394 2054
18 2149
893 1470
1271 1894
1038 1328
276 525
650 2161
400 1102
480 1468
1247 1759
663 2126
141 662
983 1045
368 690
807 1763
885 939
137 2209
495 896
1099 2072
1204 1433
396 1668
38 201
1251 1489
569 1794
651 936
588 1985
1109 1267
618 1095
1272 2181
1071 1283
407 1382
403 2156
987 1412
1701 2155
484 1951
410 1916
1651 1855
1047 1291
1079 2056
1438 2129
297 1277
121 1294
1647 1896
552 1623
133 1243
215 1723
1140 1397
56 2204
169 1997
283 544
818 1375
785 1763
2084 2159
131 856
336 938
343 1195
1551 1822
620 636
1320 2156
355 1594
1053 2025
1599 1637
131 1404
50 2215
930 1246
836 1733
846 2032
604 1057
267 1967
1178 1923
971 1069
115 1406
1499 2008
290 352
518 1113
60 1960
716 1329
946 1062
459 1415
1072 2123
785 1872
1243 1313
50 1008
34 1735
1282 1891
300 837
1309 1361
614 1021
0 1443
176 1537
1174 1970
594 1948
132 1763
822 1713
1224 1539
866 988
395 639
684 921
661 1623
574 1042
239 2094
1538 1774
720 751
930 1821
528 1436
1091 1590
1121 1853
176 1876
1867 1946
101 286
42 2139
189 773
192 511
415 2202
12 1936
1590 2074
585 1243
139 2042
55 962
417 1455
194 2125
845 2219
285 1988
930 1860
65 804
205 734
740 810
1720 2214
1092 1146
1017 1372
162 1562
401 712
1377 1532
964 1576
505 791
873 918
1022 1719
199 1062
521 1029
663 1997
999 1834
8 1210
63 835
793 928
566 1749
346 1929
1026 1603
1487 1982
506 838
43 1963
958 1147
934 969
1743 2162
1180 1638
534 908
1394 1545
172 1643
449 1461
1702 2207
536 1724
296 1153
1891 1969
419 1769
456 1389
206 1003
792 2051
98 751
1765 2178
440 1034
1285 2068
1133 1871
524 1607
515 809
947 1171
1489 2153
523 1104
723 2129
435 2148
1115 2191
1902 1971
127 800
298 1890
37 953
491 2137
793 1270
51 584
620 975
1193 1486
7 713
184 1116
172 1861
1574 2062
711 2168
1528 1863
1432 1532
203 1235
1937 2112
971 1847
11 2033
761 1771
749 2157
353 1912
91 1249
361 1903
652 2218
763 1625
593 1509
126 1198
500 2202
1 1992
95 615
957 1954
1255 1288
665 756
819 1338
1308 1928
1606 1737
343 1075
907 2052
961 1244
1339 2121
1384 1802
884 1945
246 753
59 1424
159 1672
265 983
309 316
1215 2208
983 1496
1960 1977
80 324
460 743
679 940
288 341
1598 2094
174 1506
1237 2209
477 1255
523 644
590 1119
245 1384
604 1639
508 1404
1036 1748
589 756
262 949
1200 1880
0 972
862 2063
20 1521
169 242
1869 2141
1244 1728
197 1394
1631 1684
1913 2191
1459 1935
949 1404
1119 1456
7 554
382 1005
1887 1987
374 1861
1674 1770
147 888
506 1214
1129 1424
196 1425
128 1539
1817 1898
1824 2222
1620 1946
154 250
431 547
462 1276
793 1719
549 1671
1112 1654
651 2167
203 646
301 1478
962 2170
350 793
926 2208
1128 1273
890 941
1308 1690
150 2005
432 839
735 1704
346 1114
164 1999
1135 1232
3 1004
800 1531
552 2171
356 1093
423 2103
1370 1686
496 1827
199 1963
123 1625
631 759
1285 2101
58 2065
108 883
1456 1673
875 1160
87 1752
277 534
600 1288
648 1402
475 1825
463 1994
1783 2033
1313 1723
1506 2105
1096 1192
430 1058
804 1924
1710 2049
399 637
747 1155
160 1371
695 2026
2165 2177
548 1325
650 902
1547 2073
916 2099
1257 1733
986 2207
587 2059
813 1334
1046 1992
532 1082
507 994
1145 2185
200 926
269 1221
209 392
235 2179
462 968
257 1070
695 807
843 855
1337 1752
179 402
1894 2074
1013 1307
485 1232
256 533
848 1047
1208 1221
1226 2025
2095 2175
1522 1692
23 1093
680 1415
1413 1425
557 652
181 2204
19 90
210 1925
260 1597
1167 1480
1081 1221
1030 1190
107 828
1357 1903
657 1100
774 1071
51 2136
926 1687
47 475
1337 1582
17 631
1537 1799
392 1711
606 1310
326 1592
677 1976
235 1332
1675 1715
1377 2161
27 1821
1748 1829
455 680
78 1158
349 2053
1539 2086
651 946
1342 1908
558 1526
481 1404
267 1173
747 1319
18 480
1008 1902
1361 2204
390 2061
1179 1946
1172 1360
446 766
906 1939
991 1695
236 844
137 1314
104 1358
598 2134
402 1577
723 1373
760 1888
916 1600
559 1091
274 1742
1560 1617
330 752
1177 1440
56 1724
793 1715
1372 2092
1069 1535
1720 1882
669 1373
282 1405
183 1150
643 1243
727 2027
881 1726
147 622
209 1720
706 1060
42 491
880 1161
791 844
245 1515
1726 2060
349 685
158 1497
813 2161
1780 2046
830 1712
406 2152
632 1442
340 1748
667 1833
717 1871
1 2185
961 1949
277 1337
374 2064
669 1834
1327 1585
18 182
33 1261
928 1883
908 1255
54 894
1577 1609
264 1813
1493 1682
331 1481
492 1764
428 1049
511 1453
799 1971
516 1539
1948 2125
697 1356
569 1169
1115 1430
128 1237
1590 1671
1083 1909
152 1200
179 1010
104 2029
1053 2096
1751 1921
938 969
1283 1659
349 577
89 1164
667 1866
1074 1483
353 806
83 1054
62 327
546 1729
815 2106
1097 1469
678 954
1026 1494
423 1185
1042 1519
1421 2113
105 421
307 552
1276 2085
15 2046
822 1493
165 2184
988 2025
1494 1660
700 2110
313 1106
2097 2164
1868 2030
497 1852
1794 1939
1688 2087
1349 1842
538 1788
367 1644
1447 1575
313 484
247 516
2 1897
123 261
629 792
881 1307
696 1081
836 1066
1315 2193
1389 1827
844 997
155 1308
2066 2189
1357 1857
695 875
211 683
1452 1983
35 2109
634 1858
55 1630
257 1551
408 1973
397 1420
591 1364
547 975
260 308
128 843
15 1255
1642 1807
1348 1797
1147 1319
1974 2116
599 1270
540 611
517 2056
1018 1852
1573 2059
1223 1616
688 1405
116 198
1220 1410
608 2058
1768 2154
11 1784
233 309
1062 1863
937 1538
37 889
637 1474
139 925
12 473
908 2185
250 1099
1831 2184
774 1412
1563 1748
335 500
782 1668
167 869
1385 1983
264 829
1261 2153
168 1340
1660 2032
1391 2167
748 1825
5 2085
876 1135
611 1562
1451 1878
2015 2047
1514 2162
860 1469
1147 2032
17 1859
1850 2129
1002 1146
249 1203
1735 1904
387 1595
313 1266
1205 1696
708 1141
19 785
1891 2041
1142 1260
422 1075
411 754
176 2036
1473 1849
39 742
1073 1919
881 1515
1467 1543
64 1266
278 2206
1303 1766
61 1571
295 2091
691 763
177 972
1058 1423
186 807
681 2146
901 949
1414 1547
1052 1132
269 623
523 1338
1336 1375
777 961
421 1394
569 1754
404 2020
416 778
371 1829
1173 2188
456 832
891 1426
638 1953
259 2028
1167 1678
286 1746
396 1704
132 2038
72 1136
1866 1983
647 1601
333 540
1223 2104
654 1800
221 1512
195 908
258 350
961 1799
868 2009
432 1439
690 2141
173 618
617 1244
1294 1962
272 1914
705 2085
577 1972
977 1145
128 1572
658 878
466 736
678 1880
1473 1899
1777 1907
1893 2069
431 983
1663 1728
1058 1075
592 1941
459 824
1589 1651
401 1584
501 1406
1004 2068
98 715
56 1577
169 2218
409 717
687 1925
853 1178
1594 2003
1699 2104
690 880
477 1648
714 1068
1258 2173
1263 1883
454 2085
305 1674
60 760
780 1465
4 1486
1380 1425
921 2142
1890 2151
330 2040
80 1050
1656 1897
998 1797
1747 2010
950 1086
1246 1829
49 2212
256 1751
1490 2133
1968 2085
1243 1367
1150 2038
113 1968
1266 1963
275 1438
1467 1873
991 2124
884 1494
1692 2087
37 1700
229 1547
1684 2222
823 1201
1193 1706
26 1833
230 1434
223 2186
73 1884
369 1169
881 2048
544 1339
402 1959
622 988
362 780
16 663
697 1140
555 1944
853 1257
1160 1791
227 1029
311 868
782 1992
329 1774
822 931
1150 1537
1365 2132
463 1558
570 1270
807 1630
1077 1806
1335 2104
446 836
56 1110
328 516
78 117
1479 1880
913 2180
247 1728
597 1947
565 889
418 804
1748 2119
491 1864
538 772
166 1806
1166 1963
807 2073
1973 2114
759 1603
327 434
146 2183
58 590
1187 2160
1177 1987
927 1223
399 717
93 1159
115 147
786 1716
1073 1395
116 156
421 695
154 773
414 1446
724 890
137 1623
1248 1924
919 956
731 1307
1052 1887
834 1835
1250 1853
1165 1605
1098 1356
1101 1689
422 2204
59 1965
108 1790
571 882
619 1077
1398 1521
162 1561
1136 1590
1011 1239
87 632
527 1083
254 1673
1780 1934
1524 1715
769 1375
831 1580
752 875
1350 1450
148 1504
33 614
58 1139
497 610
1683 1751
520 1672
1671 1898
4 474
1736 1801
860 992
263 2065
1515 2162
937 1810
2107 2190
641 1403
81 1121
373 1781
309 1613
229 1295
902 2114
426 1437
464 2096
503 1333
838 2011
298 963
701 958
1324 1472
169 2144
241 972
570 1138
1093 1576
792 1538
1189 1424
412 839
1313 1497
990 1035
531 1965
230 2070
1072 1770
982 1777
615 1653
757 1311
835 1862
1998 2035
2107 2133
219 669
652 1419
595 1052
858 981
553 1835
575 1643
1200 1750
503 2006
451 2024
421 975
821 1131
376 1299
1133 1712
256 2200
446 760
109 1262
797 1069
574 1587
587 1441
449 1607
1638 2220
1385 1888
542 2103
1693 1995
1189 1663
1023 1320
946 960
1635 2025
3 974
491 2061
596 1805
917 1112
165 1526
871 936
114 1440
46 1870
172 1067
1460 1878
856 1387
116 148
739 1889
410 1869
1504 1956
1696 1909
1846 2163
37 356
284 1923
146 747
401 1281
1128 2159
499 1250
825 1071
1898 2149
614 831
29 1800
228 748
886 1432
969 1738
962 1209
712 1213
389 1399
1364 1690
859 1776
1972 2198
97 1788
1881 2197
299 523
321 1191
907 1436
1750 2090
225 268
257 789
748 1183
296 1416
1109 1414
2138 2213
805 2052
515 681
183 1671
974 1253
633 1277
306 2056
204 570
784 1504
311 1845
436 1929
9 1702
438 654
425 520
1940 2174
454 867
168 933
424 1831
1907 2055
258 268
164 1535
1533 1846
1223 1803
444 2206
1014 1714
162 832
200 651
761 2194
151 533
885 1509
1397 1613
900 1539
815 1855
1758 2016
26 235
1451 1820
131 853
65 1623
293 561
1352 1391
1225 1254
235 1993
477 1204
1291 1806
1570 1653
247 296
265 2132
603 1368
773 1711
1584 1718
1427 1542
47 1433
412 1448
1972 2110
185 738
1301 1448
44 512
460 1215
217 1689
641 1800
1521 1852
657 842
1870 1988
637 1433
1606 1885
960 1834
869 1196
420 1351
1314 1532
88 91
1597 1638
13 2188
541 798
700 1232
1421 1905
619 2200
1509 2052
767 1808
631 716
260 1005
580 1828
391 1905
24 412
789 1876
1605 1917
1529 1675
43 1569
1923 2000
1455 1803
203 395
564 865
918 1167
1855 2054
164 1338
823 1190
351 844
353 465
723 1447
1088 2060
235 522
36 663
361 515
116 1494
270 1637
712 1668
1279 1368
212 1207
85 147
278 1452
1332 1471
1142 1810
1063 1425
280 1748
551 913
983 1431
1262 1662
1123 2176
740 1060
193 1308
1010 2071
176 905
652 1594
1279 2013
1642 1852
658 1543
1509 1904
487 1210
89 725
965 1558
185 1182
1067 1141
108 636
296 1164
1666 2017
471 1540
792 1935
440 988
597 1474
1159 1187
593 1332
776 2176
1248 1507
1006 1942
564 583
1918 2220
525 783
310 799
698 970
73 1962
505 1952
529 1188
1612 2144
237 1617
1218 1292
318 1335
681 1808
1068 1909
643 1124
1148 1348
590 1183
1384 1496
75 1079
1695 1735
1226 1839
589 1724
867 1054
8 644
86 1390
1 900
987 1338
926 1343
125 1065
689 1704
235 707
1516 1907
249 314
1456 1932
587 1176
975 2065
345 823
1587 1760
125 988
1074 2148
1548 1973
191 1297
77 1855
12 469
180 1346
888 1143
140 1752
1447 1969
432 1268
21 2140
577 1698
342 676
568 1771
599 910
910 1310
467 1644
115 1739
44 1116
249 761
53 1151
1633 2051
248 2046
19 844
799 1768
1186 2107
1502 1853
790 2195
1749 2214
2098 2214
1148 1314
829 1813
1345 1876
739 781
1184 1447
120 2220
999 1137
50 1134
344 370
551 1137
1394 1768
790 1983
1118 1832
1243 1710
317 2165
751 1209
1121 1745
928 1980
486 1323
139 1369
784 1177
1091 2020
323 649
1432 1706
715 1439
683 738
8 1692
1508 1521
952 1288
1620 1635
177 1698
307 1091
1068 1514
902 1450
825 900
1330 1346
456 1714
1096 2013
342 1873
883 1932
454 1709
509 873
34 2113
436 2015
1663 1987
1233 1603
40 96
827 1025
866 1041
795 1454
1129 2053
71 486
507 1044
626 2173
609 905
548 996
917 1062
432 1869
587 1086
793 891
612 1507
1091 2127
487 759
640 1196
51 1164
104 2115
1596 1821
812 1210
47 1375
344 866
316 576
306 1000
440 667
1860 1935
346 1890
1425 2049
1116 1812
743 1091
987 1890
250 570
199 602
1130 2107
391 1823
1541 1919
8 1452
533 661
667 1410
1213 1670
1332 2034
652 1774
111 414
981 1762
469 1623
1526 1586
479 1313
210 1742
1047 2052
497 1456
1320 2058
131 2133
1137 1626
794 2109
163 383
34 1165
374 990
252 2115
578 1432
1082 2081
722 1370
237 2130
883 1203
37 635
588 1686
648 1930
665 1609
950 2163
940 1445
780 2125
249 453
200 1769
109 1249
1643 1892
572 752
1553 1583
460 1638
494 1132
802 2089
1213 1727
896 1066
746 760
585 1198
577 1626
528 2047
730 1439
487 1572
141 626
613 2123
2144 2202
39 1907
1165 2131
901 1134
356 1476
924 1944
1418 1946
567 912
501 1972
564 1138
479 801
260 582
261 1291
1775 1804
356 1765
1728 2109
68 471
21 1168
70 339
634 1357
114 475
700 1333
423 1424
740 1549
667 1657
870 915
868 1752
1395 2193
1890 2158
803 1217
1073 1997
697 975
1556 1669
1468 1613
274 1615
432 447
774 1643
482 1444
1056 1505
982 1655
624 842
1839 2196
287 1624
457 1205
1261 1429
233 1627
29 445
671 1463
1186 1602
83 1045
244 1117
1311 1786
86 695
1145 1388
1770 2129
1206 1887
1822 2068
1072 1182
1598 1599
138 1854
589 1746
563 1705
1659 1942
1 1573
233 388
407 830
403 834
687 952
382 444
1521 1568
94 1877
1274 2073
1335 1842
802 1019
257 595
1617 2128
600 808
829 1175
285 906
1564 2062
73 541
752 843
142 710
35 303
891 1957
142 1879
1046 1868
475 1581
1463 1702
1051 1846
480 1553
510 1456
512 1829
51 745
1330 2026
1544 2024
1207 2007
671 938
1367 1389
113 1476
1513 1743
409 1663
132 143
30 1045
631 1425
570 622
290 1475
139 1798
97 788
346 1494
1348 1485
1626 1934
899 1063
234 1925
1414 2094
432 841
881 1116
1772 2130
110 1151
1772 1813
1291 2034
806 1951
1014 1355
199 468
159 801
464 1431
218 766
50 97
1337 1387
1151 1366
702 2045
739 1100
523 1517
425 1931
1022 1451
1562 2081
619 1804
490 851
430 1585
833 996
1224 1393
424 1820
838 2186
654 1770
177 793
1564 1684
1434 1811
1113 1516
1481 2032
1441 2221
1239 1567
1431 1640
186 389
1460 2040
833 1095
909 1904
646 671
329 1521
1695 2104
407 1705
1522 1554
841 1122
815 1370
59 1363
1577 2221
1720 2030
1755 2051
761 1534
732 1225
102 1448
58 2186
2188 2206
507 1506
1342 1381
605 2079
1061 1656
889 1215
1907 1998
295 1392
658 1230
258 1117
367 495
896 2035
846 1329
377 1406
80 253
628 1556
27 803
795 1757
490 1246
1353 1742
1262 1620
974 1586
71 1888
928 2051
1572 1715
1099 1528
1023 1407
1406 1493
183 1597
1192 1950
855 1102
86 484
636 867
1031 1848
898 1456
1211 1583
663 1527
1800 2091
650 1601
561 843
1216 1661
6 440
802 1514
814 1795
1707 2190
915 1350
1589 1708
494 2194
242 2011
878 1246
318 2046
393 2162
1765 1875
1786 1894
611 1185
1753 1932
625 977
181 984
667 1285
876 1193
593 800
534 1244
384 440
1221 1794
49 699
301 1803
149 2098
917 1367
688 1132
748 2159
2027 2143
33 2060
1112 1680
249 1675
250 873
282 1634
1664 1707
772 2177
577 1901
1502 1946
442 885
963 1714
1840 2199
30 836
834 990
693 1383
158 1582
1156 1442
892 1831
532 796
1181 1861
170 708
795 2187
225 975
453 1053
29 1517
23 855
538 2196
165 365
210 2089
97 1898
324 958
1369 1404
1600 1623
1772 2211
1179 1933
580 2147
1732 2033
487 1701
84 2055
303 1594
955 1542
1277 2096
716 1531
250 1419
656 823
1029 1457
1804 1814
505 521
60 837
172 1586
822 881
764 1570
1767 1783
341 2131
31 2023
744 1245
319 757
1157 1603
33 521
302 2107
743 1621
494 821
610 1217
1775 1901
145 362
60 1898
1377 1487
451 1645
380 1565
1065 1947
1329 2198
950 1472
1340 2024
1142 1184
57 1712
1116 1327
1996 2196
227 1908
679 1916
130 1648
1098 1472
1811 1897
859 1162
12 467
782 1820
162 260
324 1343
1180 2132
1379 1652
522 1315
1995 2090
228 1660
560 1895
627 1926
1762 1824
214 1769
950 1831
1617 2018
31 437
1048 1852
411 464
368 2015
1608 1776
410 812
852 1232
1133 1472
490 616
