1090 1491
993 1938
348 1351
349 919
403 1422
910 1308
1347 1756
262 1369
23 1762
1090 1779
433 823
1110 1884
857 2187
481 1686
1748 2032
512 2178
1230 2115
1506 2116
36 1467
1683 1936
918 2205
401 560
1006 1376
193 2121
322 971
1073 2164
1600 1713
496 1651
78 276
36 1259
1420 2209
2039 2127
655 1760
360 459
205 541
120 1273
64 1456
216 987
108 1261
1655 1769
627 915
1159 2140
1373 1548
595 2183
1165 1967
466 1289
1046 2107
279 407
1230 1985
1024 1206
1017 1081
814 1020
201 1012
756 2040
1132 1556
411 1154
933 1786
199 2149
481 644
1370 2077
787 946
1182 1919
473 2194
156 1458
357 799
439 1802
866 2041
234 1588
345 1475
97 176
1281 1734
1969 2152
1865 2169
497 994
35 2185
1225 2168
1547 1584
154 561
1572 1613
1386 1527
1259 1942
288 439
1671 1763
90 1752
1251 1861
1004 2131
1014 1514
1643 2049
1375 1753
1402 1854
734 797
1604 1885
1140 1346
224 1747
405 1001
1428 1868
1665 2029
125 816
357 1396
1503 1509
294 1503
262 1196
475 522
674 1714
544 2130
69 195
1739 1749
943 2198
744 918
1066 1456
938 1896
1144 1894
974 1439
740 2098
2131 2145
384 909
393 1517
1625 2142
1014 1180
492 1411
37 667
98 1022
351 2207
1342 1817
690 1031
1328 1499
224 1990
119 2116
1734 1914
729 1591
482 1842
272 1162
1387 2164
463 2029
702 781
818 1843
558 1507
172 583
1517 1717
1819 1878
1370 1793
627 2158
239 963
332 1153
829 1988
2045 2118
1579 2218
419 483
135 721
1596 1636
1246 1403
520 1246
1432 1879
235 1034
289 1831
1090 1987
949 1399
571 1259
951 2203
1354 1533
24 1631
475 1735
353 1188
670 1705
999 1903
438 2090
1178 2167
20 485
833 1528
1167 1932
939 2115
1006 2078
514 2193
339 621
1071 1122
681 1106
228 618
1787 2207
329 2107
114 1589
1138 2141
8 199
723 851
1586 2222
906 1674
610 1746
715 1475
1555 1753
243 855
551 2105
1027 1283
36 1534
962 1545
158 2174
304 2024
634 782
219 1283
1406 1633
1053 1764
1315 2201
1288 1556
725 1386
676 1757
1115 1917
1852 2129
261 302
822 1682
407 1366
1530 2162
1640 1999
698 1810
1653 1877
373 506
1728 1848
1379 2094
585 1727
315 652
666 1761
64 1440
915 1726
849 2163
366 1875
1482 1931
1509 2194
952 1152
234 1604
373 1909
1167 1262
85 924
1375 1745
439 2207
166 1723
1913 2112
243 500
284 630
202 2201
1905 2184
574 931
691 892
1042 1631
525 2136
203 492
138 360
350 2040
498 1177
1326 1876
837 1234
1207 1496
1029 2130
651 1104
3 2102
571 1080
166 306
678 2163
723 1320
744 858
1307 1596
669 1927
83 2008
2127 2138
441 643
191 1623
620 960
348 785
777 1531
425 2060
709 1459
227 1613
900 905
794 1316
1144 1684
535 2013
1212 1964
153 1125
1108 1777
69 1195
609 1721
2019 2110
19 318
1576 1760
153 2212
778 1950
681 772
205 1896
399 860
830 1674
1501 1542
278 1397
1372 1594
288 2152
847 1982
891 2110
438 1017
143 1412
936 1705
674 857
91 1747
59 643
1050 1187
696 1745
860 2192
1754 1801
451 1730
988 1356
838 1669
832 1174
1221 1731
1299 1707
1360 1918
404 1966
92 1883
1558 2159
1445 2009
286 531
154 1260
394 1716
714 1989
786 1184
1586 1952
1068 1762
1574 2134
1614 2188
1476 1513
19 1319
492 606
235 428
1329 1522
470 1938
520 1184
100 1652
1281 1816
886 975
346 380
979 1643
847 1596
1286 1319
1534 2009
383 1171
478 1188
448 1346
485 1560
522 2220
1251 1501
485 1440
592 2021
256 2145
132 1367
66 1941
696 1138
1361 2190
1294 1733
901 1550
1188 1405
1150 1875
322 1984
1462 2016
552 1108
385 704
93 730
1037 1374
716 1336
274 1818
291 339
329 373
478 1166
1048 2124
765 2060
25 1276
1915 2186
1223 1232
841 1606
1347 1556
576 1114
554 1451
13 737
1733 1944
1736 1908
114 1596
34 1538
163 546
992 1197
387 2005
547 1031
76 706
133 1799
522 2150
1459 2019
791 1007
579 2102
1053 2097
92 532
269 1262
259 2034
1530 1920
1208 2200
376 580
1105 2158
1583 2151
989 1259
358 1685
76 656
718 1881
1265 1283
1257 1402
1101 1822
1617 1637
40 1621
310 741
1598 2030
78 811
347 1935
1374 1831
315 1617
2072 2185
781 1132
1859 2149
699 1950
288 2102
785 1948
1424 1458
1200 1465
1604 2052
493 2206
651 2062
950 1862
537 1195
627 1497
817 948
135 2200
821 1370
1250 1940
1332 1419
1428 2111
479 1045
742 1612
332 511
371 851
145 2009
1164 1229
481 1130
314 1208
1476 2175
1137 2066
90 594
647 2128
1138 2003
1151 2164
1135 1650
1085 1756
907 1821
436 1053
652 1817
403 1511
107 1594
1569 1816
399 1029
366 1860
1481 2011
1561 1606
175 250
362 1429
514 2047
1375 2173
56 2167
788 1666
1073 1817
863 1810
90 1148
365 368
1807 2217
1245 1971
1380 1981
48 1129
667 1441
1271 2025
689 970
330 639
156 456
786 1687
21 1294
163 1537
482 1256
1068 1110
966 1492
588 1644
307 1078
548 1861
1061 1474
1683 1739
1613 2108
732 2063
1747 1913
1036 1873
1311 1775
491 671
1304 1451
332 763
175 1307
800 1211
817 1178
454 1979
553 1332
443 1234
507 1861
41 1084
80 504
1129 2152
369 512
1712 1939
1258 1985
1305 1361
1266 1939
726 1440
803 979
167 2066
1562 1657
619 622
494 911
913 1943
372 496
439 954
993 1136
92 994
558 1615
305 1852
1055 1508
1173 1405
1500 2097
515 595
413 700
257 323
372 1637
418 1632
226 1234
927 1652
434 460
963 1723
507 777
136 2182
558 1741
332 1205
175 802
603 929
185 1307
89 652
272 794
113 120
506 1949
1080 2083
5 1962
1172 2026
1721 1856
529 1712
867 1783
705 1435
790 1846
1454 1863
782 1705
1346 1775
74 1786
528 859
11 1492
118 1245
83 1103
196 582
1933 2159
1820 1935
1533 1814
758 1081
259 705
1627 1922
429 779
933 1424
908 1935
220 1508
385 1441
20 2153
16 1578
106 1502
1429 1786
303 2177
20 1549
362 1394
1165 2012
357 1386
1186 1394
1196 2134
1625 1852
1891 1903
434 1179
162 1644
30 1039
246 1742
1272 2098
1004 1290
157 1566
1088 1745
295 1494
674 691
442 1950
1223 1597
52 1456
970 1138
448 1422
445 1192
128 1132
257 2139
414 1694
1073 1111
1128 1166
986 1985
150 1619
171 942
548 2033
617 836
827 2084
811 1144
737 891
1366 2120
89 1351
636 763
184 1241
206 1380
855 1859
369 1075
1260 1884
70 415
1530 1536
570 844
1817 1953
393 848
769 1587
119 957
426 944
1365 1535
1970 2197
842 1854
1911 1939
1359 1677
275 2048
771 891
454 534
262 1652
720 1152
525 544
288 631
592 2051
2147 2169
794 1321
388 2106
1003 2210
1442 1723
626 1886
558 2136
218 2131
1106 1132
404 1507
1457 1594
744 1431
1422 1745
887 982
698 1187
129 1235
826 2083
82 2085
137 2148
363 1336
206 1651
244 593
1130 1201
1177 1447
1719 1784
23 1696
1608 2112
355 1921
1486 2174
1345 1520
395 1508
165 2217
126 504
1556 1694
1840 2029
107 1344
351 1796
2056 2086
362 1095
896 1617
264 1612
605 1294
850 922
271 2213
108 1842
1123 1670
1520 1627
692 1768
140 2102
1074 1544
1286 2003
343 810
1363 2200
189 1513
155 563
799 1213
1836 2210
461 1716
525 2150
129 673
484 1476
122 322
554 1571
1330 1718
1477 1622
2080 2082
138 1036
1319 1474
309 1923
956 1516
744 879
2127 2168
978 1595
351 1822
62 2072
1916 2113
101 104
134 537
648 944
1180 1926
376 397
251 681
248 715
680 1409
1702 1851
1095 1743
97 819
948 1884
870 1108
1580 1890
399 1348
1608 1909
645 1077
690 1823
1288 1867
31 538
1144 1811
557 558
329 404
40 1848
212 1777
430 750
299 2217
1486 1994
292 1984
216 1035
1262 1623
135 1788
143 1361
216 1822
235 310
226 1689
52 1761
606 843
1780 2034
93 1609
1018 1242
161 1051
868 921
660 1849
143 718
1841 2020
860 1558
74 1065
1879 2122
41 121
516 546
805 824
884 1164
449 1508
215 1461
119 594
419 668
815 2140
86 1658
827 1766
702 1211
1259 1407
889 1875
388 431
1163 2158
1415 2069
833 1450
1405 1414
874 1371
1129 2145
468 1291
744 1273
446 1462
702 1176
403 514
1328 1556
634 1515
100 2183
114 602
608 1479
967 1819
884 2023
1510 1619
444 702
85 1717
148 1870
64 1202
238 1223
293 1266
362 1627
740 1628
362 656
1024 2172
1096 1833
634 1658
853 2002
1481 2150
1043 1867
847 1960
486 1488
4 1790
1399 2134
65 452
764 1554
50 1087
125 654
1178 1735
461 1096
495 1656
559 741
885 1871
1492 1624
33 864
1277 1565
316 450
88 1997
948 969
926 1756
1576 1906
84 1921
265 497
48 815
72 1009
931 1435
315 580
585 1504
652 2142
135 829
7 302
96 1673
282 441
374 1737
1554 1816
1202 1247
947 949
473 1646
1121 1235
876 1299
171 1706
107 1298
247 1344
627 1122
1937 1944
1256 1825
557 1484
997 2074
1387 1704
1627 2072
175 1179
485 2156
257 2116
1754 2147
733 1990
1435 2136
174 663
1233 2200
2007 2027
480 1362
258 1635
136 1849
29 1223
177 1036
397 1260
1091 1370
1976 2116
300 1433
1326 1884
44 1426
637 723
802 1178
323 1841
1414 2147
47 979
462 563
1481 1836
1670 1865
1084 1888
615 1189
362 1367
309 1783
207 734
416 1067
560 1612
103 1532
1394 1701
672 1730
156 229
1042 1774
265 1329
569 1650
1900 1910
807 1478
824 869
783 1213
669 764
248 562
112 782
68 1583
666 1257
162 2087
1733 1992
296 1795
21 1044
85 1545
788 1978
1867 1948
1535 1813
1381 1999
2206 2218
108 206
978 1559
146 1505
280 1708
627 743
1853 2154
215 279
887 1691
423 724
857 1500
1088 2063
877 1602
1019 1788
857 1774
578 2078
1825 2080
719 1624
777 1127
1250 2045
748 1992
371 1795
1310 1572
389 534
2008 2027
25 1551
690 910
1100 1885
512 903
1427 1535
1659 1781
550 856
1122 1662
504 1303
584 1813
1472 1618
1700 1847
635 1682
634 2190
461 811
229 1815
64 2128
634 1049
1033 1596
640 1418
172 1976
183 2173
1293 1924
782 975
1027 1120
505 1168
627 1768
1334 1788
1171 1936
40 417
909 1573
1325 1721
354 539
167 977
1286 1785
114 1159
220 1107
505 1913
171 927
1212 1508
428 621
462 1920
1325 1365
979 1851
138 1080
201 1250
299 835
29 685
561 1209
147 2109
409 1276
472 1902
191 417
538 712
244 574
72 1697
251 1169
1135 1185
74 322
769 1030
1767 1987
358 374
658 1663
210 1365
847 2027
353 566
2042 2201
879 1670
645 1854
1691 1985
39 760
204 745
282 1404
218 500
574 979
1329 1336
903 1315
38 650
438 575
206 944
1881 2018
1090 2110
1186 1220
156 1835
513 889
65 1595
1294 1988
87 1457
375 640
399 1185
640 821
193 371
952 1417
341 1891
225 702
551 1845
604 1203
229 697
235 1033
738 848
379 992
667 1371
150 213
1311 2136
726 2202
160 2078
854 1475
1011 1071
767 921
153 770
178 1349
621 1737
585 1456
161 753
1877 2152
680 1133
691 1446
1100 2020
633 1692
65 441
909 2185
864 867
850 1257
722 1830
569 1730
8 165
433 572
1433 2095
104 1049
1591 1825
280 394
31 498
1169 2091
331 1884
15 2130
162 837
1352 1916
82 1779
206 2194
408 1910
15 1247
8 791
965 2099
570 1077
102 1579
871 1976
28 200
712 1041
1472 1551
1569 2156
1971 2101
664 1210
1301 1478
600 2220
624 1481
945 977
1504 2117
192 2090
178 1198
700 1722
1472 2027
229 988
248 1113
1411 2176
67 286
1505 1781
38 1431
908 1596
956 2156
673 1667
821 1967
482 909
270 863
146 2124
1513 1538
1206 1324
577 903
399 1059
1420 1749
387 484
1183 1348
952 1177
304 880
288 1818
1117 1199
337 2088
43 919
678 1319
48 1648
1715 1860
1129 1273
600 1546
1579 1928
139 831
1567 1676
1416 1625
274 1641
494 1308
119 352
691 814
78 1633
1176 1792
1225 2039
35 1409
447 1500
1554 1795
183 953
159 544
1793 1983
271 942
43 1850
937 1184
1334 1744
1014 2035
1243 1643
1193 1292
436 664
911 1839
966 1842
250 866
160 953
350 1509
717 2058
853 1413
180 397
322 1560
201 1161
350 1597
288 663
44 1997
1434 1504
128 746
100 1864
77 1296
537 1060
760 1160
29 2020
1815 1955
2121 2172
169 1360
1951 1986
422 770
263 544
499 1649
763 1105
356 361
753 1521
398 1295
820 1343
172 1461
1382 2145
1115 1604
193 462
588 638
1104 1809
75 858
1152 1293
275 1688
944 2142
369 463
882 1347
27 1231
1079 1695
720 924
204 2148
1806 2041
787 1374
596 959
995 1439
266 1190
1278 1313
508 1693
1908 2031
26 1294
440 1824
86 1676
191 2082
424 532
1367 1794
848 1090
1609 1923
1930 2106
574 706
381 590
815 1421
389 2191
128 1858
1537 2042
201 963
22 2128
1203 1890
72 1915
696 2094
822 1607
822 1402
521 1855
45 442
1795 1803
77 840
510 530
56 934
74 1697
561 2038
90 896
1154 1996
1441 1792
311 364
1328 2038
1181 1661
1164 2079
1089 2073
1430 1654
555 1211
143 468
2107 2130
777 2065
225 1381
570 2016
656 1411
228 2035
587 1783
689 1700
1446 1771
223 2009
576 2121
430 1264
937 1337
1569 1574
55 122
488 914
90 262
969 1068
1381 2076
1121 2181
208 611
0 869
228 961
548 1667
1562 1896
507 1162
1248 1708
1574 1631
58 670
547 1936
26 1541
120 839
280 625
980 1811
163 1609
351 876
217 1692
20 651
477 580
647 1012
651 1535
170 1260
390 675
870 1515
737 768
311 733
499 1681
336 953
1659 1784
536 2036
1570 1749
1364 1737
1 1762
226 556
889 1456
815 949
424 449
567 1203
600 1494
69 94
122 934
646 1632
1550 1607
309 1339
571 1946
23 960
356 384
549 679
1637 1917
135 2040
206 1404
266 999
998 1583
173 2074
71 726
730 1997
633 771
1559 2048
209 2052
976 2058
567 579
1465 1964
819 1801
291 1534
741 957
644 1490
200 1543
1598 1899
1336 1542
478 615
841 2077
487 1848
372 1747
976 979
168 1056
417 442
165 1032
1292 2192
1311 1838
51 84
1512 2078
469 1804
85 918
18 409
719 2073
578 1670
523 851
186 1493
345 1772
1054 1254
1086 1487
392 2169
131 410
1040 2100
27 1108
117 1983
116 1633
638 1590
656 1163
254 1403
64 1740
1115 1490
400 554
1254 2092
1238 1509
1324 1850
541 2109
76 662
795 1315
900 2184
558 2204
1471 1743
247 979
356 705
536 2121
290 1349
391 990
260 653
2009 2182
63 953
260 728
346 2115
1610 2222
1655 1812
846 1290
286 1682
352 1623
524 1668
270 1141
148 1601
381 1657
844 1120
553 926
635 1950
641 644
298 358
1153 1932
1311 1712
1423 1579
455 991
282 2188
193 1437
1 755
249 2078
584 1810
1599 2113
124 1194
14 392
298 571
809 1611
25 96
647 1749
346 2145
1289 2107
727 1244
374 762
1993 2024
128 1867
39 442
714 876
810 2138
8 1876
157 2097
704 1029
1704 2209
287 1406
1594 1758
1807 1836
625 828
134 1636
1319 1505
574 1260
247 1364
1200 1860
288 1704
270 2094
568 1250
274 2049
195 1584
960 1523
663 853
1185 1771
410 2078
958 1593
1213 1670
212 2200
1333 2218
265 605
0 360
755 2015
1402 1453
979 2015
1498 1841
1314 1585
1542 1853
781 1677
1795 2047
1202 1610
473 1717
333 521
707 1514
236 1816
227 1910
338 1802
772 881
926 1208
709 721
613 1242
281 1630
412 1424
1654 2048
549 1263
134 2177
519 2194
644 2214
777 889
359 878
560 1966
727 1137
1891 1944
530 2027
275 1529
1043 1622
252 2013
932 1416
697 1447
643 2202
876 1611
1204 2220
1403 1444
90 367
280 434
456 497
247 1668
813 829
794 1567
464 2077
1061 1259
1177 2072
1312 1730
1492 2125
1440 1686
1294 1778
513 682
226 1981
640 1208
1793 1843
1080 1953
968 1093
641 685
76 1716
930 1780
865 959
612 2035
349 482
323 324
409 1621
52 173
125 2038
804 1458
273 1989
1563 1951
532 2170
739 2017
201 1950
1901 2087
418 2205
1111 1408
778 1984
939 1033
510 1266
1094 1986
656 1081
384 1842
1849 2061
418 1858
748 1407
888 2053
900 1377
346 1915
77 2064
1749 2180
388 1596
1366 1869
905 1581
1000 1472
86 2162
622 2004
1289 2033
494 1152
245 2085
388 1172
1048 1124
1826 2172
94 1187
344 2055
650 2085
56 1268
950 1182
122 164
389 1536
25 1301
330 1347
572 1460
79 1328
24 2179
1657 2177
1385 1873
75 2185
741 1849
809 1491
265 1660
816 1739
1202 1744
664 1087
25 1132
128 1090
554 1975
1329 1744
133 1086
378 1694
54 707
234 1906
1302 2088
931 1080
1035 1085
139 1628
1085 1159
442 1131
978 1897
179 1112
367 770
91 398
1435 2190
1433 1568
1061 1130
184 1963
275 1013
245 1950
92 1190
575 792
359 1150
26 1074
452 1830
407 922
626 1382
1338 1886
1565 1600
841 2076
1542 2013
1173 1521
354 967
415 1047
1113 1719
197 2209
896 1135
491 2043
204 1164
1117 1600
1998 2057
62 1864
809 1270
354 1472
723 810
992 1503
1204 1909
1005 1050
993 1274
572 903
261 1731
514 1674
519 1085
1599 1786
1310 2044
1082 2213
1206 1228
1248 2058
303 464
435 2106
823 1057
304 2019
976 2191
800 1566
588 1482
366 966
246 1432
255 932
81 2197
1576 1648
526 2051
582 818
392 1510
1571 1921
6 493
589 1410
760 841
456 958
679 1720
692 2216
36 519
689 861
1110 2157
342 1072
415 840
482 501
1455 1572
895 1042
1034 1964
855 1888
1332 1574
892 897
486 1557
198 1762
327 1699
353 385
1529 1538
1190 1496
10 1539
304 1097
1157 1870
1297 1959
281 605
672 1132
1061 2063
105 670
444 1224
1169 2142
816 2221
619 940
589 1459
764 1774
659 999
1393 1717
1088 1926
371 914
41 648
1014 1112
603 983
754 1939
82 1798
634 777
783 1974
357 2045
51 1603
1856 2202
805 1190
387 1920
413 512
802 1906
1042 1133
857 1270
146 1921
178 1157
500 736
1238 1648
419 1491
1539 1833
971 1950
947 978
536 1608
164 1089
116 1446
368 1788
1140 1642
488 964
1088 1464
1233 1738
136 1188
397 1401
651 2217
378 2210
1069 1150
360 1326
292 1799
1518 1714
1128 2108
290 749
152 505
202 1568
244 1818
1538 1645
865 2183
431 676
530 1533
1048 2052
37 365
1211 1412
371 1403
1507 2035
91 2109
1536 2218
280 336
1815 1817
916 1668
307 1951
303 1564
1161 1735
306 1927
2004 2046
494 1126
926 1403
1435 1882
939 1734
1669 2081
487 1379
666 750
576 1404
1332 1700
888 1513
674 1830
827 1542
1012 2197
766 1028
1220 1656
1476 2016
93 500
280 1808
49 1579
1222 2069
79 1430
162 426
1269 2115
51 825
824 961
597 1637
552 1115
953 967
2045 2124
607 1986
304 578
271 1755
48 423
248 587
519 1038
1425 1914
1250 1528
673 1316
409 1581
1702 1782
504 793
574 1580
138 306
362 1586
1317 2150
871 1723
1147 1596
70 1752
357 1490
1436 1506
432 731
241 1671
390 2113
1321 1383
396 1240
1740 2019
1667 1738
359 1521
1401 1557
964 1512
1992 2155
1651 1855
361 838
156 234
320 1766
1480 1514
912 1250
71 2024
1426 1951
457 1811
903 1921
656 1855
800 854
839 1748
388 1487
137 1731
323 1301
385 1560
1294 1567
99 2043
1134 1305
1071 1903
463 1588
496 864
21 167
844 2014
442 634
1154 1342
725 1660
1172 1849
1858 2028
987 1425
661 1531
218 447
4 1194
602 1407
986 1060
593 1686
1376 1886
181 784
55 1709
548 847
662 917
103 304
669 1617
1191 1403
1310 1582
1113 1380
709 1268
188 859
128 365
523 929
1081 1292
963 1123
589 1113
427 1502
483 1798
1597 1706
524 1734
46 1181
370 1442
608 2137
1764 2074
1281 1962
1027 1889
1342 1515
256 2018
1484 2038
1037 1829
254 1081
336 1925
1210 1506
810 1483
606 984
236 851
881 1430
432 438
768 1103
593 805
536 1981
667 1681
706 1085
72 451
748 1240
973 1063
278 1674
265 1081
187 692
1156 1863
1211 1570
928 1263
1525 1980
902 1601
1471 1815
1256 1718
523 1323
1130 1861
741 1299
1129 1358
103 849
244 1008
657 2121
196 1679
806 1473
452 612
183 915
1025 1984
752 2206
440 837
584 802
1062 1910
153 2088
554 1582
375 834
1331 1470
674 1088
238 2104
1404 1811
963 1347
1216 1971
275 2003
1666 2053
1264 2099
929 1258
886 2112
199 417
1168 1987
369 1495
430 1336
561 1455
929 1058
880 1127
219 349
378 1974
1411 2004
742 1256
1331 1967
804 2162
951 1444
996 2029
1331 2135
767 841
505 1240
1119 1993
54 1314
1464 1720
1217 1353
1446 1485
366 1288
1660 1801
1688 2001
169 192
379 2163
759 1967
1398 1873
953 1228
1671 2008
415 442
168 2160
218 1894
1224 1405
1764 2218
447 811
434 747
857 1341
613 791
443 1072
118 1502
861 1938
140 729
250 805
1747 1915
80 1559
298 971
10 2128
98 2128
97 1012
239 1469
1011 1780
323 706
392 655
632 970
283 1062
148 1942
246 740
338 1392
158 1304
1512 1741
298 889
1564 2075
1856 2036
1312 1586
59 427
857 1878
496 866
1045 1481
449 1807
122 1446
1316 1403
1828 2009
1042 1703
544 1770
274 723
28 165
496 1069
120 384
833 1266
433 714
933 1769
1419 2040
220 2208
1221 1261
985 1654
1187 1672
1305 1751
1237 1743
1961 2048
1469 2064
549 1688
41 1109
654 1393
1233 1430
611 1517
1800 1880
1063 1447
1221 2042
1309 2217
194 1168
1306 1528
579 1223
955 1011
1770 1969
201 282
285 1256
961 2174
516 2120
205 2213
1528 2038
1510 1604
9 1022
1173 1401
177 1110
513 784
1314 2016
1366 1767
365 1270
1016 1391
4 2204
535 536
1071 1325
534 2183
578 1102
1326 1471
125 1684
1702 1923
474 2060
129 176
224 1904
21 1557
969 1540
560 1351
422 1412
1317 1780
81 398
406 1975
804 1085
514 842
1964 2047
422 1374
508 1549
299 1654
503 1450
2033 2147
689 1917
248 1823
803 1158
1171 1960
871 872
193 1205
304 1791
79 1266
1064 1699
1129 1408
384 2205
566 1193
1171 1590
1064 1478
1233 1864
292 1760
311 461
117 267
79 1959
339 1204
1876 2209
2009 2083
162 2137
255 2083
1772 1972
438 707
1791 2014
102 529
148 2042
1776 2114
359 2063
1157 2173
970 2126
614 1364
1423 2184
186 1686
528 2156
260 978
335 1339
76 1063
1121 1593
1348 2109
824 2040
1429 1687
1157 1923
1754 1847
624 1130
1424 2039
644 1784
746 1575
101 805
415 1050
233 966
102 1895
329 682
976 2105
329 906
75 1769
523 1536
202 942
75 866
172 947
54 2093
129 280
1307 1803
1385 1953
310 2115
345 1663
1283 2072
176 1584
155 534
727 1807
874 2025
547 1788
507 1132
1315 1569
54 1834
499 966
401 1351
605 1389
73 2011
1299 1554
985 1826
531 821
781 1350
646 669
1583 1877
1025 1879
898 1534
530 1926
848 2025
2126 2207
358 1716
373 1682
525 1504
1260 1910
740 2218
1442 1758
1240 1902
331 2060
18 1816
783 1822
553 719
465 1001
648 2074
972 1282
1540 1773
842 1383
416 892
594 1055
619 1104
10 848
69 137
779 1960
35 913
58 333
529 1528
798 2196
18 1686
541 1807
809 2099
155 539
1667 2145
28 1302
814 1236
70 171
974 1681
442 1703
662 742
668 1132
82 636
1579 1842
195 1291
520 673
555 849
1371 1518
414 1889
265 1097
489 1608
1242 2216
355 1685
1517 2219
439 1113
349 1814
1748 2221
1223 1930
269 646
187 1014
877 1695
164 1184
747 1046
579 1484
1351 1710
1331 2001
145 1602
329 1188
212 1461
484 1740
1287 1345
160 1570
435 1015
860 902
1080 1768
928 1204
1475 1856
64 280
934 1655
1183 1346
388 479
1059 1289
945 1759
213 359
2021 2024
1700 2063
1615 2012
43 83
349 2029
1206 1218
910 923
1484 1794
844 1927
161 1076
563 1072
120 1260
99 879
919 1004
510 959
542 1631
356 1096
655 1951
613 1271
664 848
377 1678
80 1504
100 1362
89 183
1362 1656
1651 1680
691 1687
1007 2214
543 1085
928 2132
1804 2025
660 746
348 389
911 2021
95 896
315 1042
250 1866
988 1098
1360 2083
87 233
977 1156
211 1738
844 2155
1203 1606
60 1616
1162 1796
108 137
1055 2188
45 611
690 1276
316 798
442 1654
801 2045
1022 1088
1603 1733
1077 1125
632 1906
398 1677
712 1619
402 633
164 1866
1588 1717
1040 1553
1562 1951
1832 1850
1019 2113
1904 1952
1246 1975
82 666
348 1164
1130 1251
787 2021
1378 2070
244 1028
1183 1305
876 1946
1337 1782
171 1915
1363 1955
1665 1851
916 1602
2 526
589 1295
73 1229
1316 1614
966 1324
367 1420
1178 2129
1418 2145
9 529
176 933
1179 1312
892 1117
714 2053
10 95
45 1207
85 2074
15 56
1083 1662
363 646
153 1645
1704 2022
224 1527
1187 1474
185 1491
576 913
407 996
487 1604
742 1942
53 602
1434 1696
887 2037
617 2164
312 817
1948 2060
1922 2005
918 1269
562 2200
625 1243
420 1619
267 2046
202 2148
1603 1643
265 506
697 1898
1759 1857
484 1082
1600 2122
1220 1575
265 1279
1094 1417
713 2087
761 2185
1129 1698
102 1976
799 2117
179 608
1983 2076
761 1327
552 2076
821 2114
87 667
1287 2202
470 630
50 662
333 1647
579 773
1652 2063
1081 1393
1300 1663
1597 1856
383 529
289 454
291 1096
1330 1430
58 2162
874 934
665 780
1486 1529
1134 1362
266 1692
943 2136
1474 1668
240 1702
257 1059
84 781
233 1643
195 1336
1070 1147
107 955
278 1295
1946 2124
718 825
114 1131
38 1864
481 740
733 1020
384 908
977 1815
34 2215
138 1790
918 1272
72 1696
583 1618
1241 1662
445 2020
343 1655
548 969
553 1749
1926 1958
788 880
263 1025
1393 1968
806 1386
830 1923
663 738
43 1378
1964 2064
1540 1563
38 240
1474 1764
1141 1315
186 1735
904 1877
190 192
361 1166
1217 1637
530 994
542 2150
1494 1796
782 1908
1485 1940
122 918
135 1599
616 737
65 1712
125 596
847 1989
149 2048
427 511
817 1684
1312 1801
692 1830
376 1231
418 670
89 180
676 1094
265 508
23 2148
125 623
538 1593
668 807
1746 2096
5 1370
780 1237
594 1773
80 376
1267 2175
1202 1782
1018 2078
2006 2126
360 1826
489 1073
504 1606
372 2061
1210 2202
201 1734
1674 2077
385 778
864 1925
19 1404
1120 1597
765 1817
789 2166
672 807
774 1722
1574 1748
851 975
254 1460
1352 1647
209 1940
193 2159
324 667
1486 1903
868 1888
620 662
1018 2006
1153 1876
557 612
795 2038
182 1518
1773 1911
148 1142
357 751
271 2043
528 921
694 2125
90 156
1280 1620
1712 1874
1400 1729
233 1223
184 1226
56 2216
953 1154
578 1531
470 686
245 1886
105 1284
1859 1935
584 599
247 1930
1452 1454
1018 1614
94 727
1284 2113
1414 1644
287 808
1201 2111
1366 2037
524 600
470 1542
1188 1913
718 1381
566 725
561 852
20 1504
452 1539
342 2115
362 2014
920 1705
965 1977
103 490
210 545
1001 1185
1700 1915
46 993
1164 1807
952 1869
109 242
842 954
1362 1994
77 1111
395 1846
1206 1605
645 2059
1091 1207
22 167
266 927
86 257
911 1044
338 1506
1438 2002
1339 2020
354 2048
533 1424
1353 1531
1852 1957
781 1499
39 505
600 1567
142 501
1447 1899
813 1736
801 1831
1948 1995
396 1270
340 1235
475 870
896 1557
185 1200
1247 1954
1673 2165
426 1726
839 1450
1112 1429
565 1816
1999 2134
148 1718
1703 2042
1133 1238
696 2150
921 1566
1376 1378
85 623
769 1918
481 808
1247 1825
877 1540
2015 2016
615 1194
1315 1686
548 793
601 1484
1221 1272
1664 2142
1020 1726
1160 1771
493 2119
85 791
387 1140
1023 1943
93 1721
395 1722
1206 1992
711 751
207 1148
1196 1934
251 1327
621 1549
1500 2129
156 649
416 1828
120 987
1741 1821
477 1857
86 2147
1253 2216
676 1091
1477 1794
14 1257
532 1010
1820 2206
1788 1915
1340 2132
121 421
907 1763
994 1613
165 544
1340 1589
242 1889
212 977
344 2031
605 1082
17 271
410 1812
85 437
890 1272
283 1154
473 1455
704 2199
864 1654
1272 1867
292 386
119 1251
1735 2131
1309 1976
421 521
777 1443
18 1586
562 1908
437 757
842 1714
907 992
655 1811
2101 2158
1099 2066
581 682
195 972
590 2086
341 1042
413 663
695 1528
506 1099
1168 1799
536 1642
1134 2092
574 1861
1531 1589
1362 1528
385 1859
976 1871
950 1292
125 574
206 1073
79 1508
936 1019
473 1263
613 790
1633 2103
764 2021
134 1529
233 327
139 1394
1523 1832
922 1161
765 2040
76 1988
233 377
1636 1742
1393 1596
1481 1990
732 1695
498 1879
287 612
456 1261
590 2020
940 1561
1714 2170
243 1489
714 1561
676 1018
95 1412
905 2077
1274 1622
776 1517
924 1286
655 812
93 817
1242 1614
1200 1740
1541 1833
104 1952
1273 1837
1320 2021
315 791
1030 1938
1295 1821
908 1771
300 651
1358 1624
2035 2141
1206 1222
338 1033
275 464
35 946
1363 1861
1452 2105
633 674
826 1868
505 1716
597 1144
58 426
632 1198
1320 1819
306 615
623 1111
439 1254
1712 2215
269 1752
150 1676
176 431
580 784
527 1246
1042 1959
710 1688
1120 2204
1387 1523
71 506
561 1617
1123 2134
356 1173
1268 1972
463 1467
111 1776
1768 1860
1094 1423
476 512
1128 1591
40 909
267 1942
1143 2069
91 1267
486 2217
383 453
1103 1294
440 1791
110 1434
1865 2069
1307 1818
1695 2057
316 936
836 1992
1482 1616
865 1081
152 1417
107 728
1547 2222
1040 1703
1791 2039
19 78
1088 1818
958 1370
1367 1691
15 897
1277 2196
515 2187
964 1897
1650 2045
1117 1193
881 1287
868 1624
525 1915
829 1599
858 2211
1409 1936
754 1150
525 644
91 301
8 1152
231 1917
119 283
58 1481
1050 1063
446 2219
1601 1931
1567 2057
371 488
2041 2098
1257 1314
223 368
157 2167
548 589
48 539
589 1991
947 2186
516 531
895 1338
1554 2009
391 1240
1241 1714
994 1234
289 1745
612 1137
498 1192
1159 1214
206 499
498 1680
1223 1889
245 2160
403 1912
1431 1542
334 1294
57 1077
225 348
1576 1930
391 611
2057 2199
921 1240
536 828
1674 1944
1705 1988
1084 1414
1256 1378
311 473
255 956
818 1151
169 1550
1339 2059
1530 1598
93 2181
74 859
569 2105
434 1148
865 1784
679 702
543 2089
1590 1864
656 664
1456 2204
24 2168
338 643
1223 1946
75 1233
287 2140
2180 2188
312 1403
493 1123
1582 2122
630 672
1107 1461
1264 2059
733 915
222 481
1124 2075
976 1518
181 391
1196 2077
167 220
1792 2155
292 754
6 2003
1243 1955
364 2100
1022 1140
617 923
345 1025
377 1166
1739 2208
1771 2104
433 1097
1368 1726
1810 2218
118 1358
1421 1733
373 734
391 728
294 1197
2051 2126
578 784
972 1544
361 381
1472 1600
771 1090
1555 2027
281 566
123 617
527 834
250 1640
1750 2068
1911 2090
2025 2188
175 1537
156 766
65 1691
1448 1501
1618 2186
243 1140
1651 1826
760 911
1290 1663
1728 1923
97 537
1546 2212
973 1943
130 1642
70 417
149 177
750 846
290 1255
670 1737
1422 1747
38 856
166 1823
1183 1252
1761 1814
127 183
940 1189
98 2003
909 1007
670 2106
639 1124
486 2064
74 1717
411 1143
1144 2121
1396 1795
589 832
791 1681
1216 2221
1351 1651
143 1984
119 1477
101 673
1712 1821
1333 1565
256 656
544 1568
1157 1527
633 1766
76 2181
852 1577
577 1430
339 387
209 582
90 1716
1264 2026
1888 2106
1343 1393
38 2050
1198 1658
192 1118
861 1905
1138 1331
1003 1940
278 967
296 632
899 2179
753 1642
659 2174
901 1795
242 555
86 122
1897 1935
313 1896
234 1753
1016 2000
360 1478
372 542
1310 1598
1425 1848
603 776
767 1656
1426 2154
1538 2065
1070 1521
565 664
71 1533
720 1178
633 1827
1544 1833
453 1186
382 1173
626 1530
1331 1502
314 641
1063 1962
352 652
289 1453
727 1132
751 1378
102 795
578 1263
162 1266
29 442
1466 2217
731 919
524 2104
647 1848
98 803
575 1422
936 1312
1721 1929
964 1903
1188 1524
467 1674
49 2212
60 1209
1490 1575
1246 2132
992 2087
1211 2029
1020 1117
344 1689
1437 1981
293 1589
22 2176
471 1821
445 2035
805 1684
497 642
378 1755
295 488
632 1225
334 2069
841 942
1484 1857
512 1019
383 1889
1664 2194
989 1041
1899 2008
219 782
1223 2084
239 2191
1400 1779
24 1375
590 1893
66 310
629 2069
808 1147
709 1225
473 2060
1126 1718
928 1391
193 1126
602 1305
1050 2037
619 1956
1879 1901
375 660
531 1433
1366 1496
1872 2208
324 1056
874 1839
1394 1521
1377 1659
183 258
631 1252
583 1955
286 1565
34 1164
681 1809
207 454
914 1640
202 571
1914 2138
1932 1983
238 1608
714 1984
91 116
460 1956
21 1340
120 892
673 2035
695 1240
469 1757
268 1214
1042 1323
795 1306
1635 1743
125 2096
166 404
765 956
2104 2169
432 1647
167 1646
45 2047
314 1453
734 2163
1282 1651
1642 1725
202 2077
1091 1166
473 807
26 1605
1683 1933
1165 1236
160 1009
1785 1872
743 1607
497 680
1440 1635
301 1588
1046 1587
95 1282
307 1952
525 854
294 1558
1497 1894
1340 1394
663 760
1550 2107
977 1541
357 1991
397 786
1312 1362
536 880
517 1110
218 1933
1594 1953
1673 2202
1215 2213
401 1241
77 1843
1330 2006
319 399
358 1496
689 2058
752 1653
1610 1643
44 147
1456 1473
624 1551
1374 1792
905 1071
50 908
739 2110
1242 1876
1415 1465
477 2005
467 2197
586 920
59 1657
1449 1549
1288 2111
1334 1563
1452 2004
114 2217
4 1738
397 1370
979 1604
631 1581
250 1572
172 1738
326 1388
1081 1250
1556 1751
1557 1593
676 2023
1271 1601
454 594
1693 2199
1071 1208
908 1092
580 924
1999 2159
1020 2074
1614 2064
1356 2183
1594 1896
323 978
1186 1897
79 1762
1244 1948
1232 1768
310 961
754 1097
838 1822
1076 1740
1154 1243
1837 2127
422 566
1289 1662
1474 1918
970 2177
315 864
1138 1465
810 1194
367 636
428 580
460 576
134 341
251 1269
183 978
1265 1866
58 1795
930 1036
1020 1899
7 1967
879 1156
203 1912
1476 2153
4 1382
26 1241
470 1879
294 502
282 1911
640 725
1943 2176
936 1647
224 1294
1360 1594
1212 1607
278 368
32 576
1751 1850
223 979
335 1359
959 1033
922 1382
218 372
1030 1136
1326 1822
382 1883
161 498
328 408
221 814
541 2020
800 1073
719 1431
777 812
1537 1539
9 1724
734 1682
81 2195
183 1683
1046 1677
1931 2190
1019 1049
508 647
1342 1570
68 1234
154 179
1483 2147
387 1362
931 1508
227 748
507 1622
102 1081
439 2034
1313 1399
1027 1580
1307 2065
28 2205
350 1160
223 1351
714 1391
1029 1333
195 849
0 582
586 690
175 1421
4 1743
1055 1657
695 1138
517 1816
406 1312
630 1011
1064 2108
1081 1977
1267 1531
353 1235
1290 1515
809 1582
332 1001
869 1307
128 1780
1058 1855
269 2090
1432 2047
1001 1865
1205 1748
759 1911
895 2153
28 1111
1206 1614
1334 1528
1159 1903
1112 1279
1531 2211
232 881
746 1465
94 1028
1186 2147
1053 1933
1273 1724
1644 2000
667 1798
1581 1862
32 2069
346 1414
389 1615
785 2220
403 1526
1213 1480
548 1388
1602 1674
703 2002
478 1960
1336 2074
887 1240
188 943
1083 1527
349 997
467 626
325 2134
623 1653
1329 1578
1534 1961
1148 1304
1079 2032
1479 1710
634 1688
1323 2195
403 1479
418 2079
781 2189
129 142
981 990
201 1490
503 1241
614 1306
284 1481
1801 1972
241 908
88 222
1635 1796
914 1738
455 2206
270 1711
999 1310
1225 1245
1267 1639
895 1885
629 676
1364 1370
1277 1633
1559 1607
1441 2175
603 1904
856 1548
98 847
440 1828
745 1151
193 384
1344 1809
628 1265
843 1856
417 1813
1291 1492
421 667
898 1800
606 1788
1840 2214
180 2005
795 2006
317 2159
651 1440
1147 1739
49 2130
1798 1825
803 1955
16 1360
802 1960
196 1481
404 1954
1325 1619
82 1116
1300 1346
326 941
1125 1456
754 1298
640 1426
61 1366
276 1027
95 1723
940 1621
10 1013
569 1977
792 1504
101 1684
1305 2149
666 1787
919 1164
924 1993
1628 1709
1551 1922
1101 1285
57 700
1660 2097
1061 1683
1713 2025
471 1183
1423 2070
973 1871
418 724
1060 1385
2182 2194
529 1958
104 2209
633 1005
1695 1949
8 861
1021 1712
280 1182
569 904
777 1310
78 1644
324 518
1256 1328
1952 1986
735 1261
766 953
469 1865
489 1212
268 1579
791 2038
1100 1857
623 650
1705 2027
1754 2006
890 2098
1011 1769
645 1147
122 1416
497 1851
870 922
1160 1606
442 2023
1295 2043
1761 2046
1452 1588
823 1533
886 1205
564 2083
532 1385
619 1088
417 1858
293 1000
439 1250
1113 1760
1024 1036
1247 2174
35 574
1106 1215
1109 1466
653 2016
1372 1549
1585 1615
1500 1789
203 530
900 921
880 1640
1230 2215
422 681
1485 2050
230 1189
451 1129
620 654
848 1239
1606 2174
1097 1875
774 1644
1032 2047
381 1368
1108 1970
1154 1638
69 1145
1158 1212
968 1407
966 1548
288 1648
32 1958
477 953
999 1073
567 926
8 1344
1129 1855
292 1979
24 772
1230 1441
537 1309
18 1421
697 2052
97 359
925 1074
728 1433
958 1091
1573 2220
1073 1776
1496 1820
101 1930
1624 1983
102 754
511 1897
1532 1757
76 553
1648 2165
1289 1434
1400 2044
158 743
352 1728
1106 1288
1190 1197
1121 2058
732 1008
1216 1940
271 801
127 1334
1870 1940
890 1956
614 1873
185 187
430 770
58 1538
9 984
771 877
1135 1198
1100 1404
86 580
867 1675
129 1902
946 1662
337 2191
990 2143
1225 1692
1205 1679
222 349
915 2092
2201 2216
940 1623
1499 2128
387 1565
563 1470
127 277
294 2163
164 1223
152 1608
1450 2060
291 2008
497 1317
53 1044
676 1100
547 573
654 1080
272 836
118 632
215 1268
185 464
1298 1715
1301 2110
726 1744
1597 2124
1126 1950
450 517
759 1936
755 1477
1029 1957
194 1325
560 1492
802 1519
685 1742
515 1093
1327 1548
581 770
1487 2103
1865 2108
1286 1688
1613 1884
757 1003
383 668
930 1254
1183 2158
103 294
1492 1619
1014 2118
1897 2092
1059 1511
6 1592
587 2132
790 1923
653 1192
722 2083
59 1018
1259 1475
1797 1843
1881 1920
671 859
939 1929
248 1831
524 1893
311 1337
1250 1432
884 2125
131 435
1615 2019
16 1380
173 2187
91 1609
9 1599
990 1783
68 1210
77 1009
1549 1975
586 1091
958 1320
662 1858
841 876
363 482
103 582
704 814
1224 1577
361 1898
287 1266
977 1265
176 247
766 967
381 1474
182 1349
219 1872
718 1251
1940 1954
146 980
389 431
12 1860
1009 1152
502 688
1334 1425
626 1981
1239 2003
1299 1667
1146 1595
1766 1768
1067 1799
72 988
191 1527
309 1255
721 841
774 930
1053 1626
105 179
1190 1279
194 789
577 1497
512 1900
1453 2078
245 531
368 1924
977 1125
211 527
657 1158
349 1338
449 921
954 1350
580 988
594 925
1959 2161
1361 1468
291 770
557 1131
552 2080
1444 1996
324 1995
119 581
436 1195
432 1636
1429 2125
433 1001
1040 1889
588 1886
995 2019
1565 1594
508 1762
711 1453
394 1077
993 2183
261 1848
1260 1945
228 1652
1667 1867
889 1407
403 462
48 1551
174 1058
1472 1610
193 1215
559 1327
845 1203
466 1643
175 621
64 161
553 1488
540 1973
460 1052
1588 2066
265 1717
98 1709
203 642
1527 2099
68 1019
597 712
799 893
343 2208
599 1345
84 1013
592 1026
282 1667
17 212
8 294
785 1674
159 973
453 1453
207 1794
350 2036
1334 1936
832 1563
392 1900
798 1277
1518 1566
416 852
960 2112
2086 2106
1659 1970
2015 2212
1357 1856
415 1723
311 863
1101 1731
1687 1717
300 652
618 1815
389 1667
79 862
238 1054
205 240
1854 2139
407 1397
843 2061
1358 1364
1402 1895
704 1547
1409 1505
544 2050
1036 1549
713 1715
490 1746
1105 1820
1034 1526
758 1754
949 1184
1740 2159
795 1146
552 1934
900 1331
889 1330
1943 2127
620 928
1112 1876
875 1278
762 2157
703 1306
472 809
748 1747
480 2185
1346 1566
575 1567
2150 2202
842 1769
67 1422
1074 1495
750 1061
518 1594
477 1016
10 1965
946 1107
872 2016
1096 1421
115 2006
109 1321
1416 2032
1983 2030
1081 1433
68 430
753 2191
1136 2002
2077 2159
316 702
466 1394
1234 1446
750 1889
1954 2216
1181 1625
328 1559
816 1426
656 830
784 1995
33 1225
53 1184
36 1098
255 1536
505 1568
751 779
1545 1914
1989 2187
1757 2121
1150 1747
2042 2185
449 580
565 2133
63 2105
2025 2202
644 2052
439 1437
736 1799
309 966
258 1780
493 1660
1365 2032
99 1735
715 1298
425 878
1045 1211
2048 2075
105 1764
151 1168
207 1933
1980 2031
847 1741
298 2078
609 1037
1538 1905
185 1513
559 863
778 1865
90 838
1526 1688
1621 1897
161 568
1152 1482
1279 2050
423 1890
350 1977
864 1181
1584 1961
1140 1475
491 1410
990 1508
727 1425
124 1951
410 1325
1296 1455
360 1256
16 18
1302 1989
1922 2084
502 1885
1392 1813
130 1954
1684 2012
317 369
106 1441
150 452
39 758
1369 1827
39 433
270 1225
1618 1676
30 1162
1635 2127
880 1187
370 1371
663 2097
259 2155
394 1813
335 1026
1121 1526
137 859
509 1203
1327 1706
261 1857
337 358
1731 1822
419 1727
182 1559
1066 1446
1369 1652
685 1429
1190 1625
315 930
1281 1654
67 1380
1415 2015
379 1771
1776 2049
579 999
505 719
190 344
901 1747
1674 2064
2065 2180
604 1189
1026 1497
215 2165
831 996
863 1474
547 935
1029 1481
900 1907
1738 2144
1142 1873
320 533
173 1070
504 2087
1142 1838
370 2004
713 1916
554 2206
1124 1321
8 271
1004 1103
490 1875
1494 1840
1595 2172
1179 1307
1823 1846
360 1783
615 912
919 1392
829 2206
637 1437
1568 1711
498 839
1588 2151
1439 2169
1513 2026
1030 1088
754 2200
565 1440
1433 1927
378 2221
443 944
206 382
701 1109
236 1491
1042 1841
897 2045
501 1270
224 992
1069 1360
182 1853
1454 1696
112 857
145 1508
848 1808
392 501
331 881
1400 2052
886 1479
673 678
124 1787
95 1788
1248 2137
29 1721
1244 2149
68 151
38 2009
799 1339
201 392
290 1388
134 1971
868 1366
213 693
13 1949
234 1877
555 1895
1016 1930
1718 1720
558 1705
162 1308
472 586
584 1276
481 656
305 2194
670 1562
1227 1894
680 705
1339 1615
1340 1453
1385 1892
400 881
145 1940
1137 1524
1004 1804
701 931
1543 2147
1315 1843
1087 2076
1164 2204
37 826
517 893
462 1383
331 529
594 2150
534 1596
205 602
166 1333
491 996
480 1260
943 1680
541 965
1040 1082
1909 1956
978 1309
1519 2098
348 425
809 934
219 1057
847 925
241 879
1467 2069
1783 2053
1578 1786
1952 2071
5 2005
309 1219
473 537
1163 1289
440 2187
436 1850
688 2120
244 538
542 619
799 1082
81 2142
773 1307
1184 1362
565 1048
436 1193
837 882
835 1644
285 1855
866 1134
1140 1374
297 1419
1000 1456
757 1265
758 1524
283 909
1557 1798
984 1880
1218 1915
1486 1928
606 1815
147 1296
1135 1882
754 990
244 1246
539 620
1012 1498
361 1080
855 2068
1135 1681
1515 2123
883 1001
196 627
331 335
1207 1981
383 1509
590 1783
934 1043
1342 2028
123 1538
1418 2218
1613 1927
153 713
1098 1452
495 2081
605 993
265 931
1055 2090
58 846
1681 2066
415 1970
2115 2173
280 668
333 2028
953 2084
772 2154
211 2150
315 597
1569 1645
667 2105
2038 2039
377 2168
2099 2104
1679 2196
1532 1834
627 1030
138 170
1421 1757
435 1174
1107 2196
301 2010
1621 2089
375 1538
308 2173
2114 2171
1235 1993
644 1593
734 1641
365 2154
267 536
144 218
427 1641
746 1444
1409 1767
1292 1856
1553 1557
44 980
1667 1668
1366 1609
1217 1587
1909 2121
543 2214
1275 2045
190 1831
1267 1871
832 1877
1230 1804
636 687
300 1930
1278 1528
729 1970
578 1317
910 1374
470 1106
77 2066
758 1601
1230 1492
37 192
842 2034
1167 1503
1057 2016
1162 2033
493 1522
838 1342
1485 1757
799 2123
1027 1177
925 1752
975 1668
137 1704
1480 1742
624 1944
517 619
983 1342
243 1635
41 1850
278 633
686 988
1426 2128
1188 1526
319 1696
763 959
1036 1171
722 1723
710 2116
655 2106
1145 1393
175 1878
99 1552
1012 1304
1421 1943
1050 1810
1219 1804
624 1839
108 2206
632 1370
1171 1718
434 1056
1622 1822
172 2134
323 1687
972 1497
1046 2080
491 965
704 1505
136 790
557 2000
238 1981
426 477
668 713
768 1789
513 1686
1695 1857
126 591
175 1261
203 1300
322 2209
727 2207
1923 2035
639 1946
403 1834
792 2122
1397 2180
1036 1236
320 1005
2056 2220
1160 1605
1028 1630
816 1798
1560 1864
1472 1733
210 1275
722 2180
789 886
492 1053
954 1628
205 1201
653 1601
1765 1816
784 947
362 1029
389 2187
269 873
712 1470
668 1662
2 857
254 1625
735 1485
784 810
824 1655
679 991
160 2002
196 1223
107 1028
257 2132
312 1886
548 1412
1062 1411
777 1482
1085 1542
883 1180
899 1245
910 1636
928 1065
128 2201
104 857
1103 2191
1233 1239
31 409
349 1421
572 1695
615 1941
1501 1695
666 1874
0 1851
117 508
439 1480
1640 2145
1112 2185
1725 1943
1670 1905
925 1026
1254 1764
915 1815
761 1207
542 1889
61 177
386 2201
505 1170
500 1868
1048 1402
1459 2206
676 863
1928 2103
453 1292
1228 1954
1288 1493
61 658
1924 2149
802 1097
397 852
240 1080
1217 2210
428 666
76 1782
1101 1509
658 1701
285 1577
932 1463
257 2091
1588 1671
146 911
14 1300
1140 1378
2117 2157
632 2026
675 943
241 388
1963 2212
979 2100
147 2035
452 1805
551 1807
9 1597
627 1054
36 631
1611 2197
185 216
303 1743
1146 1786
252 1855
1558 2205
649 881
391 1153
1432 1917
620 1293
184 519
345 1202
415 939
1127 2033
1295 1613
1704 2069
719 1577
1941 2218
1443 1671
73 1672
811 1300
1479 1589
624 1610
920 2015
1095 1586
155 1366
554 1782
431 538
938 1429
499 1757
1094 2113
472 1393
1047 2164
1063 1124
1964 2175
599 1408
165 1950
867 1937
607 1134
617 758
626 933
862 1410
1206 1437
317 742
63 614
157 1131
114 342
882 1703
1618 1795
323 1758
239 1001
808 1946
698 729
432 1100
229 1507
793 1769
692 1085
249 570
880 2002
1249 1728
883 2115
1119 1913
893 1338
385 1182
1689 1874
670 919
737 2069
492 1538
1084 1850
866 1555
301 1742
598 2049
928 1143
951 1422
1109 1812
221 2179
475 731
545 2121
1053 1568
407 954
791 2123
1630 2173
38 1779
238 1711
2001 2151
240 1211
911 1379
599 1566
576 2020
1151 1823
697 1787
672 864
1337 1886
193 850
508 2089
59 916
98 1000
555 2106
775 2159
1170 1497
562 902
170 552
880 959
455 2117
1242 1762
580 1418
860 1040
209 1496
1099 1257
1045 1219
256 1619
537 1257
995 2022
435 438
435 1184
2006 2174
671 908
13 1752
565 592
13 779
439 1684
944 1844
385 1645
1350 1610
1285 1898
646 690
144 1441
57 2168
1068 1625
1243 1695
464 1443
287 1333
387 1560
872 1769
1847 1928
303 1325
1009 1245
1469 2113
1900 1954
170 2112
1219 2219
1926 2200
73 962
371 576
241 1552
1695 2180
1527 2104
1475 1708
1139 1325
483 1652
1238 2166
1252 1304
408 1780
543 2045
562 1989
1843 2185
1214 1588
681 2066
133 871
1444 1795
435 1032
1013 2055
153 1778
1034 1697
489 2023
1209 2197
250 1629
392 689
1367 2081
516 1735
2156 2188
755 1125
16 2035
1028 1500
1240 2206
1168 1533
1655 1969
210 1401
62 398
139 1935
370 679
551 844
564 715
506 1322
135 1249
1568 1989
1069 1755
967 1319
251 814
1020 1284
1122 1841
629 1328
1784 1932
361 548
1226 1733
154 307
616 2121
1539 2194
227 1847
98 408
1188 2186
1288 1702
1404 1475
552 597
1542 2043
916 2083
1350 1416
74 629
124 709
744 1987
202 744
655 1692
1083 1184
1163 1305
471 1978
1668 2124
92 1566
1369 1987
1361 1525
131 155
940 1476
1013 1611
1273 1706
491 1903
1639 1721
140 1706
829 1959
808 1099
1854 1917
608 698
262 268
1370 1568
20 2008
370 1905
215 333
845 1877
1330 1530
1099 2185
1958 2071
1787 2057
179 404
1080 1780
854 1440
1842 2174
236 2202
1103 1183
21 1011
703 1933
529 1690
600 1603
674 1394
318 765
1781 2118
636 2132
534 1284
234 934
463 1671
881 1615
958 1977
1546 1808
1510 2190
301 451
1777 2006
328 1018
1330 2151
26 1117
1355 2158
1006 2101
214 924
1269 2195
1697 2052
31 1411
10 1141
1598 1843
980 2199
632 1722
823 2129
235 1840
621 1553
67 1255
547 2199
1389 1478
1132 1305
538 2153
1461 1614
1349 2102
1410 2020
1925 2175
812 1863
265 899
766 2123
793 1065
132 2050
783 1128
1260 2157
137 363
1264 1616
696 1699
45 1213
393 1469
1855 2075
54 1633
982 1260
353 1345
435 1247
1986 2124
1035 1702
958 973
795 1551
731 851
1293 2170
1364 1484
696 1572
1492 1883
1486 2220
105 224
959 1115
976 1321
195 614
116 1957
194 1319
232 738
223 1513
513 1292
322 728
848 1937
1445 1526
345 394
1969 1985
712 1941
187 515
21 2008
753 1938
294 491
926 1988
293 1648
291 360
609 1561
1217 1947
969 989
1693 1833
2054 2207
1041 2021
642 1152
1 1987
1809 2132
28 109
755 1632
355 1742
270 1193
397 863
701 2103
1091 1806
1558 1740
249 293
244 1984
1280 1435
342 2043
1546 2220
521 936
16 28
393 1253
614 2039
931 1683
342 1183
722 2123
597 619
777 842
1837 1953
1283 1920
370 1569
1139 1773
233 1350
38 1199
345 1656
509 953
1272 2079
1241 1767
1001 1584
1324 1501
455 793
1390 1745
980 1302
1362 1952
34 1392
1417 1929
1238 1801
353 996
685 1629
150 721
434 1001
171 202
349 1018
709 1967
1254 1772
353 1488
117 2081
1272 2197
583 1934
869 1785
163 821
90 602
1824 1863
2018 2058
783 1927
1785 1822
246 1141
211 266
543 1654
1260 2018
246 698
1523 1815
252 1389
1678 1761
441 830
243 985
89 1914
1182 1785
1795 1862
914 1413
216 561
572 1253
479 1957
110 662
749 1440
1744 1983
797 2034
650 669
135 1361
886 1834
97 1287
534 1050
1244 1858
356 2077
20 1919
461 718
1179 1923
856 1227
178 1580
13 1293
1890 2190
1435 1896
1487 2069
373 1914
388 1076
49 162
723 1113
645 2089
1906 2024
340 1131
677 1310
1068 1646
280 1644
75 799
1567 1878
33 764
106 120
1198 1272
557 713
1006 1175
234 1636
568 2194
290 1748
1650 1664
1498 2192
617 1255
246 1397
1481 1824
833 2052
810 1010
595 1853
899 1532
87 1942
1170 1281
545 1587
195 2023
1697 1745
577 1080
935 1878
1127 2126
504 1093
1697 1926
402 2137
828 1725
489 667
615 1761
884 970
515 2136
168 1916
770 1167
354 768
188 374
228 1952
343 743
1601 1908
269 1997
295 2070
446 1131
11 519
1 1681
903 1941
850 1643
59 337
115 750
1093 1503
768 1753
1983 2045
915 2124
809 1309
809 1566
383 1033
843 1240
178 252
1252 1837
627 1184
618 1364
608 1156
535 1189
101 1621
1303 1499
741 1611
1002 2064
573 2150
539 1808
81 1921
444 1215
106 763
63 848
165 2185
414 466
821 1910
365 859
133 688
969 2168
783 887
1171 1388
449 712
545 741
137 1444
139 1630
158 245
758 2114
762 1212
1832 2051
1403 1527
102 205
876 1481
1314 1604
106 622
118 1711
537 1395
627 1171
477 761
367 1476
554 1739
440 2167
335 974
236 1512
514 709
861 1011
224 565
1046 1726
1456 2096
1202 1429
224 1887
842 1984
454 1158
1197 1550
706 815
1348 1704
336 1512
902 2103
258 1865
1282 1433
1034 1439
159 1308
2178 2194
1184 2146
685 1946
938 2008
812 1389
936 1874
1108 1759
1636 1734
1009 1816
987 1218
1153 2035
541 1259
97 1081
617 829
1430 2001
469 903
243 1514
110 2194
1576 1884
744 1077
1210 1745
881 1565
8 1186
369 1114
914 1650
1416 1972
495 866
821 2164
346 1325
89 1951
1926 1997
273 406
193 1306
1853 2150
1601 1950
638 1509
241 2210
1001 1925
23 1625
160 878
6 563
564 949
389 1365
1793 1887
94 592
163 389
305 2198
979 1287
369 551
834 2162
758 1304
486 1182
271 1800
1015 1770
105 907
109 1937
983 1261
571 1922
2006 2199
633 1714
972 1905
1346 1628
546 2050
1041 1444
1775 2064
1118 1675
1618 2179
435 2147
542 1102
903 1761
534 1146
669 802
376 1105
528 1844
1066 1210
962 2189
422 1518
772 1972
331 631
1551 2119
971 2158
1421 1887
1231 1547
1310 1884
916 1631
1208 1560
15 1722
113 1770
289 1109
179 1195
1374 1872
1244 2159
1507 1635
774 1610
664 982
489 1664
333 902
1288 1719
1738 1801
1577 2010
1152 2073
1527 1965
346 1875
669 1366
728 1069
1102 1267
691 866
453 1004
233 1647
136 1867
1007 1982
333 1939
1592 2155
674 1416
785 1542
1153 1632
155 647
341 495
187 2065
911 1853
699 1061
1006 1751
378 716
814 1164
435 1666
835 1683
438 1097
1325 1367
1422 2139
1988 2056
714 1260
96 1034
313 1449
821 1999
1264 2160
471 2090
1353 2169
65 1567
499 1479
1565 1786
245 838
405 599
1384 1979
414 1964
576 712
731 1147
1537 1960
283 1065
748 2141
725 1495
402 1508
482 1486
238 2173
886 971
889 1900
469 892
237 1188
597 987
335 405
1156 1517
639 2049
103 1583
568 1008
1015 1811
431 2064
291 541
566 655
983 2202
646 1311
298 1764
1483 2070
1220 1297
1191 1981
1128 2185
778 2064
1785 1931
596 1943
655 1486
668 743
705 1254
522 625
481 1070
1297 1531
980 2030
1004 1401
629 1412
469 1983
142 2119
1805 1953
1458 1966
143 1401
1125 1356
1139 1153
775 906
70 111
436 2109
387 1687
1087 1603
707 1079
473 1505
1007 1475
371 1313
889 1134
933 1003
1241 1835
1669 1825
747 1348
1445 1852
806 1920
296 411
935 990
283 1476
185 217
873 1024
446 1515
1263 1955
170 1337
350 386
758 1820
653 1655
370 1464
1343 1851
1565 2221
1124 1214
1441 1800
1240 2045
229 1597
1965 2146
585 1543
966 1518
367 1520
1079 1674
678 853
655 1249
290 2001
550 888
1178 2031
549 1099
900 2046
365 1466
1296 1688
187 1441
1289 1862
561 1434
513 1483
1122 2078
487 975
40 647
1322 1969
261 1856
151 2113
755 1961
1212 1711
384 1865
758 1385
412 1455
860 2130
326 2126
490 990
403 503
1465 1735
855 1200
1562 2047
898 1640
1137 1912
1674 1839
1132 1442
81 2191
441 1812
1221 1881
66 892
1436 1705
473 1894
1518 1932
1193 1664
2160 2184
1267 2052
1339 1972
982 1560
368 1384
840 1899
1256 1981
288 988
776 2119
1263 1593
1095 1396
595 724
449 1483
161 1497
676 1506
829 1652
1350 1745
1209 1382
1225 2020
1226 1503
132 1394
1909 1997
993 2213
436 552
367 1002
476 2149
1415 1670
808 866
182 530
2019 2210
33 1035
663 1286
634 1484
773 1737
577 1190
219 1611
625 1632
333 1855
195 1886
621 967
445 1558
201 1864
1705 1742
57 1193
414 919
711 1055
605 1563
661 2024
1287 1836
1626 1812
231 1291
389 1275
726 1806
10 630
802 1590
767 1491
933 2053
612 2138
296 458
1031 1781
214 1309
912 1753
1071 2193
397 550
1570 1970
154 2114
1630 2137
237 1436
161 392
2018 2152
798 885
212 636
321 765
447 2204
696 1675
980 2128
345 990
1226 2036
88 1343
1634 1799
665 1204
643 994
55 1992
962 2178
323 664
899 1709
227 1887
396 443
1151 1574
840 1163
104 1482
1232 1720
572 801
164 1066
136 1923
406 1997
646 1642
815 1708
566 986
364 2061
265 1545
1281 2018
1241 1402
664 1842
762 1159
309 361
932 1687
1262 1354
1132 1235
272 578
728 2214
999 1956
534 2112
503 983
1316 1635
427 1001
17 1745
741 1873
866 1268
929 1012
270 1461
31 180
728 816
76 1602
11 415
434 1084
2104 2208
33 558
1455 1595
969 2180
430 982
1129 1865
2 1058
840 2176
204 639
509 1356
389 1295
772 878
1132 1612
780 2142
521 567
736 1881
1186 1347
1280 2163
92 229
189 500
297 571
1603 1630
801 1355
429 1231
385 574
218 561
870 1827
59 1733
21 1190
1284 1476
1361 1720
831 1727
1054 1789
833 1245
288 2105
26 1972
333 1489
112 1371
65 2198
284 889
1401 2021
1260 2049
1827 1890
594 2029
557 2035
1993 2170
387 1150
1756 1950
41 1118
105 114
636 968
2000 2196
1120 1458
1275 1961
1004 1510
600 1292
1007 1021
61 777
394 1779
209 1441
1513 1917
1606 2004
1600 2221
1062 1142
1204 1216
459 1770
710 1449
632 713
581 988
864 1334
279 706
1522 1775
888 1961
1500 1748
1617 2129
1444 2027
1278 1371
1714 1733
544 2186
138 252
602 1561
183 1207
304 1141
335 589
617 855
710 1320
309 2089
1303 1716
1934 2200
470 978
503 963
1054 1483
365 1839
662 1541
84 1620
958 1274
1148 1550
1834 1959
1006 1657
1125 1967
348 1373
401 2021
137 2111
658 681
1159 1784
880 1539
1146 1582
1152 1561
25 36
375 998
341 1224
74 640
662 1454
878 1135
1143 1264
1227 2022
603 693
27 1624
262 1127
150 894
1229 1615
664 1408
199 803
167 1554
1212 1954
30 1079
53 815
510 2058
1890 2088
1061 2004
945 1913
546 821
483 898
161 826
773 2026
1843 2189
1497 2176
707 1360
170 1525
723 1366
81 1790
536 838
254 850
348 358
453 1361
920 1216
862 1969
593 1443
515 1620
1338 1460
887 1368
256 984
1090 1720
1733 2005
484 882
1586 1880
66 735
496 1796
806 1832
202 882
269 471
108 517
817 1117
1000 2043
541 2186
224 631
661 1617
728 1258
1456 1561
1963 2137
1009 1253
1004 1171
1817 1964
237 1881
1235 2130
1417 2188
563 1443
106 1254
611 2192
619 854
787 1074
358 644
1166 2071
243 953
426 989
1544 2206
1 1147
138 1692
1438 2048
1052 1440
593 1402
83 664
2018 2123
747 1805
431 487
513 1343
2003 2006
419 907
658 1555
1485 1755
110 2219
352 1953
770 805
699 1164
353 685
1433 1726
37 680
557 1967
145 1479
676 2061
1090 1295
115 1058
36 1234
118 554
776 799
1006 2068
1359 1991
1761 2088
451 1031
659 702
107 1061
1123 1623
1742 1943
682 1008
1988 2160
1843 1918
928 1428
521 1065
81 1793
706 2024
1623 1897
123 1548
1444 1928
854 2204
278 1933
5 671
335 347
310 325
1913 1929
495 1814
875 1474
77 1037
845 2003
1766 1855
63 1193
60 1248
158 984
546 1434
1048 2137
81 669
1518 1520
175 1054
773 1303
81 2037
533 631
209 591
613 841
281 1560
1062 1611
153 781
161 1225
887 2042
154 794
101 1922
152 446
392 2134
429 887
252 349
1620 2201
185 1340
1388 1878
1368 1800
961 1941
53 1509
929 1509
283 1312
102 684
324 887
244 567
1144 1609
739 928
12 443
649 1490
800 1156
1583 2110
191 808
99 755
194 2149
1146 1623
326 1014
1962 1989
1843 1871
548 1189
546 1755
61 1700
1574 2034
1078 1565
195 1537
1437 1935
50 2133
611 700
1538 1889
905 1755
624 1964
450 1888
134 506
897 1150
451 1903
396 2165
177 808
606 757
75 459
1042 1070
1659 1948
966 1141
197 1127
1232 1800
1101 1662
974 2149
1789 2204
229 2205
851 1345
974 1802
871 2092
479 1826
228 1113
441 1062
365 1642
794 890
838 2066
279 1090
548 606
1210 1874
1552 1801
582 1712
1394 1676
86 754
1906 2161
738 1549
72 1137
1271 1929
1288 1659
413 2131
394 604
63 393
1054 2010
86 1200
268 2141
413 2090
836 2036
643 1659
554 1437
83 1940
185 1533
1236 2147
340 993
190 1371
784 1890
1401 2168
1505 1975
1446 1840
700 1117
835 1944
1574 1779
1387 1557
463 932
511 2169
431 1823
878 1844
527 1926
1324 2095
206 1636
1402 1699
735 1321
220 1294
527 1142
354 1045
941 1363
1320 1900
134 652
1767 1793
56 834
338 2220
722 747
911 1925
1512 1971
982 1780
147 1262
135 1052
62 106
83 1918
361 2181
1306 1332
168 869
1339 1806
608 805
507 1649
187 2101
738 1340
1576 1676
310 774
37 542
768 2162
1718 1994
1547 2209
680 1500
1695 2008
815 1524
632 831
600 1520
429 1096
1805 2210
437 1920
524 1880
1242 1349
1185 2025
1002 1836
715 1170
368 1570
458 1011
535 1422
1190 2189
1534 1939
639 717
1192 2220
108 847
191 911
146 1487
481 1259
319 1194
1321 1864
1383 1874
1019 1772
973 1320
65 975
375 1356
1455 2004
333 1477
641 1088
238 762
837 2095
89 505
1345 1749
672 2113
781 1228
1590 2047
517 2123
168 2066
175 913
1434 1677
457 873
537 1735
1686 2180
510 1315
331 1186
5 1344
1110 1825
646 1950
108 1534
344 1990
1309 2139
1497 1703
1412 1805
980 2171
1269 1619
516 1639
470 2007
30 353
545 632
1064 1813
107 914
149 1742
935 1304
955 1453
186 1502
917 1685
633 788
1083 1692
1114 1429
1349 2050
845 1661
2081 2096
913 2018
811 1464
1529 1973
1276 1992
1071 1514
261 284
22 869
1189 1836
865 1484
574 732
900 2118
1038 1625
986 1043
561 1495
1615 2128
1526 2114
677 1727
636 1388
1185 1876
1796 1975
639 1632
298 684
652 1279
1120 1675
185 1144
895 1929
1753 1915
1526 1796
1011 1213
1648 1739
108 324
92 943
1056 2119
365 1800
1442 2127
1321 1765
970 1165
544 2011
188 1259
1632 2070
69 1292
745 1504
797 2153
237 1980
1401 2074
1933 2137
1608 1978
737 780
397 2152
376 819
1874 2206
738 2176
811 864
268 416
241 290
1662 1883
1417 1709
913 1968
883 2080
1221 1739
273 1865
1034 2006
1308 1424
713 1230
71 644
130 1263
156 1130
1193 1857
75 521
76 1147
588 1399
1272 2172
216 2171
40 246
467 987
512 1278
910 1389
561 594
468 490
339 462
679 2113
885 2002
702 1188
1775 1894
1389 2056
1701 2046
349 672
1644 2220
957 1422
522 1544
1150 1729
651 1678
547 2113
941 1162
1447 1612
607 1440
1778 1862
1232 1939
1013 1805
507 1171
392 2189
652 1608
191 1893
494 1371
1113 1432
1360 1599
1329 2115
1519 1567
1704 2207
943 1157
1659 2123
768 1829
373 1173
1547 1906
56 935
668 1352
342 595
235 1965
742 748
786 2212
1580 1802
404 1754
2006 2072
196 1074
1446 1892
1570 1579
1926 2186
671 1737
1246 2144
47 974
995 1955
255 1259
1200 1745
1600 1738
86 140
207 1391
482 1637
1 1020
422 1691
560 2080
1320 1939
1561 1905
1590 1642
67 1306
347 517
57 406
960 977
778 1265
368 907
1343 2178
1247 2173
295 724
750 2149
359 1831
301 694
159 224
637 1027
305 1727
716 2112
950 1485
1683 1822
1388 1577
1712 1993
781 2056
208 1182
134 1926
1409 1528
900 1564
903 1099
603 1194
810 1028
1033 1335
1030 1174
640 2031
345 467
1605 1754
1723 2097
335 798
37 1112
95 1151
375 1777
651 1131
672 1539
1308 1726
516 2017
1239 1540
1060 1329
382 587
365 2015
269 298
62 581
308 1457
1463 1644
913 1914
901 2092
160 952
585 850
727 1211
920 1832
1437 2152
373 956
1679 2159
287 1613
1169 1468
290 2050
380 1680
299 868
862 1814
917 1876
694 991
738 1855
942 1790
503 1592
1245 2164
1355 1486
1363 1981
804 1170
828 853
1377 1953
1773 2120
1526 2212
44 937
128 584
235 1574
73 2221
1485 2139
1449 2099
921 2101
717 1486
160 1262
663 1513
20 1515
1 835
640 1598
1361 1819
1647 2124
381 2021
1750 2106
729 1057
286 480
100 1508
481 1036
1225 1390
2117 2195
1289 2095
134 1680
129 232
1734 2213
431 1950
12 665
611 949
481 1556
297 1840
284 507
1267 1462
1065 2187
576 1675
999 1468
473 1556
570 1456
1027 1228
1061 1770
463 600
1472 2110
1955 2006
321 1917
983 1349
561 1487
151 878
1402 1906
787 1693
81 1049
199 580
1125 1154
340 1766
401 434
1368 1391
695 931
1176 1610
1233 1319
1261 1946
145 2118
1016 1432
1294 2222
707 1787
733 1552
887 2220
1258 1783
191 718
239 605
81 1316
155 2087
177 1620
1923 2187
401 1541
2144 2213
110 1417
212 1598
1102 2078
100 1213
186 1704
719 1936
157 555
183 527
715 1987
1045 1456
238 744
414 664
1763 2145
1054 2182
790 1169
23 1718
902 1958
656 877
284 1461
246 388
1098 1480
419 2058
353 1515
1830 1858
497 2146
1193 1559
137 1327
136 588
639 1142
153 1807
1315 2152
1085 1260
357 999
680 1696
1113 1506
911 1933
567 2024
1125 1786
204 1111
951 1610
195 402
1839 1949
341 476
154 1429
238 1098
16 937
69 888
159 1342
591 691
783 1888
438 563
230 707
1145 1338
1327 1510
1056 1459
589 1737
849 1555
188 1475
338 575
196 1456
871 1598
1012 1675
127 1595
230 275
545 1825
262 467
21 337
948 1983
1572 2030
462 1059
651 1150
739 1278
878 1504
1236 2112
1110 1763
1066 1349
314 624
440 1279
1041 2070
505 1531
625 1852
100 1073
724 1523
506 1455
57 2098
573 924
1264 1798
59 162
1592 1602
699 1810
468 1232
299 684
1080 1494
476 2092
1395 1635
761 1200
30 519
244 1004
521 909
735 2205
57 1955
1906 2080
1321 2064
255 895
97 613
535 762
227 1744
72 172
1084 1472
1659 1702
1274 1743
535 2156
1205 2172
277 1652
204 1279
63 1886
1261 1703
1029 1604
1041 1981
1420 1892
85 2017
131 2128
202 1597
848 1912
1020 1813
1693 2016
1875 2011
934 1824
867 1876
1714 2071
550 954
276 2030
79 1427
762 1860
313 1727
390 1954
580 1853
499 984
472 1057
1520 2069
233 2030
1617 2116
797 1388
30 867
2000 2162
58 2190
66 1856
602 1896
569 2181
1336 1635
1075 1643
374 564
211 1560
378 2035
584 1608
37 241
647 1480
137 317
227 710
57 992
1330 1733
1499 2052
1617 1973
448 812
847 2016
234 1814
139 1226
637 1831
1722 2133
1313 1415
1192 1737
1332 1509
1091 1767
1398 2100
1482 1913
382 1504
938 1082
1115 1455
1489 1716
1180 1189
532 1925
107 1981
237 615
1205 1933
411 832
1906 2036
1552 1736
151 1110
1080 1116
1998 2116
819 1037
502 932
1367 2018
135 270
198 262
286 1718
1043 1799
152 1598
546 1448
767 1531
1659 1739
877 1511
984 1399
1600 2185
98 813
1218 1932
598 640
1584 1982
278 2168
1789 2020
696 1752
1369 1753
1047 1199
933 1877
281 1173
248 1276
1182 2055
255 1210
308 675
686 1343
709 1650
1878 1925
452 2056
611 1595
61 290
325 1266
95 614
1284 1797
263 1745
654 1432
1092 1860
60 728
520 576
59 343
1724 1880
754 1630
316 1542
1176 1584
1729 1749
296 857
349 1314
188 2203
921 1855
1590 1986
234 1627
798 1645
883 1882
1113 1845
874 1110
1192 2014
87 520
484 1453
1349 1909
609 1007
1237 2085
97 1740
188 899
762 1972
651 1844
1095 1617
171 569
264 921
900 956
2055 2217
1377 1774
1860 2146
167 186
1166 1920
1926 2194
270 1525
1521 1740
524 564
659 1422
1541 1775
387 1109
232 2047
910 1656
106 1818
933 1369
813 1642
157 1488
216 1815
125 543
977 1600
64 1065
820 2195
570 1553
1694 2093
505 1836
736 1844
1018 1131
972 1590
1465 1815
564 2003
1353 1569
69 308
1118 1251
1174 1641
1510 2005
33 370
134 1815
39 1003
687 1008
1183 1229
755 1594
136 1412
1391 1879
603 1918
329 863
476 825
90 2094
129 952
632 895
1645 1660
394 2191
425 451
181 1494
1271 1574
169 1279
1263 1462
1267 1873
1 1545
219 1040
81 1278
465 1828
1206 1249
1137 1452
1107 1203
1052 1159
1052 2021
85 1267
837 1041
1232 1961
312 1235
3 2065
1539 2213
995 1230
110 1027
365 599
1218 2047
165 951
1485 2094
2161 2192
655 1276
1855 1920
136 959
225 920
491 2149
832 1374
961 1354
503 1872
310 1008
1289 2178
953 1494
695 1908
106 287
1682 1988
574 577
1291 1569
294 2080
811 843
9 1543
741 1359
256 1268
1227 2171
836 1524
92 1993
1548 1751
483 1714
854 2035
537 2216
841 1045
1992 2132
638 1605
680 842
1648 1652
197 708
1540 2025
826 1560
907 1662
636 727
1194 1813
1054 1832
520 1440
1802 2112
2 1307
92 337
297 1541
95 1624
662 2028
256 1755
38 204
824 1738
940 1726
687 804
197 1255
466 579
1820 2009
202 1135
10 743
29 1697
480 2164
2038 2120
862 1268
876 1915
560 1167
1009 1231
416 621
1229 2144
384 941
224 441
668 679
246 2050
730 1362
223 1450
676 759
526 930
364 1903
140 805
465 1492
165 367
461 673
464 496
6 1008
2039 2091
2104 2203
719 983
1630 2102
787 2153
13 2096
2006 2066
264 588
500 1531
382 1114
554 1354
211 951
205 777
763 856
1094 2006
103 637
781 2076
1337 1857
680 904
1283 1974
1997 2017
1140 1697
354 1160
223 1201
256 1233
141 1840
608 2101
1075 1212
181 1031
1108 2040
527 1461
185 191
497 818
926 1630
48 93
220 1662
951 1810
500 1518
232 255
918 1910
393 1804
434 938
253 1139
1568 1646
50 276
419 619
176 469
854 1023
69 1316
1396 2119
226 1880
1098 1727
1115 1867
533 991
315 1977
380 1756
1879 2057
593 766
589 2014
367 1763
598 885
299 612
777 1029
167 1254
210 549
761 851
365 537
1235 1388
643 2017
669 1085
218 1752
1153 1472
1351 1816
1059 1339
195 1191
586 2197
1061 1169
225 675
694 701
85 251
223 1666
1343 1513
145 478
43 936
378 661
11 1279
118 818
984 1023
99 504
820 865
810 1786
830 1375
102 1307
872 1127
38 1768
170 693
1430 1927
776 1212
167 1949
405 767
916 954
412 1307
783 2127
551 1158
2089 2160
1541 2082
1022 2169
2031 2073
492 1104
969 1198
126 194
531 1632
529 1448
1228 1806
324 1065
11 1493
1010 1431
146 281
702 1680
887 1831
195 652
1004 1492
381 1042
752 1043
277 550
1692 1794
877 1972
22 1385
484 2215
93 1321
249 1949
318 1751
85 1977
746 1489
839 1533
515 641
467 502
1155 1541
1116 1263
298 2091
470 537
559 2064
510 1851
44 772
137 1019
276 1476
103 1342
1659 1918
868 1912
366 1292
50 2031
337 944
310 1089
611 1842
597 2159
626 1696
36 184
337 1452
926 1717
1117 1853
1285 2034
315 1485
1681 1921
1522 1957
391 602
234 1907
548 2039
1410 2137
1338 1878
433 1554
1407 1697
436 833
1782 2056
203 276
379 2071
1250 1384
1239 1715
1123 1364
589 2030
711 2197
960 1794
1072 1565
550 1523
1154 1719
1309 1832
1230 2108
258 1619
250 2114
191 319
1562 1595
619 1636
1418 2119
1996 2085
1076 1209
900 1665
865 1582
481 1143
254 869
1186 1356
1115 1234
163 785
1653 1736
1771 1915
18 1212
529 1331
1540 2136
1144 1268
153 2092
1004 1562
1613 2187
907 943
1527 1764
47 436
348 1222
878 1150
506 636
745 1714
43 158
1271 1858
762 874
1036 2002
1004 1691
575 1519
572 1824
717 1329
1116 1748
836 1746
617 2022
1064 1875
36 2015
68 2071
885 1310
647 1598
1306 1488
428 588
1673 2031
177 197
423 2169
796 1196
1616 2205
1158 1806
884 1020
1218 1637
111 322
992 2163
413 1456
1529 1935
1134 1956
1740 1764
486 1884
985 1305
517 667
1045 1540
88 220
1383 2197
1389 1947
1040 2185
243 574
59 1075
1464 1499
801 1813
1542 1699
264 627
1841 2162
280 1101
24 1502
874 1108
149 1401
609 1737
839 1700
558 2082
1994 2087
730 1670
765 1992
463 2103
1003 1419
388 1669
42 1539
18 1529
251 1198
1452 2195
1088 1301
760 2071
671 1881
20 626
368 1665
1007 1807
597 1259
1534 1570
1570 1926
1955 2135
1251 1426
567 1112
365 1962
1058 1895
256 296
1229 1253
1438 2088
50 61
473 1779
160 2156
1585 1856
1076 1334
669 1198
1793 1973
614 817
1277 1678
829 1169
391 827
591 1017
129 439
236 915
534 1137
250 916
497 1652
1007 1999
1358 1381
450 761
326 1443
1645 1818
1764 1886
973 1991
372 406
760 1393
1550 1804
922 1177
322 668
921 1755
566 2140
83 1601
5 1908
1775 2036
561 1722
575 1405
950 952
697 1180
1005 1452
569 949
744 1741
307 1918
12 2214
183 1178
755 1423
648 845
171 367
28 1353
416 946
1226 1899
921 1043
264 1071
328 1634
262 1775
763 1872
959 2214
575 1196
403 478
1371 1923
1126 1403
70 381
54 999
722 910
1889 1900
401 1936
1173 1725
1093 1501
661 1824
359 456
460 499
898 1489
488 1935
429 850
263 890
1690 1919
1494 1911
1368 2018
65 1463
1488 1830
1175 2152
1329 1377
773 1059
365 1572
1281 2220
722 756
191 723
219 1162
894 1291
749 2015
1052 2210
46 2006
433 518
618 1647
514 572
646 2120
936 2029
487 572
805 1894
2063 2189
28 1988
477 760
456 1706
49 1847
31 1330
222 696
875 892
758 1638
526 1059
727 2104
680 1091
1383 1538
1297 1481
1579 1989
1037 1987
470 2058
171 2054
490 1365
126 1824
1147 2189
258 1397
1239 1718
776 1287
1803 1806
212 661
747 1752
143 1413
731 1540
1054 2190
1362 1934
321 996
71 1977
212 1891
174 212
79 1745
683 1592
688 966
1495 1734
319 700
1497 1660
316 1650
99 1539
1797 1989
22 638
367 1074
842 1158
66 1732
987 1712
270 519
366 396
1394 1531
1267 1585
925 2065
579 1777
225 1304
301 1595
346 2049
868 1131
279 314
143 1165
779 966
260 1383
502 1814
1498 1580
477 618
1457 2194
367 795
100 853
414 1308
465 2157
856 1177
1504 2018
293 2164
460 1639
466 2002
318 455
526 2063
1301 1598
37 1518
789 1051
16 1295
746 1646
644 1087
698 2178
257 1611
1349 2081
1721 1848
958 1139
398 661
303 864
1064 1279
661 2030
1103 1516
769 770
560 1450
195 344
674 1220
327 947
282 1585
310 713
1682 2114
742 2195
65 1601
1194 1943
238 1612
633 1649
224 1224
552 629
999 1154
1009 1456
939 2150
903 1647
165 1211
582 1518
745 822
188 2163
348 2078
299 847
197 1214
261 1651
1368 1524
1035 2059
697 1931
1135 1318
97 1918
1458 1599
110 853
1049 2095
368 1205
701 1206
1334 1671
479 600
1457 1500
588 615
1159 2131
353 974
790 1064
909 928
1388 2128
1528 2133
1530 2024
1608 1754
382 1292
1532 1582
1412 1761
787 1458
1459 1681
1085 1258
65 1313
631 2190
1714 1995
1690 1753
666 2078
311 2175
549 1668
1013 1980
1706 2169
707 784
1063 1339
161 470
1626 1892
74 565
1282 1763
857 915
1183 2019
1546 1865
1427 1432
974 1306
491 1397
1183 1555
582 1705
184 1274
947 1235
841 982
581 797
1227 1961
1591 1748
390 630
603 1907
1843 1941
724 1943
1160 1865
171 2055
2 94
341 1537
588 1422
505 2016
896 1640
766 1514
950 1973
958 1983
570 930
804 1409
805 1420
61 1930
1697 1848
189 1669
354 1627
1251 1932
206 1262
924 2202
441 638
1629 1946
314 1701
8 866
673 2178
934 1597
1100 2099
1625 2113
965 1854
644 990
984 1388
874 1622
218 237
794 1649
1414 2112
1415 1648
37 166
1678 1939
1575 1759
24 1194
988 2070
44 1202
858 1623
634 1540
984 1274
91 948
925 1426
748 914
1762 1769
1867 2103
67 1274
1012 1045
859 1253
868 1578
668 1893
924 2073
292 2117
1302 2135
756 1405
918 1435
1699 1814
1821 2087
1751 2040
297 1365
1007 2211
216 781
1034 1832
754 1736
70 1607
178 1359
794 1459
205 513
425 764
0 2217
866 1122
923 1401
547 868
1917 2146
650 1460
67 882
995 2039
1485 2207
722 1905
986 1743
182 1117
144 407
626 1351
349 892
62 433
2000 2099
868 1895
158 342
676 1493
1192 1672
651 1470
3 676
262 1032
402 559
541 1107
18 364
888 1977
1216 1580
792 1461
252 1710
27 1813
903 1590
956 1688
92 785
90 1392
1148 1184
786 2018
1165 1877
831 1129
1707 1821
821 856
789 1607
1134 1639
582 1035
1492 2064
1 2179
883 2110
555 1389
771 2064
61 601
918 954
160 757
53 1699
695 1224
42 1527
575 1806
869 1617
1007 1741
852 2108
587 1662
408 1291
182 2090
715 1095
901 1856
1184 1372
284 2139
1834 2119
1016 1813
65 400
22 2155
821 1918
1306 1470
1107 1962
563 1308
1273 1696
1352 2092
735 781
1033 2125
1639 1931
402 1153
1564 1610
1645 2067
705 1852
1071 1490
197 424
1002 1401
508 2045
1620 1841
205 1009
1010 1679
924 2111
152 260
1542 1955
354 607
1651 1797
1220 1832
1329 2087
1160 1556
1050 1719
429 503
692 1327
1 1868
1392 2176
1321 2156
647 1818
327 587
190 1728
1131 2063
661 944
266 2114
448 1338
1273 1700
396 1274
46 1602
82 1011
992 2000
424 1413
328 1171
395 2102
225 1697
19 2180
191 2053
778 1138
1350 1443
829 1722
98 1286
141 2058
1225 2161
664 1897
1628 2080
539 1443
1255 2047
989 1076
77 453
84 1102
19 1614
1868 1931
372 1789
639 1761
1140 1892
802 1425
253 309
1071 1827
733 2202
1018 2039
1067 1356
796 2030
1096 1352
146 858
847 1626
705 1799
328 1929
795 1543
631 2087
463 1479
541 1199
10 260
963 1838
1557 2011
383 2024
923 1631
92 786
1354 1599
1754 1951
1307 2197
1031 1601
750 1270
312 1036
640 1899
857 1444
1100 2040
799 987
625 2023
50 607
91 2075
305 1227
1217 1834
251 582
260 2084
558 1272
1274 1728
1423 1839
135 1506
1664 1990
1119 1752
332 2170
999 1369
1351 1493
1479 1725
68 679
934 1260
594 2081
849 913
299 360
1677 1790
44 177
600 1080
100 1297
569 1839
455 1076
989 996
383 729
467 1949
1354 2198
994 1145
605 1159
189 268
309 625
226 1920
220 1318
24 981
734 1477
301 947
969 1481
302 1369
1023 1047
22 1762
158 546
1422 1472
963 1962
1805 2123
652 1549
350 2173
1033 1245
724 2180
560 1547
1301 1385
181 271
1880 2090
1226 1712
811 2219
787 829
533 942
705 1190
142 838
504 830
293 885
907 1448
1052 1958
213 263
938 1493
24 186
1933 2198
38 1264
112 1874
835 2158
1869 2013
123 1342
419 2170
689 786
777 862
631 1570
1576 1586
340 903
282 594
102 1544
1318 1932
331 630
1087 1841
373 2165
1030 1460
131 1363
750 803
143 964
437 1998
571 1542
148 1420
61 1886
410 1423
563 1713
517 2027
162 1383
441 1736
99 762
1401 2010
346 1007
1767 2149
514 2221
186 1637
1502 1587
195 665
248 1414
812 1098
346 1356
480 1073
144 1765
1589 1791
61 404
1007 1817
314 952
91 1608
196 1710
21 2191
203 1400
777 1433
1342 2181
1656 1839
228 413
84 322
807 1867
695 1962
746 1701
1051 1311
1113 1486
702 1877
748 1974
629 643
1514 2127
1337 1823
264 577
95 1106
855 1625
1851 2131
232 1150
1178 1968
248 1452
191 311
55 1843
1100 1691
452 671
103 491
5 282
658 1872
292 1242
504 1613
211 2127
403 2167
11 1382
1538 1547
886 1865
465 1469
867 2005
928 2187
464 897
1402 1622
869 1146
1099 1702
126 240
785 1877
447 2174
968 1393
576 863
230 748
1647 2178
17 1114
53 57
271 1953
643 1205
811 1418
954 1998
389 2039
595 1351
25 2139
856 1506
1464 1810
457 2037
480 1615
1208 2113
1235 1964
1028 1945
1413 2180
134 833
719 1846
620 1696
1169 1394
175 1560
47 421
1912 2040
1092 1093
1411 2174
877 1558
281 1409
820 1122
1008 1645
1520 1654
680 1430
287 2090
120 1008
222 648
1260 1305
386 467
215 1026
662 1594
1521 1948
178 2039
1069 1405
1328 1793
1901 1993
892 1702
597 1419
917 1885
358 773
98 1832
480 761
188 292
1352 1768
1312 1348
672 2186
478 520
492 1487
708 1070
533 927
1066 2110
538 1796
1250 2135
913 1210
195 1379
369 1394
1554 1705
223 1251
549 770
1611 2193
1047 1118
231 2096
1836 2122
168 1655
367 1515
361 1781
449 745
251 1799
1984 2049
224 1169
2181 2184
316 1200
631 975
1203 1219
618 2180
1296 1524
185 1655
385 1688
1265 1334
192 2155
253 268
702 1938
480 1811
652 1323
527 1531
644 815
131 1738
1222 1562
902 1318
379 539
664 739
465 1744
152 1100
1189 2187
85 1255
222 1146
393 413
294 1340
533 1607
1314 1594
5 1594
1254 1449
1136 1816
848 1553
67 708
106 1790
1206 1325
962 1195
886 1648
76 992
76 1580
382 972
616 2153
19 1856
1973 2136
1383 2045
1179 1634
951 1755
667 1246
429 1486
315 1767
962 2013
1474 2010
44 52
394 618
332 585
615 1094
173 1941
1436 1578
647 718
1114 1881
1448 1745
1812 2009
1791 2084
366 1963
1610 2038
287 1725
1210 1640
158 990
305 697
1521 2175
1238 1980
1398 1700
665 1949
1105 1621
394 1006
609 1833
272 777
202 1033
596 2040
184 1803
1303 1760
916 1098
899 1770
657 1627
233 1881
616 2131
2088 2186
183 1927
1770 1950
1767 2209
96 1310
639 2136
725 2208
565 1035
846 927
661 894
857 1966
988 1142
167 684
511 1028
1265 2109
282 2021
1045 1911
862 2209
722 1586
192 685
516 2027
1736 2135
1405 1737
1316 2191
786 818
1147 1285
792 1786
389 1001
950 1492
245 1286
354 437
40 1467
58 857
21 1648
277 1584
748 1253
592 1500
677 1416
175 948
1059 1675
998 1203
681 1759
1394 2128
497 750
1127 1924
846 2071
222 1133
635 1645
527 544
1155 1787
2 1978
177 522
161 1147
309 1728
776 1750
153 643
34 831
618 774
27 171
671 1813
596 1397
96 2112
1278 1631
1641 1840
1544 1952
535 676
39 958
498 1699
208 1806
296 880
151 1948
1113 2197
1538 1748
965 1374
1264 1613
473 2185
85 244
608 1329
717 2054
263 1238
195 918
1776 2041
165 1203
87 944
798 1690
1024 2133
1031 1790
221 1951
1487 1827
1498 2090
340 1680
290 772
763 1298
244 2088
286 770
1278 1575
1559 1908
914 1140
80 675
134 317
967 1343
479 1328
610 2024
718 1714
715 2037
1002 2189
332 1855
150 1600
260 281
624 1938
576 821
961 1514
690 799
1567 1857
1224 2032
172 1444
1455 1564
311 352
1242 1678
56 894
320 425
1269 1570
817 1910
6 754
310 1779
598 613
439 624
465 471
1271 1877
622 1555
642 1188
572 1557
930 1412
360 423
999 1112
424 1086
1287 1899
709 1153
1387 1455
1330 1412
858 924
1761 1767
38 450
104 289
1433 1644
182 385
1685 1736
144 191
1203 1364
847 1822
280 1022
1294 1869
466 1306
978 1958
1588 1994
706 2133
1756 1986
474 722
1088 1653
853 1995
104 1799
1316 1638
1152 1982
221 2159
358 1690
633 1630
1185 1387
1455 1991
1472 1744
1112 1126
319 1248
578 744
1557 2182
1719 1741
1106 1767
714 759
738 1809
663 1137
1940 2011
893 1136
74 838
675 1008
923 1913
80 108
141 1370
450 808
894 1978
329 1357
1375 1515
1153 1428
1426 1809
418 506
697 1848
699 1196
649 651
1503 1632
352 1763
1542 2158
839 1765
181 1548
1878 2221
41 2051
333 345
909 1820
1394 1891
612 980
576 749
1451 1843
914 2210
254 1526
733 1775
510 838
1310 2171
296 1811
1426 1980
718 1398
755 1615
805 1925
97 1318
560 1935
302 1042
664 2070
104 1442
444 587
1130 1723
1123 1805
1090 1171
205 1897
998 1093
609 2000
201 592
188 366
1176 1229
104 1981
760 778
379 1351
168 614
1530 2180
778 2054
1492 1596
1091 1627
156 1638
731 1125
363 588
214 550
20 603
473 2068
178 576
1593 1828
1082 1119
247 1767
1189 2073
595 1247
251 2005
972 973
525 1472
345 1830
988 1395
53 1690
1195 1243
408 1322
313 1844
181 1199
76 828
111 1947
1041 1766
1068 1416
1172 1420
1515 1647
438 1800
747 2199
1710 1827
1448 1516
287 1351
263 780
1184 1825
731 1938
597 971
1310 1875
1780 2219
1135 1906
322 1368
1972 2172
1497 2000
422 1436
990 1650
1393 1795
373 1048
514 608
1570 1982
18 1367
457 626
126 410
757 948
226 2120
1335 1817
1684 1992
31 346
352 569
1499 1647
1816 1965
760 807
1021 1874
1694 1887
625 1143
223 1085
1193 1209
437 949
1158 2101
515 848
165 1803
1777 2140
7 2111
288 875
1339 1344
1440 1647
602 740
280 779
520 1014
1443 1555
307 497
545 1398
299 2073
513 1829
1110 1164
1071 2205
1648 2164
979 1816
1423 1725
193 280
1111 1434
1 529
113 1060
302 309
1870 1930
630 790
357 579
631 1990
1522 1819
126 2012
128 1047
1419 1544
848 1926
767 2070
1601 2215
1438 2145
742 873
149 2219
151 895
598 1815
2053 2163
653 1239
420 1786
154 1083
1511 2064
516 736
229 1066
751 1007
1230 1912
1383 1892
456 638
1442 1948
31 725
228 1979
959 1302
524 1614
970 2128
2080 2203
58 1822
720 825
133 1068
1086 1366
907 1226
1899 2145
465 880
292 1044
890 1370
258 536
473 1653
14 1731
449 1462
1249 1296
1713 2142
377 1750
1260 2076
1034 2034
1641 1762
609 1406
738 1274
264 1180
1036 1955
1864 2019
567 715
509 1181
663 1894
1467 1484
1285 2113
506 1614
298 1732
239 1611
1258 1892
1207 2014
313 1426
1339 2192
199 1505
341 550
1307 1644
1628 2039
359 501
665 1161
718 1450
568 1489
1069 2152
238 1727
951 1335
968 1739
256 400
868 1678
366 778
248 1581
22 1936
498 989
220 1846
750 1493
143 1707
668 1937
54 1167
376 2144
1050 1464
282 1235
317 1356
348 2061
61 931
539 1845
472 1240
177 902
871 2045
321 533
1653 1860
1590 2168
1810 2080
275 1744
346 2022
134 1128
1278 1891
264 1545
243 845
1497 2023
1188 1814
176 1622
741 1440
879 1434
1259 2194
267 613
127 291
831 2002
201 1051
139 192
310 543
1538 1797
707 1238
950 2204
1044 1286
789 1137
653 1499
1710 1760
1529 1850
1345 1545
608 1302
590 1344
169 634
1917 2148
994 1925
893 1896
91 1022
12 590
1349 1687
167 241
19 824
239 1369
153 644
580 1216
838 1358
52 179
1594 2185
19 2123
1707 2160
1 999
819 1321
481 1203
484 1531
115 455
457 985
40 1251
233 1371
45 1287
208 1891
51 278
1155 1941
1957 2110
1350 1680
1233 1646
343 1915
956 2083
937 951
436 998
875 1666
379 1536
1752 1977
797 1669
809 965
1233 2106
1108 1503
1399 1777
1596 2039
1038 1106
1208 1891
277 2059
340 2040
973 1499
157 1250
84 719
1043 1507
1123 2154
1342 1883
106 2127
18 876
1249 1312
860 2037
230 1010
904 1031
173 1800
1494 1550
158 577
2038 2104
1012 1603
1735 1817
759 1341
738 1281
1639 1745
15 1404
449 688
88 1112
1957 2171
304 1860
88 774
789 1650
825 912
976 1107
1236 2049
889 1801
791 1599
1199 1278
1650 1983
597 1646
321 1934
503 2217
123 1402
1784 2046
535 1688
938 1837
159 1274
280 1511
407 845
1099 1298
817 2169
1618 1779
628 1429
251 403
95 353
1048 1428
1537 1962
195 1758
1633 2155
454 1740
1034 1251
761 2205
111 542
714 1117
47 266
694 777
212 439
1570 1895
1670 1898
577 2188
280 771
1152 1773
306 1167
952 1157
357 2087
134 896
44 788
1495 1501
1159 2217
183 2177
608 1319
1408 1614
1097 2024
847 1436
979 1780
517 1584
92 2004
21 793
628 1648
876 1347
538 1982
263 1066
446 1916
841 855
1352 1761
528 845
120 2076
183 260
781 1392
993 1685
1055 1260
572 941
0 1376
1753 1962
730 751
1378 1826
785 1902
921 2036
15 469
1213 2043
660 1021
367 1066
794 1009
937 1384
710 1973
344 808
1281 1441
684 787
606 739
2022 2127
1244 1294
243 1119
516 2131
941 1249
703 1467
599 1427
245 961
2013 2051
927 2088
919 1432
595 1006
196 1925
1133 1313
972 2157
609 1714
391 1690
557 954
1057 1224
84 1480
336 1423
172 1519
765 1316
307 341
1656 1822
3 1421
368 1645
1752 1931
86 1961
1600 1849
1015 2138
1012 2059
1871 1879
228 334
965 1211
211 1322
654 2009
108 271
1086 1125
408 1421
1718 1783
255 1201
1516 1970
217 2101
487 1506
1034 1507
1740 2064
209 1237
269 2006
770 1178
215 1185
936 990
282 771
53 347
1103 1607
745 1990
221 819
1294 1826
129 1647
855 1699
1680 2220
354 2043
1289 1962
1807 1874
1013 1031
441 635
1210 1420
658 2024
207 1624
2010 2037
413 893
1348 1665
535 625
69 1737
475 1303
598 1287
740 1287
1938 2221
1139 2059
366 1091
173 486
1058 2214
354 406
877 1162
510 1672
571 1759
615 1705
294 1090
1904 2200
1876 2219
2016 2037
1788 1891
1138 2018
33 1794
1034 1218
11 2160
462 755
742 1502
736 1286
601 862
1498 1845
1350 1904
544 2087
1826 2221
37 916
446 1729
1205 1335
480 954
719 2116
1529 1931
621 849
369 635
1472 2056
174 890
1532 1913
823 2116
1079 1126
146 275
677 1049
1880 2189
256 1126
187 190
1523 2200
1293 1321
517 1324
865 1731
1088 1733
1720 2045
1009 1039
916 1394
356 1481
103 1512
456 1681
332 698
1110 2012
448 729
215 948
286 2104
181 672
1423 1994
1171 1330
367 413
1653 1700
1763 2095
876 1863
404 1127
456 1065
890 1601
113 1110
550 1218
493 1675
434 1379
1665 2034
600 701
780 1198
1020 2159
1209 1578
1983 2070
332 1179
21 922
48 982
93 443
831 1838
104 1540
1746 2163
1820 2078
735 2130
847 2123
1674 1763
880 1217
416 1257
83 1158
843 1863
43 1267
755 1247
705 1280
1676 1734
162 624
1213 1870
402 1378
193 1116
1215 1347
49 346
1823 1825
383 824
293 2060
1012 2058
905 1281
308 2199
261 1328
791 2163
188 1553
461 974
309 1873
602 702
251 896
600 1712
192 2050
1314 1800
618 1019
140 463
466 616
115 1365
539 1002
426 2210
1222 2064
47 323
1879 1884
1258 2046
1160 1292
433 606
916 1378
1350 1352
197 327
173 1907
728 1732
740 1622
235 323
1249 1479
669 1266
1076 1278
738 838
384 881
559 1244
1375 2216
1017 1201
392 1182
587 1379
1343 2221
1035 1496
1413 2056
1682 2018
706 2041
381 1663
806 1463
215 956
615 1522
662 1562
1108 1111
423 2203
910 1556
138 1094
1292 1665
269 825
1330 2003
929 1711
1013 1063
606 929
1034 1603
271 1534
267 2013
883 1926
1171 2095
1185 2010
301 1557
637 2196
240 503
1616 1891
1478 1910
289 1899
25 250
851 1425
1721 2151
1046 2204
1572 1721
1457 1967
1685 1823
1698 1875
923 1389
1867 1897
730 1729
1033 1724
1517 2128
13 310
553 1344
757 2149
659 1406
1119 1557
628 1572
1173 1955
1108 1280
986 1561
1011 1325
228 1935
862 1126
1099 1432
237 1466
312 2094
353 1952
417 738
912 1428
934 2212
1250 1936
760 1271
205 1089
768 1049
1061 1691
1316 2217
446 1222
571 1576
680 1337
611 1431
193 1927
960 1865
575 1968
172 1547
395 1935
1197 1932
278 1224
1071 1963
1628 2102
433 1411
267 1719
360 1288
1041 1627
479 758
387 2117
1083 1269
465 1107
1076 1825
413 1778
349 1633
666 1095
193 1857
80 1571
1150 1781
1426 2029
667 750
1651 1795
150 585
490 1242
133 1410
1047 1662
323 1650
117 1243
236 2208
167 1908
97 807
1321 1741
835 1920
1496 2015
50 1130
1007 2159
1029 1984
1038 2060
1334 1367
65 1043
253 817
1587 2022
1476 1970
201 1178
708 798
650 878
613 1702
1050 1075
609 2183
2111 2212
99 1439
873 1311
16 171
138 1394
1503 1847
738 1816
14 113
112 1065
379 591
205 1428
1183 1441
923 1598
809 1009
734 1741
1074 1713
1360 2076
980 1360
1080 1557
510 1760
771 1516
941 1408
745 2021
1406 1821
407 1615
1374 1890
1264 1799
302 1106
1351 1870
1078 1899
677 1363
406 1595
54 188
1539 1817
1031 1821
631 2041
1562 1871
716 2194
21 2155
28 1540
850 998
1135 2041
1097 1473
558 600
422 2165
431 1669
38 1519
1513 2098
333 752
1141 1980
425 1927
1961 2165
310 371
1326 1683
371 1065
433 754
70 1820
850 1953
785 1792
337 602
393 1443
309 1641
245 1361
1101 1843
421 2135
128 807
227 1357
1504 1797
895 2090
392 1216
841 1952
385 2053
1002 2049
331 1191
937 1561
268 514
1751 1903
301 479
142 571
585 1856
1350 1368
546 978
353 1861
354 1051
1532 1928
587 1498
46 1105
674 727
43 768
656 815
968 2134
250 1019
1128 1628
160 1793
1256 2122
1450 2081
595 752
182 1756
954 1466
34 1664
230 2081
1003 2092
1715 1922
899 1407
674 2017
625 1623
375 1632
1084 1268
326 1506
1189 1261
166 1590
1719 1942
1343 1894
109 583
1378 1963
1165 1539
1525 2206
489 1840
606 1073
1604 1913
1722 2204
412 1597
345 1108
938 2153
1559 1695
571 738
990 1862
562 1318
133 1932
850 1673
197 2153
10 372
743 2022
669 1388
1199 1529
347 1402
1223 1639
760 949
68 1520
784 940
1099 1705
694 1558
43 1406
203 1360
948 1564
613 1472
448 679
484 1971
663 744
1903 2109
910 1218
931 1361
1529 1875
94 448
1811 2010
888 2093
1442 1855
1362 1810
549 1324
108 2019
643 787
620 1635
1044 2135
375 1191
26 487
469 1529
267 1103
1148 1183
402 2028
1182 1247
207 424
1461 1618
410 832
1038 1966
592 1208
270 1187
945 1497
764 943
599 1554
908 1781
183 2041
1338 1739
1747 1846
166 357
334 1491
1569 2115
1531 2167
749 849
1763 1982
755 1327
381 853
299 834
331 1130
20 232
1597 2208
805 1539
527 1012
328 1032
763 1502
153 1211
271 1282
277 1227
587 987
859 894
218 1309
15 668
1954 2124
856 2015
446 1818
54 915
754 1249
175 909
68 1936
416 1028
367 497
188 1085
1444 1952
1321 1501
692 1426
902 1735
411 631
275 2112
79 823
1511 1917
1203 1334
810 1080
530 589
481 1981
1082 1200
298 1113
1285 1413
45 319
482 2087
1425 1632
554 583
267 1932
449 1546
153 160
459 1833
1204 1359
903 1073
934 2115
535 1181
1748 1992
845 1077
233 1967
354 2047
1769 1926
724 1535
1012 1077
1154 1525
71 985
750 1553
81 198
1904 2046
1449 2178
716 995
1198 1211
760 962
339 2164
1655 2138
317 403
1028 1294
470 2094
775 1811
1160 1900
951 1343
134 1732
676 1481
43 2151
1923 2140
71 1569
308 1123
42 892
1017 1526
2002 2196
116 388
1339 1354
527 2007
662 1517
74 1918
912 1805
1225 2206
32 262
1463 1891
418 790
984 1927
620 955
769 1129
132 1147
623 1213
841 1169
1588 2067
59 1938
2087 2174
810 909
609 1083
2106 2148
847 1531
1299 1724
91 277
39 1775
200 1702
51 1320
791 1774
665 1455
548 722
1856 1965
327 1708
718 2151
490 779
1973 2019
92 1562
773 1666
1077 2078
117 1432
4 1771
203 735
569 903
92 486
1563 1864
824 1961
1702 1717
666 1601
84 2129
89 454
1630 1948
611 927
850 1845
838 1100
1860 2219
104 1034
1321 2072
51 223
1249 1964
241 1106
307 1481
238 1918
908 1275
1570 1622
825 1383
1458 2068
1475 1492
130 164
685 964
322 1355
1974 2175
855 1195
27 820
1285 1777
891 1766
1897 1898
212 2008
484 786
1456 1787
1097 2149
86 392
972 1650
250 858
889 1644
548 841
1257 1368
249 1328
853 1226
642 1876
545 827
290 1230
332 1909
1236 2016
16 1413
1669 1754
385 454
285 1390
133 1161
644 1471
773 2123
1814 1856
586 1588
319 939
815 980
1479 1866
1399 1778
4 884
286 1373
544 2097
93 1556
86 753
1091 1693
1588 1684
1260 1652
498 1255
561 863
826 1249
590 701
477 2152
42 1333
272 1025
302 1660
1448 1469
36 2177
84 1796
670 782
977 1820
1034 1607
1287 1289
1749 2150
1605 1995
64 960
1098 1357
136 1807
856 1931
1567 2039
21 1746
743 1202
1161 1858
227 1740
474 1876
337 1146
426 2050
271 1335
1111 1693
542 872
452 1475
1129 2114
236 394
991 1419
88 648
262 1811
1866 2093
602 1117
1479 2047
518 1956
276 2044
209 408
399 659
39 1724
1220 1971
1117 1460
692 1639
1218 1969
1501 1790
793 1333
716 943
752 1338
1202 1233
952 2211
446 1578
174 919
568 1822
228 1430
520 894
934 1850
1183 1617
441 1176
309 1767
1223 1292
1640 1812
480 1167
195 2000
979 1970
398 1773
76 154
1564 2193
174 714
1485 2000
1014 1142
738 815
449 1401
307 1115
245 1863
1273 1286
497 899
68 541
1065 1490
566 2133
1344 1423
581 1992
52 1551
600 1553
1380 2096
1038 1790
1193 1720
1190 1292
163 173
359 873
1503 1564
270 1932
970 1810
927 1309
434 1778
656 844
78 1123
1115 2181
858 976
501 969
319 2116
766 1823
1401 1731
1526 2058
481 976
435 1617
954 1966
67 1911
423 740
38 1502
815 1570
115 1137
108 381
176 1413
430 686
162 615
941 1024
1833 1911
585 1570
195 621
636 1692
1562 1954
97 1114
55 276
816 834
1180 1697
391 750
1 1891
76 1185
352 651
2040 2145
704 1209
460 1890
446 941
429 1608
525 1315
543 1924
287 1605
244 1311
14 2165
1151 1641
841 1667
202 1290
267 1327
93 940
1383 2173
333 579
693 1608
1921 1924
1143 1334
749 1314
478 1973
336 584
428 1020
1902 2199
11 2020
1153 2094
404 1160
449 499
126 789
431 1803
1200 1624
964 1696
1239 1323
532 1824
42 944
1426 2037
2011 2109
23 255
564 1172
754 1888
126 1840
116 1421
1488 1823
1365 1996
1273 2052
750 1482
380 1541
815 1628
546 1918
500 1618
540 2053
583 1008
265 1388
17 636
470 1607
121 628
1452 2161
374 1113
930 1644
511 798
1003 1873
140 1614
248 343
1099 1333
1037 1161
1632 2100
1287 1570
1103 1747
1105 1689
113 1385
144 153
392 660
1138 1312
293 1236
315 433
1471 1758
721 1795
466 669
237 2167
458 1020
6 784
266 2187
1425 1979
1469 1530
87 1582
873 2093
1082 1380
1694 1735
1275 2121
1936 2131
640 1433
664 1477
407 1513
1576 1927
83 1145
1203 1773
850 1775
184 1434
344 1048
422 1995
630 970
276 388
451 2055
1297 1369
1265 1582
811 1394
1681 1977
103 1783
858 1989
151 1457
278 2197
464 1670
1927 2146
568 1197
78 791
20 1591
227 2131
654 1635
1489 1656
303 971
1180 1388
138 1033
1518 1557
655 717
341 1625
162 513
550 623
674 1897
454 1739
1197 1535
1117 2125
497 1929
1391 2033
146 853
203 1555
1924 2012
27 456
264 1883
298 1478
570 604
1282 2210
1480 1962
188 390
24 205
755 1714
1354 2167
709 1953
512 748
686 1383
877 2041
1005 2193
1430 1937
193 1977
539 1436
1523 1993
1063 1354
686 1879
989 1997
730 1916
2 1676
568 1490
211 476
903 1213
749 2184
135 570
1004 1563
556 1434
1328 1696
632 1846
296 417
1167 2020
1994 2213
547 1706
1395 2164
1278 1550
643 1624
261 701
1261 2081
418 881
73 668
487 1968
1079 1485
813 1148
1762 1909
496 1037
1204 1639
583 601
1450 1971
428 2122
354 1316
516 1659
421 1504
905 2219
883 1915
158 965
745 1249
1680 1897
89 1685
1305 1849
1348 1667
269 2054
1684 2090
342 1922
449 2143
30 1866
648 700
659 1664
1212 2116
659 1961
1254 1306
379 392
384 1332
608 2140
200 2201
1060 1987
437 1237
14 1658
2040 2117
142 1068
81 1583
1327 1453
418 1252
1065 1080
1258 2112
1617 2095
617 955
1629 1668
206 1329
438 916
646 1791
280 783
1509 1538
288 1846
823 1089
167 765
1086 1832
241 1543
1275 1923
785 822
857 2067
58 1138
1055 1072
1177 1843
1673 2180
927 1268
797 2020
764 1380
1212 2133
1449 2069
1701 2008
1353 1635
1428 1722
209 1038
70 1678
1813 1958
0 1012
1376 1456
230 1076
122 1973
701 1579
532 1272
1033 1963
91 1530
1616 2037
835 1775
164 1461
56 1763
462 1842
1067 1525
547 841
188 948
748 1711
642 977
89 338
140 465
1009 1986
261 1424
716 990
518 1239
1486 2176
358 716
656 2210
797 1998
1028 1732
764 969
1546 1709
2166 2178
120 1001
95 322
731 1522
1933 1982
262 1159
691 1995
628 2073
369 731
1657 1848
970 1610
1040 1547
452 1794
836 1678
236 1020
1339 1800
238 410
1895 1980
353 1852
1064 1294
654 852
416 1355
2085 2216
1106 1689
805 2045
639 1418
736 1906
1843 2165
394 668
1363 1580
404 1511
773 1868
285 359
255 644
184 414
383 512
733 1828
1741 1924
701 1759
262 1189
1503 2038
1235 1771
726 1322
1929 2163
1544 1594
237 732
374 1449
197 1058
1022 2121
719 1943
1048 2186
1874 2112
1027 1644
32 334
79 2216
1300 2028
1071 1596
1199 1836
980 1776
1037 1882
1255 1384
149 1425
1016 1227
486 1955
818 1869
262 401
1475 2171
716 788
343 420
137 2063
5 211
1384 2003
1648 1836
1093 1252
1092 1396
674 2211
1508 1554
186 1611
359 1455
17 102
890 1716
265 1328
572 635
833 2212
1057 1702
1596 1603
296 1962
348 1485
701 1370
1685 1938
1466 2048
1078 1399
890 2220
857 1997
1291 1976
194 1927
1394 2031
493 1370
425 1752
378 2139
286 1599
1182 1237
1 2003
2060 2106
1862 1968
408 1906
1660 2152
1238 2033
892 1841
829 1908
398 688
1101 2133
1754 1831
2025 2159
1579 1781
437 1649
42 1693
791 1838
1012 1485
1416 1824
676 2113
648 1801
1687 2189
1156 1280
674 1388
1296 1452
282 1504
737 1106
1147 1450
264 785
736 833
1148 1735
1389 1591
94 1117
539 1048
983 1451
2076 2127
588 927
428 2059
1388 1957
811 1133
1153 1616
27 1817
626 1667
1452 1696
704 1407
35 1819
382 2136
240 628
88 1051
218 1211
1592 1932
187 666
938 1944
215 1573
124 1848
72 1226
1771 1853
687 2140
1647 1838
709 1052
69 1856
1940 2147
1924 2060
372 1515
318 1850
626 1924
1723 1918
1223 2065
1087 1553
1206 1442
512 1544
345 1866
382 869
416 2125
825 1744
878 1425
2084 2158
1214 2120
1542 1636
1935 1977
1108 1744
484 948
151 273
789 1414
441 2023
1263 1648
1029 1308
67 684
131 569
948 1812
155 1012
1190 2092
173 1124
107 467
117 1878
220 2148
908 1106
1362 1970
1173 1578
1541 1998
1284 2120
459 1948
374 1669
610 1327
752 2139
567 1630
141 1929
358 1736
45 1628
267 1523
1629 1769
745 1677
1147 1970
95 2082
1035 1091
24 369
341 1101
1611 2040
551 1516
277 1988
1042 1118
1493 1819
98 1847
281 1469
1001 1912
211 1162
371 1367
983 1574
402 769
787 2114
1238 2083
58 554
1572 2056
2086 2159
141 1828
411 2113
402 1726
1672 1849
496 603
340 1872
466 2006
322 1897
251 1577
323 650
1076 1737
243 456
141 2037
553 1763
1467 1557
136 558
232 2121
475 626
1273 1992
156 1170
21 204
1097 2127
516 992
227 1189
192 1644
560 1910
1768 1980
1417 1607
1234 1952
221 750
1323 1610
794 2000
1110 1290
251 1514
22 1642
1222 1241
657 1213
1079 1979
17 471
836 1526
528 2126
1090 1312
133 509
582 1802
154 1572
121 1336
739 1366
1050 1538
1272 2136
891 2141
576 1301
98 590
462 1960
640 1016
980 1216
81 1588
701 1597
118 740
237 1060
1482 1549
1568 2005
1647 2093
1041 1658
218 683
649 827
872 1966
979 985
260 1813
416 968
2182 2215
418 1359
658 1947
916 1792
529 1699
1156 1254
1173 1507
477 1533
1057 1344
1855 2216
727 1969
276 1437
664 1119
933 1742
804 1542
945 1961
1348 1774
253 1233
598 2039
1050 1737
3 1618
1991 2003
535 2132
1322 1382
783 1795
1036 1310
309 2134
31 586
658 1703
1685 1767
632 2221
1160 2216
808 1260
379 1457
1582 2029
1261 2047
152 1045
839 2047
167 1208
387 1583
340 1755
197 1679
29 1130
786 1284
692 1857
755 890
1552 2137
478 1844
795 1160
66 1557
190 2187
1473 1483
853 2123
517 1828
131 917
443 1441
681 717
488 1249
483 2148
775 1562
1602 1653
1279 1629
1722 2020
754 2158
419 1891
342 2099
423 1779
869 1830
54 1164
870 2203
42 1115
1008 1991
398 1988
936 1236
619 1195
444 1552
805 1820
1618 2090
300 1788
268 954
1350 1555
89 2161
1178 1531
471 1757
762 913
2047 2216
1239 1844
423 1753
1009 1260
1203 1736
175 1653
1129 1165
210 1673
1748 1961
612 2141
1020 1422
371 1134
793 1847
312 679
440 1343
1845 1953
597 1482
572 2032
489 993
444 2160
1427 1951
326 1159
1624 1695
41 1410
826 1540
320 950
96 1995
313 1160
1632 1643
272 1296
35 1811
578 1999
59 1858
520 1493
1476 2108
139 1331
270 604
1012 1220
591 941
1810 1924
1751 1846
78 1728
900 1544
180 483
1290 1545
1278 1804
851 1986
1359 1920
189 302
1087 1942
1009 1135
1842 2028
1772 2011
634 1626
465 1982
1997 1999
759 1791
350 1395
1346 1915
34 309
922 1237
842 1191
91 1731
872 1961
1509 1979
1038 1582
810 1361
1399 2032
165 804
106 1053
116 2035
998 1922
509 1963
1526 1814
384 1008
281 873
4 1876
1206 1589
804 1753
684 1358
317 622
869 1600
474 803
743 2094
459 1668
731 1323
389 1143
272 1198
8 253
452 1738
1657 2078
1005 1169
979 1445
1257 1913
1541 1871
615 1561
20 1428
989 2181
112 699
396 1785
1856 1952
199 797
686 1642
356 768
1394 1718
41 2143
1084 1757
69 765
1169 2200
1076 1967
168 564
1313 1992
276 2170
1087 2003
322 1822
629 689
1184 1852
1441 1539
496 852
508 1710
1606 1930
54 1536
659 1340
364 1229
248 427
72 1532
78 1215
392 1142
96 341
1054 1394
526 1438
165 1082
478 2034
1428 1566
524 1623
891 1019
1034 1095
424 435
240 697
1517 2134
56 57
208 1141
881 1001
1764 1996
1360 2151
377 1515
437 2054
180 1291
1308 1867
1734 1838
836 1503
873 916
147 1859
274 2211
722 1831
1642 2187
410 501
1517 1965
1803 1828
35 437
1778 1807
323 1547
922 1930
835 1347
708 1636
165 1313
427 1244
463 842
1654 1904
1002 1816
821 1323
1189 1294
296 1145
535 1920
71 1964
1522 2091
119 654
399 433
1112 1738
1307 1675
257 640
10 2047
798 1827
1433 1483
155 200
630 744
1083 1266
1438 2024
264 395
15 1284
917 1882
765 1490
16 41
520 620
1494 1501
1087 1800
314 2131
622 1437
1315 1575
1233 2075
1305 1329
500 1538
59 1435
121 577
1364 2107
1843 2112
986 1021
269 1503
569 766
288 1805
315 515
1514 1902
908 967
552 714
23 667
870 1206
519 684
1168 1401
1520 1749
1513 1880
1007 1806
1416 1915
2092 2130
1506 1929
70 1624
823 917
777 1406
464 1783
36 1846
1109 1638
114 1192
451 1612
32 616
264 1946
219 770
890 1207
1033 1653
512 619
936 1865
939 1383
125 1310
752 796
128 1488
222 1161
991 2195
1673 2026
432 1509
19 2176
1733 1853
387 416
687 858
139 1885
1782 2184
625 813
1034 2114
1539 1603
1265 1625
50 286
90 2087
762 1067
1507 1805
422 993
515 2100
115 833
568 924
98 740
300 1205
1310 2135
834 1693
754 2156
705 1400
829 983
82 1055
1742 2194
245 772
261 956
2 1766
563 1938
148 1285
1250 2210
780 1407
544 824
41 1678
239 1165
81 848
819 869
193 1750
896 1391
348 1501
1209 1300
1152 1426
243 476
434 1565
1269 1687
214 1593
1227 1835
859 1980
490 608
497 980
1871 1887
776 1333
1458 1515
595 905
148 645
54 1825
873 1447
546 2122
295 1360
910 1431
66 1532
646 2169
521 1741
867 1332
1295 1595
176 697
123 574
933 1593
62 376
489 1515
1279 1297
44 1192
795 1214
16 852
1332 1940
748 1161
1329 1549
1948 2078
1685 1770
1134 1617
1112 1945
652 2199
637 965
733 2086
359 1147
730 1226
379 759
1097 1878
1218 1426
392 595
384 937
512 1738
64 954
930 1116
354 782
270 2085
697 1385
834 1268
1681 1874
796 1917
1321 1853
1011 2191
293 1340
89 126
917 1606
1381 2064
625 1509
227 1896
248 1671
782 1452
1570 1938
3 635
1400 2013
424 1227
146 418
1568 1785
1245 1896
103 1241
488 1707
1179 2081
326 2214
349 1646
773 865
1232 2094
1513 1931
613 692
108 2083
1187 1741
1546 1924
410 1101
1475 1745
1620 2098
236 1316
1 1098
1731 2085
536 1209
315 1380
707 1403
1531 1805
723 1516
446 2038
1244 1450
233 2214
492 632
583 1410
62 1347
632 955
1323 1813
441 640
982 1228
992 1158
755 1647
620 1172
1302 1676
1122 1559
960 1473
681 1386
720 770
530 728
903 1047
512 1103
127 1811
1330 1630
431 1690
586 1340
1570 2079
480 1436
232 1747
776 2088
766 1080
1190 1216
1192 1333
109 1486
1024 1555
355 734
457 1224
474 1161
284 2004
1151 1855
263 2211
1609 1690
1166 1506
789 896
745 1235
661 2069
607 728
1117 1354
605 1691
296 1991
8 2160
764 1609
987 2076
7 1565
405 940
603 1224
661 985
1039 1112
856 1544
1341 1788
550 1646
776 1491
277 1347
68 801
525 873
712 2181
56 576
211 1332
953 1940
1347 1728
21 2128
1053 1743
1124 1999
496 579
1369 1424
375 462
505 1532
782 840
480 1054
482 1684
1315 1874
354 2015
439 990
1311 2116
1817 2042
915 933
464 866
398 422
1538 1722
478 966
157 819
494 1051
759 1841
166 751
464 598
768 1501
1749 2214
274 1265
1413 1619
802 1875
371 1670
242 2211
670 2113
388 940
491 979
1682 1690
539 2089
887 934
1197 1571
222 1262
977 1686
67 368
1219 1969
115 1720
877 1539
1244 2157
1269 2112
147 1570
97 1513
130 359
950 1003
265 451
1575 1600
1667 1830
621 799
718 1193
325 892
337 580
1837 1980
1315 2033
1107 2166
1249 1502
56 1398
1506 1878
1003 2075
388 856
1032 1848
414 2185
1242 1579
598 1942
788 1331
642 2205
239 1983
565 1768
644 1124
152 2111
459 1712
96 975
843 1695
823 1556
519 2140
405 1115
62 2136
1256 2212
1874 2165
199 1163
1168 2207
773 2148
1114 1257
1003 2020
328 1398
1239 1317
569 1006
1929 2047
332 2191
1920 2121
479 858
859 869
320 1343
273 1658
290 1508
426 2054
1186 1463
1006 1378
1360 1972
338 566
1032 1296
527 1256
625 1429
725 2148
18 914
1433 2069
1815 2174
51 337
901 1211
37 977
364 1795
584 1921
785 1443
276 2107
1892 1965
121 736
271 408
1528 1947
1660 2010
863 1396
846 1760
142 1555
1347 1859
24 960
259 1544
1113 1334
1428 1899
341 1051
515 791
1035 1462
815 1517
516 1197
1004 1364
690 1896
903 1980
1151 1178
1148 1700
1077 2147
1615 2188
306 1673
1365 1999
1095 1507
1347 1799
1078 2078
498 1546
264 495
1087 1647
425 1086
221 256
27 1355
973 1280
601 1400
339 2067
199 1923
1035 2018
1249 1756
881 1379
375 1441
283 1419
151 452
138 1871
987 2136
1589 1591
1579 1603
176 1906
420 429
392 2105
842 1718
467 1078
1074 1193
333 412
700 2203
656 1200
42 1726
1170 1463
334 661
347 1791
620 1283
846 1541
1109 2040
63 898
1457 2135
791 930
201 2157
962 1288
493 1310
829 1642
1631 2059
1743 2043
223 1673
732 2013
59 153
463 1229
78 1837
547 1270
461 984
458 1246
1198 2146
553 1421
262 1976
110 2154
54 1584
877 1421
1731 2145
474 735
2000 2182
21 1080
1613 2133
463 1692
813 1741
1376 1595
291 996
426 1606
908 1140
276 437
999 1218
656 1476
635 2034
117 577
798 1990
68 2120
243 1855
443 1322
982 1377
1241 1563
906 1302
1960 2097
322 1782
295 846
115 2064
1263 1697
385 708
173 678
1035 1207
1433 1683
1075 1275
55 553
471 2197
1400 2216
658 955
764 1652
347 807
928 1562
1247 1291
826 1091
1053 2005
152 606
317 794
1756 1774
858 1136
278 528
440 619
162 1744
1071 1207
1821 1834
1431 1841
1288 2196
1642 1993
678 2150
2004 2199
331 1492
462 2159
1649 2075
766 2193
285 864
736 873
815 1119
1232 2032
862 2214
694 932
950 2203
907 2216
350 1515
819 1696
1619 2010
1029 2117
303 1062
614 1758
129 905
57 1266
277 2064
555 810
298 1792
633 2004
217 2013
1472 1711
29 1133
556 911
313 1794
868 1155
172 648
251 997
482 1749
1089 1324
416 1012
219 1867
640 2069
402 1681
1468 2060
333 1657
952 1439
1626 1693
8 1029
148 628
263 1941
84 1124
258 1591
1106 1240
536 1034
240 682
1309 2004
1369 1607
1681 1900
626 1198
1022 1775
297 1367
1129 2109
1297 1920
635 1662
1653 2081
1136 1574
1495 2065
100 758
808 2030
851 1003
1324 1449
788 1265
291 1480
1043 1427
561 2201
1360 2198
131 1657
719 1379
237 1556
910 964
228 1250
1485 1959
1509 2059
1078 2210
1905 2023
221 1084
1140 1848
1840 2156
1087 1158
1230 1236
1355 2021
1101 1576
330 507
1839 2142
531 707
920 990
294 2168
1958 2042
637 1204
1672 1745
898 1898
1010 1157
898 1265
1582 2100
1759 2048
506 555
148 1496
1707 1831
336 1646
967 1736
1049 1088
562 1777
194 375
190 1431
215 1338
197 1347
947 1026
1122 1571
1065 1074
519 2091
1786 1959
69 1216
162 921
53 826
1547 1965
41 664
670 1697
929 1570
1202 1659
841 1940
344 1212
21 354
15 868
731 1989
876 924
1474 2153
498 1039
255 582
470 696
327 1268
1097 1893
527 2173
802 895
9 420
539 610
477 1628
1382 1599
341 1437
1023 1518
809 1025
131 1225
507 1152
1213 2186
888 1646
269 1660
389 1184
1721 2183
1285 2221
216 1867
217 976
1197 1323
1127 1878
324 1953
320 901
402 1323
115 1271
818 992
271 1136
183 1559
31 630
1704 1756
1489 2008
998 1261
611 1771
588 769
115 237
429 670
23 1151
302 882
950 1099
14 628
1343 2005
1207 1533
879 1238
1964 2051
1778 2150
403 1651
871 1827
729 1583
1157 1709
27 1596
528 927
1045 1229
1764 1816
508 1128
178 1281
517 1160
1412 2110
1030 1418
524 1069
477 2067
53 814
89 1831
508 987
472 925
152 2140
1130 1907
1924 1959
676 1298
1007 1220
1150 1857
1612 1975
1296 2084
241 1729
1096 1462
920 1309
220 739
704 711
11 2127
466 1886
579 867
123 1412
1829 1901
307 1405
1886 2221
788 1030
1537 1681
724 1907
1466 1877
143 462
199 1706
928 1439
713 2207
251 1473
325 1836
32 212
1296 2003
35 1953
977 1906
1031 1792
264 2194
1156 1335
982 1893
175 1478
692 739
1291 1888
600 1492
60 1729
1369 2120
706 1286
148 768
503 780
1056 1203
1592 1662
329 2100
852 945
1360 2191
1331 1789
1711 1958
252 1996
1813 1845
745 2143
659 1042
153 2128
1496 1779
1628 1866
1244 1411
834 2050
696 1593
633 1118
162 1625
1051 1547
2036 2121
403 1996
755 1050
265 1054
378 461
1227 1780
519 1603
58 1260
919 2014
669 2046
29 1707
247 647
369 1528
1376 1795
1820 2220
452 1526
952 1447
374 2102
458 796
403 887
166 645
360 1525
265 583
671 788
403 1120
277 1056
1448 1554
1078 2150
196 487
414 1519
1400 2041
403 1812
68 182
832 1749
222 546
1022 2082
1190 1433
657 803
1325 2132
224 1794
612 875
99 1087
381 1572
1158 1756
204 1704
1174 1229
639 1535
182 1206
447 711
1584 2214
309 1138
609 1723
1351 1435
983 1685
473 830
1678 2033
1047 1340
1015 1430
831 1300
1579 1720
98 2101
518 928
719 1759
333 1010
1293 1771
337 1198
578 598
1449 1946
488 1591
859 1478
3 1107
23 1193
299 791
815 2032
1007 1911
836 1520
410 1623
1255 1737
1310 1563
1485 1960
428 1403
592 1669
1056 1763
1521 1753
1108 1923
161 2115
46 1596
1105 1410
1041 1587
189 426
1165 1775
68 1722
88 1787
776 1459
46 384
921 1402
1306 2007
111 1730
1326 2101
123 595
1057 1998
1052 1089
1655 1756
728 1954
1941 2081
253 1590
1633 1905
1014 1083
493 1775
1537 2111
827 2211
1099 1658
583 1098
1585 1651
1954 2140
449 577
885 1758
659 1829
617 1852
777 816
1366 1996
573 2055
31 824
1100 1984
159 809
130 749
724 1963
1466 1988
1107 2214
1802 2050
1433 1886
1165 1868
208 1965
580 713
1268 1410
751 1848
691 1576
253 724
6 1783
1261 1669
1029 1079
204 1083
1614 1713
60 845
247 1117
340 781
1398 1972
566 896
1432 1560
243 1106
543 615
1791 1937
409 453
397 1908
1393 1709
1192 1384
93 1843
341 1472
1188 2176
172 203
252 1367
382 726
910 2195
192 1757
1640 2077
1827 2186
1496 2134
712 1586
733 1487
535 1392
1499 1659
177 962
6 961
1468 1830
215 724
340 1983
435 1421
1283 1984
177 930
1184 1897
459 1888
40 152
1179 1523
131 1599
112 2208
1306 1804
1641 2031
594 1808
262 1942
835 988
98 419
446 2202
530 748
598 1617
1984 2040
1518 2063
1388 1976
103 290
1088 2222
71 1285
1052 1322
318 1244
142 1262
217 2073
22 1710
1164 2082
541 1477
586 1499
1877 2047
557 1703
26 1367
193 1850
201 2053
631 1180
1303 2070
1016 1739
129 1964
449 654
928 1642
772 1268
1574 2105
605 812
430 1231
1705 2164
602 1758
731 2202
1474 1573
1902 2183
994 1953
772 1486
1558 2086
817 1055
37 1208
149 1420
50 980
119 1090
250 2200
961 1084
803 1281
713 1258
4 16
452 544
2109 2127
687 999
1676 2221
159 624
778 1539
1165 2030
1893 1987
1481 2217
91 1303
700 2035
978 1567
1993 2140
501 795
951 1805
415 917
364 1433
236 2029
1936 2007
234 392
607 1769
617 945
915 2033
893 1385
1094 1701
396 913
910 1613
906 1570
228 1494
1092 1686
1140 1497
1135 1789
210 1640
212 1817
4 111
940 1134
1298 1548
1859 1917
1535 1937
559 699
364 2139
120 213
1242 1994
1554 1796
848 1096
209 245
124 1086
1018 2113
1514 1696
411 883
583 2117
450 1838
723 1718
349 621
1263 1894
620 1732
135 739
299 969
95 215
718 1643
787 1286
246 609
1085 1776
62 1326
1695 1844
275 1415
776 1761
63 496
656 1919
6 53
1377 1840
7 1086
991 1347
1528 2132
1058 1638
909 946
639 1712
151 318
788 2142
1014 2006
180 496
638 1672
960 1031
535 718
593 1961
1406 1958
578 1728
49 601
964 1312
895 1387
1939 2003
1660 2162
2059 2164
792 2128
85 1180
1039 1219
1024 2205
1421 1837
1251 1688
774 2109
1156 1929
293 2193
358 2000
275 2170
825 1228
688 2148
1977 2099
13 1671
185 1450
1600 1669
1046 1791
942 1224
1346 1404
621 1029
2006 2014
863 1153
182 2028
1743 1916
1267 2206
1439 1894
1741 1971
1986 2202
409 2043
1097 2134
1694 1806
252 1502
1740 1971
423 1704
644 1683
373 1259
211 1201
1821 1940
1182 2158
2039 2065
48 1525
746 1103
459 899
532 1748
248 1945
215 1503
807 1720
1618 1814
1408 1924
583 1244
1398 2208
51 61
1099 2167
1231 1573
489 745
449 2201
1614 1864
1624 1778
1338 1339
940 1262
489 1074
127 1973
184 1425
125 1198
146 1848
228 1758
1090 2018
373 1952
24 207
79 738
470 1507
590 1168
1383 1440
1780 1987
1070 2178
184 1915
358 1363
1259 1367
947 1129
332 761
1000 1927
614 2081
452 722
1143 1789
247 547
387 1252
136 2110
112 1542
829 1060
1709 2104
135 541
687 2203
756 1110
1151 2080
606 1509
1437 1843
1317 1512
124 1304
775 1125
933 1428
417 1136
1715 2136
1330 1738
698 1430
591 1014
1272 2199
1260 1538
762 875
1146 1897
2102 2218
1258 1433
1915 2145
762 1274
638 2206
1556 1956
764 1753
22 590
2 1752
1113 1726
267 1498
1731 1851
1033 2091
941 1112
766 2198
1535 2093
258 2005
1310 1340
221 1836
152 1768
1165 1597
715 965
427 1199
1196 1854
212 1430
9 147
325 1589
282 988
279 1696
219 686
268 405
1083 2004
1452 1534
1143 1592
647 1890
1695 2221
186 1714
674 1486
190 1569
948 1099
1912 2076
458 941
454 1920
1101 1211
549 1546
967 1017
519 1326
264 1769
407 469
1432 2180
331 2113
1813 2179
872 889
2016 2090
70 1578
1022 1152
16 1331
1163 1268
309 1304
1367 2002
172 553
786 1391
1240 2157
81 1809
582 936
145 2209
130 1711
135 1021
501 976
1025 1411
1021 1865
231 527
1453 1709
392 825
1397 2186
127 1539
305 1618
112 2053
674 1253
641 1422
661 1218
269 968
970 2123
91 1213
328 1739
1360 2093
114 2030
686 1329
1251 1399
1287 1460
107 1106
779 1360
184 984
540 1086
137 2069
1369 1966
167 218
244 1943
83 1959
934 1432
419 708
671 1297
168 938
113 1053
578 590
457 749
219 493
690 2129
1069 1902
568 780
783 953
463 815
1264 1431
793 1237
836 1929
270 1882
746 1754
479 658
887 1705
75 2179
1280 2174
318 1190
1230 1995
381 1809
2012 2042
125 805
393 1558
731 996
1746 1938
408 465
794 1141
350 1610
146 878
1057 2061
746 1495
617 1741
1211 2099
1226 1501
19 1224
177 1630
313 1390
1624 2102
1360 1455
1629 1802
57 430
419 1453
1570 1944
48 104
696 1073
13 580
205 1183
1219 1783
292 1309
364 1481
900 1722
421 1543
1055 1541
354 633
946 985
504 610
1058 1835
303 1354
138 1278
70 586
762 1818
567 2031
603 960
58 411
924 1242
162 1624
323 1245
766 1782
1490 1531
754 1223
104 1143
686 962
954 1791
1434 1610
165 530
455 2033
303 1887
487 1737
402 1526
132 579
690 1076
212 696
394 2179
356 611
1756 2105
288 1243
616 1553
1034 1222
1769 1861
594 2093
227 2200
132 858
384 1714
384 1852
197 490
326 1894
1470 1907
1070 1469
636 1447
69 194
58 2021
611 1961
1002 1733
1252 1683
483 1724
1869 2164
831 1987
314 1174
408 1658
746 762
614 1313
1094 1640
1521 1944
1163 1644
1738 1739
1157 2098
968 1247
850 1129
1648 2167
1034 1946
286 944
579 1189
1117 1964
1294 1377
439 669
1334 1708
1752 1815
536 2071
514 920
361 2147
1131 1970
1891 1960
926 1120
387 819
505 704
916 2127
641 1877
1226 1487
705 1032
218 299
1633 1862
291 1972
62 1638
182 1051
1525 1687
941 1313
140 679
671 693
1083 1288
141 1703
626 1299
793 817
602 1580
1481 2203
1529 2190
1032 1613
431 1501
497 803
401 565
1869 1993
325 458
290 701
1142 1444
172 1343
252 1706
659 1112
937 1116
481 1644
1142 1501
380 857
1002 1350
245 2084
35 1910
531 1366
1790 2123
1436 1605
726 1423
598 2145
994 1591
1436 1455
1321 1360
461 1298
493 895
962 2218
634 1599
1169 1737
270 543
1260 1919
694 1349
601 811
1399 1597
359 1888
1601 1912
1563 1954
314 1669
689 1547
1068 1283
26 928
373 1592
582 1900
821 1008
1469 2017
1040 1612
1369 1682
450 1627
574 1186
357 949
19 781
428 2036
501 2084
654 876
96 561
668 1876
1095 1454
34 1941
1065 1167
17 596
1209 2007
741 1314
129 815
511 1161
51 1155
1692 1722
29 709
106 110
86 1271
968 1353
1456 1979
807 1449
111 656
307 1894
274 2074
8 1245
894 1265
1627 2200
924 1530
1527 2020
1229 1567
1391 1396
879 1365
546 2060
649 1166
1606 1915
890 1613
436 1944
107 187
40 1572
914 1031
1645 1754
1764 1888
244 2053
914 1682
1699 2049
59 1922
663 838
1334 1488
695 810
212 1495
757 1264
365 1531
276 744
743 1720
720 794
1041 2188
264 383
127 1162
1634 2159
54 150
239 348
1119 1732
1210 2122
154 1073
1001 1691
62 539
59 1914
714 1333
1129 1328
210 1739
405 1998
637 836
1118 1976
666 2216
590 1444
369 1118
1596 2082
1106 2149
13 635
142 1195
730 1118
81 2131
19 900
1008 1771
501 1563
265 1582
983 1370
1270 1855
632 1530
389 664
356 1623
957 1299
297 1547
1264 1481
224 2218
317 801
489 1757
144 492
1142 2178
380 1621
46 1876
774 1734
984 1021
480 923
1382 1844
270 350
191 568
836 2057
17 376
1045 1968
479 1026
1007 1449
543 2072
1419 2142
311 1889
414 989
50 1893
318 1444
1578 2156
555 1798
12 1745
163 414
668 1111
550 1894
786 1318
159 1417
1198 1835
1159 1789
1321 1871
622 1187
574 779
1037 1361
1847 2081
1924 2101
487 866
93 1226
1513 1862
794 1227
427 1959
18 1773
1397 1860
322 1580
165 752
223 1158
425 2034
16 132
1397 1686
1087 1843
679 2214
1062 1427
1300 1418
482 1053
463 733
906 2013
621 1880
864 1959
1594 1974
193 1748
595 1925
293 891
1985 1998
214 425
512 1456
265 1516
803 1909
1333 2008
1281 1978
198 1243
106 2099
368 1458
307 2043
1007 2194
1251 1305
1894 2169
463 1516
1500 1896
887 1621
331 746
606 1210
1560 1608
1300 1710
1834 1929
749 1246
373 745
504 1653
262 1071
1283 1790
1673 1955
1025 1351
629 1997
1326 2104
585 1745
439 612
279 1909
918 2002
424 993
526 1956
728 2203
1477 2004
502 723
484 1086
98 1769
359 802
841 1331
857 1732
64 1889
716 1396
511 857
153 1621
1230 1871
555 1766
545 1263
280 1712
368 1000
450 1804
548 1217
923 1143
989 1140
659 1412
462 1789
39 1280
532 2176
1534 2129
360 959
544 1375
1380 1632
714 754
1351 1774
905 1138
1001 1451
167 1659
1784 2181
1760 2050
1146 1862
775 1357
191 1571
1097 1384
926 1097
789 1615
438 1869
195 1145
1681 1825
129 1369
664 1095
1312 1373
437 1322
642 1611
661 1635
68 1647
1672 1875
117 913
838 2135
1151 2217
63 392
395 948
413 1135
102 1127
118 1076
188 1323
1434 1575
213 834
168 1803
27 497
195 430
152 2124
1545 1572
806 1863
1380 1735
615 1327
901 1387
238 431
774 1926
2047 2106
627 1319
1052 1140
645 804
649 1296
434 560
606 1912
1035 1472
833 1947
292 1970
60 515
1199 1761
1039 1470
967 1644
534 552
1236 1861
957 2158
135 836
726 1672
1850 1953
152 919
791 2090
734 1958
465 875
1126 1271
1063 1699
428 1519
337 2170
54 1875
258 1758
192 1859
554 1616
165 1801
379 1462
927 1165
600 2077
26 2098
725 1848
397 877
1171 1195
558 1419
1527 1776
1086 2134
698 927
1416 1578
413 557
480 1670
1600 1993
285 1697
746 1457
1704 1726
749 2133
1215 2068
1531 1559
1318 1699
645 1682
852 1545
806 1470
263 2046
612 2134
542 1698
107 2087
1302 1825
463 1763
26 1780
218 878
146 1034
1738 2085
302 377
911 2126
75 1365
152 1256
218 1719
297 2197
752 1469
13 1003
1789 2157
573 819
1664 1760
1418 1836
99 1753
725 1178
210 929
227 1428
1717 1825
445 1272
1799 2136
1867 1963
1445 1531
1511 1783
308 1819
718 1866
659 705
1315 1426
563 1496
1234 1305
229 1377
382 781
468 1873
1263 1847
175 1538
10 213
630 681
1517 2041
291 1447
1100 1508
1222 2036
246 624
57 1162
18 1250
544 1631
1220 1494
361 1380
35 1073
354 1640
813 976
1504 1813
512 566
478 1304
505 1410
103 1627
747 914
1146 1427
556 707
27 1790
836 1208
83 172
625 1529
223 1972
1480 2221
368 1504
1057 2155
401 1930
270 399
1248 1504
1040 1142
149 1866
90 1775
1127 1176
692 1760
203 959
575 1324
457 1981
1387 2065
1002 1074
1175 1478
413 2212
837 1191
44 119
104 1903
982 1257
32 1333
1208 1419
1549 1908
825 1490
80 2081
589 856
111 726
740 1337
154 1615
243 648
1799 1914
675 1216
1988 2025
663 701
1137 2135
773 1518
1632 2081
504 1853
628 854
187 1986
240 1409
1001 1011
627 992
983 1290
1183 1257
139 1395
562 971
799 1726
1380 2218
1850 2216
1117 1200
954 1633
1358 1541
1034 1915
1872 1891
1282 1968
1427 1668
855 2109
1266 1328
125 987
238 767
516 1660
123 321
444 475
441 846
438 637
802 1229
527 826
1191 1540
1401 1550
1253 1695
195 418
1520 1657
467 1881
957 1834
425 1021
424 1861
1588 1925
732 1637
2140 2194
615 1220
2031 2219
855 914
1585 1660
994 1997
1934 1968
21 1328
217 1741
235 1859
901 945
705 1828
1791 2088
249 2196
277 1237
340 2144
269 1808
1672 1730
260 397
675 1271
1646 2158
407 2192
1792 2070
1796 2042
1596 1712
1307 1843
725 1441
774 1337
589 1706
1790 1884
388 1881
241 291
1870 2025
1460 1769
1365 1467
515 2210
656 2078
976 1942
455 1252
311 372
1353 1922
240 1252
590 596
1774 1912
1852 1868
185 974
1665 1836
847 1232
700 2042
2125 2171
516 1051
1162 1472
209 672
570 868
1230 1961
727 1727
461 1444
808 1288
1256 2064
958 1356
942 1023
433 1451
1067 1243
397 594
688 1729
98 455
1999 2084
986 1933
1576 1728
828 1303
500 1943
193 1974
166 1407
524 1968
40 1319
1713 1872
285 608
1242 1618
61 2007
1631 1651
335 1875
367 980
904 2165
539 1630
1090 1371
1224 1527
1282 1926
1468 1570
805 2213
79 2145
15 378
553 774
820 826
615 1916
1068 1716
356 1327
1030 1122
1150 1782
958 1435
816 1513
651 1203
1393 1893
456 2221
1898 1987
76 747
400 1081
387 601
910 1286
1319 1440
1280 1778
526 916
223 341
164 2103
1140 1778
1771 2078
136 202
958 1614
1674 1984
395 1654
729 2022
947 1577
1697 2020
401 1266
173 914
126 982
478 674
373 1747
1035 2082
298 1152
1285 1749
249 780
1532 1729
1718 2219
578 1987
858 1256
855 2219
856 1523
311 536
412 1401
813 1352
1423 1970
1681 2218
765 2017
612 641
219 1918
1675 2062
1740 1812
247 1033
55 664
1002 2121
1166 1800
1643 1811
1861 2221
277 366
1265 1927
272 1453
699 1489
361 1288
71 1665
166 542
841 967
887 1128
797 1756
990 1196
188 2062
862 1422
1582 1873
642 1461
295 723
1272 1573
757 995
104 874
1239 1827
752 1914
942 1798
960 1172
1012 1684
54 1402
883 1173
399 1854
899 1081
538 1678
1447 1870
272 615
55 2040
6 2045
1220 1824
1194 1955
970 1058
1562 1584
1710 2059
2163 2221
1513 1594
227 1089
2 313
886 1400
916 1187
220 517
1384 1427
1758 1775
1249 2065
1607 2210
333 2099
226 1407
378 689
1535 1647
1208 2092
338 1818
878 1448
198 1643
172 713
169 1688
663 1850
1266 1481
293 1988
939 2151
465 1881
131 2136
1463 1838
259 1783
1183 1506
194 2131
999 1793
822 1892
1039 1345
297 2134
729 1009
291 1010
155 1994
517 1597
965 1052
315 2216
221 806
988 1881
189 1389
1032 1802
233 852
328 815
1576 1823
1275 1900
476 1665
1470 1567
1558 2088
1072 1496
900 1652
356 1243
954 2123
1638 1829
1622 1797
1111 2026
969 1393
1500 1545
332 735
801 858
184 1060
778 1615
1028 1812
620 2189
680 1955
682 2222
131 496
319 1509
613 1716
1480 1964
1218 2185
1437 1443
1776 2181
1196 1629
96 610
684 1564
641 1385
104 963
300 664
1298 1736
151 412
797 1619
616 1459
1099 1735
161 694
387 421
652 836
480 1049
71 2135
732 1762
367 852
320 925
94 1097
4 862
541 1535
546 1162
53 360
909 1275
550 2168
1712 2128
467 1304
408 1983
229 283
372 708
419 1503
626 1142
898 1731
1554 1888
358 605
838 1863
438 1481
423 1681
39 1844
1502 2142
445 1158
1250 1449
504 932
335 1479
432 1412
985 999
14 1292
179 1826
804 1164
852 1764
188 1007
877 1780
641 1321
602 2146
1854 1930
542 1401
326 2046
1656 2103
172 642
433 1371
4 1497
658 1224
291 2003
1902 2169
989 1714
1297 1561
1356 1800
1014 2027
901 1196
393 693
66 162
1709 2022
0 714
238 1044
577 2003
459 520
795 1514
681 1112
331 2036
1684 1728
302 412
696 1605
331 1263
648 1145
356 360
252 515
1260 1500
1715 2096
614 1081
517 1660
30 2215
131 788
1336 1664
439 1634
732 1596
265 2217
489 1729
141 618
1303 1310
1468 1820
406 565
850 2039
209 268
1159 2002
617 1116
693 1687
736 1646
569 1369
1295 1822
434 1937
953 1854
116 1159
148 178
1117 1957
215 1524
45 1757
1662 1975
234 2145
639 2148
1136 1785
1174 1552
42 1524
1325 1728
199 650
98 1339
416 981
378 445
664 1573
1648 1885
961 2070
376 425
1535 1612
413 429
1023 1343
49 1616
295 786
638 1699
1530 2155
594 1727
763 1184
1641 1763
447 1067
625 1204
2082 2195
227 1903
899 1412
78 1016
1229 1734
1176 1400
820 1025
883 1472
203 790
877 1204
1350 1551
309 889
1557 1603
1178 1452
955 1332
1446 1870
379 1272
479 1305
799 1744
204 1493
360 2075
965 1148
354 1001
48 1410
749 1146
1059 2116
1898 1965
598 794
494 1009
194 493
1241 1893
855 1718
262 714
1184 2127
1721 1975
1033 2221
550 1622
225 1126
1527 1956
61 1055
274 2078
1760 2170
1519 1539
965 1968
978 1035
1064 1604
1299 1319
250 1480
1142 1859
890 1119
287 1390
603 1035
771 1432
24 2045
1067 1778
512 1707
435 1875
355 1465
887 1330
183 467
834 1594
560 2095
131 673
1911 2065
960 1666
253 662
5 783
1090 1192
564 964
1497 1568
1541 2051
186 1643
1074 1451
1361 2154
631 892
210 2131
1 1386
903 2099
919 1540
434 2182
645 765
1262 1526
467 907
1831 1897
615 1932
372 660
951 1167
1585 2078
1576 2104
693 1963
1233 2168
1160 1747
241 1364
1417 1539
132 540
243 254
76 419
692 897
59 854
88 717
727 2069
235 2193
1312 2099
1602 2111
1139 1634
653 1098
292 1734
809 1800
802 1073
950 1632
560 2119
435 914
639 931
946 1719
1348 1800
811 2145
835 1545
1527 2185
267 912
194 271
601 2193
72 1538
622 786
965 2032
1133 1436
475 547
0 1438
704 1113
5 477
60 74
746 892
260 672
1946 2103
565 993
979 1104
377 1180
1099 1112
801 1906
1185 1619
467 1230
558 1878
1775 2078
1315 1442
155 1360
779 820
701 1893
1562 1623
1699 1844
1446 2074
111 407
1215 2075
304 802
322 1772
99 1562
414 1708
1222 1303
1367 1707
996 2176
245 268
407 2200
1293 1411
434 1684
24 414
89 1780
1989 2184
1261 1567
5 1970
986 1476
957 2079
45 291
849 1078
1653 1829
1255 2078
1415 2059
425 1952
1510 1836
317 619
767 895
1953 2160
616 1981
1278 1500
1111 1934
706 1950
509 1376
893 1208
1727 1889
1 131
1211 1480
556 1499
484 1649
145 1484
522 1292
84 1241
284 1956
1186 1858
355 2087
374 503
688 1599
536 2062
1873 1905
213 1217
181 340
156 2066
354 1540
1683 2130
34 1778
105 1633
841 1977
1611 1968
454 1389
777 1884
145 1918
1073 1443
774 998
312 1037
477 863
277 1371
190 1584
489 1775
270 1880
1236 1304
1481 2188
730 1791
475 1325
553 974
612 1879
468 1001
326 2025
1754 2114
19 1821
312 1984
2033 2131
212 961
681 1480
1537 1698
1220 1928
1423 1729
795 847
183 999
677 1653
634 657
108 1902
1882 2139
1134 1721
1224 2116
152 322
580 1883
535 1641
815 943
1833 2173
204 1944
516 527
1436 1918
991 1490
860 1799
420 1918
1236 1518
314 1827
48 493
804 1196
1172 1368
1351 2017
537 623
1033 1797
521 2042
7 1015
252 959
1494 2084
314 452
1297 1831
19 1510
1069 1887
145 2075
1223 1938
875 1916
63 1868
3 1518
748 2125
1013 2073
1028 1794
2104 2116
613 2094
37 1335
45 708
760 1952
577 957
1766 2141
119 1476
289 603
644 1844
1517 1711
331 569
625 1721
805 2153
977 1048
1709 1964
91 1666
1034 1874
509 2068
214 2106
365 1888
1014 1162
826 1088
957 1615
813 903
639 1944
322 1303
57 1751
567 2167
219 1515
631 641
1320 1547
384 2174
787 2136
276 1843
1482 1773
843 1658
85 1572
1446 1933
1810 2221
701 1583
891 1285
301 665
626 998
107 1586
283 1491
524 639
308 1524
1024 2170
1698 1703
448 752
525 1790
333 561
43 1598
25 2035
1976 2202
1725 2154
528 671
67 2210
698 1380
1700 2166
342 1490
1100 1637
127 226
148 1969
777 2031
216 1054
579 1218
248 1303
511 1363
1232 1666
1765 1826
672 1911
185 207
643 1397
1190 1520
1101 1960
441 1701
1098 1439
513 793
829 1116
1752 2118
181 545
430 2217
1969 2009
46 2025
983 1648
110 622
15 1862
436 1958
1254 1635
840 2120
754 1126
721 1320
1710 2088
1200 1311
742 1166
362 1944
101 232
1454 2167
346 1101
373 1668
1155 1231
1044 1327
29 1086
852 1714
558 1795
1437 1713
913 2027
716 997
137 1500
715 1442
751 925
168 1298
653 736
1190 1904
353 444
343 1606
541 1363
275 2019
834 2156
692 1244
446 1108
174 1106
1290 2119
1196 1488
1421 1429
219 734
123 1185
377 2175
285 460
863 1092
713 1941
203 2122
522 1651
204 1729
1428 2213
1084 1694
200 897
1066 2105
1332 2103
213 1344
1941 1993
1693 2002
354 1414
1091 1481
1297 1421
422 532
207 896
1511 1583
1232 1392
1216 2103
83 1745
245 1920
234 1264
652 1763
962 2176
1511 1814
994 1280
852 1204
573 1718
1108 2042
1064 2217
337 1207
35 62
89 2063
1052 1054
1066 1481
194 1803
1096 2039
725 1072
227 883
292 1443
421 1115
255 267
1724 1840
70 2160
843 1135
634 1362
559 2092
164 1847
345 387
613 1695
1210 1980
537 1722
78 902
259 331
1422 1635
1103 1664
559 1174
205 1436
656 920
90 1586
1570 1807
585 1438
418 715
323 1144
1221 1527
2021 2069
217 1837
1440 2041
456 1300
181 579
1961 2190
447 1653
1540 2079
1985 2121
1530 1966
1737 2161
178 1103
954 1159
328 825
1297 2035
60 932
678 710
1369 1782
247 1011
462 1919
509 1624
1117 1866
237 1849
319 1387
319 790
251 480
181 1786
957 1053
1231 1977
1499 1682
1485 2075
1253 1818
201 1855
163 798
1190 1661
123 660
1854 1855
1010 1341
871 1289
30 1174
666 1546
78 1192
1510 1557
1564 1698
469 1072
1475 2204
196 937
360 413
327 1704
918 1703
1126 1368
1400 2046
1425 2194
1342 2024
1715 2038
589 1624
645 1904
55 229
1723 2079
26 1975
1045 2185
1634 1772
45 1969
278 2090
38 780
40 1048
56 497
729 908
1005 1251
1568 1656
1375 1742
1163 2013
925 1472
1180 1731
1579 2172
828 1936
100 1171
99 190
110 224
256 2046
824 972
416 966
1493 2128
1788 2121
323 1471
8 1545
348 809
946 1183
1468 2068
1563 1782
952 2183
1705 1836
165 2020
171 574
387 1539
281 1419
314 1551
1650 2069
461 787
27 265
2024 2034
1087 2199
359 1149
916 2006
140 342
572 924
840 2222
582 1402
1776 2167
1621 2216
1228 1833
970 1333
1168 1181
377 1253
678 1094
38 1991
108 1720
177 949
131 1194
447 592
434 1037
395 1719
646 1031
440 1878
422 687
93 1928
1123 2035
17 345
1235 1957
337 1735
1355 1800
1493 1964
1035 1110
1763 1947
59 1415
854 1463
84 455
525 1667
579 1741
1559 1598
18 544
976 2121
71 1041
441 1327
387 676
385 815
464 549
1369 1681
264 796
259 1810
1432 1866
694 1004
224 861
123 662
1199 1834
208 327
1574 1736
215 1598
515 688
710 1579
243 1932
125 350
1603 2119
1595 2180
497 890
772 1534
462 1037
1091 1981
284 614
800 2159
225 1659
964 1566
1980 1997
656 1110
326 1852
320 1144
565 1320
750 1468
368 1322
750 1613
507 1397
160 1776
685 1716
203 1032
1343 1878
872 2032
112 2024
1085 1891
1083 1616
1237 1696
996 1202
478 1333
638 1630
93 1379
797 1957
184 1552
1302 1816
659 883
1190 1959
481 653
15 1158
1356 1505
839 1254
1149 1756
534 1705
170 1681
593 1657
765 1707
698 1074
300 1754
357 598
1574 1633
281 868
917 1615
783 1627
1066 1833
56 1480
1325 1408
776 2135
232 1368
101 437
1142 1547
1500 2158
1544 1946
851 1671
761 1108
296 1236
851 1850
1451 1833
249 443
362 791
1 609
216 815
339 1026
1774 2054
538 879
1706 1991
1136 1775
266 1155
1112 2126
524 959
938 1247
795 1233
1707 2087
822 857
885 1141
229 584
788 1196
198 1764
623 734
168 1350
373 1276
1511 1747
756 858
1766 2001
168 1906
366 1277
465 899
270 1600
453 1646
399 427
1160 1302
964 1553
47 195
1064 1367
153 1721
416 878
1006 1192
463 1447
578 1213
1061 1952
883 1164
1449 1939
925 1003
1690 1864
810 1993
120 1227
1188 1425
865 1047
705 1936
1158 1764
526 1805
983 1445
195 608
1706 1857
907 1575
613 1493
623 1012
692 713
782 2126
354 579
427 801
282 1484
1369 1703
371 398
1783 1919
100 1776
1544 1644
205 601
1247 1702
1288 1656
452 2018
278 1634
281 766
941 1235
973 1787
493 1414
490 1553
1717 1758
180 708
43 1823
536 1006
557 1185
91 990
921 1516
315 468
111 2209
61 1467
1208 1865
1650 2201
465 516
1264 1298
908 1039
1249 2019
547 2197
285 902
421 1710
2083 2169
211 1679
354 717
1611 2201
1539 2072
284 673
981 1497
431 920
1031 1427
705 1502
533 789
265 1273
579 833
1325 1492
163 217
123 886
184 1581
781 1074
1070 1722
953 1367
250 707
1339 1927
762 2112
259 751
358 2025
32 175
419 2134
1067 2205
160 1254
328 1044
704 842
987 1906
1570 2098
1718 2091
54 1829
416 2193
1789 2007
1519 1724
609 1861
1344 2041
1044 1431
526 2120
690 1696
1024 1355
95 1793
1420 2146
477 1330
1901 2192
387 793
1743 2091
35 736
331 1480
781 2198
298 619
957 1756
805 1593
218 2222
1222 1816
122 605
543 1980
1236 1286
456 1662
1350 1589
1468 1632
177 344
764 1458
556 595
232 2158
698 823
1220 2075
566 1054
125 1078
434 1833
397 1368
222 2004
527 1443
678 1898
1768 1803
444 1290
1370 1763
204 2018
719 1211
105 932
804 2061
219 335
685 1057
1709 1779
1069 1297
788 1844
705 1521
1241 1912
883 986
907 1931
639 932
554 965
781 1147
148 620
85 1121
643 1861
1524 2153
622 1006
1412 1851
1322 1621
565 1596
615 1530
229 1422
743 1228
2114 2119
335 1645
579 1131
508 1124
220 1439
47 876
61 573
451 998
680 750
1626 1678
2024 2201
261 596
37 1760
1498 1601
499 2182
981 2129
36 1491
349 2084
130 953
547 2039
1788 2101
768 825
1017 1875
1181 1846
10 757
354 1526
1551 1701
456 1312
515 1324
904 1325
396 949
1007 1823
94 320
1282 2120
967 1719
848 1062
745 1703
246 995
763 1199
659 1608
23 605
639 1211
1803 2035
1045 1424
474 1251
652 1674
1141 1277
357 2047
167 1893
69 247
153 548
174 1858
709 1162
805 1864
1715 2098
542 2098
301 1254
1061 1889
670 1905
274 1128
929 1610
1164 1891
1647 2176
626 2025
343 664
587 1572
75 942
1035 1506
1672 2136
553 1721
260 1556
541 885
698 1648
783 931
0 1153
831 985
413 2037
1413 1549
1796 2218
151 590
714 1677
276 624
1194 1912
460 566
1088 1645
1479 2142
171 988
589 1024
1075 2027
119 1343
12 367
198 322
63 83
357 1843
406 1435
886 2011
1384 1475
1157 2112
130 1470
284 1046
692 798
722 2170
1342 1762
853 1602
103 453
234 1536
35 139
863 1080
654 2058
1303 1538
414 583
332 1642
1274 1482
597 2055
801 1300
575 2164
554 1925
403 1869
497 1322
1302 2077
326 1044
1198 1898
1045 2156
1534 1950
24 693
110 1180
362 1659
386 1089
1096 1260
651 1469
147 347
148 1299
823 999
1665 1936
1102 1605
863 1044
199 1223
505 652
1287 1309
410 915
222 2157
838 2140
330 1945
1910 2162
185 909
275 381
141 513
715 1627
1296 1908
230 289
1662 2118
459 1628
53 1349
1692 2068
307 785
781 1531
243 419
1200 1839
588 1468
1008 1787
131 1632
789 1855
1851 2033
1109 1407
317 799
1140 1468
1864 1908
478 1612
1858 2022
224 2015
921 1699
644 927
847 1212
853 1620
833 1649
774 1676
488 1974
911 1950
863 1859
432 1162
614 1536
1529 1660
892 2205
972 1028
306 1590
740 944
1474 2191
1470 1851
463 585
176 884
690 1763
510 1580
191 1395
1415 2073
927 1749
951 2007
1359 1897
155 160
1265 2078
1490 1658
1021 1878
817 1348
290 415
148 377
602 2207
1707 1871
841 2196
1252 1960
572 702
1355 2081
723 1991
559 1438
405 1080
713 1011
704 1127
33 2049
472 1307
2018 2133
1350 1393
441 1415
1683 2113
110 293
442 1533
1118 1510
357 523
1411 1865
1445 1876
227 818
569 1560
256 1629
55 1115
1054 1698
31 1934
548 685
423 1505
836 1482
948 1888
891 1100
713 1414
1506 1968
677 1852
454 1138
1231 1449
1486 2035
1336 1476
761 928
781 1578
987 1817
818 2192
894 1470
1453 1853
1279 1828
1343 1671
436 2057
889 1863
41 286
1261 2221
425 852
506 2136
1612 2069
1868 1910
468 1174
62 1585
249 1034
1243 2123
931 1062
414 1153
703 1764
36 1411
519 1835
160 267
823 1216
1139 2009
233 1597
551 1566
631 1833
672 906
599 1437
1564 2171
851 955
1056 2159
679 1030
662 710
591 633
647 1775
862 1021
253 1962
666 2132
1540 1606
1385 1908
98 142
1372 2056
683 889
1030 1598
388 886
644 1240
1271 1844
577 2069
1646 1855
383 386
1134 2152
1352 1662
1372 1595
325 1379
311 952
48 1721
689 1216
1823 2066
771 1509
294 1316
1596 1796
797 868
599 1169
940 1440
318 802
1281 1637
800 1424
833 2188
1039 1278
551 1212
266 711
228 387
644 914
255 1496
2120 2140
95 376
416 1766
275 1474
309 717
108 733
1547 1829
280 293
579 2071
1010 1101
97 941
948 1839
1706 2038
183 1694
1473 1535
1562 1981
97 2042
1065 1164
1218 1464
314 441
370 1026
815 1609
643 2210
193 233
447 716
396 881
608 759
378 1811
1106 1624
1279 1416
92 1479
194 955
18 2194
127 803
60 2002
30 2113
140 1165
1260 1661
899 2100
144 1547
359 420
536 1409
184 554
1167 2122
1525 2076
894 1331
240 868
819 1881
483 1598
839 1271
1443 1955
779 1989
241 1387
849 1724
1004 1206
207 811
1189 1380
534 1225
760 1522
963 2149
197 1531
345 1981
1478 1582
1404 1541
431 2125
1512 1609
528 954
338 863
573 2211
623 1391
1540 2203
969 1284
909 1698
1600 1982
364 899
1087 1343
1144 1355
235 753
668 1754
1157 1552
198 883
417 1576
99 1617
335 745
47 2003
173 1917
1380 2164
1396 1673
304 1455
909 957
1257 1956
1741 1802
1155 2164
1271 1952
366 772
855 2151
1208 1631
15 2024
14 1955
897 1027
100 532
973 1429
407 575
867 1099
819 1359
624 1856
1212 1584
1407 1577
542 1084
61 1425
480 947
114 700
437 1056
675 959
57 2221
1054 1804
725 1764
441 700
882 1384
410 1634
721 1710
1658 2131
1140 1821
471 1206
843 1588
574 1092
2000 2020
275 1703
131 399
604 1573
92 1376
399 792
703 1012
275 1700
1409 2222
989 1433
1046 1640
375 2080
773 1455
7 1412
1659 2148
1042 1278
398 931
873 1870
249 1229
193 382
1973 2065
1166 1646
689 1297
399 2042
1912 2073
500 2067
941 1659
804 1127
245 1449
667 1889
107 1004
118 971
162 2074
943 1368
628 1696
1085 1799
251 999
698 1127
840 1477
1119 1645
1259 1874
508 2111
71 1873
259 810
1219 1311
920 1055
180 1633
952 2156
153 2167
1093 1154
230 710
379 916
1079 2085
2164 2219
309 922
1371 1839
27 1796
1037 2092
1226 2008
395 2099
1002 2134
1298 1466
1356 1715
587 1806
1001 1488
298 437
966 1835
363 770
1569 1823
222 1677
423 891
540 1329
645 1262
222 1430
853 1315
133 793
152 877
435 558
579 2072
507 754
121 458
501 1891
1283 2008
108 1942
501 1274
17 1469
1578 1741
219 1678
345 2090
619 1276
596 1994
1211 1600
713 2167
320 1511
266 1790
766 2037
180 888
452 1057
1633 2152
1230 1576
581 702
31 394
46 112
931 1232
1445 2017
977 2158
409 1848
1136 2095
1366 2173
1669 1670
667 1053
282 977
1452 1578
600 921
612 1887
686 1272
280 981
505 1764
123 901
16 1403
154 1786
279 1556
1041 1943
399 1384
1076 1610
117 1124
1299 1772
363 821
919 1592
543 1444
812 1141
1028 1271
16 1649
26 1725
1050 1771
380 1876
967 1085
42 810
644 1562
130 307
1945 2090
216 1915
454 784
259 1070
1068 1760
27 830
457 2202
171 818
1106 1760
299 1545
81 535
74 2041
49 1695
1005 1244
724 1334
313 882
526 1110
1448 1744
42 1002
865 1712
1499 1804
751 1679
769 1770
1898 2126
484 2127
322 1291
840 1443
545 725
251 891
1246 1614
579 855
884 1514
1038 1613
293 752
821 1571
928 1557
185 430
1341 1649
217 369
433 632
225 1234
375 1968
1746 2036
1158 1631
1378 1380
577 2087
190 805
111 178
1484 1853
283 1142
293 1482
917 1422
796 1761
1148 1462
215 1257
1034 1240
624 932
1450 1901
844 974
1938 2079
346 421
572 1570
1721 2141
40 2061
1143 1236
456 1025
1486 1941
335 1064
24 244
22 2218
683 995
153 230
1167 2210
155 545
356 1431
502 1076
233 479
65 469
1149 1909
141 1021
1063 1356
807 1532
1732 1753
187 1600
20 1663
1602 1829
485 505
268 1064
665 1828
902 1185
335 1072
775 1443
1760 1892
486 1605
1021 2133
49 1688
1742 1988
737 1405
1339 1638
1470 2204
1330 1746
426 1571
1637 1676
1438 1814
1989 2009
1008 1613
6 1803
943 1271
409 1888
1760 2206
108 1782
187 618
834 1267
1607 2060
1120 1987
1018 1463
1121 2071
243 1262
572 1318
422 1454
112 561
1628 1915
868 1900
602 1857
172 1820
1589 1762
339 875
1520 1796
363 909
1183 1329
1714 1965
1198 1323
122 2093
1348 1732
128 457
1158 2057
190 856
1945 2109
385 1790
1350 1674
1554 1812
1559 1845
850 1851
1576 2147
621 1957
7 415
1076 1215
103 1744
1478 1882
210 760
516 2220
1143 1181
417 1294
1315 1736
1219 1976
868 2175
1641 2185
1644 1873
1224 1504
330 2155
204 2088
894 1247
735 1940
369 1501
1302 2070
721 2038
965 1107
1269 2104
543 1683
1608 2054
520 732
613 1647
106 198
1903 2126
1525 2141
876 2171
662 1024
760 1822
279 1958
977 1606
54 916
1343 2011
493 1546
1338 1588
154 232
672 686
676 1404
880 1243
1366 1404
503 1065
607 1933
360 1777
387 2200
18 1844
571 1783
979 1787
1693 1860
254 1086
103 2131
175 1343
1337 2143
356 1700
960 1842
599 1080
2 324
1818 1919
34 974
387 639
1125 1303
302 659
478 1467
162 1828
133 1078
543 1017
134 910
1639 2069
224 541
1595 1952
1155 1280
208 882
533 1139
124 388
109 413
406 645
981 2186
608 2078
408 796
1286 1301
1381 1864
1044 1812
349 549
1345 2135
967 1231
174 336
1759 1973
897 1666
643 1650
1927 2207
723 1522
644 1028
1347 1588
883 1613
7 1049
44 597
1667 1902
1087 1275
668 1142
1608 1691
70 494
1309 1408
37 1155
782 2116
1061 1847
542 1238
339 2017
424 1095
498 1668
168 1575
59 1192
226 1827
58 2116
827 963
1399 1983
1839 2062
308 1272
570 996
846 2093
554 1864
27 840
1003 2152
1971 2027
1094 2089
37 1340
661 1706
136 692
484 1536
281 1213
512 1811
2072 2202
83 1472
166 305
8 2166
515 1144
352 1607
961 2048
191 1226
1512 1820
1811 2091
322 1998
572 651
64 794
81 1655
303 466
861 1607
148 729
1026 1310
267 1435
682 1165
459 2131
93 1796
460 1330
699 1445
299 1173
133 615
1811 1917
1394 1450
1528 2177
1952 2180
1102 1577
25 1609
1585 2035
519 2199
266 1934
1487 1812
93 823
620 1368
1001 1123
1618 1985
41 487
1450 1721
423 1788
561 656
363 1133
338 2033
150 544
517 1866
301 1734
197 2006
537 1481
562 965
1126 1826
1118 1498
213 1825
428 440
742 1781
426 449
318 1675
1138 2030
107 825
246 1377
1886 2080
762 1090
772 1603
95 1566
122 2211
1737 1957
536 1542
761 1127
78 1425
519 1406
1052 1792
1138 2154
30 1853
806 1788
272 1569
254 1324
728 734
1743 1753
441 547
1077 1524
1866 2064
178 1528
408 1752
1331 1574
978 2003
5 538
1876 2151
2031 2088
1523 2031
233 1253
793 1526
877 1411
267 1721
410 1964
2104 2108
868 1404
159 2180
1101 1906
1350 1517
916 2067
887 1138
121 211
586 1935
918 1992
107 1039
542 1902
1489 2027
566 1543
365 1542
960 1363
597 1486
207 2015
1493 2079
1264 1323
158 1666
1035 1260
600 1737
452 1283
36 1692
862 924
91 1040
1507 2104
1348 2165
232 1212
781 1451
1201 1461
6 1049
340 355
254 2028
133 706
1208 2033
874 1462
703 1981
687 2101
1234 1621
83 2208
187 1339
314 355
183 770
240 575
1323 2019
239 1342
245 1300
1234 1445
1604 1677
817 1495
606 1838
111 1109
1276 1675
711 1947
868 1345
1031 1624
1216 1243
456 1209
119 834
301 1792
1071 1210
281 2145
1647 1962
522 1223
515 1101
1454 2164
539 663
224 894
1049 1403
223 1904
1409 1432
502 1828
498 1261
839 1901
1324 1773
654 686
1669 1769
356 448
733 2172
1208 1212
1232 1401
1627 2027
447 1421
509 713
559 1805
528 995
258 692
1613 2150
563 2144
321 540
307 1031
1611 2169
542 1790
986 1989
232 1219
343 1963
851 2008
591 1568
287 701
279 315
1322 1745
361 1802
977 1550
328 1539
141 1084
636 2026
690 1938
229 412
81 1604
96 635
237 1072
1486 1599
174 1925
680 1679
802 1559
587 782
311 1235
715 2034
245 1954
1269 1738
245 933
515 992
1491 2127
1050 1297
498 1949
1278 2065
3 1420
1285 1877
741 795
662 1482
528 1972
443 1589
1176 2103
91 138
804 1727
744 1725
396 802
1563 1838
434 1669
966 1571
1302 2005
399 1814
653 1582
844 1840
1023 1663
936 1364
197 2201
951 1235
656 683
1803 1927
322 993
67 1251
1108 1953
619 689
706 2151
1492 1572
282 383
809 1557
1245 1773
6 381
1969 1981
479 1894
239 647
255 2134
177 1616
155 601
36 1129
735 865
770 1214
1202 1921
38 610
523 1830
1315 1496
1309 1585
98 963
1013 2134
1907 1965
88 718
430 1061
292 1641
416 1259
386 715
1304 2071
929 1293
232 522
857 1906
1442 1778
321 1424
712 1954
134 1728
139 1079
710 1028
81 2069
1374 1821
1351 1758
587 1081
1316 1729
62 1239
200 1178
682 1877
791 1732
89 1779
90 389
1271 1402
1065 1336
160 1683
398 1738
1006 1675
215 1420
503 1576
652 1488
1850 1855
320 555
591 1412
1782 2153
30 383
839 1752
164 730
850 1272
1173 2083
562 1706
15 1637
680 2222
54 1852
330 819
717 998
56 136
1740 2123
609 1201
451 655
237 384
868 2169
1230 2158
232 657
436 1175
572 1770
128 801
888 2211
1617 1766
226 1323
241 1271
209 1735
16 2113
743 1953
104 1313
645 1343
101 1414
795 1762
1627 1905
335 441
879 1073
525 567
215 1797
976 1089
1262 1479
1978 2149
1992 1998
249 1422
821 1220
84 2143
222 423
1189 2036
1053 1254
905 1254
664 2102
426 1213
60 195
417 953
268 882
1368 1856
472 523
734 1307
706 723
114 1372
302 974
453 528
902 1094
836 1296
22 1526
468 727
315 540
489 1656
110 1619
253 2135
448 760
70 1359
1674 2080
419 773
894 1963
283 1731
1333 1866
1611 1752
412 1720
540 1310
187 1107
755 1113
336 1952
601 1262
297 1496
1321 1502
938 1176
666 1253
497 638
56 544
1812 2071
124 233
273 548
736 1676
721 2029
6 1421
1986 2101
1092 1142
754 1692
1228 1872
43 1357
24 940
175 1958
1678 1703
998 1733
609 1741
1482 1973
973 1148
1512 1740
347 787
127 624
1348 2036
1092 1148
464 1432
146 733
1282 1799
353 593
1421 1439
1364 1515
770 1370
139 158
999 2089
554 2000
361 1247
532 632
1127 1459
1313 1736
1183 1378
1046 1131
217 576
265 2026
343 1038
25 1402
932 1779
866 1661
1559 1659
7 1098
481 704
1531 1859
1905 2135
249 1679
202 2177
1155 2016
1239 1385
1226 1634
1654 1828
168 1268
1352 1506
146 2026
1042 2035
755 1565
563 1728
2117 2200
663 900
1426 1612
2049 2093
1179 2156
952 1222
1 188
294 1790
761 1663
1830 1979
997 2215
404 2137
1534 2222
1426 2179
153 1369
506 671
1995 2002
1113 1902
770 1542
1088 2014
421 2155
62 835
512 1309
1365 1530
898 1363
1287 1398
1530 1659
35 613
78 624
964 2012
1651 1774
351 754
436 1534
665 1164
158 2129
372 1844
1678 2190
829 2133
787 2144
1072 2010
115 1776
1508 2170
172 745
275 619
722 1058
424 1074
1556 2039
56 936
420 1730
873 1792
1193 1366
323 1679
648 960
768 1050
58 439
1580 1608
244 2167
1560 1775
812 2090
513 1201
771 2003
251 2151
989 1418
420 1968
1606 1938
885 1998
790 2011
391 1285
124 2069
1202 2132
1536 1891
173 1090
1268 1351
90 1648
578 901
509 1920
1453 2100
50 2013
791 1080
91 1921
773 1318
1115 1548
1181 1983
1051 1770
850 987
996 2071
1226 1755
165 1778
200 369
1097 1971
915 2134
378 1468
712 1778
338 1575
144 1173
468 1651
1197 1372
517 1531
564 2159
1798 1986
1389 1954
581 964
343 1039
338 1073
1179 1444
442 1386
891 2201
843 1152
280 1395
866 1203
1200 2133
623 1735
567 953
941 2069
1713 1837
1197 1874
1429 2210
969 1519
1487 1731
972 980
74 1758
306 1001
765 962
1284 1396
1026 1084
560 1742
1385 2173
355 1820
1424 2133
994 1304
98 1311
247 938
270 1540
968 1756
819 1378
970 1788
456 1550
1239 1881
1973 2058
942 1874
614 1799
527 2218
854 1306
1080 1263
415 1038
1215 1604
744 1268
1095 1911
875 1987
147 596
297 1702
1306 2053
636 1416
1116 1807
754 1562
61 628
792 1376
476 810
51 856
78 1048
1202 1853
1136 1820
820 897
261 332
1232 2022
66 1784
427 1357
345 1982
1375 1695
352 1027
154 901
911 1647
555 677
1339 1740
122 1544
498 1540
1401 1979
535 858
1461 2065
520 893
94 1943
250 1447
645 1264
101 1200
563 1120
1340 2184
556 790
657 1769
1291 1431
1242 1425
157 1739
133 2023
1241 1918
951 1639
941 960
1080 1719
1112 2139
1157 2161
1648 1706
3 765
773 1430
1036 1516
1371 1741
160 1621
430 652
924 1152
903 1407
171 439
667 830
410 425
786 1061
302 1653
112 835
1178 1748
713 1900
102 1725
194 561
244 702
1127 1844
687 1070
352 1410
50 2018
5 808
162 792
139 765
204 602
1078 1986
316 428
32 1419
522 696
298 609
169 1184
1803 2112
1276 1962
1826 1867
162 1004
117 1244
383 2010
980 2125
1395 1758
108 2189
1932 2218
1153 2042
458 1655
871 1508
210 1546
816 1052
913 983
1554 2221
1719 1951
14 1030
643 1684
29 1585
1057 1491
1425 2218
580 1637
116 1157
241 1011
240 663
893 1698
119 2052
1682 1940
368 921
980 2180
593 1075
1035 1642
106 2034
601 720
713 1760
617 1905
1323 1439
256 482
694 1862
1522 2057
303 1777
762 1310
515 1458
241 303
1144 2037
1154 2043
1633 1824
1660 1874
27 271
657 1972
1056 1099
1170 1513
18 1147
1258 1610
348 1332
1367 1434
952 1288
584 1756
68 1353
136 2172
851 2186
404 603
282 469
164 1596
250 471
1008 1296
594 2026
74 1448
1111 1161
495 1444
1771 2174
1013 1496
1046 1611
2003 2123
340 1546
1205 2153
1179 1729
1220 1286
527 1592
550 2178
561 1581
1756 1809
216 619
1063 1118
824 2054
300 402
1136 1713
605 1660
367 906
970 1655
1871 2084
1003 2014
376 1557
118 2143
576 2147
163 2088
1133 1387
25 1165
9 2174
1500 2200
843 2041
152 1493
142 606
790 1018
1853 2195
442 1813
1206 2177
970 1026
723 1514
848 1358
565 1425
21 943
216 641
1442 2054
817 1822
186 1000
532 1950
434 2018
693 1147
470 574
192 704
795 1675
824 2168
149 1086
593 1479
544 1067
416 1250
1709 2032
261 1324
257 2035
518 1217
249 2054
314 2189
1664 1821
16 1619
665 1777
580 1182
1886 1968
903 1992
250 703
35 1142
242 519
781 1100
402 1611
535 1567
1183 1540
2044 2196
964 1809
956 1400
1783 2134
208 855
780 1362
214 836
279 532
0 908
523 1066
232 940
1278 2151
756 1228
435 1686
372 1148
742 859
1312 1784
346 1221
105 1275
93 626
49 1869
364 1521
149 2054
1473 1777
934 1364
1004 1598
104 1742
464 753
1186 1961
1033 2051
47 284
635 673
682 1424
217 950
381 1872
764 1993
635 1694
1000 1026
246 716
876 1136
344 1033
705 2066
1052 1693
1366 1961
1971 2162
246 990
716 1247
30 1262
108 491
1063 2084
844 1253
1215 2144
1276 1407
878 1298
1038 1713
1143 1795
1081 1308
1280 2143
152 196
279 575
411 1628
1078 1570
688 1408
1471 1911
641 1181
1059 2128
868 958
1188 1596
1309 1758
1191 1632
522 1195
53 1654
94 1599
299 1253
1062 2052
1267 1990
565 1116
1296 1458
642 2035
602 654
1243 1279
1704 1742
552 848
1100 1763
1596 1642
1450 1471
1173 1261
885 2063
73 168
670 1957
465 915
49 112
164 274
1027 2087
442 1495
570 739
667 1978
1165 1266
720 1967
742 1129
598 1434
383 508
505 816
221 2032
274 1294
1178 1687
221 1627
1011 1206
18 2080
902 1476
224 443
561 1704
108 337
315 1780
1999 2006
207 1395
766 1439
222 1257
989 1008
484 1055
1006 1444
1307 1647
966 1439
457 870
62 595
393 1908
1085 1714
688 1691
84 550
14 2204
1123 1844
786 906
111 1267
1241 2186
93 404
1418 1529
1380 1569
565 674
1449 1566
3 2049
547 1394
1404 1999
49 1296
631 945
368 795
772 1573
87 212
1202 2080
474 1839
1475 1536
691 2136
1750 2006
538 939
1451 2087
609 784
1050 1780
890 1671
453 1350
6 466
96 1004
1182 1534
6 1924
135 750
907 1865
459 2011
1367 1526
602 981
151 1537
238 1884
60 1167
1233 1491
303 414
632 884
767 1081
222 1055
2186 2194
1563 2091
372 490
176 1203
470 1105
1089 1719
399 1470
1011 2152
753 991
1302 1702
142 1391
228 887
1170 1558
179 2215
817 1765
9 980
938 1032
532 1982
526 1891
1018 2009
961 1773
1109 1759
2057 2192
50 1140
153 2153
882 1986
312 456
4 1753
2011 2158
837 946
202 1278
1330 2067
530 1807
697 1880
537 751
238 793
1498 1512
74 2067
254 1327
990 1735
1881 2134
381 748
1671 1695
607 1104
718 2174
901 1458
1129 2039
248 2197
460 1264
507 1628
1216 1245
1461 1477
1054 1697
270 1285
122 1528
615 2061
33 839
24 2009
869 1514
427 1748
137 805
835 1061
127 1100
825 1046
65 749
516 767
89 1356
864 1767
410 650
653 723
923 1756
2133 2202
1094 1656
1309 1919
1515 1557
152 543
1374 2077
1023 1970
2023 2191
605 1536
1502 1905
399 717
231 431
1388 1906
254 1162
1336 2028
365 1924
130 1551
483 1426
1010 1224
390 1046
796 1391
691 835
1026 1354
1312 1865
952 1788
501 1474
1419 1485
1036 1830
345 1883
679 2081
700 2156
937 1131
1363 2121
730 733
1037 1689
1464 1535
438 492
179 511
493 1822
978 1661
278 657
238 250
960 2150
1710 2148
694 1717
10 1459
738 751
1075 1485
843 1066
818 1901
121 1762
413 1520
800 2115
1594 2025
135 166
651 810
838 2077
1201 1875
1542 1818
1997 2041
215 2221
7 2084
365 1980
101 311
463 1945
1393 2050
951 1273
1095 1744
33 2120
570 757
1118 1508
2056 2115
231 1734
727 2126
824 1174
885 2086
62 452
304 1188
396 1426
777 2110
336 2206
438 1459
600 2129
1032 2009
63 973
239 1538
988 1855
174 1343
226 1033
1141 1912
1355 1795
455 569
91 1937
1851 2064
1217 1751
470 1394
49 423
1351 2070
961 1125
894 1957
1168 1392
452 1945
232 483
1340 1924
314 679
1562 1841
412 1068
968 1855
102 1136
84 1674
1499 1501
864 915
745 1772
509 2073
573 1164
1051 1521
655 1098
1169 2165
137 1291
621 1656
17 1818
157 1930
106 2129
1021 2129
1306 1761
699 1944
1181 1804
1101 1950
621 783
1620 2016
1077 1412
783 1696
568 680
804 1796
1220 2153
875 959
359 1529
232 1608
508 1827
542 1474
1022 1774
425 2221
567 2116
1382 1461
1487 2172
1025 1838
547 1962
721 1477
1610 1835
1047 1475
610 1241
817 2011
692 705
1294 1638
775 1328
1002 2147
219 1299
228 1397
123 680
1503 1875
204 507
1481 1687
471 1573
970 1429
681 2008
244 1160
272 557
297 1131
958 1795
544 990
103 365
275 1436
1151 1807
1365 1788
1470 1760
1340 2210
144 2100
736 1664
1304 1682
317 1983
19 1981
1702 2094
485 807
1718 2038
505 1538
1 1865
268 279
694 2073
700 1952
81 1973
667 1707
854 894
1038 1884
1221 1890
474 1262
854 2202
77 1306
5 1515
1845 1902
848 1892
267 724
169 1187
1319 1540
515 1094
344 987
14 1359
1082 1231
365 1875
219 930
122 1592
575 2210
144 1933
816 1840
819 2201
702 2189
74 622
713 1196
416 722
123 2146
1684 2136
382 501
560 2003
178 477
342 2194
932 974
1685 1999
1029 1559
82 461
993 1843
768 1018
1695 2219
753 862
269 815
528 913
685 2164
1492 1824
1544 1775
582 2068
476 1449
570 1825
1505 1859
155 1065
425 990
1766 1834
886 1228
598 2158
227 947
1786 1994
319 591
52 831
79 2194
11 753
968 1248
1908 2071
135 953
386 627
81 1527
1171 1865
1843 2060
1274 1857
1021 2157
725 1266
190 452
711 1972
1538 2085
134 1969
1113 2072
451 2177
1323 2124
1310 1767
788 1883
363 1907
660 2129
168 1981
855 1886
863 1196
553 1932
330 1462
835 1515
718 1872
174 1099
1531 2141
1539 2172
314 670
978 1022
664 1301
604 619
96 1662
295 1780
305 1309
973 1398
1580 1598
955 1296
1593 1956
1305 1957
49 56
249 426
174 2197
1235 1338
1837 1922
225 1684
180 359
1654 2065
896 1618
1519 2063
1058 1877
97 634
1730 2207
1315 1822
822 2177
679 1952
1311 2221
489 1329
99 400
1128 2201
38 1661
834 1343
488 1839
852 2076
196 2207
1232 1850
464 2147
197 1532
168 1730
1191 2100
624 869
1339 2220
293 1264
1509 1736
1556 2101
1342 1404
515 1186
379 1426
173 2156
423 497
212 1620
685 1274
534 1989
991 2046
545 851
1640 1737
885 930
1376 1499
73 1302
111 2197
1370 1536
485 2071
1484 1807
413 1538
446 1241
392 1365
228 274
643 825
952 1403
831 1266
25 74
785 820
1188 1587
1099 1721
203 449
875 1227
1178 1646
383 1851
750 2079
956 1972
613 1450
505 1598
1086 1827
616 631
665 1754
975 2087
338 1405
96 2148
491 501
373 1961
164 2062
641 700
1921 1970
506 1618
292 1297
1158 1342
493 1727
798 1118
36 493
1574 1974
1387 1542
201 1714
1583 1929
323 711
84 159
764 1632
1587 1732
165 1735
288 847
879 1923
445 1475
2 618
1897 2064
96 382
1267 1904
328 1210
384 1941
718 1858
810 1886
221 1772
1237 1765
218 1720
660 1850
455 700
1234 2041
412 1058
188 1753
143 2003
256 542
240 647
563 1858
311 1117
1443 2220
1168 1222
397 1087
1368 1742
478 1987
827 952
77 1071
217 1828
995 1761
152 715
867 2164
386 787
63 1372
1216 1276
696 842
81 1641
642 2071
259 1114
412 1041
133 1090
1548 1917
587 978
632 1778
795 2167
1215 1474
745 1262
397 1343
955 1886
449 994
349 981
78 2038
439 2052
536 985
440 2150
1513 1635
1122 1521
514 1936
476 2199
1184 1842
291 764
223 224
915 1851
1862 1962
131 1773
142 1945
890 2019
7 1443
187 1250
1662 2109
1195 1411
1101 2038
877 1481
850 1678
211 838
681 1515
877 1088
395 1422
8 1757
370 623
539 658
237 795
1525 1904
1099 1855
1112 1373
736 783
674 1457
825 1955
224 2167
509 1826
1342 2130
1109 1288
652 2095
983 1470
309 631
1004 1471
956 2201
32 472
499 1590
419 1041
873 1689
1412 1786
1487 2137
1235 1539
160 1088
765 789
1880 1936
1196 1988
182 1056
442 1067
809 2106
1272 1483
1131 2072
586 676
517 636
227 1757
788 1704
429 2157
717 1671
560 2074
230 1136
970 974
579 1252
1536 1988
1436 2212
148 761
1882 2018
488 2113
1047 1305
686 1871
272 579
867 1598
1038 1488
2046 2217
149 271
254 917
42 1110
114 923
586 2182
164 1640
512 1765
257 928
72 1734
420 1047
880 1514
39 181
383 2114
643 781
395 449
60 1159
77 1907
834 1538
101 802
687 1154
1330 1398
846 1091
1534 1933
1628 1729
728 873
1460 1485
678 1738
1289 1485
272 1821
1732 2182
1221 1811
360 539
559 1261
194 386
513 742
1515 2201
932 1368
1814 1991
1915 2214
744 1486
545 2002
530 952
248 2221
355 1641
989 1363
573 1922
1287 2038
393 626
1503 1686
316 1684
13 1713
150 1721
506 868
728 1907
959 1086
2145 2208
218 298
116 309
110 620
932 1255
897 1375
883 1291
165 1903
13 1042
416 1445
728 1973
985 1838
537 733
963 2036
409 1187
494 1079
828 1256
870 1093
725 1964
516 1022
834 1933
972 1816
1447 1528
589 894
1696 2035
96 814
353 2191
508 1256
1857 1993
115 1854
84 2048
108 261
1013 1514
248 862
494 1595
718 2208
601 2047
371 1838
131 1921
52 1780
461 1200
788 1659
906 1562
879 1576
2185 2222
122 1355
1822 2062
1272 2097
922 1521
1388 2076
815 1212
132 2081
785 942
723 1955
1404 2219
1342 1587
774 1859
2141 2182
1233 1837
693 794
809 1199
799 1581
362 919
1210 1450
196 583
2058 2081
1773 2084
941 2205
1436 1857
1823 2112
267 380
921 1446
383 996
738 1993
347 1679
901 1035
778 1357
558 1215
200 432
936 1766
510 1208
1461 1773
201 1800
116 182
617 789
376 2065
93 511
1373 1679
77 804
923 1577
1032 1422
543 1350
970 998
692 1974
841 1522
1329 2127
1690 1862
1127 2019
227 271
348 617
892 1582
176 1947
1121 1829
546 955
224 1558
1211 1685
1058 2001
782 2110
1061 1174
341 595
1167 1211
461 1064
267 939
179 2134
536 1650
181 2127
327 1247
239 1480
162 594
17 1812
1313 1665
0 50
907 2152
62 1388
950 1777
580 2206
955 1437
620 733
288 1051
795 850
1105 1111
246 1155
564 1823
1417 2177
210 290
1925 2157
914 1028
620 1685
621 1842
21 1484
1534 1553
101 1366
81 1829
25 1508
497 781
1324 1943
1379 2018
1597 1759
244 1931
825 1110
308 1766
406 1790
962 1315
660 1128
490 1321
1310 1551
1499 1787
1255 2149
98 1567
41 1284
387 1681
1182 2019
755 1402
811 1806
514 1022
422 1319
568 2159
633 1626
1078 1316
220 995
45 769
1061 1163
1000 1347
991 1558
858 2014
235 1603
24 927
856 2221
973 1023
1854 2050
996 2132
1791 1833
460 1755
586 908
1562 2027
238 1034
553 760
1736 2192
1656 1929
340 361
988 1614
725 1265
290 1402
1074 1500
107 1381
1643 1792
253 1167
906 1587
690 995
1679 1782
230 964
368 1016
1546 1868
65 574
558 2156
596 2015
843 1323
155 1296
455 1876
1199 1228
52 752
571 1343
1678 1919
921 2108
534 2113
1614 1974
448 1204
1684 1902
3 1748
877 2094
988 1365
621 1994
555 650
1528 1797
726 1935
1092 1555
159 1427
1165 1905
1751 1816
1025 2065
235 386
399 833
18 421
1028 1124
813 897
42 474
512 1197
856 976
1148 1566
14 1874
869 1895
16 673
155 2196
1523 1545
1771 1917
291 510
947 2203
5 474
1357 1785
1270 1858
777 795
755 2086
1354 2079
294 1433
463 1302
334 574
290 1259
1458 2106
3 370
156 1319
2027 2200
426 588
1209 2027
1227 1526
200 1992
535 1922
187 1525
567 900
268 1659
377 1508
1309 1495
869 2108
482 902
58 1363
647 1824
934 1466
660 2066
982 2162
1252 2148
128 679
319 2049
1349 2157
178 2041
1073 1244
196 2112
1403 1856
891 1683
100 2196
101 1040
205 2098
367 1802
552 1573
89 1130
30 921
999 1341
162 636
1711 2071
10 961
1318 1954
722 1167
783 1648
406 1573
1107 2072
1276 1521
1347 1458
303 1586
1192 1712
162 608
1082 1748
1092 2029
242 1427
1025 1873
674 909
649 2208
804 1423
1561 2142
312 1727
100 760
48 868
1275 1941
910 973
1589 1928
940 2072
706 1697
456 1585
722 1176
119 2136
103 1895
777 1276
1609 2074
1697 1976
1451 1456
279 1904
693 955
1035 1633
350 755
263 811
2057 2083
37 607
332 588
688 1491
394 1120
1298 1500
1216 1324
159 2143
560 763
1608 1739
1221 2140
484 1429
1047 1484
383 1289
748 1782
369 1242
1224 1850
947 1558
675 1705
472 1187
303 1701
835 854
1397 1634
67 662
222 1738
961 1064
594 1186
356 1926
1507 1728
647 1784
1296 1831
1340 2005
902 1342
1174 1706
959 1104
1172 2218
220 1932
1173 1717
333 1641
387 982
521 1001
992 1129
1539 1887
1517 2062
707 1946
62 894
304 1907
603 1644
949 1527
589 1922
1066 1340
203 1199
462 1575
640 1071
723 1402
20 1454
538 2183
193 1173
331 1810
31 1715
1148 2100
454 1084
458 1169
620 1431
1003 1996
60 1306
266 2111
830 2213
923 1680
1082 1291
612 1402
1365 1775
186 1385
1641 2084
2100 2165
1557 2005
208 1819
1222 1405
1662 1935
59 436
709 811
315 1436
274 1113
737 1688
573 2114
1594 1918
1864 1878
771 928
280 2167
71 1236
647 1553
1066 1127
764 1898
489 856
824 1310
936 1943
451 844
432 2112
1514 1812
295 1964
657 737
612 1716
449 558
204 898
1227 1746
1272 1822
1182 1214
439 1482
238 1227
1764 1876
166 1931
394 1470
1023 1220
925 2155
1289 1428
695 763
720 1414
543 1078
497 859
1017 1985
240 889
851 969
186 630
383 1489
605 822
559 833
485 1961
251 596
1758 1879
1270 1981
1749 1972
138 871
996 1305
1436 2086
1023 1764
312 1594
440 768
636 1901
847 1581
951 2051
503 2186
619 1327
853 2204
1611 1633
750 2035
864 910
432 1174
745 2110
1444 1586
1984 1992
1736 2058
1195 1286
1421 2028
1715 1879
216 358
381 1547
257 896
201 347
373 1238
191 1033
462 757
1180 1943
1571 2152
1451 1528
1238 2094
826 1489
827 2090
1207 1736
7 2067
242 593
517 2081
1348 1731
90 1986
454 1853
840 1724
1390 2012
1123 2194
333 1211
1223 1649
1482 1673
1676 1906
20 2097
1562 1677
893 1230
1703 1768
72 163
1495 2007
331 1656
867 1884
585 763
626 1191
109 1211
1151 1224
1018 1900
187 310
601 970
721 1108
978 2052
725 1515
1026 1098
234 814
1698 2081
230 1914
1084 2032
1420 2156
158 2044
1748 1889
880 1208
432 1019
186 1453
1372 1989
557 1609
1024 1081
913 2054
173 1150
30 1056
1211 1938
270 1805
1543 2105
556 575
315 1337
138 554
1210 1786
297 971
1561 2081
566 1416
829 1393
40 1669
1084 1895
43 747
2029 2206
275 1387
120 629
879 1930
981 1970
182 2108
345 1925
700 2010
169 1010
255 1158
1142 2171
809 1240
470 1732
759 1879
586 1167
574 1697
1293 1487
614 831
440 1180
1692 1939
921 1339
1713 2017
906 1696
638 1125
186 1747
249 2172
90 1136
1053 2168
7 393
974 1773
149 325
68 1263
311 1863
1002 1828
313 1901
100 1969
251 875
328 1137
377 1001
506 1186
139 1153
1559 1806
131 194
333 513
644 1966
575 1380
1647 1900
1522 1758
1003 1721
949 1673
1620 1971
362 1518
1423 1535
632 1264
786 1208
251 391
1676 1803
1631 2187
942 1043
687 1310
554 2163
1227 1946
1182 1473
325 675
547 710
386 562
570 1120
24 2014
760 1078
205 1695
977 1988
515 1791
39 1128
422 1782
624 691
600 2153
80 2110
63 1724
1076 1200
537 1119
618 1289
115 2155
1496 1974
272 539
1386 1707
1314 1354
1408 1445
522 1246
443 1390
520 1285
475 762
64 2152
306 2210
559 1332
732 2198
1363 1881
421 1221
1575 1583
936 2111
856 2051
6 1174
1358 1475
1588 1970
118 982
137 1180
846 1022
431 737
576 2115
341 515
691 970
1148 2074
893 897
341 1287
908 1472
96 713
1059 1604
1392 2072
770 1727
987 1744
423 1106
1766 2067
25 1040
564 1116
261 470
567 1444
1256 2029
210 1312
333 1884
648 1559
1750 2016
716 1700
475 853
1225 1565
199 2164
982 1186
276 937
599 1237
1335 1946
103 258
562 1754
270 1967
1535 1539
77 1923
836 1752
692 975
984 1818
1741 1903
589 1081
1181 1925
708 1101
525 1084
366 692
1910 2138
478 1711
769 1272
1300 1347
1569 2010
1347 2120
2066 2095
233 692
26 596
120 205
937 1139
753 1990
926 2192
1755 1965
1298 1495
961 2052
209 1110
1374 1489
1272 2003
443 689
1523 1606
151 300
1226 1237
1193 2176
714 2112
198 363
28 309
247 776
223 1189
1153 1850
476 1533
630 922
134 1156
990 2038
575 813
594 1080
87 1108
810 1571
1795 1817
1414 1535
1736 1803
1122 1664
492 2097
1300 1686
357 981
1325 2163
325 1073
538 1294
1299 1740
17 309
788 2215
41 1726
1341 1755
552 1802
1379 1711
1784 1950
933 974
1792 1919
384 407
755 1616
1015 1343
759 1721
1038 1844
623 744
308 712
984 1009
737 921
740 1737
56 1413
1298 1453
1315 1492
903 1212
471 1227
170 636
1229 1604
82 1299
606 1029
408 838
469 2097
1405 2094
905 1928
1273 1831
207 1798
20 2080
246 1992
821 1504
127 671
170 1038
215 827
1000 1090
436 891
505 1094
34 2048
129 2107
393 1137
639 1793
157 1871
860 1169
220 2051
1175 1300
452 508
109 2198
353 1336
393 2171
638 2000
188 932
1134 1999
1818 2116
95 1759
697 1230
1282 1819
1553 1720
1573 1584
393 685
880 1082
347 820
897 1153
1172 1175
228 2116
2129 2138
640 689
486 655
1405 1588
1631 1968
1366 2029
1978 2192
357 1374
101 1810
1480 1732
485 1842
1237 1787
1110 1681
807 2102
1226 1579
21 1537
1088 2064
36 1072
83 1780
2041 2214
857 1644
990 1920
166 302
1260 1995
818 871
1478 2163
857 1267
1709 2199
452 1501
524 1572
378 612
948 1827
895 1071
760 1454
1072 1254
977 1884
676 1154
165 1209
115 2205
838 1212
1333 1854
1135 1377
422 1341
1214 1671
63 1195
155 571
92 1595
361 1519
1186 1845
456 770
622 1638
1635 1915
208 495
1634 1967
751 2198
1569 1662
1384 1394
925 2068
242 1235
1939 1950
536 2193
552 783
449 1190
1521 1593
292 667
686 1452
1889 2198
430 1630
1793 2087
1159 1500
737 1834
266 853
473 1328
538 644
1410 1643
1894 2203
1627 1646
1827 2153
391 1046
880 1662
1238 1486
1230 1930
1784 1803
386 688
1286 1682
259 1768
516 931
797 950
368 1470
496 1557
1843 2063
233 1355
1076 1500
883 2107
331 1701
1432 2063
442 891
291 1996
8 653
80 1111
777 1053
1925 2017
579 1687
402 1839
1091 2194
651 2051
1304 2063
704 1919
703 1781
792 1693
405 537
385 1808
155 787
958 1282
641 1677
1730 1934
949 1155
241 1018
75 1435
713 717
1497 1505
114 285
24 476
1344 1365
710 1304
59 1962
70 288
111 227
1270 1394
1687 1941
265 1939
300 1306
579 1208
140 735
1162 1625
531 1442
1304 1648
655 1852
1779 2131
499 856
817 1355
296 1504
1207 1763
1826 1992
521 1997
405 1033
482 1972
315 807
123 2198
955 1660
556 1578
1064 1983
299 1822
668 937
1618 1956
1115 1496
938 1348
482 1063
232 1153
1365 2153
471 1911
625 1191
112 2008
234 1336
294 1737
192 413
1553 2027
221 2016
396 984
1325 1420
85 627
366 1124
1986 2140
764 1558
613 2041
988 1777
370 412
269 859
115 1334
1008 1506
1008 1602
1165 2202
748 842
490 2221
627 1971
1070 2216
423 1097
1436 2043
1515 1916
1429 1761
1344 1520
269 403
485 1943
1358 1456
1431 1519
797 1358
581 1811
602 1210
809 1521
711 1468
1118 1751
1788 2075
626 2040
697 1697
1235 1469
624 1982
1653 1840
402 2042
1942 2152
1371 1438
1248 1971
166 1093
355 1308
1560 1744
339 1598
607 1541
1138 1876
294 998
929 1650
776 1215
113 244
497 1141
1189 1347
939 1215
1901 2185
39 1469
1122 2200
799 2081
38 933
244 1644
1238 1555
287 1004
338 961
1334 2190
663 2127
1394 1739
1170 1425
628 1769
1083 1919
890 1955
366 2111
933 1335
1058 1532
209 218
65 2185
534 1766
1424 1645
721 1172
206 1269
1639 1713
1390 1799
1060 2221
771 1291
99 710
534 1053
49 1567
494 721
47 1153
56 1484
341 973
402 1654
1758 1815
484 842
1009 1343
1631 2038
805 1658
1908 2191
456 555
179 565
317 886
194 2008
1073 1681
73 385
700 2006
402 900
155 1121
1715 1813
72 807
1306 2055
1241 1807
14 1385
1373 2133
104 1988
80 2170
139 1735
304 661
594 1594
482 1278
206 2139
232 629
346 1461
700 1493
263 1264
140 1299
658 675
30 706
214 1277
1385 1948
638 1202
125 164
1128 1774
909 1587
908 917
405 973
779 830
227 419
1212 1628
526 1939
1241 1650
468 535
160 278
1597 1687
1773 2019
96 1209
594 1887
972 2197
1006 1165
800 834
1852 2072
1113 1979
1665 2101
655 801
1771 2073
1392 2028
1295 2067
999 1423
857 1959
521 525
470 1806
554 844
1986 1997
1186 1382
992 1127
1293 1915
1036 2064
154 987
1446 1470
309 1212
1350 1756
848 1792
985 1088
22 180
1436 1669
372 1665
87 1641
797 1312
446 502
125 2130
1691 1979
1419 1744
1262 1302
404 523
357 926
1797 1926
333 1308
692 1096
192 1288
464 843
507 780
1186 2209
1520 1931
150 959
1181 1942
1522 1988
1774 2129
861 1897
720 957
632 1054
193 1070
787 1560
1055 1606
425 522
246 1278
6 1206
371 1704
577 783
1861 2001
267 785
43 1704
1909 1995
551 1660
304 451
369 869
797 1563
994 1429
1384 1640
555 1553
1447 1860
1572 2105
1141 1597
537 930
2141 2180
803 1440
500 1031
676 2029
1006 1846
1725 1776
436 626
713 1735
1288 1449
310 2062
350 877
546 1232
282 522
1107 1330
1136 1879
6 2172
464 1152
632 1137
820 1556
94 215
463 1642
452 2076
571 823
727 1323
8 904
416 1460
320 1882
1415 1418
868 1334
590 1881
907 1509
783 1712
224 1236
796 815
1078 1932
1445 1922
1139 1896
1328 2097
624 1771
416 1449
46 1814
864 1660
1497 1839
733 1504
484 967
1288 1736
288 1714
317 1603
387 1984
452 1132
714 1112
288 799
1070 1386
537 1242
1097 1669
97 464
969 2114
812 1487
290 1602
503 1873
211 634
832 1272
47 1367
1347 1955
362 1407
300 1828
796 1257
126 1369
1005 1087
79 1927
429 1364
1042 1358
1403 2218
949 1333
672 1823
429 1665
1242 1572
171 850
1054 1662
927 2048
2025 2173
6 1524
1126 1738
1465 2190
17 1605
1036 1142
647 1521
866 1406
114 2025
99 243
967 2032
1153 1655
511 2023
1998 2022
1085 1652
121 583
604 1824
519 1362
1425 1966
274 1484
1565 2076
34 988
1455 1788
403 796
683 1338
472 984
851 949
517 1212
178 1785
136 165
565 2061
1720 2207
53 1528
2191 2214
88 1847
872 1781
199 255
376 2008
733 1132
532 1833
411 1442
848 1944
235 998
185 737
447 691
799 1915
1291 1777
1306 1333
859 1890
698 2208
600 840
37 118
1329 1768
294 1491
723 1965
82 516
1306 1780
279 561
47 2047
1024 1846
495 815
210 771
279 2213
1525 1544
826 1942
701 2174
1295 1746
929 1890
42 1839
261 1398
137 264
512 736
1420 2055
1105 1206
875 1787
1496 2001
864 945
336 1290
1325 1871
316 1296
833 1819
37 1992
1699 1736
576 1964
173 714
127 1548
1070 1143
1422 1825
434 566
23 2126
869 1264
969 1989
662 1111
166 1925
959 1388
120 1403
791 1245
12 1376
1219 1855
274 423
747 1048
167 1937
884 2074
108 1705
410 805
199 1161
900 1899
306 650
1417 1784
452 2195
744 812
1274 1328
623 1369
1144 1977
712 714
935 1258
1254 1674
662 1498
233 829
1280 1513
1628 2078
1230 1292
388 756
1431 2073
321 742
832 2021
310 1730
674 1986
621 1451
655 1599
20 372
1176 1773
27 41
1229 1342
408 586
1593 1829
1845 1888
170 1620
376 1181
723 1461
1175 1442
157 297
1468 1603
683 1081
696 796
1106 1578
638 2135
778 1345
327 651
143 187
1070 1447
410 649
1271 1514
940 1432
21 203
1046 1469
1308 2128
211 1801
3 2154
1982 1984
693 1517
742 1366
526 1640
1444 1702
475 1400
1767 2045
1301 1842
322 1650
2191 2208
776 2054
571 1685
49 1187
257 734
858 970
250 1646
169 1669
376 1800
518 1961
1655 1928
663 775
1667 2097
1248 1924
1282 1403
1557 2147
140 742
497 1180
1177 1482
1330 1671
609 1633
801 1561
1133 1566
92 2141
1696 1756
109 2111
299 1121
581 1338
1322 1817
37 1991
566 994
1854 1911
123 894
586 658
448 1070
867 1938
46 593
851 1014
1078 1188
934 1465
503 1964
222 1659
815 1960
711 1587
1132 2057
194 1102
896 1142
256 1757
565 1242
278 1688
1052 2073
865 1842
443 1509
557 2032
1210 1724
561 1867
201 1689
474 607
729 1097
1014 1187
6 2189
437 1780
412 855
730 1438
888 1528
720 1705
125 2124
1692 1883
1372 1979
21 486
294 1665
22 331
371 1953
953 1277
710 1317
58 495
299 470
383 1379
236 1591
364 492
355 2179
1562 1872
22 1930
1539 1786
1875 1997
1523 2043
1091 1134
1134 1691
1137 2068
733 862
102 393
475 764
40 1040
589 1107
289 1288
1438 2213
484 1984
1348 1896
151 531
387 641
346 1158
653 926
491 831
370 965
1571 1924
42 162
160 921
1058 1344
928 2019
1192 1853
1700 2133
1290 1542
959 1792
625 918
127 146
1487 1613
205 1446
1761 1874
1959 2054
680 748
942 1377
1241 1913
323 399
1167 2163
875 1515
203 2197
232 1032
669 698
981 2144
20 799
775 1129
422 988
1139 2015
720 1882
3 271
687 1546
861 1643
274 2030
634 1918
107 486
141 1551
633 1480
1296 1456
1683 1734
693 1445
222 2023
1220 1772
652 2206
700 1589
1359 1956
461 1034
824 1221
179 819
230 2222
1028 1821
263 403
106 752
282 1893
1705 1834
135 1323
9 105
1308 1938
975 1899
160 389
671 1271
373 1015
1181 2047
833 1796
813 1744
429 1848
494 1153
1136 1950
1718 1752
1289 2152
126 691
553 1109
659 2219
363 1982
708 1056
781 2015
756 1211
170 309
913 1060
947 1743
396 1121
1025 1263
363 515
499 761
266 2197
326 703
1397 1715
1086 1781
1090 2144
1023 1539
359 1080
7 1235
918 1084
1565 1705
1259 1695
357 475
451 1555
640 2166
1276 1326
452 1652
305 1924
1328 1700
626 2096
415 779
762 1809
489 1487
429 561
362 1223
661 1911
1979 2005
1200 1605
1022 1912
98 1517
340 550
825 2028
911 1806
1443 1498
890 1080
842 1636
214 2217
89 939
170 840
1460 1617
61 683
452 1908
106 1494
81 1948
2097 2115
1083 1910
1328 1568
211 643
164 977
1004 1224
757 923
1063 1810
2054 2075
244 1191
267 621
321 489
871 1666
1214 1356
691 1470
1528 1720
136 1825
408 1203
119 1648
158 784
808 2210
1004 1824
1577 1587
372 2204
1269 1417
910 1445
300 570
760 1430
709 1864
1165 1795
398 1811
940 1850
388 2154
1060 1691
52 1065
672 1133
418 1305
919 2000
128 892
1174 1963
1334 2114
1109 1300
477 621
90 1005
276 1548
61 553
1793 2101
1168 1509
856 2087
1835 1962
45 178
926 1078
78 836
254 306
1171 2066
1672 1973
463 2186
502 1393
116 1759
201 385
1002 1770
1379 1694
1604 2143
793 1629
0 554
30 1925
845 1347
1549 2047
609 2002
1053 1906
127 136
253 1488
1218 1314
452 533
126 1447
1298 1676
183 295
849 1275
1262 1270
303 1249
152 1309
1850 2169
1494 1760
431 1272
786 2174
1169 1679
1224 2203
1172 1959
594 1763
702 1672
580 1603
59 826
214 794
1353 1824
1503 1746
1086 2108
332 1273
1014 1242
1307 1513
1542 1552
618 2178
1823 2061
894 2130
1692 2140
1253 1504
586 861
1866 2132
1428 2040
285 939
172 530
1064 1622
242 388
1591 2087
342 693
2033 2133
870 1402
900 1739
1632 1990
1305 1875
946 1401
686 815
62 1089
116 586
1098 1515
307 1838
596 1894
1677 1699
859 2218
689 952
141 538
142 1949
147 2041
1297 1483
86 550
451 555
1237 1911
292 2066
399 769
1559 2099
1135 1496
245 1755
1143 1971
144 1750
1554 1835
645 1007
39 1814
1443 1765
421 544
232 2206
734 1360
245 1540
427 1379
908 1249
1570 1989
1438 1842
94 1681
352 1796
1535 2150
1761 2202
84 1060
624 1716
1422 2185
1140 2198
570 2070
1212 1775
368 1535
382 686
90 1372
118 1925
1867 2164
1308 1833
329 1264
1305 1865
382 1350
9 1837
1135 1801
953 1941
843 1384
8 382
1068 1446
1410 2096
1469 1941
332 1646
1149 2048
583 1152
646 1394
687 2090
500 1378
341 1921
547 1910
1978 2014
1607 1896
321 1553
1286 1794
507 1173
622 921
928 2018
686 1395
552 1241
1306 1960
461 1732
1163 1355
429 1143
654 1994
516 853
128 1001
32 1496
205 1971
1478 1541
162 641
711 978
566 2126
1005 1581
193 1660
887 1882
217 1012
1299 1409
441 1712
1266 1366
1042 1810
1468 1859
103 460
1522 1797
191 1062
325 418
764 1500
1006 2099
451 1462
710 741
828 1173
809 1239
858 1162
2036 2082
468 928
383 863
1489 1993
1151 1478
510 1921
1197 1793
29 1731
160 966
361 2174
302 1005
1218 1682
701 769
510 1336
665 2142
986 1968
1656 2137
968 1539
479 1684
361 1619
644 1876
993 1013
1561 2057
733 1109
62 372
220 2073
756 1696
746 1771
564 744
1797 2119
748 2021
971 1257
32 1016
683 2191
1051 1906
1366 1715
867 1711
1060 1076
1511 2121
2064 2186
775 1954
795 2183
238 2057
1351 1793
791 1106
176 1842
602 1505
957 1977
780 1099
796 906
1126 1755
1500 1982
320 1232
613 2098
384 1376
44 264
573 1420
1134 1574
577 892
1889 1970
446 1138
431 1175
373 1801
299 1823
622 1294
524 1488
690 1640
363 560
1054 1427
770 1700
108 1060
1069 1571
1225 1329
1875 2092
510 1282
759 1657
649 1232
1414 1791
1245 1889
456 1214
965 1740
1262 2209
867 1582
1306 1561
439 1439
192 1848
820 1217
1093 1919
317 1626
625 1520
1359 1409
608 1022
209 1897
65 1459
746 792
708 1283
1659 2043
946 1933
192 224
418 1236
44 1995
88 1973
255 880
1613 1867
737 887
1086 1983
955 1107
67 435
29 245
914 1973
775 2033
638 1566
380 1318
877 1366
869 1065
239 506
1092 1471
397 1044
442 861
218 1114
1217 2209
41 2151
201 272
106 1914
853 1260
2009 2051
97 153
1000 1282
451 938
90 109
101 329
1815 2138
1145 1800
691 1878
208 1030
484 1211
121 761
766 1836
784 2008
1644 2182
260 1683
81 1914
171 224
521 647
667 1559
234 1580
164 1400
372 1082
495 1408
1142 2185
1002 2015
438 1448
465 789
999 1930
502 1738
970 1637
177 708
431 627
770 1054
152 841
720 1240
112 1619
739 810
1280 1609
1952 2205
540 1268
92 651
196 1005
783 1340
777 860
957 1244
12 1079
563 2170
575 917
755 1241
262 1818
1644 1737
355 809
1338 1628
847 2185
1412 1545
1438 1806
581 2213
383 669
63 1589
67 1228
61 2088
1291 1309
1222 1422
61 1799
120 671
1227 1471
114 583
555 804
165 1352
1557 1866
597 2102
842 1011
20 137
519 1066
267 441
1063 1961
114 439
1189 1911
14 1589
611 651
532 883
395 2208
467 850
180 1131
1834 2194
1239 1298
51 401
188 1981
866 889
95 1014
1147 1952
1197 1541
314 973
404 2132
1148 1512
1162 2107
362 589
449 514
1198 1387
2 1368
1974 2174
1539 1830
256 1041
1413 2033
932 1643
927 2057
974 1767
233 1531
292 2080
1743 2062
754 1923
301 1104
529 1853
915 2071
678 1085
509 1005
310 1447
574 1871
1561 1767
124 207
344 919
878 1873
873 2016
1947 2155
1604 1880
1055 1688
727 1175
446 2019
115 2012
1676 2144
287 2116
1586 1617
871 2177
8 161
1316 1665
1007 1419
1366 1900
1190 1266
1539 2029
796 1116
386 1167
785 1455
554 1129
1722 1825
66 2063
448 581
1171 2148
324 1029
340 1028
508 1052
2041 2068
1018 1234
1506 1855
507 1967
556 865
1756 1838
1275 1463
1130 1754
49 1618
486 1472
498 998
1798 2014
1203 1862
701 1441
303 366
899 1184
123 544
1025 1870
887 1471
827 2215
551 913
888 2135
814 1746
1307 1663
1038 1943
73 2100
1198 2055
137 838
210 1409
924 1648
1881 2122
843 1956
1263 2068
492 2060
447 1110
704 2046
1285 1591
386 1424
1394 2051
1326 1520
37 1049
361 491
188 729
82 558
1455 2116
918 2144
29 1665
1319 1885
1136 1898
170 1344
992 1859
1437 1709
1344 2042
1755 1892
478 1432
775 1243
759 1098
641 1355
1135 1768
822 1226
1748 1824
595 1556
141 1088
1064 1248
977 1355
197 1816
633 1483
6 2161
624 1784
821 1390
1401 1458
1152 1445
63 903
745 1562
1281 1685
600 769
32 1114
629 1494
813 1471
799 1351
1495 1962
505 1328
633 721
1147 1950
949 968
794 1392
669 2195
1053 2077
105 808
663 1969
582 696
189 1170
2054 2067
901 1677
1018 1597
632 1677
1315 2072
133 2048
428 1969
180 925
1554 2162
488 1166
277 1158
222 616
100 652
1132 1622
396 650
179 683
1045 1539
460 533
1682 1934
31 526
1278 1474
852 2078
1145 2185
954 1840
1603 2206
930 1670
186 1016
1750 2082
869 1223
423 706
258 828
814 1281
856 1262
41 1152
1235 1591
582 972
1145 1318
1638 1840
8 1288
1165 1649
868 1159
954 1167
1382 1467
1503 2002
906 911
520 555
262 1989
1112 1361
176 1575
1019 1673
711 1403
1161 1973
739 1686
1317 2005
1175 1717
728 1698
421 1562
930 1270
973 1950
1022 1093
33 1617
256 1711
450 1237
1215 2148
1572 1757
1297 1767
509 866
344 1204
247 467
1410 2112
1041 1376
1654 2212
520 818
656 668
1398 2129
561 1289
1052 1783
41 1258
60 956
78 1012
468 1678
509 1793
516 1428
653 1436
276 2073
104 347
1776 2162
1547 2174
1662 1743
946 2098
1434 1778
40 211
1275 2090
1510 1842
65 159
332 1501
71 1182
164 1088
1329 2089
1574 1811
325 1235
235 2038
292 1219
921 1804
561 564
1012 1635
1619 2030
283 703
866 2032
2068 2148
200 2127
1028 1344
209 841
311 602
1054 1469
1469 1803
670 1581
943 981
345 1725
81 1087
97 2013
196 983
522 951
391 970
434 1385
375 2091
984 2124
683 974
912 1609
1096 1470
395 865
112 1064
499 1899
1154 1695
1951 2175
292 1108
1162 1669
372 1488
1324 1756
922 1132
815 1869
52 1941
1056 1511
1312 1834
848 2075
1055 1603
1188 1633
861 1278
458 1165
29 1167
633 938
221 1843
194 1146
674 1673
951 1568
467 992
405 1835
722 816
1277 1958
687 1833
1355 2112
487 1676
1010 1277
1240 1669
1055 1060
364 1361
561 1667
452 1487
735 1033
592 1599
340 1145
253 958
1973 2096
917 1161
782 1505
696 1144
65 728
1763 2195
586 975
1871 2102
523 1246
546 998
578 1073
926 1052
1556 2072
34 1854
735 1187
459 2078
1585 2004
149 1967
79 202
1460 1852
523 1572
1029 2057
338 1140
582 1061
1590 2000
706 1204
1451 1666
195 697
93 2073
263 524
990 1879
742 1276
634 2194
149 1829
1788 1980
811 2106
705 2048
999 1624
1523 1656
666 1609
116 2050
685 988
1891 1932
308 1014
228 1615
809 2097
998 1288
793 1736
549 1342
708 1181
961 1509
1388 1477
474 1745
327 665
650 1439
250 447
980 1720
1237 2221
891 1426
145 1966
1255 1951
127 1815
965 1059
755 1093
157 2013
1102 2139
289 1924
1925 2161
584 1769
343 2029
6 1794
821 915
1505 2095
238 721
443 2111
1375 2041
1213 1543
946 1392
1203 2107
1442 1482
704 1270
198 1099
1037 2033
336 1490
559 1280
1271 1809
1249 1556
1862 1988
1445 1780
1012 1255
1264 1532
596 1453
702 2198
26 539
1224 1936
157 423
372 1888
677 849
1557 1759
277 822
1247 1914
978 2144
783 1048
179 1696
141 200
103 1714
1723 1844
100 968
1503 2192
1512 2037
362 1205
348 599
530 1250
498 592
1704 1993
618 797
196 1567
1039 1964
314 1222
324 1177
551 1217
1775 2028
226 1095
484 1915
861 1747
53 320
1204 1898
2044 2063
403 1110
847 1337
1525 1591
1873 2171
732 2029
185 546
693 1276
264 628
776 1854
1300 2059
1463 1706
301 835
40 175
1740 1939
1161 2126
1670 1733
46 1096
454 1977
1069 2026
88 1342
749 1584
56 184
623 1228
163 1562
103 1369
891 2184
439 758
586 915
544 1788
130 1714
1105 1141
5 2058
840 1415
160 2107
1303 1319
764 1777
280 1617
733 1185
947 2181
703 845
1149 1572
942 2059
506 534
425 669
1628 1682
1112 2168
664 1170
1660 2031
787 1796
1427 1963
1048 2005
1773 2158
410 1732
437 1744
1045 1256
1358 1479
696 1720
281 1242
452 1965
788 907
126 170
369 859
164 325
493 723
585 1796
552 2063
240 803
51 1974
789 1126
1220 1979
966 1012
784 1738
446 1943
241 1551
15 1348
385 2093
967 1409
1606 2165
1728 2021
64 358
1636 1839
279 486
1784 2145
743 1371
799 1206
226 1806
358 1934
1092 1850
1165 1277
1384 1546
1107 1282
1206 1728
1108 1942
98 402
1821 2158
86 1413
423 459
418 870
121 1343
266 554
582 1270
340 1306
917 1871
225 1929
128 473
4 127
906 1370
575 1094
1134 1978
292 1608
152 808
1804 2023
1197 2019
36 2063
660 1157
1260 2206
1543 2217
611 1163
1771 2008
490 1710
766 935
1673 1884
218 1522
371 1501
703 1034
1761 2122
902 1498
1287 2026
634 1586
19 406
1532 1609
1357 2096
840 2149
254 598
1006 1804
295 1959
471 2137
638 1250
192 1755
79 1800
1447 1640
1068 1977
970 1461
380 891
1664 1922
619 1487
765 2054
1169 1594
1032 2145
1333 1385
1691 2197
907 1051
2107 2195
292 969
108 1009
999 1264
481 1831
159 450
431 1453
676 1459
297 545
36 1145
1274 1823
681 1619
119 1957
394 1795
865 2058
41 2037
795 1875
368 473
574 1954
421 1009
44 820
127 331
451 1703
235 1588
510 1362
266 603
738 2044
128 223
1630 1694
129 1502
440 1256
391 642
553 1916
51 751
733 1550
463 469
1223 1950
1273 1652
722 1467
349 467
898 1236
1010 1442
819 2093
543 1780
951 1023
939 1419
662 1937
947 1705
564 1255
306 1645
718 1229
844 1706
233 757
985 1599
670 1104
1384 1551
967 998
76 689
453 1668
406 2104
89 691
361 847
1662 1814
1018 1516
1128 1909
612 1259
837 2049
694 1031
194 1953
241 786
1029 1700
1717 2043
1682 2008
347 901
1103 1567
130 2109
166 1317
220 988
542 1389
1667 2079
212 2165
527 660
294 415
363 1521
1491 1602
524 990
40 2194
308 1085
1807 1901
1225 1975
241 1299
34 85
498 1096
480 1692
349 2101
801 2133
775 1857
697 1836
358 1702
145 531
346 767
85 1900
657 972
347 806
5 1821
433 1480
1 2183
644 925
739 878
1913 1954
73 952
165 874
859 1838
918 1893
351 1600
278 1243
736 777
15 2173
1183 1190
1129 1509
110 1112
1114 1604
457 578
414 1707
573 770
1019 1812
1295 1957
1034 1706
598 1034
412 599
612 1005
779 1987
622 1662
837 1086
48 1613
895 1805
966 1300
1212 1556
813 1245
500 1605
855 913
133 827
1925 1992
714 1357
1963 2168
868 1055
1225 1778
650 2014
768 830
1073 1809
230 1103
892 2150
720 2165
999 2051
1175 1694
1061 1159
423 1233
1547 2220
117 460
65 594
150 489
162 771
98 1854
158 1294
33 826
495 2121
403 1399
794 1636
1400 1427
1106 2040
588 1174
27 49
1262 1364
94 1846
571 1056
248 1542
336 1777
166 1352
1583 1659
186 2185
971 1833
984 2123
774 1646
510 1136
1073 1669
384 701
1175 1886
85 1817
615 1704
43 1236
629 2006
425 877
771 865
590 903
1128 1877
680 1444
319 2207
524 1891
1241 1375
64 1091
1192 1320
359 2108
48 2050
1172 2161
333 2013
1210 1832
544 826
770 1403
977 1113
878 1396
737 1078
648 854
472 1751
1110 2176
760 1790
472 673
1591 1648
1075 1720
136 1777
213 611
23 695
318 1457
1479 2153
767 1294
285 1813
322 644
79 1544
720 1347
87 235
484 756
312 2218
234 1696
174 736
1054 1978
1256 1881
493 1333
607 1765
962 1480
982 1561
1069 2009
158 256
158 504
1348 2015
471 716
43 770
72 1215
872 1298
1472 2102
768 1084
1988 2004
1249 1856
848 1908
1519 1587
1989 2087
338 597
324 1019
1144 1277
729 1951
190 279
274 1793
85 1582
1238 1884
1374 1850
218 1014
241 1027
655 1777
380 1763
530 2154
986 1689
1920 2075
371 2036
514 1286
458 1956
310 1252
1962 2115
789 1682
983 1968
79 1162
461 1769
1421 1968
806 1157
711 1989
197 333
1583 2134
712 834
1117 1861
1679 1867
551 563
511 2130
820 2211
971 2181
1324 1710
252 960
524 671
714 2177
196 556
396 1536
1437 1445
712 2053
1292 1509
503 887
515 757
359 1255
20 613
337 677
130 1214
593 2088
1243 1839
478 830
1136 1839
494 627
220 851
917 2198
1699 2169
593 981
1682 1859
1935 2189
1282 1522
271 1257
770 2195
1563 1642
711 2218
903 1265
1807 1855
1309 2213
767 1187
719 1104
138 2120
256 1477
552 1436
1219 1338
47 210
468 1818
952 1195
230 592
1032 1910
506 2213
596 2153
983 1431
411 1211
537 2125
484 1735
479 652
85 1523
1758 1834
1131 2193
176 327
800 1427
1689 1726
1061 1672
1913 2218
261 2069
1502 2032
14 1599
937 1751
154 730
940 1534
260 1263
230 2006
388 1824
269 1206
1144 1415
1501 2197
304 1758
569 824
1472 1858
199 733
181 2042
1203 2008
465 741
276 2203
187 2170
1273 2173
1043 1807
835 1705
587 1015
486 1891
294 542
47 796
879 1326
1519 2222
917 1386
593 656
896 1597
1042 1671
428 856
6 285
13 361
515 666
358 784
1175 2029
1882 1910
303 1687
564 1081
879 1815
1004 1601
482 768
1145 2222
39 469
1546 2056
742 854
403 1728
522 1204
75 826
915 1306
727 1897
711 1233
1436 2114
1287 1470
1000 1623
412 1020
1 1904
108 1144
681 705
44 1824
878 993
253 2064
1480 1617
359 861
266 811
297 2170
1163 1947
904 1043
392 723
670 1168
874 1831
1752 2146
1813 1957
631 1077
434 1891
1603 1832
614 908
1595 1693
602 1084
850 1905
177 993
297 1894
890 1561
92 244
1157 2160
608 2020
1558 1993
215 2158
393 1741
347 1438
383 666
2018 2213
1387 2162
1255 1484
1268 1915
568 1527
382 1774
766 2110
341 580
300 1987
722 1088
724 1957
786 2044
615 2190
62 913
306 1665
1099 1448
639 1128
463 2145
1015 1240
64 1150
692 1637
445 1572
351 2053
1125 2154
338 1400
144 1900
133 634
0 274
689 1271
280 734
301 1320
382 1573
523 1267
1471 2190
956 1300
362 1504
396 1467
592 2060
535 1985
339 770
163 857
773 774
686 763
281 1596
1215 1358
1265 1694
321 976
315 1991
655 2190
1433 1541
382 1582
481 535
123 1440
225 1971
614 1998
611 1186
171 2117
1451 1476
688 1931
253 1862
2013 2030
679 1337
286 798
1234 1951
818 918
464 1994
1199 1697
53 1094
291 1153
1239 1495
908 1999
489 1667
1040 1486
612 1712
360 2177
2065 2138
1511 1730
1210 2161
1659 1686
217 238
13 1654
619 1680
296 676
1168 1781
1152 1278
1814 1942
68 357
390 428
829 1111
658 1690
83 1792
247 2209
1461 2091
771 1496
1870 2118
284 2054
1055 1306
1125 2158
1642 1787
482 723
465 1906
597 967
191 616
969 1300
1876 1980
1020 1511
455 792
862 2129
590 727
307 907
1010 1740
1446 1689
1180 1763
215 1769
638 1811
147 1899
72 2064
376 2090
412 1292
411 1125
1251 2073
16 663
384 1807
590 2136
185 708
1116 2150
1223 1366
440 1130
679 1039
1462 1597
782 826
1143 2026
1342 1973
150 848
650 905
266 2135
22 1212
1016 1636
1031 1830
409 1085
975 1301
213 261
540 776
869 903
238 1397
458 1191
2042 2058
351 1755
794 1516
972 1217
1439 1708
718 1674
478 698
1539 1811
446 1372
1235 1719
1562 1869
990 1433
527 2065
1032 1943
1655 1823
994 1472
200 548
857 1611
26 680
328 1602
90 1626
2022 2042
84 170
745 1257
195 1767
1379 2158
1400 1918
440 522
221 1419
864 2044
344 545
1151 1716
588 2018
791 1573
570 1526
301 304
1096 2212
163 1724
1575 2010
613 1606
112 1161
1054 1691
587 647
1352 2217
876 1232
1028 1243
1179 2221
1004 1535
347 1741
968 2042
454 2008
621 1207
1401 1576
466 2080
722 1813
677 1256
103 597
520 1772
531 656
1016 1231
353 945
821 1520
816 932
609 1328
397 523
671 921
450 1174
1691 1853
1557 2099
719 1833
903 1489
676 1890
121 1739
1104 1485
394 1372
2008 2112
1410 2206
1180 1443
1439 1799
811 2026
228 635
972 1038
665 2151
1226 1753
522 1093
41 1452
1397 1745
522 1067
529 1147
503 944
108 2106
354 1410
1062 1402
1927 2177
1117 1324
729 1773
58 1440
683 2040
1259 1941
227 1232
1659 1821
432 1393
897 1893
1834 1950
851 1094
130 1092
1311 2007
70 1423
592 1728
1501 1736
969 1381
1536 1711
160 2085
442 1983
485 1619
164 924
1014 1208
184 213
906 1671
649 1711
353 1569
19 986
230 1215
753 1289
103 729
946 1932
596 1640
645 1457
520 1402
439 1312
311 812
869 951
739 1039
211 1477
1073 1616
943 1467
357 736
483 865
1369 1743
1459 2165
1532 1923
1066 1434
280 2077
546 1475
1591 1651
1256 2031
1004 1029
1394 1872
403 1516
893 1858
15 513
1037 1252
398 1471
1052 1297
1347 1459
879 1348
1365 2096
6 1426
953 1362
21 227
255 1542
251 1536
424 509
1330 2184
786 1343
342 1491
76 787
649 1307
1990 2098
495 1705
448 499
369 1997
353 824
216 1428
1126 1209
865 1787
32 1701
201 632
992 1543
21 1810
711 846
1360 2106
29 1340
1206 1270
1722 1807
1118 1836
472 650
896 910
1699 1871
188 1454
418 1247
1350 1937
1557 1576
199 2025
203 1859
527 2102
1103 1982
1961 2075
538 1521
1108 1504
292 1980
688 2035
354 1855
543 1011
649 1800
761 997
1956 2079
1618 2054
682 1879
527 1994
451 898
160 507
1090 1902
1280 1492
1745 1764
1537 1618
629 748
557 2052
581 1426
74 1516
1191 2046
1546 2008
287 607
984 1120
807 1882
1251 1351
1423 1805
726 2064
182 1483
502 1192
252 1025
308 507
1032 1112
306 730
817 949
521 1510
678 1534
798 927
1182 1542
829 1088
984 1667
751 1568
823 1872
868 1047
1292 2040
911 1356
835 1192
1858 1885
805 1235
104 276
1262 1918
783 1395
830 1850
1132 1473
241 580
149 1156
777 2204
881 2113
596 796
1289 1543
248 1387
215 1188
1 1197
264 1812
699 2139
628 1325
387 984
1222 2075
1332 1494
1117 1325
1145 1157
520 668
444 1280
72 375
884 1448
97 338
716 1837
1938 2212
112 571
84 1758
1286 1442
394 1640
306 661
987 1738
293 1185
1718 2076
387 519
196 1424
186 1970
996 1407
1293 1651
501 664
66 369
20 1051
994 1507
317 1745
477 572
748 1563
1772 1903
1242 1587
15 941
1818 2027
1203 1220
1151 2108
534 1279
1351 1506
775 2144
120 1200
174 201
386 1837
588 795
1156 1285
1333 2192
1020 1372
379 1942
106 1043
550 769
778 1811
456 869
492 1985
331 370
71 286
1412 1490
45 771
441 1784
1810 2182
1283 1556
1421 1661
938 1193
330 1352
663 1333
446 1008
741 827
993 1401
492 585
217 1553
4 1800
1290 1614
889 1132
1879 1944
1033 1786
426 552
1242 1304
256 1281
1820 2066
574 726
930 1109
583 1140
681 1521
351 939
715 1596
49 979
402 674
219 924
436 819
751 1316
979 1168
1235 1602
620 741
666 1562
533 1617
553 1747
1518 1629
886 922
106 1551
55 626
295 688
384 1056
43 563
1082 1941
540 893
1558 1876
1885 1957
1801 2060
1109 1530
1771 1947
866 2202
535 820
927 974
83 1086
292 1466
850 1532
1559 2098
32 496
718 1568
182 2190
640 1402
709 1006
254 1476
790 940
1075 1341
320 1032
558 695
1299 1867
1011 1956
1738 2058
945 1086
1471 2126
119 2071
949 1359
712 1087
491 1104
1095 1466
86 1402
936 1629
33 421
358 2119
1101 1549
367 1486
911 1076
322 912
183 630
684 2117
53 1846
1576 1801
431 2155
118 659
206 862
534 1819
1872 2132
189 1235
654 743
784 1536
39 212
145 1286
699 1243
1384 1968
969 1730
671 2084
2170 2222
678 1752
283 1946
89 479
455 832
100 993
583 1323
417 956
739 1241
281 1163
994 1259
94 283
767 1173
138 1052
19 1504
97 2048
535 1207
505 1080
680 893
560 2185
668 975
641 2001
258 350
258 1951
1048 1720
827 1805
975 1014
667 1350
784 1985
1181 1760
192 1014
1288 1553
73 2164
322 1598
756 1328
215 935
92 530
423 1113
1071 1955
257 1003
19 779
28 1240
395 943
431 1615
15 46
1355 1849
1536 2104
1032 2039
653 1042
231 1017
775 1998
1509 1550
491 2004
2011 2148
1170 1887
817 1941
615 1651
278 2049
755 2031
462 914
1035 1069
203 1305
1047 1206
807 1481
1389 2173
987 1551
116 1645
1402 1470
961 964
1467 1606
737 1914
1388 1753
1617 2165
121 137
1410 1881
475 2089
1206 2184
1128 1489
189 1893
357 2137
544 2072
869 1834
114 379
1224 1678
444 812
1595 1916
906 1443
194 225
889 2220
995 1886
1271 2155
502 1592
624 1314
126 1195
1188 1230
419 848
482 894
251 912
905 2122
812 1937
6 1051
34 1162
188 1592
529 1956
612 1962
930 1654
1612 1979
468 1208
578 656
677 1965
825 1375
1665 1859
306 1628
1874 1995
904 1743
1624 2038
210 1896
1323 1731
879 1667
883 2194
1661 2105
1496 1977
354 735
1317 1985
621 2019
448 634
638 2048
1335 1791
584 1511
910 1099
472 2120
73 1235
1778 2179
189 1922
333 2125
981 1475
2020 2181
544 1487
1017 1838
96 460
547 1075
155 2174
19 888
807 1537
1006 1759
3 1347
527 852
594 1111
534 1762
929 1037
1264 2113
325 453
1128 1201
943 2011
207 250
160 1782
87 276
863 1225
847 1012
317 1726
685 1926
419 1719
2006 2093
23 1863
1666 2214
201 1839
1073 2188
570 2019
747 1941
67 1567
0 1435
14 1256
1570 1766
493 1086
2 683
404 1088
334 1949
607 1582
999 1573
583 1660
1130 1550
1364 2105
1195 1576
199 942
6 1180
1136 1183
103 525
89 1859
590 1029
329 1821
84 733
115 416
396 1458
259 1784
270 1842
194 1925
633 863
1761 2005
255 2160
1757 1780
506 1967
1402 1694
985 2036
319 597
610 1095
1672 1744
85 1938
385 1483
1745 2140
57 310
110 1605
2023 2082
457 1097
648 1286
1262 1449
868 1307
306 614
1929 2096
442 1524
899 2046
1025 1323
1627 2138
764 1057
448 765
1095 1635
892 1870
828 2011
804 1749
1012 1665
147 1411
346 2062
1150 1504
1293 1856
1105 1334
1266 1428
672 993
1370 1788
462 1737
1013 1484
902 1211
769 2085
711 1127
94 415
1292 1730
893 1816
1273 2128
13 1079
1328 2006
853 1035
426 1759
1250 2090
638 795
514 1199
753 1669
1160 2152
1681 1776
36 557
781 2007
942 2039
632 1825
194 214
1673 2020
1606 1782
7 1503
1292 1606
56 310
1442 1559
913 1528
1361 2156
210 1524
1444 1531
66 183
525 575
329 2020
224 1466
232 851
43 1375
650 2141
13 487
1109 1262
902 1313
895 1718
1074 1375
803 1547
168 934
228 1927
303 1648
855 1122
29 817
776 1127
277 2006
377 1340
1675 2052
201 693
1701 1800
1887 2190
291 1731
706 1784
569 751
1625 1626
1065 1621
870 1758
21 863
522 1318
995 1020
1838 2190
1026 1109
233 1467
614 1774
88 2197
668 1697
197 1621
110 833
520 1065
428 592
150 242
1234 1753
345 961
639 787
196 1951
881 1396
291 1789
214 1679
628 2174
117 1127
1289 2012
242 873
1847 1856
2143 2207
1085 1206
657 1413
176 1277
141 955
1074 1224
195 1428
114 1915
161 1447
1649 2102
292 1523
1357 1432
141 941
1708 2084
846 1437
14 646
421 1286
759 1656
640 653
1823 2154
1516 2126
382 633
1 1563
1402 2060
711 738
1675 1736
1327 1979
568 1438
29 2060
338 639
362 1190
392 704
409 1499
1314 1555
1801 2161
1069 1286
362 1169
1419 1467
716 1855
1511 1523
788 2199
220 1022
1344 1887
1150 1585
686 1463
247 733
1003 1795
1139 1336
180 875
67 1793
1844 2131
1772 1856
1886 2159
1204 1413
629 953
143 563
283 2105
1491 1528
261 1228
7 50
1303 2030
995 2052
151 1572
69 2115
355 2076
106 687
823 1240
249 1751
966 1152
1865 1947
1142 1880
354 1340
1637 2150
334 1969
63 439
214 489
1938 2188
34 384
1100 2122
1700 2012
478 1606
477 1637
1447 1681
121 1393
1083 1476
991 1628
973 1484
629 2044
1504 1524
1455 2077
469 862
926 1385
228 1410
1553 1977
630 987
913 1541
1167 1829
28 1032
709 2169
238 1858
238 996
711 1306
317 1052
316 1720
548 998
541 942
396 1408
1648 2007
154 1978
1083 1900
819 1731
1187 2005
1147 2210
875 1538
125 1048
1680 1734
1766 1896
517 917
890 1612
1266 1645
325 2182
762 1173
395 1128
1625 2056
205 1733
816 1499
367 868
1744 2203
911 1318
429 1349
1071 1321
504 750
303 374
727 823
1027 1173
1112 1616
1098 2034
1158 1847
834 1824
963 1314
2070 2115
75 1904
378 1584
801 2059
430 2096
148 755
9 892
1338 1944
98 1824
1520 1940
1423 1598
1549 1592
1097 1383
419 1509
432 1455
477 1088
1358 2140
223 947
638 669
1196 1509
1499 1797
657 678
946 1794
63 2195
70 648
1141 1537
202 1520
342 402
131 252
611 1658
171 1541
48 1340
736 1025
1395 1721
288 405
1965 2028
661 1917
410 838
234 1770
793 808
1032 1775
500 790
272 1218
520 1930
20 112
1185 1678
964 1286
1149 2061
1102 1649
452 1557
451 1785
283 1410
1413 1897
482 1174
1232 1655
768 1514
428 2005
379 2137
64 1668
1064 1158
816 1028
1320 1786
1293 2004
78 417
87 410
302 1680
731 813
773 1879
352 2083
543 2122
364 572
242 1631
1411 1768
370 1581
273 1630
463 1107
738 1364
1305 1620
695 1854
1051 1127
1878 2159
1165 1664
748 773
929 1580
586 1301
84 1051
125 545
767 843
40 613
794 1156
503 516
95 2029
672 919
93 1849
740 1818
652 1346
1781 1953
845 2111
431 434
636 718
903 1063
1929 1946
427 2067
345 1751
224 811
1342 2170
1269 2119
19 131
1032 2065
252 598
931 1420
1170 2213
182 650
161 1873
1584 1777
927 2019
284 1237
578 713
1891 2023
403 1329
1628 1725
1108 1932
41 1362
37 1082
1377 2078
510 1042
84 1598
314 689
234 695
1018 1253
543 1366
634 1485
398 780
228 925
930 2219
298 1782
1127 1827
1038 1379
1083 1215
1598 1800
274 2157
1793 2000
1207 1267
1309 1653
125 352
1232 1582
1144 2027
503 2124
873 1796
1145 1727
698 2152
80 301
157 1988
473 1006
848 1501
964 1007
626 1370
157 1420
343 842
1535 1902
630 2113
1216 1645
1090 1488
1146 1795
401 1677
583 687
873 1295
1040 1146
461 1122
1852 2110
397 435
1427 1559
765 914
938 1898
1423 2090
287 842
1215 1723
122 454
411 1469
139 142
56 486
711 930
77 457
1119 1203
1121 1740
381 637
223 2106
600 801
11 1790
969 1740
824 1563
143 1433
398 982
1119 1423
24 60
815 2077
1250 1706
488 1008
486 790
436 753
86 1234
279 2108
199 1807
1048 1479
419 612
1383 2051
215 671
1227 2072
1216 2059
1840 1856
1613 1998
203 1319
975 1731
1435 2219
980 1189
60 1754
391 1488
213 1009
6 2036
714 2061
191 467
1964 2056
326 2117
2 1395
1280 1987
1696 2150
1793 2071
517 1157
772 1043
34 1636
1818 1866
1441 1513
1988 2002
500 1401
720 809
529 1477
2027 2095
1987 2164
407 524
223 1649
981 1659
598 782
807 1163
743 1084
782 2093
310 2008
1245 1549
1489 1650
2 823
693 719
673 2024
613 863
442 1338
1280 1451
216 1669
188 794
1021 1538
484 749
841 1010
200 907
87 552
1353 1401
1248 1288
718 1640
1145 2066
903 1680
1472 2178
90 660
186 1828
235 952
844 2018
11 1844
1163 1761
1003 1302
914 1354
482 1226
1076 1106
1176 1653
104 437
556 993
1258 1779
299 596
540 593
1380 2102
1660 1937
1649 2196
532 2140
812 1838
110 1200
1125 1821
27 1229
1534 1724
230 247
1465 1509
1366 1414
598 810
1052 1058
557 706
1267 1426
1570 1648
216 1069
628 742
791 1550
145 2185
439 567
1965 2133
1479 2187
53 1575
268 1900
21 1462
870 1244
958 2039
327 878
747 1823
103 1996
1307 1924
141 198
115 1255
941 1778
132 1916
91 1363
92 2079
582 1992
103 570
1487 1569
133 1768
824 1897
992 1523
297 2177
362 389
67 74
709 736
194 1783
1799 2110
158 1916
748 801
1235 1513
2064 2143
61 753
238 2133
611 718
101 1892
1410 1878
757 1999
80 1773
378 525
1878 2215
455 2162
147 232
871 1024
1299 2118
249 894
615 1476
985 1908
515 1219
1721 1952
560 1241
711 1091
358 702
1176 1375
738 2161
818 2042
443 908
614 1823
494 2140
1125 1788
1604 2169
298 2035
831 1315
233 1210
414 760
710 1102
671 1925
1095 1637
1588 2012
733 818
1878 1984
1183 1675
326 1764
473 518
328 1614
148 2032
606 1751
425 435
1509 2144
1494 2009
476 851
970 1631
841 2121
1022 1768
260 685
631 1121
1710 2023
1110 1993
597 1232
1515 1550
188 301
70 1922
238 886
10 1239
422 1074
1468 1763
1659 1965
23 1552
870 1145
537 640
921 1036
211 891
1665 1865
690 1403
1086 1596
959 1900
141 950
16 1796
1214 1431
407 1729
1829 2081
1075 1681
50 1384
670 1137
1540 1636
1341 1359
646 760
199 398
972 1422
1576 2044
395 526
101 1678
425 955
1377 2025
1765 1853
23 1310
1155 2166
1493 1596
774 1176
74 1525
628 1477
508 1540
1337 1362
728 1861
1337 1818
559 717
460 605
195 1736
1649 1777
819 1015
1216 2184
2006 2104
512 1402
84 542
1016 1286
872 2210
437 1247
130 1290
45 986
727 2067
1106 1589
605 1690
42 532
1100 1473
232 1743
117 1498
404 1715
317 401
1863 2021
1226 1629
112 887
269 889
734 1765
573 2112
6 2140
641 877
1097 2036
1233 1620
463 2210
681 827
363 1782
477 1759
825 975
450 938
1563 1873
1929 1993
205 1855
873 1886
212 948
195 259
1488 1888
202 1371
1159 2027
224 2011
620 1006
553 713
109 758
1585 1662
1480 2000
369 1535
750 1736
1528 1910
719 812
676 2209
110 2211
1120 2047
616 1939
487 1500
1281 1620
2119 2151
137 1274
625 1056
1274 1735
1336 1751
1329 1866
170 539
1119 1319
244 539
903 1699
495 2221
1412 2015
1360 1595
1650 2114
243 1156
354 913
261 1556
220 1503
944 1728
433 1788
1343 1810
266 1916
509 661
60 750
77 725
250 1732
609 1565
293 1261
841 1557
914 1793
322 1265
287 1833
1585 2202
1613 2002
452 2171
707 1409
1211 1842
1 519
502 1728
787 1875
945 1565
693 1302
1266 2108
111 1091
47 1543
1362 1977
801 841
1223 2220
57 1355
1171 1189
869 1526
680 858
1406 1812
261 759
313 918
520 2216
170 1393
1122 1294
1861 2116
791 1693
1071 1964
747 2095
1873 2038
464 552
465 968
508 1478
122 685
1877 2083
1718 1853
177 644
758 1226
1207 1428
1609 2210
832 2042
300 1942
1794 2139
228 584
1260 1639
730 1253
132 1472
865 2108
1294 1306
325 574
1171 1190
140 269
24 297
306 863
1775 2211
1644 1951
232 1632
429 631
137 420
941 1463
1077 1204
750 1681
24 2091
525 1145
784 2022
1421 1829
1282 1610
50 216
1097 1233
598 1162
386 1609
16 183
591 889
1176 1898
982 1520
180 2004
583 655
958 1421
1252 1487
1140 2048
1198 1493
348 1784
194 1522
1050 1844
693 1723
844 1132
1225 1490
1226 1861
364 1770
73 735
1566 1815
288 1320
901 2140
4 944
666 817
346 2156
439 1454
20 1510
530 813
37 1245
1701 1794
1549 1981
219 869
1183 2168
685 2041
993 1851
1214 1738
726 895
68 455
367 1249
1432 1482
1855 1922
1070 1542
391 1441
343 570
295 773
578 755
1234 1258
207 1372
346 1048
1672 1762
749 1975
824 1552
1415 1567
1301 2062
396 1719
256 1732
368 382
1352 1677
836 1581
8 1436
2146 2221
491 666
1423 1980
1357 1941
1331 1571
1542 1741
556 813
1781 1831
1196 2057
539 1093
266 1720
576 1680
250 929
508 2197
1286 1882
335 414
1680 1941
459 1065
1899 1963
329 773
155 576
511 867
203 809
1700 1731
556 2053
9 1739
396 1839
428 1201
1560 1653
701 1590
1211 1351
1046 1166
508 1383
740 1864
709 1208
220 714
610 1418
588 1443
15 1857
1212 1288
1510 1730
1130 1783
591 1145
549 1313
948 1178
122 718
668 1695
1413 2167
542 1538
877 1238
43 376
329 2104
461 1203
1603 1779
9 2186
458 2118
1447 1472
686 795
1586 2110
258 1541
256 1115
1761 1907
168 1463
542 712
864 2101
1562 1563
177 361
534 2122
1204 1658
846 1751
1156 2199
1219 1441
514 1770
1003 1766
504 2119
184 937
259 760
1628 2103
632 850
530 2210
2087 2159
159 426
633 1358
1367 2033
557 1442
345 1658
717 790
569 1406
755 882
24 1589
318 2213
292 574
194 393
1694 1920
1197 1686
533 1618
934 1929
1062 2038
512 1537
711 2007
219 1870
1311 1777
160 793
868 1356
304 2079
1007 1910
758 2105
1326 1363
665 2068
829 1735
212 728
325 839
795 1898
510 1230
396 1881
1411 1837
24 2193
348 1720
315 1668
703 1470
321 2212
148 2206
1208 2103
114 942
434 570
938 2073
604 1978
839 2054
1835 1929
105 1757
215 370
1852 2070
1359 1607
2137 2213
734 1888
947 1337
626 974
1722 1995
821 1444
344 595
440 2071
1169 1313
310 1949
1216 1970
585 986
667 1748
1999 2154
1766 2018
166 2030
1364 1785
157 1886
75 160
1404 1961
654 1145
707 1348
501 981
1698 1867
1587 1684
547 2131
135 2106
921 2006
548 2211
211 638
441 2014
1427 1527
224 432
633 1776
1201 1717
833 1087
1494 1579
993 1196
879 1620
53 373
213 2215
927 1101
999 1279
1501 1701
495 666
195 1618
997 1654
312 431
50 2083
57 1201
1007 1812
1022 2012
1292 1415
1878 1985
73 81
376 1541
809 950
199 1106
8 72
468 519
1573 1924
1158 2162
1263 1334
897 2083
103 1404
597 1098
485 611
1701 1970
1163 1943
1163 1436
94 390
698 899
765 1046
2161 2185
1574 1808
622 1401
326 689
353 394
507 1409
1913 1930
1228 1976
842 1309
470 1841
1515 1575
696 1617
122 186
232 1138
983 2042
560 1192
121 375
1184 1480
667 1737
1900 2004
439 705
1011 1377
370 396
188 1807
1299 1627
20 1146
285 383
814 1429
1011 1800
1562 2159
363 1968
271 627
74 258
82 998
683 1271
23 472
814 1475
1247 1455
534 1039
1259 1309
1081 1599
1584 1951
1445 2056
512 812
147 471
17 756
353 1049
99 1758
371 657
378 977
1491 2192
695 1960
1863 1901
311 2003
99 145
1328 1633
1570 2065
794 2008
443 513
331 652
203 1431
984 2144
5 1164
650 1755
1167 1684
1347 1734
2 1135
398 1683
992 1322
1296 1702
995 1048
1014 1394
1243 1395
513 1990
984 1191
442 1144
1164 1283
1035 1460
147 542
190 1426
1091 1944
1430 2207
142 1707
579 1982
1816 2141
633 1064
706 2211
538 1236
602 2010
1400 1883
212 2021
72 1170
12 1418
817 1770
287 1071
92 664
294 1920
92 1142
121 2064
1148 1452
1231 1370
320 1669
1333 2038
1846 1965
1023 2033
919 1069
331 1437
1571 2073
147 363
1360 1738
1632 1998
1059 1931
500 1161
568 1856
408 1897
159 932
63 773
985 1112
331 1295
334 2158
27 2002
70 1342
705 1961
1047 1796
320 1247
705 1890
394 1650
360 449
901 1650
1381 1544
165 1690
2 467
671 939
1290 1479
426 1809
209 1959
800 1628
914 1418
705 1281
1268 1389
993 1068
357 809
704 1892
94 257
282 1131
354 1978
142 1735
873 1178
10 1440
943 1746
1262 1451
609 1627
1336 1538
1018 2043
1205 2140
14 441
237 587
133 2101
483 1933
12 1804
233 2128
225 2078
887 1710
459 944
14 731
1751 1848
854 1914
108 1996
323 1142
294 332
677 1002
966 1122
1386 1610
341 1247
328 1550
887 1753
520 1398
507 890
644 839
744 788
309 984
31 363
102 2196
161 435
99 372
368 1631
375 1587
284 478
804 810
149 1508
779 1928
1357 1918
240 1797
7 1702
1991 2046
821 1807
21 316
1731 1742
1355 1741
583 668
623 1333
423 1107
428 541
759 835
733 2097
72 103
1605 1988
200 1121
1327 1975
51 1393
371 1077
435 1804
769 1562
771 1027
287 783
909 1171
41 1133
1140 1818
919 1666
1505 1683
51 2152
1206 1786
197 1244
1007 1712
1150 1812
516 1945
109 1704
15 1565
605 1424
545 2012
1191 1990
467 2214
1015 1493
1912 2218
358 1731
1230 2119
788 1509
79 2132
251 2215
538 1042
754 1726
867 1581
1391 1772
636 1637
109 1378
1707 1992
716 2058
246 1946
897 1370
1050 2143
1048 1787
302 955
967 1463
110 1145
737 2156
182 624
1224 1869
986 1546
873 1203
2100 2182
1647 2035
1042 1372
1396 1511
131 1880
40 1868
118 1994
922 1081
773 2059
1083 1985
355 1196
615 1527
122 1267
171 426
925 1081
125 1417
1444 2098
808 1488
526 1136
611 1061
1369 2119
945 1134
339 1694
257 1543
1434 1503
568 1183
410 1172
105 256
786 1898
618 939
666 1339
1054 1066
7 1389
631 895
926 1675
575 1306
1159 2060
600 1231
168 1900
310 1460
1002 1443
1655 1980
1480 1601
862 1713
881 1207
756 1613
226 1137
943 1483
1025 1555
1162 1635
1274 1680
411 415
758 895
727 2102
810 1685
402 644
169 1328
236 1071
899 1508
394 2073
358 1664
593 893
1157 2044
1892 2215
1194 2003
414 1292
1169 2173
648 2214
1308 1850
1250 1749
555 1822
395 2029
135 1429
976 1721
880 1295
200 2100
808 1669
760 1985
929 1212
313 1143
374 1863
869 1238
1134 1337
76 1385
2150 2192
61 1990
389 1139
861 1935
914 1020
684 1122
538 1914
344 2012
821 1942
990 1484
480 492
1295 1876
1411 1574
293 1232
1764 1822
1213 1831
410 2187
1594 2112
376 1609
270 949
970 1041
613 1258
1024 1533
665 2047
1187 1712
760 1610
696 1748
394 540
1499 1784
306 2166
403 1948
597 814
906 972
1 1453
1614 1666
2 662
214 2188
79 1368
765 1582
81 725
588 706
1006 1806
695 1073
227 633
1400 2059
1149 1903
1203 1485
289 427
1065 1560
60 1547
1178 1673
53 317
0 688
690 1313
743 1992
280 2168
1087 1372
354 1407
1102 1697
37 1316
1355 1523
30 587
927 1374
1801 2199
1385 1960
465 514
635 1957
782 1035
694 876
700 1684
298 1624
1700 1771
995 1785
290 1082
109 750
410 1279
2028 2091
284 1714
1117 1870
945 1592
1443 1623
796 1551
711 1969
1353 1832
1084 1985
243 1026
913 1098
477 2028
74 641
237 1717
871 906
256 372
121 2219
470 1296
607 1283
309 827
398 1177
1294 1936
9 695
449 952
1008 1664
1370 1978
543 951
943 1135
1954 2177
657 2169
1294 2053
210 493
1565 2184
499 1247
1859 2210
619 2038
663 703
195 240
1025 1904
445 1774
331 1057
775 2214
1780 1926
338 2195
1006 2165
235 1071
890 1130
498 1773
729 836
740 1617
1503 1661
248 1975
597 1093
1087 1933
77 275
893 1875
174 542
159 378
2026 2206
350 437
1794 2129
1038 1704
508 2155
200 1468
238 1241
226 2068
1879 1881
466 1576
1819 2032
410 1915
992 1626
198 1480
281 1191
754 898
2006 2082
700 1796
172 1510
201 1333
465 883
311 1796
1573 1811
422 1293
34 2213
366 610
1097 1959
1664 1831
91 98
374 481
1229 2201
1221 2001
1437 1499
492 1728
1582 1840
481 1248
611 1457
109 1025
286 1618
7 800
15 787
700 1426
1210 1828
365 697
665 1550
1487 2055
1097 1735
433 1997
1631 2041
605 830
1807 2183
1492 1983
569 1368
442 2167
364 1629
1426 2206
168 1141
456 582
194 1021
274 2022
2057 2211
708 1998
958 1580
1004 1319
1860 2033
1111 1696
1710 1923
282 1294
1531 1599
709 726
268 351
1117 2020
570 1502
1189 1457
786 1369
728 1256
486 656
8 610
1435 1668
57 1665
22 282
884 1472
375 1271
1021 1327
1593 1725
981 1779
692 1675
444 1012
879 1975
738 1911
1284 1453
103 1344
575 1123
623 2200
1311 1800
1568 1974
502 1497
2023 2210
94 2100
107 1142
272 725
445 1008
65 647
1796 2182
451 1498
977 1092
1339 1911
941 1429
357 1385
100 1201
189 1739
1153 1882
869 2185
800 864
1684 2019
899 2193
536 1273
247 462
1331 1763
442 1496
770 2103
1336 1915
1467 1480
1439 2179
1285 2185
391 1280
309 1194
119 2179
669 865
2066 2098
861 908
78 2009
157 1384
394 1678
66 1935
173 533
104 2138
1832 2185
349 849
611 2023
294 1781
1858 2077
625 1719
1059 1683
37 917
1199 1445
773 1211
2019 2026
1268 1717
627 1072
887 1597
1348 2003
691 1489
1021 1228
7 397
660 1101
66 1576
72 1800
748 1906
171 1226
1576 1646
1452 2147
527 550
216 1060
458 1701
691 1087
824 1868
568 816
1067 1821
836 1576
307 1413
1507 1800
405 1657
935 1240
631 1872
13 1444
752 1516
203 1905
921 1940
46 1593
475 535
566 1369
455 1474
840 907
193 1648
1298 1517
477 1581
1425 1575
721 2005
5 737
1037 1282
1435 1925
834 1239
1098 1978
996 1782
353 949
1283 2148
70 1125
155 1760
1151 1920
855 1755
754 1500
1300 2186
145 835
435 537
1503 2105
733 841
1346 1679
406 1437
1610 2034
1277 1743
56 315
990 1178
892 1096
400 1019
411 1056
575 626
1574 1824
65 1145
992 1780
1003 1938
188 1205
433 1647
1164 1533
150 333
853 1880
1447 1741
265 1935
152 1430
338 1415
1018 1789
289 887
551 620
446 2166
495 2072
7 383
782 1788
1486 2033
226 1315
56 645
1165 2006
2011 2186
857 1786
299 1655
456 1442
1921 2025
1172 1276
767 1266
709 1608
722 2195
1287 1562
218 2059
941 1723
311 1757
391 785
137 1457
1413 2181
1854 2004
930 1879
228 927
1385 1933
89 496
48 1656
61 111
16 1769
162 2171
1162 1353
1267 2124
380 423
92 1778
1172 1223
1414 2140
73 245
545 1089
678 2123
170 457
1450 1751
1165 1177
1154 1959
37 636
484 1443
262 1301
352 739
991 1801
281 983
471 520
1234 1752
422 873
788 1619
753 775
336 1735
32 1390
1471 1943
1322 2034
649 1694
452 1775
494 1432
1366 1407
242 2029
1172 1811
1948 1963
56 203
552 771
514 603
549 805
649 2076
572 1567
1764 1905
1667 1776
170 1811
278 1664
605 1847
841 1498
278 394
250 322
886 1490
1298 1419
369 2161
920 1752
932 1150
1106 1225
728 1564
1804 2186
172 931
233 1901
120 1222
653 1010
1202 1311
1143 1457
1688 1793
1939 1954
1690 1923
1045 1084
208 599
794 1619
673 1103
553 589
1264 1787
409 992
616 1957
39 1605
370 421
1103 1580
904 1862
1258 1961
1434 1695
614 1950
602 1553
314 566
1143 1518
613 1431
239 1546
1741 2089
907 1696
1961 2096
41 1549
387 1895
1273 1291
122 1805
612 909
359 523
1043 1459
390 2186
534 1823
1282 1439
1430 1839
266 1543
1338 1605
136 1354
432 1806
562 1759
171 1545
191 1512
529 1878
40 1348
1397 1439
1491 1821
131 1812
428 1671
1208 1292
270 1072
1435 2067
790 1246
503 586
568 1623
528 1087
1312 1931
673 706
513 1639
386 806
729 1093
757 2004
138 925
51 659
646 1409
1230 1365
623 730
559 1443
1691 2119
649 1089
832 1205
702 1072
547 939
1113 2067
116 1465
912 2145
678 1091
844 1516
1203 1605
824 2178
236 1286
1079 1621
69 2098
1552 1626
936 1460
84 1826
662 1822
1098 2160
158 569
199 738
1124 1196
299 882
101 565
1109 1677
352 2025
1152 1886
459 2003
1712 1950
979 2082
1516 1699
829 2183
1479 2086
225 1142
766 2039
1094 2091
609 2154
1459 1672
710 1265
233 1410
279 1914
22 334
784 939
1125 1981
441 793
296 1785
1526 2140
726 1477
1915 1974
110 1662
19 630
898 1835
1159 1330
1084 1087
632 1349
1029 1433
1649 1911
390 811
92 1825
1520 1745
121 1797
867 1660
949 1854
1593 1693
1049 2011
984 1218
270 779
283 1200
450 1870
459 1830
303 324
267 1834
577 1389
1252 2100
1401 1532
1143 1739
1407 1798
985 1999
1737 1904
103 1223
1719 1872
786 1036
1033 1685
231 520
514 1206
220 1152
236 1289
954 1407
449 673
379 966
278 1682
1176 1424
1491 1662
6 2031
659 1831
686 1643
64 1104
119 1171
1086 1493
899 1514
622 1012
340 2012
1384 2068
1402 1429
1092 1644
475 962
1251 1571
914 1954
194 588
449 1149
922 1327
591 2127
1072 2149
89 775
1206 1224
1430 2091
591 1029
620 1671
471 1864
838 1878
341 1734
190 1991
447 1477
862 1143
64 1236
103 1470
450 1062
808 864
1096 1233
418 1129
637 1754
1097 1524
842 877
258 1888
1107 1792
839 1008
1261 1436
64 329
527 1902
314 1591
1719 2181
1500 2219
84 1715
548 1200
943 2162
949 2044
248 470
1746 2120
719 822
90 726
117 486
1267 1350
266 365
396 506
11 1622
776 2036
306 415
992 2200
1179 2090
562 2125
368 1132
650 1677
1178 1503
866 2034
1022 1036
1920 2122
923 1757
64 1601
1078 1822
1677 2222
91 870
1067 1754
613 1453
438 1816
427 613
976 1505
841 2099
383 450
819 1293
685 1026
254 1810
856 1219
472 1603
289 461
1358 1395
858 2075
1571 1785
2010 2114
196 1434
317 650
782 1612
1269 2094
152 1311
511 2131
102 1946
936 2132
236 1336
1960 2188
103 215
1825 2151
1113 1497
650 1781
134 1562
716 782
562 1269
92 2066
203 332
627 1280
1479 2166
1500 2216
419 871
1 689
84 269
684 1530
1778 2067
1476 2105
894 2127
15 1096
685 1872
1518 1583
705 882
249 889
58 1942
294 599
491 712
344 1053
119 1473
207 1177
1064 1520
192 1110
532 1789
408 1562
363 1825
1099 1742
469 1455
977 1646
173 2212
888 1199
385 980
1 2141
931 2214
543 1038
401 2088
1738 1961
1817 1883
1147 1782
724 1075
1089 1689
432 1267
544 2109
7 1788
380 880
701 1804
613 1581
118 1636
810 819
127 746
198 1442
403 1839
1370 2034
1064 1752
60 1421
428 2213
630 1405
617 1298
171 2163
820 868
152 1223
658 2090
41 1840
1638 2023
1234 1436
1062 1333
163 984
513 1750
1663 1683
209 1188
223 523
929 1242
111 2182
612 1333
622 947
350 1679
441 1109
1627 1734
402 1213
6 726
1635 2101
814 962
558 1162
895 1627
896 2002
350 1681
1352 2021
900 1996
306 2074
297 412
317 776
202 400
237 1388
466 1595
1462 2037
1960 1972
361 486
1075 1438
764 1880
914 1833
1851 2083
943 1849
1176 2126
1386 1727
1538 2049
425 1217
333 996
272 379
561 2088
79 1395
323 801
1625 2101
212 437
1138 1790
258 2162
1526 1622
513 1037
773 1398
683 1996
606 1717
375 939
44 207
972 1358
1381 1578
690 1433
1554 1564
1182 1469
310 1306
477 1510
1175 1443
780 933
401 1302
482 1030
1787 2066
852 1510
99 233
654 1458
1771 2186
2139 2158
650 852
826 1604
691 1863
289 1510
631 1472
1092 1198
1129 1400
298 2219
686 1169
773 2103
222 1764
723 2195
609 1646
11 951
613 882
453 471
640 1960
274 768
1969 2060
954 1682
274 1981
1324 1451
288 2107
1120 1573
21 966
376 678
653 1533
1687 1817
502 1173
439 2153
45 1418
1133 1893
1120 2196
479 1672
291 1520
1214 1230
692 1063
863 2060
1195 1209
227 250
281 1670
646 746
553 1592
150 2164
137 1746
40 1522
1184 1456
835 964
613 896
27 306
823 1960
714 775
823 1642
336 705
503 1926
1069 1728
1051 1801
1114 1525
1596 1826
240 1888
1682 1990
541 1752
311 1678
486 2094
1936 2128
1962 2195
40 229
500 1858
370 909
539 1668
406 497
176 1491
1486 1570
1768 1932
1386 1745
766 1945
640 1211
846 1883
117 1314
425 1245
402 2187
166 936
1899 2138
2050 2212
1529 2077
281 1466
282 2104
630 1319
847 976
178 555
216 450
749 1129
450 1221
623 946
1305 1835
923 1490
1586 1781
1669 2183
163 467
106 187
787 1678
748 1547
82 750
468 1285
588 2134
803 1085
87 1478
514 1267
860 1334
629 2084
1681 1836
1657 1698
1392 1747
623 1109
69 1497
1062 2170
1040 2040
1214 1416
942 1214
1357 1814
1107 1185
78 1298
1456 1691
273 1500
1552 2092
532 1897
601 646
990 1221
635 1805
985 2181
454 1248
749 779
40 402
1003 1541
360 505
1292 1594
481 1565
826 1067
172 1278
147 1308
522 1066
1142 1457
1286 2193
1728 1948
719 1086
81 1971
907 2055
105 1507
209 1499
299 1189
106 386
67 308
1638 2130
626 1041
777 1390
495 940
1555 1877
224 1805
689 1682
1727 2199
71 891
1542 1577
657 2186
872 2142
256 1561
1063 1217
1480 1593
305 1190
29 2063
1968 2190
289 868
1116 1133
477 1888
1130 1390
1768 2005
547 658
733 1653
1055 1854
816 1963
56 281
995 1564
127 939
681 1198
1369 2069
656 1154
1380 1921
686 1026
553 1571
1601 2160
348 1399
636 775
893 1952
143 923
190 1130
471 1987
1829 2098
718 1936
410 2147
739 1308
130 1218
903 1294
931 955
1764 2154
571 815
1160 1979
1802 1839
1641 1646
731 1557
268 523
88 1101
1684 1725
436 697
1396 1860
1145 2153
561 2143
1166 1459
481 642
1362 2092
999 2139
105 432
957 1056
171 1538
29 955
1654 1676
1614 2155
828 1308
274 286
862 1088
822 1635
146 968
724 2150
1552 1748
1101 1156
691 2024
206 489
966 1782
1299 1709
426 2006
425 456
658 700
1095 1248
44 1165
388 1651
429 2016
212 846
607 1423
209 1027
490 1127
1510 1569
407 1975
163 2193
1559 1976
1719 2033
1755 2222
1563 2157
817 2050
54 1124
1439 1818
884 980
1019 1987
216 879
820 1645
128 2071
188 792
779 2069
810 892
268 1755
407 797
1184 2130
649 1654
1265 1747
2018 2113
134 1444
1505 1733
384 1502
827 1863
765 1123
778 1449
349 546
358 1630
229 1375
355 1612
474 1007
343 517
646 1502
406 409
1275 1507
597 1496
625 986
726 1774
757 1588
117 717
319 911
914 2125
564 2056
176 693
1052 1451
947 1914
1560 1894
1122 1316
271 302
1448 1887
1958 2188
109 1891
785 1954
792 1435
801 1823
433 737
1356 1979
825 1950
598 938
559 911
1018 1676
1319 1536
1759 2146
905 950
1453 1790
889 1368
146 667
1174 1515
749 1068
1207 1392
374 1440
477 1019
938 1439
557 865
163 1682
39 1374
672 2014
297 934
97 1629
398 1014
962 2140
244 1893
1185 1779
1175 2080
144 1390
854 1403
393 775
50 1540
512 597
497 867
1615 1865
644 1491
1474 1874
1096 1613
1179 1836
510 873
1478 2011
489 1739
704 765
1454 1962
128 1177
94 914
181 1357
1098 1810
927 1576
506 604
255 1562
840 1266
570 1410
665 944
781 2071
384 1295
308 1826
584 1227
1158 1280
299 1036
342 2075
1548 1851
970 1032
1459 1629
1026 1347
1121 2221
511 1835
577 1563
1138 2017
735 1663
41 1563
443 2188
364 607
747 1538
2052 2089
1370 2089
46 185
345 1055
441 662
457 1217
42 1833
1505 1944
485 696
296 697
1430 1943
321 792
528 534
814 851
351 2216
1074 1883
1403 2088
423 826
1152 2048
371 1617
1104 1215
1867 1972
1000 1219
403 2012
445 1528
419 778
897 1015
866 1238
34 81
444 1098
529 1980
4 2111
518 917
539 1426
169 1665
431 1897
134 385
652 1172
53 1793
1065 2098
847 2103
183 1333
762 1438
1636 2060
89 1440
614 1511
337 1810
1247 2203
399 1092
1546 2023
738 1437
734 1815
811 1124
462 1937
399 2186
1154 1445
1334 1583
924 1994
1245 1912
481 1212
728 1274
258 2042
595 1063
653 1341
470 1127
150 309
820 1586
191 392
1157 1448
1333 1687
404 1424
890 1137
178 916
1115 1844
1160 1630
55 237
335 1012
976 1122
986 1157
516 898
669 732
370 835
997 1128
542 1658
1036 1166
194 871
738 1691
67 117
1031 2150
99 525
829 2030
1794 1900
426 2015
33 870
119 1399
516 1179
798 2174
570 680
1470 1507
1385 1762
322 426
682 1511
1385 1550
534 928
538 991
620 1725
358 676
58 568
122 740
200 529
247 1732
42 1780
363 1379
496 805
345 620
511 746
136 971
556 1682
537 891
1229 1325
135 1047
2065 2203
1857 1970
776 2090
57 581
1431 1920
437 1481
796 1149
1669 1881
281 907
1671 1777
1362 1812
1121 1189
1087 2028
1891 2010
218 862
1114 1362
452 1354
306 799
553 1750
1204 1645
1132 1566
1521 1695
470 814
1480 1657
1002 1459
725 1411
413 1984
814 1301
126 635
102 1403
229 1982
291 862
204 1398
1074 1708
916 2025
777 1292
403 630
1377 1602
282 1617
307 1234
278 1901
1137 2103
151 332
97 910
177 1917
186 1805
547 1605
226 1415
924 1926
14 1593
164 2178
383 1460
1208 1498
1023 1174
131 1064
708 973
1059 2146
1399 1606
331 1078
1470 2202
291 1569
140 1108
166 983
45 211
1391 1555
171 1132
1132 2104
770 1372
1851 1957
1264 2068
889 1893
388 645
969 1643
428 654
1976 1995
1632 2214
1553 2188
1813 2050
365 1465
1414 1617
315 1620
1810 2059
356 1059
451 1690
1138 1564
127 2058
775 1881
1347 1812
582 2129
8 1302
392 2044
50 1963
958 1291
655 1796
474 2211
35 1783
850 1390
858 1470
1528 2201
613 1443
929 1017
664 1299
1671 1675
1367 1391
664 2017
1160 2025
356 534
420 908
371 1783
178 1065
1316 2026
384 1084
1128 2210
803 1019
551 1827
582 777
934 1800
93 2175
1069 1706
859 1605
524 1492
2059 2186
872 2154
1046 2063
1139 1948
1700 1977
170 2189
556 748
1726 1786
590 1409
425 1845
59 174
324 1837
914 1713
1821 2175
371 1166
904 938
1895 2013
163 674
675 1342
375 1384
1031 1228
520 622
470 727
557 1088
587 1530
1025 2054
912 1890
1454 1476
1872 2060
940 1098
1327 2043
630 636
128 368
346 1468
1683 2095
238 1633
302 2018
1499 1599
308 2097
669 1766
1559 1833
147 1200
1265 1430
841 1077
205 508
1255 2081
504 2039
462 828
1212 1983
222 707
1590 2212
191 690
139 439
1188 1906
1447 1524
971 1858
1117 1932
746 1084
1248 2193
932 1070
847 1617
1081 2073
263 935
170 247
227 897
555 634
84 1813
1053 1594
539 1234
1886 1895
1220 1232
105 912
527 592
1718 1894
638 1231
417 2191
17 1562
710 2038
425 2103
721 729
1505 2012
1200 1692
2113 2153
824 1499
460 650
816 822
1052 1811
473 1863
621 1395
999 1991
1468 2174
160 310
1890 2222
576 1445
964 1152
827 845
306 1649
1210 1562
1101 2089
847 1882
1364 1443
408 546
426 771
287 569
1096 1368
202 1313
1306 1628
1225 1288
754 1187
0 1103
1912 2131
877 1883
322 1424
317 1156
673 1555
814 1886
295 2046
868 1129
1297 1936
473 1319
1040 2155
1535 1957
264 1161
1282 1317
1303 1307
111 2052
219 1231
1686 1874
275 1211
550 2175
1462 1580
1496 1970
542 1037
386 728
1550 1979
203 358
30 595
1128 2173
1523 1581
1600 2073
1951 2030
821 906
1445 2049
1447 1485
653 1477
1003 2106
1020 1806
1209 1498
232 1217
152 1690
1243 1587
558 1579
747 2171
1058 1516
220 2001
680 805
1371 1660
1013 1817
1260 2073
450 2192
37 1528
714 2144
1429 1558
91 871
516 702
1962 1977
109 1565
656 971
825 1346
97 1108
284 1054
524 1313
213 1176
1171 1903
544 916
46 1375
638 1634
649 2150
1281 1736
816 1808
130 1641
1697 1845
512 1367
306 1069
34 846
1320 1367
307 1812
617 1509
1596 1668
1308 1921
479 1881
1185 1973
304 2145
987 1752
39 1208
1405 2091
236 317
1683 2146
433 2170
1366 2107
138 1429
1306 1748
1246 1890
78 1217
874 1767
1178 1377
1278 1779
381 534
373 918
120 703
26 1551
4 1476
2028 2188
9 1923
1272 1516
574 1617
51 1875
1031 1437
1902 2064
300 1922
830 1042
1257 1492
670 1913
386 2050
856 1774
592 944
332 1968
303 1123
837 928
66 2212
12 452
1164 1300
536 1803
345 1540
1769 1904
1771 1839
73 415
1120 1201
1569 1853
476 2190
808 1319
1993 2093
422 450
646 1880
306 830
1557 1978
6 213
1411 1484
356 1927
1606 1870
1363 2024
1740 1885
1109 1375
710 1058
690 1154
894 2038
706 1755
1929 1956
1103 1751
10 513
249 1892
1171 1290
514 1271
117 1641
1040 1076
941 1536
20 1680
813 1512
1169 1385
751 928
1087 1388
865 890
237 1186
628 2201
36 393
1649 1738
1346 2131
1381 1964
153 2208
774 1633
70 861
417 1618
534 1996
802 1798
1548 2108
187 869
218 1625
1181 2222
1112 1742
1287 2184
499 1153
295 1303
1451 1818
202 506
880 1829
627 947
225 964
984 1228
505 1360
219 1347
1520 2157
817 1756
440 1718
928 1460
919 1839
11 1569
766 930
644 1800
71 835
1565 1825
585 757
1800 2009
612 652
925 2073
505 1683
420 1612
106 507
181 563
658 1629
989 2016
1079 2019
2095 2136
117 145
1407 1615
263 1639
285 2128
87 1856
1730 1861
1353 1594
1621 1651
63 1183
141 469
1187 1723
1433 1506
460 1351
1363 1686
174 1271
1809 1996
1528 1848
199 1938
726 1728
773 1517
240 1768
25 2158
181 1396
504 1881
14 218
1118 1414
9 653
116 1007
565 858
585 1591
358 567
132 1676
204 967
175 1477
1695 1885
713 1730
1412 1991
1788 1910
439 1472
733 1008
825 1184
92 1461
385 555
984 1939
503 572
529 1262
488 771
96 114
1052 1114
70 426
819 866
540 1004
1881 2206
473 884
1298 1379
117 239
693 2002
1148 1753
287 1419
1002 1682
35 323
479 1702
17 1291
315 1079
1300 1687
122 1736
962 1847
42 958
657 1015
554 937
502 863
939 1421
15 1150
560 2055
474 1368
566 774
353 1815
708 1196
1135 1893
41 1855
1199 2217
587 1774
675 2067
198 864
1 1026
625 1700
509 622
3 1532
176 1686
599 2007
534 1701
1461 1832
1056 2194
263 1570
1336 1342
50 449
1443 1486
1271 1480
1155 1544
675 1186
422 613
157 1113
1605 1950
1011 1925
1015 2096
1075 1702
1656 1794
1147 1830
5 1755
977 1120
1054 1576
390 1323
711 1450
1586 1708
214 1669
1017 1119
740 830
1649 2112
808 1527
99 1297
270 1113
89 207
2055 2168
985 2066
603 969
816 1143
1983 2039
398 1537
110 1127
2 2206
1488 1749
460 1645
219 1033
1856 1918
1033 1237
1824 1882
261 2214
267 2031
930 1381
584 1887
240 419
270 1610
1001 1232
790 1612
5 318
1880 1933
1323 2023
1196 1438
1274 1295
78 2108
961 1863
553 1730
1050 1325
944 1614
390 801
717 750
239 1993
1208 1577
899 1083
1727 2078
635 1139
699 1168
1191 2127
1073 2171
769 2077
53 1354
839 1278
210 1147
195 1113
159 1322
131 337
572 776
604 1992
60 538
570 946
334 945
1491 1572
576 1598
1125 1229
121 1614
627 1168
159 359
1413 2099
1652 2022
368 1712
1262 2154
220 1675
13 1722
790 1404
587 638
1173 1204
482 1671
463 575
1173 1640
428 2047
368 2180
825 2009
1328 1811
637 1478
826 1834
323 934
361 1325
277 849
691 1992
1159 2139
655 1675
1549 1815
1280 1788
43 1934
1053 1417
1321 1490
1775 2131
790 1465
238 851
1262 1674
163 833
59 750
1280 2009
753 1826
653 1191
95 1560
18 589
299 1651
1059 1270
150 540
1782 2023
808 1422
873 1712
18 1182
865 2100
1345 1361
79 1851
1265 2123
133 449
466 692
33 642
678 2191
309 462
67 736
965 1007
77 295
86 756
73 751
536 1628
1023 2214
695 982
849 1475
437 533
1126 1204
455 1228
150 2179
127 394
767 1690
1820 1990
169 647
1136 1854
320 857
319 962
3 1492
1483 1908
978 1688
1676 2100
29 566
653 847
1507 1560
652 1612
247 692
300 1381
2147 2149
1070 1814
305 1994
515 2103
1383 1838
825 1916
976 1648
362 1569
1319 1913
616 1135
858 1985
1623 2007
164 1792
817 1193
1613 2033
1040 1233
455 1370
824 1013
1223 1786
1657 1901
1446 1782
963 1780
557 953
574 810
678 810
11 594
1288 1602
255 756
65 1630
668 2092
646 2154
351 2160
866 2162
404 1277
1956 1967
506 961
1284 1286
182 1804
1088 1693
80 274
844 1544
1310 1325
430 2205
549 1882
1654 1864
1061 2171
502 1713
1411 2183
1388 1660
900 1758
395 1629
1045 1475
523 1811
1764 2035
747 1423
640 1990
1330 2036
1108 1831
1500 2189
432 1000
1649 1852
1514 2159
669 1832
48 271
71 789
846 1661
1167 2213
769 1567
799 1765
352 927
654 1382
1956 1992
859 1361
173 706
8 598
1385 2093
1187 2169
1533 2205
171 916
1237 2122
181 1648
2057 2108
1824 1980
846 1427
132 1801
919 2064
692 1608
579 1664
958 2145
571 1253
312 1820
1506 1877
681 1270
1154 1617
202 1867
696 739
1670 1671
56 1195
578 1875
1549 1999
1037 1054
1609 1648
1504 2204
81 2200
828 1729
241 2192
99 912
2 2116
1080 1831
766 1755
1740 1813
2 1435
1578 2024
59 2000
940 973
37 1609
846 1930
467 555
938 988
94 1394
881 1641
352 1299
1016 1778
1369 1374
1808 2118
390 2187
685 1140
301 1102
1208 1502
297 836
1360 1959
1475 1864
833 1420
1238 1464
483 1643
1061 1723
600 1223
206 1096
2064 2088
302 550
558 1843
130 1864
596 1867
967 1514
543 1986
68 1595
176 456
2012 2089
479 1372
71 2206
84 1293
386 1870
378 1075
733 1429
497 1076
584 2154
395 466
1630 2205
0 1683
767 1180
1216 2220
84 2169
154 911
714 1286
1136 1373
980 1829
333 1120
666 707
1140 2066
1314 1853
715 2161
1193 1528
508 1780
357 2107
1465 1972
973 1420
146 2055
1077 1113
1308 1751
1068 1337
594 853
832 845
438 1340
855 1613
83 1777
333 2020
6 1091
1058 1679
1362 1830
243 643
167 449
968 2019
1192 1616
1638 2136
1507 1665
604 1677
1600 1866
424 455
2002 2081
1375 1380
1350 1441
1303 1350
605 2068
959 2071
809 1588
319 652
19 495
45 1635
555 2194
958 1553
1113 2050
376 839
432 1800
139 154
1388 2154
892 2001
238 332
911 914
774 1343
234 1016
1000 2022
13 1946
993 1889
898 1611
168 228
1517 1683
857 1934
963 966
289 608
724 1414
1940 2191
1795 2089
625 638
808 1970
1014 2185
707 1744
995 1139
573 1920
753 1067
1233 1267
1451 1861
1654 1897
829 1301
148 2097
215 1043
297 1843
778 1381
645 696
1001 1276
673 2031
1068 1499
1036 1525
592 2160
749 1318
591 1490
733 1549
503 1025
232 1113
1463 1847
1012 1581
113 2199
827 1625
1345 2018
1615 1740
822 1545
127 1445
176 920
1321 1892
922 1853
299 2127
693 2127
436 461
637 973
237 487
65 1830
414 1491
568 759
1556 1775
689 2074
160 1822
166 386
1804 2174
969 1139
1155 1234
821 1388
410 1095
254 1739
1097 1519
256 2031
323 728
405 1789
766 1379
190 2099
96 1426
387 997
171 1101
682 1754
1041 1245
740 2093
867 1104
1146 2032
579 2074
553 903
394 1133
816 1583
758 1132
1329 2062
779 1850
394 651
1508 1965
1619 1646
1833 1886
188 612
240 890
1460 2074
1640 1750
13 1539
818 1756
539 1826
1570 1597
894 1195
1403 1440
145 885
1571 1964
349 1356
869 1553
427 1842
1344 1506
56 68
1590 1671
1017 1951
225 546
121 745
176 798
1187 1290
1162 2109
1252 1861
984 1948
1109 2004
1496 2104
771 801
1286 1696
156 1447
119 1235
716 1157
1444 1718
1045 1894
855 872
954 1311
1338 2176
1862 1863
471 1852
164 786
445 1632
386 936
1543 1679
130 1696
715 1038
1280 1561
57 513
255 2102
1290 1301
1291 2022
689 1474
1520 2151
1654 1829
1007 1797
1032 1285
698 1326
800 2197
518 1861
517 1664
1710 2008
45 1385
443 937
1125 1282
67 1922
48 2112
795 883
1728 2103
207 1313
922 2128
1144 1519
238 568
1745 1924
290 1612
1235 2125
1032 1631
30 1732
1096 2054
1706 1786
940 1278
1359 1960
157 1583
772 1431
343 2051
33 921
370 926
439 1852
630 1193
530 1711
9 757
500 1393
19 1635
664 1383
1173 2038
1257 1458
162 1047
844 2076
1497 2218
3 32
545 1283
1240 1828
1333 1478
788 1053
515 675
880 979
445 2075
1174 1303
803 1526
1755 2074
54 450
1094 1625
187 1516
845 1874
890 1336
1100 2077
170 574
447 2068
592 2100
1009 1505
37 1624
324 1480
1004 1751
865 1364
57 1524
341 1544
397 643
498 671
338 843
1241 1996
189 1940
1014 1145
761 2137
83 369
1362 1602
720 1442
147 1364
1539 1736
1874 2070
1048 1777
117 1437
999 1114
1046 1249
148 1861
563 602
408 2161
784 1004
1221 1846
490 1404
610 1675
112 942
1002 1540
1802 2025
134 1911
1406 2178
1417 1718
718 1923
1349 1379
61 1342
1299 2093
358 1584
85 380
315 1488
480 2142
688 733
578 1521
124 2132
893 1278
259 1668
92 1416
727 1186
344 368
159 1081
1324 1998
1161 1648
1765 1999
1651 1689
545 1668
788 2180
423 1944
712 1338
390 1417
946 1681
670 1350
1045 1596
809 1129
642 1909
271 1079
821 1966
1374 1863
964 1939
537 1761
109 1764
792 2109
499 827
125 1856
14 668
560 632
1048 2184
1733 2017
70 257
296 2141
495 1051
341 870
340 1928
214 1918
396 1674
1270 1640
1107 1831
874 993
341 988
1702 1956
645 766
1501 1609
555 1106
761 966
2077 2149
1517 2079
461 940
1084 1765
156 1002
99 2090
950 1522
1466 2017
290 1690
1320 1419
759 1244
857 1422
633 1000
1578 2043
430 1235
781 1170
430 1765
10 1376
26 1863
448 1678
473 2092
135 348
1340 2060
635 1026
1239 1609
202 764
1417 1633
715 2022
784 1082
632 1628
277 2081
180 627
1995 2126
438 1971
699 870
1800 1893
618 1300
1178 1532
177 203
820 1531
691 1629
1522 1696
811 1361
876 2076
1114 1689
119 2140
1041 1315
1066 1369
242 746
347 1508
811 1194
1470 1892
925 1458
7 1288
1030 1583
612 1048
2083 2210
237 2009
1317 1597
40 1512
453 1753
38 168
739 833
545 2100
120 1509
188 1111
4 219
207 622
1426 1552
150 2006
2070 2090
111 183
1732 1902
5 827
893 1894
285 1984
24 1602
139 1432
203 720
1108 2205
623 2139
932 2095
1669 1878
751 1050
45 1181
58 801
575 604
785 1584
77 729
329 1696
424 2103
50 101
54 1772
316 1503
240 935
1779 2080
1387 1493
459 1661
426 1089
64 385
193 1253
1088 1393
133 1667
1552 1676
1302 2018
777 1974
388 1825
341 1170
1210 1943
659 1868
913 1236
1353 1633
395 710
509 695
1046 2123
779 1562
905 1770
1712 2220
514 654
683 2021
900 1787
1539 2192
44 125
188 700
359 820
353 798
208 604
53 1455
1579 1669
305 714
573 1439
472 880
724 1782
1996 2099
1276 1346
779 1799
1276 1359
1119 1893
475 1429
507 1542
639 1801
373 816
353 1491
138 1699
1324 2084
711 1661
454 865
1289 1887
829 1315
261 969
543 824
55 754
929 1601
243 599
1456 1609
103 564
436 672
1232 1302
1037 1878
365 1714
1451 1885
1889 2141
360 1560
1170 1744
75 111
617 1823
85 1534
1602 2201
1058 2124
110 1737
1141 1671
369 936
189 455
555 1555
6 1310
860 1901
803 1559
16 662
797 1423
402 2039
1079 1784
1255 1692
1024 1057
1021 1182
503 967
1693 1835
556 1000
155 1316
40 331
180 586
694 2103
1380 2050
1126 1507
756 875
132 926
231 1028
146 885
183 1281
717 927
1278 1914
749 1037
831 1294
1601 1665
879 1565
66 1814
686 1526
526 1523
117 332
719 1991
23 98
1666 2209
1031 2164
722 1971
949 1451
547 1201
1454 2204
236 1955
1153 1462
967 1929
1239 1761
480 1565
563 895
378 984
1254 2033
875 1782
649 998
877 1497
123 555
863 1358
960 1000
135 2108
366 613
1379 1676
550 789
990 1948
557 1958
1234 1989
529 1450
1623 1891
359 1287
156 171
1184 1831
73 129
51 1648
1836 1918
257 379
107 2165
455 1738
244 898
864 1801
469 2083
1436 1956
21 261
724 816
589 1997
258 458
1 1478
305 1627
183 1783
1675 2102
48 1539
87 1376
930 1581
516 705
859 1786
790 1167
640 1696
468 2079
13 977
606 611
1147 1815
965 1908
1548 1893
286 1226
685 1965
102 1923
903 1821
265 2012
47 2065
202 1045
96 115
204 1757
1804 2103
229 1773
449 622
1367 1381
521 2205
426 1435
528 1091
412 938
1515 1562
392 1745
2099 2163
1247 1392
1484 1591
1577 1737
298 1096
106 1395
1301 1393
528 1729
296 1214
1000 1191
732 825
363 1272
897 1130
1097 1309
786 1492
561 1700
679 1810
99 1169
255 920
432 2069
288 1862
150 1926
1816 2174
1626 1721
750 2124
846 1125
117 438
576 728
213 860
707 1011
1061 1644
1074 1716
1061 1625
712 974
149 2148
1480 1985
1001 1820
893 1791
697 1124
107 628
1107 1465
79 2178
1540 1624
1472 1830
609 1973
664 1560
286 718
160 1112
367 978
947 1686
611 1529
975 2029
459 592
565 1613
20 1281
75 248
653 708
1097 1479
435 994
54 480
256 1760
385 944
738 1785
1611 1875
459 688
342 1117
836 1027
1383 2023
337 1548
4 1168
118 957
1250 1964
987 1636
854 2092
201 491
1426 1452
74 376
1 1568
2045 2092
1314 1805
402 2051
475 1526
280 1637
1125 1250
733 858
52 1033
822 1064
362 2120
1039 1534
811 1377
751 965
1093 1521
723 1363
473 1929
58 931
1564 1708
113 1132
211 2102
73 1844
313 1508
364 960
730 817
1039 1343
1092 1332
288 550
1294 1702
1064 1497
833 1186
492 1282
1528 1531
286 2119
379 1420
1138 2153
176 1273
828 1101
193 1265
598 979
43 1034
764 1529
1616 1631
464 859
163 202
727 837
1523 2087
777 2187
931 1741
1515 2144
484 1254
1000 2189
1498 1624
1267 1409
493 1494
687 1813
672 1663
677 788
331 1113
1797 2053
1184 1385
86 540
377 765
1018 1472
243 1614
850 910
573 1222
487 833
296 1497
1056 1240
1154 1220
1560 2103
1233 1667
1716 1949
71 1477
902 966
1178 1806
35 1308
797 1114
456 1272
130 1852
619 2032
1501 2083
716 1299
851 1049
64 1744
41 1674
889 2156
135 2062
98 1907
1830 2191
391 1606
276 1518
2024 2211
248 324
1517 2077
161 1247
18 640
32 1819
196 1408
600 2140
1213 1573
1513 2159
180 1115
77 486
903 1597
51 993
1750 1790
805 1119
705 2098
114 636
173 1504
661 1340
424 737
1261 1657
781 2178
814 2132
239 2017
685 1418
1276 1805
546 1006
62 95
258 877
703 817
1276 2103
740 1452
49 92
498 1107
500 1787
615 1791
76 499
505 2135
1688 1786
169 574
1227 1830
171 362
497 1572
2100 2115
356 1489
132 228
37 1698
884 1949
1064 1768
13 879
478 1872
843 1175
146 822
1148 2221
1716 1982
704 833
341 1447
596 1470
197 1618
656 1482
142 2138
1192 1990
1069 2010
1611 1846
1556 1672
14 1545
893 1657
1052 1897
581 1946
283 418
1345 1637
623 980
1436 1562
314 825
976 1014
779 923
1060 1597
1136 1615
1974 1982
970 1507
769 2181
651 818
866 1997
880 1494
1339 1677
669 1367
961 2118
1891 2022
970 1172
399 754
969 1693
591 2185
567 1355
174 946
721 952
839 1674
1259 1326
1515 1666
593 709
1465 1855
312 1176
521 528
1445 1919
634 1605
173 1703
810 1638
543 1403
36 1245
396 2157
1827 2054
710 2153
2028 2152
1388 1649
53 1287
1240 2037
1163 1606
1087 1774
367 684
878 1990
1283 1611
347 1604
218 1332
1164 1662
1343 2099
483 1080
1496 1798
889 2006
542 1219
327 1400
1054 2210
236 1111
140 301
369 1044
128 1745
622 1199
1026 1960
1839 2119
1180 1276
214 1258
120 1633
1027 1695
705 1478
377 1968
845 1576
213 2039
1150 2112
994 1156
2104 2130
1866 1959
916 2221
1578 1649
1467 1970
1165 1822
710 1344
1279 1424
866 2154
385 1070
504 543
1241 1631
907 1747
1255 2132
654 748
1445 1743
1674 1725
525 2116
685 2118
201 1456
687 1992
1095 1483
1150 1845
589 2214
239 724
917 1998
1111 1985
293 1037
1805 1935
180 457
1657 2158
1336 1592
854 1101
1469 1821
1724 1844
1385 1472
548 1713
1092 2092
255 674
166 1032
408 2147
699 1659
1546 1877
1016 1358
1025 2001
1290 1385
330 965
820 1994
275 1736
502 905
1215 1348
210 615
563 1940
1372 1705
1709 1723
1457 1628
204 1674
1326 1764
646 870
401 1016
357 2086
625 787
1273 1743
931 1484
695 1972
1327 2118
975 1267
809 1276
934 2215
112 1794
31 887
306 1116
70 757
158 898
1573 1636
0 612
1012 1653
131 1306
1004 1980
1118 1322
1812 2146
727 1074
719 1976
1077 1868
1457 1869
300 1199
252 2001
69 2103
154 1627
383 1648
925 1252
159 2109
345 940
1029 1949
929 2073
477 1500
984 1186
789 1920
1348 1580
961 1541
1206 2162
1380 1853
201 2117
742 1739
387 1919
777 1176
1616 1914
807 1800
1719 2133
706 899
588 1504
230 292
1287 1784
563 721
899 1650
432 1018
905 2054
446 1203
124 1672
73 404
640 1169
598 723
169 926
542 1888
1430 1458
1155 1824
849 1428
1124 1871
201 1510
389 1304
682 1752
20 159
1199 1400
622 1231
819 1760
1792 1901
117 1998
1777 2115
483 1032
864 1054
1197 1766
1 621
238 325
998 2156
20 1059
284 1849
762 1685
1682 1687
1054 2156
1637 1823
1979 2075
760 1287
224 1675
1049 1134
1154 1883
528 1911
100 1038
447 1565
1626 1653
1200 1945
447 1626
176 1680
257 1756
902 2064
162 310
1053 1674
457 613
128 1598
260 1400
1421 1894
111 959
801 2011
143 1351
1558 1690
1795 2017
709 1968
1558 1796
481 1475
1322 1882
1573 1724
355 2085
491 2141
604 944
277 1005
805 1666
1374 1745
149 427
887 1936
28 306
309 1532
1404 1987
2154 2156
973 1141
1046 1290
105 1921
471 2027
333 2104
206 453
724 2087
21 730
787 1737
1103 1220
864 1425
649 1281
1171 2110
219 1051
937 1785
1529 1666
617 1395
583 1482
223 1280
1764 2174
147 1115
445 1946
240 2049
1341 2090
536 2133
1370 2153
325 356
45 1296
644 1311
1007 2098
1637 2078
917 1657
842 1578
94 1159
211 1780
782 2140
2084 2103
937 1124
524 1625
157 806
1613 1958
1427 1774
222 2052
1317 2200
985 2099
144 1851
1386 1788
156 2092
184 779
303 970
809 2124
1853 2128
1029 2029
630 1786
839 1525
371 1282
1304 2140
953 2183
848 1933
388 1499
493 1906
1387 1792
2190 2220
741 1232
17 1662
1224 1882
48 1051
475 676
1121 1789
1002 1087
1489 1643
103 2120
1050 1310
336 1278
454 1659
1841 2085
728 791
89 329
156 1417
488 2038
1360 1569
604 1036
1386 1746
108 2022
355 1707
224 507
511 1610
150 634
497 1571
156 1419
536 1089
2134 2187
786 1545
64 520
1289 1395
239 253
1728 2172
868 1212
316 1287
20 2151
217 775
944 2210
559 618
778 1063
380 1827
446 1052
491 997
1005 2210
35 1401
30 432
474 892
1579 1889
720 1446
565 928
219 2002
376 890
625 1217
2049 2087
753 1931
101 796
1284 1384
428 966
1033 1923
598 1175
970 1959
693 1394
1766 2066
1749 1967
2109 2147
1520 1641
1637 1641
1257 2002
825 2135
549 2210
1852 1941
496 1581
43 633
919 1648
167 1652
549 667
759 2202
768 2148
18 1925
283 1799
23 479
1049 1608
428 1604
1390 1427
73 604
392 1027
615 1456
109 579
771 1175
456 1687
774 1552
1345 1600
355 1575
1280 1959
696 1965
1536 1843
339 992
421 1019
917 1206
153 689
1763 1878
1494 1616
1624 2218
564 1785
1187 1810
158 1764
227 1062
1049 2173
1523 1531
108 804
1028 1522
1234 1553
105 2123
1976 2171
1499 1691
873 888
1186 1699
222 378
1107 1169
1705 2007
1467 2015
164 436
658 2047
107 1354
500 801
448 1521
96 744
29 1177
1419 1792
674 1568
337 690
437 830
146 1916
1678 2083
920 939
1089 2176
521 2212
843 901
676 1413
656 2005
86 888
697 936
1779 2195
76 1481
856 1527
791 2201
694 1614
1132 1747
787 2181
4 1268
7 1053
111 995
474 1269
2034 2191
1544 1706
1303 1550
7 2214
1067 1825
877 1653
705 1696
371 1999
975 1533
1875 1988
1922 1990
1341 2185
662 1653
253 1981
1154 1509
84 1416
1152 2118
58 1748
196 504
916 2220
1593 1940
2115 2181
501 612
1015 1716
1303 2138
30 1213
582 1102
689 785
286 730
72 1217
927 1612
79 1277
308 1263
1232 1934
820 929
438 2107
204 1992
1097 1898
245 1733
13 1306
577 1020
25 2095
1307 1503
1142 2071
203 1938
807 1609
1272 1440
633 1085
440 711
1237 1392
315 852
1440 1606
317 1401
1194 1309
1766 1967
983 2131
1073 1436
1582 1847
15 1427
908 925
278 327
690 1692
880 1337
717 2120
181 782
485 1708
1528 1892
305 1078
603 1491
992 1313
76 1818
322 540
769 1815
608 1259
993 1635
314 1313
436 1661
948 1085
590 2180
765 1696
555 1045
264 1626
232 1992
607 1377
1343 2208
550 1479
506 591
1435 1852
408 633
1178 1634
498 2015
1129 1996
293 1479
618 1524
1105 2029
100 324
402 554
1420 1931
1269 1502
1093 1306
880 1747
23 513
1365 1750
918 1329
115 2150
534 806
229 1876
1028 1595
420 1829
770 1472
260 273
39 228
483 1109
759 1467
230 432
118 257
249 276
733 2094
1470 1815
960 1124
492 2067
1249 1251
1517 1834
27 1811
147 731
195 2216
1335 1644
330 1488
51 2009
746 750
506 638
240 1886
9 2064
206 465
34 250
503 2135
1067 1376
1116 2107
1099 2149
404 1634
934 1647
1681 1922
1297 1751
1637 2045
1048 2033
446 765
11 80
383 833
1701 2142
1001 1194
521 724
38 125
1138 1599
794 1623
382 1561
517 1609
297 1030
32 2133
415 734
283 722
464 1148
140 537
2 642
1179 1772
335 2153
970 1126
1323 2113
604 1550
1287 1574
632 844
857 1389
613 1057
930 1843
675 1866
737 1095
2191 2221
447 2205
159 709
1639 2006
314 898
778 1650
1083 2108
728 1088
556 1512
317 513
841 1633
541 1511
111 670
630 1707
20 476
176 1714
681 770
925 1424
1291 2021
57 2148
801 1421
833 1849
307 1568
849 1474
500 612
306 334
1200 1595
1912 2130
1022 1232
1572 2171
180 1108
1004 1298
111 736
483 823
1310 1473
65 320
94 1470
976 1236
117 428
1293 1793
334 1271
506 1654
1463 1967
121 1695
928 1638
936 1119
155 1577
300 1956
218 2023
495 1747
554 1209
336 831
169 2219
921 954
1965 2071
97 639
725 945
637 2186
1145 1288
290 1194
499 1747
507 1908
404 1282
958 1230
803 2100
0 1616
326 835
1503 1532
1256 1745
1171 2062
962 1867
789 1138
322 902
617 1987
186 1551
205 764
1192 1909
438 908
1221 1504
1253 1969
942 1302
687 2055
1598 1660
1497 2002
2020 2190
347 1064
1036 1686
1397 1864
845 858
1255 2159
881 1702
690 1414
1399 1894
76 468
1900 2142
89 374
541 1882
1420 1726
230 1600
1003 1365
1627 1736
1149 1992
737 1026
1662 1905
1229 1307
564 1104
345 1406
1355 2006
1340 2106
1069 1275
400 1496
1538 1991
455 847
827 1912
577 1376
4 2057
127 2156
898 1998
15 86
1210 1434
426 1633
648 2012
394 661
1334 1883
252 1314
407 1715
1086 2013
395 1135
427 2078
1828 2048
686 1063
525 2104
240 1616
67 1039
808 1151
665 2029
45 1598
464 1787
763 1905
202 1622
149 642
94 1896
1261 1641
1300 1915
692 1911
1230 1952
674 1436
1626 1999
1069 1231
1740 1947
306 1199
1105 1477
248 2178
1684 1955
96 1014
1424 2216
161 669
1867 2069
1688 2043
1778 1821
851 1618
773 976
581 2183
854 1444
40 1273
401 2038
84 1343
614 1582
279 1231
1272 1616
202 431
865 1116
921 1353
1992 2063
519 952
442 713
13 334
1033 1357
145 451
1871 2045
572 1887
746 1392
703 1815
126 180
1171 1372
679 1036
787 2127
1176 1759
1717 2209
340 1329
769 961
14 1585
57 2038
1532 1682
347 1240
2081 2184
1468 1665
168 1571
1038 1108
1440 1736
171 203
1670 1757
633 1672
1300 1820
1384 1835
453 689
177 789
675 1261
744 2196
8 1841
158 1959
531 1567
352 2118
1111 2009
624 1909
200 514
1423 2079
421 1755
561 997
443 877
75 1578
542 954
1873 1957
1160 1626
25 29
868 1545
1538 1788
1176 1816
1491 1953
1436 2198
843 1125
831 1983
1472 2209
463 1997
1272 1641
459 1687
99 692
346 1800
84 2217
290 540
1133 2139
648 1252
642 1420
189 1496
121 1690
1997 2066
702 961
851 1583
164 875
113 1327
1319 1712
793 1873
844 1201
354 1157
1873 1875
2 765
898 1365
280 706
640 1978
613 2166
731 1040
826 1541
224 1014
237 1000
460 1380
514 1382
1370 1553
1405 1910
1068 1314
99 727
1178 1938
215 2066
247 1138
868 983
508 1020
360 2068
686 1537
1327 1766
492 2013
246 1185
1153 1690
470 1711
1380 1888
71 1630
812 1436
118 708
934 1499
171 1829
378 560
271 847
897 1261
102 1454
1205 1764
1445 2053
314 613
296 484
885 1602
1969 2156
1739 2181
103 882
1105 1276
720 1828
1085 1459
529 1162
278 652
1348 1814
256 1293
222 611
1467 1981
348 1596
721 1372
234 605
1216 1478
1551 1740
1300 1301
1611 1700
1037 1490
564 1232
359 913
1667 2108
408 1410
1194 2174
918 1801
786 2191
1117 2145
465 760
848 1190
240 1826
470 1831
126 1765
533 786
234 1466
939 2211
786 1027
106 1660
646 1492
801 976
88 1367
1343 2134
605 613
1242 1320
267 456
803 1986
1903 2134
851 2218
252 565
662 2068
724 1037
25 2173
514 1624
75 734
1090 1300
50 258
654 2112
1534 1815
932 1079
1085 1621
272 1780
1233 1316
1184 1531
616 715
1552 1963
1596 1959
44 693
678 2000
1074 1652
904 1147
838 1572
530 1118
502 1358
734 1057
518 1287
285 320
403 734
331 986
314 1829
446 2124
465 841
206 736
35 273
526 1693
1681 1968
1495 1889
1813 1832
31 540
175 1735
434 1558
150 1713
576 718
507 1886
243 1170
101 1075
895 974
538 1379
1403 2008
183 792
264 317
453 658
812 1679
1116 1165
855 1242
1707 2002
2075 2103
1268 1765
74 1265
462 1026
1967 2055
804 1005
1027 1758
774 1767
1154 2222
519 795
1023 1475
281 1248
55 1713
381 460
982 1723
413 1838
280 313
1089 1763
1459 2140
707 1727
1544 1671
806 1266
1036 1081
1765 1785
542 1638
518 2168
190 1341
568 1769
1825 1922
1990 2068
237 1195
1124 2190
244 834
1160 1991
144 542
103 563
46 861
673 2220
1116 1348
643 2182
663 1124
191 2184
163 326
270 1551
356 1268
46 1015
147 1502
72 1247
1332 2166
225 2138
984 995
1261 1664
1231 1683
117 572
1097 1984
1734 2018
982 1825
1111 1721
262 1192
583 1753
225 1562
645 1275
1648 1844
1063 1284
103 1710
210 439
90 422
449 1646
997 1215
1179 1461
55 2174
256 1643
294 2136
1165 1834
1192 1796
221 1159
591 1549
1570 1949
531 591
811 2209
1866 2140
494 1402
1537 2061
931 2140
89 227
465 1686
995 1816
1313 1742
1061 1908
808 1764
44 830
1601 2168
1742 2135
220 413
1382 1624
34 824
308 481
315 1848
414 1200
1745 2196
1107 2218
397 1762
1294 1776
429 639
1074 1722
1437 1546
87 1120
267 550
1123 1779
632 1465
443 1668
1027 1221
28 1452
265 1567
287 1164
1001 1485
1677 2079
1480 1866
21 1036
1181 1776
1055 1375
169 1214
1391 2135
38 1455
376 1796
424 1650
1132 1378
1666 2094
112 2097
1165 1259
154 1181
1055 1902
1801 2021
1013 1140
169 1667
283 332
314 1071
17 1266
365 1881
2010 2156
346 2221
758 1433
1963 1975
783 2014
659 1814
326 1647
1076 1092
1049 1645
348 558
341 1901
1133 1629
533 1413
1619 1835
381 1579
898 1492
883 1648
2123 2197
1255 1498
942 1161
145 1899
1862 2001
534 998
726 1673
215 1081
438 1846
1171 1676
690 1561
79 356
1163 1776
1173 2086
546 1453
1427 1615
358 777
1718 1800
201 613
828 1342
428 1796
519 908
378 2167
1002 1194
318 1620
1040 1144
93 326
525 750
37 1884
160 1974
653 1189
1289 1429
1317 1719
825 1058
1012 1300
397 2053
1056 1709
274 499
461 1606
510 1634
173 1005
261 1794
299 1067
905 2038
945 1471
460 811
1627 2203
233 302
559 672
1523 1906
3 671
563 1473
1593 1967
185 421
1350 2059
215 810
186 1362
886 1129
957 2168
1054 1291
1324 1401
149 1659
135 1801
211 1403
136 1232
524 1763
76 305
218 677
701 1011
1720 1863
357 755
1305 1831
299 1751
825 1550
968 1067
903 1333
1435 2026
738 1129
879 1113
1383 1810
315 704
538 1706
164 281
1059 1707
1332 1714
8 1883
105 2050
1229 1946
1054 1579
923 1018
306 953
352 583
382 1433
57 407
1631 1879
869 897
134 1053
1129 2178
1191 1499
55 1444
107 1448
302 1097
642 972
1511 2075
898 1874
314 483
1308 1735
1559 1871
648 1703
302 428
1117 2194
549 1678
966 1351
47 1345
1043 1193
339 610
258 1342
1228 1822
407 436
823 1629
1274 2208
19 701
1099 1881
113 962
67 115
895 1561
720 2046
151 337
212 1618
96 2201
1153 1564
1627 1714
2040 2106
626 1197
323 2114
1547 2034
363 1008
1558 1857
1018 2127
112 2022
87 2176
400 675
1048 1578
693 1772
1740 1748
890 1372
647 853
113 176
74 897
364 2207
40 174
392 1672
1408 2029
672 1983
885 2195
625 1456
1441 2169
842 1323
132 1049
1076 2132
703 920
138 1231
1118 1306
550 694
733 1576
627 1653
812 1535
1282 1863
977 1915
143 1101
206 2081
1468 2137
949 2167
280 688
888 1306
558 1127
780 1678
823 1783
233 361
1330 1853
352 1486
432 1323
1760 1982
1481 1525
1153 2119
947 1710
771 1856
1189 1453
810 1718
282 2201
1551 2126
559 966
556 1447
1060 2102
535 1398
721 1544
2 2038
612 1928
471 1967
227 2195
320 1325
911 1828
176 873
1752 2031
44 2116
662 870
97 400
144 2017
200 809
645 1906
1207 1922
1114 1874
1383 1458
201 700
387 2145
1106 2060
259 712
640 1327
413 1032
1165 1972
684 1135
1019 1747
931 1798
631 1868
601 1114
566 1413
374 2076
131 623
1421 1878
781 1553
1358 1888
1855 2140
1897 2222
279 354
1474 1627
1029 1907
1646 2104
926 1423
911 1947
338 1112
1230 1919
881 2108
53 591
461 1882
1163 2219
861 2221
257 290
140 1410
140 1968
310 1359
422 1294
190 1837
318 467
1141 2120
254 831
33 704
1379 2209
670 917
1175 1635
1032 1596
556 758
308 929
618 2204
64 853
611 1969
1025 1831
1255 2213
807 1936
1438 1799
1277 1816
1185 1596
513 1840
836 2125
876 1476
575 989
948 2093
457 582
78 1499
1217 1468
1910 1926
687 996
616 1231
1066 1705
382 1423
585 1762
377 1919
105 1188
758 1678
740 1739
79 1967
930 1629
99 810
1924 2171
895 1547
486 1638
1103 1732
361 809
431 2200
138 1578
1230 1471
169 1185
846 1653
2044 2107
583 1367
899 1022
538 1835
1801 1925
430 939
1427 1981
351 1675
764 1507
1802 1947
390 996
1376 2179
45 849
14 1543
385 2063
1603 1640
164 2160
1775 2217
395 396
164 1084
939 2056
894 1559
362 381
139 1250
563 2209
400 1582
790 954
941 1967
711 2219
1116 1367
923 1608
342 2000
562 1853
159 683
392 672
510 1624
328 573
1165 1993
1028 1299
215 544
497 1819
356 1367
549 1216
142 1558
373 601
412 1049
780 1250
694 2064
1147 1439
662 1074
1057 2172
1603 1819
384 681
49 188
246 1638
1433 2193
244 2144
123 404
430 2076
540 1287
1149 2125
1794 1942
406 554
250 1684
902 1627
330 1682
192 1291
478 694
377 579
457 991
1627 1883
290 1114
546 1649
577 1433
1175 1771
1333 1801
1009 1504
115 133
174 1530
229 1054
248 490
679 827
303 1599
1111 2012
1074 1136
443 1109
36 306
68 1510
1380 2198
1162 1595
1713 2110
259 532
438 1078
101 1984
2138 2184
1129 1927
444 717
366 1393
1129 1692
398 1912
1048 1300
974 1517
172 987
1027 1796
1909 2027
949 1479
850 1265
861 1743
1458 1541
963 1293
1815 2025
865 911
464 1250
693 1604
1318 2045
1160 1693
272 535
572 1563
1889 2112
1220 1778
420 863
578 2182
526 1233
1205 2115
900 2077
1197 1769
1514 1946
715 804
1684 1809
247 1506
956 1003
597 1207
527 620
1940 2055
63 1639
1271 1711
421 1970
2099 2140
604 684
1740 1829
1955 2163
1549 1649
478 2151
562 1748
569 1691
1051 2199
754 1698
7 2070
149 2200
317 537
11 1047
280 2063
695 959
970 1189
454 828
1360 1585
36 412
8 1649
184 675
334 1497
655 1625
93 1259
1421 2178
7 1461
235 1054
191 1940
376 1739
287 1641
186 652
783 1174
491 1357
748 1874
103 1876
1739 2119
1581 1936
827 1808
935 971
516 1916
376 2039
224 648
641 1402
603 1932
935 1184
4 1586
1325 1524
1177 1746
50 910
1230 2195
820 959
1120 1255
58 938
1595 1600
930 2054
753 1515
3 99
515 902
1017 2104
682 1159
725 1338
732 1793
965 2136
1505 1816
1585 2002
884 2136
514 1922
673 1299
450 1007
1435 1926
358 563
1159 1813
317 2045
1021 1106
1106 1784
1452 2092
437 1579
898 1338
1132 1441
337 1995
1618 2078
678 1570
1540 1852
45 690
338 976
1073 1979
536 1069
1073 1937
29 617
442 1011
492 750
492 695
29 554
531 1298
608 736
645 1583
517 2056
46 1337
183 1288
765 1125
232 1434
1598 1705
16 1855
183 1181
421 720
1001 1961
732 2014
998 1188
774 1367
392 2164
927 1081
655 1510
1541 1923
772 2057
648 1351
458 1506
1468 1550
483 963
26 756
435 1221
1152 1647
339 2092
758 1089
596 1254
1413 1476
978 2046
4 1184
914 1799
255 2190
530 1307
1386 1639
520 1810
524 2173
1076 1877
516 1073
450 1568
1505 1605
1479 1950
1820 2175
438 2136
211 1921
474 2120
80 1276
542 809
534 2044
221 1437
1584 2117
131 1372
946 1348
1698 1842
1602 1760
750 1522
758 1266
2039 2071
164 283
520 1003
343 992
33 1809
938 2213
492 780
580 917
1125 1326
1260 1610
760 1380
1665 2003
690 719
627 984
622 2071
350 1959
1440 2018
1290 1537
616 1090
1697 2216
320 1342
623 931
307 1520
918 933
1841 2031
466 1210
255 497
521 1366
1706 2109
1394 1735
1816 2044
659 1129
273 1264
1635 1653
1250 2182
1522 2124
1 1994
446 1349
612 1498
306 1880
103 725
1179 1250
601 1728
823 957
123 1953
47 1628
503 1264
1114 2164
30 1115
534 1843
198 1771
1551 2169
1397 1971
116 1563
1315 2017
1695 1758
749 2036
1589 2127
49 111
1045 1281
151 2079
1097 1266
233 1328
845 2148
347 2129
880 962
549 559
791 1690
87 1316
741 1521
520 599
0 1093
484 2140
589 2062
621 689
1126 1173
1615 2028
753 1007
228 614
884 1042
270 1559
1187 1549
598 1398
1008 1712
325 1652
389 914
1766 1835
1650 1968
2002 2136
640 917
144 1566
1795 1802
1662 2065
303 661
497 542
1072 1281
1466 2160
1420 1896
549 1292
75 1956
558 2012
369 375
942 1342
24 1989
310 1464
73 240
221 1977
276 889
946 1907
42 1259
730 1007
1041 1869
283 1078
154 1659
382 2124
164 172
1 1198
978 2081
531 883
385 1695
229 808
137 1191
56 2065
1564 1569
6 753
570 733
556 1639
949 1034
463 1303
1639 1992
88 917
136 1656
656 1494
1575 2158
1641 1701
723 1608
293 484
937 1480
1532 1660
1064 2115
102 526
90 1011
1845 2019
308 912
1242 1828
295 1597
10 2129
1253 2125
18 69
916 1408
193 1765
316 2059
292 2000
1091 1429
27 936
1052 1654
411 1663
903 1267
1327 2201
331 2096
855 1872
1366 1685
1405 1568
1425 1861
293 991
2133 2143
316 456
1483 1914
251 1755
2091 2173
425 748
699 1063
667 891
663 1999
329 1799
970 1289
779 1379
1287 1611
996 2114
1510 1758
51 1070
1903 2205
842 1536
463 860
296 1826
577 595
871 2151
924 2046
859 1704
945 1419
1341 1450
400 2148
468 598
490 1555
439 1487
875 2204
488 1091
924 1934
1101 1809
1919 2155
452 1361
423 1125
1137 1304
1407 1546
290 542
46 328
1554 1890
2077 2136
1362 2189
117 1005
259 1096
132 503
1765 2134
30 317
160 2184
841 1141
1633 2028
233 511
332 2201
832 847
314 1698
636 1939
958 1932
293 1818
665 1774
32 443
1559 1782
790 2004
552 817
1518 2143
366 1635
1649 1772
260 1886
1325 1623
374 1129
871 1651
520 2191
389 1755
1475 1988
1017 2212
738 1573
1708 2066
605 1344
517 2120
413 774
721 1256
943 1668
340 506
2069 2107
226 595
44 581
779 2012
493 1707
6 594
320 1329
124 1923
1429 1436
42 1416
527 1575
573 760
1356 1832
915 1991
50 1380
769 1436
116 1380
722 949
563 1903
831 1471
1781 1811
259 1521
1483 1619
280 776
659 1535
528 1574
812 2114
2093 2150
534 2007
1518 1709
871 1709
621 755
4 1059
295 413
339 1687
923 1437
471 1995
667 1752
584 1626
1570 1614
1044 1293
322 968
1338 1404
1671 2047
858 1421
1240 1472
141 2183
3 2168
795 845
707 981
1233 1782
1251 1867
367 1653
142 1836
94 575
1159 2143
768 1335
930 1872
1426 1682
1159 1492
120 1910
817 2082
1094 1251
846 2191
827 1933
664 1522
195 607
423 1784
424 1925
1135 1760
530 2168
199 1913
439 1836
887 1097
594 1850
1519 1842
88 2133
988 1752
782 2036
645 1663
264 928
15 2081
422 629
880 999
963 1951
527 1496
9 1544
856 1578
63 951
693 1729
399 1662
1645 1967
165 1317
793 1895
1060 2134
103 1674
1049 1071
953 1068
106 650
1131 1750
75 1232
854 1985
888 1316
571 1185
536 862
314 998
828 2144
607 1465
1259 2091
569 712
561 819
1726 1858
86 960
1116 2169
365 787
1426 2012
952 1500
1148 2133
303 1362
1745 2007
924 2164
931 2151
1351 2201
245 1152
696 1842
265 1809
269 989
426 1181
1567 1954
1701 2170
301 885
654 1279
437 885
375 706
892 1699
1463 1657
1567 2159
208 1916
10 1845
958 2180
1499 1749
626 748
379 2058
344 1878
494 1991
1834 2157
736 818
1969 2133
390 662
60 422
686 1652
353 453
1054 1522
1390 2026
1377 2114
1555 2053
1133 1741
1404 1700
1031 1215
370 514
62 1264
12 372
594 1761
701 1120
1238 2121
1301 1391
1638 1797
227 1440
1108 1734
193 1463
398 2215
1127 1683
424 2182
692 1413
737 1017
550 628
912 1563
382 938
427 1442
730 2129
76 383
387 2019
1253 1587
949 2215
1124 1570
303 1771
697 1065
1351 1939
112 1411
1397 2182
1213 1248
1102 1507
317 1921
53 666
33 1882
1019 1699
293 1779
991 2077
1267 1581
288 1465
20 1854
1081 1374
234 646
856 1237
646 2045
756 1819
885 1981
584 2002
24 228
850 1545
1833 2133
861 1689
868 1448
287 1108
1179 1901
858 1618
1221 2131
1865 2065
1759 2121
1232 1402
646 1513
208 643
326 372
384 1973
1078 1723
1475 1888
219 1149
716 1751
295 2144
887 1119
1479 1795
708 898
102 1107
1180 1706
252 1453
1370 1383
205 342
1157 1422
227 1179
1544 1626
657 1912
59 1043
414 1184
328 1499
908 1012
1013 1174
305 1752
471 1877
465 1607
739 2195
664 1017
350 1762
593 1931
259 837
985 1643
1635 1779
1531 1813
1118 1325
432 1451
1576 2192
701 1777
119 698
1668 1948
935 1491
1600 1942
903 1784
141 2079
874 1885
172 515
1129 1133
845 1428
193 974
1022 1488
829 1610
804 2186
792 1183
1408 1755
23 1419
835 905
256 425
822 1871
697 1341
1109 1782
215 1483
420 1719
1518 1768
249 724
1179 1482
537 1519
19 371
506 1449
999 1416
807 1962
237 1178
58 1325
358 1340
1484 2004
629 1837
371 943
259 381
1443 2221
665 1243
329 1372
707 938
260 2013
20 1185
1171 1715
518 1162
427 934
1086 2024
294 908
532 799
890 1149
597 963
1202 1490
693 1448
428 1932
1891 2156
739 1000
728 1764
117 715
412 1693
27 998
535 1970
65 1606
637 1224
511 2177
797 1188
994 2155
258 371
1389 1451
562 1876
1509 1563
1262 1530
111 195
163 1293
679 1336
2050 2091
1562 2119
1194 1904
371 1423
599 922
252 1673
706 989
644 1134
958 976
118 710
727 1852
568 1723
1065 1669
765 949
66 1034
1316 1345
736 1023
724 1996
342 832
443 1246
43 2055
1236 2040
1418 1479
41 1066
2058 2151
1466 1660
381 1524
866 2077
821 904
1100 1708
909 1676
471 489
1193 1961
1413 1647
115 1258
363 892
1783 1973
2085 2219
887 1521
734 1752
151 1878
675 1170
930 1450
1418 1861
104 439
1153 1883
784 1182
1214 1336
22 1343
713 1884
1061 1287
816 1032
163 718
790 1401
413 1438
156 992
236 1444
161 1078
1187 1301
437 683
1916 1973
2144 2152
832 1913
422 2056
280 1397
1854 2135
126 1165
1491 1861
1369 1634
504 1000
150 463
547 1565
4 1307
166 1597
199 1606
390 656
306 1740
650 2045
291 1509
974 1393
605 1016
695 1588
216 1432
1579 2003
2173 2195
730 1503
512 975
393 2135
1246 2082
990 1019
727 1059
667 2185
34 1309
186 1406
101 492
791 1478
661 1898
1230 1550
1753 2208
26 1253
230 1332
110 2038
1234 1547
206 1110
156 749
888 1647
1089 1707
541 1510
1307 1482
158 713
1516 2101
1039 2214
1914 2205
332 705
230 1601
710 838
1057 1318
1815 1972
618 1982
587 1294
204 1158
1050 2048
1321 2178
384 721
161 1311
128 1741
64 399
1984 2187
1979 2023
1494 2130
24 725
44 183
741 1422
21 1770
274 652
419 1779
136 990
843 1179
169 987
106 2209
1241 1331
1255 1713
214 249
987 2209
69 1291
487 1896
1403 2110
392 731
831 1581
877 1435
126 545
1711 1899
437 2047
552 2137
256 1519
523 1242
1656 1903
607 1477
1903 2194
914 1218
424 1272
1903 1944
1832 2145
1527 2076
1094 1758
175 1784
129 321
829 2013
367 1689
142 976
240 494
1105 1631
843 2211
858 1788
310 2016
297 692
838 1748
1260 1456
1723 1937
1222 1616
695 1330
1306 2132
122 1772
844 997
1841 1887
665 1362
441 1141
52 764
1712 1931
1025 1375
201 1633
805 1232
897 1444
1889 2197
1169 2102
1261 1894
314 688
1201 1253
76 1363
284 1460
436 925
715 1212
879 1827
1392 1557
183 691
131 551
174 1593
744 1066
262 2219
1271 1475
1228 1680
828 1132
476 1087
165 1134
982 2168
382 1210
323 1562
1095 2144
25 1921
590 982
318 1311
183 340
519 1170
808 2151
525 1155
689 993
872 1407
899 1331
61 1011
215 967
1116 1301
1678 2016
118 1194
1262 2013
841 1992
1036 1962
556 1923
782 1116
1010 1114
507 2187
1095 1421
396 1513
1291 2140
1008 1067
1160 1414
1587 1787
99 202
1371 1742
70 860
1189 2198
496 1325
574 1941
477 556
191 2037
303 789
193 2197
1346 1589
642 961
1270 1869
452 1216
538 1391
685 1200
1484 1889
396 914
115 322
1769 2004
1166 2164
401 2093
497 2165
804 1192
213 1198
672 1094
185 1386
71 1034
625 1844
517 592
1710 2016
536 611
888 1890
533 1241
206 405
54 1828
55 340
851 1366
78 2115
158 1656
1464 2135
1428 1757
2123 2206
576 1801
979 1258
1070 1765
1784 2003
872 1283
540 1688
1257 1725
99 750
873 1336
350 537
268 1932
761 1999
1802 1910
620 1229
8 129
254 2102
1256 1766
1615 2090
1632 1825
325 864
1342 1885
658 1768
658 773
141 1117
1 1512
1326 1466
547 637
1880 2207
952 1937
754 1524
284 2060
1297 2128
731 1437
1568 1572
1037 1305
1414 2021
1078 2157
679 1644
428 2096
223 1951
1550 1727
206 1613
1485 1730
131 1175
514 1626
1156 2048
233 1979
1003 1891
632 1524
526 1320
896 2039
1515 1641
691 1670
1143 1930
471 1773
1425 1642
332 1788
98 1123
553 1375
28 172
168 865
686 1324
2045 2084
1340 1517
1167 1303
408 1185
422 1955
2123 2160
1318 1786
743 2045
518 999
1351 1686
1140 1810
11 886
1517 2093
789 2152
167 1539
838 988
1187 1905
421 1508
275 2067
516 947
2044 2132
1202 2047
141 2152
1991 2107
304 1618
62 1040
2069 2108
1302 1336
734 906
355 1723
294 1319
651 1585
759 1096
1132 1854
437 1995
397 757
723 1471
46 1048
948 1299
633 1855
1831 2014
643 2008
37 1053
299 1702
1746 2147
781 2129
165 582
275 943
918 1028
76 1048
371 539
649 978
1309 1795
535 1110
1383 1516
1347 2162
911 1910
1025 1069
597 1052
649 2017
300 914
981 1222
150 1018
66 1324
8 1188
1322 1787
449 1846
187 862
8 801
461 855
424 584
1328 2209
1094 1839
186 1620
602 1951
1808 2179
1177 1643
135 1906
556 1862
764 1062
1562 1849
1060 1477
281 2105
812 1376
645 1810
558 1654
256 1567
1385 2028
1016 1606
659 1214
618 719
676 2156
993 1720
1398 1486
28 1792
524 567
1123 2177
713 2026
332 1609
406 1699
221 2193
214 741
122 2016
471 695
1427 1449
202 1653
1345 2210
1868 1911
1499 1600
8 1520
1299 1380
1569 1992
1014 1404
292 1189
1481 1953
1492 1776
721 846
413 1171
1903 2161
811 848
275 726
1018 1584
509 2143
1536 1949
651 1629
348 1432
976 1116
423 2173
980 1012
1547 1850
561 1092
5 1221
838 1811
207 1944
321 1229
115 828
814 2116
459 1011
1414 1715
197 278
689 1445
916 1739
970 1239
1750 1958
1076 1571
206 1720
1761 2009
513 768
880 1645
257 1222
667 679
587 2219
9 509
559 1755
1265 1943
724 1558
128 638
13 410
2179 2192
1117 1698
37 1718
819 927
2014 2195
822 1096
183 972
1834 1990
867 1908
1255 1798
491 518
244 2175
374 890
1242 1758
84 1388
1551 1898
255 1707
1276 1378
878 1953
402 1929
725 1430
1469 1877
411 1085
1157 1630
1237 2115
187 1071
1984 2146
413 1500
1786 1949
531 1285
1491 2129
164 1085
1048 2030
293 1418
352 1350
265 1503
16 1523
841 1932
1111 1607
784 1474
885 1824
409 796
1133 1572
1216 1633
102 522
30 1399
1524 1743
960 1960
1347 1427
1207 2176
1382 2045
103 1986
260 1018
903 2049
1118 1380
1364 1756
640 695
1338 1625
416 1954
1668 2095
972 2028
961 1503
949 1800
165 1833
790 1527
955 1474
1113 1695
512 987
795 1587
882 1751
1097 1921
500 568
137 847
1349 1508
128 303
236 1283
779 1377
2047 2107
10 650
1517 1699
1144 1274
1078 1785
605 1688
1512 2050
984 1266
155 219
2008 2158
1386 2171
464 1286
1034 1892
95 1514
773 991
1282 1971
1502 2035
758 1208
490 2143
420 1025
998 1126
193 1451
650 1907
186 1785
1016 1881
819 1490
9 756
681 1486
241 495
566 1144
1641 1665
628 1819
1002 2172
278 646
252 482
105 2046
245 1462
1059 1311
844 883
633 1722
852 2073
323 842
13 772
664 1080
1259 1329
1260 1451
485 1815
85 227
468 1380
284 1337
81 1740
411 729
655 2222
767 1944
367 1011
359 1763
1205 1400
1121 1193
842 1795
170 868
1411 1914
1709 1967
865 1957
322 1197
1390 1920
616 1190
235 1545
169 1356
347 1248
885 1987
220 1990
663 1631
819 1213
66 129
66 507
1039 1330
172 1688
331 2175
857 1787
379 502
2041 2141
1017 1047
102 1943
138 1745
222 607
1163 2057
368 923
1499 2106
399 534
1204 1622
152 194
473 1884
956 1222
349 401
490 2154
170 1066
593 2121
1050 1789
1058 2084
245 1002
1068 1177
910 957
1196 2022
479 1625
1936 2020
1126 1734
759 1554
267 2035
968 1823
1604 2093
1747 1850
295 598
739 2115
280 525
1252 1377
393 1428
1772 1954
316 850
1850 1886
627 1305
359 454
62 641
1123 2167
24 1823
718 1257
618 1675
1530 2210
232 1816
110 481
360 1174
1198 2212
1717 2089
667 1993
1561 1802
235 1850
1736 1817
1134 1580
1927 2010
151 1024
1827 2031
522 594
1393 1523
1494 1852
1610 1941
749 1258
1323 1465
1279 1667
1323 1887
1408 1978
537 2100
419 1851
569 1789
326 650
716 1082
164 238
192 200
476 1282
889 1267
385 1406
997 2169
1606 2114
283 1147
994 1975
1606 1799
152 280
1071 1564
930 1979
190 436
1355 1457
508 957
861 1124
1137 1722
995 1084
104 1025
511 1170
1251 1579
1139 1597
224 1514
1170 1816
1512 1737
551 2020
515 1317
1484 2057
543 835
1046 1175
281 1662
107 1525
515 916
399 1697
88 188
1633 1996
107 430
144 710
0 555
1408 1603
703 2027
1673 1974
109 1075
691 1770
721 1812
283 517
763 872
61 955
1401 1656
1215 1615
339 1966
1562 1765
291 666
1738 1781
61 1364
498 637
429 1903
1131 2218
541 917
24 1275
198 1418
226 2215
1276 1981
1207 1830
1124 1873
1383 2116
652 1866
522 566
170 1884
1248 2084
124 560
1453 1522
201 1636
1510 1812
1278 1297
535 878
1584 1950
435 2016
1959 2044
508 1974
1044 1135
646 1850
1426 1480
419 1729
481 951
403 1258
1403 2014
158 966
1781 1941
734 874
1344 2155
386 919
113 1106
69 1290
204 1805
669 1335
1393 1490
956 1266
315 2130
789 871
35 2136
507 1379
805 2087
1336 1988
566 991
577 850
1137 1232
525 833
274 1452
1394 2043
1622 1690
873 1858
824 2136
154 651
1336 2208
834 1874
64 1443
417 429
1622 1723
445 790
241 1967
423 683
702 1619
1610 2173
1078 1495
147 663
1198 1251
250 1976
1181 1343
377 1107
417 1023
1531 1994
253 1504
797 995
745 1855
207 1042
570 1157
83 352
1935 2182
696 1256
213 310
464 861
482 761
427 1191
81 2129
67 350
18 52
1802 1832
1882 1885
1296 1370
978 1894
937 1094
1866 1983
968 1889
807 2085
404 1884
1262 1932
1073 1910
1197 1511
606 2023
1320 1509
1196 1561
507 652
650 1909
459 992
367 1901
114 2053
301 1934
559 710
172 884
971 1907
66 1996
1384 1625
902 2183
1131 1787
16 952
1649 1793
692 1621
825 1418
598 2091
1594 1604
234 423
265 785
1254 1547
403 516
105 1880
1625 1906
688 1799
940 1604
1203 1791
978 1594
1311 1408
191 1079
1212 1310
318 1071
101 1020
1686 2099
1254 2193
1128 1629
371 2057
566 1705
262 1614
602 1792
1257 1988
1716 1890
281 451
523 1077
742 1521
888 1377
1367 1619
722 1921
763 1327
539 2185
823 987
629 1305
1166 1528
903 1531
208 286
913 1941
64 734
1015 1425
1041 1392
1473 1905
74 2191
551 633
929 1150
129 1413
140 1389
87 1577
200 2218
588 1369
538 2197
483 1561
1493 2109
860 1043
449 1564
1507 1617
228 2082
1686 1703
1092 1242
1879 1893
695 1464
409 1458
1421 1504
714 2185
46 754
385 783
359 961
1337 1345
1480 1779
233 1137
671 764
752 2104
1494 1971
413 1633
283 776
568 1380
331 1531
475 2126
133 1080
512 1373
1750 1831
125 1868
337 696
1059 1836
1923 2107
140 2046
894 1257
20 784
1847 1853
503 1001
580 1801
1388 1909
160 775
1218 1473
1651 2121
204 1630
997 1445
797 1817
59 1480
222 2031
1808 1930
4 872
81 549
1587 1951
542 692
240 1663
954 2099
25 1867
1235 1785
1395 1756
420 1341
990 1880
743 1584
628 1000
992 1518
874 1808
427 880
1709 1763
1176 1625
1321 1736
1678 1835
1258 1692
787 2182
91 1378
478 1794
290 638
148 151
725 1500
711 1511
365 401
1093 1677
47 960
365 1365
219 1593
844 1299
1448 1612
521 830
871 1913
1037 1460
174 323
1580 2127
827 1961
1746 2133
1275 2076
213 594
739 1422
17 246
1514 1963
337 1637
488 533
834 1932
1080 1493
1129 1775
833 2066
674 2173
659 1420
1078 2177
22 1161
475 2041
104 1688
1694 2168
876 1493
286 1910
380 601
160 1997
1119 1683
532 1610
1371 1886
974 1961
231 1778
743 986
168 2120
5 817
1335 1682
956 1720
41 1966
391 450
498 1008
568 2151
628 1595
1258 2073
394 566
1472 1518
212 1659
1028 2183
109 1731
1031 1988
348 535
623 1300
1505 1657
1158 1521
938 1279
533 600
963 2026
2039 2181
76 1690
1046 1458
1091 2096
1488 1717
952 1342
579 876
182 1247
1110 1297
188 1178
2009 2159
467 705
1081 1137
619 781
936 1132
2121 2200
419 2021
1290 2145
1907 1963
485 1411
795 1668
1256 1917
1193 1525
612 1869
188 833
421 1807
834 1261
454 643
888 1287
1323 1829
610 1841
359 2044
237 787
864 1651
832 1479
1354 1989
375 775
3 974
835 1326
136 1381
1222 1490
1358 2203
3 2084
504 2054
3 1044
485 557
152 1889
1892 1915
1249 1262
492 2076
1400 1486
530 1287
549 961
69 131
479 816
209 831
185 1812
1196 1542
1109 2213
17 454
404 1261
727 941
467 2086
1232 1972
398 2207
90 1348
1085 1275
292 641
536 1051
39 1038
1946 2009
251 1050
147 1793
801 1798
364 1960
693 1524
330 1969
1243 2062
1424 1818
81 879
40 1664
882 1393
1686 2219
57 941
403 748
1974 2159
1015 1103
845 1540
44 984
1376 1952
1447 1938
216 1371
370 2120
679 910
1037 2140
49 170
155 827
1633 1924
1339 2104
130 1863
1580 1879
1529 1798
300 871
773 926
423 774
1611 1705
747 1833
779 1093
350 1566
1050 1735
549 1301
627 1192
717 940
97 1153
260 1673
126 1665
1135 1565
157 1502
601 1709
732 1688
603 829
431 594
1018 1832
1233 1716
995 1383
118 412
681 830
129 719
1451 1571
1680 1928
1411 1935
788 1838
984 1813
59 346
1605 1619
332 903
176 2206
767 866
674 2147
1595 1905
1269 1742
604 2203
1370 1462
78 1708
1976 2087
329 1586
942 2216
728 1347
58 1887
417 1202
84 854
410 872
797 1119
371 771
958 1951
462 1282
1131 1592
1205 1621
1443 1488
797 1363
56 1393
1028 1834
484 1523
946 1314
428 1350
945 1208
195 1120
501 1517
177 393
1036 1793
115 1508
84 1616
385 2157
639 1176
8 1022
775 1686
1311 1999
26 1213
829 888
471 1932
437 1798
207 966
861 1578
1455 1909
1025 1255
516 1595
217 1021
1560 1994
668 792
801 1100
30 1204
1762 1770
938 1627
484 892
450 1201
1670 2087
806 1888
177 996
765 1589
1183 1987
979 1882
310 1422
640 1225
370 1009
562 1202
860 1475
395 2124
264 1493
1199 1262
882 1702
1900 2074
1469 1884
80 1417
188 845
327 564
157 2171
158 2144
1266 1729
0 828
1006 1311
268 1141
110 641
477 1142
1309 1907
1252 1434
267 712
216 1446
286 1560
954 1953
255 518
950 2201
315 1499
1783 2014
1043 1739
236 1033
334 1315
60 758
892 1366
1215 1971
1378 1478
518 536
141 428
58 1235
1419 1754
60 1362
903 1898
828 1407
1649 1829
1168 1461
86 1647
53 2178
1972 2197
220 1867
121 529
769 1849
1191 1394
398 1846
1013 1814
1010 1708
1618 1941
1850 1898
984 2175
1113 1567
48 1928
164 1475
1695 2181
1107 1227
1240 1841
1210 2180
1062 1667
49 1932
93 709
675 1569
865 2157
1804 2019
181 1819
62 2222
678 826
2041 2144
544 1060
733 1821
923 1824
918 2154
659 1891
807 1185
969 1842
547 1741
1136 1925
200 1965
1225 1523
1153 1685
743 1347
187 1099
36 176
477 483
710 803
1220 1799
192 837
780 1428
547 905
560 792
370 600
955 1995
65 530
211 1858
568 884
1749 2194
1657 1886
987 1476
164 1740
1617 1748
1178 1676
1150 1856
1012 1712
740 1304
851 1337
1315 1876
1121 1411
1948 1990
504 1704
1065 1248
849 1846
2167 2185
786 1216
4 2124
1346 2199
776 783
509 1997
1263 1712
1428 1460
352 2001
181 950
443 1948
730 1587
135 446
255 1617
725 1088
68 514
379 2073
2185 2218
1074 2069
323 1755
609 1171
458 885
1334 1761
27 477
408 1666
1753 2207
313 1637
21 1842
166 1800
517 1325
657 1654
188 1861
1230 1734
82 1591
1066 2119
1114 1741
649 1999
167 2180
191 1598
1019 2067
233 2068
753 1321
253 1790
205 1606
672 1818
1027 1246
506 1585
132 1411
480 1102
1620 1862
39 1026
288 2118
81 105
606 1366
74 1368
67 508
400 1526
131 868
796 1636
115 1878
494 654
1523 2154
976 1071
1300 1836
282 2175
293 673
725 2013
1677 1968
981 1620
1445 2147
1098 2193
250 1605
495 1612
1137 1525
1044 1066
1275 1513
1267 1847
1539 1623
129 2146
309 1989
1062 1488
329 2199
213 825
384 942
872 1675
122 1174
1122 2024
288 2162
602 2087
135 1479
110 1103
287 436
62 1310
1033 2103
848 1340
207 1480
641 889
398 1148
999 2059
1089 1403
894 1458
789 1210
1637 1830
292 947
12 1475
1022 2152
886 2164
668 2025
497 1078
1659 1726
596 1684
30 1032
1405 1445
1199 2200
816 1601
352 1697
454 650
95 2129
698 2119
393 827
8 597
361 1489
906 2117
768 1981
209 1487
1093 1604
32 102
701 859
597 1978
980 1566
147 1322
1025 1928
257 480
503 651
280 1124
105 594
552 2183
142 383
379 611
480 599
1048 1728
580 1202
1334 1799
464 983
668 1570
290 1403
1069 2011
206 1655
551 1802
1114 1264
1381 2147
558 863
511 1008
1376 2193
1304 1878
624 1700
226 1596
1497 1672
1488 2176
1745 1858
318 1810
651 1103
1330 2206
734 2181
123 1859
1055 1866
1179 2024
564 762
214 2204
1027 1478
164 1260
282 1729
471 1959
1122 1470
765 1672
628 1426
239 1876
487 1505
863 2216
1351 1572
378 2102
2092 2102
400 950
1144 1226
1718 2202
873 1469
180 623
523 1209
525 1971
1132 1911
382 1048
1389 1442
991 1491
1207 1419
1622 1795
1479 2134
1154 1436
1646 2009
486 1991
775 1158
686 2118
1076 1170
166 1887
1720 2065
1013 1555
847 1875
159 1120
556 1668
324 529
529 578
786 892
315 989
2053 2069
295 1045
637 733
1082 2222
164 1015
185 1805
1133 1952
379 480
1332 1855
1615 1680
889 972
1592 1781
1048 1876
174 957
1243 1379
1652 1888
71 1213
1818 2061
346 1327
1131 1828
898 1135
196 1971
529 2079
44 1102
233 329
336 1942
653 884
68 1667
2149 2162
1260 1727
1973 2181
642 1920
108 1658
233 2045
409 1415
198 607
856 1817
1041 1103
194 1959
2010 2060
1080 1172
275 1896
579 616
963 1108
126 513
1633 2063
181 1662
269 857
1038 1294
568 1881
168 2207
278 1927
1156 1803
577 1782
125 1588
1160 1182
66 605
1118 1373
635 1152
1076 1533
656 765
764 1927
503 1473
377 1654
743 1887
288 2172
434 2022
437 1732
770 1947
376 1311
600 1070
302 616
646 694
93 1624
51 1020
285 796
469 590
979 1628
375 1642
531 1078
1332 1867
216 2175
703 1043
1490 1520
355 1739
199 1494
240 1636
1287 2203
529 562
511 1716
44 1689
833 981
1409 1798
118 777
1310 1384
1097 2156
528 1848
197 566
954 1485
453 1749
81 1486
326 1151
1539 1651
63 1782
1118 2018
660 1439
336 1763
1019 1163
524 1676
461 1712
1347 1808
611 1190
526 1627
215 937
222 2070
943 1699
234 516
1138 2217
1174 1762
798 1558
1103 1544
54 2191
678 909
1968 2110
233 880
807 1965
28 875
481 947
1084 1422
281 1030
1338 1587
1462 1963
356 927
654 1837
310 1154
1290 2173
86 578
754 1957
13 474
583 1166
721 1617
906 1165
1329 1381
273 1768
1394 1774
737 1276
939 1120
943 1055
49 1538
1023 1378
100 212
501 1570
2106 2149
363 1092
1571 1598
910 2132
387 622
367 1676
14 1796
1591 1938
942 1626
403 2059
163 885
1190 1379
467 1710
1986 2111
1906 1916
693 1344
1569 1917
1052 1939
1297 2115
498 1860
265 294
814 1706
1408 2103
349 1176
1290 2015
1404 1450
1062 1120
584 638
54 1687
119 1202
487 1183
228 567
140 1011
258 2165
1587 2221
933 2028
616 1896
237 1446
1004 1692
667 903
850 1682
480 2159
1514 1879
379 835
1162 1986
948 1350
1210 2163
1102 1117
941 1357
1147 1187
1094 1627
836 1420
758 1124
369 680
1153 2124
1094 1354
681 1449
625 1560
1815 2167
531 2032
1437 1647
1487 2167
1095 1977
1713 1999
64 2102
1009 1516
1982 2107
259 1383
686 1560
618 691
447 1400
1809 2099
243 451
220 2077
453 509
737 2146
324 1355
12 188
87 463
602 1694
655 1933
1743 1894
927 1976
907 1117
445 1976
353 661
1166 1402
957 1190
1050 2001
72 820
523 2212
1129 1732
103 232
147 2051
547 1047
555 1432
1224 1294
346 1459
872 1957
286 558
5 1663
1165 2115
556 806
274 1658
1366 2124
669 705
581 1166
555 1666
577 1983
1846 2023
1087 1587
857 2126
1427 1897
308 724
88 95
1320 1647
64 1788
932 1412
1572 1990
1597 1918
703 1284
818 1141
61 635
672 1167
828 1140
303 2127
1157 1384
1006 1583
1099 1180
284 914
628 1635
459 2214
366 1862
70 913
1077 1783
1657 1912
1281 1684
1276 1502
47 1486
609 1486
214 937
191 799
878 1620
352 541
1086 1985
1630 2126
1218 1837
91 1539
831 2155
72 448
331 2131
141 156
872 2141
127 1150
1520 1628
1233 1588
150 866
595 1757
1367 2021
1700 2192
996 1027
1315 1916
787 1240
1427 1543
1034 1127
629 1820
458 1371
98 1821
999 2189
692 2014
1076 1117
1205 1392
529 1109
670 2214
727 1149
430 2209
696 1383
392 877
101 1881
148 2092
94 998
199 1540
54 1139
1093 1114
221 727
306 550
232 2134
1598 2036
556 696
468 1743
1998 2052
259 1494
14 2212
1431 1762
497 1184
531 961
866 1321
605 1977
39 989
694 2018
400 1861
310 1627
188 790
1443 1759
324 325
39 2217
1037 1616
771 1302
1780 2081
905 1786
351 1685
524 1785
353 730
250 1941
430 1534
15 1733
1605 1805
193 1048
2118 2155
126 1415
82 2028
1071 1164
2043 2175
791 1679
25 1171
4 1087
148 1800
117 2192
82 2058
947 1695
384 2061
1536 1916
90 915
1019 1787
749 1265
1306 2171
328 1104
1194 2146
127 951
1594 1831
203 1326
1334 1968
1167 1522
1154 1372
998 1641
1187 2097
525 1090
775 1727
1636 1948
1254 1580
1103 1449
30 486
719 858
89 2163
969 1880
395 1857
738 887
1442 1455
1817 2217
393 696
1413 2148
73 2123
1899 1991
362 1155
1656 2167
1218 1691
1085 1922
309 402
555 657
620 1212
18 47
256 2000
1293 1691
73 2220
1949 2207
233 1261
333 1741
42 1306
299 382
228 1424
264 1412
449 1662
1472 2025
998 1515
142 1915
235 459
372 1090
498 802
45 402
404 2074
669 1521
929 2000
308 771
921 931
316 2150
1620 1843
1659 2205
1252 1432
1221 2067
1210 2132
396 1019
1845 1905
512 2134
964 1805
372 726
1615 2076
483 1119
399 1128
842 1005
329 2017
83 1823
2075 2078
523 1347
477 1474
671 1073
330 1599
1245 1679
103 1951
1205 1525
1019 1425
1088 1337
85 401
1171 1457
204 1247
1310 2099
1197 1623
937 2080
618 1088
861 1433
818 1594
184 949
1057 2127
711 1988
1199 1528
827 1895
1006 1143
145 260
784 859
82 1210
364 1627
1039 2197
1394 2207
63 290
1911 1982
606 1241
659 1346
511 551
750 1488
866 1948
165 1217
499 1064
125 1359
1367 1715
1022 1240
1310 1379
1598 2098
672 2046
1324 1687
1113 1475
416 1904
1347 1348
158 1490
210 302
1179 1445
592 1809
615 1937
565 1980
947 1872
113 598
295 1248
758 1614
1379 2062
1214 1855
79 452
190 2075
833 2090
630 1117
425 479
1868 1942
1533 1782
294 740
838 1215
206 2192
291 1671
84 125
1283 2085
1272 1927
613 859
1227 1576
414 1037
655 1274
802 2007
780 1788
658 1456
534 1147
4 17
61 465
876 1778
1159 2082
266 1158
886 1760
756 1238
11 178
560 989
1868 1915
690 1566
1288 1439
1070 1257
1126 1166
677 1342
693 1845
1899 2062
152 1698
844 1332
236 1795
675 950
1260 2101
1117 1225
87 1986
1264 1932
499 1260
84 1787
1401 1505
362 659
248 571
616 1149
377 1565
6 2171
23 592
1281 2094
490 1351
467 1807
877 1258
457 1587
920 1809
364 1777
361 692
786 1667
96 1724
576 1727
246 354
1800 2162
168 1759
835 933
49 181
1411 1672
476 1992
916 1511
541 1484
405 2030
343 857
228 1696
1730 1764
1055 1326
786 1446
383 1758
351 1544
1743 2010
1457 2206
758 2217
1342 1393
760 1020
228 1575
1044 1515
1204 1690
501 1719
1534 1976
382 1576
932 1377
90 465
190 2087
130 2020
678 708
146 843
99 299
480 1964
868 1271
439 1005
644 649
254 1960
1182 1804
751 1887
316 753
1194 1307
578 2148
350 957
823 1059
1501 1689
132 377
471 985
1561 2141
697 1615
832 2209
222 1380
308 1297
545 819
958 978
227 2185
276 1546
1086 1968
44 781
1038 1121
1800 1865
24 1310
637 1726
6 1928
529 1592
593 1165
349 1943
257 1961
273 1289
1168 2151
1122 1596
419 1329
1415 1972
348 1560
257 1594
19 2002
1676 1957
311 2126
1424 1707
202 469
1825 2036
944 1915
2007 2189
759 1773
341 713
123 1948
30 299
1672 2217
220 2210
827 1157
1142 2126
337 642
1776 1828
521 1664
1082 1117
944 1151
1252 2188
133 786
60 320
136 1003
1240 1415
475 1827
619 1109
221 2144
692 1213
382 1630
362 2122
922 1404
601 1607
593 1018
1604 1868
647 1209
508 1781
1005 2095
628 1351
711 1000
207 1090
1440 1764
1092 1444
952 2085
53 770
287 1549
994 2005
759 1932
303 2085
10 1156
282 1584
498 1087
320 665
698 1293
95 848
615 1471
537 1562
751 1591
2064 2135
197 1443
655 1507
1244 1731
1542 1871
859 1124
1943 2034
895 1489
945 2204
898 1201
791 1411
644 1993
1132 1346
1833 2144
521 1131
182 1765
1144 2183
1358 1362
1688 2215
1045 1597
1452 1843
1279 1942
1779 2013
1230 1237
611 1607
1521 1530
650 1636
513 2136
575 1535
1783 2076
665 996
911 1553
1547 2004
319 2070
1324 1447
421 1655
896 2011
566 1044
1445 2167
109 383
801 1079
1033 1320
816 1349
1762 1885
1160 2218
1354 1784
1440 1885
762 1382
634 829
221 2137
436 1564
1638 1728
599 2017
510 2174
1108 1667
1382 2212
1018 1534
574 1965
743 1455
601 1109
771 1434
481 1569
308 1275
1181 1286
89 940
906 1806
661 1522
1003 1130
338 1182
451 1667
1005 2009
385 1296
160 1506
558 1089
723 872
809 1095
11 143
971 1265
609 1756
241 813
208 1232
749 1843
0 411
484 1435
646 1634
1397 1544
229 534
219 894
246 2121
55 1169
1314 1576
1799 2060
1670 2037
1868 2070
1219 1541
1517 1688
323 410
1331 2160
1533 2210
1458 2001
1048 1351
19 142
1373 2066
460 934
117 484
620 2141
813 2150
1407 1536
488 993
980 1997
1340 1460
1257 1377
352 1054
1770 2156
452 1575
755 1819
1357 1581
1399 2182
1187 1674
560 1579
119 2177
101 268
1379 2115
1169 2191
1384 1527
701 1756
315 964
751 817
867 1573
718 2110
753 1982
518 1582
321 1305
317 318
1702 2163
450 1188
242 1277
750 793
464 661
431 1608
1729 2035
548 1601
1034 1154
682 1719
82 1899
719 1723
1148 1726
2077 2126
45 1989
1775 1903
1 1642
171 1602
893 954
216 943
641 882
127 2036
561 681
754 1370
1357 1460
572 1849
373 1785
357 963
139 491
857 1223
589 852
1069 1422
325 2160
923 1193
67 823
138 1554
801 1370
1712 2214
975 2221
591 2128
542 853
29 401
580 2114
247 697
739 1787
63 343
825 1036
444 1454
1531 1880
1627 1873
42 2015
1007 1600
475 1299
51 978
320 325
138 1715
602 1247
1448 1456
197 1337
900 1427
1261 1574
935 1158
214 703
426 562
1788 1927
1367 2114
281 1497
754 760
1211 1287
328 2204
741 1652
680 1127
1636 2030
519 1434
1222 1796
363 1662
1447 2101
472 1763
1061 2012
1677 1807
853 2100
347 2058
905 1960
1072 2117
554 2185
127 1836
926 1203
529 1024
0 1671
1059 1858
100 1682
1494 1828
24 172
1468 1622
373 1721
1684 1800
383 1564
351 2039
244 1658
113 1200
987 1280
766 1670
1536 2201
1849 1956
1015 1281
121 1013
331 2141
1231 1897
999 1613
116 638
890 1076
959 1297
1880 2071
1290 1410
286 988
878 1244
253 1990
220 447
453 2105
393 1405
566 1668
110 1666
208 1531
1854 2087
860 1948
185 1526
498 813
1334 1752
2110 2173
324 1300
250 1084
299 1319
668 1005
1286 1663
1153 1786
575 1724
977 2120
1258 2187
1292 1497
653 1498
59 1875
1476 2148
1335 2163
288 1429
41 777
715 813
117 1772
480 1038
1097 1482
1216 1999
23 1332
383 975
1583 1757
571 946
1038 1916
675 2157
379 816
670 1763
417 558
280 1845
1071 1267
1822 2168
288 301
407 2130
287 2164
357 1635
1454 1836
1274 1385
795 861
679 828
440 944
948 1326
610 2191
1072 1251
1106 1603
1468 2109
389 726
1041 1787
85 715
882 1976
1236 2122
939 1319
265 1313
171 868
346 928
890 1343
290 821
1365 1875
8 307
228 1081
354 881
1318 1530
1003 1806
382 766
494 566
1527 1761
128 1992
1289 2129
1445 1942
983 1989
421 2080
1289 2147
1557 2012
1719 1923
1256 1980
271 2034
827 1856
818 1802
1178 1711
1108 1508
1742 1975
954 1274
720 786
865 2073
545 1873
36 311
333 1229
858 927
166 730
218 793
1113 1456
20 1656
352 998
956 1456
498 2218
130 993
1757 2092
1213 2207
691 2126
1019 1512
429 2147
542 1371
1410 1836
1196 1758
1207 1275
915 1806
498 1262
1178 1308
421 1559
1195 1976
482 2021
364 1753
251 1586
506 1504
40 2162
1380 2103
1055 1193
106 1731
2017 2143
798 850
417 895
170 1232
958 1691
1528 1847
1154 1709
325 1372
115 2109
534 2200
1526 2012
187 278
292 1951
796 1248
1217 1580
953 1403
419 1897
126 1239
1247 1829
685 1189
614 1759
150 389
1482 2222
724 2031
1919 2114
146 1038
787 1360
1368 1474
680 683
1240 1743
854 2032
378 1216
187 277
463 833
867 1979
68 1382
51 1740
1150 1456
823 2118
1478 1642
1256 1969
940 1445
1 48
107 1969
97 792
1673 1731
432 1359
618 2033
347 780
493 1767
99 1163
1259 1318
947 1787
308 1028
248 1274
0 1838
381 1102
561 2026
133 893
1155 1777
467 1391
761 1095
1187 1943
509 911
1432 1723
1075 1964
60 1864
918 2121
1063 1609
919 2161
775 1868
200 1331
490 1257
688 1201
648 2145
874 1218
498 1869
359 1578
426 1092
631 995
60 1790
148 1364
439 1281
88 2203
209 344
50 1192
589 1368
481 1102
636 1863
41 155
1596 1729
946 2116
225 1840
985 2158
710 2001
104 1538
328 952
215 650
335 1312
1242 1582
1837 2123
814 2118
1283 2115
1013 2156
1670 1770
38 2074
492 2215
631 1214
70 430
435 955
335 1580
361 1708
445 487
879 1838
507 1399
1258 1512
666 907
2 442
794 952
578 1192
1208 1894
797 1189
1282 2005
120 393
80 778
1419 1636
154 1415
1069 1775
1918 2187
820 1005
150 379
249 1922
1360 1467
1060 2020
898 1448
2045 2173
473 1837
220 1301
1803 2120
727 1841
782 1251
926 2194
741 1033
232 1667
737 1585
754 1860
676 1634
1679 2221
60 837
1625 2020
930 1236
1034 1220
233 2204
1073 2219
46 679
1826 1873
185 234
630 1991
410 1157
57 1829
1095 2057
180 1159
149 929
26 1641
338 1825
137 1690
980 1748
1058 1743
1267 1819
1264 1944
1111 1759
1176 1886
145 520
1349 2110
33 1418
304 782
1149 1912
578 1260
915 2183
684 1603
1205 2109
362 1786
1497 1741
572 586
541 649
89 1502
597 1447
208 307
1385 1691
425 1090
133 1972
1282 2155
1312 1925
1911 1981
1186 1367
1665 2048
840 937
115 1503
2080 2220
730 1598
1264 1376
399 477
1162 1392
248 485
331 1288
1289 1906
484 1686
127 1884
1319 1413
1628 2083
359 1351
301 2191
289 487
533 1935
1040 1361
0 1925
127 1596
1150 1242
587 2002
169 1715
407 1943
800 1998
212 1320
879 1170
301 1518
792 1529
1411 1423
327 648
1030 1788
702 1426
975 1366
1338 2059
1827 2004
1196 2084
15 1240
1339 2179
1712 2165
449 979
431 1520
699 1756
248 1281
1311 1761
281 552
143 1056
661 1422
401 731
327 386
951 2011
336 452
39 738
1658 1801
552 603
1842 2040
341 1296
1952 1976
1494 1865
361 1102
1449 1570
10 806
1110 1124
619 829
1389 1773
429 1380
598 728
598 1754
744 1973
1373 1957
33 1717
1302 1390
1271 2149
1600 1670
646 1326
124 533
279 663
1000 1313
1109 1199
259 1834
1299 1797
9 2000
523 1634
863 1579
440 1366
1524 2114
53 749
1450 1605
153 1965
1448 1885
382 961
583 1086
960 1528
123 1054
492 1822
1142 1616
490 2152
1009 2134
1098 2149
59 1699
560 769
487 1463
1165 2148
373 1038
1321 1670
990 1085
1292 1304
1384 1907
309 1490
1228 1433
987 1118
364 1073
303 1333
1102 1748
1744 1784
901 1691
1026 1619
283 1172
1831 2151
717 1049
248 1337
240 1772
928 1253
520 1721
1141 2141
458 959
690 1820
590 2044
175 1797
1377 1952
110 1479
1335 1662
499 1771
428 938
1357 1378
298 2100
1311 1431
1598 2110
174 294
789 1484
579 681
109 696
856 2119
1321 1645
779 800
1871 2020
121 1906
133 724
1228 1522
515 2153
341 1748
1092 1446
936 1679
404 1015
1105 1353
631 1971
696 1481
1483 1793
217 287
345 766
140 659
1216 1959
1352 1863
474 2147
1174 1632
880 2135
542 563
123 1303
369 785
328 2169
1921 2112
721 1003
523 720
528 738
389 590
919 2184
231 1357
318 1068
474 796
4 486
1598 1819
733 1771
1950 1980
174 1332
214 354
381 1847
147 1552
706 1381
1295 1305
577 1736
541 830
824 2083
619 1132
966 2144
1169 1506
275 356
523 2178
86 1946
1370 1852
1298 1631
522 1701
647 1131
1150 1843
582 1132
1475 1825
694 2022
726 1484
813 1039
1195 1200
1239 1634
330 943
324 489
1054 1653
1637 1794
1201 1306
446 1610
682 699
356 2047
299 2221
1755 1758
285 905
62 866
655 903
595 1801
118 1375
944 1884
1411 2197
907 1143
1897 1908
801 1135
1006 1382
530 1733
21 2022
1482 1550
923 1339
171 1961
973 1091
284 1469
1525 1665
1544 2174
133 1396
1039 1527
40 821
42 592
37 1185
447 1702
550 682
1193 2136
217 398
17 413
575 2075
300 1508
30 1026
100 1581
772 2143
522 1053
682 1638
935 942
23 2108
296 1374
1547 1846
1328 1943
309 879
314 514
674 1935
1214 1651
695 743
843 922
1309 1779
1144 1792
1298 1504
876 2004
462 671
1207 1701
1220 1605
1045 2166
991 1383
1113 1692
1966 2096
387 912
47 552
1381 1805
292 1680
69 617
1506 2064
593 2000
1499 1990
935 1248
1515 1701
53 2027
472 861
723 1336
742 1616
1803 2004
1521 1798
1313 1942
810 1305
1161 1259
667 2179
200 1952
203 231
201 796
487 2059
668 1589
423 1345
425 1859
335 1413
480 1174
607 799
759 2001
243 739
204 1491
1227 1799
441 1862
843 1811
297 2165
65 635
884 1033
55 2036
1137 1940
222 1881
792 1702
845 1016
65 1414
1638 2093
1116 1652
568 721
191 1762
775 982
621 691
44 877
316 707
895 1088
47 2028
2104 2160
1190 1928
967 1133
1369 1676
918 1302
146 1677
96 616
1201 1595
1372 1871
997 1189
147 746
678 1159
152 1109
107 1216
496 624
957 1128
1889 1973
889 1507
246 1083
1023 1707
1077 1767
1399 2172
7 1836
62 499
241 584
315 1304
1621 2193
1568 1623
315 2006
1526 1697
229 409
39 233
1870 2065
269 1924
555 1998
1216 1512
779 2156
1823 2182
1759 1947
475 1629
282 1975
524 913
673 1525
108 1008
695 1519
355 1850
1136 1616
1122 1704
1119 1269
116 2093
892 1023
231 990
352 1657
1981 2042
1494 2204
758 1483
369 2103
80 512
743 2004
731 1381
491 2150
907 2049
1275 1676
966 1919
506 1153
476 2067
80 726
116 302
1507 2197
1122 1221
1932 2029
1292 1401
8 1071
227 2062
771 2125
1407 2111
343 1223
1690 2159
1670 1783
1271 1904
213 891
906 1364
628 715
1869 2077
871 1178
179 302
673 1709
94 1302
865 1151
811 1210
1112 2125
55 2154
1189 1909
279 474
280 1809
1304 1777
1498 1507
1277 1571
1614 1690
508 1444
134 563
1862 1972
653 1578
692 1579
135 2190
632 1456
605 1129
572 1128
91 411
320 2162
1006 1728
951 1337
692 1846
527 1465
1114 1323
97 168
150 342
223 447
177 1675
38 1484
36 2221
1914 1931
967 1850
625 2142
526 1945
357 784
577 1549
247 833
275 586
1566 1732
1666 1718
299 467
220 485
1085 1101
76 1387
753 972
239 567
1058 1259
1183 2052
470 565
718 1925
891 1473
610 730
505 1733
649 784
1059 1295
705 1920
1 1003
1071 1859
1571 1675
232 1556
270 775
19 1798
750 1156
385 1618
1407 1962
792 1409
1704 1932
126 1804
1659 2216
1317 2187
98 858
1547 2036
1448 1950
61 1064
36 1374
1761 1941
704 1795
239 980
12 34
1355 1608
146 1493
63 1268
1411 1412
187 1113
92 1766
251 876
397 1463
787 1799
982 1551
49 558
146 1979
816 2119
281 2217
797 1361
1059 1867
1068 1672
763 2036
492 1604
67 373
1478 1692
820 1375
26 857
1224 1372
738 917
941 1093
343 642
141 1521
1236 1656
869 1873
920 963
23 724
1455 1763
105 1265
896 2201
73 1001
242 267
223 1941
818 1362
776 1200
131 1487
770 1923
23 1130
1250 1588
1026 1813
1768 2089
855 1145
843 1942
902 2218
484 770
607 1107
1359 1579
248 1129
620 686
415 1282
1346 1447
896 1184
13 1075
1373 2182
433 1063
37 818
190 490
1010 1756
879 1880
396 1810
74 1452
1855 1867
207 1795
1602 1846
672 1850
2016 2093
1072 1280
87 1298
669 957
37 677
805 2038
605 1184
124 1606
1087 1675
749 908
609 1015
1145 2051
438 1883
250 443
116 1428
112 1081
292 806
792 1771
1462 2146
480 1738
538 1299
1805 1859
800 1413
920 1599
124 1639
1322 2016
26 2221
754 1045
1044 1651
678 1041
855 2197
93 1408
795 1184
1594 1935
1822 2210
546 2209
921 1345
1216 2007
1261 1719
618 664
503 2034
170 400
1417 1952
59 1522
1062 2111
991 1278
599 1536
481 894
309 730
310 1127
1098 2113
1690 2156
1326 1807
1039 2012
1005 1716
1927 2124
95 1247
158 2076
932 1916
460 1921
517 739
594 602
36 1747
1598 1734
898 1785
713 2174
28 1961
12 521
94 1220
1355 1752
1169 1990
452 1357
650 2203
1559 2052
481 1815
410 765
557 2034
15 829
404 1538
725 1619
1157 1847
1391 2101
760 1784
221 1147
190 1476
80 666
702 1436
1176 1626
843 1423
161 1829
1290 1921
482 1288
413 1601
1589 2174
745 1159
3 1591
490 1593
616 1070
754 1413
144 957
879 2100
653 1441
908 1135
136 316
918 1665
621 1129
11 1658
800 2177
1118 1459
419 1802
230 1135
728 1628
1018 1441
899 1191
235 1413
788 1202
1249 1658
1272 1313
860 2179
507 795
149 2091
269 1973
366 2108
97 1335
354 1493
776 1585
399 1221
876 1845
1006 1922
354 409
23 1617
982 2000
884 1328
658 1943
744 853
1103 1976
366 1886
219 495
1071 2112
954 1472
1079 1788
166 1203
1732 1908
218 326
64 1603
685 1954
1395 2047
1191 1319
30 2032
48 480
803 929
613 1423
796 959
1569 1611
1351 2198
1919 2139
1259 1794
614 1676
1118 1622
1197 1302
107 1521
232 1848
485 1761
1391 1692
263 626
781 843
881 1924
810 1897
626 1134
183 1711
1071 1542
795 1583
528 1966
1220 1761
919 1976
911 1506
29 606
1143 2070
1067 1087
261 2153
32 2138
210 543
964 1444
663 1231
964 1289
156 1411
1928 2110
77 1505
439 1088
1662 1934
426 1164
824 988
1003 1590
363 844
923 1603
136 332
531 2122
969 1663
1648 2071
1403 1680
466 2204
269 693
1713 1972
1420 1880
657 1360
702 2114
872 1520
984 1411
1717 1860
809 976
155 997
937 1837
1293 1499
644 1350
970 1884
398 1426
715 1810
853 1186
396 748
473 2108
477 1163
525 648
1199 1742
154 1407
701 1443
367 1583
676 1480
321 1878
102 993
349 1803
853 1634
273 1999
145 1537
635 1487
198 1566
300 1515
361 643
1304 1561
1094 2053
540 1119
382 2039
911 1754
135 1530
1479 2160
463 1249
1002 1642
396 624
1514 1549
709 1147
410 1775
619 2013
1209 1644
1133 1551
1451 1897
308 2129
53 1619
156 1457
1247 1684
29 890
439 1164
132 1543
1694 2170
618 1756
189 1098
201 913
1682 2002
268 1617
957 1208
1061 2052
936 2117
75 1976
858 1209
1115 1686
108 1864
912 1848
194 1737
806 1818
344 1216
491 618
604 1863
850 1824
681 1141
20 681
644 1751
88 1848
91 438
62 355
1219 2014
941 1522
173 1606
380 1397
577 842
25 1298
844 1228
370 620
35 1595
487 1986
1936 2196
686 1151
490 1303
0 2203
1008 1199
192 803
376 1430
552 2182
244 1866
1889 2216
159 399
1451 1531
483 506
553 1906
1113 1233
518 822
1223 1641
501 2158
937 2155
1065 2029
493 1065
1180 1560
1708 1904
63 1442
1392 1992
198 1788
798 1859
1919 2167
396 897
683 798
626 1954
1024 1793
1535 1610
220 299
847 2163
164 687
401 1509
808 1148
759 1761
350 404
1046 1285
1676 2175
684 2006
58 1346
437 567
227 1614
1154 1942
368 702
1356 1659
158 574
177 342
1101 1653
1028 1619
1675 1751
1321 1668
859 1477
365 1599
54 2189
412 1850
1764 1825
252 894
1474 1739
362 1451
354 1783
22 1351
973 2164
1187 1635
46 60
286 1780
1150 1725
653 1115
57 365
1656 2035
1053 2022
1986 2174
57 113
279 935
899 1250
874 1710
1517 1759
579 1315
1763 1817
1569 2127
735 1163
554 1244
1071 1555
67 2218
642 2048
835 1253
292 1604
584 1554
352 2170
753 1566
1478 1753
1309 2181
2050 2065
680 2168
1424 1951
1333 2123
1781 1785
250 2020
1355 1546
440 1952
1586 1957
860 1502
1007 1300
87 2203
219 2159
457 2162
290 494
1337 1686
490 701
1074 1590
391 1990
135 2119
1321 1469
1891 2099
24 580
784 1803
1611 1912
667 908
589 609
0 1850
132 1591
86 1198
435 2199
416 1247
255 411
256 1118
777 2211
1487 2102
848 1119
150 2132
138 613
527 1860
828 1273
1483 1602
173 1074
802 1503
796 2054
634 1906
1380 2080
618 1052
653 1426
188 759
727 1942
332 581
1088 1555
415 1938
1761 2001
424 2131
65 2010
1162 2038
180 1659
960 2110
1037 2197
480 934
802 1537
1003 1158
84 1419
37 1820
785 2069
1227 1347
1065 1421
816 1890
1020 1655
1595 1639
383 1408
558 1456
1271 1841
202 2024
713 1497
223 632
113 514
653 1508
1485 1977
1714 1863
170 1175
231 1226
1099 2209
681 1068
172 1930
688 1424
1248 1493
1123 1206
662 1536
1691 1702
1184 1565
580 660
853 1775
130 305
345 1463
59 483
1079 1887
786 1895
713 1160
1760 2118
1627 2054
677 2148
1256 2085
241 390
1864 1960
403 1926
561 894
734 1530
249 1301
1009 1337
923 1206
192 1337
107 1876
264 1633
997 1670
219 751
706 1290
1642 2178
943 1431
526 1747
192 246
910 2011
1985 2102
1601 1748
1045 1047
1112 1912
2066 2193
102 1484
243 1162
518 1568
555 2071
529 942
796 2185
1558 1986
1305 2138
224 318
805 1918
489 2050
987 1384
460 2193
256 1925
120 1735
1405 1944
37 883
1241 1429
258 1682
461 676
1103 1691
616 1055
992 1853
243 1599
90 1143
112 1028
314 901
105 800
483 1968
964 1884
203 906
53 504
1897 2144
1200 1402
1293 1689
295 1636
967 1882
1033 1503
859 1745
513 2070
87 955
325 2063
1946 1980
738 1047
327 705
231 778
1084 1491
165 294
844 1824
332 822
1398 1911
1727 1977
896 1030
111 1783
309 1692
363 1792
657 2184
178 878
1217 1516
618 1960
1693 1973
728 810
126 2016
513 957
284 489
270 1057
876 1709
962 1806
668 1327
1445 2126
370 578
1115 1361
285 1954
176 1380
444 1354
1258 1635
1355 1541
1563 2200
353 853
772 1337
1210 2016
18 1204
107 309
1413 1505
720 1872
803 2190
435 1660
1236 1625
1266 2081
1051 1315
209 269
376 1879
2008 2115
1769 2098
182 514
257 1276
941 2196
1157 2132
708 1561
553 1705
971 1163
1485 1652
355 1065
88 2083
901 1168
741 1880
1446 2113
808 1633
27 1985
1616 1935
1197 1419
312 858
368 1908
837 1650
1311 1828
300 879
343 1692
414 2101
773 775
160 739
595 1708
624 1604
1126 1400
1241 2193
1718 1953
55 1287
146 231
1194 1304
78 937
608 1730
119 1280
1807 1984
1395 1988
458 872
502 652
634 1297
629 1975
242 1372
879 1530
151 1576
1158 1607
725 2052
1028 2204
1161 1806
840 1794
78 800
156 1567
948 1860
514 946
148 1964
1433 1595
262 1609
399 1334
1617 1699
1266 2114
427 509
316 1492
264 581
46 61
49 710
1017 2222
336 1678
681 1488
1851 2077
1024 1985
1426 2158
161 781
360 1293
78 1616
367 1725
702 1428
639 1111
1837 1867
313 995
163 401
1969 2170
1175 1964
1962 2168
1018 1514
682 1331
1568 1944
1742 2046
365 1641
363 426
376 451
141 1081
882 1285
1477 1808
396 870
1297 1969
58 1571
134 1254
177 1192
329 1986
630 1366
589 1339
843 1788
495 2155
296 1696
534 558
57 327
601 975
956 1335
1051 1952
151 831
659 2029
881 961
161 833
149 717
870 2087
494 605
1594 1804
637 1366
189 416
858 1075
408 945
2013 2216
732 1622
41 1941
1509 2136
1322 1550
269 1497
833 1403
1685 1877
650 1061
102 520
28 1364
263 285
473 2029
59 524
781 1355
1011 1704
1323 1466
129 2169
69 814
1344 1447
644 1084
767 1450
152 1761
171 2005
1688 1911
1328 1689
917 2190
1371 1681
539 748
532 2189
613 1141
273 1136
721 1259
849 1532
669 1181
1521 1779
874 2147
1767 2137
1143 1471
691 2008
476 1687
1059 1933
30 751
892 1183
118 1954
933 1254
1170 1301
328 438
554 1180
1439 1861
1178 2178
271 351
12 292
1393 2214
310 1456
1369 1588
898 1662
193 1282
1910 1941
1016 2051
1189 2163
510 1092
418 1938
1325 2158
350 1833
1104 1351
971 1571
420 1116
1967 2099
883 1801
387 913
86 1292
958 2193
395 1502
343 1706
553 753
487 608
95 124
1122 1477
944 2062
2146 2165
315 1636
620 1879
1192 2114
234 828
68 1448
1324 1848
427 2157
1963 1977
227 1348
933 2039
408 568
240 1791
171 199
277 1751
1699 2083
296 1636
129 754
813 1238
177 910
47 645
404 1676
81 428
431 2015
309 1590
234 1318
954 1138
511 1281
772 849
348 1646
261 1497
796 2168
725 894
820 1945
178 1673
668 1374
1686 1834
1204 1388
167 928
746 860
226 711
192 1326
519 1353
1256 1680
424 2123
499 1535
766 2103
322 2074
534 1152
782 959
49 666
219 570
349 747
687 2109
1531 2098
1684 1834
639 1602
555 661
456 540
1613 2054
170 1415
1730 1936
44 504
1235 1573
121 1764
272 482
1953 2019
499 1952
1158 2163
321 1110
1079 1807
1013 1743
509 1032
374 2050
1643 2097
764 2028
1030 1706
1569 1687
217 2141
778 2192
122 2205
1241 1279
260 268
1051 1540
42 2215
2057 2146
171 1562
282 1402
871 1209
988 1333
740 750
696 769
292 456
511 1818
494 984
19 2092
1452 1998
1127 1823
843 900
1074 1541
943 1328
315 848
1652 1964
587 1302
1663 1800
412 546
112 574
564 1415
1443 1502
526 1516
1004 1213
63 333
517 1426
91 604
977 1129
921 1944
283 836
115 710
240 1076
1067 1546
811 1468
904 1271
257 313
1124 1824
956 1130
1130 1295
952 2053
842 1658
254 742
1745 2005
1558 1784
617 815
299 709
768 1975
757 1321
380 1598
459 1462
11 391
795 1996
850 1123
634 2147
1598 1767
217 1004
1615 2203
75 1405
219 728
1843 2056
346 1944
220 1925
16 913
118 827
477 2119
31 1666
1137 2184
2090 2116
698 2089
1138 2024
182 1831
890 986
89 1900
699 1487
1254 1574
352 670
594 1767
484 486
363 1537
129 1785
1492 2000
387 1961
1934 2114
455 658
1166 2040
724 1688
538 1066
1076 2016
68 1184
24 879
837 1520
139 789
219 1987
116 1134
361 661
985 1924
153 1319
1347 1656
1902 2221
1171 1373
400 1536
22 1841
529 1890
460 1449
790 861
405 813
1085 1176
686 2192
224 1926
211 461
982 1816
745 1449
1058 2212
570 687
920 1078
1300 2143
1677 1762
1122 1136
1487 1814
2175 2219
252 686
687 1716
1011 1722
304 481
1800 2129
517 763
293 1834
174 375
43 365
498 1526
379 1173
368 1946
456 1054
1618 1715
939 1668
555 905
1121 1309
242 1916
1154 1178
43 630
862 1401
230 1687
752 805
1971 2154
644 1829
1182 2207
361 1126
1195 2048
873 2079
47 1470
649 1634
330 403
792 1762
104 1497
139 263
547 1746
1213 1786
105 282
1034 2218
126 892
1521 1533
679 1841
471 1058
477 1691
311 379
1478 2220
1734 1877
1327 1398
356 1642
733 2063
1688 1696
1467 1751
1180 1229
339 476
690 1498
745 1963
530 1008
450 1649
975 1140
530 1670
700 713
1195 1435
1054 1849
163 2137
31 1215
698 2127
1158 1606
1597 2117
261 1757
1672 2058
683 778
15 1912
818 1654
168 1152
1535 1536
1215 2046
146 1551
585 2033
905 1648
0 864
153 2084
1301 1888
36 573
30 2100
221 1191
97 1668
1071 1648
1158 2041
1560 1842
404 666
945 1989
1108 2121
558 2114
590 1854
436 473
185 1527
1681 2032
843 1889
225 421
918 1104
120 718
1067 1505
399 1057
145 1282
581 1572
1300 1764
1165 2156
1061 1354
775 802
999 2035
1078 2016
60 777
1607 1888
1482 2219
158 2203
1541 2176
82 800
77 1491
403 2086
458 1381
556 1151
167 832
1022 1121
277 1441
1549 1857
289 2018
741 2012
1306 1613
205 1511
454 918
1462 1518
1111 1382
256 1483
1331 2191
334 1586
966 1308
1638 2079
163 1615
1208 1461
109 720
670 1692
265 1459
799 1542
19 1304
854 1173
1493 2113
25 181
80 2102
1292 1452
547 1639
1850 1852
1713 2092
526 1618
755 2034
584 1278
72 1001
381 2093
667 2142
1390 1785
120 1943
1219 1750
246 1199
1590 1614
101 519
413 1036
198 1740
299 355
409 1664
77 1499
1323 1765
1328 1364
331 726
60 1458
1406 1794
820 1946
443 1416
550 1763
216 428
1769 1902
380 539
642 2133
569 1623
199 1633
295 1520
355 1682
1044 1073
1713 1944
161 1028
178 1192
1207 2119
1230 1661
842 1381
1244 1859
1103 1350
1443 1834
199 2067
617 1362
780 1469
66 1839
615 2218
1313 1589
910 1160
1547 1893
1733 1963
7 2146
1469 1520
1473 1601
158 1730
111 1498
948 1867
1500 1869
777 1834
410 1673
85 876
1573 2217
381 1392
496 1574
912 1063
652 762
1409 1836
487 734
236 790
198 2020
450 762
542 1783
1151 2211
518 1065
567 1140
983 1974
18 45
631 1391
1666 2138
1142 1413
348 1369
19 24
36 478
1136 1457
1194 1654
1029 1732
1771 1948
636 695
273 2092
1036 1451
141 589
180 1137
482 1797
481 1245
557 2178
163 1631
188 1986
1626 2030
603 1943
393 2104
1222 1667
105 1621
1598 2167
47 1558
946 1549
116 1733
403 850
1034 2091
1182 1388
125 2083
1270 1931
504 1621
1006 2137
418 665
930 1532
44 242
410 541
194 1444
143 1279
1400 1631
966 1436
755 999
808 1251
573 872
861 1416
1296 1799
870 1295
1216 2127
277 360
482 1665
1141 1500
119 409
1521 1834
1319 2184
842 2030
881 2196
64 1826
891 1673
5 151
110 1502
1436 1528
700 1347
755 1753
73 227
673 1191
451 711
93 372
32 1461
379 554
360 714
464 2119
269 711
1019 1663
1884 2112
883 1708
1630 2177
1151 1201
781 1193
465 1264
617 1079
217 778
154 317
49 451
789 1514
505 1903
469 1611
793 918
886 1617
639 1956
727 855
81 1762
835 1860
281 510
653 2215
626 1962
614 2147
229 1110
62 1464
106 1610
850 1571
444 2003
136 352
1083 1133
661 779
373 787
528 1093
910 1988
233 371
234 811
946 1112
2001 2045
1059 1448
116 767
1200 2028
395 1753
1851 2091
1660 1720
913 1769
505 1778
1030 1897
553 1465
128 1305
81 1702
925 1597
1319 2180
994 1608
215 1442
1735 1810
285 352
210 1504
247 1956
1327 1623
74 2007
69 748
170 285
574 610
1634 2090
455 1309
1275 1798
321 1174
794 1678
1174 1421
563 959
90 1781
911 1037
291 1422
1097 1686
1388 1944
1282 1454
1020 1377
1345 2083
321 2000
572 1558
175 1917
208 589
529 2085
575 2063
1518 1611
1044 1548
467 1126
818 1859
1631 2064
249 1304
1015 2018
626 1355
247 1741
459 1115
1522 2098
325 2024
678 1978
877 1631
709 1090
947 1242
1719 2067
543 2132
83 752
496 1993
238 503
1024 1857
650 1881
2126 2139
586 754
593 1042
977 1468
221 1118
216 1757
39 1370
1040 1939
367 1189
126 614
226 1196
470 683
514 1104
574 827
846 1106
1506 1830
1329 1342
940 2097
1242 2034
144 1496
585 667
144 1783
223 345
1300 1742
292 1085
1578 2175
154 2062
719 1626
405 734
1380 2159
414 433
1677 2132
801 1916
337 2123
272 2133
158 1694
1607 2123
1025 1861
518 1216
568 1788
627 1181
547 1173
1789 2138
1258 1829
387 705
191 1991
1179 1370
76 2198
736 2008
223 1190
1051 1627
988 1033
70 456
1160 1252
155 1059
1007 1106
136 1829
1771 2207
452 741
631 1659
643 877
1066 1925
8 782
1450 1609
114 1994
44 621
158 769
267 1841
403 1142
482 1682
939 1145
318 732
1023 2091
467 1234
702 1677
211 1711
279 1347
632 1787
833 1856
637 1624
243 545
1459 1922
1206 2100
1761 1886
258 1356
77 1027
457 1541
730 1676
702 1396
768 2001
463 1019
209 1279
1754 2044
785 1287
773 885
1178 2005
320 1101
1465 1682
431 2210
2 1768
1036 1986
850 2031
510 514
51 709
367 792
893 1699
1372 1637
1123 1307
730 2123
222 2197
50 158
147 1027
154 940
386 1569
1581 1783
298 490
1015 1599
403 705
975 1845
87 110
125 699
1263 1380
589 672
448 2037
408 1788
473 2152
1204 2197
1094 2200
2147 2181
564 1988
694 1605
627 2069
383 794
948 1477
13 1627
5 49
215 1516
65 561
1227 1401
582 629
506 1406
110 635
583 1295
167 2058
1317 1523
544 1310
529 832
76 983
1618 2127
949 2099
551 1540
1133 1919
379 941
915 1204
685 1077
178 838
331 1983
1343 1859
1286 1520
1148 2077
482 811
154 616
1160 1209
406 2164
1129 2043
32 857
187 1947
1019 1119
647 1387
728 1736
460 1766
135 414
625 1753
184 1231
283 2210
274 2178
0 1234
645 2092
1267 1329
407 527
814 1156
816 959
7 522
1535 1949
224 604
1026 2035
676 1445
538 796
96 1449
953 1225
1508 1615
1978 2089
297 2189
964 1999
221 1074
81 1268
77 1535
723 1190
922 1004
1820 1842
278 932
286 2124
846 2152
615 961
220 1948
1082 1685
260 644
500 1459
1213 2001
1227 1427
1110 1402
1185 1887
522 1802
635 865
431 748
621 933
1038 1737
354 615
1209 1810
149 2193
411 1144
657 690
675 1403
66 1215
1177 1446
489 1026
436 1409
1145 1587
602 1719
152 2108
1086 1767
649 1806
261 1909
1232 1601
719 2099
317 1253
39 1817
1719 1772
359 534
292 524
390 2033
187 2012
1447 1991
629 1683
164 1914
1309 1955
1395 1787
1493 2026
810 1628
560 1431
83 1845
1264 1897
88 623
554 1976
568 2057
183 2060
102 972
1454 1653
1010 1855
1359 1499
772 1422
279 1645
922 1380
1919 2216
380 503
204 1677
575 1543
434 614
752 1481
565 1994
1363 2190
869 2048
416 1745
1753 2193
1127 1184
857 1785
568 1139
283 1318
877 1351
391 1572
617 1600
112 809
159 893
174 2156
832 1554
28 1087
582 1709
562 933
1355 1488
277 1598
720 2179
36 2167
315 722
85 214
253 1330
1208 2163
584 2132
74 142
1640 2128
1087 1258
428 2147
531 1005
338 1129
7 1899
377 722
149 710
370 1401
106 1048
511 2101
677 2128
792 2034
1440 1839
324 1017
649 2176
984 1011
1250 1617
561 1352
859 1416
1754 1884
742 1427
101 105
182 413
1081 1815
858 1555
1218 1517
1311 1369
783 2176
363 923
437 2171
563 1775
215 419
749 1279
2023 2206
205 1204
211 1253
857 1632
988 2141
965 1546
1230 1766
89 969
993 1517
592 1799
1527 1941
1557 2056
1693 1951
1386 1590
89 923
1104 1679
965 1646
909 1254
227 259
693 1140
583 1042
162 2174
1451 1712
1033 1246
790 792
335 1331
440 1600
640 2094
1066 1489
328 587
345 2035
981 1852
148 1044
704 1895
419 1677
383 604
1013 1202
343 549
1693 2191
639 1197
1520 1569
1698 2125
2103 2200
45 625
274 986
515 1472
973 1163
355 681
1069 2151
1920 2093
339 1200
1159 1271
472 1949
1522 2187
894 2049
404 437
118 867
150 2165
1127 1406
222 539
1524 1976
54 385
362 1599
153 1777
1877 2072
0 1257
264 2069
1138 1270
1326 1671
633 1574
379 1959
900 1336
80 709
1262 2147
507 1150
1791 2198
146 1108
1235 2168
937 1368
862 1011
1627 2096
1377 1896
98 1917
1652 2038
1148 1406
352 592
967 1904
772 1227
296 1272
1857 1965
70 651
205 287
1340 1821
1250 1520
1165 1429
392 955
929 1909
80 652
52 730
432 1828
972 1807
408 1805
229 1204
207 588
377 1570
1741 1767
1520 1911
131 273
551 658
541 2068
339 1160
870 920
1003 1361
1241 2172
45 2171
573 1894
424 1578
803 1878
484 1199
678 1495
1824 1946
530 590
831 1630
1082 1560
677 1805
867 1306
1607 2222
55 814
2131 2160
1852 2105
700 1187
792 1147
1662 1941
542 1171
492 1655
735 1539
216 1279
180 341
944 2163
784 1478
265 1627
97 695
1294 1781
1140 1640
262 308
9 1656
482 1886
9 1651
1034 2005
59 960
381 801
616 1776
324 1203
582 825
709 1750
475 1214
307 1900
941 1368
574 1844
28 57
975 1332
857 1978
707 2005
505 851
521 1658
1578 2135
830 1728
369 1970
369 442
384 1190
158 1659
559 1160
665 2128
1447 1900
1508 1566
1356 2099
960 1738
244 1399
126 576
1700 2070
103 1061
1531 1576
963 1912
1236 2133
1125 1622
829 847
1426 1996
64 1250
1429 1645
241 538
970 2145
891 2186
722 980
803 1727
320 1520
256 1850
429 610
753 931
1055 1951
10 261
1921 2066
620 1546
513 656
1024 1600
478 1268
596 1954
1716 1908
276 1741
162 1259
94 1305
948 1015
18 1470
978 1078
13 2086
515 841
1357 1776
1150 1384
1753 1900
759 1692
312 1931
240 530
485 1319
412 1324
295 1617
897 1992
892 1078
274 318
394 603
408 1816
129 1984
1022 1524
204 295
1148 1270
467 1828
542 1147
850 2206
1514 1971
471 2094
277 1185
1267 2144
4 1002
1186 2011
1397 2160
32 134
95 644
451 1288
949 1523
368 1932
452 2106
1065 2209
70 1517
220 2142
947 954
899 2069
821 1685
1201 2100
582 1186
990 1136
368 680
540 1922
619 751
195 549
1315 2031
2054 2101
135 2204
233 2019
531 1496
663 1311
550 891
1807 1940
225 1695
73 1484
396 1978
2044 2209
91 1832
531 1312
1194 1340
0 548
237 784
758 1464
1085 1371
1348 2216
489 517
1664 2028
461 853
764 1445
1024 1576
321 1826
629 1051
1431 1665
721 1068
102 1929
418 1396
81 125
160 1675
1083 2065
753 1425
766 2203
1005 1275
17 867
750 1770
1467 1959
1833 1884
1656 2184
609 1463
235 1664
1445 1719
1008 2135
167 1122
3 215
159 300
1651 1895
703 1028
599 755
1538 1936
1228 1919
451 810
8 490
1454 1496
332 778
1001 1306
879 2146
1150 1683
311 1677
30 99
750 1489
511 1470
237 1969
161 603
879 1486
493 764
1642 2177
1177 1880
1230 2185
709 1987
125 1987
455 594
630 770
492 1800
1262 2182
461 1670
293 1309
831 1060
1061 1634
59 1698
799 1086
1009 1396
1601 1822
1029 2038
1063 1985
234 1470
1562 2029
1019 1116
444 718
1747 1953
756 1102
24 136
670 2073
461 910
216 1647
470 1040
1296 1966
831 2077
586 1677
2148 2164
35 1518
484 1833
862 1751
901 1697
1421 2131
596 1670
522 733
587 1077
90 1232
357 1550
90 1874
1718 1827
983 1561
766 1572
3 1721
595 945
127 1845
1001 2003
20 1860
1126 1687
515 1824
475 1521
496 1718
327 617
749 1199
373 1722
47 1580
1755 1829
660 1688
115 1521
1154 1924
745 1663
1410 1872
784 927
230 1045
580 1909
815 931
399 1392
924 1542
46 1417
630 1063
361 1056
877 1538
445 789
376 1363
2144 2208
1070 1442
489 1869
1036 1381
750 2193
99 1226
4 215
1479 1885
1284 1884
534 2115
1138 2070
1369 1999
706 982
768 1750
333 606
437 517
2013 2120
1293 1991
445 2005
41 108
1586 1917
938 1435
111 892
932 1649
1146 1449
132 1294
943 1264
1059 1156
1680 1763
1062 1813
1596 1847
31 1042
268 697
630 1720
949 1553
524 1107
1216 1963
270 392
1406 1997
505 1756
1200 1634
332 474
344 2023
174 804
679 2123
229 1559
9 46
419 1970
639 730
858 1308
885 1629
72 1300
312 1475
131 1664
1038 1517
177 807
827 1342
611 731
337 1781
54 995
308 885
1058 1376
341 1020
1894 2100
208 2077
477 1310
851 1118
784 1107
1891 1959
785 1409
1459 1954
618 1050
35 843
35 1216
1360 1723
144 319
1157 1601
675 1854
72 2151
1995 1999
461 906
1105 1847
1025 1556
394 561
128 862
344 1538
775 924
1595 2030
971 1466
806 1997
589 2124
224 1686
311 1891
1150 2019
1009 2200
321 1605
665 1467
68 124
1304 1684
768 1000
1801 2002
43 298
1259 1906
899 1552
131 760
791 2184
1644 2101
813 881
1011 1983
186 1934
317 1099
1275 1934
593 1220
148 464
1078 2087
2096 2156
636 2042
1056 1087
257 399
1020 1974
817 1580
1229 2192
701 1289
481 908
727 1527
1162 1332
269 377
132 371
724 1312
71 250
149 776
143 646
