327 3276
7043 7271
1244 4224
263 6573
2622 6415
446 6907
4494 7532
2700 5843
761 3260
2952 3921
3814 6804
5705 6134
896 3544
3636 4149
1255 2253
2906 7181
2749 3771
1505 3144
6333 6358
940 4778
4999 5870
2573 5543
2325 6649
1498 4588
5423 6154
4770 6817
1552 4445
824 6073
1427 4684
5864 7269
2464 3310
189 4235
287 1618
702 2994
3610 5329
3121 6228
6715 6979
3858 5420
1220 6472
2552 3111
335 892
991 3093
2269 5375
6834 7353
466 2580
2230 3188
2406 4554
25 7363
7322 7474
5414 7045
464 6141
6138 7559
501 5822
2405 5239
111 7518
612 1185
4903 4956
131 3053
1382 5532
4524 5383
3248 5879
1884 6215
3008 4959
118 3350
468 1752
1272 5802
2090 3194
2338 7619
1905 2695
2419 2716
4843 6126
5259 5523
4016 5007
2219 4845
3407 7441
3484 5359
3544 4343
4641 5802
1938 3539
5589 6427
359 3486
4906 6857
1539 5066
4247 7070
4706 6409
3013 4000
3524 6408
1214 7249
2458 3431
1690 2868
2863 5325
2015 5622
5912 6661
393 1264
717 7481
755 4560
176 1272
1800 6782
1696 7158
6274 6335
19 1944
1537 2069
3198 4767
2358 3246
2660 3011
861 7145
602 3002
1376 3455
5626 7011
265 6183
2418 7565
2929 5967
2328 7324
1054 6137
160 3148
3141 5700
1536 2068
3203 5748
6792 6796
3415 6895
2339 5110
326 3199
857 6331
2630 6986
6533 7171
1450 2529
282 4938
1552 4866
2589 5553
1149 4765
3545 5468
1442 3326
3040 4455
1346 6690
5492 6094
2706 6509
1531 5888
5771 7178
1439 5054
1247 7064
4403 6434
3843 6156
1594 3398
7395 7593
1157 2025
3494 5889
2951 7462
945 2291
3913 4621
2912 3706
871 3451
3884 6363
4654 7291
5536 6555
4152 4661
449 6729
4072 4278
1435 6945
1496 1816
1780 6982
1638 6323
896 3676
4047 4140
3242 5924
2288 3531
5473 5673
2636 6648
1841 2341
4178 6405
1099 6234
1258 5818
1658 7291
218 6924
250 2610
213 2836
1616 6256
6655 6682
3853 6284
314 7288
3841 6488
634 5220
1468 1599
3223 7107
787 6181
2263 6583
7193 7508
2996 5993
2380 7226
7194 7587
491 3368
1079 4049
1849 4032
1740 6076
4308 5032
198 4198
5916 7451
2548 4150
1927 6639
2228 5708
4818 5412
290 5059
3571 5353
4983 7339
3440 4129
1735 6737
684 6452
1890 2617
1859 6998
720 3855
1977 6496
567 4383
3256 5031
2934 5866
5579 7112
226 1075
1026 6837
25 2427
1272 2420
1428 6139
1667 2127
3336 6687
4023 5359
3122 3370
1518 5815
2065 5391
1727 6427
5009 6759
1126 1367
2453 3421
4240 7105
5400 5472
1149 4563
1605 5325
803 5200
2668 5415
6808 7449
483 2200
2842 5781
4175 6125
4625 5391
5332 5884
1203 2636
3613 7578
233 4738
3149 7227
881 4095
2597 3802
2109 6758
5493 6292
4912 5242
2650 3914
287 4107
466 2544
3134 6210
1049 1578
3162 5309
4875 7241
4493 7594
2980 5082
2086 6323
2197 2910
2401 4530
1959 2684
1488 7160
374 3230
2533 4516
1573 1857
2044 5171
2287 3097
2823 4364
799 3665
758 7058
773 6033
1744 3067
3834 4423
1909 6470
3921 6451
105 2990
2723 3107
1984 4997
854 1196
3642 6693
1711 5153
1104 4302
837 4491
238 1128
6838 7339
3752 6855
2164 3893
1228 5782
731 891
1782 5886
2100 7417
152 6382
4411 4878
2977 5280
249 1373
416 1613
2628 6113
600 3679
5091 7059
330 5378
203 4360
1775 5062
4992 6406
3864 3871
5325 7310
1266 7086
186 3543
633 3819
3266 3770
7027 7199
3219 4949
3490 6100
3814 5283
4587 6695
402 3205
4618 6335
3745 3854
6183 7425
834 5813
1871 6309
1262 5996
5333 7198
1367 2196
1916 6114
1602 2874
3878 7082
406 6638
3408 5624
649 1634
4264 4955
1343 5656
6118 6767
869 1050
2868 3090
1811 7435
963 2681
1973 7431
5277 6353
34 6927
2782 7135
5068 7298
4949 7480
3227 5712
3945 5132
5215 7314
1416 4451
4160 4293
1093 1917
865 5190
3684 5038
1512 2878
1734 3100
915 5074
3372 5029
2410 7603
314 485
1217 4103
4877 5148
768 1547
2898 7219
2033 6225
2373 4205
1863 7392
5843 6152
420 5396
3164 6186
2004 3948
1186 1948
236 442
1891 3786
1452 2117
4103 4111
1339 1556
2741 5509
5537 6404
2802 6789
956 1635
4454 6205
3916 4000
1821 5606
1847 6444
259 2833
935 1672
1735 2959
5560 6448
5166 5219
2474 3900
2217 4073
1102 3137
2369 4053
3259 3934
116 2423
2414 2432
1346 2221
6816 7597
2787 5761
1838 4099
1079 1843
3118 4513
3370 6619
7216 7504
1753 2450
2624 3779
1058 7623
1470 4656
78 740
4170 4990
591 6206
5739 6707
1855 2117
2615 4644
5891 7416
2897 5632
5708 6969
1199 1614
1113 5573
326 6461
5912 7157
1510 5482
3636 4315
3348 5049
1303 1773
2697 4698
2477 3210
5915 7076
1880 6399
441 696
342 470
1364 7587
487 5560
2520 6647
2969 3377
44 4620
1481 2144
362 5383
2335 3515
2108 7556
1865 5540
1694 2876
2314 3810
4965 5856
1635 5518
357 3847
896 3098
2466 4763
4774 6678
6248 6732
5665 7030
1118 3098
1315 4074
1596 6095
1315 5755
382 944
1146 6557
2622 6420
2918 5283
3034 7121
1545 4777
1070 2384
4433 6305
3122 5082
124 2328
4258 6962
3875 4575
1253 7120
1121 5577
1892 3834
1479 4321
2821 5262
142 1571
94 688
30 3252
2776 6972
2055 3423
2409 5373
3620 5851
4779 5754
5972 6409
1102 4876
573 4278
5475 6752
2614 4722
424 2515
7147 7451
2235 3582
1636 3228
2793 4571
5452 7273
4739 6020
132 6861
60 844
5575 6392
2044 7609
4050 4324
4011 4967
1072 4756
4466 5397
7314 7446
6165 6267
959 4817
2544 3007
3694 4058
5859 6131
4152 5564
2950 5202
3764 7008
5344 6409
680 756
1690 5876
1128 2818
4442 5607
1119 3425
308 6398
5180 5530
1475 3963
3068 5278
132 2182
132 662
1304 7427
1898 6758
4908 7407
1026 1167
739 4824
3537 7167
1178 3932
170 5024
6826 7385
6963 7115
3573 6506
5895 6301
1122 1671
5190 6368
2229 2353
6474 7433
9 2638
2885 4514
5396 5660
2640 3005
1345 4031
1443 6526
1676 4286
2381 5285
1392 2236
532 2565
500 887
3166 5563
196 827
3077 6615
4283 6712
120 6501
120 4963
3351 6445
1107 1898
779 1132
3188 7415
167 3084
2060 3970
653 6220
3633 7055
419 4398
4306 4308
3901 6490
3414 5052
5658 6764
1637 4584
377 6989
542 6372
2002 3376
1336 3726
3018 7265
1217 2497
2113 3858
6618 7546
2393 6560
7097 7225
716 5798
3388 4297
1986 4551
5385 6799
1165 6376
2304 6960
5419 6237
1873 7546
593 839
2733 6439
3236 6006
1222 3922
6300 7617
1579 7399
2357 4952
1022 4230
2058 5098
3947 5292
1654 6432
221 7171
197 1013
273 7356
3807 6626
1321 3139
191 5972
2124 4006
4866 5618
5473 6454
4574 7385
936 2155
2262 5463
512 6464
4081 6066
2022 4415
2741 3108
2260 4885
3017 3102
6365 6574
2322 4317
1240 6414
550 5484
611 1688
2826 3438
1577 5398
4984 7057
6469 7143
3121 7181
5961 6480
1722 6499
1253 6388
3428 5476
791 4278
423 2699
2932 6065
3800 6391
781 5855
2755 2834
392 1305
2468 4287
1390 5745
480 552
2305 4763
1639 1831
1181 3450
4203 7280
647 5869
972 3761
388 3254
1457 2013
1137 3482
5370 7148
369 3821
106 2827
1204 4806
3987 5737
1147 3738
6998 7274
2544 6822
59 100
1268 7084
1900 1933
2682 4288
1333 5914
3290 6466
1903 7150
681 833
9 5920
425 4083
1322 5123
927 1510
2729 7334
4178 6916
57 1818
2516 2677
189 6741
4939 6793
2573 5799
2410 7173
1673 6659
2640 5303
218 3145
23 745
2265 4556
6597 7431
4853 5929
2278 7009
2585 5692
567 3371
2070 7261
2708 5563
150 5727
366 2902
2624 4427
1173 6156
279 1085
2589 5786
4465 6248
1299 2052
4971 5505
4882 4897
1385 6897
2036 4681
4786 5292
3167 4272
564 2481
1014 6268
202 214
581 5833
4501 5704
2267 7262
264 3632
3870 6011
4423 6169
1075 3813
3562 6619
4413 7189
3900 5738
1635 6148
764 6925
799 4265
5958 6173
3774 4292
66 4900
5318 7370
1752 3348
473 5630
1557 3248
2927 3323
2771 2961
3431 6075
5984 7144
2838 6271
2089 5925
5044 6095
81 4426
917 6667
6986 7440
150 932
2936 6781
1309 2286
4222 5781
120 6114
2561 2957
2695 5532
1460 2796
1118 3386
6135 6350
626 2444
2424 5304
5637 6161
2758 6913
2340 4376
3309 6132
1246 3683
1019 1672
3212 6143
226 6410
214 462
5051 5303
2355 5819
1761 5137
298 4217
3403 5948
315 1775
2721 3905
1306 4806
1017 3715
2344 4738
5093 7427
2708 3757
351 1769
606 2573
1393 2430
1351 5436
1243 2452
876 2818
2558 5737
6052 6682
814 7079
4467 4640
1132 1802
1559 6808
5147 6918
1231 3946
4520 4886
5362 5984
1744 3009
3951 7094
5382 6035
4046 6671
1526 7203
5143 6606
6124 7239
3276 6191
5018 5458
914 6617
721 3987
2467 6943
1185 1923
2174 2391
3078 4015
5068 5734
142 7469
2686 3948
4756 5499
3013 5325
340 2736
5586 6074
1062 2282
3378 6327
2353 3971
3167 7011
1418 7447
209 5239
2135 3944
3922 5934
4163 7208
811 3407
2340 6285
142 5438
1822 3540
4493 5632
304 3526
5683 5967
4851 6431
997 5793
2335 5318
6035 6810
622 3457
4523 6340
5896 7062
637 2231
332 1847
4676 7374
175 1270
5563 6603
0 5027
3709 4232
3016 6061
2171 7163
7020 7620
3289 7579
3178 5543
6034 6915
2594 5106
4341 5895
2910 5729
2314 4679
1993 6339
2416 6510
3046 5271
4029 4660
770 5157
2785 3771
511 4934
2483 7230
6307 6850
527 6847
3415 5283
306 3431
6161 6488
1198 5804
3651 6410
113 190
755 4507
1038 3297
594 6244
1505 3796
5216 7017
1449 6205
4439 6081
1708 4334
5966 7378
2663 4671
2801 3417
597 4255
2176 3935
5275 6989
6321 6952
2477 6426
1105 7543
1328 4269
566 3306
7164 7168
2311 5544
4005 7497
887 1035
198 3503
872 6225
3310 5103
3639 6181
4004 6728
3106 4744
4985 6533
1979 4721
616 1189
1146 1256
4038 5167
4528 6450
5527 6361
3116 6879
6568 7312
593 5266
1783 3541
166 2107
1134 1833
1785 7508
1766 6656
504 6412
480 3052
2384 3537
223 3147
343 1812
1539 6178
2639 4911
576 4816
4536 5902
2878 5216
4674 5978
4099 7358
4491 4556
7217 7531
1389 2036
1583 4532
780 2804
1812 5290
2773 3767
2002 4835
4482 4507
2746 3102
3535 4337
5724 7147
3265 4319
4609 5143
2077 6072
2961 4741
1767 4150
617 645
1552 4628
4707 5239
361 6794
123 478
2062 5744
4226 6733
4440 7594
2369 2499
5012 6060
568 4374
1153 7009
2286 2557
577 2121
1462 2828
5126 7087
675 2721
6242 7020
40 4711
1390 2388
6322 7158
369 3220
3506 4902
1474 2519
2763 3804
1999 4540
2080 2126
1255 3406
5243 5519
6558 7466
1104 6458
5084 7445
1601 6421
680 1720
909 6894
1097 4106
2166 6567
2011 5343
1588 2633
3943 4612
904 3075
4144 4757
2556 6830
4713 6885
1646 5056
1051 6401
527 7240
3169 4109
4761 5874
1074 5485
583 2453
793 6730
2069 4932
1610 2068
2656 6322
4380 6119
5296 5458
2354 5386
759 1812
243 3575
1712 3420
1741 2266
1194 7424
4145 5851
245 3402
2682 5054
975 4397
590 2272
226 376
3630 7358
2531 3264
89 2348
762 4988
159 1935
2285 3036
5410 6156
93 1616
2235 5407
6951 7324
595 1659
4522 5029
1496 5344
95 7306
33 6725
6969 7165
4169 7557
4788 4881
2031 3403
5499 6810
1823 6809
5624 6948
1159 2190
5629 6975
4291 5783
84 7074
969 5083
1113 3448
5415 7429
1104 7093
1093 3079
1684 2533
1090 6961
5915 5942
1724 6794
3736 6681
2772 6725
5005 5909
285 5589
1839 6851
534 4457
4052 4520
4622 7534
3193 7519
3045 6829
4869 6617
3447 4044
3732 6502
2227 7163
5724 7271
3141 6865
525 1487
814 5015
1114 1721
559 4193
237 1994
3897 6609
1356 4389
5212 7191
4740 4778
5522 6495
1963 4855
2066 2087
1510 3593
4108 7127
132 5288
2973 7358
164 2489
557 6346
308 1256
4469 7536
1415 7395
4292 5010
1298 1308
3029 3974
3600 6728
3009 6560
3007 6081
1710 4427
4866 6576
870 7297
837 5439
5056 6430
1613 4780
6722 7333
2173 7322
2116 7565
463 3599
5505 7105
3370 6246
1489 7364
876 6417
695 5413
4906 7311
3305 5991
5789 6459
6063 6326
1156 3201
3739 5414
4601 6228
2856 7419
4786 5664
75 6351
748 6824
2851 3293
411 2558
841 4494
4099 5641
716 3265
1021 5502
3084 6019
6457 6517
3950 5048
474 6023
1688 3631
2719 5809
2870 4530
3196 4705
1256 6843
282 5398
2344 6925
4333 4600
594 2554
4782 6285
562 2270
2885 6645
3496 4538
36 483
864 7353
806 1212
1953 4473
6624 7126
650 2063
2908 6586
4419 4883
4080 7351
5467 7232
2273 5321
411 1338
1831 2285
2380 5720
5776 7314
1165 3250
3454 5019
1405 7107
7501 7517
1709 5513
5375 5508
384 2794
1208 4729
1262 3026
1427 6408
5268 6029
5584 6158
2089 2893
2805 7088
1344 6165
3035 5685
998 6589
1161 1976
42 2003
3973 5545
2393 7490
926 6907
3641 6531
5105 6870
523 6536
538 883
2636 5581
2513 4931
3903 5026
2809 7078
1155 6058
733 1406
4296 7134
4830 6227
3004 3133
2027 5128
2127 5691
2131 4742
398 5455
5469 6670
938 4263
1050 7475
1559 1932
6156 7218
1815 6059
1481 4408
1224 4454
292 6984
1048 6346
5744 7449
1219 1898
2908 3072
27 1950
4585 7533
5160 6567
3571 5560
3080 5060
3262 5569
3842 5649
4579 6658
4232 7375
2776 4120
2658 7398
3101 4563
699 4946
340 3525
2494 4745
2249 6368
1537 3040
1679 7481
4671 6082
1157 5223
858 7000
2859 7506
1841 6722
1136 5985
6079 6849
675 3263
733 5807
1572 6152
494 1902
6330 7548
581 3374
715 6861
1118 2977
5147 7139
6940 6968
3443 4125
3582 6398
607 3145
2486 2954
4136 6815
3720 4280
4461 4930
370 390
5515 6875
3044 4442
5041 6577
979 4149
4827 5246
2605 6347
5900 6634
2262 3049
2389 6885
5953 7179
3579 6349
3967 6238
645 2525
3730 5737
4216 7188
5949 7488
2241 3927
1108 6527
497 3140
2118 7531
204 1369
1595 5214
1597 4783
4066 5622
1669 6872
1204 5578
710 974
5339 6670
2538 6216
5194 5447
1311 5446
2805 7350
2467 5858
6119 6593
1479 6477
3257 4111
4644 7090
2969 6562
5779 7041
3332 6624
2134 7260
848 6349
751 3105
936 2431
3832 5037
1390 6391
1749 4366
1958 1959
250 3229
3930 6501
3062 5290
34 5043
3478 3858
1608 7596
1121 6775
2220 4330
549 4881
508 788
3366 3800
575 4693
3160 6062
1290 7319
4353 7006
4180 7388
3494 6565
5753 6381
1244 5158
6703 7608
3884 6407
321 5179
1019 4856
2350 6308
7332 7392
4712 7195
3115 7577
323 2694
4594 6038
835 5704
1559 5860
2500 5476
533 1525
2942 5176
3730 5434
460 2984
1438 4060
301 5284
4388 5804
728 6165
930 2606
5572 6984
4730 6829
543 2932
3939 7298
4275 5423
3597 7383
928 6417
3688 5427
733 7291
1941 3723
3980 7103
1342 4823
647 7161
5885 7486
576 3413
2574 6242
1609 4196
689 3522
607 5221
6213 7506
625 2262
1394 3197
1231 4150
2248 4079
251 3617
3068 3647
867 6592
2422 5823
1351 2144
208 7291
3594 7030
3154 6340
2481 6166
306 2303
5784 6489
389 2813
609 5192
1527 4033
4994 5628
259 405
615 3036
870 972
1974 4556
177 1487
1375 5792
2182 2195
4398 5795
6148 6519
4763 5704
986 6617
2594 3408
2944 5238
710 5509
2760 4502
939 2516
1544 4748
1615 1742
1719 5156
614 7075
287 3540
5180 5943
2378 3072
38 2082
3491 6767
3695 6196
244 650
812 2561
2449 3629
1653 3957
6460 7075
5799 5838
1245 5187
1008 7494
3500 6533
566 4359
4296 7216
6405 6437
2020 3208
4463 6235
914 4380
871 2087
2509 3629
1118 7345
134 6739
114 2149
1899 3465
2366 2988
4003 7618
964 3338
4596 7238
731 1067
4833 6959
1647 1845
4390 5955
653 7483
340 7115
6206 7260
4987 7229
1190 3971
473 2599
1913 2991
2104 3402
4584 7523
3625 4136
1263 5216
1177 5475
559 5875
302 3402
2733 4423
729 3512
2457 4583
4315 5515
3155 5200
343 1429
5860 7467
4109 4733
3026 4531
4441 5917
1745 5726
3786 4683
2972 3511
422 823
794 4583
1791 7527
1536 6594
589 7006
598 5264
2294 6989
1253 7063
3991 6812
857 1695
1201 4955
3033 5275
3097 4882
5805 7493
1425 3225
1758 2949
1576 3549
665 5113
2627 4708
301 1514
4392 6317
1774 6599
3844 6488
4226 6565
486 2915
2640 3582
1204 1622
3830 5928
1068 5550
928 1404
2800 4552
1455 6736
1176 3986
77 6908
612 950
66 2029
273 6215
1898 6062
915 7210
1962 1997
268 387
475 4341
135 754
2241 4815
874 7436
1405 3213
1708 3871
25 5579
2322 6855
1218 4368
1473 3824
6745 7304
4443 6438
1824 4319
676 4575
1388 3622
890 5306
4924 5904
1480 6448
3333 5584
1772 5980
1410 2422
3688 3946
5727 6253
79 4012
3220 3867
1287 6396
3538 5466
599 3280
3048 3320
1448 6872
1827 3081
970 7540
489 2226
5001 6086
5367 7173
2636 2734
5127 6910
4380 5027
1730 2699
258 735
2835 6291
5027 5941
5569 7131
2172 7333
1236 4933
5695 7469
5960 6785
4673 6176
2280 5977
3453 6446
4053 5972
840 2750
213 1160
2410 6238
1323 2261
6567 6727
2676 6219
3720 5058
2789 4837
555 6848
3490 5857
1257 5228
1125 6183
5684 6591
840 2552
1832 6223
6958 7441
673 3786
765 5625
2649 3452
2915 5209
1216 1399
1539 5836
2377 5078
730 4737
3052 4258
2588 2895
1188 4803
1065 4758
1639 4217
3216 3603
1326 6219
3238 4865
4207 6031
2022 6772
556 2135
1982 2786
1888 3633
3773 6317
414 691
4757 5304
4339 5222
2729 6146
1232 6717
246 5482
714 5461
616 5669
7059 7477
1463 6153
1264 5067
4607 7216
907 1223
3397 6666
2348 3904
3762 7286
238 1991
1373 6308
119 2480
3978 6459
103 2303
1685 5806
5363 5736
1256 1541
841 2694
1917 2557
785 5725
6753 7218
2339 2727
3656 6149
2357 6614
3329 3858
1133 2020
540 4198
4883 7093
3525 4320
307 3712
4688 6501
2913 5668
3305 7510
1494 2748
5417 6261
1236 4853
613 6039
168 4422
2400 5000
2284 3546
492 6396
1059 4437
3442 3507
702 5004
3018 6693
1381 6767
4719 7014
3351 6209
2553 3067
2658 5164
518 2260
1533 4669
5154 5780
1938 5398
2692 4991
4870 7622
4169 7331
2082 5491
237 4340
657 7015
661 7145
2285 6857
1625 5268
1946 2589
1418 7132
4186 6639
2549 5349
1876 3181
4406 4966
1915 2228
5083 5291
3283 7194
7008 7227
1841 6294
4351 7269
135 967
93 7414
1439 3255
915 3535
3683 7229
4523 5246
388 5144
6311 6771
463 4029
2402 2421
1799 5761
1906 5017
74 638
1659 6240
2940 7340
4618 7211
429 5975
1341 3754
5742 6745
1515 3901
1492 2146
2383 7434
1188 7216
605 3875
6333 6890
93 3012
2260 2824
1568 7079
5281 5982
5757 5915
131 4773
5194 5328
4144 7086
4457 7442
4399 6005
2094 2682
4040 5624
4116 4703
2413 4645
859 1243
1246 2120
20 5765
477 1267
967 2979
1758 3689
4860 5397
1062 5336
2548 7263
5151 5157
996 3207
2296 6413
394 7146
691 5833
2225 3297
4798 6361
534 2128
4170 6129
2479 4521
2013 3979
399 7532
4881 5733
2134 2933
3151 5178
1603 3940
931 1366
2068 4500
1252 7407
2322 6444
658 1979
2076 2482
5130 6861
2593 2599
3342 6614
3147 3726
1599 3020
2032 3948
3484 4913
748 4438
3121 7561
5711 6829
1969 6298
4100 7428
376 973
6534 6760
3894 5967
88 3897
751 6616
115 3698
2434 5183
5560 7459
1723 5397
6629 7524
1366 5702
1753 5098
3608 4192
1658 5691
3347 5894
2090 6114
1603 2460
6466 7429
1108 2858
4039 6675
1266 4164
2285 6339
205 6827
1844 2695
2600 6331
3066 6297
307 1885
4857 6517
4012 5257
626 6075
306 3800
4982 5807
3097 6446
6636 6970
1085 1967
798 2889
1482 6133
3196 5206
1613 4420
168 238
713 5664
1841 4281
1507 5081
343 2295
2223 5132
3491 4579
3700 4933
3554 4739
3015 5414
656 4622
298 2743
304 3095
1383 4730
4819 5801
1557 6536
2864 4044
977 2939
6028 7013
3724 5118
153 7492
5900 6495
3250 6297
929 1573
4450 7221
3732 3887
243 1145
2152 7563
2944 7146
326 7093
932 6208
3849 7307
386 3495
220 5541
3605 5003
1093 3336
3719 4960
2556 4215
3221 5844
210 6410
107 5164
2615 6251
3438 6090
4244 7616
6528 6536
5229 7471
1438 5993
263 5371
5553 6335
963 3694
1888 3256
2363 5839
2021 2581
18 3190
976 3622
5495 5709
4457 7305
287 7223
244 2800
483 3020
1230 7204
1312 4922
656 5907
1284 1769
3011 7405
3427 6946
1626 6041
915 3341
4782 6916
1198 5537
3443 6461
1177 6514
3075 5729
3570 4683
3436 7454
2069 2368
800 1493
3507 4131
3810 5161
2502 3750
4516 6268
2964 4682
2237 7280
4326 5609
5579 6696
2111 4462
5362 6974
2496 3742
1798 6152
3466 6236
6437 7148
979 7244
6302 6666
7239 7368
4626 7467
2470 7122
64 5457
27 7209
862 7365
244 4896
5404 5519
1731 5104
3929 6798
4168 7184
311 803
3169 7577
239 1672
2095 3024
310 2400
1509 2196
125 257
4242 5834
2846 4859
225 3611
199 3090
5487 5860
694 4927
752 4062
3052 3566
100 957
3070 4678
5732 6313
1446 5544
2333 7009
2489 5891
680 7394
7076 7578
3001 4290
990 3848
3407 5261
5759 5829
109 4890
2276 6191
6209 7528
4942 6589
1585 7101
2051 3906
7204 7207
4750 5240
6161 6447
394 724
1053 4845
4302 4909
2363 3443
4528 5446
402 7489
3164 5794
824 6536
1743 5238
211 3568
1208 3405
1139 6585
3403 5012
2989 3494
62 5603
471 7511
4041 5625
4396 6216
6435 7133
1127 3860
4075 5470
957 1965
137 4372
6291 6760
969 5607
351 4198
1375 2106
33 6975
2597 3983
3449 4066
2417 3304
2678 3858
2626 4641
1135 4171
3113 4984
1852 2444
1665 4658
1383 4988
857 7065
1107 5517
96 764
1734 5825
2395 6705
1621 3619
2325 2343
4516 6069
5005 6218
1959 4480
5321 6787
1650 2309
536 5476
3061 5693
1817 6602
1349 4586
2253 3419
452 4763
3352 4404
1583 6366
117 6046
775 4212
7290 7410
460 6011
4301 5288
3149 3802
5433 6845
3642 6863
1506 6024
2180 6976
1699 5240
918 4991
35 565
2468 5722
1042 1860
94 1534
1708 2543
1601 3251
896 2332
671 2163
5936 6474
230 1862
29 3026
1413 6096
2355 3465
375 2812
279 927
2288 7268
4224 4827
949 6485
614 5138
982 3750
434 3079
603 5610
3251 6384
3178 6549
3700 7302
5476 6523
2076 6411
842 2183
6440 7340
400 6389
7202 7227
1552 2747
2639 6988
1098 6097
1989 6389
3092 6661
1245 2211
1172 6991
192 3430
642 3521
31 3945
3919 5743
37 6157
3166 4975
728 2447
5852 7084
1494 2850
12 2357
671 6735
3608 5451
2391 2670
3236 7588
720 3043
1957 6081
1811 7472
1450 3889
1458 1508
3299 3896
1781 6365
2007 2545
2931 5967
7422 7609
3249 4542
822 3908
3207 4444
971 5086
2756 3919
1721 2872
3520 4466
2910 4362
2653 2722
2469 6435
897 2704
2616 5261
628 5627
2270 3200
1506 2923
2933 6566
5006 6922
2901 4245
114 3435
980 6549
1439 3015
997 4769
1477 7377
3562 4524
393 510
250 5651
4922 5591
4112 7063
1653 5150
2573 2831
1011 6608
5690 7011
5897 6608
3883 6594
2347 4136
2129 2905
181 714
3899 4873
1600 4862
5866 7080
59 1378
1674 6368
3577 7142
2408 2472
1419 4859
2797 3733
2225 4968
4922 6443
1441 3839
1453 7574
140 903
4633 5088
295 5283
898 6429
298 6080
2951 7333
2674 6304
623 1997
152 3414
2865 3491
478 4044
4226 5956
3620 4046
1276 3895
2723 7579
2203 7587
4067 5923
781 3871
377 551
1150 3915
1617 4662
3664 4239
5099 5952
2240 6367
396 2346
3542 6196
2522 6788
5779 6104
2344 2551
619 6135
6247 6447
3658 7113
4383 4458
3135 4797
2266 3707
5507 6632
3161 5300
2979 3887
3130 5039
1300 5700
5317 5471
1704 3312
3991 6689
5848 6096
1810 4784
2561 5463
1405 5941
276 399
869 5463
5352 5419
543 2390
3746 5567
2482 2945
541 6990
2130 5739
351 2949
4993 5528
1196 6529
116 5693
4641 7501
1845 5844
5358 6259
1101 5224
1695 4403
231 6587
487 2869
1660 6359
4714 6056
6470 6483
218 6410
6141 6415
1772 5300
6441 6866
2829 4594
362 4452
837 6117
870 2995
3734 4854
697 5748
71 4275
1008 5491
1594 1676
1844 2123
2937 7436
3598 5468
2947 3884
1310 1973
3624 5030
2145 3451
4438 6460
3926 6413
3836 5038
4677 5262
1738 4830
5098 5149
611 3996
2845 6223
912 6568
2956 6090
780 3319
161 5421
499 6498
2094 5473
532 4060
4948 5593
1089 6547
4779 6487
3608 6204
1008 3369
739 5203
3965 5892
5436 5689
3208 5853
1961 3227
2751 3291
3274 3659
6034 6142
335 5396
2163 4959
1484 6116
355 4131
268 4448
2015 7314
262 1092
5242 5740
1640 7237
1343 7158
5102 7474
4608 6902
1525 5149
2342 6091
1020 2275
6632 7137
1339 6035
957 5372
3655 6488
2606 7096
3904 6596
7111 7302
3000 5620
2345 6347
3382 6231
2336 5444
864 1097
592 3949
114 126
2242 4890
2377 5593
381 5893
460 485
5354 5396
2548 2756
2223 5430
989 1381
627 3372
3725 5918
1753 5259
409 3480
840 2703
557 5095
1564 5082
4332 6829
320 2313
95 2680
2162 2663
1443 3681
3426 4721
596 5610
416 1225
3489 7058
2000 4910
4960 7310
4012 5044
5642 5959
4094 7117
2113 6062
1428 2079
1371 2677
52 6010
208 3011
2183 2567
1591 1853
2925 4208
423 1061
2360 3181
689 6600
2851 3612
1153 6484
3812 5020
3295 7264
2140 5006
3148 6107
90 1727
2517 5177
1296 3422
2207 4907
1941 4851
333 3624
220 2045
133 6394
774 812
1339 1887
277 3675
1362 4311
3670 6982
3089 3586
3458 5317
4708 6246
1578 7099
1832 2456
1692 5340
2309 3432
2918 6719
5906 7443
1514 2478
2190 3292
6504 7356
5555 6717
66 3370
6401 7034
5531 6190
3919 5969
1029 7540
280 4723
4246 4814
4300 5901
649 3040
571 4641
84 3246
4641 4712
5129 5436
467 5728
968 6186
972 2734
899 4481
1189 4853
1514 6558
778 3222
1160 4459
613 4883
395 2834
2905 5883
1927 4011
480 2436
4452 5916
6089 6535
2826 4204
3321 5510
889 5159
2204 5065
2686 7059
596 797
1589 5164
4392 6613
4948 5313
1551 3413
4817 4945
185 2980
1607 3776
4191 6459
6476 6850
935 4838
1920 2369
2501 7299
1164 4892
6173 7159
1242 5492
2150 4993
4232 7596
2923 6470
1056 7229
559 5088
3207 7191
2584 5093
6805 6945
2449 7102
1864 3675
4581 5051
2283 5458
5044 5483
3334 7258
851 4402
3984 4779
3049 4216
3357 5398
578 5390
1930 4194
2835 5639
353 3622
3320 5893
1928 7338
109 6400
3474 4776
5692 7303
1155 3741
5011 5520
5172 7017
2620 6206
3838 6187
3634 4902
924 4430
1080 3642
564 4538
3218 7521
2897 7263
725 1391
1501 4791
2875 6899
1184 3646
926 1394
1505 1736
6039 7539
5407 5857
3034 4361
462 2265
2523 5964
811 1296
223 3521
1333 7228
3260 3332
2954 3629
4051 6283
4941 5942
2340 6071
4029 5785
3522 6049
1472 6277
1076 4043
2368 6006
379 4037
462 5036
1727 4507
5626 7033
1090 2596
2110 4042
246 5915
2254 6887
4221 6750
1361 7614
1572 6769
3507 5816
3172 6905
178 618
1129 7115
933 6068
5502 6749
266 3122
4564 6003
697 1273
2834 5348
3634 6375
3011 4242
1144 2587
3937 5658
2185 5170
3595 4559
1934 4337
5117 7447
2435 6532
269 7186
3461 5100
2574 5323
288 5924
4795 5879
748 6957
318 5902
4413 7185
922 5014
4880 4988
1993 2396
172 4904
143 1393
4904 6321
2175 4435
3634 6514
2987 4737
2440 6249
1134 6621
6209 7012
1443 7317
5607 7183
1321 1412
115 6694
3501 5348
1664 3446
2319 7085
722 884
3454 6704
1708 4102
5782 6037
3165 5679
4306 6128
1853 5651
745 5015
912 5599
2012 3460
3605 4050
1491 5305
352 6516
1242 6832
3459 4409
2355 5663
3740 5924
5670 5734
1397 1438
2485 6819
2427 6885
2870 7596
2453 4101
2819 5164
4197 6829
2875 5335
1039 2916
985 1399
1675 6168
1798 7268
5926 5941
278 1312
1070 6123
5040 6362
1612 5726
3144 4884
413 2399
1120 5409
4380 4892
2243 4679
2968 7535
322 3740
1704 4859
5098 6334
4070 5720
517 1324
1242 5948
857 6646
3025 5587
764 5286
2555 3852
4058 4969
955 7198
220 5226
4017 4287
2403 2684
3775 4655
3147 5777
448 3070
6626 6643
4358 4570
985 3413
6287 7355
729 3347
66 7430
6767 7202
4382 6346
1958 4195
5168 5876
3683 6312
831 2591
378 6807
2665 6916
997 7004
3533 5971
1654 2928
1662 3626
1379 2966
3360 4172
4096 4303
2576 3326
2048 3043
913 1984
666 2813
732 4389
1867 3993
6010 7427
963 4607
3019 5782
6752 7254
4514 6594
3767 4515
2339 5796
717 6102
2588 3201
422 6730
7 4083
2289 6347
1623 7159
1444 2354
3973 5873
1670 1856
3144 6400
1314 5704
1024 1169
4937 5321
4649 6580
2897 5596
7134 7457
495 566
4936 5612
5598 7254
232 5171
4342 4831
949 7264
2330 4689
5715 6038
1494 5237
1011 3830
121 4406
2198 7043
823 3790
2098 6789
2763 6197
4105 4242
809 1684
742 6841
2245 5843
3331 6944
2366 6125
3668 6360
4115 7576
2039 2511
5145 5449
2051 3263
1547 6054
5687 7540
2006 5946
1485 7337
766 5393
1505 3241
869 7544
1179 2328
280 1016
363 6144
873 1754
4731 5299
3193 3606
4720 6263
1781 4126
981 3440
4552 6982
4672 6969
4456 6548
3486 6801
1869 2474
691 4392
2428 5557
592 6391
4357 4374
1024 3157
4234 5163
1633 1818
2294 5668
20 3932
4029 7431
1839 6223
1980 4475
1221 5799
1624 6143
1506 2597
6647 7426
829 5631
1474 7086
171 2636
371 2231
36 5420
4713 6798
2788 7061
1426 7114
2843 5509
4032 4590
4469 5459
4555 5614
848 1557
2358 3032
1142 4834
1096 5636
657 4065
5455 5548
1222 2818
4364 7006
408 3249
5208 5983
1861 1992
6941 7589
3796 5320
2519 4187
3866 5519
6005 6639
274 7332
445 5949
2888 6694
187 6007
600 2952
1257 7476
408 4140
3184 3581
613 2950
938 3359
2356 7011
615 5945
486 7347
1381 5951
233 5002
954 7282
4170 6996
482 2397
5603 7471
204 4473
1350 4855
5849 6726
5382 6741
4928 7346
2052 7494
566 3871
5145 6472
5496 6150
524 4162
1645 4957
1795 5394
1918 6767
1259 4797
5961 6246
1887 5794
3402 6811
1136 4067
4453 7120
2519 5251
1379 3488
4053 4733
101 1377
1419 7212
588 6066
5166 6261
2013 5344
3072 5346
6617 7140
451 7181
824 3502
4008 4721
5056 6898
2710 4317
2637 4432
2176 3728
3125 6223
6856 7126
3024 4018
1176 1572
830 5264
2725 3273
6667 7036
2190 4493
2830 6981
149 3074
4478 4665
1067 5172
2271 2750
3869 5564
1206 5162
1158 2787
2395 5807
3532 4494
5340 5457
3948 4265
4913 6978
1842 2900
4840 6632
3324 3616
2522 5381
3207 5237
3777 4115
5195 6882
4017 4266
4258 4670
1388 2939
2206 2927
2682 4791
3445 6881
1218 5155
2089 4084
3334 4740
6606 6878
774 2381
1174 5147
102 6154
6449 6973
568 2546
3553 4412
2266 4919
1301 5260
2738 5238
1667 1871
834 1343
6519 7524
3388 6809
3400 7336
347 5023
4683 6955
1480 2507
1209 1544
666 2414
2911 6236
1011 4369
2290 2749
1764 7392
2541 6135
3599 4464
2969 4502
731 3400
732 2855
1454 2819
2461 3581
3472 5192
1852 5619
1828 2991
2853 4482
5300 6845
3325 4410
1268 2661
5298 5589
3771 4295
2159 4577
1718 3407
4568 7331
331 7054
151 3660
1128 4014
5348 5409
598 909
1538 6946
2204 5092
4751 7297
4866 5768
2957 6693
586 3825
1684 5922
2758 5587
655 6827
4363 4648
138 4047
2327 4286
2797 2806
178 6849
2134 5980
114 993
2313 3239
1874 5561
4097 6288
2423 3384
931 5968
979 5207
3982 4699
4182 6342
1845 4056
748 5003
2254 5592
755 4497
1911 6696
2670 5445
2739 2809
3185 6215
3545 4829
2662 2744
4660 5297
4560 4831
2795 2812
1104 7485
4970 7331
9 1930
2995 3152
3883 5239
536 7517
3264 7192
1549 4232
2657 4087
2389 4059
3376 3951
1270 4813
923 2559
658 1997
4341 6460
2085 6688
4225 7026
5001 6621
5336 7145
952 7239
619 5183
50 1089
601 4632
1914 2255
1236 6234
15 1356
1175 1305
6523 6654
2016 6016
1373 5405
2136 4191
1966 6793
624 2790
5616 7017
560 2362
3150 3444
3681 6073
1888 5512
4381 6664
4966 6322
2472 4698
4749 4799
3666 4962
3568 3918
2887 6739
4624 6212
5 989
849 4332
4736 5044
576 3750
3190 7035
884 6622
5541 6693
1743 2336
2387 2612
3640 3963
4845 6044
881 7594
5912 6513
3448 4876
257 3933
718 1001
4084 7410
1809 2412
594 4672
5664 7482
5016 7459
1751 7498
292 6998
6019 6568
289 5120
3573 6525
598 2999
3722 5794
275 6056
5094 5862
6281 7054
2873 7093
2786 3437
1258 4814
1527 1742
2524 5996
5538 5884
4229 5231
4027 6024
2433 4132
3801 5983
273 5693
4550 6721
2593 4976
5161 5507
3207 3217
3672 6911
1881 7244
2840 2890
2134 5081
2830 6662
270 6889
457 6127
4490 5224
5073 6486
3998 5802
209 432
613 2191
6599 6917
2354 4175
705 7084
895 1214
1426 2537
1817 5556
386 792
4749 5546
2150 4697
2623 3313
5348 5769
3039 6727
711 1850
1279 1746
2096 2952
3409 5966
2695 2839
2205 4404
5757 6862
4594 5173
976 4486
425 1110
5501 7394
1364 1594
6289 7121
2539 6835
963 4761
597 6402
2900 5918
2607 3470
1735 5973
27 1394
109 5180
61 2127
1994 5040
5417 6651
2984 7469
3208 3276
2200 3312
1653 2931
395 6159
3847 7368
5988 7358
4082 4393
2055 7586
6228 6927
3013 4270
5359 7182
535 4864
2719 6769
4511 7043
834 5956
661 2846
1297 5121
4805 7302
697 4572
1568 6824
1997 4589
1949 2684
1820 4882
403 1647
5467 6939
6649 7091
1377 6734
54 7055
776 3370
1377 2223
3042 3213
879 4575
1550 3807
485 6938
432 3974
6529 7032
307 1442
1463 1994
1631 6818
1993 7070
456 1990
496 2805
1015 4911
125 915
4971 6009
848 3710
4301 5051
4137 4714
829 6808
828 1845
4603 6573
421 5997
1329 6341
4304 4810
3050 5634
2725 5361
4098 5514
4141 4330
3727 4068
4789 6252
2354 4734
4326 5312
1786 5870
308 2576
3415 6933
56 3622
334 2452
3111 5285
462 4242
2492 5948
19 3028
1247 6697
1787 5698
3133 3555
5568 6336
3327 7201
6766 7377
135 7505
3669 7281
328 4208
3211 6642
2922 3217
253 4143
6601 7293
6373 7405
1112 7149
258 2173
1048 4316
3844 6217
4449 6450
4940 7341
6887 6990
2294 2335
1094 4766
1508 1910
1897 2811
1917 6293
1858 5354
4687 7284
1844 6767
1869 7438
1693 2594
6022 6104
1419 5324
4240 5981
1633 4055
387 4955
3865 5657
1382 2541
1314 4745
1179 4365
1924 3090
1798 2533
2320 5428
1987 6910
3147 5709
804 2454
5387 5445
1926 2011
371 5193
5381 6151
3710 6563
2624 5541
2107 2626
5768 5908
3116 6109
262 4610
437 6051
4713 7124
205 3860
953 2552
1701 6057
3001 6069
1596 4687
1870 3424
2856 3041
485 3943
4003 4742
7491 7560
98 5509
6870 7174
2314 5508
777 4990
4193 6865
1337 1615
595 7374
1915 7180
772 3822
857 1065
1214 7589
1496 2371
842 5734
2048 5585
2079 2402
2335 4346
3063 3883
2871 6856
3712 6770
4453 5034
2924 6520
2804 6154
983 4108
867 7026
3145 5836
3246 6935
4535 6668
4272 5311
3878 4511
611 5630
1381 4245
3110 4607
2937 4744
333 4730
1856 2045
501 2900
243 2130
4693 6641
720 1931
4256 6152
5716 5953
5470 6001
6689 6918
564 3246
164 2207
1674 2156
1077 6149
4393 5249
958 2366
5240 5321
878 1878
3351 4987
1874 2109
2203 3083
2966 5276
4731 4892
4323 7313
289 6306
1427 6268
1981 3918
1894 5497
2459 7373
744 3528
836 5102
3368 5132
4839 4938
7001 7421
5732 6020
1941 5780
4047 7331
5207 7359
170 4473
5056 5067
5085 6600
1579 5230
1928 5990
122 4933
3877 6401
4939 6090
524 2778
1864 6517
106 3874
5101 6423
2494 2960
1662 3911
1475 3948
192 7275
791 2323
3781 6097
1717 4052
2544 7383
3433 6253
5394 5652
1440 6913
563 2616
2109 2214
6524 6574
2359 4727
4823 5615
6560 7540
5373 7086
248 4416
4126 4366
4532 7214
2583 4455
1659 4936
3518 7205
603 3270
720 6153
914 6373
1214 3861
4488 7425
4473 4687
535 6102
1738 6511
4107 5916
2569 6216
3824 7442
1185 4935
1165 3183
1614 4118
5000 5733
1543 2287
866 2367
3053 6355
650 1726
2569 3235
2054 5490
1657 4616
182 3261
3492 6440
1413 4123
1882 5261
411 3107
1590 2783
3712 3891
1602 7172
1357 5186
476 6383
3405 6174
538 4702
6854 6877
1235 4029
5906 5980
257 4955
4372 7251
1467 4488
496 2165
3881 4256
2768 4638
4060 5427
3404 5884
307 6740
1725 4882
668 6560
4407 6666
3206 7304
593 2514
847 4142
2191 5299
3781 4254
2114 2444
2438 6950
4531 4996
6650 7284
281 6459
4096 6442
918 4111
3294 3974
2616 6330
3737 7148
788 4535
5573 5775
5890 6452
3912 5956
3405 5474
3676 7303
599 1208
3285 6681
4026 5641
2561 4632
879 1802
103 4684
4317 7438
6959 7260
2555 3269
856 7353
521 6595
3167 7284
5124 6465
5133 5887
21 568
5595 6184
3123 3317
7287 7619
1246 1729
2376 4984
460 3504
1668 6895
1442 3190
1300 3646
3369 3424
48 4300
2405 7008
2814 7397
1112 6902
4864 4874
50 5967
1136 4000
2195 6040
6380 7395
5358 7500
3475 3972
805 4741
3375 3958
485 4169
208 4571
3233 5645
2595 6175
1296 2733
233 7545
4624 5690
6711 7291
1170 5393
1505 5979
224 4354
5503 6453
2195 6060
2828 2912
1362 6676
5394 5688
2453 6184
2150 4693
333 7053
571 4192
913 3291
350 6757
2588 3421
1567 4044
1656 3164
612 7472
1487 2096
2739 3466
2278 6009
2402 2854
4043 7218
673 7167
4219 5476
4988 5856
5820 6652
500 1187
4702 5380
1633 2658
2127 2831
149 6833
4502 4988
2861 3090
100 4609
5476 5695
682 1000
7111 7342
2496 7537
710 6202
969 3695
3038 5368
3454 4882
5167 5830
1198 1872
4818 6844
5999 7246
551 5333
6857 7421
2798 3938
2060 3226
2246 4679
3190 4775
595 1767
5797 6841
5927 7019
1609 5365
586 2518
954 4246
1581 2418
520 3853
1517 1604
1079 1099
444 7561
2465 4593
1842 2486
5232 7192
6166 6773
2890 4429
1724 7090
2524 7294
1349 3113
506 3514
656 1966
5355 6648
3538 7289
6759 7180
1244 2270
616 7140
5197 6524
1109 4203
1128 2340
2768 6231
5190 6070
519 922
4810 7055
105 7091
1922 5965
280 6482
2859 5015
977 2915
280 982
3558 3700
154 6431
1570 1919
3161 5282
4968 5347
3245 3577
382 1721
35 3838
229 4502
3607 6751
733 6370
1491 6844
5681 5898
290 2971
54 1547
4424 7584
3921 5549
1193 7295
3366 7510
4171 4208
4760 6203
300 6628
3565 4725
3861 4836
1279 5551
4997 7274
3116 3271
4883 5348
858 3736
1330 6488
6847 7289
6230 7327
2691 7166
2094 2415
240 373
961 4623
4557 5250
105 3277
3177 4904
4744 5075
64 2394
1398 6202
1510 5845
6095 6772
47 5357
66 6313
1505 1942
230 324
1199 3379
2491 6679
3542 6919
3280 4813
1856 6545
1012 2658
4563 7407
1368 7376
1813 2379
1878 3410
1377 3098
1142 7295
1084 2376
2062 2125
854 6552
2754 4473
1758 2230
4351 4768
668 6252
3820 3878
711 1537
202 5397
3882 7029
264 5340
7265 7347
369 6937
2188 4066
862 7195
3204 6062
477 2696
901 7054
3550 6908
2873 6275
1835 2408
2306 5799
4240 7114
4363 5180
2047 2192
5933 6150
837 7254
4432 5062
1899 7003
992 1956
3626 6183
6560 6564
2132 7286
4749 4859
2465 3026
1603 3676
1103 4401
1141 7033
180 3190
2593 6196
6287 7351
2745 6926
4803 5212
1726 7248
180 4310
4373 6334
1221 6880
2093 6169
5221 5697
934 6431
4854 6584
331 3843
6194 7603
2242 2560
3065 6395
1876 5035
1522 3284
953 5348
2334 3135
779 6101
758 4894
679 1659
1106 3731
7061 7132
697 5150
3905 6911
232 5175
4473 4643
5927 6557
701 4221
395 1867
2850 3243
2733 5902
251 6498
2983 3521
2576 5950
2003 5739
2789 3777
6608 7593
1606 4294
1677 4974
1271 2411
8 1412
74 3297
5518 6467
6046 7018
1775 4689
1843 6504
2023 3183
5144 7080
2001 6655
4270 5855
948 7311
2015 3988
3623 4923
1772 5415
1869 6300
6360 7238
2058 2169
4960 7380
525 1322
3300 3688
3887 6857
1214 6902
3849 6429
1567 4057
2062 6422
473 4992
3161 4651
729 6967
1960 3584
470 3510
1027 6708
2137 4473
3403 5450
963 5561
3696 6215
1579 1784
1235 2218
1221 6537
432 5184
4762 5001
1463 3897
779 2928
3492 4151
5395 6153
229 3133
1457 1744
2172 6660
1770 4021
6771 6795
1905 6024
844 6435
1755 4503
5390 7372
1314 2943
707 2471
3239 6445
2938 5763
307 4428
1685 4815
326 5286
1401 6369
4344 7025
4518 7411
617 6932
396 2225
3416 4688
490 1647
5388 6374
509 1195
665 2492
1488 5247
78 1477
4100 6052
2683 5344
2529 3816
4257 4631
81 3419
4018 6371
5736 5989
2111 7129
755 2829
49 5172
2822 6258
321 5401
3659 6485
2831 4210
1218 1618
4944 6319
3152 3455
3950 7234
325 1800
3219 5934
1186 1790
3583 4004
133 5927
135 6729
4562 7581
2155 4793
846 4744
2038 5948
2351 3671
2793 4159
2419 3278
3473 5496
1782 5588
5066 7357
1467 6505
2712 4755
2338 5134
941 7016
4072 6438
3024 3323
6609 7298
2628 3598
474 594
2956 3449
923 6075
1637 6494
1380 4919
2950 3741
3697 4991
1817 6004
2911 2931
4594 5056
4705 6257
244 7344
1322 2721
5381 7155
6241 7120
818 3258
4693 5745
287 1322
3345 6259
357 2996
3214 4936
2781 4914
2704 4400
2484 2528
2474 5609
1245 2450
3204 5941
4286 4447
2674 4375
2309 4134
5839 6385
5287 6689
6255 6610
5523 5855
2663 4452
5285 5648
2977 5277
5489 6894
434 3467
5085 7460
1695 2332
404 3599
3286 5503
63 2558
445 4014
1012 4719
425 3045
72 2490
877 3195
2806 6627
2087 7143
1284 7261
608 6163
1780 4311
396 2292
2603 4799
6842 6907
149 5268
6390 7338
477 4619
1131 1399
766 4760
2888 4627
243 4729
803 3745
946 1789
613 6819
5964 7066
1899 6034
5191 6648
2485 5875
7435 7444
3895 7168
5447 6418
1349 7479
788 5428
6536 7221
1937 5983
2179 5667
362 1888
5203 6547
5808 7419
5591 7033
3544 4325
2764 6612
4193 7035
2884 4185
2966 4601
2641 5969
467 5572
3613 7161
5113 7065
922 4209
422 3790
2804 4964
379 1753
1790 3984
458 2712
5326 6602
4937 6320
1842 2342
6195 7547
475 6209
250 5590
1478 5065
2024 2724
2181 5477
5662 6642
2002 2915
689 2279
1297 4252
1020 1373
3170 7557
7426 7463
2838 5793
6106 7612
4289 7304
2531 2610
5663 6838
401 3814
1989 3026
365 6390
841 3395
3513 5305
1431 3335
552 1917
2741 4694
5692 5761
828 4836
5879 7244
657 7400
422 7166
844 1946
1363 7380
251 3583
3449 6897
1074 5924
1415 2386
5262 7431
1563 6815
3407 6376
1115 7460
2705 4214
3774 4699
23 2760
91 7115
3710 5671
3453 6775
3519 7290
115 1138
5215 7100
4378 5956
2319 6110
4588 7467
1751 2997
1366 5824
63 4305
1967 3248
7024 7225
2022 6446
3660 5612
99 4326
3911 5292
7210 7230
2500 4962
3720 5516
1603 4240
3848 6132
69 1378
861 6569
2709 4386
304 1082
618 3154
4651 7527
2107 2638
843 1858
2163 7250
4919 6789
2945 5575
2785 6182
26 7298
2503 4608
245 2529
1226 2147
3104 3952
5340 7173
1593 5140
744 6918
69 4269
1322 3223
3588 4145
5 6192
2125 6501
266 1727
5134 6025
4226 6862
1417 4159
1458 7154
5593 6257
2826 3413
2912 4396
2030 5426
75 1298
2227 6544
458 6646
2843 3116
4054 4421
2955 4703
475 2450
726 3525
139 1933
1318 2242
3095 5620
11 5657
413 3156
640 7155
1433 7389
116 5143
1026 1889
904 5350
2266 4621
1020 1986
2882 3767
2604 2812
823 3061
2832 4735
4266 4276
461 4733
4511 4997
4658 5580
3914 6288
4442 6875
385 3037
1670 4003
2225 5003
3977 5259
6464 7039
4943 6221
1312 3232
238 4200
831 5607
5270 7158
2779 4243
899 6181
2606 6687
6186 6707
2628 5385
5117 6076
1648 7580
218 2704
1119 2592
235 2485
4317 7358
3455 7412
1609 6019
625 3872
4162 5785
5529 7464
1378 5343
4616 7414
5251 6982
720 3028
590 4336
2062 5044
930 4180
757 966
229 7209
916 1092
1148 6973
2611 6657
165 6565
1961 6187
7045 7123
3142 6618
2341 6423
3165 5563
3743 6575
757 1403
3412 5351
6658 7019
4766 6785
3819 5617
1750 3582
6149 6824
991 2333
5610 5926
1495 4139
1542 6048
1646 3679
1554 3173
362 4561
4408 5725
3066 6415
3605 4836
3648 4958
3775 4158
4502 6556
2610 4394
550 1270
1210 4926
3978 6757
1122 2714
3856 6731
2961 3482
264 3644
978 3625
225 1341
4080 6263
5281 5596
3621 6134
5473 6423
1122 1933
1093 7606
3112 5037
4273 4468
133 3249
1195 3665
6057 7058
1064 1515
947 5990
2489 2764
473 1134
1402 3696
5910 6126
3011 3585
546 6166
1553 5384
1423 5464
2984 3228
6668 7610
584 2008
160 5026
718 4645
1577 1669
5620 6952
1561 5534
3254 5805
411 708
6632 6718
618 2883
1944 5722
2523 7454
236 6001
655 6200
5068 5289
5629 7527
1960 6015
5269 6944
4561 6809
3850 5775
3651 3947
1655 6815
1503 5934
2263 6669
351 6445
6406 7379
1495 5154
203 3729
909 2648
1008 1345
2403 4034
3513 4351
320 865
3375 3567
2369 2712
413 3261
153 1700
4526 5422
1741 1968
2509 3899
3547 3671
1714 7251
3537 6959
4246 6979
108 4866
1418 3642
1900 5707
1174 4541
6048 6489
3601 4088
2069 3469
1874 6388
3072 4120
3445 4543
794 4167
1578 4875
996 1006
3216 6715
114 4993
4125 4557
3355 4741
2583 7573
2914 7006
347 5744
744 3653
1980 5916
3048 4980
577 2878
4625 5092
2641 7277
2178 7324
4981 6933
3076 6211
2106 7185
605 714
3622 3849
2006 6324
1378 4999
2716 7559
650 3879
4242 4543
3028 7286
3576 6059
1742 2720
3545 5754
2797 4992
452 3541
399 2268
2993 5067
1827 3114
981 2476
3582 6617
2390 4651
221 7082
2294 7529
415 1637
3792 6473
3400 4321
1780 5414
1258 3989
5926 7381
2563 5921
16 317
2365 3626
4053 5323
1947 3435
732 2560
1086 1753
2418 7428
5913 7552
105 4844
4017 7102
0 3808
1355 4981
1698 2013
870 6268
4738 7460
5870 7497
1397 6828
708 3186
1600 4137
5882 6718
1753 6065
2087 2858
4650 5729
3160 4097
3460 7435
1477 7108
5240 6055
2437 3988
2405 4716
679 6774
25 4258
2695 3593
2280 5061
4142 7193
147 5843
714 2504
89 138
5431 6056
222 7196
294 7127
3981 5323
342 6522
4820 5762
3354 6723
3005 5417
2704 5390
119 4766
66 4313
1346 3107
3980 6354
2439 6145
942 6496
3609 3820
3732 6923
1164 7349
6306 7519
2848 5142
40 1827
807 5539
378 2708
683 2634
4770 4892
1102 7203
5116 5576
5525 7070
4565 6716
2209 5601
4024 7615
6177 6946
3228 7265
1620 1842
3960 6343
77 7001
1866 7411
5497 5714
571 3523
1881 3890
1650 2452
1908 3065
2407 5077
3031 3135
62 5440
3437 5296
5136 5475
4435 6864
3310 5991
2144 2309
5312 7235
5499 7296
3541 4743
4139 6638
87 7193
4365 5277
3645 6186
404 1947
3216 6471
4094 4670
599 2945
2042 6083
1469 3793
1231 2758
456 1625
1176 2686
5753 6471
1366 6295
4712 5552
3301 3998
7159 7535
4286 6111
4666 5997
3626 5235
7 3022
1706 3979
1948 4777
4916 6303
464 4675
2936 5942
2472 4260
2328 6464
7291 7607
4825 5519
1467 6622
4684 4909
2477 3858
1681 2704
3112 4335
2798 5676
1890 6607
2434 3870
1136 2422
6881 7241
4640 6314
178 5699
1041 2406
2106 5254
272 1568
856 7204
2056 2162
969 4819
4584 5229
1563 4945
1804 6962
3707 4623
6493 7339
277 4404
2793 6059
4651 7372
1404 3302
2183 2634
1531 3639
925 4897
776 5863
3396 4542
2152 6648
2103 3982
2238 2671
934 6444
1403 4880
1325 3854
5706 7347
2668 4790
2261 7620
3741 5850
2366 4653
1250 7528
214 5133
2293 4409
76 1209
273 3148
1054 6494
3921 5556
1346 5628
2348 2988
2014 2382
3807 4276
3595 4081
2285 5326
2538 5857
736 740
3034 3364
5259 5808
1510 5077
471 4133
3125 5355
1154 2615
2671 2743
1791 3187
5555 7144
2052 2674
2006 4491
1403 2008
430 4072
6268 6396
1691 7610
3081 3460
2078 3818
5992 7537
4441 6517
2814 4480
5486 6019
3964 4474
4472 6292
2005 2578
1953 2000
2995 4192
2646 6206
462 6274
551 838
1957 7341
4292 7247
5642 6484
2774 6286
357 4390
2526 4329
2129 3244
582 962
4278 5432
4216 5077
3672 3856
886 4967
2428 4309
2908 6362
3185 6568
71 4974
1166 3870
4617 5087
2373 6963
760 3055
2573 5777
1981 6521
3509 5955
1525 6719
3717 5828
2230 3104
934 2854
55 829
2235 7267
1637 5835
1972 2037
394 591
2504 7089
6702 6725
2407 7136
2085 3737
1831 5773
3992 6265
1970 7355
270 7567
2233 6032
2671 2794
2746 6836
5411 6554
3148 4112
414 1908
1098 6004
5760 7618
2661 6936
4652 5350
1592 5741
1485 3449
2924 5714
3421 6497
180 7418
1709 3099
363 2494
3012 4462
5292 7147
707 7146
4468 5954
2339 7421
4512 6937
1475 5590
1757 5636
199 6241
1606 1708
3234 4506
5419 7530
2670 2698
4413 5079
4148 4832
2258 7351
4772 4875
687 2982
3257 7073
3318 6169
2721 3410
5155 7395
599 4298
3598 5555
3572 5206
1990 4114
3338 6528
5576 6602
1126 3349
1276 6073
31 4635
1563 6842
1014 3312
2022 5945
5622 5796
1064 3380
1841 6753
2196 4807
1645 5256
4495 4795
4055 6547
4187 5432
478 4717
5465 6011
1599 6719
5178 5289
5835 6797
1038 6499
690 6377
4020 4472
1171 5269
4144 5084
3637 6157
7088 7512
2968 6279
4106 5657
2776 5011
2770 3680
1916 6103
1839 6702
1943 5950
1157 6425
5730 5957
1706 2573
1186 2121
486 3017
4228 5134
1798 2452
134 2919
1812 4406
964 3390
4533 6221
142 4685
500 7350
1875 6097
3305 5102
4074 7233
2 177
1912 4659
1198 7360
1715 4723
1442 2636
3078 5649
2971 5378
938 3853
1046 3542
5519 6570
458 4276
2189 5520
3783 6762
3049 6841
4018 6832
5898 6324
2465 5954
530 3355
3863 6297
1954 5866
2890 6321
733 3979
470 4086
577 2412
1862 3522
3116 6264
3631 6224
1542 3031
1390 3293
7224 7238
1722 6593
1011 6911
6144 6215
456 5975
5963 6304
4086 5104
788 5420
5434 6644
1261 3297
5103 6743
2865 6620
1592 3765
345 3134
1727 1888
2344 3649
1136 3038
1137 4443
795 5468
545 7401
5770 5844
130 5898
1230 7230
4965 5441
1058 3970
4245 6714
1680 4767
5917 6677
2233 5553
2105 4470
1311 5416
617 7284
3578 4574
5091 7202
1194 6063
765 2243
3725 7047
105 3691
206 5466
4671 5928
2026 5691
439 7291
3823 6452
5446 7574
820 5506
5640 7193
3214 4647
2303 2673
2468 7301
793 5735
5770 5841
3670 7109
1567 7617
1479 6795
2448 5722
289 4964
61 6591
3749 5382
4132 6039
5511 7609
1565 5070
4926 5205
2770 6096
312 990
3363 6763
1345 5166
1169 3418
2940 5506
3268 3396
2379 5680
1973 7131
2568 7170
3663 6284
581 5516
6251 7542
74 1810
1854 5430
2856 6389
1391 1474
2749 4149
126 3595
4898 5988
5153 7124
1273 4765
2809 7094
3386 5255
2007 3237
1547 6592
663 6353
920 5736
109 1428
1206 4185
553 811
1655 4391
2240 4310
1438 7568
1834 4293
2190 5303
4770 5742
4593 5583
3360 6257
719 6706
844 6260
2358 4397
5664 5787
1627 2543
1558 6886
3567 5403
1579 5539
1297 7054
2105 6095
6083 7280
4374 4746
37 612
1921 2685
4639 5916
4031 6582
1042 7623
4988 7586
1511 6836
3100 6573
1142 7274
161 4750
4286 7077
432 6558
528 3157
4475 5624
4185 7013
638 1687
683 7150
1064 5685
1491 2097
1180 7551
331 2966
16 5541
1370 3502
3180 6172
3513 5971
1391 1433
1144 4450
2614 7444
2987 3045
4665 5396
3896 5690
559 6580
2862 3569
3864 4897
6372 6779
1307 2684
1828 3865
298 3718
4449 7434
1480 4964
3768 6952
594 3601
1348 5860
3949 4301
1351 2704
1913 4138
5785 6373
2709 4222
3083 7518
5266 6721
908 6851
447 5968
634 1324
2654 5985
5576 7551
1653 5054
502 2732
2269 4087
5201 5813
739 1028
2670 4421
208 1965
815 1323
3129 4456
4437 4450
1466 4334
5055 5114
1692 6929
2044 2430
2658 3229
3013 3499
1326 2732
3660 5462
819 2613
4146 6863
2236 3358
713 4782
133 6950
176 4427
2564 6258
6598 6604
2830 5170
2695 3256
4307 5405
6292 6323
814 6079
683 6761
2864 6979
1001 3074
2016 4150
1437 2901
3817 5663
4752 6290
611 4490
570 3387
3192 6776
10 1316
2577 5406
611 7268
763 5576
1685 7468
4146 6026
1270 2511
5834 7211
4433 5798
382 3985
2381 5729
649 2111
5033 5409
3122 4898
1990 2986
1024 3344
2872 3467
3982 5217
1296 1304
1938 5155
3145 3408
3654 7082
3766 5691
1617 2581
5628 7141
410 4536
205 4572
5486 6902
4309 6645
1292 2557
418 1856
1624 6549
2166 7069
2550 6673
6180 6477
3005 6235
1193 5914
4291 6496
1636 6267
4820 6426
6622 7115
4037 7623
1380 4857
6772 7369
3022 3032
1003 4716
250 1984
119 4105
917 6262
4528 6997
3795 3818
817 1409
6439 6963
5382 5831
2401 3160
723 5397
2793 7154
340 4757
403 6503
1255 4218
1124 6227
3590 4080
1806 3600
673 3737
1019 1255
2291 4122
2611 5568
1155 5043
226 7177
1783 3603
2250 2539
55 5116
1239 3493
593 3406
613 5242
1237 1963
4928 5129
311 3499
911 3461
2623 3581
5030 5379
2077 6518
5788 7466
3579 4553
2559 3287
2806 3019
1714 3012
5650 6215
2121 6708
3533 5785
1485 3615
3255 6673
5954 7163
10 2748
4620 5956
2056 6841
1835 5445
100 2920
6594 6596
5003 7330
3633 4053
2048 5565
2045 2564
5033 6504
1591 6588
4975 7577
711 947
4083 5924
838 7519
624 2559
193 3985
2492 3354
2067 4399
3940 6699
1194 4486
3970 4860
5288 6402
205 4115
3705 7084
607 1175
3100 7278
3004 6725
196 4730
1661 7493
1957 4131
1557 5463
1204 3695
3048 6782
2266 3428
376 4641
1961 4138
5816 7549
2776 3414
1484 7075
4045 7077
4832 7387
2201 7495
3540 5314
1138 2398
3383 5018
5694 6964
2161 6545
6231 7284
4454 4890
907 1165
3595 4916
3928 5890
4564 6016
4955 5190
198 4350
578 4915
3306 4665
1768 2200
2284 4823
1191 3466
386 3508
30 5452
1802 6871
4310 7559
4536 6346
1631 5727
5700 5765
257 6761
1417 7281
2401 6632
5549 6140
1318 6319
4679 7322
2917 5293
1672 6383
4062 4364
650 5865
1912 6590
1915 5498
413 6387
4395 4688
263 5224
3827 7063
223 3947
524 6045
698 5414
2436 2667
3185 7135
1286 2600
2231 2939
4591 5731
740 6713
747 5253
1470 4798
2300 6567
1117 1340
467 3053
223 2842
1035 4031
480 5043
3263 4940
6256 7572
2042 6806
3194 4606
2921 5888
3700 5428
3039 5039
2283 3522
2982 4258
768 1028
1366 5729
3267 3664
2031 4633
15 4507
1668 5732
6239 6804
184 3891
4980 5205
297 6777
1829 3864
2285 3325
1596 2503
4081 7572
1167 3927
247 787
6476 7593
1619 6603
988 6314
3310 5097
134 2690
244 3137
918 1119
2895 3231
174 2888
1442 3520
3529 6738
589 2024
1320 4128
672 4386
5645 5964
1337 5427
324 7016
314 6569
4696 5035
3725 7520
972 4023
4763 6623
3065 6559
461 3653
4151 6206
2140 6242
194 1171
2668 6889
928 5846
3575 3842
4206 6140
1144 6475
165 6208
1344 2876
866 2115
2888 4206
2302 7546
4753 7335
683 4367
4277 7384
4772 5192
4149 4947
4430 7412
191 6174
1023 5948
1337 7103
1730 5592
3008 6252
2402 4409
4476 6816
2817 7398
167 2433
1710 2537
2347 2526
419 4740
6175 6522
2914 4788
1929 4174
2415 2725
1303 3746
2826 4182
1767 6488
4185 6370
6615 7416
1636 4270
621 4311
4389 6340
670 1659
5408 6110
1401 6016
5297 6895
4261 4386
2355 3688
2767 5348
38 6115
5488 6540
4171 5918
3524 5398
3585 4092
4021 6617
742 4772
3221 6027
5292 6668
3971 4139
4360 5204
349 692
612 848
2728 7015
2800 7385
2991 5126
6909 6984
41 2416
6362 6821
533 4927
4291 5013
4990 6933
179 4491
542 2569
2646 3965
554 4755
169 4763
836 1067
3096 5752
3074 7163
4354 5644
2300 7344
4068 5246
551 5702
1633 3033
3790 5329
1229 5405
1087 1408
3055 7242
6284 7453
4864 6739
2147 4358
1690 2320
2309 3205
5989 7077
3682 6666
4025 6843
1572 7427
3392 5530
942 6483
79 5794
1189 7229
3764 7119
996 1780
4416 4453
547 5012
396 7538
4689 4774
4462 7054
106 2116
6539 7399
198 3515
1791 3325
1843 5638
3152 6397
1652 7229
1064 6281
401 6361
558 7250
661 3405
2566 6790
3509 4881
815 3520
5832 6814
786 4122
6100 6520
3087 7328
846 7005
2192 2305
595 937
5892 6114
712 3931
1299 1883
1769 3140
992 1706
2394 3021
3157 5008
1945 7486
189 2253
354 6034
151 2338
5908 6022
427 3685
3042 3127
1269 3331
3619 6226
5144 5315
1060 6014
4764 6666
438 3519
3002 4498
3428 6526
4780 6637
4358 5267
843 7368
2245 5377
6289 6363
2176 7059
3842 7566
149 862
1846 3915
616 1384
2945 4244
1976 6282
740 7566
746 785
4153 6782
3810 5550
945 2614
5465 6909
4085 4445
2140 4291
5973 7234
1716 1919
2678 5370
300 4469
3326 4196
2700 6592
3313 7384
470 727
5306 5591
4339 5680
4242 5860
1445 1711
5282 5666
2099 7014
4632 6911
4444 6662
2511 4783
3487 5350
3973 4868
1266 1586
1464 3524
972 6181
964 3086
1120 6163
4196 5212
518 6810
6835 7586
4067 5531
2584 7557
280 5641
4283 6595
364 2537
2200 5562
5612 6431
855 5030
1906 2273
2 1448
3548 3827
2992 5894
1523 2725
2170 5904
1512 3905
1562 6442
1558 1795
279 3267
993 4220
3422 6203
2607 6056
383 5281
194 830
765 7168
585 5667
3188 5806
5853 5913
730 2424
3809 4063
375 3418
377 5616
1127 1457
814 897
1247 3766
2194 3418
731 2996
6088 7524
2621 3731
2233 6859
1312 7162
1865 4354
5317 5438
5771 7620
4499 6075
3349 4954
100 1521
3460 4792
1027 4452
3894 4304
1159 6102
3834 7467
383 4586
4607 5885
232 4302
760 2580
102 6088
382 3760
1484 4974
376 6589
638 1063
943 3097
1802 1991
2949 3168
2650 7188
672 4765
1019 5993
18 1052
6 4022
1574 4285
1374 6333
64 5776
753 4805
2664 3994
2870 5994
5527 7152
2 7517
459 6910
5419 7106
4440 7441
3195 7447
1678 4615
2848 3022
3012 6963
23 5956
5069 7041
3627 5390
5349 7441
3528 4105
4190 7402
2511 5393
3630 5320
6754 7364
4699 5751
3730 5078
3400 6492
1480 5941
2811 3426
286 5766
1911 3492
1614 5261
263 2498
4597 5932
1297 3480
1122 3357
4391 4835
515 5605
619 4807
348 4695
6814 7615
3740 7314
2261 4820
3405 7539
3419 6021
2818 2820
758 5658
3269 7616
2346 4313
2903 3388
71 3229
1056 4940
1939 6375
210 6128
4007 5664
1116 2359
1605 4394
1995 2592
5071 6129
353 4533
1295 5928
237 2872
876 6851
3921 7105
724 3892
3190 6873
2243 7242
6514 6546
767 3642
1754 3563
1866 5964
1401 4389
4715 5772
1804 2862
993 5092
5817 7566
882 7337
1274 2981
1919 5064
655 2152
1856 3802
6003 6850
3966 7321
5276 5852
2214 3742
1737 6751
4712 5372
4837 5887
3619 5052
3177 5286
3078 7567
2342 6600
3923 6391
372 5230
505 1005
3493 7478
540 3503
988 6462
7176 7240
3028 4299
3717 5059
3174 3463
950 5868
5340 7126
3261 7474
782 4057
3568 7308
2586 7170
2159 5885
2792 5800
6824 6855
249 2370
1901 2053
6037 6049
1777 2183
1957 2170
1265 5121
1096 7551
1568 4548
1260 6885
929 7031
2900 3012
3460 6588
5134 6971
3420 3540
159 4925
4791 4941
1304 2069
6205 7014
463 6152
4333 6959
3352 4320
831 6935
5214 5785
2365 5133
2643 4919
1609 4324
6022 6930
3791 4655
2171 3442
2084 4203
4498 6824
3361 4147
4111 5593
3713 7222
2489 3940
947 6638
5700 6570
114 4279
4553 7229
210 237
58 5254
20 1675
65 7149
6395 7604
2322 5620
2061 4322
2976 5874
1420 5313
3195 6184
1302 4397
5226 6236
480 1415
4301 5226
720 6991
3839 4783
4087 6690
2439 3146
3503 5170
5304 7612
6569 6724
661 5585
1196 5922
5651 6780
4109 5058
2764 5587
5435 7215
1042 4086
3547 3597
3962 5050
1111 4010
3234 6421
221 4389
3503 4827
2144 5156
1021 2545
720 3042
5569 7242
1700 4297
1680 6229
2714 3187
1643 2593
7101 7412
3678 6234
6500 7080
351 2332
4679 6048
3294 7251
3416 5783
3960 7203
270 5103
3395 4970
5146 5464
1789 4788
588 589
3653 4092
5252 7485
6149 6765
4543 6718
1765 7584
424 2619
420 1343
4987 6381
1424 1947
1222 6508
2326 4781
866 873
4711 6743
350 6683
583 2261
4355 5684
3688 6553
4773 5589
5867 7531
2580 3729
1209 1628
2741 7137
3064 6001
4499 5850
707 2740
97 5008
6078 6601
4502 6405
76 1364
3261 4499
3944 6962
3555 7251
1290 7232
3165 3699
6228 7320
6213 6498
921 3880
3695 7045
3857 7087
1353 5914
2721 5607
5191 5541
1970 2084
3245 6543
3260 4705
4492 7455
3099 4976
2578 3460
4550 5147
1276 6740
1335 2858
812 4072
614 1840
4036 6813
67 1381
248 4870
3074 3441
973 1491
1674 6997
3139 6119
2111 6124
844 2959
3104 6512
5306 5720
2203 4649
1782 6048
2340 4643
239 3764
2399 3583
5279 6927
966 7457
4650 6951
1663 4755
1032 6003
5362 6163
2020 7430
103 6191
5196 6499
2960 7215
2959 3104
4224 5464
3802 4350
115 4175
176 2250
255 5111
2750 6855
1502 5502
200 653
1660 6316
5751 5868
943 2697
2956 6094
2750 7006
3820 4446
1517 3604
4682 6196
3928 3973
5036 5671
5043 6441
2097 6620
1673 5032
862 7096
3281 4036
4932 7380
3380 5028
2789 4880
1936 2917
321 5273
1343 4455
5518 6771
2978 4906
1379 3724
5515 6730
576 3674
2006 5117
924 3978
6142 6226
1975 7461
2045 6370
2009 7220
1594 4798
6042 6405
3678 4561
5008 5280
4001 5086
4754 5423
917 4624
144 3579
73 7107
3838 4488
2730 4111
469 4457
1085 2707
1558 4286
2582 7259
1273 7516
226 7415
308 1492
3952 5003
101 2109
1856 5371
1831 3594
2730 3596
3791 6430
448 5625
1115 3616
2975 3694
30 4628
3422 5907
4596 5416
5246 7105
3353 5100
631 3724
1918 5150
3628 6497
5112 5274
87 2474
1417 6177
3417 4881
85 3515
3740 5353
4894 5243
756 2510
4648 6093
3722 3834
3568 4975
5421 7504
5598 6311
690 2355
1385 4833
2092 6688
5909 7281
2839 7043
4695 6088
274 6654
102 2145
2653 5047
97 6984
2584 2847
2190 2452
5848 6022
642 3007
1588 3165
2788 6707
2027 6063
1445 7101
1054 1810
278 6276
348 4299
1059 4038
4670 7023
5941 6364
5525 6323
1044 2210
5706 7010
409 3449
93 6870
2423 2786
6235 7204
10 1597
3424 6701
5069 5291
3631 6620
4998 7329
3046 5041
6011 6545
3915 7578
3280 5774
3875 7056
830 4395
2383 4813
2352 7358
1165 7041
1469 3223
3114 5658
5503 7491
3268 5671
1378 2703
4474 5740
3570 4805
48 2126
504 4755
4740 6119
5624 7594
3736 5659
4003 6900
1312 6928
5193 5610
2562 2827
188 1721
155 5772
439 2119
159 7350
6661 7572
1343 2727
1229 5168
2634 5038
4938 6724
3208 5291
354 4280
1532 5043
1233 3018
1570 4710
4231 5897
5387 6560
15 1205
6584 7479
1072 6669
797 6068
5001 5816
3555 7331
2852 5416
2471 2695
1203 7083
861 2856
5083 7278
2153 7065
1270 3107
815 5804
4226 5145
5244 7210
4212 4973
1666 4682
4868 7033
1112 6737
1220 4014
710 3040
736 5591
200 2927
4509 6523
3445 4015
2065 5257
1054 4478
3910 5223
2370 7555
5292 5932
1817 3446
3424 7287
1336 5099
395 6993
4050 4926
4122 6112
3638 7623
4008 5290
4456 6308
282 3705
3074 6233
1414 5072
105 5197
4863 5166
3562 7566
657 2438
2327 4501
1102 6877
3723 5253
1026 7455
2347 5000
1802 2397
3637 6007
1818 2375
6996 7160
1226 3693
1492 5409
1739 3174
3214 4887
3531 6212
4291 6447
912 1133
848 1446
2018 7442
3781 7224
4942 7220
283 766
572 2788
1267 7103
1599 3749
11 5786
1578 7458
4831 7561
986 4484
1846 6281
584 6602
5991 6156
2123 6265
1450 4221
778 918
5164 5386
3081 4502
938 5643
3679 5526
4033 7389
3486 7477
1249 6387
4961 6031
2844 6789
2271 2459
5213 5559
330 705
3996 7177
2954 3839
5482 6704
2838 7615
322 6728
1661 6568
1410 3284
6002 7209
574 3490
3904 5866
3482 6532
426 3570
254 5621
5328 6629
2002 6308
4577 7487
1910 5199
2956 7487
94 3934
1716 5062
3801 6367
4519 6823
3050 5630
1771 6023
4349 6960
3697 4668
2538 7615
3480 5403
1361 2064
3991 4037
2113 6778
2179 6103
3893 5357
3582 4875
481 2040
4595 5388
1590 1774
1568 3199
7141 7350
621 5869
300 1823
3563 5699
4077 5343
1282 2957
4693 5522
5913 6393
1217 1950
2488 3812
379 4884
6134 7070
2835 3655
867 4201
1502 4161
3148 6175
1914 2514
3337 5042
6182 7457
5334 7436
3366 5657
1845 2226
4018 6991
5580 6043
290 1630
2574 7274
184 4342
6584 6874
5769 7459
919 2997
3542 4127
5811 7536
1185 7339
4215 5327
3932 4874
4176 6762
1977 6471
2755 7488
866 5715
1613 1715
3245 5375
2234 4358
1550 4842
165 7363
1719 7521
2423 4016
6051 7223
1916 2351
4583 6931
2555 6875
1525 4793
929 4201
2462 5405
5124 5474
6020 6887
736 4835
5248 5420
1114 4416
398 7050
572 680
241 6379
4878 7017
1161 4412
3518 4241
3839 6010
4475 6784
653 5046
4334 4790
3552 7561
6485 6839
2020 4705
4463 7527
1914 4264
3360 4070
2141 4905
283 1479
5994 6305
1506 4494
2389 2531
4532 7429
1039 5912
124 729
190 4584
3795 5088
4613 5709
2600 5838
369 7081
2430 6807
1081 3151
4479 6249
6254 6557
2158 3650
5129 5980
4936 6051
424 4013
3605 5862
951 3755
4048 5649
239 2535
5980 6569
372 656
47 1780
4216 7447
3673 7187
526 4855
2662 4631
2274 3353
320 6198
1964 5975
2628 6641
3471 5028
4195 4787
160 674
3064 7151
3331 4193
4257 7299
2240 5094
1054 7361
623 2633
1501 2401
5861 7110
3715 4281
1225 5078
337 5660
1883 6678
826 1279
3671 7471
1062 6018
655 957
3173 6887
1944 6589
1691 5112
2051 6878
6185 7050
4974 5647
1049 1997
2116 6443
1275 7277
903 1619
656 7502
3634 5670
2621 5766
566 3888
2421 5991
4602 5288
2312 4606
4956 6623
291 3300
508 1632
1389 7011
3173 5530
4924 5319
2231 5580
856 2043
1678 6201
3816 5325
530 1992
1723 5180
5486 6755
4911 6239
3449 6611
4151 4797
5777 7301
3704 6902
4471 4662
1714 2723
6806 6882
1321 3586
1133 6528
736 1961
2481 2655
81 4975
5861 6943
4243 7250
216 6183
1204 6031
476 4530
3016 4453
1333 2747
2946 3306
587 4975
4799 5574
4515 7001
1494 3988
2310 4434
373 1911
1410 2078
675 3270
2534 5597
1249 1986
1190 5710
5316 7139
1920 5932
2319 4051
2191 6083
2492 6781
4158 4708
4542 6405
203 1379
4816 6028
3353 3767
2262 4402
1471 6697
160 530
739 1885
112 702
2364 2537
638 5833
5386 5908
5811 6942
1272 3026
285 6426
259 3919
2549 4886
1198 5427
2875 6166
3545 6688
5807 6165
3037 4081
1739 5185
1142 6277
1811 7433
657 2911
597 3851
1584 4005
2965 3598
5975 6298
3718 6835
2189 5153
1824 6677
3026 5964
3935 6465
1175 6440
2603 6045
3789 4373
2309 4392
3960 5280
2675 6520
188 3907
1563 2627
2609 4345
2502 4930
2899 4673
4472 6010
484 2367
1152 6162
3460 4218
3594 5363
5387 5479
2700 5943
588 2023
2781 3264
1430 4802
4549 5119
1615 5786
4397 4714
5373 6720
3601 7520
139 2549
1240 2540
1544 3134
5111 6227
603 6071
447 4731
4080 5558
1747 4659
5304 6673
6398 7167
117 2840
5659 5974
246 4045
791 2986
642 1214
3152 7508
2792 2916
1024 2310
5560 7411
1521 5684
3374 5722
2343 4703
2544 3524
1071 2898
4003 7274
1031 3210
2147 5619
1151 3025
3473 7455
3827 6274
1472 5852
4788 5837
4645 5622
3647 6077
1030 2798
1384 3560
3967 7091
1697 2704
1047 4447
35 7166
5137 6934
4050 4571
4560 6107
6679 7191
2812 4951
2028 2187
6226 6370
1580 6503
3898 5531
2551 3480
3917 5793
3612 7131
1138 3860
1079 2738
3300 4433
4155 4773
5223 7210
1399 6128
1730 6878
3517 7466
2070 3129
2956 3019
579 6042
5175 7353
7140 7193
2598 3499
2207 7354
3537 4294
4832 5457
3956 6116
1578 7065
3291 6107
3721 3826
3483 5945
3398 3815
1790 7180
633 5277
1387 6166
271 6636
2820 3711
2284 5347
2430 2730
2032 2509
716 3735
3325 5547
5134 5751
1302 4648
323 2705
2392 4680
810 5398
2160 2584
2636 5534
1808 1960
293 682
1597 2060
5821 6517
335 2374
1213 6560
5257 5410
5772 6895
3760 7494
1986 2222
561 4590
2434 3719
935 1818
31 7269
3570 5941
5126 7318
2590 5710
1945 2879
2869 4916
6107 6871
5789 7576
1422 4662
1166 1472
1939 4930
7157 7455
1833 6365
1125 4628
5110 6725
416 5872
3154 6869
285 1074
1493 3927
5181 7535
5657 6946
1088 7178
3133 4312
2827 5345
955 6915
505 4021
1442 5880
6115 7555
1761 5806
5792 6589
1128 1722
3491 3665
5771 7575
1655 1924
1110 5739
1174 6701
502 6674
2313 6074
1465 2631
944 4421
79 133
1536 2664
1336 4509
657 6034
3098 5416
160 3620
2898 7082
3302 3824
3651 5192
34 2238
4493 7163
3203 4870
3650 7476
1476 5031
1816 4664
2415 4131
492 5029
474 6995
3911 5583
2279 4870
1751 4105
2074 6065
3559 7313
4015 7523
4678 4989
3971 6787
177 4593
1523 4566
3739 6606
1037 4585
2496 2732
3039 5825
5953 6891
4487 7261
5556 6889
272 2337
1982 4741
2508 6060
6122 6698
4407 4872
1046 2036
1857 1867
192 2864
3759 6146
2300 4117
132 854
2306 7004
5126 5987
3735 5473
3596 5078
5064 5656
3689 4529
5 4123
601 6742
5117 6393
2593 6528
941 6812
70 5655
1033 1712
4140 6630
3179 5732
3689 7603
2299 4165
2737 3927
2393 5105
725 3121
4191 5657
732 3370
667 6858
4288 7538
5618 5641
4525 4662
3506 4007
3057 5317
822 5340
3008 5225
55 2504
2570 4045
158 5358
1953 6989
376 1247
1869 2033
3003 4931
823 5859
875 5683
5748 6912
3547 4248
3229 3711
5126 5755
1212 5808
5331 7582
4341 7592
5546 5893
4153 4759
176 5866
5698 7454
405 6177
2282 2944
130 6778
1786 4706
3003 3122
1513 5529
2317 5925
1897 7191
227 4516
217 2456
976 2822
4847 5653
396 4504
2581 6561
99 2483
2408 3553
4110 7147
6642 7374
1510 1974
1556 1591
1504 1656
3166 6456
4856 5718
171 6828
7508 7584
3946 7016
2383 4887
1964 7085
100 5066
1498 6890
2644 7120
5135 7548
2845 7138
2913 5768
198 2274
2886 5726
1442 2855
3438 4052
3589 4671
1953 3221
1209 1749
3073 4129
4360 5424
1804 6609
137 4423
440 5547
2176 6780
6715 7474
2558 5366
1837 6467
1201 2752
6050 7548
6206 6334
4482 6763
3204 7329
1726 7414
571 3641
1933 6832
2696 2891
2599 7469
2863 3751
1786 7522
2732 4791
4086 5619
5471 5952
2490 3689
2707 6173
2736 3921
4405 6709
178 7480
4932 5056
1661 7470
4282 7306
1118 5186
4686 6131
1308 2411
691 3557
2930 4363
1399 7573
3787 7591
2704 6695
2461 2694
4583 7574
2920 2947
3024 6207
6202 6595
1200 5243
2293 5785
763 7134
634 5624
807 3476
1012 5124
949 3518
2998 5753
5017 6554
1359 4912
562 1367
461 3181
815 6159
443 6054
2421 2800
3366 6919
151 3744
1577 6741
1407 4242
5104 6934
2866 4659
557 3476
1564 4579
3363 6259
410 3905
3135 4954
575 4851
2104 4789
1736 3074
3259 5949
609 7099
3866 7210
370 3747
2476 3161
3065 5958
995 4715
2638 2701
6139 7355
98 2346
2609 6591
84 3010
1881 2997
765 1129
1116 5895
1474 5350
930 3829
2926 4815
2801 6397
482 6487
3869 7549
153 4151
5167 5945
4571 4905
3665 4555
4612 7113
1882 3469
4219 5177
2845 6078
821 6637
3480 6563
2196 5679
4526 6271
4052 4146
2282 4981
3622 5916
1979 6927
2500 7590
1745 5479
1165 6922
151 5709
2441 4728
665 6273
923 3998
2594 4892
775 7472
4875 6988
4359 7542
2822 3047
1943 3540
2186 5374
1006 3970
1372 4575
305 2964
1551 6906
4872 4894
4102 7587
970 5917
1766 4889
3648 5572
1665 2247
4993 6414
4982 6562
5671 5952
4423 6859
5730 7097
4111 7125
1966 6311
688 3242
1950 4243
3523 7242
4292 5091
2990 3000
867 1506
654 6598
5883 7552
14 1416
4983 5248
336 761
2160 6812
4589 6772
2229 5989
1559 3725
3626 4677
1093 5233
2898 7250
2606 3902
2216 5221
844 5445
478 1791
4266 6829
20 7533
1666 2081
3781 4762
2197 2916
337 1803
1408 5073
1958 6154
3787 4288
4915 5334
963 5736
94 3467
6057 6285
2794 2911
3066 3280
2428 4278
738 2479
7132 7159
4234 6921
2437 6599
41 6292
2399 3405
1087 2507
4522 6576
3881 5084
2921 4034
4922 7601
7109 7444
1090 5448
3336 3965
6944 7557
536 2386
57 6184
942 3969
168 3538
2980 3557
735 1264
1580 7035
2590 4172
3117 3975
2884 4790
4945 5464
2706 5607
962 2083
3957 4703
6072 7513
6881 6934
5999 7019
4412 5802
622 5774
1973 3370
2725 7468
928 4390
1497 2763
2233 4862
1532 2302
856 4345
4350 5947
2202 5436
1043 6320
4116 7107
4991 6787
5428 6527
2722 4961
6757 7594
3515 5393
2458 3968
1095 5605
4298 5803
1406 6234
3462 3594
5185 6967
1351 4385
2179 4793
5649 6139
2244 5568
1419 2454
575 7218
2246 2777
2370 5832
1411 1558
1117 1811
212 5959
2130 3497
1342 3180
3657 5818
213 5568
3743 4993
3860 5927
501 1864
2040 6146
4304 6411
223 7491
3155 6319
93 5830
2450 5705
5634 6198
650 1332
1192 4569
6357 7499
1034 3575
6525 6611
2156 6086
1208 3428
1238 5474
330 5006
643 5199
447 5875
981 4560
6649 7189
3122 3693
1967 2156
5566 6594
3523 4133
4902 6430
2797 3798
388 4100
2012 7513
2327 4392
245 3834
2017 2468
372 4391
1478 3699
3487 6355
973 5023
6889 7150
7216 7539
2728 3609
1629 2787
2206 7065
475 2261
453 7232
5034 5279
983 6106
2274 7041
5153 6647
1099 7587
769 2536
2156 7436
801 2915
2329 5574
1395 1973
2109 3516
938 2756
3702 6116
2935 4975
694 3714
16 4552
150 2742
2949 3215
3220 3229
3233 4151
1047 3031
2581 4086
1297 1359
2683 2998
109 3368
2366 6629
1693 2920
4955 7370
45 1747
1741 4118
1758 3381
3099 3166
3409 4626
2920 6645
2155 2338
2193 3859
2378 4645
3577 5446
3385 6144
744 6284
2215 4021
851 6426
1266 7542
1605 7326
1214 2549
6077 7462
2036 2343
2819 4102
559 2824
3867 6893
4249 4589
2675 6433
515 2544
1622 2689
4209 5763
5347 6374
1500 2728
1021 3899
4331 5514
64 6019
1638 3306
2544 6215
3614 4475
347 6399
2275 2955
1430 2332
5631 6328
3308 3502
597 1716
2254 6123
2750 7000
1013 1171
544 2805
1086 6191
6266 7320
6754 7262
5491 7582
1256 4854
6176 6372
1508 4398
1993 6953
246 4321
2668 5288
1989 2816
2889 7277
2632 4833
3930 6536
4448 5480
2921 3961
794 1145
3179 6665
234 7561
3182 3527
3514 6405
3206 7292
1271 5822
2798 6934
2502 7100
6279 7195
3575 5727
3551 6607
4359 5787
3398 6401
1598 3612
514 1843
3699 3926
950 5925
25 6567
1624 6705
2973 6526
3249 4530
902 2403
3447 5860
5474 7473
852 2081
3176 6525
119 2549
730 1652
4468 7006
3609 6714
2251 7118
1722 3188
907 4971
876 6222
1663 1849
1078 2164
424 5782
2191 5934
4387 5860
6402 6417
6598 7228
1839 5582
2079 5087
2 4456
2868 6989
3064 3475
2371 5437
2626 4284
3963 5730
160 5041
701 4453
2331 4473
1091 1834
733 2948
93 309
28 2304
4128 6976
1262 2914
1282 6053
5932 6014
952 5368
5306 7258
3532 6890
557 2303
598 5095
5731 6614
95 3983
49 257
2763 6631
3385 5038
2201 7514
2776 5959
4612 4869
3927 5614
4943 6256
1283 2638
1943 5949
4524 7365
1492 6318
4569 7130
5456 7561
2979 4760
2965 7222
3112 6173
454 5314
2384 3519
983 7620
3498 6313
300 7508
2590 5822
2003 5439
2492 5209
4349 4397
723 1046
5337 5981
2617 5443
4605 6332
7286 7439
3748 7209
2705 6088
2704 7531
1409 5580
681 5536
5933 7269
4590 4827
2114 6878
6212 7082
3142 3243
2742 4183
920 7596
2077 6986
136 1484
1599 3329
3429 4320
338 995
3955 6776
2689 7487
3758 7339
1134 2896
271 387
7056 7357
1194 4056
3155 6012
37 5105
2064 6829
5193 7064
857 2745
4608 5963
1209 6189
794 3486
177 6003
927 7062
1530 4786
3162 7136
3332 4185
760 6201
1498 7156
6569 7457
2526 7189
4358 4514
395 3261
3158 4337
6071 6316
2281 4831
467 4417
2366 6670
2413 6847
972 2252
6513 6951
2693 3867
6113 6637
4827 5259
4751 5922
2821 7570
2826 3982
3885 7208
2266 7288
3378 5396
2011 7211
6300 6973
3661 5278
353 3268
551 4513
3651 5515
6162 6944
3611 5305
482 7161
1069 2520
59 1482
1654 6753
222 1123
3284 6096
3387 3693
2002 5374
81 5981
1828 2467
4273 4573
1328 7268
3392 4980
5750 7458
623 5479
1681 1893
1577 4502
2022 3599
5525 6968
3420 3527
489 2082
4083 5304
1077 3187
1475 2195
528 5928
4420 7126
1482 2749
2218 3642
3862 7253
1504 4266
391 4889
251 4626
6464 6597
2115 4276
3113 5230
1961 5632
2611 4660
248 6683
2422 3755
279 1958
153 4958
4164 6863
4136 4663
1350 5178
2132 4365
1402 4720
1725 4055
223 7498
610 1361
525 1068
902 5165
4023 7106
279 451
461 6698
4843 6632
2185 6249
4620 5475
4347 5759
3112 4902
374 4439
5105 6501
6027 6626
2192 2897
3557 6902
1348 4567
552 1630
631 1117
1536 7211
4623 5754
6024 7461
3893 6799
7208 7323
4384 7610
5744 5748
1092 2672
1365 2021
2977 5675
1807 6513
4110 7177
3409 6450
3231 4657
891 3611
1830 7201
1736 3437
3862 6424
490 3462
595 3822
2652 6888
1196 2727
707 1700
4622 5247
1997 3062
296 6567
4332 6791
2063 4484
6052 7447
531 5236
2110 4881
1866 2383
2534 7525
5072 7239
899 5063
521 2871
1184 3342
2570 6283
603 7563
774 6483
1458 4563
2406 6492
2212 5535
862 5672
4840 4902
423 6181
4130 7188
4685 7429
856 1293
1079 5067
4741 6421
2183 4621
2535 5901
1688 7014
101 6293
6625 7343
1248 5957
3313 6242
1433 6094
4386 6246
271 5752
1687 5149
673 1101
2004 2835
4340 5243
2949 5928
1499 2415
2659 2846
918 5352
1406 2709
25 7170
3939 6979
1024 5386
5572 6915
1744 7193
91 5760
6806 7053
4775 4978
2735 7286
3635 5421
4586 4956
4587 6419
599 2805
3930 4929
6209 7355
81 2663
435 6309
3694 6735
2065 4315
1467 5477
616 2612
2068 3686
2128 3019
5756 7254
2789 4692
2782 7429
2360 3484
847 7428
4685 6025
4064 5423
4464 4926
3920 3991
5011 5635
739 3646
86 3751
954 7190
3662 5404
1667 2994
2142 5946
6736 6858
6018 7024
2958 6047
2941 7600
3736 6827
555 5356
2277 7549
3131 6686
3112 3891
1508 6631
2410 6263
2564 6260
1932 3518
670 3157
5193 5624
230 6821
854 3174
378 3391
2597 5220
211 4446
2307 7485
5104 6659
864 1291
4406 5258
580 4948
817 7102
1803 7591
921 3122
3137 5406
867 3499
5559 7606
971 3018
202 4864
3802 6165
383 6220
2872 4525
2676 4203
3850 4758
1135 3982
2164 4578
1624 6271
782 2129
1935 2046
4072 4615
680 4803
1564 2334
2439 2581
2649 5774
2570 3402
1182 1527
1236 6485
809 1431
3619 3980
1304 7568
421 731
2671 3079
6413 6964
7349 7464
880 942
572 2013
4244 6788
3423 6739
5093 6090
5288 6694
3627 3991
609 4591
5097 6067
114 6774
2940 3251
3210 3291
1398 2139
0 6458
3510 4976
3903 6098
218 2815
3161 7067
1561 3783
2270 7175
2089 2440
1268 6247
1213 2127
3694 4687
2922 7394
2476 7261
165 204
4189 6543
3418 6548
3706 6784
5835 6813
3474 7026
261 4339
4724 4906
5612 6125
4667 5380
1420 6033
1678 7178
6115 7373
4170 5850
1115 2529
2337 4518
207 4569
6714 6930
975 5540
4130 7245
898 7154
1153 6396
3121 6638
4377 7507
6656 7237
3400 5347
3931 4840
6915 7107
4517 5949
585 1623
5643 5969
5072 5866
502 2689
1901 7329
5756 6690
1353 3677
2393 6173
5976 7373
3455 4559
6751 7239
2083 5597
3343 6711
4406 4643
2447 4065
5443 6119
2345 7255
709 6183
4005 7060
929 1176
78 3559
4301 7189
2126 5660
828 4709
3420 7114
4931 7011
4424 6390
4054 4063
244 5350
210 4581
5358 5586
4572 5108
209 1017
3461 4826
1104 1391
4636 7313
1062 2386
2584 6540
207 7225
2028 6627
630 4601
901 4432
4296 4503
1330 2578
1053 3670
3969 5858
560 698
16 3207
2476 2614
2507 5642
62 3931
511 2222
1574 3160
1759 5109
1153 1840
1814 4498
164 5293
1738 3754
3523 5812
3199 4267
1722 3391
3111 3760
1803 6375
3193 4956
1290 2425
2278 5261
2505 3602
1788 7199
878 1211
2371 4628
2246 3794
2673 5834
888 7561
2074 4077
4317 4949
1575 5139
708 2729
2140 5353
1486 6493
2750 5300
3556 4992
4143 6373
1202 3467
2205 4630
1050 4482
1608 7456
5746 6550
2368 4886
2198 2423
1025 6649
3991 6266
4389 5440
31 76
1317 5193
1643 4122
4023 5979
5971 7261
163 4612
836 6603
1147 6506
1522 5438
1252 6707
1238 4702
3239 5526
4714 5282
1494 3452
3949 5641
1392 2517
754 995
421 3198
1876 4137
134 4354
1267 1304
325 7422
3298 3943
656 4206
1664 2108
5566 7455
3333 6494
489 7036
4063 5772
2255 4042
3099 5296
506 1318
1097 1823
1828 5786
4509 6529
3283 3566
3883 7386
1558 5812
4605 6932
3489 4028
762 3089
621 4525
2310 3507
1429 1991
670 2012
5145 5541
1890 4558
3450 6396
5821 6929
754 1788
5223 5610
887 1457
3821 4755
1562 2921
2037 4791
1973 4963
5369 7466
939 5950
3306 4411
2601 7620
6154 6631
3768 6685
480 3369
209 4575
294 4432
1518 1625
888 4735
280 5757
3330 7263
5346 5591
4756 7418
1223 5237
2762 5648
183 991
571 5333
1450 7330
4394 4562
2141 2707
1166 4062
3470 5515
1438 3752
1453 5294
4249 5263
1243 6365
517 2369
4905 5524
1854 5266
452 3986
2019 7258
4725 7045
211 5793
1019 3863
1617 2929
6060 6062
3618 4531
1487 4930
4875 6743
311 4749
4126 7054
568 6892
2837 6843
1141 1472
1164 7147
3622 6153
1922 6799
1694 4935
2223 6988
3399 5272
5350 6529
2321 5884
2633 5281
2584 4867
5583 7176
338 5090
2068 5677
1157 1731
5931 7355
1756 1784
1725 4850
3880 7578
518 4653
6539 7140
4572 6764
6255 6936
3856 5989
514 2530
608 615
1208 3283
3524 5110
895 4342
591 6156
2331 7101
3253 7245
3711 3921
175 3342
1599 1924
1080 7201
3092 6172
6205 6876
1796 7183
1231 3224
3114 3619
1380 4562
1148 3904
5099 7245
829 1490
2221 5065
1019 2094
3948 4072
1297 5375
1012 4737
1560 6880
4819 4882
2962 3802
4163 7144
2719 4513
503 5543
2079 2410
4282 5402
4903 6624
3172 6792
3776 5383
3637 5929
1245 3779
805 2188
334 928
1180 3515
2458 5902
3912 5715
2951 4709
4311 4329
1806 6467
1440 4859
1850 3954
4179 6772
2216 5512
1349 1562
3946 7528
298 881
1965 6074
5824 7335
5225 5368
319 5605
3607 5256
5208 5631
6270 6568
747 1939
4716 5239
4620 5434
3678 7544
2638 5815
1691 3265
3502 5157
836 1905
2574 5519
4364 5487
1783 2114
1578 2941
2032 7159
659 2286
4475 5082
7388 7491
1197 2686
3159 6682
2608 5178
6335 6809
1704 2953
1915 5620
3837 7272
2523 5347
3588 5404
5046 6502
1390 5451
103 4191
2566 6685
2130 5931
2878 4262
1333 2349
1345 4672
1885 5346
1038 3325
4815 6450
1881 5134
2719 4610
5850 7183
1540 5806
4539 6597
5178 7581
3237 4690
2082 6824
1609 1841
2982 7607
4888 6236
1505 2249
2245 3840
81 6001
281 2597
2463 6347
3069 5820
749 3587
2710 5712
415 1991
1767 3437
508 2835
2172 2811
2463 5944
4661 5225
1741 1812
300 1923
3089 4602
460 6797
2243 5567
1106 3287
866 2991
4190 4417
5266 6684
1059 2385
735 4948
2946 6343
1884 4646
3105 7212
349 3977
2907 3515
1971 5184
548 6034
1557 6383
1366 3295
4784 6549
4461 6499
2920 6030
3600 6898
3833 5908
1605 6034
831 1639
3420 6542
5897 7328
1017 1687
2828 5614
5112 6920
2093 5325
5489 6180
5670 6352
2028 6525
1849 7613
4764 4811
1473 6215
4120 4292
562 2470
918 3375
3861 5162
2326 4350
4917 7424
407 2648
161 4657
1544 2111
947 1576
2839 7461
4110 4943
2320 4449
1705 1916
11 7165
1659 5957
4331 7207
2949 4629
4957 6038
2750 3210
3015 6413
325 4942
7281 7290
2224 4150
814 6449
6112 6756
4164 5775
3853 4299
4411 6704
962 6182
1411 4403
3198 6251
451 2021
6317 7254
3304 6621
2544 6407
1617 1989
4949 7539
4736 5433
3196 5462
1659 4322
1122 1477
3566 5942
4064 7622
1715 5654
1659 7320
1185 4501
2891 6341
420 5819
2556 3466
6482 7576
2272 4450
2438 2681
1875 6353
4568 6434
5781 6278
3134 5249
1889 6767
2267 4101
56 6131
6647 7039
696 4104
2183 3157
822 5714
443 1518
909 4554
1606 5534
5859 6092
4715 6458
2488 2960
2736 3118
426 511
3980 4402
2196 2701
227 1452
2489 4067
3581 4571
889 1730
3878 5912
4685 6143
1518 4688
2955 3917
6971 7139
1525 7051
2807 5203
4697 5506
314 1237
3446 5192
692 5830
2778 4201
2392 7398
2172 5526
5701 5951
1885 4068
7295 7562
630 4410
461 6664
823 5874
5791 6264
387 686
5641 6181
1723 1874
745 6086
545 794
1395 1829
3465 4591
593 1267
344 6572
2746 6922
2041 4900
320 3504
5962 6392
3563 5619
4403 4984
2536 3715
4703 6585
5136 7455
3830 6816
3631 7122
4422 4772
545 4336
3804 4391
4629 5531
667 2403
594 3314
772 3689
1554 6788
86 3414
6650 7090
3071 4662
194 530
4267 6914
14 6544
6886 7506
308 5091
442 4585
4643 5928
1979 7015
5017 5919
2755 3550
2472 4681
5860 7426
2488 3232
1032 3365
839 2792
950 6907
4650 5025
2304 3711
4206 6807
364 2265
4372 6205
4580 5117
1476 5543
3486 5415
3782 5624
2338 3104
2340 6399
393 6532
2871 3020
2327 6895
297 1195
1873 2396
804 5898
1848 4702
5097 6556
1469 2540
4220 5664
4763 6298
697 5895
2201 4887
1115 6526
3220 3507
5887 6921
6843 6890
3541 4391
5207 6160
3035 7268
4224 6538
6604 7019
1780 3764
2782 6092
1861 6483
3307 4876
4821 6507
3999 4039
2774 7267
758 3455
1396 2872
2393 6428
2201 6545
833 5105
1641 6412
1343 4077
1145 2316
6021 6333
4891 6360
4455 5135
1607 5725
863 4769
409 5321
399 3175
2216 2840
3383 5026
4478 5509
3374 5711
962 2510
4517 5484
2138 4222
1409 7186
4062 6400
535 1684
3195 3511
81 5442
4706 7180
1594 4016
4701 4741
1419 1988
1470 3472
311 6840
3437 5830
3165 4264
6017 6262
1013 4973
759 1188
3753 7180
79 4425
1712 3917
2596 2604
3504 6561
390 4124
6146 7623
1833 6295
3251 4546
3730 6232
465 5363
2494 5561
608 884
4227 4515
4648 6156
3101 6249
4262 4688
3020 5860
353 6156
2389 6927
960 5622
946 1808
3928 5803
3526 4475
621 2477
446 3836
645 2767
5864 7602
1178 3566
4027 6959
2235 7398
610 3390
975 1769
4485 6857
3096 4898
2585 5294
533 6826
1774 2975
1653 2095
262 1148
5036 5752
383 1177
4663 5485
521 3273
1434 6910
2231 4766
4364 5223
3955 7226
4097 4914
4824 7329
3542 7293
1268 7426
4233 5664
369 4370
5034 7501
2169 3937
1375 7404
2400 5243
1206 3300
2283 2940
3778 4270
4770 4811
614 6669
496 7256
2395 6962
2049 4412
2946 6512
1307 6856
3718 4385
4362 4973
1332 4045
237 1676
1292 2936
51 2958
3881 5321
5451 7343
233 398
4117 4316
2267 7039
1084 7576
2304 7324
933 2106
3123 6505
3442 3495
246 1240
4178 6931
2596 2786
5878 6323
4804 5532
631 7278
347 3199
114 5542
4953 7115
4862 6683
1724 6381
1210 5279
4489 5925
142 7465
4042 6605
1126 6962
4517 7465
1729 5721
2563 5154
5546 6843
6038 7521
1284 4601
4098 6026
295 6523
3738 6664
2548 5196
1411 5109
3173 6552
1197 5978
5462 5813
853 4249
4125 6767
1420 7400
2230 5610
4816 6651
5163 6491
2023 4904
756 3374
432 2076
927 1494
3493 4553
1303 5011
2873 3042
225 2269
1867 7017
758 1770
2320 5642
286 5112
3395 4178
1472 7075
3418 6884
2500 5951
249 4858
1425 2329
3138 5818
638 5041
3346 5965
3995 5488
342 1676
3954 4337
2912 4574
1175 2068
2279 3217
2429 4316
3389 7373
2957 6232
4548 4630
118 560
2950 6690
2012 5603
4679 6343
2824 7025
509 914
4016 4260
2132 5740
1637 6193
680 2848
269 6404
3190 4934
2747 4093
1170 1948
1005 2541
2998 5702
299 5128
438 6579
6870 7276
3791 6055
4115 4887
5521 7476
1745 5898
6278 6463
3597 7052
464 2986
3247 4445
241 2777
4179 7057
7012 7190
7267 7339
758 2933
596 4234
1290 4557
676 2847
95 6558
4609 6855
2100 4501
1410 2188
2398 5756
4164 5180
5036 5382
3465 6212
2421 6312
4422 4514
5015 7182
6004 6252
2500 4939
679 1973
947 2640
2012 2504
494 7433
155 3168
252 5632
1126 4387
232 6510
5262 5428
5825 6239
2905 7131
2561 5539
1437 6315
1192 5881
638 1983
1743 2840
2265 5022
4871 6840
1738 5872
3277 6878
2682 4824
150 4739
4549 5502
1676 3230
1820 2471
5887 6798
284 4084
1696 3720
882 5507
1208 7382
6404 6749
3402 5747
187 6110
1340 4088
1877 3108
2879 3048
5195 5866
4893 6689
2694 7220
774 3116
2213 3959
828 2516
5885 6832
3164 3943
10 5358
2484 4349
1512 6226
1317 3327
2252 5860
2472 5168
1126 4145
1106 6255
132 2792
50 5124
2201 5344
994 5259
1176 1512
4353 6211
1871 3398
638 6261
2213 3063
2224 5960
512 2847
816 3356
1711 2235
3168 4415
139 6196
993 3690
1219 7130
612 6490
2367 7277
6084 6423
6052 7519
2555 4449
2111 2221
3121 5066
1485 5151
2681 5777
2310 3691
1912 2619
3815 4520
2549 4306
5212 5330
2463 6210
2240 4323
4337 7230
1807 3349
2148 7510
6121 6688
1488 5373
466 3811
2468 5676
2885 7103
439 1387
4859 5997
1716 1810
2236 5400
2483 5618
1177 2636
1890 5394
2473 7512
3049 3329
2744 5866
2731 3880
1021 6398
2537 5484
2699 6217
1222 2848
5257 6010
2304 6351
2647 5424
4320 5734
2605 5958
2230 4991
3615 4942
1880 7564
6418 7266
762 4407
6641 7080
14 3835
5313 7345
1926 2140
484 3411
2781 5310
3137 5415
871 6948
3810 7476
458 3473
1370 3023
1914 6840
2059 2468
3206 5713
2837 4078
5736 6191
1495 2954
1693 2583
178 3536
1079 4184
1216 5476
1968 2734
6194 7364
2760 5707
564 2385
2619 4506
82 1338
4454 5039
44 6960
2771 5800
2417 2574
3696 5570
2834 7459
1258 4626
651 4561
3392 5091
2518 6714
806 2292
1012 2573
63 3953
3080 7120
5250 7478
1857 1869
4196 4886
625 3405
2116 6336
3878 4900
3773 3995
547 2051
1031 2809
283 6836
2440 4566
553 7104
395 4942
2093 2335
3192 6113
296 4538
2339 3371
1973 6585
4 3650
2946 2986
6143 6945
2317 7020
116 1144
1931 7474
808 4840
1024 2411
5801 7227
93 4957
608 3661
3798 6866
134 794
5165 5909
4130 7530
3413 4649
3127 6556
970 5570
2941 3290
3386 7077
3068 7124
325 3389
1938 7235
1034 5679
2712 4784
4931 5842
3612 6507
2644 4974
2833 3029
2778 3018
2928 5287
2818 4567
974 6576
4696 6736
3697 5835
1436 6165
3500 5474
785 3743
662 5533
2647 3270
2353 2822
2362 5879
2284 4272
568 1369
1400 7368
1374 5945
445 4263
527 1716
259 7478
182 5408
2677 7536
3682 5128
4175 5307
1274 4597
799 7524
4413 7498
2047 3014
1627 5939
273 768
1121 1652
2767 3826
877 6671
6392 6578
565 2120
1123 4202
3410 7542
4058 6599
5513 6714
5342 6217
2598 6701
3085 4383
6001 6474
6126 7289
225 3561
2315 6571
1954 4637
1747 4814
1326 3842
1260 6780
5770 7557
5073 6612
4 2186
649 2553
3191 5688
4848 4884
5923 6289
814 1742
37 1244
1134 5390
3649 4936
1167 5132
2448 6354
5153 5837
3729 5255
2 2818
3304 7569
177 5601
5561 6671
1078 7252
818 6412
282 3302
1152 4061
336 2338
4394 5732
1124 7398
3265 3309
4223 5763
2196 4044
2936 7443
2286 4476
34 2772
1733 3934
2088 4048
2717 6015
3744 7131
4710 4748
1856 6729
1835 4204
1597 2498
3709 6166
522 1432
4604 5981
1630 5705
4030 6372
2308 5996
1471 2349
518 5005
3662 5870
1480 2545
2124 3484
2 7615
2999 3138
366 5124
3583 7500
32 1394
3066 4432
1921 5913
3082 6411
3621 6173
5163 5462
2396 2938
769 6868
157 4999
178 4880
590 3925
3161 7548
3894 5827
5180 6117
3032 5798
3910 5205
177 4664
1384 4551
1181 2521
4127 6959
4708 7083
1473 4588
727 3252
3528 5648
7023 7198
1662 3089
5416 5703
4231 6354
3299 3419
4216 4392
2640 4217
3097 5080
1178 7491
3487 7394
3252 7137
5543 6390
4996 6814
1261 7135
750 2316
3062 6175
3871 4897
5298 5753
2621 5277
959 5956
1469 7520
2083 2235
5200 6156
471 2757
4121 7130
3977 5701
5885 7541
284 1429
933 6495
5236 7401
4222 5919
1270 7361
483 1296
5384 7382
4170 5835
915 6116
2118 2167
4455 5206
6686 7238
2447 6920
5148 5189
4814 6193
314 2562
4626 4885
1861 2753
4222 4989
4496 4563
2796 3133
1296 3250
763 5327
2576 3675
1721 3010
1716 2546
40 5873
3012 4001
2528 7495
512 5800
1786 6756
316 1003
2119 7205
2602 6187
4264 7357
5757 6410
479 6474
493 6949
551 1395
970 6056
6418 7365
4640 4788
3685 7621
645 5318
3347 6558
4476 4999
4250 4343
1405 5022
785 5767
2195 3321
2881 4858
3623 4482
898 4248
3137 3988
6669 7207
1795 2481
2846 5976
5008 6020
2099 6384
3074 7297
2019 6613
5360 6368
1526 5464
3589 5039
2205 7254
91 2530
1074 1411
208 7029
1070 2264
1080 6515
511 4055
1072 6056
2896 2999
3417 4084
6461 7522
5540 5588
4407 6268
409 2329
2886 5328
2626 6235
1731 5210
1006 5913
5158 5559
6482 6548
604 2885
2831 3618
1263 2934
4172 7322
3800 7245
5213 6131
2462 6146
1333 5426
1850 6885
1260 3065
3249 6411
2854 4351
443 7046
6053 6285
127 4369
313 4780
1175 6490
2733 5614
1331 4538
1205 2800
2286 3930
3542 4615
322 1821
3333 5708
2745 4113
1653 6022
4312 6037
1225 2140
677 4426
1000 1731
1306 4680
3251 5439
46 6947
1628 5303
3436 4756
3134 5694
2824 4983
1048 5422
230 1988
1788 6391
3189 5052
815 2814
457 2909
3083 4644
1675 4702
1589 4280
14 4783
586 6320
3295 4084
5514 6365
521 4287
1482 5759
2353 3839
4434 6292
207 3969
281 5991
2497 3182
904 6261
112 5977
2002 7078
245 2724
4824 5013
4802 6531
73 6465
5469 6795
160 2786
2128 4676
213 7411
6334 6405
120 413
719 6694
1327 3820
2567 4312
1300 2748
3843 4287
2382 2625
1250 1826
6689 7377
1289 2635
3964 4300
3613 4752
5051 5275
1620 5016
689 6227
6943 7568
4559 5952
682 5686
198 7012
1672 1970
3808 3889
4064 4810
106 3951
1660 2705
365 6161
2816 6334
5436 6199
6711 6958
2729 3312
873 2577
4175 5287
1861 5275
810 5371
420 5355
999 5962
1270 4634
3824 5424
492 5298
3320 6380
3151 4022
1087 4775
2538 4894
5899 6214
370 6718
1424 2307
3824 7518
4270 6817
294 5724
3169 5828
6596 6644
2436 7240
1794 4444
3473 4851
1221 4143
3129 7202
3955 5746
2412 3198
1144 1437
432 1856
364 5666
2928 6360
818 6486
2289 4685
2648 5343
3969 6396
3904 7009
1442 3166
5071 6326
2544 2897
713 3723
1771 6418
1975 7377
4647 4830
2136 2519
4406 7403
451 5429
2531 6432
3508 4094
1520 4864
1470 6703
3281 3521
63 441
1618 5320
2905 5896
359 1585
1795 6464
517 6658
4926 6980
2680 7585
4746 5687
1701 7201
93 934
327 6186
95 7621
2095 7521
599 2255
2040 2563
825 4455
242 4540
2462 4727
1347 4146
1331 3253
1081 7046
2132 2784
282 5677
1854 6568
6907 7022
1031 2033
1293 6335
3705 7200
1004 4673
2115 7215
1146 6969
2004 6097
208 4024
3897 6553
3907 7250
242 304
4441 5281
943 2768
507 644
657 2143
5883 6641
271 4786
3735 4014
3713 6022
1323 1709
2928 2973
2730 4477
3018 5328
4260 7000
1520 6890
1081 1373
1545 3059
4703 6758
1844 7447
4561 7395
1566 5916
3479 5811
411 3607
1556 5271
6501 7120
587 5064
6245 6279
6243 6988
1453 4392
1882 4176
1534 2160
2502 2828
538 4095
4047 5490
218 7005
478 6793
2418 7519
6185 7533
5634 7193
6807 7320
3672 5462
3343 6599
2895 4846
4051 6110
1153 4874
1271 2777
5574 6136
1566 2692
3112 3449
4057 4202
27 6550
2862 3265
2765 3420
2999 7563
4691 6874
948 6081
5705 6697
1294 6201
1761 7561
2444 3331
3173 5722
4097 5730
386 2551
1840 7295
269 1783
2363 3968
3296 4687
6227 6376
403 2480
156 6547
1240 2872
3580 6694
3639 4283
582 3328
2248 5394
1958 7279
5797 5918
5628 6505
171 501
1097 7615
1401 3696
1781 6035
2926 3303
1825 6219
625 5366
3865 5599
2477 5763
3201 3553
1203 6774
407 2223
1115 7070
5072 6345
1312 5328
35 1648
1587 3135
117 6345
5591 6242
39 5330
4785 6165
1952 2616
1016 3568
1386 2022
631 6053
495 4057
2978 4000
7269 7274
3100 5761
2323 6719
201 1366
2991 4235
4043 5843
806 1389
1885 4254
5498 6871
1676 6023
6479 6611
192 6437
1426 1901
6707 6999
4273 5822
980 2480
3401 5697
778 4599
1397 1683
3772 5628
1702 5792
1252 6482
2158 6352
2895 3904
530 4718
1199 2667
3201 6791
2017 3611
4076 4290
778 1731
3624 6325
5271 7181
1361 4299
3227 6801
5151 6498
2113 3004
6113 6517
126 5649
3393 5814
4319 5023
2746 2948
1076 7343
3581 5250
2258 4602
1486 3423
2478 2791
1595 3760
2666 3975
3841 6731
800 2837
187 6220
3223 5613
2393 2751
1317 1837
1588 6116
6699 7126
506 6731
2051 7452
350 1763
5199 7362
2118 4856
1907 7043
2653 4543
794 4963
1227 6452
2179 7216
1755 3487
3586 5945
1126 5550
1614 1807
2731 4599
2767 3025
503 4542
5044 5363
203 6102
1921 2341
71 7134
576 6478
1272 7131
830 4686
3869 7035
4268 4779
2150 6177
312 3305
1166 3051
2047 2694
4210 5471
2695 6456
3434 5610
2728 3060
3734 4945
2348 5939
1339 2714
4317 6479
782 7223
2738 6676
1432 2214
3112 7471
3871 4232
600 7024
1630 3109
3735 4758
1481 3519
173 3242
2906 6077
1506 1515
103 5419
3945 5717
1572 5749
644 6580
537 6591
1338 2630
1602 7106
965 1006
3596 6514
3113 5613
800 1633
2184 6599
367 4160
3663 4834
971 7203
4503 6564
3428 3583
4477 7403
463 7380
1485 4253
2573 2893
3478 6867
2937 3642
6261 6389
4535 5909
5119 6591
5863 5985
2870 7245
537 2330
1298 3189
7102 7120
67 4710
2183 2524
163 1057
5160 5539
780 2115
5558 6594
5268 5838
1306 7614
4252 4805
924 3480
3928 7089
845 2077
2159 4955
4837 5781
3236 4682
929 4557
2531 4327
1634 5508
4119 5483
5708 6153
4323 5169
1058 3820
6211 7309
3739 7387
4922 6950
1904 4455
5894 6390
4528 6126
2384 2528
1418 2406
2206 3943
596 6938
531 6449
729 6737
5209 6970
3497 4824
2909 3357
2463 4840
3573 4801
1286 5286
726 2381
7166 7211
1499 5633
1733 4542
2524 3178
2205 3683
513 4619
2454 7488
2082 6410
939 1993
2969 4657
808 7583
5794 6358
2642 5401
2936 7028
487 946
2357 2716
5176 6303
1272 4500
127 6983
1277 4861
1894 6594
1147 4484
158 7010
3828 6328
3738 7231
4359 5056
556 4085
4340 7453
3414 6678
961 1460
840 3270
1915 2025
2222 7291
3204 6411
1306 2346
4301 6049
2235 7149
1234 7284
4103 5356
3299 7096
3320 6965
3732 6695
26 3826
4835 7021
2952 3116
2243 3867
3597 4041
2108 7460
2886 5474
2001 3301
3611 6516
3003 4770
2785 3764
882 1808
242 498
795 4010
6082 7190
4504 5470
64 3304
436 842
2773 7272
999 5396
4979 5079
545 2726
3769 5115
247 3594
63 1610
3153 4350
2619 6717
4530 7004
1092 5858
3623 7380
3222 3708
5405 7623
782 1195
77 3594
3790 4670
1103 2287
904 7245
2559 2648
2036 5506
803 4352
3441 5954
1274 5718
3365 5460
1430 7430
15 5173
258 5026
3766 6649
2109 5259
1100 3216
2587 5308
1321 6535
5468 6944
1614 6350
2976 6089
1879 2730
1424 2837
431 2215
2043 3123
1129 1932
1534 4150
550 6081
5482 6095
2899 6473
3550 3925
2070 2756
2753 3742
5173 5618
5411 6303
731 7197
5980 7121
6010 6091
986 2552
6480 6850
7383 7399
629 2703
3737 7144
1162 4535
1721 6480
4999 5678
1644 5816
2376 4647
4322 5599
1321 2053
3991 5574
4096 6295
3324 4568
4648 7065
160 1713
6964 7478
4762 5460
4556 6133
957 6247
1573 1767
1342 7551
2610 6738
1609 7578
364 6425
3692 5111
3163 7428
2892 5589
4594 7205
1020 4770
209 1967
7492 7550
2276 2788
3883 6177
578 4522
44 5099
1085 3651
529 4768
1697 4711
2740 7227
3994 5301
1573 6616
292 2257
2270 5220
1696 2180
1703 6165
765 5354
395 5111
2407 2799
4958 5390
1635 3953
2471 2897
3130 6412
5041 5419
746 7110
3427 4057
4489 6202
142 1090
215 3993
1470 2056
1388 3650
4379 4433
3213 7500
2240 2768
4060 6559
197 3034
2598 3346
4490 5027
498 2754
4617 6406
671 4167
3862 5759
1460 5342
184 5714
3728 4361
89 3975
1667 2501
1452 7145
7037 7616
786 6722
2797 2963
1036 3893
4525 5676
3594 5089
248 6973
5919 6697
2572 5227
656 5588
5840 7546
5242 6991
24 2788
1650 1817
6110 7154
4327 4828
961 2158
2730 3945
5460 7384
2408 5129
4593 7537
5023 5092
4971 6272
309 1915
4741 6794
1350 7030
209 1711
4311 7553
686 1250
381 7440
3866 4691
5871 6356
2155 3105
7167 7533
2232 6850
4093 4629
1560 4916
2305 4724
5202 7120
1812 5510
467 3762
2980 5737
1737 6182
4090 7196
2074 2772
4618 6144
282 7214
940 2419
812 6536
244 1095
1360 6679
6635 6863
2790 5113
1750 6090
111 592
348 2269
322 7597
127 3213
927 1301
2528 2957
1337 7570
7090 7140
3790 5030
2161 4023
3079 3279
3251 6289
3031 5377
4306 5059
1561 3032
3570 7616
2239 2695
1364 5990
1174 4980
3112 6916
4699 5582
306 2896
2045 2736
2568 3455
6218 7072
4983 6031
0 324
879 3095
559 2819
2963 3622
4190 5554
3998 4910
1726 5620
5693 6545
1160 1732
3500 3653
1738 5103
5404 6863
2934 5630
1596 7575
1016 5059
1218 5579
1240 2159
924 4761
772 2999
194 3059
3490 4382
5355 6753
4146 4826
4236 7101
2030 6625
608 3833
3848 4729
1360 3074
5331 5544
1206 5312
4613 6647
494 2674
1903 4069
2040 3229
1523 4711
6047 6359
3469 7331
1223 4692
1998 3937
1629 3041
2072 3508
2025 3247
733 6769
3130 3698
5278 6638
6280 6590
4637 7169
1285 4125
2986 3694
27 956
2096 2337
4961 5047
2938 3999
820 6083
716 7607
3219 3247
1912 6629
2378 2444
2444 7499
2977 3835
4309 4617
2563 3190
361 7364
1756 3900
4375 7101
1948 3422
3174 4065
1716 7128
3958 6493
1793 6498
1208 4795
2019 4192
900 2312
1175 2058
0 927
2853 6104
552 4505
1078 2515
5524 7501
1870 3226
3794 6028
1636 6965
464 5117
3162 6243
329 4441
1647 2300
4898 5663
5794 7364
4279 6235
5225 6684
3101 6142
3054 6709
4069 7460
6021 7518
3105 6016
1971 5568
809 1089
5663 7003
5719 6478
3710 6844
4353 6378
4138 7608
874 5176
1035 2494
2976 6313
1677 5426
1932 2136
100 1819
1005 6416
2381 3825
6895 7569
1861 4608
4485 6668
5193 6887
1062 2563
1057 2183
1324 3171
410 3445
5870 6902
2639 3443
934 6491
894 6079
4833 5914
1036 2132
4630 5986
2376 2619
795 4713
3343 6690
3637 5058
4394 6511
85 4690
252 4040
624 2589
515 6930
4049 5062
873 1337
5142 5591
1585 3929
1651 5722
2800 4846
5883 6578
596 4523
2781 4377
2388 3017
4530 7308
358 1953
3032 6555
2331 3652
1733 6602
2791 7042
2848 3369
317 4753
2493 3843
2307 4313
269 3148
2103 4645
540 7578
6813 7400
1865 3417
3979 5269
911 5344
5723 7179
1000 2495
774 2409
1380 5147
3127 3836
1280 5209
1586 3010
2071 5912
4302 5401
2971 5977
4332 5605
1979 7007
5448 6309
87 3727
7007 7070
4022 5004
1364 2348
421 6190
80 3646
1627 5128
4441 5984
626 7290
2402 5547
2244 7295
2144 2418
4910 5160
1908 7004
3532 6884
988 5735
2659 4521
325 2903
2192 6685
1585 6642
2787 4097
703 3265
6023 6867
3968 6624
2190 6059
364 4649
680 5540
1268 5856
1822 5938
1222 5755
2967 3606
5084 7385
6093 7288
3193 6917
3055 7250
238 4070
2477 7225
3291 4962
2432 4098
38 4522
2288 6064
3951 4412
3576 5079
1913 2903
3413 3485
213 3427
920 3213
5855 7238
2226 5538
2191 5094
2879 6546
4901 6347
4176 4340
1427 3477
2625 7253
2856 7257
548 3367
4010 6419
3484 4518
1254 1601
4370 7434
2511 2550
230 5866
2315 3630
2748 5637
1361 4117
469 1552
3003 3912
3978 6608
821 5077
3501 5208
3390 4023
4609 5334
1639 3658
2622 4194
3440 3995
775 5187
909 1746
2756 6113
3627 5209
4270 6041
5835 7491
3591 7059
3469 4941
4234 6280
1405 2770
2625 4626
2923 3010
4345 4821
3987 6118
612 5263
1986 4960
1188 2033
826 1693
1427 2464
3296 7382
5304 6135
2334 5436
366 1540
4776 6758
6480 6650
982 6717
2900 7570
1397 4602
4952 7351
267 4700
6949 7435
2373 4695
4287 6520
2525 7388
5086 7293
1197 6834
5464 7412
2553 4127
1522 6281
2909 5332
4836 7525
3580 4487
1460 5755
3081 3306
93 1537
3653 5718
1702 5616
404 1690
139 2869
25 7492
6526 6812
2837 3956
2141 7371
3196 7415
2420 6803
3636 3672
2338 5457
1277 3174
924 2598
783 1976
4278 6517
4349 7403
1835 4213
2360 3121
2936 5091
2998 7542
2101 6450
4201 5461
4583 7442
482 5757
3979 6666
3307 4544
83 3017
6748 7051
4542 4571
1065 6037
5220 6416
1662 5101
1114 7152
2422 5425
232 5727
7013 7602
432 5345
4974 5350
1582 6821
4039 5733
4507 4808
3922 4770
5121 7445
910 6251
496 4783
1061 4195
1481 2716
1158 6675
1732 5934
326 1853
1846 3131
93 4651
782 7210
1170 6039
687 5532
4726 4757
534 6978
2786 5201
4136 4187
2893 3590
1331 3052
3203 4972
746 7221
580 2524
3606 4285
1438 4759
4090 5006
4200 6386
456 4580
1808 4291
1289 5350
3848 6859
1052 2837
212 2055
3728 4778
2418 7581
1238 1647
4084 4127
3500 4762
4760 5098
3171 6289
2342 7229
5762 6241
1707 2401
5099 7193
6914 7409
5608 5741
3568 6950
274 3735
1432 6985
3478 5107
287 5720
3830 7432
3767 7345
2945 4277
2119 2267
4331 7336
5273 7551
2074 5152
659 5495
6159 6203
2442 5339
5222 7510
1856 7130
1071 5384
937 3039
1835 6107
18 1371
5812 6828
4261 6770
723 7526
2167 3866
1332 5928
1714 3462
4319 6656
2991 6457
2282 5708
1927 6002
5942 7614
5396 7171
4630 6588
3738 6485
5682 7206
4741 6090
1553 1799
3198 7480
727 4172
5264 6409
1518 4104
1251 2833
4276 7607
962 2836
2284 4432
1864 2312
2348 3973
889 3079
3780 4081
697 4551
1388 6460
1468 5174
2658 4535
521 7409
3616 4132
2167 2528
1380 1931
1112 3027
3076 7083
3543 6065
4332 6033
3414 3834
1069 3776
2992 3353
4411 4704
642 6458
1015 5388
1003 4100
1416 2059
4245 6785
2018 4181
3474 4591
2880 5399
1609 6723
160 6818
3915 6242
6591 6686
161 3470
877 2810
2054 4636
3524 6430
2013 5939
4863 7371
585 3293
1224 4425
2066 6992
1019 7452
2425 7212
39 1821
588 3369
496 6930
630 1293
709 7117
1386 3153
5067 5771
3573 3872
4885 5741
1198 4886
1632 2849
1594 3904
1879 7545
2641 6162
4112 4491
2975 4293
8 6306
5785 6185
292 4333
1062 1854
4955 5530
3779 7197
319 449
3633 6809
4789 5675
5706 5713
5480 6474
2234 4248
3106 6174
2445 6598
1407 4868
1207 7042
1234 7248
1253 5066
3171 5220
717 1562
2486 5928
5222 6270
971 4026
5766 6977
949 4396
4940 6254
1709 7031
4040 5106
4932 7001
1111 1346
3553 3912
5635 5985
2203 2820
915 5196
2134 5930
632 1499
380 6608
1455 2178
2925 5769
128 2452
2398 6290
5486 7437
2343 3024
278 4884
18 3478
2090 5120
4487 7321
3353 5543
3071 7117
2180 6685
1149 6684
1043 6892
1526 6865
2608 7537
7050 7319
4675 7022
1961 6396
6984 7144
2032 6849
956 1459
3774 6816
4129 4659
3485 4919
618 4664
1461 2675
5999 7154
1916 4686
3933 5765
5235 6599
1481 3517
3206 4006
417 4484
1528 3725
4122 5783
3812 5556
6824 7098
3229 7058
1394 3416
1981 2058
856 7178
47 1850
2134 7608
1943 4170
4917 5396
1988 4337
4008 7244
5988 6624
871 1269
5506 7565
3195 4387
1877 5799
1307 2646
111 484
46 4277
818 6882
2629 4367
3127 4506
2213 4906
2143 4416
4268 6158
3043 4802
2266 4396
167 6870
1813 2616
3509 4635
3314 4129
2426 6679
2094 3566
1591 6089
1196 3037
302 5973
1047 2136
1504 7511
2742 6491
1914 4102
5450 6806
1689 3265
346 3886
5037 7376
2612 6042
1616 4502
1790 7554
3958 5537
2328 3051
4090 5707
2589 3853
2649 4444
1284 6028
179 1266
4215 7350
5305 6854
3068 6253
24 5141
1332 1552
3069 3720
2207 2813
2173 6967
1641 7564
2052 3813
4318 5935
4583 5135
3415 3837
955 6705
870 6590
1373 5303
2684 5595
2678 7099
4258 5730
1235 1556
269 657
579 3022
2893 3495
1925 6320
1328 6449
2439 4955
4175 4527
5174 6970
2229 6485
3399 7428
1552 7228
1836 2644
1347 1737
462 2324
229 7307
2802 2982
276 1015
1800 3389
6699 7590
5845 7429
6271 7484
408 6711
6907 7045
3786 3868
1817 5714
2441 5535
6180 6738
58 1884
1729 6559
1685 3007
605 2727
783 7510
1080 2271
5458 6886
763 1215
809 5527
1146 5502
1950 2755
1299 7252
733 2678
3648 4437
2423 2617
344 4337
5211 6653
2314 5101
2133 5123
876 1944
4574 5049
3833 7352
2321 2517
2927 6865
6257 6601
2220 5977
1262 6472
1265 3858
4598 7271
430 3529
253 3154
1145 6270
1003 2569
560 2621
4342 5088
1933 5362
1054 1441
1306 5631
6303 7390
6246 6371
6194 7288
4357 7414
274 2297
542 4590
5622 6717
773 1653
353 5251
4943 6644
4311 6659
4420 5402
1901 6648
876 1593
3553 5327
3928 6096
5141 6706
1924 4305
1113 3486
5390 5729
4262 5257
1320 6790
1842 7587
4121 6503
2228 4910
1363 5046
57 1597
4062 6438
4247 7584
278 6769
5206 6594
4934 7408
1911 6660
1085 4763
6235 6438
1660 6957
5796 6481
2421 6964
810 7339
1825 7531
4119 7356
2218 4581
3107 4637
4046 4907
1690 5145
18 2904
2871 7289
3720 6969
1575 2662
6161 6336
505 6643
1795 3183
1928 7053
1305 4937
4178 5212
2728 3266
1556 7214
635 5749
2515 5032
732 5194
1437 3935
2971 4962
4983 6346
1828 7431
1066 3018
4120 6670
1275 3505
5470 5930
686 2315
3285 7571
3248 4325
629 4558
496 843
1546 5648
6253 7294
708 6286
4301 6698
748 1786
2367 5569
3328 7201
4639 5671
3141 5158
231 807
2834 4910
1585 6524
2492 5909
4796 6463
36 2137
3881 5260
2249 6144
4013 6344
3469 5166
1254 3468
4426 5361
5482 7329
1540 7420
3976 6647
5390 6281
1210 3985
765 3209
933 4684
418 2024
58 7152
3832 6955
73 7546
324 838
2589 6651
1121 5436
4039 4119
495 2976
2332 7044
2780 4584
4024 6395
5581 7460
1897 3450
1131 2473
4439 6963
3377 3433
1305 2991
291 1022
4082 5332
4029 5130
1235 2316
972 7349
1732 2715
4757 6346
2394 2877
2384 5261
1786 5257
750 5491
2921 6077
5298 5695
1338 1638
2684 3510
4391 7447
3240 4594
1903 6367
842 6037
878 1879
293 4284
294 2205
827 7511
1065 6672
715 2077
2112 6272
5704 7346
1832 3338
3506 6193
2165 2519
2386 2796
1294 2450
5601 6499
6145 7025
441 1660
4657 5719
2807 6383
2239 6874
4070 4377
5331 6264
629 7125
1970 3569
1 6900
3027 5713
837 3647
1718 3403
1606 5685
4776 5980
5435 6879
3857 5329
5694 7349
2331 5236
1617 2503
3285 5037
4810 5345
1999 2024
5989 6914
401 7494
439 7022
2767 5317
1044 3148
2510 4245
1385 5485
996 1211
221 3500
3292 6655
3547 6839
266 1282
2268 3315
563 6130
3159 6393
1544 3868
1249 2652
4614 5301
5172 5757
2120 7041
3526 5330
882 1746
2349 3305
255 733
392 2667
1106 6817
83 7491
1188 4131
1061 5398
5829 6046
1224 7317
1735 3843
3656 4264
4714 4726
1981 4014
3607 6820
3573 3846
4606 7060
443 2474
762 3347
1910 4077
5074 6167
2086 2596
1222 1907
974 6721
2741 4266
81 2790
3390 6095
1702 5046
1432 3736
5334 7230
2936 3105
2620 5900
350 714
4085 5737
5897 6475
2426 6614
3020 6400
2200 7423
2090 5134
4682 7246
1853 4732
2031 7019
1461 6572
1964 4810
599 3279
1962 3683
1109 2201
3526 4505
3572 5938
3303 5338
2546 3788
1963 5529
1399 4716
1800 3525
174 3153
2210 4133
6329 7496
1390 4803
2237 4430
7159 7244
6397 7596
3192 4696
1496 4767
5212 6120
3745 7539
3858 3893
828 968
4766 6848
5470 7200
3366 6883
109 3027
1691 6325
473 5887
2263 2846
6205 7591
832 2830
5124 5195
1868 4918
3047 3152
1091 7108
6193 7320
2331 7044
2492 6058
557 2741
3147 4095
982 3561
1721 7388
412 7109
245 1867
4257 7555
2760 4298
1332 6085
3215 7209
154 958
2870 3787
663 3656
125 5013
2094 4773
1153 6940
298 1177
203 1166
212 1966
439 3484
5351 7153
1264 5938
1160 7426
2403 7564
590 1710
5636 5798
152 761
2152 2940
6202 7003
2218 2882
3764 6378
2074 3211
1831 3404
3963 6643
2543 3654
1732 2449
817 6377
2286 4587
1314 3434
2675 3875
103 148
1341 4543
6555 6905
203 6150
6702 7443
4388 7464
1724 5022
684 3089
1462 4915
1308 5280
4160 4339
4800 5477
2667 4561
369 6357
1214 5266
2680 4375
1278 6032
2130 5412
4167 7366
5153 5406
2811 4070
3623 4169
3333 4276
2717 7530
2783 5826
3873 4119
2928 3821
2035 6342
626 2134
139 2377
1296 6836
105 2259
4172 4994
1906 5172
3842 4514
5592 6191
1535 2155
4701 7144
1534 6695
136 789
694 1552
4082 6470
986 6569
5570 7370
789 6445
73 4716
1632 6632
2662 6304
1542 3999
1315 5160
3865 7310
2196 7021
148 1686
2018 5056
2511 7587
1843 7531
300 4494
1263 3517
2198 5992
344 5928
2692 4725
4918 5768
1306 5833
1136 5268
2991 7090
4324 6198
6787 7290
1218 1389
5344 7269
3189 4009
6600 6901
2639 2846
2008 3538
1048 1359
3789 3897
910 6783
371 5807
6349 6586
718 4230
1493 2445
3151 4980
1982 4047
5320 7048
437 6795
726 2833
914 3735
3240 5195
2014 7415
3071 5482
1016 4000
1385 3204
2306 3042
4553 5218
4712 5948
998 1547
4697 6813
4230 5502
698 3555
2844 4169
1810 3138
1494 1601
3175 6657
1091 3849
3551 4929
644 1574
3489 3851
3571 5268
3101 6838
2662 3535
4745 6041
1669 3680
2300 3601
3569 5236
5932 7049
477 2098
1642 4357
4208 4312
1471 6812
2800 4140
1361 4438
1801 6040
4851 6615
6892 6907
5326 5656
1011 2016
467 2642
3756 4747
909 3537
6299 6687
3619 5677
1189 1361
2044 4736
2197 6867
206 7260
1963 5641
3505 4570
683 7256
78 6683
3935 5247
4702 6988
3569 5349
3791 5342
727 6486
1837 6686
2831 6044
152 1639
5159 7141
2707 5381
890 5162
912 2510
2939 4979
153 3279
2326 5138
111 4892
5139 6317
6191 6416
1084 7525
7420 7453
1996 7031
284 6336
2264 6011
607 4557
1754 3631
2394 5444
909 2999
2041 5847
1827 5879
1871 1986
528 2300
821 1237
1760 5940
989 5242
2901 5370
3185 3689
1297 4854
1835 7440
606 4913
2297 7406
864 4195
3451 7414
2778 4602
4037 6203
4179 5152
2800 7345
1703 3044
3239 7616
370 6138
1219 5901
3573 3633
94 6016
5007 6500
4041 4663
4473 6909
3322 3702
4699 6302
2322 6967
223 1376
3652 5668
5504 6795
2307 5230
1501 3435
4429 5508
1776 7450
4703 5715
3688 5918
24 2573
1914 3168
2669 3755
799 1106
1164 3336
2043 5202
1677 2175
431 5733
2240 2733
551 5434
527 4666
368 3950
161 6679
1729 5753
267 2683
472 1473
1597 6423
422 2916
1630 5900
4835 6516
1808 5343
1991 2672
4395 7594
1070 3560
4848 7108
3105 6881
4931 7400
2689 3977
2529 7189
5518 5630
4964 7164
96 6833
3434 5997
2785 3348
3377 3567
1945 3416
7149 7262
6897 7518
3276 6146
2475 5066
929 2926
6051 7396
402 1843
5210 6500
5019 5725
780 1959
5921 6391
5697 6670
868 7606
3922 4204
427 2336
2804 3777
2173 3481
2668 7079
472 2070
5375 6591
1534 4393
2498 4065
958 3167
7169 7557
5417 5609
1723 6733
3849 4834
3772 5566
3429 4567
2697 6386
1005 6813
1434 4035
4360 7359
439 5496
4371 7317
3177 6331
3064 7295
2468 3954
630 3182
6336 6908
541 6049
4067 4259
679 3716
2038 7107
2874 3935
2352 3729
5221 7124
417 1555
1996 4257
6394 6626
6863 7549
3509 6472
1878 6372
3541 5393
472 4830
2724 4975
593 2937
361 2787
3211 6981
413 3841
200 791
1204 2957
1476 3431
730 4847
1311 6527
3014 7372
5328 6505
1602 4347
4161 6793
1590 6551
1156 2738
1257 2421
2568 6856
2292 6568
1202 7198
308 6676
1135 1981
2026 6237
2588 7017
648 3783
6289 7304
3838 4646
2059 5403
1064 7485
4880 5681
4244 6787
1253 2722
1766 2829
4151 5826
3200 4823
2557 6867
1314 3649
1427 6945
4603 6649
375 4437
2907 3940
1077 3868
1028 5060
2658 3786
2285 3991
5242 6993
2991 4133
1151 1176
1117 4393
173 1442
2374 3906
2667 6854
3613 6679
3773 7229
4945 5883
280 3758
2712 6374
3788 5868
1104 2366
2934 3697
1318 1565
4230 7332
586 7398
579 4737
1874 6285
267 5337
5853 6958
192 2571
5090 6927
5340 6774
2203 2365
5230 5693
62 1327
2618 3990
3353 7150
4102 5503
3015 7088
3687 5737
2894 6534
9 6328
5592 6364
1517 3639
1236 1976
1795 4107
548 4226
2081 2936
3576 7407
1529 5299
1363 3955
118 3489
1279 3970
1284 5914
2674 3944
3681 5888
1233 6505
389 3726
3790 5868
1517 3314
534 7140
4011 5012
2349 6801
871 7043
404 1052
506 1640
2594 2623
4108 6841
2136 5601
122 5627
3034 4466
1366 7523
783 6911
2715 4488
5721 6277
3451 5931
3325 5707
1716 5528
5539 7502
630 3564
5221 7428
401 6074
3927 6136
2980 3772
1629 6771
5539 7245
2349 7352
344 7380
4406 6207
4282 6323
2138 7612
4198 4856
1825 1992
470 5976
353 3876
2154 6218
6137 6323
3742 4383
5464 6182
1558 5547
2459 7303
1413 4163
2023 3347
4302 7416
403 5240
5287 7220
2523 5503
3512 7507
5693 5870
474 2080
3212 7047
952 3838
1109 4101
43 5280
1346 1542
5796 6561
105 3761
1246 4526
3800 4220
31 1587
789 2671
674 7590
1872 3848
2119 5338
607 3751
2449 6232
3193 6166
1769 6045
4163 5276
370 5668
1936 5555
2925 5283
1773 6280
829 2439
3128 4068
2288 5373
3053 6513
710 3354
702 4589
1993 2047
4595 5401
2451 5883
196 362
4739 5961
4134 4936
2098 4233
2098 4393
1478 3989
4960 7595
526 3553
1701 5189
258 2070
41 6906
1294 3140
5755 5939
941 6422
4386 5381
4441 5164
1066 1497
1460 5464
576 1406
2851 5880
213 4370
1674 3093
1532 7530
1192 2036
1521 6821
6226 6484
3451 4317
1103 2009
4433 6562
318 2337
5629 6880
5283 6109
164 6938
835 5943
2009 6363
2093 4299
38 3968
67 6849
6514 7606
1378 1959
1313 4989
312 671
1135 2183
526 1662
1100 4911
4957 6609
836 5583
5084 5747
4962 6176
3118 5959
1991 7543
2393 6147
4430 4659
909 7259
760 4302
4111 5185
2111 2869
4264 5372
5871 5979
519 654
4146 4596
4448 4475
4506 5942
2362 4759
4439 5164
2945 6283
1981 5038
4321 6942
680 2175
5468 6940
4323 4444
123 1727
1531 4048
3099 3116
2957 6113
367 4709
3395 7262
1972 6630
3371 3488
670 4452
2774 5238
1496 4384
1373 6049
626 7064
2268 6601
2038 3327
2187 7597
3894 4673
3806 5569
24 2452
1349 5861
1663 2737
3011 4314
1061 5940
663 4213
832 6001
3700 6353
1204 3770
1445 1950
419 2594
1938 2411
467 6738
1790 5081
4622 5618
3304 4819
6642 7095
2682 2874
7023 7259
971 4380
5466 5500
2868 6776
1015 1315
229 1413
3959 5025
2863 5830
2521 4529
1417 5540
4698 5495
3321 4052
2207 7478
5630 6232
5272 5879
3913 5224
104 1027
6071 6836
1336 5476
319 3413
5515 6593
1079 5379
297 3997
713 6287
4550 6198
3241 6703
3694 5703
5741 6820
181 2231
2390 4885
6492 6989
3376 4040
4 146
2472 7332
3815 5796
277 4073
5738 7007
379 5811
140 6890
652 1607
789 6686
2106 3841
2687 3857
3682 6602
853 887
1305 3397
5194 5265
4083 7564
1247 2181
735 7536
800 5958
4119 6232
900 7010
794 1199
726 7163
2647 5603
6716 6737
220 2315
920 7486
220 2124
1989 7297
4050 5565
1127 5027
1989 3309
1211 6594
727 6120
1069 5802
1274 7240
2739 5178
230 4323
4624 5798
178 1117
3256 4287
133 934
4214 7601
669 7009
1317 5200
5364 6791
3712 5032
972 5761
5509 6201
1675 7480
469 4428
1442 6817
1311 3662
1597 6952
6619 6927
4115 7030
346 7487
2577 6444
4794 5127
1040 1158
2704 3320
2884 7198
661 3273
3099 7227
4723 5023
2023 3685
2698 3824
4918 6271
5251 6511
3731 4222
501 4754
558 5794
1587 6302
2039 3159
1046 5931
1080 5034
5180 7358
1998 5057
187 383
3732 5221
141 2530
1234 5628
2712 5955
1475 5268
7304 7357
726 1436
4763 6772
3025 4290
4659 5038
3296 4850
3286 6940
240 6898
3427 5809
677 4884
389 1938
1443 5003
2472 4542
2407 6363
4931 6790
6480 7353
234 6696
4268 6919
843 3832
6268 6612
924 5308
4335 5801
2083 2098
4276 4411
6590 6598
2213 6845
2158 5783
1768 3142
3153 5622
4884 6564
188 4947
3153 7446
959 1415
4473 4561
1373 3775
529 1869
5242 7345
452 5768
387 4020
3280 7066
3270 6725
3055 4687
4105 6730
1713 2940
2530 7123
5055 7140
2508 3985
2550 3178
670 3697
1845 2247
843 5154
2777 5498
2229 3016
4480 5385
800 4856
3153 4314
876 6441
2321 4313
998 5045
2865 5401
1002 5973
2295 5451
782 7012
2337 3623
482 2152
227 792
3017 6957
4689 6692
1043 1899
58 6532
302 2087
4416 5492
786 6335
5605 7587
5134 6148
2387 4822
3199 5673
810 3917
3038 7420
3957 5263
1109 3055
555 775
6321 6862
914 4318
4414 5222
5475 6438
1031 1617
1984 5657
4917 5852
5444 5997
3267 7388
1345 4806
6704 7253
1342 3679
4861 5236
3088 5910
5966 6759
449 4919
5702 7474
858 913
2986 3286
1948 7386
2803 7484
2530 4981
13 2429
603 3141
3795 7137
6509 7524
2438 4166
1110 5203
5716 6397
1595 2283
722 2684
3709 4888
3996 5319
5041 5521
1602 3235
319 6904
2626 5728
874 5739
346 2852
3045 4471
2834 5740
3947 6373
3401 6371
67 1362
1919 4244
373 3416
6848 7522
3353 3945
754 3210
711 1206
2060 6035
4425 6880
2572 5704
1307 2805
5600 6322
1123 1255
2637 4528
3194 3713
3180 3451
3254 5296
621 6700
3944 6245
5219 5757
6248 7122
1610 2054
3117 4925
1786 5849
999 4879
1307 6857
4448 6959
653 7399
3137 7372
1338 7323
788 5369
1736 5079
169 1830
2351 2866
3012 5052
2788 3452
2162 3749
3726 4378
2753 4614
4064 6838
4695 4891
2878 5957
4129 6536
1626 3018
3916 7224
1431 2169
814 3131
214 7556
231 5429
11 2818
134 1469
1496 7001
1062 4989
1707 3127
7221 7343
3573 6182
3473 4082
284 7294
4847 7429
3749 3829
3126 7292
4157 6934
3615 4905
3326 4874
2660 7297
397 6671
1822 4000
1025 5099
3733 7580
662 2583
1603 5333
3444 7299
2085 5596
1620 2060
4416 6435
1196 6394
4728 7620
2866 4547
891 6232
1892 3240
2492 5957
665 7323
2174 3978
2888 5571
5559 5715
1063 5276
3602 7183
1643 6222
707 1406
98 7233
5068 6732
901 6920
1931 4922
3389 6659
2389 3313
5775 6991
41 6337
2334 6934
855 6098
2209 5218
3874 7516
4460 6124
3038 6785
3726 5502
1493 3773
1211 4167
3050 3576
259 3354
3059 4959
2244 7506
706 908
3121 7139
2998 3920
192 7347
2728 6268
972 4925
3211 6296
2631 7332
606 6854
1677 7168
5123 5899
2932 4593
2210 5139
779 3472
783 6565
897 1611
3563 4140
912 2207
4749 5973
796 4500
1675 3498
2188 3846
4308 4716
4230 7162
2293 3560
605 6981
4537 7253
3026 4494
2621 4445
3712 6687
3150 5602
2891 3834
6450 6886
2414 2433
3976 4875
1569 2021
6446 7094
1705 3363
1386 2631
3843 7602
1424 7217
1528 2644
340 3218
5035 7043
219 2959
790 3973
281 7219
1013 2650
1086 1151
6568 7422
5262 7353
67 4154
726 2993
6465 6977
552 3543
4235 5134
1178 5040
2983 5206
4800 5112
1137 5152
4994 7348
1337 2861
1247 6094
821 7048
1423 5063
3384 4631
1347 2085
6063 6853
4992 6465
6890 7584
4568 6090
4444 4879
432 2605
286 3702
5456 7585
1143 2180
2354 4031
3120 6765
390 1075
4849 7320
2760 4099
3404 5472
2107 4166
6200 6527
710 1342
5502 6758
3532 7169
1806 7588
3690 5957
3997 4666
1389 4178
45 6637
4757 6875
3108 3805
6394 7490
2534 2595
743 5703
1503 3274
2768 6558
3872 6853
414 5566
149 7066
83 6691
3988 5401
1854 3331
1442 1982
511 1277
4643 7164
308 744
1584 4539
3964 4122
5238 5674
625 712
1782 2967
2112 5779
642 1173
3823 5867
3464 6448
86 2173
1691 6649
4392 5407
3005 3824
502 2460
2384 3022
1287 1704
6062 7232
2430 3074
541 2499
1764 2549
1185 2520
3674 6017
3954 4314
1363 4872
2481 2562
100 125
2710 3267
794 5529
2776 3455
3294 6732
1707 4494
2147 5246
5272 6716
3006 5873
943 6358
834 3286
929 7097
4517 7355
877 3303
1290 2247
3912 3950
667 7483
1531 6923
2231 4411
3124 7524
4264 7175
3904 3905
5686 7550
2233 6337
1725 3572
1228 3903
2191 6571
1484 4840
5713 6910
2597 5239
3513 5885
5070 5942
599 6068
4073 4828
2283 6215
1807 2272
3416 7366
1670 3085
713 1002
3322 5453
3787 5245
6013 6893
439 2249
321 1245
3464 7260
6487 7071
3736 7055
3861 4297
176 4298
76 3047
4927 7398
2979 3176
1609 2966
2965 4908
3875 7204
1309 6553
2336 5797
1795 2029
1125 2511
1808 4917
2858 6786
3148 4527
1923 3844
2017 6160
1884 2083
4398 4579
4299 6022
2360 3142
2698 6394
3837 4911
864 6712
3149 3999
1630 4392
1545 6833
376 7012
3320 6651
4474 6959
1121 2158
3682 4367
483 4924
489 4191
5733 7293
4485 5977
3935 6953
822 3456
3348 7401
756 5438
2448 6223
2438 6449
4115 5005
2864 4091
4256 4634
1290 5041
1626 7210
3566 5168
5103 6716
3616 4787
3199 4808
532 2138
3378 5050
236 643
3523 3637
2524 4901
472 2526
1235 5743
1870 2788
3328 6376
3070 4941
5859 6636
1552 7554
656 5341
6520 7212
197 2889
1788 6396
3582 7070
131 5247
2650 2818
275 3031
776 1001
2012 5206
753 4731
4548 4663
4807 6461
5033 7347
3739 6148
328 2500
623 6524
5333 6378
3485 7587
3421 6818
3151 4533
5935 6309
3329 4292
1201 2370
1011 2353
4961 6580
2581 6118
1044 3800
1395 4577
1029 3514
1872 2185
6000 6232
4162 6814
3686 6072
1055 6632
4852 6632
1505 4587
165 6264
3517 4425
3292 5244
2706 7317
2380 7191
1689 6771
2023 6445
1273 2565
1072 4211
2534 4549
1553 2016
3399 6053
4154 6806
1894 5029
1271 2553
6298 6714
420 4395
178 5967
1712 2171
3871 4287
6299 7433
606 3528
1484 2864
3472 5536
4179 5910
6591 7152
912 2453
1849 5347
4544 5896
657 6949
398 3767
483 1767
4566 7546
4909 5653
6087 6226
5178 7244
382 6570
4212 4253
1581 3856
1882 6541
4112 6993
1869 5880
5601 6117
1067 6971
6015 6616
4745 6227
2461 6350
445 2931
4704 5503
82 743
3738 5176
364 7190
78 2892
26 3037
2596 7082
1826 2170
3215 6530
969 7314
499 4067
5379 6487
1316 7319
270 5210
1303 6462
942 6414
1881 5035
536 3929
1120 3774
958 2365
4421 7314
647 7283
1188 3196
6116 7443
5561 6220
4836 5698
1312 5341
3608 5806
2937 4116
3556 4552
3012 7295
385 4405
1896 5717
2176 2297
5725 6575
1030 1807
3227 6001
3049 6082
4853 5161
1358 3010
473 1121
3126 3437
1925 6548
2860 6439
1252 7209
775 6557
7496 7520
956 1515
4155 6393
1429 4084
2275 7232
1005 5690
2118 4015
4756 5836
61 4482
4007 5251
4193 6595
130 6566
2525 3188
1232 5041
3970 5656
2825 3138
1426 3298
4085 6868
704 6434
421 7012
1793 3731
1642 7165
2639 4568
4314 7593
4978 7359
1888 6172
2058 3458
4448 7512
1811 4148
592 1177
3026 4134
2319 2532
4275 7370
153 1852
4119 4227
5727 5877
1285 1818
3641 5790
1065 4390
6544 7176
4013 5124
1629 5728
4929 6670
328 6737
5168 7060
4720 5698
2411 4747
2804 5333
4955 5908
456 4348
75 6119
5863 7189
1798 3986
3473 4298
1193 5626
4380 5004
5710 7212
610 4720
2520 3123
1070 3679
1359 4666
1707 7388
5846 7446
1830 3495
3675 5499
171 767
1094 3680
3002 6501
75 3126
1892 2081
2647 3693
6476 7086
5581 7562
808 5476
3942 5661
5732 6776
3354 6536
4537 5510
2073 5820
1232 2496
1550 4686
5772 7362
1232 1335
5343 5860
3248 7015
4017 7250
2247 6569
4076 6895
2759 7110
1655 3880
1316 6404
1910 2025
2110 5676
625 2496
954 2442
3144 4800
4210 6279
1684 2722
910 1171
4841 5819
189 416
2068 5271
573 6826
6712 6857
5114 5949
5296 5802
3558 6614
123 222
309 6014
400 3376
6130 6711
3898 4961
2217 2584
843 6049
5734 5857
5288 6424
2785 6895
1292 5003
2452 3368
4574 5729
3272 6524
1422 7210
2120 2237
3384 3636
3428 5251
2569 7020
1114 3988
6521 6788
1339 5576
1602 4893
831 2482
1024 1065
1269 3446
3256 5105
4134 6235
2890 4522
1446 5762
1136 5790
7129 7429
6794 7405
3039 5531
4716 7500
1142 7447
2429 4585
2403 6663
946 1568
4901 6500
1206 3312
306 1765
2906 6463
2329 5955
302 7206
1482 5643
391 809
1329 2510
3742 4065
2450 3910
818 2210
2287 5426
4912 6190
898 5510
1655 1824
818 6350
3064 5862
660 5830
239 6470
3451 6051
3890 5429
719 5292
1815 2402
4534 6888
4595 4874
780 3286
1190 4745
2722 2803
1092 5545
1313 6154
3696 5242
1508 4900
1917 3063
782 3559
2119 3374
1846 2367
868 2942
5224 6865
2428 4736
2679 6290
5562 5697
2627 4069
6482 7063
223 6364
415 5565
1979 2697
3277 7264
825 6252
204 1605
4339 4345
1236 6131
1458 7564
3793 6995
2997 3327
5458 6342
4252 5597
1287 4713
230 4735
2101 6276
5651 6397
361 3437
2154 3020
1568 3636
5665 6438
5572 6747
6057 7118
5765 6939
982 5783
1323 5458
394 934
3186 4180
391 4458
1966 5306
5629 5682
1559 6123
84 5748
3532 5229
1693 7600
678 4551
6091 7545
2360 3468
3294 4399
1483 2000
1464 2396
2124 6000
1128 6195
229 1928
2524 6507
2106 2216
801 1416
1018 3516
2804 7081
449 961
1021 4026
4021 5491
1979 7250
3653 7523
3385 3509
497 4997
1695 7491
3201 6085
4194 5135
4793 7397
2620 6738
6947 7146
5071 5276
341 5711
485 5833
1316 1544
363 4350
6040 7434
4116 7234
2546 6461
2994 6110
691 6389
4355 5218
563 657
3973 6485
1693 7354
2674 3886
837 1776
268 5201
2189 7432
372 2703
1936 5131
3892 5226
3513 6267
1136 5839
324 4196
665 2456
6725 7479
938 1016
964 6534
2422 6791
3366 5406
1728 7149
2512 7201
5897 7465
4857 7228
2734 3000
1409 4301
5901 7238
5191 6297
507 7341
3033 3901
3653 6440
1161 1405
3244 6676
1333 2402
2168 2338
826 7305
840 1459
6899 7543
753 6664
893 6451
4749 6234
1126 4336
4028 6115
7398 7583
2325 2559
5350 7243
4202 4574
40 2964
5208 5369
3913 5995
1028 6927
3233 5343
2732 6598
3736 5395
2875 7569
2880 4717
3477 5254
901 2203
3760 4282
1502 7516
6399 6724
4045 6375
3015 7227
1709 3771
2900 4354
842 2635
2722 4323
3447 7254
1380 4280
3098 5951
5818 6744
2155 4677
5739 6224
93 6716
2164 7578
4701 7002
6090 6916
84 3472
4362 6896
5034 6499
1399 5251
2804 3809
5323 6822
6140 6563
6546 7090
3058 5989
1717 3587
4606 7466
2314 6353
424 4497
486 3981
77 5245
539 4294
1958 3331
619 752
1181 6445
1103 7322
2893 4897
3393 7455
2774 5225
1094 2176
4410 5881
4516 4884
588 7120
4977 6956
2047 3953
424 5170
2852 5346
773 5127
24 4039
4614 7344
3653 7307
5101 7475
1564 2626
2465 5878
3616 3762
1185 5711
2959 6470
6008 6997
5434 6913
3186 3421
1212 3406
3005 3089
4402 4816
4402 4535
218 4818
4555 7042
1832 5986
4429 5509
1756 6499
2633 2945
2922 6126
3443 5490
1457 7352
7116 7151
2784 2934
2180 5405
1630 7223
4610 5895
4344 6603
3859 5716
4589 4817
310 1156
1282 4164
519 5803
3346 5069
2762 4023
3838 5077
5543 6833
3958 6377
4574 4800
239 3366
561 2131
3695 7569
1245 4535
1852 6744
5508 5671
4587 4595
4839 6899
1444 6224
1006 5729
3147 4629
380 5221
3720 5430
4219 4247
2910 7113
4596 6613
1674 5312
2082 6672
5580 6103
4467 5021
1886 4459
2518 3756
4396 6628
2780 6927
1822 3246
1012 2373
3764 7108
921 5281
2979 6919
1736 3311
707 5552
3688 6800
1429 5968
3999 4168
1430 4278
17 4475
2564 2955
2003 6102
3064 3703
271 2785
6075 6792
729 3321
1051 7504
1202 2651
3088 7498
436 6042
6624 7185
3025 3132
738 3593
3633 4880
4941 6527
5622 6357
1614 6757
1958 5894
1993 4358
1798 5390
5682 6799
227 5370
4702 6259
82 3788
4000 6095
5383 6895
5276 5666
1474 6653
1704 6516
5333 7261
4518 7339
928 6129
4387 6921
622 1957
3964 7222
5165 5806
2936 3709
2816 6711
420 671
3873 7186
3646 5584
2595 5828
3193 4620
2478 2744
1282 3376
4013 5139
223 4297
2076 7509
4120 4638
6870 7205
2402 2835
1819 3391
622 5275
2247 7271
3932 6126
92 3501
339 1760
1530 5619
2365 3727
173 1752
1137 1179
745 6076
5719 6707
67 1239
3124 7190
2322 3112
1603 3437
804 4985
5578 6129
1094 6041
3345 6821
6452 6700
2258 3477
2010 6422
6977 7563
3512 3588
134 2447
2339 4803
1127 5063
234 3035
1871 5648
859 3738
3382 6684
3603 3814
1158 6503
2611 5984
2012 4801
2074 2896
2409 2938
15 2640
3778 6109
4851 5235
5206 5438
2564 5144
736 7363
4859 5042
4979 5264
1122 1526
2288 4303
3018 5031
1390 6201
5565 6132
2097 3811
1711 5606
519 2310
2523 3672
586 3922
2392 2417
4199 6757
1044 1893
5491 7437
1328 6061
3111 4790
1989 6307
1035 6280
3514 3896
1150 2127
2858 5008
2429 2670
1730 5886
4581 6372
3281 5567
3160 4767
1137 3944
435 6372
6609 6844
1527 2089
1517 2942
4220 4686
1041 5267
649 6029
127 3614
6465 6806
19 4850
2235 6581
395 2748
918 6825
2852 4287
5189 7402
584 6976
3486 4619
3882 6994
1594 5941
1938 3932
3361 7138
19 4866
5744 7241
6533 6784
4052 6154
903 3252
3759 6528
4825 5789
5331 7140
3181 5052
330 6609
2143 3447
451 558
1605 3357
1234 5680
1732 4405
3705 5371
2900 4778
3242 6982
2214 2718
1550 1774
3495 6372
5524 6218
2663 5360
380 2250
2478 7341
2094 5684
1760 2453
1252 1583
4193 6735
2817 5214
5420 5598
1179 4679
4144 6297
604 912
1391 4176
1488 7518
1824 6624
4744 6077
506 5419
97 7565
3319 5066
1877 5612
591 3726
6306 7447
3770 4961
1682 2225
3715 5753
2813 5997
1512 5259
2097 6033
1903 3793
1827 6314
2201 7418
714 1550
1283 3314
2402 7205
4988 5958
3808 5130
154 3883
4835 5391
926 3554
4777 6086
4859 5744
2062 5499
2294 5311
67 4967
6326 7327
874 6190
3453 7065
607 2685
3073 6072
2687 6027
1642 6816
3498 6193
1224 3813
3410 4659
1769 5911
1483 6581
3458 4493
2882 6217
1252 5892
5937 6521
546 5130
1034 2920
275 7525
2844 6639
4524 4672
4293 5402
5255 5557
632 3166
2360 3898
2588 4475
4493 5413
3394 3809
1810 3839
2740 2989
4939 5953
535 4279
847 6759
498 6577
2422 5718
1525 3254
1661 6847
4630 5670
4745 6940
2089 5476
6571 7358
6814 7249
2006 3152
3501 6465
3608 3938
1073 3669
213 2034
4412 7197
4195 5675
1225 1916
552 5642
2144 5251
567 6014
3325 5437
3569 6403
1202 7597
1255 2509
570 6199
2421 3393
7289 7491
4018 5273
2777 6252
227 587
1763 5889
3905 6469
1273 5688
225 1457
460 3744
262 2612
3366 6619
3936 4709
1274 5654
6024 6081
1353 1644
304 6900
1348 3312
5579 5713
2728 6650
6018 6433
5146 7112
786 5675
3199 5707
889 6187
2271 5941
781 2196
3831 5598
2593 4049
612 3721
1920 3611
482 5458
315 1821
5873 6451
1907 7620
1221 6543
816 4575
5983 6082
1849 2632
53 7449
1860 4186
2362 3463
1282 1310
1559 5666
2606 6174
1043 3342
2781 7042
6367 6874
3803 7060
2301 6555
875 1101
3084 7277
6563 6680
3700 4232
4152 6013
821 7380
1842 3787
1502 1806
2557 3857
3820 5973
2494 2583
5602 5614
3438 5549
4547 7477
3888 4685
3513 6192
1946 5014
3387 5799
4816 4932
2567 4107
831 3435
135 3776
243 6273
328 5749
6772 6959
2908 4959
1869 5324
4164 5660
108 3538
22 4522
1505 2789
844 3310
3394 5932
2163 7094
120 1290
3 716
584 2684
1060 7456
5088 7493
1067 3946
1556 7594
2792 2819
4391 4840
4112 6153
1915 2085
3255 3616
468 5691
3596 5643
1995 7394
1230 1523
2249 2873
5432 6092
936 2196
111 4246
308 4978
2841 3640
3271 7337
321 4014
124 5210
1160 6180
2209 5201
2279 3492
5438 6679
1708 5200
4617 7600
2077 5223
5915 6612
1014 1941
4367 6575
2447 5501
463 2942
2323 2470
4210 6947
4753 6772
3189 3540
1936 2880
5108 5609
67 4287
2471 5219
123 4999
4929 5305
4083 5175
3786 5827
5865 7526
3275 7084
5895 7261
3490 5484
5592 6977
2600 3711
229 6510
6798 6945
1381 2271
3977 5491
4106 4916
1785 7420
4043 4405
2306 3832
1453 5553
1550 3961
2586 7231
1722 1732
7139 7160
899 3541
2414 7463
1270 5023
1101 7333
835 983
1708 6588
2433 2805
251 3289
495 5200
289 6416
576 3417
6914 7227
2440 5565
878 4777
6983 7469
1538 2979
6209 7309
4823 7496
5429 7161
3754 5964
2075 5667
1800 4529
733 6975
1888 6293
1059 3277
275 2559
102 1031
3483 3586
2056 7347
4531 7348
6789 7299
2666 6823
1394 2013
1677 5005
922 2380
2956 3194
387 4948
4341 4534
2144 4847
3624 6448
4820 5408
4688 6338
1924 7052
708 2859
414 6400
1848 3851
155 5332
5085 5655
86 2936
832 956
3491 4616
3124 6585
199 2656
2478 3636
812 2132
2317 2787
6191 6752
2464 2674
3310 4907
1674 7443
510 5179
5161 7352
3643 3916
3641 5254
3575 5181
216 717
425 7088
958 4277
3343 7575
519 3237
1355 5825
3592 6102
5564 6446
3571 6808
4382 6552
3106 6690
3213 6601
683 3290
3132 5647
5391 7088
3456 7326
1475 3402
1560 4846
2659 6369
2065 5548
1353 6698
4016 7296
1304 6854
1613 5026
709 1721
1969 6856
1064 1402
1977 3201
368 535
4563 6961
1934 4690
2501 5660
1620 7094
4886 6730
2838 3533
321 3507
3146 7169
615 907
193 1322
1108 4268
1453 7298
1046 7494
761 4989
889 2277
4232 5526
2262 3577
1103 3782
1628 4903
1729 6835
1459 7596
208 2419
3786 6620
1510 1739
5048 6647
1281 2622
899 4104
1295 6332
1545 5019
3922 7192
176 6601
4364 5042
2229 3333
4433 5413
1894 3855
4301 4956
2917 3007
1388 1804
669 6374
6285 6815
2679 4487
2926 6447
3618 6977
1371 3619
1386 7372
3815 6507
2780 4062
420 5444
4253 6998
1963 6212
3994 5748
1722 6827
1241 4635
1873 6489
293 3807
6976 7043
1920 6877
1584 4811
897 2928
2813 6704
252 1758
400 4729
937 4382
3903 7134
2934 6090
6810 7120
434 3474
5291 5650
2743 4080
4986 7431
2834 3190
3418 6330
2559 4280
4139 5012
176 830
3856 4489
375 6930
4165 6578
3355 4826
791 1004
1879 2523
792 976
1608 7220
4421 5506
1334 3003
974 3658
55 6826
1052 1057
2973 5863
6002 6082
409 3987
3620 4651
665 7341
981 3897
1194 1215
5154 5645
4273 6871
1354 4283
4811 4974
3455 6696
3518 4631
1190 3445
2669 3789
6152 6937
1793 2741
1696 3576
2948 2983
4536 6440
2743 5017
3377 3933
1786 3374
3371 6230
5798 5818
1511 2201
1460 2598
3268 6939
1945 5324
3567 6703
1458 3257
1797 3104
2430 3353
4827 6375
2402 2628
4686 7367
1601 2847
430 6091
4349 6455
2932 5625
437 1699
17 592
2834 7384
2632 3360
890 2530
2620 7504
4161 4524
265 904
2476 3279
3872 6659
505 2332
1588 6001
1272 3986
547 4570
2988 3339
382 861
973 4544
4944 5462
2625 3595
252 3220
6167 7260
5136 7007
4103 5985
3051 5742
2521 5289
95 5561
3292 4573
1036 3735
3963 6711
1551 5057
34 6453
2612 2974
3475 4271
5807 6136
3508 7363
3312 3592
1470 6178
1617 4040
5256 7133
2475 3883
4717 7176
764 4086
429 2119
917 4752
1177 3964
1406 7238
1174 4847
4739 7099
2255 3230
3604 5450
2597 5704
4050 6465
2983 4986
5080 5180
3339 7386
4821 5431
6140 7360
551 3585
876 5605
4698 5071
3475 6523
3697 6890
6953 6999
2474 4919
4922 6536
389 508
1187 5897
4176 5514
1573 5744
3102 4730
3490 5216
986 6033
4308 6095
659 4828
2068 4223
2574 6199
3197 3474
1634 2543
1345 5529
2410 2444
4747 4791
1223 4589
149 1634
513 6993
645 1138
547 7498
2544 4032
1727 6340
123 4984
1238 3554
2897 3075
2483 3697
360 2161
4786 5079
4830 5896
3955 4721
272 345
29 3816
2637 4405
6839 7037
4103 5437
2910 6617
3352 3601
6471 6965
2181 5672
225 1032
1024 5961
3694 6428
6770 7216
2087 3781
2969 6586
1746 6795
1231 5153
4332 6729
949 7372
1715 6036
1979 3779
2112 2694
2834 6578
1938 7569
457 3945
2159 3115
5496 6977
1421 5039
2625 3982
3549 5073
491 4867
155 3487
235 3117
919 5431
1817 7509
4286 7306
1860 6217
5525 7206
102 5138
2431 5778
2855 5225
3867 5745
2707 6916
4200 4982
142 1585
3667 4898
2012 3201
2011 4313
465 585
4479 6610
4180 7173
5585 7072
5360 6539
3089 3470
5995 7258
1377 3022
1274 2741
4370 7128
1748 2749
5892 7072
1123 3244
6421 6622
6474 7229
2860 3289
3095 3511
2022 2917
2350 4860
1909 5981
5428 6060
3895 4899
1654 6350
1196 3455
5023 6478
3355 6254
13 6217
4789 5664
495 2516
574 3237
809 6400
4512 6498
3994 6968
3291 5821
2015 5467
1307 4828
3616 4930
2231 6165
5067 5177
657 5146
1799 4925
4306 5115
2920 5859
824 4301
3970 4263
1395 2592
4622 7254
641 2309
1451 7143
2863 7465
2264 4179
3700 5057
2536 5466
3287 6064
2898 6272
5313 7308
1268 2457
2216 2252
4186 5559
4682 6079
1579 4513
4676 4695
985 4226
2568 3469
1309 2252
5150 6168
4535 5270
839 3373
1818 6349
5491 5927
212 1529
3586 6713
1096 2884
877 3434
194 5781
2764 5853
4967 6355
5905 7404
252 3545
4567 7356
4465 6185
1902 4325
3557 4282
1487 5044
943 3005
4542 5950
3076 5893
5065 5940
2837 4031
1119 6062
6158 6236
62 6168
2132 5452
1349 4105
3991 7336
2362 6369
1797 1972
894 3746
667 2108
3417 3558
3917 4758
855 2866
2029 2612
3148 6040
1343 4322
3538 4733
5582 7191
3603 5524
2263 3072
2367 2750
2066 5039
4020 4333
3427 6997
4382 5148
5076 5540
5325 5469
5001 6860
5055 5787
242 416
7324 7335
897 5080
2201 3119
2518 6408
2189 5626
1313 1503
429 1642
1365 4422
2179 7253
1642 3189
3085 5910
4636 7481
1091 6456
796 2437
813 5362
1966 6559
1268 6988
3316 3646
3595 7061
52 2103
4379 7135
457 3831
5387 7430
1191 3633
3176 5772
5049 6973
3679 5492
1741 3461
2739 6196
827 3075
593 4733
734 4842
1056 1138
2335 6937
4884 6056
2568 6184
532 1039
4669 5270
2752 5431
2 1537
291 3236
1488 4784
4581 4828
745 1356
1346 6366
360 6145
3781 6539
6284 7034
1394 4917
3268 6670
4698 5210
2083 3160
1539 6943
1026 6515
1365 2978
503 1656
5253 6193
2747 6205
5484 7045
957 1442
2325 6281
535 2749
1090 4066
3986 4670
2009 3372
3103 5695
804 2535
75 7290
4751 6989
4130 7255
2691 6229
3891 4546
678 6277
2288 6339
4818 5605
1464 5308
4182 5409
1371 6372
185 4133
4606 6301
4547 5776
5436 6612
2027 4090
3016 4250
4890 5821
5721 6152
921 5719
1060 3728
211 6454
32 1743
2934 4938
1542 1978
3933 6898
289 4417
4642 5661
2934 3228
4429 6171
4660 6374
1180 6803
4004 4871
1232 1974
2677 7280
633 6742
4600 4863
1969 3207
507 1825
4947 5010
2495 4952
1605 3363
6929 7623
3973 5471
2405 5141
5327 6198
1066 7064
1099 4714
5552 7336
217 6727
4135 6632
1125 3612
2179 2594
1676 5907
323 6978
628 4645
1803 6721
493 4550
3803 4046
4038 5610
1045 4514
1601 5373
1567 2441
2490 2544
139 2412
1055 3283
3583 7606
2274 6852
6764 7151
494 5689
1757 6230
3069 5010
2330 6056
176 7191
3632 7069
5758 5774
2236 3751
979 5895
1722 3959
3595 5638
698 5712
2894 3612
3010 6383
312 7386
1066 3707
1532 4843
1552 1566
280 2129
2342 3098
1792 7148
1593 6921
830 5210
6070 7516
3162 5757
4789 5629
3322 6411
5522 5540
3672 7318
3403 7601
814 5072
4273 4633
915 1291
1180 6428
3693 4389
4080 4814
2004 3595
4304 6367
3421 7198
63 7149
1590 6690
2936 4762
2102 7226
95 5039
320 2160
2550 6645
1032 3985
4475 6646
3009 6021
3375 7590
5127 6557
88 1841
1242 5136
80 6822
6185 7310
5567 6907
1272 5918
749 3575
606 2247
5086 5554
310 2390
1761 2780
5763 5867
744 4002
2699 4994
3483 5113
5891 6829
1801 6133
491 625
1361 2146
5857 7484
130 2869
83 3270
5047 6516
5695 6627
2816 6720
1091 2079
3606 5008
2605 3271
2067 7085
4827 5099
1851 5593
4901 7166
2191 6535
457 5865
2528 7085
1501 4929
5052 6182
850 3076
2724 5486
5167 7304
2660 2833
2856 5266
4168 6035
2882 4850
304 2241
1697 5793
2760 4235
721 5078
1819 4034
4966 5331
3552 4876
1070 5758
496 5234
364 6802
518 4448
4093 5212
3737 6536
3210 4250
4914 5356
1371 7271
792 3606
1272 4603
3763 7477
1524 3428
1739 1759
3559 7544
1095 4151
947 3480
2018 6370
6321 6857
5156 5247
2493 4207
2556 6912
6405 7047
1467 7085
73 5293
2155 4458
834 1446
893 2703
229 4636
682 5595
501 3497
618 2906
23 5447
4245 7225
3255 4423
5561 5933
5099 5857
1574 2655
1184 6593
4845 6764
856 3258
537 1966
5900 6023
1279 1859
576 4175
1469 5457
1945 3643
3202 6039
180 2203
2951 4453
3606 7018
2485 4223
3891 6295
806 4626
6044 6500
774 5719
1886 4016
1622 5285
6087 6334
3158 5441
2494 5556
5527 5660
2601 6221
1353 3090
2123 4578
528 1053
58 1994
194 648
581 7527
1258 3929
4282 4980
2279 4113
2216 2516
4476 7175
2442 3187
703 1272
5585 6136
2607 5221
1244 2099
6005 7167
4732 6259
2081 5931
1503 3266
5537 5634
4852 7415
1992 6232
2222 6684
1024 6441
3346 4592
3723 7368
1849 2906
339 426
1593 2174
3085 4563
1738 3908
2017 5755
6648 6728
1805 3314
5675 6978
2585 3695
1078 2790
1726 3587
6186 6292
6162 7158
1723 6714
2081 3249
1614 5441
5441 6779
2880 6493
1270 1288
2517 4454
2736 5903
6044 6381
6376 6781
3322 6646
54 3474
1703 2872
2628 6728
5377 5745
4084 4346
591 6180
121 5412
3595 6428
5248 6060
4955 5642
4926 5622
1155 4425
1915 7611
1345 2916
94 4196
4291 5624
562 4203
3121 5853
182 183
117 6288
5198 6846
892 6536
3858 6424
7217 7437
4191 6172
498 5362
326 645
4056 4742
4528 5440
643 780
1843 3432
2507 3043
521 1001
6068 6901
2032 4125
1637 7060
2439 5946
2468 4039
626 4190
1647 4566
6037 6490
597 2930
2095 4259
1008 3334
5409 5489
1292 1478
5762 6187
3671 7169
1648 4836
5059 5410
4410 4553
1 6870
3843 4476
2648 4084
659 3329
384 3478
6845 7034
6351 7346
6098 7565
1526 6857
1457 7390
2605 7107
458 3907
1009 3829
161 2704
1142 1256
2232 5901
3245 4439
2435 5977
6175 6792
2983 4867
1010 5417
52 1085
2260 5282
3447 6238
5454 6651
1406 7219
4573 5538
3167 5008
1566 4772
2726 7426
1547 3478
3600 4847
1727 5223
786 2775
6450 7255
2653 6947
237 291
3716 7106
97 1246
1087 5345
2720 7103
266 4515
946 6330
2690 3661
1353 4600
4818 4869
2375 5448
1520 3418
1218 2244
1019 6675
276 4612
4907 5310
3199 3454
1696 2079
532 861
984 1641
2609 5934
411 7283
2562 6549
5687 7343
4709 6500
2535 5849
687 2999
354 4513
2436 7228
5106 5276
273 2588
1822 4133
4154 5480
5437 6140
5788 6331
1675 7072
238 3984
3478 5830
329 3666
1522 5661
135 7287
1852 6891
672 6184
6230 7098
4340 5853
5135 7437
4107 6577
2533 3113
1908 7007
4314 4892
450 2142
3572 6703
2723 7087
4610 4892
3255 6231
2848 3378
1517 2164
1667 4423
4191 4908
107 3928
5067 7610
1915 2628
4317 4654
415 5174
81 7398
4207 4265
2582 2818
4646 6027
1278 5155
579 6124
3068 5344
1942 5247
6207 6500
4183 6471
2410 3647
950 3164
850 5408
20 6375
2438 4880
1256 2836
511 1501
2496 7001
2666 3842
6794 7142
3260 6105
4891 4991
1705 4631
2925 3317
2626 4529
6780 7043
1858 7063
2788 2951
489 7311
3641 6560
6302 7294
5146 5607
1893 7205
85 2656
4961 5182
5424 5690
1007 7540
56 1615
2524 6445
4607 6837
3503 7455
2767 6545
879 1583
3182 5246
3241 7111
558 5475
247 2455
3425 3490
2734 6149
6207 6997
3263 4144
4850 6219
6564 6665
3324 3355
4357 5533
5792 6266
1982 5787
2554 5849
2804 4178
4999 6025
1275 6234
1487 2382
2711 3623
703 1241
44 729
2023 3129
237 4800
1960 5655
50 2039
753 3489
2039 7393
3303 4584
1051 7432
4302 4812
706 4708
3392 3546
1281 2546
3169 5390
4007 5260
2080 3796
428 7540
442 659
1976 4332
2751 3936
148 908
1760 5423
1400 3707
5220 7127
5498 6389
2078 5025
2333 2565
2101 5964
1577 5594
1938 4151
2601 3392
2204 5955
1200 6883
2707 6147
5792 6935
6500 6720
897 5607
6354 7436
5991 6699
45 3093
4030 5313
496 1977
6641 6926
1033 3321
4289 4883
1395 5179
1087 4358
1318 7111
5343 5996
1177 3455
382 5096
2000 4541
763 6483
2524 4267
1534 5149
2238 3955
2760 4363
6363 6530
5901 7009
1029 4663
891 4392
5510 5666
449 4500
5601 7523
179 6597
3884 3926
4811 6332
1057 3765
5117 6582
348 4372
1490 6819
102 5523
6924 6981
2273 5574
41 6006
2654 4470
4026 4976
4435 6253
3125 3523
924 6179
327 3272
2311 7363
876 3452
964 5389
496 793
4172 6222
2978 7536
4248 4516
3268 7243
962 4192
4975 6595
684 3495
1116 1708
381 658
1073 3380
5445 7177
669 3037
3382 6658
162 3598
4766 6896
1874 4839
6184 6439
269 6340
702 4273
5631 6439
90 3337
1112 2585
461 2401
331 2137
2790 5290
3147 7411
3684 7599
1236 7148
2230 2258
4851 7097
4259 7471
1924 4068
1781 7543
2522 5757
1114 5958
1647 3522
626 3603
697 5491
1030 1725
352 4774
3148 3966
3408 6191
5238 5648
2047 4638
5108 6385
6952 7387
1512 7280
2350 2501
4141 5451
189 3211
1755 6670
4740 6158
3374 4086
1722 2162
5194 6435
2142 6642
746 6379
2862 4066
317 3912
6980 7181
1444 4966
3970 6280
5304 6410
3669 3923
1420 5760
7179 7205
262 5205
1025 2117
2802 6114
3687 5933
237 5585
2289 5883
34 2149
232 955
532 4839
4473 4616
4828 4852
72 5171
3013 6349
327 624
1841 4414
938 4233
254 7340
1057 6892
1668 3288
934 3312
3431 5435
2180 5700
1821 2990
257 6247
1593 7229
1042 5140
32 819
2684 6158
4836 6550
5071 6335
3729 5671
810 902
4832 6314
204 4945
662 7332
119 5826
1922 5731
2422 3185
5270 5888
4192 4718
4462 4512
51 6675
2286 3480
4910 6215
6085 6119
282 2273
4287 5221
1062 6851
4740 4802
5366 7178
621 2937
1252 3396
912 2887
5283 6143
168 2097
2218 6373
125 898
1041 3415
54 1830
704 5493
1582 5618
5448 5705
729 2831
1094 4640
482 2502
2916 4946
2893 4512
248 6488
2948 7106
411 4680
5503 5840
4898 6065
1632 6438
839 4098
6830 7449
5302 6241
4456 4623
2510 6627
4311 6372
2041 6524
3845 7051
2433 7326
1812 4014
3503 7238
4091 4472
827 7329
1597 1831
6528 7554
701 752
3649 6121
2385 4888
4697 6511
2138 6568
5403 5889
1830 5848
2459 4416
842 6873
3949 4064
1812 7429
5775 7414
1542 6481
2979 3199
6737 7205
724 5220
1553 6540
4327 4664
1016 6854
52 2582
305 2886
1110 6633
5009 6895
362 5614
2948 7400
2697 5809
2546 4976
6764 7351
6226 6814
2113 6842
4292 5714
4959 5160
5687 6258
1151 5490
5356 6630
4059 7411
2394 4799
2874 5462
3136 7498
4400 7532
4365 5352
4293 7597
2011 4553
3796 3914
7032 7186
3586 6974
639 4581
1453 6401
4539 4783
295 5185
633 3909
5732 6102
2083 4034
2585 4874
2995 6723
4096 7063
3413 7617
822 3863
47 2688
5257 6292
4275 6530
3666 4105
3333 5826
6249 6463
1715 5427
56 459
6523 6782
1367 1605
4527 5138
7157 7474
5448 6537
34 1602
1896 2467
5330 5697
1535 3168
3853 6930
33 5208
619 7020
4723 5419
2378 6387
958 3455
2175 6167
1801 7393
6072 7373
1182 6221
1905 7307
4379 5911
2071 7474
4904 5588
1832 5348
1367 7539
988 1515
3156 6232
1901 4735
4946 7614
2966 4224
1678 3832
2930 4860
922 5646
1981 6167
4725 4743
4441 6890
2291 3239
2040 4794
5204 7207
4489 5032
2725 5118
129 1592
2308 3904
2715 2734
4986 7441
4885 6662
687 5491
3599 5666
3846 6791
2560 3558
421 2777
3260 5144
2479 6990
2868 6378
1646 3598
2862 2983
4023 7251
4561 6456
2997 7547
1814 7027
3782 4970
4313 5460
422 3609
136 1004
1982 6102
3243 3967
1750 2448
3722 6510
2448 5202
5421 7296
1875 4279
2051 3874
3081 4346
4036 4818
6020 7346
389 2748
4494 4780
1706 2203
3864 5244
3267 4947
102 5867
3779 6569
3904 5837
5184 5406
106 1339
6443 6831
1393 2911
4521 6404
14 3635
196 576
4151 6943
4012 7038
3667 5071
1704 2638
2949 4495
735 6422
5607 7090
2047 3073
1499 6490
4120 4824
1966 3065
418 1036
5238 5242
395 2211
2840 7045
409 6405
3885 4034
3175 5517
208 934
775 6030
5567 5962
282 5255
2737 5124
420 2743
7190 7367
2368 5720
5651 6240
6047 7087
933 7090
161 910
1346 6568
2905 6318
6603 6899
1186 4247
107 2142
794 5543
1012 3913
4091 7587
555 5193
3863 7262
1957 2851
364 5880
1941 4912
154 1481
1027 3000
5936 6343
40 1013
5300 5776
2343 6122
2913 6377
372 659
3053 3410
3289 6336
28 2703
386 7286
1008 3533
3271 5464
3882 5621
4768 6840
4884 5961
5689 6025
5268 6730
2255 7182
419 6558
393 3246
1281 7230
210 7068
3635 6672
413 7551
521 5811
245 296
39 6053
866 908
1301 4851
3171 7369
1001 4788
1059 5272
1270 7018
1017 3504
117 4044
3492 6311
1793 6300
720 5483
4318 7036
1849 4503
601 4517
6060 6751
1609 3334
2894 3871
2858 3806
1010 3372
191 1108
3280 4068
7081 7550
4836 7092
514 2409
2206 2381
1933 3964
490 876
685 3348
1735 2485
6875 7603
4644 6198
3099 6725
460 1988
472 3227
1751 6096
4678 6816
1563 2852
982 3509
1835 4499
2805 5494
172 2977
5267 5886
1112 6034
1402 4183
5687 5737
1858 6162
1946 2418
47 3634
4458 6336
5886 6558
972 3272
3523 5235
237 6525
5783 7475
4362 5032
2137 2221
298 3871
1020 3870
6427 6646
6507 6714
4948 5695
3398 4338
1804 6453
2831 4100
3444 5402
2170 6458
5770 6825
774 2109
948 3601
3814 4902
4705 5551
390 6783
4385 7206
1442 4786
5078 6245
2766 2969
3869 4963
4232 6325
2738 4007
2431 5734
3927 5207
1792 3546
760 5147
5154 7308
670 1398
2106 2245
3254 6704
1585 6349
3311 6429
613 867
2436 7145
2675 3974
2688 5308
936 3935
1974 4802
2080 5787
359 3159
1742 1830
1024 4262
6306 6383
3439 5908
1799 7584
309 6479
1198 6332
2345 5338
3990 7278
4401 5731
2282 7412
316 2530
3341 3509
1996 3907
1933 6667
604 4731
5384 7113
499 3902
1896 6790
4054 5625
1316 2063
3180 4471
4762 6349
5752 6467
6124 7321
424 6480
2876 7081
1575 3232
932 6986
508 3563
6589 7193
5061 6720
747 5183
245 4673
2536 5093
2823 6278
880 3258
2151 6971
1465 5653
410 4843
1919 4502
2506 5979
1378 3926
589 1399
2208 4929
2587 5133
2370 3477
1270 2927
610 5084
3809 6489
3916 7327
4701 6456
531 4300
882 1105
1646 6793
3583 4229
4193 4353
3051 4737
302 4034
467 1668
2259 7109
6596 7543
454 6585
2331 3538
556 6987
2110 6041
3458 6494
3776 4514
6387 7286
6081 7016
3456 5637
1908 4886
1266 4492
698 2009
4298 6953
1523 7038
202 4083
131 2637
3880 5244
3100 4182
2601 4286
985 5133
4220 5039
654 6673
2294 5271
4225 6299
3080 5999
2248 4863
884 5024
5373 6350
481 7063
2471 4435
721 7264
4369 6372
2569 4116
4596 5026
5658 7588
239 5068
149 4988
1927 2831
0 6179
342 6333
2847 3771
602 4017
1193 6403
935 6370
1710 5525
1296 5053
798 7188
922 2712
6668 6845
5569 6057
1421 2946
5343 6545
473 593
4176 5547
4166 6899
1626 2419
1094 5104
182 724
1521 6896
706 7083
1160 5680
2247 3954
2536 6441
6346 7202
3372 3690
2010 3514
460 1479
545 7522
2750 5812
3133 6814
7098 7129
4994 5906
829 4321
3230 5429
2325 2351
786 5126
547 5895
2670 4216
2602 2747
4915 6473
4033 6217
5900 6418
1885 6171
38 3510
4637 5051
4021 6513
4348 6599
2370 6690
59 2036
1696 5587
3166 6884
2296 5073
3637 4387
935 1389
5424 6749
5026 5030
6423 7206
5202 7577
2340 7150
3893 6973
3034 6425
887 5366
1538 3669
1675 3196
3530 4207
1694 5009
664 1048
3402 4425
3095 4689
2078 6502
2477 3739
5682 7261
2126 7469
1991 2400
1459 6115
3019 4439
630 827
1238 2424
768 1552
1 4704
6760 6763
1911 6469
325 3534
989 6894
780 4032
1270 2595
2223 7163
695 6912
1160 6724
2554 7395
1292 3060
3942 4815
2255 7590
4408 4418
24 5798
995 1048
2999 4476
134 5042
526 2063
204 5158
431 6433
826 2096
4907 6039
3590 3835
388 3492
2704 5077
376 515
2242 5603
615 5968
4169 6255
1652 4973
538 1844
372 2395
2591 2894
3438 4614
1253 4451
3448 3566
3291 5361
2210 6581
673 4180
710 4545
762 2035
3691 6507
3394 4236
2013 4993
923 5666
1035 7048
4354 7502
5452 6671
1778 4150
3095 6546
2071 4323
1292 1924
934 7336
116 3902
2434 6852
5521 6304
4713 5571
3896 7475
2347 4742
1455 4780
5311 6887
2098 6655
2957 5054
2248 6158
5568 6565
2748 3120
3141 4257
662 892
3317 7364
3212 5935
686 2842
1460 3954
1442 5392
2159 5657
306 2673
2446 6648
480 2741
2879 3436
4577 5028
3464 6446
1570 4843
2950 3422
1690 3521
2898 5316
2675 6393
4733 6135
2641 3808
4523 7539
6358 7189
50 2433
2850 4282
126 3959
452 1071
4689 5478
4139 4375
783 4865
3917 6070
482 5054
968 3017
4074 7548
5044 7156
1120 6423
3997 4333
127 263
2803 5249
3210 5268
2293 6684
3323 4115
1605 4283
4363 7427
7165 7574
1708 2840
1136 2403
3775 4245
522 7173
6523 6725
653 1201
2569 6496
1149 4196
2493 3061
651 3372
4323 4559
5740 6583
3846 4380
5084 5474
4358 5583
3203 4271
5137 5702
844 1468
1593 4847
1066 1138
692 5392
80 574
539 3462
1032 4699
3113 4863
4044 4401
1931 2191
1776 4452
3424 4619
3295 4032
4473 5828
638 6808
623 5236
1331 5802
2662 5186
1235 5374
3125 4312
5954 7137
822 5140
5572 6547
452 2802
957 6178
5829 7591
61 5029
1097 6787
2685 3683
375 2122
5718 6301
4292 7024
6442 6943
585 2949
4232 4734
2672 5196
2602 4465
2324 5125
509 6522
3264 5231
90 639
5900 6294
1088 2646
71 4090
1015 6922
2150 5535
2245 4022
3922 5072
3370 4724
2157 4699
4251 6039
213 1698
476 4177
306 643
5645 5775
1735 6061
2060 5829
3060 5300
3561 3786
7242 7411
4710 7529
3518 7380
230 1982
2188 4263
3054 3064
5327 7539
223 2951
2133 5117
4393 5285
2119 4116
958 2985
1148 4147
2232 2474
632 822
1842 2231
580 3166
737 6036
1250 6689
3359 5798
3065 5828
3179 3805
183 6034
1762 3316
3176 4461
5715 5841
4804 6100
305 1353
1531 2863
990 1259
2829 7212
4492 6598
1746 5723
4812 7160
3740 4679
625 2755
4312 5932
5146 7191
3020 7333
4681 6225
161 364
498 2819
3167 4665
875 1527
545 2772
2956 5555
3341 7368
313 5606
4341 6764
1571 5716
2927 4957
863 4265
1357 2224
826 7028
2317 4365
6733 7120
4373 6878
997 5007
3806 7597
69 500
1216 1423
3705 6214
4976 6375
761 6738
1676 5637
6803 7217
1232 6883
5264 7457
709 7511
1678 5546
5612 6107
4502 5154
2797 2835
1497 3916
3054 3835
927 7213
2558 6302
5070 6288
3506 5242
234 2555
3289 7014
730 6688
918 4413
2150 7218
2637 5231
1643 3922
342 4566
2658 4760
2986 5755
533 1983
1144 6873
2768 3439
1450 3923
3765 4353
483 1566
6101 7281
344 1069
4523 5424
4153 6182
5630 5912
1151 4234
2395 6464
4564 5154
1054 4652
4847 6132
1250 2333
4744 7164
4547 7303
2229 7011
3897 4483
2139 6338
3808 4042
1350 6880
3047 4518
1426 3565
818 5840
12 5321
3327 5484
5822 6918
3952 5996
356 1389
5865 7550
1135 4585
2342 2496
1544 6478
4 4783
5857 6859
3296 4919
415 4111
4791 5422
1425 5993
72 953
1420 3962
3405 4955
1672 6559
759 6441
5892 7280
1167 3285
122 4514
4103 7171
5105 6130
4291 7474
1756 2885
6903 7099
4735 7345
214 2782
6309 7347
5621 6887
2925 3524
1568 5035
1700 3057
347 3714
1177 4587
6938 7009
5376 7392
1856 4343
748 5520
6192 6576
1817 4944
867 4815
721 2879
3577 5826
3849 4557
1364 3377
1095 4750
2755 6094
3823 7506
1076 5572
1244 3425
4384 5131
3022 6694
4611 4819
3603 5579
2857 3495
1891 5073
1280 5269
727 5051
4247 4463
40 5283
1404 4546
5125 6916
1726 4305
3890 6979
3251 3569
3442 4270
713 1978
8 702
4456 7515
1591 2448
2359 4128
1756 4626
3368 5290
3823 7418
858 1131
3232 5721
3198 4881
546 2481
1938 6932
1118 2140
213 2154
3231 6848
2465 4748
1510 2246
2256 5465
1605 2357
458 3784
6192 6304
2136 3131
1648 4326
518 1003
9 7532
1195 5981
1646 7435
1478 4520
91 3163
4849 6998
316 2001
5651 6145
4013 6341
1835 6349
5141 6766
2206 3519
1373 3983
3235 6519
3109 6366
145 1685
903 4301
1938 2753
6774 7238
4358 5326
1946 5485
5308 6878
1194 4662
6132 7218
490 2459
520 972
3877 7340
4309 5707
6384 6791
2697 5343
6270 6412
2236 6167
358 2357
2103 6865
850 1053
529 2425
4274 6374
4786 6459
4264 4981
57 5075
300 2055
3070 4321
579 3770
248 4203
314 2655
6152 6821
959 2264
2130 4881
4683 7588
3949 5749
2132 5495
467 6413
883 5379
202 1208
605 5099
1588 5289
4691 6209
2761 5645
3188 3516
5132 7193
3596 5412
1278 4093
1471 2892
3942 4978
3728 7623
559 4274
998 5030
5905 6303
1901 5311
3573 6545
5503 6070
6467 6600
230 5989
739 3141
436 3120
2357 3951
5138 6403
1247 6682
3126 6071
3381 5313
622 2092
6917 7616
3231 4662
1209 2139
2665 4974
4492 5034
3167 4573
1804 4019
517 7295
2629 3793
2579 5933
2867 4462
3795 4969
894 3604
4266 4691
1842 3377
350 2862
144 6941
609 1519
3027 4401
2224 2297
3424 4157
1530 6345
1970 4524
1805 2275
2899 5648
1602 2729
3861 5285
1739 5109
767 2958
5763 6689
5626 6270
3163 6688
2372 5606
3287 4413
5563 5865
37 1662
2929 6858
3373 6720
1768 1898
2487 7163
1365 5699
1965 7382
6539 6950
3760 4044
3526 7292
3015 7423
4412 6311
7404 7586
482 558
3269 5572
85 5836
4139 6376
2305 5175
2092 4587
3291 5123
2859 6375
313 3732
3166 7188
88 2226
835 5333
4487 6441
1622 3993
2915 5879
5107 5390
648 5477
3011 4006
0 2976
3128 4719
6361 7184
5362 6778
2317 2915
5861 7377
204 1270
1750 4612
500 6919
1092 4327
1953 5454
958 3063
2887 6999
5270 5872
1464 1784
1033 2227
2712 6563
3714 7078
2885 6385
343 5434
3363 6998
4254 5355
3623 3977
1864 3513
4410 4847
2044 5822
1228 4671
1945 2793
1066 7326
436 4614
502 1861
3872 7074
6902 7468
419 3051
2009 6281
5039 6195
516 2813
1670 4726
3185 5130
1838 3265
3233 5075
498 6851
525 1941
6977 7558
2407 3076
1129 3500
2526 6410
252 2570
303 1592
3845 7400
475 1139
446 7422
256 4370
460 1057
1470 4065
3214 5243
2826 4650
4284 4723
3574 6562
1679 6991
577 3667
182 6460
4807 5672
1930 6596
3477 5232
2105 2270
1819 3013
749 886
479 4161
1388 5568
5980 7535
429 6667
1453 2300
1692 6281
2612 5636
3847 6535
590 6437
1386 2337
3536 5445
5200 6129
3067 5198
1322 3204
4091 5735
273 5687
5510 6871
117 1704
2208 7513
1219 6258
3002 6712
2453 6105
2751 4758
3547 6484
4012 7028
6154 7600
250 5541
4511 6020
1522 5723
865 2751
5033 7247
852 3758
76 3595
2785 7188
2286 6822
4763 6034
4538 4892
933 2083
3550 4739
2510 4928
451 5843
697 1766
5762 6894
1960 6450
3963 6610
792 6392
7221 7431
3621 4646
1514 6947
2532 6315
2992 3658
347 479
5681 5980
766 5489
3473 5369
3986 4366
4984 6524
1212 5033
3294 5503
3402 7390
268 2318
5523 6519
702 3039
34 2325
707 7353
1523 7467
1967 4268
729 965
3892 6909
1074 5968
4638 5283
1220 4647
2598 6183
5184 5953
1027 5085
1848 1897
1560 2500
2657 7035
1125 6383
2367 7146
2865 6049
2278 4521
56 7196
318 6021
1127 1343
873 6485
4200 4883
1547 6863
4173 6510
2087 7330
250 1644
5719 7392
4168 7492
2734 2758
6582 6855
295 3422
1350 3175
1088 3901
1144 1171
3862 6817
2855 5804
1852 3627
1674 3811
3463 3718
3221 6608
1613 7493
1162 5438
980 5103
3955 4644
5195 6257
2278 3016
3675 4039
4995 7157
4462 7087
4213 5686
4688 7220
664 5620
0 7135
2699 4096
1676 5617
2483 6442
1299 3204
3628 5913
1594 1955
2986 3558
2793 4066
880 3186
3471 6502
5529 6017
4432 7068
2801 5653
946 4747
3160 6898
5414 6274
133 4616
2717 5886
630 5370
1316 4676
2075 6697
3176 4614
3951 4513
1265 4790
2055 6119
2034 6441
4493 4954
1340 6092
6019 7110
1954 4468
998 3689
1218 5895
810 4182
3469 4527
1044 1535
1476 1820
4615 5286
849 6759
3983 7193
3653 7514
2084 6062
1514 3213
3142 5388
1850 2108
493 2234
537 1884
5700 6823
1010 4699
2728 3023
4138 4775
5012 7481
1184 6082
4250 4417
342 2020
517 2811
1182 7376
619 4973
1186 2963
5571 6013
879 2857
3160 3917
6090 6990
656 2360
2259 6989
3038 3627
1852 3828
824 4188
504 3993
6617 7303
7337 7388
2287 3717
2669 6500
3617 7282
415 5611
1894 3478
265 6832
2020 6243
95 5359
4587 5815
903 3468
974 3353
3852 6351
633 1240
1250 6493
1371 3251
5233 5778
2715 3764
932 1458
185 6221
4273 6127
5051 7051
1051 2917
2681 6070
2676 7367
1998 3318
2831 5621
752 3119
2712 3309
3438 4971
1571 3147
3058 6464
492 2393
1837 3940
2049 4431
2571 4521
739 4337
3909 4311
5298 7595
313 6570
2597 6887
408 4928
1405 4325
2729 5276
4495 5426
7072 7603
1090 5372
5528 7444
1956 4865
1015 2949
1701 3833
993 4801
698 5770
1151 1960
280 7173
235 4354
2922 2945
4132 6593
5276 7438
4086 6841
2743 6810
1484 7578
3146 6042
3656 6988
1843 5967
1620 3565
529 3866
12 183
6621 6916
1740 6649
1849 5389
3198 3659
102 5326
1149 3738
320 6493
2204 6702
781 1041
2787 3623
1587 2749
4640 6170
2225 4537
4076 5323
1894 4101
276 5018
5162 6387
3491 5432
29 7558
1186 3915
6614 7215
401 5036
152 6393
530 6171
6746 7498
2418 2730
3342 3940
4645 5284
2168 4576
3708 6265
1775 4928
4382 7529
6938 7044
3318 4331
6296 6841
2246 4263
2323 7037
116 5743
1870 7155
1412 1795
945 4907
3017 6226
656 4427
2428 3359
5391 5448
2178 5555
2743 4633
1283 1662
1438 2982
1152 1567
3937 7519
253 5103
1764 5062
4359 7524
744 2232
2485 3884
1918 6318
2521 6353
4721 6981
1571 6383
2011 6023
6622 6958
1947 3439
982 6542
834 4331
2423 3124
612 6348
3301 7397
348 2521
67 3468
5921 6495
23 311
1021 4097
352 6372
2922 7595
4492 4503
3655 6987
1836 4058
387 3036
563 1854
143 259
4531 7042
1826 2506
1204 6899
3474 5056
201 1101
249 1027
634 6292
1160 3585
5137 5168
4542 6609
1850 3684
317 2341
2102 6025
3225 4378
995 3632
6036 7346
3680 4089
516 7146
1566 7168
3305 4368
464 3645
953 3559
1657 7290
217 6822
4681 7310
1218 2739
353 7547
863 3479
2023 5204
2536 6868
922 3782
567 6299
2331 3507
1253 3167
6193 7613
2893 7539
48 540
1774 6036
4297 6520
6501 6669
244 1436
2118 7291
5150 6037
3346 7306
2176 2689
2480 7550
4971 5265
3119 3297
4880 6136
1722 2357
5086 6579
2618 5090
1955 7239
4958 5031
700 7508
6551 7352
1203 6761
1260 5639
2098 4945
2795 5277
1430 5306
638 6801
3481 6718
6193 6296
833 7466
6866 7011
5689 6179
1388 3993
2636 4718
3590 6116
1597 7412
2784 5690
1467 7020
1106 5611
4374 7152
1390 4717
1702 4929
1821 6607
4255 6572
1134 1715
5869 6385
1178 3720
6404 6607
4143 6989
2578 3009
3597 6278
1023 6355
1781 5470
1588 5239
1323 4474
572 979
753 6942
2775 4655
1991 7386
5508 6696
4181 7482
3573 4804
709 5187
1605 3782
3575 5778
7120 7230
1608 5825
1554 3647
1206 4031
924 3916
2895 3149
1430 2945
829 3511
1113 7472
1994 7395
1369 7023
7127 7240
2739 2793
493 2221
1093 6565
1320 3423
6661 7081
2426 7533
6952 7066
409 4010
4466 5448
913 5983
5407 6183
3831 7360
4199 5987
2495 7234
579 6865
31 4076
4042 4240
2170 6097
2676 5633
590 6127
3333 6314
4854 6505
3246 6960
6014 7168
3640 6481
784 7365
1890 2501
3695 4709
3754 4126
193 7435
3097 5943
1206 3576
3873 5908
4945 5440
2185 6977
4516 6757
1557 6497
3958 5651
719 6141
3538 6769
745 783
2167 4255
1780 7476
2203 4639
6404 6484
4711 5205
5636 6261
101 6008
3925 5001
1371 1407
345 3329
600 4912
372 5307
3004 4400
1100 4941
1219 5773
151 1747
5 1162
351 2616
1138 6012
5889 6829
3964 5225
2259 4892
1114 3375
4648 7243
1019 3851
1499 1558
2523 2854
2550 5724
5650 6492
1556 2967
1702 1993
3746 3797
4055 7510
5550 6943
2908 3522
1464 3773
925 5445
3084 3988
4316 6010
817 4900
1186 2062
4323 6052
706 971
176 764
1310 3373
3626 4861
606 1120
481 1002
2333 7216
4135 7589
2007 5231
78 4058
2772 3390
748 1281
4254 5510
3107 5906
503 1789
1064 1354
449 7229
4460 7230
5559 7335
4886 5739
971 6376
596 6451
0 463
764 1629
2638 5363
4245 7276
1281 4899
3871 4966
388 2003
1928 3833
1017 1484
4921 6812
1820 5065
6143 6607
4217 5305
1120 3447
546 6747
649 3063
2173 4834
4700 6005
618 4219
1619 2043
5043 5044
3718 5848
1399 7444
3274 4206
5133 5878
435 5962
1014 1246
2282 2785
1663 2703
4620 6347
3469 6275
3032 5957
2414 6156
1027 7238
2311 6915
1025 3804
87 7274
671 5427
130 5578
4221 6138
1858 7478
2679 6856
3047 3882
4933 6549
2780 5432
3566 6086
4144 7279
115 1829
2974 4858
1167 6611
309 5517
1338 4997
980 4505
1024 6484
43 6776
2086 5002
779 5308
5632 5824
370 3283
819 4216
3253 4108
2893 6221
291 6689
941 2970
339 5345
683 2436
207 4218
292 3011
2537 3092
1709 3184
1280 4629
1447 6804
5982 6879
577 6366
2502 4679
429 2585
1668 6820
557 3149
1685 4087
1086 2138
1240 6328
4610 5166
1507 2089
4645 6821
140 4968
2736 7226
624 3603
279 5568
2765 2931
2427 4259
133 299
2457 3022
3077 5583
2484 7102
3575 6167
5613 6721
2272 7598
6748 7471
1006 1805
4641 7203
939 1775
1127 4477
4770 4915
1611 7381
3471 5656
1075 4992
756 4134
561 6976
434 6090
2082 7304
2077 3025
2956 3133
4028 4243
4989 6622
196 4493
607 4904
5041 6106
2313 4706
569 7218
132 4911
966 7152
532 4701
4536 7001
2979 6017
4550 5986
5999 7423
3112 5647
773 7376
864 2534
6235 6616
3888 4276
4577 5563
2743 5392
684 1549
1130 1224
555 4218
5324 6306
1849 5578
3516 5728
1562 3944
436 4466
127 6932
1751 6104
39 3207
2383 5682
6116 7473
859 4010
6555 7448
1280 4820
3813 6951
6916 7033
3709 7461
6707 7074
624 6655
2075 7282
1623 5100
2676 5225
829 1626
3366 4448
5392 7489
734 7426
1730 2391
2112 7128
1630 4615
4143 7556
334 5073
5400 7026
2260 3533
568 4707
480 4494
5079 6174
847 3755
2911 5031
4182 6694
1433 1607
4662 5954
2427 2466
4118 6110
3380 4108
2623 2837
3895 5446
191 4917
429 2812
2582 5972
3341 6436
4823 6888
37 1340
6568 6955
1886 5348
2210 6429
744 1027
1179 5512
1770 4371
2722 4993
462 4982
2034 2887
6355 6439
6697 6956
2940 6211
6741 7445
3907 6118
948 3254
740 5362
3058 3827
140 4759
5058 5910
785 3491
2691 3306
1223 3649
2820 4494
5255 5619
1887 6911
668 5503
4501 6479
611 3440
1201 5223
642 7176
284 5853
2142 3268
580 4792
6118 6581
1513 3673
1165 6512
82 5115
6313 6603
4074 5333
1212 2086
673 6604
4439 4703
5090 5511
2692 4173
4228 7060
4565 5545
205 6634
1033 2796
549 4460
1331 4377
1124 7063
1947 3224
3847 6378
6209 6697
1480 3768
2649 7337
5149 6413
2581 4675
3583 5170
1337 1547
4243 6009
990 2683
5033 5753
1584 3751
387 6952
1294 2230
5358 7521
911 1814
260 1958
1019 5005
5221 5340
539 6644
1688 6581
2793 4246
5228 7444
149 7163
5326 7364
3516 6380
181 2008
4594 7495
1739 3558
1717 7224
6956 7440
5133 7151
1296 4401
5923 7145
1215 6834
2315 3915
199 3059
598 1716
1478 5324
1753 6494
280 4045
1573 4755
5457 6989
1987 6709
933 968
164 6090
4384 6070
2227 6572
1821 5006
4684 4901
83 5738
3183 3493
202 3797
789 4363
2886 3470
2372 6011
2083 4886
5746 7529
229 6494
321 2833
168 7072
1413 6485
6251 7261
105 250
5722 7523
1268 6920
1377 5905
2028 4686
3743 6065
4138 6352
478 1914
4899 6803
3218 6787
5519 5632
3253 6104
2136 5708
4628 5208
5417 7510
1373 2545
4618 4781
2044 6216
859 6452
1019 2659
4551 4742
1116 5275
385 1934
447 6875
1852 2463
4752 6803
683 7437
916 5022
2586 6480
3408 6686
1263 7133
5121 6331
4280 5805
1872 3024
2056 6812
5289 5953
1569 6124
3061 6840
802 4181
1597 6779
2288 6476
2206 5413
2073 7078
3341 7016
4079 6179
704 7336
1802 2385
735 1146
3419 5598
5039 5203
602 2738
4179 5338
3485 5903
2560 3281
1234 3316
1147 5341
2879 6835
546 6498
181 1518
1752 7441
3029 6810
2571 6502
2999 4871
1840 4968
3060 5283
189 4456
495 3488
2280 6621
6535 6983
3971 6529
3646 4282
5667 7097
728 928
4489 5496
1586 6094
4620 5960
4239 4531
3818 6102
1380 6866
1691 7188
666 5811
1312 3213
2233 4237
3206 3853
17 655
1544 6000
1505 3072
1247 5583
1236 1935
1436 6995
2278 3655
37 3992
2173 7066
4226 5597
590 3248
5587 6061
1833 4860
1035 2619
2887 6289
2076 4488
4035 4630
4761 5686
1260 1349
2099 3293
5979 6562
5482 6648
1910 4049
6015 6339
1133 6102
4817 5613
6796 7205
2473 2496
535 7077
2429 6625
2415 2589
755 3449
434 2636
852 2981
324 1787
3732 4395
987 2302
3119 5733
2735 5390
2321 4544
2322 3402
2209 5095
2751 5624
1112 2002
375 5741
4536 4831
5695 7445
4872 5734
5536 6876
6933 7512
2779 6800
5331 5451
1030 5634
2099 2386
113 1951
4664 6910
320 2092
3969 7088
4465 6376
1826 1922
1689 3450
975 1132
4256 5655
781 3960
1226 4818
372 3349
1024 4265
2369 4546
1534 2571
1792 1860
919 7612
2426 7174
2084 5511
175 3911
2232 3630
1789 6618
1656 3325
2415 7219
2047 6796
208 7617
2706 4573
698 1621
4768 7390
4222 6993
1059 4008
5696 5860
4009 6126
463 1384
770 7109
957 2649
3490 3665
1886 3418
844 6097
1623 5995
4496 4899
1590 6492
1569 4323
6324 6819
51 1160
1089 5594
3810 5756
3015 3127
1120 3493
4397 7145
949 1282
1923 4030
4189 5313
1293 3249
2673 4975
807 7073
1515 6553
786 4998
6923 7517
193 751
509 6747
508 2420
2347 5703
5199 6746
1398 2415
748 4698
726 5424
4646 6815
4059 6362
3865 4432
2618 3774
845 3227
2979 4209
392 4497
127 6479
6987 7148
3327 3374
715 6624
866 3170
3178 4119
2782 5313
565 6375
937 4146
501 3228
3320 3413
663 6613
627 6539
1309 2979
4818 6622
440 2330
1477 6281
1068 5942
1210 6907
862 3567
2896 3769
468 5641
3251 4357
3589 3945
4035 4352
1029 2181
3447 4322
136 1838
3579 3765
5285 6529
3358 7160
715 7153
2341 6980
4229 6612
5873 6056
986 3885
6619 7348
42 533
3369 7395
2100 4402
3005 6661
3021 4523
5810 7026
1280 6021
3766 6888
53 2520
216 4037
1474 6930
364 531
1841 3586
4667 5472
2319 5570
2515 5601
1136 4665
1664 5386
3605 7401
2326 5080
1495 1848
2570 7471
2202 4320
474 1190
1101 5589
2616 4987
3395 7346
3688 5415
1038 5832
2668 3634
3117 4322
448 3087
2209 2997
5635 5896
5577 6791
2952 4814
838 910
2683 5342
56 5182
2425 3303
218 4679
214 1207
1164 2572
1300 5389
514 6444
4699 7439
974 4792
3527 3685
467 5560
2375 3747
2574 5497
1250 6105
2115 4736
1743 3993
7260 7326
772 4420
475 2187
2501 3021
3985 5304
830 5743
6277 6314
4027 5803
2607 2804
6455 7554
4018 5354
1554 3433
3530 4855
1791 1841
3449 7144
93 6933
2104 2231
363 3865
16 4101
3853 5849
809 3504
393 3510
1272 3465
3399 7179
4697 5211
129 1852
5958 6054
2736 4752
1946 2155
3712 6388
3636 6176
1212 3427
3265 3392
193 660
210 1964
3640 3857
4269 7438
5850 6944
1258 5749
2949 5143
2274 4569
2384 5724
1897 1948
2655 4998
1676 5692
633 4095
2980 4368
618 689
3514 6000
2403 5560
3366 5943
1080 4691
3228 4244
709 1470
1212 4155
2420 5046
1582 5647
2692 4400
2319 2778
4662 5578
1539 7049
2220 5290
3039 6034
2627 4819
204 855
2448 2921
3848 6698
1686 4183
1172 3336
3190 6421
4964 5326
2700 3008
3355 6485
1833 6427
2733 5433
3456 4801
2808 6993
1453 1504
4589 5839
2825 6900
1653 6140
3386 5669
1429 7239
5191 6245
3589 6282
931 6391
3611 4450
3095 6619
2567 6708
3415 4563
7042 7289
2958 3197
1655 6051
646 7096
3139 6589
171 2915
4223 7139
2725 4501
3046 5300
3456 3942
370 2068
251 5821
2704 5288
3583 5198
634 5066
4044 6036
1745 5650
309 4143
1256 3180
4318 6149
2611 6620
4798 4878
4324 5099
305 713
3791 5476
6970 7550
2178 2474
1301 4563
4456 6063
1738 6130
5141 6272
2987 5840
4683 5489
3015 7338
5365 5939
2235 3500
6727 7240
4126 5671
2980 5256
2722 6215
5569 6407
202 3892
3787 5728
1124 6138
2511 7352
3420 6556
780 5963
2638 6389
2918 4543
3108 7573
4534 5476
253 2752
5590 5793
1694 2151
1413 6989
448 3240
3015 5741
2564 6881
2813 3424
2837 3862
2636 6131
2441 6300
6881 7358
1898 2478
383 4146
2661 6787
1103 5738
5094 5242
4269 5463
3286 4715
5673 6894
6861 7313
6079 7522
1118 5560
5015 7502
2229 4749
199 2275
524 6178
1088 7188
853 5124
2515 6095
1243 1613
5922 6727
60 6316
3278 4114
5632 7589
116 5968
919 5723
1046 4743
6 292
1501 3029
3801 6599
1825 5142
2102 6570
340 6467
1841 4360
6045 6788
4404 5277
3123 7168
1828 5983
470 6142
4733 6017
5048 6175
2131 5250
4030 6233
227 6287
2159 2646
5066 6385
4770 5007
1646 2703
404 1530
3130 7040
2770 6332
5121 6637
2276 2870
3218 5362
5022 6833
961 4659
2238 2816
6928 7433
5445 6575
1784 5952
126 1520
2773 7079
2668 3764
268 456
1159 3762
888 7371
1651 2680
969 6280
1552 4227
4660 6528
1699 5235
564 801
5665 7547
477 5053
507 4421
297 2401
1819 5708
1017 6440
1799 5620
2503 6001
3354 6485
80 697
2827 4562
1886 2482
846 3272
1391 2931
379 697
3286 5654
96 3293
758 4631
754 1139
2833 6490
221 4030
1249 4142
5306 6045
3154 5926
2673 5249
468 4123
3834 4492
4763 6609
4587 6005
1444 4680
812 2497
696 4997
3222 4216
878 5472
2719 5051
1266 6084
2171 5344
4485 5631
1281 4471
634 7144
2040 6056
4054 6835
2813 4848
3540 4483
1141 5565
575 6963
28 4538
463 2469
3382 5230
5042 6433
2145 3407
1321 5293
1394 4850
1 3734
600 5941
4802 5461
598 1915
836 2046
4182 4793
1001 1410
1034 1520
993 5661
1551 3897
3064 4339
229 1434
5364 5529
1286 4458
5800 6450
856 2227
3856 4926
7005 7517
1158 3128
2907 4570
1701 3350
1722 5682
117 4590
2669 3283
4839 6884
2846 6022
620 1076
3411 7068
4930 5989
2469 2539
2478 2739
294 928
1333 5663
522 3371
2931 3702
2245 7174
2151 6480
1669 4152
274 1659
1988 3342
4633 7218
3066 5832
419 6322
1433 5421
193 5036
2206 4139
4729 7524
5861 6803
1648 1736
6786 7516
887 1066
5769 7579
937 1319
3153 3456
1657 2065
366 785
6144 6210
2793 4876
5286 6551
147 4090
4324 4961
1486 7206
5563 7153
578 4150
380 4820
56 3192
2770 4033
2481 5086
1695 1927
2125 6220
5726 6889
4964 5294
1190 7206
3442 4646
543 572
1442 5655
2718 4849
2602 3576
3321 4816
4943 7581
525 3591
35 2000
2511 7438
2502 5822
1031 2116
6176 6297
4162 4547
3607 4793
860 5071
200 6783
3738 5762
6006 6782
2827 7609
1574 5690
944 4956
5842 6354
79 1429
335 7240
2020 5128
4653 6291
2555 3974
210 2133
1432 2786
1572 5699
3314 5452
3247 3926
371 4950
1051 2420
6660 7502
3391 5523
7130 7487
4282 7481
418 6758
2224 2501
6139 6272
889 4896
4490 5824
43 998
4841 4881
301 6586
5960 6763
3242 4065
2190 7080
1244 6908
596 7579
4929 5656
1963 3911
971 3236
3238 7151
4021 7509
4334 6429
4447 5794
5326 6610
5304 7539
4423 6679
1377 3454
1828 3137
2719 3537
1641 4772
192 721
985 6334
3170 6142
1592 3560
4123 4729
3195 4254
52 2174
2359 6923
2236 5320
3165 4960
1262 5323
829 4872
808 2588
2795 3683
863 2265
1574 3496
238 4886
110 267
3446 4957
1906 3313
2559 2924
3047 4513
2910 7516
2860 3008
1910 2735
833 7216
2463 5099
621 2040
2309 2347
1300 6128
1611 2230
2365 2608
3417 5605
649 3553
2686 5658
235 4985
3395 4381
127 2596
937 3882
1668 3744
3417 3594
1365 2805
4080 5195
6042 6378
1788 3409
2873 5351
1648 6451
1105 1158
3713 6604
211 2199
538 7541
1485 3151
500 4049
7193 7395
500 1430
1370 4092
5992 7192
5499 7437
3800 7261
1425 3877
2501 5481
1815 6094
1365 5477
3318 4850
1723 4105
1861 2559
4910 5047
2 440
663 1214
553 3123
559 6723
6640 7220
3811 7098
1440 6450
3545 5016
4504 4713
4611 6008
5169 5597
3720 6942
403 5193
1460 2347
5625 5699
3928 5027
194 5296
1696 4160
3017 3353
1434 3843
5563 7615
7460 7588
3001 4154
2277 3038
2038 2592
4963 5336
1351 4396
1316 6896
995 3463
690 4331
112 812
2967 5822
5353 7325
2294 5368
5555 7599
4235 5672
2371 5807
5698 6955
1362 2966
932 3894
2315 3182
1522 2984
1195 2309
3100 6689
923 6731
5508 7191
737 4107
2935 6101
1738 7534
1520 2834
5027 7104
1726 3389
3951 4859
4179 7297
4500 6376
6033 6704
34 6597
4008 5616
1459 5016
1103 5910
3270 4786
526 5468
7231 7390
2474 2928
170 6561
961 5018
3538 7337
2122 3212
3711 3760
3284 7264
1809 6539
1817 6324
5013 5730
2629 4450
5944 6815
648 5788
4159 7242
502 3301
3213 6068
2992 4912
4698 7156
18 7595
4665 5558
2322 6759
3884 7389
6463 7518
689 1849
1877 1925
2567 5198
63 7187
2706 5353
4937 6274
1299 1707
774 5760
2597 5411
2455 6974
3571 5707
578 5638
6225 7605
1896 2081
2563 6656
3421 6097
4445 6050
67 3672
773 2700
4691 6498
2931 5252
3590 7343
626 6772
1085 4149
2586 3287
1027 2753
3613 4761
1031 4669
2125 6457
4352 4926
1364 4328
2955 3309
1300 1955
4201 4993
3093 3256
1255 3989
5444 6857
1383 5117
158 6847
716 3713
314 4773
1011 4351
3324 6834
5210 5489
5026 6094
1650 5580
3513 3540
1989 6245
2705 4676
3363 5405
1052 2517
109 3184
4914 7222
738 5817
5771 6941
2862 3723
2979 6860
3850 5507
2702 5205
817 4060
4767 6440
3059 3117
2978 4408
4225 4554
512 6840
594 3123
1895 6914
633 5288
2013 2935
3269 3340
1020 6918
5319 6038
3628 5003
1479 2953
3738 4935
3134 6069
4235 6485
6949 7264
634 1256
2298 7016
6212 7434
1805 2397
4837 5539
1179 4921
1722 2802
2885 2939
3378 5738
447 3522
546 6962
216 2236
99 1717
4113 5346
7056 7389
6255 6403
4442 4951
625 1192
230 4490
228 5082
3525 5703
2883 6933
1548 6792
7028 7433
3801 6171
1943 4139
692 7587
2954 4535
2498 5534
1832 5329
1378 2888
2703 6291
6499 6584
4989 6064
4725 5001
3289 6821
4738 6805
2071 6596
67 3933
2166 4249
1531 7494
2951 6403
238 4121
1543 4810
441 6732
1827 4211
911 1239
199 6621
3782 6435
209 598
823 2986
2746 6892
2397 3767
6371 7313
3809 4280
673 1106
270 877
447 2290
2055 3312
3752 5617
365 7416
1575 5882
2189 2264
5078 5385
3747 3916
1317 3426
944 6577
895 6439
292 6791
2948 5504
643 3056
3775 6045
632 6404
458 3690
1195 2831
422 1972
1561 1748
3861 4045
3501 6375
1641 6476
1402 3373
1446 5880
1517 6247
1104 6653
5043 6287
2038 7542
1909 4142
260 3820
121 2057
2756 3503
2168 4427
1400 2063
3279 6800
1186 6552
1753 3807
1025 1780
1961 5217
133 2048
3248 4290
1325 5392
3287 6157
650 7074
1522 7236
1586 1606
1917 2333
2445 6826
1960 7089
431 2339
137 768
1722 1822
3206 5051
6241 7601
5453 6739
2692 3948
77 2446
1223 2263
4292 5354
4897 7213
2314 5015
3340 4469
1790 7070
3956 6379
4089 5595
425 4381
104 3401
6064 6617
1271 3146
2061 4748
890 6041
2034 6005
1653 6708
1171 3378
4562 5252
6242 7222
5977 7041
2500 2646
1262 7072
5667 7178
2788 4320
708 4402
835 5765
4083 5679
3249 4022
5873 6584
6703 7265
529 3226
605 5813
4345 4889
3213 7544
3207 6066
4719 6259
2510 7293
576 2614
2544 7441
1725 3314
4731 7240
5227 7148
643 6553
6700 7579
1294 3891
1494 1834
3195 6211
1962 6481
4240 5473
3320 4778
54 7395
1518 5001
6036 6046
673 4440
3018 7285
1579 7013
3066 6689
4241 5836
592 2624
1787 3339
4942 7527
5746 6434
2649 6377
4233 5953
2993 4170
135 4412
150 1686
2014 3718
3123 4072
569 4286
1907 5507
3856 4805
1016 6746
338 2824
3384 6967
3564 3733
4296 5532
4031 7119
2713 6858
1654 2663
3552 5446
6597 7253
159 3557
2060 2805
1927 2159
6844 7201
1184 5895
4103 6401
3496 4805
360 2710
4888 5969
931 5530
72 4100
1181 2494
2236 4220
545 6759
5942 6024
2261 6168
5310 6230
5123 7496
4074 6169
1144 3511
878 6572
505 6359
4800 7615
158 2945
1279 3138
2201 5907
5449 5454
2842 3587
1783 2446
6507 7399
1263 1748
1164 5244
3257 4522
4337 7105
1909 6516
7120 7545
6721 7022
1918 3481
4168 5827
1792 6792
274 3682
2020 6956
3689 5542
7238 7412
2788 7463
1515 4753
5867 6829
3516 3814
10 5192
6656 7572
1557 3159
3251 4595
2829 5262
3538 5099
4291 5093
3465 6713
3917 5162
4508 5806
3133 6740
3308 4836
78 481
2978 3192
344 1173
2564 3842
281 3178
6164 6826
4023 4811
1939 7344
2238 4099
3250 3535
4359 4577
5200 6878
4552 5709
98 5119
7248 7554
2286 6258
442 7171
4717 5255
316 1631
7229 7306
878 3705
513 3069
431 6549
3584 4472
472 6548
1513 2326
445 1822
3414 3687
3747 6684
1673 4605
2749 4896
996 5583
738 3575
248 2817
4177 6565
4414 5361
918 1247
2829 3912
3500 6381
1183 5513
355 1777
1034 7368
7141 7271
5052 7070
176 4232
2523 4432
190 2443
600 6974
954 4835
3000 7518
5065 5622
777 3988
4248 6953
4172 5648
5573 6602
91 6240
1921 6594
1285 6881
6413 7387
2764 5713
1653 2856
4196 5864
1695 5655
3080 6129
1324 6899
3301 5983
2918 6459
1019 6117
4388 7403
1649 3790
2053 3226
2142 5129
1602 3393
2013 6126
106 543
3629 4200
617 6575
1481 7555
3873 5057
655 6955
2387 4694
3186 7203
3820 7054
1048 6607
2931 6065
2642 6317
3084 5058
670 6042
5607 6577
4546 7422
2202 6934
1329 1552
1030 6926
138 833
2266 3188
1157 3315
6222 6433
2929 4143
2725 4971
2032 3384
2820 2833
36 1318
4116 7570
1094 1937
32 1748
1079 3466
6172 6572
4395 5048
3411 5256
2986 5491
4761 7411
2109 6812
5140 6824
1124 4418
468 6661
472 6858
1082 7232
5371 7296
5738 7587
2703 6675
2844 5123
3271 4140
1018 1952
1189 5576
2487 3923
1599 6564
3884 4253
955 2460
3519 7589
2604 6410
988 1886
745 2487
2537 6474
2999 4133
681 2122
1457 5267
1794 2995
2124 3877
2909 3347
4532 6116
69 6436
5188 6400
3862 4554
1099 5995
4269 7444
2394 4501
331 7448
501 1052
5766 7230
4173 6025
208 7122
2344 5467
633 3188
1316 3464
1969 7305
4340 6566
2218 4440
2038 4681
1685 5035
310 6840
3234 6778
1050 5444
268 6940
4178 5446
3787 5021
286 5536
2463 3696
1312 7576
5533 7092
3196 6549
4200 7471
2833 3810
4266 6873
4109 6017
378 4137
1606 2290
241 6427
19 3188
2814 3417
674 6167
240 6335
400 3544
1812 7095
1017 3494
4626 4872
1658 6246
705 4834
5128 7211
462 1289
4043 5310
5472 5909
1684 3794
119 5484
1636 5852
973 5230
590 5854
1493 7155
4861 5259
3518 4110
647 7593
521 4625
673 4214
2596 4698
2111 2954
3116 4561
1953 2052
372 3374
2597 3048
4101 6887
715 4133
1087 1966
2792 5779
1011 1289
833 2824
2358 3180
2779 5015
5617 7026
4432 6150
241 5570
1218 1365
6052 6417
5494 5555
2508 4500
1663 3498
1921 2147
446 5702
2096 7042
3502 7346
5514 6442
2807 6390
2414 2538
2540 5491
7231 7472
979 4903
1916 3148
2331 6757
4579 5695
3187 4137
4067 4742
2699 6688
4405 5196
236 6713
2273 2861
2046 5833
1050 2776
858 3402
5997 6153
674 7251
3746 6672
2547 6331
4019 4640
2536 6051
4764 7437
746 2453
415 4511
6084 6200
284 1652
590 4168
285 2940
3288 3864
4085 4133
806 2751
3459 5244
1410 3147
4332 4639
4448 5313
3118 4451
2797 3557
2769 3311
1553 3293
459 6139
997 6717
4438 7175
959 1808
2552 7223
3454 3541
1777 5278
3716 5968
2211 5398
2250 7026
1486 7338
1649 3230
2357 2481
970 2680
3662 4248
6269 7021
237 6005
1774 5458
412 7177
5812 6918
592 7079
3920 5525
3282 3346
305 1697
1713 7394
1236 2230
2184 6778
71 2863
4289 6188
1046 1402
3888 5484
4371 7443
7154 7436
1754 7203
1984 2626
3136 6362
2782 3051
2306 2534
212 4223
1848 4655
3164 5607
6811 7527
888 7458
3990 7339
1370 4934
6411 6503
205 4622
2972 3999
1371 6056
4552 6945
55 2032
4373 6391
1196 4168
5682 6421
2805 3110
2168 5584
3960 6328
148 5371
4807 6934
655 1127
886 1888
1640 7426
1112 3348
2152 2961
753 7046
5639 7216
2934 5225
678 3189
286 3743
564 608
2589 6649
4717 5239
683 4525
6720 7140
6535 7404
5518 6662
6357 7487
990 2500
218 4226
2713 6827
219 1690
4898 6021
2249 2894
4326 4725
1894 5049
4072 6308
2188 5346
6924 7145
1835 2694
1776 2631
2936 2991
195 2470
1695 5945
2911 3913
973 6894
2342 5443
5682 6482
190 6358
3327 5552
1306 6699
1477 6572
1194 2033
1637 4781
4915 7088
3068 3440
4602 7130
2223 3554
34 164
160 4379
5434 6300
115 1843
3633 5068
3091 7359
7220 7532
2831 4866
6669 7497
3185 4725
791 3672
290 581
2854 6423
4197 6873
1454 3287
1139 2441
30 4043
1750 6858
2911 5522
3094 3300
509 6463
600 5480
686 1752
3401 5611
1123 6618
3036 6569
143 3228
954 1417
4784 6459
6714 6717
5561 7324
3859 4480
2608 4297
4060 5634
1017 2628
1835 2175
2 2519
2594 3402
1142 4309
2114 2658
2836 6691
2448 5837
5281 5480
1094 5251
3780 4333
835 4256
2685 5373
3769 7152
2037 3828
393 5351
4226 6176
2948 4378
2939 4755
3787 6712
6037 6949
2807 7162
3237 6436
2533 4379
314 2726
2496 6426
3785 5817
530 3489
1989 5567
1 4697
1329 2114
2478 2990
5413 7164
2190 3860
3118 6699
3346 6630
2023 6634
5113 5836
286 3689
1140 5884
2682 3124
2186 4048
918 5396
1077 6610
4943 5985
686 6178
3485 4261
3070 7179
1208 3245
753 6535
337 5350
4129 4852
2785 4316
3643 5878
2536 2933
458 6171
166 4182
1725 6521
235 1890
2893 6719
1671 7398
386 6210
1699 2827
6071 6637
5109 5988
5868 6805
648 4502
546 3573
3599 5618
340 483
3654 7010
2788 7068
2144 7286
1991 3939
6541 6545
3409 6726
3728 4494
3034 6939
7179 7233
4789 6799
5299 5952
3307 6532
1071 5396
5473 6807
123 6195
816 2790
1562 3640
461 2731
6381 7051
1591 4998
789 3189
4176 7271
1843 4428
2570 4859
1121 1212
1439 5429
5377 6601
663 1736
6741 7575
617 5870
2766 3569
735 3063
1728 4003
401 5582
375 4129
2987 4120
580 1768
1776 6598
786 2089
1692 6820
1122 6470
535 5300
2466 5942
566 2683
3900 4886
3183 7222
5800 6463
2484 5909
6439 6616
1959 3356
3134 6862
1070 5853
3921 4154
1743 3870
161 4526
1251 2875
3706 4881
204 3524
1892 2663
1502 1933
4270 6704
2199 7568
3164 4541
863 1661
586 900
851 1621
975 2193
2527 4547
357 4575
3416 4862
753 6760
2151 6159
1824 3429
2167 2725
3539 7223
1811 6058
1978 7467
3819 6972
648 2858
2926 7229
3165 6330
2817 6081
2609 5930
4195 7589
2593 5389
3812 6108
4949 5438
1585 2437
54 3303
641 1006
3991 7381
2954 3436
815 3508
534 6289
3232 4528
2195 3109
3574 6883
5176 7101
3573 5942
1223 4840
5670 6505
2332 3080
5801 7057
6248 7592
3479 4151
1545 5469
2689 3090
2042 4039
1709 5001
6421 7254
571 1571
3547 5114
1683 4901
3482 4703
888 7210
2023 5179
1129 5130
587 4751
1560 5214
2744 7611
4749 7356
3765 4202
31 1641
4646 6057
51 585
985 7456
938 1292
1683 6461
3837 6727
3263 4067
7510 7533
55 2680
699 6283
3830 3996
1643 6173
2169 2907
378 4861
2463 4323
1978 3537
2491 7314
5217 6306
6043 7013
762 6136
5523 6802
1436 5123
2362 2787
5991 6358
2025 7413
5516 7607
579 1699
1070 6333
1204 5733
2381 6733
2880 6760
3883 6954
4225 5896
1121 2020
3499 6549
2293 3983
1728 6768
2796 3157
7038 7418
4515 6522
629 2138
6322 7530
2534 4686
91 6672
4881 5692
1583 4116
974 7231
1997 4507
4169 4461
551 5770
100 971
1356 6994
1025 5031
875 2596
1666 7110
1297 4634
588 1082
763 5980
1458 4375
1820 4808
2536 6425
4900 7170
261 3634
4443 4939
4706 5329
2532 7036
1043 6595
2077 5356
1517 6842
469 5737
3911 4669
335 6723
4881 5018
2237 3167
817 4092
4705 5077
1957 6919
5798 7567
3127 6883
6242 6321
4763 5008
4485 7168
589 2934
1078 2315
1544 1956
2408 3940
3364 6596
642 2380
2047 3382
2788 4164
5762 6261
540 1988
564 6796
3694 4895
4813 5969
1130 5414
3205 4886
6280 6438
1681 3344
124 5620
4461 5911
4064 5792
640 6873
1057 4228
792 3730
3880 4029
677 957
3302 7294
6325 6405
4079 5703
2933 5920
4182 5644
1760 6254
6120 6842
5731 7438
89 6182
456 6342
4819 6959
315 3931
914 6647
2728 4132
4119 6813
2747 5532
913 6602
422 1025
100 5608
370 4569
5772 7086
2885 5706
2096 6345
1301 1955
582 2242
436 6784
2945 5030
4082 4188
503 4382
1020 5408
5858 7595
1773 7445
884 2317
3649 7339
3958 4535
6536 6944
240 5417
1687 2902
2112 3319
4602 7508
3215 7418
1865 4945
2005 4330
1875 3027
425 5566
1018 2658
3617 5028
958 1114
4048 5780
1869 4973
521 5680
4522 7584
2584 4892
3247 6257
804 7090
7040 7580
1520 4001
606 2976
5758 6772
347 3236
237 5465
3583 7290
3417 6717
4335 4757
3032 6708
6520 7050
729 1014
302 4760
322 2278
2456 5468
75 1151
2977 5876
1404 4865
3716 4816
125 7459
376 1986
1189 2912
1802 2604
2659 6254
1481 1998
1211 6224
4506 4899
3040 6690
3610 3948
1078 5154
2 2725
1742 3946
2403 6371
3343 6507
2032 6040
1472 4575
4875 6552
5036 5423
784 7116
900 3774
802 5175
1115 1165
2106 4553
3885 6778
1759 4035
2814 5332
328 2496
3356 7572
1359 6687
2591 5826
1583 4888
4422 5063
1828 6271
3856 4267
1675 2011
4227 6304
1714 4834
73 5951
3110 5968
2280 5121
6035 7313
6533 7289
41 5728
5754 6664
4321 5956
6175 7494
1053 5640
2657 6709
2468 2777
6309 7293
610 2072
1476 2236
2831 3116
683 4261
57 1592
475 6005
5013 6805
2272 7592
2128 4093
1346 4316
1756 7408
852 4402
4065 5324
2473 3808
2906 4164
349 3746
1572 5329
2529 5771
940 1807
3483 5595
2390 2824
168 5431
4411 6562
6960 7227
4261 5380
1075 5296
3475 7025
3384 4898
2310 4920
616 2674
2119 2554
1838 5304
4161 5953
711 3796
2498 5999
3517 4847
3167 3769
3473 6527
5614 5712
1115 3815
469 3038
2792 4168
215 5703
1325 5119
462 2687
5953 6939
4523 7590
2148 2982
6459 6821
6073 7396
5008 5233
369 520
2126 2461
5145 6056
4144 4731
3124 4411
2682 6053
667 3561
2155 2320
1138 6238
562 3827
4234 7531
1953 4146
665 6683
1027 6055
555 1272
4785 5696
6126 6432
2592 5771
829 3055
698 5906
1577 4290
1540 7041
5683 5804
226 2252
2952 4058
406 7341
942 3034
2188 4387
226 6246
3791 6337
2746 4839
595 5456
5307 7437
2933 4106
2444 5380
980 7064
2031 3042
2678 3866
2475 5921
2397 4361
1068 3780
4830 5766
3040 3070
1641 3319
3099 7368
3894 4790
3104 5175
439 7189
464 6459
1304 3439
1106 6993
3599 4629
3187 4166
1968 6203
2446 5188
344 7513
2017 2667
3255 3431
2481 6516
2301 6131
2969 4273
1007 1768
428 4334
142 7077
3150 4335
1170 3314
1326 6123
7293 7503
2334 4847
3432 3612
4137 4349
262 2699
1583 5283
2035 3084
3053 5549
1952 1979
3783 6402
4621 7502
378 1108
493 3556
46 4489
4432 4504
3784 7122
4738 6735
620 2616
3853 5921
4429 6637
3345 6635
38 5823
4165 5861
1682 5658
3479 4502
4139 6725
2125 7177
440 5900
627 6081
95 791
1372 2378
1715 3554
292 7271
2298 7162
1304 3308
4029 5102
5310 6946
889 4290
5866 7460
92 3503
1712 3095
2411 2838
5239 6004
1777 3878
5216 6502
1972 6554
4427 6015
4672 7587
4326 4966
822 6401
4148 7101
331 7544
3982 6747
4231 4471
551 7502
2179 6906
1860 4192
1741 2521
1715 5808
762 7438
205 4158
2915 6451
3062 6619
505 6169
6289 6974
95 3595
1394 7336
1029 2691
5427 7196
2703 4162
3835 5650
1022 4413
1761 5378
6755 6857
1025 3345
4755 7181
1836 7280
3718 6349
5301 5749
2514 6669
2741 6273
5592 5770
840 6356
1739 5989
1653 2783
1302 2125
1803 7438
948 3357
1304 4655
808 2097
2166 4629
803 4027
2023 4933
4940 7291
371 1830
5445 7589
429 7454
2395 5173
1852 7122
1463 4345
688 6280
1302 6921
2127 3339
3145 3517
4487 6825
988 5424
6748 7082
4640 7268
1120 5907
2732 5328
3226 3998
2496 3441
2986 3884
5102 5924
1176 2572
88 4405
2277 4835
1992 5961
1912 6388
2969 4185
4174 5406
4109 4855
3460 4234
1415 5176
5796 5826
2451 4980
1375 4659
3363 4711
3978 4006
3769 7253
2462 5495
601 3613
3969 6821
3679 5361
5350 7311
698 7506
3354 6720
6771 7277
3569 4368
1259 3173
4284 4467
5219 6996
647 5036
1092 5500
866 1453
493 3971
2338 5263
4501 4961
164 5300
1096 3774
2445 6603
2175 7376
6081 6609
5752 6439
4199 6715
2357 4221
1757 4714
2108 4990
2170 6741
4523 4895
1242 3529
1773 6567
2688 5207
792 3880
891 2721
6106 7583
1823 3918
3754 4474
3630 3782
1732 2812
443 7599
1030 3047
2909 5048
4920 5664
1170 6267
4033 4164
3904 5399
3169 3325
2236 5744
747 935
1156 2692
1561 7010
341 3897
3382 6594
4010 7099
3284 4092
1312 2828
2214 6292
622 3841
952 2780
42 7387
2094 2807
2121 4322
2008 5856
2445 5543
2580 7541
4168 5115
3605 6277
1455 3066
1634 5514
2834 5342
1296 2088
331 3910
5584 6066
1842 4358
1606 7541
6263 7434
1461 6145
4916 6673
2338 3716
2361 6941
1945 4728
909 4463
813 6131
2590 3859
6777 6890
2519 7299
2173 6182
3284 4895
1025 5019
4311 7215
7069 7127
3767 7163
5169 7222
3814 7440
119 3930
5214 6580
2182 7216
2049 7352
3733 5774
4922 5321
1659 4068
1596 7132
2289 6596
3092 5355
4872 6037
1365 7355
1956 2079
2539 7102
4042 4586
3803 5705
1543 5723
634 1113
5947 6461
1183 1235
123 5722
1866 7510
2641 2780
1483 7119
3600 5260
1880 2529
518 4249
1853 6737
2520 7363
438 3048
3882 7427
2531 6501
3705 7258
4033 7518
675 6920
3144 5340
1016 5134
593 5876
4364 7158
1760 3089
877 5222
3553 4233
1887 5527
2662 5476
2442 2447
6207 6864
4592 5482
199 678
1693 1860
1407 4162
4502 6954
10 4133
497 3009
6894 7124
6790 7284
3064 5732
2169 5309
3150 6344
1727 4097
4808 6397
3654 4514
2014 2636
1677 5585
6137 7058
1896 4548
3831 5185
615 1682
32 2772
1899 6272
1795 5115
406 1233
5375 6004
1111 4039
7086 7128
841 5552
2828 7572
700 6770
1197 5654
1092 1562
2845 3028
1027 1874
2549 7393
5255 5797
1740 2339
5870 6334
5096 7108
2989 7303
2923 3477
2376 7084
2738 4253
1634 2734
599 3557
5611 5738
4628 6890
4116 5207
1062 5079
162 2614
530 3164
1522 1648
4502 7453
4206 6470
3990 6739
3420 6715
1923 2789
610 3421
4097 5396
2505 3881
1687 6605
1059 1542
5080 6749
1542 1953
1156 4845
4083 4355
2439 4545
458 2045
1378 6669
55 1184
4512 5080
3596 6275
3176 6564
1255 5565
5496 5506
3445 7295
2849 6724
5856 6200
884 3011
1123 6654
421 6604
4260 5470
472 6479
630 5121
3806 3871
3416 3486
2292 4522
1804 5798
1853 5161
4963 6653
3699 4368
4389 6913
706 3802
2941 3030
973 6335
3012 5622
5363 5512
4144 7029
4197 7373
2378 7081
446 4398
2217 7611
4642 6788
5387 6806
2559 5368
4410 6933
2629 5182
1330 5415
1319 1617
1775 3237
383 7179
737 4325
256 3373
513 4717
7082 7431
4659 4677
3969 4406
1259 3092
291 2601
1568 5340
5762 7389
4075 4232
7013 7357
2079 4158
1189 4116
2361 2476
2560 4210
797 1120
2357 6941
5062 6462
5605 6462
397 924
6531 7320
4162 5833
3950 6990
3625 4077
2162 3249
287 1653
3321 4883
3701 7557
2496 4557
1073 2583
3330 5289
4428 7075
3016 4986
2773 5127
71 5594
1801 3115
5859 6347
4369 5238
1481 4509
5166 6807
864 6020
873 5315
928 2707
576 1035
183 6296
4701 7304
3160 5955
1114 6658
4777 5295
516 2460
1850 7068
2577 3857
3021 7577
2827 5879
3379 6847
3697 5264
975 6867
1888 2304
675 2570
1717 4334
1719 2877
914 6213
3760 5340
2736 6102
3010 6448
4981 6481
2164 2557
6368 6692
3352 4897
4881 5443
1184 3525
122 2480
2414 5482
1222 2119
1112 4164
1520 3062
843 4600
1777 2706
904 1717
4215 4677
1248 6194
123 4415
299 3035
161 5943
2697 5939
1069 3693
6092 6443
1590 7189
371 2762
1039 1200
1895 6702
83 2124
252 1416
4890 5631
2891 3042
2220 6718
5250 6660
5318 5938
3760 6078
4501 5380
2729 6575
1413 5475
2249 3965
2180 4571
1836 4063
5826 5981
4677 5522
848 4479
690 4770
217 6993
4487 5414
1709 4944
1532 2759
3025 3629
881 5168
4966 5552
6917 7521
4795 7319
6800 7145
4622 5388
1778 5940
2443 7214
2217 5642
2046 5020
1083 3294
2078 2568
640 2692
4098 6322
5023 6057
3301 5135
2009 7157
6893 7108
3767 6508
4379 7189
780 781
4492 7363
1927 5192
2222 3247
3153 5598
203 3214
4431 5857
2002 4214
6788 7371
3447 4326
123 772
1787 2869
2586 5477
3002 5664
3 2639
2132 4601
5777 6280
839 5674
2546 6353
121 742
972 2891
1467 7510
1423 7041
3088 6947
1232 3234
6646 6898
3238 3676
1838 7034
2678 6578
1884 7130
2495 5625
101 244
1064 4441
2015 3728
2470 3812
361 5767
980 5948
1884 5577
330 376
1672 2532
757 6434
2366 4118
1955 5835
148 7149
2640 6528
230 1192
1581 5579
533 942
3773 7028
2643 5814
952 5404
1692 3324
1754 6373
3907 5440
5032 6098
1393 3521
1693 6264
1653 5471
5371 7601
757 3219
5665 5696
1774 6101
882 3892
2988 4183
3608 6032
233 3443
5492 6123
5193 7388
305 6077
4034 5189
2160 5185
6188 6878
1374 3264
1490 2647
5998 7577
4307 6747
6726 6930
367 2558
913 1138
3540 3805
5859 6150
798 5634
1596 2283
295 5863
5063 5297
388 7185
1835 4350
1757 1788
4958 7504
678 3825
1904 6441
4263 4979
3733 4331
4653 6556
386 6728
4111 5116
7426 7434
2711 5350
796 1053
3075 6902
757 7472
5630 7183
399 6507
3199 5619
1036 2179
1137 4030
100 2256
2869 4269
1741 7163
4507 5203
1091 5566
434 799
749 3977
1597 2105
3446 6447
1586 3831
4077 6893
4678 4712
5460 7008
3459 5602
1793 2466
1144 3513
6198 7007
3464 6815
1305 7295
758 5509
780 6612
3875 7101
4746 7032
791 1656
4673 5599
3615 3695
2672 3156
2815 4491
5701 7505
4305 5268
3806 7211
453 6631
1905 4356
89 480
4626 6971
5217 6648
2454 5362
649 3307
6225 7061
2689 3970
443 1232
3405 5970
3055 6999
1270 4517
4310 5490
1504 1657
922 2325
2635 6808
180 6239
4787 6290
1558 3478
3244 3755
2770 3862
1651 3977
1946 5779
4437 6987
620 4161
4640 6569
4299 7095
4954 6000
4606 6128
2908 7305
634 6347
3261 6501
1322 6221
1905 5259
5437 7231
2664 6513
6151 7083
3602 7527
6728 7201
6278 6495
2113 7610
5844 6789
2236 2816
1187 4126
5300 7453
2280 5868
2874 6851
4538 6150
8 7171
5832 5912
6811 7442
5459 6251
1329 2439
1425 3276
3480 6009
1602 7570
467 3119
6085 6194
1718 5906
1606 5245
236 1121
1166 1767
2003 5982
3483 7022
3409 5563
5974 6566
5147 7214
2322 4841
2199 5593
556 2283
3500 6125
264 7020
1275 1962
686 3206
949 1475
607 889
2815 4159
1103 5535
732 4827
537 1331
3561 7071
1692 4806
1071 5755
3597 6350
740 1967
899 984
4175 6926
3480 4088
1187 2292
306 363
925 5686
3351 4559
405 1953
2798 6031
170 5070
436 3173
3259 5190
3224 5970
1465 2595
1402 3260
168 2664
773 5174
2008 3087
2925 7304
5753 6328
2622 6596
2783 3443
3573 6258
5133 5313
2598 7449
1703 4952
3578 6021
930 6207
578 7063
237 1302
1538 4858
3776 4444
3776 7023
1514 4798
1842 5258
1304 1710
930 5596
339 2915
3657 6498
838 4913
1940 5158
832 7419
315 4214
6770 7284
3107 7155
3349 3467
1694 4421
5687 6042
4164 6388
652 4215
2591 4341
3122 3714
4174 4638
1758 5905
2735 5273
2453 3577
3882 6377
1492 6326
632 5316
4469 7452
440 4467
1623 6523
4252 7288
2289 4798
1589 1778
1472 3951
2916 4435
1355 3184
2204 5373
2623 5508
5085 6879
1201 1300
247 3258
4549 7388
6369 6715
230 5979
2895 4787
1727 6935
1327 3821
6502 6780
5002 5801
993 3997
4253 7044
2070 4679
258 2241
1341 5418
2370 2679
988 7345
3371 3975
1097 5259
1959 2408
1448 4391
71 1804
839 4383
773 7508
984 4134
2461 5233
3237 6022
105 902
155 4487
2593 7095
614 2699
1963 6604
2444 6526
4882 7181
6213 6785
42 1172
1278 2091
326 3812
4743 6432
5039 7403
37 1702
1366 5529
6513 7122
4178 6660
3366 3436
4042 4280
2763 3401
5240 6537
80 7374
3949 7410
2136 6758
4182 4847
1826 7207
1649 6561
4326 5291
2299 4334
2969 4516
944 6098
694 5714
507 6220
4348 4517
2962 5320
6923 7275
1108 3995
1010 3677
6482 6680
1901 1933
1483 3218
911 3633
3492 5690
962 2981
5783 6309
6064 6825
1135 4663
1229 1350
4425 6095
2943 6990
2244 6204
2096 5881
3359 7202
4993 5963
315 3056
2252 6836
1434 1554
5545 6969
1558 3032
2316 4768
5081 5749
1228 2300
1640 1871
1005 4231
1463 5985
2023 3717
2877 2959
5159 6343
3566 6417
1859 7317
4846 6189
4674 7060
994 6777
5821 6721
204 4719
101 5741
3014 6322
948 4330
1862 3251
2218 4091
711 1386
894 7549
3285 4412
776 2501
1048 4715
2221 2971
407 2122
5395 7473
3143 4764
1468 3032
1582 7227
2511 3443
886 4074
4974 7619
761 1875
3727 4148
428 3490
2518 6633
2953 4277
4025 7356
2569 2950
90 2460
2786 4120
2573 7488
1065 1315
2114 4774
3404 4030
5313 6187
5933 6843
1058 7547
1883 3811
3068 4783
861 1183
3990 7448
4863 5198
2894 5686
3454 6419
2155 6096
333 5151
4009 4338
1805 4257
5404 5932
1405 4934
2558 4732
941 4340
564 2533
1332 1477
2521 5643
3393 6042
662 2128
1030 6966
3264 5107
869 3959
2450 3166
3179 6979
779 7515
452 5788
1274 1881
2128 4171
2302 5162
5139 7204
206 6232
1217 1380
277 6735
2090 6578
1474 6756
2732 5329
5182 5737
3061 3526
2323 7097
3274 4027
91 5601
2076 3746
3531 4375
113 5243
2561 7422
4374 7214
418 6143
1844 4632
1812 6142
6324 6927
1248 5467
1124 2496
2371 6828
2375 2971
1288 2809
5458 7484
1193 2947
1598 3222
1046 6908
688 4592
203 2086
4646 6323
2213 6366
2026 4515
2278 4227
6506 7164
95 2188
723 7212
5867 7501
826 3502
4325 4784
4567 4960
261 3540
2544 3627
597 1254
2411 7397
1418 5416
754 6961
4315 6806
7051 7320
758 3525
4123 6839
781 4654
3940 4880
2078 5543
999 7520
964 6698
5131 6518
3705 5810
572 1622
4631 5673
1321 2347
1288 3397
5531 6779
962 6596
510 7265
5107 5836
1223 3475
454 6457
5856 7214
429 4102
4661 6412
4258 5798
2177 2954
1169 1741
4313 6044
4362 4640
2038 6023
5497 6696
3186 4750
1646 6030
4505 7305
7460 7543
1015 2085
3911 6218
438 6930
3481 3980
1238 2972
3018 3710
257 1578
450 5588
218 4142
6066 7047
2373 7003
4515 4603
3139 5716
997 5261
2117 7468
3214 5085
4020 4156
2408 5098
3189 4747
5825 6954
5955 7095
859 2181
297 3887
1424 4704
1088 1964
2412 6140
1852 4936
2346 5688
277 6284
1013 6375
861 934
1483 4536
2916 4887
6310 7062
1975 5054
6942 7563
2940 7514
3170 4152
4081 7033
2017 3313
5267 6546
14 1878
2593 4333
317 3847
3469 5914
427 5758
413 1731
908 5003
6674 7511
212 5240
4359 5197
1925 7259
6407 6530
552 3415
1027 2796
1032 5032
194 7001
3660 6236
1984 4116
734 1997
6732 7479
4281 5441
2993 3056
1777 7620
1850 2229
739 4930
5275 6998
1272 4598
7208 7592
140 1964
389 6502
4243 6743
3695 6322
1218 7346
1528 5377
1745 6384
4977 5942
3928 6987
1059 1865
1019 7235
4411 4901
4192 7580
1228 2111
1328 4274
2657 6254
5670 6799
523 2745
5931 7557
559 5435
1786 3087
435 1814
997 6425
1071 5283
71 7264
3168 4697
3189 4731
5985 7200
1978 6641
12 4650
5963 6816
11 3512
4567 5856
4103 4483
5153 7326
93 2812
4165 4866
1312 1532
949 2816
2392 6339
920 1541
5082 6073
3424 4885
1077 4858
2206 5690
1287 2715
1808 7272
1343 1559
1470 7389
629 1819
1852 3485
1373 6939
1806 3112
1391 6962
535 5568
27 2214
2824 4388
3184 4217
1296 2170
5157 6269
3102 7380
1846 4369
3545 4175
6184 6269
3076 3653
4995 5169
42 7008
1561 6339
2788 3943
2686 2804
4226 5163
2262 4219
3440 3616
5180 6019
2211 3355
6194 6832
5105 5545
2414 5096
4001 5542
277 5616
1135 3461
2864 5720
3598 6264
3093 6413
4852 5355
426 3418
545 1376
2690 4004
2892 7201
724 6115
3153 5410
1122 3632
1945 7527
3365 7047
3 4720
420 2701
1444 5980
347 2361
3110 6369
66 2907
605 5433
1970 2125
4095 7538
5035 6593
6884 7027
1566 6126
2119 4376
5165 6268
4714 4803
1739 2759
3167 4444
2181 7133
2907 6751
2928 6883
1029 4716
498 4705
1905 5314
228 5999
4222 7184
5160 5595
5157 6778
3654 5445
881 1630
4183 5050
1520 6940
807 3578
427 3160
5392 5828
3025 3315
1916 2591
2370 7463
5613 5977
130 3369
4466 6114
1163 7203
1216 7616
1838 2321
2464 7150
41 3386
371 2475
3493 4425
834 7411
739 4505
1844 3383
3126 4783
2429 3656
2291 3752
4250 7105
4158 6327
1907 7521
29 6337
4217 4650
834 3614
492 5965
1166 7351
2515 6695
2525 7508
1804 2754
1173 3732
4130 7190
629 2788
2497 6444
1923 4964
2342 4820
3087 4389
1924 4168
1690 4223
5826 7510
3003 4318
1103 1358
30 5331
1097 6491
2304 6299
186 964
5409 6830
2184 6126
125 338
2896 5329
2707 5413
942 4989
36 3359
1209 2036
3376 4937
2799 4452
1522 5142
5314 5528
2489 6524
3017 4316
3018 4012
1966 5725
4741 5333
1480 2563
291 7081
2119 4931
823 3178
2038 7452
4297 4898
570 2535
3301 5321
1173 6583
5182 6021
744 7008
4358 6203
1474 7117
5193 5561
1944 6045
1402 1916
4400 5299
1750 4517
2665 4690
3442 7274
1840 2216
770 7128
2303 5841
1706 3972
6871 7232
1788 7437
3972 5230
772 2572
3854 5732
3147 4990
4127 5690
3100 3504
335 7457
3666 6669
2167 4178
2043 7156
5900 7245
1370 1852
2531 2537
1643 4458
4484 6264
1549 5699
5153 6215
3135 4064
3689 6235
4725 7308
3986 5635
901 3508
2701 5417
2114 2842
3 22
3466 3849
5231 6881
3376 3958
5693 6966
3283 6017
6112 6563
1415 3184
284 4796
3990 6431
1724 1872
2298 6455
1511 4411
5583 5878
2216 6965
5416 7163
2475 2604
1604 6863
1338 4234
2781 5589
91 3664
2586 6887
4746 7532
1068 7549
6450 7565
4228 6260
4312 5249
372 4504
681 2118
2712 5574
2758 6712
5272 7381
1554 6138
3169 7276
806 1617
1603 3055
2805 2835
2409 4716
1891 7114
770 3312
117 7519
3105 6751
6599 7342
213 2450
852 6887
2232 3525
39 4874
797 2931
6028 6602
847 2319
2047 3938
1322 6683
3487 6384
3727 6502
558 3263
2178 7301
2002 6769
1904 6226
2872 3280
1025 4216
6783 6880
383 3544
6136 6440
4588 5930
4152 7023
3844 6536
1310 4513
3485 5098
1456 3250
2 911
5369 6823
1381 1485
3496 7366
5490 6612
2250 3906
3506 4584
3911 7430
234 2849
416 1831
5898 5945
3417 5267
5146 5640
2626 3999
1364 6849
2168 2295
6061 7622
3072 3309
3343 5138
2245 4842
2614 4962
2541 5583
6045 6052
1025 2799
139 5593
1444 4492
4192 5403
2260 6784
617 7090
2065 3772
288 6788
2545 2566
4068 5975
5320 6773
444 1000
587 4618
738 5117
2317 6700
3455 4310
2373 5710
3875 4166
1599 3267
116 2132
3528 7539
941 5220
1899 3660
5628 7530
549 2914
2350 4152
639 1751
5596 7095
4068 6080
2563 3326
5918 6773
4115 6920
3723 6541
750 7020
1970 3126
130 1594
1693 4211
2621 6427
2550 2656
2610 4047
284 967
2230 5223
246 4242
2153 2846
1330 5325
842 5186
2139 6558
1286 4703
3800 6321
1260 2273
110 2905
1262 2963
4192 5998
249 6937
267 7186
17 306
1496 4024
4350 4556
4690 7251
4501 4516
2667 7490
613 7304
1357 6935
3193 6401
3982 5956
4861 6117
4753 7108
4474 7285
1092 7041
1696 6149
1252 3524
2337 3350
5086 7251
5389 7559
5321 6150
1283 1903
1875 2738
2245 5647
2682 3834
279 3046
2029 2819
2778 6579
4107 5769
1641 7156
3326 5430
4253 5870
272 5729
116 921
1633 4058
2028 7290
1579 5700
1473 2029
3083 6347
1138 5089
5238 6079
1293 4334
2554 3457
403 7002
2154 4222
2459 5048
2751 5790
1196 6845
2037 5803
2071 3067
4782 5895
2815 6108
6901 7317
2630 2783
2252 5210
1836 6807
368 4920
2982 5830
2363 2879
259 5185
3611 6264
1387 6677
4501 4751
464 4719
84 2469
4234 5308
1064 7151
4393 7504
7289 7613
6400 6596
5017 6912
1004 7067
223 5486
1768 6750
5112 5734
2015 5732
4682 7494
5390 7382
601 5485
1947 5369
547 691
3143 7175
507 4663
877 3297
1788 4721
394 6480
413 1483
5303 6646
1818 6372
2985 5598
2999 5771
390 2356
4502 6008
1633 2524
774 1415
1444 4884
1382 4208
481 1044
1375 2755
4674 5037
4626 6269
819 1922
794 7237
3049 3551
3730 4477
857 4253
2505 5850
1436 5600
2149 5211
2085 2254
3561 6212
2467 6655
5084 6858
3435 3701
1650 3699
288 6217
5439 5526
2544 5918
5396 6380
5503 6598
4977 6179
941 2778
1975 5196
1393 5398
