4114 4524
1895 6727
2095 7588
3797 4491
4288 4490
4801 5411
2274 3308
62 6984
2115 4414
5537 6673
2844 5044
3678 6436
6243 7012
6228 6260
1376 6858
496 7427
6462 6751
6495 6709
1432 4499
132 3802
3399 7467
917 3029
4503 6371
2934 3689
4250 6250
84 3555
334 6438
4198 5275
816 4290
2514 7580
3769 6874
2683 3445
4794 7203
3347 4593
1842 2279
3842 4803
4426 6642
2520 3808
3631 4878
2886 4517
2070 2412
1203 4505
3459 7250
921 2442
92 6040
1284 5549
633 4566
2320 6173
4858 5476
3657 3914
5240 6352
1144 6408
3281 6361
5241 7021
2621 3289
5352 5618
3348 3749
2657 4850
44 1020
3209 7106
3380 6618
3202 6267
400 6750
271 7623
25 7595
592 3702
4377 5967
1158 4524
2245 7452
3976 7593
15 6871
3565 6310
6425 6588
4651 7228
5934 7590
4342 5037
1309 6800
4760 6304
1102 1266
3353 4411
443 4003
3321 3759
376 964
635 4630
1192 5374
4201 6928
6228 6716
1839 6511
3982 6877
549 5488
1702 4460
1582 3137
913 1315
750 4580
6003 6625
75 135
2707 6809
681 2438
6425 7103
775 1097
483 3885
679 2666
5585 7023
3136 6055
4128 5197
2687 5563
1356 3635
2487 3986
4369 5802
2709 5227
5234 7542
836 6188
6251 7614
369 7300
419 5575
3295 3722
1386 1442
5472 6613
5215 6222
2457 6610
4103 7326
212 997
2515 5872
1879 2711
5287 6358
3780 5306
818 1886
1349 3480
2860 6672
1772 6017
5681 6423
2909 6647
1619 1747
3252 5145
2894 5128
245 2320
1818 2181
859 6138
775 5070
67 3790
1184 5671
2045 6902
3356 3408
5435 5836
39 6278
4509 6885
402 7570
5134 5951
88 4540
1562 2348
5882 7441
3183 6828
3245 5360
3884 4532
1718 4859
3059 5276
965 1793
2242 6982
3347 5520
5703 7357
114 321
894 5035
2465 5524
2385 3714
1088 1807
3453 6675
6189 6754
6120 6956
1152 5842
3037 5144
1879 4649
179 6096
803 6265
2532 2742
999 3036
1945 4256
5160 6995
1722 4771
3884 6988
2354 7183
2591 3288
1862 2608
1247 3658
713 4284
561 5119
4485 4642
3335 4141
1322 6882
6333 7307
205 4373
2424 2988
1564 3821
1903 4280
3774 4930
2822 7131
106 2738
283 6617
1850 4556
1568 3110
463 4891
242 1866
3928 6324
1922 2078
3039 4446
3724 5842
208 1840
1411 1800
3988 4021
3184 3316
5929 6764
4632 6241
2998 7475
4431 5486
2030 3099
2489 7462
2390 4588
197 5437
467 1021
3486 5996
129 6830
4739 6221
2355 2678
2299 6870
4245 6993
3285 3426
713 3950
5993 6725
3080 4109
6854 7446
4737 6410
942 1100
661 6645
3881 6755
1292 6914
2077 3846
1830 5384
2663 4951
2434 3417
158 7207
259 4050
2420 4835
647 4019
587 953
7279 7295
2498 5244
1570 2354
4918 5910
5186 7315
1045 1929
453 1288
3251 5312
2103 2951
736 7289
3596 5989
1063 4104
3071 4939
126 1365
578 6561
5812 6033
1994 6717
6867 7268
1237 2935
1544 7158
5449 7051
2264 3690
2413 5127
480 2857
4475 7314
4901 5534
4894 5803
430 6423
3541 5107
6366 6720
1718 3555
4078 4794
417 3643
2789 4095
419 7424
2053 7047
3348 7350
961 976
4089 4592
3779 4473
1419 4589
3361 4567
1376 7533
834 3347
2088 5845
6259 7128
6039 6520
614 7614
6033 6327
3360 4318
2867 5751
4470 5756
4627 5107
2563 2784
3355 4379
2267 4075
3851 6556
5116 5640
1723 2175
5412 6215
3406 5824
3355 3541
4356 7412
2261 6487
327 698
3590 5593
1513 6471
1942 2396
4602 5860
3008 3116
1391 6862
4605 6213
2832 6899
6301 7163
1582 3632
4814 7217
2443 5723
258 7399
429 6351
4690 7077
1620 1977
874 5759
402 3500
2113 5553
1515 3870
2850 5469
3999 5665
5131 5370
1184 5036
2058 4128
3103 6407
1460 3852
1409 5427
751 2446
3372 4130
3576 3608
4542 6289
1789 3841
1417 2303
2909 5768
1894 2672
5473 7399
3276 3871
2678 3851
2525 4640
2760 4712
684 1531
3357 3697
3393 6632
5 7208
276 2887
4564 7368
3809 4046
848 7435
276 5408
2510 6644
3282 6133
65 356
1040 2082
4925 6945
3824 6651
43 4360
1136 5103
3521 7606
3591 4349
262 340
2194 5358
4616 6976
1713 5807
1054 7098
123 7379
2644 5569
415 3553
3909 7099
6189 6611
3041 4453
5701 6642
2482 6040
4796 5370
6315 7163
2059 2994
3067 7131
1357 7375
657 3459
3549 5453
1811 3542
4162 6375
3399 5945
1333 1470
1841 3601
2336 2379
4789 5357
64 2959
680 5292
1040 2468
1242 2752
307 6155
6334 6548
810 2532
651 4248
712 1811
33 1442
2525 6713
3161 6691
936 6078
2081 5365
4458 6756
1560 3666
1561 4538
2273 6914
5373 6726
4709 4932
4874 7347
1802 7483
1405 7472
3555 4367
4571 5793
780 1703
2459 3241
970 6781
4356 4486
3805 7388
48 2536
4166 7292
2058 5579
6185 7134
3044 3116
2504 5816
2201 5636
1439 6876
2522 7362
614 4292
1206 4476
2033 4374
6229 6713
3296 6767
1507 7038
1162 6084
2671 7230
1999 3210
6939 7258
1690 3951
1961 6065
2663 5651
1590 4767
706 1412
340 5900
1090 1601
1881 4872
4615 6599
1841 4409
2828 3521
5943 6503
4349 7426
3991 5126
754 5080
2272 3008
6375 6480
3523 5316
853 5641
3503 7139
6248 7535
4058 4239
561 780
3811 5809
2148 2703
467 6737
1700 3809
6577 7179
4287 6221
3560 4623
2314 2522
2310 2385
36 2094
579 7477
5497 6406
416 7207
1311 3917
4287 5902
2831 3382
1462 5200
5499 6822
5554 5972
413 3754
5369 7233
784 2571
153 7473
5010 6701
2120 2538
102 6890
1158 5306
2670 4805
140 4177
924 5658
5417 6902
940 7325
2112 3254
6010 7115
1438 4824
5848 5998
3329 6531
3690 4024
3201 6579
4595 4734
4849 5989
34 5308
5998 6240
6356 6598
4575 5882
233 4616
658 6254
2236 4542
2268 7613
2820 6187
1673 4111
4672 4886
4248 5319
243 3176
5750 7376
1410 4781
5177 5878
3228 6689
3044 3808
2348 6816
2434 6815
2894 5640
154 4720
412 5196
413 1748
5565 5965
4304 5453
4866 4887
6452 7170
3677 4838
213 5340
3699 3982
1694 2207
1285 6938
4764 6464
4509 5079
31 7475
1318 2920
3646 3709
953 5927
881 4713
840 6091
4755 7153
690 1865
1566 7012
2996 7406
3151 6731
1561 5095
1188 6684
1831 2776
1427 3533
983 2943
4995 6931
312 1008
530 1172
1055 5466
1122 6830
1283 2174
126 393
4822 5963
2883 5861
1625 5378
2470 6039
1093 1299
5030 5838
3051 4807
234 6772
1150 4662
3629 5885
685 2833
2367 6042
747 5143
3059 7027
2439 7503
4138 6928
2705 4052
1699 6584
4235 4892
3360 6713
1862 3095
85 6193
1596 4812
965 5850
1080 3651
378 7331
5237 6969
27 5789
1930 5589
5905 7570
590 4877
792 6392
5479 6543
775 2475
5258 6849
2382 7048
5437 6495
3462 4499
3165 6831
6039 6570
656 5420
2454 3577
358 1703
5124 5659
6728 6860
2515 6821
3460 7466
645 1269
1441 1602
1379 5207
2952 5599
3150 5683
2908 4357
1285 5658
3360 3428
5289 6459
874 6895
2353 5638
504 2413
2279 5594
6275 7010
3643 5834
1313 5700
1730 5086
2579 4239
1187 5639
201 882
626 2348
1585 2877
4325 7239
101 6957
1492 1995
1275 3333
594 7034
2399 5089
504 5873
1439 6208
4077 5490
5991 6935
6652 7000
6825 7313
892 2467
4696 4912
1796 7058
20 4879
1539 6029
382 1514
4277 5432
3127 6321
607 1094
394 5213
2494 6146
2337 5249
2357 2692
5103 6115
1911 6870
2523 6229
2429 5578
1294 2146
3120 5555
3034 6637
3193 4929
6330 6436
3645 6833
295 3068
598 1391
3358 5469
2322 3046
364 4950
2624 3255
4059 6985
5985 6405
3060 6150
456 5412
2499 5498
2421 3495
5323 5889
2461 6349
2724 6516
356 497
5304 6002
5755 6071
3934 6073
5565 6726
5248 6651
1842 2599
37 3594
561 5496
5599 6279
3072 5138
1223 7358
893 1030
584 3039
1570 1890
3387 5536
590 6677
2817 3671
1769 6267
1102 3761
5477 6028
1473 3315
1590 4088
830 7617
233 4322
1876 4185
4168 6011
5052 6406
594 5148
3182 4495
2843 5091
2669 6850
4162 5725
2541 3530
1286 2487
2936 4436
4407 5249
1557 6069
4302 4375
1053 1317
2118 7416
217 3469
2353 6089
737 2560
7030 7489
1995 5335
5758 6625
7301 7576
1388 7280
229 5419
2345 3800
1999 4901
2630 5879
1742 6456
3024 6648
2430 5504
3927 5643
1043 2147
3672 4416
2550 6814
288 3466
814 2251
2394 4025
1053 2238
2552 3682
5662 6674
1808 6683
4026 5383
1099 2729
858 1336
4587 5247
1051 1537
4500 6038
1001 1280
1539 3103
1442 4652
4428 4742
6457 7096
2215 7375
1146 1693
5620 6339
1207 2709
1682 7371
482 1791
962 3209
3509 4303
4468 7423
1454 3737
2007 5880
5406 6535
1838 2038
4979 6158
2427 5503
2375 2490
2880 3692
1891 6502
7136 7148
727 3823
2461 7202
4855 5535
381 2698
3049 5055
5939 6148
2378 5943
2692 7132
2052 7030
736 3054
1250 4615
4100 5478
2000 5185
434 5132
242 3384
4120 6284
3522 6897
1193 5916
2784 7109
195 3045
4521 6185
1084 4209
3900 5539
5944 6701
453 1771
66 2161
2063 6902
6731 7302
2918 6098
3575 6865
724 888
3957 4961
2978 3034
5539 6871
581 5169
50 2368
3930 5413
7088 7536
103 5996
3938 4337
758 3455
4512 5687
860 1729
861 1255
5485 6390
4923 6198
3099 4018
691 3370
2511 4991
205 5499
2181 7037
17 2843
5192 5267
5173 6027
5484 6966
409 6741
621 5566
2574 5139
1012 1398
391 4578
1505 4258
6050 6960
1510 3154
2659 3122
855 3165
4441 6267
3852 4978
4696 7091
3423 4146
3078 4652
1821 2290
3708 5962
2929 3609
520 3203
3845 6890
598 5271
1833 3808
4111 4771
4589 4740
265 3962
3910 4177
1358 1763
161 364
1952 5347
1274 6783
4272 6142
6438 7612
1260 6235
3631 5629
3717 5389
358 5078
4846 5833
3121 5998
4152 7106
4068 4734
2768 7171
4867 7372
3949 6315
6584 6980
7048 7458
2050 4228
1140 6215
888 4904
3327 3633
2248 4687
6503 6939
623 5141
827 7488
5484 5644
5478 6987
6438 7588
1927 5184
283 1492
3237 6346
5133 6286
3194 6176
3446 6600
756 5768
3050 4012
3051 4052
6355 7062
3877 5001
4923 6877
2391 4721
6345 6576
2337 5087
3201 4749
1475 4190
3784 3983
1083 4405
1726 6118
2107 4370
1978 5219
808 1475
24 7215
4653 4952
1456 6112
5159 6258
1640 6349
1782 6948
1913 2596
2060 5955
1676 3293
2502 7620
4785 4975
2901 5379
4585 6779
4934 7110
230 4999
1258 6961
1923 2621
5781 6811
7054 7294
2941 3530
2438 7568
2115 2651
1440 2435
4856 7105
2269 3153
1647 3409
3848 6856
3377 4600
1919 2067
1190 4883
1578 3021
4235 7531
2767 4513
223 3253
5792 6851
1070 4708
367 7480
1757 2853
3408 6157
5006 5450
5634 7448
52 5703
1918 5461
3265 4051
376 4031
521 2314
1176 4121
2586 7546
743 4386
2429 3252
781 4686
5023 5117
834 2051
2534 5343
2474 5299
961 4174
989 4921
6262 7202
2927 6475
503 1782
811 5482
1631 5923
4419 4751
3491 6840
378 1799
1605 6946
1162 4194
99 7532
4736 6028
1521 6751
860 4439
905 3027
969 1431
2781 6718
5048 5838
1086 4159
304 3165
3140 6395
1568 5219
4233 7314
380 4405
682 6411
827 6088
1877 4343
532 1379
209 2745
4394 6988
2399 5611
79 317
4564 6640
626 3490
217 1032
6324 7439
3109 7063
565 4276
381 6540
851 2899
2988 7508
6512 6890
987 3809
2761 4196
5478 5717
1551 3187
1437 6205
2135 5738
1604 2608
707 1817
4322 6793
767 2675
1817 6134
3437 3820
4676 6572
5327 5506
483 4719
2500 5432
4654 6111
375 493
2308 6675
3951 4781
3810 4663
1140 4212
948 7238
1425 6267
7 834
204 7494
443 2615
6924 7114
6 1567
1260 1555
979 3061
965 4563
4721 5180
347 3922
1029 4982
1172 5101
2925 7309
1896 3794
1365 7313
825 3381
1058 1758
2452 6190
5192 6090
1176 4823
886 6457
4217 7006
1854 3383
1916 4575
4843 5473
1038 4897
6305 6332
2400 7192
3622 6035
4300 7027
3223 3882
4307 4864
3923 7011
7366 7473
291 3646
2342 7280
5047 5459
2581 5589
1739 5729
328 5148
5485 6469
1979 6991
2774 6301
4140 5729
4376 7342
548 4953
1182 2679
1897 4812
4396 6415
2930 6233
6304 6674
4171 7075
1439 3332
6193 7234
1858 4577
2462 6747
6412 6671
122 4424
3073 6381
2408 3891
3963 6131
6810 7610
3069 6524
3945 4339
1472 3730
3423 6569
32 6420
3838 6782
6958 7492
2344 3992
4787 7241
3498 4817
1261 5538
1011 2200
2918 7198
4007 6729
1347 7616
712 5298
3829 7203
5342 6683
2712 6342
342 4186
3351 4130
1581 2616
349 6603
3443 4888
1465 2937
885 3800
1297 5132
136 4520
2735 3439
4436 5604
3718 5416
606 3770
5118 6444
446 5020
553 4993
4081 6209
552 6141
4550 7330
5331 5466
1352 5745
5866 6600
3041 5429
1647 6111
2786 2797
6736 7566
5985 6916
4388 7462
3128 6163
1444 2427
4627 5437
3337 6938
1672 2860
393 5550
3144 6169
285 5010
4376 4609
1580 5008
3638 3715
5270 6973
1556 4291
2101 4633
5755 6969
3154 6271
3296 6814
913 2562
3701 5733
4836 6279
1424 5864
1221 7436
3912 5929
2394 4279
5106 7466
5354 6164
3243 6440
6643 6986
3968 7451
1844 2916
2370 4004
3544 6473
210 4984
6057 6308
4525 7463
1465 3397
5350 6860
2966 5169
4880 5933
5855 6790
1258 4864
1313 7195
148 7297
2792 4466
2211 4096
786 5313
1662 3423
4700 5333
2826 4506
1394 7380
3903 5062
5985 6053
4198 7083
2084 4052
6907 7444
3684 5198
3930 4536
6503 7469
2881 4334
7128 7146
669 5086
591 1326
1288 4447
1272 6691
1892 6680
239 6258
3564 6668
84 1235
5567 5832
5458 7087
3829 5899
3886 6757
249 6262
362 575
3253 3518
1811 6714
643 1699
4054 7383
1994 2929
232 902
4100 4282
1046 5977
813 3770
1654 5697
3069 3510
1344 3680
64 1811
5379 5717
2846 4791
2775 3085
3354 4575
1730 4758
845 4686
1961 7242
6548 7350
1853 7273
71 5412
2395 5419
519 7496
4621 4626
3420 6724
2894 5253
6451 7561
3637 6952
3629 7047
2236 3320
5576 6731
2835 3176
973 4665
2810 3251
3135 6346
6278 6301
1290 5370
421 781
476 6624
5058 5562
2017 2894
2328 6233
5746 6276
2050 7451
3456 5417
4529 6454
25 93
945 4403
1056 1501
495 2893
2441 6683
267 3762
2314 5160
4983 7363
689 5707
1161 5011
636 3761
903 1340
1476 2126
413 4514
343 3215
340 6516
3244 7044
1693 4133
523 4153
1148 3862
5048 6770
1769 4928
2597 4310
1314 4870
1154 7209
3405 4394
2564 3245
2449 5609
4951 7260
3381 5676
1693 5742
3852 4226
2201 2784
1416 6766
2907 3384
4760 6572
5123 5428
7095 7167
5459 7085
2050 5269
2977 3072
6668 6885
968 1571
1779 5001
12 822
1294 6000
5320 6320
2791 7517
2151 6815
4438 5328
1547 2379
1357 5847
215 3151
1417 6078
5145 7559
3984 4433
3573 6727
3673 4071
3149 7591
1452 6695
5937 7064
3152 3266
5721 6850
1073 3198
2674 7244
1550 4600
3064 4567
2110 4382
3044 7341
4788 6040
2247 4877
4186 5090
5669 7365
1406 1904
2805 2845
2139 2745
1061 4764
4791 5923
4324 6469
4088 5843
1346 6185
452 4815
4887 6761
4642 5533
498 6470
2140 5405
1574 2009
4069 5811
4788 5225
2673 7421
3122 4657
2530 3174
2907 4679
1170 6735
1224 4162
3107 4294
3805 4661
5453 5661
3877 6355
460 7617
884 2462
1544 7346
2979 7137
6821 7449
2971 6502
3449 5067
189 1995
828 6262
801 7258
392 5774
1233 1827
1545 3310
1216 1489
2840 5253
2772 3143
2316 4939
747 2845
2523 3946
914 1354
4369 5524
5893 6336
2408 4260
1877 4282
2082 6453
1012 1266
1871 6622
1395 3780
2025 5995
2253 4484
2527 4278
2673 2940
687 1898
2061 7513
4438 6780
3379 4587
647 814
3067 3556
1135 1540
219 6426
1020 2553
962 1153
625 7036
87 6503
1841 2228
940 5256
3435 3547
3975 7068
2085 3239
2506 7101
2654 3472
3779 4363
1886 2231
4673 5376
683 7234
5559 6544
2251 4475
1195 3935
4010 5766
2111 4079
1837 2896
2539 7556
3204 3601
3538 6323
5716 7128
2121 7576
1052 3952
6035 6440
3733 6896
1416 6700
5330 7610
1098 3781
2136 4813
1128 6317
348 6697
2086 5374
538 1757
2194 2791
6632 6927
6839 6918
2454 7157
2160 2176
1223 4419
2820 7398
3743 4366
4502 7154
102 5693
2109 4859
1270 3306
4572 5593
472 4803
6581 7538
193 7500
954 6980
1373 7171
4744 5823
1496 4521
820 3095
4999 5990
3263 6570
2070 7350
1278 7324
7200 7270
2982 3943
704 6641
4679 7451
3436 4916
5471 6071
5003 7262
2742 3006
68 2064
2791 4521
1700 4842
1670 2072
3017 3774
5771 6639
1169 4557
3460 6914
3007 6701
99 5050
1336 4003
942 6038
5570 7127
2395 4285
1950 5776
285 2505
4090 7028
3068 4075
4120 5770
2571 5717
5802 6458
252 1992
2228 7259
1330 4770
1351 6197
3389 5645
2549 5156
1350 4590
2153 7386
5312 6298
960 6840
2471 7371
577 2961
3835 6995
140 3672
988 1090
2340 6539
4538 7161
1751 5899
2246 6538
3845 6476
2027 6205
1414 6341
1640 2065
1817 6818
5568 7168
1056 1198
6793 7531
2478 3041
4843 7018
337 7206
2907 3888
1523 2572
3036 5795
1993 2987
633 5545
4416 4924
1419 4682
1659 5907
47 4681
1924 2572
4369 7427
5286 6190
52 5245
235 1853
473 7007
4231 7225
1444 4421
145 3960
3 5440
23 6562
432 3958
2409 3787
2642 4546
2023 7444
3383 6754
2489 6657
3390 4957
3109 7257
57 5229
982 6064
1933 7100
1861 2599
4935 7221
11 5767
1526 2642
4387 7355
2134 5351
369 5233
2181 5399
5367 6515
1855 3352
2156 4572
4137 6289
1807 4372
2415 7255
5490 7426
208 2592
3131 6175
5882 7307
4170 4940
971 4651
1452 6163
2617 3579
6652 7553
527 7279
256 4190
3963 5058
2490 3593
4092 7531
3838 4168
4505 4660
5218 5701
2492 5178
1810 5783
997 1395
2298 4592
6276 6538
521 1897
114 5676
4572 5901
874 7092
1415 2465
110 1044
667 7405
4763 7210
3870 4560
2777 4126
2595 4652
4289 6201
1398 6533
4616 5272
961 3397
7104 7488
6903 7269
136 7265
1961 7216
4585 7010
55 3268
1185 2154
2898 3550
373 1307
1252 1779
2929 6926
5310 5762
6403 7602
1079 2185
949 3049
4211 4759
594 732
2898 3333
470 2140
3745 6278
5016 7017
559 4286
5847 6564
4957 6198
107 2234
645 3957
2790 6712
5042 7156
6099 6328
1518 2709
3637 4997
1633 5366
2617 6043
6045 6573
2143 2844
569 3220
2326 6282
1138 3885
3258 6468
1875 6041
1188 2841
3149 4225
2284 5845
5023 6348
2557 6654
984 1851
1463 4351
3379 3991
2111 5931
2296 5102
433 3430
2330 6835
5278 5957
2537 3012
1148 2527
165 6737
407 7350
6177 7435
1546 2255
3674 6624
1569 3896
4161 5377
1870 5646
435 609
3020 3704
4557 6740
5896 6613
1606 3542
1951 2238
5507 5856
4201 7075
5211 6316
2690 4016
882 1112
4215 6278
452 4677
4022 4292
4076 5912
2439 4418
3723 7551
1690 5134
5654 7278
52 5908
2579 7157
5548 6632
914 5978
3547 6256
1952 6694
636 2921
4710 5093
222 1159
145 5527
6221 6586
1460 2369
2191 7011
6167 7426
4408 4745
6035 7237
3212 6481
2694 5991
560 5395
3048 7570
4984 6818
6400 6894
3312 5317
2646 4020
3780 7415
52 1688
4062 4785
1295 6704
3403 6888
5159 7182
5113 5908
4520 7059
674 2061
6012 7520
1362 2085
3319 4555
3053 3596
4376 6105
4862 5949
5739 7397
4292 4754
5653 6672
2335 6620
5479 7172
2434 6825
2287 3801
4478 4946
3315 6237
660 5434
5295 7560
5005 7041
6705 7375
235 2753
2253 3515
1096 1625
3727 6110
3968 4268
2655 5223
735 2204
692 6877
6482 7117
2063 3973
1482 6425
4462 5204
3083 5174
390 492
719 960
5468 5653
836 5338
2543 4117
1543 6512
3944 6707
1823 7278
5752 7300
1900 4980
189 1000
1803 6745
1166 7534
6956 7526
124 990
2269 4171
2961 5210
5815 5822
205 7190
2025 2278
363 7505
31 6283
3548 5755
3189 6256
182 6746
2699 3702
849 2705
5663 6263
4965 5587
1730 2564
49 387
2060 6295
153 5948
5344 6942
2209 5270
6486 7072
4727 7054
1900 6706
1111 5239
2592 6262
3218 5202
5973 6466
10 4588
1150 3947
3527 4976
4503 6581
1286 5146
59 7184
878 2377
710 4770
4684 4712
49 6569
975 4907
14 4278
4518 6003
3958 5178
2048 3517
3317 3575
3774 5557
2216 6209
1913 4646
221 4667
687 1884
2164 4278
2422 6198
4009 4071
3040 3874
2438 4408
4560 5303
870 5296
1429 1871
3451 3884
2637 3403
377 7334
3278 3557
6891 6953
1073 2620
7 1906
4649 6339
920 4917
2771 3063
1114 4503
5903 7204
2506 4576
3087 6118
126 2284
1725 2389
2958 6686
2424 2900
838 6712
2595 4060
5746 5943
670 4373
736 1645
3484 6176
3606 4547
6478 7293
4567 5237
309 2120
3754 7372
3308 6069
1102 7534
3030 6769
3729 6128
2677 5775
12 2090
1971 3175
1517 2463
2380 2802
4453 5178
4816 7307
2194 3936
3316 5091
4923 5343
2506 2981
2765 4741
1754 1775
3379 4014
3060 6544
2632 5484
528 3029
3557 4905
4187 4943
4040 5284
4513 7536
1560 4002
945 2324
289 1795
3226 5496
5763 6188
2306 6072
5957 6397
5106 7467
7144 7520
3755 6034
1845 5617
2521 3479
5629 7276
1980 2223
975 1005
2490 3957
3381 3832
44 7306
2731 4671
214 1905
990 6874
2159 6425
1676 5654
4763 5806
2575 6716
301 4270
4523 6364
5795 6869
3234 3482
3887 7163
1510 7369
3263 5276
1528 7125
1828 3638
196 7476
2911 5081
2898 5191
4084 7489
3146 5890
5318 6725
1767 3795
6770 7430
1759 6301
4934 5553
6089 7033
459 7468
318 6854
1198 7252
1553 2626
25 4755
2869 2973
1367 1368
3362 5216
3814 5320
5658 6768
5809 6310
17 3966
1803 6945
5473 6923
662 5431
6177 6803
5504 6186
530 6820
1951 6540
782 1103
2802 4081
628 1044
2734 6645
1618 2029
1575 3384
6937 7490
4294 5686
1106 2324
3963 5520
1019 1702
3009 7567
1131 3080
4102 6979
6373 6734
4986 6707
413 6028
3374 5153
37 5428
58 6007
4479 4968
3239 5170
3033 4283
515 4262
3341 5967
318 839
6283 7078
3799 4372
737 3015
4242 5781
3292 4385
2088 5635
3662 6503
1380 5223
6898 7451
5011 5759
2488 5976
2882 5628
1318 7293
376 1519
1019 5330
1712 4606
152 4491
557 1280
3937 7400
1797 7326
1810 5621
3951 6959
553 4960
1392 5840
1936 2309
2080 3976
452 1448
4022 6297
723 1935
1002 2620
4627 4927
7095 7114
1391 5595
858 4052
3784 7086
1324 6649
1638 5475
1989 2478
5179 7524
305 5800
3795 6041
764 5984
5231 6875
1952 4838
5735 6710
763 4066
2527 6447
663 5597
494 4359
84 3378
5347 6246
1289 5356
1968 5063
4668 7564
450 5114
1704 5647
2389 7038
1795 5760
3479 4729
64 6455
742 7545
402 5480
4819 6504
3229 6334
3892 4682
5210 6636
1491 4951
2575 7576
6740 7204
5267 5669
625 5758
513 6612
3217 7058
377 3144
6657 6899
6269 6571
1463 3046
5355 5946
4954 6575
2695 6935
2253 2373
1958 3042
1477 2879
1890 7210
2621 5558
2305 3966
3165 7150
3181 4821
5036 7577
2990 6889
4463 5456
3548 7127
3862 4733
5153 7264
4075 5803
2762 4434
690 3960
4924 7548
2348 4617
580 7561
3624 5690
389 4567
372 814
2086 3462
4326 6225
257 2752
6580 7281
0 438
5483 7371
5131 5480
4375 6432
3732 3861
4223 5337
3517 4347
4471 7519
4214 6649
2539 5954
3231 6229
2540 3694
2017 5105
2003 6169
1213 4482
178 6930
1830 3129
1259 5538
541 4867
1944 3945
461 1877
2042 5900
5972 7149
3749 6497
1213 5604
1032 2628
2475 7563
248 2231
2515 6729
4234 6438
4916 5886
1112 7496
2371 2564
4069 7054
1070 6955
1576 2318
140 7294
4638 5614
1443 2343
7433 7439
1842 6346
1553 3485
2267 3948
2710 4872
1115 6854
1807 6682
1029 5866
378 4093
41 2933
2042 7391
113 2393
1640 6684
1457 4510
1632 2546
2022 2891
4710 7601
4594 5658
3751 6947
726 2910
736 1586
1971 4049
2560 6616
111 396
873 4447
3728 5428
1234 5685
3749 7324
2351 4235
549 1759
6036 6157
4202 6312
2125 5305
7310 7588
3245 7302
2250 7327
5038 6724
2853 3237
3458 5820
686 2122
816 3912
1111 1708
4420 5831
2061 2149
3829 5365
725 5842
892 3875
2818 6176
1295 5955
1065 6912
4086 6737
3908 6828
2630 7310
1996 4744
3973 6866
4330 6940
1898 4159
4386 5596
2697 4083
4530 6073
4248 7440
3895 4179
2964 6108
4778 6284
2908 5170
4537 7426
1092 4802
1494 2999
1918 2907
614 2788
1171 2234
1707 5880
2122 3434
2516 4746
4342 4668
3352 6825
6352 7052
974 3098
3975 4616
5635 6270
367 7221
2702 5031
1461 4371
2997 7400
1121 1594
6071 6231
3046 7418
491 2245
1708 7479
4823 5069
3318 6171
4540 6849
4045 7315
4418 4520
1911 2075
4342 7573
1874 2922
6069 6979
754 7458
2532 4023
1174 5540
1844 3884
4200 5333
383 6958
3295 3723
1815 6415
4782 4847
5453 5472
1268 5929
2995 7488
4060 6674
783 1811
1409 2566
4740 5042
1830 5477
905 4544
3583 3806
2503 6545
2923 3858
50 6946
4224 6729
370 3313
6131 7288
1886 5449
704 6612
2584 3781
1727 6235
5716 7041
1048 1305
1999 2747
2404 4896
875 4883
580 6400
5188 6732
149 3712
86 7489
4670 6400
4732 6907
4935 7419
1752 6314
3367 4815
1351 7382
503 7523
4714 6592
136 6584
4692 5109
5417 6372
3728 4158
1916 4323
2334 6301
3069 5054
2036 7235
145 5268
478 4285
798 2645
535 2903
4953 5536
2936 4625
1457 5142
558 5553
1558 6171
1763 7073
6327 6536
2771 4901
3343 7288
292 7150
470 5250
6695 7466
4779 5889
2848 7305
3782 5988
1715 2241
5522 5887
601 6877
824 3677
3730 5591
4144 6288
776 1290
3768 5111
2732 3019
4415 4491
333 646
3498 4321
2968 3911
273 6932
1982 3661
304 4603
504 3092
164 1899
4410 5253
2199 3087
653 3025
359 7072
1404 6294
793 5140
540 3141
2703 5416
4837 6478
5103 7389
1740 6353
5898 6592
1876 7215
283 5709
474 7270
900 5935
2481 3655
4192 4918
5260 5869
1635 4742
1015 4639
664 6671
1666 5818
65 2874
780 2003
4407 5939
3831 6003
4932 6562
5064 5572
5093 6940
977 5822
3288 3843
2928 5534
1188 2903
2725 4664
3176 7454
4095 5091
2357 4160
6494 6947
2706 5869
117 3766
2892 7307
2460 3416
544 6018
3659 7301
468 2771
3492 4419
289 3127
441 5762
1397 6381
2217 7292
3414 5515
4228 6806
4139 7407
1274 4291
1857 6310
5428 6043
3083 4021
1488 2425
5585 5975
3124 6348
2574 4001
3040 5930
882 3848
1867 7441
272 1356
1167 4938
3340 6874
1271 2327
2021 3874
3746 5570
1967 5161
4199 6097
2038 6200
1908 4169
2878 4181
111 6691
1562 3423
4949 5311
2889 3243
2268 4956
1677 6397
120 6759
141 3494
3336 3371
1866 5182
2758 5565
891 1470
1727 5706
1981 5094
262 4519
3111 4317
3354 4323
2410 4218
1859 2463
1504 6621
1191 1290
3218 6491
60 1145
2548 5613
4866 5592
4373 6681
2773 3179
5312 6542
2209 4262
6255 7470
1138 2627
1336 5395
332 4532
2712 5606
503 6070
4820 5024
891 2009
1772 7563
4112 5533
406 4359
1727 6806
2648 3614
5157 5602
2839 7506
6087 6314
2518 4907
4421 6292
98 244
961 4614
1539 3599
3445 5852
1478 7110
3241 4035
3850 6174
2293 5498
2753 5302
6432 6813
1625 3404
2107 6054
5660 7420
382 6593
1185 4858
4559 7535
1343 2126
6752 6759
2761 3378
1076 5321
982 7421
746 3373
1736 3890
3959 6183
168 7476
1323 1384
4132 4425
2950 3959
1896 2623
2380 4800
307 4737
3862 6812
2288 4504
1479 1970
1174 1389
782 5748
3185 6137
3044 6837
1116 2690
1205 5855
4639 7102
3824 4218
157 6683
2587 3909
3683 6069
578 4983
2823 3384
270 558
3393 3551
3684 7183
4306 7244
1525 6284
810 6021
3017 5515
3326 6825
1854 1900
2329 2613
3028 6919
806 1523
2651 6049
3932 4589
7034 7458
365 6023
3131 6308
97 4621
1085 7215
194 3451
625 2862
1661 1704
273 7387
5669 7132
5799 7169
366 3892
892 6356
4317 5377
844 3405
1046 4642
4295 5363
75 2564
111 7122
1760 2797
252 4655
2953 6201
198 5110
546 3659
468 6381
4830 7479
2157 4265
1633 4263
1852 3125
2343 4751
4287 4373
2142 4861
1045 6327
5753 6425
3653 6135
3935 6925
1857 2981
2039 4831
2112 2455
5602 7283
491 5047
2693 4131
1937 4112
3999 6509
3058 3805
4280 7187
293 1880
5715 6691
501 3715
2943 3544
5423 6755
4081 5928
661 918
3439 4959
131 7281
4526 5183
3572 7088
1800 6319
2703 5849
2019 7617
3024 7124
2133 2819
980 4999
2759 5672
605 7301
2247 6751
2426 5700
2787 6247
874 6759
4627 7538
3676 6858
1168 1805
2894 6470
5050 6754
2609 2789
4525 5498
3213 3418
5451 6927
810 5923
3580 5362
5592 5846
2188 2350
31 677
2385 6803
2230 3452
1 3810
2070 2821
1739 4762
4440 7488
262 6336
3232 7461
310 2202
904 1639
2282 6863
1667 5276
3563 5388
7274 7368
4306 5373
1203 1397
5270 7261
2016 5301
1256 7170
4846 5113
1955 2967
1886 6188
2696 4179
2900 4721
408 1855
463 5111
3537 5223
2676 5691
2820 7051
3829 4273
1465 3456
383 3455
1156 1674
4229 7269
1187 3274
3798 7567
4137 6905
1519 1548
3396 4289
3432 4436
2422 5948
321 5104
2723 6003
933 6962
343 1699
3608 5291
2674 5763
6270 6400
6198 6853
1619 6723
48 6397
1086 3129
5847 6277
578 3394
1137 3647
548 2342
760 3980
2718 5809
3558 4830
4111 7400
439 4538
637 1967
5227 5377
4818 7096
1457 3599
3302 6360
3223 5449
5590 6432
980 6522
754 5636
2715 5179
2300 2450
3230 3496
921 4982
2146 3493
3102 4511
14 5962
2362 4749
5309 5809
3961 4561
2440 3950
3142 7268
3778 7361
3859 5561
2453 5976
2278 6420
4355 6419
2056 5768
1724 5960
3056 6659
2059 2263
2287 6703
7175 7262
4183 6738
2448 4372
4875 7180
99 5126
1227 5577
1135 1691
5032 6175
1354 3304
1942 3664
6457 7043
6204 7122
894 1389
35 7011
4745 5019
1074 2989
340 5651
1516 2406
4071 5551
2459 4954
3239 3735
1019 7604
313 6674
829 6169
3707 7483
1317 1590
1378 1872
4023 6892
404 530
7536 7623
5820 7395
1696 1727
2678 5266
4267 5446
6735 7173
3780 6705
1066 1704
1605 6788
7123 7387
675 7158
4067 6052
748 5542
575 2560
179 2540
416 6875
830 1613
30 2588
4082 5761
1741 4221
1767 6417
444 6096
1418 3019
6281 6663
1661 2159
1407 6351
4404 5409
2033 2801
462 7471
3532 5435
2095 5475
3520 4925
3048 4348
3162 5449
1719 5766
4245 5358
6081 7410
1560 6130
2603 4334
4672 5379
4370 5965
1697 5966
3540 6814
2842 4606
1676 7582
6838 7491
502 4108
3339 6874
7003 7474
1483 4593
1473 4173
3311 3313
897 2693
1550 5620
140 1691
33 6602
432 4217
685 6256
199 3849
55 2855
168 6578
3667 4082
4843 7578
1277 1636
2822 4505
792 4027
754 4017
4103 5064
5474 7146
766 7315
4695 6400
1785 2053
1448 5002
6619 7588
5017 6335
1621 5226
860 7532
2851 5958
3337 4618
5141 5862
1514 7074
1239 6042
3942 6162
3028 5013
1683 5101
588 5693
182 2232
1094 3109
922 1215
607 4522
80 1138
1218 2354
3769 3866
3002 4858
1897 6565
3444 6914
1843 2759
137 5223
3287 6178
7110 7159
1791 4744
1712 3640
1764 5365
3455 5863
1460 4404
3900 5245
952 3504
4052 7227
453 3900
263 2347
5359 5387
1538 5661
5077 5864
2196 4857
2916 5824
3276 6523
3849 7420
1326 4748
804 3128
1951 6792
1691 2700
830 1303
3356 6005
21 830
1111 5866
98 5843
4616 6373
5646 7009
936 1055
820 2093
2372 6604
5452 5725
2838 4163
1246 2937
4459 6846
391 1136
165 4809
1525 3385
4354 6109
2474 5101
6437 6680
990 5042
944 3627
887 2143
1119 3182
2459 6560
3269 6433
464 2264
3175 6549
1177 6210
4060 5321
2066 6963
2069 5207
1853 2241
3930 7354
1133 2653
909 4027
5819 7472
884 952
1140 2160
4868 6369
3401 4653
4027 5845
172 5813
1069 6879
5954 6667
4401 5340
6736 7500
3647 6956
6107 7353
726 1339
938 5098
471 5663
2971 6463
1322 2982
262 5682
5924 7149
250 4747
2889 4875
4008 6008
500 5958
3254 6101
2827 4091
2864 5382
170 5848
2207 4506
1193 7562
1016 6848
794 4405
395 4635
283 4289
2326 4697
4805 5720
6276 7523
3494 5672
2132 4111
6538 7170
6432 6531
4099 7064
0 4387
2869 4788
271 6651
2063 2088
733 4785
41 4459
3025 5495
1314 4567
1572 5563
6333 7068
1228 3743
3529 6691
844 916
1013 4448
2412 6988
4068 5299
5455 6515
1067 4822
255 4586
1777 3978
221 5050
2249 5431
1659 5262
6124 6444
386 562
1605 6896
23 2731
456 4690
1268 6366
5292 6719
5516 5752
2253 2872
4078 5068
6028 6949
5743 6127
3423 4180
4109 6604
5666 6262
204 2089
4559 7034
2532 5192
5316 6009
4848 4877
5403 5950
168 3686
174 5025
3809 5578
1251 6623
2527 6590
3348 5046
1996 2130
1089 7307
5307 5961
3233 7446
1714 6523
2871 5381
1750 6433
1310 2673
1854 5248
2272 4366
6090 7195
18 7122
1585 4406
1432 6861
958 5247
1100 4867
7109 7153
2322 4446
1398 3684
2425 4338
2834 4757
1604 5676
5163 6541
3281 4197
4398 5239
4072 6141
4228 5714
1722 2314
464 3500
185 5697
4395 4604
2491 5749
2249 6409
4739 7595
1440 4090
574 5290
2894 7194
938 6326
854 1905
4845 6234
1754 5488
252 5442
1117 3413
5728 6730
4179 5018
956 7524
489 4887
2128 6314
1409 2922
5559 5917
5224 6062
4734 6656
2202 4897
6894 7393
255 1414
614 4523
2672 6427
4684 6964
543 5819
2201 2802
928 3446
593 2787
1251 5256
1250 5423
4318 5869
4533 5579
5182 5532
3885 4756
1840 4648
917 6874
5166 6114
4821 5763
3897 5848
3546 6544
1377 3536
4223 6158
63 1757
2439 5680
468 1624
2699 4561
2282 6046
3446 4111
1150 3995
3979 6053
1050 6765
1478 2744
1384 1861
2994 7359
166 780
3035 6435
3978 5543
1841 6746
3436 6871
269 2482
2217 3255
1685 3302
2757 5063
975 6609
4662 7440
102 200
568 4946
912 4415
88 3281
15 6316
4529 5466
319 7372
627 4477
954 3826
316 3630
4577 6307
1727 7458
3385 4113
6626 6633
5151 5849
1463 7165
2859 6771
149 5071
2357 4919
2875 3703
5083 7082
3826 4829
2152 2953
1477 7310
516 2145
4071 5744
770 5190
555 2900
2004 6675
466 3991
3381 5509
69 2499
1795 3304
755 6444
2077 3579
483 4651
3811 5939
360 1632
1913 4021
3305 4019
1054 2647
3 5274
548 7052
5504 6144
2256 5966
651 7251
4502 7542
5171 7265
673 1265
1494 5221
1320 5054
2456 4742
270 3229
5162 6704
136 3864
610 7163
1381 7578
2263 5824
1306 7601
4782 7395
4468 6174
938 3319
409 1586
4522 6725
4757 6737
5663 6796
4204 6084
2303 2855
912 4665
1000 6969
1080 3807
1305 2302
5223 6031
2037 2293
53 536
2284 6496
461 5170
167 1956
512 1482
49 661
1514 3647
6367 6737
2136 5390
5461 5772
3971 6294
2372 7182
659 1603
68 3957
3082 6792
548 5978
1076 2177
3113 4767
4115 5288
1428 5621
2601 5143
2654 7558
2085 5359
894 4213
4695 4972
5118 6957
3295 6426
869 1387
399 2209
281 3271
850 1114
1571 6710
5370 5979
2401 4105
1758 4746
3604 5926
3444 5323
691 1283
2510 6745
949 4326
5948 7447
1439 7593
702 4059
1120 4939
4388 7530
4721 4767
1658 5947
4267 4988
2982 4489
4924 6473
3869 5647
179 6468
1557 5153
6667 6743
2063 3814
1030 3551
4357 4894
2185 2296
3754 6078
1867 6565
4270 5501
648 3743
5167 5482
504 4142
5201 6805
4622 5736
612 2375
4369 6890
1612 7502
4812 6980
1327 5291
3669 6289
3403 7433
5091 5405
547 4464
2240 3595
242 5527
2068 5829
2992 4429
3259 4191
3556 4629
283 2325
3442 7437
877 2563
552 2998
897 6305
679 4756
5174 5731
4368 7382
4081 7545
4133 6530
2124 5668
4877 6487
464 3084
1652 5000
4882 6652
56 2571
5418 7617
95 6847
1827 6830
1450 1510
5142 7197
789 5493
1384 2086
1970 4198
4887 5416
3189 6844
97 4428
1321 5168
1822 3358
4650 6806
644 7047
3917 4041
5483 7419
4431 7013
746 2816
1208 6372
411 3420
3155 3889
1619 3810
3637 5948
1664 2815
1438 6157
3295 4104
977 4871
309 3384
1889 6913
2069 6231
2223 2984
4125 6547
497 7020
6868 7288
691 2462
190 1585
2622 3010
2770 3395
1009 7377
5752 5762
3964 7231
6540 7033
6006 7453
1204 6137
1665 3623
710 2015
1753 3624
3330 3543
5143 6798
4947 7090
4561 5488
5018 5291
760 6514
1322 3094
4714 5343
2252 7356
3454 7260
4133 5422
2640 3399
4985 6346
3498 7301
2866 5835
405 6540
1353 5395
629 5418
6139 6545
5007 5759
1986 4894
753 4169
2972 6060
3244 5380
461 1326
5610 7366
786 3743
42 3651
2111 6408
499 2058
1146 6452
848 6215
3753 5172
3058 6012
1281 7559
4238 6655
1645 6038
596 6774
79 398
2700 7395
735 1828
710 2042
3076 4161
2540 6083
3623 4845
5679 7032
2963 5159
128 4210
202 376
719 1643
262 3229
4000 5739
3237 4675
3872 4598
3484 5464
138 4878
4650 6529
64 2408
261 5694
6135 6387
2285 2513
1068 5164
4977 7309
169 5497
100 6270
400 3016
2328 3179
1558 3112
3913 5132
403 6902
1337 4194
2740 4264
5705 6747
6635 6780
1566 6644
107 410
368 4875
4358 6068
2427 3770
3421 6562
1344 6252
5126 5556
4823 5278
4278 6782
585 6019
3124 3367
3403 7228
5442 5943
1902 2522
52 2545
168 6427
921 6335
22 4732
1937 7527
4260 5533
102 4326
3095 5696
4507 6490
283 5124
2771 7281
2376 4136
633 4486
4928 7114
1387 3295
4564 6642
3651 5474
2483 3715
2827 4878
1411 3942
448 3650
2454 3553
831 5794
2012 3769
1868 6573
6258 7112
2736 4443
4724 6167
4619 5741
311 1917
1503 4120
1738 5544
4258 4953
287 2638
43 99
668 2922
1549 5265
764 6745
2072 2270
2606 6302
4023 6842
2385 4130
3927 4443
1873 6698
2899 4337
1932 4343
6122 7041
1487 5898
2082 3893
3872 6269
2352 6749
1440 4124
2726 6761
1186 4268
4783 7453
1234 7323
2355 4778
3252 7199
2933 5328
4925 7419
6007 6964
5258 6551
651 1603
1401 3707
2080 3907
5540 6998
5626 7505
2356 6647
5743 6831
1242 7621
259 3041
3154 7097
1525 3132
6194 6798
5242 6868
6390 6563
2506 6295
1998 3998
1049 2862
4679 5401
300 5971
5762 6709
2447 5549
258 7451
4798 5426
146 2198
1211 3328
5004 6649
4432 5795
1196 4021
693 2542
4307 6305
417 3976
1631 5052
3970 7409
2566 3844
4862 7392
4403 4563
1891 7108
3429 5634
6890 7081
1025 2562
1195 2279
1237 5844
252 3795
2291 6828
356 3502
2956 6690
734 2248
1282 6371
1636 4637
1264 5876
4096 6496
1044 6968
4828 5440
4556 6635
1120 3758
1302 1723
4388 4604
968 2113
1663 1851
182 1088
79 5090
2661 3695
2368 2515
740 5035
4062 5071
4391 7072
473 6644
55 3547
2877 7380
3633 5438
4339 4611
3312 4086
2447 5988
2841 6647
6042 6927
896 4811
79 4089
5188 5870
2294 6831
856 1598
5546 6566
2411 5339
559 1177
3619 4620
3351 4958
3204 4128
506 6333
2321 4232
281 3537
3485 3519
62 6211
2413 7498
5234 7022
956 2902
1005 1965
1505 6791
835 4976
426 4988
913 1090
789 1373
599 7133
6206 7190
5010 7446
961 1014
1370 6755
426 1684
1761 5222
5093 7049
901 5762
1717 2432
4755 5585
508 6973
4426 6433
2244 2320
3807 5129
3202 6882
1099 2266
72 5140
1413 6267
1393 4342
4766 6302
4801 6875
250 2907
350 4221
2123 3868
3448 5316
2357 4348
1332 2460
1149 3385
45 1445
293 4336
2132 3410
965 3836
1713 5913
4201 6958
642 3164
3975 4576
2293 3213
2615 5669
597 3003
676 6026
373 1874
838 1531
3134 7040
4444 7391
3430 4653
5629 7186
5043 5295
3194 5354
434 3165
2837 5658
4971 7161
4742 6795
887 3148
4837 6997
3504 4089
3853 7478
3323 6778
5735 7415
702 1693
3139 6369
3175 5792
4771 4917
5467 6048
685 3157
4382 7008
2151 3322
1253 6605
1410 5343
2850 3066
2881 4164
58 7090
1978 3236
917 5948
5029 6014
1566 6272
5876 6546
3102 5863
2509 5286
5758 6572
2386 5701
4098 7252
1095 6013
2798 5491
634 990
1917 5732
1614 5938
205 6786
3041 4481
7144 7431
2799 5092
1303 3467
1415 4207
3388 6527
617 2822
1872 3834
4716 4841
1714 3956
3474 6655
3605 5575
1557 6869
1982 7494
333 5188
1729 6145
286 5406
325 327
569 2222
1735 2300
2638 5324
864 5400
2325 5461
2907 5057
355 2399
1002 6617
2780 6214
1103 6921
1130 6858
2176 4070
5097 5795
4426 6871
3532 6875
3717 7400
4648 6645
723 3275
3652 6810
3024 4089
2262 7151
1332 5238
2760 7069
4211 5037
901 1195
1736 2101
675 5656
4681 6511
1351 2881
4079 6319
3465 5021
1978 5979
1658 5500
716 1356
3073 5113
2027 6516
2572 2976
1639 3319
1384 6633
704 7225
2490 6271
4291 6866
4462 5195
2050 4530
2212 5255
2981 4202
356 1900
244 2506
5474 7606
170 1385
3961 6852
3775 5448
12 7129
5873 6550
1859 3891
306 7149
1024 2812
935 5760
2063 2772
2369 5395
3420 5815
4622 7383
1514 3148
3451 6635
2726 3408
3247 5278
196 2708
3673 7387
3141 4454
1642 2815
4419 6890
1960 6303
1553 7447
1082 5408
3905 7396
1520 7362
490 860
1837 2575
3524 5922
4463 4507
856 7595
411 3819
10 5857
477 4626
3487 4579
176 1346
2259 6976
10 4245
2936 3615
4393 6667
4305 4804
1136 5768
809 5440
1696 3659
5303 6464
3629 4200
2618 3110
3730 4751
1041 5819
3937 4285
2254 6404
6531 6676
3495 5780
684 4000
5900 5937
3243 6320
1001 3446
421 7442
3841 7584
2511 2587
5792 6996
358 3549
1804 4600
1694 4464
81 1658
1975 6324
4612 6542
6025 7209
6265 6620
5911 6814
4890 6088
5911 6625
1039 2966
730 3885
544 3965
765 3592
1031 2324
5560 6629
341 6229
2163 6100
5813 7057
4691 7390
73 1361
1895 4310
2576 3690
1668 6114
290 1933
4204 5096
1310 4277
3367 6762
3978 4716
6804 7328
103 6506
35 2721
4770 4886
3166 4918
506 6368
3712 7265
1905 2133
5224 6784
5170 7218
837 2262
2508 5394
2358 6459
925 6426
1052 7150
2155 4799
5278 6439
2893 3103
3427 4238
114 7575
1857 4985
1715 6863
91 7223
4599 4716
1392 7019
2897 3626
1347 1962
3479 6825
2593 2919
5882 6577
724 5843
408 4218
1748 6890
4115 6595
3013 3268
1975 5805
297 6008
2662 3945
3367 3962
1573 3590
2991 5504
3672 6987
588 3007
3343 5754
1019 6599
5144 6944
5219 6666
3905 5026
1915 4544
5349 5404
462 3847
4936 4939
24 4900
172 6242
4128 4792
2847 5518
13 4634
1151 2028
995 2597
3218 6998
6251 7618
1937 4363
4618 5129
4775 6471
5113 5840
6282 6962
2148 6265
2694 6348
449 2364
2828 5542
4401 7132
2235 4505
1916 2643
6562 6754
4926 6553
1090 3879
184 6265
2856 5761
1430 6300
253 1518
499 5596
3036 7605
786 1312
5706 7506
1031 1109
3330 7060
3855 5549
381 5181
1815 4653
3168 5953
213 6845
56 6761
103 446
3151 3905
854 3012
2140 5019
4471 5379
444 609
994 6891
929 2015
3351 7065
2640 6382
4191 6620
798 6281
5326 7039
5067 6300
2704 6597
257 863
3771 6561
538 3294
1505 6819
1396 6149
2904 5415
801 2025
1946 7023
455 1268
3942 7402
3980 7459
1298 2956
262 2477
6085 6835
3849 6989
3344 6815
2804 7254
5695 6379
510 7145
2346 6271
61 4132
2640 7021
6803 6908
2437 7368
1306 6834
2894 7457
2942 3584
17 4382
4049 4493
4762 7155
3962 6144
2107 2558
1341 2484
5873 7443
2208 4611
2466 6130
1979 3193
1092 6056
3098 6362
1182 3797
1579 7189
4806 5107
267 4188
1409 5079
1824 5338
6622 7146
5023 6909
351 5816
1909 4223
5291 7181
4465 5721
1661 1755
2904 5502
335 7619
1366 7030
2951 3462
235 1457
3318 3472
4707 6005
894 4972
585 5927
5991 6902
3538 6080
3622 7419
127 944
759 2947
6634 7109
2673 4212
1646 4870
6410 7569
1745 3320
4834 4855
1708 4497
1976 2954
2777 7175
1643 4911
722 2133
6341 6666
1525 6503
321 6849
5417 7066
655 2616
898 2218
624 2632
3998 7183
965 7261
589 6160
4627 6402
1017 5311
1219 1497
3822 4170
2438 3454
6465 6665
4627 6463
3114 4951
2611 3046
1017 5134
12 1248
3165 5303
2435 3817
2862 3454
4921 5458
1943 7489
4982 6767
3536 4432
202 1493
800 4884
6703 6882
5342 6199
1608 6308
939 2596
2228 6141
3573 5993
2707 3659
2944 3866
80 2965
1645 2948
769 4766
954 3157
2771 4690
2616 4858
1120 5060
361 6728
237 3931
2344 7243
1639 6338
61 5468
3203 6754
190 5499
3131 4800
3412 3731
6217 6757
2742 6348
41 3276
3379 4494
927 3089
2491 3631
3748 5380
1019 5333
210 6201
1365 2846
5303 7527
589 1836
5172 5307
812 7183
1806 3250
1274 3401
3266 5261
1257 6934
6239 7149
3849 5285
2130 4231
6457 7370
5049 6283
7018 7445
5094 6309
3884 7423
2744 6184
5360 5696
2717 7514
4618 4687
4287 5579
2397 5516
407 4585
4214 4445
1696 7431
4002 4882
1041 7502
1082 3936
1679 5494
2123 5459
3567 4090
1412 2199
3136 5644
889 7482
1895 7473
1771 2911
2156 5312
332 2575
37 1988
136 2118
2444 3169
2347 5255
5136 7595
1793 5795
214 5057
4546 5914
5090 6365
5134 5906
2864 6244
2820 6744
6242 6512
2806 3845
3953 6439
2977 5091
6649 7596
1796 7515
495 840
3457 3814
287 4372
3097 3552
1378 4974
2722 5354
4349 7324
1163 4665
2074 6569
3887 7416
533 3940
880 1437
4737 5610
158 2828
2095 2862
2079 6086
2022 5668
2108 7417
1400 6194
282 341
2771 4978
4295 4464
3270 5979
261 400
3287 3860
1163 1594
2505 2976
2959 3758
352 6944
4866 6674
3282 4409
2068 4306
1818 3039
5573 7052
1341 4888
1214 2597
1047 6064
375 641
2913 6502
1139 5727
1963 5683
3974 6329
4575 5646
1469 1586
4406 5312
2104 7583
3258 4749
6260 6971
3926 6256
6436 7550
1062 4359
6306 7509
2756 7443
83 5681
4662 7198
184 6613
1055 4514
15 6507
1694 6413
5725 6781
1884 3507
4567 5479
4385 4524
913 3039
5036 5823
2178 3658
4032 4767
2963 6065
5652 5810
4206 7299
1963 7167
1872 7612
621 3493
2458 2799
2085 6175
2906 6636
4792 6908
1890 6759
4082 5675
4495 6388
3985 5930
888 4361
3046 6265
1104 4134
2975 5731
3797 7015
423 2697
155 7165
1343 5808
1289 3640
3226 3404
2074 6950
4477 7405
737 5557
226 5960
37 4634
4278 6209
1457 4010
1754 2396
4114 7595
4860 5950
3433 6387
4330 6833
2707 6094
2070 4291
1258 4638
2502 4745
1214 2712
4863 7584
2513 7200
2353 4237
4428 4787
2180 2404
1327 3171
3835 6093
1874 2076
921 3468
3595 3921
6691 7377
6018 7056
4473 6615
6236 7493
5555 6077
872 2512
414 1698
1695 4937
162 7065
450 6792
3824 7074
88 7490
1823 3937
2010 5394
3636 5377
3988 6100
5440 5441
6129 6602
747 4522
4522 5988
302 4606
2364 3891
157 6471
1351 4451
5872 6940
596 5667
2001 5784
656 4768
5370 7145
6539 7604
803 2547
806 4922
1505 3820
4427 5389
4262 7483
739 1180
6488 7479
797 5333
2114 3463
482 4683
2620 5765
1555 7619
784 1249
1666 3163
637 4436
2002 3077
2555 5132
1694 2727
722 1425
2823 4789
215 453
5696 7246
490 2859
1909 4021
3115 5648
4472 5604
1159 6177
2001 2134
1679 4397
1659 5814
5820 5969
3087 3249
128 1301
4791 5356
1820 7205
3387 4630
2029 3713
4 4763
2033 3637
4437 6611
5277 6052
529 3269
2917 7361
1030 4010
638 4447
3512 4565
1605 4237
3646 6030
269 6281
2587 2775
772 1136
2312 5698
2238 5464
1665 7034
327 2825
3244 7279
3665 5863
5258 6385
1660 6798
610 2169
317 1205
5359 5587
5848 6156
5242 7018
5387 6725
2049 6185
2781 5560
4178 6380
246 3646
157 4365
3941 5590
204 765
6035 6312
228 5718
1875 3366
1692 5945
3653 4498
1168 7338
4099 5880
340 3090
767 2047
2852 5459
849 3225
3279 3508
3559 7597
3340 6705
3195 3775
1695 5373
1195 2829
3294 4184
5072 6346
435 1666
2467 5188
3072 4412
2006 6214
1382 6688
2016 4219
320 4217
376 3802
2740 2911
140 5016
2653 3987
4457 5663
5509 6014
7000 7116
4423 5477
1805 2328
4446 6348
3172 4960
1824 6340
1848 3372
2342 3106
759 3384
787 3751
3767 7465
3756 4669
5101 5431
453 3790
3649 6846
3645 7188
3735 4013
3299 4358
1260 7364
1006 3247
5202 6527
1231 2383
5561 7230
3359 6893
1509 6483
1180 1794
3608 4015
2780 3333
2684 7464
4794 6293
1695 6310
2255 5239
2748 5976
5484 7238
2339 7513
2601 4154
5346 6084
1359 6498
4343 4661
2225 4102
5513 7319
2623 5792
2823 7495
983 4247
6355 7114
1636 2085
2054 5516
6681 7210
1973 2792
4653 5167
770 5462
7280 7383
168 1809
120 6364
5586 6924
6757 7593
1136 6591
1904 5895
2770 4652
1702 3177
1201 4114
6036 6417
616 2853
2078 4785
1501 1691
2237 6840
2923 6291
780 2051
3614 6985
3392 4688
1112 6486
1742 6344
1373 7295
808 4779
6974 7065
3532 6076
351 5971
16 2888
1982 6113
4197 4467
3799 5252
3827 5933
4453 7425
2631 4998
5982 7487
3444 5920
3340 7197
5842 5956
354 1614
5681 6496
4817 6732
1181 2746
7155 7335
1576 2183
4068 6552
725 1599
551 878
4696 5443
5190 6564
4486 5571
2681 5745
948 7277
2243 4702
5229 6673
3931 4491
3450 5542
2371 4303
3752 6057
379 2588
4027 4151
3330 6612
1134 2510
2717 3412
2228 5491
4462 4973
4165 6125
6032 6847
2299 6144
3126 5377
536 4606
2865 7468
3441 4022
6483 7172
1323 4539
4332 6447
2884 3838
431 4544
2514 2611
4805 5874
2971 4323
5960 6336
1156 5827
2272 7403
634 3102
5063 6377
388 824
854 5457
3671 5062
52 4155
1131 4137
2681 7476
2021 4650
2939 6279
3052 5428
725 1302
881 1541
435 2122
84 6703
3639 5530
39 7388
1072 2074
2838 6796
5727 6804
1000 6618
1117 7047
574 7516
1884 4878
533 1121
753 5014
2396 4032
2085 6964
543 1368
1842 3765
5791 6846
5803 7106
1287 6961
6732 6887
2830 4235
4356 6855
376 2041
5559 6892
7539 7543
2892 5422
4857 6716
164 1836
1924 5560
1484 4675
1571 2224
2054 2953
189 2308
956 2608
5467 7523
1939 2415
2427 3425
3375 4111
3127 4123
4362 7137
1631 4146
3473 5304
2983 5137
2370 2466
609 4462
6519 7281
2276 7155
879 5934
48 4454
4937 5460
3910 5874
1634 5128
5434 6913
1306 2690
5073 7423
826 2426
1297 2865
3745 4343
5298 6809
5795 6016
781 6916
3400 5503
2278 4601
2887 5824
4384 7241
6098 6302
3956 7391
847 1837
2394 7507
273 7533
6941 7502
141 3810
2436 2598
1899 5729
132 4903
1383 7234
105 1995
2219 2928
2416 5508
3533 4877
274 3385
5079 5480
3184 6163
2628 4156
2749 6307
580 4494
3127 5814
4445 4813
2530 3868
1720 6363
5584 7214
1939 7118
198 2910
3674 7147
3204 4425
4358 7033
4210 7237
303 803
2064 2993
1376 4326
68 5967
1189 1500
894 6336
240 436
1470 2037
1141 4844
617 5059
1579 6116
3625 5796
869 3315
4211 5823
937 5655
1880 7505
2091 2589
3756 3837
511 2762
3838 3887
2369 6680
3491 6849
2183 6222
883 5022
1829 3732
4177 7188
5378 5442
299 6735
1212 4678
2520 3833
4954 6924
2279 7080
373 6683
774 7401
677 2394
6132 7073
2726 3617
2050 6458
404 3215
1431 2323
3834 7128
4336 5646
2555 7008
1701 4974
4823 5670
5300 6571
2846 4746
6250 7108
5091 7515
997 2230
4896 5718
3366 5960
1209 7487
493 2978
46 1327
4258 6590
3725 3770
462 4615
1938 2339
2141 5320
2406 5247
1469 6475
636 7231
1255 4541
1202 6406
4422 6544
3274 7269
1981 5053
1740 3986
1014 3994
3477 6259
2549 6836
3137 6302
1024 5353
1090 7300
1057 7117
340 5694
1817 2975
1356 5847
1877 3775
90 6904
2732 4734
2208 3087
1427 4121
3278 7605
566 4333
2420 5986
908 4543
1802 3653
1024 3610
5164 7391
3502 3798
1517 1811
848 6435
3014 6691
1548 5874
6331 6407
83 7277
429 1392
4101 5976
2813 2865
806 5824
2190 4724
932 5342
4205 4794
1240 1450
2629 3846
1049 3372
2336 7520
500 1980
3980 6336
6699 6961
5523 5930
76 1402
1057 1449
2408 4919
1073 4719
962 6072
2265 2895
2821 4070
213 1788
2732 6162
389 2709
6031 6669
3608 4132
4506 6264
2788 6310
4431 5250
1177 2030
1338 5433
3384 3744
4414 7623
5020 7026
3804 6353
331 3079
3388 5079
1022 5222
3559 7227
4180 7267
3621 3729
823 1819
2318 2813
4127 5436
3055 5197
1414 6760
5843 6086
2457 7103
915 6703
1148 4907
4612 6054
1165 5520
211 1220
1577 3445
4624 4843
4547 6008
455 5232
1589 4820
6237 6716
385 6535
451 2907
1940 3907
4163 4426
2629 5804
216 5274
4289 6538
297 3187
3363 6208
3128 6928
3101 5111
4582 5803
516 5995
3850 4230
670 2740
3428 5402
1542 7082
1647 3804
1398 5556
1828 5101
1184 6738
6410 6504
598 2102
3070 6777
605 3066
272 6571
252 1289
4546 5839
2141 6775
2224 7266
2884 6192
1666 2892
2461 5641
1796 4557
6099 7382
2275 2948
6454 7546
1520 3854
5063 6223
5584 5927
460 1000
1948 6914
2577 4660
2275 7193
2325 6174
261 5032
1769 7376
4179 7024
1801 5032
3087 3897
1535 6730
6664 7294
3245 6576
1536 6174
2323 6791
1745 5632
1771 5487
2654 7249
965 2961
3011 4458
1723 3479
6121 6514
2404 7418
4002 4398
304 626
1706 7074
2614 4632
4642 5323
419 6247
3948 5666
5066 6787
2106 5000
313 6199
3445 3899
3661 6773
5403 7549
1571 3331
1879 7048
1245 6675
3484 4213
926 4421
3646 4660
771 5848
1468 7209
371 7121
5015 6949
1901 3486
1101 5085
1976 6573
158 4078
327 2622
2194 3849
14 6962
1721 6320
3010 3623
423 6969
2151 2195
1282 4495
4406 6992
4959 5138
575 5696
4659 7410
3418 4106
3771 4657
1945 4151
392 6734
4553 7459
113 3770
971 5294
5698 7482
1027 1635
1885 4336
1674 7099
4370 5727
4380 4410
1063 2541
1677 6400
2516 3578
1739 6564
276 2474
2449 2695
818 1637
1737 6734
5594 6801
435 7428
1440 3702
4792 5215
4918 5815
5322 5783
4102 6888
2389 7427
3601 6372
3757 5215
1639 6629
4594 6467
6690 7125
684 4101
159 7014
785 6015
5704 5804
481 2204
849 4897
5986 6178
4210 4711
4847 6071
2625 2711
2795 4645
2039 6577
853 4018
1389 7226
2574 5673
343 6825
3519 5782
1090 5570
544 6451
1728 3395
589 5035
1157 7147
1236 5910
2226 5190
1221 3025
2049 7305
1485 3804
2260 7106
2628 3994
1476 4741
3189 6738
1500 2171
5309 5530
1222 3497
3813 7065
2123 5648
4720 4948
2523 7573
500 3331
2767 3394
1596 5955
2936 3994
2899 7563
7101 7258
2054 4349
363 2453
3455 5544
3156 3419
2603 4805
264 2355
1163 7305
3726 4376
5362 5918
526 3620
3467 7395
1865 5370
5846 6848
2242 4974
4383 4893
423 6688
1473 4154
2011 7386
5966 6454
4144 6521
292 7588
501 4316
767 5258
4304 4336
2196 6423
2433 2637
391 6753
1115 6773
2882 3679
2360 4898
18 626
2481 6800
1719 1721
4203 7520
498 782
5602 5711
4972 5070
3050 3361
1849 1919
1556 4065
6608 6631
5383 5939
3585 4221
2347 4966
586 7550
481 5512
5986 7518
5439 5769
792 6031
4264 5480
1050 1508
7074 7155
1163 1532
1585 3314
4792 6730
128 2439
227 2084
2219 3684
1529 7545
4403 4598
3561 7595
5023 6891
1473 3943
2300 2526
5455 6107
2979 4308
986 5323
1053 7327
2196 6587
3511 5930
2465 5785
2982 6797
629 808
2445 5204
1866 5009
579 1217
162 7200
6430 7299
4377 7616
5397 6516
1000 2242
1691 6763
4726 7145
204 1351
818 3434
680 4229
897 3798
2834 7349
4330 6991
6335 7514
3141 3268
2848 5924
542 6013
2259 2837
4691 6926
7277 7520
250 1675
2509 5754
1980 5919
141 6320
48 7556
2439 5180
3816 6142
4822 7470
5495 6406
2208 5319
1449 5187
3020 6538
125 1470
5364 6236
5545 7614
5187 5673
4679 5777
1038 5299
180 5766
2906 4462
1248 6954
3216 6680
5873 7032
2189 7488
4338 5501
2157 5469
4693 7327
803 3036
1087 2442
1064 1855
734 2577
2637 4321
7026 7089
771 4627
1336 2258
2998 5646
3264 5812
1175 1740
2322 5010
1579 1770
1951 3184
3332 4832
1579 2404
451 7052
439 2067
4337 6418
5910 7602
1665 5223
448 3758
476 4568
3332 7342
3454 4050
1594 7425
4020 4598
1578 2496
1349 3818
93 1845
821 5380
5374 6275
1015 4516
807 5772
1050 5848
1923 4752
304 3380
316 6119
1103 5730
2984 5886
687 1838
3701 6456
4234 4683
3982 7455
3066 7119
3848 6256
895 6841
3149 6815
2456 4156
5054 5188
1465 3634
1799 1872
4197 5344
4 109
6059 6766
1408 4115
1806 7218
3213 6582
732 3861
1223 5008
2963 4089
1389 4888
3132 4711
6143 7618
4935 5185
3146 7237
4989 7012
617 2820
1878 1909
2897 5517
5229 7128
1067 3364
4308 5977
2310 7509
1102 3879
3631 5133
2583 3065
2267 2319
209 287
4671 4793
3656 6462
2060 4715
2666 4476
461 2147
3192 3636
446 3206
5756 6845
953 3406
5669 6446
1676 6291
1320 1476
700 1897
1189 4150
1201 7385
1460 6532
2740 6934
1135 1430
3969 4822
757 1327
776 4310
3623 5443
2782 5965
2731 4753
3619 7154
1211 3583
4778 4819
428 2993
3901 4723
939 1863
1406 4474
313 1222
187 7535
1943 7348
5289 5426
663 6182
4166 5658
1667 5448
4468 6375
2619 3904
746 7226
3188 5482
5493 6221
3122 5382
1059 6634
3536 6471
5791 7604
2189 2535
1223 5428
3816 6942
2476 4388
3481 5701
1740 7428
5023 5140
1616 3603
4911 6834
961 3220
3515 5257
379 1328
993 7046
1586 6760
6870 7009
491 2883
1215 4994
1012 3231
2109 3703
1450 6843
3976 5474
2941 6522
1035 3738
1967 5391
4522 6752
2993 4322
4018 5904
2404 3946
153 7296
284 1786
2001 2985
6743 7480
4621 5122
5579 6077
2598 4709
6382 7274
1603 6713
3845 6588
807 6558
1293 3373
4799 7429
4548 7463
3598 5068
1383 1729
4055 7572
3046 3278
1750 3504
4567 4641
4566 7596
2472 7554
2354 2367
5560 7476
3678 6725
3027 5203
131 6795
1379 2383
2107 2287
4257 5999
4179 6125
710 723
229 2193
1692 5572
435 6370
1462 3856
1887 5026
3456 4567
1169 2859
1847 3678
1123 7447
4643 5909
260 3904
2321 6516
667 3930
926 1912
2424 3089
3244 6524
1839 2520
2083 4490
308 3265
1369 1411
5580 6325
2973 6882
4396 5711
2705 5829
4762 6835
3296 7595
2742 6997
2315 2955
3962 4839
2440 7496
4239 5755
1431 5193
4473 5115
298 972
1216 3810
4388 4988
3427 5858
3639 3669
5395 7401
5098 5604
5442 5486
5360 5964
1122 1237
4141 5124
1712 3145
228 6607
838 6580
694 1015
2712 5881
1482 2071
4609 6862
1367 4467
1283 3601
1268 7580
2515 7303
2517 5499
1133 5140
2718 6616
3352 3447
71 4871
614 6582
2617 2766
5773 7083
764 5372
817 4173
268 863
4730 6198
4262 7013
4036 5824
132 1605
3041 5261
2116 5415
2321 5632
1984 4389
6697 7476
515 3702
817 5103
1473 7179
1029 4965
2374 4839
3529 5762
3681 5083
2872 5937
5380 6976
5629 6570
2252 7452
2281 4234
914 2711
101 3877
2231 7228
3861 5306
3451 3986
4358 6220
3654 7581
3944 7444
5545 6455
6351 6703
972 6121
2810 5341
1830 6217
2268 2840
3363 4703
2691 2805
668 7531
823 2527
3208 5998
4896 7345
3536 6358
236 3251
3266 5617
1597 6420
313 559
793 2899
1181 2011
1272 6473
741 6771
477 1587
1598 7097
210 4996
547 5965
4802 5899
692 4437
2546 6999
2784 4759
1751 5670
1324 4391
2984 6014
6315 7174
2240 4276
72 3166
5370 5510
300 857
1376 5234
482 7515
5114 5885
6948 7161
287 3998
1810 2161
1497 5798
3367 5772
4379 7135
493 5059
1350 4791
2321 2650
5221 5574
3847 4727
441 4615
6551 6971
1165 2454
121 6100
520 7008
1013 4682
5181 6605
187 515
360 1947
2686 6844
633 2421
930 4236
751 5799
1632 5773
754 3264
1601 2404
1150 7511
1045 3525
2448 3695
3092 4838
3084 6320
1073 4110
3518 6142
13 5683
1976 2528
850 6280
762 811
2203 5378
1727 5994
1204 7145
4761 5520
2732 6077
3858 6977
6159 6858
641 5111
4844 5726
2209 3106
1990 7509
935 3625
1353 7360
3298 5823
6738 6940
125 664
3401 4044
854 1903
3262 5710
2379 4471
4927 6536
2066 4603
500 4522
694 1728
3878 7114
4149 6615
3688 3924
2224 2897
4767 5798
1774 6364
519 6578
923 1495
1489 4183
4633 7502
3345 6395
5330 6700
3303 3581
2025 5272
5834 6516
320 832
2584 2632
6908 6926
211 5859
3109 5649
467 5267
1308 3299
2184 6730
4131 5530
3101 4719
2206 2958
98 3722
2845 5674
4497 5129
2397 7348
1747 6643
3286 6960
4244 6954
4552 6786
2661 6091
6151 7497
4981 5642
1476 7356
562 3098
5507 7177
86 6439
3780 5649
1030 4209
4730 6283
1853 6653
1005 7368
3103 5445
2722 3150
2977 4631
759 2999
808 3933
3782 5886
4279 5677
3469 4332
2946 4152
2603 4432
1541 4028
255 5719
2026 7116
4402 6177
3033 7542
2521 5971
3010 5244
2489 4895
3343 4464
1865 3963
1009 7580
3580 6884
1319 2281
4861 6362
4252 6910
185 3456
1608 7173
1837 6303
3801 4595
1480 6146
2315 4923
610 2733
1579 4023
0 4867
2107 3394
567 5176
2458 3959
590 5831
988 2597
604 2172
1550 3660
1186 3392
6831 7056
2041 3575
29 70
64 4368
5587 7540
2479 6297
1009 5104
4270 6517
2232 4758
3494 6268
2712 5357
5718 7546
6430 7543
1511 5925
2248 3356
1253 5586
1121 4785
6302 6497
3823 4324
6458 6974
1636 5644
394 2479
6205 6246
3262 4641
726 3244
5220 7153
220 5474
103 273
191 4633
4594 5561
1340 6533
4163 5031
2160 6197
1450 3468
2526 6532
2082 7381
3853 7289
457 6761
987 5189
4754 5663
2213 2446
5180 6368
5665 7543
5038 5756
5362 6354
4075 7395
2400 7429
1521 5036
312 5705
4964 7417
74 2131
1048 6370
6491 7535
6878 7055
2245 4175
3501 3738
718 7589
653 7417
3260 6880
5941 6303
1931 3720
584 1385
4684 5264
2644 2966
5362 6059
4321 6513
5324 7197
1581 2066
2743 3775
5805 6745
3629 5639
616 811
1848 3053
1293 7043
1863 3194
3411 7201
5731 5768
2090 3696
3588 4814
1673 3387
6603 6803
3480 5021
3411 4263
2590 3936
1003 7517
689 1986
613 4956
1263 2213
5803 6177
958 3520
5463 7246
273 5034
578 4973
4291 5153
4444 5839
3398 7371
1518 4692
3490 4712
962 5004
2482 4757
4935 6243
4964 5993
41 5321
203 3017
464 1542
1756 5273
61 4227
2686 7498
2053 2970
4292 6769
1569 3538
5403 7232
545 5447
2438 5717
2530 4269
2203 4962
4908 5430
1762 6172
596 3290
3396 4928
413 3802
450 5900
3672 5110
2710 7385
2586 7175
2585 6711
1018 6378
1484 2341
1361 2191
2713 5726
1901 4225
1681 3697
23 4164
2981 5985
2611 4398
388 4453
881 7060
1169 4574
2521 7580
4188 4650
5005 6523
6408 7200
6503 7018
758 1918
1321 3719
781 7232
43 1986
4650 4716
2605 3860
545 3474
1880 7256
4377 5894
5316 5642
112 3808
851 4021
1735 7580
2338 4088
516 3767
3171 6219
1792 3494
3627 7203
1773 6379
2855 6404
1624 1716
10 6464
4279 4850
119 249
1980 3087
1390 7594
5048 6364
351 1135
4300 6453
7338 7433
1958 5124
355 7122
1468 3577
3023 4549
1963 2962
217 4786
1405 4233
2216 3137
5469 7362
309 5329
3734 5613
847 4152
4078 7081
505 1508
6348 6593
3715 4737
1312 2203
7135 7536
1715 4608
353 918
614 1433
4035 5079
3015 6605
6442 6907
5974 7369
446 2794
2403 5492
3780 5528
4448 7204
1558 5419
995 7174
1954 6475
1644 5253
1646 6546
4916 7557
1060 5745
347 1896
604 1055
3045 4985
3885 6080
1365 6813
3294 6934
4279 4783
1999 4172
1721 4725
880 5245
2110 6581
836 5036
4932 5288
3497 4113
1562 4544
1825 6798
3961 5826
1484 4648
3366 6146
6436 6449
1292 6140
728 4836
4955 5520
3848 5692
376 6444
924 2643
4627 5158
2655 7082
2788 3087
2854 4425
765 3855
5561 6641
3287 4652
1468 2126
509 6235
4365 5419
235 5747
4080 7178
26 5311
1322 1839
6400 6774
5752 5836
653 4607
2579 6606
4798 5249
4692 7615
5069 5229
7103 7611
834 6316
5055 6661
3239 6403
111 6693
1220 6447
3546 4253
2161 3145
5862 6394
1964 3489
2354 4381
657 3839
4032 4859
5030 6805
517 4142
2589 6751
2034 5752
1357 6524
2979 4486
632 6825
4232 4925
3193 7610
4787 5378
186 4002
2635 4602
710 3790
970 1093
1472 6275
5750 6798
1253 6833
3665 4510
3645 6819
792 2720
4651 5930
296 5589
1406 1990
2399 2693
2326 4366
2370 6456
848 4093
3374 6064
596 6070
1782 2233
1085 7163
2030 6621
5360 7009
673 3525
46 645
660 3016
563 3806
382 2579
4788 7223
2442 4159
3083 6809
2537 4576
4696 5057
2805 4718
3418 3932
4837 5798
2737 5116
1966 4488
2821 3678
3221 7405
4335 5554
5614 7229
83 6227
2514 2593
3166 3967
2006 5669
86 6160
2394 2398
1626 7052
573 4035
1109 6859
1268 4567
3478 7312
6395 7068
54 338
352 3642
1515 6954
39 1353
6547 7161
850 2917
763 4104
1021 6185
1414 6367
2344 5021
2901 6999
4020 7063
1145 1745
2539 6862
2162 6010
3335 5213
147 5718
932 6744
1453 3250
2079 2561
2911 6368
3536 7475
1755 4788
1393 3057
2639 3000
5062 5731
239 1408
3640 5079
406 7360
59 1267
3933 6949
565 4325
1624 5889
2878 3915
3800 3966
365 7563
4194 7615
2071 3159
1497 4586
349 757
1981 5811
947 1935
486 988
1244 7390
5279 6202
6510 7546
6430 7309
3250 6159
18 1716
7312 7385
3760 7377
1717 7243
4559 6686
480 6907
814 4077
2329 4322
557 1134
38 5062
6032 6751
3474 5893
2485 7116
1859 4217
4594 5576
5598 7270
5999 6077
2741 6748
1107 1918
2892 6710
2509 4485
5768 6385
737 5959
49 6873
1543 5376
722 5897
4730 7402
3987 7428
4781 5767
415 6379
5692 6368
808 6393
2218 7225
565 6610
3232 7159
4195 7565
786 4166
3780 6089
3734 6749
2924 7295
6521 7320
2923 6860
188 411
2730 6996
612 3534
1879 1975
383 2162
819 2256
2008 2612
956 4613
4094 5784
3250 7050
4641 5157
2950 7102
2861 3625
663 3434
959 2428
2370 6808
988 7140
98 7133
556 5858
2257 6977
4653 5165
1485 4000
1411 6912
250 1481
6410 6927
258 4102
4118 4241
3359 7422
1548 5692
1069 5812
6042 7267
2709 5587
1287 7240
671 5621
4045 6875
1769 5078
129 1742
2811 6970
4725 5055
425 1591
662 7311
3537 7490
453 1822
4313 4686
4368 4897
3051 7237
3500 5286
2138 4857
3585 5087
883 6874
217 4325
1522 2916
6381 7526
1639 7195
697 3507
1600 5322
3933 4060
2223 5396
100 475
1250 4796
3481 5937
1015 6584
1638 7041
1196 6661
1488 5472
4396 5702
2080 4179
1764 2538
2772 5617
5540 5733
1708 6279
1026 7215
6227 6613
99 2079
5086 6174
5974 7469
4949 5403
2280 3519
2578 6964
567 4195
28 1188
2227 5706
2556 4948
4408 6238
1088 4911
3054 4825
1147 6806
2147 3144
5677 6982
1690 1961
2599 5303
2544 4982
2534 6509
708 1806
2010 6997
1949 5438
3346 4881
1453 5185
5254 5590
1418 1634
2382 6529
210 6639
395 1804
3999 5018
4467 6170
5221 7355
449 5649
1163 4207
47 6800
3406 5974
1287 4750
2132 7583
4049 7043
4087 6115
1615 5067
770 2817
3387 5014
2300 2524
4757 6795
3841 6665
3554 5783
1344 7051
941 2430
842 7416
2822 3587
4308 6065
917 6471
1516 1956
3248 6592
2865 6664
2707 5291
339 1335
1420 7000
406 4001
1900 5519
6194 6514
3647 3928
3968 7384
215 2617
2310 6449
40 6624
2534 3675
3328 4121
3446 5113
458 3485
674 1165
396 3927
2513 6877
5232 6644
517 4767
2688 7392
2059 3666
533 7380
768 2894
1257 6674
1773 3261
6143 6830
3319 6026
1594 6346
1903 4257
5759 6434
647 6472
4514 5758
3128 6012
4756 7087
3745 4431
877 6160
96 6917
3781 7462
3786 6388
1174 1347
5912 7277
2918 3605
3544 4354
2137 7594
4396 5169
3567 5960
2277 3608
2160 4996
7 2115
199 442
1007 3770
341 5933
1160 1844
2954 7611
1296 2645
2698 6876
6672 7376
1287 4289
102 2494
2183 5001
4865 7331
4478 4866
6155 6589
968 6190
3756 7584
405 6596
4488 6405
4461 5827
3426 4140
2910 6456
2447 6179
448 1018
3068 5688
1119 1476
1971 4348
1013 4228
709 2437
2603 3142
3326 5166
4312 5022
1955 4784
947 7226
339 3433
1384 7254
1372 6737
1909 3806
1916 2389
1260 6138
55 1865
1544 2976
1373 7611
1233 6026
638 2520
2914 5423
2758 4070
2310 2736
1605 5622
1589 5496
4628 7153
981 1329
612 4841
2541 6383
1749 4821
379 6960
2429 5755
4989 6777
1753 2097
1564 2243
1262 2929
3084 7168
1819 6756
545 3433
2755 3023
2590 4163
5138 6409
153 7120
1838 2456
1865 4661
1760 6574
7097 7220
2040 5712
4950 7371
2593 4044
3261 4082
4075 6364
1729 6592
4922 6378
677 4245
890 6449
2260 6136
496 4470
4136 5831
891 2288
5680 6153
2425 2815
787 4370
452 6325
5460 5910
4509 6783
1937 7475
583 6749
6327 6885
4349 4819
3581 6437
1880 4700
2221 7339
5005 6283
1086 2119
391 1853
3305 4159
252 460
4151 5003
2387 3168
4099 6870
347 5997
1471 7024
44 2919
4721 5062
687 4359
3088 3858
3967 5937
3461 6071
710 5315
2975 6208
1890 6299
3234 3632
2089 6234
5199 5448
1459 2449
1991 3649
2458 2526
1332 6783
3793 6445
1420 1911
2478 4007
1468 7552
229 5014
1753 7331
2630 6976
952 2450
4411 5370
3047 5692
3095 5688
2331 5993
5884 6278
6204 6344
1293 4958
1240 3859
6074 7192
321 4739
4261 5921
3039 5189
2358 5714
3426 4194
2609 6897
6424 6680
2285 3955
4192 6126
1086 1212
5811 6338
2180 4590
3376 3514
560 2098
634 5247
3152 4203
6884 7073
2435 3034
1232 2582
147 2344
1709 3573
7075 7209
5315 7578
1662 5342
1144 7113
3447 3733
2547 5171
5187 6894
1273 6263
2189 6757
4771 5141
3219 4355
4287 4898
1084 1798
3420 6126
1754 5455
1045 5637
1559 3703
4723 6450
1256 3985
5121 5153
3146 7495
3205 6832
1219 3300
6036 7146
337 4627
1487 2254
1001 2226
1762 2698
4979 5076
4137 4306
6601 7203
532 755
4880 6149
2692 4563
1830 5120
618 2503
1556 4721
4773 4795
1267 4411
3061 3717
710 6723
961 2229
2800 5703
3602 6602
2653 5689
5883 6746
2397 7189
2749 4522
3877 5524
1962 2530
662 1604
2811 4237
273 4167
642 3422
446 1486
71 3542
3971 7240
11 764
5886 6326
425 7021
1229 6403
866 7467
1730 5992
2763 6210
967 4539
301 5596
373 3798
1580 6316
1066 5457
2750 5809
4755 4836
1778 3991
3204 3404
815 5852
1364 4583
3142 7258
5443 6668
1931 5633
1031 4971
95 2883
4327 5329
1566 4532
3724 4042
1087 4846
4564 6989
631 6833
2554 7562
1662 6524
502 5163
1150 6774
4481 6666
2386 4005
1494 7239
4604 6048
2081 7505
928 1036
1796 2027
1434 3742
5346 5481
3904 4672
3126 4391
5760 7355
716 5030
2359 7184
3252 5696
2872 3367
2758 3530
1126 2719
2841 3159
4220 5179
66 115
3618 7334
4117 5416
3286 6911
198 6173
4003 4617
1425 2378
2428 3325
3172 4362
3631 6085
4954 7607
336 2750
2553 6066
158 2004
2414 4123
836 6143
591 818
6206 7103
1881 2882
6989 7171
4727 5055
2303 6394
5154 6263
2999 7597
2754 4079
1669 3458
782 4304
3456 4095
6401 7160
42 7258
46 3833
2560 4450
1280 3898
5451 5594
3327 6559
4575 4950
3108 3716
3120 3454
145 1724
6875 7010
932 2201
1047 3446
3719 4329
1518 2481
1587 1742
16 2748
2519 7460
760 4852
5167 5711
2930 5709
6104 7445
1021 1023
2139 5570
4629 4640
3241 5492
2139 6004
1932 2360
1215 3122
372 1156
1554 6307
4065 5993
468 641
4966 6521
101 2966
6598 7326
3339 4472
3876 5184
275 2772
3461 6216
1679 4294
2275 2992
2552 3636
746 1241
1638 6741
1348 7492
2797 6598
727 3216
2349 3533
558 6663
5380 6240
247 3264
1400 3390
2919 7545
518 7097
1938 6671
6121 6780
4094 6705
5588 7007
962 3804
2450 6572
534 6224
5333 7028
3522 4913
1097 6215
652 952
3856 6432
2876 6200
3046 6584
3543 4051
3212 7357
601 1450
1669 4631
6582 7447
1578 5769
1634 5430
1021 4432
3147 7550
1047 5542
3613 6065
2107 7286
28 167
642 2567
1392 3653
474 755
1627 4975
3525 7142
1811 2567
4571 4889
2630 5092
2236 7123
1758 6644
1812 2329
6028 6162
4732 5840
470 4174
5608 6445
2377 5198
6665 7415
5648 6886
669 1537
5396 6362
1087 1166
6711 7196
6218 6619
3905 5135
3230 4142
3193 4778
5117 5270
1922 2516
3864 4309
5106 6449
4802 6585
261 6007
389 4545
549 4713
1590 1872
2099 5370
4635 4947
1772 5111
2907 6294
5096 6950
6009 6856
2887 3986
3662 5225
1009 4733
2327 5039
7359 7527
118 3446
1944 5328
4224 7065
2541 4356
3124 4596
1361 5812
5411 5883
2319 6469
3053 4068
4007 6851
516 1593
3955 6920
186 5141
1301 1438
4159 6287
4708 5703
3269 3728
1604 5907
1823 5988
2268 6803
6486 7387
2543 4258
814 6535
1495 1860
4750 5407
851 4744
1224 5016
2861 3576
429 1747
314 6017
4462 6779
2717 4365
2917 4609
3969 5382
1068 5949
69 629
897 1398
3068 7199
420 6387
1107 5866
3268 6917
837 5407
9 3780
6646 7253
1805 2334
596 3374
3980 4664
2381 4497
2415 3710
3635 6090
6340 6809
1263 3369
4704 5132
4197 6700
233 2976
458 4211
4048 5920
5473 5934
1710 5902
3437 4515
2860 3982
3492 6140
5139 5971
3114 5870
2635 4024
3060 3237
900 1249
4200 4252
4277 6304
874 2272
2018 5036
4765 7019
3145 4705
701 6036
2 1162
4137 4418
2767 6880
1972 2008
1434 3771
235 1032
7 6755
4273 4599
56 7039
90 4975
74 6734
1407 4554
4174 7343
4008 4822
6591 7551
3748 4881
573 2459
4055 4696
2107 5330
1907 3080
5892 6567
3005 6806
6894 7202
2673 5857
1368 5170
2741 6476
5349 7302
3783 4826
3658 4471
3578 5215
4170 5003
1206 2563
1520 6117
466 789
5310 7511
1407 4741
609 2288
316 7098
1904 6687
5046 7614
243 3199
3391 6701
4121 7574
421 2554
1314 3392
3089 6241
1793 7099
1158 2885
3585 7317
731 937
1194 1499
4652 6504
403 7314
582 2499
2572 7470
1616 2817
1108 6720
5359 6922
354 3664
6227 7367
4296 6996
2456 6100
1292 1862
594 979
2931 2942
2580 5611
188 1713
4151 7069
5746 7491
3273 7496
4610 7263
631 6377
3950 7080
3946 4908
1740 7548
5939 6792
3838 6041
4845 6815
5531 5552
5929 7078
307 1143
1392 2945
5297 6184
3976 7003
1278 5720
4746 6990
2142 7119
1310 6857
5052 7449
5854 6120
1446 6147
1071 4895
4221 6499
901 997
486 7612
1690 7216
489 6918
847 3013
1553 7165
485 3805
160 5398
182 5196
489 5624
1001 1145
5845 7531
5690 6223
381 6568
449 984
1642 5080
1430 1756
1255 3129
4904 5996
677 6018
6248 7101
3294 7568
844 2987
854 1600
2078 3084
3268 5932
4645 6488
2634 5830
2734 3883
671 990
4409 4544
5221 5770
4491 7223
4264 4740
1092 3297
1804 7250
1631 5802
3606 6599
2329 6556
4587 6239
1621 6037
216 5945
4343 5114
1977 3779
3485 3670
461 7222
2128 4716
3199 6111
986 5146
3845 6705
54 5928
2206 4679
6610 7159
2536 5897
1070 4348
541 2349
1178 7084
615 1498
1022 3584
4987 7420
251 6287
1841 6705
7038 7113
3663 5140
4167 7569
408 5974
2667 7612
3959 5894
1190 2327
5287 6689
1616 3196
1780 7497
6422 7481
4461 5159
4358 6781
968 5220
5042 5582
4946 5466
700 6715
5493 7278
26 6313
1484 6655
2099 2402
4143 6081
1974 2668
1934 2867
466 1666
2289 6563
917 1998
286 5602
2565 4531
6457 6685
547 5795
3890 6711
2076 4603
963 1910
2490 2639
222 5079
4713 7263
280 7224
216 2332
273 426
3720 6617
2527 5480
3122 3472
6279 6385
5287 5543
2201 3931
3856 7245
211 4825
6028 6076
485 1641
6606 7229
3117 6329
2143 3055
3842 5331
5052 6247
755 1606
2254 4332
338 5343
961 6425
665 6631
2372 2921
1597 7183
6670 7418
1093 3676
2164 2895
1615 2918
66 5571
5388 5778
412 4824
865 3744
3792 5392
3843 7591
1467 4508
226 4745
900 1847
772 4899
2420 3791
1274 6510
3093 7394
3011 7510
280 375
576 2114
759 4418
1913 3906
6092 7196
4264 6566
6996 7169
1771 7086
2863 5279
4395 5395
231 1465
2453 4952
4101 5970
1020 4448
94 6117
801 4552
5467 5910
3907 6840
3551 7594
2435 6138
4207 5875
3474 5412
328 4011
2756 7180
1527 5038
4046 5599
32 6712
1406 6985
3235 5211
2781 4109
4638 6777
1497 4183
4266 5181
64 1784
323 4925
341 2191
203 4233
1931 6464
442 4197
430 4736
1535 7413
334 2889
990 7424
1349 2218
929 6202
1197 7379
6685 6798
5338 5798
5427 5922
62 5676
5070 7052
74 3616
3421 4103
3747 6163
262 1462
5513 6227
1136 6524
2838 6032
148 2926
3751 5659
1179 5633
2485 5261
5708 7057
2201 2862
2266 7206
1383 7446
425 7191
1362 5378
1850 6411
131 6971
1924 2508
4182 4300
4039 6848
13 1391
1319 6049
888 7114
560 2835
4262 5509
4210 6526
5549 7197
1298 3298
1734 3570
2488 5987
358 3455
1885 6132
4258 7504
2759 5397
369 4126
2551 4478
6830 7404
5070 7268
220 2081
3652 6845
1922 7347
2270 3507
5586 5770
1781 5116
1651 7377
2125 4111
3561 5275
3481 5086
1631 5442
879 3350
559 5440
2349 5040
5455 6418
3301 3589
2912 6181
1728 2680
1720 7218
893 7482
1604 1935
717 7220
106 5732
288 2662
5136 6935
633 3187
708 4265
1519 7378
4181 5419
2252 4755
4356 4886
2090 2881
645 2160
351 1602
833 3821
2932 4015
2022 3081
4689 6527
4404 5818
2898 2949
2605 3323
2875 7351
1344 2747
5137 5217
2650 4987
780 2534
3271 5142
2041 5973
430 4216
926 3925
1961 6947
2223 3191
1429 2054
3864 3866
1067 5745
732 7292
1181 6239
2869 5119
1559 3271
87 1355
1416 3527
2326 5685
243 579
5478 7620
149 2947
3956 5152
3823 7170
1393 3447
6413 7171
5175 7485
375 1222
243 3721
4073 5525
476 7396
6494 6504
756 6890
1278 4597
2749 6676
2830 4895
1593 1688
4157 5944
281 7308
2573 2981
4774 7510
611 1610
4194 4651
1290 4430
3576 7524
2297 3341
935 1840
1899 4071
633 1652
7203 7567
2399 6093
3047 3663
2001 3457
3056 7595
35 6508
1666 4438
1198 3712
1490 1507
6736 7329
319 7178
5103 6651
4566 5131
617 1163
103 6233
3956 6070
389 4299
1635 2164
149 5003
5689 5990
1136 7132
4212 4602
345 7037
425 5017
831 6580
359 4572
3923 6509
4269 5121
1565 4554
4 293
2155 3184
1969 2422
4614 5867
4642 7561
331 3695
710 5846
2721 6507
5825 7394
970 4064
1163 3061
955 7148
3469 5160
974 6306
646 3377
2008 7386
3477 5608
4206 6505
3347 4923
528 3180
6852 7421
1614 2379
241 704
2853 3857
3577 4709
1409 4861
2768 7557
293 2238
2491 4396
2162 6798
2960 4212
288 4274
2888 7272
1008 2229
1058 6856
1271 2433
6412 7392
2834 5076
5675 6162
2155 7179
1460 6629
5844 7075
3815 6067
2474 4472
2129 7394
3224 6377
5312 6910
279 5138
4076 4794
558 3885
5195 6997
4955 4960
6696 7019
698 5727
1637 3487
3664 4912
4537 5162
5542 7274
329 5341
113 7409
2018 5905
487 6477
6896 7570
698 1491
2380 2779
3117 4855
6054 6987
3286 4047
661 3692
1687 3586
4458 5521
2374 7579
1216 4015
1990 2949
1708 6821
5043 7478
2806 6354
1589 3916
155 6922
4089 6157
1012 3709
2247 2400
2522 5871
1456 1683
2340 7081
2986 4014
7102 7121
5994 6456
1906 5540
436 3261
862 3997
4667 7565
1164 3240
467 3274
245 2738
5701 7590
5956 7538
4438 5764
4425 5535
1473 3419
2930 6514
2837 3347
6247 7462
234 5758
1054 5498
2497 2551
7165 7236
4224 6402
2121 3209
3691 4300
5123 6530
2165 4710
1262 2146
1853 5214
736 1214
1233 5139
4542 7177
3269 4510
2555 5388
1931 3195
2415 6213
1046 3219
160 5568
7076 7504
1203 3090
5239 5848
1522 5731
478 5622
5274 7310
383 2086
3526 4138
1131 6347
2164 6622
3357 5892
4067 6868
3947 6602
6555 7432
231 2046
1292 4159
2366 7454
457 4385
2211 3134
4819 5360
1146 5845
925 6099
5385 6357
4735 5634
305 2207
475 6421
4857 5706
1029 6279
316 7108
3374 3638
2075 3068
1618 2801
3430 6141
3329 6102
6043 7270
3634 4521
39 4697
1340 6646
441 5410
5046 5874
1683 3090
1200 4909
5677 5812
146 1396
1020 2898
1456 3448
539 594
3778 3807
5159 7140
1361 5624
725 992
618 2474
53 5783
4357 5405
1197 1979
3908 6689
3059 7167
5089 6408
2364 2417
5376 6945
2247 5926
4688 7164
3497 3557
6598 6743
1797 3100
506 3106
4990 6731
5473 6798
5606 6593
4310 6695
916 5213
4949 4972
871 3381
3500 4847
1715 3411
3448 6041
3339 6396
58 4897
453 6824
4055 6999
3008 5726
5827 7202
1038 1129
4557 4789
301 5066
1828 2464
1066 4372
1180 3743
2027 6825
3518 5952
1013 3395
526 533
3316 6505
655 4385
2993 5121
5371 5689
647 3189
1475 4276
810 1313
1590 2625
2217 4085
3710 4962
531 6341
4095 6793
3567 4629
2144 2163
3005 6112
216 5894
2880 3450
64 4459
683 1276
2121 7412
1662 1874
1398 5122
3375 5465
1889 6312
3100 7479
2713 4673
4870 7000
1579 3310
3112 5446
452 5413
2217 2711
2721 6321
4111 6235
2999 5775
674 7127
1261 7013
5225 6233
3917 5791
698 2184
215 7334
5354 6612
2315 3876
6892 7553
5638 7600
1072 6208
1678 3665
3326 6918
1640 3538
1510 5557
67 4223
1637 2476
1980 3421
4152 4679
336 3392
3588 7502
2830 6814
5139 6403
2080 6994
1431 6452
593 4901
5341 7364
6737 7568
1359 6161
4264 7550
2716 3649
475 1156
5113 5516
151 5514
2702 3860
75 944
2975 5984
5615 5974
3579 5957
4809 6980
2367 7268
804 3150
2445 3463
1945 5475
6271 7514
1790 6368
2504 4566
2207 4304
4495 6221
2191 7089
420 5000
3416 6725
974 5028
686 5792
2922 5525
958 5195
839 3138
2373 4463
6873 7037
4560 5583
177 2522
914 4636
1104 1647
1597 3577
188 1634
124 4633
2280 5130
494 5452
3300 7303
1713 2373
2204 6964
494 6476
1788 5834
223 1512
5088 5912
4497 5715
2113 3827
1660 6908
5345 7120
2122 2969
417 3507
6896 7575
5207 7376
3845 7142
5711 7507
4227 7379
5596 7085
4342 7583
526 7335
3156 4101
3080 5998
5916 6643
5656 7247
4911 6945
4580 7393
4711 5016
2977 3150
2769 3821
637 4539
631 938
2397 7142
159 5491
5377 5425
1165 1376
5660 6552
133 4857
3030 5039
991 6152
1725 4899
1252 3597
63 1313
4946 6792
1833 6765
5896 7562
3982 4173
2684 2710
3003 5945
209 5736
5403 6854
1113 1324
130 1065
3911 7372
253 7106
2889 3197
4038 4636
2992 5949
3906 6116
3317 5947
1597 3705
4842 7218
3525 4944
1567 3465
2469 6774
4212 4921
1017 1170
2590 5680
3723 7464
5365 5376
810 7564
5724 6121
761 2404
1166 3933
497 6573
1616 2850
6338 6711
1030 5539
988 4599
2519 7582
2290 6040
4488 4767
1027 1637
5311 5596
704 3564
3821 5557
5391 6539
477 3115
84 2691
2936 7182
1970 6334
2025 2791
922 3622
3983 6957
3371 3379
2154 3411
2061 3943
1209 1762
624 7286
3349 5524
2934 6557
1869 2336
3367 3726
5173 7016
702 6725
377 7236
4874 5151
3544 3714
1070 3682
1349 5591
3932 6378
636 2719
2894 3986
1127 3511
2710 3019
906 5243
3871 7473
1492 1811
140 5925
2801 7413
383 1504
2787 4031
2159 4640
4066 5398
1815 5348
2951 4774
4224 5766
5456 6708
1092 2220
2597 6756
302 3601
2066 7070
102 7212
5548 5966
2662 6895
2642 5414
3529 6238
2960 6821
2749 4629
2281 3195
1800 3822
1378 4528
1451 6220
1795 6931
1437 7246
4082 6401
2432 3355
1410 1796
3416 6173
4732 6702
3236 4619
4175 5560
2365 6929
3943 7397
5347 6541
655 1520
1053 7466
1109 1666
147 6838
4049 7167
2641 6182
858 2821
1334 2389
1862 5974
1295 5251
614 4886
1291 2043
6342 7362
1524 7247
3801 7169
2680 4733
3143 4750
3765 5641
3462 5362
2993 7483
4837 5865
2838 4138
1295 1574
5193 5726
2434 5017
4558 6490
1627 4812
734 7294
343 5076
5789 7381
1217 5023
1376 5222
3413 4624
2706 7065
4426 6305
2474 3388
911 2484
1832 3856
2192 4556
2947 3350
3118 6797
2781 6262
2805 4967
44 5519
818 6437
2374 3056
1308 3133
2304 5466
2032 2282
2621 5138
1118 1175
3937 6405
1508 1931
3091 6345
236 558
6059 6668
2817 5615
4129 5133
7058 7102
1025 5070
6808 7525
5536 6000
720 2070
965 4014
3598 5656
6005 6770
6917 7134
3407 5549
4297 4800
1922 2109
310 1262
147 5608
1801 3713
1153 4504
2426 6629
5135 7028
4579 6282
4773 6567
3163 4224
327 2923
1933 5952
2875 7474
1696 6855
1484 4489
1092 5517
6264 6731
5188 6871
1187 2608
2206 6513
5292 6278
2089 6963
2724 4415
2543 3450
2622 3637
132 7323
395 3630
7102 7340
1427 2628
1868 7379
5415 5707
3834 6221
1288 4130
5498 7033
501 938
2664 5796
364 3325
2526 3161
2092 6985
6690 7612
1315 4172
3243 5040
1793 6582
2012 2804
4328 4835
4222 5019
1866 3873
2629 7373
5597 6670
2158 5192
4867 7023
349 475
6482 6816
4877 5907
108 2949
3693 6383
598 6543
2699 2985
5500 7546
2464 6750
4600 6154
2324 4189
701 5358
5591 6313
3247 3310
2174 6591
6096 7344
6436 7379
1414 4636
1468 4444
2943 6184
5583 5729
2366 6800
6054 6109
3317 6494
5297 5901
4377 5736
6703 7124
5722 7425
45 3181
12 4655
2847 7516
96 2442
2261 6396
2412 6097
115 1779
1432 4477
499 6245
931 3472
1299 5640
220 4832
1589 5355
2949 6626
930 6012
4546 6865
2966 7584
3596 4248
2304 5001
2999 3541
497 4597
2283 6616
2312 2574
4283 5308
6099 7330
1931 4206
978 6205
4106 7278
831 1796
3669 5463
4758 5582
5507 5543
566 5102
6911 6979
2389 5860
1125 1332
4481 6792
3033 4286
4958 7615
4750 4831
2928 5036
528 4399
3570 6791
5529 5699
2162 6943
3577 7550
252 6333
291 4719
2424 3925
1328 3793
1503 3101
2008 5088
6222 7053
1069 5803
107 5601
762 4771
1410 7413
3889 5283
1671 1672
4902 6929
1249 3648
1455 6113
2544 6174
4707 7248
4912 6640
4767 5264
4593 5173
3643 6703
5342 6084
5253 7440
4356 4692
267 6570
5878 7596
1831 3906
885 7391
1338 6562
5389 7403
1044 2782
2587 5972
361 4310
5953 6739
5364 6179
2156 4328
6942 7148
2980 4960
2709 6483
1936 3845
2086 5945
81 5660
5024 5222
1740 1752
4112 7131
5217 6162
3481 5332
4949 5065
1440 7428
3709 4250
3255 6760
406 1582
4707 5978
5493 5771
3732 4145
423 5734
3023 4962
4693 6002
942 2546
1254 5574
186 3642
239 3216
2834 4479
4698 6475
3273 5780
2371 4257
1148 1997
230 3812
975 3050
5306 6446
1362 7055
1703 3105
1414 1582
4958 7537
5232 6878
1415 6829
1876 2118
2625 7293
4728 5605
3226 4037
2560 5772
140 1382
5563 7377
1409 6636
7175 7256
188 7310
2974 4421
5916 6802
1160 7617
4693 5930
5254 6567
804 5128
4375 4785
2113 4539
1816 5698
1879 7128
4557 7070
119 2585
2600 6435
2970 3450
5217 7037
2289 6905
325 4998
337 6994
3195 4182
3772 4413
500 2795
3277 5987
900 7040
2598 2656
1152 6709
5658 6443
684 3393
5349 7555
587 919
4885 5596
1577 2617
42 6289
2205 5594
3285 7023
6784 6837
3005 6976
3290 4022
428 4129
376 2517
2238 2707
1232 4527
3476 4052
4336 7355
76 7431
2374 7499
503 3286
499 2442
3105 4132
0 498
3307 4491
3191 4233
2409 3365
2809 3602
913 7408
476 3486
2329 3647
227 1965
4375 6732
939 5994
175 620
2885 7246
1583 3993
3206 4657
2785 3134
6334 7552
1215 2938
4969 7492
2135 7341
1210 4124
3373 4829
5952 7215
1744 7615
343 2606
1717 6878
6155 6315
3021 4445
5553 6650
888 1230
3905 7615
4896 7097
2724 3212
5678 6570
1353 6728
1201 4156
898 5403
5313 5837
5134 7216
2685 7076
242 5696
799 6193
1251 5864
4311 6697
2919 6578
2657 7019
585 858
1779 3166
6442 7616
4848 5061
5834 6645
5163 7402
2181 7157
4343 4563
805 4404
994 2045
1548 2788
403 6066
1894 5191
3139 5668
430 3602
3595 3768
1784 5780
2652 4045
3302 5654
3279 4257
2367 3347
6574 7503
1063 3204
2965 3527
2380 5634
1251 1875
319 4260
1151 1623
5977 6796
730 5695
3879 4026
1459 4717
2851 6280
3135 5904
2724 5911
6582 7207
577 3508
3065 7542
5027 5985
2483 2659
4356 4820
1923 3791
4496 5995
309 3900
897 1974
6775 7000
3591 6843
4691 4870
5774 6135
3471 3722
4882 5070
5547 5562
6672 6941
2875 3175
1474 7452
1055 2956
1917 4680
644 4813
3631 5042
1193 2575
2122 5861
3766 6374
1773 4824
1573 2106
802 6552
3071 4928
5120 5598
961 3855
4184 5208
2289 2540
3067 6847
4472 6914
188 7131
934 6364
71 3750
5531 6077
4172 6566
1901 6792
6685 7462
863 4362
635 4002
2357 4904
4014 5199
357 6482
4811 6159
3305 5254
6223 7199
4354 5331
1552 5427
4111 4115
1271 7170
1415 5148
1081 5210
1407 2160
828 6368
2615 7055
6257 6595
4653 6192
1115 2337
5436 6558
2120 5042
728 2232
108 5752
905 2169
149 4848
2816 3066
2175 5937
2401 5723
106 3093
2581 4491
864 2866
2051 2824
750 5179
2383 2766
1566 3342
3014 6849
4114 4390
1594 4371
4383 5725
3845 6848
209 5807
2622 4814
2423 3615
5077 7372
2074 6583
2896 5899
303 2703
558 1003
1690 6528
5824 6667
651 7112
5595 7561
4167 4420
2398 3199
2399 3689
3887 4034
87 5113
5488 5884
2570 4666
335 594
2378 6103
100 2105
4393 6121
2116 3839
11 4300
2149 7171
2468 6556
4266 7072
825 6494
4373 6884
313 1363
1777 5785
1673 7532
5458 7038
250 3280
5052 5395
4463 7550
938 7591
2893 5074
5297 5615
823 4299
5346 5442
6832 7228
634 4820
2512 6705
526 5619
471 6625
662 5037
292 7474
1358 3963
2925 6622
2612 6105
1632 6567
34 3248
5137 5371
5923 7246
5928 7156
5992 7487
1799 7593
2074 2485
383 6307
1430 6581
3396 4846
2138 2581
3066 3511
5367 6506
3426 3586
6756 7461
2228 5127
1389 5558
2985 7192
1295 4887
5121 6824
1902 7262
3034 6644
2526 4730
613 1393
833 6102
721 5013
80 7598
3886 4433
1087 6574
702 6522
522 2599
4389 7586
3844 4794
3941 6971
3070 3835
4070 4283
2676 3219
42 298
2169 4765
148 2621
3248 6223
4277 4284
3956 6233
4094 5939
1289 2302
1336 2755
3732 3733
863 1659
4448 5413
1546 2019
5968 6625
2708 3076
4687 6608
38 5084
1428 4137
5119 6307
518 5412
1982 5454
41 440
168 7227
6139 6895
6234 7185
435 2032
3634 4462
1428 3182
314 1948
541 3726
3724 4834
3420 4525
253 7293
3456 5363
1394 5319
1291 3898
3571 7580
2271 5961
2841 7066
5258 6418
5591 7164
2587 5186
188 6386
588 3261
2775 2904
2341 4164
4195 4549
5823 7363
1340 3622
4623 6174
597 4878
778 3723
1114 3377
1498 6560
2055 2470
5205 7178
881 922
4839 5666
1108 5630
203 6364
3719 7036
3292 7058
882 1498
2355 7423
1106 5621
3266 3381
771 2222
3538 7447
1146 3506
388 1084
3297 5499
426 1563
2474 5546
4660 6428
1545 4904
2536 5054
2018 4928
5342 6344
197 5523
4991 5214
388 3618
3559 3863
4769 6993
1328 2093
2478 7373
3943 6832
2170 4021
5098 6451
3897 7023
853 5362
783 1405
3236 6185
205 4460
837 5688
142 3632
3756 5651
3561 4825
2048 4035
3565 5817
2267 4451
2893 4666
1159 6425
5802 7351
3170 4636
2913 5905
7447 7612
177 6083
1433 4596
3494 6508
6417 6835
5088 6676
3245 5014
755 1580
4693 5004
6982 7552
1605 6767
240 7149
3066 7277
4453 4668
1409 4702
946 5085
5695 5921
6515 6852
126 5247
899 948
2212 3980
3165 7583
5887 6383
3959 6382
5369 6959
2250 3174
1846 6136
1687 3803
2483 6323
762 1752
852 3660
2826 6480
3084 5851
3930 3949
4878 6187
1096 7418
5069 5700
293 7436
1231 5624
1937 6697
2744 2939
4384 7566
1671 7407
869 7305
3171 4854
555 7521
3807 5484
3325 6158
1123 3911
1401 1705
4350 6815
5613 7094
5000 7536
4485 5073
258 4394
2874 7396
2043 2938
2962 3932
3702 6811
4057 6110
6912 7315
992 4715
2470 3737
462 4926
2946 4892
5018 6777
707 3480
210 1101
2630 4398
2456 6427
3926 6019
994 2884
159 5131
2974 5064
3695 6139
4894 6368
629 1328
4095 6881
2953 6512
4302 7273
870 2621
5419 6100
3083 6824
4338 5991
5795 6255
5484 5680
1253 6188
1457 7434
3272 3586
804 4949
2193 2904
4023 6208
2940 5231
3679 6404
5597 6580
5776 6463
884 3715
2205 7609
2068 7395
2473 6903
2270 3642
611 4854
2733 6556
182 5225
2640 3351
646 1597
1425 4841
2963 3495
34 6028
2811 5962
763 5887
4705 5758
1975 5971
5287 5583
2308 5969
473 7561
2553 4098
3714 7043
1741 6696
2562 4860
191 6840
3256 6764
5412 6892
1232 3549
2984 6759
6115 7413
1409 6804
822 7093
3330 5975
2952 6387
2968 6121
965 3656
3540 6903
975 2351
1440 5379
6163 7342
3207 4827
358 471
130 4005
1750 7080
1481 7005
2074 5986
4823 5571
3289 5604
4063 6019
4952 7588
4653 7327
960 5370
1217 6323
3170 3443
2810 6849
10 3027
3582 5617
3709 6807
2410 6597
1816 3204
5161 6460
323 3291
975 1423
1559 6103
4866 6030
1707 6229
2996 4193
2174 3060
827 3089
900 1597
6521 7418
710 1078
1496 2141
4190 7186
1916 6031
3532 4589
5681 6630
1975 7246
2083 6485
745 2902
7393 7433
1046 7349
3424 5972
78 4025
3038 6881
4518 5317
232 6464
5390 5460
1192 4151
4690 6096
3831 5850
1852 5236
1081 3628
1433 1912
3452 3626
2629 6513
5002 7416
4432 5980
5534 6951
1676 6516
2607 7413
6346 6737
1642 3831
2393 5088
2800 3878
4635 6974
2297 7036
3416 5347
330 6602
3204 3680
4277 5966
1688 7144
760 7339
1460 3542
4114 6275
2673 4028
1666 3391
2793 2926
3778 5097
2786 6705
6133 6836
1411 1567
1454 1467
287 601
1407 5725
1721 5084
3723 6125
1239 7143
1362 2033
2213 7235
1417 3761
304 7305
5200 6738
2613 6425
644 2613
838 2671
3283 5539
5786 7146
2219 5567
521 3224
56 3245
2801 2990
5207 6966
2880 3941
1695 3693
4606 6701
1211 3371
3456 4770
1626 1784
2478 2655
780 2342
241 5101
2045 4145
5534 6067
4858 5315
1564 3268
407 1620
1931 3563
7378 7416
3557 5477
1090 1282
6465 7343
5561 6476
4733 6530
2158 7244
2611 3283
155 1551
580 5631
757 4395
2704 3754
2926 7341
1174 5202
5820 7152
1710 2476
2634 5113
373 6879
2872 4034
608 1117
272 5306
316 3125
2769 3779
2091 3102
2719 3397
4834 6956
2597 3913
2178 2283
1978 6978
1301 2490
3542 4897
514 887
370 6623
1846 7044
2758 6577
2424 7204
3727 6376
2934 6029
1048 5836
321 2701
2505 4925
192 2600
1072 5066
1490 2565
4961 6161
610 3571
4734 5675
451 1158
512 6983
1130 4334
1396 4887
2762 6184
3714 5308
2611 3306
4951 7225
719 2713
6705 7144
443 3565
4612 6595
3189 5872
6149 7534
2957 4645
5573 7121
1373 6375
3865 7350
5682 6419
537 1325
1097 6080
4239 7522
1060 6141
3543 4021
1973 2906
1632 6829
2896 5884
1108 6008
2536 5857
5673 7590
2980 4183
3511 3928
5623 7478
2765 7494
3592 7548
437 5956
2140 7098
5592 6126
2881 4875
4209 4639
24 3978
2267 6781
6222 6375
1546 4307
2956 7097
26 7071
885 5845
5099 5914
1702 1888
4088 5200
747 3483
2582 4569
199 3139
5740 7569
1628 2022
528 3212
924 6151
4608 5634
4523 4550
2317 3192
1036 4790
1907 3146
5060 5514
483 2592
2786 4634
1918 7329
4615 5027
170 5205
5188 7599
3603 7295
1917 3353
861 5791
2947 4345
3728 4264
966 6008
2296 3463
2126 2946
1699 6287
5420 7053
5092 7063
576 5341
1158 3151
4211 5161
3979 3981
1490 2027
3443 6797
1527 6988
412 797
2243 4559
1395 3400
5339 6480
1935 7580
51 5225
1608 6613
1283 4060
4952 5585
2937 7004
644 1008
972 7522
2308 2541
2967 4746
349 2378
4438 6739
5857 6980
646 7498
1198 6717
6802 6808
2204 3260
2871 4523
1777 2569
910 3178
2670 2790
1354 6316
3107 4505
678 2898
3106 7036
631 778
2826 4774
449 3752
608 3211
348 2254
3074 6623
1056 5755
596 5129
967 2023
896 6658
5247 7459
226 4044
4639 6483
4231 5542
3931 6546
4926 5421
1941 5914
5745 6651
383 974
167 1466
1792 2971
3652 5963
171 2498
4421 6133
145 5260
2817 3022
2265 5910
1097 7536
6762 7314
530 1749
1290 4956
974 1922
2051 3718
5599 5954
2729 5995
1459 3889
2851 6947
3319 3718
702 6574
1540 2609
2285 3327
2580 6434
1092 2439
3103 4807
5776 6653
2585 6514
4336 7513
546 5387
4002 5273
5331 7279
346 1872
2152 5334
4840 7457
690 5354
860 7483
2532 3756
284 2270
1277 6007
1206 2266
2123 7281
72 4869
2699 2774
2020 5925
2187 2669
746 2372
4534 5540
3861 5441
1362 7408
103 5242
1225 2285
733 7185
4066 4969
2694 3180
277 2572
171 749
4574 6369
588 7542
2722 6770
4023 7070
2644 5107
3593 7229
4561 4600
2587 4724
4869 6074
2143 4771
1726 6971
964 1989
2080 3237
3487 4046
2160 5286
4139 5401
4529 5233
4173 6723
2981 7522
4081 6788
1910 4934
4733 4997
2633 4203
2847 7216
2445 6365
1058 4003
323 6851
4817 6338
3764 3854
6290 6358
6816 7097
1437 6439
699 3484
5497 5952
3776 4705
1558 2483
3079 5218
1778 7444
4932 6861
2022 2634
4290 5153
29 3863
4848 5354
1407 4836
376 4981
3725 6387
3360 6041
4292 6172
2158 5145
4490 5731
1013 4024
4682 6267
287 979
653 5637
5654 6981
560 5640
1072 4077
3416 6222
870 1557
2234 6796
1302 5794
6247 7600
2894 7118
1069 6559
4281 4446
201 6951
617 6918
58 1690
1506 4256
767 5414
2187 6240
3368 3717
4809 4854
2068 5356
881 4739
1565 4032
3552 5342
92 5454
2978 7044
779 2441
195 831
4290 5072
2128 7019
722 6255
2972 6679
4110 5991
3566 7348
2776 7267
5463 6879
1338 2531
2085 3130
466 1672
3098 5784
4427 5444
2112 5864
41 915
1266 5375
267 7021
2061 6566
2626 7554
1803 3284
5035 7552
4118 4689
1133 5918
1747 3070
3975 5091
2334 7447
6576 6645
3156 7514
6396 6599
1013 2809
5608 7187
2468 3598
1124 3726
1853 3835
4325 4813
2050 4666
3206 4181
3996 5683
1208 3118
509 2998
2047 4943
5156 5554
1022 2263
451 2036
217 5525
3321 6748
1758 4330
693 2540
1230 7233
5655 5718
4805 4936
6361 7407
4288 4647
2678 6970
2320 4928
4156 7484
1475 4255
16 2614
329 2217
100 2432
291 2829
2516 4943
2419 4071
469 3137
5648 5770
1699 3923
582 4620
5424 6479
3012 4855
6681 6837
1102 1779
3970 6257
2417 6552
1118 7429
3640 5314
1278 6544
5645 6148
3566 6272
363 5272
5224 6294
3008 4210
3396 5630
1260 5581
3578 3875
469 4692
3535 5612
5766 6215
4503 6118
1492 3452
3 1157
4233 6015
3284 7346
4601 6247
2204 7423
2711 3688
1868 5265
175 461
4715 6093
5563 7305
42 6262
2978 4708
1023 5121
3037 4610
125 778
614 6087
5815 6684
883 1994
929 7565
1018 3220
1281 4023
2005 3890
1562 3374
7125 7450
2181 5262
2919 4828
1581 3781
5968 6802
2881 6092
1977 2430
5082 7615
2091 2705
1762 7372
1349 3531
1346 6597
2536 7601
555 2474
1280 5115
1192 2363
1951 6825
1675 4156
54 817
4890 5213
3155 4694
182 6670
1964 3310
2284 6159
2718 6482
386 3239
1530 5833
459 2777
2320 6189
4893 5812
1239 5478
2480 6960
4413 7319
1197 3625
2943 7306
2168 2533
364 5253
4221 6533
3168 4047
2391 2496
365 1617
362 5579
2746 5018
2409 5156
7483 7515
3059 4944
1969 7128
1146 4441
1934 6081
434 3496
1545 1765
543 7058
1744 5945
4527 5508
3672 6188
3912 7198
1479 1773
3363 4256
6165 6711
1739 4395
3416 6011
2397 7122
1146 4012
2896 5235
6571 7054
4712 5538
884 1519
1991 6003
5886 7488
989 7080
5085 5282
4886 5362
535 4759
4645 7211
2353 6459
3953 6229
1679 6966
1576 6512
821 6797
882 1681
3269 7354
527 725
5818 6105
563 5088
3038 6698
3472 7017
2651 4988
3495 4530
1753 7549
2235 4783
4158 4789
1407 5581
6060 7207
2072 6638
1111 1918
2846 4130
567 6306
2404 6535
3552 6725
1317 2975
1518 2804
3992 7168
1901 3854
1835 4953
1074 2328
2237 7272
3731 5607
3272 5966
6877 7552
2482 4371
1763 5913
3413 6776
3944 4219
1381 3732
5088 5236
102 7274
3249 4106
4799 5912
1819 3069
5182 5420
4327 6960
145 3038
1211 4864
6181 7534
3319 7530
2477 3766
914 1814
388 5215
425 3956
1636 6124
755 3712
1689 7148
2121 7300
4060 4115
163 682
5013 6400
385 2796
590 5819
1808 6773
436 685
4305 4351
112 4106
2623 3863
921 7151
2649 5635
3502 3886
477 2750
5054 5131
6738 7100
1683 5427
92 6819
1862 5117
1723 7271
468 1723
6296 6706
5379 6480
1595 3062
1967 4852
1678 5160
834 3084
841 3194
1685 1988
3467 5671
1544 4425
4431 4798
11 797
5339 6999
4983 7371
1953 5528
6231 7458
5903 6361
2055 2198
1546 7365
5567 6844
6329 6559
3188 3480
1370 1380
3887 4820
7205 7386
1309 3092
200 5344
3940 6273
480 999
3263 5491
1660 2633
2314 6351
1260 6802
6589 7578
311 726
3037 3140
2174 5046
8 4793
1937 6022
2544 7427
400 498
2362 3066
1594 4347
1030 5670
250 5044
583 5668
2858 7534
583 4806
2767 6925
4461 6237
1185 4609
531 5439
1422 5378
54 2805
3317 5752
4242 6019
1184 6340
1467 3442
665 6638
1427 5592
2187 5002
2110 5286
1780 2285
889 2231
2098 5240
818 3441
1383 3437
4318 7158
1690 6413
2307 3826
3395 7527
2023 2693
3179 3270
103 4544
303 4630
186 2717
836 906
1961 3013
3394 5615
2922 6443
1859 6494
2744 2819
2304 5760
2077 5727
1043 2683
886 4748
3985 6248
2054 7324
1393 5572
3577 4386
4220 5326
6758 7266
1218 7584
909 2034
2250 6775
925 5504
926 5125
1963 3640
4685 7209
2272 6370
1237 4082
2062 2595
1276 3801
5856 7497
1420 3666
4178 4259
4278 6994
1333 2934
1466 2264
1806 3219
4098 4487
288 4899
2579 5376
2486 2554
7094 7397
4198 6084
6446 6801
3305 3448
1015 3658
3400 6225
1025 5951
46 2684
5883 6836
2754 2873
1217 3660
3536 5443
1165 7582
4181 4253
1271 1843
713 2635
801 3829
2978 6146
517 3648
3793 4079
152 928
2523 2747
4289 6993
3191 4006
3192 4081
1900 2573
449 5619
106 881
122 3009
2734 3942
1555 2667
1330 3676
4310 6123
315 2443
3127 6254
684 2813
5036 7588
1181 5082
4416 6180
1273 1679
2265 3530
1844 5337
571 4085
1205 2979
4103 5310
4 3493
1840 2613
1216 6478
924 3501
1826 6151
416 2116
82 6391
3192 3373
2252 5576
936 5465
2709 5995
1286 6931
5237 7418
54 2831
2330 2442
542 3602
2716 3528
3112 3388
3799 7163
663 4377
4384 4517
5594 7011
935 1843
321 984
5089 5168
356 3858
1468 3562
4099 5265
1726 2758
492 6867
2193 5120
2689 4770
5379 5840
2434 3499
2231 3320
6051 6257
2815 5718
1927 2417
3404 5872
1363 6130
3163 4191
94 3192
2761 5467
2643 3989
2760 5694
2520 6233
3197 3484
6322 7101
3295 5882
4050 6706
57 2268
2399 3866
5232 6571
2729 2958
2415 7187
3370 6665
3634 5968
3916 5514
4935 5034
2824 5434
2078 6066
686 5554
1030 1291
5159 5608
81 1830
1434 6160
4525 4925
713 1288
1271 1887
760 7519
3619 6664
3503 6591
1544 1701
385 6327
1373 1685
554 5224
3090 4251
527 6428
2705 5307
5876 6904
284 7087
385 5511
5395 7115
958 5678
592 1336
259 3235
2170 5605
1085 7267
2480 5111
5580 6091
504 4497
87 2106
3772 6071
724 5875
6332 7192
3972 3993
990 6483
1160 6274
1526 4830
2316 5561
1545 4945
121 5690
5734 6493
1659 1877
3217 6499
2438 4528
1184 5958
3465 6823
3121 4601
3949 7070
31 1920
461 7045
3162 5494
1187 2525
510 6359
2420 6663
5614 5817
3618 7376
4158 7431
3659 4594
1747 4327
4581 5889
540 6603
170 7429
3458 6781
4535 7074
372 6465
3135 3730
4937 5501
4733 5107
3321 7222
5128 7318
3283 7111
4986 5939
641 4765
1144 5115
1951 6200
6474 6749
1440 4215
1814 3271
5010 7477
4980 5669
1946 4532
4811 5703
2207 3610
345 4252
6521 7608
1855 7242
5652 6086
1974 4723
23 5129
1635 4446
1045 1276
1255 6289
3234 4191
5092 6063
5541 6155
1540 4497
3080 5510
632 3302
2439 7000
6896 7506
796 3696
2278 6179
549 1843
1288 3675
423 3962
1903 5849
1096 4251
4877 5577
815 4060
2946 3263
302 6528
131 3737
3892 7035
3839 4413
3458 6020
2087 5733
38 5781
946 1317
4635 5656
3798 7216
4940 6556
2778 4689
608 4339
555 7066
806 4292
382 1011
1565 7539
4675 6613
190 2967
1520 5903
336 2200
4875 6250
3069 3413
4338 5255
2160 6601
1735 3990
190 4548
1275 5842
5582 6614
1148 1331
965 4389
6356 6536
368 933
3739 6605
788 6892
72 726
4456 4480
1036 7199
858 1781
1673 3507
544 2500
1616 6888
1961 5862
1863 5684
952 3856
2913 6158
770 2798
1262 6395
2549 2754
3878 6843
3681 6553
893 5208
5516 5724
808 5785
4627 6546
2683 5291
3465 4501
3149 4682
556 5874
1649 2305
6480 7053
10 958
4806 6039
329 6365
6643 6838
6193 7581
1962 3587
4471 7108
2628 3420
3403 4456
829 2449
2221 7523
3348 6061
1902 3539
5888 6783
1250 6449
507 3935
804 6138
957 7478
2025 4795
3874 4919
3919 7372
3134 4373
2640 4707
1511 4762
4578 4613
4696 5904
196 2609
4649 6326
3347 4488
2958 4704
1972 5022
3131 6166
5115 6135
2268 5463
4020 6469
2052 7186
113 2203
1338 2105
287 2432
865 2879
15 5851
3290 5984
4348 6306
4271 7395
4106 7593
614 4661
3823 4400
2590 5156
6370 6750
3614 6479
341 4490
667 4882
5824 6386
556 1397
713 5320
1776 3557
3770 5567
4712 6033
6076 7383
2617 4813
3195 5865
3037 7190
3263 7256
898 6996
469 2363
3518 6179
4581 5308
1979 5474
316 6181
2379 3715
3258 6226
2675 4821
1234 2816
2607 5299
1329 6137
925 3531
1793 4154
3343 6829
216 1014
5611 5859
101 3574
2026 7002
2895 3128
2008 2530
1503 5550
2805 3044
1095 6632
4810 6227
922 6153
6531 7202
3474 5790
2256 6598
258 3038
6269 7000
848 2283
3212 5429
276 2486
1022 4014
968 4986
1632 3567
151 6318
4652 5730
3200 7278
1952 4281
1209 2623
259 2066
1344 1668
1834 2314
2027 3063
1595 5415
828 5624
1814 7531
2525 3564
3002 5436
5999 6635
3 1670
3137 6704
1225 5342
1685 7184
592 4004
5683 7170
801 5399
3801 4688
1318 6282
248 1310
6069 7616
938 5605
1509 5228
740 4128
112 6450
3564 7500
3580 6428
3838 6464
6621 7174
277 3059
5910 6609
7410 7477
5645 6972
3253 3919
2677 6183
1975 4603
955 6151
3809 6600
3658 6266
1189 3726
437 5196
163 1498
6164 7034
2837 4728
4263 6436
628 3917
3235 6078
6409 6427
219 5372
172 5586
462 3365
2939 7219
1935 6917
2711 5246
1069 1138
1169 1708
972 1399
1004 6595
3371 4548
4411 5998
1777 3775
2728 6179
3755 3941
224 4842
132 4133
2247 3840
6149 6266
1393 2175
3687 5688
4386 6482
271 7005
1112 2025
1490 2580
2574 5300
696 6436
4577 5739
6053 7081
55 6200
3515 3628
2350 2901
4757 6539
1646 2413
54 3590
1389 7404
4923 6378
347 1786
3957 7264
3205 6585
4976 6031
2866 3922
2567 4901
5803 7317
179 6449
3978 7407
2337 6756
2932 7198
3072 5058
2926 5365
4467 5736
4553 6652
2194 7153
1775 7265
1033 6015
4315 4950
220 4891
3994 6236
1406 2548
1619 7492
413 5161
1675 5684
2445 6020
1861 2221
679 5573
2188 6658
6022 7525
3529 3720
708 7227
945 5894
162 987
671 6717
4576 6647
407 2612
1929 3752
3018 6093
2058 6860
779 5260
4818 5194
4509 4654
6867 7219
2048 3143
3742 6484
3456 7308
4453 6252
2559 3746
1665 4073
3562 6671
2113 3036
523 6916
3114 4363
2440 4602
5273 5835
1385 2059
1917 4374
1116 4104
6430 7531
1415 7159
1310 5602
1788 6807
1588 6284
29 3828
5851 5865
4471 4891
3607 5668
3095 5611
812 3449
3629 4722
1423 3086
2513 6713
2805 5873
2109 4637
2571 7468
2947 3483
421 6907
3007 6414
1983 7149
2410 6114
5895 5998
2234 6304
2445 6914
3168 4174
326 6030
4525 4617
2655 3071
2071 3692
3267 4194
2135 5637
1983 5935
841 4734
3215 4295
3460 5674
3151 6521
177 6163
394 1204
1519 2966
1739 5594
320 4210
2613 4718
574 929
4483 5140
1449 7268
3441 3898
983 4069
792 2337
2632 4149
3507 7464
3081 3781
3376 4830
762 6846
4367 5111
221 1047
184 2691
4161 4407
6135 7259
2805 6213
1142 5891
5628 6841
6688 7281
4360 7426
325 6795
3032 5886
1956 4763
5707 6792
3074 6515
5357 7260
4769 7028
1381 7321
377 4311
1670 4925
1481 6295
726 6468
1442 3578
932 6785
948 6775
2595 3102
2801 4382
58 1176
4813 6208
4448 7063
382 6898
201 642
2078 2157
1131 5323
2082 6933
307 1332
4646 7122
2142 2632
3337 6404
2888 4017
651 4293
2734 3690
1682 2728
2487 5897
544 4335
1629 4966
7081 7373
3163 3546
4520 5473
2336 5277
3031 5856
986 1271
2164 6953
986 7005
171 1123
5883 7061
2003 6638
1554 6066
5458 5992
3188 3864
5732 7123
2986 6311
2493 7428
116 5425
3544 5218
1335 5771
2208 5134
86 2850
3595 5148
2121 2301
1317 4973
468 5764
2680 7435
1582 4757
1793 2292
4808 7483
15 7366
4117 7300
1850 4942
1501 7492
692 6562
150 974
6363 7388
18 6305
2897 4627
1616 3945
863 7415
6481 7213
4176 5668
5414 6641
2816 4170
5620 7592
2151 2671
3335 3470
1161 4230
2456 6128
2544 4210
16 3722
4177 7046
3410 6802
5219 6196
4838 7165
1117 6589
2877 2943
3529 7126
6251 7563
81 4203
689 2132
1859 7308
5625 7534
5211 6211
4971 5658
4425 4518
3267 5241
6327 6781
1766 1899
2301 4805
3519 6894
3819 4556
421 7211
2164 6572
2206 5522
1354 2998
732 2203
2953 6246
1786 3406
3073 7036
454 3944
1594 6043
1261 3973
2334 3212
1793 6081
3034 5775
6236 6302
4697 5678
2179 5566
2701 6270
14 3539
2789 7410
5842 6626
2496 5209
2004 6384
1307 4420
4521 7169
3192 4778
1609 3575
1794 6931
1282 3199
3570 5125
3693 5632
4439 6875
1701 4681
682 5937
2285 6211
4744 4903
2678 5099
167 761
1431 4769
1593 7294
3521 6549
5070 7074
1847 4860
3801 5694
3708 4837
6229 6721
169 2801
275 5651
4151 6291
974 7593
2633 4916
648 7530
773 1863
1084 6981
2227 3631
3968 5066
2354 5164
151 6436
4832 5954
1165 5751
1032 1196
630 2091
4021 5878
3669 5369
1350 5242
6555 6909
1126 2485
2367 2784
2573 4160
3427 6565
3950 7067
528 2161
1099 3680
3644 5066
2740 3341
119 5821
2842 3948
2166 2428
3845 4562
978 4286
5763 5934
241 7166
391 1076
4504 6679
3640 6018
5328 7143
529 1436
2411 5474
1191 3484
6169 7325
68 2479
2148 3174
2288 4317
835 6942
153 2813
5970 6204
2327 4116
203 2989
1811 1972
735 1083
471 4862
1475 7022
4112 7239
4854 6759
712 3855
2959 4135
3836 7387
3584 7618
2083 5641
4656 7120
263 1014
759 5279
2354 4263
1382 3769
1413 3276
1428 4709
1935 7059
5739 7249
5652 6555
3649 6378
3394 4915
1832 4120
2260 4180
513 7553
1886 3858
2232 2982
2346 5685
59 5020
2542 4760
6976 7275
6205 6904
3072 3892
5316 6058
4419 5517
4996 6283
667 5042
5638 5644
3951 7341
6320 7388
7140 7288
3380 4230
4017 4875
5307 7519
5871 7069
3970 6392
2005 3174
502 691
661 5516
3604 6113
1062 2888
3968 6360
2115 4624
1409 2591
318 7233
2995 6037
1565 1671
2862 3976
1164 7297
551 2042
4902 5574
3799 5475
1821 6087
1510 2800
303 7582
455 5074
1137 6551
567 896
89 6724
6184 6200
3093 4773
1160 1965
625 2474
6150 6403
3468 4462
1162 4140
522 5723
894 5453
4346 7602
2196 5590
2956 4949
3226 4590
280 3488
3242 4162
298 7199
6425 7305
5637 7295
2653 3611
1678 3079
4284 6120
282 4308
4496 5418
2091 3696
3887 4372
4504 7375
2295 6049
2906 3479
3985 7139
1817 6352
1626 5643
1270 3006
2662 5678
3333 6023
192 5379
1714 4306
2156 3349
3493 4687
2459 6763
2644 6774
4756 7131
3023 5580
2499 4685
1193 3845
3722 5506
907 1378
1628 5600
939 2711
1821 1989
2296 6639
5696 6274
84 5075
4649 5346
3810 6659
3710 5845
3436 6941
4699 7172
446 3594
1440 5146
1657 6110
1105 4652
1845 5655
3564 5119
375 1392
2375 5831
1167 2984
1342 7428
2007 3385
6506 6856
1245 3928
13 947
5436 6404
2469 2681
1297 5889
3851 6786
4441 6679
2395 6131
2502 5304
5519 5698
64 4990
3660 6412
6583 7289
1883 6900
5195 5984
39 5227
3700 4292
2791 4583
5993 6645
3998 5961
5375 7561
5641 6494
1904 7195
3156 6339
3398 4284
318 2251
793 1258
961 1452
2411 5634
262 6287
1542 4251
5472 6920
3392 4018
5067 5642
4446 5020
339 3312
1827 5602
4451 6223
2677 3115
1978 3504
2411 6142
4091 5168
4552 6846
3420 6337
1049 3579
1466 1522
1568 4115
5972 7576
3814 6562
6137 7366
2883 6942
1211 4341
2001 6340
4029 4037
4639 5777
475 3440
5936 6605
790 2409
584 6528
2241 7392
391 6490
3242 7139
4035 4977
1345 2149
1601 6615
1910 2093
1121 7029
3267 5450
336 4047
2472 2698
3207 3942
5045 6988
5030 7254
717 2262
5955 6590
719 6775
4219 6446
2895 7111
3005 4548
288 7081
163 216
305 427
1064 3895
184 6175
2786 6630
3064 3794
4919 5112
1822 2765
1491 5626
3764 5977
4014 7208
2614 5497
2357 3216
1836 6463
3675 6737
2925 6018
407 3425
1322 2314
2072 2218
128 7557
16 2907
2511 3764
1503 6350
4876 5488
1719 2824
6260 6973
5044 6992
2754 5493
5959 7082
1727 4726
1791 3181
2535 6284
2730 5820
4232 4936
5405 7121
5987 7244
3951 6040
2555 6836
1333 2197
2873 5575
2091 6480
628 5549
5200 6208
592 2398
3596 5363
521 1527
5561 6435
2701 4619
1756 1880
3214 5682
1316 4888
1658 3012
2067 5054
6552 7562
1894 6608
3337 5046
2019 2944
2224 7225
342 3179
5977 6264
321 2952
425 824
1569 5364
893 1568
2222 5904
4272 4368
3855 4319
1929 5212
4759 5686
104 6633
2508 3568
4172 7029
4296 5973
999 5137
150 3747
7335 7385
1041 6101
5344 5693
2205 4429
3132 6762
2011 3748
2439 3031
391 2488
2963 5761
526 4533
1833 3518
737 6605
1878 4122
2131 4643
195 6878
43 6317
2744 4917
3481 6744
4437 5163
1828 2597
3211 3798
2551 7623
1801 3931
634 6163
548 6919
2018 6363
1256 7380
524 6731
4149 4382
5236 5711
2089 5305
1908 3183
3944 4694
2943 5626
2456 6900
4940 5585
3234 4530
881 2152
6971 7036
1164 1708
927 1343
3189 6896
4932 7551
1599 2721
2713 4740
902 2367
913 3011
1015 5366
982 4308
1126 4473
5816 6364
2337 4790
3762 3768
5293 5300
2084 5168
1209 5303
6811 7354
2547 5016
865 4564
3239 5699
467 3167
4978 6096
1879 4081
190 6207
119 1012
260 5245
5410 5787
2582 5861
3100 7502
5991 7228
4048 7200
2602 6015
4186 7399
1572 6368
6711 7115
1016 3504
4777 6115
1459 2468
390 4431
5185 7398
822 3081
90 6787
5286 6117
6220 7598
492 6128
238 3525
735 4849
4076 6623
3095 5851
381 1928
3898 4052
4285 7589
70 1157
1245 5547
1920 3154
5289 7206
2348 5880
1278 5113
962 2917
5200 6184
344 1850
1939 2295
1831 2006
1483 2966
2232 3661
98 3739
6885 6949
3405 7305
3438 7297
3730 6029
2254 2851
4100 6938
175 808
66 1082
6410 6837
3584 6018
2154 4914
4189 7079
4677 7238
558 7282
1652 3038
428 7389
2950 3816
6744 7165
1323 5243
3111 7110
1931 3602
3386 6558
3944 7306
290 3073
3525 4051
89 4176
35 370
1040 5843
853 3028
4080 7529
1381 7301
524 4854
4229 5024
5144 6180
378 4823
2239 2272
2908 3371
919 6406
6180 6485
29 4684
1327 1852
2891 6733
726 4035
376 736
5935 7220
1628 1637
271 6876
2111 6614
6710 6899
298 3014
1390 2043
321 6274
2867 3764
3917 4242
2295 4060
238 7196
6044 7287
1095 4025
1792 2873
2015 5252
3709 6197
4744 5600
1074 2610
1011 1803
2974 5741
6679 6936
1194 6453
594 5213
1973 3321
3432 5125
1396 7467
5017 6373
3318 6158
2844 5138
6670 7419
148 559
1212 6709
4423 6578
4165 6998
1422 6503
2888 4097
1953 6481
4533 5460
5455 6009
4533 5137
433 771
3228 7264
4600 6713
532 2510
1887 3527
1675 2829
1547 2424
250 1032
2186 3735
2232 6942
3675 6642
4295 7349
4124 5536
900 2366
2053 6057
3751 5036
729 3802
1350 7222
1120 4072
165 910
4835 5050
2673 7143
419 4053
5624 6235
542 1510
1154 4841
3242 4522
802 1372
5426 7493
2975 7099
5882 6277
4971 5294
2287 5588
2157 5852
921 2938
3016 3072
461 6285
1466 2961
1956 7483
1413 7003
1374 4184
3245 6143
431 5221
315 763
3780 4978
1530 7160
2259 3698
1637 4640
2295 4719
1962 5180
2719 6485
619 3405
2847 4492
2453 6288
110 6373
4115 4479
5553 5880
868 5632
4366 5666
2900 3894
1085 6149
4292 4621
5379 7033
2881 3871
1964 3930
6906 7340
2375 5802
1141 6285
1229 3929
2562 4592
4496 7274
566 5075
1240 3337
813 953
2646 4952
3130 5888
3545 5220
409 5650
264 7109
459 5046
217 4871
4918 5587
1786 7414
644 2777
512 6044
802 4242
1951 3654
789 7268
1524 5016
6650 6876
406 3371
1985 3639
4288 6731
5516 7194
3298 4505
2751 6250
1374 2951
64 3500
2986 4550
1192 5517
1969 5694
1207 2816
2378 5109
4206 6843
1420 2084
2531 2795
5046 6757
194 1957
1865 2651
625 5410
3590 7211
1304 2434
1582 3897
4526 5976
3533 4737
366 5626
398 1284
5502 6123
795 1983
2590 5880
1403 5510
221 1686
9 2008
1988 4506
2147 5394
1423 6242
4395 6908
2589 5350
2571 5828
4548 4825
1517 6060
2534 2555
4964 6395
101 7016
1480 2760
3877 7312
4494 6793
227 5787
890 1307
785 5009
748 6763
980 2561
1823 7392
1150 5573
4525 6535
13 5303
5232 6430
4081 6655
2709 7425
1571 2436
473 1140
2590 7201
461 5356
994 3726
1337 5660
861 7300
3027 4058
1506 5815
472 4130
1261 5707
3541 7052
5457 7467
1170 3161
775 2452
5233 5577
4530 5013
1531 4332
2359 6575
3580 6120
1645 4263
596 3887
3640 5001
862 1053
1248 4998
3656 5726
2502 4548
733 2277
138 4647
4925 6679
719 2388
3583 6019
136 1874
766 3617
432 1433
135 3016
1089 2454
1823 5652
42 1427
361 500
3694 6432
507 3822
1492 6648
244 2970
2252 2614
3631 4920
1964 2994
864 3032
4773 6679
1991 7224
2576 5636
2085 6141
6390 7501
1983 7472
1169 5595
1922 2308
1665 4172
2276 4040
818 4153
5690 6021
1562 4975
4680 5894
3925 5875
2105 2432
1517 6563
3182 5400
243 2534
302 3785
1630 1671
1367 2885
3678 4855
5623 6021
2854 3822
6652 7010
294 7508
666 2618
7432 7531
2368 3456
6395 6501
3469 4530
1048 5305
2321 2561
86 5738
4423 6539
1948 4555
1270 5330
3684 6115
5445 5874
328 1859
1094 2996
1252 4023
265 1775
4499 6957
4374 7090
5597 5657
1576 3702
604 891
135 5782
457 6120
4411 6044
363 631
94 1716
5178 6769
3545 6159
2777 3063
853 5058
1031 3528
4531 7595
1791 7075
1290 2313
2048 4802
3106 6773
6687 6806
1692 4482
2719 6080
3021 4802
5153 6706
373 4571
5929 6920
1691 5636
2624 4520
5596 7137
3061 4970
4681 6307
4475 7029
2369 6855
57 1938
3307 6075
2691 7443
3315 3575
447 3432
6103 7042
2055 3911
2985 3350
1083 7104
935 5854
1337 4843
3203 4750
2694 4947
3554 4749
5815 7251
1894 3167
1668 5689
5937 7255
93 3267
1032 3209
5107 5503
3126 7354
618 1358
3151 5762
557 7206
5443 6377
2082 3065
5535 6936
152 7519
136 2395
1929 3372
1116 1410
5919 6885
2215 5621
445 5983
1389 3107
4762 5553
4019 5289
5862 6103
336 6753
2077 2757
3174 4400
2927 4787
1633 2091
2113 6152
226 4522
447 1539
1728 7515
2949 7341
2243 7012
1780 3050
3113 7079
69 3553
1715 1743
4195 5500
3560 6528
1442 5902
1499 4734
3201 6955
1230 2846
1474 4638
1802 6394
1443 2489
577 777
1404 1976
2148 6987
1263 1707
1220 7460
63 4648
2644 5390
1196 3319
261 4654
589 1076
2323 2680
717 5267
1535 1633
699 4499
5585 6920
141 3037
2477 3606
3263 7343
6361 6611
2331 3002
55 167
2336 3502
1580 2743
6397 7430
4021 7465
2578 2878
3608 6142
995 2821
2105 5903
2865 6067
3390 7250
1408 3635
1585 3863
3140 4400
3638 5126
6299 7016
1490 3841
2946 3178
774 5794
582 5302
6267 6782
4527 7507
78 4313
1136 1542
168 3707
2487 6614
4968 5844
2061 3339
688 3512
621 6031
3745 6405
2806 3333
2169 4185
1152 5252
4879 5759
72 1507
1374 6584
1502 7276
2140 4277
3459 7375
485 1830
2374 5906
2467 3667
2359 3437
555 7022
309 4678
206 1280
917 5756
2336 2563
4758 5093
1249 5834
865 6964
1930 6328
1842 5238
1047 5769
2423 7600
5046 5691
2167 2282
6218 7039
1170 6549
3432 3886
2579 3545
960 1385
3775 7050
5015 5723
650 5942
1711 3883
7375 7557
6755 6874
4381 5938
703 5812
485 4981
536 3620
654 2997
3203 5699
311 3550
1999 6695
3042 6889
2386 2523
5139 5190
489 2534
6514 7504
3862 6519
3689 5096
2778 4784
2036 3024
5233 7562
3629 6623
4279 7360
1805 2426
376 5411
610 1095
5204 5209
203 1942
2752 6353
3061 3658
2070 2550
1762 5328
526 3244
2847 4805
1910 4567
3315 6329
5485 6381
1548 7516
3450 6586
307 7054
2789 4592
6380 7006
123 2688
6480 6958
1729 7142
4249 4332
3896 7094
1779 5409
5975 6149
4089 5768
4295 5776
1836 3948
1660 3643
170 6904
1030 6194
2844 2887
4856 6107
882 6244
1086 6472
604 5915
5548 7071
633 872
3615 7465
2211 4824
858 6946
3579 5834
407 3022
1141 7357
1633 3116
462 5069
2219 4192
5158 5160
382 6103
4483 4584
1251 6625
106 3588
934 6704
832 5000
3754 6908
3099 3134
427 5772
6320 7032
1809 5668
377 6290
444 4901
3115 3968
4851 6918
332 3644
218 6080
2741 6450
52 3915
5210 5301
1479 1567
1805 2896
6198 6940
1979 5028
5225 7117
3655 6408
2798 4564
885 5726
2772 6772
757 4405
3148 7164
1858 7002
1866 4103
4760 6903
1043 3294
2471 3175
7088 7441
3919 5515
2034 6396
2365 7611
231 2484
5404 5617
860 6145
1328 5910
1674 2907
530 7287
750 6534
3429 4706
2539 7067
459 3097
3124 7475
2782 4867
649 3641
1666 1921
1739 4520
2625 5900
154 6421
2011 7291
2744 5822
451 4394
2697 2863
3682 4135
1919 3282
3044 4814
3283 5415
3471 6290
1079 6418
81 7268
3048 3304
4506 4632
4424 6880
3787 6159
3017 3668
1530 4488
950 1588
29 4913
480 2357
4593 6665
3878 5544
1421 6409
2406 3292
3709 6442
3878 7038
6304 6926
3764 5917
1007 6642
2472 3988
173 7511
3719 7278
385 6645
3788 5015
5101 7079
934 2020
2350 5419
1067 1089
1652 5499
1792 2875
3032 7578
6515 7599
1806 3874
4797 6232
3984 5567
1282 5920
3821 6368
267 2847
554 5531
1608 6289
2816 5266
6207 6363
340 6839
3120 3480
2702 5400
923 3018
3249 4610
846 5310
377 1116
2565 7185
3066 5008
724 3428
82 3949
951 3264
2343 4177
5796 7604
323 4048
3410 4586
2912 4017
2887 4702
715 2112
4341 7045
1822 5509
20 3771
7153 7612
4859 4977
673 7415
2167 2983
6643 6711
6318 6901
586 3907
5628 7118
5698 6514
3888 5867
1402 1706
1476 2371
1495 7142
6021 7016
3121 4391
2989 7295
1733 2892
1043 6396
1385 1705
1698 4223
1215 5552
1760 2939
710 3971
5120 6679
2327 3437
1797 2445
853 1526
931 4584
2491 3029
525 4790
4285 4588
4303 7162
2049 5440
296 5106
233 5745
3104 5112
4752 6225
1250 5027
1357 2717
7296 7320
3020 4840
1454 3201
4528 7605
184 4694
675 1243
3984 4463
7557 7621
3527 7318
822 3360
46 5528
2009 4102
3379 6047
6433 7180
3144 3193
4577 5118
444 5016
1961 3514
354 2350
3199 3965
201 1082
4375 7397
6121 6764
1184 1354
5068 7031
3629 6549
944 5868
1398 7062
1149 2994
5066 5239
4220 6641
1911 5243
24 4860
5970 7074
1417 7622
3491 3623
580 1326
2345 4755
160 6731
1200 2788
5438 5980
3368 5886
590 4755
4780 6913
6440 7295
6371 6842
1037 3862
1938 3521
904 6022
2646 5703
4428 4803
1339 7398
5644 6230
5560 6128
699 6710
2737 6220
4997 5096
5317 6788
582 4362
20 2259
2716 6740
2606 6961
1650 3368
1026 4686
6418 7621
1978 6553
2466 7580
4803 6883
4293 4752
3151 4623
1615 5245
1178 7577
365 3592
3072 6831
3175 5192
6469 6682
5022 6629
3839 7371
2541 4397
1960 6592
6608 7559
646 3065
5019 6815
4215 6224
4040 4986
358 4298
451 3339
6482 7287
3746 4692
202 589
842 7516
4455 4618
5877 7472
6311 6920
1932 2293
1805 3439
428 2920
170 241
603 4335
3736 4463
1773 4122
543 2987
1808 7155
2307 3198
1276 3399
2659 5293
2699 3347
3799 6170
2121 5314
4104 6231
3548 6225
352 3354
6003 7469
210 971
4090 7529
4279 4608
3212 5741
6636 7608
1137 5180
3527 7138
713 3729
237 7298
1346 6722
894 7587
5181 7537
223 5356
3930 7242
3427 4498
1456 1863
3696 6026
1030 1995
3184 4751
1137 4758
5614 6812
3289 5267
5808 7417
3266 4048
703 3487
225 4159
1031 5919
1019 7463
2669 4780
3587 6853
332 803
4821 6325
5482 6427
984 1217
2369 7407
2920 6487
213 3376
210 6779
2242 3240
565 5653
3276 5809
3438 6784
2848 6058
2669 6142
1997 3239
710 3275
1483 5785
664 6589
230 6282
3159 5467
2636 6244
5222 5633
2615 5655
2392 5334
499 2601
1888 2839
2665 3846
2981 4337
1340 2219
2421 3109
1206 5778
2493 6821
1127 2312
3400 3848
3830 4282
5031 5108
2585 4891
659 1855
3984 5071
3915 5601
2480 2737
1011 1938
4089 7031
4393 6112
1693 7423
1567 7556
299 5562
1492 7541
3211 7580
1284 5070
3033 4638
2080 4393
3106 3673
2 1602
871 1945
4197 5225
2277 5683
1265 6413
2270 3104
75 6005
1210 6682
3020 6589
6370 7066
204 4463
237 6704
2303 2836
5346 7309
1088 7507
1953 5869
1990 5891
3970 4215
4684 7537
2722 7325
1870 5802
1917 6683
4274 7297
2894 3043
2548 2718
4111 7385
2188 6543
3104 6117
1219 5274
2931 6340
3419 4043
1289 1757
5956 6599
4144 5335
1316 2007
4428 6980
225 5727
5427 7597
1090 4642
2259 4165
1670 2351
5702 6974
6433 6704
2299 6633
144 437
2994 3639
314 4319
4432 6407
613 2808
3773 6676
7112 7576
4002 4663
519 2485
6308 7396
3902 5608
4456 6348
291 2849
288 2901
3406 6627
2437 4342
3547 7482
3287 4774
4260 7456
2405 6748
4146 4964
385 6072
136 1405
727 7073
1 1704
5170 6552
2670 4071
969 4862
1829 7141
4751 6461
499 3354
5599 6727
5840 7384
3747 5867
229 3806
3292 4357
6010 6659
4478 6095
1483 4166
1780 6572
269 971
1679 4289
18 7585
3448 3983
6492 7117
2879 4662
5437 6775
4077 4795
3697 4566
2461 5775
190 3861
1207 4015
2739 4544
1813 3016
4651 6467
1127 5554
1357 7027
2342 2889
1519 2204
3056 4726
5081 7022
1173 1342
399 2788
2282 3925
503 4057
845 7463
4425 7309
691 2726
28 5335
5835 7475
5285 6539
883 1263
1697 5377
4670 7223
914 5440
484 2855
2876 5185
561 2129
16 5911
3044 4943
4241 6786
2064 3575
4754 5869
2162 3697
719 5030
315 335
785 7023
3055 5767
4616 5642
2735 4900
5346 5688
401 7542
2089 6689
3978 7256
4441 5873
758 5419
137 1562
3182 3981
240 4407
255 2778
2942 3809
133 7541
928 4149
2544 3809
2901 6789
79 4710
201 864
53 5611
894 7195
2410 5437
3542 5236
3543 5780
1747 5988
2710 4118
1743 7086
5183 7505
1385 2331
5125 6261
745 6775
3415 3845
1182 7145
1113 7246
2335 7340
2593 4093
6064 6726
4263 6734
2632 4159
383 4899
2570 7240
5747 6313
150 4022
5960 6614
7505 7521
870 4241
3740 4643
4429 6701
2538 3572
809 3098
719 1786
1384 3059
674 5672
2017 4291
217 3172
627 4096
1973 2204
2449 4199
6719 7116
442 6633
2364 2428
1247 5157
850 3379
2451 2596
5107 6961
2735 5429
3668 3810
5967 7508
6332 6922
2492 4891
4146 7393
1114 5708
1301 4048
5264 5403
2066 6262
761 3788
5167 7009
594 1878
590 3906
2604 5077
2875 5308
3605 6025
289 3867
1846 6288
2377 5067
6112 6556
2405 3997
4866 5937
1932 6961
4066 5908
45 3163
4681 6322
3849 5944
2407 4961
15 5263
68 1934
1045 5349
3068 6332
5703 7189
1634 6874
4431 6376
276 369
654 1666
5330 5881
1168 2016
1376 5068
1759 1812
1667 2280
4364 4696
159 5767
5291 7357
1952 2332
3112 4877
709 5722
2895 3591
3181 4483
2699 6654
1619 2868
1144 5638
3689 7433
272 6646
4722 5525
1611 4653
513 4040
2618 6524
2190 7575
881 5131
5491 6662
6098 7552
533 4612
4613 5027
4311 7526
4867 6138
25 7332
935 2865
249 2059
3553 4049
2458 7019
1041 4307
3006 6588
2477 3792
37 5533
2189 3301
776 1307
19 6877
1036 2614
742 3837
4961 5850
1937 3630
2251 6494
4389 4770
4195 6531
1043 1118
3671 6390
1960 6243
3153 6105
2045 3357
4743 6439
498 4656
1440 5527
2148 5221
1641 4737
7342 7528
5008 6842
1538 6924
222 6061
429 3969
835 6619
2972 7075
4665 6351
3391 7295
4240 6988
144 1262
4992 5811
2079 2944
1632 5950
3590 6954
2539 3557
4353 7289
1229 7055
1659 6011
3778 6868
5313 6971
1786 6942
4528 4923
1346 3544
1154 6997
1659 5548
4316 6200
451 3930
1721 5120
1802 5320
2982 3102
5528 7385
1176 2196
4747 5281
3330 4811
5692 5991
240 3544
4641 6121
2793 3982
1488 7543
419 802
354 3165
4330 6528
2649 6199
3956 7599
3112 5539
1704 4302
702 3655
534 5135
4211 4902
2675 2737
1204 7499
1222 3910
687 2850
900 3105
582 2017
6667 7455
892 7002
3532 4767
724 7019
1326 3017
1053 6148
5254 7468
1696 6417
5052 7340
589 1157
1142 4191
1966 3414
2898 4015
2586 5352
162 4789
6084 6113
7038 7168
4942 6371
3422 5406
478 4576
397 7256
3898 6324
3263 7554
1839 5447
4743 5253
264 2989
5114 6942
2244 4634
2800 3511
1556 6402
775 5512
5843 6771
99 513
250 4115
4428 6035
6131 7128
902 2069
6343 7027
1911 3006
2808 4883
3279 3389
102 1264
3448 6814
562 3956
2744 6834
42 2543
4448 7216
3952 4491
1495 6377
988 1987
3793 4707
1040 4894
233 1138
2435 4368
68 1399
1010 2103
2246 4285
2692 6396
1858 6215
1695 6456
1580 5402
2203 6213
2467 6454
2808 5798
1948 2268
2535 5914
2175 5324
192 7330
735 2810
4287 5923
206 1623
1670 3175
2137 3897
2339 4616
3945 7465
3412 3684
4730 7448
3020 7197
4761 6322
5555 5668
2885 5012
398 7152
802 1621
4359 4723
1428 5964
3296 5229
54 3743
3386 4687
3171 5534
1965 7028
432 1134
1371 7041
3091 7185
1717 6762
364 788
281 4090
5536 6490
4883 7571
1487 7507
3268 6735
729 5587
1655 3805
3357 5819
1463 5113
703 6412
3916 4851
3913 4201
3938 4924
685 1481
497 4618
769 2102
258 5062
5500 7225
1260 3881
69 1408
4492 6308
3753 4377
1002 7428
23 607
402 7183
1 6527
5771 6290
5279 6090
1522 4668
4035 6121
3378 6288
3610 4833
4676 7443
3786 4779
2749 6177
3996 6979
873 2423
563 4216
2068 4089
3171 6405
2167 6966
1269 6998
3459 7082
2266 5340
5022 6362
2188 4049
2824 3421
1291 6479
2799 4990
2933 5402
901 3658
2167 4534
3797 3934
1293 2475
801 3180
4223 5736
716 7396
256 2034
1032 5441
3529 4475
2682 4861
4006 4992
7149 7499
1643 2116
1848 7046
94 6557
2832 3653
2593 3336
1052 3714
355 4813
2165 6790
4229 7103
1872 7382
685 4450
6464 6736
3883 6055
6743 6752
286 4969
3988 5654
2637 6457
2055 6931
946 5120
5476 7557
2355 3996
645 5419
3263 6013
1194 3766
344 4154
1632 2088
2044 5945
3084 3336
2533 4951
1991 6430
3448 3908
1217 3434
3632 3919
1122 3951
6308 6346
933 5580
4662 6721
6648 7449
532 5675
2354 5439
566 1737
1500 5836
4387 5573
1750 2332
4625 5852
2222 6573
1036 1235
4107 4604
2334 5663
1198 4747
3746 5054
736 6213
1653 5320
3575 6955
1319 1959
1297 5888
5794 6650
2736 6449
2513 4139
3861 5074
392 1760
2932 6140
594 3577
4932 6210
2516 3187
2544 5435
762 4893
2416 3404
1324 5143
741 2056
2951 6068
3598 7412
2476 7322
3864 7471
71 3105
5172 5333
3971 5719
2024 5405
4241 7296
1556 5307
3098 5826
3263 3426
2727 3647
3055 4406
636 5136
4062 4526
2417 6762
713 3341
2361 6858
1026 1752
2751 3102
1282 1871
1298 5680
1853 3289
1529 5949
4456 6455
3429 7289
877 3143
4728 6625
3510 6423
754 4662
586 3095
1420 7554
4839 6637
1603 1902
1997 4558
1518 2341
904 5283
4231 5477
4972 6338
2336 4199
534 6458
6658 7570
3007 3253
3739 7224
146 1554
4569 6166
3242 6002
4907 6594
1615 5221
1579 4497
299 2332
4524 5818
166 3885
1649 3121
6218 6381
2579 5235
4791 7006
579 5372
4957 7269
7216 7347
5119 6437
5833 6445
4114 4791
4 236
3262 3660
5575 7308
86 2133
585 4431
3757 6069
2929 4827
2367 4764
2528 2552
97 3097
3329 7236
2119 6432
4212 4642
3194 5491
3573 4886
5029 7521
2392 7013
616 3444
1620 6764
1586 4642
2104 3226
1344 6812
364 4326
2800 4169
1829 3606
1801 4615
1844 6135
600 5396
3669 5929
2503 6669
4956 6817
1390 4617
4842 6881
264 5427
784 6922
3397 6240
170 2486
5160 6075
2036 3596
5204 6981
3098 7393
449 2681
1384 1965
4342 7208
500 4288
4341 7581
4288 5388
4816 7548
6496 7499
671 2975
2061 4588
1927 5487
2199 3882
4816 5308
2192 7376
526 1944
4043 4375
1269 6121
2982 3936
460 5463
2743 2906
5814 6481
1665 4465
2303 6318
242 3455
4108 6926
2088 6100
2222 5870
4034 4659
335 4330
840 7303
3897 5535
1550 2960
1465 5348
2641 5724
1174 1350
2038 4118
3964 4421
72 549
4361 6369
1532 4196
2674 3200
5662 6799
1134 3398
1783 2948
859 6135
3565 6253
3707 7551
4989 5068
1713 3965
3187 5097
493 2686
4614 5688
2173 4304
1611 3113
1849 4308
2075 6062
2593 3468
11 5858
1943 5009
2688 7594
2502 7081
167 2007
3955 4285
3516 6814
3023 4533
3038 3261
664 5834
1411 6623
521 2199
6859 7388
1925 3330
1094 7195
746 5246
1937 5001
4411 4987
90 7254
6337 7057
543 3608
5804 7247
899 1403
168 5381
5765 6095
387 4122
3385 6556
3538 4542
5765 6348
3632 7494
2814 3793
27 5513
4890 6587
5053 5995
637 3295
2442 3484
1659 5407
5217 6846
2119 7100
1346 3101
2512 4736
899 2747
1437 2262
986 6316
6844 7534
6063 7477
1388 1654
4949 6648
2917 5229
241 4645
721 4727
4827 6105
2533 4633
1654 7387
816 3335
3425 3898
1090 1389
1020 4811
174 5321
1267 2117
1315 2376
6671 7598
2812 6505
1031 4023
2460 7550
1444 5080
2522 7450
2549 7407
4402 4451
1631 3379
273 2149
6213 6651
1424 4402
317 6741
2466 6364
1270 6878
1482 5773
1527 2861
3505 5028
534 7035
943 6227
1109 1486
3357 6927
5526 5584
33 920
1693 6607
1662 6027
3318 7389
1389 3358
4510 5532
630 2578
5859 7407
5116 7509
84 4432
4356 6368
2933 5469
1660 2889
3422 4343
3676 3969
1672 4739
5223 5766
3504 4968
6627 7074
3353 6964
2613 5515
5724 6419
774 2444
623 6536
135 6381
968 2716
6946 7519
938 942
2283 4534
1511 6483
2194 3875
2741 6039
1001 3060
4935 7451
1721 2505
407 5478
1673 3013
1639 6893
2663 4603
159 5986
4258 6548
6164 7018
2265 3798
6729 7610
656 7265
5981 6997
585 1784
5248 5528
656 664
852 6675
1959 6653
3615 6769
173 6248
1711 6163
3225 3506
871 1295
3709 4372
2199 2239
3336 5668
3750 3755
5946 7315
3241 6511
3003 5057
360 4285
606 1954
5905 7433
2303 3329
4258 4884
2355 6835
1342 4365
2288 5294
400 3738
4236 5664
172 259
4853 6964
2104 5856
2490 3953
3909 7435
2642 6091
211 1219
1335 4699
742 7135
6732 7308
19 165
2161 7000
1339 1889
2033 5624
3336 4493
2738 5276
2330 4824
385 3711
5231 6649
121 1142
6236 7576
1253 1535
521 3993
6512 6769
4578 7479
2 1891
5167 5304
6779 7593
6126 7604
2214 2639
2081 5640
1200 5852
400 2151
1515 6734
1228 5981
1582 2356
5070 6754
1014 1678
4501 7085
3511 6145
2014 2111
884 1957
5478 6548
2586 4498
4414 4476
1457 7480
1556 3383
4453 6321
6228 7024
3817 4299
3972 7337
5332 5575
452 5297
4470 6367
1749 2946
1666 4209
2976 6315
3124 3374
6467 6510
3867 6361
3673 5728
2554 4737
3697 4758
153 3368
2609 5647
1624 3396
991 4463
6832 6866
202 5362
2818 2984
1167 4572
51 2054
1248 3157
642 4304
4039 7405
4250 4950
6428 6887
4717 7590
3501 6863
983 6711
1592 4529
3741 4968
4208 6501
187 5855
2233 4326
1718 2015
1677 6899
5049 6449
3890 6727
3324 6169
1179 6898
2443 4788
3656 3742
2045 2917
2803 3839
3866 6484
1432 2766
1740 7513
4164 7323
982 3938
5192 5971
6500 6759
2912 3407
4222 6826
3039 7305
3097 4937
517 7366
7272 7360
4201 6895
6394 6605
257 5946
785 3835
4427 7460
2018 3360
3888 5632
2077 4169
4012 5434
6812 7237
1907 4480
121 3279
4998 7389
1542 2743
1342 6101
4557 5080
4627 4792
4723 5422
55 5842
2947 6962
484 3803
62 2982
2872 5307
2607 5164
2123 3478
3197 7301
3004 5179
1011 4466
361 2478
1326 6729
5672 6312
2455 4620
696 4329
1188 3935
4397 6794
1356 3710
2787 7299
5009 6673
1683 4136
1581 5217
3140 6230
3492 4576
829 2255
2817 2945
419 5280
945 2172
2460 3293
4462 4755
1683 2944
5702 6061
1539 2146
2772 6991
1385 2773
2309 3465
6041 6190
5437 6319
4746 5280
1135 5145
2438 3857
5669 6171
3474 4514
909 2580
2276 3775
3663 7454
1923 2309
3817 7143
2041 7406
922 6787
746 3055
3898 5311
4927 5881
5398 7136
5120 6794
942 2364
4604 5317
882 2321
2233 2489
1546 3064
4201 7044
1619 4203
889 6240
4777 6477
238 1000
1280 6148
5600 6533
1790 5001
2598 3684
1285 3483
6177 7468
4382 4873
1583 3357
1806 2181
1337 5815
3120 5631
3621 4523
1522 5380
2735 6847
1501 5365
282 7122
2148 6003
5591 7419
3245 4358
2144 6951
1549 3462
1851 6312
3447 6166
4024 5974
424 3951
2983 3196
3552 5361
1631 3935
668 860
398 5656
3327 4522
343 3594
5850 6273
1624 6536
899 4230
2862 3365
6131 6353
2725 4337
2099 2886
3135 6460
5050 7620
5659 6443
147 5655
2460 7057
3010 4633
2100 2489
3142 4766
261 4637
965 1638
3093 6483
441 2053
2429 4542
2982 4991
3226 6572
1891 4220
6983 6997
438 3840
4127 4538
110 3158
510 637
4281 5469
1389 5207
189 3797
2284 3044
437 5454
2715 6493
4481 6810
1495 6021
3555 3847
1725 6372
4201 7302
1952 6567
5427 6135
5362 7411
1301 1780
3084 3600
1783 2389
3321 6062
1565 7121
73 3517
5128 5805
2470 6753
5024 7172
1929 3840
39 2728
3915 7411
4469 6087
1311 4396
1133 2846
645 1822
2459 4034
870 2134
831 1042
1270 1838
1885 4576
1357 6951
7311 7326
3499 6748
1383 3384
753 4790
2099 2719
3436 5047
1428 1631
3362 3566
3614 7501
5026 5904
879 4069
1078 2569
4354 6314
823 2554
1930 4148
1062 6527
959 7069
658 854
1450 2917
1063 6530
7333 7561
4134 6851
6224 6551
4997 7284
3227 7066
1602 2205
1706 3468
385 6887
338 5244
2879 4735
3566 5914
2462 2859
5027 5238
2230 7000
4383 5779
4718 6223
3807 4910
2044 2911
1637 1679
563 2980
2542 4031
3818 4540
370 4943
5071 5913
1951 4604
1955 3860
826 4316
2067 5236
4551 5189
791 2461
1368 5738
520 3754
631 6011
3944 4496
5010 5808
1471 2676
1504 4967
574 2949
3058 3745
5001 6483
997 5902
3998 4562
223 6132
6930 7359
53 4995
5322 7558
4755 7516
1667 7192
3444 7279
1095 5987
5421 5459
4696 4972
3242 4876
4777 6399
4566 5233
1569 5163
653 5489
1382 7175
5899 6792
1480 4809
2582 2960
5271 5549
269 5713
3962 4702
1286 1776
155 4804
5935 7399
1923 5122
5525 7345
3928 4078
4377 5121
2019 5333
2430 4160
5540 7235
5462 6342
4893 7138
1227 6031
2840 5553
1125 1797
174 2730
3427 6975
1904 2007
2793 4317
1724 5588
3469 6537
6713 7615
3916 4956
3210 5527
2729 4371
1610 4297
489 2742
493 5645
3441 7591
2073 7345
1136 7597
2816 7043
2455 6468
356 449
3432 3785
1328 6826
5478 6787
2470 5954
5392 6425
776 5158
1369 3241
5357 6891
2246 6337
3593 6799
2074 3670
1069 5578
1086 6712
4567 4810
3932 7455
1104 1741
1893 3616
4383 6526
337 364
1978 3765
4385 7266
3311 3983
593 5138
3183 4425
859 1151
5559 6952
2156 6465
1781 2594
1307 2908
832 1476
446 3551
2267 3840
4296 7260
1139 1531
1206 4196
1314 2633
224 1230
1830 5559
651 3882
5724 6561
1526 6184
1947 7055
2076 2517
4048 6885
1633 4267
2469 7083
4680 6731
4078 6066
1 4027
244 6646
11 2202
2450 6948
318 4542
363 1568
6030 7619
6991 7598
4302 5842
4513 5285
855 4105
5945 6993
376 5393
4829 5140
979 4264
2217 5687
268 579
2503 7331
171 4966
269 4155
5916 6400
3619 3736
2374 6924
6619 7370
885 3501
829 1461
224 3301
1320 5678
3504 6049
2511 6004
3762 3794
2273 6946
2994 5182
3784 7249
1401 6916
2950 5007
1376 4235
2091 5053
4163 5277
788 4927
1955 5896
4825 6897
2929 4096
1147 7059
5274 7422
860 1432
807 1953
1997 3672
4772 6566
271 691
4671 4833
2997 7540
7004 7046
4909 5143
358 1634
6478 6705
200 5913
2859 3688
2704 3225
6784 6986
3265 7314
3302 4912
1827 4215
1433 6618
1388 6653
3062 5960
3902 4297
1117 4937
4097 6843
2792 4910
136 5413
2370 6806
2126 4524
5 5277
3764 6705
2456 6561
1259 6125
4072 5351
1463 3179
1072 2044
3251 5325
1924 3022
4783 6142
2617 4368
3122 4363
1774 7162
485 3199
5102 6606
5364 7028
956 1445
1337 4933
2730 5872
1936 6047
6302 6367
3320 6969
1786 3174
5929 7187
5496 7502
240 682
1305 6314
1903 7491
1868 4245
2851 3810
2395 5630
1186 7398
1232 2796
2667 6605
1146 2199
158 4719
5498 6854
869 6767
580 2115
268 3821
3764 5193
2747 4016
6875 7407
3209 6216
4816 7189
4567 5957
190 6986
440 2435
2150 6898
6117 6387
1444 7341
2044 3209
6469 6557
3993 7385
2277 2554
1876 7022
1347 2436
3330 4758
1673 2263
3192 5320
5280 5754
6267 6372
606 5938
1341 3011
3095 4012
1889 3047
414 2107
485 3672
4924 6469
6445 7277
638 2965
3841 5607
711 984
3804 5138
622 748
1779 4438
1128 3854
1247 7018
715 6843
1506 3647
4754 4947
1831 5482
2941 6364
21 4666
1252 2987
660 7350
2733 6013
927 4191
6380 6687
2297 6091
6574 7351
3080 5279
2396 5386
1349 7598
1386 2413
2160 3433
282 2002
85 1740
2900 5995
5415 5574
918 1680
3254 4125
210 3065
1034 2231
3780 4861
6529 7011
152 2479
1598 4056
2768 2877
2557 3730
7091 7373
2398 5820
1140 5688
382 6318
2619 5615
2869 6206
6318 6433
239 1815
1199 2620
400 7430
2408 5732
12 6794
3468 3737
4108 6463
3138 6475
1661 6043
6059 7401
3406 6326
1354 5474
891 1959
3056 7074
4616 7595
783 3904
898 2809
3267 7245
1306 2526
3063 4024
3289 5790
2424 4265
137 2454
1204 4647
2782 4177
2205 5924
3668 7392
3134 7045
215 5542
4528 7465
704 2943
4731 6293
2116 5214
1967 3028
1821 4784
1760 3073
466 2218
4441 7129
1093 4070
685 3553
3146 6123
952 3876
3858 4990
6775 6845
3076 5269
3285 4019
891 4981
3231 4191
752 5493
2545 2563
4240 6772
3319 5788
3929 6917
2358 2547
5556 6076
2134 3925
1211 7138
5088 6167
5455 5778
1204 2709
2646 4100
77 3550
78 2305
4467 4652
3427 6863
4442 5970
1927 3983
4732 6220
1620 1709
5442 6622
481 1589
2449 5611
519 3898
147 7161
5100 6251
2339 6869
6043 6980
230 4197
4425 4968
4877 5844
3633 7412
3244 5808
1164 2757
1707 2402
5283 5708
2505 6696
501 3425
2351 4521
406 5177
7040 7586
892 5668
2935 6569
2532 3954
4445 5772
813 3813
2615 2798
2013 5993
1198 6533
3543 7243
1773 2940
1644 3904
3514 5465
1066 4052
2136 2481
914 4788
3598 4352
223 7072
3172 6733
4439 4500
1105 4071
787 2059
4604 5955
4286 5770
1842 6949
4711 6159
1455 4669
2777 4731
5391 6496
388 1683
4428 7271
3117 6734
4080 4754
3465 5166
4416 7361
1224 2882
2956 7251
555 5653
1988 2881
528 1422
718 4652
845 7082
6338 6528
258 7198
239 1689
726 6855
4252 7343
6357 7260
3380 4944
203 7617
769 2131
476 5841
6170 6394
1261 7230
693 3649
5932 7082
6292 6815
5587 5814
1170 3494
4498 4835
2634 6065
5852 7232
850 5961
748 4379
3703 6860
202 5369
6481 6794
3281 6226
53 6683
3315 4439
907 4972
2079 6004
151 3101
4762 5251
3557 3750
3139 5498
517 6841
1618 3358
3202 3948
132 5158
1417 7067
277 5045
2464 6072
225 958
3421 4934
936 5357
3977 5401
2741 6537
4554 5197
614 5547
4428 7014
291 2863
1884 5244
2255 4047
414 1517
1069 7266
2607 5878
371 2527
466 3485
1875 4512
1096 1876
2408 5153
2102 3347
46 1986
3875 6617
1853 7501
645 1376
2149 6306
2057 3072
3316 7022
1151 7065
3344 5424
189 6802
1270 6239
5093 6500
2219 5697
1953 3939
635 7028
4576 5485
1877 5387
2626 4651
4831 4935
675 6333
5765 6729
4117 5229
3810 7098
168 385
4409 7453
2876 7592
216 4471
848 1885
5978 6635
4153 7224
93 675
2988 3063
465 2539
1379 4196
2203 3431
1903 3247
4664 7467
1518 1767
4126 5835
1369 1449
963 1031
3462 4158
282 3304
1332 5206
1386 6411
5025 5332
3627 4003
3 6001
1989 6676
616 5147
1574 3336
2340 6114
579 2113
2757 5924
1814 2890
4944 5969
3858 6864
1698 5907
1576 6354
3223 5290
1702 2447
270 6378
966 3120
58 3006
1262 1334
1469 3506
4196 4573
2141 2720
1810 7299
5808 6226
344 7121
4034 4201
313 1620
890 6896
728 6471
716 3400
1021 2048
1747 5152
3089 6612
2984 7364
6810 6852
4241 5883
5122 7516
3848 4399
166 4057
2465 3632
721 1897
1602 5954
2383 6568
417 7331
5381 6621
6789 7011
4361 7471
3695 6641
4573 4610
181 1010
5958 7111
3155 6685
1453 6805
1677 3314
2954 3853
1184 6565
1928 4414
5277 5348
47 1833
310 2006
1249 1683
419 4367
368 5622
402 4660
3180 5522
5198 5841
1218 7339
3613 5138
609 2646
2618 7219
2438 7359
798 3292
4834 5394
4219 6649
2479 4456
2352 3598
2828 6855
1036 6141
899 2357
282 1283
5226 7176
272 278
3036 5258
2849 3161
4824 5235
78 5071
841 4952
1683 3864
5701 6101
2536 5837
6069 6873
695 6995
2719 4463
2186 7568
3590 6477
2345 6312
5620 6483
3378 5495
2163 6259
197 3195
3682 6574
4693 5719
73 3531
3928 7420
1021 5302
1964 5053
3677 4336
2775 6433
3239 4982
2074 2220
5069 5322
628 912
6143 6761
2361 7175
6202 6395
2545 3211
5052 6590
1822 4631
5594 7087
71 3052
2776 5465
5353 5802
1158 3484
3759 6654
3342 3725
3379 3608
1089 2882
2907 3091
586 6073
1485 2527
88 7273
1391 3073
264 7522
515 3588
5712 6821
3514 5754
3853 7275
1788 6885
772 7351
3370 7515
1824 7223
4153 4254
4529 5559
2640 6699
807 1546
3822 6751
1778 6883
1972 5571
7072 7572
1956 4158
484 612
1572 6487
925 6174
3673 6916
4206 6509
6444 7061
2921 4812
2715 5928
4431 5295
913 2954
1591 3327
169 1904
5317 6766
3244 7477
1088 6685
1416 3981
3321 3393
2160 2198
5468 6947
1873 4067
746 3757
3669 7114
1735 3892
4597 5813
2946 7584
6447 6672
2829 4387
5750 6474
4448 5156
1730 7038
503 2058
5196 6401
270 4538
4737 7296
699 3849
151 3121
5157 5421
2461 6630
2373 6472
6782 7225
4967 5450
670 3156
3172 4635
6587 6968
5199 5690
2422 5768
5295 7433
3976 6731
664 5348
473 6372
489 5581
1014 2913
142 5106
1090 5252
1613 6405
4672 6106
3384 6344
4441 5021
3365 6213
2049 3501
1262 7194
811 930
2927 5261
318 1474
1721 7332
2798 5259
2769 6695
687 1009
4033 4803
1533 3481
1256 6803
136 5403
3873 6735
1256 4541
2068 7179
2432 3921
2051 2264
2889 5524
1870 6081
4396 7538
3903 7301
1405 3925
3477 6357
407 5725
136 1619
4118 6484
4585 6093
5947 7502
3674 5198
989 1335
2839 6698
5506 6403
3759 6770
3318 4213
3343 3428
4223 6988
362 4284
5387 6806
1073 4152
2905 7022
354 6640
1087 6053
2984 4588
2642 3441
5057 7059
1342 3281
5115 5116
5839 5939
3149 5212
428 2460
1731 4421
1813 4864
2354 2686
1760 5173
1933 6558
2080 4617
669 6664
1864 4656
5670 6278
6714 7386
4133 6217
4227 7065
1494 6804
1254 7187
586 961
5235 7148
5899 5977
497 2760
63 3046
901 1393
730 3083
3107 5925
285 3249
494 4254
6085 7603
31 1168
3594 6102
1605 6487
2565 4530
2211 7138
2145 7610
5164 5960
4151 4739
540 5521
2196 6774
5789 6594
2468 5113
3122 5053
254 6667
4473 6595
1962 4699
4191 7426
536 2242
807 2101
641 7070
2980 7540
2039 2058
1806 6245
1387 4746
2092 2155
2556 4267
1964 4737
4054 7009
983 7230
2920 3956
3436 7561
1393 6069
1324 7333
4461 7200
3915 5921
4785 5127
5722 5771
2962 6206
1711 3157
4385 4613
3228 7563
91 5614
1154 7241
1397 2207
2982 5330
3214 5676
2690 4920
3913 6007
4614 6422
5798 6371
575 6830
3298 4349
5132 5186
3686 3706
280 765
2511 6063
1311 2065
1051 4905
189 1231
915 3420
1683 5209
1303 3797
182 337
3080 6876
5272 5626
1274 4020
2292 6959
2303 6010
5603 7608
3264 6160
5403 7516
4350 6085
6124 6544
3071 4728
1147 4003
4524 5474
1213 3543
3696 3802
2221 4858
34 4808
2282 5862
483 4255
1616 2628
1707 6736
1171 4185
1879 5185
698 2038
1033 6873
2895 5096
3556 6414
3391 5083
458 5072
604 2894
2010 4263
951 4418
5302 6812
1007 3125
2792 4503
452 4155
1145 5681
3790 4104
4283 5255
5043 7071
2845 6832
1002 5333
1181 1719
502 1232
828 7001
3329 4384
2700 4433
2546 7212
942 6554
1623 4742
3570 5665
826 2097
4224 7575
4817 5793
2541 5034
1561 3876
2779 4334
81 4183
2954 3787
4667 4890
3146 3374
3981 6268
88 1010
3922 6431
1526 2332
592 3294
30 4647
5662 6694
4978 7083
1427 6522
153 6807
5279 5464
5906 7026
5757 7596
1272 6034
1464 2954
477 5477
5186 7186
2559 5383
2256 4901
1891 3775
2177 3928
1364 4494
7132 7611
4208 6538
4504 6538
2527 2801
787 3841
3896 5645
259 3854
421 3880
2167 2476
511 3452
774 6066
1099 7018
27 2808
3239 7099
2434 6278
2536 4016
470 3582
1791 4015
278 6785
268 6049
4104 6994
1063 3495
4522 7476
865 4025
451 4627
1328 3518
951 4889
3479 6706
306 6985
4310 6018
3551 6915
1603 2181
3485 4282
1731 2397
4 4447
1149 5283
254 552
437 1509
367 4105
3510 5770
1079 5028
1874 3980
48 3512
5112 6892
1220 1753
2845 6649
1319 7306
163 5512
2949 4737
1108 3943
1265 5247
2198 5553
2264 2358
4738 7222
6932 7531
1037 6928
2424 2899
803 3448
3184 6012
937 4199
928 3310
5515 6150
4616 5540
5725 6580
604 2892
810 7089
2301 5583
2656 4292
1301 4757
5611 6166
2082 4170
5374 5548
86 2052
666 3994
5507 7036
4059 4998
1157 2336
3523 3662
3083 7524
1660 3290
3243 7603
2318 6484
3369 6429
1997 4778
34 2797
5437 7371
1929 3388
1963 4573
2884 3273
1511 1975
879 7254
5827 6483
788 3309
996 6356
4368 6148
629 7212
2541 2860
1357 2537
3120 3633
363 7077
330 6363
3174 5209
2174 2296
942 6383
2210 3394
4863 6752
3732 5010
1200 4281
1057 5624
1946 7068
2098 3909
5408 6792
347 3626
1404 3964
3106 4301
5180 7380
5427 6117
1130 3213
2767 2963
1205 3518
304 4214
937 5466
662 7113
2669 4292
3028 6044
2809 6234
6965 7329
1495 6520
5168 6742
2419 5574
492 1067
1757 3000
2373 4379
121 2462
1842 3820
5001 6713
2192 3741
3881 7126
3929 7590
506 533
4750 5356
2205 5256
1976 4058
552 2516
3947 4894
1347 2441
4542 5813
765 6159
3301 4738
3271 4873
4068 4705
1483 7529
4925 7316
604 3209
1278 2210
1759 4588
3535 4656
1677 4219
2299 4433
3379 7488
5847 6469
3387 6355
6724 6881
1533 3224
2516 2992
3390 5551
3018 7088
5073 7311
1877 3017
365 4027
907 1959
6122 6384
1509 5204
1333 6419
2291 5714
1624 5250
2250 4152
812 5319
4502 6151
3459 4950
5666 6996
3599 6431
1309 1705
1456 2220
3844 4267
1763 7544
3001 4051
594 6836
188 2206
390 3842
1366 1368
1339 2482
1596 7335
1317 1820
2288 7586
2629 5340
3030 4135
7338 7431
2954 4817
3221 4743
410 7174
1872 4178
4190 7002
2179 4967
2594 4916
5030 6958
18 5604
3622 7337
3582 7062
615 5678
3342 7007
58 6905
942 4489
635 1689
2349 7229
6052 7145
78 304
650 4334
3581 6515
6205 6935
271 5567
4461 6332
2664 3920
32 5186
238 1679
1054 1073
5800 7363
2503 2646
1568 2647
1619 3193
4547 7079
2692 6846
2850 4532
3862 7352
1271 3025
2163 6375
3223 4877
2537 5028
133 489
666 1712
13 6304
200 2194
2912 6607
2760 7019
1799 5933
1379 5763
6684 7479
1076 2770
3196 6596
4041 6721
6383 6653
1436 5940
532 5476
2404 5113
4213 5164
656 2197
222 3654
2145 4697
459 4025
410 1066
3031 6281
3532 3655
4569 7030
2630 3044
1838 6606
5047 5076
3504 4663
1461 3688
3108 3327
719 3564
1506 7015
5553 7318
3906 5990
4320 7345
3906 6128
853 5971
182 1892
5773 6537
1196 5048
278 1254
3777 6099
1634 6358
2241 4306
400 5326
3313 6535
255 2157
2617 3969
495 1329
2536 4959
5296 7387
705 6408
2170 5976
5195 7040
3778 5105
69 7617
883 3315
845 6205
716 4646
954 2428
4090 6988
6626 6801
4279 6268
922 6084
1783 4026
3501 6827
4694 4759
151 2326
1552 2993
4192 4417
5737 7365
4995 5668
5468 5825
6033 6649
4604 5196
4245 6713
1189 7237
685 6225
371 1136
1602 1746
5143 7594
215 7485
1841 2017
551 771
6784 7339
1120 6292
4056 4648
5823 6581
1719 6509
174 7226
3746 7230
2880 6207
3657 6525
4265 5144
2329 2542
1677 4155
2452 5837
4462 7039
2438 3218
4189 7490
1783 6431
1985 4338
1065 1179
2171 3049
2926 5004
5561 6649
5619 7541
4087 6567
2145 5767
54 3134
1032 5284
3467 6527
1561 3920
4588 6915
655 6994
3042 6529
69 1210
3214 6614
1393 4369
2048 5174
970 1504
397 6628
3165 7035
91 3062
3592 4528
778 4955
2227 4467
3039 7327
1904 7482
5017 5964
868 4835
4072 7187
1643 3696
4038 6586
132 2484
418 4126
2038 2307
6618 7150
337 4844
4903 5039
4695 7422
2505 4833
2814 6167
2218 5903
5115 7093
4157 5885
3189 6757
3897 5747
956 5122
4332 4492
5349 5497
2707 2737
3306 6148
2047 3428
3510 4736
256 4362
2873 5640
2890 5760
3409 5940
209 3979
3205 3390
41 7052
2214 4298
4720 4915
2505 5089
2409 5665
5194 5920
1642 2847
4717 7076
3566 4336
6882 7160
1391 6576
3368 3877
859 2377
4217 6664
4099 7554
1220 4918
3637 5890
5569 6653
248 6451
420 4848
650 670
1565 5494
2740 6386
2955 3110
1544 4242
4304 6138
867 5332
1361 6782
5569 7030
1866 2090
2093 5915
6908 7496
1472 2312
360 7241
2471 3292
2993 6735
4550 4624
3647 3816
3775 4439
821 3441
1773 7133
343 776
3444 3865
4480 6538
2407 5449
915 2827
1991 3384
2999 7450
448 4522
1843 5244
432 2357
1153 5758
2019 3273
3008 6814
2126 4155
1344 2952
4471 6260
3386 4704
1364 3301
1221 1315
333 6278
1536 2883
479 3200
1838 3587
6600 7429
6375 6928
106 2533
3190 3263
4256 6500
4855 7443
3567 6550
770 7598
2836 6935
3711 4636
6035 6278
863 1092
4353 6131
1791 5228
2332 6622
960 3701
3351 4685
1881 3960
4991 6422
259 3234
1137 1417
1262 5182
5140 5240
3532 5144
765 7348
834 7003
3124 5406
1166 5645
1219 5300
5838 7114
3639 6365
1764 5792
1203 7179
1482 3642
4664 6398
2093 7427
960 4607
925 7072
2733 2851
413 7040
588 6664
5571 7123
1146 7127
828 2548
2932 5721
1168 7255
2899 6045
411 3521
4040 5524
774 5577
3514 4044
2745 3505
4427 4475
1855 5368
3149 4812
2480 4548
3088 6145
3694 7282
3306 4276
585 5192
1817 2596
5222 7562
1946 6204
1311 2727
1775 6072
1203 5846
3726 6610
6917 7081
1905 4359
5186 7555
4076 7318
1592 6416
3234 6165
2351 6660
816 943
768 7022
2208 7054
4761 4856
941 6826
1284 2974
174 4208
822 2842
2403 2910
2970 5887
3722 5813
131 6483
2887 6843
1761 5643
2731 5014
2178 4707
676 6069
847 5735
2901 3892
1366 3777
1145 2879
2415 6139
139 516
951 3459
2980 5519
48 382
3225 6114
4834 5549
4436 6705
584 4517
1228 2405
2617 3369
1097 2033
4350 6455
417 2786
931 6991
5047 6215
1593 6203
769 3170
1305 5409
4106 5362
552 5509
2813 5618
2304 5710
6098 7075
3151 6441
1353 3252
4923 5036
115 6939
1260 7412
3788 5478
7135 7389
1525 4829
430 1638
387 3237
2285 4961
4032 7533
290 4063
1381 6152
3535 3634
4679 7304
4555 4666
47 7389
1020 4210
762 3927
5061 5088
1811 3567
5547 7086
1969 3797
5383 6154
1452 5426
2799 7192
3479 7354
2564 4595
301 1531
6145 7262
1897 3286
5957 6592
2499 6197
6959 7227
3878 5532
915 3642
1892 3198
407 6456
1390 4399
4639 7140
1288 7516
956 1725
1483 2384
2316 7453
1426 3807
6294 6869
1910 3516
2016 5710
225 2182
4992 7595
429 4121
2035 2153
4701 6201
2979 7411
1352 1869
3936 6565
5065 6640
493 5203
1739 6220
1069 1843
1713 4721
2971 7027
3112 3326
3388 7019
944 5753
1816 4854
3818 5177
5843 6686
1712 5596
2033 3088
7087 7393
5038 5911
677 3862
2007 4009
5711 6334
1564 7083
1589 2758
3447 5919
5605 7547
1807 5257
1788 6509
5118 5397
6590 6808
5542 6323
3621 4649
4418 4996
1047 4166
1175 1483
1146 5055
385 1577
2051 6760
947 4739
5751 5935
1524 2963
187 2391
1084 3573
666 4847
1206 6172
360 4647
5466 7350
2926 5405
917 4331
4376 5642
4160 5812
504 1328
85 5148
237 6541
2599 6245
5081 7359
4452 6755
2307 2871
1836 4157
3686 4574
1198 6290
1059 2603
1001 3632
952 2653
3344 6381
891 1008
4234 6976
337 4064
3535 7311
210 6071
2515 4918
7024 7211
482 4483
505 6043
3609 4268
2551 7614
4130 4438
4256 7185
2558 2602
3556 7512
2471 5639
1498 4729
5799 6918
4427 5646
4470 5325
866 4396
798 1772
835 4383
2601 4622
1165 3534
1005 3742
3276 7499
3243 7337
3079 4445
2919 5330
2138 2642
674 3692
2404 2594
3644 4156
3685 3964
1557 3548
3365 6255
702 2955
4717 5007
4961 7424
752 4393
4184 4621
341 5476
5726 7163
178 3772
2695 7180
2473 4455
527 6186
2567 5346
1653 5465
3592 5621
635 5995
4584 4842
2122 3252
3876 6861
426 5539
2190 4436
578 3423
1644 1989
5135 7229
3332 3377
1766 5403
3600 3872
1876 7100
2232 6886
4864 7510
771 1620
748 3214
2672 5389
2660 7342
878 6521
12 3425
391 412
3452 5282
6215 7127
3158 3382
2310 2324
1874 3752
3896 6246
1367 2327
4439 6055
3463 7085
6624 6918
5863 7490
3265 4686
21 3547
1274 1831
30 3634
484 6305
20 2043
5118 5880
1778 3815
4111 6054
864 6750
1300 4890
2001 5307
96 2249
4178 6383
1393 7280
4722 5461
1129 4775
2210 5371
2780 4757
1403 7259
4019 4557
3275 3835
2957 2960
2218 7125
6516 7306
760 1750
5732 7334
3584 7571
1370 3970
704 4048
372 5568
7322 7455
5632 7537
3807 5631
4846 5297
2268 3082
2441 5970
739 789
1785 4205
4436 4668
3987 4849
6043 6621
4298 6232
5747 6315
3852 5826
661 4860
1843 3568
1085 4553
4819 5437
1603 7108
1464 5379
38 2344
625 3230
1384 4633
4159 4687
1518 4128
1468 5084
3083 3857
1571 2897
273 6360
1113 1464
4213 5356
71 5163
3590 4672
287 4918
1944 2937
3636 6667
3449 5687
4060 5142
3542 7488
2529 3541
1834 6397
2063 2368
3893 5727
4424 6802
222 3655
2431 6587
3703 4659
2921 3506
3670 7210
2268 4664
2551 4494
1570 3687
2568 3052
3076 4244
3387 6844
4629 6978
1230 4510
5807 7513
4826 5550
1461 2543
3223 4906
5558 5655
4716 5764
1224 5209
576 1506
835 3698
91 3866
767 2939
6979 7465
1683 3519
1937 7123
5504 6094
800 2786
3978 6414
3811 4931
6879 7502
2372 6766
217 5851
4273 6777
1273 4956
5398 5487
2102 3891
6583 6640
1981 4843
540 718
1596 6367
1692 6319
830 1057
6050 7115
605 5440
5775 7466
977 4887
1427 4420
391 2356
5869 6795
922 7217
5562 5804
4236 6644
1041 7450
6246 6928
2472 3273
4550 7183
3701 6193
2533 2674
1046 7385
6753 6812
201 6726
1471 3274
933 3395
1964 6184
4061 6029
356 2635
3970 7332
294 5193
1145 3927
1712 3874
1578 1738
3835 5506
1457 5119
2419 6360
2512 4137
821 4450
3263 7141
2154 5385
2562 7061
3515 3797
352 1283
1969 2555
193 1461
6377 6538
3642 7461
1592 6451
3472 6390
5291 6755
1082 5317
13 6783
1454 6098
619 7352
2318 3656
675 7217
384 3564
3384 7210
3718 7507
1882 2767
1613 2705
2614 3638
2292 6168
409 856
3582 6584
524 3092
740 1797
6255 6351
2511 7562
5868 7573
726 6850
524 3909
5515 6830
1090 5469
4697 7264
1056 1704
4418 6918
738 2565
4384 6260
1092 6785
5788 6509
454 1640
6651 7210
126 5323
4729 7555
5026 5373
1054 3870
3052 4165
6951 7611
2796 3222
3431 4710
4706 6472
6928 7164
2439 5262
5898 7226
4178 4444
5322 5509
364 5739
1239 4181
100 703
2751 6409
1225 3348
1979 4685
4100 4822
1489 4883
1807 2469
3728 6784
5921 6446
1794 6526
3952 4762
562 4326
17 4845
1492 7605
3771 4707
4117 5626
464 7035
3933 7598
1065 5357
3488 5057
3765 5962
1690 5817
249 3489
497 6071
1735 6947
5795 6474
140 4246
524 2282
6022 6251
2738 6867
3695 5934
865 2599
2789 4794
2920 7486
3241 4816
5818 6091
571 6698
2382 5830
4269 6011
1790 3166
266 6348
4332 6449
2212 5752
2289 3855
1501 3813
1899 7200
3196 3997
2434 6108
3865 6325
1385 4291
333 7200
5553 6230
604 867
1337 7382
478 5851
683 1168
2673 6469
4231 7099
7011 7474
92 3340
2343 3628
1445 6602
4290 4574
3970 6556
2755 6555
1286 4097
3360 5674
556 3725
2342 4512
3451 4610
628 2522
3465 7204
442 2389
3668 5115
2125 7055
6375 6534
1008 6853
4278 4718
2775 4920
4019 5684
774 6604
1934 6907
4260 4959
1031 2631
1924 4000
1203 6441
31 1371
4182 5426
1893 6792
4574 5945
78 4358
2597 3575
377 5663
3694 4339
795 6764
941 5261
1070 3854
4111 6395
90 1450
1409 4276
878 3653
199 6046
1085 3121
2383 5637
2121 2196
1621 1797
4092 5617
3524 6766
3659 5135
678 3177
4133 6486
748 6008
690 1645
2395 3365
462 2398
3428 6306
341 495
4922 5160
1676 6231
3068 4343
1383 2190
2164 2508
1405 5317
1045 4996
984 5300
3209 6560
48 5161
3883 5375
2276 5782
153 6525
2325 4403
3391 6631
1373 6845
2661 3087
2975 3844
1091 1770
5849 6165
7447 7564
3353 3549
3113 5799
4684 7119
4658 5296
4044 6433
5543 5670
3671 5750
2003 3129
5861 6683
5735 5950
753 2030
978 1849
3628 4432
290 7586
2428 3152
666 5109
322 5880
594 2599
3014 3802
4394 5693
7090 7247
1185 2832
3011 3692
310 2579
3882 4966
1566 6450
1746 2701
370 2048
420 4766
2108 7011
4780 6387
1008 3973
1054 3767
4522 4778
2334 4499
6304 6636
766 988
3110 5264
3432 6462
692 6545
2807 6778
2863 7438
886 5997
1849 6995
276 4572
6048 7407
2809 7275
2463 7361
2812 5624
678 6234
3550 4385
103 2738
2369 2722
142 2781
2714 5904
2247 3366
733 1499
2529 3402
2973 5074
930 5520
1574 2746
4854 6007
5293 6416
170 4224
994 4626
3294 5841
1095 4327
10 3385
2492 6895
1827 3324
619 5313
3295 5362
2065 2758
5639 5753
844 4321
2300 4879
1394 7357
3262 5856
369 3357
1807 4367
2928 5887
2127 6671
4485 5078
226 893
1696 6512
6088 7264
974 6033
1531 2181
1545 3497
3444 5155
3132 4108
2511 5522
4318 4956
5817 6448
1262 2693
1403 7304
4843 5612
1482 5052
1078 4926
2490 4734
3384 3577
1725 5153
375 1323
779 4786
1315 1768
2573 6815
177 6411
308 466
3275 4735
2158 6205
3787 6669
1143 2182
2436 5070
599 1135
718 5304
6150 7064
1680 4868
2004 5792
3439 6122
2012 4462
3736 7486
940 4953
4435 6051
243 5453
4662 6930
1495 7320
1281 3123
2000 7237
2580 4267
407 7254
4951 5366
5465 6187
4893 5651
4350 6376
3349 6707
1885 7412
769 2745
6953 7568
6543 7440
2088 4269
3414 5989
5948 6160
3821 6916
5764 6893
1129 5573
3692 6846
160 3079
1438 5176
2121 5090
2422 6983
1759 7377
2220 4164
413 3986
1309 2007
1705 6185
1315 4812
2546 3652
2261 6080
1750 2876
5300 5469
318 410
4826 4950
267 2213
6380 6436
2478 3871
1378 4823
2188 2500
3487 6925
528 1769
5205 6832
4610 5490
237 6750
1309 2751
2767 6242
6875 7049
1194 4763
2132 3707
731 2952
3527 6692
2513 3396
2304 5478
3476 5858
2636 7152
1835 4789
1165 4088
942 3613
3939 6017
1776 2565
3638 5608
245 2758
1528 2949
1322 5489
1678 2535
1395 1735
2734 2786
256 1240
3177 3992
3139 6404
4483 6155
1594 5985
855 3086
1640 4065
298 2416
1066 2458
1570 2589
1980 2470
5081 5215
1091 3903
1236 7414
5002 6108
4711 5087
4131 4721
580 2889
5969 5976
2392 4968
1088 6813
4189 4665
3891 6353
13 587
5536 5997
1287 7525
3157 6771
5760 7249
2639 6724
1860 6144
5436 7569
2903 4137
906 4345
638 2070
1866 3608
5881 6916
2163 4377
3410 3796
2943 4528
5719 6317
565 4895
235 4414
6219 6588
274 4245
3016 3859
1990 6567
542 1516
6634 6781
2420 6333
1258 6839
1076 4601
2235 4735
4190 5746
150 2215
288 5391
1805 6576
713 3474
2944 5237
1855 5870
3747 6453
5471 6445
6287 6308
825 2388
700 1785
989 995
2785 4117
5970 6878
502 6347
1368 3426
2818 4217
1059 5896
5954 6092
2809 5519
4004 7312
2054 7176
913 6641
441 5968
410 5021
3756 5993
2659 6631
2013 5939
2953 7595
90 1559
5328 5585
4169 6759
361 1642
1047 2326
37 2167
165 3177
2125 2523
148 492
998 5188
1643 3995
491 1920
1754 3080
928 1618
2265 6355
5404 5998
1500 3611
1291 1659
889 3065
2928 3879
3668 5958
1863 4192
2400 6567
1335 6582
1653 7132
3614 5635
716 2514
1423 3809
2588 4020
3751 5828
5622 7017
310 1058
13 622
4942 5633
3493 5335
5628 5714
4332 4744
1027 2689
3308 6109
1708 1797
1366 7105
2300 3037
6100 6996
3205 3966
594 6748
2900 3529
1246 5949
808 7184
3004 4856
1369 3370
3129 7068
3151 3780
4280 4342
2969 3768
5613 6099
843 4546
3459 4465
7377 7591
3001 6181
833 3956
1311 1348
5303 6036
104 6277
5059 6303
6398 6732
566 3346
6388 6895
3360 6542
251 2462
3255 3276
298 6830
1569 6286
1864 5633
807 3493
2438 3040
377 1126
2378 6316
719 3991
3794 3852
3875 7022
2073 6227
852 1822
3983 6625
699 5040
974 2786
351 750
4649 6832
2426 2447
2522 2852
2888 5691
1317 1768
5967 6197
1121 5584
6244 6787
3595 5532
123 5501
71 5680
2526 4248
90 2269
5271 7555
4857 6847
4336 6522
1842 6402
3462 4942
1484 7110
2019 5039
3635 7188
5617 6491
2680 5731
1431 4146
452 4010
817 1529
2378 3521
911 2569
1970 4544
376 2956
4406 6944
5303 6868
1326 6117
50 392
5308 6649
1180 2392
3412 3859
1132 2404
2984 6609
111 6572
422 1508
2571 5909
6661 6928
4636 6860
21 4372
2858 5674
2584 6968
3507 6316
5104 7146
1264 4553
1355 3294
2603 4412
2096 2219
2375 3359
2468 5641
5452 5842
3946 5153
6735 6911
510 1289
1474 2191
2305 6724
2948 2977
1294 1980
450 2523
736 3114
4137 7510
2865 3620
711 7456
2579 2758
7006 7246
4297 4833
4181 4782
3570 6781
5714 5795
1478 2592
3868 6931
2746 5396
338 7209
1029 1517
1164 7322
1843 4819
1159 4973
2274 3668
2712 4881
307 4551
2641 7138
490 7281
3114 6598
4136 5237
646 5134
2265 5776
5976 7088
2800 7071
701 5780
1693 7518
120 2307
446 3373
924 3576
1969 6128
1891 5880
454 1194
6043 6876
2368 6772
1724 7401
940 6544
2563 2788
587 6784
709 5758
3696 6684
2502 3304
2532 6511
317 4224
5028 6955
3960 4076
3041 5371
5588 6814
940 3983
2802 3211
4135 6297
7226 7416
6661 7595
6028 7191
1332 3208
5195 5550
2418 5850
4090 7116
138 3998
625 2489
369 7384
618 6709
1085 6367
441 696
748 4455
368 3637
1279 5290
1086 2869
1764 6577
2429 3009
755 3183
2416 6720
931 7028
2330 4007
3510 3901
7105 7174
2056 4834
957 5617
1085 6233
2741 5017
4774 5603
424 1628
569 4137
3345 6556
1141 3731
3021 5053
5347 5935
1772 2638
2096 7133
3688 6027
145 2190
1845 6540
668 4228
3515 6170
949 4113
200 5048
5500 6526
2335 4668
4636 5032
1046 3047
6696 6872
50 7046
415 3463
2925 6662
1650 6428
280 1004
936 5388
219 1447
232 7082
27 3121
1848 7489
4186 6322
3289 7005
2055 4532
2585 4405
815 1653
4191 6579
673 7333
4885 5985
3253 6611
5512 7417
6459 7180
1006 1273
1389 7202
640 6417
2573 4393
6901 7107
5737 6746
5070 5477
4650 5223
1462 2204
617 2434
5674 6273
2968 3818
1784 4904
4024 4625
1098 2959
1929 6681
1985 6112
3881 4094
2606 4820
5640 5913
223 3111
3814 5929
3089 6200
4858 6389
235 6338
637 5799
1547 2154
4 7608
3421 4456
5215 6526
5677 7346
3164 3257
1019 4195
834 2235
271 6237
2124 4233
267 6076
4030 6568
5336 7381
4965 7243
602 5155
3792 7145
2993 3302
2984 4437
2519 5493
338 7145
1374 7258
2290 6980
883 5797
4102 4796
1655 2525
2062 5622
5083 6128
2140 7527
4596 6805
150 1560
3483 6225
2174 3025
121 5630
3161 4854
496 4476
686 7237
643 3856
2581 3481
742 6590
4944 5520
636 6494
3797 3963
7014 7391
866 4073
2278 7181
3204 4269
90 6939
2725 6861
2531 3328
2813 6436
1938 2579
3502 7231
1840 6512
1539 4357
1313 3966
1026 2173
202 3987
4359 5215
352 7169
1751 2210
3590 4615
2154 3940
247 2211
3749 6929
3703 5548
4697 6465
3127 7212
939 6654
2728 5206
5569 7010
3066 5598
985 1511
4477 5229
3299 4164
603 5231
1530 1903
3448 7073
827 4440
1434 5498
3241 7623
4287 6197
2442 4814
1261 4733
1253 5990
755 2112
2805 3302
751 1946
1395 6257
1807 4582
530 2388
3081 7470
2377 4610
4179 6726
5785 6972
2908 5802
1211 2583
780 1373
1343 2710
2397 2518
68 4166
1572 6383
4549 5916
2963 6693
1086 2412
1559 7436
4142 7145
5023 5684
4142 5623
3021 6440
1653 3065
2413 3940
1483 4659
3072 4996
2942 4824
5762 6175
3438 6284
202 1285
3708 3764
1166 6787
2086 4434
567 6129
524 5912
2934 5955
2290 3779
7126 7277
2522 5596
1759 6447
4198 5439
6673 6794
1241 4565
5529 7381
794 5852
3097 7231
2607 3090
3918 5755
4668 7540
1832 4373
2734 3663
5655 6707
3645 5695
1019 7130
4147 5131
5859 6331
887 3520
2821 4657
17 4926
318 4757
1161 1803
437 7293
2774 3528
478 7282
2187 4818
2934 7321
246 5147
1911 1922
6007 7163
3829 5340
979 6052
669 1046
434 3209
1933 6185
3629 6722
1260 4874
2092 6885
1610 5954
722 1274
5677 7068
2977 5608
5294 5571
1868 4839
1619 6255
4478 6346
5463 6398
1574 2962
5992 6266
1853 5382
2258 3708
2214 5880
1626 3144
242 1328
929 2952
3535 4436
3012 6908
4217 6075
3409 5874
5048 6525
1771 6410
5661 7368
1117 1774
3280 7257
2503 4167
143 6346
1785 1960
2319 7501
6080 7361
2916 6768
768 7563
5193 7515
4519 7434
6217 7527
1728 6415
485 643
2231 4964
801 1680
402 4315
1347 6034
4537 5731
231 5011
1595 6238
332 4825
2401 6169
116 7084
5631 5974
6616 6730
1747 5372
3887 4604
3800 4949
6030 6547
1803 2031
1336 2947
6308 7515
494 1508
3177 5261
220 5379
54 4649
5730 7410
1233 2074
1036 3750
3246 3308
928 1482
4730 7199
1514 7182
191 5630
2699 6451
1800 2051
2750 5359
4928 7369
1779 3003
5748 6656
980 2958
186 898
54 708
85 533
2280 7199
3232 6499
222 3275
1375 1750
2741 4254
3773 6898
347 6853
4439 7207
1908 2733
1526 5855
952 4919
1112 2991
116 5396
1377 2606
4707 5882
3484 4659
4498 5785
2491 6322
6138 6709
949 1532
647 3898
3689 6377
2465 4266
769 6245
3 769
2032 2908
857 1567
3356 6675
514 2514
1587 2236
654 3924
2876 6412
2078 4627
4691 7193
2828 6322
3201 3421
1282 1581
3928 4024
4439 5716
1744 7348
189 6026
1511 6438
2692 3311
3915 6395
106 3789
599 5807
76 7354
3820 7161
3527 4942
1334 4856
4084 7532
1145 2922
1148 2945
4765 4922
258 6318
3695 6613
1162 6016
1919 6619
320 5158
3378 3526
5922 6550
573 5851
3123 5225
5131 7099
223 3523
1609 5412
1870 5089
3073 6814
687 2638
401 1222
4115 4866
2306 2685
1020 7157
4784 4811
1772 3694
2465 4857
824 3729
4372 6709
884 4860
6414 7206
4662 7186
5855 6351
97 1189
4900 5268
3435 7058
3423 5663
330 2396
186 2794
1260 4233
460 3732
1879 6384
2146 4883
386 3472
306 4505
94 1903
2367 4865
590 7550
1891 4794
1347 3627
228 1318
2442 5943
888 1601
219 7122
2235 4709
1733 4213
21 740
1571 3418
3551 6866
5097 5291
115 3361
5928 7474
5424 6355
1157 1976
1929 6512
2759 6873
6114 6133
321 2074
4009 5548
288 4743
3515 7286
5635 5858
2985 6603
1187 2506
1362 3245
4569 4742
3077 3246
1131 6398
2396 6407
1452 5804
5270 6729
1878 4975
2223 4600
2228 4069
207 2665
6255 6909
5708 7472
350 3492
4137 4581
1849 7619
1872 6867
664 2587
1541 3268
314 627
2638 5104
4297 5389
475 6299
5437 6180
5476 6130
2863 3334
123 7512
5007 5114
5310 7352
5605 5651
2276 2417
2594 7542
694 1288
1768 7219
2382 2479
381 4850
1450 1811
1720 5228
4765 6818
5937 6478
2254 2625
1735 3554
2918 4731
5279 7316
2781 4874
3020 6361
4086 6322
1557 2751
4343 6684
671 746
3638 4701
5524 6485
755 7190
3858 7302
5409 7356
1039 4675
1328 1913
88 3393
4031 6809
56 5406
2088 5226
1484 5448
1876 2004
2386 5496
4855 7132
3739 6980
3466 4465
4309 5114
458 1824
1858 2168
102 7033
1943 4605
4622 6028
1939 4127
3628 6122
1596 4688
2895 3682
2849 4145
3233 3234
2164 4657
1290 2546
3443 4473
4186 6158
3544 6618
2463 6087
2670 4861
993 3452
4507 7378
505 2078
2701 5078
639 1219
4205 5587
3821 5113
5430 6879
2855 4558
1963 4574
793 5106
1252 3270
745 1861
3173 7584
481 3252
1587 2868
4568 5784
6222 6873
5524 7299
439 4453
6003 6929
514 5906
7412 7459
823 1162
1994 4240
157 5972
2969 7577
5340 6043
554 3991
6000 6005
1586 3915
1265 4115
2206 5430
1603 5728
783 7558
2828 5088
2500 4529
1501 3217
5039 5417
2235 5874
3552 4344
2765 4180
3956 4669
2861 4232
865 6319
1082 4089
1496 5413
3176 7064
2511 4774
2799 3493
3617 5577
1515 2847
5620 6507
2930 5406
6165 6683
1986 7462
210 4468
5105 5409
1049 4492
3709 5823
1341 5104
5927 6606
782 6419
1544 5705
3384 6638
3579 5621
2307 5790
3125 5113
72 2265
4101 6719
1574 4670
399 3898
3765 4230
4063 4625
5146 5440
5331 6979
3088 7393
1633 6497
5409 5988
4761 6504
5377 7477
2170 5505
4448 7560
2666 3097
2609 4405
3418 5991
3979 7520
873 6202
359 3146
1734 3025
2712 5854
2919 7599
4180 6858
996 1893
3167 5634
511 846
1201 6757
586 2271
4030 6238
6465 7218
482 4737
1580 4984
1002 7351
1649 6653
1501 3094
169 3869
6248 7412
2645 5090
877 7078
1080 3966
3028 3839
929 4053
1609 2778
1324 5789
1017 6217
548 5178
6386 6905
5589 5807
5007 7477
3880 7307
1802 3480
779 5910
817 4124
4781 5031
3261 5791
127 6708
796 7084
1945 3796
860 1739
3094 5143
3544 7438
263 3333
274 1403
3371 6469
775 6049
2837 5467
4166 5553
558 2654
2117 4587
4623 7345
4102 7469
5583 7213
4534 5150
520 6083
3250 7535
2596 4753
2659 2669
133 6347
3582 5852
3754 6620
2470 3873
1198 7230
11 7436
1608 6453
764 1921
5778 7260
3136 5955
2395 4446
739 4927
2548 4309
116 1236
2368 7579
1931 2553
1241 2032
252 4514
18 280
333 5800
675 2371
3340 4079
4900 6419
511 782
950 3161
1539 5317
4536 7034
1181 7558
5784 7104
836 4068
4184 7370
1464 2028
5925 6714
3755 4519
5600 7303
3445 4257
5238 6286
6265 6619
556 5893
1874 2994
3626 6049
645 3390
4322 7167
3942 5748
22 1020
2360 4755
4450 5902
5085 5215
2632 4447
1653 5773
600 6140
212 5933
2241 6581
4496 5500
1403 3323
2140 3335
3139 6334
697 6050
1473 5262
3231 4637
1392 6357
5540 7126
955 6566
5006 7031
327 5683
2301 4671
4053 5316
3615 4991
1085 5022
1053 2943
241 3597
909 4815
1831 2504
1977 4499
201 7063
191 3940
734 3303
614 4141
216 7109
1535 4538
3683 4261
1301 2597
1072 2765
403 1820
6409 7302
3928 6215
1753 5185
1386 2828
6026 7273
5574 6582
308 4978
1260 5778
2204 7066
563 5565
3981 4277
74 1312
5554 6545
3182 6191
1589 7455
5438 5675
83 3116
2952 3563
592 2081
3848 7070
1034 1375
1007 4123
2145 2565
4639 5234
6266 7501
2524 3992
1179 3071
721 3248
3417 5077
3685 5745
1651 4757
349 2248
4583 4721
5970 7082
4233 5077
1167 4570
6542 7064
2160 2877
2590 4131
5088 5259
1795 1804
582 5482
3271 7252
1929 4522
1599 6052
6240 6907
3841 7266
2810 4426
2815 4781
1036 5386
1856 7362
976 2272
1677 6219
3805 4128
3422 5675
3296 4799
1264 1353
961 5160
2688 4843
771 3070
1229 7074
548 6165
787 5974
3393 4349
1661 4469
219 5133
343 3636
2531 5148
2569 3709
1269 7255
4748 7146
1067 5281
1829 7448
1174 7148
423 4570
541 6855
1541 4750
1388 3218
1559 4886
2345 6996
3958 7194
1142 2677
1899 2950
2316 5977
2893 3476
6049 6757
7021 7559
3835 3987
2403 3630
40 6408
3462 4011
4543 4919
589 1071
15 4273
4765 4946
1652 2225
1561 4966
5749 7249
2098 5008
2194 6750
1508 2094
766 4645
1376 6185
5357 6178
1841 6555
401 1012
6494 6909
5148 7069
5170 6154
3453 7486
4361 7321
2736 3326
2640 7613
1264 2238
2226 3983
1469 5785
2801 5505
5156 5474
2426 6539
2308 3718
167 2085
430 1827
1384 5118
5642 6064
3041 3701
2377 6099
163 2312
1473 4095
3147 6047
834 1344
302 4133
5018 7271
3158 6463
2346 6625
1341 4581
2802 5057
1594 2860
3192 6050
3192 5833
5984 7484
207 4007
440 6760
2638 4502
1546 7337
818 4928
3109 7231
2652 3250
6012 6201
2505 6494
4500 6099
1034 4196
2623 3987
1578 7619
1521 5839
465 6446
201 4347
2971 3398
90 3164
4203 6344
3405 7236
2259 4913
3459 7314
1083 3313
888 5542
1872 3480
261 3652
90 2637
1226 6894
1926 5717
1850 2151
2657 4923
2131 5611
1321 3918
3718 6708
1858 2888
1527 5170
2847 2972
6382 7468
1677 5554
955 5397
792 5024
2739 5284
1676 3195
5986 7003
1084 7200
1160 3065
4747 6293
4666 6843
4473 5964
4739 7249
4278 4794
1540 7604
1576 2539
353 1300
3584 4635
1812 4680
6309 7363
1318 5579
3766 6325
5509 7041
1405 7199
2874 6137
1728 7030
368 2973
6807 7511
2901 5346
4621 6874
3517 6625
2826 4687
106 1021
4953 6483
1138 3397
5318 6156
262 1362
5262 5489
1469 2444
1496 2117
3615 6867
7017 7304
383 2626
6991 7125
5995 7005
2809 2968
4418 7505
3945 5532
4150 4205
13 7352
3723 7021
3130 4803
2187 5315
1547 4209
831 7463
1162 1373
1323 5059
2439 3761
833 3150
4896 4917
5030 5725
2388 2935
4215 6576
3482 7293
2994 5885
4976 6717
712 4950
6537 6625
6055 6546
6160 6818
3584 6311
5483 6340
3917 7222
2705 5859
655 4375
186 3512
4011 7071
942 5133
528 6890
2279 5005
4607 6807
124 1349
1154 3788
6403 7439
872 6383
3311 6012
3783 5681
2327 7156
1894 5291
1917 6359
1202 7377
5177 5867
1584 1634
1380 4320
1846 7288
908 6606
721 5501
765 2738
2143 3534
2361 4553
6030 6720
823 927
4255 4492
4716 6255
5729 6538
1641 3100
3324 6025
784 1457
907 3309
4861 5763
12 6420
4538 7115
2933 4462
244 1084
3720 7270
2955 5618
559 6453
3696 4913
5504 6228
2397 6353
3522 5551
805 2144
109 7427
2638 5027
5377 5861
41 4760
7234 7397
2480 6536
2573 5851
6388 7291
2221 4787
4635 5126
5268 7291
1915 4760
987 1682
1 2491
4684 7434
1433 5937
2377 5735
213 4204
870 4978
2127 4830
1151 6408
3045 3662
226 841
1202 5322
2947 3548
1278 2744
2591 5912
729 6587
2485 3100
6613 6898
6976 7095
1130 4107
2949 5309
1065 2531
1221 7414
305 2501
624 4530
1485 4034
2890 3679
1 1160
1189 1636
2562 6673
1936 3185
1887 7290
4802 5269
5215 5650
837 5540
3776 6589
3711 6282
2350 4308
242 2532
1380 5104
145 834
2433 3892
544 2169
6570 7187
3721 6572
968 1990
4258 5557
871 3781
544 2142
3362 3759
2799 6064
2213 4755
968 4920
1686 2524
2378 2861
848 7392
3980 6442
6693 6993
2872 4497
6220 6253
867 1907
13 296
3025 7233
1501 5162
2091 5215
65 2286
3475 6324
745 3456
3933 4959
3313 5851
1696 4653
4622 7545
1904 5672
2731 6639
1805 7204
1944 4560
1535 6528
406 3369
133 5182
1760 5467
1968 4616
2547 7194
3403 5834
3170 7417
1734 5757
5798 7119
1788 6495
280 4581
551 7600
726 5113
2368 3877
1179 1737
2629 7492
1741 1815
791 6495
2833 3987
1478 2522
4499 7207
68 7390
6230 6425
1264 7177
4125 6285
1781 4326
980 4668
809 5971
330 6854
3933 4722
1634 5066
2467 6853
3946 5653
4702 5106
3731 4858
1898 3133
5673 6308
5321 7041
1589 3761
5954 6244
1774 5935
2678 3627
985 4746
4089 7348
2354 5261
365 2046
2465 6439
4479 5051
3359 5086
2107 5240
2286 5277
1699 7333
1277 3311
6156 6624
4055 6875
594 2367
3154 5351
1948 6831
6085 7429
397 5627
5919 7405
1336 4228
6438 7423
3519 4186
602 6769
847 5028
2041 5942
775 1393
2551 4231
1004 7041
2407 5381
123 6029
4015 5665
755 965
4159 5122
624 3243
188 1450
2203 3528
3838 5982
843 5937
3045 6642
6114 7197
1151 3593
957 4254
4297 4973
388 5159
3906 4390
1934 5419
5943 6944
638 3315
1988 2384
2070 6136
1591 2430
6021 6891
3840 7551
1888 6593
5772 7167
5181 6993
687 4801
5603 7495
2869 3962
4799 7379
5302 5938
764 1193
2934 3905
4686 5866
5094 7205
3487 7350
1519 4974
4883 5058
974 3717
4960 6317
788 1549
4586 5186
1781 2850
1430 4422
5207 7070
3357 6969
4485 5443
1990 6978
1733 2138
1657 4900
1432 2932
176 3995
1549 2876
3782 4265
4553 5311
1153 3510
289 7263
4094 4791
2477 6924
1611 4327
5539 5933
447 4706
934 2023
4955 7600
1172 5743
3459 4484
439 6073
2098 4230
2823 7170
2462 3029
3753 4487
2069 3734
252 1327
2256 7563
4182 4646
3728 7112
285 3831
1297 4403
6539 6596
6446 6877
2195 2516
5712 7274
880 2128
970 5815
3335 6954
376 5277
825 1264
3730 6507
592 3194
6465 6887
1226 4829
159 6169
2051 3793
551 1156
5474 7048
145 903
3264 7054
846 1046
5053 5236
1554 7062
1117 2423
213 1754
4671 5762
304 7212
1813 2141
2806 5316
1418 3027
4240 7095
2936 6247
3271 4228
3203 4932
1400 5178
1803 6294
482 1528
3115 5115
473 4615
1995 5324
807 3959
1771 6996
2906 7004
3582 6960
4799 4870
3376 5951
1806 5414
16 5232
4336 4837
4142 6175
7576 7605
1350 7595
6166 6706
190 411
5055 6544
5046 6614
1606 6937
2580 4909
1885 4094
2999 5604
1777 3394
1549 2123
2051 5080
757 5955
3510 5645
4710 4995
3548 4045
1087 4790
952 6177
4658 6862
4606 6790
1589 6278
3650 3755
268 4361
3270 5113
4911 6954
1629 4020
1774 7068
4224 6036
5982 6126
856 5017
2393 2510
407 3701
3323 6742
4491 7425
3484 4878
3015 4875
676 1591
1544 3456
5018 5067
1370 6015
4548 5992
6601 7582
2966 3085
4100 6103
1678 2281
2519 6899
6001 7291
3360 7389
4494 6848
2030 5773
2998 6360
1226 5464
1127 4625
1315 4777
374 3686
1247 2190
5424 6978
6852 6874
7337 7603
96 6574
4942 7505
5293 5366
6039 7203
740 3573
3125 5774
5664 6537
2118 6046
1185 3206
2733 4175
492 2884
1840 3535
3600 5936
6 3237
4412 6926
2072 4946
227 472
4610 5251
305 4778
4946 6098
159 5074
3182 5614
2325 2371
4323 7057
4534 5668
2504 6984
2544 6734
1363 4950
11 2460
3701 5770
113 3433
1835 7425
4465 4964
4612 7068
3418 4493
1748 4127
1694 1998
791 5297
1928 3863
1433 3194
577 1258
4955 5524
4654 7051
2916 3308
3240 7318
1152 2999
678 4152
4675 5089
1484 7358
916 4331
943 3016
2863 4373
2811 4478
3809 4191
577 6660
1579 3905
5896 6131
1886 1966
3739 6405
303 3933
2530 3929
966 1398
1175 1234
1664 6279
1452 4996
7175 7532
1444 4793
4463 6636
1556 3020
121 5281
3603 6631
6125 6373
4341 4923
6282 7474
2087 5824
5505 6701
3160 7472
2453 5115
768 4132
1388 2389
4602 5640
1227 2822
5030 5931
1374 6703
4192 4968
1247 6600
1070 6969
6436 6654
1435 2697
469 2169
1587 2806
4458 6695
392 2484
1151 6671
1527 7133
1796 6964
2845 6605
4151 5136
3115 5292
212 1506
840 7201
1095 4463
919 4237
4583 7459
4163 4698
1338 4209
802 6683
1088 2923
1402 6034
4308 6182
7193 7428
5498 6798
4404 4735
1998 4493
860 2800
1921 3378
1671 3396
2624 6238
5287 6626
206 4476
1329 2663
4543 5031
2913 6949
79 7363
1739 7586
3586 7477
896 2545
3486 7370
245 6685
5419 5623
3131 5014
3035 6685
218 7529
1778 2944
1875 4161
4458 4633
495 865
4833 7130
391 430
1838 3197
1153 4595
603 5713
402 2566
520 6064
3852 6966
947 3059
1151 7619
515 5963
3311 7366
4110 7155
257 2495
1749 3625
2643 6101
4138 7594
5537 6672
1490 5224
2638 6107
5624 6353
1192 3956
2338 4317
3591 7529
56 7453
2092 5794
4053 5724
3141 7120
1231 6340
1475 2969
2765 4527
641 1489
3326 7604
2684 6719
1876 2945
658 4743
5461 5983
529 3804
1041 5609
3736 5111
5309 6291
1542 2173
2249 2680
3490 5532
734 6282
3770 5172
153 5501
2706 5666
6224 6733
1230 7331
66 2027
1552 1814
420 6550
1690 6089
2417 6716
1714 2774
5371 6893
2073 4080
3070 5963
5147 6625
292 7550
1490 6784
300 400
2781 6314
1560 6346
4645 6021
2310 3803
1427 2389
5022 7263
45 5156
1983 4855
3082 3867
2317 5250
128 5214
1129 1266
4730 5285
6185 7088
427 6387
376 893
1004 3322
1122 7541
780 3693
3320 5729
2483 5327
4682 6747
4179 6682
192 2700
4382 6648
524 1113
2577 4283
1511 4068
467 4545
1640 2069
1656 5934
2858 4689
1975 6299
3618 5150
1473 3818
4071 6131
235 6530
1705 4621
4976 7147
3819 5950
658 1782
652 4776
3643 6441
4951 6454
5002 5880
2003 3431
3880 6414
136 980
4902 5816
1444 6421
679 1038
314 3803
4554 6408
5701 7581
2156 2398
1209 6471
3156 4465
3623 7067
6616 6828
2204 3839
3710 5132
273 5752
3056 5156
415 1763
377 1096
1527 7132
1095 4305
3890 6800
1127 6532
1738 2634
5283 7256
5026 6884
84 4641
6252 7524
1766 6410
357 1328
4345 5085
219 4780
3215 4459
52 5534
1133 7159
1393 5234
4666 5455
5985 6101
2224 3156
2381 6999
1445 5187
2676 3728
2301 4238
1484 6131
2388 2592
3822 5928
4890 5273
1429 4148
1864 7301
6761 6830
2717 7512
3201 4562
1946 5917
2028 6995
376 813
340 2112
4464 6726
2297 5760
4904 6581
1451 2861
1033 2362
3830 6984
1555 7578
469 2210
3767 6852
2979 6498
3779 6670
3146 6600
4446 6876
3590 7493
6289 6316
5880 7554
1715 4370
20 7028
2002 6587
2244 6383
910 3197
2290 4651
2514 2898
3223 4063
162 7145
50 3074
452 764
4300 5275
748 1561
2362 3847
3837 4557
6185 6226
4674 5089
3008 7522
2074 5096
618 1648
20 2346
6311 6380
1235 2621
123 2962
140 3414
3283 4066
4411 7294
2367 4171
2605 6588
5210 7302
3021 6051
1420 6030
1901 2191
3968 6386
3708 6970
1002 4733
3342 6185
544 4071
290 3937
2773 7421
641 2428
848 2554
3339 5000
965 2978
1705 4715
388 4147
5064 5891
266 5926
1644 4483
2548 3182
299 1122
697 1219
2688 3356
2036 2115
4906 5117
341 1880
460 6808
2842 5871
2815 4699
977 3301
176 3672
230 4988
409 4390
121 2447
3714 3812
1025 3540
5816 7290
313 767
504 4322
9 1394
2889 5674
4676 6218
2953 3661
788 1804
517 1474
4052 5241
879 2098
5452 5720
388 5906
4468 6650
266 6999
2299 2799
3417 5975
4563 5057
3483 5131
413 5476
2510 4815
1329 5609
85 4102
4596 6727
2536 5668
4083 5277
1047 3709
1918 6958
5731 5856
566 2698
2440 5253
4431 7480
1008 7058
5026 7533
5910 6661
4453 6197
4902 6262
4118 7503
2478 2920
1214 7095
2440 6317
1571 6679
2880 5989
5672 6508
115 2085
5078 5955
517 2236
4605 4753
1184 3068
3581 6381
791 3911
3751 7120
367 2626
5827 5837
2262 5391
410 4817
3938 7351
4493 5032
5749 6949
2902 3755
824 4226
6389 6450
5052 6603
2678 3453
3318 7386
4693 5997
1762 6751
3583 5640
3574 4446
4511 6714
765 3955
7114 7531
3045 4757
3900 4268
5646 7298
5252 5961
3747 5756
855 4850
2056 5617
1020 4149
752 4920
3001 5220
853 944
3259 4641
3408 7252
2316 2479
4313 5196
1823 2477
2408 4011
1933 3047
359 5087
212 4565
3090 4465
2450 7508
2232 4734
1084 4425
2752 4128
4058 5740
3345 3441
863 5415
2008 7035
2813 5752
4235 7110
2488 3098
5129 5209
815 6591
5690 6487
6277 7252
1971 3087
2369 2371
5148 6248
4056 7592
166 7135
319 975
1967 4703
4300 7492
2629 3077
455 5295
825 4057
1606 6957
2556 7435
5622 6682
4303 6008
5812 6116
130 4104
6147 7485
798 5084
5442 5514
785 4993
2184 6136
4053 5536
1578 3251
5211 5910
249 6583
1070 4556
367 649
1197 1616
1243 2999
704 898
3285 4985
6636 6909
5075 7592
857 5542
2149 6933
4953 6479
2166 5699
750 6929
2425 6505
1610 2621
1194 2859
2923 7279
4442 4799
2273 5861
4371 4742
1951 3322
1217 6572
2744 7106
2520 2656
2786 3730
2937 5208
5013 6900
2688 6348
195 6622
6241 7017
3778 7590
5642 6593
473 2176
1547 2631
4476 4982
4131 4943
1928 5766
51 7556
1569 3988
2541 5254
3479 7281
2125 4669
5614 7507
2335 2951
1032 7567
4277 7618
2508 3741
1846 3976
401 6399
2722 3996
1609 7526
999 1432
6579 6931
4624 5999
2243 3233
588 6000
5506 6029
3887 6385
1367 4540
4060 4360
6725 7422
5001 7138
2383 6790
5110 6339
1298 3884
3726 5108
3071 5832
4055 4637
4779 6020
4484 4733
4005 7045
6584 6762
1770 3538
2267 2605
3320 6639
1656 2068
1727 5877
4430 6514
940 1222
322 6861
2456 7596
686 7388
3396 4194
6007 6766
4960 6540
2802 4051
4248 5510
4957 6650
688 3460
221 4273
125 1358
2910 7610
1109 5745
1900 6297
4452 5537
2159 5030
5765 5999
863 4413
4157 7549
4773 4854
6210 7584
1542 3483
1041 6915
3340 3372
262 4926
2252 7472
2143 7239
673 6569
639 1772
994 3015
5990 7518
3277 5223
1252 1844
3963 7011
2340 6582
3730 7205
121 3306
1067 2772
1118 3410
1797 7087
3041 3508
1139 4069
2005 4652
2459 6377
2541 3926
7127 7618
6073 7307
2141 3517
1326 2286
4421 7256
5156 6989
1045 3088
4743 6912
17 5056
1055 3299
1246 6444
2158 5627
3147 3937
19 141
40 2738
1452 5681
5556 5619
5408 6852
2892 3135
3302 6579
429 4678
1860 6779
19 3526
2403 3220
4394 7420
823 1472
776 1717
3118 6400
2236 7571
6466 6610
1496 4700
1493 7183
4826 6406
4052 7220
1070 2580
108 6576
395 1949
469 4441
2910 3890
1373 2141
3176 4715
3955 5928
5043 6260
975 2241
2866 6523
1866 4144
2903 7478
1107 4698
747 4951
2086 5874
3255 5796
1669 7582
2735 3365
3444 4061
6762 6770
2674 7436
314 2041
777 6446
98 3414
2938 7167
3858 5534
5315 5792
4131 5948
1686 7477
442 997
1627 3054
6786 6976
4015 4109
5842 7511
1250 6832
3045 7076
3697 4203
242 1130
2539 4997
2293 5939
3022 4948
422 2697
1046 4102
1594 4453
2722 5286
218 1836
3729 5670
5532 7086
2852 5213
5693 6216
3912 4162
1538 5222
617 846
3215 6507
377 5083
5861 7015
917 1040
398 2994
456 1851
332 3978
220 3467
2697 4364
1074 2627
193 884
1757 4411
776 4778
1310 2739
3 446
341 4620
4490 5936
4152 5076
372 5448
1094 7574
2398 4597
4882 5236
3542 7300
757 4116
5502 5820
5160 7548
245 6279
3460 4443
2659 6253
4792 7089
527 5471
1018 2017
3982 6801
2050 5437
224 675
4602 5347
2526 3795
735 2095
276 3597
2070 4463
663 6606
62 6414
4317 5984
2965 5517
1427 6725
2805 6100
900 5649
6097 6411
3288 4027
260 3055
959 7135
1615 5908
4599 5721
779 6375
3375 5614
936 7603
554 5426
5531 7356
3667 4710
2379 6785
368 6785
5315 7062
4771 5040
2259 6561
40 2967
596 1402
1932 7415
894 4540
2531 6043
5715 6738
5259 7548
6293 7223
2823 4477
271 7326
193 5144
570 7464
823 6363
2000 3262
848 4271
2230 2388
1897 7395
6360 7141
3479 6692
2613 7597
80 3894
4882 7351
3818 6734
3861 7074
5503 5856
2888 4600
5619 6569
2658 4497
3247 4912
369 6175
6143 6391
364 6698
5940 7067
1574 6289
1667 6435
4016 5759
3041 4948
2543 6026
1877 6405
1220 6128
2670 4046
925 2392
1362 1479
1170 5787
1060 4738
3507 5627
2257 4042
5325 6940
4217 7121
359 3001
5796 5901
1303 2944
875 4758
1020 4106
4612 6340
4744 4746
5040 6538
1701 3304
4341 6895
3741 6995
2267 5351
4417 7565
3013 5623
4493 6596
638 7521
1849 3374
1472 5465
1573 7210
4165 5094
1604 4513
4318 5296
108 7170
4215 7477
3860 5023
776 4499
5422 7107
4799 7062
2047 3070
2688 3248
2920 4433
5403 5905
1984 2726
2604 6233
970 3287
1496 4590
1324 7618
1007 7328
6146 6524
1656 7525
3219 3617
5168 6902
1634 4548
2760 5223
1728 6220
279 4407
6982 7347
4491 6651
1924 5778
1165 3849
6669 7081
3013 5514
2736 4997
183 3841
291 1009
301 3021
367 3886
4621 7283
2964 3245
2721 4435
4410 5209
4036 7063
1845 6935
1112 2098
792 2287
296 5414
5612 5657
1681 6675
626 3627
5858 7032
1070 3110
2655 2776
1230 1909
890 6888
275 6306
649 2101
2309 7287
524 5240
6197 7342
2514 7622
758 1943
501 4729
915 5917
2957 6043
3060 5608
2415 6715
707 7268
4394 6846
968 4410
1617 6516
3306 3413
157 264
3376 3694
4121 5623
6200 7413
3268 4294
3257 3854
304 6896
1645 4396
6879 7393
1217 6819
483 1750
3230 6784
5892 6072
1979 3384
51 3825
650 2772
665 775
4015 7102
3904 5289
4180 6671
4999 5549
7077 7357
782 2720
2122 2666
1443 3570
190 789
6146 7222
2457 7167
2595 3204
4142 7478
6543 7029
83 984
501 6089
5782 7095
5450 6928
2562 2879
3220 3491
3803 3885
3021 7574
195 2309
1011 2686
862 2574
3012 6766
2126 3230
1668 1803
4901 7099
5409 5851
6839 6896
502 4159
4657 5256
3660 7254
6056 6562
6187 6190
3514 7162
4562 6678
4219 6403
3447 3494
1427 3106
5031 5175
273 4762
2124 5857
1600 5215
2252 5062
1618 4366
4659 4925
2080 3709
380 6030
4402 5927
5211 7599
3675 7177
5474 5900
145 1639
1810 2308
5456 6091
499 5432
2140 2255
406 3134
166 4542
5545 7578
5820 7091
2027 2253
3765 5863
279 6319
1567 1593
5301 6094
289 6418
771 2732
2181 3399
760 6059
2502 4372
1405 4019
201 3766
85 6048
598 4910
3490 6340
1310 2575
3869 5155
1770 6586
86 2702
2302 5405
2059 5170
827 4846
692 6096
1624 4639
697 6482
4870 6111
2690 4429
4778 6013
4040 5853
637 4793
613 1118
621 4167
4827 7216
181 1770
892 3537
4300 6257
825 2481
542 3923
5172 7154
4240 5355
180 321
233 5903
1427 2054
2017 2544
825 7418
2863 3761
1116 6034
3450 4088
195 4768
1234 7414
215 5403
3668 6745
539 2526
964 1846
4524 6102
1714 6653
1123 7565
4865 6381
459 3529
1712 5935
2850 3870
1864 3248
173 2002
388 4571
3407 5048
4260 4874
4826 5086
5138 6930
2387 7581
5455 6414
4892 6694
1360 2305
6176 7340
1156 5094
1998 6355
2599 4675
3028 3053
253 4140
2107 4959
5807 6710
337 799
3371 7052
3532 5997
1046 2342
6556 7479
5567 6221
5699 6064
2723 3852
3910 6700
879 5206
986 3608
2855 7581
503 1324
2221 2793
398 5786
2294 3711
2563 6822
348 4484
5086 6883
3686 7350
1225 2752
957 4645
2628 5540
749 1595
3983 5678
1454 5910
1233 4655
4604 7107
3998 5167
4532 7448
618 7088
5567 6650
2159 6202
126 5162
5086 5256
1359 4672
2754 4504
5695 5856
1526 1744
5313 7586
5166 5295
424 1602
3825 4255
752 4285
2765 3506
1445 1748
3696 6843
3673 4741
2211 4894
786 4118
734 7380
3251 6333
3246 6054
2987 5229
3680 5934
2818 7395
1110 7020
3966 7602
5023 5860
3809 6086
605 4898
221 5147
685 6510
1720 4331
303 6615
845 2077
3405 5378
3621 5638
100 5044
43 6756
615 2438
1207 1639
1399 7519
1371 6579
4854 5724
1251 4358
3570 5461
3320 7382
1977 6467
5929 6588
4012 7293
52 4691
1435 2643
4224 6928
5071 6455
2414 5552
2358 6572
40 5265
1388 2399
5005 7160
127 3596
2919 3569
173 1812
824 3993
427 5969
2312 3466
2513 2659
5697 5895
1323 2187
4463 6657
3650 4496
839 1014
5220 5781
2107 6774
430 4062
664 7602
5832 6961
4332 6258
1169 2472
1312 6782
3766 5903
1251 3913
720 2434
2940 7315
1924 5770
3583 4564
1551 2411
2199 6094
2529 3009
1770 4024
3829 4319
4087 5355
53 3282
4867 7375
2459 4892
1744 3250
273 5582
4108 5513
1630 2037
672 2389
275 2429
1072 6932
2007 5261
4143 5665
5652 7456
6462 7224
1289 4636
800 2033
1169 2057
148 4051
254 7545
275 3391
1399 7349
1351 4143
193 5589
901 1597
5472 5699
2275 5502
1867 5693
5212 6120
2145 7295
6059 6745
1824 7300
5509 7485
3496 3757
3406 6468
4538 6337
1721 2737
358 2040
1347 2604
4219 7186
392 1681
112 2461
5426 6922
63 3192
1927 4331
803 4520
4595 5345
3673 3960
1144 2893
2391 5143
498 1721
4516 7321
696 1883
2506 5960
2282 6543
3684 3764
885 5374
4060 6981
1917 5359
1731 4867
1765 6053
200 2235
2679 6130
2447 5442
158 7496
443 1933
3777 5749
5253 7346
5958 6331
781 4105
1355 2103
613 4207
1583 2283
5717 6353
3601 7346
1812 5091
2903 4423
659 5508
5741 6260
1242 6761
3343 6782
1758 4031
111 2541
3418 6853
2615 5080
2014 3205
1517 4905
392 2873
5353 6572
3043 4055
498 4110
757 5493
6081 6201
237 6709
3056 5919
5499 5836
7155 7491
2360 3295
4117 5700
639 2431
4933 7483
4153 5638
1484 6440
3857 4332
3991 6830
292 6616
1671 2226
1509 4442
1637 4403
1460 2347
3790 5563
6882 7371
4270 4939
932 6416
3233 6027
6207 6620
4408 5407
498 1339
1151 4823
2892 4308
3347 4643
797 4084
3531 5618
1842 3978
81 5123
2577 3863
6218 6438
511 938
3559 6654
140 3717
1576 5552
3241 4440
5061 5419
5088 5540
716 7548
1269 7317
2498 4452
2555 5949
758 2830
2076 4611
2441 3078
4239 4725
1697 3343
2397 4632
3467 4595
6447 7487
4134 7273
1729 5312
2168 5479
2645 2982
4101 4284
1374 4476
703 2199
5820 7524
4724 6493
1816 3170
213 6762
3526 7346
1651 3939
1276 5638
1614 5330
6284 7515
1870 3308
2574 7381
783 2653
991 5208
3454 3578
2928 3036
5228 5755
2211 2322
673 4110
4945 5774
1726 7425
4610 5023
272 3037
4751 7184
684 3725
910 3417
2176 3169
6246 6794
2940 3219
540 5741
2686 4919
4212 5059
1969 7598
2121 3500
1676 4284
3965 6283
1285 1436
2661 3997
1709 3929
3945 4104
107 6952
4156 6025
2695 3144
3101 4773
780 5629
2570 5450
39 1917
916 1216
1453 1787
657 827
4051 6981
4746 5476
1077 6206
1219 6532
695 7281
1376 2520
5490 7206
501 5524
7181 7302
1533 2808
1895 3040
3851 4899
1122 3070
1981 3061
2724 5589
3031 5543
4000 5021
4798 6194
1820 5760
3767 4978
2676 6533
2792 3437
1448 5212
4960 6654
1434 6236
797 4146
1352 5501
3792 5043
3773 6729
1480 3573
951 1471
3565 5383
5026 7383
5058 7068
5573 7519
3818 5003
2195 6390
1555 5474
1148 2724
2513 4061
1868 5840
416 5330
258 3948
4490 6195
5630 6034
1259 3823
3352 6389
4499 5123
2575 7420
3474 7590
4177 7414
7407 7437
582 5008
4009 4327
2510 3940
5083 7583
4898 6630
830 4903
515 3190
2646 7590
3316 4307
2903 5303
3651 7274
5232 6008
1940 3994
1314 6190
436 3539
837 2038
4847 7475
2792 3221
3114 6388
849 3914
1970 2841
757 2596
4245 5378
3650 7001
4301 4595
2339 7527
2974 6548
1509 3964
2418 2561
384 7233
122 4708
2189 4416
3327 4979
3172 7225
4376 6448
1383 5210
3687 3792
2952 4066
2311 3323
1911 6214
4567 7390
1752 6071
1100 3988
5068 6954
299 3763
4208 4295
2818 6428
5102 6101
2267 2782
519 7237
714 5898
3709 4761
4413 4514
1314 2057
1027 7152
5975 7079
1190 2447
33 1116
6338 7237
2663 3833
582 4123
1329 3351
1137 3201
596 7507
301 5734
2462 5835
1293 2799
6664 7463
809 1580
3694 4637
2920 4861
121 5375
532 6542
4251 6617
4723 6084
1326 2339
6561 7077
1066 1110
1034 4943
1114 7322
3176 6149
4207 7599
1470 3077
3900 5916
2670 3038
276 3711
998 4306
25 7369
586 6847
3441 5371
41 3556
928 5482
4967 6495
143 6765
2025 4628
7007 7260
583 3480
1429 4251
4321 6767
6609 6951
2616 3523
730 5004
4982 5936
2310 5739
1248 2195
4631 6022
90 687
914 2398
755 3821
1723 7243
4262 6908
1355 4478
1439 6740
171 6485
662 770
672 1729
2857 7515
1934 3025
1863 5999
825 3624
4155 6945
1937 5342
1678 6411
980 3059
4141 6795
16 7164
3509 3661
4169 7389
52 1671
632 4258
3900 4799
3045 3648
3818 4463
563 1470
4045 6839
780 5925
2518 3742
4608 5552
3324 4566
1783 4906
5520 7073
5536 7459
2608 6223
5392 5989
7039 7109
1752 3460
2692 5205
6202 7014
2230 5680
399 831
2648 5687
1855 4466
4843 6117
1440 4587
1099 6059
4352 5120
4270 4558
861 3562
3700 7212
2671 4714
6086 7490
2471 6999
5411 6811
253 4434
5996 6878
1553 1688
5722 6664
98 6985
6756 7614
2113 3014
777 2461
655 4851
4696 6657
4656 6118
1774 2092
1882 7424
4323 7069
3666 7345
5701 6147
4319 5913
90 2676
4802 6316
1300 4166
3540 7458
3886 6793
5692 7307
6770 6798
2680 4397
2767 6504
2008 7057
1991 6299
2740 6397
2129 2183
3288 4323
3184 3270
647 2650
1778 3829
374 1801
3237 5983
2797 5256
4485 7039
4195 5118
633 6986
595 2083
75 1282
496 5308
3451 7059
1520 4794
2646 4532
1446 3768
1212 6855
2332 2634
5546 7477
2835 3824
3767 4315
2418 5914
2094 5973
719 4349
4898 6879
4931 7261
2130 4601
4095 7613
3381 5859
3093 7252
1461 5803
2784 6363
3834 7043
1497 4253
1968 6529
4314 5283
99 6421
2325 5495
2028 4224
2602 5688
1562 7553
517 870
1228 6454
3150 3450
720 4074
866 7293
427 5957
3054 3571
3733 5405
4877 4962
4273 7437
3930 6949
1693 3185
1655 6180
612 5220
2 2061
3311 4354
1563 2075
4448 5449
172 4026
1368 3595
1684 5259
533 3997
2018 2500
2754 3311
1148 5998
1441 5198
7256 7423
2920 4513
3865 4173
478 7058
3018 6209
1818 3472
4638 7172
4168 7587
1852 7108
3763 5168
2272 7036
3086 3876
4880 7164
1291 1569
4955 7040
578 1371
1424 4750
3778 7020
6993 7036
7399 7615
1425 4627
380 412
2182 4449
6943 7352
626 7484
321 6389
5394 5969
984 1055
3679 4959
237 7160
4345 6113
205 2974
1668 5582
224 4899
5696 6464
4411 7121
4597 6831
5020 5039
3409 5409
5218 6594
2735 3830
576 7189
7206 7485
1305 7262
324 1839
426 6036
1317 5305
364 6781
886 2078
920 1759
858 1876
477 670
2277 5278
3353 3619
4030 6918
1164 5561
3096 6958
5863 6977
1609 3920
2659 4739
4235 6098
170 4378
3869 4069
4462 4670
309 3693
5181 7226
556 5681
3099 5706
877 4398
4996 7091
1688 1797
1730 7451
3710 5636
4561 5590
1690 2811
858 6744
1363 6984
4432 4543
1114 6193
2292 5272
1694 4991
882 1735
59 7299
4717 6530
6132 7018
5828 6203
2920 6786
2069 6651
1875 2493
2229 6462
2384 3585
3505 3779
1594 4537
1209 7426
3708 3972
3270 6334
1992 2392
477 6447
5920 6219
963 4252
4832 5523
715 5577
4185 5354
1715 7159
883 7141
1075 5292
6536 6821
1941 5250
3218 3759
2723 3911
2741 7266
131 2006
4620 6610
4093 5932
182 3663
2725 6673
2725 2915
3 5785
2084 6622
874 5368
659 1488
4154 5406
3074 7482
4149 5709
3495 7531
6930 7554
169 2189
450 3936
1825 6989
1687 7034
4027 7330
49 6989
3414 4684
3946 4014
1330 2705
1375 2871
698 2537
1204 7193
1792 5395
1045 2700
2025 4033
3326 7085
4974 6735
0 862
1315 4378
661 7543
918 7356
6690 7143
1408 3627
4098 7609
407 4041
154 6538
881 5074
492 5212
237 2280
5234 6239
2180 4053
1142 7336
520 4787
1474 2933
4315 5101
1161 3186
4228 5913
165 5213
2649 3389
2744 3367
2637 5194
797 3042
2861 5936
1014 6357
2860 4501
1140 7220
64 4004
5446 5731
997 3375
1246 1308
1263 1549
309 2345
7209 7417
3408 7289
1181 4541
1854 3706
617 2964
1581 3355
2444 2814
5450 5612
3328 6426
6134 6220
1700 4943
1639 3130
237 7090
1348 6024
5042 5432
1385 1806
3196 6977
2609 6195
2598 7190
1142 4742
888 5301
5158 6280
1443 6634
1152 6300
203 4798
1715 3726
5330 5793
7027 7401
3133 4463
6293 6692
1143 4650
3384 4650
5470 6469
4489 4889
0 5141
2822 4684
1336 2732
1779 3708
1235 6758
4452 5780
2140 5131
357 7444
556 618
3590 5566
2875 7016
1655 4326
3165 6819
4208 6798
2310 3013
4134 5616
4019 5450
906 4730
338 6265
1945 7551
3213 3813
790 6921
3078 7501
3234 5692
1919 4984
4254 6863
2263 7193
5905 7499
4086 4931
1029 7610
3246 6784
2404 6752
97 699
1322 6601
3317 4925
2585 4677
5490 7283
3452 7482
5868 6273
3237 3927
657 3925
335 3795
4608 7467
3673 6257
1847 2421
4473 7464
781 5384
847 7238
3611 5104
926 5081
7131 7402
494 1848
367 501
3868 4998
208 4826
4361 6588
3252 4224
1413 6234
6563 6993
4995 6332
22 7576
3604 5378
2707 5815
2253 5896
733 1028
2703 4784
2074 7262
3886 4964
4982 5509
1787 3028
6100 7524
1269 6732
3543 6103
2771 3027
2385 6047
840 4152
1324 4249
2093 4660
1655 2843
5771 6479
4220 5212
2337 4490
3476 7011
2530 6400
3865 4082
5294 5562
617 1703
3912 6238
6521 7337
2760 3558
3750 5671
1112 6508
4807 6482
2235 5695
2525 6452
6250 6515
600 2607
437 4287
1123 2007
2590 5857
4473 6688
299 5944
1487 2144
1499 2539
324 1410
3489 5365
4863 7390
2031 4949
4051 4128
586 1540
5218 5454
4109 7055
4501 5793
1026 6397
2064 7559
4292 5491
684 7587
1230 6334
741 5877
4877 6605
3053 4139
2130 3420
2377 7432
625 1826
534 2185
939 3820
3616 5404
2304 4410
1220 4911
1070 5529
4119 6003
3826 6478
675 2328
1027 5022
831 843
4315 5289
1668 3703
3363 4089
4549 5541
1202 3334
5924 7609
2203 3645
2924 5405
488 2704
4447 6936
5718 6024
5317 5505
827 2177
3178 7219
4203 7021
3118 4893
691 1890
4167 6609
4669 5796
2571 6856
607 2589
1611 2219
3067 5429
888 1079
3843 4344
4594 7107
1589 5538
1463 3769
1922 2597
3839 6241
4208 4834
849 3298
5342 6466
126 218
6796 6838
201 2638
3723 5299
3931 4519
3567 4478
4062 4975
387 3032
2138 4050
5516 6296
3110 3344
784 4891
1065 6322
473 5468
3399 4611
4441 4931
1032 2068
3366 5787
4873 6989
2014 2872
2367 3822
5882 6231
1637 6167
976 3883
3694 7207
1606 6129
1132 4109
3699 6094
32 6805
3137 6307
3108 4956
3950 5342
819 1581
974 5988
2722 2921
397 6322
1157 3065
1551 2371
6774 6789
552 2582
1294 1611
2273 4650
6437 6472
5352 6425
1336 5740
1124 5473
4058 5365
3556 7106
2947 6803
2282 2906
6918 7501
3681 6393
5 6602
107 2376
2559 4029
1890 7227
2000 6762
2763 5818
504 760
4301 5345
787 5061
940 1767
4408 6921
607 6244
466 6902
4388 7539
4355 5232
2750 4766
3413 6662
3697 4227
1658 2353
2099 5560
1679 7536
6376 6767
1579 7491
6159 6980
6996 7511
2597 4508
4765 5484
692 4361
3302 6566
2857 2946
4125 4758
3710 5365
1 6659
897 6901
1696 3789
3263 3566
233 3258
374 2470
120 4730
5668 7490
3317 5819
3258 3465
2416 7497
2893 6893
323 2070
4972 5776
4166 5716
218 6050
3664 3811
3342 6952
1796 4857
562 7522
952 1470
452 6532
4859 7146
2964 4375
564 4679
374 4878
3379 5182
5750 7172
1242 2952
1253 7149
1262 6988
2662 3797
90 6286
413 2864
5957 6451
3717 6216
875 2698
3179 6006
1608 2645
4325 7354
2755 3019
2290 7589
5564 6589
207 1877
103 1290
2802 2937
1624 6266
3709 6264
684 2329
2848 4016
177 3470
1180 2526
1107 1869
2531 5451
182 4767
1646 5477
691 3758
6743 7218
2203 4021
777 4437
1286 5678
1584 5081
4263 7418
3573 4508
1672 4391
3130 6538
786 2767
240 3470
5403 6431
2277 7368
4818 5494
4021 5535
2674 6865
2470 5340
2842 5298
2367 5504
2012 4548
810 4934
929 6913
4642 6014
401 7417
1232 5152
824 2428
3545 6181
5243 5247
3321 4004
4830 6623
16 6248
3123 7547
4630 7426
3474 6328
3384 7428
1012 4733
1699 3395
3146 5408
2733 3651
2555 6759
959 5165
70 7112
2952 4234
1594 6271
950 3702
1317 5156
205 3173
2530 6666
1509 4627
3115 5089
3969 5112
210 4739
2263 3228
1053 2173
1208 3423
4444 6485
2502 7533
402 7294
4041 7463
4 3245
4315 6143
947 2413
2214 2545
2130 4957
757 1908
1837 2293
2052 5153
5059 7472
3676 6874
6068 6512
2074 6814
1813 4918
1092 4753
524 6072
2394 4613
4955 5309
2470 7457
4457 6018
2847 6393
4771 7451
492 4526
4357 7201
543 7557
5903 7583
3090 5044
3874 6771
3060 5601
3000 3013
2905 4558
6601 7542
842 2876
1348 3996
345 1796
556 627
4876 7121
4207 5502
1731 4842
3049 6631
2261 5823
1917 6891
2573 3411
3883 5572
3373 5029
478 5389
4767 6046
1931 5231
1478 5848
1245 6654
2261 6988
940 1654
982 2061
547 7402
1912 6495
4732 6780
2794 6209
1583 6513
4728 6814
3399 5590
6099 7505
14 3910
6177 6228
250 5331
866 2330
3349 5073
12 6809
3361 3992
5806 7070
393 4667
3882 7388
1213 4311
907 1585
1783 4864
1579 6021
352 3597
3578 5941
1857 7413
124 7528
5127 7203
6409 7160
1736 2595
3736 6577
3076 3884
3822 7157
1858 6951
2934 6660
3356 4390
2108 5444
750 2759
779 4823
2250 4842
264 4786
2137 4964
4817 5821
2990 6699
339 4963
2023 5793
3078 3291
272 1620
3877 4433
3483 3718
4447 6101
2987 6080
3033 5888
355 7209
844 4318
2176 3282
2505 4530
2091 6579
211 4475
1515 6412
724 1527
408 6337
524 6991
3323 3392
4959 7348
1500 5935
801 2827
2880 5716
2341 4217
1776 2260
3498 6215
2293 6663
6180 7224
1900 7126
460 3191
1372 3234
4364 4908
5619 6598
5097 7293
2026 7401
1612 5132
2263 6872
2644 3471
3788 5712
6019 7247
540 5812
5300 7596
3573 5856
649 5539
1671 3278
1915 3066
2126 6461
1881 5602
2765 5315
351 454
1832 5097
4842 6732
3760 6201
753 3403
1682 5053
2569 2645
3510 5092
2852 6087
299 554
4165 7577
2508 5273
5114 7481
42 5072
1713 6254
2998 7532
2459 6216
1458 6228
1992 5399
5340 6080
657 5113
256 4408
4018 7047
1044 3874
4652 5880
2216 7497
4254 6473
5596 6596
2669 7092
6158 6357
4149 5977
2540 6004
1188 3665
823 2755
3975 5368
207 1780
729 980
2815 4159
3064 6361
624 5256
3406 3810
3879 6215
7146 7436
3901 6473
4429 7159
31 4015
4405 6806
1141 4735
3467 4165
5383 5888
413 3581
4126 6264
5203 6315
1644 3883
1069 3350
3388 4279
3313 6108
3866 4791
1875 6242
1502 3426
3478 6499
4315 7164
1580 6693
1218 4017
860 2620
2553 3297
1404 6703
123 6047
3271 6539
890 5730
262 6338
2905 5673
3824 7545
570 1120
1660 5174
51 4654
228 3671
587 1433
3268 3581
5592 7270
3689 4042
1220 2958
4062 5369
1452 6865
4547 5193
1106 2060
1269 5738
3421 4918
520 857
7477 7594
5458 6231
2829 4437
225 2812
3720 3788
536 3416
1367 3868
1334 3035
4431 6202
3190 3477
54 2097
3675 4370
1317 2097
1250 6883
2020 3402
2302 3816
3263 5703
3995 6348
4509 6743
182 1430
1521 3031
468 958
3346 7002
5511 6425
1809 1839
4774 7221
1395 6712
6915 7306
1141 3436
5462 6428
3714 4963
3679 7212
4013 5384
6037 6997
3963 4942
4051 7503
352 3550
599 6839
1192 5737
2233 2264
806 2886
6128 6846
1226 6584
6129 7547
987 6261
3003 3183
3838 3953
6219 7425
583 5702
1694 5760
2807 6006
729 5049
232 1524
4486 5078
4073 5991
2227 5614
4971 6046
1658 3440
5878 6194
2429 2980
2463 2759
4215 7380
3121 4960
7440 7611
4325 4533
348 1152
2 6898
2179 5671
1092 1715
379 7035
1815 7133
4937 7037
789 3191
1456 4887
4862 6974
4533 5588
1518 5459
2398 7609
1185 4157
488 1296
1480 2303
2366 5197
2208 4586
2555 6244
2677 3496
83 6379
1807 2951
5248 6856
2437 7407
695 2544
3002 4207
1535 1895
1534 3682
1430 7340
4469 5797
619 6793
1694 5229
1525 3983
2398 4086
3433 5659
4642 7251
4239 6417
4140 6769
3902 5450
2163 3324
928 3893
5549 7611
5581 6786
4721 7544
4081 5245
702 7438
3080 7024
865 3687
1156 5830
935 3612
3932 7530
2040 5864
5303 5948
2679 6032
6530 6554
396 1396
1085 3593
4041 4588
3445 6548
4157 7085
47 7276
2497 5724
1477 3029
2568 5925
3903 4865
236 2213
3646 7289
4341 5295
1155 4315
3934 4412
959 4496
2119 3544
53 4560
3213 6231
5884 6521
3130 5696
1490 6442
1488 3984
128 7459
2961 3725
2048 6526
3547 3726
1757 3330
643 802
1619 2996
4082 6689
1783 6566
2728 5097
3842 5016
2980 7387
702 4894
887 961
5939 6328
2280 5919
613 2165
4384 7509
1896 3077
5993 6659
5468 7369
1923 7243
4782 6317
5771 6500
4247 5129
677 5290
2446 4468
53 7498
5067 6368
1124 3576
1107 2464
3587 3984
1242 2762
5557 5646
6022 6828
5324 5488
5850 7033
723 5705
1511 4891
951 1405
5679 5802
2365 5074
2107 4392
214 5184
1016 2489
685 1144
425 6817
4350 5909
1307 4845
5197 6482
3415 4789
2612 7093
4865 7477
293 5563
2242 5730
1145 5166
2383 7318
775 1953
4011 7425
2121 3514
886 3612
3446 5331
1168 6814
111 3352
4797 7214
2652 6254
741 836
4214 6435
1119 5258
2510 6595
1507 4903
341 4965
863 6397
2287 7577
7129 7456
834 1830
1340 4123
1922 2184
4376 5628
778 6411
3244 3906
1941 6327
1230 5529
353 4110
377 4297
3848 7185
1659 4476
3003 7106
2530 4044
2282 4381
3557 6567
1436 6726
6180 6733
3238 6959
4203 4581
5014 6560
545 2675
556 4823
1327 1836
5330 7498
496 2966
6335 6993
199 7282
4599 5819
6128 6962
5976 6523
5112 6926
797 2371
103 3310
520 7078
3188 6950
2424 2721
897 4828
117 6395
4194 5240
2212 2968
1676 3348
892 3878
2493 6994
6925 7514
4014 6369
311 5034
962 1373
59 5316
4215 6401
1503 2771
6278 7614
224 2514
4352 7149
5176 5445
1653 4466
1119 2997
1830 6250
150 1231
142 4513
3602 4071
5096 7227
14 4053
2487 5187
580 5957
2260 7360
2300 7459
1672 2537
700 733
16 1362
4191 6161
468 4958
2854 7045
3865 5817
5275 6837
1707 7013
2802 6919
4107 4774
19 3616
3859 6007
2821 3855
227 5063
266 4686
710 4643
2720 2786
2993 5597
245 4881
1505 5629
3738 7361
1167 1795
4386 4572
5814 6577
3609 5668
2051 3954
2794 6335
3323 4013
5551 6043
1098 1951
3653 7091
4409 4726
5269 5665
2046 3623
2054 6144
2582 4630
2410 4234
4268 5423
1164 4798
2321 2611
2684 5590
2934 3883
743 4651
3109 3924
658 5095
728 1237
3411 6310
1814 2751
1406 3776
2964 3504
5071 7079
789 4728
2710 4706
624 1390
5048 5721
1945 3315
2245 7053
1294 5435
98 5646
7160 7567
3416 6460
5390 7435
2125 4544
702 3531
5609 5654
403 5006
5171 6862
207 4475
654 1331
723 3991
649 4958
