2026-06-21 21:47:26,311  - Loading graph...
2026-06-21 21:47:26,311  - Graph loaded.
2026-06-21 21:47:26,312  - Converting graph to dict...
2026-06-21 21:47:26,312 Graph converted.
2026-06-21 21:47:26,312 Graph - Number of vertices: 251
2026-06-21 21:47:26,312 Graph - Number of edges: 315.0
2026-06-21 21:47:26,324 Capturing larger degree...
2026-06-21 21:47:26,324 Larger degree captured
2026-06-21 21:47:26,332 BFS vertex 4. Time: 0.0002491474151611328s
2026-06-21 21:47:26,333 BFS vertex 25. Time: 0.00013971328735351562s
2026-06-21 21:47:26,333 BFS vertex 161. Time: 0.00011181831359863281s
2026-06-21 21:47:26,333 BFS vertex 184. Time: 0.00010251998901367188s
2026-06-21 21:47:26,333 BFS vertex 1. Time: 0.00010848045349121094s
2026-06-21 21:47:26,333 BFS vertex 153. Time: 0.00011157989501953125s
2026-06-21 21:47:26,333 BFS vertex 40. Time: 0.00010609626770019531s
2026-06-21 21:47:26,334 BFS vertex 41. Time: 0.00010633468627929688s
2026-06-21 21:47:26,334 BFS vertex 154. Time: 9.942054748535156e-05s
2026-06-21 21:47:26,334 BFS vertex 65. Time: 0.00010085105895996094s
2026-06-21 21:47:26,334 BFS vertex 253. Time: 0.00010156631469726562s
2026-06-21 21:47:26,334 BFS vertex 39. Time: 9.703636169433594e-05s
2026-06-21 21:47:26,334 BFS vertex 122. Time: 0.00010704994201660156s
2026-06-21 21:47:26,334 BFS vertex 162. Time: 9.274482727050781e-05s
2026-06-21 21:47:26,334 BFS vertex 163. Time: 9.560585021972656e-05s
2026-06-21 21:47:26,334 BFS vertex 230. Time: 9.322166442871094e-05s
2026-06-21 21:47:26,335 BFS vertex 58. Time: 9.441375732421875e-05s
2026-06-21 21:47:26,335 BFS vertex 59. Time: 9.5367431640625e-05s
2026-06-21 21:47:26,335 BFS vertex 127. Time: 9.441375732421875e-05s
2026-06-21 21:47:26,335 BFS vertex 261. Time: 9.846687316894531e-05s
2026-06-21 21:47:26,335 BFS vertex 151. Time: 9.632110595703125e-05s
2026-06-21 21:47:26,335 BFS vertex 24. Time: 0.00010776519775390625s
2026-06-21 21:47:26,335 BFS vertex 30. Time: 9.083747863769531e-05s
2026-06-21 21:47:26,335 BFS vertex 54. Time: 0.00010013580322265625s
2026-06-21 21:47:26,336 BFS vertex 168. Time: 9.822845458984375e-05s
2026-06-21 21:47:26,336 BFS vertex 167. Time: 9.703636169433594e-05s
2026-06-21 21:47:26,336 BFS vertex 264. Time: 0.00010323524475097656s
2026-06-21 21:47:26,336 BFS vertex 207. Time: 9.083747863769531e-05s
2026-06-21 21:47:26,336 BFS vertex 171. Time: 9.226799011230469e-05s
2026-06-21 21:47:26,336 BFS vertex 88. Time: 9.441375732421875e-05s
2026-06-21 21:47:26,336 BFS vertex 23. Time: 0.00010013580322265625s
2026-06-21 21:47:26,336 BFS vertex 244. Time: 9.584426879882812e-05s
2026-06-21 21:47:26,336 BFS vertex 115. Time: 9.775161743164062e-05s
2026-06-21 21:47:26,337 BFS vertex 26. Time: 9.703636169433594e-05s
2026-06-21 21:47:26,337 BFS vertex 42. Time: 9.250640869140625e-05s
2026-06-21 21:47:26,337 BFS vertex 46. Time: 9.679794311523438e-05s
2026-06-21 21:47:26,337 BFS vertex 121. Time: 9.465217590332031e-05s
2026-06-21 21:47:26,337 BFS vertex 119. Time: 9.965896606445312e-05s
2026-06-21 21:47:26,337 BFS vertex 64. Time: 9.751319885253906e-05s
2026-06-21 21:47:26,337 BFS vertex 32. Time: 0.0001232624053955078s
2026-06-21 21:47:26,337 BFS vertex 35. Time: 9.822845458984375e-05s
2026-06-21 21:47:26,337 BFS vertex 158. Time: 9.393692016601562e-05s
2026-06-21 21:47:26,338 BFS vertex 208. Time: 0.00010180473327636719s
2026-06-21 21:47:26,338 BFS vertex 37. Time: 9.512901306152344e-05s
2026-06-21 21:47:26,338 BFS vertex 62. Time: 9.465217590332031e-05s
2026-06-21 21:47:26,338 BFS vertex 203. Time: 9.250640869140625e-05s
2026-06-21 21:47:26,338 BFS vertex 9. Time: 9.369850158691406e-05s
2026-06-21 21:47:26,338 BFS vertex 12. Time: 9.989738464355469e-05s
2026-06-21 21:47:26,338 BFS vertex 155. Time: 9.179115295410156e-05s
2026-06-21 21:47:26,338 BFS vertex 187. Time: 9.417533874511719e-05s
2026-06-21 21:47:26,338 BFS vertex 76. Time: 9.250640869140625e-05s
2026-06-21 21:47:26,339 BFS vertex 51. Time: 9.632110595703125e-05s
2026-06-21 21:47:26,339 BFS vertex 137. Time: 9.059906005859375e-05s
2026-06-21 21:47:26,339 BFS vertex 202. Time: 9.202957153320312e-05s
2026-06-21 21:47:26,339 BFS vertex 10. Time: 9.465217590332031e-05s
2026-06-21 21:47:26,339 BFS vertex 70. Time: 9.250640869140625e-05s
2026-06-21 21:47:26,339 BFS vertex 146. Time: 9.72747802734375e-05s
2026-06-21 21:47:26,339 BFS vertex 144. Time: 0.00010085105895996094s
2026-06-21 21:47:26,339 BFS vertex 223. Time: 9.083747863769531e-05s
2026-06-21 21:47:26,339 BFS vertex 5. Time: 9.608268737792969e-05s
2026-06-21 21:47:26,340 BFS vertex 198. Time: 9.298324584960938e-05s
2026-06-21 21:47:26,340 BFS vertex 129. Time: 9.107589721679688e-05s
2026-06-21 21:47:26,340 BFS vertex 219. Time: 9.131431579589844e-05s
2026-06-21 21:47:26,340 BFS vertex 156. Time: 9.036064147949219e-05s
2026-06-21 21:47:26,340 BFS vertex 103. Time: 9.083747863769531e-05s
2026-06-21 21:47:26,340 BFS vertex 231. Time: 9.512901306152344e-05s
2026-06-21 21:47:26,340 BFS vertex 2. Time: 9.202957153320312e-05s
2026-06-21 21:47:26,340 BFS vertex 183. Time: 9.393692016601562e-05s
2026-06-21 21:47:26,340 BFS vertex 165. Time: 8.893013000488281e-05s
2026-06-21 21:47:26,341 BFS vertex 174. Time: 9.107589721679688e-05s
2026-06-21 21:47:26,341 BFS vertex 233. Time: 9.083747863769531e-05s
2026-06-21 21:47:26,341 BFS vertex 149. Time: 9.512901306152344e-05s
2026-06-21 21:47:26,341 BFS vertex 83. Time: 9.322166442871094e-05s
2026-06-21 21:47:26,341 BFS vertex 84. Time: 8.988380432128906e-05s
2026-06-21 21:47:26,341 BFS vertex 166. Time: 8.726119995117188e-05s
2026-06-21 21:47:26,341 BFS vertex 126. Time: 9.989738464355469e-05s
2026-06-21 21:47:26,341 BFS vertex 260. Time: 9.441375732421875e-05s
2026-06-21 21:47:26,341 BFS vertex 186. Time: 9.1552734375e-05s
2026-06-21 21:47:26,342 BFS vertex 66. Time: 9.655952453613281e-05s
2026-06-21 21:47:26,342 BFS vertex 180. Time: 9.393692016601562e-05s
2026-06-21 21:47:26,342 BFS vertex 188. Time: 8.702278137207031e-05s
2026-06-21 21:47:26,342 BFS vertex 205. Time: 8.440017700195312e-05s
2026-06-21 21:47:26,342 BFS vertex 6. Time: 9.012222290039062e-05s
2026-06-21 21:47:26,342 BFS vertex 136. Time: 9.489059448242188e-05s
2026-06-21 21:47:26,342 BFS vertex 38. Time: 0.00011610984802246094s
2026-06-21 21:47:26,342 BFS vertex 140. Time: 9.441375732421875e-05s
2026-06-21 21:47:26,342 BFS vertex 43. Time: 9.369850158691406e-05s
2026-06-21 21:47:26,343 BFS vertex 175. Time: 9.846687316894531e-05s
2026-06-21 21:47:26,343 BFS vertex 109. Time: 9.655952453613281e-05s
2026-06-21 21:47:26,343 BFS vertex 160. Time: 9.417533874511719e-05s
2026-06-21 21:47:26,343 BFS vertex 239. Time: 9.202957153320312e-05s
2026-06-21 21:47:26,343 BFS vertex 114. Time: 8.988380432128906e-05s
2026-06-21 21:47:26,343 BFS vertex 67. Time: 9.72747802734375e-05s
2026-06-21 21:47:26,343 BFS vertex 31. Time: 9.918212890625e-05s
2026-06-21 21:47:26,343 BFS vertex 259. Time: 0.00010275840759277344s
2026-06-21 21:47:26,343 BFS vertex 130. Time: 8.940696716308594e-05s
2026-06-21 21:47:26,343 BFS vertex 138. Time: 9.226799011230469e-05s
2026-06-21 21:47:26,344 BFS vertex 221. Time: 8.988380432128906e-05s
2026-06-21 21:47:26,344 BFS vertex 224. Time: 9.679794311523438e-05s
2026-06-21 21:47:26,344 BFS vertex 111. Time: 9.822845458984375e-05s
2026-06-21 21:47:26,344 BFS vertex 258. Time: 9.799003601074219e-05s
2026-06-21 21:47:26,344 BFS vertex 135. Time: 9.655952453613281e-05s
2026-06-21 21:47:26,344 BFS vertex 20. Time: 9.417533874511719e-05s
2026-06-21 21:47:26,344 BFS vertex 106. Time: 9.393692016601562e-05s
2026-06-21 21:47:26,344 BFS vertex 200. Time: 9.298324584960938e-05s
2026-06-21 21:47:26,344 BFS vertex 190. Time: 9.417533874511719e-05s
2026-06-21 21:47:26,345 BFS vertex 57. Time: 9.107589721679688e-05s
2026-06-21 21:47:26,345 BFS vertex 28. Time: 9.274482727050781e-05s
2026-06-21 21:47:26,345 BFS vertex 33. Time: 9.703636169433594e-05s
2026-06-21 21:47:26,345 BFS vertex 100. Time: 9.083747863769531e-05s
2026-06-21 21:47:26,345 BFS vertex 145. Time: 9.608268737792969e-05s
2026-06-21 21:47:26,345 BFS vertex 29. Time: 0.00010418891906738281s
2026-06-21 21:47:26,345 BFS vertex 193. Time: 9.322166442871094e-05s
2026-06-21 21:47:26,345 BFS vertex 120. Time: 9.560585021972656e-05s
2026-06-21 21:47:26,346 BFS vertex 13. Time: 9.250640869140625e-05s
2026-06-21 21:47:26,346 BFS vertex 92. Time: 9.179115295410156e-05s
2026-06-21 21:47:26,346 BFS vertex 14. Time: 9.274482727050781e-05s
2026-06-21 21:47:26,346 BFS vertex 77. Time: 9.822845458984375e-05s
2026-06-21 21:47:26,346 BFS vertex 61. Time: 9.72747802734375e-05s
2026-06-21 21:47:26,346 BFS vertex 256. Time: 9.560585021972656e-05s
2026-06-21 21:47:26,346 BFS vertex 192. Time: 9.608268737792969e-05s
2026-06-21 21:47:26,346 BFS vertex 80. Time: 9.34600830078125e-05s
2026-06-21 21:47:26,346 BFS vertex 81. Time: 9.036064147949219e-05s
2026-06-21 21:47:26,347 BFS vertex 56. Time: 0.00010251998901367188s
2026-06-21 21:47:26,347 BFS vertex 108. Time: 9.441375732421875e-05s
2026-06-21 21:47:26,347 BFS vertex 18. Time: 9.298324584960938e-05s
2026-06-21 21:47:26,347 BFS vertex 236. Time: 9.107589721679688e-05s
2026-06-21 21:47:26,347 BFS vertex 218. Time: 9.441375732421875e-05s
2026-06-21 21:47:26,347 BFS vertex 47. Time: 9.34600830078125e-05s
2026-06-21 21:47:26,347 BFS vertex 250. Time: 0.00010061264038085938s
2026-06-21 21:47:26,347 BFS vertex 132. Time: 9.226799011230469e-05s
2026-06-21 21:47:26,347 BFS vertex 93. Time: 9.322166442871094e-05s
2026-06-21 21:47:26,347 BFS vertex 94. Time: 9.393692016601562e-05s
2026-06-21 21:47:26,348 BFS vertex 212. Time: 9.322166442871094e-05s
2026-06-21 21:47:26,348 BFS vertex 206. Time: 9.322166442871094e-05s
2026-06-21 21:47:26,348 BFS vertex 118. Time: 9.72747802734375e-05s
2026-06-21 21:47:26,348 BFS vertex 226. Time: 9.059906005859375e-05s
2026-06-21 21:47:26,348 BFS vertex 82. Time: 9.393692016601562e-05s
2026-06-21 21:47:26,348 BFS vertex 112. Time: 0.00010180473327636719s
2026-06-21 21:47:26,348 BFS vertex 113. Time: 0.00010037422180175781s
2026-06-21 21:47:26,348 BFS vertex 220. Time: 9.083747863769531e-05s
2026-06-21 21:47:26,348 BFS vertex 222. Time: 9.179115295410156e-05s
2026-06-21 21:47:26,349 BFS vertex 78. Time: 9.942054748535156e-05s
2026-06-21 21:47:26,349 BFS vertex 107. Time: 9.846687316894531e-05s
2026-06-21 21:47:26,349 BFS vertex 7. Time: 9.274482727050781e-05s
2026-06-21 21:47:26,349 BFS vertex 173. Time: 9.298324584960938e-05s
2026-06-21 21:47:26,349 BFS vertex 179. Time: 9.417533874511719e-05s
2026-06-21 21:47:26,349 BFS vertex 210. Time: 9.441375732421875e-05s
2026-06-21 21:47:26,349 BFS vertex 191. Time: 8.749961853027344e-05s
2026-06-21 21:47:26,349 BFS vertex 176. Time: 9.417533874511719e-05s
2026-06-21 21:47:26,350 BFS vertex 53. Time: 9.846687316894531e-05s
2026-06-21 21:47:26,350 BFS vertex 17. Time: 9.775161743164062e-05s
2026-06-21 21:47:26,350 BFS vertex 15. Time: 9.584426879882812e-05s
2026-06-21 21:47:26,350 BFS vertex 237. Time: 8.96453857421875e-05s
2026-06-21 21:47:26,350 BFS vertex 85. Time: 9.512901306152344e-05s
2026-06-21 21:47:26,350 BFS vertex 201. Time: 9.512901306152344e-05s
2026-06-21 21:47:26,350 BFS vertex 255. Time: 9.393692016601562e-05s
2026-06-21 21:47:26,350 BFS vertex 196. Time: 8.988380432128906e-05s
2026-06-21 21:47:26,350 BFS vertex 185. Time: 9.274482727050781e-05s
2026-06-21 21:47:26,351 BFS vertex 90. Time: 0.00010037422180175781s
2026-06-21 21:47:26,351 BFS vertex 242. Time: 9.751319885253906e-05s
2026-06-21 21:47:26,351 BFS vertex 225. Time: 8.797645568847656e-05s
2026-06-21 21:47:26,351 BFS vertex 252. Time: 9.775161743164062e-05s
2026-06-21 21:47:26,351 BFS vertex 246. Time: 9.72747802734375e-05s
2026-06-21 21:47:26,351 BFS vertex 228. Time: 9.942054748535156e-05s
2026-06-21 21:47:26,351 BFS vertex 245. Time: 9.1552734375e-05s
2026-06-21 21:47:26,351 BFS vertex 152. Time: 9.441375732421875e-05s
2026-06-21 21:47:26,351 BFS vertex 182. Time: 9.131431579589844e-05s
2026-06-21 21:47:26,352 BFS vertex 75. Time: 9.703636169433594e-05s
2026-06-21 21:47:26,352 BFS vertex 197. Time: 9.083747863769531e-05s
2026-06-21 21:47:26,352 BFS vertex 86. Time: 9.679794311523438e-05s
2026-06-21 21:47:26,352 BFS vertex 87. Time: 9.822845458984375e-05s
2026-06-21 21:47:26,352 BFS vertex 217. Time: 8.940696716308594e-05s
2026-06-21 21:47:26,352 BFS vertex 11. Time: 0.00010466575622558594s
2026-06-21 21:47:26,352 BFS vertex 234. Time: 9.202957153320312e-05s
2026-06-21 21:47:26,352 BFS vertex 159. Time: 9.417533874511719e-05s
2026-06-21 21:47:26,352 BFS vertex 131. Time: 9.512901306152344e-05s
2026-06-21 21:47:26,353 BFS vertex 216. Time: 8.726119995117188e-05s
2026-06-21 21:47:26,353 BFS vertex 141. Time: 9.608268737792969e-05s
2026-06-21 21:47:26,353 BFS vertex 45. Time: 9.226799011230469e-05s
2026-06-21 21:47:26,353 BFS vertex 52. Time: 9.322166442871094e-05s
2026-06-21 21:47:26,353 BFS vertex 101. Time: 9.584426879882812e-05s
2026-06-21 21:47:26,353 BFS vertex 214. Time: 9.608268737792969e-05s
2026-06-21 21:47:26,353 BFS vertex 69. Time: 8.988380432128906e-05s
2026-06-21 21:47:26,353 BFS vertex 125. Time: 9.489059448242188e-05s
2026-06-21 21:47:26,353 BFS vertex 170. Time: 9.5367431640625e-05s
2026-06-21 21:47:26,354 BFS vertex 209. Time: 9.107589721679688e-05s
2026-06-21 21:47:26,354 BFS vertex 102. Time: 9.226799011230469e-05s
2026-06-21 21:47:26,354 BFS vertex 248. Time: 9.560585021972656e-05s
2026-06-21 21:47:26,354 BFS vertex 249. Time: 9.72747802734375e-05s
2026-06-21 21:47:26,354 BFS vertex 157. Time: 9.489059448242188e-05s
2026-06-21 21:47:26,354 BFS vertex 189. Time: 9.72747802734375e-05s
2026-06-21 21:47:26,354 BFS vertex 211. Time: 9.012222290039062e-05s
2026-06-21 21:47:26,354 BFS vertex 91. Time: 9.870529174804688e-05s
2026-06-21 21:47:26,354 BFS vertex 240. Time: 9.918212890625e-05s
2026-06-21 21:47:26,355 BFS vertex 79. Time: 9.846687316894531e-05s
2026-06-21 21:47:26,355 BFS vertex 142. Time: 9.441375732421875e-05s
2026-06-21 21:47:26,355 BFS vertex 60. Time: 9.465217590332031e-05s
2026-06-21 21:47:26,355 BFS vertex 95. Time: 9.5367431640625e-05s
2026-06-21 21:47:26,355 BFS vertex 36. Time: 9.34600830078125e-05s
2026-06-21 21:47:26,355 BFS vertex 204. Time: 9.393692016601562e-05s
2026-06-21 21:47:26,355 BFS vertex 117. Time: 9.584426879882812e-05s
2026-06-21 21:47:26,355 BFS vertex 235. Time: 9.059906005859375e-05s
2026-06-21 21:47:26,355 BFS vertex 143. Time: 9.679794311523438e-05s
2026-06-21 21:47:26,356 BFS vertex 148. Time: 9.5367431640625e-05s
2026-06-21 21:47:26,356 BFS vertex 169. Time: 9.298324584960938e-05s
2026-06-21 21:47:26,356 BFS vertex 172. Time: 9.274482727050781e-05s
2026-06-21 21:47:26,356 BFS vertex 227. Time: 9.131431579589844e-05s
2026-06-21 21:47:26,356 BFS vertex 178. Time: 9.870529174804688e-05s
2026-06-21 21:47:26,356 BFS vertex 232. Time: 9.679794311523438e-05s
2026-06-21 21:47:26,356 BFS vertex 68. Time: 9.179115295410156e-05s
2026-06-21 21:47:26,356 BFS vertex 241. Time: 9.393692016601562e-05s
2026-06-21 21:47:26,356 BFS vertex 116. Time: 9.369850158691406e-05s
2026-06-21 21:47:26,357 BFS vertex 213. Time: 9.465217590332031e-05s
2026-06-21 21:47:26,357 BFS vertex 16. Time: 8.940696716308594e-05s
2026-06-21 21:47:26,357 BFS vertex 181. Time: 9.441375732421875e-05s
2026-06-21 21:47:26,357 BFS vertex 257. Time: 9.870529174804688e-05s
2026-06-21 21:47:26,357 BFS vertex 134. Time: 9.560585021972656e-05s
2026-06-21 21:47:26,357 BFS vertex 22. Time: 0.00010347366333007812s
2026-06-21 21:47:26,357 BFS vertex 48. Time: 9.34600830078125e-05s
2026-06-21 21:47:26,357 BFS vertex 194. Time: 9.34600830078125e-05s
2026-06-21 21:47:26,357 BFS vertex 19. Time: 9.202957153320312e-05s
2026-06-21 21:47:26,358 BFS vertex 49. Time: 8.940696716308594e-05s
2026-06-21 21:47:26,358 BFS vertex 96. Time: 9.131431579589844e-05s
2026-06-21 21:47:26,358 BFS vertex 139. Time: 8.916854858398438e-05s
2026-06-21 21:47:26,358 BFS vertex 195. Time: 9.34600830078125e-05s
2026-06-21 21:47:26,358 BFS vertex 55. Time: 9.560585021972656e-05s
2026-06-21 21:47:26,358 BFS vertex 104. Time: 9.417533874511719e-05s
2026-06-21 21:47:26,358 BFS vertex 105. Time: 9.369850158691406e-05s
2026-06-21 21:47:26,358 BFS vertex 27. Time: 9.202957153320312e-05s
2026-06-21 21:47:26,358 BFS vertex 128. Time: 9.083747863769531e-05s
2026-06-21 21:47:26,359 BFS vertex 97. Time: 9.799003601074219e-05s
2026-06-21 21:47:26,359 BFS vertex 238. Time: 8.988380432128906e-05s
2026-06-21 21:47:26,359 BFS vertex 229. Time: 9.775161743164062e-05s
2026-06-21 21:47:26,359 BFS vertex 21. Time: 9.179115295410156e-05s
2026-06-21 21:47:26,359 BFS vertex 124. Time: 9.751319885253906e-05s
2026-06-21 21:47:26,359 BFS vertex 44. Time: 9.393692016601562e-05s
2026-06-21 21:47:26,359 BFS vertex 63. Time: 8.893013000488281e-05s
2026-06-21 21:47:26,359 BFS vertex 199. Time: 9.655952453613281e-05s
2026-06-21 21:47:26,359 BFS vertex 177. Time: 9.298324584960938e-05s
2026-06-21 21:47:26,360 BFS vertex 34. Time: 0.00010061264038085938s
2026-06-21 21:47:26,360 BFS vertex 147. Time: 9.274482727050781e-05s
2026-06-21 21:47:26,360 BFS vertex 215. Time: 9.059906005859375e-05s
2026-06-21 21:47:26,360 BFS vertex 150. Time: 9.608268737792969e-05s
2026-06-21 21:47:26,360 BFS vertex 243. Time: 9.083747863769531e-05s
2026-06-21 21:47:26,360 BFS vertex 164. Time: 9.775161743164062e-05s
2026-06-21 21:47:26,360 BFS vertex 3. Time: 9.799003601074219e-05s
2026-06-21 21:47:26,360 BFS vertex 247. Time: 9.489059448242188e-05s
2026-06-21 21:47:26,360 BFS vertex 254. Time: 9.274482727050781e-05s
2026-06-21 21:47:26,360 BFS vertex 265. Time: 9.34600830078125e-05s
2026-06-21 21:47:26,361 BFS vertex 263. Time: 9.655952453613281e-05s
2026-06-21 21:47:26,376 Saving degreeList on disk...
2026-06-21 21:47:26,377 Saving variable on disk...
2026-06-21 21:47:26,382 Variable saved. Time: 8.63194465637207e-05m
2026-06-21 21:47:26,382 Execution time - BFS: 0.0009700973828633626m
2026-06-21 21:47:26,389 Creating degree vectors...
2026-06-21 21:47:26,390 Degree vectors created.
2026-06-21 21:47:26,390 Saving degree vectors...
2026-06-21 21:47:26,390 Saving variable on disk...
2026-06-21 21:47:26,390 Variable saved. Time: 5.869070688883464e-06m
2026-06-21 21:47:26,390 Using compactDegree: True
2026-06-21 21:47:26,390 Split degree List...
2026-06-21 21:47:26,397 Recovering compactDegreeList from disk...
2026-06-21 21:47:26,397 Recovering variable...
2026-06-21 21:47:26,402 Variable recovered. Time: 7.462104161580404e-05m
2026-06-21 21:47:26,402 Recovering degree vector from disk...
2026-06-21 21:47:26,402 Recovering variable...
2026-06-21 21:47:26,402 Variable recovered. Time: 2.8967857360839845e-06m
2026-06-21 21:47:26,403 Saving variable on disk...
2026-06-21 21:47:26,404 Variable saved. Time: 4.084904988606771e-06m
2026-06-21 21:47:26,404 Saving variable on disk...
2026-06-21 21:47:26,409 Variable saved. Time: 9.612639745076497e-05m
2026-06-21 21:47:26,411 degreeList 1 completed.
2026-06-21 21:47:26,417 Executing part 1...
2026-06-21 21:47:26,422 Receiving results...
2026-06-21 21:47:26,424 Recovering variable...
2026-06-21 21:47:26,424 Variable recovered. Time: 4.967053731282552e-06m
2026-06-21 21:47:26,424 Recovering variable...
2026-06-21 21:47:26,428 Variable recovered. Time: 6.78857167561849e-05m
2026-06-21 21:47:26,430 fastDTW between vertices (4, 38). Time: 0.0011298656463623047s
2026-06-21 21:47:26,430 fastDTW between vertices (4, 42). Time: 0.0006172657012939453s
2026-06-21 21:47:26,431 fastDTW between vertices (4, 106). Time: 0.0005741119384765625s
2026-06-21 21:47:26,432 fastDTW between vertices (4, 39). Time: 0.0005383491516113281s
2026-06-21 21:47:26,432 fastDTW between vertices (4, 30). Time: 0.0006325244903564453s
2026-06-21 21:47:26,433 fastDTW between vertices (4, 37). Time: 0.000583648681640625s
2026-06-21 21:47:26,434 fastDTW between vertices (4, 12). Time: 0.0006208419799804688s
2026-06-21 21:47:26,434 fastDTW between vertices (4, 40). Time: 0.0005941390991210938s
2026-06-21 21:47:26,435 fastDTW between vertices (4, 65). Time: 0.0005977153778076172s
2026-06-21 21:47:26,436 fastDTW between vertices (4, 137). Time: 0.0006268024444580078s
2026-06-21 21:47:26,436 fastDTW between vertices (4, 70). Time: 0.0006091594696044922s
2026-06-21 21:47:26,437 fastDTW between vertices (4, 100). Time: 0.0006003379821777344s
2026-06-21 21:47:26,438 fastDTW between vertices (4, 1). Time: 0.0006036758422851562s
2026-06-21 21:47:26,438 fastDTW between vertices (4, 153). Time: 0.0005681514739990234s
2026-06-21 21:47:26,439 fastDTW between vertices (4, 158). Time: 0.00055694580078125s
2026-06-21 21:47:26,440 fastDTW between vertices (4, 208). Time: 0.0006031990051269531s
2026-06-21 21:47:26,440 fastDTW between vertices (25, 161). Time: 0.0005130767822265625s
2026-06-21 21:47:26,441 fastDTW between vertices (25, 41). Time: 0.0005705356597900391s
2026-06-21 21:47:26,441 fastDTW between vertices (25, 253). Time: 0.0006070137023925781s
2026-06-21 21:47:26,442 fastDTW between vertices (25, 122). Time: 0.0005249977111816406s
2026-06-21 21:47:26,442 fastDTW between vertices (25, 162). Time: 0.00047898292541503906s
2026-06-21 21:47:26,443 fastDTW between vertices (25, 230). Time: 0.0006592273712158203s
2026-06-21 21:47:26,444 fastDTW between vertices (25, 59). Time: 0.00047135353088378906s
2026-06-21 21:47:26,444 fastDTW between vertices (25, 261). Time: 0.0002639293670654297s
2026-06-21 21:47:26,444 fastDTW between vertices (25, 168). Time: 0.0004248619079589844s
2026-06-21 21:47:26,445 fastDTW between vertices (25, 264). Time: 0.0003819465637207031s
2026-06-21 21:47:26,445 fastDTW between vertices (25, 207). Time: 0.0006577968597412109s
2026-06-21 21:47:26,446 fastDTW between vertices (25, 244). Time: 0.0004942417144775391s
2026-06-21 21:47:26,447 fastDTW between vertices (25, 115). Time: 0.0006499290466308594s
2026-06-21 21:47:26,447 fastDTW between vertices (25, 62). Time: 0.0005712509155273438s
2026-06-21 21:47:26,448 fastDTW between vertices (25, 155). Time: 0.0006406307220458984s
2026-06-21 21:47:26,449 fastDTW between vertices (25, 76). Time: 0.0005881786346435547s
2026-06-21 21:47:26,449 fastDTW between vertices (161, 25). Time: 0.0004942417144775391s
2026-06-21 21:47:26,450 fastDTW between vertices (161, 41). Time: 0.0006594657897949219s
2026-06-21 21:47:26,450 fastDTW between vertices (161, 253). Time: 0.0006704330444335938s
2026-06-21 21:47:26,451 fastDTW between vertices (161, 122). Time: 0.0006515979766845703s
2026-06-21 21:47:26,452 fastDTW between vertices (161, 162). Time: 0.0006558895111083984s
2026-06-21 21:47:26,452 fastDTW between vertices (161, 230). Time: 0.0005040168762207031s
2026-06-21 21:47:26,453 fastDTW between vertices (161, 59). Time: 0.0006480216979980469s
2026-06-21 21:47:26,454 fastDTW between vertices (161, 261). Time: 0.00048804283142089844s
2026-06-21 21:47:26,454 fastDTW between vertices (161, 168). Time: 0.0006306171417236328s
2026-06-21 21:47:26,455 fastDTW between vertices (161, 264). Time: 0.0005986690521240234s
2026-06-21 21:47:26,455 fastDTW between vertices (161, 207). Time: 0.0005013942718505859s
2026-06-21 21:47:26,456 fastDTW between vertices (161, 244). Time: 0.000652313232421875s
2026-06-21 21:47:26,457 fastDTW between vertices (161, 115). Time: 0.0005023479461669922s
2026-06-21 21:47:26,457 fastDTW between vertices (161, 62). Time: 0.000667572021484375s
2026-06-21 21:47:26,458 fastDTW between vertices (161, 155). Time: 0.00049591064453125s
2026-06-21 21:47:26,458 fastDTW between vertices (161, 76). Time: 0.0006451606750488281s
2026-06-21 21:47:26,459 fastDTW between vertices (184, 26). Time: 0.0007014274597167969s
2026-06-21 21:47:26,460 fastDTW between vertices (184, 121). Time: 0.0007033348083496094s
2026-06-21 21:47:26,461 fastDTW between vertices (184, 51). Time: 0.0007367134094238281s
2026-06-21 21:47:26,461 fastDTW between vertices (184, 136). Time: 0.000705718994140625s
2026-06-21 21:47:26,462 fastDTW between vertices (184, 29). Time: 0.0006878376007080078s
2026-06-21 21:47:26,463 fastDTW between vertices (184, 61). Time: 0.0006659030914306641s
2026-06-21 21:47:26,464 fastDTW between vertices (184, 81). Time: 0.0007076263427734375s
2026-06-21 21:47:26,464 fastDTW between vertices (184, 94). Time: 0.0007030963897705078s
2026-06-21 21:47:26,465 fastDTW between vertices (184, 226). Time: 0.0006480216979980469s
2026-06-21 21:47:26,466 fastDTW between vertices (184, 176). Time: 0.0007033348083496094s
2026-06-21 21:47:26,467 fastDTW between vertices (184, 143). Time: 0.0008769035339355469s
2026-06-21 21:47:26,467 fastDTW between vertices (184, 177). Time: 0.0006887912750244141s
2026-06-21 21:47:26,468 fastDTW between vertices (184, 1). Time: 0.0006589889526367188s
2026-06-21 21:47:26,469 fastDTW between vertices (184, 153). Time: 0.0006821155548095703s
2026-06-21 21:47:26,470 fastDTW between vertices (184, 158). Time: 0.0006964206695556641s
2026-06-21 21:47:26,470 fastDTW between vertices (184, 208). Time: 0.0006718635559082031s
2026-06-21 21:47:26,471 fastDTW between vertices (1, 153). Time: 0.0006654262542724609s
2026-06-21 21:47:26,472 fastDTW between vertices (1, 158). Time: 0.0006580352783203125s
2026-06-21 21:47:26,472 fastDTW between vertices (1, 208). Time: 0.0006725788116455078s
2026-06-21 21:47:26,473 fastDTW between vertices (1, 190). Time: 0.0006725788116455078s
2026-06-21 21:47:26,474 fastDTW between vertices (1, 40). Time: 0.0006806850433349609s
2026-06-21 21:47:26,474 fastDTW between vertices (1, 65). Time: 0.0006837844848632812s
2026-06-21 21:47:26,475 fastDTW between vertices (1, 137). Time: 0.0006947517395019531s
2026-06-21 21:47:26,476 fastDTW between vertices (1, 70). Time: 0.0006735324859619141s
2026-06-21 21:47:26,477 fastDTW between vertices (1, 100). Time: 0.0006778240203857422s
2026-06-21 21:47:26,477 fastDTW between vertices (1, 184). Time: 0.0006659030914306641s
2026-06-21 21:47:26,478 fastDTW between vertices (1, 26). Time: 0.0006721019744873047s
2026-06-21 21:47:26,479 fastDTW between vertices (1, 121). Time: 0.0006825923919677734s
2026-06-21 21:47:26,479 fastDTW between vertices (1, 51). Time: 0.0007123947143554688s
2026-06-21 21:47:26,480 fastDTW between vertices (1, 136). Time: 0.0006768703460693359s
2026-06-21 21:47:26,481 fastDTW between vertices (1, 29). Time: 0.0006623268127441406s
2026-06-21 21:47:26,481 fastDTW between vertices (1, 61). Time: 0.0006310939788818359s
2026-06-21 21:47:26,482 fastDTW between vertices (153, 1). Time: 0.0006666183471679688s
2026-06-21 21:47:26,483 fastDTW between vertices (153, 158). Time: 0.0006852149963378906s
2026-06-21 21:47:26,484 fastDTW between vertices (153, 208). Time: 0.0006825923919677734s
2026-06-21 21:47:26,484 fastDTW between vertices (153, 190). Time: 0.0007064342498779297s
2026-06-21 21:47:26,485 fastDTW between vertices (153, 40). Time: 0.0007677078247070312s
2026-06-21 21:47:26,486 fastDTW between vertices (153, 65). Time: 0.0007312297821044922s
2026-06-21 21:47:26,487 fastDTW between vertices (153, 137). Time: 0.0007162094116210938s
2026-06-21 21:47:26,487 fastDTW between vertices (153, 70). Time: 0.0007121562957763672s
2026-06-21 21:47:26,488 fastDTW between vertices (153, 100). Time: 0.0007073879241943359s
2026-06-21 21:47:26,489 fastDTW between vertices (153, 184). Time: 0.0006844997406005859s
2026-06-21 21:47:26,490 fastDTW between vertices (153, 26). Time: 0.0007297992706298828s
2026-06-21 21:47:26,490 fastDTW between vertices (153, 121). Time: 0.0007023811340332031s
2026-06-21 21:47:26,491 fastDTW between vertices (153, 51). Time: 0.0007829666137695312s
2026-06-21 21:47:26,492 fastDTW between vertices (153, 136). Time: 0.0006983280181884766s
2026-06-21 21:47:26,493 fastDTW between vertices (153, 29). Time: 0.0006940364837646484s
2026-06-21 21:47:26,493 fastDTW between vertices (153, 61). Time: 0.0007271766662597656s
2026-06-21 21:47:26,494 fastDTW between vertices (40, 65). Time: 0.0007135868072509766s
2026-06-21 21:47:26,495 fastDTW between vertices (40, 137). Time: 0.0007233619689941406s
2026-06-21 21:47:26,496 fastDTW between vertices (40, 70). Time: 0.0007152557373046875s
2026-06-21 21:47:26,496 fastDTW between vertices (40, 100). Time: 0.0007145404815673828s
2026-06-21 21:47:26,497 fastDTW between vertices (40, 39). Time: 0.0007634162902832031s
2026-06-21 21:47:26,498 fastDTW between vertices (40, 30). Time: 0.0007266998291015625s
2026-06-21 21:47:26,499 fastDTW between vertices (40, 37). Time: 0.0007364749908447266s
2026-06-21 21:47:26,499 fastDTW between vertices (40, 12). Time: 0.0007307529449462891s
2026-06-21 21:47:26,500 fastDTW between vertices (40, 1). Time: 0.0006809234619140625s
2026-06-21 21:47:26,501 fastDTW between vertices (40, 153). Time: 0.0007252693176269531s
2026-06-21 21:47:26,502 fastDTW between vertices (40, 158). Time: 0.0006961822509765625s
2026-06-21 21:47:26,502 fastDTW between vertices (40, 208). Time: 0.0006957054138183594s
2026-06-21 21:47:26,503 fastDTW between vertices (40, 190). Time: 0.0007123947143554688s
2026-06-21 21:47:26,504 fastDTW between vertices (40, 106). Time: 0.0006792545318603516s
2026-06-21 21:47:26,504 fastDTW between vertices (40, 184). Time: 0.0006926059722900391s
2026-06-21 21:47:26,505 fastDTW between vertices (40, 26). Time: 0.0007367134094238281s
2026-06-21 21:47:26,506 fastDTW between vertices (41, 25). Time: 0.0005555152893066406s
2026-06-21 21:47:26,507 fastDTW between vertices (41, 161). Time: 0.0006468296051025391s
2026-06-21 21:47:26,507 fastDTW between vertices (41, 253). Time: 0.0007076263427734375s
2026-06-21 21:47:26,508 fastDTW between vertices (41, 122). Time: 0.0007376670837402344s
2026-06-21 21:47:26,509 fastDTW between vertices (41, 162). Time: 0.0006384849548339844s
2026-06-21 21:47:26,509 fastDTW between vertices (41, 230). Time: 0.0005676746368408203s
2026-06-21 21:47:26,510 fastDTW between vertices (41, 59). Time: 0.0006375312805175781s
2026-06-21 21:47:26,511 fastDTW between vertices (41, 261). Time: 0.0005819797515869141s
2026-06-21 21:47:26,511 fastDTW between vertices (41, 168). Time: 0.0006756782531738281s
2026-06-21 21:47:26,512 fastDTW between vertices (41, 264). Time: 0.0006632804870605469s
2026-06-21 21:47:26,513 fastDTW between vertices (41, 207). Time: 0.0005710124969482422s
2026-06-21 21:47:26,513 fastDTW between vertices (41, 244). Time: 0.0006592273712158203s
2026-06-21 21:47:26,514 fastDTW between vertices (41, 115). Time: 0.0005650520324707031s
2026-06-21 21:47:26,515 fastDTW between vertices (41, 62). Time: 0.0007250308990478516s
2026-06-21 21:47:26,515 fastDTW between vertices (41, 155). Time: 0.0005671977996826172s
2026-06-21 21:47:26,516 fastDTW between vertices (41, 76). Time: 0.0006794929504394531s
2026-06-21 21:47:26,517 fastDTW between vertices (154, 54). Time: 0.0006606578826904297s
2026-06-21 21:47:26,517 fastDTW between vertices (154, 23). Time: 0.0006973743438720703s
2026-06-21 21:47:26,518 fastDTW between vertices (154, 10). Time: 0.0005996227264404297s
2026-06-21 21:47:26,519 fastDTW between vertices (154, 5). Time: 0.0007116794586181641s
2026-06-21 21:47:26,519 fastDTW between vertices (154, 198). Time: 0.0006909370422363281s
2026-06-21 21:47:26,520 fastDTW between vertices (154, 103). Time: 0.0006911754608154297s
2026-06-21 21:47:26,521 fastDTW between vertices (154, 2). Time: 0.0006368160247802734s
2026-06-21 21:47:26,521 fastDTW between vertices (154, 165). Time: 0.0006785392761230469s
2026-06-21 21:47:26,522 fastDTW between vertices (154, 180). Time: 0.0006194114685058594s
2026-06-21 21:47:26,523 fastDTW between vertices (154, 188). Time: 0.0006616115570068359s
2026-06-21 21:47:26,523 fastDTW between vertices (154, 43). Time: 0.0005846023559570312s
2026-06-21 21:47:26,524 fastDTW between vertices (154, 160). Time: 0.0006632804870605469s
2026-06-21 21:47:26,525 fastDTW between vertices (154, 114). Time: 0.0006361007690429688s
2026-06-21 21:47:26,525 fastDTW between vertices (154, 31). Time: 0.0006396770477294922s
2026-06-21 21:47:26,526 fastDTW between vertices (154, 221). Time: 0.0006842613220214844s
2026-06-21 21:47:26,526 fastDTW between vertices (154, 77). Time: 0.000301361083984375s
2026-06-21 21:47:26,527 fastDTW between vertices (65, 40). Time: 0.0007264614105224609s
2026-06-21 21:47:26,528 fastDTW between vertices (65, 137). Time: 0.0007243156433105469s
2026-06-21 21:47:26,529 fastDTW between vertices (65, 70). Time: 0.0007145404815673828s
2026-06-21 21:47:26,529 fastDTW between vertices (65, 100). Time: 0.0007200241088867188s
2026-06-21 21:47:26,530 fastDTW between vertices (65, 39). Time: 0.0007007122039794922s
2026-06-21 21:47:26,531 fastDTW between vertices (65, 30). Time: 0.00072479248046875s
2026-06-21 21:47:26,532 fastDTW between vertices (65, 37). Time: 0.0007078647613525391s
2026-06-21 21:47:26,532 fastDTW between vertices (65, 12). Time: 0.0007276535034179688s
2026-06-21 21:47:26,533 fastDTW between vertices (65, 1). Time: 0.0006809234619140625s
2026-06-21 21:47:26,534 fastDTW between vertices (65, 153). Time: 0.0007078647613525391s
2026-06-21 21:47:26,535 fastDTW between vertices (65, 158). Time: 0.0007011890411376953s
2026-06-21 21:47:26,535 fastDTW between vertices (65, 208). Time: 0.0007011890411376953s
2026-06-21 21:47:26,536 fastDTW between vertices (65, 190). Time: 0.0007176399230957031s
2026-06-21 21:47:26,537 fastDTW between vertices (65, 106). Time: 0.0006911754608154297s
2026-06-21 21:47:26,538 fastDTW between vertices (65, 184). Time: 0.0006945133209228516s
2026-06-21 21:47:26,538 fastDTW between vertices (65, 26). Time: 0.0007081031799316406s
2026-06-21 21:47:26,539 fastDTW between vertices (253, 25). Time: 0.0006117820739746094s
2026-06-21 21:47:26,540 fastDTW between vertices (253, 161). Time: 0.0006740093231201172s
2026-06-21 21:47:26,540 fastDTW between vertices (253, 41). Time: 0.000736236572265625s
2026-06-21 21:47:26,541 fastDTW between vertices (253, 122). Time: 0.0007059574127197266s
2026-06-21 21:47:26,542 fastDTW between vertices (253, 162). Time: 0.0006618499755859375s
2026-06-21 21:47:26,542 fastDTW between vertices (253, 230). Time: 0.0006029605865478516s
2026-06-21 21:47:26,543 fastDTW between vertices (253, 59). Time: 0.0006644725799560547s
2026-06-21 21:47:26,544 fastDTW between vertices (253, 261). Time: 0.0005006790161132812s
2026-06-21 21:47:26,544 fastDTW between vertices (253, 168). Time: 0.0006482601165771484s
2026-06-21 21:47:26,545 fastDTW between vertices (253, 264). Time: 0.0006060600280761719s
2026-06-21 21:47:26,546 fastDTW between vertices (253, 207). Time: 0.0006155967712402344s
2026-06-21 21:47:26,546 fastDTW between vertices (253, 244). Time: 0.0006759166717529297s
2026-06-21 21:47:26,547 fastDTW between vertices (253, 115). Time: 0.0005922317504882812s
2026-06-21 21:47:26,548 fastDTW between vertices (253, 62). Time: 0.0007138252258300781s
2026-06-21 21:47:26,548 fastDTW between vertices (253, 155). Time: 0.0006151199340820312s
2026-06-21 21:47:26,549 fastDTW between vertices (253, 76). Time: 0.0007119178771972656s
2026-06-21 21:47:26,550 fastDTW between vertices (39, 30). Time: 0.0007069110870361328s
2026-06-21 21:47:26,551 fastDTW between vertices (39, 37). Time: 0.0007393360137939453s
2026-06-21 21:47:26,552 fastDTW between vertices (39, 12). Time: 0.0007052421569824219s
2026-06-21 21:47:26,552 fastDTW between vertices (39, 106). Time: 0.0006630420684814453s
2026-06-21 21:47:26,553 fastDTW between vertices (39, 40). Time: 0.0007481575012207031s
2026-06-21 21:47:26,554 fastDTW between vertices (39, 65). Time: 0.0006906986236572266s
2026-06-21 21:47:26,555 fastDTW between vertices (39, 137). Time: 0.0007045269012451172s
2026-06-21 21:47:26,555 fastDTW between vertices (39, 70). Time: 0.0006918907165527344s
2026-06-21 21:47:26,556 fastDTW between vertices (39, 100). Time: 0.0006928443908691406s
2026-06-21 21:47:26,557 fastDTW between vertices (39, 42). Time: 0.0007576942443847656s
2026-06-21 21:47:26,557 fastDTW between vertices (39, 1). Time: 0.0006551742553710938s
2026-06-21 21:47:26,558 fastDTW between vertices (39, 153). Time: 0.0007393360137939453s
2026-06-21 21:47:26,559 fastDTW between vertices (39, 158). Time: 0.0006706714630126953s
2026-06-21 21:47:26,560 fastDTW between vertices (39, 208). Time: 0.0006716251373291016s
2026-06-21 21:47:26,560 fastDTW between vertices (39, 190). Time: 0.0007038116455078125s
2026-06-21 21:47:26,561 fastDTW between vertices (39, 38). Time: 0.0006957054138183594s
2026-06-21 21:47:26,562 fastDTW between vertices (122, 25). Time: 0.0005331039428710938s
2026-06-21 21:47:26,562 fastDTW between vertices (122, 161). Time: 0.0006470680236816406s
2026-06-21 21:47:26,563 fastDTW between vertices (122, 41). Time: 0.0007429122924804688s
2026-06-21 21:47:26,564 fastDTW between vertices (122, 253). Time: 0.0006976127624511719s
2026-06-21 21:47:26,564 fastDTW between vertices (122, 162). Time: 0.0006365776062011719s
2026-06-21 21:47:26,565 fastDTW between vertices (122, 230). Time: 0.0005228519439697266s
2026-06-21 21:47:26,566 fastDTW between vertices (122, 59). Time: 0.0006427764892578125s
2026-06-21 21:47:26,566 fastDTW between vertices (122, 261). Time: 0.0006952285766601562s
2026-06-21 21:47:26,567 fastDTW between vertices (122, 168). Time: 0.0008742809295654297s
2026-06-21 21:47:26,568 fastDTW between vertices (122, 264). Time: 0.0007607936859130859s
2026-06-21 21:47:26,569 fastDTW between vertices (122, 207). Time: 0.0005269050598144531s
2026-06-21 21:47:26,569 fastDTW between vertices (122, 244). Time: 0.0006535053253173828s
2026-06-21 21:47:26,570 fastDTW between vertices (122, 115). Time: 0.0005240440368652344s
2026-06-21 21:47:26,571 fastDTW between vertices (122, 62). Time: 0.0007538795471191406s
2026-06-21 21:47:26,571 fastDTW between vertices (122, 155). Time: 0.0005276203155517578s
2026-06-21 21:47:26,572 fastDTW between vertices (122, 76). Time: 0.0006740093231201172s
2026-06-21 21:47:26,572 fastDTW between vertices (162, 25). Time: 0.0004749298095703125s
2026-06-21 21:47:26,573 fastDTW between vertices (162, 161). Time: 0.0006525516510009766s
2026-06-21 21:47:26,574 fastDTW between vertices (162, 41). Time: 0.0006425380706787109s
2026-06-21 21:47:26,574 fastDTW between vertices (162, 253). Time: 0.0006597042083740234s
2026-06-21 21:47:26,575 fastDTW between vertices (162, 122). Time: 0.0006439685821533203s
2026-06-21 21:47:26,576 fastDTW between vertices (162, 230). Time: 0.00046944618225097656s
2026-06-21 21:47:26,576 fastDTW between vertices (162, 59). Time: 0.0006499290466308594s
2026-06-21 21:47:26,577 fastDTW between vertices (162, 261). Time: 0.0004792213439941406s
2026-06-21 21:47:26,577 fastDTW between vertices (162, 168). Time: 0.0006220340728759766s
2026-06-21 21:47:26,578 fastDTW between vertices (162, 264). Time: 0.0005919933319091797s
2026-06-21 21:47:26,579 fastDTW between vertices (162, 207). Time: 0.0004756450653076172s
2026-06-21 21:47:26,579 fastDTW between vertices (162, 244). Time: 0.0006480216979980469s
2026-06-21 21:47:26,580 fastDTW between vertices (162, 115). Time: 0.0004658699035644531s
2026-06-21 21:47:26,580 fastDTW between vertices (162, 62). Time: 0.0006437301635742188s
2026-06-21 21:47:26,581 fastDTW between vertices (162, 155). Time: 0.0004620552062988281s
2026-06-21 21:47:26,582 fastDTW between vertices (162, 76). Time: 0.0006339550018310547s
2026-06-21 21:47:26,582 fastDTW between vertices (163, 58). Time: 0.0006532669067382812s
2026-06-21 21:47:26,583 fastDTW between vertices (163, 127). Time: 0.0004754066467285156s
2026-06-21 21:47:26,583 fastDTW between vertices (163, 151). Time: 0.0006079673767089844s
2026-06-21 21:47:26,584 fastDTW between vertices (163, 24). Time: 0.0006315708160400391s
2026-06-21 21:47:26,585 fastDTW between vertices (163, 167). Time: 0.0005991458892822266s
2026-06-21 21:47:26,585 fastDTW between vertices (163, 171). Time: 0.000652313232421875s
2026-06-21 21:47:26,586 fastDTW between vertices (163, 88). Time: 0.0006432533264160156s
2026-06-21 21:47:26,587 fastDTW between vertices (163, 46). Time: 0.0005688667297363281s
2026-06-21 21:47:26,587 fastDTW between vertices (163, 119). Time: 0.0006062984466552734s
2026-06-21 21:47:26,588 fastDTW between vertices (163, 64). Time: 0.0006031990051269531s
2026-06-21 21:47:26,588 fastDTW between vertices (163, 32). Time: 0.0005838871002197266s
2026-06-21 21:47:26,589 fastDTW between vertices (163, 35). Time: 0.0006105899810791016s
2026-06-21 21:47:26,590 fastDTW between vertices (163, 203). Time: 0.0006506443023681641s
2026-06-21 21:47:26,590 fastDTW between vertices (163, 9). Time: 0.0006887912750244141s
2026-06-21 21:47:26,591 fastDTW between vertices (163, 187). Time: 0.0006511211395263672s
2026-06-21 21:47:26,592 fastDTW between vertices (163, 231). Time: 0.0006103515625s
2026-06-21 21:47:26,592 fastDTW between vertices (230, 25). Time: 0.0006515979766845703s
2026-06-21 21:47:26,593 fastDTW between vertices (230, 161). Time: 0.0004980564117431641s
2026-06-21 21:47:26,594 fastDTW between vertices (230, 41). Time: 0.0005736351013183594s
2026-06-21 21:47:26,594 fastDTW between vertices (230, 253). Time: 0.000598907470703125s
2026-06-21 21:47:26,595 fastDTW between vertices (230, 122). Time: 0.0005259513854980469s
2026-06-21 21:47:26,595 fastDTW between vertices (230, 162). Time: 0.00047898292541503906s
2026-06-21 21:47:26,596 fastDTW between vertices (230, 59). Time: 0.0004696846008300781s
2026-06-21 21:47:26,596 fastDTW between vertices (230, 261). Time: 0.00026726722717285156s
2026-06-21 21:47:26,597 fastDTW between vertices (230, 168). Time: 0.00041484832763671875s
2026-06-21 21:47:26,597 fastDTW between vertices (230, 264). Time: 0.00038051605224609375s
2026-06-21 21:47:26,598 fastDTW between vertices (230, 207). Time: 0.0006463527679443359s
2026-06-21 21:47:26,598 fastDTW between vertices (230, 244). Time: 0.0004973411560058594s
2026-06-21 21:47:26,599 fastDTW between vertices (230, 115). Time: 0.0006399154663085938s
2026-06-21 21:47:26,599 fastDTW between vertices (230, 62). Time: 0.0005710124969482422s
2026-06-21 21:47:26,600 fastDTW between vertices (230, 155). Time: 0.0006368160247802734s
2026-06-21 21:47:26,601 fastDTW between vertices (230, 76). Time: 0.0005810260772705078s
2026-06-21 21:47:26,601 fastDTW between vertices (58, 163). Time: 0.0006480216979980469s
2026-06-21 21:47:26,602 fastDTW between vertices (58, 127). Time: 0.0004756450653076172s
2026-06-21 21:47:26,603 fastDTW between vertices (58, 151). Time: 0.0006062984466552734s
2026-06-21 21:47:26,603 fastDTW between vertices (58, 24). Time: 0.0006322860717773438s
2026-06-21 21:47:26,604 fastDTW between vertices (58, 167). Time: 0.0005950927734375s
2026-06-21 21:47:26,604 fastDTW between vertices (58, 171). Time: 0.0006527900695800781s
2026-06-21 21:47:26,605 fastDTW between vertices (58, 88). Time: 0.0006504058837890625s
2026-06-21 21:47:26,606 fastDTW between vertices (58, 46). Time: 0.0005652904510498047s
2026-06-21 21:47:26,606 fastDTW between vertices (58, 119). Time: 0.000606536865234375s
2026-06-21 21:47:26,607 fastDTW between vertices (58, 64). Time: 0.0005981922149658203s
2026-06-21 21:47:26,608 fastDTW between vertices (58, 32). Time: 0.0005807876586914062s
2026-06-21 21:47:26,608 fastDTW between vertices (58, 35). Time: 0.0006067752838134766s
2026-06-21 21:47:26,609 fastDTW between vertices (58, 203). Time: 0.0006468296051025391s
2026-06-21 21:47:26,610 fastDTW between vertices (58, 9). Time: 0.0006892681121826172s
2026-06-21 21:47:26,610 fastDTW between vertices (58, 187). Time: 0.0006513595581054688s
2026-06-21 21:47:26,611 fastDTW between vertices (58, 231). Time: 0.0006134510040283203s
2026-06-21 21:47:26,611 fastDTW between vertices (59, 25). Time: 0.0004901885986328125s
2026-06-21 21:47:26,612 fastDTW between vertices (59, 161). Time: 0.0006549358367919922s
2026-06-21 21:47:26,613 fastDTW between vertices (59, 41). Time: 0.0006439685821533203s
2026-06-21 21:47:26,613 fastDTW between vertices (59, 253). Time: 0.0006566047668457031s
2026-06-21 21:47:26,614 fastDTW between vertices (59, 122). Time: 0.0006382465362548828s
2026-06-21 21:47:26,615 fastDTW between vertices (59, 162). Time: 0.0006592273712158203s
2026-06-21 21:47:26,615 fastDTW between vertices (59, 230). Time: 0.0004811286926269531s
2026-06-21 21:47:26,616 fastDTW between vertices (59, 261). Time: 0.0004773139953613281s
2026-06-21 21:47:26,616 fastDTW between vertices (59, 168). Time: 0.0006208419799804688s
2026-06-21 21:47:26,617 fastDTW between vertices (59, 264). Time: 0.0006165504455566406s
2026-06-21 21:47:26,618 fastDTW between vertices (59, 207). Time: 0.0004820823669433594s
2026-06-21 21:47:26,618 fastDTW between vertices (59, 244). Time: 0.0006618499755859375s
2026-06-21 21:47:26,619 fastDTW between vertices (59, 115). Time: 0.0004737377166748047s
2026-06-21 21:47:26,620 fastDTW between vertices (59, 62). Time: 0.0006530284881591797s
2026-06-21 21:47:26,620 fastDTW between vertices (59, 155). Time: 0.0004673004150390625s
2026-06-21 21:47:26,621 fastDTW between vertices (59, 76). Time: 0.0006268024444580078s
2026-06-21 21:47:26,621 fastDTW between vertices (127, 163). Time: 0.000484466552734375s
2026-06-21 21:47:26,622 fastDTW between vertices (127, 58). Time: 0.000476837158203125s
2026-06-21 21:47:26,622 fastDTW between vertices (127, 151). Time: 0.0006241798400878906s
2026-06-21 21:47:26,623 fastDTW between vertices (127, 24). Time: 0.0006642341613769531s
2026-06-21 21:47:26,624 fastDTW between vertices (127, 167). Time: 0.0006673336029052734s
2026-06-21 21:47:26,624 fastDTW between vertices (127, 171). Time: 0.00048422813415527344s
2026-06-21 21:47:26,625 fastDTW between vertices (127, 88). Time: 0.0004868507385253906s
2026-06-21 21:47:26,625 fastDTW between vertices (127, 46). Time: 0.0006685256958007812s
2026-06-21 21:47:26,626 fastDTW between vertices (127, 119). Time: 0.0006785392761230469s
2026-06-21 21:47:26,627 fastDTW between vertices (127, 64). Time: 0.0006668567657470703s
2026-06-21 21:47:26,628 fastDTW between vertices (127, 32). Time: 0.0006780624389648438s
2026-06-21 21:47:26,628 fastDTW between vertices (127, 35). Time: 0.0006711483001708984s
2026-06-21 21:47:26,629 fastDTW between vertices (127, 203). Time: 0.000484466552734375s
2026-06-21 21:47:26,629 fastDTW between vertices (127, 9). Time: 0.0006816387176513672s
2026-06-21 21:47:26,630 fastDTW between vertices (127, 187). Time: 0.0004820823669433594s
2026-06-21 21:47:26,630 fastDTW between vertices (127, 231). Time: 0.00045371055603027344s
2026-06-21 21:47:26,631 fastDTW between vertices (261, 25). Time: 0.00026869773864746094s
2026-06-21 21:47:26,631 fastDTW between vertices (261, 161). Time: 0.0004928112030029297s
2026-06-21 21:47:26,632 fastDTW between vertices (261, 41). Time: 0.0005757808685302734s
2026-06-21 21:47:26,632 fastDTW between vertices (261, 253). Time: 0.0004918575286865234s
2026-06-21 21:47:26,633 fastDTW between vertices (261, 122). Time: 0.0006864070892333984s
2026-06-21 21:47:26,634 fastDTW between vertices (261, 162). Time: 0.0004799365997314453s
2026-06-21 21:47:26,634 fastDTW between vertices (261, 230). Time: 0.0002694129943847656s
2026-06-21 21:47:26,634 fastDTW between vertices (261, 59). Time: 0.0004892349243164062s
2026-06-21 21:47:26,635 fastDTW between vertices (261, 168). Time: 0.0006639957427978516s
2026-06-21 21:47:26,636 fastDTW between vertices (261, 264). Time: 0.0006618499755859375s
2026-06-21 21:47:26,636 fastDTW between vertices (261, 207). Time: 0.00026869773864746094s
2026-06-21 21:47:26,637 fastDTW between vertices (261, 244). Time: 0.00048470497131347656s
2026-06-21 21:47:26,637 fastDTW between vertices (261, 115). Time: 0.0002639293670654297s
2026-06-21 21:47:26,638 fastDTW between vertices (261, 62). Time: 0.0005855560302734375s
2026-06-21 21:47:26,638 fastDTW between vertices (261, 155). Time: 0.0002651214599609375s
2026-06-21 21:47:26,638 fastDTW between vertices (261, 76). Time: 0.00046563148498535156s
2026-06-21 21:47:26,639 fastDTW between vertices (151, 163). Time: 0.0006182193756103516s
2026-06-21 21:47:26,640 fastDTW between vertices (151, 58). Time: 0.0006170272827148438s
2026-06-21 21:47:26,640 fastDTW between vertices (151, 127). Time: 0.0006284713745117188s
2026-06-21 21:47:26,641 fastDTW between vertices (151, 24). Time: 0.0007097721099853516s
2026-06-21 21:47:26,642 fastDTW between vertices (151, 167). Time: 0.0007059574127197266s
2026-06-21 21:47:26,642 fastDTW between vertices (151, 171). Time: 0.0006148815155029297s
2026-06-21 21:47:26,643 fastDTW between vertices (151, 88). Time: 0.0006062984466552734s
2026-06-21 21:47:26,644 fastDTW between vertices (151, 46). Time: 0.0006809234619140625s
2026-06-21 21:47:26,644 fastDTW between vertices (151, 119). Time: 0.0006952285766601562s
2026-06-21 21:47:26,645 fastDTW between vertices (151, 64). Time: 0.0006947517395019531s
2026-06-21 21:47:26,646 fastDTW between vertices (151, 32). Time: 0.0006837844848632812s
2026-06-21 21:47:26,647 fastDTW between vertices (151, 35). Time: 0.00069427490234375s
2026-06-21 21:47:26,647 fastDTW between vertices (151, 203). Time: 0.0006117820739746094s
2026-06-21 21:47:26,648 fastDTW between vertices (151, 9). Time: 0.0007305145263671875s
2026-06-21 21:47:26,649 fastDTW between vertices (151, 187). Time: 0.0006132125854492188s
2026-06-21 21:47:26,649 fastDTW between vertices (151, 231). Time: 0.0005834102630615234s
2026-06-21 21:47:26,650 fastDTW between vertices (24, 163). Time: 0.0006279945373535156s
2026-06-21 21:47:26,651 fastDTW between vertices (24, 58). Time: 0.0006306171417236328s
2026-06-21 21:47:26,651 fastDTW between vertices (24, 127). Time: 0.0006821155548095703s
2026-06-21 21:47:26,652 fastDTW between vertices (24, 151). Time: 0.0007071495056152344s
2026-06-21 21:47:26,653 fastDTW between vertices (24, 167). Time: 0.0007483959197998047s
2026-06-21 21:47:26,653 fastDTW between vertices (24, 171). Time: 0.0006339550018310547s
2026-06-21 21:47:26,654 fastDTW between vertices (24, 88). Time: 0.000621795654296875s
2026-06-21 21:47:26,655 fastDTW between vertices (24, 46). Time: 0.0007221698760986328s
2026-06-21 21:47:26,656 fastDTW between vertices (24, 119). Time: 0.00074005126953125s
2026-06-21 21:47:26,656 fastDTW between vertices (24, 64). Time: 0.0007584095001220703s
2026-06-21 21:47:26,657 fastDTW between vertices (24, 32). Time: 0.0007359981536865234s
2026-06-21 21:47:26,658 fastDTW between vertices (24, 35). Time: 0.0007395744323730469s
2026-06-21 21:47:26,659 fastDTW between vertices (24, 203). Time: 0.00063323974609375s
2026-06-21 21:47:26,659 fastDTW between vertices (24, 9). Time: 0.0007786750793457031s
2026-06-21 21:47:26,660 fastDTW between vertices (24, 187). Time: 0.0006265640258789062s
2026-06-21 21:47:26,661 fastDTW between vertices (24, 231). Time: 0.0005955696105957031s
2026-06-21 21:47:26,661 fastDTW between vertices (30, 39). Time: 0.0007157325744628906s
2026-06-21 21:47:26,662 fastDTW between vertices (30, 37). Time: 0.0007150173187255859s
2026-06-21 21:47:26,663 fastDTW between vertices (30, 12). Time: 0.0007328987121582031s
2026-06-21 21:47:26,664 fastDTW between vertices (30, 106). Time: 0.0006906986236572266s
2026-06-21 21:47:26,664 fastDTW between vertices (30, 40). Time: 0.0007259845733642578s
2026-06-21 21:47:26,665 fastDTW between vertices (30, 65). Time: 0.0007202625274658203s
2026-06-21 21:47:26,666 fastDTW between vertices (30, 137). Time: 0.0007634162902832031s
2026-06-21 21:47:26,667 fastDTW between vertices (30, 70). Time: 0.0007252693176269531s
2026-06-21 21:47:26,668 fastDTW between vertices (30, 100). Time: 0.0008342266082763672s
2026-06-21 21:47:26,669 fastDTW between vertices (30, 42). Time: 0.0007257461547851562s
2026-06-21 21:47:26,669 fastDTW between vertices (30, 1). Time: 0.0007028579711914062s
2026-06-21 21:47:26,670 fastDTW between vertices (30, 153). Time: 0.0007166862487792969s
2026-06-21 21:47:26,671 fastDTW between vertices (30, 158). Time: 0.0007028579711914062s
2026-06-21 21:47:26,672 fastDTW between vertices (30, 208). Time: 0.0007092952728271484s
2026-06-21 21:47:26,672 fastDTW between vertices (30, 190). Time: 0.000728607177734375s
2026-06-21 21:47:26,673 fastDTW between vertices (30, 38). Time: 0.0007352828979492188s
2026-06-21 21:47:26,674 fastDTW between vertices (54, 154). Time: 0.0006506443023681641s
2026-06-21 21:47:26,674 fastDTW between vertices (54, 23). Time: 0.0006625652313232422s
2026-06-21 21:47:26,675 fastDTW between vertices (54, 10). Time: 0.0007424354553222656s
2026-06-21 21:47:26,676 fastDTW between vertices (54, 5). Time: 0.0007843971252441406s
2026-06-21 21:47:26,677 fastDTW between vertices (54, 198). Time: 0.0006499290466308594s
2026-06-21 21:47:26,677 fastDTW between vertices (54, 103). Time: 0.0006515979766845703s
2026-06-21 21:47:26,678 fastDTW between vertices (54, 2). Time: 0.0005905628204345703s
2026-06-21 21:47:26,679 fastDTW between vertices (54, 165). Time: 0.0006034374237060547s
2026-06-21 21:47:26,679 fastDTW between vertices (54, 180). Time: 0.0007381439208984375s
2026-06-21 21:47:26,680 fastDTW between vertices (54, 188). Time: 0.0006244182586669922s
2026-06-21 21:47:26,681 fastDTW between vertices (54, 43). Time: 0.0007131099700927734s
2026-06-21 21:47:26,682 fastDTW between vertices (54, 160). Time: 0.0006277561187744141s
2026-06-21 21:47:26,682 fastDTW between vertices (54, 114). Time: 0.0006067752838134766s
2026-06-21 21:47:26,683 fastDTW between vertices (54, 31). Time: 0.0005643367767333984s
2026-06-21 21:47:26,683 fastDTW between vertices (54, 221). Time: 0.0006499290466308594s
2026-06-21 21:47:26,684 fastDTW between vertices (54, 77). Time: 0.0005168914794921875s
2026-06-21 21:47:26,684 fastDTW between vertices (168, 25). Time: 0.00042319297790527344s
2026-06-21 21:47:26,685 fastDTW between vertices (168, 161). Time: 0.0006196498870849609s
2026-06-21 21:47:26,686 fastDTW between vertices (168, 41). Time: 0.0006785392761230469s
2026-06-21 21:47:26,686 fastDTW between vertices (168, 253). Time: 0.0006365776062011719s
2026-06-21 21:47:26,687 fastDTW between vertices (168, 122). Time: 0.0007662773132324219s
2026-06-21 21:47:26,688 fastDTW between vertices (168, 162). Time: 0.0006191730499267578s
2026-06-21 21:47:26,688 fastDTW between vertices (168, 230). Time: 0.0004208087921142578s
2026-06-21 21:47:26,689 fastDTW between vertices (168, 59). Time: 0.0006172657012939453s
2026-06-21 21:47:26,690 fastDTW between vertices (168, 261). Time: 0.0006649494171142578s
2026-06-21 21:47:26,690 fastDTW between vertices (168, 264). Time: 0.0007448196411132812s
2026-06-21 21:47:26,691 fastDTW between vertices (168, 207). Time: 0.00042700767517089844s
2026-06-21 21:47:26,692 fastDTW between vertices (168, 244). Time: 0.0006322860717773438s
2026-06-21 21:47:26,692 fastDTW between vertices (168, 115). Time: 0.0004165172576904297s
2026-06-21 21:47:26,693 fastDTW between vertices (168, 62). Time: 0.0006902217864990234s
2026-06-21 21:47:26,693 fastDTW between vertices (168, 155). Time: 0.00041985511779785156s
2026-06-21 21:47:26,694 fastDTW between vertices (168, 76). Time: 0.0006010532379150391s
2026-06-21 21:47:26,694 fastDTW between vertices (167, 163). Time: 0.0006070137023925781s
2026-06-21 21:47:26,695 fastDTW between vertices (167, 58). Time: 0.0005984306335449219s
2026-06-21 21:47:26,696 fastDTW between vertices (167, 127). Time: 0.0006670951843261719s
2026-06-21 21:47:26,696 fastDTW between vertices (167, 151). Time: 0.0007014274597167969s
2026-06-21 21:47:26,697 fastDTW between vertices (167, 24). Time: 0.0007474422454833984s
2026-06-21 21:47:26,698 fastDTW between vertices (167, 171). Time: 0.0005977153778076172s
2026-06-21 21:47:26,698 fastDTW between vertices (167, 88). Time: 0.0006043910980224609s
2026-06-21 21:47:26,699 fastDTW between vertices (167, 46). Time: 0.0007190704345703125s
2026-06-21 21:47:26,700 fastDTW between vertices (167, 119). Time: 0.0007398128509521484s
2026-06-21 21:47:26,701 fastDTW between vertices (167, 64). Time: 0.0007367134094238281s
2026-06-21 21:47:26,702 fastDTW between vertices (167, 32). Time: 0.0007648468017578125s
2026-06-21 21:47:26,702 fastDTW between vertices (167, 35). Time: 0.0007376670837402344s
2026-06-21 21:47:26,703 fastDTW between vertices (167, 203). Time: 0.0006020069122314453s
2026-06-21 21:47:26,704 fastDTW between vertices (167, 9). Time: 0.0007774829864501953s
2026-06-21 21:47:26,704 fastDTW between vertices (167, 187). Time: 0.0006089210510253906s
2026-06-21 21:47:26,705 fastDTW between vertices (167, 231). Time: 0.0005614757537841797s
2026-06-21 21:47:26,705 fastDTW between vertices (264, 25). Time: 0.0003948211669921875s
2026-06-21 21:47:26,706 fastDTW between vertices (264, 161). Time: 0.0006136894226074219s
2026-06-21 21:47:26,707 fastDTW between vertices (264, 41). Time: 0.0006783008575439453s
2026-06-21 21:47:26,707 fastDTW between vertices (264, 253). Time: 0.0006136894226074219s
2026-06-21 21:47:26,708 fastDTW between vertices (264, 122). Time: 0.0007631778717041016s
2026-06-21 21:47:26,709 fastDTW between vertices (264, 162). Time: 0.0005993843078613281s
2026-06-21 21:47:26,709 fastDTW between vertices (264, 230). Time: 0.00039458274841308594s
2026-06-21 21:47:26,710 fastDTW between vertices (264, 59). Time: 0.0005986690521240234s
2026-06-21 21:47:26,711 fastDTW between vertices (264, 261). Time: 0.0006690025329589844s
2026-06-21 21:47:26,711 fastDTW between vertices (264, 168). Time: 0.0007450580596923828s
2026-06-21 21:47:26,712 fastDTW between vertices (264, 207). Time: 0.00038623809814453125s
2026-06-21 21:47:26,712 fastDTW between vertices (264, 244). Time: 0.0006117820739746094s
2026-06-21 21:47:26,713 fastDTW between vertices (264, 115). Time: 0.00038433074951171875s
2026-06-21 21:47:26,714 fastDTW between vertices (264, 62). Time: 0.0006806850433349609s
2026-06-21 21:47:26,714 fastDTW between vertices (264, 155). Time: 0.0003859996795654297s
2026-06-21 21:47:26,715 fastDTW between vertices (264, 76). Time: 0.0005788803100585938s
2026-06-21 21:47:26,715 fastDTW between vertices (207, 25). Time: 0.0006756782531738281s
2026-06-21 21:47:26,716 fastDTW between vertices (207, 161). Time: 0.0005033016204833984s
2026-06-21 21:47:26,716 fastDTW between vertices (207, 41). Time: 0.0005838871002197266s
2026-06-21 21:47:26,717 fastDTW between vertices (207, 253). Time: 0.0006067752838134766s
2026-06-21 21:47:26,718 fastDTW between vertices (207, 122). Time: 0.0005588531494140625s
2026-06-21 21:47:26,718 fastDTW between vertices (207, 162). Time: 0.0004870891571044922s
2026-06-21 21:47:26,719 fastDTW between vertices (207, 230). Time: 0.0006525516510009766s
2026-06-21 21:47:26,719 fastDTW between vertices (207, 59). Time: 0.0004837512969970703s
2026-06-21 21:47:26,720 fastDTW between vertices (207, 261). Time: 0.0002696514129638672s
2026-06-21 21:47:26,720 fastDTW between vertices (207, 168). Time: 0.0004258155822753906s
2026-06-21 21:47:26,720 fastDTW between vertices (207, 264). Time: 0.00039315223693847656s
2026-06-21 21:47:26,721 fastDTW between vertices (207, 244). Time: 0.0005044937133789062s
2026-06-21 21:47:26,722 fastDTW between vertices (207, 115). Time: 0.0006527900695800781s
2026-06-21 21:47:26,722 fastDTW between vertices (207, 62). Time: 0.0005741119384765625s
2026-06-21 21:47:26,723 fastDTW between vertices (207, 155). Time: 0.0006432533264160156s
2026-06-21 21:47:26,724 fastDTW between vertices (207, 76). Time: 0.0005815029144287109s
2026-06-21 21:47:26,724 fastDTW between vertices (171, 163). Time: 0.0006632804870605469s
2026-06-21 21:47:26,725 fastDTW between vertices (171, 58). Time: 0.0006616115570068359s
2026-06-21 21:47:26,725 fastDTW between vertices (171, 127). Time: 0.0004901885986328125s
2026-06-21 21:47:26,726 fastDTW between vertices (171, 151). Time: 0.0006122589111328125s
2026-06-21 21:47:26,727 fastDTW between vertices (171, 24). Time: 0.0006282329559326172s
2026-06-21 21:47:26,727 fastDTW between vertices (171, 167). Time: 0.0006015300750732422s
2026-06-21 21:47:26,728 fastDTW between vertices (171, 88). Time: 0.0006501674652099609s
2026-06-21 21:47:26,729 fastDTW between vertices (171, 46). Time: 0.0005733966827392578s
2026-06-21 21:47:26,729 fastDTW between vertices (171, 119). Time: 0.0006113052368164062s
2026-06-21 21:47:26,730 fastDTW between vertices (171, 64). Time: 0.00060272216796875s
2026-06-21 21:47:26,731 fastDTW between vertices (171, 32). Time: 0.0005853176116943359s
2026-06-21 21:47:26,731 fastDTW between vertices (171, 35). Time: 0.0006060600280761719s
2026-06-21 21:47:26,732 fastDTW between vertices (171, 203). Time: 0.0006477832794189453s
2026-06-21 21:47:26,733 fastDTW between vertices (171, 9). Time: 0.0006816387176513672s
2026-06-21 21:47:26,733 fastDTW between vertices (171, 187). Time: 0.0006542205810546875s
2026-06-21 21:47:26,734 fastDTW between vertices (171, 231). Time: 0.0006165504455566406s
2026-06-21 21:47:26,735 fastDTW between vertices (88, 163). Time: 0.0006539821624755859s
2026-06-21 21:47:26,735 fastDTW between vertices (88, 58). Time: 0.0006628036499023438s
2026-06-21 21:47:26,736 fastDTW between vertices (88, 127). Time: 0.0004913806915283203s
2026-06-21 21:47:26,736 fastDTW between vertices (88, 151). Time: 0.0006241798400878906s
2026-06-21 21:47:26,737 fastDTW between vertices (88, 24). Time: 0.00064849853515625s
2026-06-21 21:47:26,738 fastDTW between vertices (88, 167). Time: 0.0006015300750732422s
2026-06-21 21:47:26,738 fastDTW between vertices (88, 171). Time: 0.0006544589996337891s
2026-06-21 21:47:26,739 fastDTW between vertices (88, 46). Time: 0.0005714893341064453s
2026-06-21 21:47:26,740 fastDTW between vertices (88, 119). Time: 0.0006074905395507812s
2026-06-21 21:47:26,740 fastDTW between vertices (88, 64). Time: 0.0006101131439208984s
2026-06-21 21:47:26,741 fastDTW between vertices (88, 32). Time: 0.0005834102630615234s
2026-06-21 21:47:26,742 fastDTW between vertices (88, 35). Time: 0.0006098747253417969s
2026-06-21 21:47:26,742 fastDTW between vertices (88, 203). Time: 0.0006563663482666016s
2026-06-21 21:47:26,743 fastDTW between vertices (88, 9). Time: 0.0006797313690185547s
2026-06-21 21:47:26,744 fastDTW between vertices (88, 187). Time: 0.0006704330444335938s
2026-06-21 21:47:26,744 fastDTW between vertices (88, 231). Time: 0.0006299018859863281s
2026-06-21 21:47:26,745 fastDTW between vertices (23, 154). Time: 0.00067901611328125s
2026-06-21 21:47:26,746 fastDTW between vertices (23, 54). Time: 0.0006508827209472656s
2026-06-21 21:47:26,746 fastDTW between vertices (23, 10). Time: 0.0006060600280761719s
2026-06-21 21:47:26,747 fastDTW between vertices (23, 5). Time: 0.0007011890411376953s
2026-06-21 21:47:26,748 fastDTW between vertices (23, 198). Time: 0.0006897449493408203s
2026-06-21 21:47:26,749 fastDTW between vertices (23, 103). Time: 0.0006854534149169922s
2026-06-21 21:47:26,749 fastDTW between vertices (23, 2). Time: 0.0006365776062011719s
2026-06-21 21:47:26,750 fastDTW between vertices (23, 165). Time: 0.0006690025329589844s
2026-06-21 21:47:26,751 fastDTW between vertices (23, 180). Time: 0.0006198883056640625s
2026-06-21 21:47:26,751 fastDTW between vertices (23, 188). Time: 0.0006661415100097656s
2026-06-21 21:47:26,752 fastDTW between vertices (23, 43). Time: 0.000576019287109375s
2026-06-21 21:47:26,753 fastDTW between vertices (23, 160). Time: 0.0006630420684814453s
2026-06-21 21:47:26,753 fastDTW between vertices (23, 114). Time: 0.0006394386291503906s
2026-06-21 21:47:26,754 fastDTW between vertices (23, 31). Time: 0.0006399154663085938s
2026-06-21 21:47:26,755 fastDTW between vertices (23, 221). Time: 0.0006866455078125s
2026-06-21 21:47:26,755 fastDTW between vertices (23, 77). Time: 0.00029921531677246094s
2026-06-21 21:47:26,755 fastDTW between vertices (244, 25). Time: 0.0005047321319580078s
2026-06-21 21:47:26,756 fastDTW between vertices (244, 161). Time: 0.0006628036499023438s
2026-06-21 21:47:26,757 fastDTW between vertices (244, 41). Time: 0.0006608963012695312s
2026-06-21 21:47:26,758 fastDTW between vertices (244, 253). Time: 0.0006763935089111328s
2026-06-21 21:47:26,758 fastDTW between vertices (244, 122). Time: 0.0006549358367919922s
2026-06-21 21:47:26,759 fastDTW between vertices (244, 162). Time: 0.0006506443023681641s
2026-06-21 21:47:26,759 fastDTW between vertices (244, 230). Time: 0.0005016326904296875s
2026-06-21 21:47:26,760 fastDTW between vertices (244, 59). Time: 0.0006692409515380859s
2026-06-21 21:47:26,761 fastDTW between vertices (244, 261). Time: 0.00048732757568359375s
2026-06-21 21:47:26,761 fastDTW between vertices (244, 168). Time: 0.0006325244903564453s
2026-06-21 21:47:26,762 fastDTW between vertices (244, 264). Time: 0.0006175041198730469s
2026-06-21 21:47:26,762 fastDTW between vertices (244, 207). Time: 0.000507354736328125s
2026-06-21 21:47:26,763 fastDTW between vertices (244, 115). Time: 0.0004999637603759766s
2026-06-21 21:47:26,764 fastDTW between vertices (244, 62). Time: 0.0006654262542724609s
2026-06-21 21:47:26,764 fastDTW between vertices (244, 155). Time: 0.0005013942718505859s
2026-06-21 21:47:26,765 fastDTW between vertices (244, 76). Time: 0.0006406307220458984s
2026-06-21 21:47:26,766 fastDTW between vertices (115, 25). Time: 0.00064849853515625s
2026-06-21 21:47:26,766 fastDTW between vertices (115, 161). Time: 0.0005002021789550781s
2026-06-21 21:47:26,767 fastDTW between vertices (115, 41). Time: 0.0005700588226318359s
2026-06-21 21:47:26,767 fastDTW between vertices (115, 253). Time: 0.0006060600280761719s
2026-06-21 21:47:26,768 fastDTW between vertices (115, 122). Time: 0.0006432533264160156s
2026-06-21 21:47:26,768 fastDTW between vertices (115, 162). Time: 0.0004794597625732422s
2026-06-21 21:47:26,769 fastDTW between vertices (115, 230). Time: 0.0006518363952636719s
2026-06-21 21:47:26,770 fastDTW between vertices (115, 59). Time: 0.00047206878662109375s
2026-06-21 21:47:26,770 fastDTW between vertices (115, 261). Time: 0.0002791881561279297s
2026-06-21 21:47:26,770 fastDTW between vertices (115, 168). Time: 0.00042700767517089844s
2026-06-21 21:47:26,771 fastDTW between vertices (115, 264). Time: 0.00038504600524902344s
2026-06-21 21:47:26,772 fastDTW between vertices (115, 207). Time: 0.0006685256958007812s
2026-06-21 21:47:26,772 fastDTW between vertices (115, 244). Time: 0.0004987716674804688s
2026-06-21 21:47:26,773 fastDTW between vertices (115, 62). Time: 0.0005700588226318359s
2026-06-21 21:47:26,773 fastDTW between vertices (115, 155). Time: 0.0006515979766845703s
2026-06-21 21:47:26,774 fastDTW between vertices (115, 76). Time: 0.0005872249603271484s
2026-06-21 21:47:26,775 fastDTW between vertices (26, 184). Time: 0.0006992816925048828s
2026-06-21 21:47:26,775 fastDTW between vertices (26, 121). Time: 0.0007154941558837891s
2026-06-21 21:47:26,776 fastDTW between vertices (26, 51). Time: 0.0007927417755126953s
2026-06-21 21:47:26,777 fastDTW between vertices (26, 136). Time: 0.0007009506225585938s
2026-06-21 21:47:26,778 fastDTW between vertices (26, 29). Time: 0.0006902217864990234s
2026-06-21 21:47:26,778 fastDTW between vertices (26, 61). Time: 0.0007331371307373047s
2026-06-21 21:47:26,779 fastDTW between vertices (26, 81). Time: 0.0007154941558837891s
2026-06-21 21:47:26,780 fastDTW between vertices (26, 94). Time: 0.0007205009460449219s
2026-06-21 21:47:26,781 fastDTW between vertices (26, 226). Time: 0.0006659030914306641s
2026-06-21 21:47:26,781 fastDTW between vertices (26, 176). Time: 0.0007138252258300781s
2026-06-21 21:47:26,782 fastDTW between vertices (26, 143). Time: 0.0007834434509277344s
2026-06-21 21:47:26,783 fastDTW between vertices (26, 177). Time: 0.0006999969482421875s
2026-06-21 21:47:26,784 fastDTW between vertices (26, 1). Time: 0.0006802082061767578s
2026-06-21 21:47:26,784 fastDTW between vertices (26, 153). Time: 0.0007343292236328125s
2026-06-21 21:47:26,785 fastDTW between vertices (26, 158). Time: 0.0006992816925048828s
2026-06-21 21:47:26,786 fastDTW between vertices (26, 208). Time: 0.0006895065307617188s
2026-06-21 21:47:26,787 fastDTW between vertices (42, 38). Time: 0.0007159709930419922s
2026-06-21 21:47:26,787 fastDTW between vertices (42, 106). Time: 0.0006842613220214844s
2026-06-21 21:47:26,788 fastDTW between vertices (42, 39). Time: 0.0007555484771728516s
2026-06-21 21:47:26,789 fastDTW between vertices (42, 30). Time: 0.0007252693176269531s
2026-06-21 21:47:26,790 fastDTW between vertices (42, 37). Time: 0.0007522106170654297s
2026-06-21 21:47:26,790 fastDTW between vertices (42, 12). Time: 0.0007405281066894531s
2026-06-21 21:47:26,791 fastDTW between vertices (42, 40). Time: 0.0007448196411132812s
2026-06-21 21:47:26,792 fastDTW between vertices (42, 65). Time: 0.0007128715515136719s
2026-06-21 21:47:26,793 fastDTW between vertices (42, 137). Time: 0.0007257461547851562s
2026-06-21 21:47:26,793 fastDTW between vertices (42, 70). Time: 0.0007147789001464844s
2026-06-21 21:47:26,794 fastDTW between vertices (42, 100). Time: 0.0007147789001464844s
2026-06-21 21:47:26,795 fastDTW between vertices (42, 1). Time: 0.0006697177886962891s
2026-06-21 21:47:26,796 fastDTW between vertices (42, 153). Time: 0.00074005126953125s
2026-06-21 21:47:26,796 fastDTW between vertices (42, 158). Time: 0.0007004737854003906s
2026-06-21 21:47:26,797 fastDTW between vertices (42, 208). Time: 0.0006890296936035156s
2026-06-21 21:47:26,798 fastDTW between vertices (42, 190). Time: 0.0007166862487792969s
2026-06-21 21:47:26,798 fastDTW between vertices (46, 163). Time: 0.0005786418914794922s
2026-06-21 21:47:26,799 fastDTW between vertices (46, 58). Time: 0.0005712509155273438s
2026-06-21 21:47:26,800 fastDTW between vertices (46, 127). Time: 0.0006825923919677734s
2026-06-21 21:47:26,800 fastDTW between vertices (46, 151). Time: 0.0007007122039794922s
2026-06-21 21:47:26,801 fastDTW between vertices (46, 24). Time: 0.0007307529449462891s
2026-06-21 21:47:26,802 fastDTW between vertices (46, 167). Time: 0.0007250308990478516s
2026-06-21 21:47:26,803 fastDTW between vertices (46, 171). Time: 0.0005810260772705078s
2026-06-21 21:47:26,803 fastDTW between vertices (46, 88). Time: 0.0005750656127929688s
2026-06-21 21:47:26,804 fastDTW between vertices (46, 119). Time: 0.0007183551788330078s
2026-06-21 21:47:26,805 fastDTW between vertices (46, 64). Time: 0.0007214546203613281s
2026-06-21 21:47:26,805 fastDTW between vertices (46, 32). Time: 0.0007138252258300781s
2026-06-21 21:47:26,806 fastDTW between vertices (46, 35). Time: 0.0007176399230957031s
2026-06-21 21:47:26,807 fastDTW between vertices (46, 203). Time: 0.0005698204040527344s
2026-06-21 21:47:26,808 fastDTW between vertices (46, 9). Time: 0.0007421970367431641s
2026-06-21 21:47:26,808 fastDTW between vertices (46, 187). Time: 0.0005857944488525391s
2026-06-21 21:47:26,809 fastDTW between vertices (46, 231). Time: 0.0005400180816650391s
2026-06-21 21:47:26,809 fastDTW between vertices (121, 184). Time: 0.0007112026214599609s
2026-06-21 21:47:26,810 fastDTW between vertices (121, 26). Time: 0.0007293224334716797s
2026-06-21 21:47:26,811 fastDTW between vertices (121, 51). Time: 0.0007548332214355469s
2026-06-21 21:47:26,812 fastDTW between vertices (121, 136). Time: 0.0007238388061523438s
2026-06-21 21:47:26,813 fastDTW between vertices (121, 29). Time: 0.0007073879241943359s
2026-06-21 21:47:26,813 fastDTW between vertices (121, 61). Time: 0.0006787776947021484s
2026-06-21 21:47:26,814 fastDTW between vertices (121, 81). Time: 0.0007266998291015625s
2026-06-21 21:47:26,815 fastDTW between vertices (121, 94). Time: 0.0007269382476806641s
2026-06-21 21:47:26,815 fastDTW between vertices (121, 226). Time: 0.0006799697875976562s
2026-06-21 21:47:26,816 fastDTW between vertices (121, 176). Time: 0.0007278919219970703s
2026-06-21 21:47:26,817 fastDTW between vertices (121, 143). Time: 0.0007345676422119141s
2026-06-21 21:47:26,818 fastDTW between vertices (121, 177). Time: 0.0007264614105224609s
2026-06-21 21:47:26,818 fastDTW between vertices (121, 1). Time: 0.0006897449493408203s
2026-06-21 21:47:26,819 fastDTW between vertices (121, 153). Time: 0.000713348388671875s
2026-06-21 21:47:26,820 fastDTW between vertices (121, 158). Time: 0.0007116794586181641s
2026-06-21 21:47:26,821 fastDTW between vertices (121, 208). Time: 0.0007081031799316406s
2026-06-21 21:47:26,821 fastDTW between vertices (119, 163). Time: 0.000629425048828125s
2026-06-21 21:47:26,822 fastDTW between vertices (119, 58). Time: 0.0006165504455566406s
2026-06-21 21:47:26,823 fastDTW between vertices (119, 127). Time: 0.0006797313690185547s
2026-06-21 21:47:26,823 fastDTW between vertices (119, 151). Time: 0.0007073879241943359s
2026-06-21 21:47:26,824 fastDTW between vertices (119, 24). Time: 0.0007545948028564453s
2026-06-21 21:47:26,825 fastDTW between vertices (119, 167). Time: 0.0007393360137939453s
2026-06-21 21:47:26,826 fastDTW between vertices (119, 171). Time: 0.0006239414215087891s
2026-06-21 21:47:26,826 fastDTW between vertices (119, 88). Time: 0.0006136894226074219s
2026-06-21 21:47:26,827 fastDTW between vertices (119, 46). Time: 0.0007150173187255859s
2026-06-21 21:47:26,828 fastDTW between vertices (119, 64). Time: 0.0007364749908447266s
2026-06-21 21:47:26,829 fastDTW between vertices (119, 32). Time: 0.0007345676422119141s
2026-06-21 21:47:26,829 fastDTW between vertices (119, 35). Time: 0.0007379055023193359s
2026-06-21 21:47:26,830 fastDTW between vertices (119, 203). Time: 0.0006129741668701172s
2026-06-21 21:47:26,831 fastDTW between vertices (119, 9). Time: 0.0007674694061279297s
2026-06-21 21:47:26,831 fastDTW between vertices (119, 187). Time: 0.0006098747253417969s
2026-06-21 21:47:26,832 fastDTW between vertices (119, 231). Time: 0.0005755424499511719s
2026-06-21 21:47:26,833 fastDTW between vertices (64, 163). Time: 0.0006139278411865234s
2026-06-21 21:47:26,833 fastDTW between vertices (64, 58). Time: 0.0006096363067626953s
2026-06-21 21:47:26,834 fastDTW between vertices (64, 127). Time: 0.0006749629974365234s
2026-06-21 21:47:26,835 fastDTW between vertices (64, 151). Time: 0.0007026195526123047s
2026-06-21 21:47:26,835 fastDTW between vertices (64, 24). Time: 0.0007469654083251953s
2026-06-21 21:47:26,836 fastDTW between vertices (64, 167). Time: 0.0007352828979492188s
2026-06-21 21:47:26,837 fastDTW between vertices (64, 171). Time: 0.0006072521209716797s
2026-06-21 21:47:26,837 fastDTW between vertices (64, 88). Time: 0.0006091594696044922s
2026-06-21 21:47:26,838 fastDTW between vertices (64, 46). Time: 0.0007154941558837891s
2026-06-21 21:47:26,839 fastDTW between vertices (64, 119). Time: 0.0007290840148925781s
2026-06-21 21:47:26,840 fastDTW between vertices (64, 32). Time: 0.0007352828979492188s
2026-06-21 21:47:26,840 fastDTW between vertices (64, 35). Time: 0.0007293224334716797s
2026-06-21 21:47:26,841 fastDTW between vertices (64, 203). Time: 0.0006036758422851562s
2026-06-21 21:47:26,842 fastDTW between vertices (64, 9). Time: 0.0007584095001220703s
2026-06-21 21:47:26,843 fastDTW between vertices (64, 187). Time: 0.0006024837493896484s
2026-06-21 21:47:26,843 fastDTW between vertices (64, 231). Time: 0.0005719661712646484s
2026-06-21 21:47:26,844 fastDTW between vertices (32, 163). Time: 0.0005772113800048828s
2026-06-21 21:47:26,844 fastDTW between vertices (32, 58). Time: 0.0005788803100585938s
2026-06-21 21:47:26,845 fastDTW between vertices (32, 127). Time: 0.0006597042083740234s
2026-06-21 21:47:26,846 fastDTW between vertices (32, 151). Time: 0.0006928443908691406s
2026-06-21 21:47:26,847 fastDTW between vertices (32, 24). Time: 0.0007386207580566406s
2026-06-21 21:47:26,847 fastDTW between vertices (32, 167). Time: 0.000751495361328125s
2026-06-21 21:47:26,848 fastDTW between vertices (32, 171). Time: 0.0005786418914794922s
2026-06-21 21:47:26,849 fastDTW between vertices (32, 88). Time: 0.0005767345428466797s
2026-06-21 21:47:26,849 fastDTW between vertices (32, 46). Time: 0.0007174015045166016s
2026-06-21 21:47:26,850 fastDTW between vertices (32, 119). Time: 0.0007197856903076172s
2026-06-21 21:47:26,851 fastDTW between vertices (32, 64). Time: 0.0007238388061523438s
2026-06-21 21:47:26,852 fastDTW between vertices (32, 35). Time: 0.0007262229919433594s
2026-06-21 21:47:26,852 fastDTW between vertices (32, 203). Time: 0.0005843639373779297s
2026-06-21 21:47:26,853 fastDTW between vertices (32, 9). Time: 0.0007584095001220703s
2026-06-21 21:47:26,854 fastDTW between vertices (32, 187). Time: 0.0005807876586914062s
2026-06-21 21:47:26,854 fastDTW between vertices (32, 231). Time: 0.0005457401275634766s
2026-06-21 21:47:26,855 fastDTW between vertices (35, 163). Time: 0.0006041526794433594s
2026-06-21 21:47:26,855 fastDTW between vertices (35, 58). Time: 0.0006077289581298828s
2026-06-21 21:47:26,856 fastDTW between vertices (35, 127). Time: 0.0006649494171142578s
2026-06-21 21:47:26,857 fastDTW between vertices (35, 151). Time: 0.0007097721099853516s
2026-06-21 21:47:26,858 fastDTW between vertices (35, 24). Time: 0.0007460117340087891s
2026-06-21 21:47:26,858 fastDTW between vertices (35, 167). Time: 0.0007295608520507812s
2026-06-21 21:47:26,859 fastDTW between vertices (35, 171). Time: 0.0006060600280761719s
2026-06-21 21:47:26,860 fastDTW between vertices (35, 88). Time: 0.0006055831909179688s
2026-06-21 21:47:26,860 fastDTW between vertices (35, 46). Time: 0.0007143020629882812s
2026-06-21 21:47:26,861 fastDTW between vertices (35, 119). Time: 0.0007281303405761719s
2026-06-21 21:47:26,862 fastDTW between vertices (35, 64). Time: 0.0007233619689941406s
2026-06-21 21:47:26,863 fastDTW between vertices (35, 32). Time: 0.0007271766662597656s
2026-06-21 21:47:26,863 fastDTW between vertices (35, 203). Time: 0.0006206035614013672s
2026-06-21 21:47:26,864 fastDTW between vertices (35, 9). Time: 0.0007615089416503906s
2026-06-21 21:47:26,865 fastDTW between vertices (35, 187). Time: 0.0006077289581298828s
2026-06-21 21:47:26,865 fastDTW between vertices (35, 231). Time: 0.0005750656127929688s
2026-06-21 21:47:26,866 fastDTW between vertices (158, 1). Time: 0.0006575584411621094s
2026-06-21 21:47:26,867 fastDTW between vertices (158, 153). Time: 0.0006844997406005859s
2026-06-21 21:47:26,867 fastDTW between vertices (158, 208). Time: 0.0006721019744873047s
2026-06-21 21:47:26,868 fastDTW between vertices (158, 190). Time: 0.000713348388671875s
2026-06-21 21:47:26,869 fastDTW between vertices (158, 40). Time: 0.0006940364837646484s
2026-06-21 21:47:26,870 fastDTW between vertices (158, 65). Time: 0.0007081031799316406s
2026-06-21 21:47:26,870 fastDTW between vertices (158, 137). Time: 0.0007076263427734375s
2026-06-21 21:47:26,871 fastDTW between vertices (158, 70). Time: 0.0006928443908691406s
2026-06-21 21:47:26,872 fastDTW between vertices (158, 100). Time: 0.0006966590881347656s
2026-06-21 21:47:26,872 fastDTW between vertices (158, 184). Time: 0.0006861686706542969s
2026-06-21 21:47:26,873 fastDTW between vertices (158, 26). Time: 0.0006949901580810547s
2026-06-21 21:47:26,874 fastDTW between vertices (158, 121). Time: 0.0006940364837646484s
2026-06-21 21:47:26,875 fastDTW between vertices (158, 51). Time: 0.0007321834564208984s
2026-06-21 21:47:26,875 fastDTW between vertices (158, 136). Time: 0.0007002353668212891s
2026-06-21 21:47:26,876 fastDTW between vertices (158, 29). Time: 0.0006787776947021484s
2026-06-21 21:47:26,877 fastDTW between vertices (158, 61). Time: 0.0006554126739501953s
2026-06-21 21:47:26,877 fastDTW between vertices (208, 1). Time: 0.0006628036499023438s
2026-06-21 21:47:26,878 fastDTW between vertices (208, 153). Time: 0.0006880760192871094s
2026-06-21 21:47:26,879 fastDTW between vertices (208, 158). Time: 0.0006682872772216797s
2026-06-21 21:47:26,880 fastDTW between vertices (208, 190). Time: 0.0007054805755615234s
2026-06-21 21:47:26,880 fastDTW between vertices (208, 40). Time: 0.0007088184356689453s
2026-06-21 21:47:26,881 fastDTW between vertices (208, 65). Time: 0.0006971359252929688s
2026-06-21 21:47:26,882 fastDTW between vertices (208, 137). Time: 0.0007033348083496094s
2026-06-21 21:47:26,883 fastDTW between vertices (208, 70). Time: 0.000705718994140625s
2026-06-21 21:47:26,883 fastDTW between vertices (208, 100). Time: 0.0006964206695556641s
2026-06-21 21:47:26,884 fastDTW between vertices (208, 184). Time: 0.0006721019744873047s
2026-06-21 21:47:26,885 fastDTW between vertices (208, 26). Time: 0.0006985664367675781s
2026-06-21 21:47:26,885 fastDTW between vertices (208, 121). Time: 0.0006921291351318359s
2026-06-21 21:47:26,886 fastDTW between vertices (208, 51). Time: 0.0007257461547851562s
2026-06-21 21:47:26,887 fastDTW between vertices (208, 136). Time: 0.0006880760192871094s
2026-06-21 21:47:26,888 fastDTW between vertices (208, 29). Time: 0.0006794929504394531s
2026-06-21 21:47:26,888 fastDTW between vertices (208, 61). Time: 0.0006530284881591797s
2026-06-21 21:47:26,889 fastDTW between vertices (37, 39). Time: 0.0007467269897460938s
2026-06-21 21:47:26,890 fastDTW between vertices (37, 30). Time: 0.0007216930389404297s
2026-06-21 21:47:26,891 fastDTW between vertices (37, 12). Time: 0.0007250308990478516s
2026-06-21 21:47:26,891 fastDTW between vertices (37, 106). Time: 0.0006785392761230469s
2026-06-21 21:47:26,892 fastDTW between vertices (37, 40). Time: 0.0007238388061523438s
2026-06-21 21:47:26,893 fastDTW between vertices (37, 65). Time: 0.0007052421569824219s
2026-06-21 21:47:26,893 fastDTW between vertices (37, 137). Time: 0.0007123947143554688s
2026-06-21 21:47:26,894 fastDTW between vertices (37, 70). Time: 0.0007069110870361328s
2026-06-21 21:47:26,895 fastDTW between vertices (37, 100). Time: 0.0007004737854003906s
2026-06-21 21:47:26,896 fastDTW between vertices (37, 42). Time: 0.000736236572265625s
2026-06-21 21:47:26,896 fastDTW between vertices (37, 1). Time: 0.0006723403930664062s
2026-06-21 21:47:26,897 fastDTW between vertices (37, 153). Time: 0.0007228851318359375s
2026-06-21 21:47:26,898 fastDTW between vertices (37, 158). Time: 0.000690460205078125s
2026-06-21 21:47:26,899 fastDTW between vertices (37, 208). Time: 0.0006887912750244141s
2026-06-21 21:47:26,899 fastDTW between vertices (37, 190). Time: 0.0007264614105224609s
2026-06-21 21:47:26,900 fastDTW between vertices (37, 38). Time: 0.0007150173187255859s
2026-06-21 21:47:26,901 fastDTW between vertices (62, 25). Time: 0.0005738735198974609s
2026-06-21 21:47:26,901 fastDTW between vertices (62, 161). Time: 0.0006687641143798828s
2026-06-21 21:47:26,902 fastDTW between vertices (62, 41). Time: 0.0007338523864746094s
2026-06-21 21:47:26,903 fastDTW between vertices (62, 253). Time: 0.0007109642028808594s
2026-06-21 21:47:26,904 fastDTW between vertices (62, 122). Time: 0.0007557868957519531s
2026-06-21 21:47:26,904 fastDTW between vertices (62, 162). Time: 0.0006561279296875s
2026-06-21 21:47:26,905 fastDTW between vertices (62, 230). Time: 0.0005702972412109375s
2026-06-21 21:47:26,906 fastDTW between vertices (62, 59). Time: 0.0006518363952636719s
2026-06-21 21:47:26,906 fastDTW between vertices (62, 261). Time: 0.0005810260772705078s
2026-06-21 21:47:26,907 fastDTW between vertices (62, 168). Time: 0.0006804466247558594s
2026-06-21 21:47:26,908 fastDTW between vertices (62, 264). Time: 0.0006773471832275391s
2026-06-21 21:47:26,908 fastDTW between vertices (62, 207). Time: 0.0005714893341064453s
2026-06-21 21:47:26,909 fastDTW between vertices (62, 244). Time: 0.0006823539733886719s
2026-06-21 21:47:26,910 fastDTW between vertices (62, 115). Time: 0.0005860328674316406s
2026-06-21 21:47:26,910 fastDTW between vertices (62, 155). Time: 0.0005774497985839844s
2026-06-21 21:47:26,911 fastDTW between vertices (62, 76). Time: 0.0006856918334960938s
2026-06-21 21:47:26,912 fastDTW between vertices (203, 163). Time: 0.0006611347198486328s
2026-06-21 21:47:26,912 fastDTW between vertices (203, 58). Time: 0.0006585121154785156s
2026-06-21 21:47:26,913 fastDTW between vertices (203, 127). Time: 0.0004849433898925781s
2026-06-21 21:47:26,913 fastDTW between vertices (203, 151). Time: 0.0006196498870849609s
2026-06-21 21:47:26,914 fastDTW between vertices (203, 24). Time: 0.0006389617919921875s
2026-06-21 21:47:26,915 fastDTW between vertices (203, 167). Time: 0.0006034374237060547s
2026-06-21 21:47:26,915 fastDTW between vertices (203, 171). Time: 0.0006666183471679688s
2026-06-21 21:47:26,916 fastDTW between vertices (203, 88). Time: 0.0006632804870605469s
2026-06-21 21:47:26,917 fastDTW between vertices (203, 46). Time: 0.0005786418914794922s
2026-06-21 21:47:26,917 fastDTW between vertices (203, 119). Time: 0.0006368160247802734s
2026-06-21 21:47:26,918 fastDTW between vertices (203, 64). Time: 0.0006194114685058594s
2026-06-21 21:47:26,919 fastDTW between vertices (203, 32). Time: 0.0005896091461181641s
2026-06-21 21:47:26,919 fastDTW between vertices (203, 35). Time: 0.0006186962127685547s
2026-06-21 21:47:26,920 fastDTW between vertices (203, 9). Time: 0.0006880760192871094s
2026-06-21 21:47:26,921 fastDTW between vertices (203, 187). Time: 0.0006575584411621094s
2026-06-21 21:47:26,921 fastDTW between vertices (203, 231). Time: 0.0006279945373535156s
2026-06-21 21:47:26,922 fastDTW between vertices (9, 163). Time: 0.0006871223449707031s
2026-06-21 21:47:26,923 fastDTW between vertices (9, 58). Time: 0.0006771087646484375s
2026-06-21 21:47:26,924 fastDTW between vertices (9, 127). Time: 0.0006732940673828125s
2026-06-21 21:47:26,924 fastDTW between vertices (9, 151). Time: 0.0007269382476806641s
2026-06-21 21:47:26,925 fastDTW between vertices (9, 24). Time: 0.0007715225219726562s
2026-06-21 21:47:26,926 fastDTW between vertices (9, 167). Time: 0.0007710456848144531s
2026-06-21 21:47:26,927 fastDTW between vertices (9, 171). Time: 0.0006768703460693359s
2026-06-21 21:47:26,927 fastDTW between vertices (9, 88). Time: 0.0006933212280273438s
2026-06-21 21:47:26,928 fastDTW between vertices (9, 46). Time: 0.0007371902465820312s
2026-06-21 21:47:26,929 fastDTW between vertices (9, 119). Time: 0.0007624626159667969s
2026-06-21 21:47:26,930 fastDTW between vertices (9, 64). Time: 0.0007619857788085938s
2026-06-21 21:47:26,930 fastDTW between vertices (9, 32). Time: 0.000759124755859375s
2026-06-21 21:47:26,931 fastDTW between vertices (9, 35). Time: 0.0007686614990234375s
2026-06-21 21:47:26,932 fastDTW between vertices (9, 203). Time: 0.0006730556488037109s
2026-06-21 21:47:26,933 fastDTW between vertices (9, 187). Time: 0.0006852149963378906s
2026-06-21 21:47:26,933 fastDTW between vertices (9, 231). Time: 0.0006458759307861328s
2026-06-21 21:47:26,934 fastDTW between vertices (12, 39). Time: 0.0007047653198242188s
2026-06-21 21:47:26,935 fastDTW between vertices (12, 30). Time: 0.0007441043853759766s
2026-06-21 21:47:26,936 fastDTW between vertices (12, 37). Time: 0.0007195472717285156s
2026-06-21 21:47:26,936 fastDTW between vertices (12, 106). Time: 0.0006964206695556641s
2026-06-21 21:47:26,937 fastDTW between vertices (12, 40). Time: 0.0007367134094238281s
2026-06-21 21:47:26,938 fastDTW between vertices (12, 65). Time: 0.0007255077362060547s
2026-06-21 21:47:26,939 fastDTW between vertices (12, 137). Time: 0.0007364749908447266s
2026-06-21 21:47:26,939 fastDTW between vertices (12, 70). Time: 0.0007314682006835938s
2026-06-21 21:47:26,940 fastDTW between vertices (12, 100). Time: 0.0007195472717285156s
2026-06-21 21:47:26,941 fastDTW between vertices (12, 42). Time: 0.0007266998291015625s
2026-06-21 21:47:26,942 fastDTW between vertices (12, 1). Time: 0.0006976127624511719s
2026-06-21 21:47:26,942 fastDTW between vertices (12, 153). Time: 0.0007145404815673828s
2026-06-21 21:47:26,943 fastDTW between vertices (12, 158). Time: 0.0007026195526123047s
2026-06-21 21:47:26,944 fastDTW between vertices (12, 208). Time: 0.0007040500640869141s
2026-06-21 21:47:26,944 fastDTW between vertices (12, 190). Time: 0.0007262229919433594s
2026-06-21 21:47:26,945 fastDTW between vertices (12, 38). Time: 0.0007231235504150391s
2026-06-21 21:47:26,946 fastDTW between vertices (155, 25). Time: 0.0006434917449951172s
2026-06-21 21:47:26,946 fastDTW between vertices (155, 161). Time: 0.0004990100860595703s
2026-06-21 21:47:26,947 fastDTW between vertices (155, 41). Time: 0.0005686283111572266s
2026-06-21 21:47:26,948 fastDTW between vertices (155, 253). Time: 0.0006024837493896484s
2026-06-21 21:47:26,948 fastDTW between vertices (155, 122). Time: 0.0005323886871337891s
2026-06-21 21:47:26,949 fastDTW between vertices (155, 162). Time: 0.00046896934509277344s
2026-06-21 21:47:26,949 fastDTW between vertices (155, 230). Time: 0.0006434917449951172s
2026-06-21 21:47:26,950 fastDTW between vertices (155, 59). Time: 0.0004706382751464844s
2026-06-21 21:47:26,950 fastDTW between vertices (155, 261). Time: 0.0002684593200683594s
2026-06-21 21:47:26,951 fastDTW between vertices (155, 168). Time: 0.00041556358337402344s
2026-06-21 21:47:26,951 fastDTW between vertices (155, 264). Time: 0.0003800392150878906s
2026-06-21 21:47:26,952 fastDTW between vertices (155, 207). Time: 0.0006482601165771484s
2026-06-21 21:47:26,952 fastDTW between vertices (155, 244). Time: 0.0004975795745849609s
2026-06-21 21:47:26,953 fastDTW between vertices (155, 115). Time: 0.0006384849548339844s
2026-06-21 21:47:26,953 fastDTW between vertices (155, 62). Time: 0.0005719661712646484s
2026-06-21 21:47:26,954 fastDTW between vertices (155, 76). Time: 0.0005891323089599609s
2026-06-21 21:47:26,955 fastDTW between vertices (187, 163). Time: 0.00064849853515625s
2026-06-21 21:47:26,955 fastDTW between vertices (187, 58). Time: 0.0006496906280517578s
2026-06-21 21:47:26,956 fastDTW between vertices (187, 127). Time: 0.0004875659942626953s
2026-06-21 21:47:26,957 fastDTW between vertices (187, 151). Time: 0.0006225109100341797s
2026-06-21 21:47:26,957 fastDTW between vertices (187, 24). Time: 0.0006334781646728516s
2026-06-21 21:47:26,958 fastDTW between vertices (187, 167). Time: 0.0006010532379150391s
2026-06-21 21:47:26,959 fastDTW between vertices (187, 171). Time: 0.0006582736968994141s
2026-06-21 21:47:26,959 fastDTW between vertices (187, 88). Time: 0.0006573200225830078s
2026-06-21 21:47:26,960 fastDTW between vertices (187, 46). Time: 0.0005731582641601562s
2026-06-21 21:47:26,961 fastDTW between vertices (187, 119). Time: 0.0006148815155029297s
2026-06-21 21:47:26,961 fastDTW between vertices (187, 64). Time: 0.0006122589111328125s
2026-06-21 21:47:26,962 fastDTW between vertices (187, 32). Time: 0.0005843639373779297s
2026-06-21 21:47:26,962 fastDTW between vertices (187, 35). Time: 0.0006113052368164062s
2026-06-21 21:47:26,963 fastDTW between vertices (187, 203). Time: 0.0006530284881591797s
2026-06-21 21:47:26,964 fastDTW between vertices (187, 9). Time: 0.0006847381591796875s
2026-06-21 21:47:26,964 fastDTW between vertices (187, 231). Time: 0.0006220340728759766s
2026-06-21 21:47:26,965 fastDTW between vertices (76, 25). Time: 0.0005965232849121094s
2026-06-21 21:47:26,966 fastDTW between vertices (76, 161). Time: 0.0006427764892578125s
2026-06-21 21:47:26,966 fastDTW between vertices (76, 41). Time: 0.0006875991821289062s
2026-06-21 21:47:26,967 fastDTW between vertices (76, 253). Time: 0.0007042884826660156s
2026-06-21 21:47:26,968 fastDTW between vertices (76, 122). Time: 0.0006735324859619141s
2026-06-21 21:47:26,969 fastDTW between vertices (76, 162). Time: 0.0006320476531982422s
2026-06-21 21:47:26,969 fastDTW between vertices (76, 230). Time: 0.0005903244018554688s
2026-06-21 21:47:26,970 fastDTW between vertices (76, 59). Time: 0.0006246566772460938s
2026-06-21 21:47:26,970 fastDTW between vertices (76, 261). Time: 0.0004634857177734375s
2026-06-21 21:47:26,971 fastDTW between vertices (76, 168). Time: 0.0006015300750732422s
2026-06-21 21:47:26,972 fastDTW between vertices (76, 264). Time: 0.0005726814270019531s
2026-06-21 21:47:26,972 fastDTW between vertices (76, 207). Time: 0.0005898475646972656s
2026-06-21 21:47:26,973 fastDTW between vertices (76, 244). Time: 0.0006363391876220703s
2026-06-21 21:47:26,973 fastDTW between vertices (76, 115). Time: 0.0005860328674316406s
2026-06-21 21:47:26,974 fastDTW between vertices (76, 62). Time: 0.0006921291351318359s
2026-06-21 21:47:26,975 fastDTW between vertices (76, 155). Time: 0.0005824565887451172s
2026-06-21 21:47:26,976 fastDTW between vertices (51, 184). Time: 0.0007305145263671875s
2026-06-21 21:47:26,976 fastDTW between vertices (51, 26). Time: 0.0007975101470947266s
2026-06-21 21:47:26,977 fastDTW between vertices (51, 121). Time: 0.0007534027099609375s
2026-06-21 21:47:26,978 fastDTW between vertices (51, 136). Time: 0.0007460117340087891s
2026-06-21 21:47:26,979 fastDTW between vertices (51, 29). Time: 0.0007355213165283203s
2026-06-21 21:47:26,980 fastDTW between vertices (51, 61). Time: 0.0008461475372314453s
2026-06-21 21:47:26,980 fastDTW between vertices (51, 81). Time: 0.0007548332214355469s
2026-06-21 21:47:26,981 fastDTW between vertices (51, 94). Time: 0.0007405281066894531s
2026-06-21 21:47:26,982 fastDTW between vertices (51, 226). Time: 0.0006930828094482422s
2026-06-21 21:47:26,983 fastDTW between vertices (51, 176). Time: 0.0007414817810058594s
2026-06-21 21:47:26,983 fastDTW between vertices (51, 143). Time: 0.0008757114410400391s
2026-06-21 21:47:26,984 fastDTW between vertices (51, 177). Time: 0.0007314682006835938s
2026-06-21 21:47:26,985 fastDTW between vertices (51, 1). Time: 0.0007092952728271484s
2026-06-21 21:47:26,986 fastDTW between vertices (51, 153). Time: 0.0007908344268798828s
2026-06-21 21:47:26,987 fastDTW between vertices (51, 158). Time: 0.0007266998291015625s
2026-06-21 21:47:26,987 fastDTW between vertices (51, 208). Time: 0.0007221698760986328s
2026-06-21 21:47:26,988 fastDTW between vertices (137, 40). Time: 0.0007264614105224609s
2026-06-21 21:47:26,989 fastDTW between vertices (137, 65). Time: 0.0007350444793701172s
2026-06-21 21:47:26,990 fastDTW between vertices (137, 70). Time: 0.0007295608520507812s
2026-06-21 21:47:26,990 fastDTW between vertices (137, 100). Time: 0.0007433891296386719s
2026-06-21 21:47:26,991 fastDTW between vertices (137, 39). Time: 0.0007071495056152344s
2026-06-21 21:47:26,992 fastDTW between vertices (137, 30). Time: 0.00074005126953125s
2026-06-21 21:47:26,993 fastDTW between vertices (137, 37). Time: 0.0007195472717285156s
2026-06-21 21:47:26,993 fastDTW between vertices (137, 12). Time: 0.0007476806640625s
2026-06-21 21:47:26,994 fastDTW between vertices (137, 1). Time: 0.0006880760192871094s
2026-06-21 21:47:26,995 fastDTW between vertices (137, 153). Time: 0.0007107257843017578s
2026-06-21 21:47:26,996 fastDTW between vertices (137, 158). Time: 0.0007216930389404297s
2026-06-21 21:47:26,996 fastDTW between vertices (137, 208). Time: 0.0007181167602539062s
2026-06-21 21:47:26,997 fastDTW between vertices (137, 190). Time: 0.0007245540618896484s
2026-06-21 21:47:26,998 fastDTW between vertices (137, 106). Time: 0.0006921291351318359s
2026-06-21 21:47:26,999 fastDTW between vertices (137, 184). Time: 0.0007107257843017578s
2026-06-21 21:47:26,999 fastDTW between vertices (137, 26). Time: 0.0007274150848388672s
2026-06-21 21:47:27,000 fastDTW between vertices (202, 25). Time: 0.000640869140625s
2026-06-21 21:47:27,001 fastDTW between vertices (202, 161). Time: 0.0005016326904296875s
2026-06-21 21:47:27,001 fastDTW between vertices (202, 41). Time: 0.000576019287109375s
2026-06-21 21:47:27,002 fastDTW between vertices (202, 253). Time: 0.0006046295166015625s
2026-06-21 21:47:27,002 fastDTW between vertices (202, 122). Time: 0.0005393028259277344s
2026-06-21 21:47:27,003 fastDTW between vertices (202, 162). Time: 0.0004742145538330078s
2026-06-21 21:47:27,004 fastDTW between vertices (202, 230). Time: 0.0006468296051025391s
2026-06-21 21:47:27,004 fastDTW between vertices (202, 59). Time: 0.0004711151123046875s
2026-06-21 21:47:27,004 fastDTW between vertices (202, 261). Time: 0.00027561187744140625s
2026-06-21 21:47:27,005 fastDTW between vertices (202, 168). Time: 0.0004153251647949219s
2026-06-21 21:47:27,005 fastDTW between vertices (202, 264). Time: 0.0003838539123535156s
2026-06-21 21:47:27,006 fastDTW between vertices (202, 207). Time: 0.0006532669067382812s
2026-06-21 21:47:27,006 fastDTW between vertices (202, 244). Time: 0.0005009174346923828s
2026-06-21 21:47:27,007 fastDTW between vertices (202, 115). Time: 0.0006461143493652344s
2026-06-21 21:47:27,008 fastDTW between vertices (202, 62). Time: 0.0005707740783691406s
2026-06-21 21:47:27,008 fastDTW between vertices (202, 155). Time: 0.0006480216979980469s
2026-06-21 21:47:27,009 fastDTW between vertices (10, 154). Time: 0.0006020069122314453s
2026-06-21 21:47:27,010 fastDTW between vertices (10, 54). Time: 0.0007445812225341797s
2026-06-21 21:47:27,010 fastDTW between vertices (10, 23). Time: 0.0006074905395507812s
2026-06-21 21:47:27,011 fastDTW between vertices (10, 5). Time: 0.0007638931274414062s
2026-06-21 21:47:27,012 fastDTW between vertices (10, 198). Time: 0.0006070137023925781s
2026-06-21 21:47:27,013 fastDTW between vertices (10, 103). Time: 0.0006053447723388672s
2026-06-21 21:47:27,013 fastDTW between vertices (10, 2). Time: 0.0005559921264648438s
2026-06-21 21:47:27,014 fastDTW between vertices (10, 165). Time: 0.0005595684051513672s
2026-06-21 21:47:27,014 fastDTW between vertices (10, 180). Time: 0.000732421875s
2026-06-21 21:47:27,015 fastDTW between vertices (10, 188). Time: 0.0005793571472167969s
2026-06-21 21:47:27,016 fastDTW between vertices (10, 43). Time: 0.0007059574127197266s
2026-06-21 21:47:27,016 fastDTW between vertices (10, 160). Time: 0.0005922317504882812s
2026-06-21 21:47:27,017 fastDTW between vertices (10, 114). Time: 0.0005481243133544922s
2026-06-21 21:47:27,018 fastDTW between vertices (10, 31). Time: 0.0005323886871337891s
2026-06-21 21:47:27,018 fastDTW between vertices (10, 221). Time: 0.0006048679351806641s
2026-06-21 21:47:27,019 fastDTW between vertices (10, 77). Time: 0.0005185604095458984s
2026-06-21 21:47:27,020 fastDTW between vertices (70, 40). Time: 0.0007259845733642578s
2026-06-21 21:47:27,020 fastDTW between vertices (70, 65). Time: 0.0007243156433105469s
2026-06-21 21:47:27,021 fastDTW between vertices (70, 137). Time: 0.0007281303405761719s
2026-06-21 21:47:27,022 fastDTW between vertices (70, 100). Time: 0.000720977783203125s
2026-06-21 21:47:27,023 fastDTW between vertices (70, 39). Time: 0.0007052421569824219s
2026-06-21 21:47:27,023 fastDTW between vertices (70, 30). Time: 0.0007338523864746094s
2026-06-21 21:47:27,024 fastDTW between vertices (70, 37). Time: 0.0007069110870361328s
2026-06-21 21:47:27,025 fastDTW between vertices (70, 12). Time: 0.0007343292236328125s
2026-06-21 21:47:27,025 fastDTW between vertices (70, 1). Time: 0.0006897449493408203s
2026-06-21 21:47:27,026 fastDTW between vertices (70, 153). Time: 0.0007121562957763672s
2026-06-21 21:47:27,027 fastDTW between vertices (70, 158). Time: 0.0006985664367675781s
2026-06-21 21:47:27,028 fastDTW between vertices (70, 208). Time: 0.0006983280181884766s
2026-06-21 21:47:27,028 fastDTW between vertices (70, 190). Time: 0.0007233619689941406s
2026-06-21 21:47:27,029 fastDTW between vertices (70, 106). Time: 0.0006866455078125s
2026-06-21 21:47:27,030 fastDTW between vertices (70, 184). Time: 0.0007061958312988281s
2026-06-21 21:47:27,031 fastDTW between vertices (70, 26). Time: 0.0007181167602539062s
2026-06-21 21:47:27,031 fastDTW between vertices (146, 25). Time: 0.0005736351013183594s
2026-06-21 21:47:27,032 fastDTW between vertices (146, 161). Time: 0.0006721019744873047s
2026-06-21 21:47:27,033 fastDTW between vertices (146, 41). Time: 0.0007145404815673828s
2026-06-21 21:47:27,033 fastDTW between vertices (146, 253). Time: 0.0007116794586181641s
2026-06-21 21:47:27,034 fastDTW between vertices (146, 122). Time: 0.0006928443908691406s
2026-06-21 21:47:27,035 fastDTW between vertices (146, 162). Time: 0.0006606578826904297s
2026-06-21 21:47:27,035 fastDTW between vertices (146, 230). Time: 0.0005693435668945312s
2026-06-21 21:47:27,036 fastDTW between vertices (146, 59). Time: 0.0006651878356933594s
2026-06-21 21:47:27,037 fastDTW between vertices (146, 261). Time: 0.0004916191101074219s
2026-06-21 21:47:27,037 fastDTW between vertices (146, 168). Time: 0.0006413459777832031s
2026-06-21 21:47:27,038 fastDTW between vertices (146, 264). Time: 0.0006098747253417969s
2026-06-21 21:47:27,039 fastDTW between vertices (146, 207). Time: 0.0005662441253662109s
2026-06-21 21:47:27,039 fastDTW between vertices (146, 244). Time: 0.0006682872772216797s
2026-06-21 21:47:27,040 fastDTW between vertices (146, 115). Time: 0.0005557537078857422s
2026-06-21 21:47:27,041 fastDTW between vertices (146, 62). Time: 0.0007083415985107422s
2026-06-21 21:47:27,041 fastDTW between vertices (146, 155). Time: 0.0005645751953125s
2026-06-21 21:47:27,042 fastDTW between vertices (144, 25). Time: 0.0005311965942382812s
2026-06-21 21:47:27,042 fastDTW between vertices (144, 161). Time: 0.0006513595581054688s
2026-06-21 21:47:27,043 fastDTW between vertices (144, 41). Time: 0.0007576942443847656s
2026-06-21 21:47:27,044 fastDTW between vertices (144, 253). Time: 0.0007050037384033203s
2026-06-21 21:47:27,045 fastDTW between vertices (144, 122). Time: 0.0008347034454345703s
2026-06-21 21:47:27,045 fastDTW between vertices (144, 162). Time: 0.0006453990936279297s
2026-06-21 21:47:27,046 fastDTW between vertices (144, 230). Time: 0.0005304813385009766s
2026-06-21 21:47:27,047 fastDTW between vertices (144, 59). Time: 0.0006427764892578125s
2026-06-21 21:47:27,047 fastDTW between vertices (144, 261). Time: 0.0006875991821289062s
2026-06-21 21:47:27,048 fastDTW between vertices (144, 168). Time: 0.0007715225219726562s
2026-06-21 21:47:27,049 fastDTW between vertices (144, 264). Time: 0.0007567405700683594s
2026-06-21 21:47:27,049 fastDTW between vertices (144, 207). Time: 0.0005364418029785156s
2026-06-21 21:47:27,050 fastDTW between vertices (144, 244). Time: 0.0006563663482666016s
2026-06-21 21:47:27,051 fastDTW between vertices (144, 115). Time: 0.0005290508270263672s
2026-06-21 21:47:27,052 fastDTW between vertices (144, 62). Time: 0.0007741451263427734s
2026-06-21 21:47:27,052 fastDTW between vertices (144, 155). Time: 0.0005290508270263672s
2026-06-21 21:47:27,053 fastDTW between vertices (223, 25). Time: 0.0006532669067382812s
2026-06-21 21:47:27,053 fastDTW between vertices (223, 161). Time: 0.0005142688751220703s
2026-06-21 21:47:27,054 fastDTW between vertices (223, 41). Time: 0.0005741119384765625s
2026-06-21 21:47:27,055 fastDTW between vertices (223, 253). Time: 0.0006082057952880859s
2026-06-21 21:47:27,055 fastDTW between vertices (223, 122). Time: 0.0005373954772949219s
2026-06-21 21:47:27,056 fastDTW between vertices (223, 162). Time: 0.0004799365997314453s
2026-06-21 21:47:27,056 fastDTW between vertices (223, 230). Time: 0.0006554126739501953s
2026-06-21 21:47:27,057 fastDTW between vertices (223, 59). Time: 0.0004801750183105469s
2026-06-21 21:47:27,057 fastDTW between vertices (223, 261). Time: 0.0002732276916503906s
2026-06-21 21:47:27,058 fastDTW between vertices (223, 168). Time: 0.0004246234893798828s
2026-06-21 21:47:27,058 fastDTW between vertices (223, 264). Time: 0.00038909912109375s
2026-06-21 21:47:27,059 fastDTW between vertices (223, 207). Time: 0.0006568431854248047s
2026-06-21 21:47:27,059 fastDTW between vertices (223, 244). Time: 0.0005109310150146484s
2026-06-21 21:47:27,060 fastDTW between vertices (223, 115). Time: 0.0006525516510009766s
2026-06-21 21:47:27,060 fastDTW between vertices (223, 62). Time: 0.0005803108215332031s
2026-06-21 21:47:27,061 fastDTW between vertices (223, 155). Time: 0.0006561279296875s
2026-06-21 21:47:27,062 fastDTW between vertices (5, 154). Time: 0.0007112026214599609s
2026-06-21 21:47:27,063 fastDTW between vertices (5, 54). Time: 0.0008106231689453125s
2026-06-21 21:47:27,063 fastDTW between vertices (5, 23). Time: 0.0007121562957763672s
2026-06-21 21:47:27,064 fastDTW between vertices (5, 10). Time: 0.0007724761962890625s
2026-06-21 21:47:27,065 fastDTW between vertices (5, 198). Time: 0.0007059574127197266s
2026-06-21 21:47:27,066 fastDTW between vertices (5, 103). Time: 0.0007092952728271484s
2026-06-21 21:47:27,066 fastDTW between vertices (5, 2). Time: 0.0006573200225830078s
2026-06-21 21:47:27,067 fastDTW between vertices (5, 165). Time: 0.00067901611328125s
2026-06-21 21:47:27,068 fastDTW between vertices (5, 180). Time: 0.0007688999176025391s
2026-06-21 21:47:27,069 fastDTW between vertices (5, 188). Time: 0.0006821155548095703s
2026-06-21 21:47:27,069 fastDTW between vertices (5, 43). Time: 0.0007455348968505859s
2026-06-21 21:47:27,070 fastDTW between vertices (5, 160). Time: 0.0006964206695556641s
2026-06-21 21:47:27,071 fastDTW between vertices (5, 114). Time: 0.0006537437438964844s
2026-06-21 21:47:27,071 fastDTW between vertices (5, 31). Time: 0.0006251335144042969s
2026-06-21 21:47:27,072 fastDTW between vertices (5, 221). Time: 0.0007102489471435547s
2026-06-21 21:47:27,073 fastDTW between vertices (5, 77). Time: 0.0005311965942382812s
2026-06-21 21:47:27,073 fastDTW between vertices (198, 154). Time: 0.0007016658782958984s
2026-06-21 21:47:27,074 fastDTW between vertices (198, 54). Time: 0.0006632804870605469s
2026-06-21 21:47:27,075 fastDTW between vertices (198, 23). Time: 0.000690460205078125s
2026-06-21 21:47:27,076 fastDTW between vertices (198, 10). Time: 0.0006086826324462891s
2026-06-21 21:47:27,076 fastDTW between vertices (198, 5). Time: 0.0007076263427734375s
2026-06-21 21:47:27,077 fastDTW between vertices (198, 103). Time: 0.0006835460662841797s
2026-06-21 21:47:27,078 fastDTW between vertices (198, 2). Time: 0.0006372928619384766s
2026-06-21 21:47:27,078 fastDTW between vertices (198, 165). Time: 0.0006725788116455078s
2026-06-21 21:47:27,079 fastDTW between vertices (198, 180). Time: 0.0006215572357177734s
2026-06-21 21:47:27,080 fastDTW between vertices (198, 188). Time: 0.0006644725799560547s
2026-06-21 21:47:27,080 fastDTW between vertices (198, 43). Time: 0.0005888938903808594s
2026-06-21 21:47:27,081 fastDTW between vertices (198, 160). Time: 0.0006592273712158203s
2026-06-21 21:47:27,082 fastDTW between vertices (198, 114). Time: 0.0006399154663085938s
2026-06-21 21:47:27,082 fastDTW between vertices (198, 31). Time: 0.0006387233734130859s
2026-06-21 21:47:27,083 fastDTW between vertices (198, 221). Time: 0.0006837844848632812s
2026-06-21 21:47:27,083 fastDTW between vertices (198, 77). Time: 0.0003046989440917969s
2026-06-21 21:47:27,084 fastDTW between vertices (129, 25). Time: 0.0006530284881591797s
2026-06-21 21:47:27,085 fastDTW between vertices (129, 161). Time: 0.0005049705505371094s
2026-06-21 21:47:27,085 fastDTW between vertices (129, 41). Time: 0.0005815029144287109s
2026-06-21 21:47:27,086 fastDTW between vertices (129, 253). Time: 0.0006017684936523438s
2026-06-21 21:47:27,086 fastDTW between vertices (129, 122). Time: 0.0005326271057128906s
2026-06-21 21:47:27,087 fastDTW between vertices (129, 162). Time: 0.0004851818084716797s
2026-06-21 21:47:27,088 fastDTW between vertices (129, 230). Time: 0.000652313232421875s
2026-06-21 21:47:27,088 fastDTW between vertices (129, 59). Time: 0.00047779083251953125s
2026-06-21 21:47:27,088 fastDTW between vertices (129, 261). Time: 0.0002684593200683594s
2026-06-21 21:47:27,089 fastDTW between vertices (129, 168). Time: 0.00041294097900390625s
2026-06-21 21:47:27,089 fastDTW between vertices (129, 264). Time: 0.0003864765167236328s
2026-06-21 21:47:27,090 fastDTW between vertices (129, 207). Time: 0.0006432533264160156s
2026-06-21 21:47:27,090 fastDTW between vertices (129, 244). Time: 0.0005011558532714844s
2026-06-21 21:47:27,091 fastDTW between vertices (129, 115). Time: 0.0006368160247802734s
2026-06-21 21:47:27,092 fastDTW between vertices (129, 62). Time: 0.0005698204040527344s
2026-06-21 21:47:27,092 fastDTW between vertices (129, 155). Time: 0.0006451606750488281s
2026-06-21 21:47:27,093 fastDTW between vertices (219, 25). Time: 0.0006382465362548828s
2026-06-21 21:47:27,094 fastDTW between vertices (219, 161). Time: 0.0004994869232177734s
2026-06-21 21:47:27,094 fastDTW between vertices (219, 41). Time: 0.0005745887756347656s
2026-06-21 21:47:27,095 fastDTW between vertices (219, 253). Time: 0.00060272216796875s
2026-06-21 21:47:27,095 fastDTW between vertices (219, 122). Time: 0.0005409717559814453s
2026-06-21 21:47:27,096 fastDTW between vertices (219, 162). Time: 0.0004737377166748047s
2026-06-21 21:47:27,096 fastDTW between vertices (219, 230). Time: 0.0006537437438964844s
2026-06-21 21:47:27,097 fastDTW between vertices (219, 59). Time: 0.00048542022705078125s
2026-06-21 21:47:27,097 fastDTW between vertices (219, 261). Time: 0.00026988983154296875s
2026-06-21 21:47:27,098 fastDTW between vertices (219, 168). Time: 0.000423431396484375s
2026-06-21 21:47:27,098 fastDTW between vertices (219, 264). Time: 0.00039386749267578125s
2026-06-21 21:47:27,099 fastDTW between vertices (219, 207). Time: 0.0006558895111083984s
2026-06-21 21:47:27,099 fastDTW between vertices (219, 244). Time: 0.0005025863647460938s
2026-06-21 21:47:27,100 fastDTW between vertices (219, 115). Time: 0.0006494522094726562s
2026-06-21 21:47:27,101 fastDTW between vertices (219, 62). Time: 0.0005810260772705078s
2026-06-21 21:47:27,101 fastDTW between vertices (219, 155). Time: 0.0006566047668457031s
2026-06-21 21:47:27,102 fastDTW between vertices (156, 25). Time: 0.0006492137908935547s
2026-06-21 21:47:27,103 fastDTW between vertices (156, 161). Time: 0.0005087852478027344s
2026-06-21 21:47:27,103 fastDTW between vertices (156, 41). Time: 0.0005848407745361328s
2026-06-21 21:47:27,104 fastDTW between vertices (156, 253). Time: 0.0006041526794433594s
2026-06-21 21:47:27,104 fastDTW between vertices (156, 122). Time: 0.0005366802215576172s
2026-06-21 21:47:27,105 fastDTW between vertices (156, 162). Time: 0.0004801750183105469s
2026-06-21 21:47:27,106 fastDTW between vertices (156, 230). Time: 0.0006568431854248047s
2026-06-21 21:47:27,106 fastDTW between vertices (156, 59). Time: 0.00047969818115234375s
2026-06-21 21:47:27,106 fastDTW between vertices (156, 261). Time: 0.0002677440643310547s
2026-06-21 21:47:27,107 fastDTW between vertices (156, 168). Time: 0.00042319297790527344s
2026-06-21 21:47:27,107 fastDTW between vertices (156, 264). Time: 0.000392913818359375s
2026-06-21 21:47:27,108 fastDTW between vertices (156, 207). Time: 0.0006558895111083984s
2026-06-21 21:47:27,108 fastDTW between vertices (156, 244). Time: 0.0004990100860595703s
2026-06-21 21:47:27,109 fastDTW between vertices (156, 115). Time: 0.0006489753723144531s
2026-06-21 21:47:27,110 fastDTW between vertices (156, 62). Time: 0.00057220458984375s
2026-06-21 21:47:27,110 fastDTW between vertices (156, 155). Time: 0.0006561279296875s
2026-06-21 21:47:27,111 fastDTW between vertices (103, 154). Time: 0.0006918907165527344s
2026-06-21 21:47:27,112 fastDTW between vertices (103, 54). Time: 0.000659942626953125s
2026-06-21 21:47:27,113 fastDTW between vertices (103, 23). Time: 0.0006947517395019531s
2026-06-21 21:47:27,113 fastDTW between vertices (103, 10). Time: 0.0006101131439208984s
2026-06-21 21:47:27,114 fastDTW between vertices (103, 5). Time: 0.0007085800170898438s
2026-06-21 21:47:27,115 fastDTW between vertices (103, 198). Time: 0.0006914138793945312s
2026-06-21 21:47:27,115 fastDTW between vertices (103, 2). Time: 0.0006415843963623047s
2026-06-21 21:47:27,116 fastDTW between vertices (103, 165). Time: 0.0006649494171142578s
2026-06-21 21:47:27,117 fastDTW between vertices (103, 180). Time: 0.0006337165832519531s
2026-06-21 21:47:27,117 fastDTW between vertices (103, 188). Time: 0.00066375732421875s
2026-06-21 21:47:27,118 fastDTW between vertices (103, 43). Time: 0.0005805492401123047s
2026-06-21 21:47:27,119 fastDTW between vertices (103, 160). Time: 0.0006873607635498047s
2026-06-21 21:47:27,119 fastDTW between vertices (103, 114). Time: 0.0006411075592041016s
2026-06-21 21:47:27,120 fastDTW between vertices (103, 31). Time: 0.0006310939788818359s
2026-06-21 21:47:27,121 fastDTW between vertices (103, 221). Time: 0.0006804466247558594s
2026-06-21 21:47:27,121 fastDTW between vertices (103, 77). Time: 0.00030112266540527344s
2026-06-21 21:47:27,122 fastDTW between vertices (231, 163). Time: 0.0006275177001953125s
2026-06-21 21:47:27,122 fastDTW between vertices (231, 58). Time: 0.0006260871887207031s
2026-06-21 21:47:27,123 fastDTW between vertices (231, 127). Time: 0.0004506111145019531s
2026-06-21 21:47:27,123 fastDTW between vertices (231, 151). Time: 0.0005867481231689453s
2026-06-21 21:47:27,124 fastDTW between vertices (231, 24). Time: 0.0005970001220703125s
2026-06-21 21:47:27,125 fastDTW between vertices (231, 167). Time: 0.0005662441253662109s
2026-06-21 21:47:27,125 fastDTW between vertices (231, 171). Time: 0.0006265640258789062s
2026-06-21 21:47:27,126 fastDTW between vertices (231, 88). Time: 0.0006227493286132812s
2026-06-21 21:47:27,126 fastDTW between vertices (231, 46). Time: 0.0005450248718261719s
2026-06-21 21:47:27,127 fastDTW between vertices (231, 119). Time: 0.0005803108215332031s
2026-06-21 21:47:27,128 fastDTW between vertices (231, 64). Time: 0.0005774497985839844s
2026-06-21 21:47:27,128 fastDTW between vertices (231, 32). Time: 0.0005552768707275391s
2026-06-21 21:47:27,129 fastDTW between vertices (231, 35). Time: 0.0005805492401123047s
2026-06-21 21:47:27,130 fastDTW between vertices (231, 203). Time: 0.0006308555603027344s
2026-06-21 21:47:27,130 fastDTW between vertices (231, 9). Time: 0.0006580352783203125s
2026-06-21 21:47:27,131 fastDTW between vertices (231, 187). Time: 0.000621795654296875s
2026-06-21 21:47:27,132 fastDTW between vertices (2, 154). Time: 0.0006422996520996094s
2026-06-21 21:47:27,132 fastDTW between vertices (2, 54). Time: 0.0005998611450195312s
2026-06-21 21:47:27,133 fastDTW between vertices (2, 23). Time: 0.0006427764892578125s
2026-06-21 21:47:27,133 fastDTW between vertices (2, 10). Time: 0.0005555152893066406s
2026-06-21 21:47:27,134 fastDTW between vertices (2, 5). Time: 0.0006618499755859375s
2026-06-21 21:47:27,135 fastDTW between vertices (2, 198). Time: 0.0006403923034667969s
2026-06-21 21:47:27,135 fastDTW between vertices (2, 103). Time: 0.0006384849548339844s
2026-06-21 21:47:27,136 fastDTW between vertices (2, 165). Time: 0.0006241798400878906s
2026-06-21 21:47:27,137 fastDTW between vertices (2, 180). Time: 0.0005664825439453125s
2026-06-21 21:47:27,137 fastDTW between vertices (2, 188). Time: 0.0006206035614013672s
2026-06-21 21:47:27,138 fastDTW between vertices (2, 43). Time: 0.0005252361297607422s
2026-06-21 21:47:27,139 fastDTW between vertices (2, 160). Time: 0.0006299018859863281s
2026-06-21 21:47:27,139 fastDTW between vertices (2, 114). Time: 0.0005981922149658203s
2026-06-21 21:47:27,140 fastDTW between vertices (2, 31). Time: 0.0005850791931152344s
2026-06-21 21:47:27,140 fastDTW between vertices (2, 221). Time: 0.0006437301635742188s
2026-06-21 21:47:27,141 fastDTW between vertices (2, 77). Time: 0.0002617835998535156s
2026-06-21 21:47:27,141 fastDTW between vertices (183, 25). Time: 0.0004930496215820312s
2026-06-21 21:47:27,142 fastDTW between vertices (183, 161). Time: 0.0006191730499267578s
2026-06-21 21:47:27,143 fastDTW between vertices (183, 41). Time: 0.0006194114685058594s
2026-06-21 21:47:27,143 fastDTW between vertices (183, 253). Time: 0.0006480216979980469s
2026-06-21 21:47:27,144 fastDTW between vertices (183, 122). Time: 0.0006041526794433594s
2026-06-21 21:47:27,145 fastDTW between vertices (183, 162). Time: 0.0006177425384521484s
2026-06-21 21:47:27,145 fastDTW between vertices (183, 230). Time: 0.0004832744598388672s
2026-06-21 21:47:27,146 fastDTW between vertices (183, 59). Time: 0.000621795654296875s
2026-06-21 21:47:27,146 fastDTW between vertices (183, 261). Time: 0.0004444122314453125s
2026-06-21 21:47:27,147 fastDTW between vertices (183, 168). Time: 0.0005781650543212891s
2026-06-21 21:47:27,147 fastDTW between vertices (183, 264). Time: 0.000545501708984375s
2026-06-21 21:47:27,148 fastDTW between vertices (183, 207). Time: 0.0004851818084716797s
2026-06-21 21:47:27,148 fastDTW between vertices (183, 244). Time: 0.0006251335144042969s
2026-06-21 21:47:27,149 fastDTW between vertices (183, 115). Time: 0.0004820823669433594s
2026-06-21 21:47:27,150 fastDTW between vertices (183, 62). Time: 0.0006251335144042969s
2026-06-21 21:47:27,150 fastDTW between vertices (183, 155). Time: 0.0004901885986328125s
2026-06-21 21:47:27,151 fastDTW between vertices (165, 154). Time: 0.0006816387176513672s
2026-06-21 21:47:27,152 fastDTW between vertices (165, 54). Time: 0.0006194114685058594s
2026-06-21 21:47:27,152 fastDTW between vertices (165, 23). Time: 0.0006608963012695312s
2026-06-21 21:47:27,153 fastDTW between vertices (165, 10). Time: 0.0005528926849365234s
2026-06-21 21:47:27,154 fastDTW between vertices (165, 5). Time: 0.0006787776947021484s
2026-06-21 21:47:27,154 fastDTW between vertices (165, 198). Time: 0.0006678104400634766s
2026-06-21 21:47:27,155 fastDTW between vertices (165, 103). Time: 0.0006558895111083984s
2026-06-21 21:47:27,156 fastDTW between vertices (165, 2). Time: 0.0006220340728759766s
2026-06-21 21:47:27,156 fastDTW between vertices (165, 180). Time: 0.0005693435668945312s
2026-06-21 21:47:27,157 fastDTW between vertices (165, 188). Time: 0.0006258487701416016s
2026-06-21 21:47:27,157 fastDTW between vertices (165, 43). Time: 0.0005309581756591797s
2026-06-21 21:47:27,158 fastDTW between vertices (165, 160). Time: 0.0006265640258789062s
2026-06-21 21:47:27,159 fastDTW between vertices (165, 114). Time: 0.0006153583526611328s
2026-06-21 21:47:27,159 fastDTW between vertices (165, 31). Time: 0.00060272216796875s
2026-06-21 21:47:27,160 fastDTW between vertices (165, 221). Time: 0.0006504058837890625s
2026-06-21 21:47:27,160 fastDTW between vertices (165, 77). Time: 0.00026702880859375s
2026-06-21 21:47:27,161 fastDTW between vertices (174, 163). Time: 0.0006620883941650391s
2026-06-21 21:47:27,162 fastDTW between vertices (174, 58). Time: 0.0006654262542724609s
2026-06-21 21:47:27,162 fastDTW between vertices (174, 127). Time: 0.0004942417144775391s
2026-06-21 21:47:27,163 fastDTW between vertices (174, 151). Time: 0.0006220340728759766s
2026-06-21 21:47:27,163 fastDTW between vertices (174, 24). Time: 0.0006520748138427734s
2026-06-21 21:47:27,164 fastDTW between vertices (174, 167). Time: 0.0006163120269775391s
2026-06-21 21:47:27,165 fastDTW between vertices (174, 171). Time: 0.0006623268127441406s
2026-06-21 21:47:27,165 fastDTW between vertices (174, 88). Time: 0.0006670951843261719s
2026-06-21 21:47:27,166 fastDTW between vertices (174, 46). Time: 0.000583648681640625s
2026-06-21 21:47:27,167 fastDTW between vertices (174, 119). Time: 0.0006062984466552734s
2026-06-21 21:47:27,167 fastDTW between vertices (174, 64). Time: 0.0006093978881835938s
2026-06-21 21:47:27,168 fastDTW between vertices (174, 32). Time: 0.0005853176116943359s
2026-06-21 21:47:27,169 fastDTW between vertices (174, 35). Time: 0.0006110668182373047s
2026-06-21 21:47:27,169 fastDTW between vertices (174, 203). Time: 0.0006515979766845703s
2026-06-21 21:47:27,170 fastDTW between vertices (174, 9). Time: 0.0006766319274902344s
2026-06-21 21:47:27,171 fastDTW between vertices (174, 187). Time: 0.0006537437438964844s
2026-06-21 21:47:27,171 fastDTW between vertices (233, 25). Time: 0.0006449222564697266s
2026-06-21 21:47:27,172 fastDTW between vertices (233, 161). Time: 0.0004911422729492188s
2026-06-21 21:47:27,172 fastDTW between vertices (233, 41). Time: 0.0005762577056884766s
2026-06-21 21:47:27,173 fastDTW between vertices (233, 253). Time: 0.0006003379821777344s
2026-06-21 21:47:27,174 fastDTW between vertices (233, 122). Time: 0.0005214214324951172s
2026-06-21 21:47:27,174 fastDTW between vertices (233, 162). Time: 0.00047779083251953125s
2026-06-21 21:47:27,175 fastDTW between vertices (233, 230). Time: 0.0006396770477294922s
2026-06-21 21:47:27,175 fastDTW between vertices (233, 59). Time: 0.00047516822814941406s
2026-06-21 21:47:27,176 fastDTW between vertices (233, 261). Time: 0.0002636909484863281s
2026-06-21 21:47:27,176 fastDTW between vertices (233, 168). Time: 0.0004138946533203125s
2026-06-21 21:47:27,176 fastDTW between vertices (233, 264). Time: 0.0003876686096191406s
2026-06-21 21:47:27,177 fastDTW between vertices (233, 207). Time: 0.0006589889526367188s
2026-06-21 21:47:27,178 fastDTW between vertices (233, 244). Time: 0.0004932880401611328s
2026-06-21 21:47:27,178 fastDTW between vertices (233, 115). Time: 0.0006470680236816406s
2026-06-21 21:47:27,179 fastDTW between vertices (233, 62). Time: 0.0005624294281005859s
2026-06-21 21:47:27,180 fastDTW between vertices (233, 155). Time: 0.0006501674652099609s
2026-06-21 21:47:27,180 fastDTW between vertices (149, 25). Time: 0.0006132125854492188s
2026-06-21 21:47:27,181 fastDTW between vertices (149, 161). Time: 0.0006690025329589844s
2026-06-21 21:47:27,182 fastDTW between vertices (149, 41). Time: 0.0007140636444091797s
2026-06-21 21:47:27,182 fastDTW between vertices (149, 253). Time: 0.0007343292236328125s
2026-06-21 21:47:27,183 fastDTW between vertices (149, 122). Time: 0.0007078647613525391s
2026-06-21 21:47:27,184 fastDTW between vertices (149, 162). Time: 0.0006563663482666016s
2026-06-21 21:47:27,185 fastDTW between vertices (149, 230). Time: 0.0006020069122314453s
2026-06-21 21:47:27,185 fastDTW between vertices (149, 59). Time: 0.0006525516510009766s
2026-06-21 21:47:27,186 fastDTW between vertices (149, 261). Time: 0.00048613548278808594s
2026-06-21 21:47:27,186 fastDTW between vertices (149, 168). Time: 0.0006506443023681641s
2026-06-21 21:47:27,187 fastDTW between vertices (149, 264). Time: 0.0006046295166015625s
2026-06-21 21:47:27,188 fastDTW between vertices (149, 207). Time: 0.0006046295166015625s
2026-06-21 21:47:27,188 fastDTW between vertices (149, 244). Time: 0.0006871223449707031s
2026-06-21 21:47:27,189 fastDTW between vertices (149, 115). Time: 0.0005931854248046875s
2026-06-21 21:47:27,190 fastDTW between vertices (149, 62). Time: 0.0007228851318359375s
2026-06-21 21:47:27,190 fastDTW between vertices (149, 155). Time: 0.0006003379821777344s
2026-06-21 21:47:27,191 fastDTW between vertices (83, 25). Time: 0.0004723072052001953s
2026-06-21 21:47:27,192 fastDTW between vertices (83, 161). Time: 0.0006620883941650391s
2026-06-21 21:47:27,192 fastDTW between vertices (83, 41). Time: 0.0006656646728515625s
2026-06-21 21:47:27,193 fastDTW between vertices (83, 253). Time: 0.0006630420684814453s
2026-06-21 21:47:27,194 fastDTW between vertices (83, 122). Time: 0.00064849853515625s
2026-06-21 21:47:27,194 fastDTW between vertices (83, 162). Time: 0.0006592273712158203s
2026-06-21 21:47:27,195 fastDTW between vertices (83, 230). Time: 0.00047707557678222656s
2026-06-21 21:47:27,195 fastDTW between vertices (83, 59). Time: 0.0006496906280517578s
2026-06-21 21:47:27,196 fastDTW between vertices (83, 261). Time: 0.00048065185546875s
2026-06-21 21:47:27,197 fastDTW between vertices (83, 168). Time: 0.0006253719329833984s
2026-06-21 21:47:27,197 fastDTW between vertices (83, 264). Time: 0.0006043910980224609s
2026-06-21 21:47:27,198 fastDTW between vertices (83, 207). Time: 0.00047469139099121094s
2026-06-21 21:47:27,198 fastDTW between vertices (83, 244). Time: 0.0006723403930664062s
2026-06-21 21:47:27,199 fastDTW between vertices (83, 115). Time: 0.00047135353088378906s
2026-06-21 21:47:27,200 fastDTW between vertices (83, 62). Time: 0.0006530284881591797s
2026-06-21 21:47:27,200 fastDTW between vertices (83, 155). Time: 0.0004749298095703125s
2026-06-21 21:47:27,201 fastDTW between vertices (84, 163). Time: 0.0006549358367919922s
2026-06-21 21:47:27,202 fastDTW between vertices (84, 58). Time: 0.0006668567657470703s
2026-06-21 21:47:27,202 fastDTW between vertices (84, 127). Time: 0.0004889965057373047s
2026-06-21 21:47:27,203 fastDTW between vertices (84, 151). Time: 0.0006182193756103516s
2026-06-21 21:47:27,203 fastDTW between vertices (84, 24). Time: 0.0006337165832519531s
2026-06-21 21:47:27,204 fastDTW between vertices (84, 167). Time: 0.0005998611450195312s
2026-06-21 21:47:27,205 fastDTW between vertices (84, 171). Time: 0.0006556510925292969s
2026-06-21 21:47:27,205 fastDTW between vertices (84, 88). Time: 0.0006518363952636719s
2026-06-21 21:47:27,206 fastDTW between vertices (84, 46). Time: 0.0005679130554199219s
2026-06-21 21:47:27,207 fastDTW between vertices (84, 119). Time: 0.0006122589111328125s
2026-06-21 21:47:27,207 fastDTW between vertices (84, 64). Time: 0.0006177425384521484s
2026-06-21 21:47:27,208 fastDTW between vertices (84, 32). Time: 0.0005803108215332031s
2026-06-21 21:47:27,208 fastDTW between vertices (84, 35). Time: 0.0006134510040283203s
2026-06-21 21:47:27,209 fastDTW between vertices (84, 203). Time: 0.0006594657897949219s
2026-06-21 21:47:27,210 fastDTW between vertices (84, 9). Time: 0.0006868839263916016s
2026-06-21 21:47:27,211 fastDTW between vertices (84, 187). Time: 0.0006701946258544922s
2026-06-21 21:47:27,211 fastDTW between vertices (166, 25). Time: 0.0005247592926025391s
2026-06-21 21:47:27,212 fastDTW between vertices (166, 161). Time: 0.0006401538848876953s
2026-06-21 21:47:27,212 fastDTW between vertices (166, 41). Time: 0.0006392002105712891s
2026-06-21 21:47:27,213 fastDTW between vertices (166, 253). Time: 0.0006496906280517578s
2026-06-21 21:47:27,214 fastDTW between vertices (166, 122). Time: 0.0005996227264404297s
2026-06-21 21:47:27,214 fastDTW between vertices (166, 162). Time: 0.0006268024444580078s
2026-06-21 21:47:27,215 fastDTW between vertices (166, 230). Time: 0.0004961490631103516s
2026-06-21 21:47:27,216 fastDTW between vertices (166, 59). Time: 0.000621795654296875s
2026-06-21 21:47:27,216 fastDTW between vertices (166, 261). Time: 0.00042247772216796875s
2026-06-21 21:47:27,217 fastDTW between vertices (166, 168). Time: 0.0005853176116943359s
2026-06-21 21:47:27,217 fastDTW between vertices (166, 264). Time: 0.0005540847778320312s
2026-06-21 21:47:27,218 fastDTW between vertices (166, 207). Time: 0.0004985332489013672s
2026-06-21 21:47:27,218 fastDTW between vertices (166, 244). Time: 0.0006418228149414062s
2026-06-21 21:47:27,219 fastDTW between vertices (166, 115). Time: 0.0005040168762207031s
2026-06-21 21:47:27,220 fastDTW between vertices (166, 62). Time: 0.0006325244903564453s
2026-06-21 21:47:27,220 fastDTW between vertices (166, 155). Time: 0.0004985332489013672s
2026-06-21 21:47:27,220 fastDTW between vertices (126, 163). Time: 0.0003402233123779297s
2026-06-21 21:47:27,221 fastDTW between vertices (126, 58). Time: 0.0003387928009033203s
2026-06-21 21:47:27,221 fastDTW between vertices (126, 127). Time: 0.0005581378936767578s
2026-06-21 21:47:27,222 fastDTW between vertices (126, 151). Time: 0.0004956722259521484s
2026-06-21 21:47:27,223 fastDTW between vertices (126, 24). Time: 0.00057220458984375s
2026-06-21 21:47:27,223 fastDTW between vertices (126, 167). Time: 0.0006494522094726562s
2026-06-21 21:47:27,224 fastDTW between vertices (126, 171). Time: 0.0003414154052734375s
2026-06-21 21:47:27,224 fastDTW between vertices (126, 88). Time: 0.000339508056640625s
2026-06-21 21:47:27,225 fastDTW between vertices (126, 46). Time: 0.0005617141723632812s
2026-06-21 21:47:27,225 fastDTW between vertices (126, 119). Time: 0.0005648136138916016s
2026-06-21 21:47:27,226 fastDTW between vertices (126, 64). Time: 0.0005578994750976562s
2026-06-21 21:47:27,226 fastDTW between vertices (126, 32). Time: 0.0006492137908935547s
2026-06-21 21:47:27,227 fastDTW between vertices (126, 35). Time: 0.0005640983581542969s
2026-06-21 21:47:27,227 fastDTW between vertices (126, 203). Time: 0.00034117698669433594s
2026-06-21 21:47:27,228 fastDTW between vertices (126, 9). Time: 0.0005629062652587891s
2026-06-21 21:47:27,228 fastDTW between vertices (126, 187). Time: 0.00034117698669433594s
2026-06-21 21:47:27,229 fastDTW between vertices (260, 163). Time: 0.0005419254302978516s
2026-06-21 21:47:27,229 fastDTW between vertices (260, 58). Time: 0.0005421638488769531s
2026-06-21 21:47:27,230 fastDTW between vertices (260, 127). Time: 0.0006728172302246094s
2026-06-21 21:47:27,231 fastDTW between vertices (260, 151). Time: 0.0006706714630126953s
2026-06-21 21:47:27,232 fastDTW between vertices (260, 24). Time: 0.0007257461547851562s
2026-06-21 21:47:27,232 fastDTW between vertices (260, 167). Time: 0.0007386207580566406s
2026-06-21 21:47:27,233 fastDTW between vertices (260, 171). Time: 0.0005440711975097656s
2026-06-21 21:47:27,234 fastDTW between vertices (260, 88). Time: 0.0005385875701904297s
2026-06-21 21:47:27,234 fastDTW between vertices (260, 46). Time: 0.0006835460662841797s
2026-06-21 21:47:27,235 fastDTW between vertices (260, 119). Time: 0.0006995201110839844s
2026-06-21 21:47:27,236 fastDTW between vertices (260, 64). Time: 0.0007038116455078125s
2026-06-21 21:47:27,236 fastDTW between vertices (260, 32). Time: 0.0007276535034179688s
2026-06-21 21:47:27,237 fastDTW between vertices (260, 35). Time: 0.0007042884826660156s
2026-06-21 21:47:27,238 fastDTW between vertices (260, 203). Time: 0.0005350112915039062s
2026-06-21 21:47:27,238 fastDTW between vertices (260, 9). Time: 0.0007300376892089844s
2026-06-21 21:47:27,239 fastDTW between vertices (260, 187). Time: 0.0005295276641845703s
2026-06-21 21:47:27,240 fastDTW between vertices (186, 25). Time: 0.0006656646728515625s
2026-06-21 21:47:27,240 fastDTW between vertices (186, 161). Time: 0.0004968643188476562s
2026-06-21 21:47:27,241 fastDTW between vertices (186, 41). Time: 0.0005753040313720703s
2026-06-21 21:47:27,241 fastDTW between vertices (186, 253). Time: 0.0006060600280761719s
2026-06-21 21:47:27,242 fastDTW between vertices (186, 122). Time: 0.0005273818969726562s
2026-06-21 21:47:27,243 fastDTW between vertices (186, 162). Time: 0.0004811286926269531s
2026-06-21 21:47:27,243 fastDTW between vertices (186, 230). Time: 0.0006463527679443359s
2026-06-21 21:47:27,244 fastDTW between vertices (186, 59). Time: 0.00046896934509277344s
2026-06-21 21:47:27,244 fastDTW between vertices (186, 261). Time: 0.00026297569274902344s
2026-06-21 21:47:27,244 fastDTW between vertices (186, 168). Time: 0.0004200935363769531s
2026-06-21 21:47:27,245 fastDTW between vertices (186, 264). Time: 0.0003814697265625s
2026-06-21 21:47:27,246 fastDTW between vertices (186, 207). Time: 0.0006463527679443359s
2026-06-21 21:47:27,246 fastDTW between vertices (186, 244). Time: 0.0004906654357910156s
2026-06-21 21:47:27,247 fastDTW between vertices (186, 115). Time: 0.0006444454193115234s
2026-06-21 21:47:27,247 fastDTW between vertices (186, 62). Time: 0.0005781650543212891s
2026-06-21 21:47:27,248 fastDTW between vertices (186, 155). Time: 0.0006465911865234375s
2026-06-21 21:47:27,249 fastDTW between vertices (66, 25). Time: 0.0005855560302734375s
2026-06-21 21:47:27,249 fastDTW between vertices (66, 161). Time: 0.0006651878356933594s
2026-06-21 21:47:27,250 fastDTW between vertices (66, 41). Time: 0.0007321834564208984s
2026-06-21 21:47:27,251 fastDTW between vertices (66, 253). Time: 0.0007147789001464844s
2026-06-21 21:47:27,252 fastDTW between vertices (66, 122). Time: 0.0007829666137695312s
2026-06-21 21:47:27,252 fastDTW between vertices (66, 162). Time: 0.0006544589996337891s
2026-06-21 21:47:27,253 fastDTW between vertices (66, 230). Time: 0.0005695819854736328s
2026-06-21 21:47:27,254 fastDTW between vertices (66, 59). Time: 0.0006647109985351562s
2026-06-21 21:47:27,254 fastDTW between vertices (66, 261). Time: 0.0005908012390136719s
2026-06-21 21:47:27,255 fastDTW between vertices (66, 168). Time: 0.00069427490234375s
2026-06-21 21:47:27,256 fastDTW between vertices (66, 264). Time: 0.0006873607635498047s
2026-06-21 21:47:27,256 fastDTW between vertices (66, 207). Time: 0.0005793571472167969s
2026-06-21 21:47:27,257 fastDTW between vertices (66, 244). Time: 0.0006704330444335938s
2026-06-21 21:47:27,258 fastDTW between vertices (66, 115). Time: 0.0005781650543212891s
2026-06-21 21:47:27,258 fastDTW between vertices (66, 62). Time: 0.0007488727569580078s
2026-06-21 21:47:27,259 fastDTW between vertices (66, 155). Time: 0.0005753040313720703s
2026-06-21 21:47:27,260 fastDTW between vertices (180, 154). Time: 0.0006160736083984375s
2026-06-21 21:47:27,260 fastDTW between vertices (180, 54). Time: 0.0007421970367431641s
2026-06-21 21:47:27,261 fastDTW between vertices (180, 23). Time: 0.0006136894226074219s
2026-06-21 21:47:27,262 fastDTW between vertices (180, 10). Time: 0.0007278919219970703s
2026-06-21 21:47:27,263 fastDTW between vertices (180, 5). Time: 0.0007662773132324219s
2026-06-21 21:47:27,263 fastDTW between vertices (180, 198). Time: 0.0006132125854492188s
2026-06-21 21:47:27,264 fastDTW between vertices (180, 103). Time: 0.0006182193756103516s
2026-06-21 21:47:27,264 fastDTW between vertices (180, 2). Time: 0.0005671977996826172s
2026-06-21 21:47:27,265 fastDTW between vertices (180, 165). Time: 0.0005643367767333984s
2026-06-21 21:47:27,266 fastDTW between vertices (180, 188). Time: 0.0006091594696044922s
2026-06-21 21:47:27,266 fastDTW between vertices (180, 43). Time: 0.0007228851318359375s
2026-06-21 21:47:27,267 fastDTW between vertices (180, 160). Time: 0.0006070137023925781s
2026-06-21 21:47:27,268 fastDTW between vertices (180, 114). Time: 0.0005693435668945312s
2026-06-21 21:47:27,268 fastDTW between vertices (180, 31). Time: 0.0005457401275634766s
2026-06-21 21:47:27,269 fastDTW between vertices (180, 221). Time: 0.0006117820739746094s
2026-06-21 21:47:27,269 fastDTW between vertices (180, 77). Time: 0.0005185604095458984s
2026-06-21 21:47:27,270 fastDTW between vertices (188, 154). Time: 0.0006644725799560547s
2026-06-21 21:47:27,271 fastDTW between vertices (188, 54). Time: 0.0006263256072998047s
2026-06-21 21:47:27,271 fastDTW between vertices (188, 23). Time: 0.0006647109985351562s
2026-06-21 21:47:27,272 fastDTW between vertices (188, 10). Time: 0.0005779266357421875s
2026-06-21 21:47:27,273 fastDTW between vertices (188, 5). Time: 0.0006835460662841797s
2026-06-21 21:47:27,273 fastDTW between vertices (188, 198). Time: 0.0006608963012695312s
2026-06-21 21:47:27,274 fastDTW between vertices (188, 103). Time: 0.0006680488586425781s
2026-06-21 21:47:27,275 fastDTW between vertices (188, 2). Time: 0.0006239414215087891s
2026-06-21 21:47:27,275 fastDTW between vertices (188, 165). Time: 0.0006384849548339844s
2026-06-21 21:47:27,276 fastDTW between vertices (188, 180). Time: 0.0006172657012939453s
2026-06-21 21:47:27,277 fastDTW between vertices (188, 43). Time: 0.0005834102630615234s
2026-06-21 21:47:27,277 fastDTW between vertices (188, 160). Time: 0.0006635189056396484s
2026-06-21 21:47:27,278 fastDTW between vertices (188, 114). Time: 0.0006167888641357422s
2026-06-21 21:47:27,279 fastDTW between vertices (188, 31). Time: 0.0006418228149414062s
2026-06-21 21:47:27,279 fastDTW between vertices (188, 221). Time: 0.0006628036499023438s
2026-06-21 21:47:27,280 fastDTW between vertices (188, 77). Time: 0.0002949237823486328s
2026-06-21 21:47:27,280 fastDTW between vertices (205, 25). Time: 0.0006546974182128906s
2026-06-21 21:47:27,281 fastDTW between vertices (205, 161). Time: 0.0005021095275878906s
2026-06-21 21:47:27,282 fastDTW between vertices (205, 41). Time: 0.0005807876586914062s
2026-06-21 21:47:27,282 fastDTW between vertices (205, 253). Time: 0.0006060600280761719s
2026-06-21 21:47:27,283 fastDTW between vertices (205, 122). Time: 0.0005400180816650391s
2026-06-21 21:47:27,283 fastDTW between vertices (205, 162). Time: 0.0004851818084716797s
2026-06-21 21:47:27,284 fastDTW between vertices (205, 230). Time: 0.0006513595581054688s
2026-06-21 21:47:27,284 fastDTW between vertices (205, 59). Time: 0.0004820823669433594s
2026-06-21 21:47:27,285 fastDTW between vertices (205, 261). Time: 0.0002713203430175781s
2026-06-21 21:47:27,285 fastDTW between vertices (205, 168). Time: 0.00042629241943359375s
2026-06-21 21:47:27,286 fastDTW between vertices (205, 264). Time: 0.0003933906555175781s
2026-06-21 21:47:27,286 fastDTW between vertices (205, 207). Time: 0.0006601810455322266s
2026-06-21 21:47:27,287 fastDTW between vertices (205, 244). Time: 0.0004999637603759766s
2026-06-21 21:47:27,288 fastDTW between vertices (205, 115). Time: 0.000652313232421875s
2026-06-21 21:47:27,288 fastDTW between vertices (205, 62). Time: 0.0005786418914794922s
2026-06-21 21:47:27,289 fastDTW between vertices (205, 155). Time: 0.0006465911865234375s
2026-06-21 21:47:27,289 fastDTW between vertices (6, 25). Time: 0.0005705356597900391s
2026-06-21 21:47:27,290 fastDTW between vertices (6, 161). Time: 0.0006728172302246094s
2026-06-21 21:47:27,291 fastDTW between vertices (6, 41). Time: 0.0006999969482421875s
2026-06-21 21:47:27,292 fastDTW between vertices (6, 253). Time: 0.0007143020629882812s
2026-06-21 21:47:27,292 fastDTW between vertices (6, 122). Time: 0.0006911754608154297s
2026-06-21 21:47:27,293 fastDTW between vertices (6, 162). Time: 0.0006558895111083984s
2026-06-21 21:47:27,294 fastDTW between vertices (6, 230). Time: 0.0005745887756347656s
2026-06-21 21:47:27,294 fastDTW between vertices (6, 59). Time: 0.00066375732421875s
2026-06-21 21:47:27,295 fastDTW between vertices (6, 261). Time: 0.0004878044128417969s
2026-06-21 21:47:27,295 fastDTW between vertices (6, 168). Time: 0.0006401538848876953s
2026-06-21 21:47:27,296 fastDTW between vertices (6, 264). Time: 0.0006060600280761719s
2026-06-21 21:47:27,297 fastDTW between vertices (6, 207). Time: 0.0005729198455810547s
2026-06-21 21:47:27,297 fastDTW between vertices (6, 244). Time: 0.0006742477416992188s
2026-06-21 21:47:27,298 fastDTW between vertices (6, 115). Time: 0.0005605220794677734s
2026-06-21 21:47:27,299 fastDTW between vertices (6, 62). Time: 0.0007030963897705078s
2026-06-21 21:47:27,299 fastDTW between vertices (6, 155). Time: 0.0005674362182617188s
2026-06-21 21:47:27,300 fastDTW between vertices (136, 184). Time: 0.0007023811340332031s
2026-06-21 21:47:27,301 fastDTW between vertices (136, 26). Time: 0.0007264614105224609s
2026-06-21 21:47:27,302 fastDTW between vertices (136, 121). Time: 0.0007293224334716797s
2026-06-21 21:47:27,302 fastDTW between vertices (136, 51). Time: 0.0007576942443847656s
2026-06-21 21:47:27,303 fastDTW between vertices (136, 29). Time: 0.0007064342498779297s
2026-06-21 21:47:27,304 fastDTW between vertices (136, 61). Time: 0.0006878376007080078s
2026-06-21 21:47:27,304 fastDTW between vertices (136, 81). Time: 0.0007278919219970703s
2026-06-21 21:47:27,305 fastDTW between vertices (136, 94). Time: 0.0007283687591552734s
2026-06-21 21:47:27,306 fastDTW between vertices (136, 226). Time: 0.0006740093231201172s
2026-06-21 21:47:27,307 fastDTW between vertices (136, 176). Time: 0.0007259845733642578s
2026-06-21 21:47:27,307 fastDTW between vertices (136, 143). Time: 0.0007450580596923828s
2026-06-21 21:47:27,308 fastDTW between vertices (136, 177). Time: 0.0007100105285644531s
2026-06-21 21:47:27,309 fastDTW between vertices (136, 1). Time: 0.0006897449493408203s
2026-06-21 21:47:27,310 fastDTW between vertices (136, 153). Time: 0.0007236003875732422s
2026-06-21 21:47:27,310 fastDTW between vertices (136, 158). Time: 0.000713348388671875s
2026-06-21 21:47:27,311 fastDTW between vertices (136, 208). Time: 0.000701904296875s
2026-06-21 21:47:27,312 fastDTW between vertices (38, 42). Time: 0.0007233619689941406s
2026-06-21 21:47:27,313 fastDTW between vertices (38, 106). Time: 0.0006945133209228516s
2026-06-21 21:47:27,313 fastDTW between vertices (38, 39). Time: 0.0007185935974121094s
2026-06-21 21:47:27,314 fastDTW between vertices (38, 30). Time: 0.0007426738739013672s
2026-06-21 21:47:27,315 fastDTW between vertices (38, 37). Time: 0.0007154941558837891s
2026-06-21 21:47:27,316 fastDTW between vertices (38, 12). Time: 0.0007393360137939453s
2026-06-21 21:47:27,316 fastDTW between vertices (38, 40). Time: 0.0007283687591552734s
2026-06-21 21:47:27,317 fastDTW between vertices (38, 65). Time: 0.0007250308990478516s
2026-06-21 21:47:27,318 fastDTW between vertices (38, 137). Time: 0.0007340908050537109s
2026-06-21 21:47:27,319 fastDTW between vertices (38, 70). Time: 0.0007414817810058594s
2026-06-21 21:47:27,319 fastDTW between vertices (38, 100). Time: 0.0007283687591552734s
2026-06-21 21:47:27,320 fastDTW between vertices (38, 1). Time: 0.0006959438323974609s
2026-06-21 21:47:27,321 fastDTW between vertices (38, 153). Time: 0.0007166862487792969s
2026-06-21 21:47:27,322 fastDTW between vertices (38, 158). Time: 0.0007085800170898438s
2026-06-21 21:47:27,322 fastDTW between vertices (38, 208). Time: 0.0007069110870361328s
2026-06-21 21:47:27,323 fastDTW between vertices (38, 190). Time: 0.0007283687591552734s
2026-06-21 21:47:27,324 fastDTW between vertices (140, 163). Time: 0.0006482601165771484s
2026-06-21 21:47:27,324 fastDTW between vertices (140, 58). Time: 0.0006392002105712891s
2026-06-21 21:47:27,325 fastDTW between vertices (140, 127). Time: 0.0006759166717529297s
2026-06-21 21:47:27,326 fastDTW between vertices (140, 151). Time: 0.0007083415985107422s
2026-06-21 21:47:27,327 fastDTW between vertices (140, 24). Time: 0.0007677078247070312s
2026-06-21 21:47:27,328 fastDTW between vertices (140, 167). Time: 0.0007734298706054688s
2026-06-21 21:47:27,328 fastDTW between vertices (140, 171). Time: 0.0006384849548339844s
2026-06-21 21:47:27,329 fastDTW between vertices (140, 88). Time: 0.0006320476531982422s
2026-06-21 21:47:27,330 fastDTW between vertices (140, 46). Time: 0.0007290840148925781s
2026-06-21 21:47:27,330 fastDTW between vertices (140, 119). Time: 0.0007481575012207031s
2026-06-21 21:47:27,331 fastDTW between vertices (140, 64). Time: 0.0007450580596923828s
2026-06-21 21:47:27,332 fastDTW between vertices (140, 32). Time: 0.0007393360137939453s
2026-06-21 21:47:27,333 fastDTW between vertices (140, 35). Time: 0.0007457733154296875s
2026-06-21 21:47:27,333 fastDTW between vertices (140, 203). Time: 0.0006277561187744141s
2026-06-21 21:47:27,334 fastDTW between vertices (140, 9). Time: 0.0007829666137695312s
2026-06-21 21:47:27,335 fastDTW between vertices (140, 187). Time: 0.0006194114685058594s
2026-06-21 21:47:27,335 fastDTW between vertices (43, 154). Time: 0.0005865097045898438s
2026-06-21 21:47:27,336 fastDTW between vertices (43, 54). Time: 0.0007302761077880859s
2026-06-21 21:47:27,337 fastDTW between vertices (43, 23). Time: 0.0005781650543212891s
2026-06-21 21:47:27,338 fastDTW between vertices (43, 10). Time: 0.0007123947143554688s
2026-06-21 21:47:27,338 fastDTW between vertices (43, 5). Time: 0.0007395744323730469s
2026-06-21 21:47:27,339 fastDTW between vertices (43, 198). Time: 0.0005767345428466797s
2026-06-21 21:47:27,339 fastDTW between vertices (43, 103). Time: 0.0005793571472167969s
2026-06-21 21:47:27,340 fastDTW between vertices (43, 2). Time: 0.0005295276641845703s
2026-06-21 21:47:27,341 fastDTW between vertices (43, 165). Time: 0.0005457401275634766s
2026-06-21 21:47:27,341 fastDTW between vertices (43, 180). Time: 0.0007307529449462891s
2026-06-21 21:47:27,342 fastDTW between vertices (43, 188). Time: 0.0005714893341064453s
2026-06-21 21:47:27,343 fastDTW between vertices (43, 160). Time: 0.0005748271942138672s
2026-06-21 21:47:27,343 fastDTW between vertices (43, 114). Time: 0.000537872314453125s
2026-06-21 21:47:27,344 fastDTW between vertices (43, 31). Time: 0.0005087852478027344s
2026-06-21 21:47:27,344 fastDTW between vertices (43, 221). Time: 0.0005846023559570312s
2026-06-21 21:47:27,345 fastDTW between vertices (43, 77). Time: 0.0005135536193847656s
2026-06-21 21:47:27,345 fastDTW between vertices (175, 25). Time: 0.000354766845703125s
2026-06-21 21:47:27,346 fastDTW between vertices (175, 161). Time: 0.0005769729614257812s
2026-06-21 21:47:27,346 fastDTW between vertices (175, 41). Time: 0.0006642341613769531s
2026-06-21 21:47:27,347 fastDTW between vertices (175, 253). Time: 0.0005838871002197266s
2026-06-21 21:47:27,348 fastDTW between vertices (175, 122). Time: 0.0007393360137939453s
2026-06-21 21:47:27,348 fastDTW between vertices (175, 162). Time: 0.0005753040313720703s
2026-06-21 21:47:27,349 fastDTW between vertices (175, 230). Time: 0.0003521442413330078s
2026-06-21 21:47:27,349 fastDTW between vertices (175, 59). Time: 0.0005879402160644531s
2026-06-21 21:47:27,350 fastDTW between vertices (175, 261). Time: 0.0006840229034423828s
2026-06-21 21:47:27,351 fastDTW between vertices (175, 168). Time: 0.0007245540618896484s
2026-06-21 21:47:27,352 fastDTW between vertices (175, 264). Time: 0.0007379055023193359s
2026-06-21 21:47:27,352 fastDTW between vertices (175, 207). Time: 0.00035762786865234375s
2026-06-21 21:47:27,353 fastDTW between vertices (175, 244). Time: 0.000583648681640625s
2026-06-21 21:47:27,353 fastDTW between vertices (175, 115). Time: 0.000354766845703125s
2026-06-21 21:47:27,354 fastDTW between vertices (175, 62). Time: 0.0006563663482666016s
2026-06-21 21:47:27,354 fastDTW between vertices (175, 155). Time: 0.0003561973571777344s
2026-06-21 21:47:27,355 fastDTW between vertices (109, 25). Time: 0.0005705356597900391s
2026-06-21 21:47:27,355 fastDTW between vertices (109, 161). Time: 0.0006835460662841797s
2026-06-21 21:47:27,356 fastDTW between vertices (109, 41). Time: 0.0007205009460449219s
2026-06-21 21:47:27,357 fastDTW between vertices (109, 253). Time: 0.0007183551788330078s
2026-06-21 21:47:27,358 fastDTW between vertices (109, 122). Time: 0.0006992816925048828s
2026-06-21 21:47:27,358 fastDTW between vertices (109, 162). Time: 0.0006728172302246094s
2026-06-21 21:47:27,359 fastDTW between vertices (109, 230). Time: 0.0005705356597900391s
2026-06-21 21:47:27,360 fastDTW between vertices (109, 59). Time: 0.0006854534149169922s
2026-06-21 21:47:27,360 fastDTW between vertices (109, 261). Time: 0.0005087852478027344s
2026-06-21 21:47:27,361 fastDTW between vertices (109, 168). Time: 0.0006449222564697266s
2026-06-21 21:47:27,362 fastDTW between vertices (109, 264). Time: 0.0006229877471923828s
2026-06-21 21:47:27,362 fastDTW between vertices (109, 207). Time: 0.0005714893341064453s
2026-06-21 21:47:27,363 fastDTW between vertices (109, 244). Time: 0.0006740093231201172s
2026-06-21 21:47:27,363 fastDTW between vertices (109, 115). Time: 0.0005693435668945312s
2026-06-21 21:47:27,364 fastDTW between vertices (109, 62). Time: 0.0007085800170898438s
2026-06-21 21:47:27,365 fastDTW between vertices (109, 155). Time: 0.0005645751953125s
2026-06-21 21:47:27,365 fastDTW between vertices (160, 154). Time: 0.0006701946258544922s
2026-06-21 21:47:27,366 fastDTW between vertices (160, 54). Time: 0.0006365776062011719s
2026-06-21 21:47:27,367 fastDTW between vertices (160, 23). Time: 0.0006666183471679688s
2026-06-21 21:47:27,367 fastDTW between vertices (160, 10). Time: 0.0005950927734375s
2026-06-21 21:47:27,368 fastDTW between vertices (160, 5). Time: 0.0006983280181884766s
2026-06-21 21:47:27,369 fastDTW between vertices (160, 198). Time: 0.0006771087646484375s
2026-06-21 21:47:27,370 fastDTW between vertices (160, 103). Time: 0.0006709098815917969s
2026-06-21 21:47:27,370 fastDTW between vertices (160, 2). Time: 0.0006401538848876953s
2026-06-21 21:47:27,371 fastDTW between vertices (160, 165). Time: 0.0006384849548339844s
2026-06-21 21:47:27,372 fastDTW between vertices (160, 180). Time: 0.0006225109100341797s
2026-06-21 21:47:27,372 fastDTW between vertices (160, 188). Time: 0.0006639957427978516s
2026-06-21 21:47:27,373 fastDTW between vertices (160, 43). Time: 0.0005750656127929688s
2026-06-21 21:47:27,374 fastDTW between vertices (160, 114). Time: 0.0006203651428222656s
2026-06-21 21:47:27,374 fastDTW between vertices (160, 31). Time: 0.0006413459777832031s
2026-06-21 21:47:27,375 fastDTW between vertices (160, 221). Time: 0.0006625652313232422s
2026-06-21 21:47:27,375 fastDTW between vertices (160, 77). Time: 0.00030040740966796875s
2026-06-21 21:47:27,376 fastDTW between vertices (239, 25). Time: 0.0006535053253173828s
2026-06-21 21:47:27,376 fastDTW between vertices (239, 161). Time: 0.0005018711090087891s
2026-06-21 21:47:27,377 fastDTW between vertices (239, 41). Time: 0.0005803108215332031s
2026-06-21 21:47:27,378 fastDTW between vertices (239, 253). Time: 0.0006070137023925781s
2026-06-21 21:47:27,378 fastDTW between vertices (239, 122). Time: 0.0005397796630859375s
2026-06-21 21:47:27,379 fastDTW between vertices (239, 162). Time: 0.00047659873962402344s
2026-06-21 21:47:27,379 fastDTW between vertices (239, 230). Time: 0.0006556510925292969s
2026-06-21 21:47:27,380 fastDTW between vertices (239, 59). Time: 0.0004754066467285156s
2026-06-21 21:47:27,380 fastDTW between vertices (239, 261). Time: 0.0002694129943847656s
2026-06-21 21:47:27,381 fastDTW between vertices (239, 168). Time: 0.0004191398620605469s
2026-06-21 21:47:27,381 fastDTW between vertices (239, 264). Time: 0.0003838539123535156s
2026-06-21 21:47:27,382 fastDTW between vertices (239, 207). Time: 0.0006499290466308594s
2026-06-21 21:47:27,382 fastDTW between vertices (239, 244). Time: 0.0005021095275878906s
2026-06-21 21:47:27,383 fastDTW between vertices (239, 115). Time: 0.0006430149078369141s
2026-06-21 21:47:27,384 fastDTW between vertices (239, 62). Time: 0.0005748271942138672s
2026-06-21 21:47:27,384 fastDTW between vertices (239, 155). Time: 0.0006508827209472656s
2026-06-21 21:47:27,385 fastDTW between vertices (114, 154). Time: 0.0006368160247802734s
2026-06-21 21:47:27,386 fastDTW between vertices (114, 54). Time: 0.0006070137023925781s
2026-06-21 21:47:27,386 fastDTW between vertices (114, 23). Time: 0.0006368160247802734s
2026-06-21 21:47:27,387 fastDTW between vertices (114, 10). Time: 0.0005600452423095703s
2026-06-21 21:47:27,387 fastDTW between vertices (114, 5). Time: 0.0006663799285888672s
2026-06-21 21:47:27,388 fastDTW between vertices (114, 198). Time: 0.0006439685821533203s
2026-06-21 21:47:27,389 fastDTW between vertices (114, 103). Time: 0.000637054443359375s
2026-06-21 21:47:27,389 fastDTW between vertices (114, 2). Time: 0.00060272216796875s
2026-06-21 21:47:27,390 fastDTW between vertices (114, 165). Time: 0.0006113052368164062s
2026-06-21 21:47:27,391 fastDTW between vertices (114, 180). Time: 0.0005660057067871094s
2026-06-21 21:47:27,391 fastDTW between vertices (114, 188). Time: 0.0006155967712402344s
2026-06-21 21:47:27,392 fastDTW between vertices (114, 43). Time: 0.0005276203155517578s
2026-06-21 21:47:27,393 fastDTW between vertices (114, 160). Time: 0.0006151199340820312s
2026-06-21 21:47:27,393 fastDTW between vertices (114, 31). Time: 0.0005877017974853516s
2026-06-21 21:47:27,394 fastDTW between vertices (114, 221). Time: 0.0006349086761474609s
2026-06-21 21:47:27,394 fastDTW between vertices (114, 77). Time: 0.00029468536376953125s
2026-06-21 21:47:27,395 fastDTW between vertices (67, 25). Time: 0.0005943775177001953s
2026-06-21 21:47:27,395 fastDTW between vertices (67, 161). Time: 0.0006780624389648438s
2026-06-21 21:47:27,396 fastDTW between vertices (67, 41). Time: 0.0007612705230712891s
2026-06-21 21:47:27,397 fastDTW between vertices (67, 253). Time: 0.0007355213165283203s
2026-06-21 21:47:27,398 fastDTW between vertices (67, 122). Time: 0.0007770061492919922s
2026-06-21 21:47:27,398 fastDTW between vertices (67, 162). Time: 0.0006654262542724609s
2026-06-21 21:47:27,399 fastDTW between vertices (67, 230). Time: 0.0005838871002197266s
2026-06-21 21:47:27,400 fastDTW between vertices (67, 59). Time: 0.0006642341613769531s
2026-06-21 21:47:27,400 fastDTW between vertices (67, 261). Time: 0.0005915164947509766s
2026-06-21 21:47:27,401 fastDTW between vertices (67, 168). Time: 0.0007181167602539062s
2026-06-21 21:47:27,402 fastDTW between vertices (67, 264). Time: 0.0006923675537109375s
2026-06-21 21:47:27,402 fastDTW between vertices (67, 207). Time: 0.0005850791931152344s
2026-06-21 21:47:27,403 fastDTW between vertices (67, 244). Time: 0.0006785392761230469s
2026-06-21 21:47:27,404 fastDTW between vertices (67, 115). Time: 0.0005781650543212891s
2026-06-21 21:47:27,405 fastDTW between vertices (67, 62). Time: 0.0007600784301757812s
2026-06-21 21:47:27,405 fastDTW between vertices (67, 155). Time: 0.0005850791931152344s
2026-06-21 21:47:27,406 fastDTW between vertices (31, 154). Time: 0.0006401538848876953s
2026-06-21 21:47:27,406 fastDTW between vertices (31, 54). Time: 0.0005717277526855469s
2026-06-21 21:47:27,407 fastDTW between vertices (31, 23). Time: 0.0006356239318847656s
2026-06-21 21:47:27,408 fastDTW between vertices (31, 10). Time: 0.0005154609680175781s
2026-06-21 21:47:27,408 fastDTW between vertices (31, 5). Time: 0.0006215572357177734s
2026-06-21 21:47:27,409 fastDTW between vertices (31, 198). Time: 0.0006363391876220703s
2026-06-21 21:47:27,410 fastDTW between vertices (31, 103). Time: 0.0006406307220458984s
2026-06-21 21:47:27,410 fastDTW between vertices (31, 2). Time: 0.0005919933319091797s
2026-06-21 21:47:27,411 fastDTW between vertices (31, 165). Time: 0.0006067752838134766s
2026-06-21 21:47:27,411 fastDTW between vertices (31, 180). Time: 0.0005564689636230469s
2026-06-21 21:47:27,412 fastDTW between vertices (31, 188). Time: 0.0006330013275146484s
2026-06-21 21:47:27,413 fastDTW between vertices (31, 43). Time: 0.000518798828125s
2026-06-21 21:47:27,413 fastDTW between vertices (31, 160). Time: 0.0006394386291503906s
2026-06-21 21:47:27,414 fastDTW between vertices (31, 114). Time: 0.0005929470062255859s
2026-06-21 21:47:27,415 fastDTW between vertices (31, 221). Time: 0.0006382465362548828s
2026-06-21 21:47:27,415 fastDTW between vertices (31, 77). Time: 0.00022482872009277344s
2026-06-21 21:47:27,415 fastDTW between vertices (259, 25). Time: 0.00021195411682128906s
2026-06-21 21:47:27,415 fastDTW between vertices (259, 161). Time: 0.0003459453582763672s
2026-06-21 21:47:27,416 fastDTW between vertices (259, 41). Time: 0.0004611015319824219s
2026-06-21 21:47:27,416 fastDTW between vertices (259, 253). Time: 0.00035262107849121094s
2026-06-21 21:47:27,417 fastDTW between vertices (259, 122). Time: 0.0005772113800048828s
2026-06-21 21:47:27,417 fastDTW between vertices (259, 162). Time: 0.00034356117248535156s
2026-06-21 21:47:27,418 fastDTW between vertices (259, 230). Time: 0.00020432472229003906s
2026-06-21 21:47:27,418 fastDTW between vertices (259, 59). Time: 0.00033974647521972656s
2026-06-21 21:47:27,419 fastDTW between vertices (259, 261). Time: 0.0005712509155273438s
2026-06-21 21:47:27,419 fastDTW between vertices (259, 168). Time: 0.0005664825439453125s
2026-06-21 21:47:27,420 fastDTW between vertices (259, 264). Time: 0.0006518363952636719s
2026-06-21 21:47:27,420 fastDTW between vertices (259, 207). Time: 0.0002033710479736328s
2026-06-21 21:47:27,420 fastDTW between vertices (259, 244). Time: 0.00034427642822265625s
2026-06-21 21:47:27,421 fastDTW between vertices (259, 115). Time: 0.00020051002502441406s
2026-06-21 21:47:27,421 fastDTW between vertices (259, 62). Time: 0.00045418739318847656s
2026-06-21 21:47:27,421 fastDTW between vertices (259, 155). Time: 0.00020003318786621094s
2026-06-21 21:47:27,422 fastDTW between vertices (130, 25). Time: 0.0006668567657470703s
2026-06-21 21:47:27,423 fastDTW between vertices (130, 161). Time: 0.0005085468292236328s
2026-06-21 21:47:27,425 fastDTW between vertices (130, 41). Time: 0.0022237300872802734s
2026-06-21 21:47:27,425 fastDTW between vertices (130, 253). Time: 0.0006201267242431641s
2026-06-21 21:47:27,426 fastDTW between vertices (130, 122). Time: 0.0005319118499755859s
2026-06-21 21:47:27,427 fastDTW between vertices (130, 162). Time: 0.0004830360412597656s
2026-06-21 21:47:27,427 fastDTW between vertices (130, 230). Time: 0.0006513595581054688s
2026-06-21 21:47:27,428 fastDTW between vertices (130, 59). Time: 0.0004723072052001953s
2026-06-21 21:47:27,428 fastDTW between vertices (130, 261). Time: 0.0002722740173339844s
2026-06-21 21:47:27,428 fastDTW between vertices (130, 168). Time: 0.0004265308380126953s
2026-06-21 21:47:27,429 fastDTW between vertices (130, 264). Time: 0.00038552284240722656s
2026-06-21 21:47:27,430 fastDTW between vertices (130, 207). Time: 0.0006525516510009766s
2026-06-21 21:47:27,430 fastDTW between vertices (130, 244). Time: 0.0005004405975341797s
2026-06-21 21:47:27,431 fastDTW between vertices (130, 115). Time: 0.0006532669067382812s
2026-06-21 21:47:27,431 fastDTW between vertices (130, 62). Time: 0.0005869865417480469s
2026-06-21 21:47:27,432 fastDTW between vertices (130, 155). Time: 0.0006489753723144531s
2026-06-21 21:47:27,433 fastDTW between vertices (138, 163). Time: 0.0006158351898193359s
2026-06-21 21:47:27,433 fastDTW between vertices (138, 58). Time: 0.0006144046783447266s
2026-06-21 21:47:27,434 fastDTW between vertices (138, 127). Time: 0.0006728172302246094s
2026-06-21 21:47:27,435 fastDTW between vertices (138, 151). Time: 0.0007071495056152344s
2026-06-21 21:47:27,436 fastDTW between vertices (138, 24). Time: 0.0007574558258056641s
2026-06-21 21:47:27,436 fastDTW between vertices (138, 167). Time: 0.0007393360137939453s
2026-06-21 21:47:27,437 fastDTW between vertices (138, 171). Time: 0.0006213188171386719s
2026-06-21 21:47:27,438 fastDTW between vertices (138, 88). Time: 0.0006184577941894531s
2026-06-21 21:47:27,438 fastDTW between vertices (138, 46). Time: 0.0007281303405761719s
2026-06-21 21:47:27,439 fastDTW between vertices (138, 119). Time: 0.0007357597351074219s
2026-06-21 21:47:27,440 fastDTW between vertices (138, 64). Time: 0.00074005126953125s
2026-06-21 21:47:27,441 fastDTW between vertices (138, 32). Time: 0.0007429122924804688s
2026-06-21 21:47:27,441 fastDTW between vertices (138, 35). Time: 0.0007472038269042969s
2026-06-21 21:47:27,442 fastDTW between vertices (138, 203). Time: 0.0006124973297119141s
2026-06-21 21:47:27,443 fastDTW between vertices (138, 9). Time: 0.0007848739624023438s
2026-06-21 21:47:27,444 fastDTW between vertices (138, 187). Time: 0.0006225109100341797s
2026-06-21 21:47:27,444 fastDTW between vertices (221, 154). Time: 0.0006976127624511719s
2026-06-21 21:47:27,445 fastDTW between vertices (221, 54). Time: 0.0006589889526367188s
2026-06-21 21:47:27,446 fastDTW between vertices (221, 23). Time: 0.0006949901580810547s
2026-06-21 21:47:27,446 fastDTW between vertices (221, 10). Time: 0.0006105899810791016s
2026-06-21 21:47:27,447 fastDTW between vertices (221, 5). Time: 0.0007157325744628906s
2026-06-21 21:47:27,448 fastDTW between vertices (221, 198). Time: 0.0006918907165527344s
2026-06-21 21:47:27,448 fastDTW between vertices (221, 103). Time: 0.0006923675537109375s
2026-06-21 21:47:27,449 fastDTW between vertices (221, 2). Time: 0.00064849853515625s
2026-06-21 21:47:27,450 fastDTW between vertices (221, 165). Time: 0.0006592273712158203s
2026-06-21 21:47:27,451 fastDTW between vertices (221, 180). Time: 0.0006318092346191406s
2026-06-21 21:47:27,451 fastDTW between vertices (221, 188). Time: 0.0006716251373291016s
2026-06-21 21:47:27,452 fastDTW between vertices (221, 43). Time: 0.0005865097045898438s
2026-06-21 21:47:27,453 fastDTW between vertices (221, 160). Time: 0.0006768703460693359s
2026-06-21 21:47:27,453 fastDTW between vertices (221, 114). Time: 0.0006475448608398438s
2026-06-21 21:47:27,454 fastDTW between vertices (221, 31). Time: 0.0006387233734130859s
2026-06-21 21:47:27,454 fastDTW between vertices (221, 77). Time: 0.0003082752227783203s
2026-06-21 21:47:27,455 fastDTW between vertices (224, 25). Time: 0.0006685256958007812s
2026-06-21 21:47:27,456 fastDTW between vertices (224, 161). Time: 0.0005228519439697266s
2026-06-21 21:47:27,456 fastDTW between vertices (224, 41). Time: 0.0005886554718017578s
2026-06-21 21:47:27,457 fastDTW between vertices (224, 253). Time: 0.0006182193756103516s
2026-06-21 21:47:27,457 fastDTW between vertices (224, 122). Time: 0.0005440711975097656s
2026-06-21 21:47:27,458 fastDTW between vertices (224, 162). Time: 0.0004825592041015625s
2026-06-21 21:47:27,459 fastDTW between vertices (224, 230). Time: 0.0006608963012695312s
2026-06-21 21:47:27,459 fastDTW between vertices (224, 59). Time: 0.0004897117614746094s
2026-06-21 21:47:27,459 fastDTW between vertices (224, 261). Time: 0.0002715587615966797s
2026-06-21 21:47:27,460 fastDTW between vertices (224, 168). Time: 0.00042939186096191406s
2026-06-21 21:47:27,460 fastDTW between vertices (224, 264). Time: 0.00039649009704589844s
2026-06-21 21:47:27,461 fastDTW between vertices (224, 207). Time: 0.0006649494171142578s
2026-06-21 21:47:27,462 fastDTW between vertices (224, 244). Time: 0.0005147457122802734s
2026-06-21 21:47:27,462 fastDTW between vertices (224, 115). Time: 0.0006642341613769531s
2026-06-21 21:47:27,463 fastDTW between vertices (224, 62). Time: 0.0005838871002197266s
2026-06-21 21:47:27,464 fastDTW between vertices (224, 155). Time: 0.0006775856018066406s
2026-06-21 21:47:27,464 fastDTW between vertices (111, 25). Time: 0.0003685951232910156s
2026-06-21 21:47:27,465 fastDTW between vertices (111, 161). Time: 0.0005917549133300781s
2026-06-21 21:47:27,465 fastDTW between vertices (111, 41). Time: 0.0006694793701171875s
2026-06-21 21:47:27,466 fastDTW between vertices (111, 253). Time: 0.0005936622619628906s
2026-06-21 21:47:27,467 fastDTW between vertices (111, 122). Time: 0.0007543563842773438s
2026-06-21 21:47:27,467 fastDTW between vertices (111, 162). Time: 0.0005848407745361328s
2026-06-21 21:47:27,468 fastDTW between vertices (111, 230). Time: 0.0003559589385986328s
2026-06-21 21:47:27,468 fastDTW between vertices (111, 59). Time: 0.00058746337890625s
2026-06-21 21:47:27,469 fastDTW between vertices (111, 261). Time: 0.00067901611328125s
2026-06-21 21:47:27,470 fastDTW between vertices (111, 168). Time: 0.0007348060607910156s
2026-06-21 21:47:27,471 fastDTW between vertices (111, 264). Time: 0.0007359981536865234s
2026-06-21 21:47:27,471 fastDTW between vertices (111, 207). Time: 0.00035953521728515625s
2026-06-21 21:47:27,472 fastDTW between vertices (111, 244). Time: 0.0005924701690673828s
2026-06-21 21:47:27,472 fastDTW between vertices (111, 115). Time: 0.00035500526428222656s
2026-06-21 21:47:27,473 fastDTW between vertices (111, 62). Time: 0.0006768703460693359s
2026-06-21 21:47:27,473 fastDTW between vertices (111, 155). Time: 0.0003554821014404297s
2026-06-21 21:47:27,474 fastDTW between vertices (258, 163). Time: 0.0005919933319091797s
2026-06-21 21:47:27,474 fastDTW between vertices (258, 58). Time: 0.0005903244018554688s
2026-06-21 21:47:27,475 fastDTW between vertices (258, 127). Time: 0.0006937980651855469s
2026-06-21 21:47:27,476 fastDTW between vertices (258, 151). Time: 0.0007047653198242188s
2026-06-21 21:47:27,476 fastDTW between vertices (258, 24). Time: 0.0007522106170654297s
2026-06-21 21:47:27,477 fastDTW between vertices (258, 167). Time: 0.0007431507110595703s
2026-06-21 21:47:27,478 fastDTW between vertices (258, 171). Time: 0.0005881786346435547s
2026-06-21 21:47:27,478 fastDTW between vertices (258, 88). Time: 0.00058746337890625s
2026-06-21 21:47:27,479 fastDTW between vertices (258, 46). Time: 0.0007240772247314453s
2026-06-21 21:47:27,480 fastDTW between vertices (258, 119). Time: 0.0007357597351074219s
2026-06-21 21:47:27,481 fastDTW between vertices (258, 64). Time: 0.0007367134094238281s
2026-06-21 21:47:27,481 fastDTW between vertices (258, 32). Time: 0.0007350444793701172s
2026-06-21 21:47:27,482 fastDTW between vertices (258, 35). Time: 0.0007483959197998047s
2026-06-21 21:47:27,483 fastDTW between vertices (258, 203). Time: 0.0005853176116943359s
2026-06-21 21:47:27,484 fastDTW between vertices (258, 9). Time: 0.000759124755859375s
2026-06-21 21:47:27,484 fastDTW between vertices (258, 187). Time: 0.0005857944488525391s
2026-06-21 21:47:27,485 fastDTW between vertices (135, 25). Time: 0.00035858154296875s
2026-06-21 21:47:27,485 fastDTW between vertices (135, 161). Time: 0.0005867481231689453s
2026-06-21 21:47:27,486 fastDTW between vertices (135, 41). Time: 0.0006566047668457031s
2026-06-21 21:47:27,487 fastDTW between vertices (135, 253). Time: 0.0005931854248046875s
2026-06-21 21:47:27,487 fastDTW between vertices (135, 122). Time: 0.0007708072662353516s
2026-06-21 21:47:27,488 fastDTW between vertices (135, 162). Time: 0.0005824565887451172s
2026-06-21 21:47:27,488 fastDTW between vertices (135, 230). Time: 0.0003666877746582031s
2026-06-21 21:47:27,489 fastDTW between vertices (135, 59). Time: 0.0005781650543212891s
2026-06-21 21:47:27,490 fastDTW between vertices (135, 261). Time: 0.0006842613220214844s
2026-06-21 21:47:27,490 fastDTW between vertices (135, 168). Time: 0.0007352828979492188s
2026-06-21 21:47:27,491 fastDTW between vertices (135, 264). Time: 0.0007398128509521484s
2026-06-21 21:47:27,492 fastDTW between vertices (135, 207). Time: 0.0003578662872314453s
2026-06-21 21:47:27,492 fastDTW between vertices (135, 244). Time: 0.0005908012390136719s
2026-06-21 21:47:27,493 fastDTW between vertices (135, 115). Time: 0.0003533363342285156s
2026-06-21 21:47:27,493 fastDTW between vertices (135, 62). Time: 0.0006601810455322266s
2026-06-21 21:47:27,494 fastDTW between vertices (135, 155). Time: 0.0003516674041748047s
2026-06-21 21:47:27,494 fastDTW between vertices (20, 25). Time: 0.0005705356597900391s
2026-06-21 21:47:27,495 fastDTW between vertices (20, 161). Time: 0.0006659030914306641s
2026-06-21 21:47:27,496 fastDTW between vertices (20, 41). Time: 0.0007042884826660156s
2026-06-21 21:47:27,496 fastDTW between vertices (20, 253). Time: 0.0007083415985107422s
2026-06-21 21:47:27,497 fastDTW between vertices (20, 122). Time: 0.0006990432739257812s
2026-06-21 21:47:27,498 fastDTW between vertices (20, 162). Time: 0.0006632804870605469s
2026-06-21 21:47:27,498 fastDTW between vertices (20, 230). Time: 0.0005655288696289062s
2026-06-21 21:47:27,499 fastDTW between vertices (20, 59). Time: 0.0006620883941650391s
2026-06-21 21:47:27,500 fastDTW between vertices (20, 261). Time: 0.0005040168762207031s
2026-06-21 21:47:27,500 fastDTW between vertices (20, 168). Time: 0.0006420612335205078s
2026-06-21 21:47:27,501 fastDTW between vertices (20, 264). Time: 0.0006132125854492188s
2026-06-21 21:47:27,502 fastDTW between vertices (20, 207). Time: 0.0005674362182617188s
2026-06-21 21:47:27,502 fastDTW between vertices (20, 244). Time: 0.0006783008575439453s
2026-06-21 21:47:27,503 fastDTW between vertices (20, 115). Time: 0.0005700588226318359s
2026-06-21 21:47:27,504 fastDTW between vertices (20, 62). Time: 0.0007154941558837891s
2026-06-21 21:47:27,504 fastDTW between vertices (20, 155). Time: 0.0005729198455810547s
2026-06-21 21:47:27,505 fastDTW between vertices (106, 42). Time: 0.0007078647613525391s
2026-06-21 21:47:27,506 fastDTW between vertices (106, 39). Time: 0.0006914138793945312s
2026-06-21 21:47:27,506 fastDTW between vertices (106, 30). Time: 0.0007166862487792969s
2026-06-21 21:47:27,507 fastDTW between vertices (106, 37). Time: 0.0006985664367675781s
2026-06-21 21:47:27,508 fastDTW between vertices (106, 12). Time: 0.0007159709930419922s
2026-06-21 21:47:27,509 fastDTW between vertices (106, 38). Time: 0.0007188320159912109s
2026-06-21 21:47:27,509 fastDTW between vertices (106, 40). Time: 0.0007145404815673828s
2026-06-21 21:47:27,510 fastDTW between vertices (106, 65). Time: 0.0007202625274658203s
2026-06-21 21:47:27,511 fastDTW between vertices (106, 137). Time: 0.0007176399230957031s
2026-06-21 21:47:27,512 fastDTW between vertices (106, 70). Time: 0.0007076263427734375s
2026-06-21 21:47:27,512 fastDTW between vertices (106, 100). Time: 0.0007047653198242188s
2026-06-21 21:47:27,513 fastDTW between vertices (106, 1). Time: 0.0006682872772216797s
2026-06-21 21:47:27,514 fastDTW between vertices (106, 153). Time: 0.0007014274597167969s
2026-06-21 21:47:27,514 fastDTW between vertices (106, 158). Time: 0.0006890296936035156s
2026-06-21 21:47:27,515 fastDTW between vertices (106, 208). Time: 0.0006775856018066406s
2026-06-21 21:47:27,516 fastDTW between vertices (106, 190). Time: 0.0007016658782958984s
2026-06-21 21:47:27,517 fastDTW between vertices (200, 163). Time: 0.0006728172302246094s
2026-06-21 21:47:27,517 fastDTW between vertices (200, 58). Time: 0.0006730556488037109s
2026-06-21 21:47:27,518 fastDTW between vertices (200, 127). Time: 0.0004942417144775391s
2026-06-21 21:47:27,518 fastDTW between vertices (200, 151). Time: 0.0006451606750488281s
2026-06-21 21:47:27,519 fastDTW between vertices (200, 24). Time: 0.0006549358367919922s
2026-06-21 21:47:27,520 fastDTW between vertices (200, 167). Time: 0.0006151199340820312s
2026-06-21 21:47:27,521 fastDTW between vertices (200, 171). Time: 0.0006721019744873047s
2026-06-21 21:47:27,521 fastDTW between vertices (200, 88). Time: 0.0006747245788574219s
2026-06-21 21:47:27,522 fastDTW between vertices (200, 46). Time: 0.0005848407745361328s
2026-06-21 21:47:27,522 fastDTW between vertices (200, 119). Time: 0.0006277561187744141s
2026-06-21 21:47:27,523 fastDTW between vertices (200, 64). Time: 0.0006229877471923828s
2026-06-21 21:47:27,524 fastDTW between vertices (200, 32). Time: 0.0005948543548583984s
2026-06-21 21:47:27,524 fastDTW between vertices (200, 35). Time: 0.0006215572357177734s
2026-06-21 21:47:27,525 fastDTW between vertices (200, 203). Time: 0.0006511211395263672s
2026-06-21 21:47:27,526 fastDTW between vertices (200, 9). Time: 0.0006816387176513672s
2026-06-21 21:47:27,526 fastDTW between vertices (200, 187). Time: 0.0006546974182128906s
2026-06-21 21:47:27,527 fastDTW between vertices (190, 1). Time: 0.0006861686706542969s
2026-06-21 21:47:27,528 fastDTW between vertices (190, 153). Time: 0.0007128715515136719s
2026-06-21 21:47:27,529 fastDTW between vertices (190, 158). Time: 0.0007135868072509766s
2026-06-21 21:47:27,529 fastDTW between vertices (190, 208). Time: 0.0007197856903076172s
2026-06-21 21:47:27,530 fastDTW between vertices (190, 40). Time: 0.0007290840148925781s
2026-06-21 21:47:27,531 fastDTW between vertices (190, 65). Time: 0.0007255077362060547s
2026-06-21 21:47:27,532 fastDTW between vertices (190, 137). Time: 0.0007407665252685547s
2026-06-21 21:47:27,532 fastDTW between vertices (190, 70). Time: 0.0007321834564208984s
2026-06-21 21:47:27,533 fastDTW between vertices (190, 100). Time: 0.0007300376892089844s
2026-06-21 21:47:27,534 fastDTW between vertices (190, 184). Time: 0.0007290840148925781s
2026-06-21 21:47:27,535 fastDTW between vertices (190, 26). Time: 0.0007317066192626953s
2026-06-21 21:47:27,535 fastDTW between vertices (190, 121). Time: 0.0007326602935791016s
2026-06-21 21:47:27,536 fastDTW between vertices (190, 51). Time: 0.0007634162902832031s
2026-06-21 21:47:27,537 fastDTW between vertices (190, 136). Time: 0.0007317066192626953s
2026-06-21 21:47:27,538 fastDTW between vertices (190, 29). Time: 0.0007205009460449219s
2026-06-21 21:47:27,538 fastDTW between vertices (190, 61). Time: 0.0006890296936035156s
2026-06-21 21:47:27,539 fastDTW between vertices (57, 25). Time: 0.0006585121154785156s
2026-06-21 21:47:27,540 fastDTW between vertices (57, 161). Time: 0.0005095005035400391s
2026-06-21 21:47:27,540 fastDTW between vertices (57, 41). Time: 0.0005860328674316406s
2026-06-21 21:47:27,541 fastDTW between vertices (57, 253). Time: 0.0006103515625s
2026-06-21 21:47:27,542 fastDTW between vertices (57, 122). Time: 0.0005426406860351562s
2026-06-21 21:47:27,542 fastDTW between vertices (57, 162). Time: 0.0004787445068359375s
2026-06-21 21:47:27,543 fastDTW between vertices (57, 230). Time: 0.0006420612335205078s
2026-06-21 21:47:27,543 fastDTW between vertices (57, 59). Time: 0.0004756450653076172s
2026-06-21 21:47:27,543 fastDTW between vertices (57, 261). Time: 0.0002646446228027344s
2026-06-21 21:47:27,544 fastDTW between vertices (57, 168). Time: 0.00041937828063964844s
2026-06-21 21:47:27,544 fastDTW between vertices (57, 264). Time: 0.0003917217254638672s
2026-06-21 21:47:27,545 fastDTW between vertices (57, 207). Time: 0.0006663799285888672s
2026-06-21 21:47:27,546 fastDTW between vertices (57, 244). Time: 0.0005128383636474609s
2026-06-21 21:47:27,546 fastDTW between vertices (57, 115). Time: 0.0006594657897949219s
2026-06-21 21:47:27,547 fastDTW between vertices (57, 62). Time: 0.0005834102630615234s
2026-06-21 21:47:27,548 fastDTW between vertices (57, 155). Time: 0.0006589889526367188s
2026-06-21 21:47:27,548 fastDTW between vertices (28, 25). Time: 0.0006611347198486328s
2026-06-21 21:47:27,549 fastDTW between vertices (28, 161). Time: 0.0005078315734863281s
2026-06-21 21:47:27,549 fastDTW between vertices (28, 41). Time: 0.0005815029144287109s
2026-06-21 21:47:27,550 fastDTW between vertices (28, 253). Time: 0.0006077289581298828s
2026-06-21 21:47:27,551 fastDTW between vertices (28, 122). Time: 0.0005412101745605469s
2026-06-21 21:47:27,551 fastDTW between vertices (28, 162). Time: 0.00048732757568359375s
2026-06-21 21:47:27,552 fastDTW between vertices (28, 230). Time: 0.0006511211395263672s
2026-06-21 21:47:27,552 fastDTW between vertices (28, 59). Time: 0.00048422813415527344s
2026-06-21 21:47:27,553 fastDTW between vertices (28, 261). Time: 0.00026798248291015625s
2026-06-21 21:47:27,553 fastDTW between vertices (28, 168). Time: 0.00042319297790527344s
2026-06-21 21:47:27,553 fastDTW between vertices (28, 264). Time: 0.00038909912109375s
2026-06-21 21:47:27,554 fastDTW between vertices (28, 207). Time: 0.0006601810455322266s
2026-06-21 21:47:27,555 fastDTW between vertices (28, 244). Time: 0.0005071163177490234s
2026-06-21 21:47:27,555 fastDTW between vertices (28, 115). Time: 0.0006589889526367188s
2026-06-21 21:47:27,556 fastDTW between vertices (28, 62). Time: 0.0005776882171630859s
2026-06-21 21:47:27,557 fastDTW between vertices (28, 155). Time: 0.0006570816040039062s
2026-06-21 21:47:27,557 fastDTW between vertices (33, 163). Time: 0.0006549358367919922s
2026-06-21 21:47:27,558 fastDTW between vertices (33, 58). Time: 0.0006396770477294922s
2026-06-21 21:47:27,559 fastDTW between vertices (33, 127). Time: 0.0006849765777587891s
2026-06-21 21:47:27,560 fastDTW between vertices (33, 151). Time: 0.0007297992706298828s
2026-06-21 21:47:27,560 fastDTW between vertices (33, 24). Time: 0.0007765293121337891s
2026-06-21 21:47:27,561 fastDTW between vertices (33, 167). Time: 0.0007600784301757812s
2026-06-21 21:47:27,562 fastDTW between vertices (33, 171). Time: 0.0006415843963623047s
2026-06-21 21:47:27,562 fastDTW between vertices (33, 88). Time: 0.0006418228149414062s
2026-06-21 21:47:27,563 fastDTW between vertices (33, 46). Time: 0.0007314682006835938s
2026-06-21 21:47:27,564 fastDTW between vertices (33, 119). Time: 0.0007436275482177734s
2026-06-21 21:47:27,565 fastDTW between vertices (33, 64). Time: 0.0007615089416503906s
2026-06-21 21:47:27,566 fastDTW between vertices (33, 32). Time: 0.0007488727569580078s
2026-06-21 21:47:27,566 fastDTW between vertices (33, 35). Time: 0.0007529258728027344s
2026-06-21 21:47:27,567 fastDTW between vertices (33, 203). Time: 0.0006382465362548828s
2026-06-21 21:47:27,568 fastDTW between vertices (33, 9). Time: 0.00080108642578125s
2026-06-21 21:47:27,568 fastDTW between vertices (33, 187). Time: 0.0006432533264160156s
2026-06-21 21:47:27,569 fastDTW between vertices (100, 40). Time: 0.0007336139678955078s
2026-06-21 21:47:27,570 fastDTW between vertices (100, 65). Time: 0.0007266998291015625s
2026-06-21 21:47:27,571 fastDTW between vertices (100, 137). Time: 0.0007412433624267578s
2026-06-21 21:47:27,572 fastDTW between vertices (100, 70). Time: 0.0007278919219970703s
2026-06-21 21:47:27,572 fastDTW between vertices (100, 39). Time: 0.0007114410400390625s
2026-06-21 21:47:27,573 fastDTW between vertices (100, 30). Time: 0.0007376670837402344s
2026-06-21 21:47:27,574 fastDTW between vertices (100, 37). Time: 0.0007195472717285156s
2026-06-21 21:47:27,575 fastDTW between vertices (100, 12). Time: 0.0007350444793701172s
2026-06-21 21:47:27,575 fastDTW between vertices (100, 1). Time: 0.0006902217864990234s
2026-06-21 21:47:27,576 fastDTW between vertices (100, 153). Time: 0.0007171630859375s
2026-06-21 21:47:27,577 fastDTW between vertices (100, 158). Time: 0.0007107257843017578s
2026-06-21 21:47:27,577 fastDTW between vertices (100, 208). Time: 0.0007061958312988281s
2026-06-21 21:47:27,578 fastDTW between vertices (100, 190). Time: 0.0007250308990478516s
2026-06-21 21:47:27,579 fastDTW between vertices (100, 106). Time: 0.0006880760192871094s
2026-06-21 21:47:27,580 fastDTW between vertices (100, 184). Time: 0.000705718994140625s
2026-06-21 21:47:27,580 fastDTW between vertices (100, 26). Time: 0.0007221698760986328s
2026-06-21 21:47:27,581 fastDTW between vertices (145, 25). Time: 0.0006074905395507812s
2026-06-21 21:47:27,582 fastDTW between vertices (145, 161). Time: 0.0006916522979736328s
2026-06-21 21:47:27,583 fastDTW between vertices (145, 41). Time: 0.0007290840148925781s
2026-06-21 21:47:27,583 fastDTW between vertices (145, 253). Time: 0.00072479248046875s
2026-06-21 21:47:27,584 fastDTW between vertices (145, 122). Time: 0.0006947517395019531s
2026-06-21 21:47:27,585 fastDTW between vertices (145, 162). Time: 0.0006582736968994141s
2026-06-21 21:47:27,585 fastDTW between vertices (145, 230). Time: 0.0006072521209716797s
2026-06-21 21:47:27,586 fastDTW between vertices (145, 59). Time: 0.0006608963012695312s
2026-06-21 21:47:27,587 fastDTW between vertices (145, 261). Time: 0.0004954338073730469s
2026-06-21 21:47:27,587 fastDTW between vertices (145, 168). Time: 0.0006392002105712891s
2026-06-21 21:47:27,588 fastDTW between vertices (145, 264). Time: 0.0006048679351806641s
2026-06-21 21:47:27,588 fastDTW between vertices (145, 207). Time: 0.0006005764007568359s
2026-06-21 21:47:27,589 fastDTW between vertices (145, 244). Time: 0.0006721019744873047s
2026-06-21 21:47:27,590 fastDTW between vertices (145, 115). Time: 0.0005960464477539062s
2026-06-21 21:47:27,591 fastDTW between vertices (145, 62). Time: 0.0007169246673583984s
2026-06-21 21:47:27,591 fastDTW between vertices (145, 155). Time: 0.0006010532379150391s
2026-06-21 21:47:27,592 fastDTW between vertices (29, 184). Time: 0.0006844997406005859s
2026-06-21 21:47:27,593 fastDTW between vertices (29, 26). Time: 0.0006985664367675781s
2026-06-21 21:47:27,593 fastDTW between vertices (29, 121). Time: 0.0007107257843017578s
2026-06-21 21:47:27,594 fastDTW between vertices (29, 51). Time: 0.000732421875s
2026-06-21 21:47:27,595 fastDTW between vertices (29, 136). Time: 0.0006983280181884766s
2026-06-21 21:47:27,596 fastDTW between vertices (29, 61). Time: 0.0006718635559082031s
2026-06-21 21:47:27,596 fastDTW between vertices (29, 81). Time: 0.0007081031799316406s
2026-06-21 21:47:27,597 fastDTW between vertices (29, 94). Time: 0.0006985664367675781s
2026-06-21 21:47:27,598 fastDTW between vertices (29, 226). Time: 0.0006616115570068359s
2026-06-21 21:47:27,598 fastDTW between vertices (29, 176). Time: 0.0007059574127197266s
2026-06-21 21:47:27,599 fastDTW between vertices (29, 143). Time: 0.0007276535034179688s
2026-06-21 21:47:27,600 fastDTW between vertices (29, 177). Time: 0.0006887912750244141s
2026-06-21 21:47:27,601 fastDTW between vertices (29, 1). Time: 0.0006756782531738281s
2026-06-21 21:47:27,601 fastDTW between vertices (29, 153). Time: 0.0007052421569824219s
2026-06-21 21:47:27,602 fastDTW between vertices (29, 158). Time: 0.0006771087646484375s
2026-06-21 21:47:27,603 fastDTW between vertices (29, 208). Time: 0.0006818771362304688s
2026-06-21 21:47:27,603 fastDTW between vertices (193, 25). Time: 0.0006504058837890625s
2026-06-21 21:47:27,604 fastDTW between vertices (193, 161). Time: 0.000499725341796875s
2026-06-21 21:47:27,605 fastDTW between vertices (193, 41). Time: 0.0005857944488525391s
2026-06-21 21:47:27,605 fastDTW between vertices (193, 253). Time: 0.0006051063537597656s
2026-06-21 21:47:27,606 fastDTW between vertices (193, 122). Time: 0.0005271434783935547s
2026-06-21 21:47:27,606 fastDTW between vertices (193, 162). Time: 0.0004913806915283203s
2026-06-21 21:47:27,607 fastDTW between vertices (193, 230). Time: 0.0006463527679443359s
2026-06-21 21:47:27,607 fastDTW between vertices (193, 59). Time: 0.00048351287841796875s
2026-06-21 21:47:27,608 fastDTW between vertices (193, 261). Time: 0.0002684593200683594s
2026-06-21 21:47:27,608 fastDTW between vertices (193, 168). Time: 0.0004267692565917969s
2026-06-21 21:47:27,609 fastDTW between vertices (193, 264). Time: 0.0003886222839355469s
2026-06-21 21:47:27,609 fastDTW between vertices (193, 207). Time: 0.0006585121154785156s
2026-06-21 21:47:27,610 fastDTW between vertices (193, 244). Time: 0.0005035400390625s
2026-06-21 21:47:27,610 fastDTW between vertices (193, 115). Time: 0.0006563663482666016s
2026-06-21 21:47:27,611 fastDTW between vertices (193, 62). Time: 0.0005848407745361328s
2026-06-21 21:47:27,612 fastDTW between vertices (193, 155). Time: 0.0006568431854248047s
2026-06-21 21:47:27,612 fastDTW between vertices (120, 25). Time: 0.0005884170532226562s
2026-06-21 21:47:27,613 fastDTW between vertices (120, 161). Time: 0.0006897449493408203s
2026-06-21 21:47:27,614 fastDTW between vertices (120, 41). Time: 0.0007102489471435547s
2026-06-21 21:47:27,615 fastDTW between vertices (120, 253). Time: 0.0007245540618896484s
2026-06-21 21:47:27,615 fastDTW between vertices (120, 122). Time: 0.0006964206695556641s
2026-06-21 21:47:27,616 fastDTW between vertices (120, 162). Time: 0.0006673336029052734s
2026-06-21 21:47:27,617 fastDTW between vertices (120, 230). Time: 0.0005681514739990234s
2026-06-21 21:47:27,617 fastDTW between vertices (120, 59). Time: 0.0006623268127441406s
2026-06-21 21:47:27,618 fastDTW between vertices (120, 261). Time: 0.0004913806915283203s
2026-06-21 21:47:27,619 fastDTW between vertices (120, 168). Time: 0.0006511211395263672s
2026-06-21 21:47:27,619 fastDTW between vertices (120, 264). Time: 0.0006110668182373047s
2026-06-21 21:47:27,620 fastDTW between vertices (120, 207). Time: 0.0005612373352050781s
2026-06-21 21:47:27,620 fastDTW between vertices (120, 244). Time: 0.0006756782531738281s
2026-06-21 21:47:27,621 fastDTW between vertices (120, 115). Time: 0.0005602836608886719s
2026-06-21 21:47:27,622 fastDTW between vertices (120, 62). Time: 0.0006999969482421875s
2026-06-21 21:47:27,622 fastDTW between vertices (120, 155). Time: 0.0005671977996826172s
2026-06-21 21:47:27,623 fastDTW between vertices (13, 25). Time: 0.0006420612335205078s
2026-06-21 21:47:27,624 fastDTW between vertices (13, 161). Time: 0.0004951953887939453s
2026-06-21 21:47:27,624 fastDTW between vertices (13, 41). Time: 0.0005750656127929688s
2026-06-21 21:47:27,625 fastDTW between vertices (13, 253). Time: 0.0006101131439208984s
2026-06-21 21:47:27,626 fastDTW between vertices (13, 122). Time: 0.0009500980377197266s
2026-06-21 21:47:27,626 fastDTW between vertices (13, 162). Time: 0.00047898292541503906s
2026-06-21 21:47:27,627 fastDTW between vertices (13, 230). Time: 0.0006453990936279297s
2026-06-21 21:47:27,628 fastDTW between vertices (13, 59). Time: 0.0004904270172119141s
2026-06-21 21:47:27,628 fastDTW between vertices (13, 261). Time: 0.00026535987854003906s
2026-06-21 21:47:27,628 fastDTW between vertices (13, 168). Time: 0.0004267692565917969s
2026-06-21 21:47:27,629 fastDTW between vertices (13, 264). Time: 0.00038623809814453125s
2026-06-21 21:47:27,629 fastDTW between vertices (13, 207). Time: 0.0006556510925292969s
2026-06-21 21:47:27,630 fastDTW between vertices (13, 244). Time: 0.0005068778991699219s
2026-06-21 21:47:27,631 fastDTW between vertices (13, 115). Time: 0.0006558895111083984s
2026-06-21 21:47:27,631 fastDTW between vertices (13, 62). Time: 0.0005817413330078125s
2026-06-21 21:47:27,632 fastDTW between vertices (13, 155). Time: 0.0006518363952636719s
2026-06-21 21:47:27,633 fastDTW between vertices (92, 25). Time: 0.0006563663482666016s
2026-06-21 21:47:27,633 fastDTW between vertices (92, 161). Time: 0.0005030632019042969s
2026-06-21 21:47:27,634 fastDTW between vertices (92, 41). Time: 0.0005786418914794922s
2026-06-21 21:47:27,634 fastDTW between vertices (92, 253). Time: 0.0006124973297119141s
2026-06-21 21:47:27,635 fastDTW between vertices (92, 122). Time: 0.0005338191986083984s
2026-06-21 21:47:27,635 fastDTW between vertices (92, 162). Time: 0.0004858970642089844s
2026-06-21 21:47:27,636 fastDTW between vertices (92, 230). Time: 0.0006597042083740234s
2026-06-21 21:47:27,637 fastDTW between vertices (92, 59). Time: 0.0004830360412597656s
2026-06-21 21:47:27,637 fastDTW between vertices (92, 261). Time: 0.0002684593200683594s
2026-06-21 21:47:27,637 fastDTW between vertices (92, 168). Time: 0.00042891502380371094s
2026-06-21 21:47:27,638 fastDTW between vertices (92, 264). Time: 0.00039958953857421875s
2026-06-21 21:47:27,638 fastDTW between vertices (92, 207). Time: 0.0006704330444335938s
2026-06-21 21:47:27,639 fastDTW between vertices (92, 244). Time: 0.0005080699920654297s
2026-06-21 21:47:27,640 fastDTW between vertices (92, 115). Time: 0.0006668567657470703s
2026-06-21 21:47:27,640 fastDTW between vertices (92, 62). Time: 0.0005879402160644531s
2026-06-21 21:47:27,641 fastDTW between vertices (92, 155). Time: 0.0006620883941650391s
2026-06-21 21:47:27,642 fastDTW between vertices (14, 163). Time: 0.0005807876586914062s
2026-06-21 21:47:27,642 fastDTW between vertices (14, 58). Time: 0.0005786418914794922s
2026-06-21 21:47:27,643 fastDTW between vertices (14, 127). Time: 0.0006511211395263672s
2026-06-21 21:47:27,644 fastDTW between vertices (14, 151). Time: 0.0006618499755859375s
2026-06-21 21:47:27,644 fastDTW between vertices (14, 24). Time: 0.000713348388671875s
2026-06-21 21:47:27,645 fastDTW between vertices (14, 167). Time: 0.0006859302520751953s
2026-06-21 21:47:27,646 fastDTW between vertices (14, 171). Time: 0.0005755424499511719s
2026-06-21 21:47:27,646 fastDTW between vertices (14, 88). Time: 0.0005724430084228516s
2026-06-21 21:47:27,647 fastDTW between vertices (14, 46). Time: 0.0006899833679199219s
2026-06-21 21:47:27,648 fastDTW between vertices (14, 119). Time: 0.0007045269012451172s
2026-06-21 21:47:27,648 fastDTW between vertices (14, 64). Time: 0.0007102489471435547s
2026-06-21 21:47:27,649 fastDTW between vertices (14, 32). Time: 0.0006854534149169922s
2026-06-21 21:47:27,650 fastDTW between vertices (14, 35). Time: 0.0006978511810302734s
2026-06-21 21:47:27,650 fastDTW between vertices (14, 203). Time: 0.0005779266357421875s
2026-06-21 21:47:27,651 fastDTW between vertices (14, 9). Time: 0.0007264614105224609s
2026-06-21 21:47:27,652 fastDTW between vertices (14, 187). Time: 0.0005662441253662109s
2026-06-21 21:47:27,652 fastDTW between vertices (77, 154). Time: 0.00030875205993652344s
2026-06-21 21:47:27,653 fastDTW between vertices (77, 54). Time: 0.0005288124084472656s
2026-06-21 21:47:27,653 fastDTW between vertices (77, 23). Time: 0.00029921531677246094s
2026-06-21 21:47:27,654 fastDTW between vertices (77, 10). Time: 0.0005266666412353516s
2026-06-21 21:47:27,654 fastDTW between vertices (77, 5). Time: 0.0005304813385009766s
2026-06-21 21:47:27,654 fastDTW between vertices (77, 198). Time: 0.0002961158752441406s
2026-06-21 21:47:27,655 fastDTW between vertices (77, 103). Time: 0.0003046989440917969s
2026-06-21 21:47:27,655 fastDTW between vertices (77, 2). Time: 0.0002646446228027344s
2026-06-21 21:47:27,655 fastDTW between vertices (77, 165). Time: 0.00026035308837890625s
2026-06-21 21:47:27,656 fastDTW between vertices (77, 180). Time: 0.0005199909210205078s
2026-06-21 21:47:27,656 fastDTW between vertices (77, 188). Time: 0.0003063678741455078s
2026-06-21 21:47:27,657 fastDTW between vertices (77, 43). Time: 0.0005168914794921875s
2026-06-21 21:47:27,657 fastDTW between vertices (77, 160). Time: 0.0002968311309814453s
2026-06-21 21:47:27,657 fastDTW between vertices (77, 114). Time: 0.0002884864807128906s
2026-06-21 21:47:27,658 fastDTW between vertices (77, 31). Time: 0.0002231597900390625s
2026-06-21 21:47:27,658 fastDTW between vertices (77, 221). Time: 0.00029850006103515625s
2026-06-21 21:47:27,659 fastDTW between vertices (61, 184). Time: 0.0006783008575439453s
2026-06-21 21:47:27,659 fastDTW between vertices (61, 26). Time: 0.0007531642913818359s
2026-06-21 21:47:27,660 fastDTW between vertices (61, 121). Time: 0.0006868839263916016s
2026-06-21 21:47:27,661 fastDTW between vertices (61, 51). Time: 0.0008420944213867188s
2026-06-21 21:47:27,662 fastDTW between vertices (61, 136). Time: 0.0006873607635498047s
2026-06-21 21:47:27,662 fastDTW between vertices (61, 29). Time: 0.0006735324859619141s
2026-06-21 21:47:27,663 fastDTW between vertices (61, 81). Time: 0.0006802082061767578s
2026-06-21 21:47:27,664 fastDTW between vertices (61, 94). Time: 0.0006747245788574219s
2026-06-21 21:47:27,665 fastDTW between vertices (61, 226). Time: 0.0006315708160400391s
2026-06-21 21:47:27,665 fastDTW between vertices (61, 176). Time: 0.0006825923919677734s
2026-06-21 21:47:27,666 fastDTW between vertices (61, 143). Time: 0.0008246898651123047s
2026-06-21 21:47:27,667 fastDTW between vertices (61, 177). Time: 0.0006549358367919922s
2026-06-21 21:47:27,667 fastDTW between vertices (61, 1). Time: 0.0006518363952636719s
2026-06-21 21:47:27,668 fastDTW between vertices (61, 153). Time: 0.0007441043853759766s
2026-06-21 21:47:27,669 fastDTW between vertices (61, 158). Time: 0.0006587505340576172s
2026-06-21 21:47:27,670 fastDTW between vertices (61, 208). Time: 0.0006680488586425781s
2026-06-21 21:47:27,670 fastDTW between vertices (256, 25). Time: 0.0005640983581542969s
2026-06-21 21:47:27,671 fastDTW between vertices (256, 161). Time: 0.0006616115570068359s
2026-06-21 21:47:27,672 fastDTW between vertices (256, 41). Time: 0.000701904296875s
2026-06-21 21:47:27,672 fastDTW between vertices (256, 253). Time: 0.0007014274597167969s
2026-06-21 21:47:27,673 fastDTW between vertices (256, 122). Time: 0.0006799697875976562s
2026-06-21 21:47:27,674 fastDTW between vertices (256, 162). Time: 0.0006458759307861328s
2026-06-21 21:47:27,674 fastDTW between vertices (256, 230). Time: 0.0005598068237304688s
2026-06-21 21:47:27,675 fastDTW between vertices (256, 59). Time: 0.0006425380706787109s
2026-06-21 21:47:27,676 fastDTW between vertices (256, 261). Time: 0.0004913806915283203s
2026-06-21 21:47:27,676 fastDTW between vertices (256, 168). Time: 0.0006239414215087891s
2026-06-21 21:47:27,677 fastDTW between vertices (256, 264). Time: 0.0005931854248046875s
2026-06-21 21:47:27,677 fastDTW between vertices (256, 207). Time: 0.0005488395690917969s
2026-06-21 21:47:27,678 fastDTW between vertices (256, 244). Time: 0.0006542205810546875s
2026-06-21 21:47:27,679 fastDTW between vertices (256, 115). Time: 0.0005474090576171875s
2026-06-21 21:47:27,679 fastDTW between vertices (256, 62). Time: 0.0006864070892333984s
2026-06-21 21:47:27,680 fastDTW between vertices (256, 155). Time: 0.0005481243133544922s
2026-06-21 21:47:27,681 fastDTW between vertices (192, 25). Time: 0.0006587505340576172s
2026-06-21 21:47:27,681 fastDTW between vertices (192, 161). Time: 0.0005071163177490234s
2026-06-21 21:47:27,682 fastDTW between vertices (192, 41). Time: 0.00057220458984375s
2026-06-21 21:47:27,682 fastDTW between vertices (192, 253). Time: 0.0006086826324462891s
2026-06-21 21:47:27,683 fastDTW between vertices (192, 122). Time: 0.0005283355712890625s
2026-06-21 21:47:27,683 fastDTW between vertices (192, 162). Time: 0.0004839897155761719s
2026-06-21 21:47:27,684 fastDTW between vertices (192, 230). Time: 0.0006475448608398438s
2026-06-21 21:47:27,685 fastDTW between vertices (192, 59). Time: 0.00047659873962402344s
2026-06-21 21:47:27,685 fastDTW between vertices (192, 261). Time: 0.0002713203430175781s
2026-06-21 21:47:27,685 fastDTW between vertices (192, 168). Time: 0.0004253387451171875s
2026-06-21 21:47:27,686 fastDTW between vertices (192, 264). Time: 0.0003840923309326172s
2026-06-21 21:47:27,686 fastDTW between vertices (192, 207). Time: 0.0006499290466308594s
2026-06-21 21:47:27,687 fastDTW between vertices (192, 244). Time: 0.0004961490631103516s
2026-06-21 21:47:27,688 fastDTW between vertices (192, 115). Time: 0.0006499290466308594s
2026-06-21 21:47:27,688 fastDTW between vertices (192, 62). Time: 0.0005815029144287109s
2026-06-21 21:47:27,689 fastDTW between vertices (192, 155). Time: 0.0006418228149414062s
2026-06-21 21:47:27,690 fastDTW between vertices (80, 25). Time: 0.0005707740783691406s
2026-06-21 21:47:27,690 fastDTW between vertices (80, 161). Time: 0.0006780624389648438s
2026-06-21 21:47:27,691 fastDTW between vertices (80, 41). Time: 0.0007011890411376953s
2026-06-21 21:47:27,692 fastDTW between vertices (80, 253). Time: 0.0007135868072509766s
2026-06-21 21:47:27,692 fastDTW between vertices (80, 122). Time: 0.0006909370422363281s
2026-06-21 21:47:27,693 fastDTW between vertices (80, 162). Time: 0.0006644725799560547s
2026-06-21 21:47:27,694 fastDTW between vertices (80, 230). Time: 0.0005612373352050781s
2026-06-21 21:47:27,694 fastDTW between vertices (80, 59). Time: 0.000667572021484375s
2026-06-21 21:47:27,695 fastDTW between vertices (80, 261). Time: 0.0004925727844238281s
2026-06-21 21:47:27,696 fastDTW between vertices (80, 168). Time: 0.0006422996520996094s
2026-06-21 21:47:27,696 fastDTW between vertices (80, 264). Time: 0.0006313323974609375s
2026-06-21 21:47:27,697 fastDTW between vertices (80, 207). Time: 0.0005695819854736328s
2026-06-21 21:47:27,698 fastDTW between vertices (80, 244). Time: 0.0006854534149169922s
2026-06-21 21:47:27,698 fastDTW between vertices (80, 115). Time: 0.0005714893341064453s
2026-06-21 21:47:27,699 fastDTW between vertices (80, 62). Time: 0.0007052421569824219s
2026-06-21 21:47:27,700 fastDTW between vertices (80, 155). Time: 0.0005660057067871094s
2026-06-21 21:47:27,700 fastDTW between vertices (81, 184). Time: 0.0007097721099853516s
2026-06-21 21:47:27,701 fastDTW between vertices (81, 26). Time: 0.0007193088531494141s
2026-06-21 21:47:27,702 fastDTW between vertices (81, 121). Time: 0.0007355213165283203s
2026-06-21 21:47:27,703 fastDTW between vertices (81, 51). Time: 0.0007619857788085938s
2026-06-21 21:47:27,703 fastDTW between vertices (81, 136). Time: 0.0007250308990478516s
2026-06-21 21:47:27,704 fastDTW between vertices (81, 29). Time: 0.0007090568542480469s
2026-06-21 21:47:27,705 fastDTW between vertices (81, 61). Time: 0.0006797313690185547s
2026-06-21 21:47:27,706 fastDTW between vertices (81, 94). Time: 0.0007276535034179688s
2026-06-21 21:47:27,706 fastDTW between vertices (81, 226). Time: 0.0006685256958007812s
2026-06-21 21:47:27,707 fastDTW between vertices (81, 176). Time: 0.0007097721099853516s
2026-06-21 21:47:27,708 fastDTW between vertices (81, 143). Time: 0.0007402896881103516s
2026-06-21 21:47:27,708 fastDTW between vertices (81, 177). Time: 0.0007045269012451172s
2026-06-21 21:47:27,709 fastDTW between vertices (81, 1). Time: 0.0006906986236572266s
2026-06-21 21:47:27,710 fastDTW between vertices (81, 153). Time: 0.0007064342498779297s
2026-06-21 21:47:27,711 fastDTW between vertices (81, 158). Time: 0.0007030963897705078s
2026-06-21 21:47:27,711 fastDTW between vertices (81, 208). Time: 0.0006995201110839844s
2026-06-21 21:47:27,712 fastDTW between vertices (56, 25). Time: 0.0006456375122070312s
2026-06-21 21:47:27,713 fastDTW between vertices (56, 161). Time: 0.0004975795745849609s
2026-06-21 21:47:27,713 fastDTW between vertices (56, 41). Time: 0.0005779266357421875s
2026-06-21 21:47:27,714 fastDTW between vertices (56, 253). Time: 0.0006115436553955078s
2026-06-21 21:47:27,714 fastDTW between vertices (56, 122). Time: 0.0005414485931396484s
2026-06-21 21:47:27,715 fastDTW between vertices (56, 162). Time: 0.0004830360412597656s
2026-06-21 21:47:27,716 fastDTW between vertices (56, 230). Time: 0.0006532669067382812s
2026-06-21 21:47:27,716 fastDTW between vertices (56, 59). Time: 0.00048089027404785156s
2026-06-21 21:47:27,716 fastDTW between vertices (56, 261). Time: 0.0002727508544921875s
2026-06-21 21:47:27,717 fastDTW between vertices (56, 168). Time: 0.0004220008850097656s
2026-06-21 21:47:27,717 fastDTW between vertices (56, 264). Time: 0.00038909912109375s
2026-06-21 21:47:27,718 fastDTW between vertices (56, 207). Time: 0.0006518363952636719s
2026-06-21 21:47:27,719 fastDTW between vertices (56, 244). Time: 0.0005178451538085938s
2026-06-21 21:47:27,719 fastDTW between vertices (56, 115). Time: 0.0006513595581054688s
2026-06-21 21:47:27,720 fastDTW between vertices (56, 62). Time: 0.0005733966827392578s
2026-06-21 21:47:27,720 fastDTW between vertices (56, 155). Time: 0.0006511211395263672s
2026-06-21 21:47:27,721 fastDTW between vertices (108, 25). Time: 0.0005815029144287109s
2026-06-21 21:47:27,722 fastDTW between vertices (108, 161). Time: 0.0007369518280029297s
2026-06-21 21:47:27,723 fastDTW between vertices (108, 41). Time: 0.0007455348968505859s
2026-06-21 21:47:27,723 fastDTW between vertices (108, 253). Time: 0.0007276535034179688s
2026-06-21 21:47:27,724 fastDTW between vertices (108, 122). Time: 0.0007703304290771484s
2026-06-21 21:47:27,725 fastDTW between vertices (108, 162). Time: 0.0006613731384277344s
2026-06-21 21:47:27,725 fastDTW between vertices (108, 230). Time: 0.0005903244018554688s
2026-06-21 21:47:27,726 fastDTW between vertices (108, 59). Time: 0.0006744861602783203s
2026-06-21 21:47:27,727 fastDTW between vertices (108, 261). Time: 0.0005829334259033203s
2026-06-21 21:47:27,728 fastDTW between vertices (108, 168). Time: 0.0007021427154541016s
2026-06-21 21:47:27,728 fastDTW between vertices (108, 264). Time: 0.0006930828094482422s
2026-06-21 21:47:27,729 fastDTW between vertices (108, 207). Time: 0.0005788803100585938s
2026-06-21 21:47:27,730 fastDTW between vertices (108, 244). Time: 0.0006895065307617188s
2026-06-21 21:47:27,730 fastDTW between vertices (108, 115). Time: 0.0005896091461181641s
2026-06-21 21:47:27,731 fastDTW between vertices (108, 62). Time: 0.0007526874542236328s
2026-06-21 21:47:27,732 fastDTW between vertices (108, 155). Time: 0.0005893707275390625s
2026-06-21 21:47:27,732 fastDTW between vertices (18, 25). Time: 0.0005645751953125s
2026-06-21 21:47:27,733 fastDTW between vertices (18, 161). Time: 0.0006618499755859375s
2026-06-21 21:47:27,734 fastDTW between vertices (18, 41). Time: 0.0006990432739257812s
2026-06-21 21:47:27,734 fastDTW between vertices (18, 253). Time: 0.0007045269012451172s
2026-06-21 21:47:27,735 fastDTW between vertices (18, 122). Time: 0.0006856918334960938s
2026-06-21 21:47:27,736 fastDTW between vertices (18, 162). Time: 0.0006504058837890625s
2026-06-21 21:47:27,736 fastDTW between vertices (18, 230). Time: 0.0005588531494140625s
2026-06-21 21:47:27,737 fastDTW between vertices (18, 59). Time: 0.0006546974182128906s
2026-06-21 21:47:27,738 fastDTW between vertices (18, 261). Time: 0.0004968643188476562s
2026-06-21 21:47:27,738 fastDTW between vertices (18, 168). Time: 0.0006272792816162109s
2026-06-21 21:47:27,739 fastDTW between vertices (18, 264). Time: 0.000598907470703125s
2026-06-21 21:47:27,739 fastDTW between vertices (18, 207). Time: 0.0005576610565185547s
2026-06-21 21:47:27,740 fastDTW between vertices (18, 244). Time: 0.0006623268127441406s
2026-06-21 21:47:27,741 fastDTW between vertices (18, 115). Time: 0.0005528926849365234s
2026-06-21 21:47:27,741 fastDTW between vertices (18, 62). Time: 0.0006921291351318359s
2026-06-21 21:47:27,742 fastDTW between vertices (18, 155). Time: 0.0005512237548828125s
2026-06-21 21:47:27,743 fastDTW between vertices (236, 163). Time: 0.0006635189056396484s
2026-06-21 21:47:27,743 fastDTW between vertices (236, 58). Time: 0.0006632804870605469s
2026-06-21 21:47:27,744 fastDTW between vertices (236, 127). Time: 0.0004961490631103516s
2026-06-21 21:47:27,745 fastDTW between vertices (236, 151). Time: 0.0006232261657714844s
2026-06-21 21:47:27,745 fastDTW between vertices (236, 24). Time: 0.0006387233734130859s
2026-06-21 21:47:27,746 fastDTW between vertices (236, 167). Time: 0.0006039142608642578s
2026-06-21 21:47:27,747 fastDTW between vertices (236, 171). Time: 0.0006690025329589844s
2026-06-21 21:47:27,747 fastDTW between vertices (236, 88). Time: 0.0006811618804931641s
2026-06-21 21:47:27,748 fastDTW between vertices (236, 46). Time: 0.0005738735198974609s
2026-06-21 21:47:27,749 fastDTW between vertices (236, 119). Time: 0.0006191730499267578s
2026-06-21 21:47:27,749 fastDTW between vertices (236, 64). Time: 0.0006186962127685547s
2026-06-21 21:47:27,750 fastDTW between vertices (236, 32). Time: 0.0005898475646972656s
2026-06-21 21:47:27,750 fastDTW between vertices (236, 35). Time: 0.00061798095703125s
2026-06-21 21:47:27,751 fastDTW between vertices (236, 203). Time: 0.0006630420684814453s
2026-06-21 21:47:27,752 fastDTW between vertices (236, 9). Time: 0.0007016658782958984s
2026-06-21 21:47:27,753 fastDTW between vertices (236, 187). Time: 0.0006682872772216797s
2026-06-21 21:47:27,753 fastDTW between vertices (218, 25). Time: 0.0006601810455322266s
2026-06-21 21:47:27,754 fastDTW between vertices (218, 161). Time: 0.0005068778991699219s
2026-06-21 21:47:27,754 fastDTW between vertices (218, 41). Time: 0.0005860328674316406s
2026-06-21 21:47:27,755 fastDTW between vertices (218, 253). Time: 0.0006093978881835938s
2026-06-21 21:47:27,756 fastDTW between vertices (218, 122). Time: 0.0005490779876708984s
2026-06-21 21:47:27,756 fastDTW between vertices (218, 162). Time: 0.0004868507385253906s
2026-06-21 21:47:27,757 fastDTW between vertices (218, 230). Time: 0.0006546974182128906s
2026-06-21 21:47:27,757 fastDTW between vertices (218, 59). Time: 0.0004820823669433594s
2026-06-21 21:47:27,758 fastDTW between vertices (218, 261). Time: 0.00026345252990722656s
2026-06-21 21:47:27,758 fastDTW between vertices (218, 168). Time: 0.00041747093200683594s
2026-06-21 21:47:27,758 fastDTW between vertices (218, 264). Time: 0.0003943443298339844s
2026-06-21 21:47:27,759 fastDTW between vertices (218, 207). Time: 0.0006589889526367188s
2026-06-21 21:47:27,760 fastDTW between vertices (218, 244). Time: 0.0004994869232177734s
2026-06-21 21:47:27,760 fastDTW between vertices (218, 115). Time: 0.0006520748138427734s
2026-06-21 21:47:27,761 fastDTW between vertices (218, 62). Time: 0.0005853176116943359s
2026-06-21 21:47:27,762 fastDTW between vertices (218, 155). Time: 0.0006494522094726562s
2026-06-21 21:47:27,762 fastDTW between vertices (47, 163). Time: 0.0005156993865966797s
2026-06-21 21:47:27,763 fastDTW between vertices (47, 58). Time: 0.000507354736328125s
2026-06-21 21:47:27,763 fastDTW between vertices (47, 127). Time: 0.0006756782531738281s
2026-06-21 21:47:27,764 fastDTW between vertices (47, 151). Time: 0.0006434917449951172s
2026-06-21 21:47:27,765 fastDTW between vertices (47, 24). Time: 0.000690460205078125s
2026-06-21 21:47:27,766 fastDTW between vertices (47, 167). Time: 0.0006835460662841797s
2026-06-21 21:47:27,766 fastDTW between vertices (47, 171). Time: 0.0005090236663818359s
2026-06-21 21:47:27,767 fastDTW between vertices (47, 88). Time: 0.0005145072937011719s
2026-06-21 21:47:27,767 fastDTW between vertices (47, 46). Time: 0.0006861686706542969s
2026-06-21 21:47:27,768 fastDTW between vertices (47, 119). Time: 0.0006783008575439453s
2026-06-21 21:47:27,769 fastDTW between vertices (47, 64). Time: 0.0006809234619140625s
2026-06-21 21:47:27,769 fastDTW between vertices (47, 32). Time: 0.0006847381591796875s
2026-06-21 21:47:27,770 fastDTW between vertices (47, 35). Time: 0.0007011890411376953s
2026-06-21 21:47:27,771 fastDTW between vertices (47, 203). Time: 0.0005052089691162109s
2026-06-21 21:47:27,771 fastDTW between vertices (47, 9). Time: 0.0007004737854003906s
2026-06-21 21:47:27,772 fastDTW between vertices (47, 187). Time: 0.0005078315734863281s
2026-06-21 21:47:27,772 fastDTW between vertices (250, 25). Time: 0.0002970695495605469s
2026-06-21 21:47:27,773 fastDTW between vertices (250, 161). Time: 0.0005168914794921875s
2026-06-21 21:47:27,773 fastDTW between vertices (250, 41). Time: 0.0006079673767089844s
2026-06-21 21:47:27,774 fastDTW between vertices (250, 253). Time: 0.0005257129669189453s
2026-06-21 21:47:27,775 fastDTW between vertices (250, 122). Time: 0.0007092952728271484s
2026-06-21 21:47:27,775 fastDTW between vertices (250, 162). Time: 0.0005159378051757812s
2026-06-21 21:47:27,776 fastDTW between vertices (250, 230). Time: 0.00029158592224121094s
2026-06-21 21:47:27,776 fastDTW between vertices (250, 59). Time: 0.0005197525024414062s
2026-06-21 21:47:27,777 fastDTW between vertices (250, 261). Time: 0.0006802082061767578s
2026-06-21 21:47:27,778 fastDTW between vertices (250, 168). Time: 0.0006959438323974609s
2026-06-21 21:47:27,778 fastDTW between vertices (250, 264). Time: 0.0006945133209228516s
2026-06-21 21:47:27,779 fastDTW between vertices (250, 207). Time: 0.00029015541076660156s
2026-06-21 21:47:27,779 fastDTW between vertices (250, 244). Time: 0.000530242919921875s
2026-06-21 21:47:27,780 fastDTW between vertices (250, 115). Time: 0.0002899169921875s
2026-06-21 21:47:27,780 fastDTW between vertices (250, 62). Time: 0.0006139278411865234s
2026-06-21 21:47:27,780 fastDTW between vertices (250, 155). Time: 0.0002925395965576172s
2026-06-21 21:47:27,781 fastDTW between vertices (132, 163). Time: 0.0006794929504394531s
2026-06-21 21:47:27,782 fastDTW between vertices (132, 58). Time: 0.0006611347198486328s
2026-06-21 21:47:27,782 fastDTW between vertices (132, 127). Time: 0.00046896934509277344s
2026-06-21 21:47:27,783 fastDTW between vertices (132, 151). Time: 0.00061798095703125s
2026-06-21 21:47:27,784 fastDTW between vertices (132, 24). Time: 0.0006382465362548828s
2026-06-21 21:47:27,784 fastDTW between vertices (132, 167). Time: 0.0006005764007568359s
2026-06-21 21:47:27,785 fastDTW between vertices (132, 171). Time: 0.0006647109985351562s
2026-06-21 21:47:27,786 fastDTW between vertices (132, 88). Time: 0.00067138671875s
2026-06-21 21:47:27,786 fastDTW between vertices (132, 46). Time: 0.0005819797515869141s
2026-06-21 21:47:27,787 fastDTW between vertices (132, 119). Time: 0.0006153583526611328s
2026-06-21 21:47:27,788 fastDTW between vertices (132, 64). Time: 0.0006186962127685547s
2026-06-21 21:47:27,788 fastDTW between vertices (132, 32). Time: 0.0005965232849121094s
2026-06-21 21:47:27,789 fastDTW between vertices (132, 35). Time: 0.0006194114685058594s
2026-06-21 21:47:27,790 fastDTW between vertices (132, 203). Time: 0.0006885528564453125s
2026-06-21 21:47:27,790 fastDTW between vertices (132, 9). Time: 0.0007171630859375s
2026-06-21 21:47:27,791 fastDTW between vertices (132, 187). Time: 0.0006701946258544922s
2026-06-21 21:47:27,792 fastDTW between vertices (93, 25). Time: 0.0005900859832763672s
2026-06-21 21:47:27,792 fastDTW between vertices (93, 161). Time: 0.0006985664367675781s
2026-06-21 21:47:27,793 fastDTW between vertices (93, 41). Time: 0.0007297992706298828s
2026-06-21 21:47:27,794 fastDTW between vertices (93, 253). Time: 0.0007319450378417969s
2026-06-21 21:47:27,795 fastDTW between vertices (93, 122). Time: 0.0007214546203613281s
2026-06-21 21:47:27,795 fastDTW between vertices (93, 162). Time: 0.0006947517395019531s
2026-06-21 21:47:27,796 fastDTW between vertices (93, 230). Time: 0.0005946159362792969s
2026-06-21 21:47:27,797 fastDTW between vertices (93, 59). Time: 0.0007002353668212891s
2026-06-21 21:47:27,797 fastDTW between vertices (93, 261). Time: 0.0005259513854980469s
2026-06-21 21:47:27,798 fastDTW between vertices (93, 168). Time: 0.0006694793701171875s
2026-06-21 21:47:27,799 fastDTW between vertices (93, 264). Time: 0.0006470680236816406s
2026-06-21 21:47:27,799 fastDTW between vertices (93, 207). Time: 0.0006010532379150391s
2026-06-21 21:47:27,800 fastDTW between vertices (93, 244). Time: 0.0007030963897705078s
2026-06-21 21:47:27,801 fastDTW between vertices (93, 115). Time: 0.0005962848663330078s
2026-06-21 21:47:27,801 fastDTW between vertices (93, 62). Time: 0.0007460117340087891s
2026-06-21 21:47:27,802 fastDTW between vertices (93, 155). Time: 0.0005879402160644531s
2026-06-21 21:47:27,803 fastDTW between vertices (94, 184). Time: 0.0007419586181640625s
2026-06-21 21:47:27,804 fastDTW between vertices (94, 26). Time: 0.0007486343383789062s
2026-06-21 21:47:27,804 fastDTW between vertices (94, 121). Time: 0.0007510185241699219s
2026-06-21 21:47:27,805 fastDTW between vertices (94, 51). Time: 0.0007860660552978516s
2026-06-21 21:47:27,806 fastDTW between vertices (94, 136). Time: 0.0007472038269042969s
2026-06-21 21:47:27,807 fastDTW between vertices (94, 29). Time: 0.0007431507110595703s
2026-06-21 21:47:27,807 fastDTW between vertices (94, 61). Time: 0.0007061958312988281s
2026-06-21 21:47:27,808 fastDTW between vertices (94, 81). Time: 0.0007486343383789062s
2026-06-21 21:47:27,809 fastDTW between vertices (94, 226). Time: 0.0007009506225585938s
2026-06-21 21:47:27,810 fastDTW between vertices (94, 176). Time: 0.0007545948028564453s
2026-06-21 21:47:27,811 fastDTW between vertices (94, 143). Time: 0.0007648468017578125s
2026-06-21 21:47:27,811 fastDTW between vertices (94, 177). Time: 0.0007305145263671875s
2026-06-21 21:47:27,812 fastDTW between vertices (94, 1). Time: 0.0007183551788330078s
2026-06-21 21:47:27,813 fastDTW between vertices (94, 153). Time: 0.0007390975952148438s
2026-06-21 21:47:27,814 fastDTW between vertices (94, 158). Time: 0.0007288455963134766s
2026-06-21 21:47:27,814 fastDTW between vertices (94, 208). Time: 0.000720977783203125s
2026-06-21 21:47:27,815 fastDTW between vertices (212, 25). Time: 0.0006759166717529297s
2026-06-21 21:47:27,816 fastDTW between vertices (212, 161). Time: 0.0005297660827636719s
2026-06-21 21:47:27,816 fastDTW between vertices (212, 41). Time: 0.0006113052368164062s
2026-06-21 21:47:27,817 fastDTW between vertices (212, 253). Time: 0.0006415843963623047s
2026-06-21 21:47:27,817 fastDTW between vertices (212, 122). Time: 0.0005621910095214844s
2026-06-21 21:47:27,818 fastDTW between vertices (212, 162). Time: 0.0005002021789550781s
2026-06-21 21:47:27,819 fastDTW between vertices (212, 230). Time: 0.0006952285766601562s
2026-06-21 21:47:27,819 fastDTW between vertices (212, 59). Time: 0.0005054473876953125s
2026-06-21 21:47:27,820 fastDTW between vertices (212, 261). Time: 0.00028133392333984375s
2026-06-21 21:47:27,820 fastDTW between vertices (212, 168). Time: 0.0004475116729736328s
2026-06-21 21:47:27,820 fastDTW between vertices (212, 264). Time: 0.00041174888610839844s
2026-06-21 21:47:27,821 fastDTW between vertices (212, 207). Time: 0.0006847381591796875s
2026-06-21 21:47:27,822 fastDTW between vertices (212, 244). Time: 0.0005180835723876953s
2026-06-21 21:47:27,822 fastDTW between vertices (212, 115). Time: 0.0006749629974365234s
2026-06-21 21:47:27,823 fastDTW between vertices (212, 62). Time: 0.0005943775177001953s
2026-06-21 21:47:27,824 fastDTW between vertices (212, 155). Time: 0.0006732940673828125s
2026-06-21 21:47:27,824 fastDTW between vertices (206, 163). Time: 0.0006735324859619141s
2026-06-21 21:47:27,825 fastDTW between vertices (206, 58). Time: 0.0006804466247558594s
2026-06-21 21:47:27,826 fastDTW between vertices (206, 127). Time: 0.0004961490631103516s
2026-06-21 21:47:27,826 fastDTW between vertices (206, 151). Time: 0.0006439685821533203s
2026-06-21 21:47:27,827 fastDTW between vertices (206, 24). Time: 0.0006511211395263672s
2026-06-21 21:47:27,828 fastDTW between vertices (206, 167). Time: 0.0006203651428222656s
2026-06-21 21:47:27,828 fastDTW between vertices (206, 171). Time: 0.0006809234619140625s
2026-06-21 21:47:27,829 fastDTW between vertices (206, 88). Time: 0.0006775856018066406s
2026-06-21 21:47:27,830 fastDTW between vertices (206, 46). Time: 0.0005829334259033203s
2026-06-21 21:47:27,830 fastDTW between vertices (206, 119). Time: 0.0006279945373535156s
2026-06-21 21:47:27,831 fastDTW between vertices (206, 64). Time: 0.0006244182586669922s
2026-06-21 21:47:27,832 fastDTW between vertices (206, 32). Time: 0.0006194114685058594s
2026-06-21 21:47:27,832 fastDTW between vertices (206, 35). Time: 0.0006337165832519531s
2026-06-21 21:47:27,833 fastDTW between vertices (206, 203). Time: 0.0006802082061767578s
2026-06-21 21:47:27,834 fastDTW between vertices (206, 9). Time: 0.0007171630859375s
2026-06-21 21:47:27,835 fastDTW between vertices (206, 187). Time: 0.0006814002990722656s
2026-06-21 21:47:27,835 fastDTW between vertices (118, 163). Time: 0.0006849765777587891s
2026-06-21 21:47:27,836 fastDTW between vertices (118, 58). Time: 0.0006773471832275391s
2026-06-21 21:47:27,837 fastDTW between vertices (118, 127). Time: 0.0005102157592773438s
2026-06-21 21:47:27,837 fastDTW between vertices (118, 151). Time: 0.000644683837890625s
2026-06-21 21:47:27,838 fastDTW between vertices (118, 24). Time: 0.0006525516510009766s
2026-06-21 21:47:27,839 fastDTW between vertices (118, 167). Time: 0.0006260871887207031s
2026-06-21 21:47:27,839 fastDTW between vertices (118, 171). Time: 0.0007021427154541016s
2026-06-21 21:47:27,840 fastDTW between vertices (118, 88). Time: 0.0006730556488037109s
2026-06-21 21:47:27,841 fastDTW between vertices (118, 46). Time: 0.0005927085876464844s
2026-06-21 21:47:27,841 fastDTW between vertices (118, 119). Time: 0.0006265640258789062s
2026-06-21 21:47:27,842 fastDTW between vertices (118, 64). Time: 0.0006158351898193359s
2026-06-21 21:47:27,843 fastDTW between vertices (118, 32). Time: 0.0006010532379150391s
2026-06-21 21:47:27,843 fastDTW between vertices (118, 35). Time: 0.0006289482116699219s
2026-06-21 21:47:27,844 fastDTW between vertices (118, 203). Time: 0.0006670951843261719s
2026-06-21 21:47:27,845 fastDTW between vertices (118, 9). Time: 0.0006988048553466797s
2026-06-21 21:47:27,845 fastDTW between vertices (118, 187). Time: 0.0006701946258544922s
2026-06-21 21:47:27,846 fastDTW between vertices (226, 184). Time: 0.0006611347198486328s
2026-06-21 21:47:27,847 fastDTW between vertices (226, 26). Time: 0.0006709098815917969s
2026-06-21 21:47:27,847 fastDTW between vertices (226, 121). Time: 0.0006854534149169922s
2026-06-21 21:47:27,848 fastDTW between vertices (226, 51). Time: 0.0007181167602539062s
2026-06-21 21:47:27,849 fastDTW between vertices (226, 136). Time: 0.0006806850433349609s
2026-06-21 21:47:27,850 fastDTW between vertices (226, 29). Time: 0.0006690025329589844s
2026-06-21 21:47:27,850 fastDTW between vertices (226, 61). Time: 0.0006427764892578125s
2026-06-21 21:47:27,851 fastDTW between vertices (226, 81). Time: 0.0006923675537109375s
2026-06-21 21:47:27,852 fastDTW between vertices (226, 94). Time: 0.0007016658782958984s
2026-06-21 21:47:27,852 fastDTW between vertices (226, 176). Time: 0.0006923675537109375s
2026-06-21 21:47:27,853 fastDTW between vertices (226, 143). Time: 0.0007059574127197266s
2026-06-21 21:47:27,854 fastDTW between vertices (226, 177). Time: 0.0006768703460693359s
2026-06-21 21:47:27,855 fastDTW between vertices (226, 1). Time: 0.000667572021484375s
2026-06-21 21:47:27,855 fastDTW between vertices (226, 153). Time: 0.0006766319274902344s
2026-06-21 21:47:27,856 fastDTW between vertices (226, 158). Time: 0.00066375732421875s
2026-06-21 21:47:27,857 fastDTW between vertices (226, 208). Time: 0.0006625652313232422s
2026-06-21 21:47:27,857 fastDTW between vertices (82, 163). Time: 0.0006754398345947266s
2026-06-21 21:47:27,858 fastDTW between vertices (82, 58). Time: 0.0006730556488037109s
2026-06-21 21:47:27,859 fastDTW between vertices (82, 127). Time: 0.0004980564117431641s
2026-06-21 21:47:27,859 fastDTW between vertices (82, 151). Time: 0.0006377696990966797s
2026-06-21 21:47:27,860 fastDTW between vertices (82, 24). Time: 0.000640869140625s
2026-06-21 21:47:27,861 fastDTW between vertices (82, 167). Time: 0.0006093978881835938s
2026-06-21 21:47:27,861 fastDTW between vertices (82, 171). Time: 0.0006647109985351562s
2026-06-21 21:47:27,862 fastDTW between vertices (82, 88). Time: 0.0006606578826904297s
2026-06-21 21:47:27,863 fastDTW between vertices (82, 46). Time: 0.0005922317504882812s
2026-06-21 21:47:27,863 fastDTW between vertices (82, 119). Time: 0.000621795654296875s
2026-06-21 21:47:27,864 fastDTW between vertices (82, 64). Time: 0.0006175041198730469s
2026-06-21 21:47:27,865 fastDTW between vertices (82, 32). Time: 0.0005943775177001953s
2026-06-21 21:47:27,865 fastDTW between vertices (82, 35). Time: 0.0006308555603027344s
2026-06-21 21:47:27,866 fastDTW between vertices (82, 203). Time: 0.0006656646728515625s
2026-06-21 21:47:27,867 fastDTW between vertices (82, 9). Time: 0.0006999969482421875s
2026-06-21 21:47:27,867 fastDTW between vertices (82, 187). Time: 0.0006771087646484375s
2026-06-21 21:47:27,868 fastDTW between vertices (112, 163). Time: 0.0006079673767089844s
2026-06-21 21:47:27,869 fastDTW between vertices (112, 58). Time: 0.0006022453308105469s
2026-06-21 21:47:27,869 fastDTW between vertices (112, 127). Time: 0.0006861686706542969s
2026-06-21 21:47:27,870 fastDTW between vertices (112, 151). Time: 0.0007050037384033203s
2026-06-21 21:47:27,871 fastDTW between vertices (112, 24). Time: 0.0007574558258056641s
2026-06-21 21:47:27,872 fastDTW between vertices (112, 167). Time: 0.0007688999176025391s
2026-06-21 21:47:27,872 fastDTW between vertices (112, 171). Time: 0.0006129741668701172s
2026-06-21 21:47:27,873 fastDTW between vertices (112, 88). Time: 0.0005922317504882812s
2026-06-21 21:47:27,874 fastDTW between vertices (112, 46). Time: 0.0007278919219970703s
2026-06-21 21:47:27,874 fastDTW between vertices (112, 119). Time: 0.0007445812225341797s
2026-06-21 21:47:27,875 fastDTW between vertices (112, 64). Time: 0.0007448196411132812s
2026-06-21 21:47:27,876 fastDTW between vertices (112, 32). Time: 0.0007605552673339844s
2026-06-21 21:47:27,877 fastDTW between vertices (112, 35). Time: 0.0007431507110595703s
2026-06-21 21:47:27,877 fastDTW between vertices (112, 203). Time: 0.0005981922149658203s
2026-06-21 21:47:27,878 fastDTW between vertices (112, 9). Time: 0.000782012939453125s
2026-06-21 21:47:27,879 fastDTW between vertices (112, 187). Time: 0.0005872249603271484s
2026-06-21 21:47:27,879 fastDTW between vertices (113, 25). Time: 0.00037407875061035156s
2026-06-21 21:47:27,880 fastDTW between vertices (113, 161). Time: 0.0005800724029541016s
2026-06-21 21:47:27,880 fastDTW between vertices (113, 41). Time: 0.0006682872772216797s
2026-06-21 21:47:27,881 fastDTW between vertices (113, 253). Time: 0.0005929470062255859s
2026-06-21 21:47:27,882 fastDTW between vertices (113, 122). Time: 0.0007586479187011719s
2026-06-21 21:47:27,883 fastDTW between vertices (113, 162). Time: 0.0005886554718017578s
2026-06-21 21:47:27,883 fastDTW between vertices (113, 230). Time: 0.0003745555877685547s
2026-06-21 21:47:27,884 fastDTW between vertices (113, 59). Time: 0.0005903244018554688s
2026-06-21 21:47:27,884 fastDTW between vertices (113, 261). Time: 0.0006792545318603516s
2026-06-21 21:47:27,885 fastDTW between vertices (113, 168). Time: 0.0007343292236328125s
2026-06-21 21:47:27,886 fastDTW between vertices (113, 264). Time: 0.0007636547088623047s
2026-06-21 21:47:27,886 fastDTW between vertices (113, 207). Time: 0.00037598609924316406s
2026-06-21 21:47:27,887 fastDTW between vertices (113, 244). Time: 0.0005881786346435547s
2026-06-21 21:47:27,887 fastDTW between vertices (113, 115). Time: 0.0003764629364013672s
2026-06-21 21:47:27,888 fastDTW between vertices (113, 62). Time: 0.0006718635559082031s
2026-06-21 21:47:27,888 fastDTW between vertices (113, 155). Time: 0.0003764629364013672s
2026-06-21 21:47:27,889 fastDTW between vertices (220, 25). Time: 0.0006537437438964844s
2026-06-21 21:47:27,890 fastDTW between vertices (220, 161). Time: 0.0005066394805908203s
2026-06-21 21:47:27,890 fastDTW between vertices (220, 41). Time: 0.0005865097045898438s
2026-06-21 21:47:27,891 fastDTW between vertices (220, 253). Time: 0.0006077289581298828s
2026-06-21 21:47:27,891 fastDTW between vertices (220, 122). Time: 0.0005362033843994141s
2026-06-21 21:47:27,892 fastDTW between vertices (220, 162). Time: 0.0004773139953613281s
2026-06-21 21:47:27,893 fastDTW between vertices (220, 230). Time: 0.0006549358367919922s
2026-06-21 21:47:27,893 fastDTW between vertices (220, 59). Time: 0.0004792213439941406s
2026-06-21 21:47:27,893 fastDTW between vertices (220, 261). Time: 0.0002779960632324219s
2026-06-21 21:47:27,894 fastDTW between vertices (220, 168). Time: 0.0004241466522216797s
2026-06-21 21:47:27,894 fastDTW between vertices (220, 264). Time: 0.00039577484130859375s
2026-06-21 21:47:27,895 fastDTW between vertices (220, 207). Time: 0.0006589889526367188s
2026-06-21 21:47:27,895 fastDTW between vertices (220, 244). Time: 0.000507354736328125s
2026-06-21 21:47:27,896 fastDTW between vertices (220, 115). Time: 0.0006573200225830078s
2026-06-21 21:47:27,897 fastDTW between vertices (220, 62). Time: 0.0005824565887451172s
2026-06-21 21:47:27,897 fastDTW between vertices (220, 155). Time: 0.0006692409515380859s
2026-06-21 21:47:27,898 fastDTW between vertices (222, 25). Time: 0.00066375732421875s
2026-06-21 21:47:27,899 fastDTW between vertices (222, 161). Time: 0.0005106925964355469s
2026-06-21 21:47:27,899 fastDTW between vertices (222, 41). Time: 0.0005927085876464844s
2026-06-21 21:47:27,900 fastDTW between vertices (222, 253). Time: 0.0006170272827148438s
2026-06-21 21:47:27,900 fastDTW between vertices (222, 122). Time: 0.0005457401275634766s
2026-06-21 21:47:27,901 fastDTW between vertices (222, 162). Time: 0.0004839897155761719s
2026-06-21 21:47:27,902 fastDTW between vertices (222, 230). Time: 0.0006628036499023438s
2026-06-21 21:47:27,902 fastDTW between vertices (222, 59). Time: 0.0004870891571044922s
2026-06-21 21:47:27,902 fastDTW between vertices (222, 261). Time: 0.0002720355987548828s
2026-06-21 21:47:27,903 fastDTW between vertices (222, 168). Time: 0.00042819976806640625s
2026-06-21 21:47:27,903 fastDTW between vertices (222, 264). Time: 0.000396728515625s
2026-06-21 21:47:27,904 fastDTW between vertices (222, 207). Time: 0.0006592273712158203s
2026-06-21 21:47:27,905 fastDTW between vertices (222, 244). Time: 0.0005083084106445312s
2026-06-21 21:47:27,905 fastDTW between vertices (222, 115). Time: 0.0006644725799560547s
2026-06-21 21:47:27,906 fastDTW between vertices (222, 62). Time: 0.0005927085876464844s
2026-06-21 21:47:27,907 fastDTW between vertices (222, 155). Time: 0.0006616115570068359s
2026-06-21 21:47:27,907 fastDTW between vertices (78, 25). Time: 0.0006282329559326172s
2026-06-21 21:47:27,908 fastDTW between vertices (78, 161). Time: 0.0006842613220214844s
2026-06-21 21:47:27,909 fastDTW between vertices (78, 41). Time: 0.0007390975952148438s
2026-06-21 21:47:27,910 fastDTW between vertices (78, 253). Time: 0.0007414817810058594s
2026-06-21 21:47:27,910 fastDTW between vertices (78, 122). Time: 0.0007197856903076172s
2026-06-21 21:47:27,911 fastDTW between vertices (78, 162). Time: 0.00067138671875s
2026-06-21 21:47:27,912 fastDTW between vertices (78, 230). Time: 0.0006306171417236328s
2026-06-21 21:47:27,912 fastDTW between vertices (78, 59). Time: 0.0006608963012695312s
2026-06-21 21:47:27,913 fastDTW between vertices (78, 261). Time: 0.0004944801330566406s
2026-06-21 21:47:27,913 fastDTW between vertices (78, 168). Time: 0.0006458759307861328s
2026-06-21 21:47:27,914 fastDTW between vertices (78, 264). Time: 0.0006215572357177734s
2026-06-21 21:47:27,915 fastDTW between vertices (78, 207). Time: 0.0006194114685058594s
2026-06-21 21:47:27,915 fastDTW between vertices (78, 244). Time: 0.0006837844848632812s
2026-06-21 21:47:27,916 fastDTW between vertices (78, 115). Time: 0.0006253719329833984s
2026-06-21 21:47:27,917 fastDTW between vertices (78, 62). Time: 0.0007193088531494141s
2026-06-21 21:47:27,918 fastDTW between vertices (78, 155). Time: 0.0006189346313476562s
2026-06-21 21:47:27,918 fastDTW between vertices (107, 163). Time: 0.0006072521209716797s
2026-06-21 21:47:27,919 fastDTW between vertices (107, 58). Time: 0.0005841255187988281s
2026-06-21 21:47:27,919 fastDTW between vertices (107, 127). Time: 0.0006768703460693359s
2026-06-21 21:47:27,920 fastDTW between vertices (107, 151). Time: 0.0006983280181884766s
2026-06-21 21:47:27,921 fastDTW between vertices (107, 24). Time: 0.00074005126953125s
2026-06-21 21:47:27,922 fastDTW between vertices (107, 167). Time: 0.0007581710815429688s
2026-06-21 21:47:27,922 fastDTW between vertices (107, 171). Time: 0.0005948543548583984s
2026-06-21 21:47:27,923 fastDTW between vertices (107, 88). Time: 0.000583648681640625s
2026-06-21 21:47:27,924 fastDTW between vertices (107, 46). Time: 0.0007059574127197266s
2026-06-21 21:47:27,924 fastDTW between vertices (107, 119). Time: 0.0007297992706298828s
2026-06-21 21:47:27,925 fastDTW between vertices (107, 64). Time: 0.0007479190826416016s
2026-06-21 21:47:27,926 fastDTW between vertices (107, 32). Time: 0.0007576942443847656s
2026-06-21 21:47:27,927 fastDTW between vertices (107, 35). Time: 0.000732421875s
2026-06-21 21:47:27,927 fastDTW between vertices (107, 203). Time: 0.000591278076171875s
2026-06-21 21:47:27,928 fastDTW between vertices (107, 9). Time: 0.0007660388946533203s
2026-06-21 21:47:27,929 fastDTW between vertices (107, 187). Time: 0.0005786418914794922s
2026-06-21 21:47:27,929 fastDTW between vertices (7, 154). Time: 0.0005862712860107422s
2026-06-21 21:47:27,930 fastDTW between vertices (7, 54). Time: 0.0007271766662597656s
2026-06-21 21:47:27,931 fastDTW between vertices (7, 23). Time: 0.000583648681640625s
2026-06-21 21:47:27,932 fastDTW between vertices (7, 10). Time: 0.0007288455963134766s
2026-06-21 21:47:27,932 fastDTW between vertices (7, 5). Time: 0.0007505416870117188s
2026-06-21 21:47:27,933 fastDTW between vertices (7, 198). Time: 0.0005831718444824219s
2026-06-21 21:47:27,934 fastDTW between vertices (7, 103). Time: 0.0005943775177001953s
2026-06-21 21:47:27,934 fastDTW between vertices (7, 2). Time: 0.0005338191986083984s
2026-06-21 21:47:27,935 fastDTW between vertices (7, 165). Time: 0.0005323886871337891s
2026-06-21 21:47:27,935 fastDTW between vertices (7, 180). Time: 0.0007510185241699219s
2026-06-21 21:47:27,936 fastDTW between vertices (7, 188). Time: 0.0005826950073242188s
2026-06-21 21:47:27,937 fastDTW between vertices (7, 43). Time: 0.0007128715515136719s
2026-06-21 21:47:27,937 fastDTW between vertices (7, 160). Time: 0.0005846023559570312s
2026-06-21 21:47:27,938 fastDTW between vertices (7, 114). Time: 0.0005326271057128906s
2026-06-21 21:47:27,939 fastDTW between vertices (7, 31). Time: 0.0005176067352294922s
2026-06-21 21:47:27,939 fastDTW between vertices (7, 221). Time: 0.0005893707275390625s
2026-06-21 21:47:27,940 fastDTW between vertices (173, 163). Time: 0.0006666183471679688s
2026-06-21 21:47:27,941 fastDTW between vertices (173, 58). Time: 0.0006706714630126953s
2026-06-21 21:47:27,941 fastDTW between vertices (173, 127). Time: 0.0004973411560058594s
2026-06-21 21:47:27,942 fastDTW between vertices (173, 151). Time: 0.0006260871887207031s
2026-06-21 21:47:27,942 fastDTW between vertices (173, 24). Time: 0.0006461143493652344s
2026-06-21 21:47:27,943 fastDTW between vertices (173, 167). Time: 0.0006108283996582031s
2026-06-21 21:47:27,944 fastDTW between vertices (173, 171). Time: 0.0006575584411621094s
2026-06-21 21:47:27,944 fastDTW between vertices (173, 88). Time: 0.0006587505340576172s
2026-06-21 21:47:27,945 fastDTW between vertices (173, 46). Time: 0.0005612373352050781s
2026-06-21 21:47:27,946 fastDTW between vertices (173, 119). Time: 0.0006048679351806641s
2026-06-21 21:47:27,946 fastDTW between vertices (173, 64). Time: 0.0006031990051269531s
2026-06-21 21:47:27,947 fastDTW between vertices (173, 32). Time: 0.0005815029144287109s
2026-06-21 21:47:27,948 fastDTW between vertices (173, 35). Time: 0.0006527900695800781s
2026-06-21 21:47:27,948 fastDTW between vertices (173, 203). Time: 0.0006546974182128906s
2026-06-21 21:47:27,949 fastDTW between vertices (173, 9). Time: 0.0006768703460693359s
2026-06-21 21:47:27,950 fastDTW between vertices (173, 187). Time: 0.0006556510925292969s
2026-06-21 21:47:27,950 fastDTW between vertices (179, 25). Time: 0.00048160552978515625s
2026-06-21 21:47:27,951 fastDTW between vertices (179, 161). Time: 0.0006527900695800781s
2026-06-21 21:47:27,952 fastDTW between vertices (179, 41). Time: 0.0006592273712158203s
2026-06-21 21:47:27,952 fastDTW between vertices (179, 253). Time: 0.0006632804870605469s
2026-06-21 21:47:27,953 fastDTW between vertices (179, 122). Time: 0.0006475448608398438s
2026-06-21 21:47:27,954 fastDTW between vertices (179, 162). Time: 0.0006647109985351562s
2026-06-21 21:47:27,954 fastDTW between vertices (179, 230). Time: 0.0004830360412597656s
2026-06-21 21:47:27,955 fastDTW between vertices (179, 59). Time: 0.0006580352783203125s
2026-06-21 21:47:27,955 fastDTW between vertices (179, 261). Time: 0.0004935264587402344s
2026-06-21 21:47:27,956 fastDTW between vertices (179, 168). Time: 0.0006282329559326172s
2026-06-21 21:47:27,957 fastDTW between vertices (179, 264). Time: 0.0006132125854492188s
2026-06-21 21:47:27,957 fastDTW between vertices (179, 207). Time: 0.0004837512969970703s
2026-06-21 21:47:27,958 fastDTW between vertices (179, 244). Time: 0.0006632804870605469s
2026-06-21 21:47:27,958 fastDTW between vertices (179, 115). Time: 0.00048542022705078125s
2026-06-21 21:47:27,959 fastDTW between vertices (179, 62). Time: 0.0006690025329589844s
2026-06-21 21:47:27,960 fastDTW between vertices (179, 155). Time: 0.00048732757568359375s
2026-06-21 21:47:27,960 fastDTW between vertices (210, 25). Time: 0.0006635189056396484s
2026-06-21 21:47:27,961 fastDTW between vertices (210, 161). Time: 0.0005068778991699219s
2026-06-21 21:47:27,961 fastDTW between vertices (210, 41). Time: 0.0005924701690673828s
2026-06-21 21:47:27,962 fastDTW between vertices (210, 253). Time: 0.0006124973297119141s
2026-06-21 21:47:27,963 fastDTW between vertices (210, 122). Time: 0.0005438327789306641s
2026-06-21 21:47:27,963 fastDTW between vertices (210, 162). Time: 0.00048351287841796875s
2026-06-21 21:47:27,964 fastDTW between vertices (210, 230). Time: 0.0006594657897949219s
2026-06-21 21:47:27,964 fastDTW between vertices (210, 59). Time: 0.0004937648773193359s
2026-06-21 21:47:27,965 fastDTW between vertices (210, 261). Time: 0.00027251243591308594s
2026-06-21 21:47:27,965 fastDTW between vertices (210, 168). Time: 0.0004260540008544922s
2026-06-21 21:47:27,965 fastDTW between vertices (210, 264). Time: 0.0003962516784667969s
2026-06-21 21:47:27,966 fastDTW between vertices (210, 207). Time: 0.0006663799285888672s
2026-06-21 21:47:27,967 fastDTW between vertices (210, 244). Time: 0.0005083084106445312s
2026-06-21 21:47:27,967 fastDTW between vertices (210, 115). Time: 0.000659942626953125s
2026-06-21 21:47:27,968 fastDTW between vertices (210, 62). Time: 0.0005815029144287109s
2026-06-21 21:47:27,969 fastDTW between vertices (210, 155). Time: 0.0006432533264160156s
2026-06-21 21:47:27,969 fastDTW between vertices (191, 25). Time: 0.000640869140625s
2026-06-21 21:47:27,970 fastDTW between vertices (191, 161). Time: 0.0005037784576416016s
2026-06-21 21:47:27,970 fastDTW between vertices (191, 41). Time: 0.0005726814270019531s
2026-06-21 21:47:27,971 fastDTW between vertices (191, 253). Time: 0.0005996227264404297s
2026-06-21 21:47:27,972 fastDTW between vertices (191, 122). Time: 0.0005307197570800781s
2026-06-21 21:47:27,972 fastDTW between vertices (191, 162). Time: 0.0004818439483642578s
2026-06-21 21:47:27,973 fastDTW between vertices (191, 230). Time: 0.0006480216979980469s
2026-06-21 21:47:27,973 fastDTW between vertices (191, 59). Time: 0.0004801750183105469s
2026-06-21 21:47:27,974 fastDTW between vertices (191, 261). Time: 0.00026726722717285156s
2026-06-21 21:47:27,974 fastDTW between vertices (191, 168). Time: 0.0004215240478515625s
2026-06-21 21:47:27,974 fastDTW between vertices (191, 264). Time: 0.0003867149353027344s
2026-06-21 21:47:27,975 fastDTW between vertices (191, 207). Time: 0.0006630420684814453s
2026-06-21 21:47:27,976 fastDTW between vertices (191, 244). Time: 0.0004982948303222656s
2026-06-21 21:47:27,976 fastDTW between vertices (191, 115). Time: 0.0006537437438964844s
2026-06-21 21:47:27,977 fastDTW between vertices (191, 62). Time: 0.0005807876586914062s
2026-06-21 21:47:27,978 fastDTW between vertices (191, 155). Time: 0.0006625652313232422s
2026-06-21 21:47:27,978 fastDTW between vertices (176, 184). Time: 0.0007178783416748047s
2026-06-21 21:47:27,979 fastDTW between vertices (176, 26). Time: 0.0007109642028808594s
2026-06-21 21:47:27,980 fastDTW between vertices (176, 121). Time: 0.0007171630859375s
2026-06-21 21:47:27,981 fastDTW between vertices (176, 51). Time: 0.0007519721984863281s
2026-06-21 21:47:27,981 fastDTW between vertices (176, 136). Time: 0.0007245540618896484s
2026-06-21 21:47:27,982 fastDTW between vertices (176, 29). Time: 0.0007073879241943359s
2026-06-21 21:47:27,983 fastDTW between vertices (176, 61). Time: 0.00067901611328125s
2026-06-21 21:47:27,984 fastDTW between vertices (176, 81). Time: 0.0007271766662597656s
2026-06-21 21:47:27,984 fastDTW between vertices (176, 94). Time: 0.0007288455963134766s
2026-06-21 21:47:27,985 fastDTW between vertices (176, 226). Time: 0.0006814002990722656s
2026-06-21 21:47:27,986 fastDTW between vertices (176, 143). Time: 0.000736236572265625s
2026-06-21 21:47:27,987 fastDTW between vertices (176, 177). Time: 0.0007190704345703125s
2026-06-21 21:47:27,987 fastDTW between vertices (176, 1). Time: 0.0006959438323974609s
2026-06-21 21:47:27,988 fastDTW between vertices (176, 153). Time: 0.0007178783416748047s
2026-06-21 21:47:27,989 fastDTW between vertices (176, 158). Time: 0.0007021427154541016s
2026-06-21 21:47:27,990 fastDTW between vertices (176, 208). Time: 0.0007045269012451172s
2026-06-21 21:47:27,990 fastDTW between vertices (53, 163). Time: 0.0005822181701660156s
2026-06-21 21:47:27,991 fastDTW between vertices (53, 58). Time: 0.0005791187286376953s
2026-06-21 21:47:27,991 fastDTW between vertices (53, 127). Time: 0.0006792545318603516s
2026-06-21 21:47:27,992 fastDTW between vertices (53, 151). Time: 0.0006921291351318359s
2026-06-21 21:47:27,993 fastDTW between vertices (53, 24). Time: 0.0007338523864746094s
2026-06-21 21:47:27,994 fastDTW between vertices (53, 167). Time: 0.0007188320159912109s
2026-06-21 21:47:27,994 fastDTW between vertices (53, 171). Time: 0.0005793571472167969s
2026-06-21 21:47:27,995 fastDTW between vertices (53, 88). Time: 0.0005724430084228516s
2026-06-21 21:47:27,996 fastDTW between vertices (53, 46). Time: 0.0007121562957763672s
2026-06-21 21:47:27,996 fastDTW between vertices (53, 119). Time: 0.0007314682006835938s
2026-06-21 21:47:27,997 fastDTW between vertices (53, 64). Time: 0.0007350444793701172s
2026-06-21 21:47:27,998 fastDTW between vertices (53, 32). Time: 0.0007233619689941406s
2026-06-21 21:47:27,999 fastDTW between vertices (53, 35). Time: 0.0007359981536865234s
2026-06-21 21:47:27,999 fastDTW between vertices (53, 203). Time: 0.0005884170532226562s
2026-06-21 21:47:28,000 fastDTW between vertices (53, 9). Time: 0.0007426738739013672s
2026-06-21 21:47:28,001 fastDTW between vertices (53, 187). Time: 0.0005743503570556641s
2026-06-21 21:47:28,001 fastDTW between vertices (17, 25). Time: 0.0005605220794677734s
2026-06-21 21:47:28,002 fastDTW between vertices (17, 161). Time: 0.0006542205810546875s
2026-06-21 21:47:28,003 fastDTW between vertices (17, 41). Time: 0.0006844997406005859s
2026-06-21 21:47:28,003 fastDTW between vertices (17, 253). Time: 0.000701904296875s
2026-06-21 21:47:28,004 fastDTW between vertices (17, 122). Time: 0.0006899833679199219s
2026-06-21 21:47:28,005 fastDTW between vertices (17, 162). Time: 0.000659942626953125s
2026-06-21 21:47:28,005 fastDTW between vertices (17, 230). Time: 0.0005757808685302734s
2026-06-21 21:47:28,006 fastDTW between vertices (17, 59). Time: 0.0006659030914306641s
2026-06-21 21:47:28,007 fastDTW between vertices (17, 261). Time: 0.0005023479461669922s
2026-06-21 21:47:28,007 fastDTW between vertices (17, 168). Time: 0.000640869140625s
2026-06-21 21:47:28,008 fastDTW between vertices (17, 264). Time: 0.0006091594696044922s
2026-06-21 21:47:28,009 fastDTW between vertices (17, 207). Time: 0.0005741119384765625s
2026-06-21 21:47:28,009 fastDTW between vertices (17, 244). Time: 0.0006783008575439453s
2026-06-21 21:47:28,010 fastDTW between vertices (17, 115). Time: 0.0005638599395751953s
2026-06-21 21:47:28,011 fastDTW between vertices (17, 62). Time: 0.0007147789001464844s
2026-06-21 21:47:28,011 fastDTW between vertices (17, 155). Time: 0.0005700588226318359s
2026-06-21 21:47:28,012 fastDTW between vertices (15, 25). Time: 0.00054168701171875s
2026-06-21 21:47:28,012 fastDTW between vertices (15, 161). Time: 0.0006701946258544922s
2026-06-21 21:47:28,013 fastDTW between vertices (15, 41). Time: 0.0007231235504150391s
2026-06-21 21:47:28,014 fastDTW between vertices (15, 253). Time: 0.0006976127624511719s
2026-06-21 21:47:28,015 fastDTW between vertices (15, 122). Time: 0.0007452964782714844s
2026-06-21 21:47:28,015 fastDTW between vertices (15, 162). Time: 0.0006601810455322266s
2026-06-21 21:47:28,016 fastDTW between vertices (15, 230). Time: 0.0005490779876708984s
2026-06-21 21:47:28,017 fastDTW between vertices (15, 59). Time: 0.0006563663482666016s
2026-06-21 21:47:28,017 fastDTW between vertices (15, 261). Time: 0.0005917549133300781s
2026-06-21 21:47:28,018 fastDTW between vertices (15, 168). Time: 0.000682830810546875s
2026-06-21 21:47:28,019 fastDTW between vertices (15, 264). Time: 0.0006875991821289062s
2026-06-21 21:47:28,019 fastDTW between vertices (15, 207). Time: 0.0005397796630859375s
2026-06-21 21:47:28,020 fastDTW between vertices (15, 244). Time: 0.0006566047668457031s
2026-06-21 21:47:28,020 fastDTW between vertices (15, 115). Time: 0.0005383491516113281s
2026-06-21 21:47:28,021 fastDTW between vertices (15, 62). Time: 0.0007312297821044922s
2026-06-21 21:47:28,022 fastDTW between vertices (15, 155). Time: 0.0005350112915039062s
2026-06-21 21:47:28,022 fastDTW between vertices (237, 25). Time: 0.0006566047668457031s
2026-06-21 21:47:28,023 fastDTW between vertices (237, 161). Time: 0.0005028247833251953s
2026-06-21 21:47:28,024 fastDTW between vertices (237, 41). Time: 0.0005819797515869141s
2026-06-21 21:47:28,024 fastDTW between vertices (237, 253). Time: 0.0006136894226074219s
2026-06-21 21:47:28,025 fastDTW between vertices (237, 122). Time: 0.0005414485931396484s
2026-06-21 21:47:28,025 fastDTW between vertices (237, 162). Time: 0.0004885196685791016s
2026-06-21 21:47:28,026 fastDTW between vertices (237, 230). Time: 0.0006611347198486328s
2026-06-21 21:47:28,027 fastDTW between vertices (237, 59). Time: 0.0004856586456298828s
2026-06-21 21:47:28,027 fastDTW between vertices (237, 261). Time: 0.0002715587615966797s
2026-06-21 21:47:28,027 fastDTW between vertices (237, 168). Time: 0.00043463706970214844s
2026-06-21 21:47:28,028 fastDTW between vertices (237, 264). Time: 0.0003948211669921875s
2026-06-21 21:47:28,028 fastDTW between vertices (237, 207). Time: 0.0006711483001708984s
2026-06-21 21:47:28,029 fastDTW between vertices (237, 244). Time: 0.0005121231079101562s
2026-06-21 21:47:28,030 fastDTW between vertices (237, 115). Time: 0.0006635189056396484s
2026-06-21 21:47:28,030 fastDTW between vertices (237, 62). Time: 0.0005869865417480469s
2026-06-21 21:47:28,031 fastDTW between vertices (237, 155). Time: 0.0006589889526367188s
2026-06-21 21:47:28,032 fastDTW between vertices (85, 25). Time: 0.0004930496215820312s
2026-06-21 21:47:28,032 fastDTW between vertices (85, 161). Time: 0.0006802082061767578s
2026-06-21 21:47:28,033 fastDTW between vertices (85, 41). Time: 0.000667572021484375s
2026-06-21 21:47:28,034 fastDTW between vertices (85, 253). Time: 0.0006694793701171875s
2026-06-21 21:47:28,034 fastDTW between vertices (85, 122). Time: 0.0006475448608398438s
2026-06-21 21:47:28,035 fastDTW between vertices (85, 162). Time: 0.0006606578826904297s
2026-06-21 21:47:28,035 fastDTW between vertices (85, 230). Time: 0.0004875659942626953s
2026-06-21 21:47:28,036 fastDTW between vertices (85, 59). Time: 0.0006577968597412109s
2026-06-21 21:47:28,037 fastDTW between vertices (85, 261). Time: 0.0004851818084716797s
2026-06-21 21:47:28,037 fastDTW between vertices (85, 168). Time: 0.0006353855133056641s
2026-06-21 21:47:28,038 fastDTW between vertices (85, 264). Time: 0.0006053447723388672s
2026-06-21 21:47:28,038 fastDTW between vertices (85, 207). Time: 0.00048232078552246094s
2026-06-21 21:47:28,039 fastDTW between vertices (85, 244). Time: 0.0006687641143798828s
2026-06-21 21:47:28,040 fastDTW between vertices (85, 115). Time: 0.0004761219024658203s
2026-06-21 21:47:28,040 fastDTW between vertices (85, 62). Time: 0.0006654262542724609s
2026-06-21 21:47:28,041 fastDTW between vertices (85, 155). Time: 0.0004820823669433594s
2026-06-21 21:47:28,042 fastDTW between vertices (201, 163). Time: 0.0006654262542724609s
2026-06-21 21:47:28,042 fastDTW between vertices (201, 58). Time: 0.0006878376007080078s
2026-06-21 21:47:28,043 fastDTW between vertices (201, 127). Time: 0.0004887580871582031s
2026-06-21 21:47:28,043 fastDTW between vertices (201, 151). Time: 0.0006287097930908203s
2026-06-21 21:47:28,044 fastDTW between vertices (201, 24). Time: 0.0006451606750488281s
2026-06-21 21:47:28,045 fastDTW between vertices (201, 167). Time: 0.0006091594696044922s
2026-06-21 21:47:28,045 fastDTW between vertices (201, 171). Time: 0.0006618499755859375s
2026-06-21 21:47:28,046 fastDTW between vertices (201, 88). Time: 0.0006587505340576172s
2026-06-21 21:47:28,047 fastDTW between vertices (201, 46). Time: 0.0005726814270019531s
2026-06-21 21:47:28,047 fastDTW between vertices (201, 119). Time: 0.0006196498870849609s
2026-06-21 21:47:28,048 fastDTW between vertices (201, 64). Time: 0.0006120204925537109s
2026-06-21 21:47:28,049 fastDTW between vertices (201, 32). Time: 0.0005939006805419922s
2026-06-21 21:47:28,049 fastDTW between vertices (201, 35). Time: 0.0006184577941894531s
2026-06-21 21:47:28,050 fastDTW between vertices (201, 203). Time: 0.0006601810455322266s
2026-06-21 21:47:28,051 fastDTW between vertices (201, 9). Time: 0.0007078647613525391s
2026-06-21 21:47:28,051 fastDTW between vertices (201, 187). Time: 0.0006616115570068359s
2026-06-21 21:47:28,052 fastDTW between vertices (255, 25). Time: 0.0006096363067626953s
2026-06-21 21:47:28,053 fastDTW between vertices (255, 161). Time: 0.0006816387176513672s
2026-06-21 21:47:28,054 fastDTW between vertices (255, 41). Time: 0.0007312297821044922s
2026-06-21 21:47:28,054 fastDTW between vertices (255, 253). Time: 0.0007500648498535156s
2026-06-21 21:47:28,055 fastDTW between vertices (255, 122). Time: 0.0007157325744628906s
2026-06-21 21:47:28,056 fastDTW between vertices (255, 162). Time: 0.0006716251373291016s
2026-06-21 21:47:28,056 fastDTW between vertices (255, 230). Time: 0.0006170272827148438s
2026-06-21 21:47:28,057 fastDTW between vertices (255, 59). Time: 0.0006804466247558594s
2026-06-21 21:47:28,058 fastDTW between vertices (255, 261). Time: 0.0005037784576416016s
2026-06-21 21:47:28,058 fastDTW between vertices (255, 168). Time: 0.0006556510925292969s
2026-06-21 21:47:28,059 fastDTW between vertices (255, 264). Time: 0.0006244182586669922s
2026-06-21 21:47:28,060 fastDTW between vertices (255, 207). Time: 0.0006191730499267578s
2026-06-21 21:47:28,060 fastDTW between vertices (255, 244). Time: 0.0006976127624511719s
2026-06-21 21:47:28,061 fastDTW between vertices (255, 115). Time: 0.0006144046783447266s
2026-06-21 21:47:28,062 fastDTW between vertices (255, 62). Time: 0.0007393360137939453s
2026-06-21 21:47:28,062 fastDTW between vertices (255, 155). Time: 0.0006160736083984375s
2026-06-21 21:47:28,063 fastDTW between vertices (196, 25). Time: 0.0006563663482666016s
2026-06-21 21:47:28,064 fastDTW between vertices (196, 161). Time: 0.0005059242248535156s
2026-06-21 21:47:28,064 fastDTW between vertices (196, 41). Time: 0.0005867481231689453s
2026-06-21 21:47:28,065 fastDTW between vertices (196, 253). Time: 0.0006139278411865234s
2026-06-21 21:47:28,065 fastDTW between vertices (196, 122). Time: 0.0005457401275634766s
2026-06-21 21:47:28,066 fastDTW between vertices (196, 162). Time: 0.0004951953887939453s
2026-06-21 21:47:28,067 fastDTW between vertices (196, 230). Time: 0.0006654262542724609s
2026-06-21 21:47:28,067 fastDTW between vertices (196, 59). Time: 0.0004892349243164062s
2026-06-21 21:47:28,067 fastDTW between vertices (196, 261). Time: 0.0002722740173339844s
2026-06-21 21:47:28,068 fastDTW between vertices (196, 168). Time: 0.0004305839538574219s
2026-06-21 21:47:28,068 fastDTW between vertices (196, 264). Time: 0.0004055500030517578s
2026-06-21 21:47:28,069 fastDTW between vertices (196, 207). Time: 0.0006639957427978516s
2026-06-21 21:47:28,070 fastDTW between vertices (196, 244). Time: 0.0005087852478027344s
2026-06-21 21:47:28,070 fastDTW between vertices (196, 115). Time: 0.0006666183471679688s
2026-06-21 21:47:28,071 fastDTW between vertices (196, 62). Time: 0.0005841255187988281s
2026-06-21 21:47:28,072 fastDTW between vertices (196, 155). Time: 0.0006597042083740234s
2026-06-21 21:47:28,072 fastDTW between vertices (185, 25). Time: 0.0006639957427978516s
2026-06-21 21:47:28,073 fastDTW between vertices (185, 161). Time: 0.0005068778991699219s
2026-06-21 21:47:28,073 fastDTW between vertices (185, 41). Time: 0.0005915164947509766s
2026-06-21 21:47:28,074 fastDTW between vertices (185, 253). Time: 0.0006232261657714844s
2026-06-21 21:47:28,075 fastDTW between vertices (185, 122). Time: 0.0005424022674560547s
2026-06-21 21:47:28,075 fastDTW between vertices (185, 162). Time: 0.0004937648773193359s
2026-06-21 21:47:28,076 fastDTW between vertices (185, 230). Time: 0.00067138671875s
2026-06-21 21:47:28,076 fastDTW between vertices (185, 59). Time: 0.0004925727844238281s
2026-06-21 21:47:28,077 fastDTW between vertices (185, 261). Time: 0.0002779960632324219s
2026-06-21 21:47:28,077 fastDTW between vertices (185, 168). Time: 0.0004379749298095703s
2026-06-21 21:47:28,078 fastDTW between vertices (185, 264). Time: 0.0003955364227294922s
2026-06-21 21:47:28,078 fastDTW between vertices (185, 207). Time: 0.0006711483001708984s
2026-06-21 21:47:28,079 fastDTW between vertices (185, 244). Time: 0.0005130767822265625s
2026-06-21 21:47:28,080 fastDTW between vertices (185, 115). Time: 0.0006668567657470703s
2026-06-21 21:47:28,080 fastDTW between vertices (185, 62). Time: 0.0005931854248046875s
2026-06-21 21:47:28,081 fastDTW between vertices (185, 155). Time: 0.0006620883941650391s
2026-06-21 21:47:28,082 fastDTW between vertices (90, 25). Time: 0.0006365776062011719s
2026-06-21 21:47:28,082 fastDTW between vertices (90, 161). Time: 0.0006875991821289062s
2026-06-21 21:47:28,083 fastDTW between vertices (90, 41). Time: 0.0007309913635253906s
2026-06-21 21:47:28,084 fastDTW between vertices (90, 253). Time: 0.0007429122924804688s
2026-06-21 21:47:28,085 fastDTW between vertices (90, 122). Time: 0.0007219314575195312s
2026-06-21 21:47:28,085 fastDTW between vertices (90, 162). Time: 0.0006732940673828125s
2026-06-21 21:47:28,086 fastDTW between vertices (90, 230). Time: 0.0006356239318847656s
2026-06-21 21:47:28,087 fastDTW between vertices (90, 59). Time: 0.0006740093231201172s
2026-06-21 21:47:28,087 fastDTW between vertices (90, 261). Time: 0.0005171298980712891s
2026-06-21 21:47:28,088 fastDTW between vertices (90, 168). Time: 0.0006542205810546875s
2026-06-21 21:47:28,088 fastDTW between vertices (90, 264). Time: 0.0006227493286132812s
2026-06-21 21:47:28,089 fastDTW between vertices (90, 207). Time: 0.0006341934204101562s
2026-06-21 21:47:28,090 fastDTW between vertices (90, 244). Time: 0.0006844997406005859s
2026-06-21 21:47:28,090 fastDTW between vertices (90, 115). Time: 0.0006349086761474609s
2026-06-21 21:47:28,091 fastDTW between vertices (90, 62). Time: 0.0007450580596923828s
2026-06-21 21:47:28,092 fastDTW between vertices (90, 155). Time: 0.0006339550018310547s
2026-06-21 21:47:28,092 fastDTW between vertices (242, 25). Time: 0.0003924369812011719s
2026-06-21 21:47:28,093 fastDTW between vertices (242, 161). Time: 0.0006000995635986328s
2026-06-21 21:47:28,094 fastDTW between vertices (242, 41). Time: 0.0006895065307617188s
2026-06-21 21:47:28,094 fastDTW between vertices (242, 253). Time: 0.0006196498870849609s
2026-06-21 21:47:28,095 fastDTW between vertices (242, 122). Time: 0.00078582763671875s
2026-06-21 21:47:28,096 fastDTW between vertices (242, 162). Time: 0.0005931854248046875s
2026-06-21 21:47:28,096 fastDTW between vertices (242, 230). Time: 0.00038886070251464844s
2026-06-21 21:47:28,097 fastDTW between vertices (242, 59). Time: 0.0005962848663330078s
2026-06-21 21:47:28,098 fastDTW between vertices (242, 261). Time: 0.0007143020629882812s
2026-06-21 21:47:28,098 fastDTW between vertices (242, 168). Time: 0.0007524490356445312s
2026-06-21 21:47:28,099 fastDTW between vertices (242, 264). Time: 0.0007481575012207031s
2026-06-21 21:47:28,100 fastDTW between vertices (242, 207). Time: 0.00038433074951171875s
2026-06-21 21:47:28,100 fastDTW between vertices (242, 244). Time: 0.0006036758422851562s
2026-06-21 21:47:28,101 fastDTW between vertices (242, 115). Time: 0.00038313865661621094s
2026-06-21 21:47:28,101 fastDTW between vertices (242, 62). Time: 0.0006861686706542969s
2026-06-21 21:47:28,102 fastDTW between vertices (242, 155). Time: 0.00038695335388183594s
2026-06-21 21:47:28,102 fastDTW between vertices (225, 25). Time: 0.0006766319274902344s
2026-06-21 21:47:28,103 fastDTW between vertices (225, 161). Time: 0.0005180835723876953s
2026-06-21 21:47:28,104 fastDTW between vertices (225, 41). Time: 0.0006041526794433594s
2026-06-21 21:47:28,104 fastDTW between vertices (225, 253). Time: 0.0006275177001953125s
2026-06-21 21:47:28,105 fastDTW between vertices (225, 122). Time: 0.0005462169647216797s
2026-06-21 21:47:28,105 fastDTW between vertices (225, 162). Time: 0.0004966259002685547s
2026-06-21 21:47:28,106 fastDTW between vertices (225, 230). Time: 0.0006618499755859375s
2026-06-21 21:47:28,107 fastDTW between vertices (225, 59). Time: 0.0004930496215820312s
2026-06-21 21:47:28,107 fastDTW between vertices (225, 261). Time: 0.0002732276916503906s
2026-06-21 21:47:28,107 fastDTW between vertices (225, 168). Time: 0.00043487548828125s
2026-06-21 21:47:28,108 fastDTW between vertices (225, 264). Time: 0.00039839744567871094s
2026-06-21 21:47:28,108 fastDTW between vertices (225, 207). Time: 0.0006799697875976562s
2026-06-21 21:47:28,109 fastDTW between vertices (225, 244). Time: 0.0005137920379638672s
2026-06-21 21:47:28,110 fastDTW between vertices (225, 115). Time: 0.00067138671875s
2026-06-21 21:47:28,110 fastDTW between vertices (225, 62). Time: 0.0005936622619628906s
2026-06-21 21:47:28,111 fastDTW between vertices (225, 155). Time: 0.0006699562072753906s
2026-06-21 21:47:28,112 fastDTW between vertices (252, 25). Time: 0.0005052089691162109s
2026-06-21 21:47:28,112 fastDTW between vertices (252, 161). Time: 0.0006549358367919922s
2026-06-21 21:47:28,113 fastDTW between vertices (252, 41). Time: 0.0007479190826416016s
2026-06-21 21:47:28,114 fastDTW between vertices (252, 253). Time: 0.0006990432739257812s
2026-06-21 21:47:28,115 fastDTW between vertices (252, 122). Time: 0.0008447170257568359s
2026-06-21 21:47:28,115 fastDTW between vertices (252, 162). Time: 0.0006415843963623047s
2026-06-21 21:47:28,116 fastDTW between vertices (252, 230). Time: 0.0004935264587402344s
2026-06-21 21:47:28,116 fastDTW between vertices (252, 59). Time: 0.0006430149078369141s
2026-06-21 21:47:28,117 fastDTW between vertices (252, 261). Time: 0.0007030963897705078s
2026-06-21 21:47:28,118 fastDTW between vertices (252, 168). Time: 0.0007956027984619141s
2026-06-21 21:47:28,119 fastDTW between vertices (252, 264). Time: 0.0007894039154052734s
2026-06-21 21:47:28,119 fastDTW between vertices (252, 207). Time: 0.0004940032958984375s
2026-06-21 21:47:28,120 fastDTW between vertices (252, 244). Time: 0.0006413459777832031s
2026-06-21 21:47:28,121 fastDTW between vertices (252, 115). Time: 0.0004906654357910156s
2026-06-21 21:47:28,121 fastDTW between vertices (252, 62). Time: 0.0007531642913818359s
2026-06-21 21:47:28,122 fastDTW between vertices (252, 155). Time: 0.0004963874816894531s
2026-06-21 21:47:28,122 fastDTW between vertices (246, 25). Time: 0.0004279613494873047s
2026-06-21 21:47:28,123 fastDTW between vertices (246, 161). Time: 0.0006554126739501953s
2026-06-21 21:47:28,124 fastDTW between vertices (246, 41). Time: 0.0007123947143554688s
2026-06-21 21:47:28,124 fastDTW between vertices (246, 253). Time: 0.0006697177886962891s
2026-06-21 21:47:28,125 fastDTW between vertices (246, 122). Time: 0.0007960796356201172s
2026-06-21 21:47:28,126 fastDTW between vertices (246, 162). Time: 0.0006461143493652344s
2026-06-21 21:47:28,126 fastDTW between vertices (246, 230). Time: 0.00041937828063964844s
2026-06-21 21:47:28,127 fastDTW between vertices (246, 59). Time: 0.0006492137908935547s
2026-06-21 21:47:28,128 fastDTW between vertices (246, 261). Time: 0.0006923675537109375s
2026-06-21 21:47:28,129 fastDTW between vertices (246, 168). Time: 0.0007786750793457031s
2026-06-21 21:47:28,129 fastDTW between vertices (246, 264). Time: 0.0007786750793457031s
2026-06-21 21:47:28,130 fastDTW between vertices (246, 207). Time: 0.0004153251647949219s
2026-06-21 21:47:28,131 fastDTW between vertices (246, 244). Time: 0.0006632804870605469s
2026-06-21 21:47:28,131 fastDTW between vertices (246, 115). Time: 0.00041222572326660156s
2026-06-21 21:47:28,132 fastDTW between vertices (246, 62). Time: 0.0007104873657226562s
2026-06-21 21:47:28,132 fastDTW between vertices (246, 155). Time: 0.0004184246063232422s
2026-06-21 21:47:28,133 fastDTW between vertices (228, 25). Time: 0.0006656646728515625s
2026-06-21 21:47:28,133 fastDTW between vertices (228, 161). Time: 0.0005195140838623047s
2026-06-21 21:47:28,134 fastDTW between vertices (228, 41). Time: 0.0005936622619628906s
2026-06-21 21:47:28,135 fastDTW between vertices (228, 253). Time: 0.0006244182586669922s
2026-06-21 21:47:28,135 fastDTW between vertices (228, 122). Time: 0.0005500316619873047s
2026-06-21 21:47:28,136 fastDTW between vertices (228, 162). Time: 0.0004913806915283203s
2026-06-21 21:47:28,136 fastDTW between vertices (228, 230). Time: 0.0006728172302246094s
2026-06-21 21:47:28,137 fastDTW between vertices (228, 59). Time: 0.0004878044128417969s
2026-06-21 21:47:28,137 fastDTW between vertices (228, 261). Time: 0.00028443336486816406s
2026-06-21 21:47:28,138 fastDTW between vertices (228, 168). Time: 0.0004305839538574219s
2026-06-21 21:47:28,138 fastDTW between vertices (228, 264). Time: 0.00040912628173828125s
2026-06-21 21:47:28,139 fastDTW between vertices (228, 207). Time: 0.0006763935089111328s
2026-06-21 21:47:28,139 fastDTW between vertices (228, 244). Time: 0.0005176067352294922s
2026-06-21 21:47:28,140 fastDTW between vertices (228, 115). Time: 0.0006687641143798828s
2026-06-21 21:47:28,141 fastDTW between vertices (228, 62). Time: 0.0005879402160644531s
2026-06-21 21:47:28,142 fastDTW between vertices (228, 155). Time: 0.0006856918334960938s
2026-06-21 21:47:28,142 fastDTW between vertices (245, 163). Time: 0.0006346702575683594s
2026-06-21 21:47:28,143 fastDTW between vertices (245, 58). Time: 0.0006296634674072266s
2026-06-21 21:47:28,144 fastDTW between vertices (245, 127). Time: 0.0006985664367675781s
2026-06-21 21:47:28,144 fastDTW between vertices (245, 151). Time: 0.0007243156433105469s
2026-06-21 21:47:28,145 fastDTW between vertices (245, 24). Time: 0.0007734298706054688s
2026-06-21 21:47:28,146 fastDTW between vertices (245, 167). Time: 0.0007576942443847656s
2026-06-21 21:47:28,147 fastDTW between vertices (245, 171). Time: 0.0006289482116699219s
2026-06-21 21:47:28,147 fastDTW between vertices (245, 88). Time: 0.0006263256072998047s
2026-06-21 21:47:28,148 fastDTW between vertices (245, 46). Time: 0.0007534027099609375s
2026-06-21 21:47:28,149 fastDTW between vertices (245, 119). Time: 0.0007572174072265625s
2026-06-21 21:47:28,150 fastDTW between vertices (245, 64). Time: 0.0007565021514892578s
2026-06-21 21:47:28,150 fastDTW between vertices (245, 32). Time: 0.0007569789886474609s
2026-06-21 21:47:28,151 fastDTW between vertices (245, 35). Time: 0.0007719993591308594s
2026-06-21 21:47:28,152 fastDTW between vertices (245, 203). Time: 0.0006284713745117188s
2026-06-21 21:47:28,153 fastDTW between vertices (245, 9). Time: 0.0008001327514648438s
2026-06-21 21:47:28,153 fastDTW between vertices (245, 187). Time: 0.000637054443359375s
2026-06-21 21:47:28,154 fastDTW between vertices (152, 163). Time: 0.0006265640258789062s
2026-06-21 21:47:28,155 fastDTW between vertices (152, 58). Time: 0.0006289482116699219s
2026-06-21 21:47:28,155 fastDTW between vertices (152, 127). Time: 0.0004482269287109375s
2026-06-21 21:47:28,156 fastDTW between vertices (152, 151). Time: 0.0005831718444824219s
2026-06-21 21:47:28,156 fastDTW between vertices (152, 24). Time: 0.0005972385406494141s
2026-06-21 21:47:28,157 fastDTW between vertices (152, 167). Time: 0.0005609989166259766s
2026-06-21 21:47:28,158 fastDTW between vertices (152, 171). Time: 0.00063323974609375s
2026-06-21 21:47:28,158 fastDTW between vertices (152, 88). Time: 0.0006372928619384766s
2026-06-21 21:47:28,159 fastDTW between vertices (152, 46). Time: 0.0005350112915039062s
2026-06-21 21:47:28,159 fastDTW between vertices (152, 119). Time: 0.0005762577056884766s
2026-06-21 21:47:28,160 fastDTW between vertices (152, 64). Time: 0.0005691051483154297s
2026-06-21 21:47:28,161 fastDTW between vertices (152, 32). Time: 0.0005440711975097656s
2026-06-21 21:47:28,161 fastDTW between vertices (152, 35). Time: 0.0005741119384765625s
2026-06-21 21:47:28,162 fastDTW between vertices (152, 203). Time: 0.0006210803985595703s
2026-06-21 21:47:28,163 fastDTW between vertices (152, 9). Time: 0.0006492137908935547s
2026-06-21 21:47:28,163 fastDTW between vertices (152, 187). Time: 0.0006296634674072266s
2026-06-21 21:47:28,164 fastDTW between vertices (182, 25). Time: 0.0006010532379150391s
2026-06-21 21:47:28,165 fastDTW between vertices (182, 161). Time: 0.0006549358367919922s
2026-06-21 21:47:28,165 fastDTW between vertices (182, 41). Time: 0.0006902217864990234s
2026-06-21 21:47:28,166 fastDTW between vertices (182, 253). Time: 0.0007009506225585938s
2026-06-21 21:47:28,167 fastDTW between vertices (182, 122). Time: 0.0006825923919677734s
2026-06-21 21:47:28,167 fastDTW between vertices (182, 162). Time: 0.0006337165832519531s
2026-06-21 21:47:28,168 fastDTW between vertices (182, 230). Time: 0.0006003379821777344s
2026-06-21 21:47:28,169 fastDTW between vertices (182, 59). Time: 0.0006377696990966797s
2026-06-21 21:47:28,169 fastDTW between vertices (182, 261). Time: 0.00045800209045410156s
2026-06-21 21:47:28,170 fastDTW between vertices (182, 168). Time: 0.0006012916564941406s
2026-06-21 21:47:28,170 fastDTW between vertices (182, 264). Time: 0.000560760498046875s
2026-06-21 21:47:28,171 fastDTW between vertices (182, 207). Time: 0.0006008148193359375s
2026-06-21 21:47:28,172 fastDTW between vertices (182, 244). Time: 0.0006482601165771484s
2026-06-21 21:47:28,172 fastDTW between vertices (182, 115). Time: 0.0006058216094970703s
2026-06-21 21:47:28,173 fastDTW between vertices (182, 62). Time: 0.0006844997406005859s
2026-06-21 21:47:28,174 fastDTW between vertices (182, 155). Time: 0.0006024837493896484s
2026-06-21 21:47:28,174 fastDTW between vertices (75, 154). Time: 0.0007147789001464844s
2026-06-21 21:47:28,175 fastDTW between vertices (75, 54). Time: 0.0007741451263427734s
2026-06-21 21:47:28,176 fastDTW between vertices (75, 23). Time: 0.0007143020629882812s
2026-06-21 21:47:28,177 fastDTW between vertices (75, 10). Time: 0.0007522106170654297s
2026-06-21 21:47:28,178 fastDTW between vertices (75, 5). Time: 0.0008149147033691406s
2026-06-21 21:47:28,178 fastDTW between vertices (75, 198). Time: 0.0007157325744628906s
2026-06-21 21:47:28,179 fastDTW between vertices (75, 103). Time: 0.0007081031799316406s
2026-06-21 21:47:28,180 fastDTW between vertices (75, 2). Time: 0.00066375732421875s
2026-06-21 21:47:28,180 fastDTW between vertices (75, 165). Time: 0.0006818771362304688s
2026-06-21 21:47:28,181 fastDTW between vertices (75, 180). Time: 0.0007536411285400391s
2026-06-21 21:47:28,182 fastDTW between vertices (75, 188). Time: 0.0006952285766601562s
2026-06-21 21:47:28,183 fastDTW between vertices (75, 43). Time: 0.0007257461547851562s
2026-06-21 21:47:28,183 fastDTW between vertices (75, 160). Time: 0.0006878376007080078s
2026-06-21 21:47:28,184 fastDTW between vertices (75, 114). Time: 0.0006654262542724609s
2026-06-21 21:47:28,185 fastDTW between vertices (75, 31). Time: 0.0006489753723144531s
2026-06-21 21:47:28,186 fastDTW between vertices (75, 221). Time: 0.0007185935974121094s
2026-06-21 21:47:28,186 fastDTW between vertices (197, 25). Time: 0.0006706714630126953s
2026-06-21 21:47:28,187 fastDTW between vertices (197, 161). Time: 0.0005185604095458984s
2026-06-21 21:47:28,187 fastDTW between vertices (197, 41). Time: 0.0006010532379150391s
2026-06-21 21:47:28,188 fastDTW between vertices (197, 253). Time: 0.0006201267242431641s
2026-06-21 21:47:28,189 fastDTW between vertices (197, 122). Time: 0.0005524158477783203s
2026-06-21 21:47:28,189 fastDTW between vertices (197, 162). Time: 0.0004999637603759766s
2026-06-21 21:47:28,190 fastDTW between vertices (197, 230). Time: 0.0006611347198486328s
2026-06-21 21:47:28,190 fastDTW between vertices (197, 59). Time: 0.0004889965057373047s
2026-06-21 21:47:28,191 fastDTW between vertices (197, 261). Time: 0.0002722740173339844s
2026-06-21 21:47:28,191 fastDTW between vertices (197, 168). Time: 0.0004363059997558594s
2026-06-21 21:47:28,192 fastDTW between vertices (197, 264). Time: 0.0003952980041503906s
2026-06-21 21:47:28,192 fastDTW between vertices (197, 207). Time: 0.0006725788116455078s
2026-06-21 21:47:28,193 fastDTW between vertices (197, 244). Time: 0.0005118846893310547s
2026-06-21 21:47:28,193 fastDTW between vertices (197, 115). Time: 0.0006709098815917969s
2026-06-21 21:47:28,194 fastDTW between vertices (197, 62). Time: 0.0005965232849121094s
2026-06-21 21:47:28,195 fastDTW between vertices (197, 155). Time: 0.000659942626953125s
2026-06-21 21:47:28,195 fastDTW between vertices (86, 163). Time: 0.0006051063537597656s
2026-06-21 21:47:28,196 fastDTW between vertices (86, 58). Time: 0.0005919933319091797s
2026-06-21 21:47:28,197 fastDTW between vertices (86, 127). Time: 0.0006806850433349609s
2026-06-21 21:47:28,197 fastDTW between vertices (86, 151). Time: 0.000705718994140625s
2026-06-21 21:47:28,198 fastDTW between vertices (86, 24). Time: 0.0007562637329101562s
2026-06-21 21:47:28,199 fastDTW between vertices (86, 167). Time: 0.0007650852203369141s
2026-06-21 21:47:28,200 fastDTW between vertices (86, 171). Time: 0.0005979537963867188s
2026-06-21 21:47:28,200 fastDTW between vertices (86, 88). Time: 0.0006000995635986328s
2026-06-21 21:47:28,201 fastDTW between vertices (86, 46). Time: 0.0007307529449462891s
2026-06-21 21:47:28,202 fastDTW between vertices (86, 119). Time: 0.0007522106170654297s
2026-06-21 21:47:28,203 fastDTW between vertices (86, 64). Time: 0.0008289813995361328s
2026-06-21 21:47:28,204 fastDTW between vertices (86, 32). Time: 0.000766754150390625s
2026-06-21 21:47:28,204 fastDTW between vertices (86, 35). Time: 0.0007500648498535156s
2026-06-21 21:47:28,205 fastDTW between vertices (86, 203). Time: 0.0005939006805419922s
2026-06-21 21:47:28,206 fastDTW between vertices (86, 9). Time: 0.0007741451263427734s
2026-06-21 21:47:28,206 fastDTW between vertices (86, 187). Time: 0.0006022453308105469s
2026-06-21 21:47:28,207 fastDTW between vertices (87, 25). Time: 0.00037670135498046875s
2026-06-21 21:47:28,207 fastDTW between vertices (87, 161). Time: 0.0006003379821777344s
2026-06-21 21:47:28,208 fastDTW between vertices (87, 41). Time: 0.0006682872772216797s
2026-06-21 21:47:28,209 fastDTW between vertices (87, 253). Time: 0.0005974769592285156s
2026-06-21 21:47:28,210 fastDTW between vertices (87, 122). Time: 0.0007729530334472656s
2026-06-21 21:47:28,210 fastDTW between vertices (87, 162). Time: 0.0005924701690673828s
2026-06-21 21:47:28,211 fastDTW between vertices (87, 230). Time: 0.00037169456481933594s
2026-06-21 21:47:28,211 fastDTW between vertices (87, 59). Time: 0.0005927085876464844s
2026-06-21 21:47:28,212 fastDTW between vertices (87, 261). Time: 0.0006837844848632812s
2026-06-21 21:47:28,213 fastDTW between vertices (87, 168). Time: 0.0007472038269042969s
2026-06-21 21:47:28,213 fastDTW between vertices (87, 264). Time: 0.0007758140563964844s
2026-06-21 21:47:28,214 fastDTW between vertices (87, 207). Time: 0.0003743171691894531s
2026-06-21 21:47:28,214 fastDTW between vertices (87, 244). Time: 0.0006043910980224609s
2026-06-21 21:47:28,215 fastDTW between vertices (87, 115). Time: 0.00037407875061035156s
2026-06-21 21:47:28,216 fastDTW between vertices (87, 62). Time: 0.0006797313690185547s
2026-06-21 21:47:28,216 fastDTW between vertices (87, 155). Time: 0.00037407875061035156s
2026-06-21 21:47:28,217 fastDTW between vertices (217, 25). Time: 0.0006830692291259766s
2026-06-21 21:47:28,217 fastDTW between vertices (217, 161). Time: 0.000514984130859375s
2026-06-21 21:47:28,218 fastDTW between vertices (217, 41). Time: 0.0005841255187988281s
2026-06-21 21:47:28,218 fastDTW between vertices (217, 253). Time: 0.0006301403045654297s
2026-06-21 21:47:28,219 fastDTW between vertices (217, 122). Time: 0.000537872314453125s
2026-06-21 21:47:28,220 fastDTW between vertices (217, 162). Time: 0.0004932880401611328s
2026-06-21 21:47:28,220 fastDTW between vertices (217, 230). Time: 0.0006651878356933594s
2026-06-21 21:47:28,221 fastDTW between vertices (217, 59). Time: 0.00048732757568359375s
2026-06-21 21:47:28,221 fastDTW between vertices (217, 261). Time: 0.00028133392333984375s
2026-06-21 21:47:28,222 fastDTW between vertices (217, 168). Time: 0.0004324913024902344s
2026-06-21 21:47:28,222 fastDTW between vertices (217, 264). Time: 0.00039649009704589844s
2026-06-21 21:47:28,223 fastDTW between vertices (217, 207). Time: 0.0006864070892333984s
2026-06-21 21:47:28,223 fastDTW between vertices (217, 244). Time: 0.0005233287811279297s
2026-06-21 21:47:28,224 fastDTW between vertices (217, 115). Time: 0.0006623268127441406s
2026-06-21 21:47:28,225 fastDTW between vertices (217, 62). Time: 0.0005948543548583984s
2026-06-21 21:47:28,225 fastDTW between vertices (217, 155). Time: 0.0006701946258544922s
2026-06-21 21:47:28,226 fastDTW between vertices (11, 163). Time: 0.0006821155548095703s
2026-06-21 21:47:28,227 fastDTW between vertices (11, 58). Time: 0.0006744861602783203s
2026-06-21 21:47:28,227 fastDTW between vertices (11, 127). Time: 0.0005040168762207031s
2026-06-21 21:47:28,228 fastDTW between vertices (11, 151). Time: 0.0006308555603027344s
2026-06-21 21:47:28,229 fastDTW between vertices (11, 24). Time: 0.0006539821624755859s
2026-06-21 21:47:28,229 fastDTW between vertices (11, 167). Time: 0.0006239414215087891s
2026-06-21 21:47:28,230 fastDTW between vertices (11, 171). Time: 0.0006721019744873047s
2026-06-21 21:47:28,231 fastDTW between vertices (11, 88). Time: 0.0006732940673828125s
2026-06-21 21:47:28,231 fastDTW between vertices (11, 46). Time: 0.0005753040313720703s
2026-06-21 21:47:28,232 fastDTW between vertices (11, 119). Time: 0.0006067752838134766s
2026-06-21 21:47:28,232 fastDTW between vertices (11, 64). Time: 0.0006196498870849609s
2026-06-21 21:47:28,233 fastDTW between vertices (11, 32). Time: 0.0005929470062255859s
2026-06-21 21:47:28,234 fastDTW between vertices (11, 35). Time: 0.0006189346313476562s
2026-06-21 21:47:28,234 fastDTW between vertices (11, 203). Time: 0.0006618499755859375s
2026-06-21 21:47:28,235 fastDTW between vertices (11, 9). Time: 0.0006978511810302734s
2026-06-21 21:47:28,236 fastDTW between vertices (11, 187). Time: 0.0006604194641113281s
2026-06-21 21:47:28,237 fastDTW between vertices (234, 25). Time: 0.0006623268127441406s
2026-06-21 21:47:28,237 fastDTW between vertices (234, 161). Time: 0.0005068778991699219s
2026-06-21 21:47:28,238 fastDTW between vertices (234, 41). Time: 0.0005834102630615234s
2026-06-21 21:47:28,238 fastDTW between vertices (234, 253). Time: 0.0006077289581298828s
2026-06-21 21:47:28,239 fastDTW between vertices (234, 122). Time: 0.0005404949188232422s
2026-06-21 21:47:28,239 fastDTW between vertices (234, 162). Time: 0.0004868507385253906s
2026-06-21 21:47:28,240 fastDTW between vertices (234, 230). Time: 0.0006568431854248047s
2026-06-21 21:47:28,241 fastDTW between vertices (234, 59). Time: 0.0004837512969970703s
2026-06-21 21:47:28,241 fastDTW between vertices (234, 261). Time: 0.0002720355987548828s
2026-06-21 21:47:28,241 fastDTW between vertices (234, 168). Time: 0.0004353523254394531s
2026-06-21 21:47:28,242 fastDTW between vertices (234, 264). Time: 0.0003962516784667969s
2026-06-21 21:47:28,242 fastDTW between vertices (234, 207). Time: 0.0006692409515380859s
2026-06-21 21:47:28,243 fastDTW between vertices (234, 244). Time: 0.0005099773406982422s
2026-06-21 21:47:28,244 fastDTW between vertices (234, 115). Time: 0.0006718635559082031s
2026-06-21 21:47:28,244 fastDTW between vertices (234, 62). Time: 0.0005922317504882812s
2026-06-21 21:47:28,245 fastDTW between vertices (234, 155). Time: 0.0006613731384277344s
2026-06-21 21:47:28,246 fastDTW between vertices (159, 154). Time: 0.0006422996520996094s
2026-06-21 21:47:28,246 fastDTW between vertices (159, 54). Time: 0.0007662773132324219s
2026-06-21 21:47:28,247 fastDTW between vertices (159, 23). Time: 0.0006425380706787109s
2026-06-21 21:47:28,248 fastDTW between vertices (159, 10). Time: 0.0007350444793701172s
2026-06-21 21:47:28,249 fastDTW between vertices (159, 5). Time: 0.0007781982421875s
2026-06-21 21:47:28,249 fastDTW between vertices (159, 198). Time: 0.0006334781646728516s
2026-06-21 21:47:28,250 fastDTW between vertices (159, 103). Time: 0.0006258487701416016s
2026-06-21 21:47:28,251 fastDTW between vertices (159, 2). Time: 0.0005841255187988281s
2026-06-21 21:47:28,251 fastDTW between vertices (159, 165). Time: 0.0005924701690673828s
2026-06-21 21:47:28,252 fastDTW between vertices (159, 180). Time: 0.0007519721984863281s
2026-06-21 21:47:28,253 fastDTW between vertices (159, 188). Time: 0.000621795654296875s
2026-06-21 21:47:28,253 fastDTW between vertices (159, 43). Time: 0.0007364749908447266s
2026-06-21 21:47:28,254 fastDTW between vertices (159, 160). Time: 0.0006175041198730469s
2026-06-21 21:47:28,255 fastDTW between vertices (159, 114). Time: 0.0005695819854736328s
2026-06-21 21:47:28,255 fastDTW between vertices (159, 31). Time: 0.0005638599395751953s
2026-06-21 21:47:28,256 fastDTW between vertices (159, 221). Time: 0.0006248950958251953s
2026-06-21 21:47:28,257 fastDTW between vertices (131, 163). Time: 0.0006067752838134766s
2026-06-21 21:47:28,257 fastDTW between vertices (131, 58). Time: 0.0006108283996582031s
2026-06-21 21:47:28,258 fastDTW between vertices (131, 127). Time: 0.0005707740783691406s
2026-06-21 21:47:28,259 fastDTW between vertices (131, 151). Time: 0.0006346702575683594s
2026-06-21 21:47:28,259 fastDTW between vertices (131, 24). Time: 0.0006663799285888672s
2026-06-21 21:47:28,260 fastDTW between vertices (131, 167). Time: 0.0006511211395263672s
2026-06-21 21:47:28,261 fastDTW between vertices (131, 171). Time: 0.0006036758422851562s
2026-06-21 21:47:28,261 fastDTW between vertices (131, 88). Time: 0.0006020069122314453s
2026-06-21 21:47:28,262 fastDTW between vertices (131, 46). Time: 0.0006244182586669922s
2026-06-21 21:47:28,262 fastDTW between vertices (131, 119). Time: 0.0006392002105712891s
2026-06-21 21:47:28,263 fastDTW between vertices (131, 64). Time: 0.0006401538848876953s
2026-06-21 21:47:28,264 fastDTW between vertices (131, 32). Time: 0.0006365776062011719s
2026-06-21 21:47:28,264 fastDTW between vertices (131, 35). Time: 0.0006494522094726562s
2026-06-21 21:47:28,265 fastDTW between vertices (131, 203). Time: 0.0005998611450195312s
2026-06-21 21:47:28,266 fastDTW between vertices (131, 9). Time: 0.0006861686706542969s
2026-06-21 21:47:28,266 fastDTW between vertices (131, 187). Time: 0.0005996227264404297s
2026-06-21 21:47:28,267 fastDTW between vertices (216, 25). Time: 0.0006754398345947266s
2026-06-21 21:47:28,268 fastDTW between vertices (216, 161). Time: 0.0005197525024414062s
2026-06-21 21:47:28,268 fastDTW between vertices (216, 41). Time: 0.0005950927734375s
2026-06-21 21:47:28,269 fastDTW between vertices (216, 253). Time: 0.0006167888641357422s
2026-06-21 21:47:28,270 fastDTW between vertices (216, 122). Time: 0.0005376338958740234s
2026-06-21 21:47:28,270 fastDTW between vertices (216, 162). Time: 0.0004754066467285156s
2026-06-21 21:47:28,271 fastDTW between vertices (216, 230). Time: 0.0006632804870605469s
2026-06-21 21:47:28,271 fastDTW between vertices (216, 59). Time: 0.0004932880401611328s
2026-06-21 21:47:28,272 fastDTW between vertices (216, 261). Time: 0.00027298927307128906s
2026-06-21 21:47:28,272 fastDTW between vertices (216, 168). Time: 0.00043201446533203125s
2026-06-21 21:47:28,272 fastDTW between vertices (216, 264). Time: 0.0004000663757324219s
2026-06-21 21:47:28,273 fastDTW between vertices (216, 207). Time: 0.0006747245788574219s
2026-06-21 21:47:28,274 fastDTW between vertices (216, 244). Time: 0.0005183219909667969s
2026-06-21 21:47:28,274 fastDTW between vertices (216, 115). Time: 0.0006606578826904297s
2026-06-21 21:47:28,275 fastDTW between vertices (216, 62). Time: 0.0005741119384765625s
2026-06-21 21:47:28,276 fastDTW between vertices (216, 155). Time: 0.0006549358367919922s
2026-06-21 21:47:28,276 fastDTW between vertices (141, 163). Time: 0.0006732940673828125s
2026-06-21 21:47:28,277 fastDTW between vertices (141, 58). Time: 0.000659942626953125s
2026-06-21 21:47:28,278 fastDTW between vertices (141, 127). Time: 0.0004949569702148438s
2026-06-21 21:47:28,278 fastDTW between vertices (141, 151). Time: 0.0006344318389892578s
2026-06-21 21:47:28,279 fastDTW between vertices (141, 24). Time: 0.0006380081176757812s
2026-06-21 21:47:28,280 fastDTW between vertices (141, 167). Time: 0.0006172657012939453s
2026-06-21 21:47:28,280 fastDTW between vertices (141, 171). Time: 0.0006659030914306641s
2026-06-21 21:47:28,281 fastDTW between vertices (141, 88). Time: 0.0006582736968994141s
2026-06-21 21:47:28,281 fastDTW between vertices (141, 46). Time: 0.0005807876586914062s
2026-06-21 21:47:28,282 fastDTW between vertices (141, 119). Time: 0.0006175041198730469s
2026-06-21 21:47:28,283 fastDTW between vertices (141, 64). Time: 0.0006186962127685547s
2026-06-21 21:47:28,283 fastDTW between vertices (141, 32). Time: 0.0005974769592285156s
2026-06-21 21:47:28,284 fastDTW between vertices (141, 35). Time: 0.0006163120269775391s
2026-06-21 21:47:28,285 fastDTW between vertices (141, 203). Time: 0.0006747245788574219s
2026-06-21 21:47:28,285 fastDTW between vertices (141, 9). Time: 0.0007026195526123047s
2026-06-21 21:47:28,286 fastDTW between vertices (141, 187). Time: 0.0006687641143798828s
2026-06-21 21:47:28,287 fastDTW between vertices (45, 163). Time: 0.0006623268127441406s
2026-06-21 21:47:28,288 fastDTW between vertices (45, 58). Time: 0.0006639957427978516s
2026-06-21 21:47:28,288 fastDTW between vertices (45, 127). Time: 0.0004878044128417969s
2026-06-21 21:47:28,289 fastDTW between vertices (45, 151). Time: 0.0006215572357177734s
2026-06-21 21:47:28,289 fastDTW between vertices (45, 24). Time: 0.0006449222564697266s
2026-06-21 21:47:28,290 fastDTW between vertices (45, 167). Time: 0.0006105899810791016s
2026-06-21 21:47:28,291 fastDTW between vertices (45, 171). Time: 0.0006802082061767578s
2026-06-21 21:47:28,291 fastDTW between vertices (45, 88). Time: 0.0006682872772216797s
2026-06-21 21:47:28,292 fastDTW between vertices (45, 46). Time: 0.0005838871002197266s
2026-06-21 21:47:28,293 fastDTW between vertices (45, 119). Time: 0.0006234645843505859s
2026-06-21 21:47:28,293 fastDTW between vertices (45, 64). Time: 0.0006189346313476562s
2026-06-21 21:47:28,294 fastDTW between vertices (45, 32). Time: 0.0005898475646972656s
2026-06-21 21:47:28,295 fastDTW between vertices (45, 35). Time: 0.0006201267242431641s
2026-06-21 21:47:28,295 fastDTW between vertices (45, 203). Time: 0.0006716251373291016s
2026-06-21 21:47:28,296 fastDTW between vertices (45, 9). Time: 0.0006957054138183594s
2026-06-21 21:47:28,297 fastDTW between vertices (45, 187). Time: 0.0006747245788574219s
2026-06-21 21:47:28,297 fastDTW between vertices (52, 163). Time: 0.0006327629089355469s
2026-06-21 21:47:28,298 fastDTW between vertices (52, 58). Time: 0.000621795654296875s
2026-06-21 21:47:28,299 fastDTW between vertices (52, 127). Time: 0.0006537437438964844s
2026-06-21 21:47:28,299 fastDTW between vertices (52, 151). Time: 0.0006914138793945312s
2026-06-21 21:47:28,300 fastDTW between vertices (52, 24). Time: 0.0007388591766357422s
2026-06-21 21:47:28,301 fastDTW between vertices (52, 167). Time: 0.0007252693176269531s
2026-06-21 21:47:28,302 fastDTW between vertices (52, 171). Time: 0.0006380081176757812s
2026-06-21 21:47:28,302 fastDTW between vertices (52, 88). Time: 0.0006322860717773438s
2026-06-21 21:47:28,303 fastDTW between vertices (52, 46). Time: 0.0006992816925048828s
2026-06-21 21:47:28,304 fastDTW between vertices (52, 119). Time: 0.0007231235504150391s
2026-06-21 21:47:28,305 fastDTW between vertices (52, 64). Time: 0.0007395744323730469s
2026-06-21 21:47:28,305 fastDTW between vertices (52, 32). Time: 0.0007257461547851562s
2026-06-21 21:47:28,306 fastDTW between vertices (52, 35). Time: 0.0007212162017822266s
2026-06-21 21:47:28,307 fastDTW between vertices (52, 203). Time: 0.0006287097930908203s
2026-06-21 21:47:28,307 fastDTW between vertices (52, 9). Time: 0.0007655620574951172s
2026-06-21 21:47:28,308 fastDTW between vertices (52, 187). Time: 0.0006299018859863281s
2026-06-21 21:47:28,309 fastDTW between vertices (101, 25). Time: 0.0005421638488769531s
2026-06-21 21:47:28,309 fastDTW between vertices (101, 161). Time: 0.0006656646728515625s
2026-06-21 21:47:28,310 fastDTW between vertices (101, 41). Time: 0.0007741451263427734s
2026-06-21 21:47:28,311 fastDTW between vertices (101, 253). Time: 0.0007162094116210938s
2026-06-21 21:47:28,312 fastDTW between vertices (101, 122). Time: 0.0008494853973388672s
2026-06-21 21:47:28,313 fastDTW between vertices (101, 162). Time: 0.0006508827209472656s
2026-06-21 21:47:28,313 fastDTW between vertices (101, 230). Time: 0.0005338191986083984s
2026-06-21 21:47:28,314 fastDTW between vertices (101, 59). Time: 0.0006558895111083984s
2026-06-21 21:47:28,314 fastDTW between vertices (101, 261). Time: 0.0007014274597167969s
2026-06-21 21:47:28,315 fastDTW between vertices (101, 168). Time: 0.0007863044738769531s
2026-06-21 21:47:28,316 fastDTW between vertices (101, 264). Time: 0.0007750988006591797s
2026-06-21 21:47:28,317 fastDTW between vertices (101, 207). Time: 0.0005419254302978516s
2026-06-21 21:47:28,317 fastDTW between vertices (101, 244). Time: 0.0006699562072753906s
2026-06-21 21:47:28,318 fastDTW between vertices (101, 115). Time: 0.0005428791046142578s
2026-06-21 21:47:28,319 fastDTW between vertices (101, 62). Time: 0.0007917881011962891s
2026-06-21 21:47:28,319 fastDTW between vertices (101, 155). Time: 0.0005507469177246094s
2026-06-21 21:47:28,320 fastDTW between vertices (214, 25). Time: 0.0006690025329589844s
2026-06-21 21:47:28,321 fastDTW between vertices (214, 161). Time: 0.0005135536193847656s
2026-06-21 21:47:28,321 fastDTW between vertices (214, 41). Time: 0.0006039142608642578s
2026-06-21 21:47:28,322 fastDTW between vertices (214, 253). Time: 0.0006208419799804688s
2026-06-21 21:47:28,322 fastDTW between vertices (214, 122). Time: 0.0005464553833007812s
2026-06-21 21:47:28,323 fastDTW between vertices (214, 162). Time: 0.0004887580871582031s
2026-06-21 21:47:28,324 fastDTW between vertices (214, 230). Time: 0.0006678104400634766s
2026-06-21 21:47:28,324 fastDTW between vertices (214, 59). Time: 0.0004913806915283203s
2026-06-21 21:47:28,324 fastDTW between vertices (214, 261). Time: 0.00027298927307128906s
2026-06-21 21:47:28,325 fastDTW between vertices (214, 168). Time: 0.00043129920959472656s
2026-06-21 21:47:28,325 fastDTW between vertices (214, 264). Time: 0.0003991127014160156s
2026-06-21 21:47:28,326 fastDTW between vertices (214, 207). Time: 0.0006718635559082031s
2026-06-21 21:47:28,327 fastDTW between vertices (214, 244). Time: 0.0005099773406982422s
2026-06-21 21:47:28,327 fastDTW between vertices (214, 115). Time: 0.0006625652313232422s
2026-06-21 21:47:28,328 fastDTW between vertices (214, 62). Time: 0.0005831718444824219s
2026-06-21 21:47:28,329 fastDTW between vertices (214, 155). Time: 0.0006659030914306641s
2026-06-21 21:47:28,329 fastDTW between vertices (69, 25). Time: 0.0005617141723632812s
2026-06-21 21:47:28,330 fastDTW between vertices (69, 161). Time: 0.0006415843963623047s
2026-06-21 21:47:28,331 fastDTW between vertices (69, 41). Time: 0.0006663799285888672s
2026-06-21 21:47:28,331 fastDTW between vertices (69, 253). Time: 0.00067901611328125s
2026-06-21 21:47:28,332 fastDTW between vertices (69, 122). Time: 0.0006475448608398438s
2026-06-21 21:47:28,333 fastDTW between vertices (69, 162). Time: 0.0006313323974609375s
2026-06-21 21:47:28,333 fastDTW between vertices (69, 230). Time: 0.0005621910095214844s
2026-06-21 21:47:28,334 fastDTW between vertices (69, 59). Time: 0.0006203651428222656s
2026-06-21 21:47:28,334 fastDTW between vertices (69, 261). Time: 0.0004448890686035156s
2026-06-21 21:47:28,335 fastDTW between vertices (69, 168). Time: 0.0005855560302734375s
2026-06-21 21:47:28,336 fastDTW between vertices (69, 264). Time: 0.0005526542663574219s
2026-06-21 21:47:28,336 fastDTW between vertices (69, 207). Time: 0.0005714893341064453s
2026-06-21 21:47:28,337 fastDTW between vertices (69, 244). Time: 0.000644683837890625s
2026-06-21 21:47:28,337 fastDTW between vertices (69, 115). Time: 0.0005590915679931641s
2026-06-21 21:47:28,338 fastDTW between vertices (69, 62). Time: 0.0006678104400634766s
2026-06-21 21:47:28,339 fastDTW between vertices (69, 155). Time: 0.0005698204040527344s
2026-06-21 21:47:28,339 fastDTW between vertices (125, 25). Time: 0.0006206035614013672s
2026-06-21 21:47:28,340 fastDTW between vertices (125, 161). Time: 0.0006880760192871094s
2026-06-21 21:47:28,341 fastDTW between vertices (125, 41). Time: 0.0007336139678955078s
2026-06-21 21:47:28,342 fastDTW between vertices (125, 253). Time: 0.0007462501525878906s
2026-06-21 21:47:28,342 fastDTW between vertices (125, 122). Time: 0.0007252693176269531s
2026-06-21 21:47:28,343 fastDTW between vertices (125, 162). Time: 0.0006754398345947266s
2026-06-21 21:47:28,344 fastDTW between vertices (125, 230). Time: 0.0006153583526611328s
2026-06-21 21:47:28,344 fastDTW between vertices (125, 59). Time: 0.0006773471832275391s
2026-06-21 21:47:28,345 fastDTW between vertices (125, 261). Time: 0.0005011558532714844s
2026-06-21 21:47:28,346 fastDTW between vertices (125, 168). Time: 0.0006554126739501953s
2026-06-21 21:47:28,346 fastDTW between vertices (125, 264). Time: 0.0006270408630371094s
2026-06-21 21:47:28,347 fastDTW between vertices (125, 207). Time: 0.0006220340728759766s
2026-06-21 21:47:28,348 fastDTW between vertices (125, 244). Time: 0.0006978511810302734s
2026-06-21 21:47:28,348 fastDTW between vertices (125, 115). Time: 0.0006213188171386719s
2026-06-21 21:47:28,349 fastDTW between vertices (125, 62). Time: 0.0007359981536865234s
2026-06-21 21:47:28,350 fastDTW between vertices (125, 155). Time: 0.00061798095703125s
2026-06-21 21:47:28,350 fastDTW between vertices (170, 25). Time: 0.0004911422729492188s
2026-06-21 21:47:28,351 fastDTW between vertices (170, 161). Time: 0.0006680488586425781s
2026-06-21 21:47:28,352 fastDTW between vertices (170, 41). Time: 0.0006663799285888672s
2026-06-21 21:47:28,352 fastDTW between vertices (170, 253). Time: 0.0006768703460693359s
2026-06-21 21:47:28,353 fastDTW between vertices (170, 122). Time: 0.0006506443023681641s
2026-06-21 21:47:28,354 fastDTW between vertices (170, 162). Time: 0.0006685256958007812s
2026-06-21 21:47:28,354 fastDTW between vertices (170, 230). Time: 0.00048828125s
2026-06-21 21:47:28,355 fastDTW between vertices (170, 59). Time: 0.0006616115570068359s
2026-06-21 21:47:28,355 fastDTW between vertices (170, 261). Time: 0.0004985332489013672s
2026-06-21 21:47:28,356 fastDTW between vertices (170, 168). Time: 0.0006396770477294922s
2026-06-21 21:47:28,357 fastDTW between vertices (170, 264). Time: 0.0006244182586669922s
2026-06-21 21:47:28,357 fastDTW between vertices (170, 207). Time: 0.0004897117614746094s
2026-06-21 21:47:28,358 fastDTW between vertices (170, 244). Time: 0.0006775856018066406s
2026-06-21 21:47:28,358 fastDTW between vertices (170, 115). Time: 0.0004911422729492188s
2026-06-21 21:47:28,359 fastDTW between vertices (170, 62). Time: 0.0006706714630126953s
2026-06-21 21:47:28,360 fastDTW between vertices (170, 155). Time: 0.0004878044128417969s
2026-06-21 21:47:28,360 fastDTW between vertices (209, 163). Time: 0.0006725788116455078s
2026-06-21 21:47:28,361 fastDTW between vertices (209, 58). Time: 0.0006647109985351562s
2026-06-21 21:47:28,362 fastDTW between vertices (209, 127). Time: 0.000492095947265625s
2026-06-21 21:47:28,362 fastDTW between vertices (209, 151). Time: 0.0006337165832519531s
2026-06-21 21:47:28,363 fastDTW between vertices (209, 24). Time: 0.0006489753723144531s
2026-06-21 21:47:28,364 fastDTW between vertices (209, 167). Time: 0.0006191730499267578s
2026-06-21 21:47:28,364 fastDTW between vertices (209, 171). Time: 0.0006768703460693359s
2026-06-21 21:47:28,365 fastDTW between vertices (209, 88). Time: 0.0006699562072753906s
2026-06-21 21:47:28,366 fastDTW between vertices (209, 46). Time: 0.0005998611450195312s
2026-06-21 21:47:28,366 fastDTW between vertices (209, 119). Time: 0.0006301403045654297s
2026-06-21 21:47:28,367 fastDTW between vertices (209, 64). Time: 0.0006229877471923828s
2026-06-21 21:47:28,368 fastDTW between vertices (209, 32). Time: 0.0005996227264404297s
2026-06-21 21:47:28,368 fastDTW between vertices (209, 35). Time: 0.0006229877471923828s
2026-06-21 21:47:28,369 fastDTW between vertices (209, 203). Time: 0.0006711483001708984s
2026-06-21 21:47:28,370 fastDTW between vertices (209, 9). Time: 0.0007033348083496094s
2026-06-21 21:47:28,370 fastDTW between vertices (209, 187). Time: 0.0006744861602783203s
2026-06-21 21:47:28,371 fastDTW between vertices (102, 25). Time: 0.0004894733428955078s
2026-06-21 21:47:28,372 fastDTW between vertices (102, 161). Time: 0.0006778240203857422s
2026-06-21 21:47:28,372 fastDTW between vertices (102, 41). Time: 0.0006697177886962891s
2026-06-21 21:47:28,373 fastDTW between vertices (102, 253). Time: 0.0006763935089111328s
2026-06-21 21:47:28,374 fastDTW between vertices (102, 122). Time: 0.0006573200225830078s
2026-06-21 21:47:28,374 fastDTW between vertices (102, 162). Time: 0.0006673336029052734s
2026-06-21 21:47:28,375 fastDTW between vertices (102, 230). Time: 0.0004913806915283203s
2026-06-21 21:47:28,376 fastDTW between vertices (102, 59). Time: 0.0006685256958007812s
2026-06-21 21:47:28,376 fastDTW between vertices (102, 261). Time: 0.0004909038543701172s
2026-06-21 21:47:28,377 fastDTW between vertices (102, 168). Time: 0.000652313232421875s
2026-06-21 21:47:28,377 fastDTW between vertices (102, 264). Time: 0.0006244182586669922s
2026-06-21 21:47:28,378 fastDTW between vertices (102, 207). Time: 0.000492095947265625s
2026-06-21 21:47:28,379 fastDTW between vertices (102, 244). Time: 0.0006754398345947266s
2026-06-21 21:47:28,379 fastDTW between vertices (102, 115). Time: 0.0004887580871582031s
2026-06-21 21:47:28,380 fastDTW between vertices (102, 62). Time: 0.0006670951843261719s
2026-06-21 21:47:28,380 fastDTW between vertices (102, 155). Time: 0.0004963874816894531s
2026-06-21 21:47:28,381 fastDTW between vertices (248, 25). Time: 0.00038504600524902344s
2026-06-21 21:47:28,381 fastDTW between vertices (248, 161). Time: 0.0006058216094970703s
2026-06-21 21:47:28,382 fastDTW between vertices (248, 41). Time: 0.0006771087646484375s
2026-06-21 21:47:28,383 fastDTW between vertices (248, 253). Time: 0.00060272216796875s
2026-06-21 21:47:28,384 fastDTW between vertices (248, 122). Time: 0.0007731914520263672s
2026-06-21 21:47:28,384 fastDTW between vertices (248, 162). Time: 0.0005960464477539062s
2026-06-21 21:47:28,385 fastDTW between vertices (248, 230). Time: 0.00038552284240722656s
2026-06-21 21:47:28,385 fastDTW between vertices (248, 59). Time: 0.0006003379821777344s
2026-06-21 21:47:28,386 fastDTW between vertices (248, 261). Time: 0.0006787776947021484s
2026-06-21 21:47:28,387 fastDTW between vertices (248, 168). Time: 0.0007457733154296875s
2026-06-21 21:47:28,387 fastDTW between vertices (248, 264). Time: 0.0007801055908203125s
2026-06-21 21:47:28,388 fastDTW between vertices (248, 207). Time: 0.00037860870361328125s
2026-06-21 21:47:28,388 fastDTW between vertices (248, 244). Time: 0.0006012916564941406s
2026-06-21 21:47:28,389 fastDTW between vertices (248, 115). Time: 0.000377655029296875s
2026-06-21 21:47:28,390 fastDTW between vertices (248, 62). Time: 0.0006825923919677734s
2026-06-21 21:47:28,390 fastDTW between vertices (248, 155). Time: 0.0003790855407714844s
2026-06-21 21:47:28,391 fastDTW between vertices (249, 163). Time: 0.0006082057952880859s
2026-06-21 21:47:28,391 fastDTW between vertices (249, 58). Time: 0.0005927085876464844s
2026-06-21 21:47:28,392 fastDTW between vertices (249, 127). Time: 0.0006949901580810547s
2026-06-21 21:47:28,393 fastDTW between vertices (249, 151). Time: 0.0007064342498779297s
2026-06-21 21:47:28,394 fastDTW between vertices (249, 24). Time: 0.0007462501525878906s
2026-06-21 21:47:28,394 fastDTW between vertices (249, 167). Time: 0.0007381439208984375s
2026-06-21 21:47:28,395 fastDTW between vertices (249, 171). Time: 0.0005884170532226562s
2026-06-21 21:47:28,396 fastDTW between vertices (249, 88). Time: 0.000591278076171875s
2026-06-21 21:47:28,396 fastDTW between vertices (249, 46). Time: 0.0007236003875732422s
2026-06-21 21:47:28,397 fastDTW between vertices (249, 119). Time: 0.000743865966796875s
2026-06-21 21:47:28,398 fastDTW between vertices (249, 64). Time: 0.0007486343383789062s
2026-06-21 21:47:28,399 fastDTW between vertices (249, 32). Time: 0.0007395744323730469s
2026-06-21 21:47:28,399 fastDTW between vertices (249, 35). Time: 0.0007469654083251953s
2026-06-21 21:47:28,400 fastDTW between vertices (249, 203). Time: 0.0005865097045898438s
2026-06-21 21:47:28,401 fastDTW between vertices (249, 9). Time: 0.0007648468017578125s
2026-06-21 21:47:28,401 fastDTW between vertices (249, 187). Time: 0.0005881786346435547s
2026-06-21 21:47:28,402 fastDTW between vertices (157, 25). Time: 0.0005900859832763672s
2026-06-21 21:47:28,403 fastDTW between vertices (157, 161). Time: 0.0006895065307617188s
2026-06-21 21:47:28,404 fastDTW between vertices (157, 41). Time: 0.0007238388061523438s
2026-06-21 21:47:28,404 fastDTW between vertices (157, 253). Time: 0.0007288455963134766s
2026-06-21 21:47:28,405 fastDTW between vertices (157, 122). Time: 0.0007071495056152344s
2026-06-21 21:47:28,406 fastDTW between vertices (157, 162). Time: 0.0006792545318603516s
2026-06-21 21:47:28,406 fastDTW between vertices (157, 230). Time: 0.0005831718444824219s
2026-06-21 21:47:28,407 fastDTW between vertices (157, 59). Time: 0.0006914138793945312s
2026-06-21 21:47:28,408 fastDTW between vertices (157, 261). Time: 0.0005056858062744141s
2026-06-21 21:47:28,408 fastDTW between vertices (157, 168). Time: 0.0006589889526367188s
2026-06-21 21:47:28,409 fastDTW between vertices (157, 264). Time: 0.0006327629089355469s
2026-06-21 21:47:28,410 fastDTW between vertices (157, 207). Time: 0.0005834102630615234s
2026-06-21 21:47:28,410 fastDTW between vertices (157, 244). Time: 0.0006880760192871094s
2026-06-21 21:47:28,411 fastDTW between vertices (157, 115). Time: 0.00057220458984375s
2026-06-21 21:47:28,412 fastDTW between vertices (157, 62). Time: 0.0007257461547851562s
2026-06-21 21:47:28,412 fastDTW between vertices (157, 155). Time: 0.0005810260772705078s
2026-06-21 21:47:28,413 fastDTW between vertices (189, 163). Time: 0.0006427764892578125s
2026-06-21 21:47:28,414 fastDTW between vertices (189, 58). Time: 0.0006380081176757812s
2026-06-21 21:47:28,414 fastDTW between vertices (189, 127). Time: 0.0004642009735107422s
2026-06-21 21:47:28,415 fastDTW between vertices (189, 151). Time: 0.0005962848663330078s
2026-06-21 21:47:28,415 fastDTW between vertices (189, 24). Time: 0.0006258487701416016s
2026-06-21 21:47:28,416 fastDTW between vertices (189, 167). Time: 0.0005815029144287109s
2026-06-21 21:47:28,417 fastDTW between vertices (189, 171). Time: 0.0006437301635742188s
2026-06-21 21:47:28,417 fastDTW between vertices (189, 88). Time: 0.0006418228149414062s
2026-06-21 21:47:28,418 fastDTW between vertices (189, 46). Time: 0.0005466938018798828s
2026-06-21 21:47:28,419 fastDTW between vertices (189, 119). Time: 0.0006144046783447266s
2026-06-21 21:47:28,419 fastDTW between vertices (189, 64). Time: 0.0006012916564941406s
2026-06-21 21:47:28,420 fastDTW between vertices (189, 32). Time: 0.0005624294281005859s
2026-06-21 21:47:28,420 fastDTW between vertices (189, 35). Time: 0.0005981922149658203s
2026-06-21 21:47:28,421 fastDTW between vertices (189, 203). Time: 0.0006334781646728516s
2026-06-21 21:47:28,422 fastDTW between vertices (189, 9). Time: 0.0006647109985351562s
2026-06-21 21:47:28,422 fastDTW between vertices (189, 187). Time: 0.0006365776062011719s
2026-06-21 21:47:28,423 fastDTW between vertices (211, 25). Time: 0.000667572021484375s
2026-06-21 21:47:28,424 fastDTW between vertices (211, 161). Time: 0.0005118846893310547s
2026-06-21 21:47:28,424 fastDTW between vertices (211, 41). Time: 0.0005919933319091797s
2026-06-21 21:47:28,425 fastDTW between vertices (211, 253). Time: 0.0006232261657714844s
2026-06-21 21:47:28,426 fastDTW between vertices (211, 122). Time: 0.0005469322204589844s
2026-06-21 21:47:28,426 fastDTW between vertices (211, 162). Time: 0.0004870891571044922s
2026-06-21 21:47:28,427 fastDTW between vertices (211, 230). Time: 0.0006670951843261719s
2026-06-21 21:47:28,427 fastDTW between vertices (211, 59). Time: 0.0004878044128417969s
2026-06-21 21:47:28,428 fastDTW between vertices (211, 261). Time: 0.0002720355987548828s
2026-06-21 21:47:28,428 fastDTW between vertices (211, 168). Time: 0.00042891502380371094s
2026-06-21 21:47:28,428 fastDTW between vertices (211, 264). Time: 0.00040602684020996094s
2026-06-21 21:47:28,429 fastDTW between vertices (211, 207). Time: 0.0006663799285888672s
2026-06-21 21:47:28,430 fastDTW between vertices (211, 244). Time: 0.0005059242248535156s
2026-06-21 21:47:28,430 fastDTW between vertices (211, 115). Time: 0.0006594657897949219s
2026-06-21 21:47:28,431 fastDTW between vertices (211, 62). Time: 0.0005795955657958984s
2026-06-21 21:47:28,432 fastDTW between vertices (211, 155). Time: 0.0006701946258544922s
2026-06-21 21:47:28,432 fastDTW between vertices (91, 163). Time: 0.0005767345428466797s
2026-06-21 21:47:28,433 fastDTW between vertices (91, 58). Time: 0.0005662441253662109s
2026-06-21 21:47:28,434 fastDTW between vertices (91, 127). Time: 0.000667572021484375s
2026-06-21 21:47:28,434 fastDTW between vertices (91, 151). Time: 0.0006976127624511719s
2026-06-21 21:47:28,435 fastDTW between vertices (91, 24). Time: 0.0007512569427490234s
2026-06-21 21:47:28,436 fastDTW between vertices (91, 167). Time: 0.0008015632629394531s
2026-06-21 21:47:28,436 fastDTW between vertices (91, 171). Time: 0.0005733966827392578s
2026-06-21 21:47:28,437 fastDTW between vertices (91, 88). Time: 0.0005648136138916016s
2026-06-21 21:47:28,438 fastDTW between vertices (91, 46). Time: 0.0007164478302001953s
2026-06-21 21:47:28,439 fastDTW between vertices (91, 119). Time: 0.0007314682006835938s
2026-06-21 21:47:28,439 fastDTW between vertices (91, 64). Time: 0.0007388591766357422s
2026-06-21 21:47:28,440 fastDTW between vertices (91, 32). Time: 0.0007915496826171875s
2026-06-21 21:47:28,441 fastDTW between vertices (91, 35). Time: 0.0007269382476806641s
2026-06-21 21:47:28,442 fastDTW between vertices (91, 203). Time: 0.0005674362182617188s
2026-06-21 21:47:28,442 fastDTW between vertices (91, 9). Time: 0.0007681846618652344s
2026-06-21 21:47:28,443 fastDTW between vertices (91, 187). Time: 0.0005609989166259766s
2026-06-21 21:47:28,443 fastDTW between vertices (240, 25). Time: 0.00048351287841796875s
2026-06-21 21:47:28,444 fastDTW between vertices (240, 161). Time: 0.0006930828094482422s
2026-06-21 21:47:28,445 fastDTW between vertices (240, 41). Time: 0.0007300376892089844s
2026-06-21 21:47:28,446 fastDTW between vertices (240, 253). Time: 0.0007023811340332031s
2026-06-21 21:47:28,446 fastDTW between vertices (240, 122). Time: 0.0007984638214111328s
2026-06-21 21:47:28,447 fastDTW between vertices (240, 162). Time: 0.0006906986236572266s
2026-06-21 21:47:28,448 fastDTW between vertices (240, 230). Time: 0.0004858970642089844s
2026-06-21 21:47:28,448 fastDTW between vertices (240, 59). Time: 0.0006868839263916016s
2026-06-21 21:47:28,449 fastDTW between vertices (240, 261). Time: 0.0006809234619140625s
2026-06-21 21:47:28,450 fastDTW between vertices (240, 168). Time: 0.0007758140563964844s
2026-06-21 21:47:28,451 fastDTW between vertices (240, 264). Time: 0.0007793903350830078s
2026-06-21 21:47:28,451 fastDTW between vertices (240, 207). Time: 0.00048661231994628906s
2026-06-21 21:47:28,452 fastDTW between vertices (240, 244). Time: 0.000698089599609375s
2026-06-21 21:47:28,452 fastDTW between vertices (240, 115). Time: 0.00048732757568359375s
2026-06-21 21:47:28,453 fastDTW between vertices (240, 62). Time: 0.0007426738739013672s
2026-06-21 21:47:28,454 fastDTW between vertices (240, 155). Time: 0.0004818439483642578s
2026-06-21 21:47:28,454 fastDTW between vertices (79, 25). Time: 0.00021600723266601562s
2026-06-21 21:47:28,454 fastDTW between vertices (79, 161). Time: 0.0003116130828857422s
2026-06-21 21:47:28,455 fastDTW between vertices (79, 41). Time: 0.00043845176696777344s
2026-06-21 21:47:28,455 fastDTW between vertices (79, 253). Time: 0.0003170967102050781s
2026-06-21 21:47:28,456 fastDTW between vertices (79, 122). Time: 0.0005552768707275391s
2026-06-21 21:47:28,456 fastDTW between vertices (79, 162). Time: 0.00029540061950683594s
2026-06-21 21:47:28,456 fastDTW between vertices (79, 230). Time: 0.00021266937255859375s
2026-06-21 21:47:28,457 fastDTW between vertices (79, 59). Time: 0.00029540061950683594s
2026-06-21 21:47:28,457 fastDTW between vertices (79, 261). Time: 0.0005288124084472656s
2026-06-21 21:47:28,458 fastDTW between vertices (79, 168). Time: 0.000530242919921875s
2026-06-21 21:47:28,460 fastDTW between vertices (79, 264). Time: 0.0023441314697265625s
2026-06-21 21:47:28,460 fastDTW between vertices (79, 207). Time: 0.000209808349609375s
2026-06-21 21:47:28,461 fastDTW between vertices (79, 244). Time: 0.0003056526184082031s
2026-06-21 21:47:28,461 fastDTW between vertices (79, 115). Time: 0.00020813941955566406s
2026-06-21 21:47:28,461 fastDTW between vertices (79, 62). Time: 0.0004551410675048828s
2026-06-21 21:47:28,462 fastDTW between vertices (79, 155). Time: 0.00020885467529296875s
2026-06-21 21:47:28,462 fastDTW between vertices (142, 25). Time: 0.0005931854248046875s
2026-06-21 21:47:28,463 fastDTW between vertices (142, 161). Time: 0.0006778240203857422s
2026-06-21 21:47:28,464 fastDTW between vertices (142, 41). Time: 0.0007581710815429688s
2026-06-21 21:47:28,464 fastDTW between vertices (142, 253). Time: 0.0007328987121582031s
2026-06-21 21:47:28,465 fastDTW between vertices (142, 122). Time: 0.0007688999176025391s
2026-06-21 21:47:28,466 fastDTW between vertices (142, 162). Time: 0.0006597042083740234s
2026-06-21 21:47:28,467 fastDTW between vertices (142, 230). Time: 0.0005881786346435547s
2026-06-21 21:47:28,467 fastDTW between vertices (142, 59). Time: 0.0006680488586425781s
2026-06-21 21:47:28,468 fastDTW between vertices (142, 261). Time: 0.0005857944488525391s
2026-06-21 21:47:28,469 fastDTW between vertices (142, 168). Time: 0.0006952285766601562s
2026-06-21 21:47:28,469 fastDTW between vertices (142, 264). Time: 0.0006856918334960938s
2026-06-21 21:47:28,470 fastDTW between vertices (142, 207). Time: 0.0005817413330078125s
2026-06-21 21:47:28,471 fastDTW between vertices (142, 244). Time: 0.0006740093231201172s
2026-06-21 21:47:28,471 fastDTW between vertices (142, 115). Time: 0.0005812644958496094s
2026-06-21 21:47:28,472 fastDTW between vertices (142, 62). Time: 0.0007464885711669922s
2026-06-21 21:47:28,473 fastDTW between vertices (142, 155). Time: 0.0005817413330078125s
2026-06-21 21:47:28,473 fastDTW between vertices (60, 154). Time: 0.0006384849548339844s
2026-06-21 21:47:28,474 fastDTW between vertices (60, 54). Time: 0.0007495880126953125s
2026-06-21 21:47:28,475 fastDTW between vertices (60, 23). Time: 0.0006253719329833984s
2026-06-21 21:47:28,476 fastDTW between vertices (60, 10). Time: 0.0007448196411132812s
2026-06-21 21:47:28,476 fastDTW between vertices (60, 5). Time: 0.0007770061492919922s
2026-06-21 21:47:28,477 fastDTW between vertices (60, 198). Time: 0.0006241798400878906s
2026-06-21 21:47:28,478 fastDTW between vertices (60, 103). Time: 0.0006361007690429688s
2026-06-21 21:47:28,478 fastDTW between vertices (60, 2). Time: 0.0005757808685302734s
2026-06-21 21:47:28,479 fastDTW between vertices (60, 165). Time: 0.0005784034729003906s
2026-06-21 21:47:28,480 fastDTW between vertices (60, 180). Time: 0.0007588863372802734s
2026-06-21 21:47:28,480 fastDTW between vertices (60, 188). Time: 0.0006284713745117188s
2026-06-21 21:47:28,481 fastDTW between vertices (60, 43). Time: 0.0007350444793701172s
2026-06-21 21:47:28,482 fastDTW between vertices (60, 160). Time: 0.0006282329559326172s
2026-06-21 21:47:28,482 fastDTW between vertices (60, 114). Time: 0.0005810260772705078s
2026-06-21 21:47:28,483 fastDTW between vertices (60, 31). Time: 0.0005593299865722656s
2026-06-21 21:47:28,484 fastDTW between vertices (60, 221). Time: 0.0006315708160400391s
2026-06-21 21:47:28,484 fastDTW between vertices (95, 163). Time: 0.0005042552947998047s
2026-06-21 21:47:28,485 fastDTW between vertices (95, 58). Time: 0.0004916191101074219s
2026-06-21 21:47:28,485 fastDTW between vertices (95, 127). Time: 0.0007007122039794922s
2026-06-21 21:47:28,486 fastDTW between vertices (95, 151). Time: 0.0006663799285888672s
2026-06-21 21:47:28,487 fastDTW between vertices (95, 24). Time: 0.0007245540618896484s
2026-06-21 21:47:28,488 fastDTW between vertices (95, 167). Time: 0.000766754150390625s
2026-06-21 21:47:28,488 fastDTW between vertices (95, 171). Time: 0.0004918575286865234s
2026-06-21 21:47:28,489 fastDTW between vertices (95, 88). Time: 0.000492095947265625s
2026-06-21 21:47:28,489 fastDTW between vertices (95, 46). Time: 0.0007147789001464844s
2026-06-21 21:47:28,490 fastDTW between vertices (95, 119). Time: 0.0007081031799316406s
2026-06-21 21:47:28,491 fastDTW between vertices (95, 64). Time: 0.0007059574127197266s
2026-06-21 21:47:28,492 fastDTW between vertices (95, 32). Time: 0.0007727146148681641s
2026-06-21 21:47:28,492 fastDTW between vertices (95, 35). Time: 0.0007207393646240234s
2026-06-21 21:47:28,493 fastDTW between vertices (95, 203). Time: 0.00048828125s
2026-06-21 21:47:28,494 fastDTW between vertices (95, 9). Time: 0.0007297992706298828s
2026-06-21 21:47:28,494 fastDTW between vertices (95, 187). Time: 0.0004932880401611328s
2026-06-21 21:47:28,495 fastDTW between vertices (36, 154). Time: 0.0006971359252929688s
2026-06-21 21:47:28,496 fastDTW between vertices (36, 54). Time: 0.0006678104400634766s
2026-06-21 21:47:28,496 fastDTW between vertices (36, 23). Time: 0.0006999969482421875s
2026-06-21 21:47:28,497 fastDTW between vertices (36, 10). Time: 0.0006074905395507812s
2026-06-21 21:47:28,498 fastDTW between vertices (36, 5). Time: 0.0007183551788330078s
2026-06-21 21:47:28,498 fastDTW between vertices (36, 198). Time: 0.0006947517395019531s
2026-06-21 21:47:28,499 fastDTW between vertices (36, 103). Time: 0.0006921291351318359s
2026-06-21 21:47:28,500 fastDTW between vertices (36, 2). Time: 0.0006394386291503906s
2026-06-21 21:47:28,501 fastDTW between vertices (36, 165). Time: 0.0006766319274902344s
2026-06-21 21:47:28,501 fastDTW between vertices (36, 180). Time: 0.0006268024444580078s
2026-06-21 21:47:28,502 fastDTW between vertices (36, 188). Time: 0.0006632804870605469s
2026-06-21 21:47:28,503 fastDTW between vertices (36, 43). Time: 0.0006034374237060547s
2026-06-21 21:47:28,503 fastDTW between vertices (36, 160). Time: 0.0006680488586425781s
2026-06-21 21:47:28,504 fastDTW between vertices (36, 114). Time: 0.0006418228149414062s
2026-06-21 21:47:28,505 fastDTW between vertices (36, 31). Time: 0.0006442070007324219s
2026-06-21 21:47:28,505 fastDTW between vertices (36, 221). Time: 0.0006966590881347656s
2026-06-21 21:47:28,506 fastDTW between vertices (204, 163). Time: 0.000659942626953125s
2026-06-21 21:47:28,507 fastDTW between vertices (204, 58). Time: 0.0006625652313232422s
2026-06-21 21:47:28,507 fastDTW between vertices (204, 127). Time: 0.0004944801330566406s
2026-06-21 21:47:28,508 fastDTW between vertices (204, 151). Time: 0.0006234645843505859s
2026-06-21 21:47:28,508 fastDTW between vertices (204, 24). Time: 0.0006420612335205078s
2026-06-21 21:47:28,509 fastDTW between vertices (204, 167). Time: 0.0006117820739746094s
2026-06-21 21:47:28,510 fastDTW between vertices (204, 171). Time: 0.0006639957427978516s
2026-06-21 21:47:28,511 fastDTW between vertices (204, 88). Time: 0.0006656646728515625s
2026-06-21 21:47:28,511 fastDTW between vertices (204, 46). Time: 0.0005943775177001953s
2026-06-21 21:47:28,512 fastDTW between vertices (204, 119). Time: 0.0006194114685058594s
2026-06-21 21:47:28,512 fastDTW between vertices (204, 64). Time: 0.0006198883056640625s
2026-06-21 21:47:28,513 fastDTW between vertices (204, 32). Time: 0.0005946159362792969s
2026-06-21 21:47:28,514 fastDTW between vertices (204, 35). Time: 0.0006272792816162109s
2026-06-21 21:47:28,514 fastDTW between vertices (204, 203). Time: 0.0006725788116455078s
2026-06-21 21:47:28,515 fastDTW between vertices (204, 9). Time: 0.0007023811340332031s
2026-06-21 21:47:28,516 fastDTW between vertices (204, 187). Time: 0.0006625652313232422s
2026-06-21 21:47:28,517 fastDTW between vertices (117, 163). Time: 0.0006694793701171875s
2026-06-21 21:47:28,517 fastDTW between vertices (117, 58). Time: 0.0006680488586425781s
2026-06-21 21:47:28,518 fastDTW between vertices (117, 127). Time: 0.0004911422729492188s
2026-06-21 21:47:28,518 fastDTW between vertices (117, 151). Time: 0.00064849853515625s
2026-06-21 21:47:28,519 fastDTW between vertices (117, 24). Time: 0.0006492137908935547s
2026-06-21 21:47:28,520 fastDTW between vertices (117, 167). Time: 0.0006098747253417969s
2026-06-21 21:47:28,520 fastDTW between vertices (117, 171). Time: 0.0006718635559082031s
2026-06-21 21:47:28,521 fastDTW between vertices (117, 88). Time: 0.0006783008575439453s
2026-06-21 21:47:28,522 fastDTW between vertices (117, 46). Time: 0.0005843639373779297s
2026-06-21 21:47:28,522 fastDTW between vertices (117, 119). Time: 0.0006260871887207031s
2026-06-21 21:47:28,523 fastDTW between vertices (117, 64). Time: 0.0006172657012939453s
2026-06-21 21:47:28,524 fastDTW between vertices (117, 32). Time: 0.0005998611450195312s
2026-06-21 21:47:28,524 fastDTW between vertices (117, 35). Time: 0.0006239414215087891s
2026-06-21 21:47:28,525 fastDTW between vertices (117, 203). Time: 0.0006735324859619141s
2026-06-21 21:47:28,526 fastDTW between vertices (117, 9). Time: 0.0007021427154541016s
2026-06-21 21:47:28,526 fastDTW between vertices (117, 187). Time: 0.0006711483001708984s
2026-06-21 21:47:28,527 fastDTW between vertices (235, 25). Time: 0.0006635189056396484s
2026-06-21 21:47:28,528 fastDTW between vertices (235, 161). Time: 0.0005102157592773438s
2026-06-21 21:47:28,528 fastDTW between vertices (235, 41). Time: 0.0005915164947509766s
2026-06-21 21:47:28,529 fastDTW between vertices (235, 253). Time: 0.0006158351898193359s
2026-06-21 21:47:28,530 fastDTW between vertices (235, 122). Time: 0.0005497932434082031s
2026-06-21 21:47:28,530 fastDTW between vertices (235, 162). Time: 0.0004839897155761719s
2026-06-21 21:47:28,531 fastDTW between vertices (235, 230). Time: 0.0006628036499023438s
2026-06-21 21:47:28,531 fastDTW between vertices (235, 59). Time: 0.00048470497131347656s
2026-06-21 21:47:28,532 fastDTW between vertices (235, 261). Time: 0.0002682209014892578s
2026-06-21 21:47:28,532 fastDTW between vertices (235, 168). Time: 0.0004279613494873047s
2026-06-21 21:47:28,532 fastDTW between vertices (235, 264). Time: 0.00039505958557128906s
2026-06-21 21:47:28,533 fastDTW between vertices (235, 207). Time: 0.0006601810455322266s
2026-06-21 21:47:28,534 fastDTW between vertices (235, 244). Time: 0.0005068778991699219s
2026-06-21 21:47:28,534 fastDTW between vertices (235, 115). Time: 0.0006616115570068359s
2026-06-21 21:47:28,535 fastDTW between vertices (235, 62). Time: 0.0005781650543212891s
2026-06-21 21:47:28,536 fastDTW between vertices (235, 155). Time: 0.0006654262542724609s
2026-06-21 21:47:28,536 fastDTW between vertices (143, 184). Time: 0.0007379055023193359s
2026-06-21 21:47:28,537 fastDTW between vertices (143, 26). Time: 0.0007982254028320312s
2026-06-21 21:47:28,538 fastDTW between vertices (143, 121). Time: 0.0007550716400146484s
2026-06-21 21:47:28,539 fastDTW between vertices (143, 51). Time: 0.0008928775787353516s
2026-06-21 21:47:28,540 fastDTW between vertices (143, 136). Time: 0.0007503032684326172s
2026-06-21 21:47:28,540 fastDTW between vertices (143, 29). Time: 0.0007371902465820312s
2026-06-21 21:47:28,541 fastDTW between vertices (143, 61). Time: 0.0008330345153808594s
2026-06-21 21:47:28,542 fastDTW between vertices (143, 81). Time: 0.0007455348968505859s
2026-06-21 21:47:28,543 fastDTW between vertices (143, 94). Time: 0.0007414817810058594s
2026-06-21 21:47:28,544 fastDTW between vertices (143, 226). Time: 0.0006971359252929688s
2026-06-21 21:47:28,544 fastDTW between vertices (143, 176). Time: 0.0007481575012207031s
2026-06-21 21:47:28,545 fastDTW between vertices (143, 177). Time: 0.0007395744323730469s
2026-06-21 21:47:28,546 fastDTW between vertices (143, 1). Time: 0.0006992816925048828s
2026-06-21 21:47:28,547 fastDTW between vertices (143, 153). Time: 0.0007843971252441406s
2026-06-21 21:47:28,547 fastDTW between vertices (143, 158). Time: 0.0007317066192626953s
2026-06-21 21:47:28,548 fastDTW between vertices (143, 208). Time: 0.0007205009460449219s
2026-06-21 21:47:28,549 fastDTW between vertices (148, 163). Time: 0.0005905628204345703s
2026-06-21 21:47:28,549 fastDTW between vertices (148, 58). Time: 0.000583648681640625s
2026-06-21 21:47:28,550 fastDTW between vertices (148, 127). Time: 0.0006918907165527344s
2026-06-21 21:47:28,551 fastDTW between vertices (148, 151). Time: 0.0006756782531738281s
2026-06-21 21:47:28,552 fastDTW between vertices (148, 24). Time: 0.0007445812225341797s
2026-06-21 21:47:28,552 fastDTW between vertices (148, 167). Time: 0.0007278919219970703s
2026-06-21 21:47:28,553 fastDTW between vertices (148, 171). Time: 0.0005800724029541016s
2026-06-21 21:47:28,554 fastDTW between vertices (148, 88). Time: 0.0005826950073242188s
2026-06-21 21:47:28,554 fastDTW between vertices (148, 46). Time: 0.0007159709930419922s
2026-06-21 21:47:28,555 fastDTW between vertices (148, 119). Time: 0.0007224082946777344s
2026-06-21 21:47:28,556 fastDTW between vertices (148, 64). Time: 0.0007293224334716797s
2026-06-21 21:47:28,557 fastDTW between vertices (148, 32). Time: 0.000728607177734375s
2026-06-21 21:47:28,557 fastDTW between vertices (148, 35). Time: 0.0007328987121582031s
2026-06-21 21:47:28,558 fastDTW between vertices (148, 203). Time: 0.0005812644958496094s
2026-06-21 21:47:28,559 fastDTW between vertices (148, 9). Time: 0.0007712841033935547s
2026-06-21 21:47:28,559 fastDTW between vertices (148, 187). Time: 0.0005869865417480469s
2026-06-21 21:47:28,560 fastDTW between vertices (169, 163). Time: 0.0006306171417236328s
2026-06-21 21:47:28,561 fastDTW between vertices (169, 58). Time: 0.0006380081176757812s
2026-06-21 21:47:28,561 fastDTW between vertices (169, 127). Time: 0.0006759166717529297s
2026-06-21 21:47:28,562 fastDTW between vertices (169, 151). Time: 0.0007266998291015625s
2026-06-21 21:47:28,563 fastDTW between vertices (169, 24). Time: 0.0007617473602294922s
2026-06-21 21:47:28,564 fastDTW between vertices (169, 167). Time: 0.0007569789886474609s
2026-06-21 21:47:28,564 fastDTW between vertices (169, 171). Time: 0.000640869140625s
2026-06-21 21:47:28,565 fastDTW between vertices (169, 88). Time: 0.000629425048828125s
2026-06-21 21:47:28,566 fastDTW between vertices (169, 46). Time: 0.0007343292236328125s
2026-06-21 21:47:28,567 fastDTW between vertices (169, 119). Time: 0.0007472038269042969s
2026-06-21 21:47:28,567 fastDTW between vertices (169, 64). Time: 0.0007431507110595703s
2026-06-21 21:47:28,568 fastDTW between vertices (169, 32). Time: 0.0007407665252685547s
2026-06-21 21:47:28,569 fastDTW between vertices (169, 35). Time: 0.0007469654083251953s
2026-06-21 21:47:28,570 fastDTW between vertices (169, 203). Time: 0.0006334781646728516s
2026-06-21 21:47:28,570 fastDTW between vertices (169, 9). Time: 0.00078582763671875s
2026-06-21 21:47:28,571 fastDTW between vertices (169, 187). Time: 0.0006303787231445312s
2026-06-21 21:47:28,572 fastDTW between vertices (172, 154). Time: 0.0007004737854003906s
2026-06-21 21:47:28,572 fastDTW between vertices (172, 54). Time: 0.0006721019744873047s
2026-06-21 21:47:28,573 fastDTW between vertices (172, 23). Time: 0.0007011890411376953s
2026-06-21 21:47:28,574 fastDTW between vertices (172, 10). Time: 0.0006167888641357422s
2026-06-21 21:47:28,575 fastDTW between vertices (172, 5). Time: 0.0007224082946777344s
2026-06-21 21:47:28,575 fastDTW between vertices (172, 198). Time: 0.0007119178771972656s
2026-06-21 21:47:28,576 fastDTW between vertices (172, 103). Time: 0.00069427490234375s
2026-06-21 21:47:28,577 fastDTW between vertices (172, 2). Time: 0.000652313232421875s
2026-06-21 21:47:28,577 fastDTW between vertices (172, 165). Time: 0.0006937980651855469s
2026-06-21 21:47:28,578 fastDTW between vertices (172, 180). Time: 0.0006375312805175781s
2026-06-21 21:47:28,579 fastDTW between vertices (172, 188). Time: 0.0006749629974365234s
2026-06-21 21:47:28,579 fastDTW between vertices (172, 43). Time: 0.0006046295166015625s
2026-06-21 21:47:28,580 fastDTW between vertices (172, 160). Time: 0.0006766319274902344s
2026-06-21 21:47:28,581 fastDTW between vertices (172, 114). Time: 0.0006499290466308594s
2026-06-21 21:47:28,582 fastDTW between vertices (172, 31). Time: 0.0006542205810546875s
2026-06-21 21:47:28,582 fastDTW between vertices (172, 221). Time: 0.0007054805755615234s
2026-06-21 21:47:28,583 fastDTW between vertices (227, 154). Time: 0.0006875991821289062s
2026-06-21 21:47:28,584 fastDTW between vertices (227, 54). Time: 0.0006613731384277344s
2026-06-21 21:47:28,584 fastDTW between vertices (227, 23). Time: 0.0006897449493408203s
2026-06-21 21:47:28,585 fastDTW between vertices (227, 10). Time: 0.0006098747253417969s
2026-06-21 21:47:28,586 fastDTW between vertices (227, 5). Time: 0.0007154941558837891s
2026-06-21 21:47:28,586 fastDTW between vertices (227, 198). Time: 0.0007038116455078125s
2026-06-21 21:47:28,587 fastDTW between vertices (227, 103). Time: 0.0006902217864990234s
2026-06-21 21:47:28,588 fastDTW between vertices (227, 2). Time: 0.0006451606750488281s
2026-06-21 21:47:28,589 fastDTW between vertices (227, 165). Time: 0.0006549358367919922s
2026-06-21 21:47:28,589 fastDTW between vertices (227, 180). Time: 0.0006277561187744141s
2026-06-21 21:47:28,590 fastDTW between vertices (227, 188). Time: 0.0006592273712158203s
2026-06-21 21:47:28,591 fastDTW between vertices (227, 43). Time: 0.0005817413330078125s
2026-06-21 21:47:28,591 fastDTW between vertices (227, 160). Time: 0.0006704330444335938s
2026-06-21 21:47:28,592 fastDTW between vertices (227, 114). Time: 0.0006313323974609375s
2026-06-21 21:47:28,593 fastDTW between vertices (227, 31). Time: 0.0006339550018310547s
2026-06-21 21:47:28,593 fastDTW between vertices (227, 221). Time: 0.0006883144378662109s
2026-06-21 21:47:28,594 fastDTW between vertices (178, 154). Time: 0.0006787776947021484s
2026-06-21 21:47:28,595 fastDTW between vertices (178, 54). Time: 0.0007965564727783203s
2026-06-21 21:47:28,596 fastDTW between vertices (178, 23). Time: 0.0006780624389648438s
2026-06-21 21:47:28,596 fastDTW between vertices (178, 10). Time: 0.0007686614990234375s
2026-06-21 21:47:28,597 fastDTW between vertices (178, 5). Time: 0.0008058547973632812s
2026-06-21 21:47:28,598 fastDTW between vertices (178, 198). Time: 0.0006539821624755859s
2026-06-21 21:47:28,599 fastDTW between vertices (178, 103). Time: 0.0006730556488037109s
2026-06-21 21:47:28,599 fastDTW between vertices (178, 2). Time: 0.0006134510040283203s
2026-06-21 21:47:28,600 fastDTW between vertices (178, 165). Time: 0.00061798095703125s
2026-06-21 21:47:28,601 fastDTW between vertices (178, 180). Time: 0.000766754150390625s
2026-06-21 21:47:28,601 fastDTW between vertices (178, 188). Time: 0.000644683837890625s
2026-06-21 21:47:28,602 fastDTW between vertices (178, 43). Time: 0.0007376670837402344s
2026-06-21 21:47:28,603 fastDTW between vertices (178, 160). Time: 0.0006380081176757812s
2026-06-21 21:47:28,603 fastDTW between vertices (178, 114). Time: 0.0006158351898193359s
2026-06-21 21:47:28,604 fastDTW between vertices (178, 31). Time: 0.0005741119384765625s
2026-06-21 21:47:28,605 fastDTW between vertices (178, 221). Time: 0.0006704330444335938s
2026-06-21 21:47:28,605 fastDTW between vertices (232, 163). Time: 0.0006673336029052734s
2026-06-21 21:47:28,606 fastDTW between vertices (232, 58). Time: 0.0006692409515380859s
2026-06-21 21:47:28,607 fastDTW between vertices (232, 127). Time: 0.0004875659942626953s
2026-06-21 21:47:28,607 fastDTW between vertices (232, 151). Time: 0.000621795654296875s
2026-06-21 21:47:28,608 fastDTW between vertices (232, 24). Time: 0.0006453990936279297s
2026-06-21 21:47:28,609 fastDTW between vertices (232, 167). Time: 0.0006113052368164062s
2026-06-21 21:47:28,609 fastDTW between vertices (232, 171). Time: 0.000659942626953125s
2026-06-21 21:47:28,610 fastDTW between vertices (232, 88). Time: 0.0006568431854248047s
2026-06-21 21:47:28,611 fastDTW between vertices (232, 46). Time: 0.0005829334259033203s
2026-06-21 21:47:28,611 fastDTW between vertices (232, 119). Time: 0.0006191730499267578s
2026-06-21 21:47:28,612 fastDTW between vertices (232, 64). Time: 0.0006129741668701172s
2026-06-21 21:47:28,612 fastDTW between vertices (232, 32). Time: 0.0005929470062255859s
2026-06-21 21:47:28,613 fastDTW between vertices (232, 35). Time: 0.0006260871887207031s
2026-06-21 21:47:28,614 fastDTW between vertices (232, 203). Time: 0.0006577968597412109s
2026-06-21 21:47:28,615 fastDTW between vertices (232, 9). Time: 0.0006985664367675781s
2026-06-21 21:47:28,615 fastDTW between vertices (232, 187). Time: 0.0006647109985351562s
2026-06-21 21:47:28,616 fastDTW between vertices (68, 154). Time: 0.0006935596466064453s
2026-06-21 21:47:28,617 fastDTW between vertices (68, 54). Time: 0.0006654262542724609s
2026-06-21 21:47:28,617 fastDTW between vertices (68, 23). Time: 0.0006964206695556641s
2026-06-21 21:47:28,618 fastDTW between vertices (68, 10). Time: 0.0006215572357177734s
2026-06-21 21:47:28,619 fastDTW between vertices (68, 5). Time: 0.0007336139678955078s
2026-06-21 21:47:28,620 fastDTW between vertices (68, 198). Time: 0.0006926059722900391s
2026-06-21 21:47:28,620 fastDTW between vertices (68, 103). Time: 0.0007064342498779297s
2026-06-21 21:47:28,621 fastDTW between vertices (68, 2). Time: 0.0006389617919921875s
2026-06-21 21:47:28,622 fastDTW between vertices (68, 165). Time: 0.0007269382476806641s
2026-06-21 21:47:28,622 fastDTW between vertices (68, 180). Time: 0.0006327629089355469s
2026-06-21 21:47:28,623 fastDTW between vertices (68, 188). Time: 0.0006670951843261719s
2026-06-21 21:47:28,624 fastDTW between vertices (68, 43). Time: 0.0005915164947509766s
2026-06-21 21:47:28,624 fastDTW between vertices (68, 160). Time: 0.0006716251373291016s
2026-06-21 21:47:28,625 fastDTW between vertices (68, 114). Time: 0.0006504058837890625s
2026-06-21 21:47:28,626 fastDTW between vertices (68, 31). Time: 0.0006470680236816406s
2026-06-21 21:47:28,626 fastDTW between vertices (68, 221). Time: 0.0007011890411376953s
2026-06-21 21:47:28,627 fastDTW between vertices (241, 25). Time: 0.0003921985626220703s
2026-06-21 21:47:28,627 fastDTW between vertices (241, 161). Time: 0.000598907470703125s
2026-06-21 21:47:28,628 fastDTW between vertices (241, 41). Time: 0.0006840229034423828s
2026-06-21 21:47:28,629 fastDTW between vertices (241, 253). Time: 0.0006017684936523438s
2026-06-21 21:47:28,630 fastDTW between vertices (241, 122). Time: 0.000762939453125s
2026-06-21 21:47:28,630 fastDTW between vertices (241, 162). Time: 0.0005919933319091797s
2026-06-21 21:47:28,631 fastDTW between vertices (241, 230). Time: 0.00037932395935058594s
2026-06-21 21:47:28,631 fastDTW between vertices (241, 59). Time: 0.0005905628204345703s
2026-06-21 21:47:28,632 fastDTW between vertices (241, 261). Time: 0.0006842613220214844s
2026-06-21 21:47:28,633 fastDTW between vertices (241, 168). Time: 0.0007381439208984375s
2026-06-21 21:47:28,633 fastDTW between vertices (241, 264). Time: 0.0007345676422119141s
2026-06-21 21:47:28,634 fastDTW between vertices (241, 207). Time: 0.0003800392150878906s
2026-06-21 21:47:28,635 fastDTW between vertices (241, 244). Time: 0.0005946159362792969s
2026-06-21 21:47:28,635 fastDTW between vertices (241, 115). Time: 0.00037789344787597656s
2026-06-21 21:47:28,636 fastDTW between vertices (241, 62). Time: 0.0006890296936035156s
2026-06-21 21:47:28,636 fastDTW between vertices (241, 155). Time: 0.00037741661071777344s
2026-06-21 21:47:28,637 fastDTW between vertices (116, 25). Time: 0.0006718635559082031s
2026-06-21 21:47:28,637 fastDTW between vertices (116, 161). Time: 0.000514984130859375s
2026-06-21 21:47:28,638 fastDTW between vertices (116, 41). Time: 0.0005886554718017578s
2026-06-21 21:47:28,639 fastDTW between vertices (116, 253). Time: 0.0006206035614013672s
2026-06-21 21:47:28,639 fastDTW between vertices (116, 122). Time: 0.0005486011505126953s
2026-06-21 21:47:28,640 fastDTW between vertices (116, 162). Time: 0.0004878044128417969s
2026-06-21 21:47:28,640 fastDTW between vertices (116, 230). Time: 0.0006630420684814453s
2026-06-21 21:47:28,641 fastDTW between vertices (116, 59). Time: 0.0004811286926269531s
2026-06-21 21:47:28,641 fastDTW between vertices (116, 261). Time: 0.0002758502960205078s
2026-06-21 21:47:28,642 fastDTW between vertices (116, 168). Time: 0.00042891502380371094s
2026-06-21 21:47:28,642 fastDTW between vertices (116, 264). Time: 0.00039386749267578125s
2026-06-21 21:47:28,643 fastDTW between vertices (116, 207). Time: 0.0006673336029052734s
2026-06-21 21:47:28,643 fastDTW between vertices (116, 244). Time: 0.0005166530609130859s
2026-06-21 21:47:28,644 fastDTW between vertices (116, 115). Time: 0.0006566047668457031s
2026-06-21 21:47:28,645 fastDTW between vertices (116, 62). Time: 0.0005850791931152344s
2026-06-21 21:47:28,645 fastDTW between vertices (116, 155). Time: 0.0006654262542724609s
2026-06-21 21:47:28,646 fastDTW between vertices (213, 163). Time: 0.0006597042083740234s
2026-06-21 21:47:28,647 fastDTW between vertices (213, 58). Time: 0.00067138671875s
2026-06-21 21:47:28,647 fastDTW between vertices (213, 127). Time: 0.0005052089691162109s
2026-06-21 21:47:28,648 fastDTW between vertices (213, 151). Time: 0.0006263256072998047s
2026-06-21 21:47:28,648 fastDTW between vertices (213, 24). Time: 0.000644683837890625s
2026-06-21 21:47:28,650 fastDTW between vertices (213, 167). Time: 0.0010426044464111328s
2026-06-21 21:47:28,650 fastDTW between vertices (213, 171). Time: 0.0006692409515380859s
2026-06-21 21:47:28,651 fastDTW between vertices (213, 88). Time: 0.0006589889526367188s
2026-06-21 21:47:28,652 fastDTW between vertices (213, 46). Time: 0.0005815029144287109s
2026-06-21 21:47:28,652 fastDTW between vertices (213, 119). Time: 0.0006234645843505859s
2026-06-21 21:47:28,653 fastDTW between vertices (213, 64). Time: 0.0006380081176757812s
2026-06-21 21:47:28,653 fastDTW between vertices (213, 32). Time: 0.0005962848663330078s
2026-06-21 21:47:28,654 fastDTW between vertices (213, 35). Time: 0.0006163120269775391s
2026-06-21 21:47:28,655 fastDTW between vertices (213, 203). Time: 0.0006601810455322266s
2026-06-21 21:47:28,656 fastDTW between vertices (213, 9). Time: 0.0007004737854003906s
2026-06-21 21:47:28,656 fastDTW between vertices (213, 187). Time: 0.0006678104400634766s
2026-06-21 21:47:28,657 fastDTW between vertices (16, 163). Time: 0.0006673336029052734s
2026-06-21 21:47:28,658 fastDTW between vertices (16, 58). Time: 0.0006804466247558594s
2026-06-21 21:47:28,658 fastDTW between vertices (16, 127). Time: 0.0004990100860595703s
2026-06-21 21:47:28,659 fastDTW between vertices (16, 151). Time: 0.0006279945373535156s
2026-06-21 21:47:28,659 fastDTW between vertices (16, 24). Time: 0.0006492137908935547s
2026-06-21 21:47:28,660 fastDTW between vertices (16, 167). Time: 0.0006177425384521484s
2026-06-21 21:47:28,661 fastDTW between vertices (16, 171). Time: 0.0006661415100097656s
2026-06-21 21:47:28,662 fastDTW between vertices (16, 88). Time: 0.0006661415100097656s
2026-06-21 21:47:28,662 fastDTW between vertices (16, 46). Time: 0.0005946159362792969s
2026-06-21 21:47:28,663 fastDTW between vertices (16, 119). Time: 0.0006198883056640625s
2026-06-21 21:47:28,663 fastDTW between vertices (16, 64). Time: 0.0006177425384521484s
2026-06-21 21:47:28,664 fastDTW between vertices (16, 32). Time: 0.0005979537963867188s
2026-06-21 21:47:28,665 fastDTW between vertices (16, 35). Time: 0.0006170272827148438s
2026-06-21 21:47:28,665 fastDTW between vertices (16, 203). Time: 0.0006837844848632812s
2026-06-21 21:47:28,666 fastDTW between vertices (16, 9). Time: 0.00070953369140625s
2026-06-21 21:47:28,667 fastDTW between vertices (16, 187). Time: 0.0006685256958007812s
2026-06-21 21:47:28,668 fastDTW between vertices (181, 163). Time: 0.000667572021484375s
2026-06-21 21:47:28,668 fastDTW between vertices (181, 58). Time: 0.0006639957427978516s
2026-06-21 21:47:28,669 fastDTW between vertices (181, 127). Time: 0.00048804283142089844s
2026-06-21 21:47:28,669 fastDTW between vertices (181, 151). Time: 0.0006227493286132812s
2026-06-21 21:47:28,670 fastDTW between vertices (181, 24). Time: 0.0006506443023681641s
2026-06-21 21:47:28,671 fastDTW between vertices (181, 167). Time: 0.000606536865234375s
2026-06-21 21:47:28,671 fastDTW between vertices (181, 171). Time: 0.0006666183471679688s
2026-06-21 21:47:28,672 fastDTW between vertices (181, 88). Time: 0.0006685256958007812s
2026-06-21 21:47:28,673 fastDTW between vertices (181, 46). Time: 0.0005800724029541016s
2026-06-21 21:47:28,673 fastDTW between vertices (181, 119). Time: 0.0006222724914550781s
2026-06-21 21:47:28,674 fastDTW between vertices (181, 64). Time: 0.0006139278411865234s
2026-06-21 21:47:28,675 fastDTW between vertices (181, 32). Time: 0.0005977153778076172s
2026-06-21 21:47:28,675 fastDTW between vertices (181, 35). Time: 0.0006208419799804688s
2026-06-21 21:47:28,676 fastDTW between vertices (181, 203). Time: 0.0006611347198486328s
2026-06-21 21:47:28,677 fastDTW between vertices (181, 9). Time: 0.0006978511810302734s
2026-06-21 21:47:28,677 fastDTW between vertices (181, 187). Time: 0.0006754398345947266s
2026-06-21 21:47:28,678 fastDTW between vertices (257, 25). Time: 0.00037550926208496094s
2026-06-21 21:47:28,678 fastDTW between vertices (257, 161). Time: 0.0006010532379150391s
2026-06-21 21:47:28,679 fastDTW between vertices (257, 41). Time: 0.0006732940673828125s
2026-06-21 21:47:28,680 fastDTW between vertices (257, 253). Time: 0.000598907470703125s
2026-06-21 21:47:28,681 fastDTW between vertices (257, 122). Time: 0.0007686614990234375s
2026-06-21 21:47:28,681 fastDTW between vertices (257, 162). Time: 0.0005960464477539062s
2026-06-21 21:47:28,682 fastDTW between vertices (257, 230). Time: 0.0003733634948730469s
2026-06-21 21:47:28,682 fastDTW between vertices (257, 59). Time: 0.000598907470703125s
2026-06-21 21:47:28,683 fastDTW between vertices (257, 261). Time: 0.0006778240203857422s
2026-06-21 21:47:28,684 fastDTW between vertices (257, 168). Time: 0.0007519721984863281s
2026-06-21 21:47:28,684 fastDTW between vertices (257, 264). Time: 0.0007712841033935547s
2026-06-21 21:47:28,685 fastDTW between vertices (257, 207). Time: 0.000385284423828125s
2026-06-21 21:47:28,686 fastDTW between vertices (257, 244). Time: 0.0006046295166015625s
2026-06-21 21:47:28,686 fastDTW between vertices (257, 115). Time: 0.0003764629364013672s
2026-06-21 21:47:28,687 fastDTW between vertices (257, 62). Time: 0.0006783008575439453s
2026-06-21 21:47:28,687 fastDTW between vertices (257, 155). Time: 0.00037407875061035156s
2026-06-21 21:47:28,688 fastDTW between vertices (134, 163). Time: 0.00060272216796875s
2026-06-21 21:47:28,688 fastDTW between vertices (134, 58). Time: 0.0005919933319091797s
2026-06-21 21:47:28,689 fastDTW between vertices (134, 127). Time: 0.0007014274597167969s
2026-06-21 21:47:28,690 fastDTW between vertices (134, 151). Time: 0.0007007122039794922s
2026-06-21 21:47:28,691 fastDTW between vertices (134, 24). Time: 0.0007457733154296875s
2026-06-21 21:47:28,691 fastDTW between vertices (134, 167). Time: 0.0007398128509521484s
2026-06-21 21:47:28,692 fastDTW between vertices (134, 171). Time: 0.0005929470062255859s
2026-06-21 21:47:28,693 fastDTW between vertices (134, 88). Time: 0.0005934238433837891s
2026-06-21 21:47:28,693 fastDTW between vertices (134, 46). Time: 0.000728607177734375s
2026-06-21 21:47:28,694 fastDTW between vertices (134, 119). Time: 0.0007348060607910156s
2026-06-21 21:47:28,695 fastDTW between vertices (134, 64). Time: 0.0007321834564208984s
2026-06-21 21:47:28,696 fastDTW between vertices (134, 32). Time: 0.0007371902465820312s
2026-06-21 21:47:28,696 fastDTW between vertices (134, 35). Time: 0.0007421970367431641s
2026-06-21 21:47:28,697 fastDTW between vertices (134, 203). Time: 0.0005915164947509766s
2026-06-21 21:47:28,698 fastDTW between vertices (134, 9). Time: 0.0007696151733398438s
2026-06-21 21:47:28,698 fastDTW between vertices (134, 187). Time: 0.0005950927734375s
2026-06-21 21:47:28,699 fastDTW between vertices (22, 25). Time: 0.0003914833068847656s
2026-06-21 21:47:28,699 fastDTW between vertices (22, 161). Time: 0.0006017684936523438s
2026-06-21 21:47:28,700 fastDTW between vertices (22, 41). Time: 0.0006823539733886719s
2026-06-21 21:47:28,701 fastDTW between vertices (22, 253). Time: 0.0006051063537597656s
2026-06-21 21:47:28,702 fastDTW between vertices (22, 122). Time: 0.0007672309875488281s
2026-06-21 21:47:28,702 fastDTW between vertices (22, 162). Time: 0.0005974769592285156s
2026-06-21 21:47:28,703 fastDTW between vertices (22, 230). Time: 0.0003826618194580078s
2026-06-21 21:47:28,703 fastDTW between vertices (22, 59). Time: 0.0006039142608642578s
2026-06-21 21:47:28,704 fastDTW between vertices (22, 261). Time: 0.0006930828094482422s
2026-06-21 21:47:28,705 fastDTW between vertices (22, 168). Time: 0.0007424354553222656s
2026-06-21 21:47:28,706 fastDTW between vertices (22, 264). Time: 0.0007426738739013672s
2026-06-21 21:47:28,706 fastDTW between vertices (22, 207). Time: 0.0003826618194580078s
2026-06-21 21:47:28,707 fastDTW between vertices (22, 244). Time: 0.0005998611450195312s
2026-06-21 21:47:28,707 fastDTW between vertices (22, 115). Time: 0.00038123130798339844s
2026-06-21 21:47:28,708 fastDTW between vertices (22, 62). Time: 0.0006864070892333984s
2026-06-21 21:47:28,708 fastDTW between vertices (22, 155). Time: 0.00038123130798339844s
2026-06-21 21:47:28,709 fastDTW between vertices (48, 154). Time: 0.000621795654296875s
2026-06-21 21:47:28,710 fastDTW between vertices (48, 54). Time: 0.0007681846618652344s
2026-06-21 21:47:28,710 fastDTW between vertices (48, 23). Time: 0.0006220340728759766s
2026-06-21 21:47:28,711 fastDTW between vertices (48, 10). Time: 0.00075531005859375s
2026-06-21 21:47:28,712 fastDTW between vertices (48, 5). Time: 0.0007805824279785156s
2026-06-21 21:47:28,712 fastDTW between vertices (48, 198). Time: 0.0006206035614013672s
2026-06-21 21:47:28,713 fastDTW between vertices (48, 103). Time: 0.0006206035614013672s
2026-06-21 21:47:28,714 fastDTW between vertices (48, 2). Time: 0.0005648136138916016s
2026-06-21 21:47:28,714 fastDTW between vertices (48, 165). Time: 0.0005726814270019531s
2026-06-21 21:47:28,715 fastDTW between vertices (48, 180). Time: 0.0007548332214355469s
2026-06-21 21:47:28,716 fastDTW between vertices (48, 188). Time: 0.0006022453308105469s
2026-06-21 21:47:28,716 fastDTW between vertices (48, 43). Time: 0.000743865966796875s
2026-06-21 21:47:28,717 fastDTW between vertices (48, 160). Time: 0.0006012916564941406s
2026-06-21 21:47:28,718 fastDTW between vertices (48, 114). Time: 0.0005695819854736328s
2026-06-21 21:47:28,718 fastDTW between vertices (48, 31). Time: 0.0005517005920410156s
2026-06-21 21:47:28,719 fastDTW between vertices (48, 221). Time: 0.0006215572357177734s
2026-06-21 21:47:28,720 fastDTW between vertices (194, 25). Time: 0.0006740093231201172s
2026-06-21 21:47:28,720 fastDTW between vertices (194, 161). Time: 0.0005199909210205078s
2026-06-21 21:47:28,721 fastDTW between vertices (194, 41). Time: 0.0005941390991210938s
2026-06-21 21:47:28,721 fastDTW between vertices (194, 253). Time: 0.0006225109100341797s
2026-06-21 21:47:28,722 fastDTW between vertices (194, 122). Time: 0.000545501708984375s
2026-06-21 21:47:28,723 fastDTW between vertices (194, 162). Time: 0.0004971027374267578s
2026-06-21 21:47:28,723 fastDTW between vertices (194, 230). Time: 0.0006730556488037109s
2026-06-21 21:47:28,724 fastDTW between vertices (194, 59). Time: 0.0004916191101074219s
2026-06-21 21:47:28,724 fastDTW between vertices (194, 261). Time: 0.0002739429473876953s
2026-06-21 21:47:28,725 fastDTW between vertices (194, 168). Time: 0.0004398822784423828s
2026-06-21 21:47:28,725 fastDTW between vertices (194, 264). Time: 0.0004057884216308594s
2026-06-21 21:47:28,726 fastDTW between vertices (194, 207). Time: 0.0006837844848632812s
2026-06-21 21:47:28,726 fastDTW between vertices (194, 244). Time: 0.0005240440368652344s
2026-06-21 21:47:28,727 fastDTW between vertices (194, 115). Time: 0.0006732940673828125s
2026-06-21 21:47:28,728 fastDTW between vertices (194, 62). Time: 0.0005977153778076172s
2026-06-21 21:47:28,728 fastDTW between vertices (194, 155). Time: 0.0006701946258544922s
2026-06-21 21:47:28,729 fastDTW between vertices (19, 154). Time: 0.0006275177001953125s
2026-06-21 21:47:28,730 fastDTW between vertices (19, 54). Time: 0.0007584095001220703s
2026-06-21 21:47:28,730 fastDTW between vertices (19, 23). Time: 0.0006337165832519531s
2026-06-21 21:47:28,731 fastDTW between vertices (19, 10). Time: 0.0007431507110595703s
2026-06-21 21:47:28,732 fastDTW between vertices (19, 5). Time: 0.0007789134979248047s
2026-06-21 21:47:28,733 fastDTW between vertices (19, 198). Time: 0.0006346702575683594s
2026-06-21 21:47:28,733 fastDTW between vertices (19, 103). Time: 0.0006327629089355469s
2026-06-21 21:47:28,734 fastDTW between vertices (19, 2). Time: 0.00057220458984375s
2026-06-21 21:47:28,734 fastDTW between vertices (19, 165). Time: 0.0005800724029541016s
2026-06-21 21:47:28,735 fastDTW between vertices (19, 180). Time: 0.0007612705230712891s
2026-06-21 21:47:28,736 fastDTW between vertices (19, 188). Time: 0.000614166259765625s
2026-06-21 21:47:28,737 fastDTW between vertices (19, 43). Time: 0.0007369518280029297s
2026-06-21 21:47:28,737 fastDTW between vertices (19, 160). Time: 0.0006210803985595703s
2026-06-21 21:47:28,738 fastDTW between vertices (19, 114). Time: 0.0005691051483154297s
2026-06-21 21:47:28,738 fastDTW between vertices (19, 31). Time: 0.0005550384521484375s
2026-06-21 21:47:28,739 fastDTW between vertices (19, 221). Time: 0.0006253719329833984s
2026-06-21 21:47:28,740 fastDTW between vertices (49, 25). Time: 0.0006232261657714844s
2026-06-21 21:47:28,740 fastDTW between vertices (49, 161). Time: 0.0006995201110839844s
2026-06-21 21:47:28,741 fastDTW between vertices (49, 41). Time: 0.0007424354553222656s
2026-06-21 21:47:28,742 fastDTW between vertices (49, 253). Time: 0.0007450580596923828s
2026-06-21 21:47:28,743 fastDTW between vertices (49, 122). Time: 0.0007317066192626953s
2026-06-21 21:47:28,744 fastDTW between vertices (49, 162). Time: 0.0006878376007080078s
2026-06-21 21:47:28,744 fastDTW between vertices (49, 230). Time: 0.0006320476531982422s
2026-06-21 21:47:28,745 fastDTW between vertices (49, 59). Time: 0.0006916522979736328s
2026-06-21 21:47:28,745 fastDTW between vertices (49, 261). Time: 0.0005128383636474609s
2026-06-21 21:47:28,746 fastDTW between vertices (49, 168). Time: 0.0006647109985351562s
2026-06-21 21:47:28,747 fastDTW between vertices (49, 264). Time: 0.0006308555603027344s
2026-06-21 21:47:28,747 fastDTW between vertices (49, 207). Time: 0.0006215572357177734s
2026-06-21 21:47:28,748 fastDTW between vertices (49, 244). Time: 0.0007083415985107422s
2026-06-21 21:47:28,749 fastDTW between vertices (49, 115). Time: 0.0006155967712402344s
2026-06-21 21:47:28,750 fastDTW between vertices (49, 62). Time: 0.00074005126953125s
2026-06-21 21:47:28,750 fastDTW between vertices (49, 155). Time: 0.0006203651428222656s
2026-06-21 21:47:28,751 fastDTW between vertices (96, 163). Time: 0.0006401538848876953s
2026-06-21 21:47:28,752 fastDTW between vertices (96, 58). Time: 0.0006425380706787109s
2026-06-21 21:47:28,752 fastDTW between vertices (96, 127). Time: 0.0006873607635498047s
2026-06-21 21:47:28,753 fastDTW between vertices (96, 151). Time: 0.0007193088531494141s
2026-06-21 21:47:28,754 fastDTW between vertices (96, 24). Time: 0.0007765293121337891s
2026-06-21 21:47:28,755 fastDTW between vertices (96, 167). Time: 0.0007719993591308594s
2026-06-21 21:47:28,755 fastDTW between vertices (96, 171). Time: 0.0006480216979980469s
2026-06-21 21:47:28,756 fastDTW between vertices (96, 88). Time: 0.0006439685821533203s
2026-06-21 21:47:28,757 fastDTW between vertices (96, 46). Time: 0.0007426738739013672s
2026-06-21 21:47:28,758 fastDTW between vertices (96, 119). Time: 0.0007572174072265625s
2026-06-21 21:47:28,758 fastDTW between vertices (96, 64). Time: 0.0007584095001220703s
2026-06-21 21:47:28,759 fastDTW between vertices (96, 32). Time: 0.0007560253143310547s
2026-06-21 21:47:28,760 fastDTW between vertices (96, 35). Time: 0.0007505416870117188s
2026-06-21 21:47:28,761 fastDTW between vertices (96, 203). Time: 0.0006539821624755859s
2026-06-21 21:47:28,761 fastDTW between vertices (96, 9). Time: 0.0007996559143066406s
2026-06-21 21:47:28,762 fastDTW between vertices (96, 187). Time: 0.0006384849548339844s
2026-06-21 21:47:28,763 fastDTW between vertices (139, 163). Time: 0.0006411075592041016s
2026-06-21 21:47:28,763 fastDTW between vertices (139, 58). Time: 0.00064849853515625s
2026-06-21 21:47:28,764 fastDTW between vertices (139, 127). Time: 0.0006949901580810547s
2026-06-21 21:47:28,765 fastDTW between vertices (139, 151). Time: 0.0007183551788330078s
2026-06-21 21:47:28,766 fastDTW between vertices (139, 24). Time: 0.0007688999176025391s
2026-06-21 21:47:28,766 fastDTW between vertices (139, 167). Time: 0.000762939453125s
2026-06-21 21:47:28,767 fastDTW between vertices (139, 171). Time: 0.0006511211395263672s
2026-06-21 21:47:28,768 fastDTW between vertices (139, 88). Time: 0.0006401538848876953s
2026-06-21 21:47:28,769 fastDTW between vertices (139, 46). Time: 0.0007343292236328125s
2026-06-21 21:47:28,769 fastDTW between vertices (139, 119). Time: 0.0007562637329101562s
2026-06-21 21:47:28,770 fastDTW between vertices (139, 64). Time: 0.0007526874542236328s
2026-06-21 21:47:28,771 fastDTW between vertices (139, 32). Time: 0.0007462501525878906s
2026-06-21 21:47:28,772 fastDTW between vertices (139, 35). Time: 0.00075531005859375s
2026-06-21 21:47:28,772 fastDTW between vertices (139, 203). Time: 0.000640869140625s
2026-06-21 21:47:28,773 fastDTW between vertices (139, 9). Time: 0.0008060932159423828s
2026-06-21 21:47:28,774 fastDTW between vertices (139, 187). Time: 0.0006406307220458984s
2026-06-21 21:47:28,775 fastDTW between vertices (195, 25). Time: 0.0006759166717529297s
2026-06-21 21:47:28,775 fastDTW between vertices (195, 161). Time: 0.0005228519439697266s
2026-06-21 21:47:28,776 fastDTW between vertices (195, 41). Time: 0.0005908012390136719s
2026-06-21 21:47:28,776 fastDTW between vertices (195, 253). Time: 0.0006268024444580078s
2026-06-21 21:47:28,777 fastDTW between vertices (195, 122). Time: 0.0005538463592529297s
2026-06-21 21:47:28,778 fastDTW between vertices (195, 162). Time: 0.0004940032958984375s
2026-06-21 21:47:28,778 fastDTW between vertices (195, 230). Time: 0.0006778240203857422s
2026-06-21 21:47:28,779 fastDTW between vertices (195, 59). Time: 0.0004899501800537109s
2026-06-21 21:47:28,779 fastDTW between vertices (195, 261). Time: 0.000274658203125s
2026-06-21 21:47:28,780 fastDTW between vertices (195, 168). Time: 0.0004360675811767578s
2026-06-21 21:47:28,780 fastDTW between vertices (195, 264). Time: 0.00039839744567871094s
2026-06-21 21:47:28,781 fastDTW between vertices (195, 207). Time: 0.0006716251373291016s
2026-06-21 21:47:28,781 fastDTW between vertices (195, 244). Time: 0.0005176067352294922s
2026-06-21 21:47:28,782 fastDTW between vertices (195, 115). Time: 0.0006620883941650391s
2026-06-21 21:47:28,782 fastDTW between vertices (195, 62). Time: 0.0005986690521240234s
2026-06-21 21:47:28,783 fastDTW between vertices (195, 155). Time: 0.0006754398345947266s
2026-06-21 21:47:28,784 fastDTW between vertices (55, 163). Time: 0.0006239414215087891s
2026-06-21 21:47:28,785 fastDTW between vertices (55, 58). Time: 0.0006279945373535156s
2026-06-21 21:47:28,785 fastDTW between vertices (55, 127). Time: 0.0006678104400634766s
2026-06-21 21:47:28,786 fastDTW between vertices (55, 151). Time: 0.0006976127624511719s
2026-06-21 21:47:28,787 fastDTW between vertices (55, 24). Time: 0.0007474422454833984s
2026-06-21 21:47:28,787 fastDTW between vertices (55, 167). Time: 0.0007219314575195312s
2026-06-21 21:47:28,788 fastDTW between vertices (55, 171). Time: 0.0006301403045654297s
2026-06-21 21:47:28,789 fastDTW between vertices (55, 88). Time: 0.0006248950958251953s
2026-06-21 21:47:28,790 fastDTW between vertices (55, 46). Time: 0.0007176399230957031s
2026-06-21 21:47:28,790 fastDTW between vertices (55, 119). Time: 0.0007374286651611328s
2026-06-21 21:47:28,791 fastDTW between vertices (55, 64). Time: 0.0007283687591552734s
2026-06-21 21:47:28,792 fastDTW between vertices (55, 32). Time: 0.0007195472717285156s
2026-06-21 21:47:28,793 fastDTW between vertices (55, 35). Time: 0.0007412433624267578s
2026-06-21 21:47:28,793 fastDTW between vertices (55, 203). Time: 0.0006284713745117188s
2026-06-21 21:47:28,794 fastDTW between vertices (55, 9). Time: 0.0007658004760742188s
2026-06-21 21:47:28,795 fastDTW between vertices (55, 187). Time: 0.0006291866302490234s
2026-06-21 21:47:28,795 fastDTW between vertices (104, 154). Time: 0.0006422996520996094s
2026-06-21 21:47:28,796 fastDTW between vertices (104, 54). Time: 0.0007803440093994141s
2026-06-21 21:47:28,797 fastDTW between vertices (104, 23). Time: 0.0006384849548339844s
2026-06-21 21:47:28,798 fastDTW between vertices (104, 10). Time: 0.0007402896881103516s
2026-06-21 21:47:28,798 fastDTW between vertices (104, 5). Time: 0.0007870197296142578s
2026-06-21 21:47:28,799 fastDTW between vertices (104, 198). Time: 0.0006341934204101562s
2026-06-21 21:47:28,800 fastDTW between vertices (104, 103). Time: 0.0006389617919921875s
2026-06-21 21:47:28,800 fastDTW between vertices (104, 2). Time: 0.0005819797515869141s
2026-06-21 21:47:28,801 fastDTW between vertices (104, 165). Time: 0.0005865097045898438s
2026-06-21 21:47:28,802 fastDTW between vertices (104, 180). Time: 0.0007567405700683594s
2026-06-21 21:47:28,802 fastDTW between vertices (104, 188). Time: 0.0006401538848876953s
2026-06-21 21:47:28,803 fastDTW between vertices (104, 43). Time: 0.0007328987121582031s
2026-06-21 21:47:28,804 fastDTW between vertices (104, 160). Time: 0.0006275177001953125s
2026-06-21 21:47:28,804 fastDTW between vertices (104, 114). Time: 0.0005826950073242188s
2026-06-21 21:47:28,805 fastDTW between vertices (104, 31). Time: 0.0005640983581542969s
2026-06-21 21:47:28,806 fastDTW between vertices (104, 221). Time: 0.0006330013275146484s
2026-06-21 21:47:28,806 fastDTW between vertices (105, 25). Time: 0.0005719661712646484s
2026-06-21 21:47:28,807 fastDTW between vertices (105, 161). Time: 0.0006747245788574219s
2026-06-21 21:47:28,808 fastDTW between vertices (105, 41). Time: 0.0007171630859375s
2026-06-21 21:47:28,808 fastDTW between vertices (105, 253). Time: 0.0007169246673583984s
2026-06-21 21:47:28,809 fastDTW between vertices (105, 122). Time: 0.0007007122039794922s
2026-06-21 21:47:28,810 fastDTW between vertices (105, 162). Time: 0.0006654262542724609s
2026-06-21 21:47:28,810 fastDTW between vertices (105, 230). Time: 0.0005717277526855469s
2026-06-21 21:47:28,811 fastDTW between vertices (105, 59). Time: 0.0006690025329589844s
2026-06-21 21:47:28,812 fastDTW between vertices (105, 261). Time: 0.0005056858062744141s
2026-06-21 21:47:28,812 fastDTW between vertices (105, 168). Time: 0.0006461143493652344s
2026-06-21 21:47:28,813 fastDTW between vertices (105, 264). Time: 0.0006134510040283203s
2026-06-21 21:47:28,814 fastDTW between vertices (105, 207). Time: 0.0005738735198974609s
2026-06-21 21:47:28,814 fastDTW between vertices (105, 244). Time: 0.00067901611328125s
2026-06-21 21:47:28,815 fastDTW between vertices (105, 115). Time: 0.0005660057067871094s
2026-06-21 21:47:28,816 fastDTW between vertices (105, 62). Time: 0.0007104873657226562s
2026-06-21 21:47:28,816 fastDTW between vertices (105, 155). Time: 0.0005698204040527344s
2026-06-21 21:47:28,817 fastDTW between vertices (27, 163). Time: 0.0006387233734130859s
2026-06-21 21:47:28,818 fastDTW between vertices (27, 58). Time: 0.0006499290466308594s
2026-06-21 21:47:28,818 fastDTW between vertices (27, 127). Time: 0.0004818439483642578s
2026-06-21 21:47:28,819 fastDTW between vertices (27, 151). Time: 0.0006005764007568359s
2026-06-21 21:47:28,819 fastDTW between vertices (27, 24). Time: 0.0006301403045654297s
2026-06-21 21:47:28,820 fastDTW between vertices (27, 167). Time: 0.0005767345428466797s
2026-06-21 21:47:28,821 fastDTW between vertices (27, 171). Time: 0.0006477832794189453s
2026-06-21 21:47:28,821 fastDTW between vertices (27, 88). Time: 0.0006496906280517578s
2026-06-21 21:47:28,822 fastDTW between vertices (27, 46). Time: 0.0005564689636230469s
2026-06-21 21:47:28,823 fastDTW between vertices (27, 119). Time: 0.0006008148193359375s
2026-06-21 21:47:28,823 fastDTW between vertices (27, 64). Time: 0.0006010532379150391s
2026-06-21 21:47:28,824 fastDTW between vertices (27, 32). Time: 0.0005712509155273438s
2026-06-21 21:47:28,824 fastDTW between vertices (27, 35). Time: 0.0006003379821777344s
2026-06-21 21:47:28,825 fastDTW between vertices (27, 203). Time: 0.0006437301635742188s
2026-06-21 21:47:28,826 fastDTW between vertices (27, 9). Time: 0.0006754398345947266s
2026-06-21 21:47:28,826 fastDTW between vertices (27, 187). Time: 0.0006451606750488281s
2026-06-21 21:47:28,827 fastDTW between vertices (128, 25). Time: 0.0004954338073730469s
2026-06-21 21:47:28,828 fastDTW between vertices (128, 161). Time: 0.0006847381591796875s
2026-06-21 21:47:28,828 fastDTW between vertices (128, 41). Time: 0.000675201416015625s
2026-06-21 21:47:28,829 fastDTW between vertices (128, 253). Time: 0.0006866455078125s
2026-06-21 21:47:28,830 fastDTW between vertices (128, 122). Time: 0.0006716251373291016s
2026-06-21 21:47:28,831 fastDTW between vertices (128, 162). Time: 0.0006814002990722656s
2026-06-21 21:47:28,831 fastDTW between vertices (128, 230). Time: 0.0004911422729492188s
2026-06-21 21:47:28,832 fastDTW between vertices (128, 59). Time: 0.0006787776947021484s
2026-06-21 21:47:28,832 fastDTW between vertices (128, 261). Time: 0.0005040168762207031s
2026-06-21 21:47:28,833 fastDTW between vertices (128, 168). Time: 0.0006420612335205078s
2026-06-21 21:47:28,834 fastDTW between vertices (128, 264). Time: 0.0006301403045654297s
2026-06-21 21:47:28,834 fastDTW between vertices (128, 207). Time: 0.0004963874816894531s
2026-06-21 21:47:28,835 fastDTW between vertices (128, 244). Time: 0.0006780624389648438s
2026-06-21 21:47:28,835 fastDTW between vertices (128, 115). Time: 0.0004913806915283203s
2026-06-21 21:47:28,836 fastDTW between vertices (128, 62). Time: 0.0006692409515380859s
2026-06-21 21:47:28,837 fastDTW between vertices (128, 155). Time: 0.0004918575286865234s
2026-06-21 21:47:28,837 fastDTW between vertices (97, 25). Time: 0.000217437744140625s
2026-06-21 21:47:28,837 fastDTW between vertices (97, 161). Time: 0.0003161430358886719s
2026-06-21 21:47:28,838 fastDTW between vertices (97, 41). Time: 0.0004565715789794922s
2026-06-21 21:47:28,838 fastDTW between vertices (97, 253). Time: 0.0003216266632080078s
2026-06-21 21:47:28,839 fastDTW between vertices (97, 122). Time: 0.000568389892578125s
2026-06-21 21:47:28,839 fastDTW between vertices (97, 162). Time: 0.0003032684326171875s
2026-06-21 21:47:28,839 fastDTW between vertices (97, 230). Time: 0.00022029876708984375s
2026-06-21 21:47:28,839 fastDTW between vertices (97, 59). Time: 0.0003056526184082031s
2026-06-21 21:47:28,840 fastDTW between vertices (97, 261). Time: 0.000537872314453125s
2026-06-21 21:47:28,841 fastDTW between vertices (97, 168). Time: 0.0005488395690917969s
2026-06-21 21:47:28,841 fastDTW between vertices (97, 264). Time: 0.0006110668182373047s
2026-06-21 21:47:28,841 fastDTW between vertices (97, 207). Time: 0.00021529197692871094s
2026-06-21 21:47:28,842 fastDTW between vertices (97, 244). Time: 0.0003151893615722656s
2026-06-21 21:47:28,842 fastDTW between vertices (97, 115). Time: 0.00021576881408691406s
2026-06-21 21:47:28,843 fastDTW between vertices (97, 62). Time: 0.0004565715789794922s
2026-06-21 21:47:28,843 fastDTW between vertices (97, 155). Time: 0.0002148151397705078s
2026-06-21 21:47:28,843 fastDTW between vertices (238, 25). Time: 0.0006821155548095703s
2026-06-21 21:47:28,844 fastDTW between vertices (238, 161). Time: 0.0005235671997070312s
2026-06-21 21:47:28,845 fastDTW between vertices (238, 41). Time: 0.0006046295166015625s
2026-06-21 21:47:28,845 fastDTW between vertices (238, 253). Time: 0.0006318092346191406s
2026-06-21 21:47:28,846 fastDTW between vertices (238, 122). Time: 0.0005466938018798828s
2026-06-21 21:47:28,846 fastDTW between vertices (238, 162). Time: 0.0004949569702148438s
2026-06-21 21:47:28,847 fastDTW between vertices (238, 230). Time: 0.0006763935089111328s
2026-06-21 21:47:28,848 fastDTW between vertices (238, 59). Time: 0.00048804283142089844s
2026-06-21 21:47:28,848 fastDTW between vertices (238, 261). Time: 0.0002751350402832031s
2026-06-21 21:47:28,848 fastDTW between vertices (238, 168). Time: 0.0004417896270751953s
2026-06-21 21:47:28,849 fastDTW between vertices (238, 264). Time: 0.0003974437713623047s
2026-06-21 21:47:28,850 fastDTW between vertices (238, 207). Time: 0.0006773471832275391s
2026-06-21 21:47:28,850 fastDTW between vertices (238, 244). Time: 0.0005726814270019531s
2026-06-21 21:47:28,851 fastDTW between vertices (238, 115). Time: 0.0006654262542724609s
2026-06-21 21:47:28,851 fastDTW between vertices (238, 62). Time: 0.0005965232849121094s
2026-06-21 21:47:28,852 fastDTW between vertices (238, 155). Time: 0.0006721019744873047s
2026-06-21 21:47:28,853 fastDTW between vertices (229, 25). Time: 0.0006763935089111328s
2026-06-21 21:47:28,853 fastDTW between vertices (229, 161). Time: 0.0005180835723876953s
2026-06-21 21:47:28,854 fastDTW between vertices (229, 41). Time: 0.000591278076171875s
2026-06-21 21:47:28,855 fastDTW between vertices (229, 253). Time: 0.0006277561187744141s
2026-06-21 21:47:28,855 fastDTW between vertices (229, 122). Time: 0.0005505084991455078s
2026-06-21 21:47:28,856 fastDTW between vertices (229, 162). Time: 0.0004911422729492188s
2026-06-21 21:47:28,856 fastDTW between vertices (229, 230). Time: 0.0006680488586425781s
2026-06-21 21:47:28,857 fastDTW between vertices (229, 59). Time: 0.0004868507385253906s
2026-06-21 21:47:28,857 fastDTW between vertices (229, 261). Time: 0.0002770423889160156s
2026-06-21 21:47:28,858 fastDTW between vertices (229, 168). Time: 0.0004315376281738281s
2026-06-21 21:47:28,858 fastDTW between vertices (229, 264). Time: 0.00040149688720703125s
2026-06-21 21:47:28,859 fastDTW between vertices (229, 207). Time: 0.0006768703460693359s
2026-06-21 21:47:28,859 fastDTW between vertices (229, 244). Time: 0.0005235671997070312s
2026-06-21 21:47:28,860 fastDTW between vertices (229, 115). Time: 0.0006678104400634766s
2026-06-21 21:47:28,861 fastDTW between vertices (229, 62). Time: 0.0005929470062255859s
2026-06-21 21:47:28,861 fastDTW between vertices (229, 155). Time: 0.0006742477416992188s
2026-06-21 21:47:28,862 fastDTW between vertices (21, 154). Time: 0.0006959438323974609s
2026-06-21 21:47:28,863 fastDTW between vertices (21, 54). Time: 0.0006608963012695312s
2026-06-21 21:47:28,864 fastDTW between vertices (21, 23). Time: 0.0007097721099853516s
2026-06-21 21:47:28,864 fastDTW between vertices (21, 10). Time: 0.0006260871887207031s
2026-06-21 21:47:28,865 fastDTW between vertices (21, 5). Time: 0.0007183551788330078s
2026-06-21 21:47:28,866 fastDTW between vertices (21, 198). Time: 0.0006957054138183594s
2026-06-21 21:47:28,866 fastDTW between vertices (21, 103). Time: 0.0006978511810302734s
2026-06-21 21:47:28,867 fastDTW between vertices (21, 2). Time: 0.0006420612335205078s
2026-06-21 21:47:28,868 fastDTW between vertices (21, 165). Time: 0.0006639957427978516s
2026-06-21 21:47:28,868 fastDTW between vertices (21, 180). Time: 0.0006260871887207031s
2026-06-21 21:47:28,869 fastDTW between vertices (21, 188). Time: 0.00067138671875s
2026-06-21 21:47:28,870 fastDTW between vertices (21, 43). Time: 0.0005943775177001953s
2026-06-21 21:47:28,870 fastDTW between vertices (21, 160). Time: 0.0006721019744873047s
2026-06-21 21:47:28,871 fastDTW between vertices (21, 114). Time: 0.0006449222564697266s
2026-06-21 21:47:28,872 fastDTW between vertices (21, 31). Time: 0.0006382465362548828s
2026-06-21 21:47:28,872 fastDTW between vertices (21, 221). Time: 0.000690460205078125s
2026-06-21 21:47:28,873 fastDTW between vertices (124, 25). Time: 0.0005168914794921875s
2026-06-21 21:47:28,874 fastDTW between vertices (124, 161). Time: 0.0006976127624511719s
2026-06-21 21:47:28,874 fastDTW between vertices (124, 41). Time: 0.0006961822509765625s
2026-06-21 21:47:28,875 fastDTW between vertices (124, 253). Time: 0.0007011890411376953s
2026-06-21 21:47:28,876 fastDTW between vertices (124, 122). Time: 0.0006761550903320312s
2026-06-21 21:47:28,877 fastDTW between vertices (124, 162). Time: 0.0006825923919677734s
2026-06-21 21:47:28,877 fastDTW between vertices (124, 230). Time: 0.0005207061767578125s
2026-06-21 21:47:28,878 fastDTW between vertices (124, 59). Time: 0.0006797313690185547s
2026-06-21 21:47:28,878 fastDTW between vertices (124, 261). Time: 0.0005145072937011719s
2026-06-21 21:47:28,879 fastDTW between vertices (124, 168). Time: 0.0006589889526367188s
2026-06-21 21:47:28,880 fastDTW between vertices (124, 264). Time: 0.0006284713745117188s
2026-06-21 21:47:28,880 fastDTW between vertices (124, 207). Time: 0.0005290508270263672s
2026-06-21 21:47:28,881 fastDTW between vertices (124, 244). Time: 0.000690460205078125s
2026-06-21 21:47:28,882 fastDTW between vertices (124, 115). Time: 0.0005204677581787109s
2026-06-21 21:47:28,882 fastDTW between vertices (124, 62). Time: 0.0006935596466064453s
2026-06-21 21:47:28,883 fastDTW between vertices (124, 155). Time: 0.0005173683166503906s
2026-06-21 21:47:28,884 fastDTW between vertices (44, 163). Time: 0.0006444454193115234s
2026-06-21 21:47:28,884 fastDTW between vertices (44, 58). Time: 0.0006411075592041016s
2026-06-21 21:47:28,885 fastDTW between vertices (44, 127). Time: 0.0006992816925048828s
2026-06-21 21:47:28,886 fastDTW between vertices (44, 151). Time: 0.0007402896881103516s
2026-06-21 21:47:28,886 fastDTW between vertices (44, 24). Time: 0.0007808208465576172s
2026-06-21 21:47:28,887 fastDTW between vertices (44, 167). Time: 0.0007710456848144531s
2026-06-21 21:47:28,888 fastDTW between vertices (44, 171). Time: 0.0006489753723144531s
2026-06-21 21:47:28,889 fastDTW between vertices (44, 88). Time: 0.0006392002105712891s
2026-06-21 21:47:28,889 fastDTW between vertices (44, 46). Time: 0.0007488727569580078s
2026-06-21 21:47:28,890 fastDTW between vertices (44, 119). Time: 0.0007679462432861328s
2026-06-21 21:47:28,891 fastDTW between vertices (44, 64). Time: 0.000762939453125s
2026-06-21 21:47:28,892 fastDTW between vertices (44, 32). Time: 0.0007600784301757812s
2026-06-21 21:47:28,893 fastDTW between vertices (44, 35). Time: 0.0007717609405517578s
2026-06-21 21:47:28,893 fastDTW between vertices (44, 203). Time: 0.0006434917449951172s
2026-06-21 21:47:28,894 fastDTW between vertices (44, 9). Time: 0.0008063316345214844s
2026-06-21 21:47:28,895 fastDTW between vertices (44, 187). Time: 0.0006313323974609375s
2026-06-21 21:47:28,895 fastDTW between vertices (63, 154). Time: 0.0006513595581054688s
2026-06-21 21:47:28,896 fastDTW between vertices (63, 54). Time: 0.0007488727569580078s
2026-06-21 21:47:28,897 fastDTW between vertices (63, 23). Time: 0.0006341934204101562s
2026-06-21 21:47:28,898 fastDTW between vertices (63, 10). Time: 0.0007185935974121094s
2026-06-21 21:47:28,898 fastDTW between vertices (63, 5). Time: 0.0007627010345458984s
2026-06-21 21:47:28,899 fastDTW between vertices (63, 198). Time: 0.0006363391876220703s
2026-06-21 21:47:28,900 fastDTW between vertices (63, 103). Time: 0.0006389617919921875s
2026-06-21 21:47:28,900 fastDTW between vertices (63, 2). Time: 0.0005929470062255859s
2026-06-21 21:47:28,901 fastDTW between vertices (63, 165). Time: 0.0005900859832763672s
2026-06-21 21:47:28,902 fastDTW between vertices (63, 180). Time: 0.0007178783416748047s
2026-06-21 21:47:28,902 fastDTW between vertices (63, 188). Time: 0.0006172657012939453s
2026-06-21 21:47:28,903 fastDTW between vertices (63, 43). Time: 0.0006909370422363281s
2026-06-21 21:47:28,904 fastDTW between vertices (63, 160). Time: 0.0006134510040283203s
2026-06-21 21:47:28,904 fastDTW between vertices (63, 114). Time: 0.0005886554718017578s
2026-06-21 21:47:28,905 fastDTW between vertices (63, 31). Time: 0.0005559921264648438s
2026-06-21 21:47:28,906 fastDTW between vertices (63, 221). Time: 0.0006580352783203125s
2026-06-21 21:47:28,906 fastDTW between vertices (199, 163). Time: 0.0006804466247558594s
2026-06-21 21:47:28,907 fastDTW between vertices (199, 58). Time: 0.000667572021484375s
2026-06-21 21:47:28,908 fastDTW between vertices (199, 127). Time: 0.0005092620849609375s
2026-06-21 21:47:28,908 fastDTW between vertices (199, 151). Time: 0.0006399154663085938s
2026-06-21 21:47:28,909 fastDTW between vertices (199, 24). Time: 0.0006511211395263672s
2026-06-21 21:47:28,910 fastDTW between vertices (199, 167). Time: 0.0006279945373535156s
2026-06-21 21:47:28,910 fastDTW between vertices (199, 171). Time: 0.0006783008575439453s
2026-06-21 21:47:28,911 fastDTW between vertices (199, 88). Time: 0.0006716251373291016s
2026-06-21 21:47:28,912 fastDTW between vertices (199, 46). Time: 0.0005953311920166016s
2026-06-21 21:47:28,912 fastDTW between vertices (199, 119). Time: 0.0006315708160400391s
2026-06-21 21:47:28,913 fastDTW between vertices (199, 64). Time: 0.0006251335144042969s
2026-06-21 21:47:28,914 fastDTW between vertices (199, 32). Time: 0.0006039142608642578s
2026-06-21 21:47:28,914 fastDTW between vertices (199, 35). Time: 0.0006299018859863281s
2026-06-21 21:47:28,915 fastDTW between vertices (199, 203). Time: 0.0006692409515380859s
2026-06-21 21:47:28,916 fastDTW between vertices (199, 9). Time: 0.0007069110870361328s
2026-06-21 21:47:28,916 fastDTW between vertices (199, 187). Time: 0.0006701946258544922s
2026-06-21 21:47:28,917 fastDTW between vertices (177, 184). Time: 0.0007050037384033203s
2026-06-21 21:47:28,918 fastDTW between vertices (177, 26). Time: 0.0007224082946777344s
2026-06-21 21:47:28,919 fastDTW between vertices (177, 121). Time: 0.0007321834564208984s
2026-06-21 21:47:28,919 fastDTW between vertices (177, 51). Time: 0.0007531642913818359s
2026-06-21 21:47:28,920 fastDTW between vertices (177, 136). Time: 0.0007138252258300781s
2026-06-21 21:47:28,921 fastDTW between vertices (177, 29). Time: 0.0007014274597167969s
2026-06-21 21:47:28,922 fastDTW between vertices (177, 61). Time: 0.0006785392761230469s
2026-06-21 21:47:28,922 fastDTW between vertices (177, 81). Time: 0.0007212162017822266s
2026-06-21 21:47:28,923 fastDTW between vertices (177, 94). Time: 0.0007157325744628906s
2026-06-21 21:47:28,924 fastDTW between vertices (177, 226). Time: 0.0006728172302246094s
2026-06-21 21:47:28,924 fastDTW between vertices (177, 176). Time: 0.0007171630859375s
2026-06-21 21:47:28,925 fastDTW between vertices (177, 143). Time: 0.000736236572265625s
2026-06-21 21:47:28,926 fastDTW between vertices (177, 1). Time: 0.0006759166717529297s
2026-06-21 21:47:28,927 fastDTW between vertices (177, 153). Time: 0.0007078647613525391s
2026-06-21 21:47:28,927 fastDTW between vertices (177, 158). Time: 0.0007135868072509766s
2026-06-21 21:47:28,928 fastDTW between vertices (177, 208). Time: 0.0007028579711914062s
2026-06-21 21:47:28,929 fastDTW between vertices (34, 25). Time: 0.0004220008850097656s
2026-06-21 21:47:28,929 fastDTW between vertices (34, 161). Time: 0.000659942626953125s
2026-06-21 21:47:28,930 fastDTW between vertices (34, 41). Time: 0.000713348388671875s
2026-06-21 21:47:28,931 fastDTW between vertices (34, 253). Time: 0.0006659030914306641s
2026-06-21 21:47:28,932 fastDTW between vertices (34, 122). Time: 0.0007932186126708984s
2026-06-21 21:47:28,932 fastDTW between vertices (34, 162). Time: 0.0006542205810546875s
2026-06-21 21:47:28,933 fastDTW between vertices (34, 230). Time: 0.00041556358337402344s
2026-06-21 21:47:28,933 fastDTW between vertices (34, 59). Time: 0.0006513595581054688s
2026-06-21 21:47:28,934 fastDTW between vertices (34, 261). Time: 0.0006914138793945312s
2026-06-21 21:47:28,935 fastDTW between vertices (34, 168). Time: 0.0007677078247070312s
2026-06-21 21:47:28,936 fastDTW between vertices (34, 264). Time: 0.0007672309875488281s
2026-06-21 21:47:28,936 fastDTW between vertices (34, 207). Time: 0.0004220008850097656s
2026-06-21 21:47:28,937 fastDTW between vertices (34, 244). Time: 0.0006525516510009766s
2026-06-21 21:47:28,937 fastDTW between vertices (34, 115). Time: 0.00041604042053222656s
2026-06-21 21:47:28,938 fastDTW between vertices (34, 62). Time: 0.0007016658782958984s
2026-06-21 21:47:28,938 fastDTW between vertices (34, 155). Time: 0.0004172325134277344s
2026-06-21 21:47:28,939 fastDTW between vertices (147, 154). Time: 0.0005924701690673828s
2026-06-21 21:47:28,940 fastDTW between vertices (147, 54). Time: 0.0007424354553222656s
2026-06-21 21:47:28,940 fastDTW between vertices (147, 23). Time: 0.0005962848663330078s
2026-06-21 21:47:28,941 fastDTW between vertices (147, 10). Time: 0.0007345676422119141s
2026-06-21 21:47:28,942 fastDTW between vertices (147, 5). Time: 0.0007512569427490234s
2026-06-21 21:47:28,943 fastDTW between vertices (147, 198). Time: 0.0005755424499511719s
2026-06-21 21:47:28,943 fastDTW between vertices (147, 103). Time: 0.0005795955657958984s
2026-06-21 21:47:28,944 fastDTW between vertices (147, 2). Time: 0.0005230903625488281s
2026-06-21 21:47:28,944 fastDTW between vertices (147, 165). Time: 0.0005295276641845703s
2026-06-21 21:47:28,945 fastDTW between vertices (147, 180). Time: 0.0007185935974121094s
2026-06-21 21:47:28,946 fastDTW between vertices (147, 188). Time: 0.0005781650543212891s
2026-06-21 21:47:28,946 fastDTW between vertices (147, 43). Time: 0.0007112026214599609s
2026-06-21 21:47:28,947 fastDTW between vertices (147, 160). Time: 0.0005698204040527344s
2026-06-21 21:47:28,948 fastDTW between vertices (147, 114). Time: 0.0005290508270263672s
2026-06-21 21:47:28,948 fastDTW between vertices (147, 31). Time: 0.0005083084106445312s
2026-06-21 21:47:28,949 fastDTW between vertices (147, 221). Time: 0.000583648681640625s
2026-06-21 21:47:28,949 fastDTW between vertices (215, 25). Time: 0.000652313232421875s
2026-06-21 21:47:28,950 fastDTW between vertices (215, 161). Time: 0.0004978179931640625s
2026-06-21 21:47:28,950 fastDTW between vertices (215, 41). Time: 0.0005791187286376953s
2026-06-21 21:47:28,951 fastDTW between vertices (215, 253). Time: 0.0006086826324462891s
2026-06-21 21:47:28,952 fastDTW between vertices (215, 122). Time: 0.0005354881286621094s
2026-06-21 21:47:28,952 fastDTW between vertices (215, 162). Time: 0.0004901885986328125s
2026-06-21 21:47:28,953 fastDTW between vertices (215, 230). Time: 0.0006566047668457031s
2026-06-21 21:47:28,953 fastDTW between vertices (215, 59). Time: 0.0004856586456298828s
2026-06-21 21:47:28,954 fastDTW between vertices (215, 261). Time: 0.0002727508544921875s
2026-06-21 21:47:28,954 fastDTW between vertices (215, 168). Time: 0.0004286766052246094s
2026-06-21 21:47:28,955 fastDTW between vertices (215, 264). Time: 0.0003898143768310547s
2026-06-21 21:47:28,955 fastDTW between vertices (215, 207). Time: 0.0006656646728515625s
2026-06-21 21:47:28,956 fastDTW between vertices (215, 244). Time: 0.0005052089691162109s
2026-06-21 21:47:28,956 fastDTW between vertices (215, 115). Time: 0.0006628036499023438s
2026-06-21 21:47:28,957 fastDTW between vertices (215, 62). Time: 0.0005786418914794922s
2026-06-21 21:47:28,958 fastDTW between vertices (215, 155). Time: 0.0006575584411621094s
2026-06-21 21:47:28,958 fastDTW between vertices (150, 163). Time: 0.0006680488586425781s
2026-06-21 21:47:28,959 fastDTW between vertices (150, 58). Time: 0.0006546974182128906s
2026-06-21 21:47:28,960 fastDTW between vertices (150, 127). Time: 0.0004849433898925781s
2026-06-21 21:47:28,960 fastDTW between vertices (150, 151). Time: 0.0006315708160400391s
2026-06-21 21:47:28,961 fastDTW between vertices (150, 24). Time: 0.000644683837890625s
2026-06-21 21:47:28,962 fastDTW between vertices (150, 167). Time: 0.0006158351898193359s
2026-06-21 21:47:28,962 fastDTW between vertices (150, 171). Time: 0.0006732940673828125s
2026-06-21 21:47:28,963 fastDTW between vertices (150, 88). Time: 0.0006785392761230469s
2026-06-21 21:47:28,964 fastDTW between vertices (150, 46). Time: 0.0005905628204345703s
2026-06-21 21:47:28,964 fastDTW between vertices (150, 119). Time: 0.0006275177001953125s
2026-06-21 21:47:28,965 fastDTW between vertices (150, 64). Time: 0.0006220340728759766s
2026-06-21 21:47:28,966 fastDTW between vertices (150, 32). Time: 0.0005986690521240234s
2026-06-21 21:47:28,966 fastDTW between vertices (150, 35). Time: 0.0006229877471923828s
2026-06-21 21:47:28,967 fastDTW between vertices (150, 203). Time: 0.0006673336029052734s
2026-06-21 21:47:28,968 fastDTW between vertices (150, 9). Time: 0.0006918907165527344s
2026-06-21 21:47:28,968 fastDTW between vertices (150, 187). Time: 0.0006597042083740234s
2026-06-21 21:47:28,969 fastDTW between vertices (243, 25). Time: 0.00048160552978515625s
2026-06-21 21:47:28,970 fastDTW between vertices (243, 161). Time: 0.0006718635559082031s
2026-06-21 21:47:28,970 fastDTW between vertices (243, 41). Time: 0.0006616115570068359s
2026-06-21 21:47:28,971 fastDTW between vertices (243, 253). Time: 0.0006651878356933594s
2026-06-21 21:47:28,972 fastDTW between vertices (243, 122). Time: 0.0006687641143798828s
2026-06-21 21:47:28,972 fastDTW between vertices (243, 162). Time: 0.0006666183471679688s
2026-06-21 21:47:28,973 fastDTW between vertices (243, 230). Time: 0.0004801750183105469s
2026-06-21 21:47:28,974 fastDTW between vertices (243, 59). Time: 0.00066375732421875s
2026-06-21 21:47:28,974 fastDTW between vertices (243, 261). Time: 0.0004892349243164062s
2026-06-21 21:47:28,975 fastDTW between vertices (243, 168). Time: 0.0006434917449951172s
2026-06-21 21:47:28,975 fastDTW between vertices (243, 264). Time: 0.0006148815155029297s
2026-06-21 21:47:28,976 fastDTW between vertices (243, 207). Time: 0.000484466552734375s
2026-06-21 21:47:28,977 fastDTW between vertices (243, 244). Time: 0.0006692409515380859s
2026-06-21 21:47:28,977 fastDTW between vertices (243, 115). Time: 0.00048160552978515625s
2026-06-21 21:47:28,978 fastDTW between vertices (243, 62). Time: 0.00066375732421875s
2026-06-21 21:47:28,978 fastDTW between vertices (243, 155). Time: 0.00048542022705078125s
2026-06-21 21:47:28,979 fastDTW between vertices (164, 25). Time: 0.0005419254302978516s
2026-06-21 21:47:28,980 fastDTW between vertices (164, 161). Time: 0.0006597042083740234s
2026-06-21 21:47:28,980 fastDTW between vertices (164, 41). Time: 0.0007624626159667969s
2026-06-21 21:47:28,981 fastDTW between vertices (164, 253). Time: 0.0007081031799316406s
2026-06-21 21:47:28,982 fastDTW between vertices (164, 122). Time: 0.0008420944213867188s
2026-06-21 21:47:28,983 fastDTW between vertices (164, 162). Time: 0.0006513595581054688s
2026-06-21 21:47:28,983 fastDTW between vertices (164, 230). Time: 0.0005352497100830078s
2026-06-21 21:47:28,984 fastDTW between vertices (164, 59). Time: 0.0006442070007324219s
2026-06-21 21:47:28,985 fastDTW between vertices (164, 261). Time: 0.0006961822509765625s
2026-06-21 21:47:28,985 fastDTW between vertices (164, 168). Time: 0.0007886886596679688s
2026-06-21 21:47:28,986 fastDTW between vertices (164, 264). Time: 0.0007736682891845703s
2026-06-21 21:47:28,987 fastDTW between vertices (164, 207). Time: 0.0005393028259277344s
2026-06-21 21:47:28,987 fastDTW between vertices (164, 244). Time: 0.0006635189056396484s
2026-06-21 21:47:28,988 fastDTW between vertices (164, 115). Time: 0.0005342960357666016s
2026-06-21 21:47:28,989 fastDTW between vertices (164, 62). Time: 0.0007627010345458984s
2026-06-21 21:47:28,989 fastDTW between vertices (164, 155). Time: 0.0005371570587158203s
2026-06-21 21:47:28,990 fastDTW between vertices (3, 25). Time: 0.0006172657012939453s
2026-06-21 21:47:28,991 fastDTW between vertices (3, 161). Time: 0.0006873607635498047s
2026-06-21 21:47:28,991 fastDTW between vertices (3, 41). Time: 0.000732421875s
2026-06-21 21:47:28,992 fastDTW between vertices (3, 253). Time: 0.0007410049438476562s
2026-06-21 21:47:28,993 fastDTW between vertices (3, 122). Time: 0.0007164478302001953s
2026-06-21 21:47:28,994 fastDTW between vertices (3, 162). Time: 0.0006771087646484375s
2026-06-21 21:47:28,994 fastDTW between vertices (3, 230). Time: 0.0006148815155029297s
2026-06-21 21:47:28,995 fastDTW between vertices (3, 59). Time: 0.0006661415100097656s
2026-06-21 21:47:28,996 fastDTW between vertices (3, 261). Time: 0.0005011558532714844s
2026-06-21 21:47:28,996 fastDTW between vertices (3, 168). Time: 0.0006501674652099609s
2026-06-21 21:47:28,997 fastDTW between vertices (3, 264). Time: 0.0006170272827148438s
2026-06-21 21:47:28,998 fastDTW between vertices (3, 207). Time: 0.0006215572357177734s
2026-06-21 21:47:28,998 fastDTW between vertices (3, 244). Time: 0.0006921291351318359s
2026-06-21 21:47:28,999 fastDTW between vertices (3, 115). Time: 0.0006082057952880859s
2026-06-21 21:47:29,000 fastDTW between vertices (3, 62). Time: 0.0007302761077880859s
2026-06-21 21:47:29,000 fastDTW between vertices (3, 155). Time: 0.0006136894226074219s
2026-06-21 21:47:29,001 fastDTW between vertices (247, 163). Time: 0.0006814002990722656s
2026-06-21 21:47:29,002 fastDTW between vertices (247, 58). Time: 0.0006811618804931641s
2026-06-21 21:47:29,002 fastDTW between vertices (247, 127). Time: 0.0006761550903320312s
2026-06-21 21:47:29,003 fastDTW between vertices (247, 151). Time: 0.0007421970367431641s
2026-06-21 21:47:29,004 fastDTW between vertices (247, 24). Time: 0.0007755756378173828s
2026-06-21 21:47:29,005 fastDTW between vertices (247, 167). Time: 0.0007739067077636719s
2026-06-21 21:47:29,005 fastDTW between vertices (247, 171). Time: 0.0006847381591796875s
2026-06-21 21:47:29,006 fastDTW between vertices (247, 88). Time: 0.0006916522979736328s
2026-06-21 21:47:29,007 fastDTW between vertices (247, 46). Time: 0.0007357597351074219s
2026-06-21 21:47:29,008 fastDTW between vertices (247, 119). Time: 0.0007636547088623047s
2026-06-21 21:47:29,009 fastDTW between vertices (247, 64). Time: 0.0007703304290771484s
2026-06-21 21:47:29,009 fastDTW between vertices (247, 32). Time: 0.0007612705230712891s
2026-06-21 21:47:29,010 fastDTW between vertices (247, 35). Time: 0.0007696151733398438s
2026-06-21 21:47:29,011 fastDTW between vertices (247, 203). Time: 0.0006783008575439453s
2026-06-21 21:47:29,012 fastDTW between vertices (247, 9). Time: 0.0008146762847900391s
2026-06-21 21:47:29,012 fastDTW between vertices (247, 187). Time: 0.0006794929504394531s
2026-06-21 21:47:29,013 fastDTW between vertices (254, 25). Time: 0.0005013942718505859s
2026-06-21 21:47:29,014 fastDTW between vertices (254, 161). Time: 0.00067138671875s
2026-06-21 21:47:29,014 fastDTW between vertices (254, 41). Time: 0.0006716251373291016s
2026-06-21 21:47:29,015 fastDTW between vertices (254, 253). Time: 0.0006747245788574219s
2026-06-21 21:47:29,016 fastDTW between vertices (254, 122). Time: 0.0006618499755859375s
2026-06-21 21:47:29,016 fastDTW between vertices (254, 162). Time: 0.0006661415100097656s
2026-06-21 21:47:29,017 fastDTW between vertices (254, 230). Time: 0.0005025863647460938s
2026-06-21 21:47:29,018 fastDTW between vertices (254, 59). Time: 0.0006632804870605469s
2026-06-21 21:47:29,018 fastDTW between vertices (254, 261). Time: 0.0005106925964355469s
2026-06-21 21:47:29,019 fastDTW between vertices (254, 168). Time: 0.0006339550018310547s
2026-06-21 21:47:29,019 fastDTW between vertices (254, 264). Time: 0.0006153583526611328s
2026-06-21 21:47:29,020 fastDTW between vertices (254, 207). Time: 0.0005164146423339844s
2026-06-21 21:47:29,021 fastDTW between vertices (254, 244). Time: 0.0006723403930664062s
2026-06-21 21:47:29,021 fastDTW between vertices (254, 115). Time: 0.0005116462707519531s
2026-06-21 21:47:29,022 fastDTW between vertices (254, 62). Time: 0.0006718635559082031s
2026-06-21 21:47:29,022 fastDTW between vertices (254, 155). Time: 0.000507354736328125s
2026-06-21 21:47:29,023 fastDTW between vertices (265, 25). Time: 0.0005044937133789062s
2026-06-21 21:47:29,024 fastDTW between vertices (265, 161). Time: 0.0006778240203857422s
2026-06-21 21:47:29,024 fastDTW between vertices (265, 41). Time: 0.0006773471832275391s
2026-06-21 21:47:29,025 fastDTW between vertices (265, 253). Time: 0.0006844997406005859s
2026-06-21 21:47:29,026 fastDTW between vertices (265, 122). Time: 0.0006635189056396484s
2026-06-21 21:47:29,027 fastDTW between vertices (265, 162). Time: 0.0006666183471679688s
2026-06-21 21:47:29,027 fastDTW between vertices (265, 230). Time: 0.0005028247833251953s
2026-06-21 21:47:29,028 fastDTW between vertices (265, 59). Time: 0.0006682872772216797s
2026-06-21 21:47:29,028 fastDTW between vertices (265, 261). Time: 0.0004982948303222656s
2026-06-21 21:47:29,029 fastDTW between vertices (265, 168). Time: 0.0006339550018310547s
2026-06-21 21:47:29,030 fastDTW between vertices (265, 264). Time: 0.0006146430969238281s
2026-06-21 21:47:29,030 fastDTW between vertices (265, 207). Time: 0.0005130767822265625s
2026-06-21 21:47:29,031 fastDTW between vertices (265, 244). Time: 0.0006670951843261719s
2026-06-21 21:47:29,031 fastDTW between vertices (265, 115). Time: 0.0005083084106445312s
2026-06-21 21:47:29,032 fastDTW between vertices (265, 62). Time: 0.0006670951843261719s
2026-06-21 21:47:29,033 fastDTW between vertices (265, 155). Time: 0.0005075931549072266s
2026-06-21 21:47:29,033 fastDTW between vertices (263, 25). Time: 0.0004801750183105469s
2026-06-21 21:47:29,034 fastDTW between vertices (263, 161). Time: 0.0006656646728515625s
2026-06-21 21:47:29,034 fastDTW between vertices (263, 41). Time: 0.0006649494171142578s
2026-06-21 21:47:29,035 fastDTW between vertices (263, 253). Time: 0.0006744861602783203s
2026-06-21 21:47:29,036 fastDTW between vertices (263, 122). Time: 0.00064849853515625s
2026-06-21 21:47:29,037 fastDTW between vertices (263, 162). Time: 0.0006682872772216797s
2026-06-21 21:47:29,037 fastDTW between vertices (263, 230). Time: 0.0004887580871582031s
2026-06-21 21:47:29,038 fastDTW between vertices (263, 59). Time: 0.0006694793701171875s
2026-06-21 21:47:29,038 fastDTW between vertices (263, 261). Time: 0.0004951953887939453s
2026-06-21 21:47:29,039 fastDTW between vertices (263, 168). Time: 0.0006353855133056641s
2026-06-21 21:47:29,040 fastDTW between vertices (263, 264). Time: 0.0006172657012939453s
2026-06-21 21:47:29,040 fastDTW between vertices (263, 207). Time: 0.0004818439483642578s
2026-06-21 21:47:29,041 fastDTW between vertices (263, 244). Time: 0.0006735324859619141s
2026-06-21 21:47:29,041 fastDTW between vertices (263, 115). Time: 0.00048661231994628906s
2026-06-21 21:47:29,042 fastDTW between vertices (263, 62). Time: 0.0006628036499023438s
2026-06-21 21:47:29,043 fastDTW between vertices (263, 155). Time: 0.0004849433898925781s
2026-06-21 21:47:29,043 Consolidating distances...
2026-06-21 21:47:29,049 Distances consolidated.
2026-06-21 21:47:29,049 Saving variable on disk...
2026-06-21 21:47:29,107 Variable saved. Time: 0.0009608745574951171m
2026-06-21 21:47:29,109 Part 1 completed.
2026-06-21 21:47:29,123 Creating distance network...
2026-06-21 21:47:29,134 Executing part 1...
2026-06-21 21:47:29,134 Recovering variable...
2026-06-21 21:47:29,144 Variable recovered. Time: 0.00015981594721476238m
2026-06-21 21:47:29,150 Part 1 executed.
2026-06-21 21:47:29,150 Saving variable on disk...
2026-06-21 21:47:29,159 Variable saved. Time: 0.0001477479934692383m
2026-06-21 21:47:29,159 Saving variable on disk...
2026-06-21 21:47:29,167 Variable saved. Time: 0.00013695160547892252m
2026-06-21 21:47:29,168 Saving variable on disk...
2026-06-21 21:47:29,176 Variable saved. Time: 0.00013655821482340494m
2026-06-21 21:47:29,176 Saving variable on disk...
2026-06-21 21:47:29,184 Variable saved. Time: 0.0001347978909810384m
2026-06-21 21:47:29,184 Saving variable on disk...
2026-06-21 21:47:29,192 Variable saved. Time: 0.0001347978909810384m
2026-06-21 21:47:29,192 Saving variable on disk...
2026-06-21 21:47:29,200 Variable saved. Time: 0.0001334826151529948m
2026-06-21 21:47:29,201 Saving variable on disk...
2026-06-21 21:47:29,208 Variable saved. Time: 0.0001262942949930827m
2026-06-21 21:47:29,208 Saving variable on disk...
2026-06-21 21:47:29,210 Variable saved. Time: 3.348191579182943e-05m
2026-06-21 21:47:29,210 Saving variable on disk...
2026-06-21 21:47:29,211 Variable saved. Time: 4.132588704427083e-06m
2026-06-21 21:47:29,220 - Time - part 1: 0.09745001792907715s
2026-06-21 21:47:29,230 Executing part 1...
2026-06-21 21:47:29,230 Recovering variable...
2026-06-21 21:47:29,240 Variable recovered. Time: 0.00015023549397786458m
2026-06-21 21:47:29,246 Part 1 executed.
2026-06-21 21:47:29,246 Saving variable on disk...
2026-06-21 21:47:29,247 Variable saved. Time: 5.340576171875e-06m
2026-06-21 21:47:29,247 Saving variable on disk...
2026-06-21 21:47:29,247 Variable saved. Time: 3.3696492513020832e-06m
2026-06-21 21:47:29,247 Saving variable on disk...
2026-06-21 21:47:29,247 Variable saved. Time: 3.1908353169759113e-06m
2026-06-21 21:47:29,247 Saving variable on disk...
2026-06-21 21:47:29,247 Variable saved. Time: 2.8729438781738283e-06m
2026-06-21 21:47:29,247 Saving variable on disk...
2026-06-21 21:47:29,248 Variable saved. Time: 2.8967857360839845e-06m
2026-06-21 21:47:29,248 Saving variable on disk...
2026-06-21 21:47:29,248 Variable saved. Time: 2.781550089518229e-06m
2026-06-21 21:47:29,248 Saving variable on disk...
2026-06-21 21:47:29,248 Variable saved. Time: 2.69015630086263e-06m
2026-06-21 21:47:29,248 Saving variable on disk...
2026-06-21 21:47:29,248 Variable saved. Time: 1.2636184692382812e-06m
2026-06-21 21:47:29,248 Saving variable on disk...
2026-06-21 21:47:29,248 Variable saved. Time: 4.7286351521809897e-07m
2026-06-21 21:47:29,256 - Time - part 2: 0.03526782989501953s
2026-06-21 21:47:29,256 distance network created.
2026-06-21 21:47:29,256 Transforming distances into weights...
2026-06-21 21:47:29,271 Recovering variable...
2026-06-21 21:47:29,272 Variable recovered. Time: 5.650520324707031e-06m
2026-06-21 21:47:29,272 Recovering variable...
2026-06-21 21:47:29,274 Variable recovered. Time: 3.01361083984375e-05m
2026-06-21 21:47:29,274 Executing layer 0...
2026-06-21 21:47:29,287 Saving variable on disk...
2026-06-21 21:47:29,301 Variable saved. Time: 0.00022217830022176107m
2026-06-21 21:47:29,301 Saving variable on disk...
2026-06-21 21:47:29,302 Variable saved. Time: 1.9260247548421224e-05m
2026-06-21 21:47:29,302 Saving variable on disk...
2026-06-21 21:47:29,303 Variable saved. Time: 1.3506412506103515e-05m
2026-06-21 21:47:29,303 Layer 0 executed.
2026-06-21 21:47:29,303 Recovering variable...
2026-06-21 21:47:29,303 Variable recovered. Time: 3.238519032796224e-06m
2026-06-21 21:47:29,303 Recovering variable...
2026-06-21 21:47:29,305 Variable recovered. Time: 2.367893854777018e-05m
2026-06-21 21:47:29,305 Executing layer 1...
2026-06-21 21:47:29,321 Saving variable on disk...
2026-06-21 21:47:29,334 Variable saved. Time: 0.00021197001139322918m
2026-06-21 21:47:29,334 Saving variable on disk...
2026-06-21 21:47:29,335 Variable saved. Time: 1.483758290608724e-05m
2026-06-21 21:47:29,335 Saving variable on disk...
2026-06-21 21:47:29,336 Variable saved. Time: 1.165469487508138e-05m
2026-06-21 21:47:29,336 Layer 1 executed.
2026-06-21 21:47:29,336 Recovering variable...
2026-06-21 21:47:29,336 Variable recovered. Time: 2.8093655904134114e-06m
2026-06-21 21:47:29,336 Recovering variable...
2026-06-21 21:47:29,337 Variable recovered. Time: 2.3166338602701824e-05m
2026-06-21 21:47:29,338 Executing layer 2...
2026-06-21 21:47:29,354 Saving variable on disk...
2026-06-21 21:47:29,367 Variable saved. Time: 0.00021784305572509767m
2026-06-21 21:47:29,368 Saving variable on disk...
2026-06-21 21:47:29,368 Variable saved. Time: 1.3963381449381511e-05m
2026-06-21 21:47:29,368 Saving variable on disk...
2026-06-21 21:47:29,369 Variable saved. Time: 1.1185805002848307e-05m
2026-06-21 21:47:29,369 Layer 2 executed.
2026-06-21 21:47:29,369 Recovering variable...
2026-06-21 21:47:29,369 Variable recovered. Time: 2.757708231608073e-06m
2026-06-21 21:47:29,369 Recovering variable...
2026-06-21 21:47:29,371 Variable recovered. Time: 2.1505355834960938e-05m
2026-06-21 21:47:29,371 Executing layer 3...
2026-06-21 21:47:29,388 Saving variable on disk...
2026-06-21 21:47:29,401 Variable saved. Time: 0.0002080957094828288m
2026-06-21 21:47:29,401 Saving variable on disk...
2026-06-21 21:47:29,402 Variable saved. Time: 1.4444192250569662e-05m
2026-06-21 21:47:29,402 Saving variable on disk...
2026-06-21 21:47:29,402 Variable saved. Time: 1.1793772379557292e-05m
2026-06-21 21:47:29,402 Layer 3 executed.
2026-06-21 21:47:29,402 Recovering variable...
2026-06-21 21:47:29,403 Variable recovered. Time: 2.7139981587727863e-06m
2026-06-21 21:47:29,403 Recovering variable...
2026-06-21 21:47:29,404 Variable recovered. Time: 2.3424625396728516e-05m
2026-06-21 21:47:29,404 Executing layer 4...
2026-06-21 21:47:29,421 Saving variable on disk...
2026-06-21 21:47:29,434 Variable saved. Time: 0.00020395517349243165m
2026-06-21 21:47:29,434 Saving variable on disk...
2026-06-21 21:47:29,435 Variable saved. Time: 1.430511474609375e-05m
2026-06-21 21:47:29,435 Saving variable on disk...
2026-06-21 21:47:29,435 Variable saved. Time: 1.1440118153889974e-05m
2026-06-21 21:47:29,435 Layer 4 executed.
2026-06-21 21:47:29,435 Recovering variable...
2026-06-21 21:47:29,436 Variable recovered. Time: 2.8093655904134114e-06m
2026-06-21 21:47:29,436 Recovering variable...
2026-06-21 21:47:29,437 Variable recovered. Time: 2.3186206817626953e-05m
2026-06-21 21:47:29,437 Executing layer 5...
2026-06-21 21:47:29,454 Saving variable on disk...
2026-06-21 21:47:29,469 Variable saved. Time: 0.0002444704373677572m
2026-06-21 21:47:29,469 Saving variable on disk...
2026-06-21 21:47:29,470 Variable saved. Time: 1.3820330301920573e-05m
2026-06-21 21:47:29,470 Saving variable on disk...
2026-06-21 21:47:29,471 Variable saved. Time: 1.1078516642252605e-05m
2026-06-21 21:47:29,471 Layer 5 executed.
2026-06-21 21:47:29,471 Recovering variable...
2026-06-21 21:47:29,471 Variable recovered. Time: 2.976258595784505e-06m
2026-06-21 21:47:29,471 Recovering variable...
2026-06-21 21:47:29,472 Variable recovered. Time: 2.1851062774658204e-05m
2026-06-21 21:47:29,473 Executing layer 6...
2026-06-21 21:47:29,489 Saving variable on disk...
2026-06-21 21:47:29,501 Variable saved. Time: 0.00019870996475219728m
2026-06-21 21:47:29,501 Saving variable on disk...
2026-06-21 21:47:29,502 Variable saved. Time: 1.3864040374755859e-05m
2026-06-21 21:47:29,502 Saving variable on disk...
2026-06-21 21:47:29,503 Variable saved. Time: 1.142422358194987e-05m
2026-06-21 21:47:29,503 Layer 6 executed.
2026-06-21 21:47:29,503 Recovering variable...
2026-06-21 21:47:29,503 Variable recovered. Time: 1.5298525492350261e-06m
2026-06-21 21:47:29,503 Recovering variable...
2026-06-21 21:47:29,503 Variable recovered. Time: 6.0478846232096355e-06m
2026-06-21 21:47:29,503 Executing layer 7...
2026-06-21 21:47:29,509 Saving variable on disk...
2026-06-21 21:47:29,512 Variable saved. Time: 5.55872917175293e-05m
2026-06-21 21:47:29,512 Saving variable on disk...
2026-06-21 21:47:29,513 Variable saved. Time: 7.947285970052084e-06m
2026-06-21 21:47:29,513 Saving variable on disk...
2026-06-21 21:47:29,513 Variable saved. Time: 6.488958994547526e-06m
2026-06-21 21:47:29,513 Layer 7 executed.
2026-06-21 21:47:29,513 Recovering variable...
2026-06-21 21:47:29,513 Variable recovered. Time: 7.470448811848958e-07m
2026-06-21 21:47:29,513 Recovering variable...
2026-06-21 21:47:29,513 Variable recovered. Time: 1.0927518208821614e-06m
2026-06-21 21:47:29,513 Executing layer 8...
2026-06-21 21:47:29,514 Saving variable on disk...
2026-06-21 21:47:29,514 Variable saved. Time: 6.099541982014974e-06m
2026-06-21 21:47:29,514 Saving variable on disk...
2026-06-21 21:47:29,515 Variable saved. Time: 1.7881393432617188e-06m
2026-06-21 21:47:29,515 Saving variable on disk...
2026-06-21 21:47:29,515 Variable saved. Time: 1.3589859008789063e-06m
2026-06-21 21:47:29,515 Layer 8 executed.
2026-06-21 21:47:29,515 Weights created.
2026-06-21 21:47:29,522 - Time - part 3: 0.26606130599975586s
2026-06-21 21:47:29,529 Consolidating graphs...
2026-06-21 21:47:29,529 Executing layer 0...
2026-06-21 21:47:29,529 Recovering variable...
2026-06-21 21:47:29,529 Variable recovered. Time: 5.8730443318684895e-06m
2026-06-21 21:47:29,529 Layer 0 executed.
2026-06-21 21:47:29,529 Executing layer 1...
2026-06-21 21:47:29,529 Recovering variable...
2026-06-21 21:47:29,530 Variable recovered. Time: 3.524621327718099e-06m
2026-06-21 21:47:29,530 Layer 1 executed.
2026-06-21 21:47:29,530 Executing layer 2...
2026-06-21 21:47:29,530 Recovering variable...
2026-06-21 21:47:29,530 Variable recovered. Time: 7.573763529459635e-06m
2026-06-21 21:47:29,530 Layer 2 executed.
2026-06-21 21:47:29,530 Executing layer 3...
2026-06-21 21:47:29,530 Recovering variable...
2026-06-21 21:47:29,531 Variable recovered. Time: 2.6981035868326822e-06m
2026-06-21 21:47:29,531 Layer 3 executed.
2026-06-21 21:47:29,531 Executing layer 4...
2026-06-21 21:47:29,531 Recovering variable...
2026-06-21 21:47:29,531 Variable recovered. Time: 2.69015630086263e-06m
2026-06-21 21:47:29,531 Layer 4 executed.
2026-06-21 21:47:29,531 Executing layer 5...
2026-06-21 21:47:29,531 Recovering variable...
2026-06-21 21:47:29,531 Variable recovered. Time: 4.629294077555339e-06m
2026-06-21 21:47:29,531 Layer 5 executed.
2026-06-21 21:47:29,531 Executing layer 6...
2026-06-21 21:47:29,531 Recovering variable...
2026-06-21 21:47:29,531 Variable recovered. Time: 2.773602803548177e-06m
2026-06-21 21:47:29,531 Layer 6 executed.
2026-06-21 21:47:29,531 Executing layer 7...
2026-06-21 21:47:29,531 Recovering variable...
2026-06-21 21:47:29,531 Variable recovered. Time: 1.231829325358073e-06m
2026-06-21 21:47:29,531 Layer 7 executed.
2026-06-21 21:47:29,531 Executing layer 8...
2026-06-21 21:47:29,532 Recovering variable...
2026-06-21 21:47:29,532 Variable recovered. Time: 3.0199686686197915e-07m
2026-06-21 21:47:29,532 Layer 8 executed.
2026-06-21 21:47:29,532 Saving distancesNets on disk...
2026-06-21 21:47:29,532 Saving variable on disk...
2026-06-21 21:47:29,533 Variable saved. Time: 2.058744430541992e-05m
2026-06-21 21:47:29,533 Graphs consolidated.
2026-06-21 21:47:29,540 - Time - part 4: 0.01702404022216797s
2026-06-21 21:47:29,546 Executing layer 0...
2026-06-21 21:47:29,546 Recovering variable...
2026-06-21 21:47:29,547 Variable recovered. Time: 1.756747563680013e-05m
2026-06-21 21:47:29,547 Layer 0 executed.
2026-06-21 21:47:29,547 Executing layer 1...
2026-06-21 21:47:29,547 Recovering variable...
2026-06-21 21:47:29,548 Variable recovered. Time: 9.091695149739583e-06m
2026-06-21 21:47:29,548 Layer 1 executed.
2026-06-21 21:47:29,548 Executing layer 2...
2026-06-21 21:47:29,548 Recovering variable...
2026-06-21 21:47:29,549 Variable recovered. Time: 9.07580057779948e-06m
2026-06-21 21:47:29,549 Layer 2 executed.
2026-06-21 21:47:29,549 Executing layer 3...
2026-06-21 21:47:29,549 Recovering variable...
2026-06-21 21:47:29,549 Variable recovered. Time: 7.998943328857421e-06m
2026-06-21 21:47:29,549 Layer 3 executed.
2026-06-21 21:47:29,549 Executing layer 4...
2026-06-21 21:47:29,549 Recovering variable...
2026-06-21 21:47:29,550 Variable recovered. Time: 7.891654968261719e-06m
2026-06-21 21:47:29,550 Layer 4 executed.
2026-06-21 21:47:29,550 Executing layer 5...
2026-06-21 21:47:29,550 Recovering variable...
2026-06-21 21:47:29,550 Variable recovered. Time: 7.935365041097005e-06m
2026-06-21 21:47:29,550 Layer 5 executed.
2026-06-21 21:47:29,550 Executing layer 6...
2026-06-21 21:47:29,550 Recovering variable...
2026-06-21 21:47:29,551 Variable recovered. Time: 7.808208465576172e-06m
2026-06-21 21:47:29,551 Layer 6 executed.
2026-06-21 21:47:29,551 Executing layer 7...
2026-06-21 21:47:29,551 Recovering variable...
2026-06-21 21:47:29,551 Variable recovered. Time: 3.564357757568359e-06m
2026-06-21 21:47:29,551 Layer 7 executed.
2026-06-21 21:47:29,551 Executing layer 8...
2026-06-21 21:47:29,551 Recovering variable...
2026-06-21 21:47:29,551 Variable recovered. Time: 1.0212262471516927e-06m
2026-06-21 21:47:29,551 Layer 8 executed.
2026-06-21 21:47:29,551 Saving nets_weights_alias_method_j on disk...
2026-06-21 21:47:29,551 Saving variable on disk...
2026-06-21 21:47:29,558 Variable saved. Time: 0.00011057058970133463m
2026-06-21 21:47:29,565 - Time - part 5: 0.025761127471923828s
2026-06-21 21:47:29,572 Executing layer 0...
2026-06-21 21:47:29,572 Recovering variable...
2026-06-21 21:47:29,573 Variable recovered. Time: 1.7273426055908204e-05m
2026-06-21 21:47:29,573 Layer 0 executed.
2026-06-21 21:47:29,573 Executing layer 1...
2026-06-21 21:47:29,573 Recovering variable...
2026-06-21 21:47:29,574 Variable recovered. Time: 8.650620778401692e-06m
2026-06-21 21:47:29,574 Layer 1 executed.
2026-06-21 21:47:29,574 Executing layer 2...
2026-06-21 21:47:29,574 Recovering variable...
2026-06-21 21:47:29,574 Variable recovered. Time: 8.594989776611327e-06m
2026-06-21 21:47:29,574 Layer 2 executed.
2026-06-21 21:47:29,575 Executing layer 3...
2026-06-21 21:47:29,575 Recovering variable...
2026-06-21 21:47:29,575 Variable recovered. Time: 7.534027099609375e-06m
2026-06-21 21:47:29,575 Layer 3 executed.
2026-06-21 21:47:29,575 Executing layer 4...
2026-06-21 21:47:29,575 Recovering variable...
2026-06-21 21:47:29,576 Variable recovered. Time: 7.617473602294922e-06m
2026-06-21 21:47:29,576 Layer 4 executed.
2026-06-21 21:47:29,576 Executing layer 5...
2026-06-21 21:47:29,576 Recovering variable...
2026-06-21 21:47:29,576 Variable recovered. Time: 7.784366607666015e-06m
2026-06-21 21:47:29,576 Layer 5 executed.
2026-06-21 21:47:29,576 Executing layer 6...
2026-06-21 21:47:29,576 Recovering variable...
2026-06-21 21:47:29,577 Variable recovered. Time: 7.474422454833985e-06m
2026-06-21 21:47:29,577 Layer 6 executed.
2026-06-21 21:47:29,577 Executing layer 7...
2026-06-21 21:47:29,577 Recovering variable...
2026-06-21 21:47:29,577 Variable recovered. Time: 3.524621327718099e-06m
2026-06-21 21:47:29,577 Layer 7 executed.
2026-06-21 21:47:29,577 Executing layer 8...
2026-06-21 21:47:29,577 Recovering variable...
2026-06-21 21:47:29,577 Variable recovered. Time: 9.775161743164062e-07m
2026-06-21 21:47:29,577 Layer 8 executed.
2026-06-21 21:47:29,577 Saving nets_weights_alias_method_q on disk...
2026-06-21 21:47:29,577 Saving variable on disk...
2026-06-21 21:47:29,583 Variable saved. Time: 0.00010326306025187175m
2026-06-21 21:47:29,591 - Time - part 6: 0.025504112243652344s
2026-06-21 21:47:29,604 Loading distances_nets from disk...
2026-06-21 21:47:29,604 Executing layer 0...
2026-06-21 21:47:29,604 Recovering variable...
2026-06-21 21:47:29,606 Variable recovered. Time: 3.724098205566406e-05m
2026-06-21 21:47:29,608 Layer 0 executed.
2026-06-21 21:47:29,608 Executing layer 1...
2026-06-21 21:47:29,608 Recovering variable...
2026-06-21 21:47:29,609 Variable recovered. Time: 2.586046854654948e-05m
2026-06-21 21:47:29,611 Layer 1 executed.
2026-06-21 21:47:29,611 Executing layer 2...
2026-06-21 21:47:29,611 Recovering variable...
2026-06-21 21:47:29,612 Variable recovered. Time: 2.465645472208659e-05m
2026-06-21 21:47:29,614 Layer 2 executed.
2026-06-21 21:47:29,614 Executing layer 3...
2026-06-21 21:47:29,614 Recovering variable...
2026-06-21 21:47:29,616 Variable recovered. Time: 2.5562445322672526e-05m
2026-06-21 21:47:29,617 Layer 3 executed.
2026-06-21 21:47:29,617 Executing layer 4...
2026-06-21 21:47:29,617 Recovering variable...
2026-06-21 21:47:29,619 Variable recovered. Time: 2.4549166361490886e-05m
2026-06-21 21:47:29,620 Layer 4 executed.
2026-06-21 21:47:29,620 Executing layer 5...
2026-06-21 21:47:29,620 Recovering variable...
2026-06-21 21:47:29,621 Variable recovered. Time: 2.3527940114339194e-05m
2026-06-21 21:47:29,623 Layer 5 executed.
2026-06-21 21:47:29,623 Executing layer 6...
2026-06-21 21:47:29,623 Recovering variable...
2026-06-21 21:47:29,624 Variable recovered. Time: 2.273718516031901e-05m
2026-06-21 21:47:29,625 Layer 6 executed.
2026-06-21 21:47:29,626 Executing layer 7...
2026-06-21 21:47:29,626 Recovering variable...
2026-06-21 21:47:29,626 Variable recovered. Time: 7.323424021402994e-06m
2026-06-21 21:47:29,626 Layer 7 executed.
2026-06-21 21:47:29,626 Executing layer 8...
2026-06-21 21:47:29,627 Recovering variable...
2026-06-21 21:47:29,627 Variable recovered. Time: 1.1444091796875e-06m
2026-06-21 21:47:29,627 Layer 8 executed.
2026-06-21 21:47:29,627 Saving average_weights on disk...
2026-06-21 21:47:29,627 Saving variable on disk...
2026-06-21 21:47:29,627 Variable saved. Time: 3.3895174662272136e-06m
2026-06-21 21:47:29,627 Executing layer 0...
2026-06-21 21:47:29,627 Recovering variable...
2026-06-21 21:47:29,628 Variable recovered. Time: 2.338886260986328e-05m
2026-06-21 21:47:29,629 Layer 0 executed.
2026-06-21 21:47:29,629 Executing layer 1...
2026-06-21 21:47:29,629 Recovering variable...
2026-06-21 21:47:29,630 Variable recovered. Time: 2.2534529368082682e-05m
2026-06-21 21:47:29,631 Layer 1 executed.
2026-06-21 21:47:29,631 Executing layer 2...
2026-06-21 21:47:29,631 Recovering variable...
2026-06-21 21:47:29,632 Variable recovered. Time: 2.258618672688802e-05m
2026-06-21 21:47:29,633 Layer 2 executed.
2026-06-21 21:47:29,633 Executing layer 3...
2026-06-21 21:47:29,633 Recovering variable...
2026-06-21 21:47:29,634 Variable recovered. Time: 2.25067138671875e-05m
2026-06-21 21:47:29,635 Layer 3 executed.
2026-06-21 21:47:29,635 Executing layer 4...
2026-06-21 21:47:29,635 Recovering variable...
2026-06-21 21:47:29,636 Variable recovered. Time: 2.2614002227783202e-05m
2026-06-21 21:47:29,637 Layer 4 executed.
2026-06-21 21:47:29,637 Executing layer 5...
2026-06-21 21:47:29,637 Recovering variable...
2026-06-21 21:47:29,638 Variable recovered. Time: 2.246697743733724e-05m
2026-06-21 21:47:29,638 Layer 5 executed.
2026-06-21 21:47:29,638 Executing layer 6...
2026-06-21 21:47:29,638 Recovering variable...
2026-06-21 21:47:29,640 Variable recovered. Time: 2.146164576212565e-05m
2026-06-21 21:47:29,640 Layer 6 executed.
2026-06-21 21:47:29,640 Executing layer 7...
2026-06-21 21:47:29,640 Recovering variable...
2026-06-21 21:47:29,641 Variable recovered. Time: 6.7392985026041664e-06m
2026-06-21 21:47:29,641 Layer 7 executed.
2026-06-21 21:47:29,641 Executing layer 8...
2026-06-21 21:47:29,641 Recovering variable...
2026-06-21 21:47:29,641 Variable recovered. Time: 9.258588155110677e-07m
2026-06-21 21:47:29,641 Layer 8 executed.
2026-06-21 21:47:29,641 Saving amount_neighbours on disk...
2026-06-21 21:47:29,641 Saving variable on disk...
2026-06-21 21:47:29,641 Variable saved. Time: 2.495447794596354e-06m
2026-06-21 21:47:29,654 Loading distances_nets on disk...
2026-06-21 21:47:29,654 Recovering variable...
2026-06-21 21:47:29,656 Variable recovered. Time: 2.821683883666992e-05m
2026-06-21 21:47:29,656 Recovering variable...
2026-06-21 21:47:29,660 Variable recovered. Time: 6.126165390014648e-05m
2026-06-21 21:47:29,660 Recovering variable...
2026-06-21 21:47:29,664 Variable recovered. Time: 6.419022878011068e-05m
2026-06-21 21:47:29,664 Recovering variable...
2026-06-21 21:47:29,664 Variable recovered. Time: 2.272923787434896e-06m
2026-06-21 21:47:29,664 Creating RWs...
2026-06-21 21:47:29,671 Receiving results...
2026-06-21 21:47:29,696 RW - vertex 47. Time : 0.00039768218994140625s
2026-06-21 21:47:29,697 RW - vertex 222. Time : 0.00015044212341308594s
2026-06-21 21:47:29,697 RW - vertex 105. Time : 0.00013947486877441406s
2026-06-21 21:47:29,697 RW - vertex 176. Time : 0.00012969970703125s
2026-06-21 21:47:29,697 RW - vertex 154. Time : 0.00013589859008789062s
2026-06-21 21:47:29,697 RW - vertex 58. Time : 0.00014400482177734375s
2026-06-21 21:47:29,697 RW - vertex 115. Time : 0.00014162063598632812s
2026-06-21 21:47:29,697 RW - vertex 19. Time : 0.0001163482666015625s
2026-06-21 21:47:29,698 RW - vertex 129. Time : 0.00015497207641601562s
2026-06-21 21:47:29,698 RW - vertex 240. Time : 0.00013518333435058594s
2026-06-21 21:47:29,698 RW - vertex 119. Time : 0.00012969970703125s
2026-06-21 21:47:29,698 RW - vertex 57. Time : 0.0001361370086669922s
2026-06-21 21:47:29,698 RW - vertex 255. Time : 0.00013685226440429688s
2026-06-21 21:47:29,698 RW - vertex 25. Time : 0.00013709068298339844s
2026-06-21 21:47:29,699 RW - vertex 195. Time : 0.00013375282287597656s
2026-06-21 21:47:29,699 RW - vertex 27. Time : 0.00013136863708496094s
2026-06-21 21:47:29,699 RW - vertex 236. Time : 0.00013494491577148438s
2026-06-21 21:47:29,699 RW - vertex 134. Time : 0.00012946128845214844s
2026-06-21 21:47:29,699 RW - vertex 76. Time : 0.00013113021850585938s
2026-06-21 21:47:29,699 RW - vertex 118. Time : 0.00011658668518066406s
2026-06-21 21:47:29,699 RW - vertex 226. Time : 0.00014352798461914062s
2026-06-21 21:47:29,700 RW - vertex 3. Time : 0.0001323223114013672s
2026-06-21 21:47:29,700 RW - vertex 124. Time : 0.00013184547424316406s
2026-06-21 21:47:29,700 RW - vertex 159. Time : 0.0001227855682373047s
2026-06-21 21:47:29,700 RW - vertex 153. Time : 0.0001423358917236328s
2026-06-21 21:47:29,700 RW - vertex 173. Time : 0.00013685226440429688s
2026-06-21 21:47:29,700 RW - vertex 219. Time : 0.0001399517059326172s
2026-06-21 21:47:29,700 RW - vertex 114. Time : 0.0001277923583984375s
2026-06-21 21:47:29,701 RW - vertex 54. Time : 0.00013709068298339844s
2026-06-21 21:47:29,701 RW - vertex 55. Time : 0.0001323223114013672s
2026-06-21 21:47:29,701 RW - vertex 1. Time : 0.0001266002655029297s
2026-06-21 21:47:29,701 RW - vertex 33. Time : 0.00013017654418945312s
2026-06-21 21:47:29,701 RW - vertex 39. Time : 0.00012826919555664062s
2026-06-21 21:47:29,701 RW - vertex 242. Time : 0.0001373291015625s
2026-06-21 21:47:29,701 RW - vertex 128. Time : 0.0001361370086669922s
2026-06-21 21:47:29,702 RW - vertex 21. Time : 0.00011944770812988281s
2026-06-21 21:47:29,702 RW - vertex 254. Time : 0.0001285076141357422s
2026-06-21 21:47:29,702 RW - vertex 233. Time : 0.00012922286987304688s
2026-06-21 21:47:29,702 RW - vertex 79. Time : 0.00012564659118652344s
2026-06-21 21:47:29,702 RW - vertex 126. Time : 0.00012683868408203125s
2026-06-21 21:47:29,702 RW - vertex 214. Time : 0.00014710426330566406s
2026-06-21 21:47:29,702 RW - vertex 84. Time : 0.00012993812561035156s
2026-06-21 21:47:29,703 RW - vertex 246. Time : 0.00014066696166992188s
2026-06-21 21:47:29,703 RW - vertex 210. Time : 0.00013971328735351562s
2026-06-21 21:47:29,703 RW - vertex 122. Time : 0.0001308917999267578s
2026-06-21 21:47:29,703 RW - vertex 62. Time : 0.000141143798828125s
2026-06-21 21:47:29,703 RW - vertex 200. Time : 0.0001327991485595703s
2026-06-21 21:47:29,703 RW - vertex 69. Time : 0.00012922286987304688s
2026-06-21 21:47:29,704 RW - vertex 259. Time : 0.00013256072998046875s
2026-06-21 21:47:29,704 RW - vertex 179. Time : 0.0001266002655029297s
2026-06-21 21:47:29,704 RW - vertex 95. Time : 0.00013780593872070312s
2026-06-21 21:47:29,704 RW - vertex 22. Time : 0.00013899803161621094s
2026-06-21 21:47:29,704 RW - vertex 175. Time : 0.0001575946807861328s
2026-06-21 21:47:29,704 RW - vertex 178. Time : 0.00013494491577148438s
2026-06-21 21:47:29,704 RW - vertex 227. Time : 0.00012135505676269531s
2026-06-21 21:47:29,705 RW - vertex 184. Time : 0.00011873245239257812s
2026-06-21 21:47:29,705 RW - vertex 201. Time : 0.00012683868408203125s
2026-06-21 21:47:29,705 RW - vertex 171. Time : 0.00014066696166992188s
2026-06-21 21:47:29,705 RW - vertex 107. Time : 0.0001246929168701172s
2026-06-21 21:47:29,705 RW - vertex 64. Time : 0.00013518333435058594s
2026-06-21 21:47:29,705 RW - vertex 265. Time : 0.00013065338134765625s
2026-06-21 21:47:29,705 RW - vertex 199. Time : 0.00012183189392089844s
2026-06-21 21:47:29,706 RW - vertex 35. Time : 0.000110626220703125s
2026-06-21 21:47:29,706 RW - vertex 239. Time : 0.00012874603271484375s
2026-06-21 21:47:29,706 RW - vertex 14. Time : 0.0001308917999267578s
2026-06-21 21:47:29,706 RW - vertex 245. Time : 0.0001270771026611328s
2026-06-21 21:47:29,706 RW - vertex 183. Time : 0.0001609325408935547s
2026-06-21 21:47:29,706 RW - vertex 203. Time : 0.00013446807861328125s
2026-06-21 21:47:29,707 RW - vertex 223. Time : 0.00013518333435058594s
2026-06-21 21:47:29,707 RW - vertex 42. Time : 0.0001373291015625s
2026-06-21 21:47:29,707 RW - vertex 143. Time : 0.00012445449829101562s
2026-06-21 21:47:29,707 RW - vertex 220. Time : 0.0001373291015625s
2026-06-21 21:47:29,707 RW - vertex 125. Time : 0.0001342296600341797s
2026-06-21 21:47:29,707 RW - vertex 148. Time : 0.00012445449829101562s
2026-06-21 21:47:29,707 RW - vertex 162. Time : 0.00013303756713867188s
2026-06-21 21:47:29,708 RW - vertex 49. Time : 0.00013113021850585938s
2026-06-21 21:47:29,708 RW - vertex 230. Time : 0.0001442432403564453s
2026-06-21 21:47:29,708 RW - vertex 94. Time : 0.0001373291015625s
2026-06-21 21:47:29,708 RW - vertex 41. Time : 0.00013875961303710938s
2026-06-21 21:47:29,708 RW - vertex 24. Time : 0.00014495849609375s
2026-06-21 21:47:29,708 RW - vertex 237. Time : 0.00012350082397460938s
2026-06-21 21:47:29,708 RW - vertex 234. Time : 0.00012350082397460938s
2026-06-21 21:47:29,709 RW - vertex 112. Time : 0.00011420249938964844s
2026-06-21 21:47:29,709 RW - vertex 30. Time : 0.0001347064971923828s
2026-06-21 21:47:29,709 RW - vertex 135. Time : 0.00012564659118652344s
2026-06-21 21:47:29,709 RW - vertex 106. Time : 0.00012969970703125s
2026-06-21 21:47:29,709 RW - vertex 186. Time : 0.00014972686767578125s
2026-06-21 21:47:29,709 RW - vertex 260. Time : 0.00012230873107910156s
2026-06-21 21:47:29,709 RW - vertex 160. Time : 0.0001308917999267578s
2026-06-21 21:47:29,710 RW - vertex 263. Time : 0.00012826919555664062s
2026-06-21 21:47:29,710 RW - vertex 174. Time : 0.0001277923583984375s
2026-06-21 21:47:29,710 RW - vertex 82. Time : 0.00011563301086425781s
2026-06-21 21:47:29,710 RW - vertex 232. Time : 0.00013184547424316406s
2026-06-21 21:47:29,710 RW - vertex 166. Time : 0.00012993812561035156s
2026-06-21 21:47:29,710 RW - vertex 149. Time : 0.00011587142944335938s
2026-06-21 21:47:29,710 RW - vertex 70. Time : 0.00013589859008789062s
2026-06-21 21:47:29,711 RW - vertex 181. Time : 0.0001316070556640625s
2026-06-21 21:47:29,711 RW - vertex 11. Time : 0.00013256072998046875s
2026-06-21 21:47:29,711 RW - vertex 87. Time : 0.0001399517059326172s
2026-06-21 21:47:29,711 RW - vertex 158. Time : 0.0001285076141357422s
2026-06-21 21:47:29,711 RW - vertex 192. Time : 0.00014138221740722656s
2026-06-21 21:47:29,711 RW - vertex 250. Time : 0.00013518333435058594s
2026-06-21 21:47:29,711 RW - vertex 34. Time : 0.00012755393981933594s
2026-06-21 21:47:29,712 RW - vertex 17. Time : 0.00011897087097167969s
2026-06-21 21:47:29,712 RW - vertex 138. Time : 0.00012254714965820312s
2026-06-21 21:47:29,712 RW - vertex 197. Time : 0.0001285076141357422s
2026-06-21 21:47:29,712 RW - vertex 225. Time : 0.0001385211944580078s
2026-06-21 21:47:29,712 RW - vertex 244. Time : 0.00012946128845214844s
2026-06-21 21:47:29,712 RW - vertex 31. Time : 0.00014710426330566406s
2026-06-21 21:47:29,713 RW - vertex 137. Time : 0.0001289844512939453s
2026-06-21 21:47:29,713 RW - vertex 88. Time : 0.0001327991485595703s
2026-06-21 21:47:29,713 RW - vertex 53. Time : 0.00012564659118652344s
2026-06-21 21:47:29,713 RW - vertex 235. Time : 0.00013875961303710938s
2026-06-21 21:47:29,713 RW - vertex 136. Time : 0.00014519691467285156s
2026-06-21 21:47:29,713 RW - vertex 121. Time : 0.00011229515075683594s
2026-06-21 21:47:29,713 RW - vertex 51. Time : 0.00012373924255371094s
2026-06-21 21:47:29,714 RW - vertex 43. Time : 0.00012922286987304688s
2026-06-21 21:47:29,714 RW - vertex 132. Time : 0.0001354217529296875s
2026-06-21 21:47:29,714 RW - vertex 156. Time : 0.0001316070556640625s
2026-06-21 21:47:29,714 RW - vertex 147. Time : 0.00013685226440429688s
2026-06-21 21:47:29,714 RW - vertex 127. Time : 0.00013446807861328125s
2026-06-21 21:47:29,714 RW - vertex 91. Time : 0.00012564659118652344s
2026-06-21 21:47:29,714 RW - vertex 146. Time : 0.00013971328735351562s
2026-06-21 21:47:29,715 RW - vertex 67. Time : 0.00013327598571777344s
2026-06-21 21:47:29,715 RW - vertex 221. Time : 0.000125885009765625s
2026-06-21 21:47:29,715 RW - vertex 44. Time : 0.0001277923583984375s
2026-06-21 21:47:29,715 RW - vertex 16. Time : 0.00013184547424316406s
2026-06-21 21:47:29,715 RW - vertex 93. Time : 0.00015807151794433594s
2026-06-21 21:47:29,715 RW - vertex 9. Time : 0.00012493133544921875s
2026-06-21 21:47:29,715 RW - vertex 185. Time : 0.0001285076141357422s
2026-06-21 21:47:29,716 RW - vertex 68. Time : 0.00012683868408203125s
2026-06-21 21:47:29,716 RW - vertex 18. Time : 0.00014257431030273438s
2026-06-21 21:47:29,716 RW - vertex 180. Time : 0.0001366138458251953s
2026-06-21 21:47:29,716 RW - vertex 77. Time : 0.00012731552124023438s
2026-06-21 21:47:29,716 RW - vertex 130. Time : 0.0001354217529296875s
2026-06-21 21:47:29,716 RW - vertex 86. Time : 0.0001327991485595703s
2026-06-21 21:47:29,716 RW - vertex 258. Time : 0.00011968612670898438s
2026-06-21 21:47:29,717 RW - vertex 96. Time : 0.00012183189392089844s
2026-06-21 21:47:29,717 RW - vertex 205. Time : 0.00012612342834472656s
2026-06-21 21:47:29,717 RW - vertex 241. Time : 0.00012683868408203125s
2026-06-21 21:47:29,717 RW - vertex 63. Time : 0.00013518333435058594s
2026-06-21 21:47:29,717 RW - vertex 90. Time : 0.0001354217529296875s
2026-06-21 21:47:29,717 RW - vertex 161. Time : 0.00012969970703125s
2026-06-21 21:47:29,717 RW - vertex 120. Time : 0.00012731552124023438s
2026-06-21 21:47:29,718 RW - vertex 170. Time : 0.00013136863708496094s
2026-06-21 21:47:29,718 RW - vertex 163. Time : 0.00013256072998046875s
2026-06-21 21:47:29,718 RW - vertex 150. Time : 0.00014066696166992188s
2026-06-21 21:47:29,718 RW - vertex 213. Time : 0.0001437664031982422s
2026-06-21 21:47:29,718 RW - vertex 169. Time : 0.00011110305786132812s
2026-06-21 21:47:29,718 RW - vertex 182. Time : 0.00014448165893554688s
2026-06-21 21:47:29,719 RW - vertex 4. Time : 0.00012874603271484375s
2026-06-21 21:47:29,719 RW - vertex 80. Time : 0.0001380443572998047s
2026-06-21 21:47:29,719 RW - vertex 103. Time : 0.00012803077697753906s
2026-06-21 21:47:29,719 RW - vertex 15. Time : 0.0001289844512939453s
2026-06-21 21:47:29,719 RW - vertex 36. Time : 0.00012564659118652344s
2026-06-21 21:47:29,719 RW - vertex 216. Time : 0.00013375282287597656s
2026-06-21 21:47:29,719 RW - vertex 26. Time : 0.00013327598571777344s
2026-06-21 21:47:29,720 RW - vertex 85. Time : 0.0001323223114013672s
2026-06-21 21:47:29,720 RW - vertex 92. Time : 0.0001308917999267578s
2026-06-21 21:47:29,720 RW - vertex 157. Time : 0.000133514404296875s
2026-06-21 21:47:29,720 RW - vertex 139. Time : 0.00011801719665527344s
2026-06-21 21:47:29,720 RW - vertex 194. Time : 0.00014281272888183594s
2026-06-21 21:47:29,720 RW - vertex 238. Time : 0.00012087821960449219s
2026-06-21 21:47:29,720 RW - vertex 5. Time : 0.00013327598571777344s
2026-06-21 21:47:29,721 RW - vertex 202. Time : 0.0001285076141357422s
2026-06-21 21:47:29,721 RW - vertex 248. Time : 0.0001354217529296875s
2026-06-21 21:47:29,721 RW - vertex 206. Time : 0.0001380443572998047s
2026-06-21 21:47:29,721 RW - vertex 145. Time : 0.0001285076141357422s
2026-06-21 21:47:29,721 RW - vertex 52. Time : 0.00014090538024902344s
2026-06-21 21:47:29,721 RW - vertex 102. Time : 0.00012302398681640625s
2026-06-21 21:47:29,721 RW - vertex 113. Time : 0.0001323223114013672s
2026-06-21 21:47:29,722 RW - vertex 12. Time : 0.00014281272888183594s
2026-06-21 21:47:29,722 RW - vertex 215. Time : 0.0001316070556640625s
2026-06-21 21:47:29,722 RW - vertex 46. Time : 0.00012183189392089844s
2026-06-21 21:47:29,722 RW - vertex 257. Time : 0.00011444091796875s
2026-06-21 21:47:29,722 RW - vertex 191. Time : 0.0001289844512939453s
2026-06-21 21:47:29,722 RW - vertex 13. Time : 0.00013017654418945312s
2026-06-21 21:47:29,722 RW - vertex 10. Time : 0.00011730194091796875s
2026-06-21 21:47:29,723 RW - vertex 264. Time : 0.0001437664031982422s
2026-06-21 21:47:29,723 RW - vertex 104. Time : 0.00012254714965820312s
2026-06-21 21:47:29,723 RW - vertex 228. Time : 0.00012755393981933594s
2026-06-21 21:47:29,723 RW - vertex 100. Time : 0.00012803077697753906s
2026-06-21 21:47:29,723 RW - vertex 116. Time : 0.0001404285430908203s
2026-06-21 21:47:29,723 RW - vertex 253. Time : 0.00013494491577148438s
2026-06-21 21:47:29,723 RW - vertex 151. Time : 0.00013399124145507812s
2026-06-21 21:47:29,724 RW - vertex 172. Time : 0.0001354217529296875s
2026-06-21 21:47:29,724 RW - vertex 168. Time : 0.00012803077697753906s
2026-06-21 21:47:29,724 RW - vertex 40. Time : 0.0001246929168701172s
2026-06-21 21:47:29,724 RW - vertex 131. Time : 0.00012445449829101562s
2026-06-21 21:47:29,724 RW - vertex 117. Time : 0.0001347064971923828s
2026-06-21 21:47:29,724 RW - vertex 66. Time : 0.0001289844512939453s
2026-06-21 21:47:29,725 RW - vertex 142. Time : 0.0001289844512939453s
2026-06-21 21:47:29,725 RW - vertex 252. Time : 0.00012254714965820312s
2026-06-21 21:47:29,725 RW - vertex 23. Time : 0.0001323223114013672s
2026-06-21 21:47:29,725 RW - vertex 256. Time : 0.00013327598571777344s
2026-06-21 21:47:29,725 RW - vertex 217. Time : 0.00014066696166992188s
2026-06-21 21:47:29,725 RW - vertex 45. Time : 0.00012540817260742188s
2026-06-21 21:47:29,725 RW - vertex 224. Time : 0.00013589859008789062s
2026-06-21 21:47:29,726 RW - vertex 190. Time : 0.0001323223114013672s
2026-06-21 21:47:29,726 RW - vertex 101. Time : 0.00012946128845214844s
2026-06-21 21:47:29,726 RW - vertex 187. Time : 0.0001289844512939453s
2026-06-21 21:47:29,726 RW - vertex 141. Time : 0.00012874603271484375s
2026-06-21 21:47:29,726 RW - vertex 65. Time : 0.00014138221740722656s
2026-06-21 21:47:29,726 RW - vertex 155. Time : 0.00013637542724609375s
2026-06-21 21:47:29,726 RW - vertex 140. Time : 0.00013113021850585938s
2026-06-21 21:47:29,727 RW - vertex 20. Time : 0.00013494491577148438s
2026-06-21 21:47:29,727 RW - vertex 60. Time : 0.00012969970703125s
2026-06-21 21:47:29,727 RW - vertex 144. Time : 0.00014662742614746094s
2026-06-21 21:47:29,727 RW - vertex 193. Time : 0.00012969970703125s
2026-06-21 21:47:29,727 RW - vertex 152. Time : 0.00013947486877441406s
2026-06-21 21:47:29,727 RW - vertex 32. Time : 0.00013446807861328125s
2026-06-21 21:47:29,727 RW - vertex 207. Time : 0.00014162063598632812s
2026-06-21 21:47:29,728 RW - vertex 29. Time : 0.00013017654418945312s
2026-06-21 21:47:29,728 RW - vertex 108. Time : 0.00011587142944335938s
2026-06-21 21:47:29,728 RW - vertex 78. Time : 0.00013589859008789062s
2026-06-21 21:47:29,728 RW - vertex 6. Time : 0.0001239776611328125s
2026-06-21 21:47:29,728 RW - vertex 261. Time : 0.00013399124145507812s
2026-06-21 21:47:29,728 RW - vertex 28. Time : 0.00013494491577148438s
2026-06-21 21:47:29,729 RW - vertex 204. Time : 0.00014710426330566406s
2026-06-21 21:47:29,729 RW - vertex 188. Time : 0.0001361370086669922s
2026-06-21 21:47:29,729 RW - vertex 59. Time : 0.00013017654418945312s
2026-06-21 21:47:29,729 RW - vertex 56. Time : 0.0001380443572998047s
2026-06-21 21:47:29,729 RW - vertex 198. Time : 0.00013875961303710938s
2026-06-21 21:47:29,729 RW - vertex 61. Time : 0.00014209747314453125s
2026-06-21 21:47:29,729 RW - vertex 2. Time : 0.0001354217529296875s
2026-06-21 21:47:29,730 RW - vertex 97. Time : 0.0001323223114013672s
2026-06-21 21:47:29,730 RW - vertex 196. Time : 0.0001418590545654297s
2026-06-21 21:47:29,730 RW - vertex 208. Time : 0.0001354217529296875s
2026-06-21 21:47:29,730 RW - vertex 177. Time : 0.00012826919555664062s
2026-06-21 21:47:29,730 RW - vertex 48. Time : 0.0001404285430908203s
2026-06-21 21:47:29,730 RW - vertex 189. Time : 0.00013566017150878906s
2026-06-21 21:47:29,730 RW - vertex 38. Time : 0.0001399517059326172s
2026-06-21 21:47:29,731 RW - vertex 247. Time : 0.0001304149627685547s
2026-06-21 21:47:29,731 RW - vertex 212. Time : 0.00013875961303710938s
2026-06-21 21:47:29,731 RW - vertex 75. Time : 0.00013399124145507812s
2026-06-21 21:47:29,731 RW - vertex 243. Time : 0.00012636184692382812s
2026-06-21 21:47:29,731 RW - vertex 7. Time : 0.0001316070556640625s
2026-06-21 21:47:29,731 RW - vertex 165. Time : 0.00011658668518066406s
2026-06-21 21:47:29,732 RW - vertex 167. Time : 0.00012874603271484375s
2026-06-21 21:47:29,732 RW - vertex 218. Time : 0.00014019012451171875s
2026-06-21 21:47:29,732 RW - vertex 83. Time : 0.00013327598571777344s
2026-06-21 21:47:29,732 RW - vertex 37. Time : 0.00012731552124023438s
2026-06-21 21:47:29,732 RW - vertex 209. Time : 0.00013971328735351562s
2026-06-21 21:47:29,732 RW - vertex 229. Time : 0.00013518333435058594s
2026-06-21 21:47:29,732 RW - vertex 231. Time : 0.00013303756713867188s
2026-06-21 21:47:29,733 RW - vertex 249. Time : 0.0001323223114013672s
2026-06-21 21:47:29,733 RW - vertex 164. Time : 0.00013780593872070312s
2026-06-21 21:47:29,733 RW - vertex 211. Time : 0.0001366138458251953s
2026-06-21 21:47:29,733 RW - vertex 81. Time : 0.00013756752014160156s
2026-06-21 21:47:29,733 RW - vertex 111. Time : 0.00013875961303710938s
2026-06-21 21:47:29,733 RW - vertex 109. Time : 0.0001468658447265625s
2026-06-21 21:47:29,735 Iteration 0 executed.
2026-06-21 21:47:29,743 RW - vertex 47. Time : 0.0002124309539794922s
2026-06-21 21:47:29,743 RW - vertex 222. Time : 0.0001614093780517578s
2026-06-21 21:47:29,743 RW - vertex 105. Time : 0.00015211105346679688s
2026-06-21 21:47:29,743 RW - vertex 176. Time : 0.00013875961303710938s
2026-06-21 21:47:29,743 RW - vertex 154. Time : 0.0001380443572998047s
2026-06-21 21:47:29,744 RW - vertex 58. Time : 0.000148773193359375s
2026-06-21 21:47:29,744 RW - vertex 115. Time : 0.00015783309936523438s
2026-06-21 21:47:29,744 RW - vertex 19. Time : 0.00012993812561035156s
2026-06-21 21:47:29,744 RW - vertex 129. Time : 0.0001442432403564453s
2026-06-21 21:47:29,744 RW - vertex 240. Time : 0.00013875961303710938s
2026-06-21 21:47:29,744 RW - vertex 119. Time : 0.00014138221740722656s
2026-06-21 21:47:29,745 RW - vertex 57. Time : 0.00014591217041015625s
2026-06-21 21:47:29,745 RW - vertex 255. Time : 0.00014495849609375s
2026-06-21 21:47:29,745 RW - vertex 25. Time : 0.00014090538024902344s
2026-06-21 21:47:29,745 RW - vertex 195. Time : 0.00014853477478027344s
2026-06-21 21:47:29,745 RW - vertex 27. Time : 0.00013780593872070312s
2026-06-21 21:47:29,745 RW - vertex 236. Time : 0.00013756752014160156s
2026-06-21 21:47:29,746 RW - vertex 134. Time : 0.00013709068298339844s
2026-06-21 21:47:29,746 RW - vertex 76. Time : 0.0001354217529296875s
2026-06-21 21:47:29,746 RW - vertex 118. Time : 0.00014662742614746094s
2026-06-21 21:47:29,746 RW - vertex 226. Time : 0.00013971328735351562s
2026-06-21 21:47:29,746 RW - vertex 3. Time : 0.0001380443572998047s
2026-06-21 21:47:29,746 RW - vertex 124. Time : 0.00011229515075683594s
2026-06-21 21:47:29,746 RW - vertex 159. Time : 0.0001423358917236328s
2026-06-21 21:47:29,747 RW - vertex 153. Time : 0.00012302398681640625s
2026-06-21 21:47:29,747 RW - vertex 173. Time : 0.00014019012451171875s
2026-06-21 21:47:29,747 RW - vertex 219. Time : 0.0001342296600341797s
2026-06-21 21:47:29,747 RW - vertex 114. Time : 0.00013566017150878906s
2026-06-21 21:47:29,747 RW - vertex 54. Time : 0.00013136863708496094s
2026-06-21 21:47:29,747 RW - vertex 55. Time : 0.00013518333435058594s
2026-06-21 21:47:29,748 RW - vertex 1. Time : 0.00012803077697753906s
2026-06-21 21:47:29,748 RW - vertex 33. Time : 0.00012803077697753906s
2026-06-21 21:47:29,748 RW - vertex 39. Time : 0.0001361370086669922s
2026-06-21 21:47:29,748 RW - vertex 242. Time : 0.00013446807861328125s
2026-06-21 21:47:29,748 RW - vertex 128. Time : 0.00013518333435058594s
2026-06-21 21:47:29,748 RW - vertex 21. Time : 0.00013113021850585938s
2026-06-21 21:47:29,748 RW - vertex 254. Time : 0.00014209747314453125s
2026-06-21 21:47:29,749 RW - vertex 233. Time : 0.0001342296600341797s
2026-06-21 21:47:29,749 RW - vertex 79. Time : 0.00012564659118652344s
2026-06-21 21:47:29,749 RW - vertex 126. Time : 0.00014448165893554688s
2026-06-21 21:47:29,749 RW - vertex 214. Time : 0.00015020370483398438s
2026-06-21 21:47:29,749 RW - vertex 84. Time : 0.00014209747314453125s
2026-06-21 21:47:29,749 RW - vertex 246. Time : 0.0001380443572998047s
2026-06-21 21:47:29,750 RW - vertex 210. Time : 0.00014257431030273438s
2026-06-21 21:47:29,750 RW - vertex 122. Time : 0.00012874603271484375s
2026-06-21 21:47:29,750 RW - vertex 62. Time : 0.00014257431030273438s
2026-06-21 21:47:29,750 RW - vertex 200. Time : 0.00013637542724609375s
2026-06-21 21:47:29,750 RW - vertex 69. Time : 0.0001347064971923828s
2026-06-21 21:47:29,750 RW - vertex 259. Time : 0.00014472007751464844s
2026-06-21 21:47:29,750 RW - vertex 179. Time : 0.00013709068298339844s
2026-06-21 21:47:29,751 RW - vertex 95. Time : 0.00013709068298339844s
2026-06-21 21:47:29,751 RW - vertex 22. Time : 0.00014781951904296875s
2026-06-21 21:47:29,751 RW - vertex 175. Time : 0.0001289844512939453s
2026-06-21 21:47:29,751 RW - vertex 178. Time : 0.0001361370086669922s
2026-06-21 21:47:29,751 RW - vertex 227. Time : 0.00014400482177734375s
2026-06-21 21:47:29,751 RW - vertex 184. Time : 0.0001456737518310547s
2026-06-21 21:47:29,752 RW - vertex 201. Time : 0.00013256072998046875s
2026-06-21 21:47:29,752 RW - vertex 171. Time : 0.0001316070556640625s
2026-06-21 21:47:29,752 RW - vertex 107. Time : 0.00012183189392089844s
2026-06-21 21:47:29,752 RW - vertex 64. Time : 0.00012493133544921875s
2026-06-21 21:47:29,752 RW - vertex 265. Time : 0.00014710426330566406s
2026-06-21 21:47:29,752 RW - vertex 199. Time : 0.00012421607971191406s
2026-06-21 21:47:29,752 RW - vertex 35. Time : 0.00012803077697753906s
2026-06-21 21:47:29,753 RW - vertex 239. Time : 0.00014472007751464844s
2026-06-21 21:47:29,753 RW - vertex 14. Time : 0.00013113021850585938s
2026-06-21 21:47:29,753 RW - vertex 245. Time : 0.00013327598571777344s
2026-06-21 21:47:29,753 RW - vertex 183. Time : 0.00012683868408203125s
2026-06-21 21:47:29,753 RW - vertex 203. Time : 0.00013589859008789062s
2026-06-21 21:47:29,753 RW - vertex 223. Time : 0.0001304149627685547s
2026-06-21 21:47:29,753 RW - vertex 42. Time : 0.0001399517059326172s
2026-06-21 21:47:29,754 RW - vertex 143. Time : 0.00013375282287597656s
2026-06-21 21:47:29,754 RW - vertex 220. Time : 0.00014781951904296875s
2026-06-21 21:47:29,754 RW - vertex 125. Time : 0.0001246929168701172s
2026-06-21 21:47:29,754 RW - vertex 148. Time : 0.00014901161193847656s
2026-06-21 21:47:29,754 RW - vertex 162. Time : 0.000148773193359375s
2026-06-21 21:47:29,754 RW - vertex 49. Time : 0.00015544891357421875s
2026-06-21 21:47:29,755 RW - vertex 230. Time : 0.000152587890625s
2026-06-21 21:47:29,755 RW - vertex 94. Time : 0.00013184547424316406s
2026-06-21 21:47:29,755 RW - vertex 41. Time : 0.0001251697540283203s
2026-06-21 21:47:29,755 RW - vertex 24. Time : 0.0001316070556640625s
2026-06-21 21:47:29,755 RW - vertex 237. Time : 0.00014901161193847656s
2026-06-21 21:47:29,755 RW - vertex 234. Time : 0.00013303756713867188s
2026-06-21 21:47:29,755 RW - vertex 112. Time : 0.00014209747314453125s
2026-06-21 21:47:29,756 RW - vertex 30. Time : 0.0001316070556640625s
2026-06-21 21:47:29,756 RW - vertex 135. Time : 0.0001316070556640625s
2026-06-21 21:47:29,756 RW - vertex 106. Time : 0.0001289844512939453s
2026-06-21 21:47:29,756 RW - vertex 186. Time : 0.00013566017150878906s
2026-06-21 21:47:29,756 RW - vertex 260. Time : 0.00013685226440429688s
2026-06-21 21:47:29,756 RW - vertex 160. Time : 0.0001404285430908203s
2026-06-21 21:47:29,757 RW - vertex 263. Time : 0.00014638900756835938s
2026-06-21 21:47:29,757 RW - vertex 174. Time : 0.00013375282287597656s
2026-06-21 21:47:29,757 RW - vertex 82. Time : 0.0001361370086669922s
2026-06-21 21:47:29,757 RW - vertex 232. Time : 0.00012540817260742188s
2026-06-21 21:47:29,757 RW - vertex 166. Time : 0.0001347064971923828s
2026-06-21 21:47:29,757 RW - vertex 149. Time : 0.0001316070556640625s
2026-06-21 21:47:29,757 RW - vertex 70. Time : 0.0001277923583984375s
2026-06-21 21:47:29,758 RW - vertex 181. Time : 0.00012803077697753906s
2026-06-21 21:47:29,758 RW - vertex 11. Time : 0.0001323223114013672s
2026-06-21 21:47:29,758 RW - vertex 87. Time : 0.0001323223114013672s
2026-06-21 21:47:29,758 RW - vertex 158. Time : 0.0001270771026611328s
2026-06-21 21:47:29,758 RW - vertex 192. Time : 0.0001418590545654297s
2026-06-21 21:47:29,758 RW - vertex 250. Time : 0.00013875961303710938s
2026-06-21 21:47:29,758 RW - vertex 34. Time : 0.00012493133544921875s
2026-06-21 21:47:29,759 RW - vertex 17. Time : 0.00013899803161621094s
2026-06-21 21:47:29,759 RW - vertex 138. Time : 0.0001392364501953125s
2026-06-21 21:47:29,759 RW - vertex 197. Time : 0.0001316070556640625s
2026-06-21 21:47:29,759 RW - vertex 225. Time : 0.00013327598571777344s
2026-06-21 21:47:29,759 RW - vertex 244. Time : 0.0001304149627685547s
2026-06-21 21:47:29,759 RW - vertex 31. Time : 0.00013113021850585938s
2026-06-21 21:47:29,759 RW - vertex 137. Time : 0.0001308917999267578s
2026-06-21 21:47:29,760 RW - vertex 88. Time : 0.0001347064971923828s
2026-06-21 21:47:29,760 RW - vertex 53. Time : 0.00013136863708496094s
2026-06-21 21:47:29,760 RW - vertex 235. Time : 0.00011420249938964844s
2026-06-21 21:47:29,760 RW - vertex 136. Time : 0.00014495849609375s
2026-06-21 21:47:29,760 RW - vertex 121. Time : 0.00011992454528808594s
2026-06-21 21:47:29,760 RW - vertex 51. Time : 0.00011777877807617188s
2026-06-21 21:47:29,760 RW - vertex 43. Time : 0.00013518333435058594s
2026-06-21 21:47:29,761 RW - vertex 132. Time : 0.00012683868408203125s
2026-06-21 21:47:29,761 RW - vertex 156. Time : 0.0001361370086669922s
2026-06-21 21:47:29,761 RW - vertex 147. Time : 0.0001342296600341797s
2026-06-21 21:47:29,761 RW - vertex 127. Time : 0.00014781951904296875s
2026-06-21 21:47:29,761 RW - vertex 91. Time : 0.0001289844512939453s
2026-06-21 21:47:29,761 RW - vertex 146. Time : 0.00013637542724609375s
2026-06-21 21:47:29,762 RW - vertex 67. Time : 0.00011730194091796875s
2026-06-21 21:47:29,762 RW - vertex 221. Time : 0.00013327598571777344s
2026-06-21 21:47:29,762 RW - vertex 44. Time : 0.00012135505676269531s
2026-06-21 21:47:29,762 RW - vertex 16. Time : 0.00013971328735351562s
2026-06-21 21:47:29,762 RW - vertex 93. Time : 0.00015163421630859375s
2026-06-21 21:47:29,762 RW - vertex 9. Time : 0.00013136863708496094s
2026-06-21 21:47:29,762 RW - vertex 185. Time : 0.00013971328735351562s
2026-06-21 21:47:29,763 RW - vertex 68. Time : 0.00012803077697753906s
2026-06-21 21:47:29,763 RW - vertex 18. Time : 0.0001266002655029297s
2026-06-21 21:47:29,763 RW - vertex 180. Time : 0.00012636184692382812s
2026-06-21 21:47:29,763 RW - vertex 77. Time : 0.00012993812561035156s
2026-06-21 21:47:29,763 RW - vertex 130. Time : 0.00013518333435058594s
2026-06-21 21:47:29,763 RW - vertex 86. Time : 0.00014162063598632812s
2026-06-21 21:47:29,763 RW - vertex 258. Time : 0.00012183189392089844s
2026-06-21 21:47:29,764 RW - vertex 96. Time : 0.00012373924255371094s
2026-06-21 21:47:29,764 RW - vertex 205. Time : 0.00011682510375976562s
2026-06-21 21:47:29,764 RW - vertex 241. Time : 0.00012350082397460938s
2026-06-21 21:47:29,764 RW - vertex 63. Time : 0.00012636184692382812s
2026-06-21 21:47:29,764 RW - vertex 90. Time : 0.00016379356384277344s
2026-06-21 21:47:29,764 RW - vertex 161. Time : 0.00014257431030273438s
2026-06-21 21:47:29,764 RW - vertex 120. Time : 0.00011777877807617188s
2026-06-21 21:47:29,765 RW - vertex 170. Time : 0.00013709068298339844s
2026-06-21 21:47:29,765 RW - vertex 163. Time : 0.00013637542724609375s
2026-06-21 21:47:29,765 RW - vertex 150. Time : 0.0001285076141357422s
2026-06-21 21:47:29,765 RW - vertex 213. Time : 0.00012350082397460938s
2026-06-21 21:47:29,765 RW - vertex 169. Time : 0.00013947486877441406s
2026-06-21 21:47:29,765 RW - vertex 182. Time : 0.00011229515075683594s
2026-06-21 21:47:29,765 RW - vertex 4. Time : 0.00013494491577148438s
2026-06-21 21:47:29,766 RW - vertex 80. Time : 0.0001342296600341797s
2026-06-21 21:47:29,766 RW - vertex 103. Time : 0.0001373291015625s
2026-06-21 21:47:29,766 RW - vertex 15. Time : 0.000125885009765625s
2026-06-21 21:47:29,766 RW - vertex 36. Time : 0.000118255615234375s
2026-06-21 21:47:29,766 RW - vertex 216. Time : 0.00016355514526367188s
2026-06-21 21:47:29,766 RW - vertex 26. Time : 0.0001430511474609375s
2026-06-21 21:47:29,767 RW - vertex 85. Time : 0.00012612342834472656s
2026-06-21 21:47:29,767 RW - vertex 92. Time : 0.00014138221740722656s
2026-06-21 21:47:29,767 RW - vertex 157. Time : 0.00013756752014160156s
2026-06-21 21:47:29,767 RW - vertex 139. Time : 0.00011992454528808594s
2026-06-21 21:47:29,767 RW - vertex 194. Time : 0.00013899803161621094s
2026-06-21 21:47:29,767 RW - vertex 238. Time : 0.00013136863708496094s
2026-06-21 21:47:29,767 RW - vertex 5. Time : 0.00012087821960449219s
2026-06-21 21:47:29,768 RW - vertex 202. Time : 0.00013756752014160156s
2026-06-21 21:47:29,768 RW - vertex 248. Time : 0.0001399517059326172s
2026-06-21 21:47:29,768 RW - vertex 206. Time : 0.0001366138458251953s
2026-06-21 21:47:29,768 RW - vertex 145. Time : 0.0001399517059326172s
2026-06-21 21:47:29,768 RW - vertex 52. Time : 0.00013399124145507812s
2026-06-21 21:47:29,768 RW - vertex 102. Time : 0.00014495849609375s
2026-06-21 21:47:29,768 RW - vertex 113. Time : 0.00013518333435058594s
2026-06-21 21:47:29,769 RW - vertex 12. Time : 0.00013446807861328125s
2026-06-21 21:47:29,769 RW - vertex 215. Time : 0.00014400482177734375s
2026-06-21 21:47:29,769 RW - vertex 46. Time : 0.00013303756713867188s
2026-06-21 21:47:29,769 RW - vertex 257. Time : 0.000148773193359375s
2026-06-21 21:47:29,769 RW - vertex 191. Time : 0.0001442432403564453s
2026-06-21 21:47:29,769 RW - vertex 13. Time : 0.00014925003051757812s
2026-06-21 21:47:29,770 RW - vertex 10. Time : 0.0001347064971923828s
2026-06-21 21:47:29,770 RW - vertex 264. Time : 0.0001418590545654297s
2026-06-21 21:47:29,770 RW - vertex 104. Time : 0.00012564659118652344s
2026-06-21 21:47:29,770 RW - vertex 228. Time : 0.000141143798828125s
2026-06-21 21:47:29,770 RW - vertex 100. Time : 0.0001316070556640625s
2026-06-21 21:47:29,770 RW - vertex 116. Time : 0.00014328956604003906s
2026-06-21 21:47:29,771 RW - vertex 253. Time : 0.00013518333435058594s
2026-06-21 21:47:29,771 RW - vertex 151. Time : 0.0001277923583984375s
2026-06-21 21:47:29,771 RW - vertex 172. Time : 0.0001361370086669922s
2026-06-21 21:47:29,771 RW - vertex 168. Time : 0.00014972686767578125s
2026-06-21 21:47:29,771 RW - vertex 40. Time : 0.00014019012451171875s
2026-06-21 21:47:29,771 RW - vertex 131. Time : 0.0001289844512939453s
2026-06-21 21:47:29,771 RW - vertex 117. Time : 0.00013113021850585938s
2026-06-21 21:47:29,772 RW - vertex 66. Time : 0.0001323223114013672s
2026-06-21 21:47:29,772 RW - vertex 142. Time : 0.00013208389282226562s
2026-06-21 21:47:29,772 RW - vertex 252. Time : 0.00012993812561035156s
2026-06-21 21:47:29,772 RW - vertex 23. Time : 0.00012946128845214844s
2026-06-21 21:47:29,772 RW - vertex 256. Time : 0.0001347064971923828s
2026-06-21 21:47:29,772 RW - vertex 217. Time : 0.00014519691467285156s
2026-06-21 21:47:29,772 RW - vertex 45. Time : 0.00012731552124023438s
2026-06-21 21:47:29,773 RW - vertex 224. Time : 0.00013828277587890625s
2026-06-21 21:47:29,773 RW - vertex 190. Time : 0.0001418590545654297s
2026-06-21 21:47:29,773 RW - vertex 101. Time : 0.00012683868408203125s
2026-06-21 21:47:29,773 RW - vertex 187. Time : 0.00014019012451171875s
2026-06-21 21:47:29,773 RW - vertex 141. Time : 0.00014519691467285156s
2026-06-21 21:47:29,773 RW - vertex 65. Time : 0.0001404285430908203s
2026-06-21 21:47:29,774 RW - vertex 155. Time : 0.00013685226440429688s
2026-06-21 21:47:29,774 RW - vertex 140. Time : 0.00014090538024902344s
2026-06-21 21:47:29,774 RW - vertex 20. Time : 0.00013947486877441406s
2026-06-21 21:47:29,774 RW - vertex 60. Time : 0.00013494491577148438s
2026-06-21 21:47:29,774 RW - vertex 144. Time : 0.0001308917999267578s
2026-06-21 21:47:29,774 RW - vertex 193. Time : 0.00013065338134765625s
2026-06-21 21:47:29,774 RW - vertex 152. Time : 0.00013303756713867188s
2026-06-21 21:47:29,775 RW - vertex 32. Time : 0.0001227855682373047s
2026-06-21 21:47:29,775 RW - vertex 207. Time : 0.00014662742614746094s
2026-06-21 21:47:29,775 RW - vertex 29. Time : 0.00012683868408203125s
2026-06-21 21:47:29,775 RW - vertex 108. Time : 0.00014138221740722656s
2026-06-21 21:47:29,775 RW - vertex 78. Time : 0.00014257431030273438s
2026-06-21 21:47:29,775 RW - vertex 6. Time : 0.0001499652862548828s
2026-06-21 21:47:29,776 RW - vertex 261. Time : 0.00013518333435058594s
2026-06-21 21:47:29,776 RW - vertex 28. Time : 0.00012636184692382812s
2026-06-21 21:47:29,776 RW - vertex 204. Time : 0.0001285076141357422s
2026-06-21 21:47:29,776 RW - vertex 188. Time : 0.00012350082397460938s
2026-06-21 21:47:29,776 RW - vertex 59. Time : 0.00014019012451171875s
2026-06-21 21:47:29,776 RW - vertex 56. Time : 0.0001285076141357422s
2026-06-21 21:47:29,776 RW - vertex 198. Time : 0.00012302398681640625s
2026-06-21 21:47:29,777 RW - vertex 61. Time : 0.00014066696166992188s
2026-06-21 21:47:29,777 RW - vertex 2. Time : 0.00013327598571777344s
2026-06-21 21:47:29,777 RW - vertex 97. Time : 0.0001277923583984375s
2026-06-21 21:47:29,777 RW - vertex 196. Time : 0.00012612342834472656s
2026-06-21 21:47:29,777 RW - vertex 208. Time : 0.00012636184692382812s
2026-06-21 21:47:29,777 RW - vertex 177. Time : 0.00013327598571777344s
2026-06-21 21:47:29,777 RW - vertex 48. Time : 0.00013113021850585938s
2026-06-21 21:47:29,778 RW - vertex 189. Time : 0.00014090538024902344s
2026-06-21 21:47:29,778 RW - vertex 38. Time : 0.00012445449829101562s
2026-06-21 21:47:29,778 RW - vertex 247. Time : 0.00013065338134765625s
2026-06-21 21:47:29,778 RW - vertex 212. Time : 0.0001499652862548828s
2026-06-21 21:47:29,778 RW - vertex 75. Time : 0.0001392364501953125s
2026-06-21 21:47:29,778 RW - vertex 243. Time : 0.00013685226440429688s
2026-06-21 21:47:29,778 RW - vertex 7. Time : 0.0001323223114013672s
2026-06-21 21:47:29,779 RW - vertex 165. Time : 0.0001289844512939453s
2026-06-21 21:47:29,779 RW - vertex 167. Time : 0.0001430511474609375s
2026-06-21 21:47:29,779 RW - vertex 218. Time : 0.00013566017150878906s
2026-06-21 21:47:29,779 RW - vertex 83. Time : 0.00012373924255371094s
2026-06-21 21:47:29,779 RW - vertex 37. Time : 0.00013017654418945312s
2026-06-21 21:47:29,779 RW - vertex 209. Time : 0.0001366138458251953s
2026-06-21 21:47:29,780 RW - vertex 229. Time : 0.000141143798828125s
2026-06-21 21:47:29,780 RW - vertex 231. Time : 0.00012922286987304688s
2026-06-21 21:47:29,780 RW - vertex 249. Time : 0.00013756752014160156s
2026-06-21 21:47:29,780 RW - vertex 164. Time : 0.00012922286987304688s
2026-06-21 21:47:29,780 RW - vertex 211. Time : 0.00014495849609375s
2026-06-21 21:47:29,780 RW - vertex 81. Time : 0.00014162063598632812s
2026-06-21 21:47:29,780 RW - vertex 111. Time : 0.00012183189392089844s
2026-06-21 21:47:29,781 RW - vertex 109. Time : 0.00015664100646972656s
2026-06-21 21:47:29,782 Iteration 1 executed.
2026-06-21 21:47:29,790 RW - vertex 47. Time : 0.0002181529998779297s
2026-06-21 21:47:29,791 RW - vertex 222. Time : 0.00017762184143066406s
2026-06-21 21:47:29,791 RW - vertex 105. Time : 0.0001385211944580078s
2026-06-21 21:47:29,791 RW - vertex 176. Time : 0.00013685226440429688s
2026-06-21 21:47:29,791 RW - vertex 154. Time : 0.0001513957977294922s
2026-06-21 21:47:29,791 RW - vertex 58. Time : 0.0001442432403564453s
2026-06-21 21:47:29,791 RW - vertex 115. Time : 0.0001544952392578125s
2026-06-21 21:47:29,792 RW - vertex 19. Time : 0.00013375282287597656s
2026-06-21 21:47:29,792 RW - vertex 129. Time : 0.0001442432403564453s
2026-06-21 21:47:29,792 RW - vertex 240. Time : 0.00013828277587890625s
2026-06-21 21:47:29,792 RW - vertex 119. Time : 0.0001442432403564453s
2026-06-21 21:47:29,792 RW - vertex 57. Time : 0.00014281272888183594s
2026-06-21 21:47:29,792 RW - vertex 255. Time : 0.00013256072998046875s
2026-06-21 21:47:29,792 RW - vertex 25. Time : 0.0001392364501953125s
2026-06-21 21:47:29,793 RW - vertex 195. Time : 0.00014090538024902344s
2026-06-21 21:47:29,793 RW - vertex 27. Time : 0.00014638900756835938s
2026-06-21 21:47:29,793 RW - vertex 236. Time : 0.00013184547424316406s
2026-06-21 21:47:29,793 RW - vertex 134. Time : 0.00014257431030273438s
2026-06-21 21:47:29,793 RW - vertex 76. Time : 0.0001461505889892578s
2026-06-21 21:47:29,793 RW - vertex 118. Time : 0.00013685226440429688s
2026-06-21 21:47:29,794 RW - vertex 226. Time : 0.0001342296600341797s
2026-06-21 21:47:29,794 RW - vertex 3. Time : 0.0001347064971923828s
2026-06-21 21:47:29,794 RW - vertex 124. Time : 0.00013208389282226562s
2026-06-21 21:47:29,794 RW - vertex 159. Time : 0.00013971328735351562s
2026-06-21 21:47:29,794 RW - vertex 153. Time : 0.0001418590545654297s
2026-06-21 21:47:29,794 RW - vertex 173. Time : 0.0001373291015625s
2026-06-21 21:47:29,795 RW - vertex 219. Time : 0.00015354156494140625s
2026-06-21 21:47:29,795 RW - vertex 114. Time : 0.00013303756713867188s
2026-06-21 21:47:29,795 RW - vertex 54. Time : 0.00012969970703125s
2026-06-21 21:47:29,795 RW - vertex 55. Time : 0.00013709068298339844s
2026-06-21 21:47:29,795 RW - vertex 1. Time : 0.00013685226440429688s
2026-06-21 21:47:29,795 RW - vertex 33. Time : 0.00014281272888183594s
2026-06-21 21:47:29,795 RW - vertex 39. Time : 0.0001220703125s
2026-06-21 21:47:29,796 RW - vertex 242. Time : 0.000118255615234375s
2026-06-21 21:47:29,796 RW - vertex 128. Time : 0.0001442432403564453s
2026-06-21 21:47:29,796 RW - vertex 21. Time : 0.00013756752014160156s
2026-06-21 21:47:29,796 RW - vertex 254. Time : 0.00011730194091796875s
2026-06-21 21:47:29,796 RW - vertex 233. Time : 0.00014734268188476562s
2026-06-21 21:47:29,796 RW - vertex 79. Time : 0.0001423358917236328s
2026-06-21 21:47:29,796 RW - vertex 126. Time : 0.0001308917999267578s
2026-06-21 21:47:29,797 RW - vertex 214. Time : 0.00014543533325195312s
2026-06-21 21:47:29,797 RW - vertex 84. Time : 0.00014662742614746094s
2026-06-21 21:47:29,797 RW - vertex 246. Time : 0.00014829635620117188s
2026-06-21 21:47:29,797 RW - vertex 210. Time : 0.0001342296600341797s
2026-06-21 21:47:29,797 RW - vertex 122. Time : 0.00014829635620117188s
2026-06-21 21:47:29,797 RW - vertex 62. Time : 0.00013685226440429688s
2026-06-21 21:47:29,798 RW - vertex 200. Time : 0.00013589859008789062s
2026-06-21 21:47:29,798 RW - vertex 69. Time : 0.0001404285430908203s
2026-06-21 21:47:29,798 RW - vertex 259. Time : 0.00015044212341308594s
2026-06-21 21:47:29,798 RW - vertex 179. Time : 0.0001499652862548828s
2026-06-21 21:47:29,798 RW - vertex 95. Time : 0.0001475811004638672s
2026-06-21 21:47:29,798 RW - vertex 22. Time : 0.0001246929168701172s
2026-06-21 21:47:29,799 RW - vertex 175. Time : 0.0001239776611328125s
2026-06-21 21:47:29,799 RW - vertex 178. Time : 0.00013136863708496094s
2026-06-21 21:47:29,799 RW - vertex 227. Time : 0.0001342296600341797s
2026-06-21 21:47:29,799 RW - vertex 184. Time : 0.00014638900756835938s
2026-06-21 21:47:29,799 RW - vertex 201. Time : 0.00014781951904296875s
2026-06-21 21:47:29,799 RW - vertex 171. Time : 0.00013875961303710938s
2026-06-21 21:47:29,799 RW - vertex 107. Time : 0.00014591217041015625s
2026-06-21 21:47:29,800 RW - vertex 64. Time : 0.00013327598571777344s
2026-06-21 21:47:29,800 RW - vertex 265. Time : 0.0001430511474609375s
2026-06-21 21:47:29,800 RW - vertex 199. Time : 0.00013375282287597656s
2026-06-21 21:47:29,800 RW - vertex 35. Time : 0.0001266002655029297s
2026-06-21 21:47:29,800 RW - vertex 239. Time : 0.00013971328735351562s
2026-06-21 21:47:29,800 RW - vertex 14. Time : 0.00013446807861328125s
2026-06-21 21:47:29,800 RW - vertex 245. Time : 0.0001327991485595703s
2026-06-21 21:47:29,801 RW - vertex 183. Time : 0.0001366138458251953s
2026-06-21 21:47:29,801 RW - vertex 203. Time : 0.0001418590545654297s
2026-06-21 21:47:29,801 RW - vertex 223. Time : 0.00015807151794433594s
2026-06-21 21:47:29,801 RW - vertex 42. Time : 0.00013494491577148438s
2026-06-21 21:47:29,801 RW - vertex 143. Time : 0.00013494491577148438s
2026-06-21 21:47:29,801 RW - vertex 220. Time : 0.00015163421630859375s
2026-06-21 21:47:29,802 RW - vertex 125. Time : 0.00012063980102539062s
2026-06-21 21:47:29,802 RW - vertex 148. Time : 0.00013971328735351562s
2026-06-21 21:47:29,802 RW - vertex 162. Time : 0.00013184547424316406s
2026-06-21 21:47:29,802 RW - vertex 49. Time : 0.00013971328735351562s
2026-06-21 21:47:29,802 RW - vertex 230. Time : 0.00015401840209960938s
2026-06-21 21:47:29,802 RW - vertex 94. Time : 0.00014328956604003906s
2026-06-21 21:47:29,803 RW - vertex 41. Time : 0.0001342296600341797s
2026-06-21 21:47:29,803 RW - vertex 24. Time : 0.0001277923583984375s
2026-06-21 21:47:29,803 RW - vertex 237. Time : 0.00012755393981933594s
2026-06-21 21:47:29,803 RW - vertex 234. Time : 0.00013494491577148438s
2026-06-21 21:47:29,803 RW - vertex 112. Time : 0.0001316070556640625s
2026-06-21 21:47:29,803 RW - vertex 30. Time : 0.0001385211944580078s
2026-06-21 21:47:29,803 RW - vertex 135. Time : 0.00013756752014160156s
2026-06-21 21:47:29,804 RW - vertex 106. Time : 0.00012636184692382812s
2026-06-21 21:47:29,804 RW - vertex 186. Time : 0.00013375282287597656s
2026-06-21 21:47:29,804 RW - vertex 260. Time : 0.00013327598571777344s
2026-06-21 21:47:29,804 RW - vertex 160. Time : 0.00014090538024902344s
2026-06-21 21:47:29,804 RW - vertex 263. Time : 0.0001442432403564453s
2026-06-21 21:47:29,804 RW - vertex 174. Time : 0.00013256072998046875s
2026-06-21 21:47:29,804 RW - vertex 82. Time : 0.0001220703125s
2026-06-21 21:47:29,805 RW - vertex 232. Time : 0.00012254714965820312s
2026-06-21 21:47:29,805 RW - vertex 166. Time : 0.00013065338134765625s
2026-06-21 21:47:29,805 RW - vertex 149. Time : 0.0001366138458251953s
2026-06-21 21:47:29,805 RW - vertex 70. Time : 0.0001285076141357422s
2026-06-21 21:47:29,805 RW - vertex 181. Time : 0.0001456737518310547s
2026-06-21 21:47:29,805 RW - vertex 11. Time : 0.0001285076141357422s
2026-06-21 21:47:29,805 RW - vertex 87. Time : 0.00013399124145507812s
2026-06-21 21:47:29,806 RW - vertex 158. Time : 0.00013136863708496094s
2026-06-21 21:47:29,806 RW - vertex 192. Time : 0.00013518333435058594s
2026-06-21 21:47:29,806 RW - vertex 250. Time : 0.0001277923583984375s
2026-06-21 21:47:29,806 RW - vertex 34. Time : 0.00014972686767578125s
2026-06-21 21:47:29,806 RW - vertex 17. Time : 0.00012135505676269531s
2026-06-21 21:47:29,806 RW - vertex 138. Time : 0.00011944770812988281s
2026-06-21 21:47:29,807 RW - vertex 197. Time : 0.0001442432403564453s
2026-06-21 21:47:29,807 RW - vertex 225. Time : 0.0001227855682373047s
2026-06-21 21:47:29,807 RW - vertex 244. Time : 0.00012803077697753906s
2026-06-21 21:47:29,807 RW - vertex 31. Time : 0.00015425682067871094s
2026-06-21 21:47:29,807 RW - vertex 137. Time : 0.00015425682067871094s
2026-06-21 21:47:29,807 RW - vertex 88. Time : 0.00012922286987304688s
2026-06-21 21:47:29,807 RW - vertex 53. Time : 0.00012969970703125s
2026-06-21 21:47:29,808 RW - vertex 235. Time : 0.00013709068298339844s
2026-06-21 21:47:29,808 RW - vertex 136. Time : 0.000133514404296875s
2026-06-21 21:47:29,808 RW - vertex 121. Time : 0.00012087821960449219s
2026-06-21 21:47:29,808 RW - vertex 51. Time : 0.00013017654418945312s
2026-06-21 21:47:29,808 RW - vertex 43. Time : 0.0001571178436279297s
2026-06-21 21:47:29,808 RW - vertex 132. Time : 0.00012803077697753906s
2026-06-21 21:47:29,808 RW - vertex 156. Time : 0.00013065338134765625s
2026-06-21 21:47:29,809 RW - vertex 147. Time : 0.00012874603271484375s
2026-06-21 21:47:29,809 RW - vertex 127. Time : 0.0001437664031982422s
2026-06-21 21:47:29,809 RW - vertex 91. Time : 0.0001304149627685547s
2026-06-21 21:47:29,809 RW - vertex 146. Time : 0.0001437664031982422s
2026-06-21 21:47:29,809 RW - vertex 67. Time : 0.00013136863708496094s
2026-06-21 21:47:29,809 RW - vertex 221. Time : 0.00012826919555664062s
2026-06-21 21:47:29,810 RW - vertex 44. Time : 0.00013017654418945312s
2026-06-21 21:47:29,810 RW - vertex 16. Time : 0.0001366138458251953s
2026-06-21 21:47:29,810 RW - vertex 93. Time : 0.0001232624053955078s
2026-06-21 21:47:29,810 RW - vertex 9. Time : 0.0001239776611328125s
2026-06-21 21:47:29,810 RW - vertex 185. Time : 0.00016069412231445312s
2026-06-21 21:47:29,810 RW - vertex 68. Time : 0.0001304149627685547s
2026-06-21 21:47:29,810 RW - vertex 18. Time : 0.00013685226440429688s
2026-06-21 21:47:29,811 RW - vertex 180. Time : 0.0001270771026611328s
2026-06-21 21:47:29,811 RW - vertex 77. Time : 0.00012350082397460938s
2026-06-21 21:47:29,811 RW - vertex 130. Time : 0.0001385211944580078s
2026-06-21 21:47:29,811 RW - vertex 86. Time : 0.0001380443572998047s
2026-06-21 21:47:29,811 RW - vertex 258. Time : 0.00014209747314453125s
2026-06-21 21:47:29,811 RW - vertex 96. Time : 0.00012421607971191406s
2026-06-21 21:47:29,811 RW - vertex 205. Time : 0.00014543533325195312s
2026-06-21 21:47:29,812 RW - vertex 241. Time : 0.00011944770812988281s
2026-06-21 21:47:29,812 RW - vertex 63. Time : 0.00014138221740722656s
2026-06-21 21:47:29,812 RW - vertex 90. Time : 0.00013375282287597656s
2026-06-21 21:47:29,812 RW - vertex 161. Time : 0.00012969970703125s
2026-06-21 21:47:29,812 RW - vertex 120. Time : 0.00012683868408203125s
2026-06-21 21:47:29,812 RW - vertex 170. Time : 0.00012922286987304688s
2026-06-21 21:47:29,813 RW - vertex 163. Time : 0.00012063980102539062s
2026-06-21 21:47:29,813 RW - vertex 150. Time : 0.00013494491577148438s
2026-06-21 21:47:29,813 RW - vertex 213. Time : 0.0001380443572998047s
2026-06-21 21:47:29,813 RW - vertex 169. Time : 0.00014781951904296875s
2026-06-21 21:47:29,813 RW - vertex 182. Time : 0.00012373924255371094s
2026-06-21 21:47:29,813 RW - vertex 4. Time : 0.0001354217529296875s
2026-06-21 21:47:29,813 RW - vertex 80. Time : 0.00011229515075683594s
2026-06-21 21:47:29,814 RW - vertex 103. Time : 0.00013256072998046875s
2026-06-21 21:47:29,814 RW - vertex 15. Time : 0.0001385211944580078s
2026-06-21 21:47:29,814 RW - vertex 36. Time : 0.00012445449829101562s
2026-06-21 21:47:29,814 RW - vertex 216. Time : 0.00013518333435058594s
2026-06-21 21:47:29,814 RW - vertex 26. Time : 0.0001266002655029297s
2026-06-21 21:47:29,814 RW - vertex 85. Time : 0.0001392364501953125s
2026-06-21 21:47:29,814 RW - vertex 92. Time : 0.00013875961303710938s
2026-06-21 21:47:29,815 RW - vertex 157. Time : 0.00012874603271484375s
2026-06-21 21:47:29,815 RW - vertex 139. Time : 0.00011277198791503906s
2026-06-21 21:47:29,815 RW - vertex 194. Time : 0.00012993812561035156s
2026-06-21 21:47:29,815 RW - vertex 238. Time : 0.00013327598571777344s
2026-06-21 21:47:29,815 RW - vertex 5. Time : 0.00013780593872070312s
2026-06-21 21:47:29,815 RW - vertex 202. Time : 0.00011801719665527344s
2026-06-21 21:47:29,815 RW - vertex 248. Time : 0.00013875961303710938s
2026-06-21 21:47:29,816 RW - vertex 206. Time : 0.00012683868408203125s
2026-06-21 21:47:29,816 RW - vertex 145. Time : 0.00012159347534179688s
2026-06-21 21:47:29,816 RW - vertex 52. Time : 0.00012874603271484375s
2026-06-21 21:47:29,816 RW - vertex 102. Time : 0.0001277923583984375s
2026-06-21 21:47:29,816 RW - vertex 113. Time : 0.00014901161193847656s
2026-06-21 21:47:29,816 RW - vertex 12. Time : 0.0001354217529296875s
2026-06-21 21:47:29,816 RW - vertex 215. Time : 0.00012803077697753906s
2026-06-21 21:47:29,817 RW - vertex 46. Time : 0.00014448165893554688s
2026-06-21 21:47:29,817 RW - vertex 257. Time : 0.0001323223114013672s
2026-06-21 21:47:29,817 RW - vertex 191. Time : 0.00012731552124023438s
2026-06-21 21:47:29,817 RW - vertex 13. Time : 0.000141143798828125s
2026-06-21 21:47:29,817 RW - vertex 10. Time : 0.00013828277587890625s
2026-06-21 21:47:29,817 RW - vertex 264. Time : 0.00013494491577148438s
2026-06-21 21:47:29,818 RW - vertex 104. Time : 0.0001468658447265625s
2026-06-21 21:47:29,818 RW - vertex 228. Time : 0.00012493133544921875s
2026-06-21 21:47:29,818 RW - vertex 100. Time : 0.00013566017150878906s
2026-06-21 21:47:29,818 RW - vertex 116. Time : 0.00011730194091796875s
2026-06-21 21:47:29,818 RW - vertex 253. Time : 0.00014257431030273438s
2026-06-21 21:47:29,818 RW - vertex 151. Time : 0.00013971328735351562s
2026-06-21 21:47:29,818 RW - vertex 172. Time : 0.00013828277587890625s
2026-06-21 21:47:29,819 RW - vertex 168. Time : 0.00013828277587890625s
2026-06-21 21:47:29,819 RW - vertex 40. Time : 0.00012540817260742188s
2026-06-21 21:47:29,819 RW - vertex 131. Time : 0.00012350082397460938s
2026-06-21 21:47:29,819 RW - vertex 117. Time : 0.00013756752014160156s
2026-06-21 21:47:29,819 RW - vertex 66. Time : 0.0001513957977294922s
2026-06-21 21:47:29,819 RW - vertex 142. Time : 0.00012874603271484375s
2026-06-21 21:47:29,819 RW - vertex 252. Time : 0.0001316070556640625s
2026-06-21 21:47:29,820 RW - vertex 23. Time : 0.00012612342834472656s
2026-06-21 21:47:29,820 RW - vertex 256. Time : 0.00013065338134765625s
2026-06-21 21:47:29,820 RW - vertex 217. Time : 0.00013208389282226562s
2026-06-21 21:47:29,820 RW - vertex 45. Time : 0.000133514404296875s
2026-06-21 21:47:29,820 RW - vertex 224. Time : 0.0001456737518310547s
2026-06-21 21:47:29,820 RW - vertex 190. Time : 0.0001342296600341797s
2026-06-21 21:47:29,821 RW - vertex 101. Time : 0.0001289844512939453s
2026-06-21 21:47:29,821 RW - vertex 187. Time : 0.00013780593872070312s
2026-06-21 21:47:29,821 RW - vertex 141. Time : 0.00013566017150878906s
2026-06-21 21:47:29,821 RW - vertex 65. Time : 0.00014352798461914062s
2026-06-21 21:47:29,821 RW - vertex 155. Time : 0.00014662742614746094s
2026-06-21 21:47:29,821 RW - vertex 140. Time : 0.00013113021850585938s
2026-06-21 21:47:29,821 RW - vertex 20. Time : 0.00011754035949707031s
2026-06-21 21:47:29,822 RW - vertex 60. Time : 0.00012993812561035156s
2026-06-21 21:47:29,822 RW - vertex 144. Time : 0.00013589859008789062s
2026-06-21 21:47:29,822 RW - vertex 193. Time : 0.0001456737518310547s
2026-06-21 21:47:29,822 RW - vertex 152. Time : 0.00014400482177734375s
2026-06-21 21:47:29,822 RW - vertex 32. Time : 0.00014662742614746094s
2026-06-21 21:47:29,822 RW - vertex 207. Time : 0.00013685226440429688s
2026-06-21 21:47:29,822 RW - vertex 29. Time : 0.0001366138458251953s
2026-06-21 21:47:29,823 RW - vertex 108. Time : 0.00013947486877441406s
2026-06-21 21:47:29,823 RW - vertex 78. Time : 0.00013136863708496094s
2026-06-21 21:47:29,823 RW - vertex 6. Time : 0.00012612342834472656s
2026-06-21 21:47:29,823 RW - vertex 261. Time : 0.0001361370086669922s
2026-06-21 21:47:29,823 RW - vertex 28. Time : 0.00014710426330566406s
2026-06-21 21:47:29,823 RW - vertex 204. Time : 0.0001399517059326172s
2026-06-21 21:47:29,824 RW - vertex 188. Time : 0.00013780593872070312s
2026-06-21 21:47:29,824 RW - vertex 59. Time : 0.0001366138458251953s
2026-06-21 21:47:29,824 RW - vertex 56. Time : 0.00012969970703125s
2026-06-21 21:47:29,824 RW - vertex 198. Time : 0.00014066696166992188s
2026-06-21 21:47:29,824 RW - vertex 61. Time : 0.00012803077697753906s
2026-06-21 21:47:29,824 RW - vertex 2. Time : 0.0001316070556640625s
2026-06-21 21:47:29,824 RW - vertex 97. Time : 0.00012946128845214844s
2026-06-21 21:47:29,825 RW - vertex 196. Time : 0.00014162063598632812s
2026-06-21 21:47:29,825 RW - vertex 208. Time : 0.00014829635620117188s
2026-06-21 21:47:29,825 RW - vertex 177. Time : 0.0001316070556640625s
2026-06-21 21:47:29,825 RW - vertex 48. Time : 0.0001289844512939453s
2026-06-21 21:47:29,825 RW - vertex 189. Time : 0.00014352798461914062s
2026-06-21 21:47:29,825 RW - vertex 38. Time : 0.0001289844512939453s
2026-06-21 21:47:29,826 RW - vertex 247. Time : 0.00013685226440429688s
2026-06-21 21:47:29,826 RW - vertex 212. Time : 0.0001361370086669922s
2026-06-21 21:47:29,826 RW - vertex 75. Time : 0.0001251697540283203s
2026-06-21 21:47:29,826 RW - vertex 243. Time : 0.0001246929168701172s
2026-06-21 21:47:29,826 RW - vertex 7. Time : 0.00011587142944335938s
2026-06-21 21:47:29,826 RW - vertex 165. Time : 0.00011968612670898438s
2026-06-21 21:47:29,826 RW - vertex 167. Time : 0.0001285076141357422s
2026-06-21 21:47:29,826 RW - vertex 218. Time : 0.00011944770812988281s
2026-06-21 21:47:29,827 RW - vertex 83. Time : 0.0001404285430908203s
2026-06-21 21:47:29,827 RW - vertex 37. Time : 0.00012183189392089844s
2026-06-21 21:47:29,827 RW - vertex 209. Time : 0.00014281272888183594s
2026-06-21 21:47:29,827 RW - vertex 229. Time : 0.000141143798828125s
2026-06-21 21:47:29,827 RW - vertex 231. Time : 0.00013494491577148438s
2026-06-21 21:47:29,827 RW - vertex 249. Time : 0.0001266002655029297s
2026-06-21 21:47:29,828 RW - vertex 164. Time : 0.0001227855682373047s
2026-06-21 21:47:29,828 RW - vertex 211. Time : 0.00013518333435058594s
2026-06-21 21:47:29,828 RW - vertex 81. Time : 0.00013971328735351562s
2026-06-21 21:47:29,828 RW - vertex 111. Time : 0.00013637542724609375s
2026-06-21 21:47:29,828 RW - vertex 109. Time : 0.0001342296600341797s
2026-06-21 21:47:29,830 Iteration 2 executed.
2026-06-21 21:47:29,837 RW - vertex 47. Time : 0.0001838207244873047s
2026-06-21 21:47:29,837 RW - vertex 222. Time : 0.0001494884490966797s
2026-06-21 21:47:29,837 RW - vertex 105. Time : 0.00013971328735351562s
2026-06-21 21:47:29,837 RW - vertex 176. Time : 0.00013971328735351562s
2026-06-21 21:47:29,837 RW - vertex 154. Time : 0.00013780593872070312s
2026-06-21 21:47:29,838 RW - vertex 58. Time : 0.0001354217529296875s
2026-06-21 21:47:29,838 RW - vertex 115. Time : 0.0001270771026611328s
2026-06-21 21:47:29,838 RW - vertex 19. Time : 0.00011658668518066406s
2026-06-21 21:47:29,838 RW - vertex 129. Time : 0.00014472007751464844s
2026-06-21 21:47:29,838 RW - vertex 240. Time : 0.00012803077697753906s
2026-06-21 21:47:29,838 RW - vertex 119. Time : 0.0001266002655029297s
2026-06-21 21:47:29,839 RW - vertex 57. Time : 0.00013065338134765625s
2026-06-21 21:47:29,839 RW - vertex 255. Time : 0.00014352798461914062s
2026-06-21 21:47:29,839 RW - vertex 25. Time : 0.00013756752014160156s
2026-06-21 21:47:29,839 RW - vertex 195. Time : 0.00012445449829101562s
2026-06-21 21:47:29,839 RW - vertex 27. Time : 0.00013136863708496094s
2026-06-21 21:47:29,839 RW - vertex 236. Time : 0.0001366138458251953s
2026-06-21 21:47:29,839 RW - vertex 134. Time : 0.00012922286987304688s
2026-06-21 21:47:29,840 RW - vertex 76. Time : 0.0001251697540283203s
2026-06-21 21:47:29,840 RW - vertex 118. Time : 0.00013327598571777344s
2026-06-21 21:47:29,840 RW - vertex 226. Time : 0.00012969970703125s
2026-06-21 21:47:29,840 RW - vertex 3. Time : 0.00013327598571777344s
2026-06-21 21:47:29,840 RW - vertex 124. Time : 0.0001323223114013672s
2026-06-21 21:47:29,840 RW - vertex 159. Time : 0.00013399124145507812s
2026-06-21 21:47:29,840 RW - vertex 153. Time : 0.0001251697540283203s
2026-06-21 21:47:29,841 RW - vertex 173. Time : 0.0001227855682373047s
2026-06-21 21:47:29,841 RW - vertex 219. Time : 0.0001392364501953125s
2026-06-21 21:47:29,841 RW - vertex 114. Time : 0.00012731552124023438s
2026-06-21 21:47:29,841 RW - vertex 54. Time : 0.00014019012451171875s
2026-06-21 21:47:29,841 RW - vertex 55. Time : 0.0001323223114013672s
2026-06-21 21:47:29,841 RW - vertex 1. Time : 0.0001285076141357422s
2026-06-21 21:47:29,841 RW - vertex 33. Time : 0.00013399124145507812s
2026-06-21 21:47:29,842 RW - vertex 39. Time : 0.0001380443572998047s
2026-06-21 21:47:29,842 RW - vertex 242. Time : 0.00014472007751464844s
2026-06-21 21:47:29,842 RW - vertex 128. Time : 0.00013971328735351562s
2026-06-21 21:47:29,842 RW - vertex 21. Time : 0.00013017654418945312s
2026-06-21 21:47:29,842 RW - vertex 254. Time : 0.00013017654418945312s
2026-06-21 21:47:29,842 RW - vertex 233. Time : 0.0001251697540283203s
2026-06-21 21:47:29,843 RW - vertex 79. Time : 0.0001232624053955078s
2026-06-21 21:47:29,843 RW - vertex 126. Time : 0.0001342296600341797s
2026-06-21 21:47:29,843 RW - vertex 214. Time : 0.00012612342834472656s
2026-06-21 21:47:29,843 RW - vertex 84. Time : 0.00012874603271484375s
2026-06-21 21:47:29,843 RW - vertex 246. Time : 0.00014281272888183594s
2026-06-21 21:47:29,843 RW - vertex 210. Time : 0.00013637542724609375s
2026-06-21 21:47:29,843 RW - vertex 122. Time : 0.0001270771026611328s
2026-06-21 21:47:29,844 RW - vertex 62. Time : 0.00013518333435058594s
2026-06-21 21:47:29,844 RW - vertex 200. Time : 0.00012373924255371094s
2026-06-21 21:47:29,844 RW - vertex 69. Time : 0.00012874603271484375s
2026-06-21 21:47:29,844 RW - vertex 259. Time : 0.00012803077697753906s
2026-06-21 21:47:29,844 RW - vertex 179. Time : 0.00014853477478027344s
2026-06-21 21:47:29,844 RW - vertex 95. Time : 0.000125885009765625s
2026-06-21 21:47:29,844 RW - vertex 22. Time : 0.00012803077697753906s
2026-06-21 21:47:29,845 RW - vertex 175. Time : 0.0001468658447265625s
2026-06-21 21:47:29,845 RW - vertex 178. Time : 0.0001220703125s
2026-06-21 21:47:29,845 RW - vertex 227. Time : 0.00012445449829101562s
2026-06-21 21:47:29,845 RW - vertex 184. Time : 0.00015282630920410156s
2026-06-21 21:47:29,845 RW - vertex 201. Time : 0.00015091896057128906s
2026-06-21 21:47:29,845 RW - vertex 171. Time : 0.00013566017150878906s
2026-06-21 21:47:29,846 RW - vertex 107. Time : 0.0001366138458251953s
2026-06-21 21:47:29,846 RW - vertex 64. Time : 0.00012755393981933594s
2026-06-21 21:47:29,846 RW - vertex 265. Time : 0.00013208389282226562s
2026-06-21 21:47:29,846 RW - vertex 199. Time : 0.0001308917999267578s
2026-06-21 21:47:29,846 RW - vertex 35. Time : 0.00013399124145507812s
2026-06-21 21:47:29,846 RW - vertex 239. Time : 0.0001385211944580078s
2026-06-21 21:47:29,846 RW - vertex 14. Time : 0.00012826919555664062s
2026-06-21 21:47:29,847 RW - vertex 245. Time : 0.00012040138244628906s
2026-06-21 21:47:29,847 RW - vertex 183. Time : 0.0001308917999267578s
2026-06-21 21:47:29,847 RW - vertex 203. Time : 0.00012874603271484375s
2026-06-21 21:47:29,847 RW - vertex 223. Time : 0.0001499652862548828s
2026-06-21 21:47:29,847 RW - vertex 42. Time : 0.00013136863708496094s
2026-06-21 21:47:29,847 RW - vertex 143. Time : 0.00011992454528808594s
2026-06-21 21:47:29,847 RW - vertex 220. Time : 0.00014972686767578125s
2026-06-21 21:47:29,848 RW - vertex 125. Time : 0.00013709068298339844s
2026-06-21 21:47:29,848 RW - vertex 148. Time : 0.00013017654418945312s
2026-06-21 21:47:29,848 RW - vertex 162. Time : 0.00013828277587890625s
2026-06-21 21:47:29,848 RW - vertex 49. Time : 0.00013375282287597656s
2026-06-21 21:47:29,848 RW - vertex 230. Time : 0.00014519691467285156s
2026-06-21 21:47:29,848 RW - vertex 94. Time : 0.0001304149627685547s
2026-06-21 21:47:29,848 RW - vertex 41. Time : 0.00013065338134765625s
2026-06-21 21:47:29,849 RW - vertex 24. Time : 0.00013899803161621094s
2026-06-21 21:47:29,849 RW - vertex 237. Time : 0.0001437664031982422s
2026-06-21 21:47:29,849 RW - vertex 234. Time : 0.00012183189392089844s
2026-06-21 21:47:29,849 RW - vertex 112. Time : 0.0001304149627685547s
2026-06-21 21:47:29,849 RW - vertex 30. Time : 0.0001456737518310547s
2026-06-21 21:47:29,849 RW - vertex 135. Time : 0.0001423358917236328s
2026-06-21 21:47:29,850 RW - vertex 106. Time : 0.00013303756713867188s
2026-06-21 21:47:29,850 RW - vertex 186. Time : 0.0001399517059326172s
2026-06-21 21:47:29,850 RW - vertex 260. Time : 0.00013375282287597656s
2026-06-21 21:47:29,850 RW - vertex 160. Time : 0.0001494884490966797s
2026-06-21 21:47:29,850 RW - vertex 263. Time : 0.00013875961303710938s
2026-06-21 21:47:29,850 RW - vertex 174. Time : 0.00013494491577148438s
2026-06-21 21:47:29,850 RW - vertex 82. Time : 0.00014543533325195312s
2026-06-21 21:47:29,851 RW - vertex 232. Time : 0.00013256072998046875s
2026-06-21 21:47:29,851 RW - vertex 166. Time : 0.0001392364501953125s
2026-06-21 21:47:29,851 RW - vertex 149. Time : 0.0001277923583984375s
2026-06-21 21:47:29,851 RW - vertex 70. Time : 0.0001316070556640625s
2026-06-21 21:47:29,851 RW - vertex 181. Time : 0.0001418590545654297s
2026-06-21 21:47:29,851 RW - vertex 11. Time : 0.0001380443572998047s
2026-06-21 21:47:29,852 RW - vertex 87. Time : 0.0001385211944580078s
2026-06-21 21:47:29,852 RW - vertex 158. Time : 0.00013899803161621094s
2026-06-21 21:47:29,852 RW - vertex 192. Time : 0.0001289844512939453s
2026-06-21 21:47:29,852 RW - vertex 250. Time : 0.00012826919555664062s
2026-06-21 21:47:29,852 RW - vertex 34. Time : 0.00014901161193847656s
2026-06-21 21:47:29,852 RW - vertex 17. Time : 0.00013494491577148438s
2026-06-21 21:47:29,852 RW - vertex 138. Time : 0.000118255615234375s
2026-06-21 21:47:29,853 RW - vertex 197. Time : 0.00013494491577148438s
2026-06-21 21:47:29,853 RW - vertex 225. Time : 0.00013303756713867188s
2026-06-21 21:47:29,853 RW - vertex 244. Time : 0.00014400482177734375s
2026-06-21 21:47:29,853 RW - vertex 31. Time : 0.00013756752014160156s
2026-06-21 21:47:29,853 RW - vertex 137. Time : 0.00013518333435058594s
2026-06-21 21:47:29,853 RW - vertex 88. Time : 0.00013327598571777344s
2026-06-21 21:47:29,853 RW - vertex 53. Time : 0.0001251697540283203s
2026-06-21 21:47:29,854 RW - vertex 235. Time : 0.0001277923583984375s
2026-06-21 21:47:29,854 RW - vertex 136. Time : 0.00011897087097167969s
2026-06-21 21:47:29,854 RW - vertex 121. Time : 0.00012135505676269531s
2026-06-21 21:47:29,854 RW - vertex 51. Time : 0.00012683868408203125s
2026-06-21 21:47:29,854 RW - vertex 43. Time : 0.00013780593872070312s
2026-06-21 21:47:29,854 RW - vertex 132. Time : 0.00013780593872070312s
2026-06-21 21:47:29,855 RW - vertex 156. Time : 0.00014781951904296875s
2026-06-21 21:47:29,855 RW - vertex 147. Time : 0.00013136863708496094s
2026-06-21 21:47:29,855 RW - vertex 127. Time : 0.0001270771026611328s
2026-06-21 21:47:29,855 RW - vertex 91. Time : 0.00012159347534179688s
2026-06-21 21:47:29,855 RW - vertex 146. Time : 0.0001461505889892578s
2026-06-21 21:47:29,855 RW - vertex 67. Time : 0.0001251697540283203s
2026-06-21 21:47:29,855 RW - vertex 221. Time : 0.00014543533325195312s
2026-06-21 21:47:29,856 RW - vertex 44. Time : 0.00012183189392089844s
2026-06-21 21:47:29,856 RW - vertex 16. Time : 0.00012755393981933594s
2026-06-21 21:47:29,856 RW - vertex 93. Time : 0.0001437664031982422s
2026-06-21 21:47:29,856 RW - vertex 9. Time : 0.00013065338134765625s
2026-06-21 21:47:29,856 RW - vertex 185. Time : 0.00015401840209960938s
2026-06-21 21:47:29,856 RW - vertex 68. Time : 0.00013208389282226562s
2026-06-21 21:47:29,856 RW - vertex 18. Time : 0.00013065338134765625s
2026-06-21 21:47:29,857 RW - vertex 180. Time : 0.00011873245239257812s
2026-06-21 21:47:29,857 RW - vertex 77. Time : 0.0001289844512939453s
2026-06-21 21:47:29,857 RW - vertex 130. Time : 0.0001304149627685547s
2026-06-21 21:47:29,857 RW - vertex 86. Time : 0.0001266002655029297s
2026-06-21 21:47:29,857 RW - vertex 258. Time : 0.0001227855682373047s
2026-06-21 21:47:29,857 RW - vertex 96. Time : 0.00012421607971191406s
2026-06-21 21:47:29,857 RW - vertex 205. Time : 0.0001308917999267578s
2026-06-21 21:47:29,858 RW - vertex 241. Time : 0.00013184547424316406s
2026-06-21 21:47:29,858 RW - vertex 63. Time : 0.00012874603271484375s
2026-06-21 21:47:29,858 RW - vertex 90. Time : 0.00012826919555664062s
2026-06-21 21:47:29,858 RW - vertex 161. Time : 0.00012373924255371094s
2026-06-21 21:47:29,858 RW - vertex 120. Time : 0.00012946128845214844s
2026-06-21 21:47:29,858 RW - vertex 170. Time : 0.00014328956604003906s
2026-06-21 21:47:29,858 RW - vertex 163. Time : 0.00012564659118652344s
2026-06-21 21:47:29,859 RW - vertex 150. Time : 0.0001499652862548828s
2026-06-21 21:47:29,859 RW - vertex 213. Time : 0.00013518333435058594s
2026-06-21 21:47:29,859 RW - vertex 169. Time : 0.00012135505676269531s
2026-06-21 21:47:29,859 RW - vertex 182. Time : 0.0001556873321533203s
2026-06-21 21:47:29,859 RW - vertex 4. Time : 0.00015044212341308594s
2026-06-21 21:47:29,859 RW - vertex 80. Time : 0.0001246929168701172s
2026-06-21 21:47:29,860 RW - vertex 103. Time : 0.00013446807861328125s
2026-06-21 21:47:29,860 RW - vertex 15. Time : 0.00012612342834472656s
2026-06-21 21:47:29,860 RW - vertex 36. Time : 0.0001266002655029297s
2026-06-21 21:47:29,860 RW - vertex 216. Time : 0.00013589859008789062s
2026-06-21 21:47:29,860 RW - vertex 26. Time : 0.0001373291015625s
2026-06-21 21:47:29,860 RW - vertex 85. Time : 0.0001304149627685547s
2026-06-21 21:47:29,860 RW - vertex 92. Time : 0.00013399124145507812s
2026-06-21 21:47:29,861 RW - vertex 157. Time : 0.00014090538024902344s
2026-06-21 21:47:29,861 RW - vertex 139. Time : 0.00011515617370605469s
2026-06-21 21:47:29,861 RW - vertex 194. Time : 0.0001418590545654297s
2026-06-21 21:47:29,861 RW - vertex 238. Time : 0.0001552104949951172s
2026-06-21 21:47:29,861 RW - vertex 5. Time : 0.00013446807861328125s
2026-06-21 21:47:29,861 RW - vertex 202. Time : 0.00013947486877441406s
2026-06-21 21:47:29,861 RW - vertex 248. Time : 0.00012683868408203125s
2026-06-21 21:47:29,862 RW - vertex 206. Time : 0.00013875961303710938s
2026-06-21 21:47:29,862 RW - vertex 145. Time : 0.00012230873107910156s
2026-06-21 21:47:29,862 RW - vertex 52. Time : 0.00013017654418945312s
2026-06-21 21:47:29,862 RW - vertex 102. Time : 0.00013899803161621094s
2026-06-21 21:47:29,862 RW - vertex 113. Time : 0.00014066696166992188s
2026-06-21 21:47:29,862 RW - vertex 12. Time : 0.0001232624053955078s
2026-06-21 21:47:29,863 RW - vertex 215. Time : 0.00014972686767578125s
2026-06-21 21:47:29,863 RW - vertex 46. Time : 0.00013399124145507812s
2026-06-21 21:47:29,863 RW - vertex 257. Time : 0.00014352798461914062s
2026-06-21 21:47:29,863 RW - vertex 191. Time : 0.0001239776611328125s
2026-06-21 21:47:29,863 RW - vertex 13. Time : 0.0001392364501953125s
2026-06-21 21:47:29,863 RW - vertex 10. Time : 0.0001380443572998047s
2026-06-21 21:47:29,863 RW - vertex 264. Time : 0.0001304149627685547s
2026-06-21 21:47:29,864 RW - vertex 104. Time : 0.00013685226440429688s
2026-06-21 21:47:29,864 RW - vertex 228. Time : 0.00013637542724609375s
2026-06-21 21:47:29,864 RW - vertex 100. Time : 0.0001361370086669922s
2026-06-21 21:47:29,864 RW - vertex 116. Time : 0.00012826919555664062s
2026-06-21 21:47:29,864 RW - vertex 253. Time : 0.00015401840209960938s
2026-06-21 21:47:29,864 RW - vertex 151. Time : 0.00012087821960449219s
2026-06-21 21:47:29,864 RW - vertex 172. Time : 0.00013756752014160156s
2026-06-21 21:47:29,865 RW - vertex 168. Time : 0.0001308917999267578s
2026-06-21 21:47:29,865 RW - vertex 40. Time : 0.00014281272888183594s
2026-06-21 21:47:29,865 RW - vertex 131. Time : 0.00012874603271484375s
2026-06-21 21:47:29,865 RW - vertex 117. Time : 0.00011777877807617188s
2026-06-21 21:47:29,865 RW - vertex 66. Time : 0.0001316070556640625s
2026-06-21 21:47:29,865 RW - vertex 142. Time : 0.00012564659118652344s
2026-06-21 21:47:29,865 RW - vertex 252. Time : 0.00011277198791503906s
2026-06-21 21:47:29,866 RW - vertex 23. Time : 0.00012874603271484375s
2026-06-21 21:47:29,866 RW - vertex 256. Time : 0.000141143798828125s
2026-06-21 21:47:29,866 RW - vertex 217. Time : 0.0001442432403564453s
2026-06-21 21:47:29,866 RW - vertex 45. Time : 0.0001251697540283203s
2026-06-21 21:47:29,866 RW - vertex 224. Time : 0.00013017654418945312s
2026-06-21 21:47:29,866 RW - vertex 190. Time : 0.0001404285430908203s
2026-06-21 21:47:29,867 RW - vertex 101. Time : 0.0001354217529296875s
2026-06-21 21:47:29,867 RW - vertex 187. Time : 0.00014066696166992188s
2026-06-21 21:47:29,867 RW - vertex 141. Time : 0.0001480579376220703s
2026-06-21 21:47:29,867 RW - vertex 65. Time : 0.00013017654418945312s
2026-06-21 21:47:29,867 RW - vertex 155. Time : 0.00013899803161621094s
2026-06-21 21:47:29,867 RW - vertex 140. Time : 0.00013947486877441406s
2026-06-21 21:47:29,867 RW - vertex 20. Time : 0.00013685226440429688s
2026-06-21 21:47:29,868 RW - vertex 60. Time : 0.00012636184692382812s
2026-06-21 21:47:29,868 RW - vertex 144. Time : 0.0001308917999267578s
2026-06-21 21:47:29,868 RW - vertex 193. Time : 0.00013685226440429688s
2026-06-21 21:47:29,868 RW - vertex 152. Time : 0.00013017654418945312s
2026-06-21 21:47:29,868 RW - vertex 32. Time : 0.0001239776611328125s
2026-06-21 21:47:29,868 RW - vertex 207. Time : 0.00013875961303710938s
2026-06-21 21:47:29,868 RW - vertex 29. Time : 0.00013566017150878906s
2026-06-21 21:47:29,869 RW - vertex 108. Time : 0.00012040138244628906s
2026-06-21 21:47:29,869 RW - vertex 78. Time : 0.0001316070556640625s
2026-06-21 21:47:29,869 RW - vertex 6. Time : 0.00014328956604003906s
2026-06-21 21:47:29,869 RW - vertex 261. Time : 0.00012421607971191406s
2026-06-21 21:47:29,869 RW - vertex 28. Time : 0.00014901161193847656s
2026-06-21 21:47:29,869 RW - vertex 204. Time : 0.00012445449829101562s
2026-06-21 21:47:29,870 RW - vertex 188. Time : 0.00013875961303710938s
2026-06-21 21:47:29,870 RW - vertex 59. Time : 0.00012135505676269531s
2026-06-21 21:47:29,870 RW - vertex 56. Time : 0.0001227855682373047s
2026-06-21 21:47:29,870 RW - vertex 198. Time : 0.0001304149627685547s
2026-06-21 21:47:29,870 RW - vertex 61. Time : 0.00011944770812988281s
2026-06-21 21:47:29,870 RW - vertex 2. Time : 0.00013256072998046875s
2026-06-21 21:47:29,870 RW - vertex 97. Time : 0.00014090538024902344s
2026-06-21 21:47:29,871 RW - vertex 196. Time : 0.00013971328735351562s
2026-06-21 21:47:29,871 RW - vertex 208. Time : 0.00013971328735351562s
2026-06-21 21:47:29,871 RW - vertex 177. Time : 0.0001246929168701172s
2026-06-21 21:47:29,871 RW - vertex 48. Time : 0.0001227855682373047s
2026-06-21 21:47:29,871 RW - vertex 189. Time : 0.00014662742614746094s
2026-06-21 21:47:29,871 RW - vertex 38. Time : 0.0001277923583984375s
2026-06-21 21:47:29,871 RW - vertex 247. Time : 0.0001323223114013672s
2026-06-21 21:47:29,872 RW - vertex 212. Time : 0.00012159347534179688s
2026-06-21 21:47:29,872 RW - vertex 75. Time : 0.00012350082397460938s
2026-06-21 21:47:29,872 RW - vertex 243. Time : 0.00011873245239257812s
2026-06-21 21:47:29,872 RW - vertex 7. Time : 0.00012493133544921875s
2026-06-21 21:47:29,872 RW - vertex 165. Time : 0.0001308917999267578s
2026-06-21 21:47:29,872 RW - vertex 167. Time : 0.00014257431030273438s
2026-06-21 21:47:29,872 RW - vertex 218. Time : 0.00013017654418945312s
2026-06-21 21:47:29,873 RW - vertex 83. Time : 0.00015401840209960938s
2026-06-21 21:47:29,873 RW - vertex 37. Time : 0.0001239776611328125s
2026-06-21 21:47:29,873 RW - vertex 209. Time : 0.00012803077697753906s
2026-06-21 21:47:29,873 RW - vertex 229. Time : 0.00013780593872070312s
2026-06-21 21:47:29,873 RW - vertex 231. Time : 0.00015044212341308594s
2026-06-21 21:47:29,873 RW - vertex 249. Time : 0.00014281272888183594s
2026-06-21 21:47:29,873 RW - vertex 164. Time : 0.0001461505889892578s
2026-06-21 21:47:29,874 RW - vertex 211. Time : 0.00014162063598632812s
2026-06-21 21:47:29,874 RW - vertex 81. Time : 0.00012445449829101562s
2026-06-21 21:47:29,874 RW - vertex 111. Time : 0.00013303756713867188s
2026-06-21 21:47:29,874 RW - vertex 109. Time : 0.0001316070556640625s
2026-06-21 21:47:29,875 Iteration 3 executed.
2026-06-21 21:47:29,882 RW - vertex 47. Time : 0.0001850128173828125s
2026-06-21 21:47:29,883 RW - vertex 222. Time : 0.00014019012451171875s
2026-06-21 21:47:29,883 RW - vertex 105. Time : 0.00011658668518066406s
2026-06-21 21:47:29,883 RW - vertex 176. Time : 0.0001404285430908203s
2026-06-21 21:47:29,883 RW - vertex 154. Time : 0.0001308917999267578s
2026-06-21 21:47:29,883 RW - vertex 58. Time : 0.00013589859008789062s
2026-06-21 21:47:29,883 RW - vertex 115. Time : 0.00013518333435058594s
2026-06-21 21:47:29,884 RW - vertex 19. Time : 0.00012183189392089844s
2026-06-21 21:47:29,884 RW - vertex 129. Time : 0.00013756752014160156s
2026-06-21 21:47:29,884 RW - vertex 240. Time : 0.00013303756713867188s
2026-06-21 21:47:29,884 RW - vertex 119. Time : 0.00012755393981933594s
2026-06-21 21:47:29,884 RW - vertex 57. Time : 0.00012421607971191406s
2026-06-21 21:47:29,884 RW - vertex 255. Time : 0.00013399124145507812s
2026-06-21 21:47:29,884 RW - vertex 25. Time : 0.00011110305786132812s
2026-06-21 21:47:29,885 RW - vertex 195. Time : 0.00013113021850585938s
2026-06-21 21:47:29,885 RW - vertex 27. Time : 0.00012874603271484375s
2026-06-21 21:47:29,885 RW - vertex 236. Time : 0.00012564659118652344s
2026-06-21 21:47:29,885 RW - vertex 134. Time : 0.0001392364501953125s
2026-06-21 21:47:29,885 RW - vertex 76. Time : 0.00013685226440429688s
2026-06-21 21:47:29,885 RW - vertex 118. Time : 0.00013518333435058594s
2026-06-21 21:47:29,885 RW - vertex 226. Time : 0.00012922286987304688s
2026-06-21 21:47:29,886 RW - vertex 3. Time : 0.00012755393981933594s
2026-06-21 21:47:29,886 RW - vertex 124. Time : 0.00012111663818359375s
2026-06-21 21:47:29,886 RW - vertex 159. Time : 0.00013518333435058594s
2026-06-21 21:47:29,886 RW - vertex 153. Time : 0.00013303756713867188s
2026-06-21 21:47:29,886 RW - vertex 173. Time : 0.00013566017150878906s
2026-06-21 21:47:29,886 RW - vertex 219. Time : 0.00014591217041015625s
2026-06-21 21:47:29,886 RW - vertex 114. Time : 0.0001246929168701172s
2026-06-21 21:47:29,887 RW - vertex 54. Time : 0.0001361370086669922s
2026-06-21 21:47:29,887 RW - vertex 55. Time : 0.0001316070556640625s
2026-06-21 21:47:29,887 RW - vertex 1. Time : 0.00013256072998046875s
2026-06-21 21:47:29,887 RW - vertex 33. Time : 0.00013256072998046875s
2026-06-21 21:47:29,887 RW - vertex 39. Time : 0.00014400482177734375s
2026-06-21 21:47:29,887 RW - vertex 242. Time : 0.00012946128845214844s
2026-06-21 21:47:29,888 RW - vertex 128. Time : 0.00013875961303710938s
2026-06-21 21:47:29,888 RW - vertex 21. Time : 0.00013327598571777344s
2026-06-21 21:47:29,888 RW - vertex 254. Time : 0.00013327598571777344s
2026-06-21 21:47:29,888 RW - vertex 233. Time : 0.00013399124145507812s
2026-06-21 21:47:29,888 RW - vertex 79. Time : 0.00013113021850585938s
2026-06-21 21:47:29,888 RW - vertex 126. Time : 0.00012063980102539062s
2026-06-21 21:47:29,888 RW - vertex 214. Time : 0.0001423358917236328s
2026-06-21 21:47:29,889 RW - vertex 84. Time : 0.00012803077697753906s
2026-06-21 21:47:29,889 RW - vertex 246. Time : 0.0001227855682373047s
2026-06-21 21:47:29,889 RW - vertex 210. Time : 0.0001399517059326172s
2026-06-21 21:47:29,889 RW - vertex 122. Time : 0.00012564659118652344s
2026-06-21 21:47:29,889 RW - vertex 62. Time : 0.00014972686767578125s
2026-06-21 21:47:29,889 RW - vertex 200. Time : 0.00013566017150878906s
2026-06-21 21:47:29,889 RW - vertex 69. Time : 0.00013303756713867188s
2026-06-21 21:47:29,890 RW - vertex 259. Time : 0.00015354156494140625s
2026-06-21 21:47:29,890 RW - vertex 179. Time : 0.00012254714965820312s
2026-06-21 21:47:29,890 RW - vertex 95. Time : 0.00012683868408203125s
2026-06-21 21:47:29,890 RW - vertex 22. Time : 0.00014090538024902344s
2026-06-21 21:47:29,890 RW - vertex 175. Time : 0.0001404285430908203s
2026-06-21 21:47:29,890 RW - vertex 178. Time : 0.00013136863708496094s
2026-06-21 21:47:29,890 RW - vertex 227. Time : 0.000110626220703125s
2026-06-21 21:47:29,891 RW - vertex 184. Time : 0.00012969970703125s
2026-06-21 21:47:29,891 RW - vertex 201. Time : 0.00012946128845214844s
2026-06-21 21:47:29,891 RW - vertex 171. Time : 0.0001366138458251953s
2026-06-21 21:47:29,891 RW - vertex 107. Time : 0.0001323223114013672s
2026-06-21 21:47:29,891 RW - vertex 64. Time : 0.00014543533325195312s
2026-06-21 21:47:29,891 RW - vertex 265. Time : 0.00015044212341308594s
2026-06-21 21:47:29,892 RW - vertex 199. Time : 0.00015115737915039062s
2026-06-21 21:47:29,892 RW - vertex 35. Time : 0.00013184547424316406s
2026-06-21 21:47:29,892 RW - vertex 239. Time : 0.00013446807861328125s
2026-06-21 21:47:29,892 RW - vertex 14. Time : 0.0001201629638671875s
2026-06-21 21:47:29,892 RW - vertex 245. Time : 0.0001399517059326172s
2026-06-21 21:47:29,892 RW - vertex 183. Time : 0.0001266002655029297s
2026-06-21 21:47:29,892 RW - vertex 203. Time : 0.00013017654418945312s
2026-06-21 21:47:29,893 RW - vertex 223. Time : 0.00014543533325195312s
2026-06-21 21:47:29,893 RW - vertex 42. Time : 0.0001285076141357422s
2026-06-21 21:47:29,893 RW - vertex 143. Time : 0.00011944770812988281s
2026-06-21 21:47:29,893 RW - vertex 220. Time : 0.0001361370086669922s
2026-06-21 21:47:29,893 RW - vertex 125. Time : 0.00013947486877441406s
2026-06-21 21:47:29,893 RW - vertex 148. Time : 0.00012922286987304688s
2026-06-21 21:47:29,893 RW - vertex 162. Time : 0.00013303756713867188s
2026-06-21 21:47:29,894 RW - vertex 49. Time : 0.00013709068298339844s
2026-06-21 21:47:29,894 RW - vertex 230. Time : 0.0001366138458251953s
2026-06-21 21:47:29,894 RW - vertex 94. Time : 0.0001399517059326172s
2026-06-21 21:47:29,894 RW - vertex 41. Time : 0.0001475811004638672s
2026-06-21 21:47:29,894 RW - vertex 24. Time : 0.0001480579376220703s
2026-06-21 21:47:29,894 RW - vertex 237. Time : 0.0001392364501953125s
2026-06-21 21:47:29,895 RW - vertex 234. Time : 0.0001380443572998047s
2026-06-21 21:47:29,895 RW - vertex 112. Time : 0.00013875961303710938s
2026-06-21 21:47:29,895 RW - vertex 30. Time : 0.00013518333435058594s
2026-06-21 21:47:29,895 RW - vertex 135. Time : 0.0001347064971923828s
2026-06-21 21:47:29,895 RW - vertex 106. Time : 0.0001323223114013672s
2026-06-21 21:47:29,895 RW - vertex 186. Time : 0.0001342296600341797s
2026-06-21 21:47:29,895 RW - vertex 260. Time : 0.00014138221740722656s
2026-06-21 21:47:29,896 RW - vertex 160. Time : 0.0001308917999267578s
2026-06-21 21:47:29,896 RW - vertex 263. Time : 0.00014495849609375s
2026-06-21 21:47:29,896 RW - vertex 174. Time : 0.00013446807861328125s
2026-06-21 21:47:29,896 RW - vertex 82. Time : 0.0001308917999267578s
2026-06-21 21:47:29,896 RW - vertex 232. Time : 0.00013518333435058594s
2026-06-21 21:47:29,896 RW - vertex 166. Time : 0.00013756752014160156s
2026-06-21 21:47:29,896 RW - vertex 149. Time : 0.00012826919555664062s
2026-06-21 21:47:29,897 RW - vertex 70. Time : 0.00012350082397460938s
2026-06-21 21:47:29,897 RW - vertex 181. Time : 0.00012969970703125s
2026-06-21 21:47:29,897 RW - vertex 11. Time : 0.00012803077697753906s
2026-06-21 21:47:29,897 RW - vertex 87. Time : 0.00012874603271484375s
2026-06-21 21:47:29,897 RW - vertex 158. Time : 0.00013113021850585938s
2026-06-21 21:47:29,897 RW - vertex 192. Time : 0.00013518333435058594s
2026-06-21 21:47:29,897 RW - vertex 250. Time : 0.00014066696166992188s
2026-06-21 21:47:29,898 RW - vertex 34. Time : 0.00012755393981933594s
2026-06-21 21:47:29,898 RW - vertex 17. Time : 0.00012826919555664062s
2026-06-21 21:47:29,898 RW - vertex 138. Time : 0.0001380443572998047s
2026-06-21 21:47:29,898 RW - vertex 197. Time : 0.00012493133544921875s
2026-06-21 21:47:29,898 RW - vertex 225. Time : 0.00012636184692382812s
2026-06-21 21:47:29,898 RW - vertex 244. Time : 0.00012493133544921875s
2026-06-21 21:47:29,898 RW - vertex 31. Time : 0.00014328956604003906s
2026-06-21 21:47:29,899 RW - vertex 137. Time : 0.00013136863708496094s
2026-06-21 21:47:29,899 RW - vertex 88. Time : 0.00013685226440429688s
2026-06-21 21:47:29,899 RW - vertex 53. Time : 0.00014281272888183594s
2026-06-21 21:47:29,899 RW - vertex 235. Time : 0.0001392364501953125s
2026-06-21 21:47:29,899 RW - vertex 136. Time : 0.0001327991485595703s
2026-06-21 21:47:29,899 RW - vertex 121. Time : 0.00012493133544921875s
2026-06-21 21:47:29,900 RW - vertex 51. Time : 0.0001201629638671875s
2026-06-21 21:47:29,900 RW - vertex 43. Time : 0.0001327991485595703s
2026-06-21 21:47:29,900 RW - vertex 132. Time : 0.00012683868408203125s
2026-06-21 21:47:29,900 RW - vertex 156. Time : 0.0001361370086669922s
2026-06-21 21:47:29,900 RW - vertex 147. Time : 0.0001366138458251953s
2026-06-21 21:47:29,900 RW - vertex 127. Time : 0.00012993812561035156s
2026-06-21 21:47:29,900 RW - vertex 91. Time : 0.00012540817260742188s
2026-06-21 21:47:29,901 RW - vertex 146. Time : 0.0001468658447265625s
2026-06-21 21:47:29,901 RW - vertex 67. Time : 0.00013303756713867188s
2026-06-21 21:47:29,901 RW - vertex 221. Time : 0.000125885009765625s
2026-06-21 21:47:29,901 RW - vertex 44. Time : 0.00014519691467285156s
2026-06-21 21:47:29,901 RW - vertex 16. Time : 0.0001289844512939453s
2026-06-21 21:47:29,901 RW - vertex 93. Time : 0.00013494491577148438s
2026-06-21 21:47:29,901 RW - vertex 9. Time : 0.00011849403381347656s
2026-06-21 21:47:29,902 RW - vertex 185. Time : 0.00014495849609375s
2026-06-21 21:47:29,902 RW - vertex 68. Time : 0.00013327598571777344s
2026-06-21 21:47:29,902 RW - vertex 18. Time : 0.000141143798828125s
2026-06-21 21:47:29,902 RW - vertex 180. Time : 0.00013685226440429688s
2026-06-21 21:47:29,902 RW - vertex 77. Time : 0.0001380443572998047s
2026-06-21 21:47:29,902 RW - vertex 130. Time : 0.00012445449829101562s
2026-06-21 21:47:29,902 RW - vertex 86. Time : 0.00012874603271484375s
2026-06-21 21:47:29,903 RW - vertex 258. Time : 0.0001270771026611328s
2026-06-21 21:47:29,903 RW - vertex 96. Time : 0.00012159347534179688s
2026-06-21 21:47:29,903 RW - vertex 205. Time : 0.0001354217529296875s
2026-06-21 21:47:29,903 RW - vertex 241. Time : 0.00013756752014160156s
2026-06-21 21:47:29,903 RW - vertex 63. Time : 0.00013184547424316406s
2026-06-21 21:47:29,903 RW - vertex 90. Time : 0.00014019012451171875s
2026-06-21 21:47:29,903 RW - vertex 161. Time : 0.00012254714965820312s
2026-06-21 21:47:29,904 RW - vertex 120. Time : 0.00012969970703125s
2026-06-21 21:47:29,904 RW - vertex 170. Time : 0.0001270771026611328s
2026-06-21 21:47:29,904 RW - vertex 163. Time : 0.00013184547424316406s
2026-06-21 21:47:29,904 RW - vertex 150. Time : 0.00012969970703125s
2026-06-21 21:47:29,904 RW - vertex 213. Time : 0.00011897087097167969s
2026-06-21 21:47:29,904 RW - vertex 169. Time : 0.00011920928955078125s
2026-06-21 21:47:29,904 RW - vertex 182. Time : 0.00013327598571777344s
2026-06-21 21:47:29,905 RW - vertex 4. Time : 0.00013327598571777344s
2026-06-21 21:47:29,905 RW - vertex 80. Time : 0.000118255615234375s
2026-06-21 21:47:29,905 RW - vertex 103. Time : 0.00013685226440429688s
2026-06-21 21:47:29,905 RW - vertex 15. Time : 0.0001289844512939453s
2026-06-21 21:47:29,905 RW - vertex 36. Time : 0.0001266002655029297s
2026-06-21 21:47:29,905 RW - vertex 216. Time : 0.000133514404296875s
2026-06-21 21:47:29,905 RW - vertex 26. Time : 0.0001327991485595703s
2026-06-21 21:47:29,906 RW - vertex 85. Time : 0.00012421607971191406s
2026-06-21 21:47:29,906 RW - vertex 92. Time : 0.0001354217529296875s
2026-06-21 21:47:29,906 RW - vertex 157. Time : 0.00011873245239257812s
2026-06-21 21:47:29,906 RW - vertex 139. Time : 0.0001361370086669922s
2026-06-21 21:47:29,906 RW - vertex 194. Time : 0.0001404285430908203s
2026-06-21 21:47:29,906 RW - vertex 238. Time : 0.00013494491577148438s
2026-06-21 21:47:29,906 RW - vertex 5. Time : 0.000125885009765625s
2026-06-21 21:47:29,907 RW - vertex 202. Time : 0.0001461505889892578s
2026-06-21 21:47:29,907 RW - vertex 248. Time : 0.00012040138244628906s
2026-06-21 21:47:29,907 RW - vertex 206. Time : 0.00013589859008789062s
2026-06-21 21:47:29,907 RW - vertex 145. Time : 0.0001232624053955078s
2026-06-21 21:47:29,907 RW - vertex 52. Time : 0.0001316070556640625s
2026-06-21 21:47:29,907 RW - vertex 102. Time : 0.00012755393981933594s
2026-06-21 21:47:29,907 RW - vertex 113. Time : 0.00012993812561035156s
2026-06-21 21:47:29,908 RW - vertex 12. Time : 0.00013256072998046875s
2026-06-21 21:47:29,908 RW - vertex 215. Time : 0.00012803077697753906s
2026-06-21 21:47:29,908 RW - vertex 46. Time : 0.00012922286987304688s
2026-06-21 21:47:29,908 RW - vertex 257. Time : 0.00012230873107910156s
2026-06-21 21:47:29,908 RW - vertex 191. Time : 0.00013947486877441406s
2026-06-21 21:47:29,908 RW - vertex 13. Time : 0.00013446807861328125s
2026-06-21 21:47:29,909 RW - vertex 10. Time : 0.0001304149627685547s
2026-06-21 21:47:29,909 RW - vertex 264. Time : 0.00015163421630859375s
2026-06-21 21:47:29,909 RW - vertex 104. Time : 0.00013113021850585938s
2026-06-21 21:47:29,909 RW - vertex 228. Time : 0.0001366138458251953s
2026-06-21 21:47:29,909 RW - vertex 100. Time : 0.00013566017150878906s
2026-06-21 21:47:29,909 RW - vertex 116. Time : 0.00013327598571777344s
2026-06-21 21:47:29,909 RW - vertex 253. Time : 0.00012230873107910156s
2026-06-21 21:47:29,910 RW - vertex 151. Time : 0.00013113021850585938s
2026-06-21 21:47:29,910 RW - vertex 172. Time : 0.00012493133544921875s
2026-06-21 21:47:29,910 RW - vertex 168. Time : 0.0001423358917236328s
2026-06-21 21:47:29,910 RW - vertex 40. Time : 0.00012731552124023438s
2026-06-21 21:47:29,910 RW - vertex 131. Time : 0.000133514404296875s
2026-06-21 21:47:29,910 RW - vertex 117. Time : 0.0001285076141357422s
2026-06-21 21:47:29,910 RW - vertex 66. Time : 0.00014066696166992188s
2026-06-21 21:47:29,911 RW - vertex 142. Time : 0.00012350082397460938s
2026-06-21 21:47:29,911 RW - vertex 252. Time : 0.00013017654418945312s
2026-06-21 21:47:29,911 RW - vertex 23. Time : 0.00013017654418945312s
2026-06-21 21:47:29,911 RW - vertex 256. Time : 0.0001347064971923828s
2026-06-21 21:47:29,911 RW - vertex 217. Time : 0.0001430511474609375s
2026-06-21 21:47:29,911 RW - vertex 45. Time : 0.0001347064971923828s
2026-06-21 21:47:29,911 RW - vertex 224. Time : 0.0001227855682373047s
2026-06-21 21:47:29,912 RW - vertex 190. Time : 0.0001327991485595703s
2026-06-21 21:47:29,912 RW - vertex 101. Time : 0.0001201629638671875s
2026-06-21 21:47:29,912 RW - vertex 187. Time : 0.00013589859008789062s
2026-06-21 21:47:29,912 RW - vertex 141. Time : 0.00013947486877441406s
2026-06-21 21:47:29,912 RW - vertex 65. Time : 0.00013399124145507812s
2026-06-21 21:47:29,912 RW - vertex 155. Time : 0.00012922286987304688s
2026-06-21 21:47:29,912 RW - vertex 140. Time : 0.0001366138458251953s
2026-06-21 21:47:29,913 RW - vertex 20. Time : 0.00011610984802246094s
2026-06-21 21:47:29,913 RW - vertex 60. Time : 0.00012755393981933594s
2026-06-21 21:47:29,913 RW - vertex 144. Time : 0.00012421607971191406s
2026-06-21 21:47:29,913 RW - vertex 193. Time : 0.00012683868408203125s
2026-06-21 21:47:29,913 RW - vertex 152. Time : 0.00013446807861328125s
2026-06-21 21:47:29,913 RW - vertex 32. Time : 0.0001277923583984375s
2026-06-21 21:47:29,913 RW - vertex 207. Time : 0.00014400482177734375s
2026-06-21 21:47:29,914 RW - vertex 29. Time : 0.00012636184692382812s
2026-06-21 21:47:29,914 RW - vertex 108. Time : 0.0001373291015625s
2026-06-21 21:47:29,914 RW - vertex 78. Time : 0.00012969970703125s
2026-06-21 21:47:29,914 RW - vertex 6. Time : 0.0001392364501953125s
2026-06-21 21:47:29,914 RW - vertex 261. Time : 0.00014066696166992188s
2026-06-21 21:47:29,914 RW - vertex 28. Time : 0.00012922286987304688s
2026-06-21 21:47:29,915 RW - vertex 204. Time : 0.0001399517059326172s
2026-06-21 21:47:29,915 RW - vertex 188. Time : 0.00013518333435058594s
2026-06-21 21:47:29,915 RW - vertex 59. Time : 0.00013303756713867188s
2026-06-21 21:47:29,915 RW - vertex 56. Time : 0.00013256072998046875s
2026-06-21 21:47:29,915 RW - vertex 198. Time : 0.00012826919555664062s
2026-06-21 21:47:29,915 RW - vertex 61. Time : 0.0001201629638671875s
2026-06-21 21:47:29,915 RW - vertex 2. Time : 0.00011658668518066406s
2026-06-21 21:47:29,916 RW - vertex 97. Time : 0.0001456737518310547s
2026-06-21 21:47:29,916 RW - vertex 196. Time : 0.0001468658447265625s
2026-06-21 21:47:29,916 RW - vertex 208. Time : 0.00013256072998046875s
2026-06-21 21:47:29,916 RW - vertex 177. Time : 0.00011324882507324219s
2026-06-21 21:47:29,916 RW - vertex 48. Time : 0.00012302398681640625s
2026-06-21 21:47:29,916 RW - vertex 189. Time : 0.0001373291015625s
2026-06-21 21:47:29,916 RW - vertex 38. Time : 0.00012087821960449219s
2026-06-21 21:47:29,917 RW - vertex 247. Time : 0.0001323223114013672s
2026-06-21 21:47:29,917 RW - vertex 212. Time : 0.00014066696166992188s
2026-06-21 21:47:29,917 RW - vertex 75. Time : 0.0001342296600341797s
2026-06-21 21:47:29,917 RW - vertex 243. Time : 0.0001289844512939453s
2026-06-21 21:47:29,917 RW - vertex 7. Time : 0.00013971328735351562s
2026-06-21 21:47:29,917 RW - vertex 165. Time : 0.00011444091796875s
2026-06-21 21:47:29,917 RW - vertex 167. Time : 0.00011348724365234375s
2026-06-21 21:47:29,918 RW - vertex 218. Time : 0.00013208389282226562s
2026-06-21 21:47:29,918 RW - vertex 83. Time : 0.0001227855682373047s
2026-06-21 21:47:29,918 RW - vertex 37. Time : 0.00011348724365234375s
2026-06-21 21:47:29,918 RW - vertex 209. Time : 0.00013399124145507812s
2026-06-21 21:47:29,918 RW - vertex 229. Time : 0.00014281272888183594s
2026-06-21 21:47:29,918 RW - vertex 231. Time : 0.0001246929168701172s
2026-06-21 21:47:29,918 RW - vertex 249. Time : 0.00011420249938964844s
2026-06-21 21:47:29,919 RW - vertex 164. Time : 0.00014138221740722656s
2026-06-21 21:47:29,919 RW - vertex 211. Time : 0.0001342296600341797s
2026-06-21 21:47:29,919 RW - vertex 81. Time : 0.0001392364501953125s
2026-06-21 21:47:29,919 RW - vertex 111. Time : 0.0001323223114013672s
2026-06-21 21:47:29,919 RW - vertex 109. Time : 0.00011420249938964844s
2026-06-21 21:47:29,920 Iteration 4 executed.
2026-06-21 21:47:29,927 RW - vertex 47. Time : 0.00018215179443359375s
2026-06-21 21:47:29,928 RW - vertex 222. Time : 0.00014972686767578125s
2026-06-21 21:47:29,928 RW - vertex 105. Time : 0.00013017654418945312s
2026-06-21 21:47:29,928 RW - vertex 176. Time : 0.00013136863708496094s
2026-06-21 21:47:29,928 RW - vertex 154. Time : 0.00013518333435058594s
2026-06-21 21:47:29,928 RW - vertex 58. Time : 0.00014019012451171875s
2026-06-21 21:47:29,928 RW - vertex 115. Time : 0.0001316070556640625s
2026-06-21 21:47:29,929 RW - vertex 19. Time : 0.00011610984802246094s
2026-06-21 21:47:29,929 RW - vertex 129. Time : 0.0001327991485595703s
2026-06-21 21:47:29,929 RW - vertex 240. Time : 0.0001392364501953125s
2026-06-21 21:47:29,929 RW - vertex 119. Time : 0.00013065338134765625s
2026-06-21 21:47:29,929 RW - vertex 57. Time : 0.00013780593872070312s
2026-06-21 21:47:29,929 RW - vertex 255. Time : 0.00012874603271484375s
2026-06-21 21:47:29,929 RW - vertex 25. Time : 0.00012302398681640625s
2026-06-21 21:47:29,930 RW - vertex 195. Time : 0.00013518333435058594s
2026-06-21 21:47:29,930 RW - vertex 27. Time : 0.00013208389282226562s
2026-06-21 21:47:29,930 RW - vertex 236. Time : 0.00012445449829101562s
2026-06-21 21:47:29,930 RW - vertex 134. Time : 0.00012946128845214844s
2026-06-21 21:47:29,930 RW - vertex 76. Time : 0.00013327598571777344s
2026-06-21 21:47:29,930 RW - vertex 118. Time : 0.00011134147644042969s
2026-06-21 21:47:29,930 RW - vertex 226. Time : 0.0001308917999267578s
2026-06-21 21:47:29,931 RW - vertex 3. Time : 0.00012302398681640625s
2026-06-21 21:47:29,931 RW - vertex 124. Time : 0.0001270771026611328s
2026-06-21 21:47:29,931 RW - vertex 159. Time : 0.00011229515075683594s
2026-06-21 21:47:29,931 RW - vertex 153. Time : 0.00013375282287597656s
2026-06-21 21:47:29,931 RW - vertex 173. Time : 0.00014829635620117188s
2026-06-21 21:47:29,931 RW - vertex 219. Time : 0.0001323223114013672s
2026-06-21 21:47:29,931 RW - vertex 114. Time : 0.00014090538024902344s
2026-06-21 21:47:29,932 RW - vertex 54. Time : 0.0001220703125s
2026-06-21 21:47:29,932 RW - vertex 55. Time : 0.00013518333435058594s
2026-06-21 21:47:29,932 RW - vertex 1. Time : 0.00013113021850585938s
2026-06-21 21:47:29,932 RW - vertex 33. Time : 0.00012731552124023438s
2026-06-21 21:47:29,932 RW - vertex 39. Time : 0.00013017654418945312s
2026-06-21 21:47:29,932 RW - vertex 242. Time : 0.00012540817260742188s
2026-06-21 21:47:29,932 RW - vertex 128. Time : 0.00011777877807617188s
2026-06-21 21:47:29,933 RW - vertex 21. Time : 0.0001342296600341797s
2026-06-21 21:47:29,933 RW - vertex 254. Time : 0.0001232624053955078s
2026-06-21 21:47:29,933 RW - vertex 233. Time : 0.00013399124145507812s
2026-06-21 21:47:29,933 RW - vertex 79. Time : 0.00011897087097167969s
2026-06-21 21:47:29,933 RW - vertex 126. Time : 0.00013899803161621094s
2026-06-21 21:47:29,933 RW - vertex 214. Time : 0.00013208389282226562s
2026-06-21 21:47:29,934 RW - vertex 84. Time : 0.0001308917999267578s
2026-06-21 21:47:29,934 RW - vertex 246. Time : 0.00013589859008789062s
2026-06-21 21:47:29,934 RW - vertex 210. Time : 0.00013518333435058594s
2026-06-21 21:47:29,934 RW - vertex 122. Time : 0.00013065338134765625s
2026-06-21 21:47:29,934 RW - vertex 62. Time : 0.00011420249938964844s
2026-06-21 21:47:29,934 RW - vertex 200. Time : 0.00013017654418945312s
2026-06-21 21:47:29,934 RW - vertex 69. Time : 0.0001270771026611328s
2026-06-21 21:47:29,934 RW - vertex 259. Time : 0.00011563301086425781s
2026-06-21 21:47:29,935 RW - vertex 179. Time : 0.0001201629638671875s
2026-06-21 21:47:29,935 RW - vertex 95. Time : 0.00011944770812988281s
2026-06-21 21:47:29,935 RW - vertex 22. Time : 0.00012063980102539062s
2026-06-21 21:47:29,935 RW - vertex 175. Time : 0.00012803077697753906s
2026-06-21 21:47:29,935 RW - vertex 178. Time : 0.0001246929168701172s
2026-06-21 21:47:29,935 RW - vertex 227. Time : 0.00013017654418945312s
2026-06-21 21:47:29,935 RW - vertex 184. Time : 0.0001499652862548828s
2026-06-21 21:47:29,936 RW - vertex 201. Time : 0.0001361370086669922s
2026-06-21 21:47:29,936 RW - vertex 171. Time : 0.00012612342834472656s
2026-06-21 21:47:29,936 RW - vertex 107. Time : 0.00012421607971191406s
2026-06-21 21:47:29,936 RW - vertex 64. Time : 0.00011920928955078125s
2026-06-21 21:47:29,936 RW - vertex 265. Time : 0.0001544952392578125s
2026-06-21 21:47:29,936 RW - vertex 199. Time : 0.00013399124145507812s
2026-06-21 21:47:29,937 RW - vertex 35. Time : 0.00014328956604003906s
2026-06-21 21:47:29,937 RW - vertex 239. Time : 0.00013756752014160156s
2026-06-21 21:47:29,937 RW - vertex 14. Time : 0.00014281272888183594s
2026-06-21 21:47:29,937 RW - vertex 245. Time : 0.00013947486877441406s
2026-06-21 21:47:29,937 RW - vertex 183. Time : 0.00013756752014160156s
2026-06-21 21:47:29,937 RW - vertex 203. Time : 0.00012636184692382812s
2026-06-21 21:47:29,937 RW - vertex 223. Time : 0.00014209747314453125s
2026-06-21 21:47:29,938 RW - vertex 42. Time : 0.00013113021850585938s
2026-06-21 21:47:29,938 RW - vertex 143. Time : 0.00013399124145507812s
2026-06-21 21:47:29,938 RW - vertex 220. Time : 0.0001468658447265625s
2026-06-21 21:47:29,938 RW - vertex 125. Time : 0.00010943412780761719s
2026-06-21 21:47:29,938 RW - vertex 148. Time : 0.00011992454528808594s
2026-06-21 21:47:29,938 RW - vertex 162. Time : 0.0001304149627685547s
2026-06-21 21:47:29,938 RW - vertex 49. Time : 0.00012922286987304688s
2026-06-21 21:47:29,939 RW - vertex 230. Time : 0.0001342296600341797s
2026-06-21 21:47:29,939 RW - vertex 94. Time : 0.00014090538024902344s
2026-06-21 21:47:29,939 RW - vertex 41. Time : 0.00011658668518066406s
2026-06-21 21:47:29,939 RW - vertex 24. Time : 0.0001277923583984375s
2026-06-21 21:47:29,939 RW - vertex 237. Time : 0.00015020370483398438s
2026-06-21 21:47:29,939 RW - vertex 234. Time : 0.0001456737518310547s
2026-06-21 21:47:29,939 RW - vertex 112. Time : 0.00013899803161621094s
2026-06-21 21:47:29,940 RW - vertex 30. Time : 0.00012493133544921875s
2026-06-21 21:47:29,940 RW - vertex 135. Time : 0.00012350082397460938s
2026-06-21 21:47:29,940 RW - vertex 106. Time : 0.00012445449829101562s
2026-06-21 21:47:29,940 RW - vertex 186. Time : 0.00013399124145507812s
2026-06-21 21:47:29,940 RW - vertex 260. Time : 0.00014400482177734375s
2026-06-21 21:47:29,940 RW - vertex 160. Time : 0.000148773193359375s
2026-06-21 21:47:29,941 RW - vertex 263. Time : 0.00012493133544921875s
2026-06-21 21:47:29,941 RW - vertex 174. Time : 0.00013303756713867188s
2026-06-21 21:47:29,941 RW - vertex 82. Time : 0.00012969970703125s
2026-06-21 21:47:29,941 RW - vertex 232. Time : 0.0001270771026611328s
2026-06-21 21:47:29,941 RW - vertex 166. Time : 0.0001316070556640625s
2026-06-21 21:47:29,941 RW - vertex 149. Time : 0.00013327598571777344s
2026-06-21 21:47:29,941 RW - vertex 70. Time : 0.00013828277587890625s
2026-06-21 21:47:29,942 RW - vertex 181. Time : 0.00011944770812988281s
2026-06-21 21:47:29,942 RW - vertex 11. Time : 0.00012445449829101562s
2026-06-21 21:47:29,942 RW - vertex 87. Time : 0.00013971328735351562s
2026-06-21 21:47:29,942 RW - vertex 158. Time : 0.00012373924255371094s
2026-06-21 21:47:29,942 RW - vertex 192. Time : 0.00014591217041015625s
2026-06-21 21:47:29,942 RW - vertex 250. Time : 0.00013399124145507812s
2026-06-21 21:47:29,942 RW - vertex 34. Time : 0.00013875961303710938s
2026-06-21 21:47:29,943 RW - vertex 17. Time : 0.0001354217529296875s
2026-06-21 21:47:29,943 RW - vertex 138. Time : 0.0001270771026611328s
2026-06-21 21:47:29,943 RW - vertex 197. Time : 0.00012183189392089844s
2026-06-21 21:47:29,943 RW - vertex 225. Time : 0.00014543533325195312s
2026-06-21 21:47:29,943 RW - vertex 244. Time : 0.00012946128845214844s
2026-06-21 21:47:29,943 RW - vertex 31. Time : 0.0001308917999267578s
2026-06-21 21:47:29,943 RW - vertex 137. Time : 0.00013184547424316406s
2026-06-21 21:47:29,944 RW - vertex 88. Time : 0.00012493133544921875s
2026-06-21 21:47:29,944 RW - vertex 53. Time : 0.00012755393981933594s
2026-06-21 21:47:29,944 RW - vertex 235. Time : 0.0001392364501953125s
2026-06-21 21:47:29,944 RW - vertex 136. Time : 0.0001304149627685547s
2026-06-21 21:47:29,944 RW - vertex 121. Time : 0.00011873245239257812s
2026-06-21 21:47:29,944 RW - vertex 51. Time : 0.00013399124145507812s
2026-06-21 21:47:29,944 RW - vertex 43. Time : 0.00012922286987304688s
2026-06-21 21:47:29,945 RW - vertex 132. Time : 0.00013756752014160156s
2026-06-21 21:47:29,945 RW - vertex 156. Time : 0.00014138221740722656s
2026-06-21 21:47:29,945 RW - vertex 147. Time : 0.00013303756713867188s
2026-06-21 21:47:29,945 RW - vertex 127. Time : 0.00013256072998046875s
2026-06-21 21:47:29,945 RW - vertex 91. Time : 0.0001399517059326172s
2026-06-21 21:47:29,945 RW - vertex 146. Time : 0.00014901161193847656s
2026-06-21 21:47:29,945 RW - vertex 67. Time : 0.000125885009765625s
2026-06-21 21:47:29,946 RW - vertex 221. Time : 0.00014090538024902344s
2026-06-21 21:47:29,946 RW - vertex 44. Time : 0.0001354217529296875s
2026-06-21 21:47:29,946 RW - vertex 16. Time : 0.00012445449829101562s
2026-06-21 21:47:29,946 RW - vertex 93. Time : 0.00015592575073242188s
2026-06-21 21:47:29,946 RW - vertex 9. Time : 0.0001342296600341797s
2026-06-21 21:47:29,946 RW - vertex 185. Time : 0.00013685226440429688s
2026-06-21 21:47:29,947 RW - vertex 68. Time : 0.00012731552124023438s
2026-06-21 21:47:29,947 RW - vertex 18. Time : 0.00011897087097167969s
2026-06-21 21:47:29,947 RW - vertex 180. Time : 0.000125885009765625s
2026-06-21 21:47:29,947 RW - vertex 77. Time : 0.0001373291015625s
2026-06-21 21:47:29,947 RW - vertex 130. Time : 0.00014328956604003906s
2026-06-21 21:47:29,947 RW - vertex 86. Time : 0.00012373924255371094s
2026-06-21 21:47:29,947 RW - vertex 258. Time : 0.0001232624053955078s
2026-06-21 21:47:29,948 RW - vertex 96. Time : 0.00011992454528808594s
2026-06-21 21:47:29,948 RW - vertex 205. Time : 0.0001361370086669922s
2026-06-21 21:47:29,948 RW - vertex 241. Time : 0.00013828277587890625s
2026-06-21 21:47:29,948 RW - vertex 63. Time : 0.00012803077697753906s
2026-06-21 21:47:29,948 RW - vertex 90. Time : 0.0001373291015625s
2026-06-21 21:47:29,948 RW - vertex 161. Time : 0.00012612342834472656s
2026-06-21 21:47:29,948 RW - vertex 120. Time : 0.0001327991485595703s
2026-06-21 21:47:29,949 RW - vertex 170. Time : 0.0001430511474609375s
2026-06-21 21:47:29,949 RW - vertex 163. Time : 0.00012755393981933594s
2026-06-21 21:47:29,949 RW - vertex 150. Time : 0.00013518333435058594s
2026-06-21 21:47:29,949 RW - vertex 213. Time : 0.00012159347534179688s
2026-06-21 21:47:29,949 RW - vertex 169. Time : 0.0001270771026611328s
2026-06-21 21:47:29,949 RW - vertex 182. Time : 0.0001266002655029297s
2026-06-21 21:47:29,949 RW - vertex 4. Time : 0.00015497207641601562s
2026-06-21 21:47:29,950 RW - vertex 80. Time : 0.00014781951904296875s
2026-06-21 21:47:29,950 RW - vertex 103. Time : 0.000133514404296875s
2026-06-21 21:47:29,950 RW - vertex 15. Time : 0.0001277923583984375s
2026-06-21 21:47:29,950 RW - vertex 36. Time : 0.0001277923583984375s
2026-06-21 21:47:29,950 RW - vertex 216. Time : 0.0001633167266845703s
2026-06-21 21:47:29,950 RW - vertex 26. Time : 0.0001342296600341797s
2026-06-21 21:47:29,950 RW - vertex 85. Time : 0.0001277923583984375s
2026-06-21 21:47:29,951 RW - vertex 92. Time : 0.00012683868408203125s
2026-06-21 21:47:29,951 RW - vertex 157. Time : 0.0001232624053955078s
2026-06-21 21:47:29,951 RW - vertex 139. Time : 0.00014090538024902344s
2026-06-21 21:47:29,951 RW - vertex 194. Time : 0.00012969970703125s
2026-06-21 21:47:29,951 RW - vertex 238. Time : 0.0001316070556640625s
2026-06-21 21:47:29,951 RW - vertex 5. Time : 0.00013756752014160156s
2026-06-21 21:47:29,952 RW - vertex 202. Time : 0.0001347064971923828s
2026-06-21 21:47:29,952 RW - vertex 248. Time : 0.00013589859008789062s
2026-06-21 21:47:29,952 RW - vertex 206. Time : 0.00012969970703125s
2026-06-21 21:47:29,952 RW - vertex 145. Time : 0.0001347064971923828s
2026-06-21 21:47:29,952 RW - vertex 52. Time : 0.00014138221740722656s
2026-06-21 21:47:29,952 RW - vertex 102. Time : 0.0001266002655029297s
2026-06-21 21:47:29,952 RW - vertex 113. Time : 0.0001270771026611328s
2026-06-21 21:47:29,953 RW - vertex 12. Time : 0.00014352798461914062s
2026-06-21 21:47:29,953 RW - vertex 215. Time : 0.0001285076141357422s
2026-06-21 21:47:29,953 RW - vertex 46. Time : 0.00014257431030273438s
2026-06-21 21:47:29,953 RW - vertex 257. Time : 0.0001251697540283203s
2026-06-21 21:47:29,953 RW - vertex 191. Time : 0.00014162063598632812s
2026-06-21 21:47:29,953 RW - vertex 13. Time : 0.00014352798461914062s
2026-06-21 21:47:29,953 RW - vertex 10. Time : 0.00014090538024902344s
2026-06-21 21:47:29,954 RW - vertex 264. Time : 0.00014495849609375s
2026-06-21 21:47:29,954 RW - vertex 104. Time : 0.00012040138244628906s
2026-06-21 21:47:29,954 RW - vertex 228. Time : 0.00014519691467285156s
2026-06-21 21:47:29,954 RW - vertex 100. Time : 0.00013494491577148438s
2026-06-21 21:47:29,954 RW - vertex 116. Time : 0.00012874603271484375s
2026-06-21 21:47:29,954 RW - vertex 253. Time : 0.00012135505676269531s
2026-06-21 21:47:29,955 RW - vertex 151. Time : 0.00013566017150878906s
2026-06-21 21:47:29,955 RW - vertex 172. Time : 0.00014209747314453125s
2026-06-21 21:47:29,955 RW - vertex 168. Time : 0.0001285076141357422s
2026-06-21 21:47:29,955 RW - vertex 40. Time : 0.00012540817260742188s
2026-06-21 21:47:29,955 RW - vertex 131. Time : 0.0001385211944580078s
2026-06-21 21:47:29,955 RW - vertex 117. Time : 0.00014257431030273438s
2026-06-21 21:47:29,955 RW - vertex 66. Time : 0.0001270771026611328s
2026-06-21 21:47:29,956 RW - vertex 142. Time : 0.00012683868408203125s
2026-06-21 21:47:29,956 RW - vertex 252. Time : 0.00014162063598632812s
2026-06-21 21:47:29,956 RW - vertex 23. Time : 0.00012755393981933594s
2026-06-21 21:47:29,956 RW - vertex 256. Time : 0.00014066696166992188s
2026-06-21 21:47:29,956 RW - vertex 217. Time : 0.0001399517059326172s
2026-06-21 21:47:29,956 RW - vertex 45. Time : 0.0001285076141357422s
2026-06-21 21:47:29,956 RW - vertex 224. Time : 0.00014257431030273438s
2026-06-21 21:47:29,957 RW - vertex 190. Time : 0.0001327991485595703s
2026-06-21 21:47:29,957 RW - vertex 101. Time : 0.00010943412780761719s
2026-06-21 21:47:29,957 RW - vertex 187. Time : 0.0001347064971923828s
2026-06-21 21:47:29,957 RW - vertex 141. Time : 0.00013017654418945312s
2026-06-21 21:47:29,957 RW - vertex 65. Time : 0.00013828277587890625s
2026-06-21 21:47:29,957 RW - vertex 155. Time : 0.00013017654418945312s
2026-06-21 21:47:29,957 RW - vertex 140. Time : 0.00012946128845214844s
2026-06-21 21:47:29,958 RW - vertex 20. Time : 0.00013589859008789062s
2026-06-21 21:47:29,958 RW - vertex 60. Time : 0.00012755393981933594s
2026-06-21 21:47:29,958 RW - vertex 144. Time : 0.00013637542724609375s
2026-06-21 21:47:29,958 RW - vertex 193. Time : 0.00013017654418945312s
2026-06-21 21:47:29,958 RW - vertex 152. Time : 0.00013875961303710938s
2026-06-21 21:47:29,958 RW - vertex 32. Time : 0.00012111663818359375s
2026-06-21 21:47:29,958 RW - vertex 207. Time : 0.00013875961303710938s
2026-06-21 21:47:29,959 RW - vertex 29. Time : 0.00013136863708496094s
2026-06-21 21:47:29,959 RW - vertex 108. Time : 0.0001251697540283203s
2026-06-21 21:47:29,959 RW - vertex 78. Time : 0.00013494491577148438s
2026-06-21 21:47:29,959 RW - vertex 6. Time : 0.0001232624053955078s
2026-06-21 21:47:29,959 RW - vertex 261. Time : 0.00012826919555664062s
2026-06-21 21:47:29,959 RW - vertex 28. Time : 0.00013828277587890625s
2026-06-21 21:47:29,959 RW - vertex 204. Time : 0.00012564659118652344s
2026-06-21 21:47:29,960 RW - vertex 188. Time : 0.0001361370086669922s
2026-06-21 21:47:29,960 RW - vertex 59. Time : 0.00014734268188476562s
2026-06-21 21:47:29,960 RW - vertex 56. Time : 0.0001366138458251953s
2026-06-21 21:47:29,960 RW - vertex 198. Time : 0.00012874603271484375s
2026-06-21 21:47:29,960 RW - vertex 61. Time : 0.00012612342834472656s
2026-06-21 21:47:29,960 RW - vertex 2. Time : 0.0001201629638671875s
2026-06-21 21:47:29,960 RW - vertex 97. Time : 0.0001475811004638672s
2026-06-21 21:47:29,961 RW - vertex 196. Time : 0.00013685226440429688s
2026-06-21 21:47:29,961 RW - vertex 208. Time : 0.00013685226440429688s
2026-06-21 21:47:29,961 RW - vertex 177. Time : 0.00012612342834472656s
2026-06-21 21:47:29,961 RW - vertex 48. Time : 0.00014162063598632812s
2026-06-21 21:47:29,961 RW - vertex 189. Time : 0.00014448165893554688s
2026-06-21 21:47:29,961 RW - vertex 38. Time : 0.00011467933654785156s
2026-06-21 21:47:29,962 RW - vertex 247. Time : 0.0001399517059326172s
2026-06-21 21:47:29,962 RW - vertex 212. Time : 0.00014209747314453125s
2026-06-21 21:47:29,962 RW - vertex 75. Time : 0.0001285076141357422s
2026-06-21 21:47:29,962 RW - vertex 243. Time : 0.0001323223114013672s
2026-06-21 21:47:29,962 RW - vertex 7. Time : 0.00012135505676269531s
2026-06-21 21:47:29,962 RW - vertex 165. Time : 0.00012922286987304688s
2026-06-21 21:47:29,962 RW - vertex 167. Time : 0.00013899803161621094s
2026-06-21 21:47:29,963 RW - vertex 218. Time : 0.00012063980102539062s
2026-06-21 21:47:29,963 RW - vertex 83. Time : 0.00013446807861328125s
2026-06-21 21:47:29,963 RW - vertex 37. Time : 0.00012922286987304688s
2026-06-21 21:47:29,963 RW - vertex 209. Time : 0.00014352798461914062s
2026-06-21 21:47:29,963 RW - vertex 229. Time : 0.00013566017150878906s
2026-06-21 21:47:29,963 RW - vertex 231. Time : 0.00012922286987304688s
2026-06-21 21:47:29,963 RW - vertex 249. Time : 0.00012636184692382812s
2026-06-21 21:47:29,964 RW - vertex 164. Time : 0.00013065338134765625s
2026-06-21 21:47:29,964 RW - vertex 211. Time : 0.0001347064971923828s
2026-06-21 21:47:29,964 RW - vertex 81. Time : 0.00012493133544921875s
2026-06-21 21:47:29,964 RW - vertex 111. Time : 0.0001347064971923828s
2026-06-21 21:47:29,964 RW - vertex 109. Time : 0.00015282630920410156s
2026-06-21 21:47:29,966 Iteration 5 executed.
2026-06-21 21:47:29,978 RW - vertex 47. Time : 0.00025010108947753906s
2026-06-21 21:47:29,978 RW - vertex 222. Time : 0.00019550323486328125s
2026-06-21 21:47:29,978 RW - vertex 105. Time : 0.0001595020294189453s
2026-06-21 21:47:29,979 RW - vertex 176. Time : 0.00011706352233886719s
2026-06-21 21:47:29,979 RW - vertex 154. Time : 0.00015115737915039062s
2026-06-21 21:47:29,979 RW - vertex 58. Time : 0.0001323223114013672s
2026-06-21 21:47:29,979 RW - vertex 115. Time : 0.0001506805419921875s
2026-06-21 21:47:29,979 RW - vertex 19. Time : 0.0001327991485595703s
2026-06-21 21:47:29,979 RW - vertex 129. Time : 0.00014662742614746094s
2026-06-21 21:47:29,980 RW - vertex 240. Time : 0.00014090538024902344s
2026-06-21 21:47:29,980 RW - vertex 119. Time : 0.00014019012451171875s
2026-06-21 21:47:29,980 RW - vertex 57. Time : 0.00015735626220703125s
2026-06-21 21:47:29,980 RW - vertex 255. Time : 0.00015425682067871094s
2026-06-21 21:47:29,980 RW - vertex 25. Time : 0.0001494884490966797s
2026-06-21 21:47:29,980 RW - vertex 195. Time : 0.00014066696166992188s
2026-06-21 21:47:29,981 RW - vertex 27. Time : 0.000141143798828125s
2026-06-21 21:47:29,981 RW - vertex 236. Time : 0.00012755393981933594s
2026-06-21 21:47:29,981 RW - vertex 134. Time : 0.00013947486877441406s
2026-06-21 21:47:29,981 RW - vertex 76. Time : 0.00013017654418945312s
2026-06-21 21:47:29,981 RW - vertex 118. Time : 0.00014662742614746094s
2026-06-21 21:47:29,981 RW - vertex 226. Time : 0.00016617774963378906s
2026-06-21 21:47:29,982 RW - vertex 3. Time : 0.00012874603271484375s
2026-06-21 21:47:29,982 RW - vertex 124. Time : 0.0001494884490966797s
2026-06-21 21:47:29,982 RW - vertex 159. Time : 0.0001392364501953125s
2026-06-21 21:47:29,982 RW - vertex 153. Time : 0.00014090538024902344s
2026-06-21 21:47:29,982 RW - vertex 173. Time : 0.0001583099365234375s
2026-06-21 21:47:29,982 RW - vertex 219. Time : 0.0001461505889892578s
2026-06-21 21:47:29,982 RW - vertex 114. Time : 0.0001430511474609375s
2026-06-21 21:47:29,983 RW - vertex 54. Time : 0.0001327991485595703s
2026-06-21 21:47:29,983 RW - vertex 55. Time : 0.000141143798828125s
2026-06-21 21:47:29,983 RW - vertex 1. Time : 0.00012969970703125s
2026-06-21 21:47:29,983 RW - vertex 33. Time : 0.00015282630920410156s
2026-06-21 21:47:29,983 RW - vertex 39. Time : 0.0001316070556640625s
2026-06-21 21:47:29,983 RW - vertex 242. Time : 0.0001399517059326172s
2026-06-21 21:47:29,984 RW - vertex 128. Time : 0.00015044212341308594s
2026-06-21 21:47:29,984 RW - vertex 21. Time : 0.00015282630920410156s
2026-06-21 21:47:29,984 RW - vertex 254. Time : 0.0001494884490966797s
2026-06-21 21:47:29,984 RW - vertex 233. Time : 0.00014257431030273438s
2026-06-21 21:47:29,984 RW - vertex 79. Time : 0.0001442432403564453s
2026-06-21 21:47:29,984 RW - vertex 126. Time : 0.00011777877807617188s
2026-06-21 21:47:29,985 RW - vertex 214. Time : 0.0001671314239501953s
2026-06-21 21:47:29,985 RW - vertex 84. Time : 0.0001354217529296875s
2026-06-21 21:47:29,985 RW - vertex 246. Time : 0.00015592575073242188s
2026-06-21 21:47:29,985 RW - vertex 210. Time : 0.00015497207641601562s
2026-06-21 21:47:29,985 RW - vertex 122. Time : 0.0001590251922607422s
2026-06-21 21:47:29,985 RW - vertex 62. Time : 0.0001270771026611328s
2026-06-21 21:47:29,986 RW - vertex 200. Time : 0.00015425682067871094s
2026-06-21 21:47:29,986 RW - vertex 69. Time : 0.00015616416931152344s
2026-06-21 21:47:29,986 RW - vertex 259. Time : 0.00013566017150878906s
2026-06-21 21:47:29,986 RW - vertex 179. Time : 0.00015854835510253906s
2026-06-21 21:47:29,986 RW - vertex 95. Time : 0.0001506805419921875s
2026-06-21 21:47:29,986 RW - vertex 22. Time : 0.00013685226440429688s
2026-06-21 21:47:29,987 RW - vertex 175. Time : 0.00016498565673828125s
2026-06-21 21:47:29,987 RW - vertex 178. Time : 0.0001499652862548828s
2026-06-21 21:47:29,987 RW - vertex 227. Time : 0.00012946128845214844s
2026-06-21 21:47:29,987 RW - vertex 184. Time : 0.00015020370483398438s
2026-06-21 21:47:29,987 RW - vertex 201. Time : 0.00014495849609375s
2026-06-21 21:47:29,987 RW - vertex 171. Time : 0.0001373291015625s
2026-06-21 21:47:29,987 RW - vertex 107. Time : 0.0001430511474609375s
2026-06-21 21:47:29,988 RW - vertex 64. Time : 0.00013899803161621094s
2026-06-21 21:47:29,988 RW - vertex 265. Time : 0.00013685226440429688s
2026-06-21 21:47:29,988 RW - vertex 199. Time : 0.00013899803161621094s
2026-06-21 21:47:29,988 RW - vertex 35. Time : 0.00015425682067871094s
2026-06-21 21:47:29,988 RW - vertex 239. Time : 0.00014901161193847656s
2026-06-21 21:47:29,988 RW - vertex 14. Time : 0.0001392364501953125s
2026-06-21 21:47:29,989 RW - vertex 245. Time : 0.00012636184692382812s
2026-06-21 21:47:29,989 RW - vertex 183. Time : 0.00013136863708496094s
2026-06-21 21:47:29,989 RW - vertex 203. Time : 0.00014019012451171875s
2026-06-21 21:47:29,989 RW - vertex 223. Time : 0.00014066696166992188s
2026-06-21 21:47:29,989 RW - vertex 42. Time : 0.00014448165893554688s
2026-06-21 21:47:29,989 RW - vertex 143. Time : 0.00012540817260742188s
2026-06-21 21:47:29,989 RW - vertex 220. Time : 0.0001506805419921875s
2026-06-21 21:47:29,990 RW - vertex 125. Time : 0.00013875961303710938s
2026-06-21 21:47:29,990 RW - vertex 148. Time : 0.0001316070556640625s
2026-06-21 21:47:29,990 RW - vertex 162. Time : 0.00015807151794433594s
2026-06-21 21:47:29,990 RW - vertex 49. Time : 0.00015401840209960938s
2026-06-21 21:47:29,990 RW - vertex 230. Time : 0.00013637542724609375s
2026-06-21 21:47:29,990 RW - vertex 94. Time : 0.00013113021850585938s
2026-06-21 21:47:29,991 RW - vertex 41. Time : 0.00011992454528808594s
2026-06-21 21:47:29,991 RW - vertex 24. Time : 0.0001380443572998047s
2026-06-21 21:47:29,991 RW - vertex 237. Time : 0.00015163421630859375s
2026-06-21 21:47:29,991 RW - vertex 234. Time : 0.00013899803161621094s
2026-06-21 21:47:29,991 RW - vertex 112. Time : 0.00013875961303710938s
2026-06-21 21:47:29,991 RW - vertex 30. Time : 0.00015044212341308594s
2026-06-21 21:47:29,992 RW - vertex 135. Time : 0.00016689300537109375s
2026-06-21 21:47:29,992 RW - vertex 106. Time : 0.00014138221740722656s
2026-06-21 21:47:29,992 RW - vertex 186. Time : 0.0001392364501953125s
2026-06-21 21:47:29,992 RW - vertex 260. Time : 0.00013303756713867188s
2026-06-21 21:47:29,992 RW - vertex 160. Time : 0.0001347064971923828s
2026-06-21 21:47:29,992 RW - vertex 263. Time : 0.00015020370483398438s
2026-06-21 21:47:29,992 RW - vertex 174. Time : 0.0001308917999267578s
2026-06-21 21:47:29,993 RW - vertex 82. Time : 0.00012731552124023438s
2026-06-21 21:47:29,993 RW - vertex 232. Time : 0.00014710426330566406s
2026-06-21 21:47:29,993 RW - vertex 166. Time : 0.00017499923706054688s
2026-06-21 21:47:29,993 RW - vertex 149. Time : 0.00014281272888183594s
2026-06-21 21:47:29,993 RW - vertex 70. Time : 0.00014519691467285156s
2026-06-21 21:47:29,993 RW - vertex 181. Time : 0.00014662742614746094s
2026-06-21 21:47:29,994 RW - vertex 11. Time : 0.0001323223114013672s
2026-06-21 21:47:29,994 RW - vertex 87. Time : 0.0001595020294189453s
2026-06-21 21:47:29,994 RW - vertex 158. Time : 0.00010633468627929688s
2026-06-21 21:47:29,994 RW - vertex 192. Time : 0.00017404556274414062s
2026-06-21 21:47:29,994 RW - vertex 250. Time : 0.0001442432403564453s
2026-06-21 21:47:29,994 RW - vertex 34. Time : 0.00013113021850585938s
2026-06-21 21:47:29,995 RW - vertex 17. Time : 0.00015926361083984375s
2026-06-21 21:47:29,995 RW - vertex 138. Time : 0.00014352798461914062s
2026-06-21 21:47:29,995 RW - vertex 197. Time : 0.0001437664031982422s
2026-06-21 21:47:29,995 RW - vertex 225. Time : 0.00014138221740722656s
2026-06-21 21:47:29,995 RW - vertex 244. Time : 0.00015497207641601562s
2026-06-21 21:47:29,995 RW - vertex 31. Time : 0.00014901161193847656s
2026-06-21 21:47:29,996 RW - vertex 137. Time : 0.00012993812561035156s
2026-06-21 21:47:29,996 RW - vertex 88. Time : 0.0001423358917236328s
2026-06-21 21:47:29,996 RW - vertex 53. Time : 0.00014019012451171875s
2026-06-21 21:47:29,996 RW - vertex 235. Time : 0.0001544952392578125s
2026-06-21 21:47:29,996 RW - vertex 136. Time : 0.0001461505889892578s
2026-06-21 21:47:29,996 RW - vertex 121. Time : 0.0001220703125s
2026-06-21 21:47:29,996 RW - vertex 51. Time : 0.00012159347534179688s
2026-06-21 21:47:29,997 RW - vertex 43. Time : 0.0001583099365234375s
2026-06-21 21:47:29,997 RW - vertex 132. Time : 0.0001494884490966797s
2026-06-21 21:47:29,997 RW - vertex 156. Time : 0.00016450881958007812s
2026-06-21 21:47:29,997 RW - vertex 147. Time : 0.00016260147094726562s
2026-06-21 21:47:29,997 RW - vertex 127. Time : 0.000133514404296875s
2026-06-21 21:47:29,997 RW - vertex 91. Time : 0.0001430511474609375s
2026-06-21 21:47:29,998 RW - vertex 146. Time : 0.0001418590545654297s
2026-06-21 21:47:29,998 RW - vertex 67. Time : 0.00015687942504882812s
2026-06-21 21:47:29,998 RW - vertex 221. Time : 0.0001437664031982422s
2026-06-21 21:47:29,998 RW - vertex 44. Time : 0.0001285076141357422s
2026-06-21 21:47:29,998 RW - vertex 16. Time : 0.00012612342834472656s
2026-06-21 21:47:29,998 RW - vertex 93. Time : 0.00014591217041015625s
2026-06-21 21:47:29,999 RW - vertex 9. Time : 0.00011134147644042969s
2026-06-21 21:47:29,999 RW - vertex 185. Time : 0.00014829635620117188s
2026-06-21 21:47:29,999 RW - vertex 68. Time : 0.00014925003051757812s
2026-06-21 21:47:29,999 RW - vertex 18. Time : 0.0001456737518310547s
2026-06-21 21:47:29,999 RW - vertex 180. Time : 0.00014472007751464844s
2026-06-21 21:47:29,999 RW - vertex 77. Time : 0.00012731552124023438s
2026-06-21 21:47:30,000 RW - vertex 130. Time : 0.00016880035400390625s
2026-06-21 21:47:30,000 RW - vertex 86. Time : 0.0001385211944580078s
2026-06-21 21:47:30,000 RW - vertex 258. Time : 0.00012063980102539062s
2026-06-21 21:47:30,000 RW - vertex 96. Time : 0.0001347064971923828s
2026-06-21 21:47:30,000 RW - vertex 205. Time : 0.00016069412231445312s
2026-06-21 21:47:30,000 RW - vertex 241. Time : 0.00013184547424316406s
2026-06-21 21:47:30,000 RW - vertex 63. Time : 0.00014734268188476562s
2026-06-21 21:47:30,001 RW - vertex 90. Time : 0.0001468658447265625s
2026-06-21 21:47:30,001 RW - vertex 161. Time : 0.0001652240753173828s
2026-06-21 21:47:30,001 RW - vertex 120. Time : 0.00014591217041015625s
2026-06-21 21:47:30,001 RW - vertex 170. Time : 0.00015687942504882812s
2026-06-21 21:47:30,001 RW - vertex 163. Time : 0.00013065338134765625s
2026-06-21 21:47:30,001 RW - vertex 150. Time : 0.0001342296600341797s
2026-06-21 21:47:30,002 RW - vertex 213. Time : 0.0001461505889892578s
2026-06-21 21:47:30,002 RW - vertex 169. Time : 0.0001499652862548828s
2026-06-21 21:47:30,002 RW - vertex 182. Time : 0.00014019012451171875s
2026-06-21 21:47:30,002 RW - vertex 4. Time : 0.00014519691467285156s
2026-06-21 21:47:30,002 RW - vertex 80. Time : 0.00014472007751464844s
2026-06-21 21:47:30,002 RW - vertex 103. Time : 0.00014853477478027344s
2026-06-21 21:47:30,003 RW - vertex 15. Time : 0.00012254714965820312s
2026-06-21 21:47:30,003 RW - vertex 36. Time : 0.0001246929168701172s
2026-06-21 21:47:30,003 RW - vertex 216. Time : 0.0001366138458251953s
2026-06-21 21:47:30,003 RW - vertex 26. Time : 0.0001518726348876953s
2026-06-21 21:47:30,003 RW - vertex 85. Time : 0.00017261505126953125s
2026-06-21 21:47:30,003 RW - vertex 92. Time : 0.00013756752014160156s
2026-06-21 21:47:30,004 RW - vertex 157. Time : 0.0001475811004638672s
2026-06-21 21:47:30,004 RW - vertex 139. Time : 0.0001544952392578125s
2026-06-21 21:47:30,004 RW - vertex 194. Time : 0.00016427040100097656s
2026-06-21 21:47:30,004 RW - vertex 238. Time : 0.00014328956604003906s
2026-06-21 21:47:30,004 RW - vertex 5. Time : 0.00014352798461914062s
2026-06-21 21:47:30,004 RW - vertex 202. Time : 0.00014925003051757812s
2026-06-21 21:47:30,004 RW - vertex 248. Time : 0.00014901161193847656s
2026-06-21 21:47:30,005 RW - vertex 206. Time : 0.0001506805419921875s
2026-06-21 21:47:30,005 RW - vertex 145. Time : 0.0001361370086669922s
2026-06-21 21:47:30,005 RW - vertex 52. Time : 0.00015664100646972656s
2026-06-21 21:47:30,005 RW - vertex 102. Time : 0.00014257431030273438s
2026-06-21 21:47:30,005 RW - vertex 113. Time : 0.00016021728515625s
2026-06-21 21:47:30,006 RW - vertex 12. Time : 0.000171661376953125s
2026-06-21 21:47:30,006 RW - vertex 215. Time : 0.00014638900756835938s
2026-06-21 21:47:30,006 RW - vertex 46. Time : 0.0001575946807861328s
2026-06-21 21:47:30,006 RW - vertex 257. Time : 0.0001621246337890625s
2026-06-21 21:47:30,006 RW - vertex 191. Time : 0.00012636184692382812s
2026-06-21 21:47:30,006 RW - vertex 13. Time : 0.00015306472778320312s
2026-06-21 21:47:30,006 RW - vertex 10. Time : 0.00012540817260742188s
2026-06-21 21:47:30,007 RW - vertex 264. Time : 0.00014829635620117188s
2026-06-21 21:47:30,007 RW - vertex 104. Time : 0.00011706352233886719s
2026-06-21 21:47:30,007 RW - vertex 228. Time : 0.0001342296600341797s
2026-06-21 21:47:30,007 RW - vertex 100. Time : 0.00014638900756835938s
2026-06-21 21:47:30,007 RW - vertex 116. Time : 0.00012493133544921875s
2026-06-21 21:47:30,007 RW - vertex 253. Time : 0.0001437664031982422s
2026-06-21 21:47:30,008 RW - vertex 151. Time : 0.00015044212341308594s
2026-06-21 21:47:30,008 RW - vertex 172. Time : 0.00013637542724609375s
2026-06-21 21:47:30,008 RW - vertex 168. Time : 0.00013184547424316406s
2026-06-21 21:47:30,008 RW - vertex 40. Time : 0.00012111663818359375s
2026-06-21 21:47:30,008 RW - vertex 131. Time : 0.0001494884490966797s
2026-06-21 21:47:30,008 RW - vertex 117. Time : 0.0001583099365234375s
2026-06-21 21:47:30,008 RW - vertex 66. Time : 0.00012803077697753906s
2026-06-21 21:47:30,009 RW - vertex 142. Time : 0.0001475811004638672s
2026-06-21 21:47:30,009 RW - vertex 252. Time : 0.00010943412780761719s
2026-06-21 21:47:30,009 RW - vertex 23. Time : 0.000156402587890625s
2026-06-21 21:47:30,009 RW - vertex 256. Time : 0.0001652240753173828s
2026-06-21 21:47:30,009 RW - vertex 217. Time : 0.0001499652862548828s
2026-06-21 21:47:30,009 RW - vertex 45. Time : 0.00014257431030273438s
2026-06-21 21:47:30,010 RW - vertex 224. Time : 0.0001552104949951172s
2026-06-21 21:47:30,010 RW - vertex 190. Time : 0.00013589859008789062s
2026-06-21 21:47:30,010 RW - vertex 101. Time : 0.00014019012451171875s
2026-06-21 21:47:30,010 RW - vertex 187. Time : 0.0001380443572998047s
2026-06-21 21:47:30,010 RW - vertex 141. Time : 0.00016260147094726562s
2026-06-21 21:47:30,010 RW - vertex 65. Time : 0.00015497207641601562s
2026-06-21 21:47:30,011 RW - vertex 155. Time : 0.00014066696166992188s
2026-06-21 21:47:30,011 RW - vertex 140. Time : 0.00013875961303710938s
2026-06-21 21:47:30,011 RW - vertex 20. Time : 0.00016117095947265625s
2026-06-21 21:47:30,011 RW - vertex 60. Time : 0.0001251697540283203s
2026-06-21 21:47:30,011 RW - vertex 144. Time : 0.00016498565673828125s
2026-06-21 21:47:30,011 RW - vertex 193. Time : 0.00015211105346679688s
2026-06-21 21:47:30,012 RW - vertex 152. Time : 0.0001423358917236328s
2026-06-21 21:47:30,012 RW - vertex 32. Time : 0.00015616416931152344s
2026-06-21 21:47:30,012 RW - vertex 207. Time : 0.0001533031463623047s
2026-06-21 21:47:30,012 RW - vertex 29. Time : 0.00013494491577148438s
2026-06-21 21:47:30,012 RW - vertex 108. Time : 0.00014400482177734375s
2026-06-21 21:47:30,012 RW - vertex 78. Time : 0.00014066696166992188s
2026-06-21 21:47:30,013 RW - vertex 6. Time : 0.00013828277587890625s
2026-06-21 21:47:30,013 RW - vertex 261. Time : 0.00012540817260742188s
2026-06-21 21:47:30,013 RW - vertex 28. Time : 0.00015878677368164062s
2026-06-21 21:47:30,013 RW - vertex 204. Time : 0.00015401840209960938s
2026-06-21 21:47:30,013 RW - vertex 188. Time : 0.00014853477478027344s
2026-06-21 21:47:30,013 RW - vertex 59. Time : 0.00014090538024902344s
2026-06-21 21:47:30,014 RW - vertex 56. Time : 0.00016260147094726562s
2026-06-21 21:47:30,014 RW - vertex 198. Time : 0.00013685226440429688s
2026-06-21 21:47:30,014 RW - vertex 61. Time : 0.0001163482666015625s
2026-06-21 21:47:30,014 RW - vertex 2. Time : 0.00014591217041015625s
2026-06-21 21:47:30,014 RW - vertex 97. Time : 0.0001544952392578125s
2026-06-21 21:47:30,014 RW - vertex 196. Time : 0.00015401840209960938s
2026-06-21 21:47:30,014 RW - vertex 208. Time : 0.00011777877807617188s
2026-06-21 21:47:30,015 RW - vertex 177. Time : 0.00013589859008789062s
2026-06-21 21:47:30,015 RW - vertex 48. Time : 0.0001392364501953125s
2026-06-21 21:47:30,015 RW - vertex 189. Time : 0.00015807151794433594s
2026-06-21 21:47:30,015 RW - vertex 38. Time : 0.0001347064971923828s
2026-06-21 21:47:30,015 RW - vertex 247. Time : 0.0001461505889892578s
2026-06-21 21:47:30,015 RW - vertex 212. Time : 0.0001494884490966797s
2026-06-21 21:47:30,016 RW - vertex 75. Time : 0.0001614093780517578s
2026-06-21 21:47:30,016 RW - vertex 243. Time : 0.00015592575073242188s
2026-06-21 21:47:30,016 RW - vertex 7. Time : 0.00011539459228515625s
2026-06-21 21:47:30,016 RW - vertex 165. Time : 0.0001480579376220703s
2026-06-21 21:47:30,016 RW - vertex 167. Time : 0.0001575946807861328s
2026-06-21 21:47:30,016 RW - vertex 218. Time : 0.00015974044799804688s
2026-06-21 21:47:30,017 RW - vertex 83. Time : 0.00014400482177734375s
2026-06-21 21:47:30,017 RW - vertex 37. Time : 0.00013899803161621094s
2026-06-21 21:47:30,017 RW - vertex 209. Time : 0.00014662742614746094s
2026-06-21 21:47:30,017 RW - vertex 229. Time : 0.0001628398895263672s
2026-06-21 21:47:30,017 RW - vertex 231. Time : 0.0001533031463623047s
2026-06-21 21:47:30,017 RW - vertex 249. Time : 0.00016117095947265625s
2026-06-21 21:47:30,018 RW - vertex 164. Time : 0.00012922286987304688s
2026-06-21 21:47:30,018 RW - vertex 211. Time : 0.00013828277587890625s
2026-06-21 21:47:30,018 RW - vertex 81. Time : 0.00013136863708496094s
2026-06-21 21:47:30,018 RW - vertex 111. Time : 0.00011777877807617188s
2026-06-21 21:47:30,018 RW - vertex 109. Time : 0.00014519691467285156s
2026-06-21 21:47:30,020 Iteration 6 executed.
2026-06-21 21:47:30,028 RW - vertex 47. Time : 0.00020384788513183594s
2026-06-21 21:47:30,029 RW - vertex 222. Time : 0.0001468658447265625s
2026-06-21 21:47:30,029 RW - vertex 105. Time : 0.00014829635620117188s
2026-06-21 21:47:30,029 RW - vertex 176. Time : 0.00012159347534179688s
2026-06-21 21:47:30,029 RW - vertex 154. Time : 0.00017023086547851562s
2026-06-21 21:47:30,029 RW - vertex 58. Time : 0.0001285076141357422s
2026-06-21 21:47:30,030 RW - vertex 115. Time : 0.00013017654418945312s
2026-06-21 21:47:30,030 RW - vertex 19. Time : 0.0001239776611328125s
2026-06-21 21:47:30,030 RW - vertex 129. Time : 0.0001392364501953125s
2026-06-21 21:47:30,030 RW - vertex 240. Time : 0.0001266002655029297s
2026-06-21 21:47:30,030 RW - vertex 119. Time : 0.0001628398895263672s
2026-06-21 21:47:30,030 RW - vertex 57. Time : 0.00013780593872070312s
2026-06-21 21:47:30,031 RW - vertex 255. Time : 0.0001361370086669922s
2026-06-21 21:47:30,031 RW - vertex 25. Time : 0.00011444091796875s
2026-06-21 21:47:30,031 RW - vertex 195. Time : 0.00013184547424316406s
2026-06-21 21:47:30,031 RW - vertex 27. Time : 0.00011396408081054688s
2026-06-21 21:47:30,031 RW - vertex 236. Time : 0.0001480579376220703s
2026-06-21 21:47:30,031 RW - vertex 134. Time : 0.0001327991485595703s
2026-06-21 21:47:30,031 RW - vertex 76. Time : 0.0001266002655029297s
2026-06-21 21:47:30,032 RW - vertex 118. Time : 0.00013208389282226562s
2026-06-21 21:47:30,032 RW - vertex 226. Time : 0.0001289844512939453s
2026-06-21 21:47:30,032 RW - vertex 3. Time : 0.00011229515075683594s
2026-06-21 21:47:30,032 RW - vertex 124. Time : 0.00012111663818359375s
2026-06-21 21:47:30,032 RW - vertex 159. Time : 0.0001506805419921875s
2026-06-21 21:47:30,032 RW - vertex 153. Time : 0.00014448165893554688s
2026-06-21 21:47:30,032 RW - vertex 173. Time : 0.00014781951904296875s
2026-06-21 21:47:30,033 RW - vertex 219. Time : 0.0001399517059326172s
2026-06-21 21:47:30,033 RW - vertex 114. Time : 0.0001499652862548828s
2026-06-21 21:47:30,033 RW - vertex 54. Time : 0.0001270771026611328s
2026-06-21 21:47:30,033 RW - vertex 55. Time : 0.0001323223114013672s
2026-06-21 21:47:30,033 RW - vertex 1. Time : 0.00014400482177734375s
2026-06-21 21:47:30,033 RW - vertex 33. Time : 0.00012946128845214844s
2026-06-21 21:47:30,033 RW - vertex 39. Time : 0.00012493133544921875s
2026-06-21 21:47:30,034 RW - vertex 242. Time : 0.0001342296600341797s
2026-06-21 21:47:30,034 RW - vertex 128. Time : 0.00014066696166992188s
2026-06-21 21:47:30,034 RW - vertex 21. Time : 0.00014209747314453125s
2026-06-21 21:47:30,034 RW - vertex 254. Time : 0.0001380443572998047s
2026-06-21 21:47:30,034 RW - vertex 233. Time : 0.00017333030700683594s
2026-06-21 21:47:30,034 RW - vertex 79. Time : 0.0001423358917236328s
2026-06-21 21:47:30,035 RW - vertex 126. Time : 0.00011992454528808594s
2026-06-21 21:47:30,035 RW - vertex 214. Time : 0.0001499652862548828s
2026-06-21 21:47:30,035 RW - vertex 84. Time : 0.00015926361083984375s
2026-06-21 21:47:30,035 RW - vertex 246. Time : 0.00014281272888183594s
2026-06-21 21:47:30,035 RW - vertex 210. Time : 0.00014472007751464844s
2026-06-21 21:47:30,035 RW - vertex 122. Time : 0.0001666545867919922s
2026-06-21 21:47:30,036 RW - vertex 62. Time : 0.00015616416931152344s
2026-06-21 21:47:30,036 RW - vertex 200. Time : 0.0001304149627685547s
2026-06-21 21:47:30,036 RW - vertex 69. Time : 0.00013113021850585938s
2026-06-21 21:47:30,036 RW - vertex 259. Time : 0.00014853477478027344s
2026-06-21 21:47:30,036 RW - vertex 179. Time : 0.00013637542724609375s
2026-06-21 21:47:30,036 RW - vertex 95. Time : 0.00015997886657714844s
2026-06-21 21:47:30,037 RW - vertex 22. Time : 0.0001373291015625s
2026-06-21 21:47:30,037 RW - vertex 175. Time : 0.00011372566223144531s
2026-06-21 21:47:30,037 RW - vertex 178. Time : 0.00014162063598632812s
2026-06-21 21:47:30,037 RW - vertex 227. Time : 0.00013065338134765625s
2026-06-21 21:47:30,037 RW - vertex 184. Time : 0.00015735626220703125s
2026-06-21 21:47:30,037 RW - vertex 201. Time : 0.00014019012451171875s
2026-06-21 21:47:30,037 RW - vertex 171. Time : 0.00014090538024902344s
2026-06-21 21:47:30,038 RW - vertex 107. Time : 0.00012564659118652344s
2026-06-21 21:47:30,038 RW - vertex 64. Time : 0.00014090538024902344s
2026-06-21 21:47:30,038 RW - vertex 265. Time : 0.00014138221740722656s
2026-06-21 21:47:30,038 RW - vertex 199. Time : 0.00011372566223144531s
2026-06-21 21:47:30,038 RW - vertex 35. Time : 0.00013375282287597656s
2026-06-21 21:47:30,038 RW - vertex 239. Time : 0.0001628398895263672s
2026-06-21 21:47:30,039 RW - vertex 14. Time : 0.00013566017150878906s
2026-06-21 21:47:30,039 RW - vertex 245. Time : 0.0001232624053955078s
2026-06-21 21:47:30,039 RW - vertex 183. Time : 0.00013136863708496094s
2026-06-21 21:47:30,039 RW - vertex 203. Time : 0.00012540817260742188s
2026-06-21 21:47:30,039 RW - vertex 223. Time : 0.00014925003051757812s
2026-06-21 21:47:30,039 RW - vertex 42. Time : 0.00014138221740722656s
2026-06-21 21:47:30,039 RW - vertex 143. Time : 0.00014138221740722656s
2026-06-21 21:47:30,040 RW - vertex 220. Time : 0.00014328956604003906s
2026-06-21 21:47:30,040 RW - vertex 125. Time : 0.00013065338134765625s
2026-06-21 21:47:30,040 RW - vertex 148. Time : 0.0001361370086669922s
2026-06-21 21:47:30,040 RW - vertex 162. Time : 0.00014853477478027344s
2026-06-21 21:47:30,040 RW - vertex 49. Time : 0.00013327598571777344s
2026-06-21 21:47:30,040 RW - vertex 230. Time : 0.00015616416931152344s
2026-06-21 21:47:30,041 RW - vertex 94. Time : 0.0001513957977294922s
2026-06-21 21:47:30,041 RW - vertex 41. Time : 0.0001227855682373047s
2026-06-21 21:47:30,041 RW - vertex 24. Time : 0.00011730194091796875s
2026-06-21 21:47:30,041 RW - vertex 237. Time : 0.0001266002655029297s
2026-06-21 21:47:30,041 RW - vertex 234. Time : 0.00014400482177734375s
2026-06-21 21:47:30,041 RW - vertex 112. Time : 0.00012564659118652344s
2026-06-21 21:47:30,041 RW - vertex 30. Time : 0.0001423358917236328s
2026-06-21 21:47:30,042 RW - vertex 135. Time : 0.00014519691467285156s
2026-06-21 21:47:30,042 RW - vertex 106. Time : 0.00013327598571777344s
2026-06-21 21:47:30,042 RW - vertex 186. Time : 0.0001354217529296875s
2026-06-21 21:47:30,042 RW - vertex 260. Time : 0.00011563301086425781s
2026-06-21 21:47:30,042 RW - vertex 160. Time : 0.00014090538024902344s
2026-06-21 21:47:30,042 RW - vertex 263. Time : 0.0001246929168701172s
2026-06-21 21:47:30,042 RW - vertex 174. Time : 0.00012946128845214844s
2026-06-21 21:47:30,043 RW - vertex 82. Time : 0.0001380443572998047s
2026-06-21 21:47:30,043 RW - vertex 232. Time : 0.00012946128845214844s
2026-06-21 21:47:30,043 RW - vertex 166. Time : 0.00015211105346679688s
2026-06-21 21:47:30,043 RW - vertex 149. Time : 0.00014019012451171875s
2026-06-21 21:47:30,043 RW - vertex 70. Time : 0.0001366138458251953s
2026-06-21 21:47:30,043 RW - vertex 181. Time : 0.0001327991485595703s
2026-06-21 21:47:30,044 RW - vertex 11. Time : 0.000125885009765625s
2026-06-21 21:47:30,044 RW - vertex 87. Time : 0.00013446807861328125s
2026-06-21 21:47:30,044 RW - vertex 158. Time : 0.00011563301086425781s
2026-06-21 21:47:30,044 RW - vertex 192. Time : 0.00013065338134765625s
2026-06-21 21:47:30,044 RW - vertex 250. Time : 0.00014853477478027344s
2026-06-21 21:47:30,044 RW - vertex 34. Time : 0.0001201629638671875s
2026-06-21 21:47:30,044 RW - vertex 17. Time : 0.00014734268188476562s
2026-06-21 21:47:30,045 RW - vertex 138. Time : 0.0001270771026611328s
2026-06-21 21:47:30,045 RW - vertex 197. Time : 0.0001327991485595703s
2026-06-21 21:47:30,045 RW - vertex 225. Time : 0.00014066696166992188s
2026-06-21 21:47:30,045 RW - vertex 244. Time : 0.00013971328735351562s
2026-06-21 21:47:30,045 RW - vertex 31. Time : 0.000152587890625s
2026-06-21 21:47:30,045 RW - vertex 137. Time : 0.00012350082397460938s
2026-06-21 21:47:30,045 RW - vertex 88. Time : 0.0001442432403564453s
2026-06-21 21:47:30,046 RW - vertex 53. Time : 0.00013017654418945312s
2026-06-21 21:47:30,046 RW - vertex 235. Time : 0.00013399124145507812s
2026-06-21 21:47:30,046 RW - vertex 136. Time : 0.00010752677917480469s
2026-06-21 21:47:30,046 RW - vertex 121. Time : 0.0001461505889892578s
2026-06-21 21:47:30,046 RW - vertex 51. Time : 0.00011801719665527344s
2026-06-21 21:47:30,046 RW - vertex 43. Time : 0.0001354217529296875s
2026-06-21 21:47:30,047 RW - vertex 132. Time : 0.0001232624053955078s
2026-06-21 21:47:30,047 RW - vertex 156. Time : 0.0001544952392578125s
2026-06-21 21:47:30,047 RW - vertex 147. Time : 0.00012063980102539062s
2026-06-21 21:47:30,047 RW - vertex 127. Time : 0.00011134147644042969s
2026-06-21 21:47:30,047 RW - vertex 91. Time : 0.00012755393981933594s
2026-06-21 21:47:30,047 RW - vertex 146. Time : 0.0001418590545654297s
2026-06-21 21:47:30,047 RW - vertex 67. Time : 0.00013566017150878906s
2026-06-21 21:47:30,048 RW - vertex 221. Time : 0.0001518726348876953s
2026-06-21 21:47:30,048 RW - vertex 44. Time : 0.0001270771026611328s
2026-06-21 21:47:30,048 RW - vertex 16. Time : 0.00011920928955078125s
2026-06-21 21:47:30,048 RW - vertex 93. Time : 0.00013947486877441406s
2026-06-21 21:47:30,048 RW - vertex 9. Time : 0.00012564659118652344s
2026-06-21 21:47:30,048 RW - vertex 185. Time : 0.00013709068298339844s
2026-06-21 21:47:30,048 RW - vertex 68. Time : 0.00013136863708496094s
2026-06-21 21:47:30,049 RW - vertex 18. Time : 0.00012230873107910156s
2026-06-21 21:47:30,049 RW - vertex 180. Time : 0.0001304149627685547s
2026-06-21 21:47:30,049 RW - vertex 77. Time : 0.00013566017150878906s
2026-06-21 21:47:30,049 RW - vertex 130. Time : 0.00012183189392089844s
2026-06-21 21:47:30,049 RW - vertex 86. Time : 0.0001327991485595703s
2026-06-21 21:47:30,049 RW - vertex 258. Time : 0.00014138221740722656s
2026-06-21 21:47:30,049 RW - vertex 96. Time : 0.00011777877807617188s
2026-06-21 21:47:30,050 RW - vertex 205. Time : 0.0001518726348876953s
2026-06-21 21:47:30,050 RW - vertex 241. Time : 0.00013637542724609375s
2026-06-21 21:47:30,050 RW - vertex 63. Time : 0.0001277923583984375s
2026-06-21 21:47:30,050 RW - vertex 90. Time : 0.00012731552124023438s
2026-06-21 21:47:30,050 RW - vertex 161. Time : 0.0001442432403564453s
2026-06-21 21:47:30,050 RW - vertex 120. Time : 0.00012135505676269531s
2026-06-21 21:47:30,051 RW - vertex 170. Time : 0.0001289844512939453s
2026-06-21 21:47:30,051 RW - vertex 163. Time : 0.00010848045349121094s
2026-06-21 21:47:30,051 RW - vertex 150. Time : 0.00012922286987304688s
2026-06-21 21:47:30,051 RW - vertex 213. Time : 0.0001246929168701172s
2026-06-21 21:47:30,051 RW - vertex 169. Time : 0.00013494491577148438s
2026-06-21 21:47:30,051 RW - vertex 182. Time : 0.0001323223114013672s
2026-06-21 21:47:30,051 RW - vertex 4. Time : 0.00012254714965820312s
2026-06-21 21:47:30,052 RW - vertex 80. Time : 0.00013971328735351562s
2026-06-21 21:47:30,052 RW - vertex 103. Time : 0.00012040138244628906s
2026-06-21 21:47:30,052 RW - vertex 15. Time : 0.00013184547424316406s
2026-06-21 21:47:30,052 RW - vertex 36. Time : 0.0001270771026611328s
2026-06-21 21:47:30,052 RW - vertex 216. Time : 0.0001327991485595703s
2026-06-21 21:47:30,052 RW - vertex 26. Time : 0.00014400482177734375s
2026-06-21 21:47:30,052 RW - vertex 85. Time : 0.0001456737518310547s
2026-06-21 21:47:30,053 RW - vertex 92. Time : 0.00014734268188476562s
2026-06-21 21:47:30,053 RW - vertex 157. Time : 0.00013065338134765625s
2026-06-21 21:47:30,053 RW - vertex 139. Time : 0.00010967254638671875s
2026-06-21 21:47:30,053 RW - vertex 194. Time : 0.0001430511474609375s
2026-06-21 21:47:30,053 RW - vertex 238. Time : 0.00014853477478027344s
2026-06-21 21:47:30,053 RW - vertex 5. Time : 0.0001354217529296875s
2026-06-21 21:47:30,053 RW - vertex 202. Time : 0.00015425682067871094s
2026-06-21 21:47:30,054 RW - vertex 248. Time : 0.00013780593872070312s
2026-06-21 21:47:30,054 RW - vertex 206. Time : 0.00014495849609375s
2026-06-21 21:47:30,054 RW - vertex 145. Time : 0.00012063980102539062s
2026-06-21 21:47:30,054 RW - vertex 52. Time : 0.00011897087097167969s
2026-06-21 21:47:30,054 RW - vertex 102. Time : 0.00013685226440429688s
2026-06-21 21:47:30,054 RW - vertex 113. Time : 0.0001232624053955078s
2026-06-21 21:47:30,055 RW - vertex 12. Time : 0.00013446807861328125s
2026-06-21 21:47:30,055 RW - vertex 215. Time : 0.00012683868408203125s
2026-06-21 21:47:30,055 RW - vertex 46. Time : 0.00011444091796875s
2026-06-21 21:47:30,055 RW - vertex 257. Time : 0.0001354217529296875s
2026-06-21 21:47:30,055 RW - vertex 191. Time : 0.00013494491577148438s
2026-06-21 21:47:30,055 RW - vertex 13. Time : 0.00013256072998046875s
2026-06-21 21:47:30,055 RW - vertex 10. Time : 0.00012683868408203125s
2026-06-21 21:47:30,056 RW - vertex 264. Time : 0.00012564659118652344s
2026-06-21 21:47:30,056 RW - vertex 104. Time : 0.000110626220703125s
2026-06-21 21:47:30,056 RW - vertex 228. Time : 0.00013136863708496094s
2026-06-21 21:47:30,056 RW - vertex 100. Time : 0.00013518333435058594s
2026-06-21 21:47:30,056 RW - vertex 116. Time : 0.00012540817260742188s
2026-06-21 21:47:30,056 RW - vertex 253. Time : 0.00014448165893554688s
2026-06-21 21:47:30,056 RW - vertex 151. Time : 0.00013208389282226562s
2026-06-21 21:47:30,057 RW - vertex 172. Time : 0.00013756752014160156s
2026-06-21 21:47:30,057 RW - vertex 168. Time : 0.0001220703125s
2026-06-21 21:47:30,057 RW - vertex 40. Time : 0.0001289844512939453s
2026-06-21 21:47:30,057 RW - vertex 131. Time : 0.000133514404296875s
2026-06-21 21:47:30,057 RW - vertex 117. Time : 0.00011992454528808594s
2026-06-21 21:47:30,057 RW - vertex 66. Time : 0.00014543533325195312s
2026-06-21 21:47:30,057 RW - vertex 142. Time : 0.0001246929168701172s
2026-06-21 21:47:30,058 RW - vertex 252. Time : 0.0001270771026611328s
2026-06-21 21:47:30,058 RW - vertex 23. Time : 0.00012731552124023438s
2026-06-21 21:47:30,058 RW - vertex 256. Time : 0.00012564659118652344s
2026-06-21 21:47:30,058 RW - vertex 217. Time : 0.0001392364501953125s
2026-06-21 21:47:30,058 RW - vertex 45. Time : 0.0001239776611328125s
2026-06-21 21:47:30,058 RW - vertex 224. Time : 0.00012540817260742188s
2026-06-21 21:47:30,058 RW - vertex 190. Time : 0.0001499652862548828s
2026-06-21 21:47:30,059 RW - vertex 101. Time : 0.00012373924255371094s
2026-06-21 21:47:30,059 RW - vertex 187. Time : 0.00012969970703125s
2026-06-21 21:47:30,059 RW - vertex 141. Time : 0.00011515617370605469s
2026-06-21 21:47:30,059 RW - vertex 65. Time : 0.00012612342834472656s
2026-06-21 21:47:30,059 RW - vertex 155. Time : 0.00012683868408203125s
2026-06-21 21:47:30,059 RW - vertex 140. Time : 0.000141143798828125s
2026-06-21 21:47:30,059 RW - vertex 20. Time : 0.00013065338134765625s
2026-06-21 21:47:30,060 RW - vertex 60. Time : 0.00012540817260742188s
2026-06-21 21:47:30,060 RW - vertex 144. Time : 0.00011706352233886719s
2026-06-21 21:47:30,060 RW - vertex 193. Time : 0.00014328956604003906s
2026-06-21 21:47:30,060 RW - vertex 152. Time : 0.00012230873107910156s
2026-06-21 21:47:30,060 RW - vertex 32. Time : 0.00013566017150878906s
2026-06-21 21:47:30,060 RW - vertex 207. Time : 0.0001304149627685547s
2026-06-21 21:47:30,060 RW - vertex 29. Time : 0.00011897087097167969s
2026-06-21 21:47:30,061 RW - vertex 108. Time : 0.00012421607971191406s
2026-06-21 21:47:30,061 RW - vertex 78. Time : 0.00012731552124023438s
2026-06-21 21:47:30,061 RW - vertex 6. Time : 0.00011682510375976562s
2026-06-21 21:47:30,061 RW - vertex 261. Time : 0.00012683868408203125s
2026-06-21 21:47:30,061 RW - vertex 28. Time : 0.00013828277587890625s
2026-06-21 21:47:30,061 RW - vertex 204. Time : 0.0001277923583984375s
2026-06-21 21:47:30,061 RW - vertex 188. Time : 0.00014281272888183594s
2026-06-21 21:47:30,062 RW - vertex 59. Time : 0.0001227855682373047s
2026-06-21 21:47:30,062 RW - vertex 56. Time : 0.00011301040649414062s
2026-06-21 21:47:30,062 RW - vertex 198. Time : 0.00013446807861328125s
2026-06-21 21:47:30,062 RW - vertex 61. Time : 0.00012445449829101562s
2026-06-21 21:47:30,062 RW - vertex 2. Time : 0.00013113021850585938s
2026-06-21 21:47:30,062 RW - vertex 97. Time : 0.00013709068298339844s
2026-06-21 21:47:30,062 RW - vertex 196. Time : 0.00014162063598632812s
2026-06-21 21:47:30,063 RW - vertex 208. Time : 0.0001361370086669922s
2026-06-21 21:47:30,063 RW - vertex 177. Time : 0.00012445449829101562s
2026-06-21 21:47:30,063 RW - vertex 48. Time : 0.00011849403381347656s
2026-06-21 21:47:30,063 RW - vertex 189. Time : 0.00012540817260742188s
2026-06-21 21:47:30,063 RW - vertex 38. Time : 0.00011396408081054688s
2026-06-21 21:47:30,063 RW - vertex 247. Time : 0.00013685226440429688s
2026-06-21 21:47:30,063 RW - vertex 212. Time : 0.00014448165893554688s
2026-06-21 21:47:30,064 RW - vertex 75. Time : 0.00013494491577148438s
2026-06-21 21:47:30,064 RW - vertex 243. Time : 0.0001392364501953125s
2026-06-21 21:47:30,064 RW - vertex 7. Time : 0.00012803077697753906s
2026-06-21 21:47:30,064 RW - vertex 165. Time : 0.00011849403381347656s
2026-06-21 21:47:30,064 RW - vertex 167. Time : 0.00015354156494140625s
2026-06-21 21:47:30,064 RW - vertex 218. Time : 0.00014138221740722656s
2026-06-21 21:47:30,065 RW - vertex 83. Time : 0.00012946128845214844s
2026-06-21 21:47:30,065 RW - vertex 37. Time : 0.00011372566223144531s
2026-06-21 21:47:30,065 RW - vertex 209. Time : 0.00012946128845214844s
2026-06-21 21:47:30,065 RW - vertex 229. Time : 0.00012993812561035156s
2026-06-21 21:47:30,065 RW - vertex 231. Time : 0.00011348724365234375s
2026-06-21 21:47:30,065 RW - vertex 249. Time : 0.00013303756713867188s
2026-06-21 21:47:30,065 RW - vertex 164. Time : 0.000141143798828125s
2026-06-21 21:47:30,066 RW - vertex 211. Time : 0.00011348724365234375s
2026-06-21 21:47:30,066 RW - vertex 81. Time : 0.0001308917999267578s
2026-06-21 21:47:30,066 RW - vertex 111. Time : 0.00013494491577148438s
2026-06-21 21:47:30,066 RW - vertex 109. Time : 0.00013875961303710938s
2026-06-21 21:47:30,067 Iteration 7 executed.
2026-06-21 21:47:30,075 RW - vertex 47. Time : 0.00017690658569335938s
2026-06-21 21:47:30,076 RW - vertex 222. Time : 0.00016546249389648438s
2026-06-21 21:47:30,076 RW - vertex 105. Time : 0.0001385211944580078s
2026-06-21 21:47:30,076 RW - vertex 176. Time : 0.00013899803161621094s
2026-06-21 21:47:30,076 RW - vertex 154. Time : 0.0001327991485595703s
2026-06-21 21:47:30,076 RW - vertex 58. Time : 0.0001277923583984375s
2026-06-21 21:47:30,077 RW - vertex 115. Time : 0.00013589859008789062s
2026-06-21 21:47:30,077 RW - vertex 19. Time : 0.0001437664031982422s
2026-06-21 21:47:30,077 RW - vertex 129. Time : 0.0001430511474609375s
2026-06-21 21:47:30,077 RW - vertex 240. Time : 0.0001327991485595703s
2026-06-21 21:47:30,077 RW - vertex 119. Time : 0.0001392364501953125s
2026-06-21 21:47:30,077 RW - vertex 57. Time : 0.0001323223114013672s
2026-06-21 21:47:30,077 RW - vertex 255. Time : 0.00012302398681640625s
2026-06-21 21:47:30,078 RW - vertex 25. Time : 0.00011110305786132812s
2026-06-21 21:47:30,078 RW - vertex 195. Time : 0.00013375282287597656s
2026-06-21 21:47:30,078 RW - vertex 27. Time : 0.0001437664031982422s
2026-06-21 21:47:30,078 RW - vertex 236. Time : 0.00011515617370605469s
2026-06-21 21:47:30,078 RW - vertex 134. Time : 0.0001327991485595703s
2026-06-21 21:47:30,078 RW - vertex 76. Time : 0.00014209747314453125s
2026-06-21 21:47:30,079 RW - vertex 118. Time : 0.00013494491577148438s
2026-06-21 21:47:30,079 RW - vertex 226. Time : 0.00012612342834472656s
2026-06-21 21:47:30,079 RW - vertex 3. Time : 0.00015044212341308594s
2026-06-21 21:47:30,079 RW - vertex 124. Time : 0.000133514404296875s
2026-06-21 21:47:30,079 RW - vertex 159. Time : 0.00013375282287597656s
2026-06-21 21:47:30,079 RW - vertex 153. Time : 0.00013375282287597656s
2026-06-21 21:47:30,079 RW - vertex 173. Time : 0.00012612342834472656s
2026-06-21 21:47:30,080 RW - vertex 219. Time : 0.0001475811004638672s
2026-06-21 21:47:30,080 RW - vertex 114. Time : 0.0001442432403564453s
2026-06-21 21:47:30,080 RW - vertex 54. Time : 0.0001361370086669922s
2026-06-21 21:47:30,080 RW - vertex 55. Time : 0.00013327598571777344s
2026-06-21 21:47:30,080 RW - vertex 1. Time : 0.00014400482177734375s
2026-06-21 21:47:30,080 RW - vertex 33. Time : 0.000133514404296875s
2026-06-21 21:47:30,080 RW - vertex 39. Time : 0.0001418590545654297s
2026-06-21 21:47:30,081 RW - vertex 242. Time : 0.00014591217041015625s
2026-06-21 21:47:30,081 RW - vertex 128. Time : 0.00014090538024902344s
2026-06-21 21:47:30,081 RW - vertex 21. Time : 0.0001323223114013672s
2026-06-21 21:47:30,081 RW - vertex 254. Time : 0.00016927719116210938s
2026-06-21 21:47:30,081 RW - vertex 233. Time : 0.0001354217529296875s
2026-06-21 21:47:30,081 RW - vertex 79. Time : 0.00014257431030273438s
2026-06-21 21:47:30,082 RW - vertex 126. Time : 0.0001308917999267578s
2026-06-21 21:47:30,082 RW - vertex 214. Time : 0.00014972686767578125s
2026-06-21 21:47:30,082 RW - vertex 84. Time : 0.00014257431030273438s
2026-06-21 21:47:30,082 RW - vertex 246. Time : 0.00012803077697753906s
2026-06-21 21:47:30,082 RW - vertex 210. Time : 0.0001373291015625s
2026-06-21 21:47:30,082 RW - vertex 122. Time : 0.00012111663818359375s
2026-06-21 21:47:30,083 RW - vertex 62. Time : 0.00014328956604003906s
2026-06-21 21:47:30,083 RW - vertex 200. Time : 0.00013971328735351562s
2026-06-21 21:47:30,083 RW - vertex 69. Time : 0.0001239776611328125s
2026-06-21 21:47:30,083 RW - vertex 259. Time : 0.00012493133544921875s
2026-06-21 21:47:30,083 RW - vertex 179. Time : 0.00014543533325195312s
2026-06-21 21:47:30,083 RW - vertex 95. Time : 0.00013947486877441406s
2026-06-21 21:47:30,083 RW - vertex 22. Time : 0.0001285076141357422s
2026-06-21 21:47:30,084 RW - vertex 175. Time : 0.00014448165893554688s
2026-06-21 21:47:30,084 RW - vertex 178. Time : 0.00014257431030273438s
2026-06-21 21:47:30,084 RW - vertex 227. Time : 0.00011587142944335938s
2026-06-21 21:47:30,084 RW - vertex 184. Time : 0.00015878677368164062s
2026-06-21 21:47:30,084 RW - vertex 201. Time : 0.0001399517059326172s
2026-06-21 21:47:30,084 RW - vertex 171. Time : 0.00014352798461914062s
2026-06-21 21:47:30,085 RW - vertex 107. Time : 0.00012612342834472656s
2026-06-21 21:47:30,085 RW - vertex 64. Time : 0.000110626220703125s
2026-06-21 21:47:30,085 RW - vertex 265. Time : 0.000156402587890625s
2026-06-21 21:47:30,085 RW - vertex 199. Time : 0.00014495849609375s
2026-06-21 21:47:30,085 RW - vertex 35. Time : 0.00014829635620117188s
2026-06-21 21:47:30,085 RW - vertex 239. Time : 0.00013971328735351562s
2026-06-21 21:47:30,085 RW - vertex 14. Time : 0.0001347064971923828s
2026-06-21 21:47:30,086 RW - vertex 245. Time : 0.0001304149627685547s
2026-06-21 21:47:30,086 RW - vertex 183. Time : 0.00014257431030273438s
2026-06-21 21:47:30,086 RW - vertex 203. Time : 0.000133514404296875s
2026-06-21 21:47:30,086 RW - vertex 223. Time : 0.00014257431030273438s
2026-06-21 21:47:30,086 RW - vertex 42. Time : 0.00015354156494140625s
2026-06-21 21:47:30,086 RW - vertex 143. Time : 0.00013065338134765625s
2026-06-21 21:47:30,087 RW - vertex 220. Time : 0.00012993812561035156s
2026-06-21 21:47:30,087 RW - vertex 125. Time : 0.0001308917999267578s
2026-06-21 21:47:30,087 RW - vertex 148. Time : 0.0001342296600341797s
2026-06-21 21:47:30,087 RW - vertex 162. Time : 0.00013899803161621094s
2026-06-21 21:47:30,087 RW - vertex 49. Time : 0.00015616416931152344s
2026-06-21 21:47:30,087 RW - vertex 230. Time : 0.00012969970703125s
2026-06-21 21:47:30,087 RW - vertex 94. Time : 0.0001354217529296875s
2026-06-21 21:47:30,088 RW - vertex 41. Time : 0.000141143798828125s
2026-06-21 21:47:30,088 RW - vertex 24. Time : 0.00013399124145507812s
2026-06-21 21:47:30,088 RW - vertex 237. Time : 0.00015997886657714844s
2026-06-21 21:47:30,088 RW - vertex 234. Time : 0.0001399517059326172s
2026-06-21 21:47:30,088 RW - vertex 112. Time : 0.0001442432403564453s
2026-06-21 21:47:30,088 RW - vertex 30. Time : 0.00014066696166992188s
2026-06-21 21:47:30,089 RW - vertex 135. Time : 0.0001373291015625s
2026-06-21 21:47:30,089 RW - vertex 106. Time : 0.00011968612670898438s
2026-06-21 21:47:30,089 RW - vertex 186. Time : 0.0001285076141357422s
2026-06-21 21:47:30,089 RW - vertex 260. Time : 0.0001423358917236328s
2026-06-21 21:47:30,089 RW - vertex 160. Time : 0.0001575946807861328s
2026-06-21 21:47:30,089 RW - vertex 263. Time : 0.0001544952392578125s
2026-06-21 21:47:30,089 RW - vertex 174. Time : 0.00015878677368164062s
2026-06-21 21:47:30,090 RW - vertex 82. Time : 0.00014853477478027344s
2026-06-21 21:47:30,090 RW - vertex 232. Time : 0.00012755393981933594s
2026-06-21 21:47:30,090 RW - vertex 166. Time : 0.0001480579376220703s
2026-06-21 21:47:30,090 RW - vertex 149. Time : 0.00014519691467285156s
2026-06-21 21:47:30,090 RW - vertex 70. Time : 0.0001494884490966797s
2026-06-21 21:47:30,090 RW - vertex 181. Time : 0.00013709068298339844s
2026-06-21 21:47:30,091 RW - vertex 11. Time : 0.000125885009765625s
2026-06-21 21:47:30,091 RW - vertex 87. Time : 0.00014734268188476562s
2026-06-21 21:47:30,091 RW - vertex 158. Time : 0.00013446807861328125s
2026-06-21 21:47:30,091 RW - vertex 192. Time : 0.00013303756713867188s
2026-06-21 21:47:30,091 RW - vertex 250. Time : 0.00013399124145507812s
2026-06-21 21:47:30,091 RW - vertex 34. Time : 0.00016546249389648438s
2026-06-21 21:47:30,092 RW - vertex 17. Time : 0.0001220703125s
2026-06-21 21:47:30,092 RW - vertex 138. Time : 0.00014281272888183594s
2026-06-21 21:47:30,092 RW - vertex 197. Time : 0.0001709461212158203s
2026-06-21 21:47:30,092 RW - vertex 225. Time : 0.00013375282287597656s
2026-06-21 21:47:30,092 RW - vertex 244. Time : 0.00012445449829101562s
2026-06-21 21:47:30,092 RW - vertex 31. Time : 0.0001621246337890625s
2026-06-21 21:47:30,092 RW - vertex 137. Time : 0.00013065338134765625s
2026-06-21 21:47:30,093 RW - vertex 88. Time : 0.0001270771026611328s
2026-06-21 21:47:30,093 RW - vertex 53. Time : 0.00012731552124023438s
2026-06-21 21:47:30,093 RW - vertex 235. Time : 0.00012302398681640625s
2026-06-21 21:47:30,093 RW - vertex 136. Time : 0.00011730194091796875s
2026-06-21 21:47:30,093 RW - vertex 121. Time : 0.00012683868408203125s
2026-06-21 21:47:30,093 RW - vertex 51. Time : 0.00011706352233886719s
2026-06-21 21:47:30,093 RW - vertex 43. Time : 0.00014972686767578125s
2026-06-21 21:47:30,094 RW - vertex 132. Time : 0.00013685226440429688s
2026-06-21 21:47:30,094 RW - vertex 156. Time : 0.0001327991485595703s
2026-06-21 21:47:30,094 RW - vertex 147. Time : 0.00013017654418945312s
2026-06-21 21:47:30,094 RW - vertex 127. Time : 0.00013566017150878906s
2026-06-21 21:47:30,094 RW - vertex 91. Time : 0.00015616416931152344s
2026-06-21 21:47:30,094 RW - vertex 146. Time : 0.00014519691467285156s
2026-06-21 21:47:30,095 RW - vertex 67. Time : 0.00014257431030273438s
2026-06-21 21:47:30,095 RW - vertex 221. Time : 0.00013589859008789062s
2026-06-21 21:47:30,095 RW - vertex 44. Time : 0.00012421607971191406s
2026-06-21 21:47:30,095 RW - vertex 16. Time : 0.00014710426330566406s
2026-06-21 21:47:30,095 RW - vertex 93. Time : 0.00013113021850585938s
2026-06-21 21:47:30,095 RW - vertex 9. Time : 0.00010752677917480469s
2026-06-21 21:47:30,095 RW - vertex 185. Time : 0.00012969970703125s
2026-06-21 21:47:30,096 RW - vertex 68. Time : 0.00013518333435058594s
2026-06-21 21:47:30,096 RW - vertex 18. Time : 0.00013589859008789062s
2026-06-21 21:47:30,096 RW - vertex 180. Time : 0.00013494491577148438s
2026-06-21 21:47:30,096 RW - vertex 77. Time : 0.0001246929168701172s
2026-06-21 21:47:30,096 RW - vertex 130. Time : 0.00013017654418945312s
2026-06-21 21:47:30,096 RW - vertex 86. Time : 0.00012373924255371094s
2026-06-21 21:47:30,096 RW - vertex 258. Time : 0.00011777877807617188s
2026-06-21 21:47:30,097 RW - vertex 96. Time : 0.00011587142944335938s
2026-06-21 21:47:30,097 RW - vertex 205. Time : 0.0001506805419921875s
2026-06-21 21:47:30,097 RW - vertex 241. Time : 0.00013637542724609375s
2026-06-21 21:47:30,097 RW - vertex 63. Time : 0.00012159347534179688s
2026-06-21 21:47:30,097 RW - vertex 90. Time : 0.0001270771026611328s
2026-06-21 21:47:30,097 RW - vertex 161. Time : 0.00012564659118652344s
2026-06-21 21:47:30,097 RW - vertex 120. Time : 0.000141143798828125s
2026-06-21 21:47:30,098 RW - vertex 170. Time : 0.00013065338134765625s
2026-06-21 21:47:30,098 RW - vertex 163. Time : 0.0001270771026611328s
2026-06-21 21:47:30,098 RW - vertex 150. Time : 0.0001366138458251953s
2026-06-21 21:47:30,098 RW - vertex 213. Time : 0.0001308917999267578s
2026-06-21 21:47:30,098 RW - vertex 169. Time : 0.00013709068298339844s
2026-06-21 21:47:30,098 RW - vertex 182. Time : 0.00013756752014160156s
2026-06-21 21:47:30,099 RW - vertex 4. Time : 0.00014138221740722656s
2026-06-21 21:47:30,099 RW - vertex 80. Time : 0.0001366138458251953s
2026-06-21 21:47:30,099 RW - vertex 103. Time : 0.00014162063598632812s
2026-06-21 21:47:30,099 RW - vertex 15. Time : 0.000152587890625s
2026-06-21 21:47:30,099 RW - vertex 36. Time : 0.0001289844512939453s
2026-06-21 21:47:30,099 RW - vertex 216. Time : 0.00012445449829101562s
2026-06-21 21:47:30,099 RW - vertex 26. Time : 0.00015211105346679688s
2026-06-21 21:47:30,100 RW - vertex 85. Time : 0.0001404285430908203s
2026-06-21 21:47:30,100 RW - vertex 92. Time : 0.00012755393981933594s
2026-06-21 21:47:30,100 RW - vertex 157. Time : 0.00010418891906738281s
2026-06-21 21:47:30,100 RW - vertex 139. Time : 0.0001316070556640625s
2026-06-21 21:47:30,100 RW - vertex 194. Time : 0.0001556873321533203s
2026-06-21 21:47:30,100 RW - vertex 238. Time : 0.0001361370086669922s
2026-06-21 21:47:30,100 RW - vertex 5. Time : 0.00011014938354492188s
2026-06-21 21:47:30,101 RW - vertex 202. Time : 0.0001327991485595703s
2026-06-21 21:47:30,101 RW - vertex 248. Time : 0.0001285076141357422s
2026-06-21 21:47:30,101 RW - vertex 206. Time : 0.0001385211944580078s
2026-06-21 21:47:30,101 RW - vertex 145. Time : 0.00011110305786132812s
2026-06-21 21:47:30,101 RW - vertex 52. Time : 0.0001494884490966797s
2026-06-21 21:47:30,101 RW - vertex 102. Time : 0.0001289844512939453s
2026-06-21 21:47:30,102 RW - vertex 113. Time : 0.0001423358917236328s
2026-06-21 21:47:30,102 RW - vertex 12. Time : 0.00014495849609375s
2026-06-21 21:47:30,102 RW - vertex 215. Time : 0.00013566017150878906s
2026-06-21 21:47:30,102 RW - vertex 46. Time : 0.00014209747314453125s
2026-06-21 21:47:30,102 RW - vertex 257. Time : 0.00013756752014160156s
2026-06-21 21:47:30,102 RW - vertex 191. Time : 0.00015878677368164062s
2026-06-21 21:47:30,102 RW - vertex 13. Time : 0.00015306472778320312s
2026-06-21 21:47:30,103 RW - vertex 10. Time : 0.0001266002655029297s
2026-06-21 21:47:30,103 RW - vertex 264. Time : 0.00011539459228515625s
2026-06-21 21:47:30,103 RW - vertex 104. Time : 0.00014925003051757812s
2026-06-21 21:47:30,103 RW - vertex 228. Time : 0.00011968612670898438s
2026-06-21 21:47:30,103 RW - vertex 100. Time : 0.00015592575073242188s
2026-06-21 21:47:30,103 RW - vertex 116. Time : 0.00011348724365234375s
2026-06-21 21:47:30,103 RW - vertex 253. Time : 0.00010824203491210938s
2026-06-21 21:47:30,104 RW - vertex 151. Time : 0.0001430511474609375s
2026-06-21 21:47:30,104 RW - vertex 172. Time : 0.00014495849609375s
2026-06-21 21:47:30,104 RW - vertex 168. Time : 0.00014138221740722656s
2026-06-21 21:47:30,104 RW - vertex 40. Time : 0.0001304149627685547s
2026-06-21 21:47:30,104 RW - vertex 131. Time : 0.00014138221740722656s
2026-06-21 21:47:30,104 RW - vertex 117. Time : 0.0001380443572998047s
2026-06-21 21:47:30,105 RW - vertex 66. Time : 0.00015735626220703125s
2026-06-21 21:47:30,105 RW - vertex 142. Time : 0.00012111663818359375s
2026-06-21 21:47:30,105 RW - vertex 252. Time : 0.00013709068298339844s
2026-06-21 21:47:30,105 RW - vertex 23. Time : 0.00012612342834472656s
2026-06-21 21:47:30,105 RW - vertex 256. Time : 0.00012755393981933594s
2026-06-21 21:47:30,105 RW - vertex 217. Time : 0.00015735626220703125s
2026-06-21 21:47:30,105 RW - vertex 45. Time : 0.0001277923583984375s
2026-06-21 21:47:30,106 RW - vertex 224. Time : 0.00013780593872070312s
2026-06-21 21:47:30,106 RW - vertex 190. Time : 0.00014257431030273438s
2026-06-21 21:47:30,106 RW - vertex 101. Time : 0.00011706352233886719s
2026-06-21 21:47:30,106 RW - vertex 187. Time : 0.00013971328735351562s
2026-06-21 21:47:30,106 RW - vertex 141. Time : 0.0001277923583984375s
2026-06-21 21:47:30,106 RW - vertex 65. Time : 0.0001468658447265625s
2026-06-21 21:47:30,107 RW - vertex 155. Time : 0.00013971328735351562s
2026-06-21 21:47:30,107 RW - vertex 140. Time : 0.0001327991485595703s
2026-06-21 21:47:30,107 RW - vertex 20. Time : 0.00011181831359863281s
2026-06-21 21:47:30,107 RW - vertex 60. Time : 0.00014352798461914062s
2026-06-21 21:47:30,107 RW - vertex 144. Time : 0.00011515617370605469s
2026-06-21 21:47:30,107 RW - vertex 193. Time : 0.00010228157043457031s
2026-06-21 21:47:30,107 RW - vertex 152. Time : 0.0001246929168701172s
2026-06-21 21:47:30,108 RW - vertex 32. Time : 0.0001270771026611328s
2026-06-21 21:47:30,108 RW - vertex 207. Time : 0.00013017654418945312s
2026-06-21 21:47:30,108 RW - vertex 29. Time : 0.00013017654418945312s
2026-06-21 21:47:30,108 RW - vertex 108. Time : 0.00015497207641601562s
2026-06-21 21:47:30,108 RW - vertex 78. Time : 0.00014257431030273438s
2026-06-21 21:47:30,108 RW - vertex 6. Time : 0.00012445449829101562s
2026-06-21 21:47:30,108 RW - vertex 261. Time : 0.00013685226440429688s
2026-06-21 21:47:30,109 RW - vertex 28. Time : 0.0001456737518310547s
2026-06-21 21:47:30,109 RW - vertex 204. Time : 0.00013494491577148438s
2026-06-21 21:47:30,109 RW - vertex 188. Time : 0.00011682510375976562s
2026-06-21 21:47:30,109 RW - vertex 59. Time : 0.00014734268188476562s
2026-06-21 21:47:30,109 RW - vertex 56. Time : 0.0001308917999267578s
2026-06-21 21:47:30,109 RW - vertex 198. Time : 0.00011944770812988281s
2026-06-21 21:47:30,109 RW - vertex 61. Time : 0.00012302398681640625s
2026-06-21 21:47:30,110 RW - vertex 2. Time : 0.00013756752014160156s
2026-06-21 21:47:30,110 RW - vertex 97. Time : 0.00012254714965820312s
2026-06-21 21:47:30,110 RW - vertex 196. Time : 0.00015473365783691406s
2026-06-21 21:47:30,110 RW - vertex 208. Time : 0.00014090538024902344s
2026-06-21 21:47:30,110 RW - vertex 177. Time : 0.0001220703125s
2026-06-21 21:47:30,110 RW - vertex 48. Time : 0.0001671314239501953s
2026-06-21 21:47:30,111 RW - vertex 189. Time : 0.000148773193359375s
2026-06-21 21:47:30,111 RW - vertex 38. Time : 0.00014925003051757812s
2026-06-21 21:47:30,111 RW - vertex 247. Time : 0.0001499652862548828s
2026-06-21 21:47:30,111 RW - vertex 212. Time : 0.000133514404296875s
2026-06-21 21:47:30,111 RW - vertex 75. Time : 0.00015211105346679688s
2026-06-21 21:47:30,111 RW - vertex 243. Time : 0.00013065338134765625s
2026-06-21 21:47:30,111 RW - vertex 7. Time : 0.00012254714965820312s
2026-06-21 21:47:30,112 RW - vertex 165. Time : 0.0001323223114013672s
2026-06-21 21:47:30,112 RW - vertex 167. Time : 0.00016307830810546875s
2026-06-21 21:47:30,112 RW - vertex 218. Time : 0.0001347064971923828s
2026-06-21 21:47:30,112 RW - vertex 83. Time : 0.00014734268188476562s
2026-06-21 21:47:30,112 RW - vertex 37. Time : 0.00011110305786132812s
2026-06-21 21:47:30,112 RW - vertex 209. Time : 0.00015044212341308594s
2026-06-21 21:47:30,113 RW - vertex 229. Time : 0.0001690387725830078s
2026-06-21 21:47:30,113 RW - vertex 231. Time : 0.0001304149627685547s
2026-06-21 21:47:30,113 RW - vertex 249. Time : 0.00012683868408203125s
2026-06-21 21:47:30,113 RW - vertex 164. Time : 0.00013494491577148438s
2026-06-21 21:47:30,113 RW - vertex 211. Time : 0.00014972686767578125s
2026-06-21 21:47:30,113 RW - vertex 81. Time : 0.00014162063598632812s
2026-06-21 21:47:30,114 RW - vertex 111. Time : 0.0001399517059326172s
2026-06-21 21:47:30,114 RW - vertex 109. Time : 0.00013637542724609375s
2026-06-21 21:47:30,115 Iteration 8 executed.
2026-06-21 21:47:30,124 RW - vertex 47. Time : 0.00018787384033203125s
2026-06-21 21:47:30,124 RW - vertex 222. Time : 0.00016117095947265625s
2026-06-21 21:47:30,124 RW - vertex 105. Time : 0.00012493133544921875s
2026-06-21 21:47:30,125 RW - vertex 176. Time : 0.00013184547424316406s
2026-06-21 21:47:30,125 RW - vertex 154. Time : 0.0001246929168701172s
2026-06-21 21:47:30,125 RW - vertex 58. Time : 0.00014066696166992188s
2026-06-21 21:47:30,125 RW - vertex 115. Time : 0.0001392364501953125s
2026-06-21 21:47:30,125 RW - vertex 19. Time : 0.0001361370086669922s
2026-06-21 21:47:30,125 RW - vertex 129. Time : 0.00013327598571777344s
2026-06-21 21:47:30,125 RW - vertex 240. Time : 0.00014901161193847656s
2026-06-21 21:47:30,126 RW - vertex 119. Time : 0.00014519691467285156s
2026-06-21 21:47:30,126 RW - vertex 57. Time : 0.00012922286987304688s
2026-06-21 21:47:30,126 RW - vertex 255. Time : 0.00013875961303710938s
2026-06-21 21:47:30,126 RW - vertex 25. Time : 0.00014281272888183594s
2026-06-21 21:47:30,126 RW - vertex 195. Time : 0.0001456737518310547s
2026-06-21 21:47:30,126 RW - vertex 27. Time : 0.0001437664031982422s
2026-06-21 21:47:30,127 RW - vertex 236. Time : 0.00013780593872070312s
2026-06-21 21:47:30,127 RW - vertex 134. Time : 0.00011754035949707031s
2026-06-21 21:47:30,127 RW - vertex 76. Time : 0.0001327991485595703s
2026-06-21 21:47:30,127 RW - vertex 118. Time : 0.0001304149627685547s
2026-06-21 21:47:30,127 RW - vertex 226. Time : 0.0001380443572998047s
2026-06-21 21:47:30,127 RW - vertex 3. Time : 0.00013828277587890625s
2026-06-21 21:47:30,127 RW - vertex 124. Time : 0.00013256072998046875s
2026-06-21 21:47:30,128 RW - vertex 159. Time : 0.0001385211944580078s
2026-06-21 21:47:30,128 RW - vertex 153. Time : 0.0001442432403564453s
2026-06-21 21:47:30,128 RW - vertex 173. Time : 0.0001270771026611328s
2026-06-21 21:47:30,128 RW - vertex 219. Time : 0.0001480579376220703s
2026-06-21 21:47:30,128 RW - vertex 114. Time : 0.00015211105346679688s
2026-06-21 21:47:30,128 RW - vertex 54. Time : 0.00012063980102539062s
2026-06-21 21:47:30,128 RW - vertex 55. Time : 0.0001373291015625s
2026-06-21 21:47:30,129 RW - vertex 1. Time : 0.00014090538024902344s
2026-06-21 21:47:30,129 RW - vertex 33. Time : 0.00013780593872070312s
2026-06-21 21:47:30,129 RW - vertex 39. Time : 0.0001308917999267578s
2026-06-21 21:47:30,129 RW - vertex 242. Time : 0.0001461505889892578s
2026-06-21 21:47:30,129 RW - vertex 128. Time : 0.0001308917999267578s
2026-06-21 21:47:30,129 RW - vertex 21. Time : 0.00011730194091796875s
2026-06-21 21:47:30,130 RW - vertex 254. Time : 0.00014662742614746094s
2026-06-21 21:47:30,130 RW - vertex 233. Time : 0.00013327598571777344s
2026-06-21 21:47:30,130 RW - vertex 79. Time : 0.00011467933654785156s
2026-06-21 21:47:30,130 RW - vertex 126. Time : 0.0001399517059326172s
2026-06-21 21:47:30,130 RW - vertex 214. Time : 0.00015473365783691406s
2026-06-21 21:47:30,130 RW - vertex 84. Time : 0.00012302398681640625s
2026-06-21 21:47:30,130 RW - vertex 246. Time : 0.00013303756713867188s
2026-06-21 21:47:30,131 RW - vertex 210. Time : 0.0001461505889892578s
2026-06-21 21:47:30,131 RW - vertex 122. Time : 0.00013756752014160156s
2026-06-21 21:47:30,131 RW - vertex 62. Time : 0.0001392364501953125s
2026-06-21 21:47:30,131 RW - vertex 200. Time : 0.0001468658447265625s
2026-06-21 21:47:30,131 RW - vertex 69. Time : 0.0001456737518310547s
2026-06-21 21:47:30,131 RW - vertex 259. Time : 0.00014853477478027344s
2026-06-21 21:47:30,132 RW - vertex 179. Time : 0.00013828277587890625s
2026-06-21 21:47:30,132 RW - vertex 95. Time : 0.00014591217041015625s
2026-06-21 21:47:30,132 RW - vertex 22. Time : 0.00012731552124023438s
2026-06-21 21:47:30,132 RW - vertex 175. Time : 0.0001323223114013672s
2026-06-21 21:47:30,132 RW - vertex 178. Time : 0.00013780593872070312s
2026-06-21 21:47:30,132 RW - vertex 227. Time : 0.00012612342834472656s
2026-06-21 21:47:30,132 RW - vertex 184. Time : 0.00014925003051757812s
2026-06-21 21:47:30,133 RW - vertex 201. Time : 0.00012755393981933594s
2026-06-21 21:47:30,133 RW - vertex 171. Time : 0.0001380443572998047s
2026-06-21 21:47:30,133 RW - vertex 107. Time : 0.00012254714965820312s
2026-06-21 21:47:30,133 RW - vertex 64. Time : 0.00014710426330566406s
2026-06-21 21:47:30,133 RW - vertex 265. Time : 0.00014543533325195312s
2026-06-21 21:47:30,133 RW - vertex 199. Time : 0.00012731552124023438s
2026-06-21 21:47:30,134 RW - vertex 35. Time : 0.0001380443572998047s
2026-06-21 21:47:30,134 RW - vertex 239. Time : 0.00016117095947265625s
2026-06-21 21:47:30,134 RW - vertex 14. Time : 0.00013518333435058594s
2026-06-21 21:47:30,134 RW - vertex 245. Time : 0.0001327991485595703s
2026-06-21 21:47:30,134 RW - vertex 183. Time : 0.00013113021850585938s
2026-06-21 21:47:30,134 RW - vertex 203. Time : 0.0001392364501953125s
2026-06-21 21:47:30,134 RW - vertex 223. Time : 0.000141143798828125s
2026-06-21 21:47:30,135 RW - vertex 42. Time : 0.00013971328735351562s
2026-06-21 21:47:30,135 RW - vertex 143. Time : 0.00011801719665527344s
2026-06-21 21:47:30,135 RW - vertex 220. Time : 0.00014662742614746094s
2026-06-21 21:47:30,135 RW - vertex 125. Time : 0.0001366138458251953s
2026-06-21 21:47:30,135 RW - vertex 148. Time : 0.00012755393981933594s
2026-06-21 21:47:30,135 RW - vertex 162. Time : 0.00012946128845214844s
2026-06-21 21:47:30,136 RW - vertex 49. Time : 0.00016117095947265625s
2026-06-21 21:47:30,136 RW - vertex 230. Time : 0.00014543533325195312s
2026-06-21 21:47:30,136 RW - vertex 94. Time : 0.00014853477478027344s
2026-06-21 21:47:30,136 RW - vertex 41. Time : 0.00013566017150878906s
2026-06-21 21:47:30,136 RW - vertex 24. Time : 0.0001361370086669922s
2026-06-21 21:47:30,136 RW - vertex 237. Time : 0.0001392364501953125s
2026-06-21 21:47:30,136 RW - vertex 234. Time : 0.00016045570373535156s
2026-06-21 21:47:30,137 RW - vertex 112. Time : 0.0001327991485595703s
2026-06-21 21:47:30,137 RW - vertex 30. Time : 0.00013780593872070312s
2026-06-21 21:47:30,137 RW - vertex 135. Time : 0.00015282630920410156s
2026-06-21 21:47:30,137 RW - vertex 106. Time : 0.0001304149627685547s
2026-06-21 21:47:30,137 RW - vertex 186. Time : 0.00016999244689941406s
2026-06-21 21:47:30,137 RW - vertex 260. Time : 0.00014257431030273438s
2026-06-21 21:47:30,138 RW - vertex 160. Time : 0.000141143798828125s
2026-06-21 21:47:30,138 RW - vertex 263. Time : 0.00013756752014160156s
2026-06-21 21:47:30,138 RW - vertex 174. Time : 0.00015401840209960938s
2026-06-21 21:47:30,138 RW - vertex 82. Time : 0.00013875961303710938s
2026-06-21 21:47:30,138 RW - vertex 232. Time : 0.00012135505676269531s
2026-06-21 21:47:30,138 RW - vertex 166. Time : 0.000164031982421875s
2026-06-21 21:47:30,139 RW - vertex 149. Time : 0.0001480579376220703s
2026-06-21 21:47:30,139 RW - vertex 70. Time : 0.00015115737915039062s
2026-06-21 21:47:30,139 RW - vertex 181. Time : 0.000133514404296875s
2026-06-21 21:47:30,139 RW - vertex 11. Time : 0.00013971328735351562s
2026-06-21 21:47:30,139 RW - vertex 87. Time : 0.00015687942504882812s
2026-06-21 21:47:30,139 RW - vertex 158. Time : 0.000133514404296875s
2026-06-21 21:47:30,140 RW - vertex 192. Time : 0.00014281272888183594s
2026-06-21 21:47:30,140 RW - vertex 250. Time : 0.00014448165893554688s
2026-06-21 21:47:30,140 RW - vertex 34. Time : 0.00014734268188476562s
2026-06-21 21:47:30,140 RW - vertex 17. Time : 0.00015282630920410156s
2026-06-21 21:47:30,140 RW - vertex 138. Time : 0.0001285076141357422s
2026-06-21 21:47:30,140 RW - vertex 197. Time : 0.00015354156494140625s
2026-06-21 21:47:30,140 RW - vertex 225. Time : 0.00014209747314453125s
2026-06-21 21:47:30,141 RW - vertex 244. Time : 0.00012683868408203125s
2026-06-21 21:47:30,141 RW - vertex 31. Time : 0.00015807151794433594s
2026-06-21 21:47:30,141 RW - vertex 137. Time : 0.00014400482177734375s
2026-06-21 21:47:30,141 RW - vertex 88. Time : 0.00014734268188476562s
2026-06-21 21:47:30,141 RW - vertex 53. Time : 0.00013208389282226562s
2026-06-21 21:47:30,141 RW - vertex 235. Time : 0.0001518726348876953s
2026-06-21 21:47:30,142 RW - vertex 136. Time : 0.0001423358917236328s
2026-06-21 21:47:30,142 RW - vertex 121. Time : 0.00013113021850585938s
2026-06-21 21:47:30,142 RW - vertex 51. Time : 0.00011205673217773438s
2026-06-21 21:47:30,142 RW - vertex 43. Time : 0.0001366138458251953s
2026-06-21 21:47:30,142 RW - vertex 132. Time : 0.000156402587890625s
2026-06-21 21:47:30,142 RW - vertex 156. Time : 0.00016450881958007812s
2026-06-21 21:47:30,143 RW - vertex 147. Time : 0.00013637542724609375s
2026-06-21 21:47:30,143 RW - vertex 127. Time : 0.0001251697540283203s
2026-06-21 21:47:30,143 RW - vertex 91. Time : 0.0001404285430908203s
2026-06-21 21:47:30,143 RW - vertex 146. Time : 0.00016355514526367188s
2026-06-21 21:47:30,143 RW - vertex 67. Time : 0.00013875961303710938s
2026-06-21 21:47:30,143 RW - vertex 221. Time : 0.00014019012451171875s
2026-06-21 21:47:30,143 RW - vertex 44. Time : 0.0001361370086669922s
2026-06-21 21:47:30,144 RW - vertex 16. Time : 0.00013899803161621094s
2026-06-21 21:47:30,144 RW - vertex 93. Time : 0.00014853477478027344s
2026-06-21 21:47:30,144 RW - vertex 9. Time : 0.000125885009765625s
2026-06-21 21:47:30,144 RW - vertex 185. Time : 0.00013947486877441406s
2026-06-21 21:47:30,144 RW - vertex 68. Time : 0.00013327598571777344s
2026-06-21 21:47:30,144 RW - vertex 18. Time : 0.00014328956604003906s
2026-06-21 21:47:30,145 RW - vertex 180. Time : 0.0001456737518310547s
2026-06-21 21:47:30,145 RW - vertex 77. Time : 0.00012946128845214844s
2026-06-21 21:47:30,145 RW - vertex 130. Time : 0.0001499652862548828s
2026-06-21 21:47:30,145 RW - vertex 86. Time : 0.00013208389282226562s
2026-06-21 21:47:30,145 RW - vertex 258. Time : 0.00015473365783691406s
2026-06-21 21:47:30,145 RW - vertex 96. Time : 0.00012373924255371094s
2026-06-21 21:47:30,145 RW - vertex 205. Time : 0.00014328956604003906s
2026-06-21 21:47:30,146 RW - vertex 241. Time : 0.00014519691467285156s
2026-06-21 21:47:30,146 RW - vertex 63. Time : 0.00013446807861328125s
2026-06-21 21:47:30,146 RW - vertex 90. Time : 0.000152587890625s
2026-06-21 21:47:30,146 RW - vertex 161. Time : 0.00015091896057128906s
2026-06-21 21:47:30,146 RW - vertex 120. Time : 0.00014638900756835938s
2026-06-21 21:47:30,146 RW - vertex 170. Time : 0.0001316070556640625s
2026-06-21 21:47:30,147 RW - vertex 163. Time : 0.00011992454528808594s
2026-06-21 21:47:30,147 RW - vertex 150. Time : 0.00013828277587890625s
2026-06-21 21:47:30,147 RW - vertex 213. Time : 0.00014901161193847656s
2026-06-21 21:47:30,147 RW - vertex 169. Time : 0.00012159347534179688s
2026-06-21 21:47:30,147 RW - vertex 182. Time : 0.00015687942504882812s
2026-06-21 21:47:30,147 RW - vertex 4. Time : 0.00014209747314453125s
2026-06-21 21:47:30,148 RW - vertex 80. Time : 0.00013375282287597656s
2026-06-21 21:47:30,148 RW - vertex 103. Time : 0.00013780593872070312s
2026-06-21 21:47:30,148 RW - vertex 15. Time : 0.000152587890625s
2026-06-21 21:47:30,148 RW - vertex 36. Time : 0.00012564659118652344s
2026-06-21 21:47:30,148 RW - vertex 216. Time : 0.00015091896057128906s
2026-06-21 21:47:30,148 RW - vertex 26. Time : 0.0001366138458251953s
2026-06-21 21:47:30,148 RW - vertex 85. Time : 0.00012826919555664062s
2026-06-21 21:47:30,149 RW - vertex 92. Time : 0.00012826919555664062s
2026-06-21 21:47:30,149 RW - vertex 157. Time : 0.0001373291015625s
2026-06-21 21:47:30,149 RW - vertex 139. Time : 0.00013017654418945312s
2026-06-21 21:47:30,149 RW - vertex 194. Time : 0.00013947486877441406s
2026-06-21 21:47:30,149 RW - vertex 238. Time : 0.0001480579376220703s
2026-06-21 21:47:30,149 RW - vertex 5. Time : 0.00013446807861328125s
2026-06-21 21:47:30,150 RW - vertex 202. Time : 0.00014519691467285156s
2026-06-21 21:47:30,150 RW - vertex 248. Time : 0.00015497207641601562s
2026-06-21 21:47:30,150 RW - vertex 206. Time : 0.00015854835510253906s
2026-06-21 21:47:30,150 RW - vertex 145. Time : 0.00011754035949707031s
2026-06-21 21:47:30,150 RW - vertex 52. Time : 0.00014066696166992188s
2026-06-21 21:47:30,150 RW - vertex 102. Time : 0.00014138221740722656s
2026-06-21 21:47:30,150 RW - vertex 113. Time : 0.00013256072998046875s
2026-06-21 21:47:30,151 RW - vertex 12. Time : 0.000133514404296875s
2026-06-21 21:47:30,151 RW - vertex 215. Time : 0.00014257431030273438s
2026-06-21 21:47:30,151 RW - vertex 46. Time : 0.00013065338134765625s
2026-06-21 21:47:30,151 RW - vertex 257. Time : 0.00013709068298339844s
2026-06-21 21:47:30,151 RW - vertex 191. Time : 0.00015497207641601562s
2026-06-21 21:47:30,151 RW - vertex 13. Time : 0.00013899803161621094s
2026-06-21 21:47:30,152 RW - vertex 10. Time : 0.0001342296600341797s
2026-06-21 21:47:30,152 RW - vertex 264. Time : 0.00016260147094726562s
2026-06-21 21:47:30,152 RW - vertex 104. Time : 0.00013303756713867188s
2026-06-21 21:47:30,152 RW - vertex 228. Time : 0.00012803077697753906s
2026-06-21 21:47:30,152 RW - vertex 100. Time : 0.0001418590545654297s
2026-06-21 21:47:30,152 RW - vertex 116. Time : 0.0001499652862548828s
2026-06-21 21:47:30,153 RW - vertex 253. Time : 0.0001518726348876953s
2026-06-21 21:47:30,153 RW - vertex 151. Time : 0.00014781951904296875s
2026-06-21 21:47:30,153 RW - vertex 172. Time : 0.00014662742614746094s
2026-06-21 21:47:30,153 RW - vertex 168. Time : 0.00013875961303710938s
2026-06-21 21:47:30,153 RW - vertex 40. Time : 0.00016307830810546875s
2026-06-21 21:47:30,153 RW - vertex 131. Time : 0.00015306472778320312s
2026-06-21 21:47:30,153 RW - vertex 117. Time : 0.00014066696166992188s
2026-06-21 21:47:30,154 RW - vertex 66. Time : 0.00013589859008789062s
2026-06-21 21:47:30,154 RW - vertex 142. Time : 0.00013375282287597656s
2026-06-21 21:47:30,154 RW - vertex 252. Time : 0.00014829635620117188s
2026-06-21 21:47:30,154 RW - vertex 23. Time : 0.00014925003051757812s
2026-06-21 21:47:30,154 RW - vertex 256. Time : 0.00013375282287597656s
2026-06-21 21:47:30,154 RW - vertex 217. Time : 0.00012183189392089844s
2026-06-21 21:47:30,155 RW - vertex 45. Time : 0.0001361370086669922s
2026-06-21 21:47:30,155 RW - vertex 224. Time : 0.00013780593872070312s
2026-06-21 21:47:30,155 RW - vertex 190. Time : 0.00014829635620117188s
2026-06-21 21:47:30,155 RW - vertex 101. Time : 0.00013494491577148438s
2026-06-21 21:47:30,155 RW - vertex 187. Time : 0.00014781951904296875s
2026-06-21 21:47:30,155 RW - vertex 141. Time : 0.00013017654418945312s
2026-06-21 21:47:30,155 RW - vertex 65. Time : 0.00013637542724609375s
2026-06-21 21:47:30,156 RW - vertex 155. Time : 0.00013303756713867188s
2026-06-21 21:47:30,156 RW - vertex 140. Time : 0.00015091896057128906s
2026-06-21 21:47:30,156 RW - vertex 20. Time : 0.00014781951904296875s
2026-06-21 21:47:30,156 RW - vertex 60. Time : 0.00014257431030273438s
2026-06-21 21:47:30,156 RW - vertex 144. Time : 0.0001323223114013672s
2026-06-21 21:47:30,156 RW - vertex 193. Time : 0.00013709068298339844s
2026-06-21 21:47:30,157 RW - vertex 152. Time : 0.00014066696166992188s
2026-06-21 21:47:30,157 RW - vertex 32. Time : 0.00013899803161621094s
2026-06-21 21:47:30,157 RW - vertex 207. Time : 0.00013065338134765625s
2026-06-21 21:47:30,157 RW - vertex 29. Time : 0.00013303756713867188s
2026-06-21 21:47:30,157 RW - vertex 108. Time : 0.0001537799835205078s
2026-06-21 21:47:30,157 RW - vertex 78. Time : 0.00011968612670898438s
2026-06-21 21:47:30,158 RW - vertex 6. Time : 0.00013637542724609375s
2026-06-21 21:47:30,158 RW - vertex 261. Time : 0.00013303756713867188s
2026-06-21 21:47:30,158 RW - vertex 28. Time : 0.00014352798461914062s
2026-06-21 21:47:30,158 RW - vertex 204. Time : 0.0001399517059326172s
2026-06-21 21:47:30,158 RW - vertex 188. Time : 0.00014829635620117188s
2026-06-21 21:47:30,158 RW - vertex 59. Time : 0.00016641616821289062s
2026-06-21 21:47:30,158 RW - vertex 56. Time : 0.00014495849609375s
2026-06-21 21:47:30,159 RW - vertex 198. Time : 0.0001399517059326172s
2026-06-21 21:47:30,159 RW - vertex 61. Time : 0.00013637542724609375s
2026-06-21 21:47:30,159 RW - vertex 2. Time : 0.00013184547424316406s
2026-06-21 21:47:30,159 RW - vertex 97. Time : 0.00014400482177734375s
2026-06-21 21:47:30,159 RW - vertex 196. Time : 0.00015854835510253906s
2026-06-21 21:47:30,159 RW - vertex 208. Time : 0.00014090538024902344s
2026-06-21 21:47:30,160 RW - vertex 177. Time : 0.00012493133544921875s
2026-06-21 21:47:30,160 RW - vertex 48. Time : 0.00013518333435058594s
2026-06-21 21:47:30,160 RW - vertex 189. Time : 0.00014781951904296875s
2026-06-21 21:47:30,160 RW - vertex 38. Time : 0.00013709068298339844s
2026-06-21 21:47:30,160 RW - vertex 247. Time : 0.0001308917999267578s
2026-06-21 21:47:30,160 RW - vertex 212. Time : 0.00012755393981933594s
2026-06-21 21:47:30,160 RW - vertex 75. Time : 0.0001323223114013672s
2026-06-21 21:47:30,161 RW - vertex 243. Time : 0.0001385211944580078s
2026-06-21 21:47:30,161 RW - vertex 7. Time : 0.00013113021850585938s
2026-06-21 21:47:30,161 RW - vertex 165. Time : 0.00012040138244628906s
2026-06-21 21:47:30,161 RW - vertex 167. Time : 0.00011563301086425781s
2026-06-21 21:47:30,161 RW - vertex 218. Time : 0.00015997886657714844s
2026-06-21 21:47:30,161 RW - vertex 83. Time : 0.0001418590545654297s
2026-06-21 21:47:30,162 RW - vertex 37. Time : 0.0001399517059326172s
2026-06-21 21:47:30,162 RW - vertex 209. Time : 0.0001437664031982422s
2026-06-21 21:47:30,162 RW - vertex 229. Time : 0.00014448165893554688s
2026-06-21 21:47:30,162 RW - vertex 231. Time : 0.0001423358917236328s
2026-06-21 21:47:30,162 RW - vertex 249. Time : 0.0001468658447265625s
2026-06-21 21:47:30,162 RW - vertex 164. Time : 0.00016617774963378906s
2026-06-21 21:47:30,162 RW - vertex 211. Time : 0.00013875961303710938s
2026-06-21 21:47:30,163 RW - vertex 81. Time : 0.0001347064971923828s
2026-06-21 21:47:30,163 RW - vertex 111. Time : 0.0001270771026611328s
2026-06-21 21:47:30,163 RW - vertex 109. Time : 0.00015044212341308594s
2026-06-21 21:47:30,164 Iteration 9 executed.
2026-06-21 21:47:30,175 RWs created. Time: 0.008510323365529378m
2026-06-21 21:47:30,175 Saving Random Walks on disk...
2026-06-21 21:47:30,197 Initializing creation of the representations...
2026-06-21 21:47:30,198 collecting all words and their counts
2026-06-21 21:47:30,198 {'uri': 'random_walks.txt', 'mode': 'rb', 'buffering': -1, 'encoding': None, 'errors': None, 'newline': None, 'closefd': True, 'opener': None, 'compression': 'infer_from_extension', 'transport_params': None}
2026-06-21 21:47:30,198 PROGRESS: at sentence #0, processed 0 words, keeping 0 word types
2026-06-21 21:47:30,212 collected 251 word types from a corpus of 100400 raw words and 2510 sentences
2026-06-21 21:47:30,212 Creating a fresh vocabulary
2026-06-21 21:47:30,216 starting a new internal lifecycle event log for Word2Vec
2026-06-21 21:47:30,217 Word2Vec lifecycle event {'msg': 'effective_min_count=0 retains 251 unique words (100.00% of original 251, drops 0)', 'datetime': '2026-06-21T21:47:30.212804', 'gensim': '4.3.3', 'python': '3.12.13 | packaged by Anaconda, Inc. | (main, Mar 19 2026, 20:20:58) [GCC 14.3.0]', 'platform': 'Linux-6.17.0-35-generic-x86_64-with-glibc2.42', 'event': 'prepare_vocab'}
2026-06-21 21:47:30,217 Word2Vec lifecycle event {'msg': 'effective_min_count=0 leaves 100400 word corpus (100.00% of original 100400, drops 0)', 'datetime': '2026-06-21T21:47:30.217291', 'gensim': '4.3.3', 'python': '3.12.13 | packaged by Anaconda, Inc. | (main, Mar 19 2026, 20:20:58) [GCC 14.3.0]', 'platform': 'Linux-6.17.0-35-generic-x86_64-with-glibc2.42', 'event': 'prepare_vocab'}
2026-06-21 21:47:30,218 deleting the raw counts dictionary of 251 items
2026-06-21 21:47:30,218 sample=0.001 downsamples 106 most-common words
2026-06-21 21:47:30,218 Word2Vec lifecycle event {'msg': 'downsampling leaves estimated 59438.56509769447 word corpus (59.2%% of prior 100400)', 'datetime': '2026-06-21T21:47:30.218463', 'gensim': '4.3.3', 'python': '3.12.13 | packaged by Anaconda, Inc. | (main, Mar 19 2026, 20:20:58) [GCC 14.3.0]', 'platform': 'Linux-6.17.0-35-generic-x86_64-with-glibc2.42', 'event': 'prepare_vocab'}
2026-06-21 21:47:30,218 constructing a huffman tree from 251 words
2026-06-21 21:47:30,223 built huffman tree with maximum node depth 13
2026-06-21 21:47:30,224 estimated required memory for 251 words and 64 dimensions: 368468 bytes
2026-06-21 21:47:30,224 resetting layer weights
2026-06-21 21:47:30,225 Word2Vec lifecycle event {'update': False, 'trim_rule': 'None', 'datetime': '2026-06-21T21:47:30.225268', 'gensim': '4.3.3', 'python': '3.12.13 | packaged by Anaconda, Inc. | (main, Mar 19 2026, 20:20:58) [GCC 14.3.0]', 'platform': 'Linux-6.17.0-35-generic-x86_64-with-glibc2.42', 'event': 'build_vocab'}
2026-06-21 21:47:30,225 Both hierarchical softmax and negative sampling are activated. This is probably a mistake. You should set either 'hs=0' or 'negative=0' to disable one of them. 
2026-06-21 21:47:30,225 Word2Vec lifecycle event {'msg': 'training model with 1 workers on 251 vocabulary and 64 features, using sg=1 hs=1 sample=0.001 negative=5 window=10 shrink_windows=True', 'datetime': '2026-06-21T21:47:30.225402', 'gensim': '4.3.3', 'python': '3.12.13 | packaged by Anaconda, Inc. | (main, Mar 19 2026, 20:20:58) [GCC 14.3.0]', 'platform': 'Linux-6.17.0-35-generic-x86_64-with-glibc2.42', 'event': 'train'}
2026-06-21 21:47:30,226 {'uri': 'random_walks.txt', 'mode': 'rb', 'buffering': -1, 'encoding': None, 'errors': None, 'newline': None, 'closefd': True, 'opener': None, 'compression': 'infer_from_extension', 'transport_params': None}
2026-06-21 21:47:30,650 job loop exiting, total 11 jobs
2026-06-21 21:47:30,696 worker exiting, processed 11 jobs
2026-06-21 21:47:30,696 worker thread finished; awaiting finish of 0 more threads
2026-06-21 21:47:30,696 EPOCH 0: training on 100400 raw words (59421 effective words) took 0.5s, 126377 effective words/s
2026-06-21 21:47:30,696 Word2Vec lifecycle event {'msg': 'training on 100400 raw words (59421 effective words) took 0.5s, 126087 effective words/s', 'datetime': '2026-06-21T21:47:30.696730', 'gensim': '4.3.3', 'python': '3.12.13 | packaged by Anaconda, Inc. | (main, Mar 19 2026, 20:20:58) [GCC 14.3.0]', 'platform': 'Linux-6.17.0-35-generic-x86_64-with-glibc2.42', 'event': 'train'}
2026-06-21 21:47:30,696 Word2Vec lifecycle event {'params': 'Word2Vec<vocab=251, vector_size=64, alpha=0.025>', 'datetime': '2026-06-21T21:47:30.696814', 'gensim': '4.3.3', 'python': '3.12.13 | packaged by Anaconda, Inc. | (main, Mar 19 2026, 20:20:58) [GCC 14.3.0]', 'platform': 'Linux-6.17.0-35-generic-x86_64-with-glibc2.42', 'event': 'created'}
2026-06-21 21:47:30,696 storing 251x64 projection weights into /home/m-adam/identity2vec/output/webkb_wisc/struc2vec_webkb_lp_wisc_s44.emb
2026-06-21 21:47:30,697 {'uri': '/home/m-adam/identity2vec/output/webkb_wisc/struc2vec_webkb_lp_wisc_s44.emb', 'mode': 'wb', 'buffering': -1, 'encoding': None, 'errors': None, 'newline': None, 'closefd': True, 'opener': None, 'compression': 'infer_from_extension', 'transport_params': None}
2026-06-21 21:47:30,704 Representations created.
