458 7363
4050 7154
287 3407
1327 6684
1527 2896
9 289
94 3665
1326 1420
2293 5226
3484 4177
284 7518
762 3168
5612 7466
1098 4548
4356 5601
1497 2340
1538 6589
4705 6796
3572 5007
36 1705
4033 4431
1430 6049
729 1500
1819 5012
4642 4763
1410 4585
1779 6529
6958 7137
3792 4712
1281 6796
4407 5741
5627 6297
3271 4427
636 1679
1221 6860
5202 7552
587 2186
1075 4325
885 6181
3147 4187
44 1258
387 1551
1256 6639
5756 6198
2705 5412
1619 2107
674 6324
520 2183
5716 7422
1602 1908
2648 3034
79 2465
2157 3400
1858 6839
2735 6248
2179 2499
3611 5718
3984 5422
5014 7037
2239 5482
509 5785
1750 3783
566 5930
5092 7530
2409 6493
4339 7037
133 2619
975 1743
852 3838
2992 6940
643 4415
4231 6508
4435 6314
2433 4355
3588 7621
1045 3813
2919 4931
1563 2217
6327 6578
114 1376
3954 6017
1285 1331
1789 2758
3447 4471
3680 5406
684 5748
4070 7551
5766 7534
1837 5441
669 3490
2557 5831
982 4476
2749 4513
6576 7003
1306 2297
4193 7475
2294 6117
3750 5963
4061 7418
1650 2825
5551 6702
3930 4631
787 3924
2778 7437
225 4794
1064 2503
1484 5218
941 7560
87 3532
1031 1753
1729 4504
1726 7273
4749 5697
919 7209
4904 5981
4743 5133
3424 3427
3307 6213
1242 5930
2242 4293
2833 6548
2710 4900
5665 7135
1830 4793
4480 6611
5272 5974
517 4772
613 4581
2120 2439
4786 6619
106 5229
1999 5318
1177 5289
3196 6230
308 545
3177 3661
3268 4373
1324 1468
363 2586
2194 6425
3919 5117
3137 6388
3868 5640
423 5852
6194 7457
6285 6632
954 5346
126 6181
984 7226
5937 6935
3420 6890
8 3671
2048 5896
2807 7491
951 7055
4578 7431
2744 4904
2114 5967
683 5270
3990 6908
4862 6870
3568 5553
178 6069
916 1853
1332 2930
1959 2386
6030 6967
1890 2040
1153 3666
5395 6028
4262 7021
3824 5501
659 4380
2192 4370
1623 4091
3149 4060
2246 5494
2486 3415
5565 7090
2050 4556
1350 3293
3449 6730
1642 7619
1314 2603
618 1737
5457 6746
3307 5462
6859 7143
3496 4623
1221 6099
2821 3036
5651 6246
3976 7300
1242 1928
3243 3954
1843 6929
1732 5297
1687 3115
5345 6957
636 2431
77 761
824 940
5307 6598
5176 5733
136 5243
1903 5793
2802 3583
2842 4362
1102 4849
1073 1780
3857 6419
3202 6097
5481 6160
659 4145
3555 3869
1633 6669
5351 6498
491 5857
4187 5460
724 3202
4378 7346
5134 7346
1220 2621
3546 3660
1413 2911
4959 7360
38 4472
5617 5813
2688 6321
67 7309
1608 3055
1960 7598
829 6814
3342 4991
5075 5710
5367 6262
1028 3757
1718 4218
2615 3950
214 1316
4982 5625
2939 4178
4791 7600
6820 7416
1811 6128
1027 7355
4342 6298
277 4314
1695 5642
2860 3135
3814 6412
1784 6128
270 4222
4809 5646
3063 3779
6740 6919
1297 1767
4842 7413
3677 5148
267 6884
2510 5887
1967 2501
300 7018
961 3641
23 502
2284 3174
1867 3100
2490 4259
755 1206
49 6379
2377 4738
2760 3760
5932 6569
842 6517
2334 5599
1651 5636
3170 5268
4188 5509
2463 4306
3973 6841
6674 6836
3583 4458
5976 7401
2366 5948
1967 7224
1057 1175
2736 3986
948 6528
3441 7624
1020 5432
5709 6757
1440 3371
720 1154
2273 5667
5092 7306
4783 7101
1045 4075
1272 6975
1161 5597
757 2233
2505 4720
1627 5451
3232 5454
3856 6446
1190 5785
874 1397
849 2389
2130 6345
4362 6935
320 811
4112 6748
3445 7540
3077 5083
5691 7071
4636 7119
6311 7134
6281 7463
6519 6746
6553 7041
141 277
5458 7335
4667 4827
5768 6780
4495 6784
1090 6745
5146 5883
137 959
6082 7257
2275 5862
1376 2677
2231 6761
182 7073
576 5562
4391 4903
2112 3653
1650 6019
4848 6067
2958 4393
1938 6669
640 1946
2379 6398
6481 7648
1783 7584
4759 6505
877 3603
5434 7432
2455 7342
930 5677
1540 3067
6078 7627
2476 6045
2224 6536
1313 7164
1558 1805
277 1877
369 3034
61 5500
3236 3406
621 7007
109 6126
3905 5055
1375 6492
5954 6261
4562 7304
376 7023
2879 4623
2730 5323
7053 7520
382 4665
4099 6366
59 5201
1294 7465
1413 1497
1415 5143
4144 7341
2781 6212
2221 4500
1311 3100
2984 4783
1111 1907
904 1585
1559 5503
327 3111
3492 7255
419 1536
2277 3339
3688 6435
532 6953
864 6590
1700 2489
4295 6292
974 2483
3966 5469
4124 6885
3510 4620
347 437
1819 7586
2236 2539
4549 5078
3223 4838
1270 6153
406 437
4229 7445
3082 6596
4678 6709
1512 6171
1179 2437
1285 2388
3078 7648
1946 3851
4231 6459
6511 7308
891 3201
1094 3550
2720 2975
1181 6031
213 341
1140 1199
3194 4806
3374 4279
4547 6699
5191 7635
3892 5801
4801 6285
2090 4232
1903 5263
1722 1926
2490 3417
959 5531
6185 6486
376 2933
331 4169
4680 5048
1873 2487
726 3335
2135 4428
1287 5903
2453 4189
1899 7187
3205 7086
4122 5761
4345 6756
1267 3531
149 5059
1072 3629
1724 5450
1904 2232
868 4626
3429 6217
2969 7242
3953 4168
1177 5327
3323 6168
6902 7124
3984 6942
1969 6414
2863 6206
1527 6437
3099 6787
4227 6647
4313 4687
53 6021
141 893
3910 5216
3655 4034
323 1980
4852 6207
3166 3628
3557 6134
1664 4499
3017 3560
4013 7289
66 6438
5282 6098
132 4525
1250 4589
4763 7217
4187 6453
1291 2552
5038 7334
408 1122
2359 4995
604 6748
890 4078
4815 6555
1026 4591
3895 7014
2483 7471
1009 6224
451 1679
2275 6331
965 1765
208 6132
1568 4472
338 1621
874 7009
3190 4804
192 5178
5494 7515
2329 6642
3569 6796
5836 7514
670 1679
738 6402
2728 6445
4245 7481
1015 5225
339 3748
2759 6751
1411 2247
2847 7614
4350 7127
4494 7247
4211 4606
1800 5425
2342 4821
4000 5680
2307 6994
2450 5306
251 3610
3426 6764
785 4111
6112 6463
1831 4288
1101 1448
2956 4209
2054 5623
396 1727
2734 7042
1462 7257
4505 6282
6195 7010
3474 5064
6067 6525
4324 7605
3894 7008
648 4438
2658 7331
4711 7108
3639 5611
6895 7493
193 6981
3889 5966
369 6340
3589 3935
1023 5357
1179 5461
2130 6052
1645 6469
897 6919
4296 5486
1353 1699
1661 5689
614 3388
3943 4181
2894 5452
5253 7452
3476 3943
4744 6919
853 3480
1433 6743
3119 3718
843 6509
3915 5406
2439 3013
3781 3922
3449 4695
2836 3644
2830 5686
1805 4965
1511 2548
1057 4254
4253 6950
1602 4675
2788 5514
2835 6995
267 422
1150 2726
391 1055
1342 7451
169 4737
4208 6127
4104 6765
3628 5628
130 7356
1201 4396
206 5364
1423 6285
1056 7597
607 1874
4705 7040
1829 2224
441 2654
842 7404
3748 7487
4692 6765
3449 4284
1121 3417
2085 2979
3027 3955
1625 1939
5835 7410
255 6549
5502 5603
2651 6225
2512 3477
1962 2799
3315 6485
3537 7158
17 6481
93 3979
4346 4556
4244 7306
2372 4734
1747 4420
920 1774
882 6875
1878 5431
2389 4723
5371 7499
1183 6740
884 4406
3529 6040
2217 5110
5070 5183
1899 3140
2677 4678
2300 5749
3997 5729
479 7226
2907 6168
2781 2822
907 5451
4586 6360
15 4041
2242 5926
592 7257
643 2411
678 5735
5247 6054
2219 5953
2331 7347
2483 7387
1931 6556
695 6339
3669 4431
2856 6253
3970 7020
1646 2532
3580 7139
4719 6725
990 4338
2201 2435
2276 3497
6077 7240
4217 6408
687 1558
1942 5301
1404 1896
1507 6932
1813 5290
2303 4819
4403 6487
5492 5693
2086 4686
924 6551
2668 3635
5232 6965
2387 6600
5628 5836
37 2954
5916 6067
389 5532
5588 6910
475 6503
1591 3377
1239 4225
1377 4709
6797 6798
2539 4722
3019 3050
1147 3513
729 3003
3512 4164
217 6096
1515 4665
611 5618
1101 1411
2726 6709
1503 1616
473 6804
954 4247
4402 7593
2714 4668
4621 7454
136 4034
2671 7430
3747 4331
4710 5025
1880 2367
1483 3338
2963 5095
1998 3317
4457 5593
1322 2773
4118 4359
5069 6606
1184 4433
2349 6919
5042 6002
3195 6510
2638 3901
6911 7075
1997 2580
826 1832
3323 6787
1612 5625
3091 4463
1560 3859
3087 6436
6006 6287
1065 2210
5572 6074
2066 2161
4678 6209
178 7569
5535 6986
451 844
1658 1827
2742 4555
5758 6161
3364 4486
2351 6810
5240 7457
3481 5572
1268 5668
1969 6587
414 4853
3979 5924
3372 5495
3765 4463
3878 5793
2016 4413
5339 6386
559 4291
3819 7558
5359 6960
429 2802
615 2159
2742 4172
4205 4657
3856 5493
1221 1697
587 887
708 2623
2852 4693
1581 6424
2977 4238
1526 4955
3357 4645
60 3507
6462 6543
2004 4000
4451 4892
454 3790
1415 5852
243 1831
4458 5003
2070 2886
395 5640
1601 3350
4169 6371
2021 6866
3460 5895
6171 6840
2383 7068
715 6074
3605 6826
3974 7012
1262 3905
3662 5432
4726 4754
1168 3375
3111 3352
1040 2167
1052 5381
1489 6150
4116 7606
2342 4929
2780 5832
4231 5941
2470 6385
619 2384
3417 6417
42 6502
4343 4995
549 2855
3959 5277
5266 5351
1357 5021
2163 5293
5262 7465
1000 4011
2003 4069
3592 7313
5374 7560
6706 7155
3533 4760
3480 4576
3691 5633
1462 4778
4298 6949
2202 3353
87 5271
882 1910
1966 2909
1163 7087
177 7576
906 2520
1407 3912
4014 4366
105 6853
4314 5239
6122 6587
2252 2625
3570 6939
1498 4716
5401 6330
6731 7102
411 2379
1948 4066
608 2947
4459 5533
2926 4085
2090 2993
1986 5922
5360 7075
3957 5946
1555 5460
3637 7055
5608 6413
1241 3382
6599 7390
64 5178
1591 3207
2308 6518
1710 3039
969 4185
876 4736
2452 7606
2373 4489
1367 7493
1631 3347
2366 2878
5894 6857
3898 6077
2767 3693
1092 6969
5787 6679
2740 5134
6881 7253
2185 3720
1982 6488
908 7468
201 5112
724 2281
4814 5690
2326 6553
3201 4827
1538 3983
1465 2429
550 5030
4962 5144
1401 7022
1831 4143
705 3041
2154 3827
3906 5077
5378 5533
3153 3435
117 5975
5405 7102
1920 6295
392 6184
6160 6745
4294 6707
1327 5973
3214 6344
1826 5980
5061 6696
1034 2894
503 4185
2962 6884
2723 5218
2246 6933
2905 5504
721 4102
5219 5567
484 6975
1338 6889
3644 4125
6010 7097
223 6414
2156 3143
4226 7218
3148 6871
1358 1536
5860 7064
141 7502
198 1756
3198 3339
4222 5516
157 6871
1750 7627
1730 5489
3100 4359
1452 3311
3503 4006
1420 2958
5362 5633
1718 6460
4383 6772
1169 6771
5766 6468
3300 5279
5692 6671
1319 3616
481 7497
739 5604
652 6923
5629 5666
1914 1935
4846 6277
3566 6356
3570 6075
3010 7405
3077 4564
2834 5649
4598 6009
1571 7495
1271 5045
6458 7115
972 4038
5895 6170
3263 6485
2629 4740
5142 5339
6417 7374
1260 7616
5171 7501
1231 5095
5366 5989
2487 7559
1880 5836
1054 1823
4585 6742
3226 5215
2277 2722
1432 3895
2084 6142
968 981
890 4124
1971 2740
1163 5808
352 1988
3518 4619
631 3516
4236 7172
650 2029
1030 4183
2965 5680
1613 5052
6027 6968
1529 2892
1931 6393
5169 7448
3719 4121
6 7289
81 3381
853 6590
4810 5729
990 7048
3493 6654
213 2392
638 1881
896 2810
3202 5492
1580 3563
1402 6895
557 5380
422 1134
2992 5993
2779 7221
5310 6857
1165 1330
6094 7472
1149 2802
1035 5132
853 1861
4627 4868
166 3768
1426 1557
1154 4505
2872 3691
1710 4927
2649 5619
1791 4308
2743 5251
1295 2481
1261 2214
4893 6592
374 4067
7083 7434
5415 5949
1749 2456
507 6267
612 1408
1019 2133
1530 5315
2361 3763
1990 6676
445 6217
3502 6918
1852 4005
3496 4325
179 511
186 6075
3278 6906
1962 3498
2711 6505
3321 7302
2280 7029
2600 5503
3702 4672
3502 6611
1174 5362
4506 6083
3878 7218
3037 6981
4998 5563
2772 3449
4288 5972
5045 7430
2517 6894
1569 5570
4150 4548
1913 7643
2050 4597
6249 7546
5728 6441
849 2655
2626 3572
4404 6551
117 3541
409 2864
577 3506
1097 4288
411 1230
5913 6723
7325 7331
7216 7263
4038 6661
3937 6744
7138 7515
2386 6800
5542 7449
3829 6106
515 6403
555 6594
6005 6790
2650 4069
1554 1959
518 6535
434 1841
5349 5908
642 6884
3748 6793
284 6049
594 6049
1159 5180
1006 2137
3041 4695
2190 4433
410 5227
1682 3304
461 3453
3540 5782
594 3201
813 2880
1528 7387
702 5169
131 7516
1526 4450
4981 7285
46 2178
794 5971
4910 5163
1280 4327
2037 6819
1961 6327
579 5094
3438 6467
707 1077
5493 6371
3034 4496
4158 4666
1143 5481
868 6587
142 924
2385 2773
4507 6256
2151 7324
656 4359
1447 5668
3360 6776
802 2510
5215 5568
4614 5760
3557 6303
6175 6577
5471 6248
757 7534
2234 5414
5104 5257
2057 4183
2276 4235
92 1984
1390 2684
854 5486
4219 6741
6934 7105
11 5265
1184 2163
4849 5798
1618 2794
916 2418
2648 4164
3947 4958
4786 7385
3502 6269
2185 5413
1057 3445
3073 7405
627 6199
1102 6025
1335 7579
249 702
1033 5603
1978 6363
2752 5381
3693 4214
1345 1795
340 6294
888 4208
3493 4403
2413 4581
4083 6394
235 6445
5947 6049
2246 6617
4286 4571
1153 6185
3072 4257
5927 7071
1174 5126
2069 7330
3763 5059
23 6297
1566 4303
4058 4918
874 3611
2085 2665
6046 6373
3431 6434
332 6405
5809 7474
3530 6215
2491 4103
3633 6193
366 6079
5646 6904
3084 6632
4152 5804
573 4565
2181 6083
783 5632
1024 6536
1162 2987
2894 5186
2323 7391
391 1174
904 1823
1034 7311
2970 5284
3338 5790
391 4075
958 2585
378 1014
856 6264
5384 6817
1500 4758
1177 1517
1171 2612
2095 6581
1869 2700
5611 6378
5653 7191
2146 2862
2579 3427
5029 5369
518 610
950 5056
4857 7483
1559 4958
4618 6814
2 1395
1798 3628
3276 4874
118 2102
5361 6836
739 2020
1486 3107
255 830
1917 5269
3212 5695
72 7278
1609 5313
2099 6682
24 4536
7448 7578
2149 2810
1666 6899
621 4894
4710 6583
145 7607
3545 4812
1330 3689
121 1538
116 5470
1804 2862
796 3963
1595 2137
52 1385
1882 6213
5413 6518
1013 2764
165 2908
3289 4774
574 3427
296 3671
285 7159
337 3426
1182 4137
3537 6671
1760 3895
3011 6133
6503 6810
3063 5609
4936 7325
1418 4700
900 2770
672 1682
3657 5532
2445 3392
5580 5766
1408 1511
3300 6494
97 4910
4769 6433
2659 7000
2897 6361
900 1277
1038 6522
3527 5010
3739 3961
1905 4599
5014 7240
942 6006
1105 3659
3427 4830
3535 6595
846 5125
2020 4480
1562 6721
1385 5365
1337 4236
975 4799
1179 2891
4496 4788
5723 5783
1816 4324
2472 5344
933 3045
357 1203
874 1253
2959 4777
938 2678
1726 2284
2693 7603
1052 4099
5191 7361
979 6790
318 4727
1202 1300
1356 5375
3264 6759
2710 7549
1656 2610
2828 4546
332 4739
1519 7649
3379 3808
3316 7404
1835 4869
1928 6460
1018 2927
3940 6833
4179 6073
3858 6829
894 5976
1107 7185
2820 7147
236 6647
5133 6802
2183 6180
3290 6570
2407 4597
273 5581
1451 6073
1621 5109
1912 4446
2383 2552
4098 7567
493 2530
1157 6018
884 2981
1942 3069
1391 4178
2066 7422
3164 6406
2852 2968
2774 6709
1127 7044
4331 5441
3430 6195
3890 6470
964 4800
1114 3024
1750 3765
790 6427
3345 3538
4360 6706
4242 6972
1570 7582
1083 4964
2937 7171
49 3898
142 3288
2280 5634
5099 5114
4402 7268
193 6195
3277 5991
1117 1904
6838 7178
3151 3904
4667 5085
795 2251
194 3824
2845 5014
4738 7405
5724 6407
1946 4565
2422 6452
3379 4803
2436 4247
1768 3546
4042 5980
5503 7230
136 7342
168 777
566 3577
2689 4533
5960 7204
1785 2340
2892 3989
3428 5904
2043 5042
928 1713
2714 3944
2585 3770
4790 6102
137 2698
5502 7528
952 5540
409 2375
165 412
3019 6777
2398 6080
4630 5653
2615 3035
4494 4853
838 3541
2129 4229
5233 7173
6415 7223
4920 6165
1170 5322
554 5571
359 2338
2886 5406
1241 4661
4746 5097
3697 7051
346 1313
3960 6704
1130 3545
2049 5206
3014 7632
3973 6518
1196 6308
3541 4732
1036 7379
2125 5937
881 4102
1471 5499
3190 5812
5443 6523
1865 2794
2247 3039
4788 5475
2288 3995
4014 5323
234 7183
1443 4047
3779 6077
1934 2991
468 604
543 928
1067 5469
1873 5904
1078 1103
4549 6589
750 7431
7331 7422
1347 5185
3496 5069
3664 7276
7017 7365
1512 3798
3831 5768
6392 7025
3613 5994
3315 4545
3140 5539
2071 4006
513 2557
777 3381
3138 5086
4156 4926
4193 6905
1068 5527
4929 5677
1898 7553
4801 6883
5542 5903
6523 7599
878 7504
5709 6730
2485 3030
1664 5001
4054 4872
2908 7418
1903 6547
1593 4961
2339 6482
1066 4105
4033 4694
667 5871
1808 4706
824 958
4703 7286
2167 6076
4117 5733
2393 6889
2680 4713
2447 5581
2271 5458
64 7546
793 3518
1034 3825
1629 5004
5081 6843
1514 4035
3024 4451
4841 7617
1447 7025
1129 6121
2491 6893
40 7484
2853 3741
4424 6168
2471 5152
7132 7307
2529 3816
1145 6196
1468 2160
220 1744
5470 5962
1273 6769
4765 4970
1990 4318
4262 6151
3532 6454
2102 4307
4197 6765
713 3737
95 7102
5492 6434
1003 6388
491 7302
1434 3125
4160 6332
2500 4604
2287 5443
4502 7326
4961 6331
2847 7394
3980 5772
3519 5180
434 4203
5138 5174
755 5469
5497 6733
3050 5613
1102 4008
1425 5564
6147 6614
454 6074
5339 6204
2546 5086
125 2673
5146 7331
1940 2473
3155 7042
405 7363
2835 7030
1502 7329
1730 6607
2973 7466
6474 7218
1078 6096
3376 5572
6672 7483
2695 7014
3011 7116
30 2418
4756 5828
1201 4706
3937 7481
3619 6934
4550 4777
4873 7209
1522 3944
2979 7543
6072 6473
389 7193
3367 3665
306 7309
5937 5951
2529 2577
1263 2059
2886 6206
544 5910
2548 6776
1565 1619
2013 2765
2710 6145
5896 7053
1056 6878
4792 7415
4337 7551
2208 7376
4695 7612
863 5783
1883 4452
2512 6395
516 3906
3454 4789
3508 7277
2182 2660
1998 7286
113 4077
290 3822
2913 4151
2274 5229
6314 6979
2037 3664
377 1434
182 1832
2344 3895
4092 6678
1398 4489
923 1078
2536 4319
605 5825
5980 6716
3523 4022
2115 5291
2212 3895
210 2489
3583 5377
4122 7503
2089 5577
4088 5988
200 1921
2836 3545
2140 7223
5790 6358
203 7169
988 2579
4420 5277
597 3102
1874 3823
1749 2800
377 3715
204 3814
2305 5229
1742 4893
486 3320
5183 7213
214 3133
7017 7364
2178 5939
260 6558
3136 4100
1000 3532
3266 3985
4315 7103
2845 5190
3550 5349
5852 7326
1377 6899
5136 5772
1766 2059
3430 6114
5315 5403
4753 7424
4493 7321
860 4854
3786 4489
4011 6320
4240 6931
307 1722
1712 6732
489 4286
2886 5719
3861 6475
659 6153
4417 4673
3831 4667
5218 7273
3333 4092
6590 7216
2132 4796
689 5982
3922 6637
2244 4251
5023 6014
2553 4869
935 2926
1323 4706
1431 1891
1949 5333
1977 4368
2366 5489
4562 7176
3389 4754
2607 7614
5689 6647
1685 7138
3081 4699
1708 2061
3075 5820
239 6377
1428 3413
5938 6620
613 7044
2574 5852
863 2473
314 1494
1516 2209
430 4355
1611 3917
818 2859
1089 6273
1566 5671
2797 4139
1934 1958
248 2979
4692 6210
1249 1705
860 4245
496 5436
88 6440
5266 7582
2312 7373
3998 6260
6614 7417
13 6051
1389 6575
1174 3540
4321 4747
6543 6623
822 5661
161 5683
1929 2797
1629 5000
370 709
6033 6431
4380 6128
542 1717
4060 4477
1401 1500
4415 5097
3762 6483
2939 4004
177 4018
3190 3811
469 6713
2132 5861
777 7570
3520 3544
2184 5430
4065 6317
1202 6402
546 2770
5724 7410
2827 6651
538 2777
227 3368
5644 5726
3853 4232
2688 6567
1286 3883
171 6984
380 5582
6355 6645
5371 7131
1916 4482
4204 6094
3438 5308
879 6053
1060 5391
2354 6443
2922 5319
3820 5475
1007 7619
6923 7172
984 4267
3619 4869
1586 2025
113 2117
1980 4416
2412 7146
113 1451
1946 5491
785 6548
1689 6000
3246 6303
2315 3513
320 6003
6064 6230
2051 2872
1317 2985
1130 1492
1456 2119
2602 2607
2405 7521
947 5755
1476 4769
5837 7338
608 3389
1224 6437
2489 3744
854 4917
280 6652
5691 6047
561 4705
3024 4411
2908 3507
2832 5359
1049 2467
710 1841
1446 2671
605 3713
950 4087
1636 5623
388 5671
2565 6652
4617 7011
2234 5873
3456 4073
4538 4746
1914 6014
1210 3606
1001 2392
5302 5996
3949 7219
4874 7141
289 2831
2551 5473
18 739
37 314
304 4188
865 1167
1304 5173
4982 5885
1738 3316
781 1989
711 7212
2170 6961
3706 4568
722 5974
1388 5705
2680 4821
1759 7365
36 3037
851 2105
3739 7014
4507 6558
2714 3408
3314 5467
2390 4944
4582 7494
5837 5916
6463 7232
1373 5723
1955 2758
5773 7091
4060 4737
5054 5503
2556 4769
4391 7348
4881 5515
504 5729
4873 5812
1580 4454
4739 6407
2034 7295
4237 6748
1787 6437
1759 3461
821 852
2337 3547
5864 5881
219 1814
5421 7096
2471 5170
57 6166
1752 6404
3839 5832
2414 3036
1237 2265
210 3477
5665 6904
3457 4324
2104 2359
1091 3306
4707 5883
5303 5905
5790 7490
2319 2628
336 2815
3458 3682
1759 7001
1635 6750
688 4670
3614 7309
4294 6669
400 7094
1342 3562
1747 4257
630 4751
114 612
1642 3454
5969 6873
3429 4930
2335 5260
304 6763
3072 7257
1084 1811
992 2874
44 2399
3872 7022
2179 3645
2155 5954
1236 4652
935 2512
771 6128
3469 6592
522 3611
2197 5522
1394 6777
3732 4249
105 2971
4340 4534
1211 6631
773 6842
5247 6899
524 3207
2481 6682
2451 6340
5431 5727
2561 2661
4189 7029
1732 5688
5090 5352
1494 3564
4720 4975
1518 6700
244 3131
3334 6563
342 3112
4114 5588
720 2962
2076 3918
2481 7259
158 326
223 6923
340 2705
2332 6516
5146 5886
1981 2521
283 3341
1540 7351
1211 1663
358 3421
4625 5851
1002 1477
439 1051
300 4163
603 1781
598 4397
1969 3817
192 6975
807 4545
1197 2312
920 3945
5326 7517
3541 3655
1420 4143
2837 6142
590 4406
802 5589
3658 6240
2179 6436
4033 7415
651 5669
589 2635
654 7579
3460 4301
5566 6179
5241 7121
1996 3423
1137 6164
2566 3804
4174 5461
3249 4468
4434 4598
3428 4345
5730 6165
6319 7210
2078 3179
832 6448
1350 5044
839 895
1070 6839
1151 2526
238 468
4062 7060
1590 5623
1306 5706
3279 3505
484 568
4450 4731
1142 2987
273 5286
173 1185
169 673
1539 3936
1041 5165
2372 2896
1308 4460
836 5504
216 2737
714 4247
2735 4450
935 7276
1527 4849
4011 4686
5035 7573
4788 4939
2697 4282
2554 6280
1490 5212
1620 2184
1881 3204
2333 3177
3580 5079
3942 4805
161 4553
1921 2997
1482 2340
5814 6365
2693 4704
33 927
5452 6554
1642 7375
1731 5258
2380 4227
1695 5081
182 6671
5205 5496
372 3916
1227 7612
2541 6843
1585 3502
1420 2787
1696 2159
4908 6619
3469 4732
760 2743
2121 4686
1868 4730
2788 5621
2610 3081
3545 6111
4961 7501
2010 7336
1525 5071
6717 7415
788 1135
1251 7562
1520 3636
3224 5967
1763 5033
1628 6239
1638 5733
5609 5610
3193 6835
571 1718
1002 5456
187 388
2292 7338
3617 5726
1360 2507
59 6997
2396 6865
1350 3488
2387 7575
5684 7649
7073 7372
1418 4767
2682 4515
3156 7447
210 4554
5050 5945
1204 5468
4978 7022
1736 1824
5639 6733
5182 6067
4292 5881
1990 3985
4074 7012
2721 4183
1859 5581
1149 6395
4209 7583
1187 3743
6771 6958
2487 5851
1157 2759
1195 2661
3171 7523
191 6318
2368 5346
1362 6641
6378 7509
634 4641
6017 6293
1339 4146
1239 5311
279 1343
4396 7198
3976 6996
3952 6905
4205 7005
5922 7551
2484 5378
5260 7415
1884 4647
1594 4472
1749 3233
1448 2680
5263 5512
2877 5407
2478 4339
2074 2224
826 2629
2219 7614
1813 4589
1697 4000
342 7297
1546 4949
6653 7032
2092 4653
6867 7209
6036 6763
313 4269
648 6547
2055 4948
3739 6218
3891 6229
2531 4128
839 4138
1958 7351
813 6521
1241 3180
807 1788
1061 4890
419 6912
462 1657
2942 7632
3229 3611
978 4416
5783 7364
1601 6266
1593 4691
1426 1747
503 3656
61 6263
4017 4344
850 6249
4414 6377
4496 5884
6833 7137
1521 1566
4194 5069
3755 4820
2135 6760
240 6024
5082 5726
2092 5260
3167 3904
1297 6727
315 3081
2312 4713
948 6659
5427 6453
252 443
480 4946
3894 7251
5038 7341
4743 6914
5574 6077
2226 5580
1890 6282
6151 6184
595 4041
991 2941
5916 5996
3951 5583
1041 1917
496 520
843 4580
2392 7352
1783 4607
7165 7491
1264 1753
1260 1650
898 2188
3538 3592
1329 5930
2172 3445
1996 5612
3654 4497
2530 4545
5256 6660
654 2472
51 1112
2991 6022
2444 7031
2689 3738
2075 6105
1131 3021
3070 4187
653 4652
3729 4433
389 1956
4056 5851
3777 6575
2544 7492
3069 5291
140 413
4460 7142
460 2932
6494 7348
4847 6102
1163 6689
806 6077
3648 4877
393 6069
85 2538
7178 7462
4022 4388
4941 7646
194 5735
2268 6887
5098 7201
3710 4971
3995 5458
4159 5250
2161 5414
3302 6492
2045 2295
251 2801
1221 6915
44 4816
655 6680
168 6536
2916 6773
794 3907
775 837
1011 1215
118 6450
210 4559
3068 6053
728 4843
2402 3844
4415 6579
277 4997
2301 6199
3559 7113
1080 6968
1692 7495
3986 5750
683 6450
4570 5024
4507 4625
6074 7283
792 4465
4978 5642
2485 6067
4291 5976
2869 6091
920 1039
4805 5999
840 1720
584 7450
772 5960
3667 6836
3976 6266
3889 6859
738 1834
4309 7430
2786 6628
1060 4090
2460 7546
433 7309
7201 7613
1491 5109
6601 6895
1024 1894
1436 6763
555 1318
1647 6477
2533 4469
590 1570
2552 3242
1529 6229
289 3540
1512 2441
6675 7589
4492 6423
1819 6870
807 4009
5746 7607
977 2558
2420 2537
2251 3593
529 3039
1439 7549
1557 6960
3496 3539
1189 7096
4773 5181
763 1316
356 1842
284 6735
4193 4239
752 2651
3997 4515
1373 1463
3655 6924
2035 6097
750 3745
301 3131
1559 4745
1503 3556
857 5122
394 1444
513 6320
4331 6619
981 5300
786 7382
1023 6371
1360 6406
2302 4368
1143 2356
108 7251
470 2891
588 7423
1005 6626
554 2873
1649 6082
2209 6102
1985 6128
1791 7089
2610 3967
5159 7514
1877 7265
506 5525
3874 5562
571 6677
5235 6818
831 6110
1183 1718
6189 6419
3006 7418
1255 4532
820 3692
577 2382
2039 3912
4856 5771
2730 4789
2685 5778
471 7055
82 5607
2396 6832
797 6849
1970 5430
5397 6460
2279 2662
1087 2803
346 2569
162 1608
6292 7316
4157 5105
544 3476
835 5853
5054 5750
4360 7459
2817 4631
1728 7353
4852 5198
269 4879
1475 2250
5559 6815
3750 6247
3366 7472
4735 5159
2736 7313
1894 6550
900 3641
4610 6408
2003 5577
3958 5164
888 4123
499 510
3397 4417
5686 6243
5520 7509
1772 3049
4874 7316
4463 7135
1459 4721
2516 4655
4809 6188
3026 5938
144 5220
3971 7511
2040 7105
3296 7107
5076 7391
3835 4523
430 5749
3294 4428
3051 7207
2613 6161
29 3791
718 5318
777 2094
436 7068
2665 2813
1707 6839
7378 7482
1101 2323
530 5242
3535 7590
7470 7532
3701 7493
5634 5720
3297 3466
2843 6461
469 2163
540 7575
209 2433
4963 6381
1179 1380
1491 4516
459 6137
1407 1808
2934 6805
4355 5175
3316 5970
4937 6934
897 4278
4595 6656
364 7027
327 7383
2099 4075
3707 6031
2132 2804
1554 4221
778 5981
7026 7266
1632 1752
4089 6171
1689 6581
6492 7045
1591 5150
1546 1989
245 1346
3723 7397
5845 7314
3286 5650
345 3154
1299 4244
1386 2105
503 7102
2856 7500
562 5231
3337 3792
3699 6983
4294 6293
2600 3588
4943 5615
2240 3477
17 1191
6801 6937
169 4126
1802 3573
5143 5911
604 4920
560 4663
3557 7527
3992 6667
3498 6861
3035 4400
2016 5228
1410 1568
2523 4209
1860 4388
722 4296
3132 6535
1436 1749
4065 5675
1045 7432
1512 1835
3147 3642
2219 4672
746 1883
193 5541
1440 5098
1540 1598
4878 5025
278 4861
2607 3774
5325 6881
2434 6104
3884 4555
3900 4223
2229 2732
6285 6753
921 7030
3887 5016
89 3630
3806 4158
3493 4564
830 1736
255 1011
3844 6541
653 7541
2565 6293
46 5214
423 2440
3507 3591
3394 4742
523 4119
5971 7515
4473 6275
734 7305
2972 7636
118 2486
1091 6750
772 5050
3497 3859
4300 5118
4132 4271
31 161
6403 7300
5219 7393
1621 4494
1814 4312
4911 5770
2947 5243
2229 6817
149 1319
2240 3216
5445 6376
1233 3948
341 4540
5893 6647
1304 2455
1237 6901
144 4424
5692 6605
4907 7623
844 1648
1664 6040
2572 3797
537 1241
4785 7275
104 2549
3431 3577
2405 4512
2822 6120
1035 6784
833 3597
462 3385
2849 7329
2208 4324
816 4028
4179 6098
1121 2892
1584 6128
407 4206
2046 7032
5141 7423
3835 6777
2948 3317
3761 4279
1553 6205
4573 6291
4614 5181
1839 5995
222 1772
2944 4791
4233 6409
1845 4222
5024 7002
2181 5908
4483 7065
6695 7071
2447 3585
1499 1766
4218 5404
2560 2855
2184 7365
1379 5934
130 5438
123 2077
3840 6558
158 346
2728 3761
561 876
163 2625
1550 1864
3999 6612
1798 4329
3407 4543
2288 4228
891 6443
1627 5424
2032 4291
3577 4576
2811 6454
3 7194
3962 6358
5114 7443
517 5884
3786 4357
1091 7292
2216 5378
481 7401
1479 2036
1796 3925
402 5827
4841 7020
1992 6472
1796 4574
2803 3414
973 5047
3323 5143
5503 6270
2692 5041
1587 1639
784 6718
4868 7418
2118 6990
2234 6065
1724 4158
566 3176
1122 4144
1338 6967
4493 4696
2997 3541
1479 6020
316 2794
909 2701
492 4818
1157 4311
586 3110
6047 6237
3445 3569
2946 7538
3899 6362
1304 3542
110 4837
1465 4710
5825 7606
3769 4094
8 2017
1565 4567
1620 5659
3160 3222
194 7621
2543 5859
1091 6165
387 3416
2295 6119
5365 6128
258 3772
32 1185
4499 4633
1824 1860
1775 3118
18 4950
1809 5515
6034 6918
6531 7346
1034 2161
82 905
0 6451
338 3803
3588 6687
885 1668
92 1615
706 2420
70 1898
4303 4694
4114 6197
5666 7144
4545 5870
3451 3769
940 4941
3599 6485
3423 6522
405 5762
1054 7569
1537 1607
4104 4284
1187 6915
1341 3838
6490 6797
2292 3590
450 5360
1160 1565
1677 4940
1956 7551
4317 4545
3440 6019
1182 1630
4284 4685
2446 6155
1962 7237
1151 5539
2667 5901
3825 4016
550 3976
2912 6768
1505 6965
6625 6688
5914 6988
2835 2915
773 5691
5900 6623
82 4540
3073 6128
159 1233
2111 7536
6289 6621
265 2747
2849 4003
1610 1707
2396 2506
908 5990
5793 6027
3989 7432
195 4824
1812 2640
3193 6157
920 3122
5583 5693
3995 4325
3861 5391
1376 2501
6620 7298
1840 6623
4947 7517
1722 7114
3973 7106
2747 3217
1590 6980
1751 6403
119 5531
1484 3348
3895 5495
3113 4680
2768 3458
524 6513
4580 7502
1727 2822
5844 5911
4017 4139
2512 4638
6946 7446
133 5295
2995 7552
578 3376
1884 4833
4160 5404
3020 5048
94 5403
4434 7120
4074 7597
1846 2751
881 5338
6277 6509
372 5858
4554 7374
3575 5991
1568 2551
1057 1762
1744 4715
2278 3970
4723 5931
3172 6610
5062 7271
1954 4894
3083 7366
2335 3167
6075 6640
3187 6178
5953 6917
4012 4273
2221 2738
1099 4907
3237 4716
1776 3812
1140 1640
1122 3164
1592 6488
1716 2812
2995 6570
4644 4806
4017 5419
373 1743
82 6562
1484 2060
2119 6635
4886 6166
2880 5645
4489 4663
1997 2659
3886 5327
1741 5832
2254 5513
278 2064
691 2940
970 2362
2856 3138
3217 5030
5726 6469
784 4101
1416 5286
327 3715
140 4611
1917 7495
4 3427
384 7394
1651 3145
2264 4103
1851 2771
5728 6269
1367 5768
439 7128
186 1784
5926 6495
2709 3505
1659 6061
2663 5264
3265 7402
2850 4982
4704 6654
425 4193
6175 7645
5782 7440
1896 4989
4265 6461
1898 6907
1145 2517
1690 3095
1330 3040
662 5978
2976 6109
534 645
2534 3799
2718 3236
5139 5872
246 2665
2234 3385
1095 6650
115 3436
142 7628
2301 5751
121 4203
5885 6967
2471 3444
4986 7006
2698 5767
4934 4949
3377 6136
4477 5224
3687 6234
5261 6090
380 5619
3389 4245
3009 3060
3894 5377
5060 7258
216 1844
4502 6908
6256 7328
1363 3102
420 937
3050 4867
5381 7564
604 3560
866 3815
732 6278
2504 5615
6205 6978
208 2146
427 7510
2133 4999
163 1037
411 2770
575 5318
6629 7123
5225 7147
4504 7649
2555 5248
3015 7239
4607 6351
3647 6034
3771 4935
4490 5423
3281 5989
2954 6371
3815 4790
1086 6080
2294 6961
635 2099
3176 6843
791 5371
773 6989
99 2208
5263 7200
3849 7395
1486 5868
5059 6341
2976 5468
382 4646
4311 6520
4650 6077
1830 4815
3413 7352
2610 3074
3237 6998
2945 5708
5078 6465
1917 2795
2791 3115
2265 3941
1174 4345
3457 5437
3153 6774
46 1011
1577 5119
3232 5253
2131 4738
1135 4874
5085 6578
1814 5379
4344 5117
5717 5920
4031 6698
1207 7559
3984 4273
4626 6076
694 6246
431 4698
831 7428
794 3019
2259 7636
2153 3188
1862 4272
4584 6233
1269 2699
1518 4909
4968 6737
2049 6330
2170 6425
3690 5818
5989 6600
1918 2414
3738 4829
1023 4468
2441 7200
4854 5626
1179 6160
4188 5683
1798 4704
3615 4834
3595 6604
2707 4597
142 2036
2529 7614
2052 5432
4143 4341
1274 5955
395 1611
2512 7101
1920 5835
6104 6381
6508 6519
2696 6621
965 4000
3416 3809
1463 2064
1052 4758
1761 7026
3500 5844
1584 5439
5086 7150
1620 6281
4912 6967
6047 7632
1229 6107
5967 6246
2118 7066
3626 6778
3823 5938
1150 1885
1335 6866
2028 7310
1027 5080
1041 2547
1113 5556
1878 6889
1924 2370
99 451
1251 4415
5838 6581
1873 4335
794 7086
1712 2874
2526 4634
2041 4306
2191 7044
788 2892
1841 4433
520 4659
2597 6842
2908 5799
87 3934
1209 7178
1631 2111
5189 7374
929 3358
3796 7513
23 926
922 933
5919 6994
1754 1795
3040 7277
45 1764
5125 7437
17 5956
546 647
4485 7230
6504 7525
1945 3191
1497 2585
1299 3676
3802 4488
511 3909
3930 5616
2587 7209
1648 4341
273 390
1680 2304
4478 5150
6524 7611
1261 4912
477 2659
261 6794
3732 5270
257 6478
640 1335
2325 6929
4707 6481
278 7576
1080 1192
933 6808
1578 3718
2333 4868
3290 3387
1371 3541
289 2891
102 917
1150 3098
3744 5764
3845 6504
3185 7237
550 3462
3809 4182
4890 5297
5122 6914
3314 3391
1932 2685
43 1276
2560 7004
3514 7320
324 1882
880 6337
5617 6179
281 975
1107 1339
5731 5894
95 4995
5031 5784
1383 2299
4021 6538
2826 3722
1457 4011
1615 6063
2537 4083
2629 2863
5133 5257
1607 7477
3219 5499
2615 6424
6082 7314
778 4379
344 6302
2680 5633
4845 6402
1418 4981
5347 5438
2234 6970
604 2470
3175 7514
4884 5110
3716 5869
727 7296
3197 4647
3947 4259
994 4780
702 3032
3621 7614
3099 3632
4049 4368
2061 2295
440 3121
1020 5105
343 7354
55 6714
2310 5109
2546 5322
2191 3149
2464 6808
2274 6437
1674 6618
3122 6626
480 6508
3064 5869
185 4622
2607 3762
997 6905
3850 5113
233 4815
76 1606
5220 6437
374 4361
1166 5190
1827 5120
379 5662
750 3115
490 3813
474 957
4027 6561
512 2328
1036 7556
42 2687
3762 6668
3205 3405
4422 6173
3431 6523
5460 6245
261 3851
5714 7472
1670 4311
131 3522
4841 7371
634 4044
5116 7477
3024 3149
526 7094
4927 6227
24 4528
545 1879
3925 6280
2592 3899
1040 6002
2071 3765
738 6209
1144 1997
825 2534
1757 2032
1243 3214
1432 3153
4123 7269
144 7480
4507 6734
5187 6975
5243 6937
2528 3189
189 584
3702 5514
493 1437
5347 6159
2544 6631
996 5893
1902 5771
4132 7613
4605 6217
4184 4259
2582 2816
4592 4640
4301 7367
2834 7023
4964 7138
624 5778
1581 4147
4895 6680
2483 7310
3132 4406
819 3034
2944 3505
454 5965
719 7142
1700 4687
5064 6062
6391 7276
3219 3655
4588 5249
293 7485
3768 6567
3547 4032
1154 5809
6444 6618
5816 6267
5899 7631
2647 4758
6148 6623
2405 5556
3665 6813
2547 3103
4114 6393
5616 6527
5020 5072
2619 5321
3297 4298
5553 7034
4235 6776
1757 5072
5224 6879
1731 5305
1967 2369
1816 6214
1292 2581
1031 3782
2514 3707
4443 5764
4419 7312
904 6589
5456 6794
4144 5959
2052 6099
577 1980
2864 5278
2293 5295
5541 5725
4318 5850
699 3568
4050 4601
524 1290
5606 6497
5421 5884
461 1720
703 7164
2908 6232
2276 2916
395 4685
5775 6074
4611 7115
1588 4178
520 5556
1182 2575
495 1094
610 6928
354 3162
6025 6089
517 1326
466 3533
1196 7329
7010 7254
4374 6918
1999 4145
43 1391
2567 3508
7213 7444
1939 6498
2498 6555
2375 7327
2804 4199
2376 5382
533 6556
1045 1890
28 5704
90 5064
411 929
1534 1605
456 6566
4468 7071
4093 5857
5494 7095
1440 7586
1118 5081
658 2675
73 5082
1978 3623
1375 4653
2131 2544
24 3482
3292 6708
949 6603
4146 6865
1010 5177
4906 6629
4133 4199
788 1808
2252 3431
1198 2464
2223 7579
5146 6754
5994 6659
1492 5952
2057 3481
3217 6493
672 5234
1078 1368
3246 3998
3004 6369
575 6370
528 3278
2493 3327
431 6811
2507 4031
6836 7037
4595 5213
4022 4248
152 4374
4561 4695
1918 6301
2684 4614
995 7412
206 6827
4637 7358
2455 7329
3326 4325
122 213
1556 6002
2121 7636
6613 7510
5616 7563
3447 7530
3464 6088
211 2100
5490 5736
6638 7432
3885 4872
3152 3475
1393 2019
2380 4202
2261 2491
5651 7175
1199 2773
2358 6990
6593 7644
5654 7343
1273 4888
486 1190
1685 2621
2605 6949
3807 4568
2567 4805
2375 2699
5791 6774
3040 7464
575 4253
3416 7108
4255 5791
5158 7348
4969 7353
2035 6683
603 1585
589 4005
4998 5395
438 1059
776 2216
1011 1272
2730 4247
3361 6465
5728 7030
794 7046
813 3417
4667 5267
121 5156
4226 4588
4309 6672
3366 3611
3120 5692
6738 7510
341 7318
1151 3245
2799 6311
2643 5610
5578 5759
1138 5362
948 3721
6706 7349
3165 5795
3794 7288
905 943
102 5433
3490 6050
3861 4710
1617 4777
2550 6198
631 4071
2228 5194
5807 6093
1279 1581
579 3885
746 6136
2606 6058
1267 3655
2484 7451
4500 7288
3925 5374
1392 5100
1939 4419
5238 5683
2973 4470
1131 4064
3976 4987
4106 7361
1035 4145
427 5856
3300 5284
1535 2098
1871 3263
3188 5862
5779 6667
1046 7540
2724 5117
1876 4233
2039 5902
379 3173
5016 5808
280 1818
3018 6706
3721 6519
2428 3156
839 2035
1219 6995
3478 7274
2785 4677
2678 3115
699 6019
3239 5296
5704 6901
5186 7603
3327 3634
126 5648
6 1919
3256 3610
4763 4779
4468 6948
1785 3582
1611 3842
576 6715
850 6395
3302 4313
950 5816
1646 4754
2876 4901
6245 6997
2527 7571
3477 4388
3492 5066
91 4683
3176 5822
4235 5153
3041 4692
1118 7019
3461 6033
3933 6767
2519 4048
948 1086
6326 6427
34 1924
2482 5841
117 4598
1777 2143
5545 6423
1900 2976
4830 6672
6497 7210
5075 6031
4580 5230
239 6584
4516 4875
6878 6963
526 3074
1400 7363
53 4336
3066 4440
3888 5860
2403 7300
3314 7064
690 4887
3552 4641
6492 7420
1551 2657
1995 4181
4253 5056
827 3568
168 4849
3315 4743
1657 5820
4443 5611
4351 4378
4385 6481
2606 4040
4024 4509
598 2313
5995 6070
2702 5613
1098 2544
1126 2126
3758 5733
1426 3457
1041 3158
2173 3554
1552 7641
2136 2810
3243 7425
2258 7145
867 6745
2221 4008
454 7108
3789 6670
3165 5576
3671 6135
4764 7359
1193 7518
5008 6992
646 4560
59 2603
558 4899
1548 4951
897 5548
2648 5708
1775 2218
3149 5316
2002 5569
5765 6086
791 4017
3651 3711
5252 7214
685 2958
2451 4930
4339 5972
4824 5796
2240 6978
3358 6833
2634 3896
888 6865
2270 2652
1579 5529
3353 4488
307 3652
1509 7209
1364 1836
4066 5348
1752 5772
1230 3786
801 3244
3560 4178
2468 4136
6478 7207
2603 3444
5502 6342
697 1092
2280 6375
179 313
1133 5329
242 6488
1482 1906
4222 6492
1409 2810
5579 6509
4873 5912
195 6345
2450 4866
3673 3759
131 2399
2320 6091
2040 3869
1550 1689
3069 7108
217 774
4854 7483
1531 7155
572 1752
1358 6635
1353 4446
414 6678
409 3938
701 5820
2252 3055
3803 7219
2068 5917
525 2120
421 796
5077 7480
4096 5669
1663 7459
407 4471
5337 6262
3726 6794
764 7465
3672 5732
2029 2871
2075 7615
461 528
167 7563
533 5631
1772 3857
2394 3282
3324 4039
756 4391
4461 7235
400 5204
4022 6229
484 5749
1526 4745
4058 4603
379 2838
3166 5987
487 3814
851 3478
1687 2650
4741 5700
1401 6415
1488 5168
2341 3575
856 5178
1108 6091
1594 6920
1864 6249
881 3036
1384 6904
1402 3486
3898 6004
2041 3194
6095 6675
1462 1862
2979 6510
1428 3895
4209 5251
1806 4179
3978 5539
5517 7571
1311 6959
2402 3001
2322 2878
4731 5605
865 6912
167 4121
152 7236
527 4569
257 7119
2268 3427
157 5537
3516 6494
3232 4781
1280 3200
131 7225
2950 4332
4340 5178
5117 6442
1414 7068
1314 2571
1686 7386
7441 7515
5495 6889
1216 5093
94 7367
4185 7361
2658 4633
859 3175
3729 7007
147 3492
1361 7519
4944 5411
350 5240
2766 5816
82 3977
4856 6449
937 3044
3713 5002
6015 7115
7535 7585
6595 7038
2578 7451
751 6966
1301 2415
837 2703
1633 6946
1383 2263
5584 6015
2393 4262
1587 1999
2390 3872
1860 6508
642 1704
906 1320
5393 7558
700 5957
1815 5611
4708 5780
1796 5353
648 3522
2795 2849
884 1123
384 5423
5860 6807
100 5093
3108 6985
1324 1511
6009 7544
1494 2995
2069 2836
1767 3104
1006 2859
4751 5879
4789 5824
407 4232
3113 5452
386 1044
4194 7343
3130 5232
2510 6826
793 1639
4530 5755
4989 5981
4342 6126
1502 2805
1560 6772
7503 7632
296 1724
1134 3148
3638 3877
6955 7331
1898 6789
3807 7383
3561 3856
2722 6896
5605 5958
5262 6274
476 1375
120 4011
1524 3535
1328 5359
1880 2699
3853 6167
1 2817
187 4726
2473 2770
1684 6596
3418 5930
3268 3289
213 7035
3144 6516
474 3972
103 3882
1220 2569
3194 5795
4597 5466
833 2958
1000 6875
4844 6713
1186 3257
1143 6052
1414 3378
6406 6552
4459 6019
6027 7169
1570 5122
5298 5565
2146 6553
2250 7390
1184 6697
3650 4660
2578 5205
2196 5233
753 3402
2172 6041
2241 6567
3518 5826
4984 5842
3077 6034
1463 5549
2499 5891
2249 4295
2470 3622
4093 4821
3725 4221
6776 6955
2842 5800
5404 7148
2817 3729
271 1070
3094 6972
892 3500
5687 7593
2558 6634
3053 3303
1752 1843
488 3071
1193 1994
4185 7301
6145 6535
1918 4488
4080 7119
3627 4089
2432 7097
3019 4792
6852 7524
5206 7352
6431 6558
1066 3760
602 7030
5783 6534
419 732
3660 5647
3511 4875
1864 6429
4725 6614
5880 7340
423 5057
3830 3875
1717 7193
178 7202
1921 7431
1451 5654
4468 7641
1633 2505
935 5611
696 1536
434 7123
648 1632
544 6589
1564 2976
1498 3222
103 6905
1889 7648
2763 6768
4158 6007
1125 1211
3376 4988
4510 7488
2487 6500
1063 1117
5313 5750
554 1594
3545 5789
2994 5353
1144 6951
4043 6730
2510 2638
389 875
704 2224
6148 6270
983 6886
2149 4047
3237 4345
1340 7014
312 5728
1367 5663
2864 5663
1745 7169
405 3422
1626 5691
4444 6462
1353 7217
702 3565
1893 6274
2387 2910
2236 6446
319 4036
1227 3500
1284 6526
4091 4252
3129 4947
383 3473
2032 4174
460 3808
2469 4498
2557 7444
2235 5599
3533 5488
4507 5500
1725 6091
4823 7349
1573 2150
2523 2851
4919 5884
9 608
1764 2478
4856 7325
559 1372
1419 3025
2107 5852
2173 6513
2127 6593
297 2157
1307 2676
1446 1486
3942 7411
1190 7627
393 1617
283 6226
947 4054
3318 6614
2416 7287
1416 3206
3002 6399
4961 5485
521 6808
3974 7631
184 6363
292 7519
3142 5177
387 4012
361 2539
283 4252
2210 3357
3105 6313
5024 5082
3432 3758
787 5380
2624 5503
235 2187
632 6083
4452 5575
1831 6516
2181 7051
5055 7251
1483 3746
439 5295
5264 5548
770 4817
1316 5848
4915 5311
3272 7436
7310 7318
701 5318
2474 5633
719 2624
1882 5177
4100 6792
3644 6091
796 5894
4925 5778
1525 6953
1024 6856
2229 5283
3930 4853
1297 6491
2839 7420
3641 7541
5857 5993
2486 2765
3345 7515
680 4539
5136 7588
657 3119
5220 6269
1878 5992
49 7026
1454 7203
5496 6332
1332 7054
749 6485
2180 5648
3843 5685
5943 6842
2382 5762
404 5368
293 5813
3047 6650
497 7569
4921 7169
148 322
2371 5068
1505 1839
4756 7017
5670 5756
2478 6040
329 5519
596 5452
1119 5638
2549 4146
3657 6385
2591 7426
3097 4327
4049 5456
2309 3372
1163 3855
1917 6386
2176 5770
2202 4261
3893 6705
5175 5478
6479 7015
2819 3477
503 2318
1315 2901
2176 6812
529 6128
4407 6894
1680 6295
2870 5853
1389 5764
4473 5406
4242 6160
2340 7361
5188 6011
1064 3032
2854 6409
495 699
530 4377
5855 6461
3039 4413
1357 4150
141 1902
696 2880
669 4747
918 2061
1108 3276
6239 7356
1847 2966
2693 7543
124 5620
3639 7053
1919 3957
580 6920
6256 6830
1545 6394
1039 7231
1082 1104
4539 7234
1066 1523
5322 6868
2446 6065
3095 3768
726 4554
2580 7107
2906 4658
799 4089
2525 6233
862 7237
1805 3668
4799 7587
2879 7620
1628 2566
2471 2713
3410 7510
391 4385
2083 3599
4556 5012
1042 4802
1482 1713
1161 3540
5529 7581
4098 4581
3411 3939
1457 4290
166 6544
2279 6453
2859 7479
2821 7626
635 3764
1060 3950
4669 7349
255 2981
1167 7012
578 6246
2469 4788
5223 6118
3167 4682
4639 5534
3154 7530
2404 6346
6052 6892
1757 4570
40 6979
4704 5124
3014 5236
3925 7114
672 918
2783 5830
450 2452
261 5938
1889 3963
4612 5471
2643 3091
4614 5270
5847 5864
2861 7229
1831 7241
2971 5479
3335 7149
1978 2842
760 4949
871 2472
129 3127
2678 5431
3440 5801
2041 4535
2480 3917
728 1191
1297 4744
363 630
512 7628
1982 5281
19 1726
5168 5570
3537 6105
148 5940
2074 3804
992 7284
3629 7230
4034 5931
1019 6232
2547 5692
4347 5420
2549 5368
1204 7157
4460 6997
2590 5943
5846 7328
3645 5971
5350 6275
1969 4982
1037 5834
761 1737
3548 4668
4229 4581
3842 4648
3875 7590
143 1535
1669 2083
2749 5778
3512 3675
494 6617
4545 5196
2138 5982
1182 5072
3449 5908
2474 2955
2579 6824
5232 7502
6559 7342
1390 3679
1306 2509
1979 4293
3337 6849
3245 4139
593 2550
729 6084
1566 3902
6419 6423
1392 3324
1248 6579
951 2602
1288 3638
5384 6857
134 7586
4728 5164
2527 5546
554 5444
6071 7153
944 5315
136 448
2073 7183
1631 4286
4257 5230
237 3209
338 3949
3434 6189
802 4968
2558 3729
5531 6591
4720 5856
1285 2489
3597 6130
1567 3507
493 6696
839 3917
1612 3555
1078 1442
5084 7054
1219 4328
2115 2742
343 5766
99 753
1538 4154
1223 5474
1649 4401
2332 4888
341 4356
3463 6414
2573 6212
180 4668
5537 6005
6905 7400
26 2274
4014 7006
625 5347
5385 5507
4683 5906
1121 1554
2222 2427
3027 6875
3040 3769
729 7040
342 7534
83 6693
3089 7211
1244 5660
603 6431
3607 4420
952 1382
2089 3934
863 7585
6612 7020
917 1501
2470 3513
589 6904
1579 2589
329 7608
1716 6386
1332 4264
1562 4790
4904 6196
711 7073
2125 5799
3741 6371
1417 2411
179 7165
4857 5043
128 3804
2771 3446
2313 3092
1559 2712
4604 7011
2664 3785
4479 5314
510 4919
825 5644
2958 5075
6294 7125
6290 6470
2214 2514
1197 1238
3337 6645
4150 4830
3484 3842
866 2959
1964 6538
3985 7029
5187 6106
5644 6187
266 7313
3239 5079
59 6408
3123 6670
777 4313
2679 6194
5202 5700
2766 3784
3729 6175
1144 2176
3279 5305
90 3298
360 561
3120 5529
6264 6851
2783 5463
1797 2466
166 2299
2035 4008
1820 5066
6874 7095
574 6001
1715 5264
6691 6971
777 7499
1621 3622
2930 3830
6526 6895
6376 7271
115 5601
1451 6152
2591 2875
1713 2166
4265 5713
1477 1787
4869 5254
1869 2868
4637 7628
2659 5150
2366 6454
1017 5897
5021 7474
1444 2764
1917 2627
2104 6193
2628 5142
2468 3912
3905 4721
3118 4957
4769 6745
144 155
595 2129
495 3652
4487 7514
865 2314
1403 5500
57 2342
2001 4422
2848 5934
6994 7343
3569 5790
4197 5759
939 7363
720 6637
2281 3382
4463 4757
1793 4248
3602 4286
2190 4861
2905 4877
2977 5306
1824 6613
1447 4489
3956 4869
1324 6619
1400 6148
3314 3876
941 5314
516 1188
767 4621
3083 6693
6709 7274
4329 6863
2425 5896
4104 6160
3216 5539
3078 4573
4012 5175
2799 6879
212 6583
5042 5861
4553 7066
4225 5312
934 1690
3714 7291
994 5483
2668 3036
2906 6161
831 2925
3267 7115
2373 4072
1978 2173
1482 4132
4153 5855
121 528
2084 5775
4178 4980
1444 2508
1488 6082
45 6113
1302 6118
762 5264
3276 5242
3728 6843
5530 7341
3891 4990
245 398
1382 7485
808 2526
1337 5651
4874 7129
2159 5780
5542 6221
1063 4884
4044 7358
66 2834
61 4535
2264 7223
2677 4562
2041 2157
2086 6563
1040 7102
354 6960
4535 6253
2903 4737
2929 5386
3296 3642
144 3655
1876 5843
5003 6112
1982 3245
3953 6758
152 1057
3526 5031
2185 3905
2146 4942
1093 5516
2643 4208
2883 6978
1980 5663
4070 5195
2568 2802
860 4980
2623 3950
675 5697
3259 5558
1006 7515
4489 4928
4481 5367
624 5209
4735 6445
2976 4998
7003 7480
3308 6396
4236 6523
2180 6981
1075 5952
1314 6137
3109 5139
1111 2567
1251 7116
7094 7304
32 3160
603 6737
3603 3852
7161 7262
4935 6687
609 4260
1932 2735
397 7026
4111 5137
1982 2814
1497 5434
3039 7452
6021 6043
6142 6619
111 760
5975 6762
353 7443
647 5237
1589 7571
3774 4033
241 1899
1113 6846
2302 3901
1436 3642
4625 7383
5088 6193
2267 7273
436 4211
413 4249
95 422
1529 3856
2159 5998
4291 7089
547 3210
2593 6624
371 4585
2644 7235
2655 2668
6952 7516
942 5489
5208 6697
5220 5250
161 1597
500 2247
482 3176
4325 7099
2576 4056
3647 4954
1566 2359
428 5325
79 6717
3196 7446
819 3776
468 2252
474 5972
5906 6700
5608 6104
1830 4629
387 5534
873 5588
2700 4390
4106 6393
5228 7006
4864 6219
2981 3831
4582 7514
868 2130
5222 5999
3217 7326
1143 7630
2358 6824
3799 6136
1108 6807
933 7532
4906 6140
5380 6394
567 7169
2320 2451
3071 4773
182 5313
2801 3238
1675 6510
6600 6789
2956 6977
5200 5416
344 2018
4924 6284
1958 7342
6895 7317
2034 6722
6089 6572
2038 2145
1002 7559
2052 4100
3219 7378
6842 7296
5068 6598
716 1891
203 7055
663 5878
4127 7181
1358 3313
4183 6384
3123 5498
7397 7648
656 6226
2064 7080
3794 5935
4713 7077
1141 6301
2079 6409
3084 6413
1803 5723
1128 7253
1035 4318
4616 4727
214 4120
1921 5661
1183 3691
738 3492
4344 7205
496 5371
2183 2568
1168 3527
2920 5145
1807 6228
123 1359
4242 5878
3631 4315
5401 7156
1941 3877
929 3484
389 5922
1868 5825
2894 3396
1118 1713
6015 6841
2940 5381
247 5858
1670 7336
3049 7309
1522 4782
970 3373
1847 6427
1264 2748
5741 6490
111 1863
2913 7197
699 1171
2725 7026
1602 7271
1511 3095
5012 6366
3473 7596
2841 6137
2440 3107
3068 6957
2627 3388
1534 2153
1099 2498
3500 5030
1225 6935
2627 3824
1216 4034
2191 6841
4869 5806
7164 7339
355 4267
2573 7020
5214 7550
975 2996
50 519
682 3673
3293 5522
3283 6958
109 1910
2063 2193
1871 7454
5753 5784
3673 5316
2387 7309
613 1736
2003 2149
219 1407
790 2321
5555 7471
1223 3794
3123 5901
1920 5461
710 7231
5555 6735
628 2203
1373 2498
1656 2717
6787 7026
703 2527
374 1156
6183 6743
308 324
3283 5477
2253 6143
4243 7517
1674 3517
4071 6839
1758 1909
2130 7380
1393 4673
1990 7025
233 6839
1939 4426
2431 4062
2871 4409
1582 4677
1741 3093
1841 1875
2163 4139
3377 3435
279 5878
2908 4603
5977 6384
3803 7236
2938 5778
298 654
2039 2552
509 5684
831 1279
4297 5730
2063 3326
316 7456
1388 5809
1821 7042
3936 6943
3284 5026
891 1125
1243 4830
1414 6637
5557 6207
4206 4793
840 3834
796 3066
5001 5730
1720 6914
4970 6294
128 161
400 2434
4072 5470
1976 3245
1163 3119
4221 7524
5852 6933
1789 2134
3455 4855
1640 6250
2271 4978
385 2654
589 6673
2460 3434
2673 3018
476 2150
3377 5281
1020 6997
961 4049
3905 4426
320 2112
1085 1443
2614 7448
808 1713
2631 6508
7288 7491
186 3183
1130 6441
1781 2727
1520 7233
974 4095
2984 4021
1720 5624
3143 4025
24 864
1863 2922
3188 3685
1907 4018
4179 6951
867 3124
3063 4186
2154 4842
2763 6924
1700 4075
2036 4834
5753 5876
5601 6318
134 626
1835 4834
4583 5268
3887 4207
2970 7360
3175 5681
3591 4064
3072 4147
3496 5967
102 4182
1243 3645
2394 3867
5673 6024
360 1919
1807 4690
2002 7203
1152 5025
3586 6302
4503 7320
1539 2474
3110 7544
3301 6327
2041 2484
1424 4677
2712 6055
1803 7494
5306 7319
3427 4396
270 3560
4235 6357
229 4508
502 739
2179 7368
4288 6040
3795 5587
4501 5277
923 6365
402 2027
3949 5716
2951 6166
3910 7282
615 7128
660 6125
2150 3123
3234 5841
89 7590
3769 7009
780 2441
5400 6920
1079 5054
3548 6903
4535 5757
5219 6169
301 3336
555 3638
1055 5808
1969 4123
542 3687
171 3274
5420 7021
5438 5664
3778 5911
4303 5360
2183 6511
2212 3451
5377 6925
2343 5514
598 4361
7205 7621
6431 6510
5636 5676
3629 5624
2955 4498
1273 5433
3354 3421
3498 6415
644 5920
1176 5948
760 4885
6093 7548
4936 6763
4575 7303
1404 2188
1205 5419
1210 7452
1997 6746
4396 7220
879 4923
931 4774
5053 5124
2375 2705
2291 2478
2295 5572
6173 6597
7117 7385
46 7463
5061 7291
543 5138
2474 4823
1192 4149
2495 2716
696 800
5126 6446
1707 4357
5116 7594
313 2036
459 5747
1517 4626
262 4268
3978 4151
1399 7256
6007 7150
3095 4541
1827 1939
3905 6378
1448 7628
633 6956
893 2917
4285 6918
1621 4735
1591 2762
6649 7367
3441 3671
1975 4798
336 3213
3696 5434
1186 2393
4788 5952
3127 6939
948 6367
1421 6630
2231 2454
109 6467
961 7155
1546 2659
1543 6261
805 2204
1698 7238
6027 6457
5249 5957
4757 6777
4846 6577
4331 4715
946 4636
1001 1866
1766 3713
3856 6200
1376 3623
7104 7270
1277 1595
371 5678
1188 3522
1562 3346
5628 7526
1306 3393
1955 1963
2331 4926
1194 1280
3804 4213
3156 6289
3477 4295
482 3544
1180 2914
4560 6679
2388 6811
1271 7596
1635 1650
2983 6923
754 5457
3013 5767
2167 6943
4089 6998
409 5687
1150 3546
4631 6248
4769 6489
2421 5403
3517 6650
6540 7278
4973 6650
55 4766
1164 7075
6543 6987
1377 3453
282 5539
2662 5501
631 2220
1003 5357
1550 2507
4339 5455
3979 4086
456 504
5056 5371
208 7635
280 2027
2709 5180
297 5753
1615 6160
6223 6436
219 4124
882 5941
1490 2458
1039 5458
261 2338
3587 3786
7245 7617
758 4423
4482 6202
503 6745
345 6207
3961 5532
2833 4675
1205 3883
1079 6538
1286 6084
2141 7390
610 6894
4465 7300
3265 5992
2429 5921
515 6997
1554 7623
3390 7510
1196 3163
621 846
1336 3158
1371 2716
156 5038
4910 5504
1580 5177
2751 3852
1286 2207
785 7287
2577 7191
1108 5734
641 2173
2767 6922
3046 7379
2589 7636
1753 6935
2797 6548
1113 6700
2981 3294
477 5389
322 1399
1921 4368
318 1261
1346 6065
4675 6309
4156 5504
316 5716
5089 5111
3777 6274
6384 6946
5949 7214
3587 7483
3988 5946
280 5518
3910 4529
1328 4656
4561 5331
425 4631
2904 7035
755 5822
1707 5376
2578 6405
1407 2118
2615 5091
4569 5568
3445 5953
841 5076
816 1878
2150 6511
3494 6906
865 4215
4333 4344
21 2875
800 5165
5812 6668
1265 6954
1680 6891
1944 3902
2674 4350
4464 6297
269 929
4678 6302
1101 7329
1668 2413
929 7088
4701 6579
1391 2788
2308 4320
2793 5485
836 1709
948 6583
4532 5610
3703 5842
96 2287
801 1088
4519 7282
2489 5043
1028 4905
5650 6694
4268 6664
1465 3376
1831 3550
4268 5826
2711 7376
3418 4565
2455 4996
3763 4554
5681 7502
218 791
301 6286
2163 3885
312 1073
634 2600
181 7606
100 5566
3608 3818
2613 7514
559 4469
4355 5921
2563 6166
3402 5294
1373 4441
3132 7442
1350 4905
3222 4879
1853 6694
6999 7329
1423 1817
219 1347
2189 3305
1942 3799
5312 5776
3590 6487
597 1537
5759 6788
178 4947
4151 6678
512 2073
4397 5187
5295 6470
1171 2388
4257 6045
843 6684
777 5907
556 1567
319 7549
3585 4123
4575 5235
419 1526
502 5935
2079 6853
2681 6836
2462 3888
1365 3661
17 4877
3524 6527
2615 5727
6621 6649
1223 6708
2657 5961
34 6260
497 1931
2742 3035
595 7592
3456 6106
3365 4378
4764 5398
28 7028
245 2734
3953 6874
2047 5680
2752 3651
644 969
5439 6936
2929 6320
2241 7145
3211 7487
6220 6694
5749 5809
425 1650
5741 6162
3254 5667
1476 6290
1119 4740
4202 7402
3488 3730
2186 5660
2451 5274
4423 6814
3595 6450
834 956
263 1643
4063 6238
236 6506
558 2964
2717 4787
6508 6693
2434 4765
1660 2830
2138 6684
5863 6761
2061 6425
2129 3817
3441 3916
1993 3942
494 6382
822 4170
557 4800
1204 5040
3438 3941
1953 5240
1420 7279
3080 3720
1090 2338
1351 7579
652 3268
1116 2401
3273 4555
7045 7346
967 4163
52 973
887 1366
3922 7400
94 2583
5238 5322
3035 3423
496 1311
2043 4867
5951 6761
1101 1714
2813 5104
5572 6730
704 3610
6371 7296
659 4523
5401 5485
110 3224
1314 3949
209 1695
2397 4684
3052 5371
3904 4444
3559 7503
6895 7313
4009 6724
615 1145
2857 6682
4513 5763
3053 6867
141 7590
4889 6669
1958 2411
1929 6255
575 2305
2368 6262
1712 2700
197 4259
5924 7051
1890 5288
615 1885
2324 2385
1905 4851
3049 7413
2344 5882
5429 6125
4769 5544
891 1709
8 1439
468 5998
3822 5214
2699 5127
3884 6141
4890 5787
3264 5037
4055 5514
2964 5464
1035 2698
4868 6289
6075 6219
1626 7262
374 3723
1383 5674
2407 7421
3342 3528
3476 6211
1859 4351
1213 1356
4727 5114
3080 3809
2201 6036
2742 4721
306 4230
4314 4805
1730 6185
1614 6911
3478 4280
161 7234
3153 7068
5870 6211
1578 3220
4276 7401
3291 6360
4175 4466
1165 4112
4782 7265
825 5071
2312 4343
800 6712
1054 5598
2771 6285
3465 7200
556 1845
1752 4120
2310 4329
254 7468
725 7589
214 2173
5342 7085
5208 6142
4368 4670
2048 5737
4445 5452
438 4387
601 6923
2280 7611
1480 4598
1363 1434
1662 1685
51 6953
3928 5852
2825 4142
6737 7210
96 5955
4426 5926
3490 6356
646 1874
88 6631
502 7274
2238 6615
6785 7307
1029 3256
1661 2163
6090 6705
5524 6827
3161 4911
2340 5039
1666 6739
4776 7474
2442 7353
2128 5324
2929 6634
2236 6596
752 1676
4574 4920
1158 6927
5415 7305
1368 3456
3940 4066
782 6343
1108 1940
484 5148
1861 4009
649 868
1549 6125
4279 7224
2385 5441
3523 5298
1684 1866
290 3722
922 6393
6354 6537
64 1889
5027 5215
3478 4787
3746 5642
1652 2568
1914 2300
1994 5934
2368 2438
1646 6496
2890 5303
1160 4897
1525 2046
1348 5991
113 4680
2010 3820
2560 7407
5282 7237
1728 7005
4043 4282
4633 7356
868 5681
1067 5226
6562 6692
2909 3222
178 3670
616 1734
1254 1321
4989 5896
1040 1265
733 7295
1063 3410
3590 3884
48 915
4626 5083
775 6229
262 1993
2033 7091
4735 6278
2261 4816
5717 7620
4346 5085
4948 7489
3353 3643
2863 5340
3299 4300
3825 7645
2415 6853
5149 5895
1254 4127
5467 5837
451 6257
1769 7623
1964 2524
4731 4897
5505 6329
1367 6331
268 445
5039 5183
2946 3938
3067 6668
625 2155
1607 3208
2196 6310
385 996
6252 6490
3474 4759
2462 7061
5601 6861
3935 5722
95 5854
2893 3552
6143 6411
2846 4640
5805 7295
1051 7064
1024 4704
2274 4564
2677 5090
5254 7459
3846 6781
1867 3238
217 625
1216 6599
1477 6581
503 718
1594 5176
1644 2336
272 5586
2978 7562
3728 5107
2367 2462
2455 5911
1647 4597
3716 5651
4925 6561
1227 5756
3728 6112
1607 6743
722 3881
4213 7364
606 7358
805 3787
4183 4632
911 3749
2180 4144
3872 4820
3492 7620
1180 2578
943 5178
1527 3439
1110 2372
41 938
3187 6041
191 816
3075 3940
2262 5882
597 6757
1726 4886
2432 3426
2036 4977
159 2425
2880 4722
4251 6341
2839 4726
1448 6834
7089 7377
643 3617
5240 6328
3676 6774
1640 3193
1115 5246
1338 6018
3950 7176
4113 6972
4839 5765
1085 7081
1473 4327
380 5173
2754 5400
2609 6745
2977 3415
4778 5527
450 3421
2373 4704
4209 7264
2926 7311
640 3723
3779 6516
2031 7021
2554 6399
1946 4866
2517 5444
940 7267
4607 7625
1181 5810
2637 3185
4850 7392
367 2187
5634 7034
3272 3538
2322 6905
554 5416
296 2680
4281 5429
2059 5812
1729 4284
1473 5107
248 5326
4821 7221
1033 4899
398 4492
4140 5057
588 3287
1481 5740
903 7038
527 2810
1128 7461
2985 6569
6231 7259
5245 5529
24 962
5185 6265
2761 4048
920 3938
1284 1664
1880 3978
941 2393
3249 5545
1798 6003
4292 5399
849 1758
826 4351
2890 3963
4018 5580
843 6735
807 2327
5896 6025
3648 6958
4011 5889
1346 3396
2771 7072
2622 7253
1836 7393
2356 7456
306 3338
1468 3599
171 4062
3142 4904
1987 3332
348 7382
584 4432
1805 2790
829 1904
3161 3421
3136 3672
3837 4862
1572 1586
1105 6577
1483 4300
3120 5649
6796 6818
510 7316
1977 3343
1974 7437
586 5106
2236 4024
2646 3950
3109 4401
6516 7105
75 5508
1528 4785
2633 5241
1366 4590
5795 6804
4887 6598
5021 5476
1554 3256
5344 5628
3864 5932
1888 7018
1604 4361
5294 5517
3322 7053
3391 4614
1524 6928
1287 3403
157 7291
1017 3068
856 4332
89 6259
2302 2802
540 4145
3661 5564
2560 5377
4333 7411
4705 6224
5954 6422
3497 4334
1430 6870
4724 5071
1324 2900
1704 4751
306 3548
722 5854
4160 4168
4997 7408
4859 5368
2877 4686
3209 6054
883 7384
818 2130
651 1143
90 3972
5769 6501
5273 6125
87 5919
412 6770
5578 7456
2693 4277
2806 6559
1631 3433
3685 5266
2467 7423
5668 6240
4161 5274
445 4615
324 4084
1154 3011
3968 4267
4048 7426
1697 5000
631 989
1917 7320
6894 7273
2107 7268
3732 4009
3834 5586
123 5768
2570 2614
4252 7587
843 1208
1864 4823
197 3676
1060 5183
5070 6645
1623 2049
280 2725
3651 7281
5865 7629
2319 5657
1301 7510
7339 7453
3561 6992
3148 3249
808 1718
454 2856
5888 5912
3616 5783
1262 1567
4639 7403
221 3607
6422 6656
6474 7332
2749 2986
346 2241
4023 4665
4604 5557
784 2606
1098 5816
2816 6199
2752 5999
4774 4905
2817 4770
4854 6619
472 809
61 4932
1323 7108
1863 3711
2022 6310
565 5397
5022 6695
2309 3539
202 6651
2428 3129
6861 7340
2026 5573
1688 7323
320 5953
4031 4086
5761 5899
4553 6833
295 6391
2288 7515
6867 7350
1543 6931
2516 4935
2498 5253
5041 7389
4946 7341
1095 6913
4114 7532
1094 5294
234 6346
2157 5347
1304 1606
3040 5632
3840 6363
922 4393
4235 6931
3748 4403
7482 7516
3228 4265
3940 4154
2638 7577
340 2831
315 1300
935 6520
399 3263
1540 3787
3588 6537
3555 5186
5745 5932
159 6159
4362 5237
486 1853
4120 6004
6350 7628
1793 3610
990 2488
2217 5124
67 2803
2054 2491
598 7236
2735 7248
6796 6872
2511 7603
103 4035
5261 5518
2399 3121
2569 5497
2619 7173
1780 2426
137 5306
1431 7091
1460 7003
3980 5377
4914 7646
2505 4937
483 7392
3620 4523
53 1495
1433 5375
1694 3151
3675 4563
481 7422
698 758
1053 5362
256 5259
3269 6661
3714 5923
2057 6978
594 6814
1954 5264
4484 7257
4641 6122
1290 3751
416 7000
4186 5200
3349 4271
3501 4226
249 6539
3675 7260
1533 3837
2407 4521
687 5386
4793 7439
1930 6145
2738 7641
4257 5113
5603 6331
1111 2436
3883 5221
734 6613
7319 7517
3050 3984
2321 4699
973 6272
1586 5965
5041 7576
1015 7389
825 5698
856 6908
301 4322
443 3327
1810 2702
285 645
3066 5200
2437 3253
6682 7120
407 2579
3842 4814
2995 4881
1359 7077
1826 5072
5115 7128
2491 5738
5253 6632
1306 2465
1531 4773
5345 5881
5234 6598
362 1278
3159 6337
1869 3151
4893 6591
2611 2617
2109 3017
1744 1768
2624 5218
3829 6073
475 1752
2965 6338
452 3360
1153 3311
5330 6958
3421 4792
714 6589
1505 5046
499 3276
1217 2547
4839 4978
1175 4036
2757 2852
2368 5756
706 5906
5283 6030
818 1778
5985 6491
2535 6216
1728 5530
433 5167
1969 4438
3792 6071
1334 1864
4746 4858
4007 7315
284 4682
2174 6196
5403 6645
119 6870
5140 5224
1005 5102
1258 3630
2548 6078
1789 4692
6529 7530
1488 6569
2511 4899
481 3548
2306 5381
57 5181
2966 5103
2756 5577
93 3809
2433 3653
1436 5578
4614 6318
4097 5017
420 4824
409 7141
2006 6838
2228 5934
2641 4976
1270 4514
2371 6782
3261 6255
1514 4367
619 3569
2751 6373
2 6763
3875 5085
2162 5306
507 3950
3208 3556
5455 6245
5097 7509
336 3597
3659 5967
7370 7543
2223 5794
3826 6672
124 3590
2261 4203
2018 5320
5711 6865
3381 4427
5052 6798
951 6807
4932 7105
38 5427
2564 4434
3372 6320
456 3965
2031 2323
2249 5331
1116 3222
3007 6865
5488 7647
6340 7166
2899 5707
869 3574
2393 3442
5524 7560
3778 5004
5321 5711
73 5342
422 7034
3997 4521
519 5984
987 5209
3415 6083
2133 4183
2838 6688
30 5039
2624 4322
1237 2616
2977 4770
1308 6536
1855 5638
3030 6985
891 7024
1840 3473
1317 2038
4596 4988
7110 7593
2175 5087
2628 6873
2387 3026
906 6956
896 1927
6177 6673
1216 2827
1556 1660
3658 7435
1372 4218
355 7063
4356 5696
1889 4623
6142 7519
2214 2920
2259 4318
116 1831
2474 6437
4124 4579
4394 7170
622 1975
1424 5993
971 4844
3904 4355
2524 6119
4631 6260
4812 5513
3626 6918
5648 5999
3350 3567
1541 7110
2039 6630
3820 4330
3683 5840
1483 6943
1291 3762
876 4609
3694 6713
3390 6148
573 4356
1219 3407
4213 7087
1211 3138
2501 6160
2646 6308
2937 5603
249 2816
2326 5207
1050 4691
381 641
4661 5616
7214 7259
339 1258
2353 4926
973 5099
1111 2092
2178 5117
2009 3659
2639 3588
889 1379
3317 7095
105 708
3243 5933
5816 5968
583 6897
668 5042
6341 6360
2924 6342
2187 6475
5601 5718
681 1377
4865 7087
2129 7179
5211 5605
2738 3489
3562 3742
6270 6782
2717 5760
6228 7062
3190 3450
422 7183
1364 1761
3490 5255
332 4907
6771 7158
2837 6723
1014 6329
3696 6957
479 1048
5206 6543
3814 4829
5781 6560
1606 5576
3537 6180
577 2849
3590 4701
1235 6539
655 1417
2494 4748
93 2334
7478 7544
388 3274
2800 3883
527 6041
1430 3529
2006 6305
547 2712
18 923
5407 6923
2491 4069
6735 7347
4490 4709
3112 4375
3603 3875
3360 3703
1488 3797
1365 7267
1244 6814
6936 7117
75 2186
4401 7004
1114 5170
2770 3450
2105 2517
1800 2229
3293 6933
775 4634
4771 6997
245 5891
4582 7189
981 5798
523 1004
6542 6918
3245 6912
2268 2282
949 1073
4729 4881
2123 2593
4894 5872
3798 3953
2617 7063
6134 6189
320 678
369 5761
3503 4620
1120 6744
123 5414
843 5852
6162 7229
3695 4852
1247 2646
1313 5730
3699 5456
3338 7009
2588 6064
4770 6072
3050 5790
4832 6447
3997 5522
428 2390
393 1520
5334 6394
1812 7409
3418 7206
178 4568
3102 3761
223 4849
4476 6646
1550 4381
715 6472
5033 7187
2353 3344
1975 5730
25 4789
1532 5124
9 1151
4529 7309
3938 5625
3153 6941
1038 1575
994 5347
995 3582
312 1554
1510 4097
25 7472
2597 7009
1272 2719
245 3419
391 5393
1057 1346
2236 3803
968 5783
638 1183
719 5674
4398 5326
4532 6479
4865 5866
193 4887
1308 6282
3950 4551
2414 7078
1780 4152
3115 7287
487 4590
4182 4876
1326 2811
2672 5522
4951 5961
332 1843
437 6370
2661 5068
3170 3643
2721 5821
52 2003
4215 7272
4200 7197
1327 5205
1568 6710
425 4802
6633 6937
2016 6028
409 3811
2118 4583
759 6780
2359 5563
531 2640
1210 4828
1708 7357
3357 4276
185 6858
3559 3728
1470 3602
547 4213
471 7062
4047 5844
2087 4201
474 1682
4805 5721
1204 4014
2647 3674
5562 6259
284 4577
445 5163
3769 4220
5484 6851
3094 5700
4749 7028
4370 6637
1710 7532
1196 2372
461 3123
991 5371
1659 7071
3440 7046
5981 7572
3941 7356
6183 7468
2371 6961
4261 6839
1604 4306
3116 6705
2929 3768
751 4802
2486 2544
397 4770
2939 6160
132 487
1002 2626
888 2028
440 3835
5984 6611
3722 3997
5834 7406
1303 3544
53 7587
5755 6940
1749 6697
5189 7328
4233 4237
4096 6841
899 5833
4772 5964
3650 4761
2850 4662
1617 1709
482 6836
5982 6763
3456 7392
2462 6864
653 4887
2843 3971
749 7322
2115 5298
1405 2445
273 6287
183 625
278 6429
1331 6428
1870 6089
3209 5554
778 4450
1394 6581
343 6595
2163 5976
768 3232
2214 7404
2567 4513
1679 4881
576 6346
889 1713
387 1829
1867 3835
5318 6989
3795 5958
1930 7208
1495 1798
934 6284
5619 6479
1281 4056
1724 6420
5530 7055
4261 6436
1811 2984
2071 3750
1692 3681
199 6926
5286 5299
6479 6515
3627 5305
312 5729
2256 6860
2687 7047
3369 3803
4020 4535
2327 4064
710 5259
1799 3991
3821 6060
1933 3606
3892 4691
882 977
122 1218
4230 7398
322 5346
2772 6812
1106 6681
379 3544
1132 5856
1626 2082
265 659
68 6866
1961 3218
384 3623
62 4942
3477 3921
2076 5359
3831 7593
986 2261
133 4861
2343 2346
2337 4559
1731 1968
1114 2010
1236 7063
695 5338
1368 3651
966 4894
70 1034
2453 6544
5758 7260
1471 2281
1034 5387
92 1417
3783 6244
1376 3087
2029 5487
4298 4619
45 2334
2916 5304
260 6293
2033 5332
1039 5122
6810 6833
2928 5754
6498 6652
5052 5570
3200 4483
1001 7097
2167 3655
556 650
4501 4672
892 6382
2332 6396
1668 5751
95 6239
1204 7254
5070 6538
414 2323
2424 3378
144 7057
2493 3698
337 1920
3503 4957
7518 7626
2048 5210
56 5689
1046 2160
3034 5214
885 7363
6600 6998
512 2407
6319 7195
699 4731
1012 4481
756 5539
4892 6710
6166 6451
2316 4709
477 3080
4397 7634
2587 7460
2215 2660
6714 7203
3120 7050
2081 7541
2299 6430
527 2675
255 1781
3463 5484
2625 6281
1867 5471
118 3178
954 7548
5755 6347
524 5468
493 716
2947 3846
1652 3918
5432 6240
852 5309
3922 6573
5590 7499
278 4792
4252 5793
2458 6480
911 6303
429 5542
893 6785
1755 7638
2600 7042
1121 2122
3954 4141
575 3857
2430 6429
787 2107
5641 7209
2102 3812
4221 7061
253 5080
3915 5421
2252 5463
6950 7222
2135 2590
3426 5132
439 4101
4986 7456
1120 2855
3188 3713
1459 7339
1584 3408
3124 5780
317 2450
4603 7561
4902 7012
7508 7526
1298 6137
3267 5662
631 3828
904 6855
1287 5208
3580 6114
1400 4249
2122 6926
219 1631
2402 5237
3112 3761
860 7626
2419 3619
1054 2186
1564 4302
803 6579
4831 6166
2128 3285
202 1078
395 1445
1102 5604
6258 6558
2885 7597
2507 5022
5139 6407
401 4763
1423 5840
2574 5331
363 6595
7025 7070
2654 4381
872 4523
2559 5381
3031 5822
67 2309
2374 6422
6508 6569
99 1408
1779 4432
3899 6295
98 918
2077 5745
617 6849
2034 6445
747 1295
1634 1901
5798 7193
1799 3534
82 1769
1740 3800
4012 6750
1759 5490
1025 4653
2565 3042
3008 6432
1719 3525
3767 4233
688 2673
2800 6926
6968 7244
3707 3793
736 1754
1400 5131
4495 6041
7168 7541
1146 4957
7173 7258
7406 7464
7166 7460
4479 4576
5030 5783
1029 1566
5457 5827
2786 6076
2896 3613
4688 5892
1048 5618
1265 7369
1343 3030
1449 4196
1627 6236
1369 3099
1642 6868
1109 2981
2008 4927
4812 6219
10 6301
2217 5008
4917 7119
1946 6839
476 6093
2411 4230
1577 3845
2687 6141
1392 5102
423 6343
3159 3922
4568 7105
4540 6528
2452 2939
101 1122
3101 6386
3163 4189
5430 7381
799 2440
118 760
2065 5260
6917 7360
994 1505
908 2154
3376 4159
1747 4158
1086 3956
4022 6884
1483 3509
782 7530
6930 7074
5791 6505
367 1239
1455 5263
5121 6210
2706 3299
3297 7475
2153 2746
5191 7038
3210 7143
4150 7203
928 1264
465 2826
149 4560
4957 5461
2409 2667
1424 6696
533 4296
1211 3412
1493 2450
5783 6038
229 6922
1044 3390
1035 3111
964 6420
6119 7096
5764 6651
4265 7594
2708 2854
2415 6970
1064 6856
6867 7379
6346 6443
659 6131
780 6450
2889 5377
4263 5788
1778 6471
2487 6842
4113 7017
2642 4964
754 7535
4115 4553
4466 7359
2323 5434
1005 6836
6269 6966
651 3931
376 1453
366 5293
1708 5467
846 7247
2953 4923
4037 5663
3711 5107
3178 7368
2801 3145
2210 4666
3249 5308
3673 6826
904 4691
78 2623
3257 4723
2142 6591
714 4255
3762 3962
794 6412
3419 4930
1336 5730
1210 7626
645 5284
4114 4997
6896 6977
4910 5828
2240 5433
1627 6660
6008 6998
713 3658
6058 6108
501 4263
2138 6707
4352 5955
3083 4701
3543 3823
5128 5927
3710 7031
3259 4127
1821 3465
267 7184
4785 5116
5467 6814
5510 7507
1784 3150
1195 6521
3239 5851
1340 5756
2125 2153
766 2086
3649 5292
465 6933
486 2276
662 5061
1615 2506
1942 7503
877 5946
2136 3957
507 5756
831 2034
4345 7530
2645 7075
3610 4240
694 1724
3974 6609
2552 3857
5163 5515
6521 7028
1341 6609
5301 5795
4778 5387
534 3414
5780 7415
696 3432
363 5306
4748 7248
4245 6043
6226 6775
1284 2046
524 3854
620 7129
1035 4589
1757 7517
5369 7107
1066 2414
3271 5802
1539 1800
5429 5906
6384 6428
2226 5400
1916 7393
1237 1975
2215 4204
516 5295
2012 5553
208 1377
1826 6969
2996 3980
3980 6460
1572 7365
637 6358
1622 4920
4842 5368
1103 2993
2673 3722
1336 3118
4573 5035
1405 3211
2771 5612
2606 4694
753 5509
5042 5952
5799 7083
5427 5492
3562 6836
1292 2051
3775 3783
1372 5466
757 1471
414 6329
1003 5971
1939 3014
3765 3931
1283 3191
6115 6134
25 1818
6169 6670
4381 5417
1856 4824
1280 5483
2676 6950
5162 6716
2466 7268
5884 6112
4195 4965
2491 2951
6524 7647
1076 3316
985 1039
807 7421
4098 4779
5888 6163
3869 4182
3332 3489
1072 6692
5860 6290
2326 6537
3490 3847
3631 4761
2931 4650
3298 5228
1978 6567
650 6078
4737 6224
6777 7144
234 1243
352 6691
2668 7397
3694 6078
5233 5808
2504 7613
1518 6354
531 1079
1395 4422
2927 6427
2625 7387
6362 6569
4842 6752
4364 7036
4197 5009
1145 1379
5138 5902
2498 7236
4192 6971
4290 6063
1077 7200
1054 7628
707 1821
1535 5732
2439 7059
1868 5239
2869 5125
5947 7492
5525 6833
2880 3362
2598 7552
5558 7032
5117 5303
575 3087
4351 6900
1265 7277
2750 4042
1774 5871
4666 6714
768 2295
6423 6544
325 5091
1552 5496
2099 3985
2748 7023
858 6793
1080 5575
2441 5333
2170 4414
5307 5514
2276 5914
6995 7366
1700 2858
2517 6408
899 6761
533 4050
1334 7325
3526 6093
2591 7369
1542 7150
5186 5999
6697 7416
4091 6104
67 401
1617 4972
3786 6877
1233 4469
3827 4682
4004 7639
4594 6860
2030 7456
4151 6114
3285 7486
3659 4900
5968 6147
3388 6854
588 1477
4468 7049
2342 5720
4899 6656
1187 1382
547 4423
1050 5643
1354 3379
2182 6595
15 6832
722 2834
4344 6874
1337 5310
6299 6414
1867 7087
3192 5955
518 4193
775 1912
6531 7401
5519 6555
217 6986
1113 3561
737 5704
5384 5482
146 6890
2315 3580
4484 6712
2077 2917
1925 4987
5048 7086
6117 7041
911 2889
312 7392
835 5442
1974 4424
1680 7604
2510 4715
3895 7268
5263 5729
6670 7347
4097 5312
1530 1799
82 5480
2523 7031
3387 4923
1121 5345
3028 7141
1480 2942
753 4937
3155 5691
6072 6681
4830 6282
4900 5634
2250 2509
2078 5550
4777 7494
6600 7080
2957 6143
4312 7102
615 6822
3959 7641
1116 5910
3965 4092
5483 5943
3427 4335
5326 7443
4121 4513
1753 1986
2033 2857
2564 3028
4723 6012
2416 4842
4770 4884
2120 4945
4719 5830
3320 6970
5221 7640
1382 6976
227 3851
5279 7442
2311 5700
4580 4671
3137 5934
420 1944
900 5434
1596 5771
205 1985
458 4832
91 6010
4843 5082
3688 5051
473 5445
4495 4531
4634 5851
339 4185
1190 4916
1113 3087
2544 3687
3284 6845
2886 3248
1621 5389
2680 7355
4560 4843
3711 5224
1877 6331
1595 6738
3032 3073
2416 6050
955 2926
2681 3228
2430 4580
2441 3719
622 2313
1783 4468
1589 2429
1724 7489
1341 5249
450 6681
3902 5499
7303 7340
1095 7221
2809 7200
5968 6529
2629 7277
946 4817
669 6174
6395 6529
391 3174
2880 5375
611 5836
2735 3718
322 3763
191 4944
1516 5019
340 3772
770 3965
2230 4080
3292 6186
1914 2679
2380 3934
1051 3354
1433 6979
264 5315
4105 7517
4203 6566
1165 4636
461 2231
2644 7494
589 6357
5411 5615
2754 6893
1398 6449
2336 7323
4396 5085
658 5329
4040 6876
292 5618
342 2569
1699 3121
1648 2323
190 3031
4891 5410
3364 3828
1073 5506
2677 4182
2468 5757
1086 2683
5151 6916
3854 6009
1899 5530
1506 7180
2189 4567
1289 2895
142 2860
6276 6481
5803 6850
1574 6326
2188 3288
2714 6103
5429 7028
1099 1568
2591 5748
853 1270
56 620
4832 7420
2348 5577
2930 7176
1165 6543
3883 6065
3206 5916
4580 5263
563 2670
2548 5318
3825 4618
2622 5666
1910 4318
732 7577
1758 7618
3405 5615
49 2758
719 3864
3637 4176
499 843
1652 2470
268 5944
2095 2284
4357 5072
1180 1572
3276 4337
2593 5156
2477 6576
4664 5685
2839 5187
906 3638
2569 4909
1829 2149
6276 7097
5869 7301
4851 6889
238 7295
639 2142
67 625
3152 3187
3359 5639
2760 5841
3087 4787
3130 6127
3095 5568
1840 3302
1769 7123
2774 3863
292 7225
3595 7003
2507 4584
5228 6813
2598 2776
3656 3866
3106 5692
5597 7321
2217 3482
5816 6549
766 4643
1019 1972
2479 3614
3063 3225
2262 5211
1822 4065
35 278
1322 6649
1183 4113
706 1958
1581 3900
3841 7554
3176 4219
1116 6461
2020 4739
2588 5507
2171 3863
3711 3819
6305 6384
2775 6969
4917 6543
2016 6749
2591 4561
1928 2240
422 6968
1063 1228
1067 2615
3946 7125
833 2122
2107 5853
348 4703
1183 6006
4137 6262
4333 6872
2541 3093
745 6304
4930 7297
475 7099
5959 7380
3643 7435
3577 4099
2809 4591
1015 6393
1421 2364
378 3698
579 2647
377 612
3137 5547
716 3519
1408 5628
5645 6110
2417 4962
464 7537
2196 4614
186 1350
522 5435
152 4275
2756 2905
4541 6780
4211 4779
505 4000
246 2355
261 7220
2395 7589
2816 6612
1483 5921
687 3037
2368 4361
1511 4532
146 4707
1699 6510
4402 5571
459 3846
1097 3386
6076 6684
4640 6568
6205 6643
4478 5921
2636 6610
4149 4922
1758 7143
643 7586
105 2821
3507 4351
3324 5343
3663 5468
427 2512
1154 1358
758 5738
1325 5305
6589 6760
1617 3334
4384 6122
181 6444
459 1501
163 2365
3317 7322
1997 2783
1702 3719
401 3428
3158 6636
2192 2841
1104 5633
463 7457
5246 5697
3495 6377
2253 5051
2780 4142
2062 6951
514 2124
3531 5093
964 4463
2764 3919
5397 7167
701 2940
3716 5929
2323 7370
1052 4502
132 6090
2367 3063
4232 7395
366 7222
2508 3887
2067 5213
4957 7599
405 4988
1931 3025
2942 6549
1153 3442
2543 7631
172 5015
5828 7363
1264 4606
382 4867
2814 6246
5415 5923
1269 1675
3271 4264
1311 7157
2346 5607
6588 6645
551 5562
3705 5508
1102 2721
6187 6852
4332 4616
2034 3495
4080 6230
873 1933
466 7338
637 7175
2561 7624
501 5658
239 2780
1831 3225
3758 4672
3606 7068
3677 5011
2990 3734
1482 3829
2559 5685
5849 6838
5019 7148
3234 4681
1142 3178
6168 6978
2773 6033
116 1034
4158 4887
139 6633
4489 5896
1472 2226
4143 6850
2041 7495
4004 5243
1816 5725
5568 5664
4124 6110
6286 6418
1440 7502
981 6087
244 1266
2050 3988
3174 7424
53 3616
4133 6880
1333 4631
3592 7609
688 2970
2291 3890
1457 1891
1963 6657
3643 3797
906 4075
1497 5404
1761 3735
3728 5497
3859 5760
4632 6191
2261 5042
187 1360
3111 6117
6645 7227
4259 7597
5326 6274
1320 2994
2003 2330
117 1609
5757 7265
4683 4706
6162 7353
95 2152
1734 5734
1991 6107
879 4608
4173 7159
5695 5997
3745 5429
5051 7402
3623 7283
341 348
2652 4162
2127 3783
1909 4451
531 1116
1928 5409
4107 4773
4577 5697
1618 2542
1765 2139
1128 6206
1668 6091
1409 2118
737 4897
4657 7221
696 6585
2563 5863
884 6883
164 1396
2892 6601
2 6022
3823 4427
2901 3627
3161 3671
1912 2173
2969 6188
2878 5746
2658 4939
1388 2490
1928 2307
2118 4810
5 4245
2899 5613
52 7174
4648 6163
2652 4696
5555 5889
1376 2751
524 4681
3807 5115
869 1534
5524 5720
2963 5219
1956 5295
1392 2551
2704 5124
7315 7463
3398 3864
3786 5491
5296 6300
3460 6162
400 6914
2283 6549
3508 7491
5723 7235
135 340
1037 7344
3552 5416
2313 4270
5141 5292
609 1345
5081 7463
1841 6380
3661 6206
448 4282
899 6497
4152 6111
797 3579
737 2851
2259 5894
4724 4885
1028 5337
310 3827
5190 6293
5937 7334
2024 6245
2432 6245
2215 7053
2191 4849
2206 3455
5646 6848
1163 6096
465 2067
422 1843
3040 3555
1207 4870
3451 6371
3461 5308
1238 7581
3649 6066
980 2819
5970 6755
1373 4731
2252 3607
901 6178
1931 6868
3605 6462
2595 6341
2318 2714
477 6544
514 5732
5899 6600
256 5140
7325 7334
277 5510
3276 4065
2157 4842
366 4958
2713 6698
3065 5064
6300 6597
855 4929
7273 7323
2591 3262
2695 6288
4139 6016
1222 7545
26 4236
330 6883
449 468
2768 3053
3199 5421
2156 6373
165 2831
3 2240
2519 3767
619 6895
1626 2286
1778 2817
2120 4004
2535 5734
983 7454
1125 2614
2054 4488
5386 6072
613 2935
5159 5409
4862 6608
3186 5907
861 2876
4522 7639
5670 5944
4921 5883
252 5027
2234 3580
1774 6556
1960 5641
1360 3483
643 5268
4597 4677
1460 5831
239 6779
2431 3703
4449 7367
2846 3219
2917 4052
3926 5548
4730 7223
832 5741
821 6756
5890 7174
4175 4866
1309 1505
4336 6191
1163 7240
1669 1842
664 1962
4763 6251
2323 7513
4715 6177
5384 7072
755 3343
4679 5901
948 7517
1586 3032
174 2086
6316 7623
184 846
4861 6524
4515 6429
3972 7479
2306 2845
1111 5802
1439 6194
1000 6297
4739 5470
1166 3052
87 5118
537 6802
4250 4408
495 7161
1021 4990
1549 5892
905 4434
2849 4345
1832 2755
4880 5273
5401 5838
6239 6971
1157 3584
952 1679
1455 7392
380 1224
1982 4630
4701 7320
487 6696
2724 6959
22 4261
763 1951
4637 6135
3459 4506
4884 7235
1664 6812
330 2569
2139 7141
2161 3529
2068 5375
4035 4105
5572 6850
753 3975
1516 6785
3045 7490
632 1530
3172 7437
2692 4644
4224 6996
3822 5978
1543 3512
193 3022
893 2555
3786 4665
3409 6750
4933 6041
1916 6666
1458 5240
1598 3306
3845 7495
4930 6141
2993 4022
4201 6257
2188 7240
1720 7165
4701 6806
4721 5128
3819 7628
6340 7608
557 803
292 569
1618 1673
4171 5757
3968 6691
1447 5258
1636 6865
3518 7012
5443 6128
4692 7631
1927 5345
4799 7045
3628 4548
2739 3869
4628 6612
2149 4169
832 963
3444 4553
748 4960
877 1639
5447 6166
4335 5598
3474 5716
4261 4978
3034 4288
1713 2799
836 4504
3386 3722
1 7545
1849 6400
6857 7203
895 1723
3421 3464
177 6113
801 1284
3114 3718
280 1937
4104 5722
1950 6891
3510 6377
106 7365
6532 7445
5212 6971
378 2717
4532 5531
918 7608
1531 6295
918 5300
3830 6977
3064 6115
5854 7286
435 4001
4135 5886
3142 4463
4044 6684
2160 6244
1092 6722
540 770
5018 5549
2049 3895
1784 6804
2851 4748
989 5905
22 2629
1476 3823
2384 5867
2005 2143
1106 1334
3357 6828
2251 5946
609 3685
6728 6897
2176 6795
490 5286
3373 4435
1711 3497
3644 6484
2176 6617
2758 5859
446 5637
6326 7415
4622 4884
3222 5590
3185 4940
5018 6942
5210 7469
3471 5066
5498 7373
573 4606
3778 4600
1701 2096
1315 5463
3023 4876
3351 6719
3901 5709
2007 6095
1462 2308
10 5370
3577 5877
3601 6084
3485 4260
2310 3364
2059 5102
7200 7363
4058 5238
3693 6648
280 4527
663 6832
75 541
4590 7174
757 4965
250 1879
5447 6837
765 4324
76 3535
4257 4949
3410 6335
2211 4588
2732 4797
4639 5171
2999 5045
639 2657
1655 4594
1901 4198
4606 5830
1434 5921
2950 3399
2727 2789
3567 5209
3254 3403
3452 4328
3703 5602
3832 6652
4861 5360
3465 5014
3662 5763
1578 3208
444 2581
53 1892
1137 2692
2352 2384
2892 3002
1453 4444
1673 5218
2012 6179
403 1066
4865 5298
797 5290
2551 4738
3925 4880
1986 7255
2048 3226
5798 7524
3187 7081
2570 5421
5744 7541
484 2557
4318 6381
1675 2212
5351 7462
3880 6869
159 4457
2830 4984
5282 6262
1714 3080
2212 2848
5729 6982
2514 4401
2734 3463
2504 3591
3222 7515
1455 2717
2630 3970
2087 6984
3165 6218
627 1433
729 1120
7012 7292
3178 5986
905 4303
611 894
2588 3234
2385 5565
5786 6202
1358 3070
2036 3338
3003 4423
398 7605
724 4398
1012 5345
543 1002
1651 4770
1191 5894
491 1460
1279 3514
567 7402
831 6167
4896 6813
6666 7306
749 7510
2608 6986
461 4011
2379 4032
5618 6864
5393 7570
3343 5976
1853 7573
3486 7096
211 1876
1709 7046
1244 6379
612 6399
4927 5599
6 1041
65 3778
992 7013
3364 4611
858 7050
3565 4614
6630 7351
844 3993
1298 1782
1093 5646
1519 4513
2066 7232
1264 3832
3177 4696
758 2460
3674 5909
609 5425
2885 5989
253 5300
1740 3461
3933 6539
1874 6421
6067 7524
4528 6271
3675 5263
4441 7253
1917 7073
85 2047
3565 7508
5381 6114
785 2759
3743 4052
1385 3086
384 3020
1322 6047
1938 3101
955 3308
2446 7064
3327 6835
637 2697
3193 7144
5725 6860
3652 7219
4940 6652
5039 6461
1875 5020
1202 3409
4771 6085
29 5672
6223 7611
3106 6495
5721 6238
4311 7101
2948 3806
2799 3835
2242 5324
1501 1657
3653 6887
2931 6057
990 1324
1515 6793
489 6556
3892 6146
1392 5057
1556 6810
1928 5955
2814 5756
4082 4287
2911 3421
2829 6744
2453 4325
5674 6795
3584 6097
6205 6924
31 4960
2992 6201
200 6453
6800 7415
3144 4423
3500 6864
574 3679
1625 5243
26 2495
2132 3928
3079 3182
2293 2396
147 3886
3637 3776
5777 6373
2191 4862
1447 6714
2005 5221
4166 4950
595 4090
1762 3585
1237 6228
4803 5292
1174 5295
1772 7060
4369 7633
524 6814
1829 6887
728 5041
2978 6549
2374 6708
451 7337
936 7173
3366 7377
1522 4476
5155 7150
5214 7293
530 2640
1574 2256
601 3444
4382 6903
3532 6240
557 5099
985 3530
811 3884
2432 5047
1371 3370
4324 4511
3633 7175
438 2616
5641 7201
3011 3692
1937 4424
3213 5499
4167 5790
6590 7526
129 977
3407 7612
3101 4929
4487 6427
987 7036
1046 6240
3997 5902
375 877
1842 6401
5173 6989
4706 5017
2610 5980
3518 4944
4340 7627
1057 6435
5629 5842
5240 5446
5092 5525
1290 7423
1316 5625
2988 3205
4278 6558
5336 6605
2430 3563
2808 3467
3588 5797
1738 7004
5376 7179
3064 6167
1723 3992
56 3504
614 880
1238 6549
6431 6977
2653 4897
506 6983
4493 5920
1007 5292
419 7588
2376 3426
2875 3745
111 4488
2894 5210
5442 5615
559 6955
2805 4856
3148 3407
2983 6851
2757 6722
150 4312
2063 5766
1910 4133
359 7633
623 4574
1651 1891
1171 5535
443 6588
1099 1755
3719 4987
1011 5089
2373 5905
6185 6803
133 5230
1435 4605
3082 7067
5736 7453
3693 4291
135 7483
923 2465
423 4284
977 5578
1275 6497
3382 7560
1655 4454
6681 7170
321 2075
2574 2581
1682 4212
1622 4674
3989 4973
1736 6777
1556 3338
1668 2589
1070 2230
5963 6303
2043 2678
189 5855
1064 7564
930 4185
1281 1943
765 1098
782 6345
1938 2678
5183 6711
1121 4920
3275 5014
3988 4193
3118 4305
3385 6343
1130 6448
1525 4066
3616 6893
363 1779
1183 6791
6413 6591
5476 6387
3662 3779
2986 3862
2172 5794
419 963
164 3068
371 7425
3945 7022
4052 5706
4718 5736
1316 2299
4172 5228
4605 4839
474 3070
3420 6755
1666 6938
3439 7291
44 4309
2113 4052
542 1082
2116 5462
12 2593
275 5786
1341 3365
2389 4211
3478 5032
469 5588
4639 5981
520 3726
2889 4110
4138 7002
632 6621
2454 4113
1887 2017
5397 7620
3876 5510
1328 5667
4858 5069
2689 3843
799 5416
491 3764
5188 7235
948 4685
6116 7529
874 7473
4626 5341
6341 6682
1163 5903
1125 2751
1601 1700
234 7234
4609 6775
739 3254
147 1015
735 2841
6142 6455
2752 2891
1214 3465
2306 3809
668 3124
2110 6464
711 4436
4672 6026
1197 2206
294 2868
5183 6412
1008 6089
509 5771
1863 4499
4116 6549
160 847
830 1105
3382 5319
3280 6995
64 7597
329 1839
4029 4975
5202 5496
2270 4303
4802 5726
4570 6427
5957 7028
30 1920
3490 4511
4905 7297
610 4862
3400 4394
3135 4037
134 3452
3549 7110
837 6630
2092 6024
1137 6604
1864 7078
3745 5081
710 7579
3294 6244
421 716
4949 6046
4934 5361
5048 7295
2609 6907
2464 2910
1538 2580
493 6512
2705 3393
3861 5432
62 6063
926 1258
1981 3177
5824 7218
857 3349
6115 6369
3677 7174
717 6875
5370 5979
3201 6470
1594 5966
2496 5185
5061 5382
2567 5622
2872 7459
4046 6020
1501 3407
925 2244
2021 3487
3046 7598
2647 6901
2500 6935
3599 7421
1305 2981
3323 3758
5507 6091
2622 3820
3921 4019
822 3625
2060 4479
492 3758
622 5230
2845 7164
798 4307
1064 6572
2185 6635
3070 6628
301 847
315 396
4236 7634
1579 3938
1372 5402
3441 7429
2501 7115
2663 6801
901 5841
4550 6194
227 2183
5266 7127
3004 4390
839 6759
4480 5277
7197 7377
2111 7503
1496 4962
2866 3049
6111 6239
3708 4835
593 4004
1716 5609
2460 4435
3009 7455
6885 7030
484 7336
3577 3581
1972 6927
2714 7299
1529 7474
3344 6510
224 1278
283 6104
3597 3890
2332 7647
4079 4881
864 2452
3067 5780
1997 5524
729 1781
5124 5680
5588 6196
2743 6174
169 3082
3754 6418
1690 3993
3664 6879
2341 6103
4489 6204
5422 6423
452 4378
3167 4770
1481 4510
1602 4355
434 6399
1019 2525
4087 7340
515 4626
2591 5860
3583 3765
2855 3140
2558 3950
1841 2280
1346 1818
1746 4462
3585 4478
1643 5634
994 6750
4352 7172
3544 3695
107 5639
4673 6549
3068 7043
1103 4036
2455 3321
1467 3950
293 3570
526 6613
1647 6743
393 1566
6031 6382
5007 5974
651 3085
4247 7206
427 856
3206 5278
5855 7148
1172 3554
242 4539
5553 6602
6439 7375
4248 4361
2713 7612
3948 3980
5158 7153
2602 7161
2334 5247
3356 7104
918 1744
4104 7098
5043 7471
402 3619
3253 3673
687 3975
2523 5539
6188 6588
356 7327
124 6813
3263 4584
175 4987
1281 4535
4270 5178
3379 6147
3993 4729
1615 6352
124 1048
1909 5840
4023 7591
1890 4355
963 4413
903 3371
6454 7302
697 2688
102 3854
2790 4583
1264 6371
3695 3769
5769 6811
494 644
4822 5180
5090 5371
1502 5203
262 2145
198 5347
3302 4986
4422 4972
1188 4709
575 6181
210 1446
2706 5305
2252 4730
2811 6468
336 5855
1093 6651
7454 7558
691 6895
4763 6207
4543 7306
1285 6561
2427 2468
341 5659
2190 3799
2315 6398
4499 5848
2312 5846
4970 7328
4054 6206
3994 6797
3710 6665
6006 6271
6367 7232
512 3947
6879 6942
343 1719
6205 6900
1546 3593
1377 4144
6688 7640
4383 6228
1305 3522
1581 6720
4009 6105
6013 7649
3204 5202
3811 4383
2486 4353
28 3521
3946 6386
3572 4183
4636 6559
4586 6433
107 6511
984 7587
4391 5485
4123 7512
4049 5412
3679 5070
2004 6335
1254 5027
4239 6838
2084 2912
2974 4897
652 6726
2526 4728
1363 7090
2732 6138
2489 6134
1449 4882
953 1390
1103 6115
3119 7045
6553 7099
842 5375
567 2195
1737 1748
2082 7498
3969 7084
5095 6302
109 3595
1016 7036
3562 4914
4627 5618
2229 6372
3805 6581
5395 5432
2612 6073
3461 4582
595 782
5264 5680
2499 3918
3172 3238
987 7306
271 6617
28 3854
1917 6990
3633 4681
2258 7626
1439 6795
428 6822
1933 2651
4181 6665
2511 4501
2977 5069
425 7340
1953 6021
4469 7586
331 3413
4055 4487
5558 6563
1384 4643
347 2044
3900 7479
7021 7329
682 7499
944 3135
2882 5534
60 4410
397 7560
1465 6932
1015 1570
1911 6125
896 7548
1625 3168
1086 3464
879 1047
506 778
5721 5822
932 3767
3313 3890
510 6378
1723 5830
4232 4820
4694 7376
2871 5997
73 1595
129 488
3426 6243
3944 6189
351 4861
1070 4082
636 3980
2187 7628
2965 4286
677 6756
353 6867
5724 5804
3816 7072
5588 5772
1823 1947
159 2675
4536 7155
5847 6423
1147 1667
3543 4671
5099 5982
497 4431
6316 6387
1169 7607
3878 5895
2145 3559
277 6168
223 4663
362 1290
1774 3939
2251 3776
1114 1167
349 4958
3954 6210
713 5508
1204 3550
760 5109
1518 1640
1689 6626
512 4582
6824 7445
2503 4032
2026 3849
4218 5939
112 5243
2806 6356
1385 5043
3573 4665
613 5115
2850 6995
6215 6708
1159 3343
304 7311
4255 5972
2025 3482
1768 2451
3184 6130
2059 6688
5572 7353
4435 7367
4809 5722
3090 6198
6813 7337
3184 4260
1064 6169
1558 4622
1472 3339
19 1823
1337 6789
740 2519
1092 4400
4765 7568
57 3193
4015 6637
2886 7401
3245 3675
568 5104
4285 5421
1085 3514
3249 6814
3683 6898
3111 3316
2141 4074
4305 4478
2014 3009
306 4856
3044 6813
4750 6559
544 6077
5372 5589
2141 2587
4688 6156
5121 6278
4969 6446
3663 4518
2156 6191
865 2355
700 794
1511 6528
1801 4837
2675 4603
161 3063
4498 6454
259 4644
5166 5833
6252 6947
4637 7641
3720 6346
4813 7153
206 2721
3326 5879
1000 2472
1694 5598
782 4243
3624 6910
365 1873
2170 5562
18 4649
722 4942
2472 7610
1498 6497
28 6442
4699 5764
4637 7370
4634 5566
2782 4259
3590 7422
3978 6664
2179 2274
3521 7317
688 4515
315 2955
3283 7379
3788 5079
195 4813
2442 2868
6122 6247
1335 1775
2141 7064
2346 2484
249 5113
3913 6391
2328 7028
4634 7388
5656 7002
721 2145
1384 4502
826 5070
2653 5987
617 6311
5729 7101
2170 5937
1925 5388
1352 6066
2387 3229
1117 1336
1624 6141
2628 4813
3795 7283
69 6613
2551 4819
465 2881
932 5940
553 586
1098 4989
634 5430
1215 4616
474 2363
903 2155
1073 3990
1644 6509
2374 4098
2182 5153
1498 3197
1749 4274
3746 7174
1590 7043
6568 6721
4364 4910
3533 6846
236 7479
4665 6632
3675 4006
4573 7584
390 4216
1489 4479
965 2709
252 2835
596 1926
91 7062
381 831
5616 6386
341 2468
2943 6204
2451 3895
577 4751
5218 6547
422 1346
1226 2418
1139 7096
4464 6357
2131 7582
2941 4789
97 2356
2084 3418
1400 1636
140 6589
1652 2199
4567 6872
1052 2774
1202 6568
5657 6036
834 5460
204 2801
441 6193
3099 5403
4975 7280
2840 3313
3362 3371
314 3742
1421 2676
828 3569
3373 3551
1258 4651
757 2760
2123 4201
5191 6244
1980 6830
2576 4048
5039 5548
4602 5838
1399 6103
2965 3205
3822 4355
213 305
634 4004
3945 7334
6286 7350
2793 6508
5276 5441
4593 5758
1708 7386
4850 5707
1204 7640
561 7236
1146 4546
1163 1375
794 2528
2755 4695
591 4999
1805 2856
276 1570
1058 6031
3264 6532
6706 7222
2258 7489
2569 7608
3099 3821
2352 5282
2160 5177
4473 6745
3466 6456
2697 3611
1547 2391
789 7164
4928 7422
2350 7210
384 3767
540 2195
1615 3047
3940 4065
4727 5537
1509 4502
261 2533
1280 5283
3126 6571
3113 6666
1113 5316
5200 6897
1751 7530
2476 6842
464 6317
4683 7373
2159 5006
781 7125
344 5684
1704 4708
2723 4318
5220 6855
1047 2873
2065 7398
4667 6427
1141 3613
4960 5672
494 2128
1809 1856
1239 6183
990 2138
266 3302
2226 7003
3364 6940
1867 6535
3403 6231
1990 4716
4706 6178
6477 7011
735 7300
3874 3930
2501 4331
6161 7230
1484 2580
2031 5275
4720 6801
1378 5107
3598 5044
4974 6861
1148 6324
1488 4812
3632 5762
914 1205
1078 4920
2763 5370
1055 4577
1445 7208
525 2082
216 5183
4556 5735
2114 7569
1486 3903
5739 6098
1260 3037
2519 7076
773 3704
5798 6738
784 3929
4642 5223
2523 3847
4197 5231
3853 6766
5508 7085
2911 6938
828 3158
5107 6486
1201 6977
3060 3385
5547 7136
520 3752
6986 7093
3749 5256
399 7200
3686 6829
746 4365
4719 5269
3 686
138 2012
2326 6070
2788 6651
2199 7015
5892 6397
3779 3969
4000 6699
2167 5870
5515 5970
694 6555
229 2627
3323 7626
86 7292
508 6214
5597 6744
104 803
407 2669
3330 7137
4505 7197
3178 4215
1172 5090
1553 5864
1270 6443
2226 2397
960 1618
381 711
881 4026
4940 6556
1868 4347
3025 6468
2863 6132
2474 3936
5784 7535
1034 6162
5022 6238
2920 2974
3292 7567
994 2328
2386 5095
244 7490
1794 2912
3940 6576
3028 7258
1880 4714
1816 7435
512 5471
925 6003
1434 5274
325 4825
834 4723
1321 1747
902 1504
845 6496
4166 7433
4638 7588
2283 6524
2020 7332
466 703
3892 7221
1092 1946
1145 3040
297 5814
1814 5435
382 4757
365 2205
2084 5186
2125 3788
3193 6011
4179 6628
3238 4513
2513 6959
5011 7638
52 6524
960 1196
499 1555
2021 5607
2058 7088
2611 4919
3339 7294
635 4022
3730 3839
1109 2990
3721 6838
3454 3649
2379 4673
420 2165
3321 7629
436 1087
1931 2218
3171 3689
3643 5439
3152 5337
371 1477
5383 7486
177 7297
2752 5968
141 5085
5588 7044
3114 5973
3123 3563
3582 4884
2154 3166
542 1855
4726 5031
2052 2413
2053 6215
845 6171
3566 6426
4927 6626
139 3750
2722 5950
3966 6618
2504 4071
566 5132
908 3217
1229 2475
1099 5980
1568 4155
1275 3370
2623 5538
1972 4590
3599 6663
3963 5501
1346 6805
3261 5191
2212 7382
1286 3686
637 5697
682 2644
2090 2410
1981 4924
5459 7584
4017 5719
625 3995
2558 6245
5544 7161
1995 2086
6760 6885
787 7348
3523 3536
854 4157
1050 3149
5089 7348
2307 6758
3284 5944
5041 6181
2050 5432
2747 3328
1392 4070
352 1575
1002 5230
2078 5993
34 7190
3970 4710
3971 7478
1215 7341
2915 6940
444 3962
252 7539
256 4173
1574 2083
3505 5133
3208 5432
986 2669
5687 6105
1607 2575
1394 3176
123 7483
681 7448
1096 7203
4011 4694
638 5651
687 5274
4667 7010
3631 5920
4846 6818
1175 3572
3919 4085
3221 6248
4075 7433
4475 4890
4141 7291
1690 5609
2382 7349
6115 6929
1044 6951
388 7133
803 3415
3790 6052
2964 5937
617 715
1364 6109
2996 5558
277 3337
963 5820
1511 3264
4326 5431
3978 4890
2095 5894
7523 7530
2579 3661
631 3837
3937 5930
3011 5535
3282 5608
3935 6967
1022 6604
639 5403
4563 6264
3594 7041
3665 5563
2052 6030
5785 6788
104 888
833 2839
57 2736
3233 5448
630 1574
2235 3144
343 2344
3874 4775
363 1913
2476 6904
1291 2791
5474 5550
4281 7537
7183 7302
873 5559
6876 7612
3452 7176
5183 6206
6218 7621
3516 7616
5726 6913
5161 5756
1078 1206
5738 7495
2492 6384
2799 6972
2539 3313
690 4666
1710 3897
4530 7288
1685 6275
3308 6640
1757 6733
3660 6987
3525 6566
4670 4790
873 3406
22 6873
1898 3195
1520 4400
4436 6561
2823 4261
622 1970
681 7286
728 5218
1321 7233
241 633
5516 7287
1596 6770
1475 7526
3994 7019
1815 6454
1076 2698
3443 4952
1320 2170
1666 1668
1947 3202
3686 5283
2086 3259
3337 5992
1146 4452
7224 7248
42 7466
829 4876
2350 5076
3102 7452
3663 4458
2048 3695
5818 7545
480 4519
81 5961
820 2202
6757 7478
611 3045
465 6569
816 3532
3024 7404
155 2815
1643 7172
3643 3736
2107 3387
5613 5688
5605 6740
3046 6513
2210 6063
2947 5082
2954 4005
5500 6559
1614 3643
5966 6982
4944 4962
4427 4825
1501 2111
4935 5432
192 3882
3647 3887
1951 6889
3605 7041
6065 7061
2890 7096
487 1827
1895 5277
69 1423
1950 4358
482 4530
3329 6251
553 3272
4289 7595
626 2598
1462 5826
480 1793
3816 4286
17 376
513 5683
3174 6344
6605 7029
1011 3942
479 4255
1125 1903
4255 7053
1910 6678
515 6305
3293 4201
222 1332
854 5666
2376 4480
4308 4536
1921 2579
4649 5255
2845 6233
2485 5550
1554 5127
2345 5559
765 3582
3872 3967
1066 5690
3013 3048
1546 7593
982 1792
4058 7339
4980 7456
1995 2361
2768 3220
1050 4304
3186 5256
147 4084
2009 6838
2905 3577
5864 6539
3292 5944
1475 4337
2759 3769
6845 7052
2027 4836
6 6802
3220 7600
831 2257
3548 5175
65 5908
5335 5718
585 6787
2248 6389
1406 6582
1648 4286
982 3514
889 1698
3654 5350
4377 6186
1766 6611
627 3719
1215 6975
2427 7545
3374 3938
122 4791
3784 4711
3712 7375
4361 5615
2364 7636
2009 7135
3662 4910
4495 5738
100 3508
4457 7530
7008 7470
3098 7620
1106 5997
2944 5493
69 6244
460 5104
1552 5719
4727 5152
1559 2857
991 4024
2843 5064
879 5535
749 1316
2997 6007
677 7024
97 7450
810 3487
11 3399
4289 4606
4284 4531
4923 6706
272 1005
2498 5443
73 3602
3739 6293
3263 5257
4994 6438
4345 4447
812 7436
1156 5497
3198 6762
4949 5072
5024 6597
1625 5978
1399 6893
401 3438
1575 2191
2074 2430
2654 7515
3268 7214
453 4170
1645 2085
2875 5905
2009 7301
1900 6369
6295 7088
2565 5305
2654 4508
2039 7531
3741 6258
4441 4940
40 5383
331 4908
1733 4104
1977 4056
5563 7530
5305 5915
1122 2437
3297 6212
4130 6685
3027 5756
200 2286
1790 1832
729 1400
2246 7020
1295 4707
1609 1627
252 7506
2251 5721
2870 6534
480 1169
1642 1687
712 6898
1325 4593
4274 4483
1771 3264
5431 5838
2846 5552
3886 5225
772 1216
763 1852
5391 6170
1610 6643
449 3495
226 2771
968 3417
2522 6166
5297 6441
1411 4575
2622 6092
2426 5650
3460 5848
1035 6988
3971 7431
2748 4793
3711 4820
406 2808
2929 5266
2255 4017
3822 4208
4167 4842
1663 7351
1014 1425
160 4127
1990 4873
2824 4230
105 3581
2918 3620
2277 4175
5273 5354
1652 7071
5081 6495
6597 6855
1597 2280
2140 6441
48 1963
1816 5870
2225 7511
2928 7017
646 7427
5908 7417
758 5187
2325 7002
898 5777
6926 7346
3509 5784
2529 5557
1743 7418
1679 5187
6722 6786
2961 7627
491 6996
4002 5617
833 4191
4026 7602
5689 6738
2972 3084
2138 3596
4293 5478
686 3380
5352 6649
5252 7328
624 6591
1756 2471
2198 5567
3083 4398
923 4899
5020 6059
3278 3405
3702 4194
3764 4250
2392 5539
4208 5077
7055 7420
1781 1966
2605 6857
4852 5073
5344 7502
158 3288
4026 4884
2095 5291
5123 6998
1949 2092
1845 2711
1453 6847
3357 3620
5094 5868
486 6904
1813 7106
4892 7361
2367 6540
2346 3412
0 2024
690 5892
6893 6931
170 7541
6213 7027
3728 4226
1001 3063
61 7530
215 1960
96 2143
6328 7158
1573 2383
1175 3147
3074 6170
1262 1881
171 6554
995 6486
598 5578
3348 7006
5595 7645
818 6371
1417 7024
4192 5203
339 7461
2337 5457
2104 4094
35 5833
1154 5980
4700 7266
4878 5335
51 1589
3147 4101
1410 2170
4386 4439
83 7071
483 1547
1099 3367
1941 5514
366 3056
3641 4110
2222 7502
579 5693
2165 4549
658 5655
2626 6198
789 1376
8 118
1477 4678
4821 4861
542 5897
1451 3594
1678 2207
2230 6972
2884 4463
3935 6050
478 5461
3752 4009
4198 5657
226 1692
741 5897
2281 5211
5903 6523
5210 6490
3877 5153
783 4859
1832 5621
1190 3753
306 6887
1290 4280
191 4034
849 5562
1328 3866
4842 5305
4555 5329
6613 7160
3740 6853
972 6987
386 6051
2470 7034
2030 2190
817 5865
5871 6185
1606 3972
1326 3024
1284 3097
249 1172
4411 4847
957 7297
330 7348
518 3678
3299 7140
2399 3584
596 6251
4677 5636
4067 6599
3278 6745
6117 6847
2108 6793
1908 2037
2449 3541
6666 7360
1106 1575
4383 6239
2594 5724
691 6927
2934 7262
1454 6597
2135 3050
1706 6366
1860 2754
3184 5192
3524 4536
2150 5384
4340 7528
2661 4585
587 5964
1779 2982
2747 6276
2756 4747
4174 5636
3863 5967
2141 2440
2649 5108
2882 4711
5595 7513
2276 6174
3813 4512
358 3341
3574 3683
3220 4573
100 5254
329 2455
1848 1931
313 6191
1727 5513
3640 6016
116 4149
5702 5863
3769 6235
1034 5807
4485 5198
843 5258
4171 6109
3615 6919
4642 5700
1610 3413
6147 6710
1570 2127
561 1956
3060 6482
776 2924
1954 4332
1243 4799
570 5990
439 4252
6597 7290
2489 5488
2526 3644
4954 6500
5280 6929
2131 6718
4662 7218
3609 6273
1154 3972
1107 1574
3530 5248
3032 5124
4357 7004
2806 4576
1478 6755
728 2106
5015 6521
4241 4268
6552 7313
2364 5918
1083 6383
1696 6272
1876 6112
1001 1253
1400 4722
987 3844
601 5837
2119 7536
1900 7344
1074 2637
731 5114
997 5252
4341 7476
960 2088
2821 6229
103 3907
4581 5421
1182 7405
5430 6285
422 4776
273 555
1120 4388
4797 5975
1994 7386
3418 5947
356 5851
376 4595
149 2738
2101 6578
1857 6801
1651 2106
1694 4269
4269 6304
722 3399
7071 7131
1750 6247
4505 7193
33 1102
1910 4925
599 2958
4680 5903
987 2828
5706 7238
2747 4234
1721 5554
2555 5662
1064 3010
5293 6905
4174 6885
2958 7416
5870 7518
3813 6658
4540 7393
2459 3363
51 7206
1529 3881
456 6529
3795 6046
2810 3927
4499 6492
2527 4570
3188 5211
4388 4826
843 961
2951 3421
4294 5375
621 6288
3920 6236
1393 5128
1036 6955
2813 2962
4510 5191
1971 7395
217 3198
4342 6210
3922 6740
4780 7174
6063 6890
4962 6555
2468 3037
4432 6972
3121 6349
5656 6466
4550 7363
3180 5996
3052 5058
6320 7626
2134 5901
4157 7030
1653 5222
253 7092
802 6171
1863 2605
1286 5114
777 1427
1954 2695
2242 4487
2389 4750
433 2775
5469 7545
6300 7517
644 2256
2662 2924
2777 6494
3906 6557
1394 5255
716 7033
3855 4307
2010 4683
259 2336
1324 4324
2207 4657
3894 4005
275 4814
2445 7243
1823 3586
5098 6885
1533 5404
726 3237
6996 7149
142 5369
1000 2348
3648 7148
4773 7483
2426 3145
4400 5124
3074 6455
2211 4461
5608 5844
2664 2865
3453 7299
1407 1653
1269 2163
2950 5714
4846 6486
2088 5089
5783 6543
5571 6295
127 5910
1695 6677
338 6768
4278 6197
3380 6686
4580 7270
681 1555
10 2587
1963 5770
3356 7519
3344 7375
1674 2101
2132 7483
1794 2653
6570 6973
751 5280
4445 5047
2745 4653
5116 7404
1266 5090
1081 7335
2087 4058
5649 6261
3667 7352
3719 4936
1194 2762
808 5397
1788 2351
127 1057
783 1357
74 6586
1619 3414
5343 6645
554 695
4641 5153
2859 5438
827 2007
353 4466
4783 7395
3885 7647
3929 7377
3373 6816
3405 5694
3435 7365
149 4889
2399 3374
1720 7101
3170 6333
3578 7476
132 3167
517 4216
5835 6327
1777 4047
856 2928
1316 7401
2521 6513
5257 5508
6059 6519
344 6816
2840 4486
1764 5148
2274 3039
1666 3833
67 1683
1788 3171
998 5596
1435 7210
1420 6558
5200 6891
4727 6317
61 5230
1757 4145
1661 3016
1742 6223
1947 5720
3551 4718
1678 2653
986 1239
2329 5610
443 5642
2743 2915
2881 3384
4899 7440
2870 5142
5862 6782
2560 5520
4695 6870
5051 7495
56 2693
1591 6050
1618 7126
463 4303
4183 7340
3233 5598
2971 5168
3815 4495
553 2376
7153 7501
1066 5336
3783 6836
728 6298
1790 2253
37 5983
4411 5606
301 5473
601 6360
5890 6723
6741 7120
3433 5799
6065 7541
3859 5103
1314 3829
1567 2691
2757 3575
833 5857
138 674
3425 5665
1291 7481
1884 5750
1449 4707
4414 6918
4393 5064
511 746
1102 7555
2946 4854
6186 6303
6069 6919
5740 6395
1128 2566
1500 3920
1344 6485
1369 4505
3942 5336
6131 7029
95 6831
1023 4975
4044 4971
1432 2627
3900 7404
1560 4131
3983 6507
3582 4866
432 3759
3242 3855
88 4830
724 7136
5889 5907
2126 3416
4152 7366
349 5337
570 1673
4306 4797
1983 3296
345 3431
2965 4867
4326 5291
2549 3330
4702 6019
4675 7136
4207 7623
3325 5398
3842 7256
5043 6019
5335 5530
1165 3701
5155 6994
1726 4667
1281 5623
4251 4459
121 3168
76 3220
343 5448
5055 6843
551 6047
2967 3019
1352 6648
1942 6018
3678 5941
4041 6107
1046 4736
640 7053
1346 2128
20 1288
1199 7586
725 5915
2631 7416
569 4747
1888 2676
1756 3575
2745 6931
2251 4150
2589 5423
535 5033
1603 7230
88 4885
1987 3440
6582 7061
5411 7257
165 1012
129 2390
710 751
3774 3888
6889 7036
2835 3892
4236 7140
3959 6096
1682 5167
472 3691
1106 2289
286 3507
723 2886
2668 6755
2583 6367
2355 4685
264 7011
3924 5809
2666 7279
3749 5656
3341 6363
951 3589
1262 3014
5872 6631
3984 6242
1144 4644
1002 2639
539 4892
2331 2648
2434 3624
2260 4117
279 4954
4330 6410
3551 4193
4476 6578
2228 2292
2414 6088
3876 3983
1898 3249
1368 3876
2112 4351
4401 5589
1270 3613
3336 7311
6343 6424
3768 7143
2839 6394
1378 4183
4535 6902
4668 6653
3743 5671
698 3919
3347 6595
3824 6930
4123 6586
2169 4480
1750 6343
6282 6380
1754 6958
3424 7429
2258 2975
326 911
1269 3804
661 2392
842 1749
683 1563
334 5621
2910 5556
4862 5981
1792 4600
3508 5846
1196 2540
463 2069
1327 4251
243 7338
3921 7196
1311 7308
1803 2056
2257 7030
368 2078
3300 4440
2849 4781
229 877
1465 4273
770 5882
2225 3167
3142 6744
4738 5803
4117 5362
4809 6000
747 3388
3782 5174
4361 7482
800 3463
203 3613
1390 5997
2842 4905
6348 7171
2932 7380
1843 2725
3647 4911
2166 5973
480 3981
4023 6918
298 6939
1371 3413
2481 3260
1444 2665
4053 4788
2579 6110
2538 5268
6596 7039
212 3408
941 2558
3368 6667
1115 1747
2121 6011
1074 4477
5792 6365
45 7020
27 1257
1978 6237
442 6317
5824 5899
4338 6892
1199 7544
466 6630
4416 6379
3624 3926
4131 4723
5228 6738
833 6874
2984 5385
6125 7243
6803 7483
3820 5109
1004 3069
2096 7305
2839 4675
121 3981
507 923
1425 6162
4649 4673
1139 2345
1556 4852
1431 3190
1612 3640
2119 3235
4145 5733
1235 3467
4740 5901
3888 7063
2156 6781
1553 4265
6063 6620
6344 7589
2306 5666
1905 6196
3850 4250
4671 6483
1378 2881
1630 2677
2343 5222
4422 5242
5573 5593
980 6227
587 7555
26 1129
2636 5944
6210 6251
188 6862
2388 4610
1891 6732
2188 5913
5381 6047
4922 7648
2919 6307
2197 4932
2363 5991
468 7537
772 1357
3737 3964
248 7251
117 6487
831 3768
1807 3046
5368 6928
2766 4155
985 4853
5861 5991
4600 5607
123 2300
2790 3872
61 1339
5366 5556
2 4990
141 3221
4585 5421
326 462
2445 6146
1014 4126
280 4352
2210 3077
1249 5353
1478 4331
1522 6956
3186 6480
2789 4498
664 4047
6485 6581
1850 4626
4072 6487
275 2728
894 1316
457 1145
1163 6938
1051 3707
2719 3443
133 310
2411 5499
1248 5369
4670 6345
4360 4751
4800 6925
1827 4557
1299 7085
712 6472
577 4071
686 6386
5740 6511
1398 7195
388 548
4314 5649
1434 5972
3730 6578
4842 6581
6287 6634
4251 4429
4104 6027
4097 5102
1035 5687
4354 6346
3307 3939
1202 6698
2604 3461
1091 1093
3007 6278
748 1242
4631 5447
1421 7063
2119 5763
5086 6227
2379 3339
5391 7310
5788 7629
716 6106
3402 7230
5429 5534
3666 4318
3078 6861
656 7476
3494 4990
3026 5469
3382 5798
4035 6062
457 3559
3121 6382
1940 4842
1405 3664
2918 3320
4593 6256
782 1433
4107 5301
1671 4482
3740 7408
1363 4769
1538 4583
956 2573
925 6945
1418 1814
1701 3667
13 2661
2314 5566
3624 4777
4625 6967
4022 6922
1637 3148
40 3266
1725 4175
2069 7584
4556 4754
4559 4774
4679 7373
3705 4454
1506 6301
3646 6330
1623 5657
5101 6529
592 1430
40 2178
2192 2564
3732 7207
6672 7142
5017 5638
1406 5089
1629 5840
6789 7366
758 6925
3442 4177
3655 5483
1401 6945
6594 7424
173 4765
610 4121
3929 6870
3397 5521
7072 7231
3751 5743
5313 6186
5407 6611
4606 6315
2117 3573
3 2744
2532 5814
4611 5221
987 2479
1035 7469
5788 6576
4999 5810
2093 5099
2771 4280
1744 5611
1243 4520
1926 2407
4026 6397
1000 1474
3974 6489
2285 4520
6352 7124
527 5520
4594 5819
2720 4985
1824 5234
3066 3169
2551 4860
1666 3793
1307 6969
1563 7080
241 2004
6049 7646
231 406
3337 7195
3683 4378
3627 6528
1441 5802
884 3274
4663 6522
3748 4829
987 6092
1034 7409
584 790
1283 4451
612 3015
3221 6530
569 6572
2088 4102
2113 4278
5198 5989
1355 4522
6025 7618
1278 2211
2995 3753
1177 5490
5014 6276
1381 6873
3815 5590
694 4826
3659 4524
3531 5861
434 3766
251 3308
3431 4544
4028 5598
1565 3129
2645 3504
4177 4324
5235 7002
1845 6087
3793 4586
3716 7537
4724 5113
1321 2217
2813 5531
703 2883
3566 6228
197 3306
2737 5586
3204 6878
1280 5450
6016 7541
966 3789
556 4514
1610 6624
787 3012
439 5037
4092 6724
2835 4107
3671 4176
1200 3516
749 5215
4341 6050
5118 5315
640 5482
2048 4499
1572 2037
6921 7349
3632 6415
3216 7316
1049 4648
2069 5389
174 5358
979 6539
29 7183
611 6640
948 4297
6366 7074
2975 6246
2362 6523
3736 5214
220 3268
4016 6148
2925 4813
914 5085
607 6452
3399 4636
941 5794
1322 3743
1953 5473
3085 3313
277 2409
963 1171
4183 4619
2894 3874
2117 4602
2977 5535
3762 6773
1537 6823
3062 3085
2618 5833
129 5856
1338 5180
4600 4725
591 4875
634 4715
6100 6836
2950 3478
6333 7647
3339 3925
1800 2024
2707 3583
2918 6183
1588 2717
1163 2235
1240 1425
1472 4547
5918 6939
3779 6225
6073 6318
187 2600
1921 5717
2241 2979
4119 6357
5186 5579
44 2655
1109 4813
1909 1941
2395 5014
3569 5776
2763 4580
920 3367
6608 7023
2167 7060
805 3896
2840 7027
498 5161
271 5401
3001 5629
157 7343
1520 3887
994 6878
5644 7221
3307 7614
1721 7336
1248 1625
1320 5783
2168 4078
353 6016
2907 6033
2281 3915
1992 7279
385 6323
898 1938
3151 6709
487 1734
1667 6393
4933 7306
3651 6907
96 2053
3053 7435
2031 3331
3282 7493
99 7003
4365 6782
3345 4710
996 6267
5987 6478
570 4472
4256 5337
4185 5917
5861 6503
2797 2984
2260 7410
3558 4091
2126 2973
5084 7178
1444 2323
1329 6608
1551 3229
3068 6406
2230 6902
6 6136
2005 4989
3423 6612
3272 6985
4494 6003
6597 7108
464 2044
4418 7566
1315 1944
3071 3387
2887 3379
5851 6341
934 2254
1015 6607
634 4308
1719 5755
316 1616
5764 7270
298 2915
5544 7007
2739 6806
1943 5735
1878 6713
314 7369
2899 3501
2183 7348
3831 4513
1742 7398
1340 6418
2697 4347
1746 1859
3817 4477
3322 3693
3504 7545
1418 6660
5411 7139
5433 5928
87 2921
1562 3317
4546 7468
2944 6224
1097 3299
60 7276
3770 4125
771 2891
3086 5342
637 6910
2476 6326
237 6568
23 3674
3782 4595
3123 6727
1427 4121
1514 4741
5240 7196
827 7085
4697 4790
3113 3915
1934 7591
3970 5041
1748 4711
1131 7351
6267 7334
840 1927
2790 3631
74 5555
2010 6704
1172 1710
583 712
1918 4884
163 5378
1731 5892
4141 6255
2804 5450
5345 7323
2370 4975
6032 6322
2554 2821
2427 4122
2 5679
3697 4211
5847 7359
5407 6638
3652 3994
4664 6127
2665 5749
3610 5382
3136 7262
880 2077
4454 6489
1138 6823
322 1721
226 4765
5645 6729
4127 6428
1411 2058
4206 4832
1792 5623
5169 5922
1676 7383
4762 6734
4948 6251
5612 5723
3089 6067
3285 4429
2895 6185
5386 6254
2604 5617
2720 3116
2325 4852
1475 1534
1257 1955
281 2235
1558 5342
6145 6643
2298 2442
2620 5502
5476 7330
5959 6632
5829 5954
4548 5059
5776 6813
1658 2525
4550 6316
507 3322
3889 3968
2663 6835
7095 7613
4523 6999
1930 6228
3476 6277
2057 4220
226 6758
3392 3841
1669 2259
1678 3731
1891 2843
4665 7458
1995 6219
5226 7417
580 6432
2010 2067
5460 6243
118 1608
2781 5524
6229 6456
531 4106
2506 3975
3716 3757
114 3882
3590 4772
5629 7472
1322 4736
4122 5332
3291 7543
3726 4561
3218 7135
1718 6704
502 697
3762 6901
1813 5258
6091 6796
1811 6577
2002 5790
2403 3205
444 6164
427 2364
407 2850
3968 4906
409 4683
732 3715
3473 6204
586 6963
1529 3498
6004 6693
354 5573
705 2742
3132 3152
998 4889
2075 4321
4644 5931
5909 6051
1579 6301
178 3823
808 3187
3478 6191
844 5361
126 6825
1501 3457
1925 4983
2311 6045
7306 7339
1442 6830
66 4944
1337 5909
941 6752
324 5577
4263 5112
2154 5739
2188 7060
4183 6484
3845 5928
2301 5319
3343 4861
4536 7183
2406 4937
2339 6042
2170 3159
4284 4407
4004 7198
2002 2185
245 3122
6409 6527
2703 6205
3441 5650
4505 5318
211 3648
952 4734
2022 5268
272 1507
4663 6996
2185 7367
3495 6217
3878 6750
474 6806
129 3675
1323 7306
1238 4022
7115 7507
3838 5527
5135 5332
274 5711
4791 5635
3104 4875
1856 4641
1563 4661
832 2354
36 4801
1218 5112
6763 7230
2567 5502
570 830
543 6061
5586 7125
1714 4074
4399 7535
2838 6527
1538 3625
1129 5100
2341 6725
5614 6104
4085 5773
224 3068
644 4652
2544 3226
1890 5409
4525 7038
2431 3249
802 6019
6107 6390
4778 5128
1340 4833
1343 6988
2964 4933
5248 7222
106 4188
1807 4859
4024 4879
2795 4227
3317 4340
1161 5919
6256 7141
6153 6314
1933 2591
2578 4385
91 1258
3878 4142
3072 3635
2057 3541
1066 2248
5914 6354
4303 6191
4965 6772
1515 6130
1086 6378
1644 6657
81 6945
6589 7211
2360 4727
3666 7646
2871 6954
3085 6539
2962 7394
4417 4501
4802 6661
1710 6217
5763 6135
3347 4375
276 2263
1683 4725
3770 5463
110 4110
2804 4603
4249 5635
1323 1965
2218 6477
139 7560
4982 6834
2373 4419
791 1861
1818 6242
608 1278
270 1007
1266 2010
1820 4015
3661 6479
3107 6928
5496 6211
142 2211
1682 5974
2849 5556
2516 6927
819 7561
2997 6157
1330 7465
1264 1338
1506 3016
279 5420
2291 2549
2585 5915
3053 3494
2906 3032
1999 2826
1759 7210
965 4536
4891 7002
507 7118
6668 6889
6513 6912
1087 6921
5075 6158
188 5841
3910 4419
2948 6006
659 2434
1972 4905
295 7164
3300 4356
2131 6706
6319 6434
1885 2895
391 3613
5728 5917
5018 6088
582 6033
1640 6906
1248 1845
1235 6625
2692 7033
2717 5022
3821 7329
359 1223
5316 5397
1623 3953
4892 5260
3605 4244
275 5898
2410 3581
728 3590
2169 3464
6041 7511
120 5385
2380 3853
1616 6790
4110 5640
616 6472
293 2611
5620 5922
4566 7482
4433 6958
3218 6345
4946 6719
1430 6399
1279 3236
341 895
2283 2566
4067 7189
2656 2986
4168 7036
5995 6491
1418 6938
577 2397
1393 3701
2420 5164
725 799
5544 6136
3369 6074
1233 7040
2401 4380
1093 6597
4677 5680
4987 6757
901 7258
2628 6408
1987 4176
3679 6014
4324 6270
21 5389
3928 6992
4158 4612
3870 4118
3252 4348
5821 5986
3154 7434
4623 6917
3006 6585
3973 5346
3500 5936
2197 2895
651 4846
2949 5281
2259 5989
1212 6741
1342 2270
5481 6500
2491 5720
1438 3522
2426 4999
2549 7292
3966 5270
7004 7431
1324 5755
3961 6075
369 6566
991 2552
768 6121
2826 5248
771 2660
2777 5371
1301 2585
4632 4683
5420 7113
1143 6823
414 3056
1826 5226
2049 3060
3502 3579
4777 7155
4004 4849
1817 5246
5093 7163
2434 4633
4959 6888
3739 6907
4376 4597
4660 6321
4698 4783
6584 7371
5351 7076
7185 7349
2674 7172
1653 7347
2349 6362
849 6674
7196 7322
5902 6987
2685 6211
4245 6885
662 7032
183 7367
4083 6702
2810 6195
2954 3393
328 1373
1448 1573
4971 6609
4654 6466
1968 2103
1848 7592
3724 6511
4114 5174
811 1689
2962 6008
842 1360
1105 4766
661 1027
1204 3306
3411 3627
106 1814
3063 6255
753 2926
4512 6693
261 4119
5028 5113
29 2780
3583 5360
2114 2769
5555 7440
4711 5963
45 1088
899 2379
508 1106
4741 6201
676 4735
2420 6967
4215 6813
1018 1386
4914 6288
1257 5496
6985 7633
421 4835
3608 4925
1393 6130
2073 6099
6450 6976
5516 6837
635 5125
1475 2743
4242 7061
4280 6413
7173 7625
2633 6176
1440 4134
6477 6480
1769 6040
3611 3697
213 2009
1516 3916
2579 3246
2465 4073
1583 4624
5040 6310
3199 7630
2619 5486
3641 6488
3285 5936
1404 1739
1635 7565
2919 6568
933 3674
1378 5940
488 7404
3245 7241
5548 5829
387 7438
330 2033
1029 4114
541 3257
3273 4507
1197 5177
2087 5440
5195 5465
116 6015
3009 5001
2979 6803
3465 3512
104 2058
3145 5107
3580 3750
3396 5552
1109 7644
577 2476
4039 6477
3756 6319
6450 7155
4879 5037
1422 6747
2703 7014
4892 6294
1513 2151
2702 4149
1602 2174
730 2289
377 3666
638 6776
306 7090
1440 1742
3 2837
593 4055
5613 6292
846 1958
195 857
284 4878
398 7230
5300 6437
2611 5294
691 6767
6525 6591
2707 6104
4825 7510
5078 5851
4463 6116
1942 7633
780 4813
543 4889
181 6428
5369 5665
3869 5521
6170 7123
1578 5902
1004 4173
260 6974
4252 5378
3420 5483
5883 6938
3345 3409
2525 3047
3851 6246
4892 7093
530 3169
2164 5812
2286 7092
4282 7278
1824 2371
305 3041
3973 5281
1962 3388
4066 6830
221 3010
2055 6348
1055 5785
5262 5590
2894 6406
749 4240
367 2330
489 4584
3482 6989
1929 3429
855 4724
1219 5589
1672 3153
1032 7065
3643 6985
200 5205
3667 6378
54 5641
3294 3922
2322 4257
709 2745
3255 5858
1410 5267
1193 5619
3056 6288
3128 4462
747 3803
3504 4706
1422 4437
3966 6778
2745 4430
1724 1797
3124 4551
2309 6880
509 7358
1401 2216
2175 3910
1554 2427
2874 6911
3956 6106
1140 6086
1078 1940
1190 4900
569 2461
1745 7248
4723 6307
1109 1339
4271 5988
4925 6967
6472 6570
755 6859
3678 3691
82 1630
1474 6206
2788 3970
3394 4943
383 2962
1951 5120
4839 5891
2106 4917
1447 4833
1976 2951
460 686
2133 7551
5025 6240
3190 5342
1315 2479
2577 3532
1743 6670
1814 4707
2111 3694
2213 3923
1285 5055
1291 5350
1844 6852
2281 7570
2632 6465
1775 2053
1596 4326
13 2230
96 598
2108 2400
2516 6379
40 3133
1183 7256
4562 5854
352 5222
2748 6413
2521 4834
2845 4195
2545 4955
261 5430
256 7133
3198 5381
5700 6485
712 3239
3272 3834
1542 1867
1367 3336
2029 3874
256 5446
2910 6411
2522 3778
403 5994
852 5908
4332 5628
2298 6238
1625 6593
315 5869
4745 5341
4839 6162
2942 5803
6398 6482
128 7185
5334 5936
155 4355
1137 6709
965 1918
4434 4634
246 522
4912 6757
1824 4457
3115 5364
3459 5089
4432 6128
1867 5726
1777 3099
4326 7366
2250 6394
411 1651
1150 2048
4065 4878
2755 3709
3511 6892
4581 7280
1488 4114
464 2533
402 5615
4535 6639
931 1111
4100 7562
2592 4025
2667 6501
1935 5957
885 1612
2392 2577
5016 7013
5460 6758
6447 6734
740 5804
661 3797
807 6438
1571 5074
4999 5705
1176 6715
5507 5981
1375 2116
507 5322
1521 1593
1700 4872
201 1694
289 3407
488 6735
3601 5745
520 2213
834 5796
1968 3467
3447 4254
482 4467
1965 2515
532 6095
918 6452
459 3082
773 4020
7079 7372
53 7035
3591 5840
2828 3919
265 420
1868 5817
3640 4947
4834 5226
3101 7271
1721 2853
3578 6853
225 6537
861 3946
4640 6945
1270 5747
1825 3169
2695 3066
996 1635
2776 4093
3656 4751
6323 6860
5927 6284
2939 4909
2469 3831
1254 5964
2535 6236
1516 3192
4900 5323
4462 6920
574 840
3203 6141
253 1131
4021 7549
2509 6491
5117 6834
857 5428
3441 6281
1761 3007
3853 7407
6178 7184
4699 5722
3272 4679
301 1877
2773 5784
816 2148
2378 4688
1362 4306
1785 7233
425 1341
994 6734
1985 3179
1466 1542
6291 6423
890 1159
2776 6245
639 6243
393 7415
129 3844
2567 4956
1782 5431
2039 6549
2487 3560
1068 3936
416 1930
4710 5949
1222 1264
5320 6256
1664 1667
3960 6024
4306 5988
2613 5714
2470 5647
5293 5702
3411 7262
3257 4726
445 3865
489 4903
1953 7386
1087 3311
2750 7298
1668 4859
4052 5734
6794 7132
2557 3175
316 5105
6960 7120
4972 6259
1016 3577
784 2712
205 4922
1401 3098
512 7292
4448 7138
3745 4637
3283 6827
3704 6115
4787 6223
679 2119
5174 5674
1288 4910
1134 4968
4621 4836
4779 4796
2034 6287
175 5011
2192 2761
959 3227
4040 6352
5138 7075
6040 6375
39 6983
3940 5291
1081 1531
858 6360
405 5376
611 2141
2318 4945
1579 2800
4307 4837
4914 6149
3233 5289
4481 5109
6198 6377
4643 6060
1531 6003
4208 6023
1911 5975
3297 4173
2983 5565
2525 6943
919 2804
3106 5745
1808 6160
575 7023
980 5591
5934 6619
6809 7213
1883 4416
1673 6743
1530 5079
1485 6802
6158 6598
3271 7226
1934 2866
6569 6777
3973 6764
11 3670
4346 7037
1289 6682
2438 7494
1114 2109
4405 5341
5835 6009
6898 7351
5389 6024
1713 5984
1731 6221
242 3586
2213 6002
240 2883
862 4491
4678 5974
5519 6441
5335 6685
236 1622
1456 5801
1682 5830
2223 5913
361 4267
452 4255
201 6987
3705 4470
1463 6370
593 4692
3221 7424
2516 5100
3053 5881
2853 6788
2513 2893
3910 7490
619 4055
1066 1926
1460 1664
1567 6956
3389 3892
1263 3112
4160 6292
4128 5800
1097 2735
37 6811
1109 5966
3048 4169
257 2565
2558 3513
1611 6390
2745 3270
3329 7432
3618 4571
5787 6222
2869 4579
591 7486
928 2367
2782 4423
4480 6125
5339 7317
1753 7384
1244 3328
2137 2166
59 4719
738 5299
5331 5586
4529 4565
15 1169
6203 6459
2046 6745
1881 2128
2735 6195
4011 4273
629 7138
1094 5462
511 3465
6388 7623
1420 3914
1062 7002
64 4027
287 2349
2496 5255
114 7247
3566 5408
879 6540
1425 2257
2686 5833
43 5380
1790 5774
2259 5859
684 1438
4312 5623
3370 4800
2400 5860
3188 4996
2803 4333
4589 6205
1665 6494
2831 6883
3028 5640
2762 7265
2945 7242
3763 7156
997 7405
5576 5712
859 916
4388 4429
2221 5794
3947 5398
3294 3469
1145 5809
722 3410
4080 4623
684 4920
4183 6012
416 1630
5968 7558
890 2222
2287 2550
6537 7616
1646 5369
2683 7197
1084 3889
2736 5318
2071 6516
804 5153
822 1058
3811 5045
2199 4111
1076 6672
4382 6983
2280 6214
593 713
3482 3633
596 5686
3100 5537
4358 6553
2894 3579
4848 6284
771 2346
2685 3511
3101 6918
577 7630
2489 4810
293 7611
618 3329
653 2713
4276 4900
2207 3063
88 5881
2565 4276
712 4154
3640 6614
3688 4804
1624 2741
1009 5017
849 2542
812 1921
633 3013
240 4336
211 1006
1163 3688
100 2963
3237 4773
5974 6880
242 6816
3623 6205
612 5207
738 3176
133 4047
984 3534
4004 4859
550 2838
2043 6322
123 1312
325 3232
683 5010
1623 3386
54 972
8 88
1028 2850
1776 2894
3492 5897
5003 6547
371 5857
1812 4849
1435 7337
103 1597
1983 2846
2748 3572
1324 3586
5159 7153
587 1071
1222 1830
4207 4294
1184 4975
3771 6529
2741 5433
569 3316
2405 5149
909 2081
2644 3142
4668 5633
2356 3159
3941 4313
554 5954
5156 7032
3111 6462
4599 5782
801 3805
304 6538
4468 6586
1749 5904
5151 7443
1945 5661
425 611
5437 5860
6210 7618
1459 7288
461 1636
4734 6257
5349 6302
146 3437
3162 4705
305 3759
593 3711
6278 6728
1760 7167
5375 6975
3303 5143
111 3178
4591 4941
763 2591
1520 2944
11 5617
6104 7489
1107 4571
1076 6318
3101 6820
6170 7590
2563 2900
462 5280
1150 6001
2769 5891
2986 6106
276 5971
1526 3300
2108 4225
445 5513
1877 2053
1171 4309
4145 4916
1301 1950
3372 4432
1580 2375
4065 6033
4737 6897
662 4051
1932 7095
4921 6432
4066 4872
1535 2476
1127 7195
4414 6910
5209 6875
345 5839
4932 7286
3061 3807
2686 3853
3250 3556
1413 6659
2782 6194
1723 6140
6124 6266
257 1589
3776 4736
758 7449
966 2256
5553 7135
1177 1453
4377 5969
6281 6980
1281 3023
2384 5818
1806 1898
2055 6045
1092 7561
2891 7022
3369 4864
1796 2575
1509 2814
433 4060
327 4364
2257 6029
1718 3740
3938 6006
2762 4668
1379 1920
1358 5368
2650 6997
5107 6468
4590 5842
953 2408
851 5141
4340 6371
3853 4866
752 7189
1066 4890
585 4481
1303 7438
4446 5153
3046 3427
3687 4636
1061 1291
3445 3631
3909 4777
2884 6872
2915 4751
2517 6516
551 6997
3541 7185
2503 2795
744 3002
2720 7506
2863 4402
1415 5920
1037 2030
4660 5071
792 3910
406 3126
2640 7546
3437 6149
3440 3695
1643 4021
4539 5622
544 5574
5183 7432
5530 6260
5614 6630
1590 4839
3290 5531
1329 2302
2679 6201
2581 6076
992 6613
1480 3443
4031 7553
1788 5741
45 268
3598 4217
2092 3093
4805 6661
3356 3381
3722 6402
2042 5448
3733 6407
1550 4205
7059 7422
3156 6838
1107 3284
415 3091
6854 7164
673 3694
6735 7243
6575 6605
6337 7339
4185 6435
1161 1901
525 864
7205 7561
3043 3880
134 2321
2012 2579
3115 6837
1316 1476
1019 4983
2366 5402
1121 1715
1695 4457
3613 5398
756 3745
2371 4458
4404 6828
1154 2437
1237 3816
1295 3231
5158 6934
1534 4311
1976 2919
3325 3449
769 2691
4178 5175
2168 3929
2727 4286
27 3633
789 3441
984 3770
1377 3454
1503 4365
4083 4324
3659 6059
2854 5954
4779 7035
2334 2611
261 1332
4678 5634
358 1395
1040 3057
1945 4834
1448 6345
1594 1996
2005 3904
1693 2394
3621 5607
3019 3358
3834 6548
473 3526
3471 6571
2069 2183
1514 1722
4842 6174
365 1285
2627 5366
1130 1673
1914 3559
2685 5780
2734 5698
1664 6337
3392 6112
2444 5310
5666 5960
2526 4947
1137 4847
2765 5221
1766 5831
2142 4215
3311 6485
6512 6896
1199 7312
4700 4921
783 6483
3775 5765
349 7085
1785 6706
1515 1790
6055 7212
4886 7090
2172 3410
1159 6821
4194 4867
2779 5017
659 6069
3846 5625
1342 1634
2966 7583
5499 6375
1137 4017
552 5661
993 6870
4820 6386
5817 7424
1678 6893
4369 5466
2068 2257
2515 3561
1648 2872
457 2267
1650 2318
1509 1598
1484 1895
1063 4404
5837 7134
662 3867
901 5669
3985 5566
2425 5575
2988 5209
409 2844
4396 7506
2209 7588
3316 4015
794 2120
169 4611
3205 7529
3840 4040
3221 5400
1610 2882
3410 3748
1381 5635
1661 3139
3590 5580
1135 2963
2772 6028
1416 1781
2207 4624
2918 3674
3183 7260
750 6864
2213 6146
1636 4204
635 1608
1321 2244
2043 5246
4328 7481
4616 6885
4415 4869
4786 4924
936 6452
3203 5160
6463 6761
2675 7483
96 4068
2224 6867
7465 7584
1771 4308
563 1002
210 2279
5192 5476
4670 6859
2695 4309
42 7452
2587 6746
1425 2337
3297 5961
4080 6612
1603 5191
3102 5573
5512 6428
1691 6061
1139 1981
1321 6524
3057 5155
2195 4956
934 3996
3613 7173
2827 4559
629 867
2294 3919
1111 2557
3748 6365
853 3799
2328 2985
3585 4917
2249 6998
2127 2139
364 2611
1614 6395
2533 7017
283 6509
2126 5546
2982 5034
1874 2166
2402 4306
1494 1537
1847 7282
1965 5851
4140 7159
142 2838
2991 5837
69 7453
179 5916
703 1170
995 5867
3311 5451
1182 6585
5034 7460
6317 6488
2388 4885
3869 5333
1468 5226
518 6521
126 249
820 6930
1013 1616
2177 6812
1277 2485
1421 6635
29 7220
1081 1683
4970 5249
2509 4451
6790 7600
4283 6655
1448 4570
384 709
5384 6104
3542 5638
1088 6562
1931 6765
211 4000
618 3587
2781 5962
496 2145
397 5114
1581 6262
4342 6020
6984 7556
2924 3529
4881 6369
6260 6939
2369 5093
1064 5837
1573 1772
3553 6806
993 7128
187 4847
4718 4933
1091 2592
2181 4276
4958 5125
265 5509
2148 4611
6602 6889
1448 3243
6222 6809
1505 7413
3917 4655
1323 1536
2654 4286
1411 7564
1236 4683
3792 6484
1254 2405
2309 4003
1496 2902
2718 3795
1251 7350
3045 3566
371 1987
3377 4847
973 2942
3687 4018
29 3563
1283 2128
2836 4909
1790 3043
1426 3164
3724 6888
4950 7158
2111 4942
220 4484
2037 4353
2581 2748
7133 7297
5445 6208
768 5837
69 3733
3730 6911
3666 7088
3481 6370
898 6969
1880 5216
4175 5408
911 7532
4191 5618
2217 2355
3137 7395
5133 6935
2999 5999
4256 6569
4100 6007
5452 7562
2684 7261
390 3348
4272 7267
3233 4155
4063 4192
1212 2983
931 3841
859 4728
2333 6192
606 7536
15 909
2256 6581
3330 7097
1014 2114
4673 6421
262 5644
1547 6589
820 1193
2123 6699
1696 2920
6910 7334
5700 7419
630 3232
4708 4764
1990 4541
221 2140
3712 4947
783 1626
1596 6505
5384 6582
4140 5758
2732 5224
354 6998
2394 4197
6213 7217
7258 7501
3519 4488
1067 7209
4227 7538
1246 7299
4509 4968
2651 3772
158 3682
3002 3319
4268 7308
4391 5963
482 3287
4163 4223
2159 6777
4427 4893
346 1715
683 2606
2587 5952
1131 5017
1359 6109
4932 6960
4627 6145
3591 6965
3557 5223
6325 6904
1570 2059
1776 5408
1838 6391
3473 4492
34 5416
1921 3555
140 5323
169 474
1930 2744
6022 6059
2059 5183
3656 4650
4511 7375
3679 5490
2594 5582
1569 6875
1168 2649
5028 6473
3068 4985
404 2402
2257 3703
4512 4597
2788 2992
3735 7605
3861 5125
637 6847
2240 4593
2455 5195
1156 3026
3506 4350
2365 3609
1917 5529
2155 6579
627 6389
6620 6728
484 6349
1684 2167
1376 5459
374 4222
225 6897
2159 5650
4640 5922
2870 5655
1693 6502
724 4974
3354 4846
3138 5510
447 3741
1124 6275
6653 7055
1111 2507
5179 6744
205 7199
1316 3631
723 2208
1359 5175
1995 3557
2365 4622
4407 4856
410 3342
1635 2188
2858 5430
2245 4190
1953 5032
2897 4801
129 4811
4556 5174
4793 7554
4603 5893
4872 5229
357 2394
3712 5141
6262 6909
2691 6680
1272 6314
2881 3649
1035 2622
4176 5546
1790 3322
1303 6612
5035 5985
295 7473
559 6665
1471 7176
2520 5919
1640 4192
6933 7142
2898 6513
3119 6802
3548 4956
1715 3754
580 4090
152 1515
2055 2242
2684 6774
5955 6586
1072 7222
6670 6859
1004 1130
141 6552
5150 7288
845 7112
3716 6164
185 1077
3009 3524
1450 5747
1306 4636
27 3575
2804 6153
673 1612
3127 4229
3765 5556
1480 6720
641 2834
3617 5743
258 5695
1050 2793
3313 6314
1580 6337
649 2180
1945 2264
2035 5592
1094 4574
3275 6770
643 7192
3754 6449
3044 5249
3925 7245
4397 7622
3461 6704
5486 6473
2406 3121
366 5885
3396 4120
4040 4191
1255 2382
2077 7108
3726 4872
768 4887
1646 6393
559 7187
4502 5779
425 7157
2204 4103
3033 4805
1371 3800
1264 4743
148 5426
721 5567
2049 7102
2210 3242
664 4575
1898 4892
1543 6793
2534 6843
214 5195
3761 4717
5780 7512
3790 4208
771 2090
3834 5156
1375 5537
6699 6723
384 2363
5234 6254
1676 2890
1220 2350
4416 7147
3288 3429
2470 3066
5497 6794
658 1082
3837 6807
2084 4190
1749 6389
3896 7493
897 6675
5290 5525
5678 5792
3065 4620
2061 4874
2506 3921
2936 7138
3450 6123
1486 7587
3899 6608
732 1100
1648 6621
273 3592
5246 5700
1591 3253
274 2610
1870 5521
1410 3927
438 5273
449 3908
359 7592
3105 5099
3839 7385
690 3601
2314 6857
2880 6436
1460 6947
900 3441
4730 7294
841 4068
4999 5836
6038 7548
1552 7131
883 2372
485 3619
3228 5580
2950 6275
3279 6945
3371 4763
3522 6681
3813 5891
4945 7493
5523 6215
747 7266
2588 5313
2323 4417
2719 3653
721 1061
1760 5307
353 4596
64 6426
3777 6466
3292 4200
4168 7575
635 1062
6113 7535
6718 6834
187 7067
4878 6986
800 3703
3361 4368
330 3696
5240 6663
5288 5520
1495 6357
2403 4164
5824 7175
6478 6480
747 875
6351 7509
3091 3690
1315 1353
2078 4821
105 3423
2225 7564
637 7555
6053 7367
1513 7634
977 6712
4843 6034
4483 7540
476 6890
5254 6675
2223 6215
398 1862
2345 5205
2929 5947
1214 2182
284 5786
625 7332
5932 6515
825 4326
159 858
1813 3027
859 5332
2537 7166
2963 5119
756 3930
161 7595
4344 6666
6172 7380
2582 7060
4993 5318
1707 2092
5886 5976
73 5624
657 3768
3149 4374
578 7006
1683 5625
4598 5739
7220 7638
386 1830
6100 6904
281 6123
513 4253
1199 4135
2362 5914
1700 5047
165 7121
3907 5822
56 4063
2092 4645
1467 5498
3561 4918
1451 2509
1509 1984
3488 5441
4915 7234
1742 5746
557 7140
368 4049
4413 6747
2868 6326
3591 4077
4162 6684
4970 5671
213 791
539 6026
1119 3643
4422 7242
4217 5532
5550 7279
1151 2594
3408 5821
4788 6652
5747 7136
6188 6489
570 6126
1524 4652
6141 7356
2113 2723
1773 6489
2624 5402
2938 4597
5122 5922
2866 2914
2105 2267
1870 7484
5044 5679
1788 5718
903 3281
445 801
1610 2653
4196 4868
4864 5154
5770 6871
6092 6560
1909 5926
1175 1386
56 5151
4483 5538
3249 6470
6712 7012
3924 3946
5204 5634
431 2518
4282 5859
1901 4569
1857 2116
589 886
1166 6146
1320 3297
4668 6087
3584 5583
1543 2934
5141 6860
1280 6492
2644 3970
6514 6685
4185 4256
5749 7583
3430 7253
956 6069
7075 7390
3537 5700
3510 3846
1718 6513
3674 7324
6571 6611
1200 4172
1121 1433
1377 3446
385 1981
2116 7451
211 1356
1764 2579
1650 5374
6868 7193
4916 5354
1042 4364
1645 2387
2592 4275
4089 4151
2418 6310
233 3915
5371 6730
485 7285
249 2849
108 3268
3263 6333
4219 7551
253 4845
3426 4874
3308 4520
2582 4087
2466 5276
2960 7489
3071 3918
1559 2254
1496 7613
3869 4843
2758 3579
2345 3419
504 3565
1984 6975
1046 6099
2050 4410
3205 7454
44 6058
2381 5948
7143 7621
3922 4313
2403 4925
1099 3911
3557 6484
765 1008
3580 6779
1998 5515
5155 5847
542 2267
2620 2866
5452 7021
3351 3506
860 3733
763 6047
480 895
52 5168
3075 6266
3906 7423
2619 6448
1867 6477
1213 6388
529 1153
3567 7326
6415 7195
2449 6437
2717 7176
6128 6343
2667 4365
3558 6718
2098 5253
839 6243
4127 5912
381 6400
1908 6844
4285 7337
5751 7203
1733 5081
258 2052
459 1843
6523 7140
4177 4436
2550 6996
4928 6869
5044 5907
1562 7057
2343 3521
378 3755
2631 5080
1430 6195
313 3525
4754 6289
4396 6084
3277 4741
6464 6629
1107 6395
4386 6018
77 5749
4991 5771
3128 4802
2186 7591
189 5392
2614 7098
2815 6082
3923 5159
97 7009
1174 6655
341 4698
569 1991
1596 5819
2379 2523
585 4471
2222 5024
3118 6677
2517 5863
5620 5745
1712 3859
4603 5687
2404 7437
3152 4162
4393 7121
1764 6535
3605 6659
854 4580
1873 3221
1968 5756
5185 5446
1126 3696
428 5893
4500 5613
1110 4573
2921 4597
3625 4798
1534 7391
1339 2324
1591 6458
3116 5707
2903 3639
3986 5847
1246 5530
2616 2671
2522 3133
161 1668
1232 3850
4444 6442
150 1501
2073 2721
1044 4673
1722 1934
5255 6905
940 4470
502 3870
3149 3557
1568 6554
3098 5092
2795 3069
5238 7188
5468 6243
717 6155
1725 3581
220 6670
1361 6294
1845 5620
2485 2621
2875 5015
906 996
159 1126
570 4256
5498 6380
1159 2041
1324 3033
1454 1455
652 2261
2011 3673
5032 6797
2297 6878
3349 4398
1353 3115
5436 5978
43 263
2259 3413
5964 6491
6346 6713
4595 5933
3634 6267
5136 6187
1329 6486
4292 6914
2082 5586
4450 6206
2660 3319
5642 6781
1049 4956
1870 3811
4849 5988
662 4548
2343 4746
399 7351
1348 6873
223 837
694 4635
2202 6820
1597 1902
7028 7079
87 2000
4331 6797
2629 7164
2468 3359
3367 6071
2239 5165
1140 4022
2729 3085
91 871
2626 5615
1365 7035
843 3825
2381 4231
1145 6371
235 2823
283 885
7625 7649
1273 5036
4136 5661
29 4693
423 4078
3204 4831
1257 6485
274 1905
2624 3381
6500 7646
2907 6243
1386 7264
2972 4060
4433 4792
4005 5730
3661 6283
3140 5499
5090 5704
5184 6029
583 5287
2752 7514
6885 7015
52 5013
229 2523
718 2961
1827 2129
1364 2180
6202 6448
1022 6018
492 6508
1666 4080
1257 5363
466 2366
2124 4916
734 5288
4362 6069
5679 7525
5609 6997
181 1750
286 3933
4935 6077
541 3833
3624 4888
4991 5813
3219 5168
1165 4363
829 1687
357 493
746 1891
33 5679
4520 5467
4161 7080
3835 6381
2756 5631
1482 2709
438 6461
6671 7392
1730 4093
2707 3414
2468 5628
1864 4471
1008 3275
3080 6210
5066 6687
211 875
4738 6021
3217 5508
3607 7578
3697 4732
4419 7636
2625 7477
5164 6772
848 3127
440 688
3622 5425
982 6548
3870 4073
2410 5239
2620 5683
1182 7124
1452 2471
3850 7052
2996 4090
2673 6936
5207 6809
6345 6959
2832 7224
5537 7458
697 4556
2049 3796
3119 3856
101 1051
2076 4506
4640 5730
4867 6026
532 3652
101 1476
372 2763
3508 6841
3039 6496
417 5287
2142 3681
442 2443
1237 5888
3116 3990
480 5221
519 3903
6731 7185
1716 2408
379 685
6025 7368
1745 3482
3809 4126
3568 6120
1254 5433
1330 1576
3270 5225
1334 3980
1353 6363
513 4067
4574 7596
1371 4509
1837 5805
1056 5699
5569 6848
2772 5225
5851 5858
1039 5337
1409 5794
1414 6254
3475 7239
546 7024
2824 2930
3546 6412
986 4489
4346 5633
601 7466
1734 3139
1394 4056
2710 3701
6043 7047
245 6029
4216 6239
1137 6439
5269 6054
6147 6922
6688 7065
4849 6579
4457 5082
2396 2888
372 6847
1727 4039
884 5088
3225 6801
6646 7346
456 2293
1892 7551
510 2070
1253 1996
5300 6018
3384 4842
498 5344
2234 6909
4391 7373
5773 5795
954 7486
4744 7231
2739 7124
2934 5959
210 6094
3511 4643
1773 6357
773 4382
721 1067
458 4772
2845 3315
378 4208
4415 7144
56 4680
374 6434
2756 7280
1456 7293
2120 7565
5864 6748
837 6834
3436 6086
826 2142
84 3647
2692 4742
2346 2513
366 3956
1823 3361
4758 6302
1219 6560
4735 6987
817 3234
5310 5737
1541 2852
5868 7397
3577 4816
1684 2359
3351 4747
4325 6016
756 5308
723 4773
3002 3719
5211 6936
610 6364
1827 3479
351 4367
4629 4938
2854 3328
236 2567
2790 2872
3434 4864
154 5048
2387 6325
521 5725
2885 2970
2113 3070
2662 5271
1938 7011
846 2364
1310 5099
3935 5259
4231 6380
1168 1799
351 6768
258 6636
2555 2705
4432 6888
5620 7260
261 5766
1938 4285
1605 4912
1150 4970
2167 4211
2273 2666
1208 3095
4092 6372
4450 6464
4506 5407
876 7061
3018 6709
1588 7612
3959 4103
5184 6211
251 3237
3198 5272
3279 4176
1241 5560
949 6293
1342 7211
1618 2297
2691 2809
4531 4666
214 7122
1780 5745
1072 5561
2282 3952
792 7432
2772 4435
2399 5287
486 6853
2468 5392
6587 7550
2078 7401
3597 3921
3789 4919
2006 7385
317 591
198 2215
627 7525
2077 6641
2347 3746
4443 6232
1837 3153
2542 5341
1906 4002
6026 7605
4392 5183
5970 6426
2737 6151
6405 6874
3135 3354
625 998
6283 6492
5304 7544
2603 4156
5112 5372
1332 2651
1768 2308
2491 4413
1730 7053
330 414
1464 3974
781 6699
524 4126
5281 7206
1091 1948
2088 3725
6577 7260
151 4279
5463 7074
2533 4574
4155 7029
993 2732
3853 4854
308 1206
4314 6003
876 2919
733 1419
1325 4687
639 1202
2830 3662
3123 5037
4567 5271
3596 6968
2116 7383
3188 6618
2244 4985
534 1040
2307 5077
2016 2136
5511 6378
4075 5943
3552 6808
1500 2262
1958 7506
1722 2309
3813 6838
1821 3326
959 2415
920 6357
2052 5250
777 1727
3984 6598
2069 2348
1093 2882
172 754
2664 5247
289 5750
3985 5494
5825 5991
4845 5041
2115 6586
1353 1477
5440 7124
6455 7376
3505 4315
3737 5636
1864 4303
1643 3927
367 1505
6983 7528
2572 3934
4374 5807
2073 5383
1972 6569
1548 2787
2766 5533
4244 5700
1700 7595
1345 5286
5583 6628
971 7288
233 5383
2935 4284
2952 7398
17 2531
3739 6272
989 1824
2169 7050
1047 6507
2082 6207
3326 5779
204 3540
4961 5873
1082 7436
1797 2864
4810 7360
3468 4023
5542 6213
3658 5833
2942 5873
68 6559
1653 7219
4728 6726
5395 6504
197 253
357 7246
159 229
5608 7074
4341 6141
1016 3422
1113 5235
5908 7126
3495 5454
3674 7504
2122 6170
2740 7225
3689 4188
1005 5492
1880 4739
1150 4091
2002 5065
5448 6430
3310 4616
1818 7370
3046 6965
2603 3684
6097 6842
971 6141
3025 6634
1401 2350
2118 4315
4898 6077
1291 6756
2574 6064
3606 6266
2248 2716
2464 2592
6317 6995
2373 3681
2786 4472
2168 2864
969 2198
3086 6927
1857 2886
1987 7484
5378 6934
4822 7144
5262 7560
2751 3601
3092 5274
4587 6113
852 5504
147 1189
1471 5686
2452 3927
46 3287
4377 5008
1536 2543
1002 1870
2199 7597
1308 5062
2573 6254
2093 4370
4158 6658
2140 2998
2441 6741
2385 5831
3982 7165
4213 5087
206 714
2208 5330
1191 6044
2217 5091
1122 1634
616 3776
903 3581
2689 6073
2446 2696
595 6000
1213 5744
2851 7611
1530 4920
254 4972
3537 5891
7359 7482
4143 6589
2918 5307
5782 5842
98 4210
4049 7022
5574 7126
4054 4280
3445 4464
1476 7508
278 3028
125 3586
4582 6947
5698 6292
490 4334
2689 5893
565 3541
51 7620
3688 4768
352 6065
4247 5604
3446 4586
3520 3562
752 2417
2390 2558
2102 4893
1134 5575
5626 5873
4522 5750
5163 7074
4343 4881
466 1921
1855 3129
380 2911
634 3267
4396 4561
3039 3859
2223 5692
1962 2014
1568 2447
3322 3674
2191 4665
284 3895
3421 4903
180 1971
4469 7048
1176 2883
3159 3976
7217 7306
2575 5971
2199 5553
2392 6138
3455 5927
5235 6349
888 3674
1637 2941
2709 5834
2780 5829
490 647
5794 7612
4120 6765
4181 5817
1360 2970
422 4907
2797 5988
1909 6619
6688 7555
133 4060
1608 2906
2180 3711
939 2329
5419 5777
1307 7126
2139 5682
2579 7613
6691 7516
677 6749
5937 6986
993 5156
6825 6888
2752 4396
1448 2718
2187 3528
447 5230
2761 3847
3967 4122
1997 5763
5649 6242
728 5202
334 6247
816 5511
818 5250
4892 6080
1140 4952
3884 5358
6549 7450
5186 6957
4157 6630
3006 6047
54 7089
62 4645
2211 4989
65 1334
1033 4340
735 2842
1716 7225
878 1360
4247 7139
4161 5242
2004 7123
1940 4123
3617 4241
3169 4060
1062 6811
2900 6450
4325 6803
1238 2006
4754 7066
3531 6590
2935 7368
861 6472
1445 7060
3912 6540
6325 6557
2626 3385
3212 6865
2559 3428
404 7144
144 2324
2541 4844
7015 7380
6854 7229
379 5073
5643 6829
3133 3438
4318 4943
3088 7353
1412 3236
1248 7453
7446 7447
559 6208
1745 6599
878 5549
2126 5524
4534 6547
4949 6697
149 6151
167 4791
3305 5751
1312 2998
808 7101
3094 4477
2788 5215
470 3263
866 6104
3266 7134
649 2922
2745 5294
314 3144
2248 3830
3121 6503
1078 4585
1921 7206
4420 4428
1830 6656
4057 6874
4292 5414
1825 2297
2471 7366
1239 5347
1610 3978
1198 6267
3195 4548
571 4303
2990 4118
270 2943
104 7576
5435 6916
1106 5365
4123 5271
821 2378
951 7251
652 911
6311 6571
2676 4688
1896 5737
1073 3890
883 7549
6482 7078
4995 7398
4861 6518
1787 3891
3187 7569
401 7113
17 6129
312 401
2674 3287
1205 2380
4782 6130
4079 4457
1233 5236
4695 5731
18 4257
1576 1881
2319 2850
4499 6613
929 4597
5963 7376
5378 5696
728 4053
2876 5772
3815 5038
3770 3908
4460 6910
2886 6673
1047 2319
5801 6752
987 6888
2552 3344
298 1971
2376 6424
307 3985
1642 3972
238 622
1047 6216
3301 5172
6099 6446
869 4131
2274 5758
44 3218
4457 6603
5721 6983
1008 6747
2445 6450
389 6961
1303 7365
1904 5895
305 1761
2869 5336
775 4969
4858 5978
1112 6179
2182 5018
4342 6590
5124 6046
2308 6481
731 2521
2529 2664
436 6948
2673 3444
404 2998
4145 5871
855 2597
1759 3731
2255 5055
1837 1918
924 2729
4788 7049
1813 4446
737 1515
4097 6501
4484 6097
2209 5895
3772 5996
2521 7434
1413 2675
4563 6530
1388 3520
3017 6639
3298 3660
262 2574
3315 7000
2377 7314
3260 7584
3394 6252
2933 3030
360 3553
960 6189
178 2376
2529 7000
4057 6593
990 1131
4421 5261
1123 2351
3807 5624
2598 5260
6842 6985
448 2637
447 5363
450 6531
4852 5749
6147 6445
4432 6236
3081 4692
1198 2161
874 7562
2530 6103
157 2582
229 4217
2698 6844
2 7569
1498 4258
166 337
4127 4821
1583 6518
2897 6345
2082 4495
3291 6057
945 7433
5954 6961
6183 7536
2026 5859
1985 4765
4900 6107
2096 4336
1119 3044
137 2979
5297 6374
5800 6967
4756 7437
655 3482
1060 2524
2054 3657
2321 3938
2007 7541
3102 3310
2478 3681
3596 3634
2960 5845
4382 5616
4458 7254
3467 7191
1493 3192
2231 6158
2526 4119
1558 7317
70 4901
1202 5417
6990 7120
5459 5853
1842 2413
815 4888
3349 7055
2077 5598
1637 5400
4354 7358
2621 4408
1565 3371
6914 7001
3905 5090
3988 4658
586 7039
3288 6537
3266 5197
4770 5847
4624 6951
2795 5708
1193 1969
901 6888
928 7347
5704 6166
1598 5416
2903 3736
2062 3048
1479 6712
3055 4951
961 1751
2452 4893
3418 6116
3373 7277
312 676
2685 3532
3492 7005
4203 4424
3042 4233
104 921
61 3785
1425 2794
1665 2783
7048 7079
2090 6232
3996 4573
277 4277
125 1825
335 509
2029 7619
1292 6135
186 1752
100 6053
924 7222
3774 4507
1330 5423
586 7074
2872 3476
1925 6452
4679 6450
543 888
963 6822
974 6380
2758 5792
3701 5741
3087 3401
2374 5858
74 7257
219 3684
1165 1646
127 1505
2334 4900
2677 7491
4017 7094
495 3094
2666 6819
466 5672
374 2152
4378 5865
2614 6735
307 3133
1819 4490
1387 6556
829 2688
5532 6766
35 947
1356 2413
4117 7053
444 7563
1413 2534
4212 5509
1737 5785
4993 6980
1504 7516
2821 3963
550 2633
5770 6401
2305 7318
2105 6717
3611 7491
5404 5676
5094 6456
2531 5257
3195 3528
2084 2503
3670 5855
6697 7166
466 2364
11 1901
3080 3943
430 3526
2324 4706
4965 6577
1049 5347
1110 3696
2658 6885
4249 4716
1223 4779
1331 3152
1431 5701
3529 5593
3467 5002
3554 5222
2652 6392
4337 7527
6541 7210
1615 2391
3824 3970
113 1784
2483 6696
1979 3320
1987 4560
5010 5872
1893 5132
339 3715
6921 7142
3991 6461
2399 3034
263 1978
1785 2270
2122 7042
876 2695
1083 4468
3994 6612
688 6965
4480 4649
2722 6750
1262 2435
3150 5982
2131 3952
4586 5057
23 6226
1020 3742
3036 3241
492 4548
3663 7481
645 7277
3237 3750
5401 5510
504 4366
332 3683
3500 5908
2531 6939
268 3944
7156 7474
1942 2961
167 1747
362 2924
4776 6212
5266 5924
2920 4343
1758 4120
1886 2634
3226 5448
4557 6703
2572 7303
1587 6287
537 4484
2170 2293
2224 3294
2215 7433
5947 6461
5156 5248
6424 7131
102 4143
788 2577
1406 6036
2435 3187
1408 5880
4248 5188
1592 5354
55 2736
2549 4220
1054 3904
2648 3840
2467 3293
1558 6505
2666 6016
3774 5170
4907 7064
2202 6628
4182 7431
7437 7606
1064 3574
4756 6178
4168 4431
238 6107
605 3093
4352 6284
2759 4212
2591 5642
3008 7217
5913 6516
3138 4143
1982 5475
1946 5657
4724 6057
2790 4451
753 6697
73 1578
803 5622
3297 6515
1168 3653
4473 6870
1073 6507
2352 6466
1559 2596
866 4806
3503 5327
4394 6783
624 1988
4040 5308
2692 4337
5596 6615
4099 7218
2827 7609
3231 3421
4116 4799
2275 3479
2480 6189
596 4899
3162 7521
7211 7410
1098 4494
3282 3428
3091 5825
3981 7495
342 2717
2314 2470
1921 4125
1607 1970
2354 6195
2138 3274
1203 6183
5407 5647
2046 4889
904 1290
4675 4730
2729 7259
1066 2688
1207 7285
4623 5726
166 1193
6081 6216
1938 4995
1908 5191
1245 6907
840 6103
2567 5404
3644 7105
1962 3454
1007 4425
2292 3477
3240 3941
2868 4922
2212 5630
3483 6848
1264 4911
1521 1988
1980 6092
466 1405
1393 3078
4056 5632
2891 6445
401 1080
206 6938
1922 2777
194 3915
5182 6821
1877 2749
1590 4473
4377 5187
3645 6937
234 7320
3946 7466
2298 4160
3908 6260
4184 7471
5411 6360
1366 4465
3805 4931
1678 7451
828 6780
2394 4064
1969 2355
3995 6849
1867 2140
762 932
5934 6330
3083 7510
2598 6451
2995 4406
5852 7305
464 1550
2330 2446
4933 5294
6301 6948
4903 6461
3480 4376
679 7105
1226 4422
4269 4827
5503 7537
6851 7027
899 2490
5477 5953
5473 5496
2541 3628
735 1090
4431 7085
1024 4147
1764 1851
1815 6067
2341 7347
5877 6731
321 3342
2340 4463
6348 6844
2886 3207
4326 4694
4726 5907
805 4172
6166 7401
1088 4238
2278 3493
5287 5673
159 5865
3147 4336
3420 6822
30 4969
3108 3866
3313 4192
138 3838
1462 5938
1191 7532
3778 5308
38 2839
1288 3253
1965 3897
416 7063
523 2557
1382 2339
1721 2084
672 6089
679 7056
2382 3871
6338 6465
1631 7246
3662 7195
3639 4323
277 2262
6981 7383
768 4810
5795 5961
1281 6848
4655 5565
900 2054
1412 1825
1308 3133
2429 5988
1323 3422
2157 2240
1986 3035
2197 2279
625 2926
2660 2661
6384 7190
4718 6888
4980 6249
1959 6616
2532 3559
1025 5745
332 953
4369 4508
1246 2614
4178 6983
46 434
4022 4144
3877 4731
3933 4274
5085 6724
2193 4190
4600 5246
3798 4876
1149 6447
1544 5678
1436 7581
169 4228
6290 6373
3775 5216
1238 5870
1807 1915
1398 4303
3511 6477
1164 4264
937 2268
789 3688
4839 6525
4204 4977
6225 7600
5265 5358
3771 7332
102 3115
4384 7335
190 4211
5047 6110
814 3686
5657 5698
4320 5888
1205 2369
6170 7318
4986 5189
2874 7500
3184 4140
1381 7154
5433 6275
1407 5748
261 3690
2478 5224
1072 2878
2493 3559
3991 4262
328 1387
5781 6155
1105 3231
838 5297
136 6986
3531 5330
547 2053
888 4002
1821 6026
3556 5158
279 6979
578 1402
592 3509
3287 6440
451 4587
1487 5680
4898 4907
3613 7085
1333 7147
1676 3767
175 2634
479 3872
2809 4896
3574 4653
1485 5877
1169 2787
4026 5597
1334 1956
1052 2780
1476 4465
473 5269
5289 5579
2683 4631
2791 4016
116 5918
2848 3559
3781 6385
630 1717
17 6390
5028 6786
1584 5988
1300 6430
1220 5160
1260 5346
1909 4891
2488 6034
2406 3167
1343 6344
6943 7586
4766 5455
2248 4861
468 1513
5072 5808
3347 3578
4210 5337
1841 4769
1348 7144
2189 3685
3362 5084
4709 6958
3353 5600
968 3897
1664 4628
687 2199
1931 6158
990 1946
1166 4772
1823 2438
3776 6318
149 2510
1712 2885
2992 6131
400 3875
6333 7257
2990 3564
4660 7409
2071 4326
235 6483
1199 5598
4849 5932
2428 4035
4917 5977
5068 7313
2631 3173
2467 6121
4199 5150
1171 4560
1208 2008
2362 6317
5620 7363
2204 6127
1526 4191
490 4643
4641 7338
217 3916
3 6034
3377 5427
380 6448
6118 6656
979 4237
1232 7606
5789 7565
2384 5386
191 1642
2938 5462
2300 6614
5956 7012
2828 6543
1666 7300
2138 3212
1555 5672
5659 7149
5732 5754
1954 7124
2189 5243
2436 6498
5588 7511
1546 1570
3645 5540
4941 6260
4991 6321
99 1873
4005 4908
3114 5113
921 2735
67 6756
1057 6978
2840 7197
2007 2630
1323 7421
3051 7638
4487 5055
4703 5334
856 2382
1567 4581
2917 6982
2320 4066
2737 5641
6248 7392
4587 6389
2882 6956
6631 6781
5301 5924
1302 7619
6308 7254
863 1752
136 6297
1257 4029
1352 6507
242 5169
2945 4284
3485 4560
3782 5927
1787 7061
1499 2051
6998 7625
5999 7297
464 3829
1330 4289
1869 3239
5448 6258
7034 7325
1095 3226
177 1207
3245 5366
2100 2773
2331 6772
2764 3021
549 4244
135 1292
1976 7106
3527 3790
2647 7642
2434 5195
4877 6783
469 5740
1029 7355
1526 3098
2317 6902
3056 7293
4245 7393
1270 4736
6452 6769
2289 2667
1832 3086
3125 3246
300 1697
4311 4812
4028 5878
2003 5424
1216 6331
5935 7593
5069 6119
1064 6561
1864 7190
4609 6100
327 7509
3312 4466
1821 6227
2478 3676
27 100
5591 6891
3251 3888
3451 5926
2947 3839
2221 4585
3401 5048
2108 7538
6380 6527
452 7012
630 7525
2422 2467
3250 6458
3660 4043
3640 6527
439 2586
2611 6364
3480 4243
5146 5270
2249 6479
3886 4434
4254 7248
3912 7052
1634 7172
3504 6081
1034 3343
2404 4209
1900 3436
2108 3652
180 1240
1872 6997
503 6788
1594 1949
120 2697
382 4674
718 5640
1021 3756
1324 6684
4011 4915
1915 7374
102 1466
4298 7328
4380 6454
4069 7585
795 1563
1531 1611
6774 7307
3542 5131
2376 4849
6530 7065
1755 3737
4029 4122
2369 7622
442 2491
4414 7648
4506 5175
427 1692
4241 6017
2360 4485
4409 4970
1278 2079
1510 3521
2158 3267
1256 6078
2605 3834
3657 5731
4512 6419
1882 6847
2964 7185
1414 4542
4275 5656
4455 7619
473 7042
4036 6431
5071 6172
2152 5979
3493 7073
2958 4253
3654 6430
2206 6748
1558 2128
328 3550
1617 3500
1213 3272
4162 4689
6840 7477
2464 5892
771 4423
1590 4244
1096 5425
4813 7289
5708 5869
2119 7473
779 5791
362 5907
1251 6616
1505 4798
4260 6640
1639 3945
1665 4593
1152 3358
23 4617
3354 7464
258 331
3857 6177
4992 6787
6050 7390
3005 6244
4439 4829
5684 7272
940 1380
3594 4235
974 4686
1499 7044
1421 6713
2238 2735
4593 7254
2125 6967
601 4379
5069 6107
1085 5291
1052 6834
543 5605
1889 6002
1740 5159
3597 6400
1566 2126
1422 7348
128 7503
5179 5677
2320 3863
2971 3092
4286 5731
721 7310
796 5638
6541 7552
1862 5632
5370 5477
1967 5910
882 6940
4890 5498
6457 7015
4487 7573
4628 6781
5715 6878
3768 6047
1607 3693
3756 7503
267 1732
912 6721
6429 6801
4397 7239
104 1370
1395 5691
2117 4713
6097 6506
1101 1496
1348 5594
5359 6143
3775 4772
3043 6633
612 5999
1241 7397
4511 5759
3662 4151
4314 6216
2964 3033
4439 5248
1429 5371
1095 5800
507 6582
4859 5183
2243 4283
1781 2535
149 1327
6020 7034
35 1943
2156 6936
258 6439
5062 5732
859 5533
1379 4755
5039 5582
376 5201
2741 3092
2912 3106
503 5770
3258 7221
3579 6593
734 1495
1192 6946
483 4406
62 4168
2877 5656
1909 6164
4117 4450
2326 5407
7323 7500
1799 2132
2703 5662
1327 3851
1368 4562
288 4071
1489 3850
1390 6000
4245 7216
1767 1773
4963 7143
101 3273
2149 7044
6855 7345
1063 6479
214 5151
2470 6244
1147 7049
3104 3893
6473 7121
1840 4116
5794 6701
3419 7461
621 5562
3716 4522
4981 5905
1627 6174
717 1139
2066 7174
1652 6366
271 1041
186 739
3859 6705
1344 7567
2440 2912
2633 6378
3449 6606
4964 5286
6592 7531
730 2055
578 3167
182 5407
558 5206
888 5594
3391 4080
2412 4145
5561 6682
35 3697
1047 2635
3723 5544
230 629
619 2644
2385 5639
2110 2539
4985 6977
1232 1872
2769 5128
4381 4948
5780 6339
3026 6789
25 7283
2190 6108
6083 6559
4740 4875
831 3678
2899 3399
6366 6921
3200 4696
2032 2038
2743 7145
3140 5657
6405 6451
324 4726
5049 6063
1886 2512
2540 3557
305 886
2440 6611
1524 2282
2431 5802
225 5906
3695 7447
2489 6900
1733 5363
1273 5480
1953 4963
645 7234
958 4768
225 3739
1934 5256
3946 5509
386 4355
566 4614
522 2520
3371 5183
3672 6227
6101 6817
3082 7190
1152 4887
1408 4879
1103 5346
1394 5470
2714 4133
615 6916
244 6272
3598 4553
961 7245
1455 7165
2924 7497
2220 3551
1064 4177
4236 6639
456 855
659 2992
1749 7437
944 6478
4340 6622
1477 4279
4364 6333
3645 6733
2156 7536
4381 7027
6248 7525
5939 7588
719 7066
2084 2301
342 6235
4024 7462
2217 7127
4877 5441
6050 7464
1157 6803
1768 4741
1353 2458
1044 1857
970 4049
1290 6293
1174 4078
2469 3546
1154 2073
5108 7321
4171 4869
2185 6830
587 1587
3206 7440
3897 3980
1358 5815
989 1896
226 1811
1025 3011
3965 4942
566 5442
3601 7242
1301 4700
5902 6753
4735 6472
2774 5653
6002 6445
1003 6167
2453 7600
3133 3498
267 2010
7023 7207
1963 5818
2748 4530
2273 7303
2792 5109
865 6265
2678 4672
376 7350
1128 6698
697 3150
454 7006
3257 5632
1970 5292
3231 5114
1093 7156
4343 6370
157 3867
2160 4890
2551 6562
3795 7559
5710 6322
2236 7071
5688 7411
150 5944
1981 2975
2972 6798
4761 5109
1402 4765
1598 3267
6301 7197
5054 5666
4027 5144
2537 6435
603 4240
2125 4952
3164 5238
3705 4797
4338 6559
5625 7070
3815 4482
669 3151
5349 5412
3092 4168
3257 4372
4993 6693
6232 7021
690 2514
2384 5775
6740 6826
4065 7584
7003 7623
2616 3148
1736 2118
39 106
2262 3339
1190 3732
3051 5553
3949 5910
4993 6845
6963 7517
1218 4893
5327 5910
6456 7167
2658 2976
3821 7108
1456 2771
640 4391
631 2206
4459 5131
1429 6912
1125 6189
5970 7225
223 4042
4753 7414
1142 6698
2317 7598
3494 7210
902 3302
730 5545
2383 3044
2107 4051
160 4227
28 4506
770 3136
4988 6016
5479 7425
1540 6743
1746 3988
5188 5690
4082 5894
5555 6276
3446 5730
620 6160
1621 7146
2161 5116
963 6919
5876 6241
2544 3398
3398 4665
4177 5380
433 2373
3384 5776
3659 4864
563 760
1192 5618
31 6945
4245 6121
5353 7274
6420 7551
6421 7142
4279 6047
3399 6411
2554 4697
1085 2574
4972 5927
2891 3384
1035 5766
6203 7466
810 4641
2234 2429
116 5702
1625 7493
1693 5506
1408 5140
1014 6078
2044 3760
3066 4370
3658 6977
1253 6601
47 4205
4194 5589
5741 6475
952 6998
3507 4769
965 3652
936 965
869 7571
4699 5856
344 1379
1213 5408
7487 7587
2467 6723
4701 6340
5418 5682
967 2826
872 3034
3204 7610
561 5621
4598 6198
2153 2856
4396 4781
192 5878
1650 3687
4977 7295
2838 5209
1950 5296
3877 3997
5459 5912
5251 6988
2015 7239
175 3862
1015 7629
2048 4909
3488 5785
445 3936
1275 6715
3639 6442
2539 5313
1921 5431
1436 7361
1332 3904
1322 3875
3636 5133
2182 3174
1452 3718
805 7347
206 6202
845 3287
2611 4134
2065 4618
547 4768
747 4002
6502 7053
873 1072
2261 4743
1305 3486
4910 6942
301 4978
4660 5494
3923 4883
2749 4465
290 7166
2079 7618
4812 5872
2593 5481
1007 7004
1103 7395
4712 6795
1252 5444
1556 3508
4214 5499
578 4606
3152 5174
163 2709
598 5734
3647 6180
1779 7031
1162 3407
1443 6699
2157 3744
1390 4148
1051 1077
6627 7364
1573 6969
2256 6738
2878 6850
875 2252
1647 1873
1295 7446
2389 4568
957 6088
6520 6526
201 4062
3250 6284
6085 6213
2998 6437
1542 5218
6972 7624
830 1066
814 3665
2929 4899
4732 5320
5167 6574
4404 5962
1888 4706
1212 3720
3279 7353
1218 1589
4260 6571
265 6757
3447 6508
1578 1822
2410 4196
6557 6637
5686 5929
2485 3436
2002 5562
1603 4428
272 6443
304 3830
4195 5800
5197 7344
2075 7576
6575 7590
1093 4009
947 1783
5206 6828
3149 3603
3389 6880
1474 1550
2393 5662
2057 6757
6474 7599
2470 6751
689 2235
4053 5627
2580 5338
4232 6394
1118 1134
466 4695
1566 2965
2920 4678
2166 7622
1357 3760
1364 3834
1560 5365
1650 5158
113 4760
2208 2807
4859 6632
1151 6906
775 2823
260 7406
5284 5463
1041 2775
2267 2548
4257 5806
1597 1672
5290 6648
1309 2469
2790 3138
1001 7198
1371 3208
271 3372
1578 6134
2018 6381
1431 7433
939 3147
1588 4458
4377 5711
2867 6012
1323 2874
551 5314
1672 4277
1789 2589
1111 4657
66 2576
517 2037
229 3535
7040 7319
3781 6680
5676 6932
344 5711
2630 4205
1326 3861
2720 4040
4240 6253
253 3829
777 2441
739 4032
1102 5921
982 6637
1146 7475
195 3876
3223 6631
88 351
2488 7395
3006 5409
4907 6094
1167 3420
3484 4898
1239 3094
1691 2906
1064 2819
4369 5822
1998 6818
187 3135
3812 7040
2025 3192
4174 4313
4435 4855
1945 6404
2170 4170
3773 6405
6683 7588
5023 5768
779 4767
679 6712
1140 4882
576 3784
4242 5576
333 4927
2297 5082
1387 6767
1949 3180
917 3473
1217 3684
1028 5982
1388 6282
1444 3369
1702 4695
1991 6618
4122 5836
1182 2132
1304 4078
6458 6492
840 1557
22 7355
2685 4395
499 6364
1533 6221
5296 7234
2705 3966
1925 3668
3712 3929
5720 6036
3667 5490
3710 6201
2961 4340
6398 6974
3499 4149
2148 5704
7239 7286
82 7002
2001 2359
6651 7132
3421 5194
5893 6408
6850 7046
3580 5358
374 659
2052 3483
1955 4170
443 1418
4421 7446
3290 6969
5421 7377
567 636
811 2488
1632 2070
963 2281
4511 6646
991 6316
5383 6504
1207 3971
2543 7075
584 4293
3006 6501
2822 6365
5363 7576
2906 2925
2149 7373
1135 1642
5252 7182
3609 7556
1501 4865
347 5288
4437 5931
3269 6102
603 7075
2990 4938
6276 6406
1787 2622
1852 2221
4107 5347
1714 7312
3717 7626
2174 6697
2782 5344
4981 7589
2925 7054
3585 4140
3222 5619
2811 6224
1708 6090
6303 6985
240 2320
82 3572
4311 7495
2871 2882
2962 3177
5928 7076
2495 4654
2264 5437
6175 7373
1383 2406
4487 4494
1382 3566
3545 6243
2608 5543
5502 5946
1528 6165
912 7136
1938 5413
3997 4293
2397 2882
2636 6287
3161 5058
5839 6572
109 7464
6328 6384
2432 4286
3273 6531
199 6198
2134 4797
548 5523
3083 7517
1448 4251
2916 3526
3870 6237
5640 6193
5010 5870
3122 5324
563 3661
2931 5929
50 6554
2742 5450
3811 6059
1102 6959
833 2947
1564 6684
4877 6864
6349 6821
1491 4464
446 6861
1726 6892
565 3417
4498 5044
1650 5987
3458 4478
279 2231
3134 5429
4747 6631
4779 7278
985 2193
6460 7217
4406 7052
4687 6392
2353 5977
4291 6907
1193 3629
1249 4992
2089 2503
4911 6305
2088 3982
3710 5293
3162 3954
4415 4432
2919 6398
571 6067
211 3158
527 5338
252 2803
1230 5336
5476 5864
3144 4957
1638 2938
9 2618
3899 4516
374 4293
524 601
482 6252
373 1653
1342 7168
2737 5764
1619 2569
2702 3846
2150 3193
4452 6100
1480 3007
4420 5183
3200 6848
8 5817
3595 6783
1226 1532
3375 7507
1171 2168
1327 4555
1468 6192
1477 5347
3929 4280
5064 6120
3555 5361
6048 6545
1910 6855
6029 6745
985 2557
4278 4490
2436 3223
816 3791
119 2411
1456 3796
699 6942
177 3066
2934 7237
1944 3077
2073 2298
3776 5276
4744 7357
544 7474
1150 6240
2808 3798
3137 5104
1958 3506
598 7451
216 5218
459 7569
1821 5217
1439 7135
1606 6792
3113 5723
1668 5784
1474 3253
2419 5062
2174 3354
1083 5459
2677 4865
3457 4296
2794 6879
3623 4034
2825 5400
2874 3300
410 5267
2174 4358
4243 6005
656 5089
1046 2635
1982 5537
2697 4030
550 6405
5643 5981
1082 4077
965 7315
1634 4025
3513 5964
50 2429
7078 7649
1361 1743
2161 4427
2922 5720
2877 7334
1295 2031
1497 4616
53 3714
1269 4405
1431 5386
5037 6015
5197 5674
1487 4244
2929 3566
5547 5558
2550 6899
938 4601
1828 4057
1923 4294
5017 7569
1556 4486
4359 7617
5677 6513
3603 3832
3979 7016
308 4639
278 3501
234 6907
3698 7611
3080 7072
801 4980
142 2482
1769 7336
1976 4803
2742 5027
7428 7555
696 7451
6289 7130
1017 6085
152 4101
461 826
1680 7623
2051 5696
257 435
2933 2951
1772 2139
1496 7518
1623 2124
2449 7541
2061 3104
1065 6459
2888 4437
198 4625
4135 4462
1472 4260
4628 5674
1425 5850
2255 5898
830 7364
4006 4360
4574 7332
4961 5809
6057 6716
1798 2676
2663 3962
2703 6364
253 7348
1945 1954
1316 4496
142 451
1193 6549
755 1460
3692 5656
5257 6437
1342 2241
3619 3955
3328 3697
854 5057
5777 6569
3758 5093
836 3573
1109 4661
6217 7343
1316 2547
256 697
4505 7625
524 7239
4192 4425
4222 5610
931 6769
4136 5531
6496 6734
1102 5885
4106 6998
1571 3185
1931 3656
4176 6750
4588 6817
1025 1283
390 1096
624 4408
889 4564
435 3558
3219 6471
587 3182
3459 5863
425 6588
1349 1510
5364 6942
6 5652
221 1202
2115 4568
1946 4273
4230 4377
1137 6764
2696 3372
1320 5945
1292 2022
2765 5840
506 3947
191 1107
4404 6156
2223 3580
2387 7183
3543 6029
15 4579
1928 5368
2734 3990
640 693
41 3518
1643 3143
1101 1147
2481 4902
97 4982
6432 7235
4081 6767
969 6000
3668 7209
533 4019
1619 4759
851 6041
3841 6953
2589 3280
1509 2606
2616 5763
2420 3982
585 4393
3752 5121
222 6760
1860 6270
1280 2342
4560 6708
1104 6473
3268 5654
2290 2625
122 2022
2983 4077
1820 3748
1574 4443
2294 6196
4421 6683
1631 4293
4688 5525
855 3605
3276 3928
1693 5420
3068 5375
409 7601
3620 7591
408 4457
5059 7459
2143 3387
3839 4933
2235 5272
5641 7139
2861 3292
1054 2495
1360 2985
2812 3244
1311 2244
3630 7534
2202 3741
756 2277
1883 7241
5244 7130
5586 6046
3041 6245
579 2228
5588 5769
5378 6018
7128 7407
3593 4355
1435 2116
1514 6588
4342 5377
703 4136
871 5042
969 5539
1191 1791
360 460
6741 6819
2701 7583
4141 7349
3435 5913
1060 5097
3515 5244
3216 4380
5479 7514
1194 5110
962 2098
697 6877
241 1616
4689 7308
118 2603
3238 4567
2619 2944
1566 5717
5452 5489
900 2249
5162 5789
3227 3891
2972 6928
2854 4343
3799 4411
3791 6738
2687 4554
2672 4563
734 7524
5194 5533
4522 6780
49 5281
5775 7386
1555 4877
7005 7501
2167 4181
1660 3928
5099 5263
5380 6475
2973 5487
2718 6910
4696 5441
4778 5616
319 7078
1704 1950
3714 7470
2316 3697
360 2349
1131 3041
3310 5645
3508 4447
4568 6549
304 7418
410 5226
1133 6384
3310 4734
723 6985
834 4674
654 4009
294 6240
654 3747
4240 6430
2366 6980
2412 3281
1730 2190
5488 5802
2057 3338
1605 4230
5625 5883
2094 2802
1861 1972
4607 5719
2402 4761
1813 3388
6056 7457
1856 4780
3859 4791
3691 6469
4521 6197
695 2220
1839 7571
1274 1835
402 5488
532 1013
4211 4400
1458 4468
3417 6244
611 7573
3311 3575
3549 3769
3797 4244
2215 7356
7179 7398
854 3732
5558 6759
2078 2112
22 2433
215 308
1718 3323
2111 2719
1778 5872
4502 7621
4017 6515
136 3381
4919 7368
4566 6690
1045 2523
3849 7487
7061 7444
642 3056
4828 7470
2607 6687
930 1951
1772 6100
4084 6012
4508 6125
4133 7159
902 4902
5151 6028
3226 4442
1625 5560
1328 5216
393 933
2663 6623
5306 7164
3440 6426
2467 4555
2219 6299
2387 4099
2474 4649
3227 5523
6510 6551
2133 5923
6426 6601
983 1359
3686 7515
2851 3971
3305 4733
4197 6719
2938 6343
985 7016
3341 7518
1449 5773
3951 4429
2588 6059
492 739
918 6079
1118 6501
2003 2059
7203 7312
5529 5767
945 6227
230 4546
196 904
4158 6592
5073 6807
2449 2651
2502 4676
1008 5079
770 900
4585 4775
6525 7301
897 5589
4466 7194
939 1841
795 2390
5324 5751
2826 4057
670 3606
710 4690
4378 5385
1732 6906
1426 1448
38 2208
6673 6777
4260 5728
4838 7279
5444 5967
4837 5222
3025 4040
477 7080
2114 4535
162 4853
735 7332
13 1246
3645 4494
4673 4943
2992 5538
5950 6158
2194 4436
1088 1891
3410 6405
2570 6627
1647 3955
640 4957
6131 6871
240 5152
1813 6152
2626 3591
2503 4598
630 743
1603 1826
1256 2700
4039 6042
933 2189
2345 6375
2861 4632
677 2131
3882 4304
1523 5009
1619 4728
2573 3502
756 4101
947 5924
5798 6584
3049 5588
3804 6374
5430 6831
1905 3626
1949 5054
1219 2591
1918 6013
3041 4426
2104 6924
476 7163
1962 5152
3510 6671
7407 7499
1460 3052
2012 6956
3157 7297
5816 5817
130 2148
854 1440
3401 5638
3266 5486
3270 7019
3244 6353
3972 6928
4053 5711
2136 2428
4699 6521
2809 4596
2685 5961
2193 6477
1986 4159
3344 4995
723 4175
2016 3246
2639 4711
3471 3708
1254 6393
2299 5701
3220 4507
1497 4440
2147 6723
2781 4017
5804 6743
368 3107
3934 5275
5316 7470
5311 5952
3517 4190
3008 7532
2344 5839
524 3270
584 2337
2385 5937
1364 5590
3249 7469
1039 3078
863 1972
499 1935
3341 7569
3276 5045
1435 5743
1307 1917
2901 3453
2885 3101
4871 5406
3372 7649
3409 5179
1747 5412
2734 3030
879 5870
2747 5084
3873 4443
1817 5148
5032 6586
1187 1990
2113 4522
1101 1320
6318 7488
3577 4898
3620 5704
3639 4204
4291 5311
3701 5549
2950 6479
2396 3028
105 3354
1690 3031
3158 3315
1764 3420
586 3335
136 7321
6970 6977
6020 7175
1756 3347
3038 5071
365 1358
4411 5473
1636 6203
845 4910
688 1015
4730 6847
4048 5608
2631 7530
1335 3293
1876 3314
3121 6936
678 804
1506 6321
461 3118
513 1930
2359 4782
1966 4262
89 3925
2373 4863
1456 2789
4456 6617
2727 2833
5548 6383
1056 6956
684 5463
1962 4221
931 4081
1139 7538
5085 6247
1244 6673
4817 5090
3878 5046
4092 7372
883 2859
2213 3546
544 6273
4625 5231
4291 6164
1253 4511
2357 3472
858 7500
5570 7578
2248 3643
3427 7589
1409 2909
674 5572
403 6995
4063 4169
4629 6149
1726 2752
5955 6543
4348 7003
7155 7324
2167 4109
5013 7023
2456 4250
3158 7445
3144 4579
455 5225
491 6640
2375 6242
2797 4416
4415 5266
302 5961
1477 5899
3099 6468
6399 7297
1150 2548
873 3207
453 1622
3155 7029
1295 4639
1886 4061
1553 5483
2396 6440
5659 5846
5027 5033
1026 7255
2469 3092
2811 5312
419 6054
364 3737
9 1160
3301 5909
4048 7286
1928 3721
3811 5288
2232 4023
1248 2191
814 1135
211 233
1784 3944
4223 4414
1566 4702
2554 3304
1125 1526
3662 5785
351 3895
1325 6321
3414 4782
3985 4932
1280 2644
6909 6961
2979 4479
4124 6314
3077 5502
5998 6482
1236 4680
3056 5185
1199 3256
3795 6899
2279 7256
927 2958
6953 7145
175 4578
2963 6879
478 4247
1767 3920
4234 4959
1194 5896
4231 5394
3421 4891
1505 2391
2008 5076
4092 7114
4518 5858
1145 5385
3901 6569
819 5586
3889 4787
0 4311
808 3844
3854 4765
4561 5191
1986 2187
1192 4351
711 6492
2328 6685
2193 4357
6726 7275
2954 3590
2399 5798
1348 5947
1694 6295
1254 5982
5353 5580
5317 6899
450 2344
382 1434
1558 3658
3003 3845
2884 6143
804 2498
547 2294
2037 5898
2941 7428
116 3483
3200 4245
3264 5047
2556 6697
4835 6809
2250 4440
3629 5711
4481 5301
1790 6712
1004 2908
161 6840
2219 4785
3300 4532
7413 7582
3196 7641
5025 6409
634 1868
402 4106
603 5024
2284 2649
4745 7481
4745 6485
965 7279
581 2396
3297 7338
3565 7570
4301 6435
209 4476
74 4600
3961 7141
132 3371
404 4178
743 2021
1467 2651
283 3354
2100 7433
2085 4521
529 3187
2778 7219
1474 3096
2384 5468
1626 5020
266 5391
1987 6357
968 3245
134 3522
1366 6768
662 2524
404 4835
396 473
3194 6156
4359 6067
3202 3663
1032 7435
2420 2988
1416 2704
3968 6322
2894 6994
2349 6090
3659 5402
171 2418
1896 7457
3659 6758
5753 7205
638 4526
1209 3769
1180 5695
1604 2680
512 5222
1729 4461
3007 3116
5852 6481
4425 6880
2473 7621
1783 3740
1752 2891
4155 4176
3708 5716
784 6256
1170 1720
3380 6503
822 5652
2832 4932
3601 6532
3708 4989
2251 4735
2870 5062
872 5219
2240 3284
4412 6898
3415 4116
2437 2816
4166 7376
900 5699
4841 5826
644 2096
988 7331
4480 6824
3160 5622
724 6078
2537 5896
3673 5754
392 3115
24 167
402 919
3983 4232
1734 2971
3 2683
4848 6170
4487 7061
1258 5846
1383 6369
202 5636
3899 5065
554 4889
2570 4549
1462 2855
3026 5955
8 3156
1478 2678
519 4185
1424 6305
394 5618
791 4697
477 6174
1303 3452
271 4654
6410 7503
1407 4523
2345 5918
1948 4341
565 7584
1768 7140
1142 1373
1377 6731
2639 4978
3491 4265
996 3259
3743 4546
899 7230
1019 7420
1939 5001
1225 6213
4507 6141
712 3362
212 5581
101 938
3168 6656
4967 5426
1870 6440
4565 7473
2541 5142
2700 5292
2481 3156
3040 4182
1397 3934
4122 4528
2070 2281
477 4271
2123 4352
4650 5521
391 4494
2962 5673
203 4856
934 7439
189 7516
2914 5127
71 2382
2588 7108
4786 6040
3374 5299
2481 4662
821 4756
961 4526
776 1743
998 5484
1595 3147
1025 4933
2688 5844
2891 4228
1385 3365
3739 5447
2907 3082
1421 2776
368 6567
3650 5905
1169 2661
1430 5459
212 3864
470 3474
516 2987
1582 1737
2958 6179
804 3345
4621 5997
2110 4897
3592 5045
1207 6930
3486 7646
2723 5197
790 3682
4320 6436
541 1032
2482 3768
1431 5845
3165 5476
4494 7309
371 1416
3677 5895
2240 5895
5127 5919
683 1253
4458 5069
5497 6298
4768 6386
2979 4884
1063 2463
3467 7445
3149 3706
1579 3327
4277 6902
357 3439
2709 4142
5673 6100
2338 5068
3508 3958
6071 6119
936 2554
4860 7330
3075 4368
5389 6144
1043 7628
3805 4764
1106 2737
5780 6951
672 4998
2085 7531
3593 5747
1488 1758
1401 4245
660 1565
2061 6088
5791 7474
333 3882
4002 7130
236 3925
1146 1994
3588 5501
5165 6619
1147 4179
5080 6480
1326 5075
1589 3979
3128 5308
4673 6103
3466 6821
6196 6370
4771 5864
1222 6375
5828 7419
4965 7314
3530 6707
606 4510
2219 3492
1208 7237
242 328
1464 5938
2214 2732
888 3013
4913 6187
4904 5423
4075 5557
1434 5394
3482 5038
2848 4625
4877 7275
2950 5617
325 6128
610 4995
1564 2316
683 3693
2948 6705
2127 7026
682 5916
988 5714
422 3461
1130 5830
470 3481
47 1282
2035 6586
410 7476
20 233
3476 6872
1347 4260
5482 7242
1165 6798
3671 7199
411 4975
4849 5883
2315 2748
2888 7158
3808 4394
4038 6800
5149 5871
704 1470
1194 2409
2289 6824
3238 4127
2394 6228
3098 4449
981 7429
740 3587
320 4735
2075 4531
1766 5959
4453 6250
1510 4159
89 6538
2425 2990
1535 6916
947 7309
4502 6062
4534 4863
3188 3402
2445 6665
2803 7422
3365 4978
646 906
3216 4190
3208 7313
4947 5241
487 2655
5290 5647
4411 7395
2583 2770
5525 6641
1345 3893
3435 5319
1072 5859
1793 4236
2286 5891
2349 3942
748 4085
1733 5760
1107 5863
4421 7431
3863 6560
41 5822
2669 5485
1333 6125
284 2214
508 3288
5685 6742
4723 7107
3672 5927
1201 3533
991 1452
1356 4989
3770 4898
2129 7232
713 5543
745 6061
1695 5193
1379 5104
5337 5666
1437 7615
4134 4985
4032 4655
786 4425
1644 1704
3985 4300
1944 2783
1469 5959
2624 4602
427 2973
1693 5052
6314 7235
119 2583
1411 2670
136 7492
490 6303
1899 6151
1075 5950
318 978
4241 7419
814 4472
2941 5334
4391 5409
790 4800
2563 7051
1567 4226
1361 4871
3402 3648
436 898
2627 4420
1552 2291
1360 4727
1421 1772
982 3053
308 4648
3149 7065
2121 2268
6187 6768
1796 3210
3016 6950
1984 3997
1871 4350
571 6552
1127 2856
3161 7019
1127 5210
2507 4689
2909 4058
2103 3078
6488 7371
678 4092
2345 5403
3730 4319
705 5274
6117 7256
1318 4399
2052 3784
333 6292
1193 2111
5640 7028
327 7148
1366 5016
5417 5934
1111 1385
4262 5303
6280 6383
2973 7592
306 5431
168 5343
5076 6661
3728 4391
3386 7616
332 7234
1180 7267
1120 4889
2323 6309
3931 6715
3704 4679
893 4392
2815 3645
3409 6041
2851 5579
2768 6723
768 6260
2500 7041
2565 4420
1493 6557
7010 7498
5182 6885
5334 5690
4457 5488
2692 6899
735 4235
1089 4122
4676 7377
1290 5664
6898 7447
281 2571
1607 3023
6863 7568
3632 7482
4521 4848
2154 7272
5327 6635
2557 4140
1001 5716
987 4584
1235 1487
1677 6858
880 4511
2628 3638
5376 7457
1004 6947
2197 6913
1740 2606
1413 2664
2597 2806
199 3889
2926 7424
1205 5775
2222 4975
4397 4595
3590 5340
3239 3398
6246 7358
815 2638
1470 6259
2278 2473
625 6845
5845 6253
452 2948
3203 5507
371 6988
3008 3811
645 1197
1450 7124
5163 6667
2203 6188
709 7216
1029 3172
1569 5331
2075 3826
4398 6598
501 2489
312 4551
3349 4287
4413 4728
188 3314
6967 7556
1191 6491
3908 6122
4092 6361
2150 4869
5864 6247
4703 5276
292 7042
138 4721
2991 6688
290 1024
8 656
2780 4230
1517 3219
5087 6946
1588 2319
2238 4452
2373 5325
5389 7466
501 6333
1126 5022
510 1376
45 7121
5899 6087
2806 3139
4556 4636
3944 6998
1932 7199
1228 5241
299 5594
1194 7521
2138 5575
1993 3539
408 1593
362 7470
4804 6300
4328 6701
801 4072
1143 1860
1939 3861
3947 4351
3468 4846
378 477
1105 4823
1744 4445
4448 6519
2016 3719
1557 2613
2580 5275
3613 4042
581 6670
6513 7389
6616 6918
93 682
3331 7573
3593 6820
4832 6191
620 3949
5161 6615
1281 1802
3927 5185
3918 6259
1950 7636
4601 4950
1848 2313
172 6717
1860 2751
32 1069
3676 6211
3149 5099
1963 3433
1742 3192
693 3698
4536 5613
0 1018
4059 5437
245 6415
3075 5948
4402 7588
6955 7213
3450 6876
3866 4895
5403 5695
3549 6243
3463 3814
4635 7560
5387 6777
2560 7044
2600 3297
2032 7619
1625 5824
3422 5512
4652 7390
3251 6778
2834 3416
4427 5626
2210 3201
134 3917
285 7191
568 6942
3305 3654
1332 6273
1638 5558
1809 7409
4144 4282
2977 6307
85 5735
547 6477
5291 5912
2164 6560
533 4245
25 4506
1193 4700
1963 2000
6436 7499
1003 6899
1598 5523
4755 6307
1275 7239
1690 7079
447 1003
162 2293
821 5163
100 1334
2510 4648
3129 6267
105 5871
4682 7091
4104 5621
2438 7489
1039 2832
4727 5305
6038 7214
2994 3999
707 4497
1730 4914
483 3306
4752 5437
3537 6620
2914 4632
5555 5887
417 4453
3618 7296
5490 6948
2615 6093
1442 2644
1211 2876
4019 4498
2707 4365
3477 6199
2650 7437
1414 5251
3109 7139
3573 5097
3040 4573
616 4065
1931 6853
5674 5827
1877 4350
1465 3463
1856 2425
1861 2464
2531 2621
702 1741
791 3429
1451 3122
1585 7004
1370 5731
4816 6866
3062 3313
743 2809
2470 2922
4980 7043
673 2938
850 1546
5586 6920
817 1126
3136 6848
2451 4847
4704 6065
5745 6893
439 6488
4063 7044
1310 6470
1739 6775
820 2143
3481 6711
4445 4528
5457 6427
6699 7048
4457 4700
3696 5112
3518 7238
2205 3816
2036 7290
1683 5226
3519 3861
430 3893
1481 3546
1944 5604
354 4486
2149 6021
3714 4632
950 3365
1928 2041
1691 5923
526 5509
427 3297
3187 3476
318 6375
3885 5290
5289 5573
1169 5924
2265 6721
6260 7621
2521 7175
4911 5767
1952 3428
316 2575
1729 6466
1134 4998
1792 6118
4748 6272
4559 7202
581 2204
1602 4271
3114 5245
867 3617
602 4294
573 7417
1216 2206
1224 5246
5561 6516
3472 6527
159 7143
1331 2533
485 1715
1987 4903
2567 7191
5769 7491
1302 6220
1812 4970
307 1992
79 1769
704 4445
1793 2765
3924 4812
1855 1925
171 4117
829 5283
1792 5251
1435 2798
2000 4248
5927 7572
393 1335
6715 7157
1992 5721
3302 3947
2865 4284
4866 6176
3748 3981
711 4318
4577 5533
3509 3549
479 2560
2513 4685
380 6651
1834 5771
72 3082
99 5809
2033 2060
1986 6854
496 934
52 753
719 4335
1140 6625
1611 1738
3845 4160
4962 5958
213 2310
3701 7250
937 1432
732 4199
2838 7070
6752 7314
1721 2031
1469 4284
3582 6119
2512 6137
1810 5332
919 1550
1657 7081
1181 5877
1256 6909
1539 6451
72 5591
1235 7155
3616 5678
3730 6639
2794 3348
1973 3324
4757 5452
6285 7198
7034 7160
5191 6435
81 468
4150 7006
4927 6675
1189 7182
1310 6890
2949 4210
1932 7115
4063 5297
1474 5668
4393 5873
4795 5990
1147 4455
1141 2746
4301 4804
2333 5756
78 661
2321 6420
1 3985
2719 3548
3131 4243
2053 2186
2456 7185
697 1985
5103 7043
3733 6527
4386 4719
2441 2949
5996 6869
4996 7172
2656 5489
2570 7324
4187 4911
2751 3928
1584 6784
1787 1831
779 2789
6095 6790
6157 6544
44 6299
1574 6600
5275 5504
799 3354
3746 4787
1238 1906
3040 4351
2788 5922
6086 6362
3521 5066
295 6678
2489 5659
2632 4762
443 6646
252 4731
6361 6365
4498 4938
2790 5714
3905 6881
3351 5401
532 6135
1401 4782
391 533
5493 5529
348 1311
949 5085
662 1405
2118 6525
330 2118
4755 5907
2970 5429
4971 7624
1725 7610
3915 6199
3513 4651
7211 7229
5521 7586
233 5296
1269 1583
1783 6613
536 4060
1851 4764
5360 5574
1904 7005
858 2982
2150 6842
6447 7419
5824 6495
2470 4996
730 1163
197 2225
3870 7253
1081 4979
1261 5178
1275 6299
3319 5381
1857 4971
360 5201
4186 5221
6210 6230
3173 4469
1194 6762
2414 2724
3837 6994
5317 7171
4698 5552
5684 6141
322 1315
506 6133
374 4667
483 693
1324 3270
4766 6080
3775 6547
3169 4196
4678 7007
816 7507
1185 1803
1690 7523
2853 5680
304 3882
4417 7407
1377 5500
237 1676
2009 7361
172 4501
1825 6394
2438 5395
2412 5924
3031 4678
3280 3322
2765 3328
543 1807
1334 5682
389 3619
408 7381
1328 4886
2362 3252
643 815
770 2515
3332 4738
2563 3746
4896 4994
1690 6519
5148 6672
1031 1497
1978 7142
326 2878
5214 6236
5374 5595
881 952
1185 2253
3487 4264
1340 3071
901 6844
4746 6298
6384 6989
1051 3887
1512 2883
3266 5268
1257 3179
3335 3751
592 3878
5151 5534
5369 5887
209 3834
827 3799
1690 6553
5502 6422
4252 7211
1993 3116
2512 7255
3200 4429
4124 5978
500 917
332 1293
2246 6991
5054 7553
1107 6257
5439 5929
5251 6445
2652 3624
103 1528
2955 3164
4254 5797
2772 7215
463 2064
2079 3139
3535 5334
6744 7119
50 2970
1463 5185
2209 4187
2782 4482
1888 3378
6463 6587
989 7457
249 5404
2592 2969
4595 7048
444 5033
515 7196
2983 6243
5476 5562
721 2760
1693 4004
1226 4004
1211 7425
6074 6558
1772 6835
2949 3067
4 62
996 1717
4731 5541
1577 4130
1126 6380
3667 7596
469 3923
3724 7561
623 1408
4294 5602
3906 5600
3965 6322
447 1804
933 2734
243 5866
6351 7520
1491 2332
4255 5394
4529 5862
1357 2993
1990 3657
796 2716
1743 3468
5141 5375
1645 4439
2597 2956
2114 4763
2212 4957
3613 3927
878 7341
676 3352
1038 3984
1209 3866
2104 4481
4655 6096
757 1886
5778 7597
935 4770
3155 7015
1213 6547
3497 4829
1584 2493
4042 4353
3327 6769
388 5244
1011 5281
607 5943
133 1532
3896 4514
325 5576
1285 4115
932 1467
4356 7526
2258 5907
1928 3945
2596 4190
1407 4294
1941 6477
2261 3636
86 628
4865 5913
1049 2250
2382 6270
3042 6108
1544 3030
2287 3976
2116 4483
2762 5204
2427 6369
1635 2413
215 2933
2797 6397
1593 3632
6273 6388
6029 6862
698 894
147 1907
714 6276
2622 5883
1538 1993
4464 6573
6990 7387
5048 5941
844 6241
2348 5403
2453 5509
3070 7418
1756 5577
4336 7331
1898 7182
1307 2988
4857 6898
3178 3350
1171 1470
1847 7199
3413 7323
1041 2452
2811 3770
3774 3958
237 2667
2559 5532
1794 3968
4416 5042
3600 4082
3235 6015
6244 7570
4425 4571
1284 3928
3773 6513
159 5310
2364 3979
929 1867
1323 2354
2179 6153
398 2107
2593 5539
2554 5654
545 7363
6100 6554
421 6423
7054 7066
271 2675
1628 2104
745 6557
1206 7325
6077 7564
3612 6807
887 1475
2288 6507
1963 5255
1931 2081
5252 5471
2932 6423
5006 6138
5142 5391
4329 4783
6669 6948
3733 4646
1190 7394
2999 3611
886 6276
583 2645
2701 6519
1421 3587
2995 6228
1937 5688
925 3427
4468 7370
1176 4824
4931 6840
1537 2675
3622 4608
4152 4330
871 3940
1352 3365
2583 5013
3427 6806
1365 5283
3940 4559
3733 6493
2433 5165
601 1817
1180 3840
1763 6897
3633 5462
4530 6411
1390 2878
1595 1629
3244 3474
3587 6140
1249 3661
304 2809
1191 2076
166 6569
6038 6201
2183 7536
5634 6622
866 2420
1757 3141
3460 4511
2160 5479
6031 6497
2877 6665
4759 6365
447 5490
1833 3931
2121 2592
4256 4569
5426 6878
1170 2712
84 6005
3139 7392
5569 5843
4764 6814
54 2354
3121 5014
2756 5292
181 6531
2697 5057
625 2517
5746 6225
3798 4702
5197 7538
622 5461
3003 6427
2841 7342
4459 5195
1036 3956
5133 5493
3501 4674
1278 4529
2689 5265
2312 3859
5906 7528
2639 5040
4905 7053
2454 3515
337 5863
4757 4891
670 2609
612 6549
2544 4770
2623 3388
416 4388
621 7555
3054 4218
4285 4597
2577 6766
3498 7413
1328 6602
1490 6912
4925 6845
3476 3818
7325 7631
6523 6778
3912 3967
6887 7520
166 5677
211 7533
5124 6660
5786 7364
4601 6343
681 4803
3668 6143
682 1937
3016 5986
2274 5973
1695 4141
4519 5806
2840 3116
1779 7013
1366 2649
2205 7050
2662 3434
2570 5822
2974 3281
1221 5765
1126 1861
2916 2962
73 281
819 1234
2581 6626
5851 5895
1480 4051
3742 5360
3285 6304
1287 6489
2145 2976
2971 4521
989 2178
1100 5910
570 5636
3441 6612
4221 4236
335 4914
456 3360
1226 5284
4963 5173
2491 5034
1802 5882
251 3084
3283 4947
5975 7508
5827 6947
3002 5203
2688 7051
130 6031
2220 4178
6304 6439
1824 7528
3801 6080
5692 6258
338 1286
3302 6844
818 6294
4218 5573
240 529
6445 7008
5368 6723
6727 7511
2279 6118
1784 4783
3334 7397
37 7609
1899 4613
2279 2876
1012 1427
78 5284
600 4016
3807 3857
5464 7599
5923 6095
5122 6727
2508 2832
2056 3892
5045 5418
109 6883
3044 5079
3550 4314
1566 2059
2926 3637
4304 5667
2838 4217
2824 4905
2148 4281
5426 6914
3931 5188
1151 3949
1821 3237
3192 6979
1020 3966
3576 7501
4122 4863
1654 3690
2230 2711
3333 5108
2225 7487
89 4455
5809 7165
1075 6761
266 1328
7239 7553
3231 7583
2501 2524
4173 4681
4449 5151
857 1317
1298 6419
382 2551
3895 6740
812 6513
3691 5573
1313 3417
830 7052
1941 5265
7034 7305
4584 6935
4851 5226
798 5400
1634 5508
6462 7252
2248 7249
2912 3402
1685 6951
51 3049
1876 3946
155 2476
1442 3406
1211 1849
2680 6669
2444 2956
2816 6669
5040 7105
1332 6892
2571 5402
1693 2248
662 4918
876 4190
738 5730
567 2605
2663 5797
2583 4352
45 933
1227 6983
1617 2350
1265 6415
2231 3454
4068 6761
3286 6651
4621 5801
4329 4600
5201 6776
983 4496
127 1484
750 4399
2383 7066
578 6157
3439 4020
3217 5073
1409 5213
886 6999
174 4127
3480 6269
1397 5934
4468 6711
507 3580
7107 7601
4292 6885
610 4274
1229 4703
2934 3629
5854 6628
275 3766
3252 3254
20 2880
2559 5436
5123 6908
6579 7280
704 5830
583 3835
5096 6369
4675 6210
4502 5208
1776 5313
1430 7146
1867 5028
2159 3389
5854 6297
0 213
5032 5520
1892 4250
201 980
681 869
1142 7327
1143 1342
4042 5975
1612 7122
227 4735
2170 3312
4141 5919
2556 2874
1981 7351
6 2195
4675 5824
2061 4385
5537 6943
2595 4346
2181 4856
2769 6131
812 6162
1884 1885
2292 6758
1459 1577
3569 5040
2197 6486
3664 7420
473 4825
3617 7289
3323 3858
691 4033
75 3266
1987 2183
355 6887
1590 5787
1536 6828
3260 4972
2207 3588
1469 4399
117 7431
407 5424
654 5213
5820 7617
4218 7494
5991 6916
2140 5619
2060 3287
2286 7402
370 4133
3280 7285
215 3883
2255 6112
5556 6077
4549 4613
1149 5705
2804 6254
160 495
6376 6532
856 4036
2158 2473
1105 3509
1060 4245
4049 5432
1758 4941
373 6584
3572 6015
834 7435
4324 5799
3241 5988
4157 4928
932 1341
802 6246
5377 7277
1116 5286
1603 6186
2884 4136
1172 7379
276 1118
1058 2197
4730 5033
6120 7266
4112 6186
3615 4710
4695 7124
213 1089
1530 5176
4256 6873
3608 4520
1812 5160
2879 5631
4501 7545
3525 4192
2953 6228
1743 6336
4230 7435
699 4695
1722 7474
1035 2482
658 6360
1843 7463
2480 5576
2650 4788
6328 7487
964 2852
2761 3347
4193 5096
5606 7045
5018 7624
2825 6040
3847 6938
5201 5215
180 6341
5019 7065
2392 7529
788 2498
5217 5967
2841 7043
676 5579
4062 5938
1089 3431
1147 5195
1334 1424
1949 4390
1044 7154
2111 7162
6149 6968
18 6071
461 2488
1379 7263
3477 4624
280 2981
123 1617
5566 6043
3384 7182
2309 3485
5 4356
1224 2906
1004 1603
3229 3300
2082 2996
2389 2682
1846 5608
42 3799
953 6033
964 5323
3890 4805
751 2963
2329 5596
902 2040
5331 6482
1941 7027
1924 3557
3005 4796
2412 2900
3638 4294
17 6912
2250 3028
5008 6851
3178 6464
2209 6181
4901 7106
491 1655
1999 4157
2157 5373
1024 5483
800 5021
4978 5998
2678 3927
1345 2321
375 2882
1137 6525
3090 6861
1257 6282
918 3016
3686 4797
2175 3231
458 809
1302 4004
2415 7550
53 380
1296 4941
4571 4727
4072 6657
3096 4635
2135 4347
1009 4579
2885 6520
3535 6915
5514 6323
3695 4403
4900 5914
820 1419
2484 3092
1038 3019
2879 3154
2426 5957
2648 5494
4534 7217
7027 7323
2440 5834
87 5184
4862 5033
1135 3346
2178 4682
5327 7166
5245 7551
3241 6095
4087 4545
4059 6929
5232 7148
2231 6329
4990 7353
653 7146
4198 7163
378 990
1362 6754
2197 4389
5202 6556
4960 6265
3065 6158
2223 6497
2763 3109
35 5430
2111 3397
3972 7361
2058 6158
6398 7281
2176 5276
6252 7452
5710 6808
5661 6715
356 5837
2129 4328
441 583
60 94
2053 6430
1551 3877
495 2981
5822 7214
996 4875
5787 6025
1449 1775
2128 6974
158 6490
1776 5746
358 4264
2334 4912
561 1473
1544 3154
1694 2780
903 7442
1819 6504
2748 4744
162 6913
4834 5713
943 5121
2383 3316
260 4986
1438 4127
3251 5092
3749 4339
4131 5212
2889 2900
1110 7165
833 5281
1077 3118
5662 6671
1834 6624
2946 3317
5627 6624
3001 7340
4638 7617
1789 5422
1990 7451
1543 3439
2746 7584
967 6617
773 1949
1982 3746
812 3081
5143 7390
625 2476
4285 6592
2310 7472
1458 3573
689 7150
4933 5098
452 764
7250 7619
2371 5499
3553 4510
410 2840
496 6210
1961 6734
3547 5724
2703 3092
827 5682
2026 5941
444 6363
3011 3185
4703 7418
1846 3366
3216 7372
636 6331
2486 6270
2335 4647
1814 5819
782 2268
773 5621
1289 2244
1658 6133
2950 7318
6063 6692
1168 7033
6273 6643
1209 7417
4923 6444
75 3284
7414 7501
2453 3458
1940 5333
660 5831
3529 7495
3198 7313
6196 7568
765 1339
392 1934
1255 2449
1655 3200
6361 6930
1044 3575
2025 4573
3965 6494
6351 7494
3177 6277
1114 5376
3590 4826
3872 5929
4577 5862
4987 6886
1477 5287
708 3237
4239 5726
498 4380
2785 5406
3663 5807
893 5739
4955 5558
148 6293
4870 7064
3600 6389
1636 3739
307 728
2430 3915
5409 6469
5442 6138
6607 7007
1229 2367
5009 6219
853 5439
971 3531
118 5981
4006 7260
5425 5734
5040 5882
4604 6346
2828 3568
3591 6398
911 2854
753 864
2355 3592
3811 4059
5993 6622
5121 6612
2114 2964
589 2209
1639 2353
3619 4576
5037 6153
2657 3468
2503 2676
6410 7437
3142 4938
2920 5390
1438 3809
1060 3917
2589 6165
1747 6734
4458 4871
1454 4837
2116 2607
237 5687
3788 4085
110 6814
3392 4157
6969 7423
5314 7059
6697 7634
5960 6552
963 6375
1403 3975
2853 6257
3701 6482
4453 6505
5574 6701
510 1887
2900 7023
1213 4107
3193 7387
2028 4275
4889 5344
2126 4081
693 6448
4893 7365
3311 4301
216 5846
3061 3529
1474 2087
2970 7166
2915 4174
221 5863
5747 7575
3011 5169
4945 7581
897 3793
1726 6697
1263 2044
1761 2906
1310 2868
3344 4445
2092 5332
2631 5153
5026 6092
5651 6163
459 1266
1550 4951
4000 6313
1743 7452
2506 7288
2506 5028
6848 7504
2155 3698
135 5658
3149 5693
5051 6311
4257 5990
3422 4770
2702 6873
3960 5393
618 4591
6790 7252
3070 6005
2742 5940
5840 7530
2431 6191
1727 4090
1515 2525
450 6910
6826 6924
114 5802
5971 6898
1394 3007
554 2781
4794 7090
468 4600
1807 3016
2681 5669
296 7450
5402 5951
4654 6932
2563 6419
1772 7099
24 5911
4513 5922
5979 6196
1358 7079
2188 7430
2537 5416
3025 4171
1901 6556
4426 6994
2817 4880
1817 6254
1358 4233
2298 2559
6112 6702
1845 3497
650 2330
3372 5394
1744 6363
1597 3376
99 2271
713 1004
3533 7422
1772 2431
5253 5555
2826 3871
3024 5400
6603 7126
6409 7561
1308 1673
1341 4633
634 1253
6422 7499
101 1483
2491 4447
440 4361
4658 6867
2757 6731
3766 7420
4084 4753
4643 6641
2670 4832
4659 6793
1192 2677
1405 4826
1303 4401
351 2165
1201 3511
3801 5459
2010 6989
116 1045
1646 3823
1045 3705
494 7318
2405 7530
4215 6524
6438 7176
19 5163
5230 6124
2686 5403
298 3860
6376 6381
508 2268
230 7141
4757 5144
2370 5571
2647 7566
355 6005
6183 6589
847 2990
4195 5390
36 1010
2297 5179
6540 6801
3411 4144
1219 2429
956 4806
1086 2427
3106 6565
3943 4470
2006 2693
306 1494
494 1025
858 3436
1153 5152
788 1659
3812 4751
611 2616
4106 6416
946 4571
5331 6853
4251 5192
2434 6780
746 2510
3024 7472
1681 5174
74 7050
2637 4437
934 5787
2421 4626
5434 5734
1588 7360
4610 5898
5177 5694
2294 5588
996 3152
4981 5290
518 2550
4120 5851
3298 6163
3211 4927
1804 1817
890 3696
6000 6845
4189 4964
4350 4931
623 2267
130 132
3343 5488
1017 1424
20 4258
816 907
3528 5051
3232 5671
3786 5746
6392 7465
892 6522
2127 4659
4461 5614
4065 7582
2777 3054
3333 3563
407 3462
57 336
6575 6914
3245 3274
1761 3844
415 3408
1499 3673
3774 4648
88 888
5000 6898
3483 4425
5904 5905
1970 7541
2335 3684
720 4742
5903 6156
127 3909
2384 7595
846 7270
3055 3877
4613 5677
6047 6089
2510 6982
4567 7550
1926 3377
5247 5907
2512 7223
3815 7523
5961 6134
375 4582
1289 2375
4829 7034
358 5968
435 7467
3374 7131
4251 5367
5066 5780
1640 6104
2118 6528
2600 2946
404 435
2945 7281
5967 6711
805 1195
6055 6576
2031 4289
754 7263
4091 7086
384 3752
1966 4419
987 7428
1587 7182
4275 5333
1932 4614
879 3950
3627 4525
3440 6439
2724 7394
1040 2083
1818 1842
3631 5045
1724 3030
3387 6825
496 3004
5843 7188
1258 6897
7151 7286
4310 7369
1452 1686
3514 5677
4362 5412
4049 6926
5406 5953
1904 7577
281 3732
2726 4918
333 7051
3333 5241
4448 4956
6844 7487
3084 7253
3725 4044
2500 2761
864 5034
1082 6195
2259 7156
988 6440
1903 4211
278 986
3954 7638
821 2619
2221 6565
4286 6329
2374 3101
163 2656
3210 4722
3375 5946
5569 6123
6242 7457
538 1746
7268 7477
2668 5598
962 7292
2141 5394
2575 6737
5079 6825
2960 7432
2550 2951
100 2707
310 350
4883 5941
5606 6546
2692 5316
4650 5373
4828 6643
495 3948
3251 5408
4853 7458
1912 3871
3563 6865
57 5841
3621 6282
378 4963
227 895
2133 4241
483 3927
1778 3730
1063 5419
4582 5159
1395 3103
594 4495
4095 4600
3502 6411
1771 3158
1251 6555
2013 3672
4370 4932
1032 6446
568 947
2560 4346
3994 7471
3115 3471
6597 7337
1661 4182
1381 6871
4841 7402
5301 5527
1679 6340
2939 4723
5620 6598
3488 7297
4545 5240
3055 5012
3862 6501
2645 6942
37 7305
1631 5254
2184 6243
3035 4781
1253 1795
1489 2857
4269 5935
1182 3728
2757 3119
194 7040
946 2164
47 3854
592 3143
2157 3475
5476 5921
1997 4195
1898 4834
2566 3027
3886 5081
935 1434
37 4551
2617 5261
1929 7537
1040 7444
6009 6947
1634 3113
2899 4615
3261 3689
3179 5794
539 6768
612 4679
1181 4988
3468 5794
484 5705
4509 6577
726 911
1056 1948
1665 5043
2970 4476
4633 4895
5352 6153
2628 2952
4334 4876
3281 3783
856 7620
1768 7495
643 2660
4686 5784
4777 6951
572 2879
4184 4197
1965 3900
4322 5406
816 4646
859 1086
1488 2843
1196 3596
5041 6285
1161 1726
2604 4477
446 2885
4960 7076
4777 4800
1855 7235
485 2669
2636 4954
222 3214
2730 6256
193 1932
2686 5905
5078 6152
909 3786
3910 7232
2321 3464
67 6639
845 5021
2728 5666
2246 3225
710 2204
255 5413
2711 3984
500 774
4752 5133
1189 3023
3138 6471
1652 6260
434 2308
1013 2810
1612 3543
1649 5399
3673 6161
1135 3665
159 3814
2228 3517
1082 3876
3745 7349
1381 4934
4750 5532
3224 4355
2527 4072
3939 4131
130 1638
74 4001
3174 3498
3168 5889
1970 5981
133 4703
3262 4579
2066 5825
972 5118
471 2416
5337 6103
1022 2376
4090 4493
4539 5373
4769 6728
4695 5771
5410 6548
3611 4136
2256 4076
656 2472
651 6370
834 4600
1043 1733
1091 5926
2995 5902
1227 4709
2322 4197
5122 6079
2648 5110
5934 6067
4436 5755
3121 4401
1519 3149
3168 3504
65 3530
3750 4857
3957 4577
486 3365
5654 6007
1287 7357
47 3409
2956 6764
859 4133
1292 6684
4856 5624
491 6032
847 3489
11 2321
1049 1561
588 6369
3339 7205
651 7309
653 5303
1277 2577
3765 6247
3883 6305
2443 2944
4505 4798
196 5092
57 4989
892 3327
2033 3141
4087 5089
1642 2541
4563 6913
1611 2698
2331 4083
3073 4411
1068 2477
1243 2096
2853 3053
1425 2644
2179 2815
5817 5945
3406 7641
1640 5953
73 5338
823 6057
2450 3846
505 6290
6342 7423
5148 5918
3080 7386
492 1400
1580 3745
3369 5396
3115 4407
60 855
2775 3085
817 7592
2580 4307
1321 2643
124 2873
723 7485
6076 7490
6473 7425
5123 6287
3178 6982
2915 6968
1046 3567
3947 5773
2732 7302
1152 5593
740 1354
5387 6319
4509 4514
539 7538
3112 5134
3628 7200
1039 1082
180 6956
2191 4570
1478 6225
130 4217
1133 5382
1076 7192
1062 3444
1994 4076
1080 2698
1859 7064
2920 7217
2683 4021
444 2047
2418 2971
955 3407
912 7425
4933 5960
3428 4413
5754 7182
1729 6936
1395 5258
2025 5179
414 6320
1024 4774
5625 7024
2896 4750
2025 3980
1934 2664
1352 7044
4504 5516
615 5934
211 705
2899 7331
6157 6184
2077 2458
1309 3567
2421 2797
1277 2076
2261 5423
3982 6472
689 2468
1 7068
1365 6332
909 6192
545 1574
1891 3728
1849 6211
5115 7082
2717 3573
304 5162
3477 6204
999 2628
720 1756
3846 5733
3182 7108
2881 7487
1790 4286
3022 6880
4957 6579
4814 7119
270 7128
256 4287
4397 6883
6018 6923
271 7439
432 2020
898 6292
523 7332
1315 1399
1446 4155
5740 7552
509 3438
428 2438
1983 2523
459 5580
55 1533
5389 7528
2020 4683
2147 6384
2375 3525
3555 5781
4392 6534
3990 4788
1637 6508
2932 5107
5351 7140
389 3795
945 2363
6771 7370
5834 6984
7601 7617
2880 6836
1593 6822
5582 6472
2372 7319
3125 6813
3621 4463
2180 6555
5489 6002
4995 6399
2270 6710
5275 5361
2535 3936
325 4355
1858 7516
4719 7196
6044 7577
4337 6839
2725 2775
4321 5620
1302 5008
6412 7544
2679 6578
665 6717
1725 5766
4648 5635
4259 6272
1887 3131
3062 3961
188 6649
851 5243
436 2624
2203 4488
5489 6810
654 5703
4826 5046
2092 2122
2577 3034
633 3574
3089 3225
1796 2052
4877 5801
3464 6451
309 1666
1241 2268
3887 7336
2002 6726
1494 6816
2221 4752
971 4299
609 5197
3947 5341
5014 5645
1875 5486
1447 7258
1214 5071
3607 4688
2168 4655
5882 6386
1898 2781
4189 4751
5950 7535
4151 5054
474 3941
5301 6607
3991 4321
1081 6928
1402 2549
2544 5039
507 1982
3039 3682
59 2394
841 2440
2151 3430
5034 5721
1249 4248
893 4527
799 6099
1117 5202
701 6813
1203 1793
33 1371
1316 3008
2498 3233
3305 4884
1355 7130
671 3056
1642 2443
5905 7173
3866 3911
1643 3673
1132 1719
1409 1978
3634 5743
2639 6021
1879 5775
3356 6111
4141 5178
2081 4751
1004 6669
3999 7194
2556 5741
2774 5568
104 1595
1485 4387
383 5635
271 3405
6006 6667
634 1864
302 5066
3092 4327
7229 7511
2073 6615
701 2194
345 5165
2638 3001
493 1603
782 1598
1059 3502
1837 2329
2159 7295
965 6295
864 1851
3508 4542
284 3236
241 1881
2816 7395
1123 3101
1660 3083
6742 7063
4797 6548
4171 6028
1103 3247
1879 2029
5648 6124
1789 7219
5471 5863
1484 1712
515 7304
1668 3640
2977 3199
663 3017
1615 3746
1383 4506
921 6892
5589 7475
817 2007
311 6945
2595 4748
696 5886
791 1433
1691 7623
3064 4323
140 3413
2294 3054
14 6116
2172 2723
3495 6313
4390 7347
296 5007
284 594
2886 3311
977 7342
2854 4356
217 3068
151 1725
5188 7284
874 4988
2843 6665
3494 5327
522 2090
3085 6365
4671 5664
3668 4641
2020 5524
74 381
5757 7507
523 820
835 4227
4311 5999
1381 3231
1093 2642
2343 6871
325 6472
2717 7307
590 663
1271 4506
3989 6719
3258 4199
4482 6945
325 1866
1615 5353
473 6910
3039 3387
4538 6283
2829 7271
3854 6132
2618 7161
860 3601
1691 2436
2279 3624
1370 3924
3166 4767
1563 5164
1558 2634
2922 6040
2897 4473
1106 5949
505 1152
273 2981
927 2542
1859 4140
3328 7169
2528 3657
204 2939
627 741
1888 3798
3584 6001
1369 4674
5113 6721
2248 6060
5594 7391
2177 4811
1020 5782
3510 6762
5685 6980
2253 5692
888 3822
363 4344
2674 5343
4410 5607
3892 4368
1181 2119
1048 2667
314 4992
1078 5778
3297 5432
2574 7395
4587 4810
6961 7299
1240 4422
2044 3779
2217 3901
5184 6923
2011 5088
2419 4731
1509 4568
1343 2078
355 2888
1106 6083
28 1977
4182 7429
2510 6898
486 7179
2524 5761
2395 7622
993 3983
5064 6621
1215 4517
3718 4681
2384 5751
5702 6740
1030 1842
825 1680
841 1491
5880 6863
1810 6406
4237 4644
2285 6767
151 5935
3512 6175
361 3573
85 5184
4468 7184
541 6927
2878 6540
3419 7103
2137 5156
4483 5928
855 1920
2518 2830
4295 5186
204 2567
472 5849
4026 6684
1775 6155
3167 3477
2268 3163
2507 2513
2474 5696
573 6668
4826 6453
2456 3711
4778 5393
332 4623
4104 4815
2203 6681
2463 6130
1066 4522
1990 4644
1113 4576
2897 3601
4914 6181
2319 5430
4035 5051
2426 4850
2045 4113
946 6252
3615 6684
275 5036
808 2820
2295 4130
3433 6240
531 7475
1163 5097
862 5167
1587 3676
2700 5664
1314 6596
3319 6608
2485 5885
4520 7412
780 5159
1931 2255
1035 6082
2171 4425
2333 3009
7243 7314
93 6584
851 2010
3258 5830
886 3716
3500 5298
2407 3913
1527 7144
5986 6793
4216 7594
3555 4481
2800 3032
963 1572
760 1813
3733 6424
90 3021
2895 5706
843 4431
2201 7633
3538 7608
3696 4875
1865 3221
2543 4711
2462 4072
3611 3719
2661 5380
3011 6176
5654 5699
2875 3732
1385 3900
2055 2957
3573 6625
4470 7260
513 3005
2848 5464
485 7120
3026 3118
4203 7529
6682 7539
2819 6911
4149 5321
2473 6776
3407 6700
2298 7013
238 2887
1329 4910
2983 5478
801 6428
4862 7085
3305 5243
5257 6310
1106 1200
1399 4573
1013 2260
147 5351
2206 3417
2851 5717
357 1663
5295 6474
1244 1775
3119 6398
6584 7401
2878 4332
415 4133
2600 5586
5171 5417
2052 4151
486 985
270 7041
291 3272
4387 4750
504 6470
3699 6470
1362 2201
2045 6308
2073 2382
1264 5970
4917 5872
4993 5044
5360 7584
1738 7214
5165 6089
1365 5120
1496 2431
1413 5179
4905 6518
2512 3978
3615 7077
6331 7484
4084 5237
2267 5815
3787 7491
460 3046
3994 6136
1983 4532
2318 6542
2182 5893
396 4858
6260 7443
825 6231
1684 1912
2468 4606
3888 5966
4311 4657
2591 2593
545 5224
486 4061
2400 3432
3856 5553
1789 3276
580 5608
584 4949
6339 6819
162 3742
3451 7429
4747 6115
900 4658
2656 6755
6123 6722
4233 5391
559 2627
720 3508
1440 3761
1247 6242
1166 1254
716 6911
3819 3981
2944 4400
2579 2862
327 1972
4456 6104
4222 7197
4401 6157
4525 6000
1931 7117
1131 3669
3335 7282
3916 5227
2752 6471
5184 5921
1097 3521
20 1260
56 1555
10 3134
2116 6113
190 5066
5226 6021
4052 5499
23 4104
373 3278
829 1391
1079 4727
2396 3730
3306 6133
2077 3191
745 3030
1614 4140
2209 2739
749 1589
3179 3408
994 3558
1309 2985
1460 2450
3691 5895
690 6943
5261 6272
507 3647
2170 7525
719 3287
82 5539
4133 6790
1880 5953
1131 7638
3225 5959
2637 7141
753 5522
5703 5751
795 4838
1399 5426
561 4509
3542 3881
2352 2651
1781 1977
2229 3100
1891 5736
1635 5888
454 1233
2937 7347
7353 7481
2093 5769
317 3792
6197 7240
1785 4615
4317 5873
5610 6679
2256 6959
1804 4332
3553 7258
642 6055
242 5051
932 6948
5254 5781
1818 6335
122 2014
698 2145
6184 6188
1783 4559
6384 6861
1144 7113
851 1850
1831 6293
1308 5206
727 6069
89 5566
3445 4849
1774 2235
590 5987
190 3035
6237 7451
183 4621
543 4243
880 3063
1349 4847
271 7031
1901 2094
2656 6479
3136 6117
2539 5220
103 7206
52 5587
6992 7571
2773 7625
678 4024
1870 2837
2670 6148
5252 5571
2834 6814
3439 5337
3413 3869
2640 3473
3384 6707
5320 7538
439 7420
3104 6559
457 4280
2157 5055
154 7149
619 2334
1759 2933
2530 5343
455 2648
3484 5862
224 6510
1693 6657
595 2273
1421 4446
1324 2565
5452 6009
5199 7473
1876 6104
461 3149
3156 5098
3156 7026
308 6113
769 3602
1034 5229
827 5302
4305 5347
1947 6802
592 2365
5090 6943
436 3391
1338 3888
5575 6558
1078 6633
486 3877
1859 5158
3874 5905
569 3624
468 2035
5248 7067
3745 7461
490 4495
2680 5246
2997 5008
1908 6457
3564 5354
355 5622
1419 4611
4908 5257
4181 6484
5609 5750
163 2606
2674 6284
296 5583
1711 5179
2183 4194
363 4490
5375 7094
1462 4175
763 5418
4444 6315
1071 6660
456 4210
6453 7315
2333 5867
3541 7577
4256 5346
6699 7300
5465 5611
454 3559
4547 4936
668 2445
1233 4332
5867 5921
3916 5230
2381 3121
1591 4476
406 5909
1236 4290
4430 6380
4069 4663
1006 6146
1289 5735
1281 4771
439 1019
3924 6266
1231 5996
717 1724
637 1604
5611 6849
1875 7587
495 3255
453 6148
234 6198
654 5582
1441 4134
4669 7546
4667 6216
3151 7581
2304 7235
479 827
3310 7141
222 7204
5665 6782
1411 7340
1946 3336
1745 5270
3663 6453
5293 6325
5900 6985
2823 3431
2350 5497
549 1420
3634 4998
1103 1948
13 6048
2220 3533
633 4254
800 5985
2658 5039
2468 2958
3063 5037
2875 6452
2710 7596
3125 4907
4065 6168
4502 5376
1805 5021
1748 7533
1474 5852
623 3313
3045 6302
2835 5784
322 1805
3880 3938
1999 3549
1323 7317
495 5399
5483 6827
755 2944
196 4169
2385 6980
771 4051
1710 5926
4735 7483
306 4535
2038 7206
7401 7545
4683 5080
199 4608
1213 1638
5171 5374
2596 4369
285 7067
502 1348
3519 6383
2585 7415
1260 5548
1444 2061
5012 7640
3308 3638
2990 4996
1249 3904
2070 7418
3918 4750
1633 5439
853 3869
3253 3336
3613 5756
229 4871
3865 4822
1597 3107
5607 5722
859 888
2551 6859
3901 5413
1564 2735
5380 7059
1991 3119
1624 2191
2734 3891
841 3812
5272 5513
75 7458
180 3378
955 1073
1684 2084
19 3850
1940 4018
992 1272
3296 5163
2782 4058
3821 6702
5408 5507
2536 3996
3106 3896
756 6653
2206 5459
4064 5534
2169 3583
99 4540
46 7260
3347 4699
3169 7414
2860 5225
1911 2234
1305 6595
4285 5613
4670 5218
1627 6683
1483 1577
4666 6265
1003 3946
3064 6699
5366 5554
2552 6148
2520 3168
4122 5676
957 5695
284 4623
4496 5466
4536 7420
4454 5350
91 606
5158 6493
2587 7476
2978 6757
440 525
554 5288
4615 5466
2301 4155
1727 6108
2186 6512
4252 7084
1440 1568
1731 6426
1363 7084
623 5010
5672 7215
3651 6775
3626 6525
2829 4335
1013 5763
1982 4858
2453 7230
291 2156
5205 6455
2819 4219
7037 7318
4568 7572
1922 5446
908 4630
3570 3980
2400 2858
2117 3233
737 4233
5017 5387
2031 6789
1711 7558
3917 6082
3403 4029
815 7181
2114 2498
1842 6394
3430 5560
87 4167
455 3911
221 3130
3830 4393
600 1951
498 4043
3118 7146
5499 6730
1414 6896
5303 6261
1335 5589
3289 4969
2616 4593
1472 3319
2748 4370
4107 6935
494 1870
6101 6724
788 3224
825 7357
546 7622
306 6940
2964 3371
3397 4806
316 4337
3943 6174
1838 4611
1225 2517
2783 4669
1232 2088
139 4562
2115 3298
4580 6378
5730 7428
2223 2228
2966 6158
5674 6228
1360 4297
806 4785
748 7272
3085 4157
947 1973
1485 1497
2300 5485
354 7045
169 1535
3166 5417
1591 3874
3492 5975
3183 4841
6791 7067
1513 3067
3725 5729
854 5877
640 1404
7053 7150
2245 5473
818 1299
5259 5514
1446 2142
1746 1985
859 889
1962 2948
43 4705
3704 6696
715 6495
3847 4631
4064 6780
4040 4136
3391 4798
322 2081
2108 4364
1174 4365
4649 5645
138 2864
1719 5241
2701 6838
882 893
12 6081
2495 2951
905 2471
5287 5305
4979 6030
4585 6318
4524 6063
4402 5986
5247 6053
1220 6987
267 1867
3948 6894
156 4559
145 2175
536 617
2517 4436
2472 4132
4599 7320
5851 6122
4072 5410
2871 5184
165 5550
101 4832
3570 7371
2803 5171
573 5311
4668 7268
3236 4603
506 2662
4520 5289
5288 6278
144 3420
1390 4872
4760 6322
2183 2333
3971 6995
301 1249
5759 5774
3160 5794
88 4943
4114 5991
3740 5958
1359 2380
2288 7163
3602 4442
272 6875
4705 7174
1250 5778
2048 3702
5995 6053
2209 5237
1715 6586
168 5114
2026 3369
3203 7502
464 7498
1929 6563
3699 7422
2317 2494
2672 6408
3966 6818
2532 2732
1389 4152
850 5229
4311 7420
545 1030
985 4153
4455 5277
4855 6043
614 2770
1826 3337
2215 5738
2186 7509
1868 4396
2250 3307
5436 7631
3940 4888
4610 5624
2282 3610
4934 5616
1776 4682
5420 6259
2717 7206
5001 6775
299 6240
3746 3854
2008 5553
1027 5246
2197 4648
3170 7526
2709 3098
1329 2443
2515 4324
1577 1742
649 6817
3996 4412
2073 7136
1383 3054
1228 5520
1648 6294
806 3149
4582 5605
5563 5730
2947 4528
3195 3878
5108 6669
4115 4138
5375 6413
1608 6781
2895 5390
5323 7079
5315 6820
2071 3289
1557 2089
3674 3804
1104 1784
3276 5851
3311 6577
1451 2529
6016 7309
2515 2801
1028 2094
1378 7180
1042 3506
6075 6274
3657 3873
465 617
2129 6435
4704 5043
3233 5100
5379 5986
4574 5186
1834 6670
3683 4608
3195 5419
3404 7035
2485 6323
4515 5507
3019 5773
3914 5508
4359 5597
85 2297
6082 7364
451 6979
1304 3895
4514 6502
327 4393
4196 5678
4426 6996
1594 3115
5668 7120
2232 5475
2495 3565
808 4126
2643 7482
1172 4766
1474 5092
350 3399
89 1206
1545 6119
3671 4536
3767 7519
364 6890
1644 4968
1692 3401
496 2655
1093 6309
2968 4535
2101 4990
2517 5172
7026 7233
341 699
3115 5514
1046 6805
1642 7533
3290 7332
1870 4575
1201 5520
1253 2933
3929 6193
1450 3681
5648 6497
3133 5137
517 6414
2991 4339
1397 1420
701 721
6401 6796
2931 3760
4653 4697
3885 4692
2177 6770
1484 7460
517 3291
1067 2600
4003 4235
2277 3631
442 4609
6758 7296
667 726
2587 4265
2827 4217
5573 6824
3992 5038
5290 7279
4448 7282
912 1704
5289 6483
2676 4352
376 2024
4055 5581
2862 5231
2098 5420
2621 3364
3431 4303
1378 7627
4320 5108
2003 4089
181 5554
3248 5862
1856 6608
3792 6258
1317 5071
4021 4781
32 6612
718 2950
460 6091
4642 6196
415 6029
6158 7326
4924 6031
1467 7511
2805 5630
5249 6594
4298 7389
874 4464
627 4983
1225 4096
6772 7378
6485 6814
2504 4896
1199 2328
847 5586
1266 5701
3006 6245
879 3582
872 2372
1803 2232
5265 5863
3286 7602
43 1041
1732 4834
3593 7466
821 2467
4885 5017
2629 3295
918 5087
501 7043
879 5549
766 3985
322 4197
1801 3175
2205 3440
392 3568
5090 6784
4682 6691
1189 6395
4604 4780
1860 2406
1885 3394
2093 2271
53 3492
1627 2297
4031 4240
3407 6877
4262 5171
4935 5661
4032 7239
5704 6388
220 3498
4162 6336
828 7189
2561 6653
5161 5265
4056 5093
3044 5756
3320 3920
947 6634
615 1171
3066 7535
317 7207
4564 5062
5636 7330
1630 7405
5511 7063
4248 6077
605 6456
3598 7409
1724 3899
829 6715
70 2866
1110 1808
6165 6857
368 3057
1138 5164
537 6475
469 7489
1659 6818
648 1612
2504 5539
113 5625
2711 6487
4950 6485
2544 6015
6467 7301
3838 5466
5895 7597
4227 5698
1185 6752
4555 6897
3509 4989
2996 4828
3306 4303
5019 5272
1287 6701
406 6074
2797 6937
4445 4981
1785 6082
2189 4136
2463 2907
1030 4593
190 2612
2701 2775
5586 7061
100 6986
4189 4775
5750 6974
4725 6136
2299 6522
609 5766
517 2623
1162 7563
3324 6905
5000 7550
5486 7155
6813 7272
3043 5835
4090 5217
1692 5508
1459 6669
837 3402
1271 3055
636 4295
444 3681
354 1186
812 958
2568 3129
5947 6407
4757 6385
7207 7554
2781 5968
4908 6893
4220 4889
588 1357
1960 3046
378 640
1941 3840
392 5085
5037 6987
6308 7435
3283 4253
1607 1991
992 2507
388 4748
6126 6722
5990 6807
539 6433
5577 5665
830 6374
2532 2578
132 2973
1110 2649
873 4177
1608 4211
7380 7419
2988 5161
1373 2111
297 3611
1637 4618
1118 6049
302 3804
4423 5371
755 981
2941 4234
887 6427
3231 4861
3258 3751
3343 3621
5582 5861
5081 6195
159 2055
1706 4307
2000 5413
1338 4359
23 5845
1530 5652
3195 6676
1808 6645
566 689
1961 7486
2122 5203
1631 7485
226 938
3551 6665
2117 4088
2341 5095
2585 7354
2298 6817
4471 5900
1466 2426
6112 6861
833 900
5070 5596
193 4569
1717 2597
1412 6333
27 4206
1141 5553
1286 6948
1899 2371
2877 2894
3994 4418
578 6767
1545 5096
2063 3188
5676 7593
356 2291
3971 6608
929 2874
2049 5764
611 4336
1684 3183
375 1565
914 2877
3587 5794
1669 3988
1079 4489
4907 6217
1482 4922
1101 2048
5314 7095
6377 6808
759 5112
4678 5454
3407 4375
3110 5267
4242 5565
3632 6963
1666 4583
825 6300
1656 3114
4956 5263
826 2226
2468 5622
2508 5003
537 1754
2254 6382
53 65
835 4291
4242 7347
142 2788
4186 6366
708 5148
1563 6338
1746 4614
24 6684
814 5233
729 7310
3292 4466
882 2456
2502 7001
4103 6754
3509 3516
383 1258
2094 5215
7060 7376
1073 2983
1685 2446
5274 7145
64 7017
3776 7158
1233 6506
2104 3639
962 1310
7064 7260
1854 4263
2004 2912
3599 5250
3231 7291
411 2777
1473 5914
4735 7014
4963 5384
905 7483
1718 7616
5618 6497
2899 4168
226 4453
7075 7573
4138 6031
1809 2470
1856 5115
802 1542
411 1748
4902 5328
2786 4646
1555 5331
1831 5887
3818 4707
5377 5896
875 2511
3613 5350
837 7109
2252 5174
2451 7382
3090 3730
4422 6888
2575 3865
5544 6784
2348 7335
3258 5788
1089 7171
2998 6994
3204 4439
4928 7349
3208 3253
184 7144
786 2890
1336 5812
3497 7604
6931 7614
1962 3280
51 539
1086 7040
2766 4998
1727 2970
4239 6265
2344 4172
999 7076
385 604
2141 4369
75 6618
963 3631
2197 3210
4349 6303
1741 4728
1917 2813
452 6553
617 3945
876 5044
96 5986
393 6693
798 1624
1257 6239
1708 2744
220 1528
111 6033
4792 6065
1693 5149
1137 1307
3225 4933
1597 4149
635 5474
1678 4182
5035 6581
5397 7139
4283 6146
3482 4680
1275 5097
3640 5123
2049 5724
7127 7267
3591 4293
560 1610
1151 1987
1937 4170
365 2896
2522 3882
452 4935
1224 5543
4853 6215
4527 7581
3490 7641
6544 7596
14 4515
1412 1826
658 1810
872 7567
5003 5766
1875 6707
2064 3095
2337 3160
119 5012
5881 7077
1184 4357
5715 5824
240 4138
5253 5897
625 6519
4028 6916
1896 3839
3490 4168
4980 5394
4121 4230
1844 2461
1327 3421
3248 5464
1265 2328
242 3533
3506 4109
4580 5430
2566 2664
1310 5826
2586 7426
947 7512
1153 3633
6109 6745
138 555
1728 6291
81 6604
5447 5535
3479 6187
415 5284
3743 5598
6614 7218
90 735
5479 6567
778 6559
5845 6374
6453 6826
1074 3514
1785 4273
5923 6572
1000 3232
1988 7153
6828 7197
2703 7520
54 3550
538 6933
2934 7126
265 1847
5211 6197
1627 1923
1135 4946
4629 7178
1632 7339
3794 4072
1853 4009
1401 3972
5383 6959
2487 6115
1209 2000
6648 6956
2842 5696
505 7267
625 3619
2352 6607
3992 7267
4590 6436
1712 3218
1760 7038
3236 7566
4002 5465
1611 3955
584 4064
1186 6850
3035 3081
2035 4887
4763 6522
1440 5347
2724 6120
111 2242
3055 3947
1876 6754
4414 5781
6378 6959
966 3758
1549 3920
3906 7235
4856 5625
260 6160
5707 7004
1666 5765
4996 6854
5186 6378
3502 3896
827 5628
1315 1473
1636 2361
2499 7587
2132 3060
2703 5588
4047 7072
2431 2790
1096 5014
117 5270
2778 2987
5923 6987
5092 5635
2660 5832
2848 3579
1024 5021
2167 5598
4997 7180
1244 4397
1972 1994
196 5150
1346 3141
1499 3007
3258 5210
170 3650
5896 7267
4852 6890
82 6423
489 3519
1687 4535
454 629
7173 7567
496 2175
6077 7248
3852 7457
3903 3952
865 2890
853 1943
2406 2659
2655 6429
1387 5773
5231 5640
4137 7286
808 4725
2325 4056
3349 4012
438 4139
2265 3938
1099 1780
754 3074
2823 7594
2153 5878
2250 7205
2134 5159
2581 7180
2515 4211
2966 6607
632 1280
3885 6474
1412 3600
1940 5592
875 6954
425 5822
2465 5477
2535 6188
1567 5323
3978 6294
1779 4112
3746 6009
5504 6010
555 757
3027 6234
2624 4851
1434 4404
3093 7205
4714 6372
750 2046
2129 2445
836 3692
1473 4567
5638 6352
2961 5635
2477 3536
902 1419
2492 7598
2148 5364
1999 3492
9 3137
1671 3634
147 5204
6295 6549
495 4509
5332 5927
3047 6445
1781 3193
542 2123
1221 2255
2484 5521
3231 5600
1853 5861
1621 3063
3297 4128
353 5301
2015 5886
6832 7648
1995 7047
2647 7302
31 4130
4715 6400
469 499
1811 5873
6144 6587
615 7065
490 3319
2082 3485
5612 7545
2781 4123
1359 7433
4260 5041
613 4512
2372 7523
3039 5835
3013 5940
1953 3869
1205 6090
2665 6643
1882 7400
620 7141
3589 5045
3562 5279
773 7281
1433 6065
3282 5503
1791 2640
6057 7147
3169 4251
3931 6733
1758 7171
1397 3704
5010 5183
2180 4868
4624 7084
1244 3642
4859 4863
6330 6626
3559 7237
4520 7249
3969 4935
1656 5273
6026 6384
2257 2626
494 1430
2271 6502
4696 7629
3214 7614
1418 5435
6008 6455
3038 6766
4634 6136
847 1049
6171 6227
4168 5747
4862 7625
5577 6100
1876 6526
2902 6435
1024 3019
3984 4827
2065 2306
1127 4284
4030 5158
3991 7312
995 2187
923 6255
3684 7287
526 3212
1639 4694
2439 5541
1088 6718
1863 2420
1526 6047
3066 6595
4702 5361
923 991
2285 4263
3531 5931
2848 6867
2737 4110
5455 7462
5252 5375
2928 4260
967 3888
2206 4891
4016 6868
656 7349
5989 6324
354 4857
7227 7469
3319 7324
2739 3816
419 5982
989 3759
6821 7243
2437 5943
2207 6350
398 5007
1528 6993
1764 7285
1225 1609
2063 2668
2259 4778
355 2497
3664 6562
2633 6431
3930 4328
1973 6196
3097 3225
1899 6261
158 6140
1153 2973
799 815
3979 6994
726 5147
2451 2591
1214 2826
895 3196
1797 6271
201 6373
4809 7423
86 4097
4970 5937
4324 5473
1942 4409
1478 3440
2226 2553
709 5321
833 5072
541 5560
2042 5125
4202 5075
1818 6132
4577 6602
1194 4199
3134 3582
6634 7127
621 4440
4201 7293
5674 6793
175 5013
2535 5385
2293 5271
637 4917
3169 4495
3631 6725
622 2030
2990 3869
4623 5136
6717 6877
684 2393
383 6628
1026 3398
5594 6164
4087 5063
1279 3273
1675 7021
5931 6872
2004 6307
4570 4987
2579 6665
4229 5966
5843 6998
5841 6454
3199 3454
676 7347
6482 7526
2617 6862
2390 7160
6523 7006
2173 4096
896 4668
1573 3313
5303 5789
330 4926
3408 4835
2434 4304
4742 7580
443 4133
6223 6603
2572 6374
698 6608
5780 6307
5888 5899
2478 6487
5936 7033
2189 4366
5856 6901
2361 3074
3740 6233
1481 3745
848 1424
18 5863
1807 5122
5000 7242
1691 7260
2478 7179
5839 6589
2006 4463
3876 4427
4895 5579
1113 1782
5280 7034
4980 6352
4284 6486
5189 6965
242 5424
2177 2307
6455 6778
1169 2931
1253 7335
3124 3355
2440 4882
6622 7562
1341 2800
5786 6408
786 2298
5729 7515
1317 6024
4955 6427
2169 3135
373 4140
5508 7221
2820 5321
2760 2828
1092 6672
3787 6849
403 3977
3605 6418
4251 7138
555 4802
3789 4365
478 4513
655 7523
7397 7490
2106 7403
4733 6219
3273 6077
2576 6794
4671 6111
69 3581
2481 3903
4461 4822
4098 5212
4197 6858
1888 5146
2094 5903
1154 5890
4269 7512
814 6566
826 1836
1101 4780
1356 7545
1037 6764
3826 4220
3332 4582
2541 4754
5654 6896
2759 6624
7044 7371
1424 7592
4672 5342
6021 6787
3516 4508
21 3210
3589 5127
3416 5367
299 6093
5185 6846
3921 5001
1314 6874
3809 4387
1565 2363
2776 7202
2287 2908
6737 6912
2982 5527
642 2645
2173 3039
1669 7237
3571 6574
2506 4437
1196 2931
3790 6441
3124 4617
358 7114
2380 5213
93 4270
1657 7570
2219 6777
2878 6741
32 4085
1795 2414
2578 4858
2774 6758
2582 7156
2638 3892
170 7075
5093 5418
3029 3975
746 1266
3569 4490
7036 7600
4569 5244
1987 3158
3038 3911
1490 2277
1110 6023
884 5556
4989 6842
6121 6922
2982 5671
2291 4789
3546 5304
2029 6762
2665 2829
1307 2149
4353 5501
2849 7586
1662 6353
3689 4736
2096 3347
515 2759
1406 1651
1796 6042
2867 6405
277 3467
1849 1954
2710 6957
1707 4238
4217 6120
1353 7094
1686 3676
2312 6429
1798 3855
2624 6245
1690 5210
1339 3352
2191 2449
4365 5900
1315 7153
3920 6133
2829 6708
2257 7074
1109 6360
4757 6300
6333 7447
782 5480
5377 5413
229 5548
251 4346
7262 7444
2555 4499
4568 4767
6448 7454
4827 5201
2224 2285
4229 5844
3696 7073
5176 5234
5704 6695
3547 6316
1647 3100
3712 6229
3176 4366
571 1371
5873 6220
5368 5771
1255 6929
3284 5217
2303 5647
323 1222
123 1521
5651 5899
2666 7034
1064 3886
2926 5928
1192 4721
1984 5063
2506 3225
7305 7501
1139 2520
4006 6826
375 2105
2345 4126
3091 7369
2320 3599
6569 7536
4784 5332
435 3689
882 5805
1511 3922
94 6203
576 6555
1004 2680
3220 4793
3967 5148
1884 2070
3845 4676
6261 6890
1152 6113
1373 2586
7258 7338
4539 6355
409 4940
5147 7355
1321 6278
1185 2187
2833 6354
454 3227
2314 3445
487 4949
151 1709
4809 6667
768 1635
1939 2639
3402 4922
253 6636
416 4500
1777 3809
3049 4909
3572 6501
3091 7246
5455 7569
1186 3210
865 6336
981 4859
4553 5676
1822 3852
4800 6113
659 5441
5888 6728
6578 6862
122 5727
1440 4270
2567 6013
949 2628
2901 5629
3394 4797
1928 2645
1295 6812
5234 5462
1264 4879
1395 6295
7379 7586
4863 6839
6902 7208
2359 5883
2684 6532
5565 6249
2881 3849
18 2393
5861 6055
5698 6463
499 881
3708 5366
3322 5344
1783 5715
1159 7132
1220 2851
5115 5475
2304 7153
1229 3442
26 2894
4334 6581
5453 6225
7196 7424
2332 6160
4319 5741
6472 7193
898 1910
5848 7173
1089 2268
6188 7538
871 5401
1680 2291
4212 4328
5733 5937
106 6300
2793 3375
3145 6161
2019 5722
2354 3350
1577 5360
4240 7004
4238 4809
2981 6922
3252 7383
589 6728
392 7531
242 1620
3862 6230
4534 5330
2393 4938
6750 7283
2604 7105
218 2614
347 5469
1345 4547
926 5026
1887 2714
3212 6413
1610 2958
6556 7249
594 4575
819 4307
88 5484
19 2931
4468 5094
6835 7032
2810 5664
2262 4264
2047 3415
4959 5016
3032 4427
705 758
1660 3733
2186 4612
4449 4692
2406 5054
964 3418
1405 4207
3331 7005
1087 6630
4973 7032
2311 3649
3606 6173
1932 5603
325 4008
610 5527
3114 6449
602 6937
4944 7192
1941 1981
3503 6827
3481 6355
3258 4586
3827 6919
4430 5813
1007 6569
1458 2449
1589 6941
1290 1445
547 2464
1270 4341
3965 7387
2123 4202
2429 5310
1161 1353
3087 7128
4467 5110
3665 4064
246 4211
429 7598
1265 3770
1638 4152
3964 6951
4075 6352
535 7163
5464 6751
773 3706
2282 3572
3519 7215
1948 4635
1171 4882
957 1931
1562 3614
1195 2092
3284 7335
7035 7627
5777 5796
1902 3234
522 708
2528 6772
3636 6896
5598 7517
1290 5945
1884 3467
4400 5470
85 3977
438 4616
1842 2979
2239 4754
2552 3822
588 3353
2293 7546
269 900
5193 6373
778 3376
3125 6116
1372 6950
1984 2592
1304 6148
1455 3880
3584 4335
899 2154
1041 5687
1271 6401
6016 6371
4084 6143
1475 7479
408 3367
3534 6173
1729 3552
478 2224
902 2593
1686 1950
477 5357
117 2725
2929 4501
4081 4701
1635 4161
5979 6391
3834 5660
821 4673
4426 7449
5282 7004
5681 6184
3322 3919
2639 4665
3984 4565
299 5203
5316 7473
4539 7087
3469 5884
3882 5938
3527 7527
6059 6833
650 6819
1865 6059
1066 3722
4140 4662
1113 1509
188 318
2182 3352
1861 6148
2128 3472
2531 2810
2094 2261
4939 5930
2635 3620
7330 7616
5807 7615
4146 6492
697 2909
4312 5093
502 1191
1129 5431
3965 7129
6055 7306
2646 5030
5705 7285
858 4186
3434 4179
2445 5937
5782 6246
1131 5401
645 7247
1435 4203
868 6158
2381 7122
1640 7277
286 5025
6129 7406
2137 3756
5498 5568
659 4956
5904 6213
411 3642
1683 4476
1644 6656
5350 5521
2275 5133
3077 4573
1053 4631
3297 6633
663 3327
999 2655
4731 6918
1396 4731
656 1732
2254 4938
5153 5371
937 1565
3075 3805
1881 5175
4075 6029
3341 6619
1210 6999
2281 2482
1801 5385
5016 7483
708 6723
1468 1591
1252 3536
4508 5700
1620 5858
2538 6710
283 1860
512 3001
4136 6597
1090 5259
3926 4130
1065 4377
1891 6224
1656 7491
1820 5160
3859 6852
1362 2257
330 2580
4652 5037
3813 7174
2713 5739
868 4842
5068 5641
5218 6563
3518 3533
3092 3452
4318 6727
300 4103
1513 3980
1427 5059
1584 3908
189 5353
5349 6134
1704 4352
5227 6724
6162 7465
3188 3513
5004 6817
2326 2421
898 7083
1752 3569
4990 7112
3749 4634
4535 5232
474 4546
5184 7555
3857 5460
2951 5227
445 5128
1668 2830
5025 6758
2937 6041
2646 3635
3599 7602
2 6514
1012 3575
3549 6421
1548 5648
2534 5789
1791 4487
1784 2812
3381 5378
935 1622
4293 5669
1256 4806
2049 2433
5480 6579
1990 2408
2443 3992
3568 6920
986 6970
2153 4051
541 1286
5949 6812
3495 6582
2632 3493
3316 5791
1875 3590
1964 6098
576 935
5790 7600
40 7084
3796 4874
299 1201
996 1984
762 3313
2441 6878
3831 6333
3277 4341
1675 1717
3532 3805
2522 3007
826 1473
130 3623
4843 6410
2848 4854
2490 6797
2555 6589
3077 5756
1033 7104
929 5548
1962 3523
5435 5715
226 4703
7027 7562
915 1699
6108 7427
1069 2806
3556 5004
4940 7106
1780 5517
1660 5364
37 2648
1237 7586
2235 2999
1009 1030
4609 6600
70 2124
4876 7278
1248 2174
2879 4579
511 7609
1421 3918
6521 7307
2424 3686
5959 7583
10 5390
713 1488
4264 6485
1755 6546
1627 6210
3459 5199
3465 5534
1344 2062
3465 5898
838 7009
1772 2857
4866 7251
741 6740
7187 7364
1456 3556
561 5943
668 1800
2245 7222
3689 5249
3053 5549
7183 7546
4482 5037
3833 7013
6213 7550
124 2278
414 1689
3551 5388
2390 6734
6806 7413
796 3175
3997 7259
3630 5406
2953 5011
5140 6820
4882 5896
628 4903
3504 4499
1250 4834
399 5006
6624 6830
2307 5831
841 6081
1005 5988
2956 6857
2336 2549
2387 4360
1350 4511
3370 5368
42 5494
507 4923
1239 4562
2645 2767
348 1064
3357 6267
3453 7187
937 1018
6553 7402
2531 6337
658 3475
4744 6122
1383 2986
5535 5967
959 2617
926 1246
6562 7162
4642 7590
3404 5270
104 6557
5122 5859
3681 4318
6300 6868
1868 3987
2371 3772
486 2361
804 5325
5206 6321
3493 7577
1644 3183
5560 5564
1175 3373
3209 7429
1648 5395
5564 5774
333 7428
271 1443
2636 3395
5407 7563
2815 5611
216 1371
2058 6110
4135 6325
3607 7524
2260 4379
5488 6708
2665 5857
1004 3235
3290 5277
4502 4793
4403 7117
451 5467
3453 5098
3389 4141
203 6169
524 2153
6313 6345
1132 5651
3930 6006
3 392
733 3723
2053 2633
4423 4967
5124 6159
1276 1898
2523 3156
3119 3800
238 6981
2549 3579
6614 7144
1764 7488
4131 7332
4910 5611
4057 6817
2159 5707
334 2588
429 3805
977 5982
5029 7080
1262 3489
2820 4971
2062 4915
2335 5883
1239 2814
2187 6074
2131 5037
2842 6963
1629 2121
2626 7077
152 1216
1978 4936
147 1585
1364 3473
2068 2196
1756 5119
4039 7409
3401 6915
3046 6375
1997 4824
2870 5961
278 1276
3526 4425
6745 7127
183 2242
2705 3124
5107 6745
1501 4627
4653 6146
5012 6896
729 5407
2991 5386
5081 5360
4690 6181
3099 5422
3031 4157
1299 6631
75 5669
2881 6874
4070 6752
7159 7168
619 5282
5074 6697
941 6993
149 5054
3826 5655
292 968
3031 5533
231 2642
40 2028
5073 7439
1543 5287
5197 5734
1517 5186
1323 7319
1038 2345
905 2075
4225 5849
5766 6286
2096 3550
2039 7641
5229 7503
2846 3739
3704 4540
1950 4934
2096 4159
2766 3131
3981 4812
2046 2082
1973 4725
1782 7590
6723 7385
3155 4766
2635 5400
660 2193
2305 6769
5193 7361
6373 6929
5328 7071
4416 4577
1917 2606
620 5038
709 3974
2099 6485
2349 6967
4866 5721
23 1563
735 6837
5045 6882
2487 3135
220 393
1814 7620
3179 4995
1681 5247
4062 6142
1278 6391
1228 5068
4126 5673
1719 4686
6326 6711
3167 4799
349 4383
2581 3364
2439 7342
5495 7646
6322 6443
2505 5713
2551 5603
1403 3587
4186 6426
358 4652
1717 5846
4 1125
5538 5819
2343 6610
2065 5357
1370 5081
1477 6669
803 1231
6092 6459
1988 6322
1632 3546
261 4785
277 3554
5331 6021
1165 2385
3120 7112
2586 6394
4293 6745
5740 6198
1221 4037
1256 2315
4130 7226
3228 4425
1089 4858
2972 7364
3012 3761
3139 4968
3223 7241
4046 4549
4612 6747
1757 7649
3950 4086
5558 7233
6082 7107
1981 2568
1162 5254
3874 4162
1460 4021
1940 5365
534 1076
3073 6020
2656 5222
804 5568
832 6355
2264 5630
4706 5147
2083 6443
1296 1297
889 2834
2357 7080
1437 5053
2440 4172
2001 6738
1667 5803
3071 3630
3620 5594
1188 7510
1038 5115
390 3190
2157 7365
3116 7200
1510 5230
1421 6932
1157 1363
6584 7588
4651 7364
4633 4957
2254 5385
2000 3565
4818 7310
2049 5148
5373 6862
3944 5767
1918 6895
2859 7148
1272 7454
419 2065
795 1931
4098 7220
5592 5826
142 7213
5025 6830
3380 7485
1110 7239
4085 5595
811 3136
6333 6391
1953 4119
2922 6200
3189 4727
4344 6266
5329 5965
2568 5832
2078 3535
6904 7041
4050 4542
4778 5492
3363 6545
1239 2046
5096 7266
1964 3144
4157 4257
1380 5018
1048 1782
2090 2616
1480 6096
7 227
3492 6796
2785 5803
72 5610
383 507
6024 6585
2819 5199
656 5833
3188 6952
3770 4101
6159 6237
1661 2005
5550 5924
67 2736
1659 5871
4916 6894
3514 5001
2022 5991
1150 1266
3083 4489
4556 5596
1440 6664
1078 2683
4498 7383
38 7647
914 6542
5468 5590
2489 3440
3351 4391
2397 4618
4504 5886
5597 6420
1406 6576
1068 4148
3048 5127
2719 5080
1573 7000
311 4231
1185 4956
3705 4254
3529 3902
3544 3934
902 3776
1596 5003
1445 5363
2701 6115
4754 6802
1248 1414
1885 3802
2240 7467
1693 6699
85 3367
1249 5574
1079 4790
827 7597
1505 5415
5264 7145
6 2609
810 7282
4308 6540
1619 1930
3205 7457
2003 5110
4124 4323
6185 7133
469 5371
190 1536
5850 6187
162 5973
2251 4004
279 1364
1323 6931
1715 5146
1773 7438
3168 7167
2172 7603
6434 7387
1465 3978
4686 7493
6283 7005
1359 6286
5701 6462
2397 3477
2676 5093
7373 7389
1440 3496
961 1022
3435 5554
620 3584
819 3152
855 4530
1515 5521
175 4814
6074 7114
706 3086
6273 6542
6056 6353
2021 7466
1134 6028
643 1864
662 5418
945 1265
3152 5380
165 791
293 7003
1156 4134
5339 5345
1089 5568
2727 6151
823 2847
5410 6080
29 6009
914 3190
6973 7316
4911 7158
2358 5543
436 7146
3445 6163
82 635
5145 6084
3219 7470
3713 6481
180 2555
3567 7253
733 2427
2644 3069
1016 2765
3235 7641
3664 6545
3628 5748
2170 6702
3217 5304
1102 4704
552 7346
3154 3693
2885 4012
3202 6171
4708 4880
3967 5217
13 6164
2299 7300
5684 7456
6103 6307
4212 6893
1178 2727
1826 4805
26 1968
44 4888
3512 6605
6603 7608
5850 7276
1246 7537
122 3678
970 6649
2412 6344
3279 5935
4241 4479
1020 4789
1286 1290
2455 2983
6120 6980
1546 3648
4928 5030
672 2904
146 7188
224 2369
1694 5908
4777 6338
3372 3409
5937 6312
162 5664
4420 6948
20 445
290 5729
3027 6847
656 6932
68 1023
1658 2804
3022 6953
4328 7067
520 4628
3001 6097
3648 4195
3988 4344
2438 4993
204 7561
5639 6880
6016 6408
1350 7048
3149 7115
3002 4239
3298 6049
1933 7392
1312 7060
372 6858
2468 6261
1847 7317
286 2507
2985 6723
434 2496
702 5545
5488 6269
3028 3737
1066 4826
2800 3967
6772 7021
3094 4142
488 4248
3875 4613
7106 7590
5340 7608
2961 6623
2165 7140
6254 6675
5939 6870
61 1319
3975 7216
2362 5543
2127 2178
804 5767
1543 1755
5825 6659
2687 7348
2295 7077
1236 3103
3450 5522
3904 5437
2883 3739
242 391
1795 1893
2365 4688
1804 3139
1687 4371
6333 7457
2860 3813
3845 4179
2633 7420
2337 5159
5225 7510
1270 3102
144 5201
1408 4440
566 6890
1891 7323
4123 7251
5615 6735
963 6523
4923 7627
4145 5663
4515 4682
242 1260
1575 2414
2289 5428
3006 4467
1954 5741
1825 1868
1372 6042
309 5555
656 1350
3821 4141
989 3013
1149 2154
298 5347
1830 2581
3887 7432
2026 7188
1194 6038
967 4053
1828 2916
5066 6267
4115 7536
516 5725
25 805
5797 7223
1251 6465
472 4718
7239 7532
72 1899
3677 3923
2780 6732
3053 5908
1288 3108
206 6107
5978 7571
3352 5404
41 6698
1481 1740
69 530
500 6072
4024 6514
1883 5695
2604 2678
3041 6082
4514 5123
236 4159
2536 6047
1996 6546
461 6763
334 3567
276 2195
991 3533
2530 3920
543 4264
5788 6760
607 5725
4469 4813
505 4720
1286 2344
4553 5391
2987 4975
3859 7489
2605 5234
1210 6528
28 724
3109 3207
851 1178
1315 2518
1012 3503
3354 5967
61 4645
7125 7558
4044 5738
2432 3386
2628 6314
430 3904
1977 5682
169 2362
3330 5627
700 3515
4213 6877
614 6758
670 5199
784 2701
721 722
5246 7313
4608 7092
2150 5156
1313 2964
2623 5276
4529 5450
500 7445
5955 7048
470 6506
6870 7583
1274 3977
1147 5057
2644 7062
2751 3123
765 1982
1607 5150
2098 4434
277 3217
6123 7601
883 2060
3708 4269
5296 5754
3995 4693
2012 2959
1697 2719
4977 5786
2683 3457
234 4938
6337 6612
324 5238
2979 4937
3454 6365
2512 7593
3326 7117
5170 7139
3927 4453
3676 7183
3491 5191
5870 7041
2257 5958
1163 6992
828 2313
4755 7063
7436 7445
5007 7060
62 3691
1854 5338
3784 5434
694 2854
1735 6301
2491 6423
3901 6720
1121 2389
353 3461
3066 5851
1350 7605
351 5928
1466 5436
319 5057
1532 2723
2970 3132
1030 5944
3631 5051
427 2433
339 5583
1033 6398
558 7403
1548 7632
428 2062
2904 5347
1192 4794
401 5330
3971 6144
3795 7363
1209 5014
4713 7163
2726 3519
2022 6766
311 551
1417 3616
5408 6364
2254 2382
1285 2846
1088 1977
4888 7597
771 7383
3951 6348
1876 4440
4066 4949
2307 6399
4772 6766
2628 5194
1095 1909
4364 5670
1572 7088
6374 6418
2037 5588
3499 4662
2108 4892
461 5975
2405 4444
3241 6553
6511 6987
3857 6385
41 236
2925 4056
202 2379
302 6073
4478 6997
4383 5030
2410 4775
4473 5045
1478 5255
7055 7400
3495 5986
2106 3432
6444 7526
1025 2250
453 1806
1722 3568
2184 5499
1863 4894
3569 6566
633 6995
3208 6540
4720 6454
5173 6916
3106 4547
3719 5338
868 5313
2781 3445
973 1420
2305 3541
5047 7011
493 1266
3726 4675
3563 6891
1164 1974
5173 6349
4639 5179
1620 4666
5071 5718
180 1467
794 3683
4386 4891
1211 4348
2443 5658
3844 4512
2478 5476
448 4122
758 3681
1412 4238
3504 3526
2285 4753
212 1781
302 1784
2224 2337
1916 3260
2960 3257
4744 5589
2272 3835
5 3718
4869 5443
5791 7493
2124 6722
138 5864
3816 4069
2592 4969
2156 3944
3459 7413
3447 6827
2582 5674
4106 5586
561 1481
1118 7473
2789 3966
3270 5693
1006 4934
5774 6112
3246 4560
121 3032
5652 7199
2826 7631
1411 4210
4215 4744
4193 6244
3961 6695
3515 6709
3966 6218
2008 4263
1330 5149
627 1567
5341 7188
5682 7453
3559 5501
4496 5123
3244 4638
4134 6171
318 4140
1494 6982
435 6522
5080 6113
435 696
5876 7112
5594 6195
1666 4912
178 4029
2167 7156
1665 4343
5907 6936
609 1382
356 4004
2100 3313
1049 3389
165 5481
1107 5428
5943 7628
165 4636
26 255
989 1344
5160 5247
1257 5807
1651 6255
1615 3379
732 2085
959 6897
3376 4773
2263 2366
4226 4512
1591 6411
1506 3599
6075 7073
1712 4655
1068 3753
1871 3366
4172 5927
1144 4835
599 3362
2485 7072
2079 3199
3120 4768
433 1960
216 3863
2334 3275
1197 6286
3675 7416
3046 7376
4710 7057
1683 6354
3356 5571
4349 5506
3734 3907
494 1420
2446 3653
2460 5964
641 2773
2038 5521
4574 5122
1768 7060
5907 6674
373 2709
1307 4073
4194 5253
2225 6128
844 925
1218 5597
2885 4747
2616 5512
3888 5928
4491 6148
4849 5664
1051 3721
2249 6079
3682 7135
213 6665
2449 4643
635 3878
2792 7641
49 6806
2831 7305
333 6820
1608 3841
988 7472
6894 7078
2672 4421
895 1718
3429 5138
2838 4783
1505 4420
330 4631
2507 2622
2661 7278
249 3955
813 6650
827 3256
1857 7026
4214 7064
142 7039
1789 1914
6379 6532
0 2691
4059 5388
149 3669
5385 5602
4121 4171
3803 6405
4726 7437
2107 6584
4131 6137
4208 5303
6729 7193
1666 2605
1633 2288
3472 4869
5284 5817
858 7194
5545 7304
1614 6978
4557 5835
887 1815
394 6435
2181 6230
4235 7321
4027 4243
1067 7504
1067 6263
2340 6681
1854 4380
3605 6153
4697 6186
3683 4706
226 1510
1268 2346
2673 7630
2005 5342
112 948
78 155
251 3325
1710 7089
3123 6630
3361 3457
2758 3691
4061 7319
485 5699
6026 7282
521 7247
698 2829
2332 6332
2257 4858
52 75
4603 6294
406 3522
2756 7328
4238 5320
6104 6375
4354 6775
1214 2187
3606 6116
1180 4800
5172 7508
2752 4985
1538 3269
3476 6622
689 1225
1455 1662
2238 4478
4233 5846
3723 6628
4775 5300
3583 4729
2226 6841
57 3775
1460 2196
5554 6440
541 3777
4084 5441
391 6756
2079 3159
1707 6420
71 3501
1393 4550
3650 4210
3790 6314
1644 6204
353 1254
2648 2789
165 5392
2637 7596
2417 4093
6248 6492
1651 5496
3858 7588
414 6297
1166 2643
4215 5103
1312 7375
2956 5983
1856 4008
3229 5073
765 3084
2536 2691
2316 6631
1020 2156
565 4827
4305 4473
3457 4884
6842 7527
4683 5442
918 4569
1094 1910
4232 6106
5342 7047
2495 6899
4197 6410
1326 3046
6669 6827
5761 6171
2017 2740
703 1724
3976 5679
1973 5205
2118 5398
141 6258
2385 3072
3991 7645
2548 4557
4899 6998
965 1808
1087 7258
1660 7091
2757 6020
3207 6555
2458 7411
6961 7068
3575 7198
5149 7305
1041 4273
1107 3081
381 7195
6411 6492
6123 7319
2034 2793
2021 3813
3192 5175
1329 1654
2849 5399
636 1954
411 3789
3745 5305
2824 4395
1276 1458
1744 3476
2075 5587
1499 6520
1418 7584
1009 7494
6351 6678
5029 5558
3695 6299
2032 3354
3309 4361
3721 6265
3598 5106
6705 7095
615 6512
2239 3611
2234 5480
3610 7293
2616 6593
5667 5956
3811 4588
831 7550
2409 5643
1830 3855
2895 6553
38 4107
839 5273
1411 4892
4815 5436
5017 6358
2768 4017
4759 5906
1439 3412
1267 1272
3262 6864
5744 7452
4153 4735
4533 5756
315 1060
6259 6429
3650 4243
801 4730
3739 4563
117 4959
1006 3783
701 3500
359 1282
2487 3944
4119 6954
4567 6486
1744 6386
6063 7223
675 4739
1294 3553
578 1575
82 1328
836 6893
4182 5817
1778 3813
3277 5880
3620 4389
1027 6633
3093 6226
612 4351
3657 6348
7263 7422
2660 3012
3872 5158
893 7341
2606 5362
2783 2801
805 6315
3489 7432
2682 7313
436 5708
820 6447
479 3806
1020 6140
1843 6559
5154 6164
1144 5105
1639 4838
967 1678
1920 3092
2934 5107
938 4371
1676 4463
1268 2859
4336 5564
1103 5637
4039 4421
5698 5830
180 5786
2378 6002
5418 6223
1081 4628
2827 4479
2759 5542
4510 5113
879 5370
3017 7167
3549 4789
5063 7473
2051 5642
1640 4407
2909 5936
1350 4412
927 6387
6483 6698
769 4207
2219 4291
531 4880
1763 4286
3376 5452
4314 6361
262 755
1090 6193
230 5908
3135 4400
294 7452
771 2299
203 3529
583 3189
4780 6393
3012 5735
5272 7165
1067 5898
1653 7361
955 2641
402 3260
3121 5725
2323 2332
307 1591
4315 6878
640 4739
1533 6787
803 6066
2944 6552
3260 5703
1454 2975
5174 7327
409 6249
3562 3757
1611 4107
6691 7327
970 2907
4359 6848
4411 4979
2243 4611
415 779
2252 3779
4934 6923
2422 5451
2298 4090
3772 7094
1301 7215
646 1206
1357 4145
1216 3825
2225 5016
4308 5879
2915 5883
5630 5677
489 3820
2054 5577
69 3549
3800 5051
2337 6125
4796 5535
3858 4573
1921 2546
2453 3945
3891 4748
2804 7302
706 1891
3592 6634
4596 6973
1869 3897
1262 5744
1568 4927
2014 5995
943 2021
6543 7533
3366 3444
509 5014
3877 4939
2271 3592
4449 6463
2383 6400
4193 6203
7136 7297
1035 3332
2025 7274
2182 7377
2859 5014
1503 2035
869 2506
2125 3821
1778 6999
1836 6589
5702 6363
1483 6448
6086 6449
216 1885
6454 6842
1129 5777
3302 4700
494 2952
2833 6351
4750 6454
1829 5547
575 1096
1649 5589
953 1761
941 1462
185 5839
5156 7564
1354 2910
1182 1370
4349 6852
602 728
2808 6985
3 2217
1585 7497
1547 6004
5798 6788
585 2504
436 1251
2674 5671
4904 6465
3085 7308
4228 4418
683 3558
2824 3918
1356 7577
2764 3976
1752 2129
4295 4437
471 4546
3982 5506
533 861
591 3591
2679 7499
373 3574
1781 3279
4731 6364
4106 5345
4326 5455
1246 7525
6659 7165
2964 4996
1139 5694
1466 6687
3540 6442
4722 7544
3208 6785
1052 5172
1366 2007
3177 4683
7457 7530
2175 4507
3159 5681
6464 6932
1097 5555
4292 4737
6466 6599
3936 4224
1840 7240
1816 2853
1513 3272
1119 4372
5111 5303
4252 6100
2026 4581
1121 4401
625 2506
2415 2595
241 2185
539 1430
1950 4768
451 3345
586 1365
3431 5516
1275 7067
1576 5299
4149 4744
4036 4763
1832 2425
1121 3820
3278 3669
2646 3894
172 776
6207 6693
4042 6843
2054 5321
5571 7518
1902 7080
375 2543
1020 4411
2215 6685
2880 5396
2434 3631
6260 7266
5187 6215
1109 7402
5881 7256
344 5753
995 4622
533 6131
711 7625
1493 5645
3297 3601
5582 6975
582 6397
1757 4406
1824 4699
1380 6793
5303 6377
1692 3940
50 3600
3379 7539
3934 7418
2893 7427
691 2542
4294 7003
1551 3993
563 2012
691 7242
1710 6806
3994 4195
5018 5250
5111 6429
4361 5085
1652 5468
1493 7317
334 3495
1712 5951
3970 7344
4429 4690
3477 5058
1647 5901
2170 2417
2317 6386
3346 7250
3826 6945
4871 7169
2574 5407
4705 4944
4529 6734
5243 7283
3692 6757
3089 7071
281 5966
3686 6069
4467 5017
651 7183
625 7246
379 5332
6500 7315
2230 2936
2938 6941
3850 6500
423 1540
5082 5567
4854 6166
721 7127
5127 6501
4671 7590
4778 7549
2005 6472
1188 5724
2898 7026
461 1522
1762 3420
2585 5309
584 914
2176 5158
3869 6853
4930 5137
42 2914
1504 5553
2476 6932
3699 7070
2102 7515
1023 7287
622 1044
1193 2990
2543 5314
2152 2252
4061 7577
3811 7270
520 3300
1804 4222
4964 5257
3623 6130
1470 2930
6524 7334
3324 4775
5825 7136
1334 6204
266 1294
2716 6284
5905 6104
1280 2115
3952 6577
691 1091
2157 6070
5269 5692
1227 1998
440 4881
900 1010
2383 2637
3320 3931
3379 5256
1364 6178
5331 5549
1053 4201
1478 1872
6639 6765
1296 7649
2373 6048
621 1085
1783 4634
1288 6269
2746 3193
909 6459
3361 5850
1986 3415
505 6233
5183 6930
1580 7357
1367 5066
219 6837
3773 6559
604 6392
957 3909
474 4846
1588 4876
7313 7612
86 1587
260 4587
75 497
2234 6785
772 7116
1701 2400
4104 7366
776 3840
143 6467
1663 6842
703 3118
1792 7003
1168 1176
4210 6305
826 5249
2133 7060
1208 1741
110 6267
86 6741
1402 3104
2303 2611
184 5019
5777 6114
5747 6418
2883 4438
353 5637
4278 5030
3788 7162
651 5410
3599 7175
1045 4691
469 4664
4192 5283
4702 7431
1399 5563
3861 7273
1993 5761
2897 7167
3514 4747
186 370
2151 5479
1444 2710
3222 3621
805 1718
294 4063
1737 6594
1895 5899
2612 2831
406 2612
212 7262
4491 6812
5917 7179
5357 6943
1695 3872
912 5128
653 4949
3438 6281
1827 6125
581 771
5314 6500
926 2128
315 801
3323 4615
4092 4698
41 7495
3725 5740
4340 6033
2796 7483
1367 7040
927 1443
3861 4731
1981 7520
415 7114
3505 6071
731 2953
3323 7423
3474 5944
2139 7391
4398 5336
4902 5456
1298 5685
101 5738
2514 6606
82 6078
4536 6552
2048 7078
4913 7402
1419 4228
827 2667
4296 7271
2688 6548
1607 3988
917 3095
6442 6903
1846 3279
5096 6588
3652 7508
2047 4092
2499 3996
2223 7403
1418 3393
3071 3833
5564 7478
4089 6976
3402 7168
46 2135
4161 6067
1005 2331
23 2245
4630 6698
1549 6914
4474 6213
256 532
3251 7003
254 975
864 7464
3266 7433
5842 6015
6375 7142
2407 3335
817 7615
271 5055
1006 7339
3683 6976
1138 6639
4067 5775
1883 2133
726 5662
2134 4662
3291 5930
614 3661
5705 6395
2102 3714
1018 6187
4216 5116
349 382
933 6777
1137 7301
4802 7153
3929 7449
2602 2862
1091 4260
4367 7391
1760 4735
1014 5225
148 6179
4767 5065
333 7562
1384 2963
4702 7119
720 6768
966 4419
4350 7053
1986 4249
748 1138
3630 6791
706 1923
5888 6431
639 5333
1500 3690
2728 7225
3485 5367
1992 5327
5496 6981
3318 7514
1671 2085
282 840
3928 5145
6098 6423
388 7305
4412 7022
3732 5251
34 5201
5509 6082
241 5055
1386 5313
2548 4647
5 98
1570 6021
4117 6688
2179 6217
4232 4236
2621 5734
1858 5886
3240 4741
1879 7032
1682 2543
869 5123
1965 7048
4669 6180
1680 2967
366 4159
3107 6397
854 1330
3171 6624
411 5162
3147 6301
6005 6008
758 827
1278 5556
3619 6925
1457 5987
2443 3916
641 7007
900 1152
2008 5743
25 2636
3399 5840
2969 3504
1511 3737
1281 4898
597 5704
4730 4820
1449 3824
929 4576
1570 1731
531 7374
2202 5896
1239 7293
1695 4673
1507 5928
425 6144
2215 7616
267 2045
390 5842
4391 6837
4094 4488
865 1272
284 301
1624 3240
812 3710
97 6386
2854 5828
2621 5698
3288 5076
659 7597
2430 2736
1903 6969
6949 7455
7365 7634
2469 6272
136 6286
2234 2852
5151 7179
2318 6229
1152 5873
7061 7608
401 3245
3981 5239
3200 5974
3430 6318
3494 6762
5182 6603
824 2118
766 791
3490 3838
4859 4967
3362 7476
6116 6603
5615 6840
1854 3103
2162 4922
1787 7098
1412 2948
706 7090
4647 5866
1422 4218
4799 6145
2741 4424
1343 3450
3451 6530
1698 3890
2373 7148
640 6554
4911 5617
6517 7605
3961 7417
2212 6389
6763 6988
1322 2460
323 2702
1779 3129
5134 5343
2797 3369
2639 5286
871 4006
4565 6289
577 1943
27 3067
1645 3030
651 5814
1139 2336
3044 4597
2252 6146
1287 7330
2653 6438
5170 5805
964 3263
837 7246
1711 6817
311 2623
1071 3171
1297 2390
763 4541
2860 4034
1271 6184
5442 6804
2437 4601
5487 6018
630 1637
860 6255
4050 7372
4518 7454
4683 5111
415 5369
3590 6375
2874 7626
6342 7555
3809 5284
45 3757
1988 7021
1654 3825
2582 7278
5703 5950
101 3900
1980 5351
1953 6010
499 579
4629 6492
2154 4643
4757 7205
2671 3518
79 4212
5264 6384
1846 3311
1646 6875
391 1428
2857 3611
5739 6246
6157 6456
3332 5783
1682 2570
3687 4848
2745 7158
2778 7282
393 562
92 5727
7 1821
875 2928
1154 2855
1249 7156
3676 5168
3606 7413
3305 3985
2893 6896
3841 3959
7314 7442
4585 6763
4781 7042
724 6801
1940 4545
3881 5329
544 7219
2963 5836
4691 5747
4114 7099
372 3764
3831 5304
3908 4977
1935 6640
4821 5952
3903 7612
942 2956
4046 7639
1357 6795
3796 4908
942 4172
882 5504
4052 6142
1291 4383
7024 7355
3175 3759
263 416
1297 6788
3433 5165
3892 4301
2970 6438
4416 5004
5739 5965
1151 5358
3298 5836
4536 5744
5696 5733
4496 4605
1335 7110
1811 4797
255 2709
92 7045
4636 7183
1660 4521
6865 7615
4871 7447
210 6831
2212 2893
1946 7600
93 993
320 952
5226 6851
1215 2058
1214 4933
6458 6916
1654 3598
1624 1807
2653 7425
350 5744
780 6187
618 4583
1211 7107
282 637
1926 6593
2645 5485
2088 5176
240 4998
294 5441
4297 5400
4093 4421
959 5143
4020 5595
922 2350
2866 3657
1148 5046
5774 7348
90 5169
1588 7433
3974 7281
868 3511
1704 2429
2096 3574
2936 4491
3042 4793
489 7210
2815 4109
1430 2959
1403 5652
1310 5089
1426 3753
2017 4844
894 6712
4910 7397
2089 5372
4403 5031
1464 1958
4021 5594
4692 5036
6105 7467
1053 3203
2864 3459
2092 3393
570 3239
604 2750
116 3144
3575 5969
1734 3476
258 6816
1085 1156
4159 7350
4501 4532
2192 6848
1802 2772
393 3705
2758 2898
5359 5704
4142 6824
1029 6679
2865 4573
4554 5935
636 3650
3614 4281
4585 7323
831 5111
1198 5021
2587 2670
1811 7474
2277 6047
3128 5039
4260 6085
2034 2347
5253 6828
5845 6552
1496 5998
4598 5379
472 5440
1588 7450
2573 3434
3027 3757
4964 5432
1359 1417
2444 5045
306 4138
755 3250
2366 5196
1689 3817
6939 7501
2373 2624
1885 4059
3767 6145
358 5643
553 5562
310 7120
598 7286
2914 7606
4094 6234
2514 3924
3896 4560
1208 6065
177 474
4933 5560
4820 6683
66 1778
5541 6192
3013 5509
2361 3119
4960 5652
2785 3164
430 7089
6875 7272
2451 5254
1183 3930
708 2373
2557 7648
3729 5275
4637 7553
830 2888
7138 7317
1601 3361
227 717
1534 2946
783 5188
2891 6352
2844 4814
3017 7302
1587 6922
4901 6796
6491 7564
5524 5772
4623 5221
423 4436
3853 6031
1517 6413
2948 6749
1497 6161
1854 5018
3045 7140
4767 6555
523 1822
412 1366
215 3558
762 2771
4895 6979
966 7131
4033 6169
310 633
1669 2229
1029 4456
5909 7236
1505 6433
158 4520
2461 7648
3523 3637
4309 6073
3744 3922
4357 5524
2673 6700
2124 6242
2131 3592
172 6240
1487 7430
4038 6430
3241 5319
2105 7317
1727 2883
476 3294
2451 5857
3377 6187
2720 2831
492 6802
2408 7037
255 1504
5734 6133
1831 5479
799 1098
1977 4956
4788 5438
605 1962
902 7060
2652 4439
1119 3104
5781 7500
3079 6739
2342 7509
7212 7512
2550 7125
3004 4516
3568 6891
4227 6374
2828 4086
4704 6431
4089 4302
4357 5267
4019 7275
380 397
3965 4252
3287 5110
1978 3737
4850 7486
4351 6117
2630 5161
6581 7469
676 5949
2089 7617
5945 6736
4482 5803
1792 6197
1194 2686
5785 6798
199 4086
3907 3984
4018 5913
307 7387
2525 5100
385 4203
4968 7585
2566 6292
4746 7057
492 707
1244 5652
231 5166
6202 7062
5996 7335
469 651
1526 5996
2424 3268
4599 5340
1750 3235
303 7076
3574 5584
2734 5229
3242 6841
6370 6719
960 2646
246 1096
355 1998
3127 5657
3062 5706
4665 5591
5979 7408
1868 3110
2627 3253
1212 5007
2764 7472
2304 4150
1156 1197
1406 6862
5553 5990
3642 6336
714 4532
6527 6978
1097 5465
2226 4331
860 4510
709 6020
3241 7597
3083 5289
701 2395
1190 5082
3164 4851
1986 2759
5804 7424
1933 5737
3850 6015
1656 1989
3133 5848
5767 6610
4589 5899
1792 4438
5052 6529
2124 2588
519 5133
684 1382
2993 5871
2056 4707
2863 4755
4254 7034
3856 5960
2293 4256
5001 5859
6517 7028
6697 7327
4178 5138
2404 5725
6009 6123
595 2979
1268 4800
5977 7164
2026 6464
2083 3175
4789 5202
3594 4981
1390 3471
403 7073
4208 5508
345 6641
5559 6512
6485 6737
3373 4353
4707 5664
528 724
5085 6351
1856 3642
2422 3007
1127 5228
2746 5073
392 2325
500 1215
3423 6529
10 1194
3909 6069
1632 4744
84 1070
3424 3713
6525 6879
5659 6536
3126 6609
949 3925
3002 7509
4596 6889
7255 7627
6363 6378
1840 2565
5330 7483
425 639
3279 5350
4911 6532
89 2169
5564 6633
4116 6740
2152 3424
6916 7002
3545 4367
3157 5284
4584 5809
25 6262
356 4781
3583 4238
4803 5902
3461 3764
440 2179
1207 2604
3675 5075
2620 6236
2342 4923
4998 6318
4879 6593
2214 7222
6839 7433
2667 5697
521 4615
4792 6825
1219 3416
2173 3217
2084 6807
5378 5732
4342 6676
421 2664
1937 2628
5306 6042
4150 6845
1788 6737
1505 7325
1878 2654
3195 4797
2544 5974
4023 4996
851 5465
996 4597
329 5038
56 2547
289 7165
5501 7189
1541 7395
1372 3066
5053 5467
3671 4108
3843 7312
1823 3157
2909 3515
1298 3812
1742 3089
1151 2736
111 174
1379 1671
2160 2270
5459 6013
2835 3865
1849 6428
1212 3640
1785 6234
5382 7526
1416 3690
3947 7624
3876 7389
635 4726
3718 3887
4370 5347
1135 7602
808 3239
1908 4965
6188 7042
5882 6777
919 4658
2787 4633
975 3274
581 3898
2666 5004
663 2411
1498 3191
1162 6650
3529 6273
3982 6136
3343 7421
4626 4927
361 5655
3660 5184
2806 3407
1070 4965
5375 5830
4332 4596
2843 5247
1429 2141
1445 4262
4977 6543
1255 2218
2629 6353
1114 2281
5598 7598
4446 6127
3089 6722
987 4757
4008 4223
877 1512
450 943
6404 6875
5377 5618
3653 6004
3733 5671
270 5794
3826 6531
6247 7028
905 3296
2340 6121
5697 6890
526 4387
3649 5954
809 7322
2707 2762
3280 3521
1054 4764
709 2212
1153 4865
316 933
3969 6809
1454 3615
6492 6887
2283 4551
3767 6031
4865 5949
3310 4039
5101 7283
992 3378
343 7513
136 952
1451 6628
3319 6610
240 5211
2415 6752
180 5372
1417 4680
828 6821
1750 2892
3774 7231
4379 6782
2185 6639
3131 5438
586 7479
2003 2093
946 4973
1711 3614
5049 7031
489 5993
1053 4293
4170 4362
1772 2191
1534 7243
2162 2558
3709 5782
1585 2125
1739 5539
5312 7305
4153 7368
2535 3722
2182 2533
2839 4235
6738 7366
4388 4923
527 1348
1753 3754
3198 5072
7308 7627
5415 6335
591 3952
904 5231
4262 7259
2543 4788
5114 7606
4209 5733
1344 7134
3158 5339
880 5412
1487 5087
3998 6538
2800 3976
2546 6165
447 6186
5492 6891
1424 1685
4713 5724
123 6093
510 3961
4856 4908
1678 3929
4829 7444
6324 6364
4224 5888
11 408
3074 3187
1956 7003
1016 2313
397 5950
3550 5166
3897 4698
4654 7347
2188 5636
4673 7114
4047 4652
3533 5986
154 6435
5479 6575
652 6890
3792 6128
43 7417
299 1923
3138 4906
2367 4542
2846 7340
3116 4690
1756 3763
495 7514
1523 3067
2424 5088
530 5100
4557 6527
69 5033
1053 4498
5862 7536
1294 3898
435 5406
1665 7392
2417 3681
1494 1885
901 7061
2062 6344
6758 7208
4405 7494
355 6811
4172 7555
2501 6180
5813 7241
3084 5715
2928 3370
2625 4191
756 2349
2912 5399
6090 6916
6977 7239
1031 4746
2551 7513
1994 5903
919 5836
673 5722
1272 2955
2058 6556
3500 3547
986 6047
4408 6187
191 3568
4839 7250
2202 4700
444 5496
6152 7314
1497 5234
5171 5316
1364 6563
3211 5478
3188 3221
2697 3817
460 5402
1745 5780
90 6329
2181 4800
4166 6107
1944 7193
6294 7561
3797 6512
4806 7459
7452 7503
4738 5074
1751 3380
1273 5202
6 4563
2409 4013
2470 3959
3763 3891
1514 3817
120 5556
6969 7214
4097 4497
351 1052
4806 7648
1795 3886
3762 6569
4625 6790
6559 6768
1361 5565
1901 6108
94 1720
1799 6241
552 4843
3231 7080
5267 6738
892 2054
3883 4317
4377 5484
1738 6003
1046 7340
5793 6451
2297 3737
1805 2992
3328 5388
1057 7576
1896 7286
2615 2653
993 6665
2358 7294
944 2456
2316 2492
5505 6982
2383 6375
5297 7146
1459 2614
4645 4910
1809 2500
154 4437
1936 5817
1533 2113
5026 7394
2434 5193
1091 5255
2197 3709
4962 6496
1556 4073
2132 3794
5099 7103
2598 4795
1514 1718
1757 3219
4128 4403
3724 4832
3757 4383
6926 7438
170 1128
2597 5835
98 196
1199 7010
1379 1952
5127 6015
177 5079
1219 2552
313 1805
72 2003
843 5344
908 1815
118 6180
7097 7122
1513 3996
1260 1401
300 5966
3680 7287
1910 5688
2796 4567
698 4593
3193 7263
919 5582
4007 5218
5819 7365
6248 7171
77 2902
6578 6879
26 6369
2170 7279
1962 4567
4310 6975
1751 5587
2798 3663
836 5841
3126 3722
6389 7513
2328 3967
576 2371
7114 7271
1310 6802
1143 3870
1394 4527
3554 5961
1373 4897
1086 3234
592 5631
2004 6744
2108 5760
4858 7415
1288 5916
1203 1423
677 2700
3447 4174
2162 2550
2626 5316
3241 3519
1039 2057
164 4379
3933 7101
3606 7363
4441 7038
1127 2814
1521 4586
1207 5253
2435 7512
201 5737
237 2258
433 7136
878 2017
2277 4791
5666 6544
3051 5017
4749 5125
607 6080
5435 6381
2412 6369
2427 5066
272 5646
1039 1945
2781 6996
1971 6978
3662 5351
3750 5312
3302 5260
2345 2732
4025 7213
1475 1477
2416 2504
4475 5835
571 987
2100 4080
2490 6862
3910 6982
766 7097
2300 7432
4477 5043
404 3614
3554 4049
1847 4869
649 6353
2113 6752
1139 4757
4451 6150
438 3841
19 883
1085 1380
3038 4348
3839 4800
626 807
2863 6757
475 846
1139 2231
3725 4136
2305 2348
1511 5816
100 234
1919 6898
5687 6096
3374 6858
2680 5368
4700 5371
6352 6979
2628 6241
2153 7580
3520 6422
5231 6508
2658 3168
252 1819
2626 7310
934 6765
2224 4664
3125 7464
3153 5125
1098 3317
4325 6982
569 7190
122 6746
5657 6018
2965 7364
462 4757
3413 4348
1503 4517
1182 3289
4061 5244
2713 5192
1901 3972
2720 6556
2665 2677
675 2229
1355 7135
570 2329
4195 6141
5570 7254
5457 7150
4063 5076
47 1759
2302 5783
2512 5963
3474 3484
2416 3009
758 6540
4029 4804
277 3874
3542 4737
2412 3725
2132 7036
2515 2881
3433 4139
964 1822
1585 5612
2389 4770
3382 4281
2480 3585
2925 3520
1834 2430
1000 4775
1667 6955
2291 2403
2473 7307
4411 4617
72 2433
94 5020
1926 3228
4014 6069
634 2662
5033 6889
4854 5178
397 6628
4322 5365
2503 4124
5340 7605
4868 4893
983 7443
162 6462
2380 3096
441 6431
27 3156
453 6065
6178 6214
192 4006
5603 7530
226 1594
2138 4768
5869 7046
1031 2771
6792 6828
5693 6256
1617 7063
5616 5690
1845 4182
1249 6185
1011 6589
4330 5592
4159 5252
1857 4231
2801 4942
3500 5895
673 1223
2632 4913
4257 4697
329 6767
5123 6310
250 1634
1234 7292
4028 7221
964 6211
1690 2868
642 866
2555 4760
850 6897
2993 7567
94 4478
746 5128
1179 3061
6391 7034
1271 6016
3327 5205
5923 7309
1235 3770
4896 6427
1985 5708
992 7218
56 6474
2549 5997
2083 5058
672 3226
333 3842
197 5738
693 5117
2336 2626
36 4263
1205 5792
2489 6660
512 6908
6613 6713
357 4427
4469 7415
2652 6320
32 1666
630 1719
4831 5956
3074 5594
7473 7607
1033 5249
661 2045
4749 4797
2769 5378
4575 5006
142 4783
216 5345
3841 4793
974 5568
2868 7421
5740 6527
33 2258
743 4925
3693 4272
4154 5833
2699 5291
3279 7010
2435 6645
4222 4248
970 2638
4711 7335
541 6008
5774 6834
1189 1818
1566 2285
687 6884
6177 7366
1948 2375
2188 2363
1389 4523
948 5680
352 4048
815 4178
2376 7214
6440 6754
947 6449
5203 7084
3269 6150
316 6113
1089 4467
2871 5926
54 132
2808 2823
1841 4957
1484 6997
1664 3664
4844 6917
3255 5713
1430 7107
5511 6043
3300 3832
2424 3483
880 3474
3273 4356
2843 5394
2309 7580
732 4599
1309 6464
1193 6230
2842 3242
1509 5756
2191 4681
1478 5048
67 2533
3682 6503
1309 2647
4663 6753
2148 5497
686 1846
3968 4870
464 5138
2012 2242
3649 7197
580 7189
4950 5413
657 971
5311 6892
2506 6028
3085 6442
1871 5399
1593 6654
929 5156
5176 6273
1440 2591
3138 3589
3898 7340
2760 7462
5438 6494
4792 5319
1727 2508
3320 6761
3477 7537
2132 2345
2689 3280
2187 3411
4357 5403
4456 5423
830 3400
862 4408
5652 6415
1809 5802
299 6110
5215 7321
1243 6129
614 3394
5702 6647
1254 3894
706 1611
781 2277
3908 6705
2719 2806
3298 4752
2706 5757
6270 7248
472 2264
4248 7534
1274 7102
3378 3782
729 6976
722 5023
980 5303
2816 5009
6349 6678
2336 4559
5359 7167
4178 6015
2376 2740
5947 7398
3869 4825
250 4984
5394 7643
3414 5963
3881 4030
6457 6848
2309 5975
3147 3736
2745 4706
72 283
2885 4864
3449 6722
4211 7178
42 3142
5473 5587
5241 5999
1825 3899
6713 6931
2598 6317
1034 6609
98 6558
2773 6478
1959 5754
5544 6736
1037 4523
2138 2240
52 2095
2033 2847
2976 5523
1979 3477
267 3179
479 1208
1639 3067
3161 4687
388 3806
5234 7503
1026 2308
1993 4632
4023 4601
366 7003
5429 6578
2258 3579
1757 7546
772 4143
3914 4939
5751 6940
880 3121
249 3202
5919 7457
1605 4948
6141 7090
3697 7645
205 5865
2387 5363
1276 7034
2143 4234
895 7477
5103 5442
691 4076
3187 6159
1019 1866
5454 6742
2276 7208
1692 4176
2824 3216
4875 7535
4659 5078
2038 3818
4876 7086
5974 6549
2992 4978
4152 7462
3893 6296
410 7346
2198 2656
5059 7117
4170 5773
2136 6003
3369 4668
4087 5928
2004 4255
1898 3897
3414 5056
721 994
4998 5940
4310 4562
5029 5764
487 1482
4377 7358
968 1027
4187 5633
5311 6542
3033 7407
1398 5953
1141 2216
5888 6000
553 4857
906 2911
743 7133
1153 6672
4221 7384
997 6254
2778 5516
1990 6318
1118 6986
7195 7354
797 6135
1268 1350
1375 2718
832 5638
2013 2151
2017 3926
257 2114
3176 5962
801 3180
3875 7450
2025 3257
1514 4114
1152 5680
5669 6026
670 1778
645 5211
655 3835
3540 5135
4116 7565
412 7473
1272 6370
3209 7302
655 6240
1566 2414
1443 3811
1363 2702
3942 6166
2234 2965
1692 4347
1030 1782
1111 3615
5237 6906
370 1452
1351 5487
431 3399
326 1782
201 2010
2828 7010
1169 5603
3026 3966
4922 6290
1514 4205
4066 5084
1069 5825
89 2108
2259 4126
1467 4952
3473 7382
3847 6204
1419 2239
5237 6150
4288 4846
1216 5666
216 2344
100 4625
676 7312
4673 6823
1760 7253
702 6101
2196 3917
3359 6256
4485 5821
4915 6758
4426 6323
1263 2221
4213 6781
5725 5775
209 5618
2273 7495
2608 7291
6784 7094
3100 4294
1869 7219
241 1874
1177 4147
3884 4772
5385 5761
355 5153
645 4604
3490 7491
2062 5612
908 7621
2901 4048
2071 7318
956 4988
745 6815
1830 2810
2371 4585
1070 2682
4892 6866
1729 6144
4787 6719
425 6608
2053 2093
2289 4607
998 7023
6193 6721
225 6736
1487 2365
6267 6751
1151 7553
1019 7395
1771 7242
1256 1628
2727 3955
606 6414
5519 7513
23 7220
2864 5322
2135 4623
2388 4810
550 7270
844 3489
3971 4523
134 7411
37 2625
2503 7040
2178 5694
2820 3217
1795 5541
1187 6411
2896 7476
2612 4502
4974 6951
1628 5743
3799 6028
721 1825
2443 3528
2803 3111
2297 6606
1818 2925
4963 5642
2394 7000
614 4699
3163 5241
5075 6063
4259 5162
2104 5936
1581 7373
2780 4527
1932 4591
272 4692
4125 5278
2889 4157
472 4475
3535 5525
842 3194
3881 6124
1979 5585
5941 7120
4133 6879
3361 4655
1402 6073
1802 1846
2566 4502
820 3408
6991 7233
2076 3730
1617 7009
1905 7469
3344 5870
5388 6022
2990 7057
1415 4582
1426 5111
2381 3306
2487 5018
7191 7345
611 2681
3633 6333
4792 6994
5499 7622
1303 6816
1705 4534
4516 5608
3334 6855
2932 5984
349 6927
3070 3907
4264 7387
462 690
3098 4826
2215 4092
803 3114
676 7106
351 6537
1007 1739
3855 7428
5097 6953
2035 3149
5318 6755
358 7086
1021 7540
6464 6579
330 3145
5829 6305
506 1356
1048 1556
5638 7389
1074 6344
1624 4080
1430 7324
4614 7261
460 4647
412 5576
3515 5539
2321 4579
1485 5403
2070 2495
3629 7045
1973 5503
1315 7028
922 2222
194 6342
3176 4527
3389 5652
2115 7427
3544 7004
5058 7549
4857 6779
2346 2529
1248 6867
5729 6356
1160 5069
2110 2896
3213 5306
7151 7210
3134 4156
2503 7185
4126 4602
7427 7506
3839 6532
323 4461
3483 5892
2812 3018
6376 6907
7082 7402
1870 4051
2407 4533
3964 7638
730 6937
488 5349
483 6797
2890 6271
277 2067
1463 3425
2668 4508
984 6011
2721 3394
7183 7265
1391 5652
1468 2056
5065 6928
5010 5938
788 5115
5519 5974
323 3673
4533 4987
157 4314
193 6619
587 5445
5944 6720
200 3403
3354 3971
1792 2937
1287 6434
3783 4936
3940 6473
3856 5819
701 2760
1978 5123
1627 5470
281 5640
3405 5176
190 2161
656 2967
437 7061
1605 4653
3072 3498
338 5570
682 3923
1077 6864
3208 6868
825 5936
4362 4541
956 2362
4056 7237
2435 3873
229 3765
1475 5733
6141 6453
4575 6265
3924 7018
35 260
797 1571
2978 4642
301 699
2937 7174
3901 5063
1681 3498
1555 2308
4098 6040
330 849
2020 2286
2184 4197
463 3145
4821 5148
4660 4703
160 5227
2131 3302
6179 6931
4825 4903
3290 5336
1797 6380
157 1022
1256 7051
3242 5627
4247 6972
853 5578
2064 4585
108 1869
42 7517
5950 7385
2167 4665
2070 6375
6836 7084
2123 6078
1327 5598
4014 5627
489 3053
6203 6250
1315 3963
3792 4600
2198 6670
875 1101
1702 4650
1477 1603
2669 5631
470 6105
2758 4021
2050 2872
1560 7004
385 2678
2032 7092
396 5127
2358 3101
353 6957
3148 4714
4676 5586
2553 5645
2052 5866
2746 3408
540 2485
407 1816
5150 6370
4619 5600
4873 5262
34 624
347 6972
735 1470
2762 3279
988 3329
1145 7380
182 5138
1149 4432
1879 5829
4209 5845
2598 3508
78 7641
921 932
244 7014
158 967
208 5979
1222 7027
874 6128
524 2407
84 1890
1032 3777
3752 6744
522 3778
3056 5413
4141 5039
1853 1906
1101 5500
1859 4475
898 4002
3465 6278
2631 5323
4443 5101
2337 6062
5281 5757
2831 2887
4461 5036
3633 7030
254 1714
5794 7061
5262 6772
1257 3659
4271 6723
1329 4675
5962 6525
2767 6830
5006 6484
2468 3411
4363 6699
4918 7572
2025 2968
3440 4780
285 7301
135 3970
3166 5260
2058 4421
551 5247
2352 7097
1309 2533
3534 5419
5999 7577
1625 7126
3839 4812
588 3019
1517 4531
3397 3650
395 1049
4196 5672
562 2382
276 4298
704 3098
761 5382
5579 6427
736 7325
3840 5981
512 6780
344 7533
554 3120
2277 4447
4678 7222
4237 5908
4641 7507
4259 4427
5701 5848
3411 7208
1470 5735
1858 3929
2522 6596
4239 6000
443 2632
299 2942
2911 4727
2799 6123
2830 5901
369 1821
339 5907
5575 5814
1300 1328
4906 7294
5238 5570
962 4631
165 4383
1382 6200
59 7000
3455 3523
1822 4038
4973 7361
143 906
2342 4995
163 5043
1852 4074
2861 2965
2206 2856
808 1515
3104 7429
2126 3996
1837 3244
2437 7461
195 5243
1002 2686
3671 5013
1278 3039
2736 6914
6603 6943
1120 5535
6809 6972
2090 4262
971 2617
2994 5370
6810 6890
1534 2112
4061 5278
1959 5252
5028 7491
5682 6077
59 1203
1640 6153
5418 7621
5835 6600
3261 5286
5119 7587
346 2068
507 3515
5653 6590
1731 3878
788 2544
5213 5734
2232 4319
212 251
3204 6936
647 3800
1626 7258
2336 4057
7214 7367
2229 6456
2705 5178
4179 6671
205 5751
2886 3288
6440 6610
3426 7551
1566 6452
3804 4875
2549 4809
3921 6748
1144 2037
2597 3057
2242 2348
966 4106
5091 5216
5574 6892
2341 6636
1336 4583
3645 4343
1035 2277
1278 5300
4069 4528
2350 5320
6100 7572
4610 6787
2983 3483
454 5195
441 7580
6743 6780
3492 7530
3235 7469
1709 4433
6791 7458
1868 5112
1303 3874
3421 4802
3079 7038
4533 7588
1789 2244
1799 4851
797 1364
2010 6727
3903 4895
1654 2376
795 4046
2956 7464
5626 6256
114 4698
1794 7272
1003 4562
329 4396
1553 3024
1355 4059
605 2105
584 6833
4406 5993
552 3391
458 6132
192 5414
871 6350
3294 4987
3641 7265
2371 6542
718 5012
3829 7155
4590 5314
994 2333
2145 6432
1249 7387
1905 7388
2021 5011
2149 2470
3441 4421
173 7601
196 2537
374 3078
3813 4586
2341 5778
1434 5241
1121 7442
521 997
2815 3867
3261 5808
1974 4090
4407 5291
1393 7022
4171 5877
1010 1539
2514 7191
2290 4489
1396 6859
5386 7179
4737 5080
1634 1892
2497 7142
2878 7313
3375 7006
380 2680
1464 2413
164 6951
5625 7053
5165 6678
1032 6742
1790 6877
2679 7279
3185 6215
3622 3942
556 7503
3684 3898
1994 5868
5330 5779
5960 7306
1958 7343
3471 7637
4411 7010
578 2099
3919 4441
722 4362
4744 7307
396 3008
469 4334
1302 5665
2398 6351
1516 7474
1032 5960
4699 6645
5387 6600
1913 6905
1815 2477
1567 7485
1409 7313
1186 4592
3551 6822
1253 3295
562 4826
2559 5443
1468 6160
3613 5423
3593 7099
1056 1734
1667 5527
4983 7649
1339 3892
2373 6307
1433 3939
95 7103
2774 5719
397 1706
2404 7054
3457 7124
4689 5487
309 1216
222 2247
1278 6516
2686 3098
3664 4735
2486 7290
6310 7088
871 6489
3591 3942
3337 6762
2435 5386
2498 5597
4896 5031
818 6925
6253 6757
86 4161
2852 4540
2052 4812
3156 3783
2779 2802
2929 7411
1945 2712
2207 5479
85 5429
2309 6281
3687 3954
2840 6049
3295 6374
1687 2672
5790 5828
1785 5039
2002 5266
3122 5978
2461 4704
169 294
4182 5723
2590 4980
3465 5539
3804 4123
571 3867
5812 6900
3135 3655
2829 5913
4359 4382
6453 7537
40 5110
2309 6738
4438 5480
4164 5045
3888 4178
1662 1983
4400 6080
4456 7079
5802 7434
3965 6834
2693 4859
3418 5097
772 3366
1218 3263
4814 6073
1530 7042
41 5073
5957 6578
6835 7417
3797 4462
3301 4075
1215 5713
1292 4642
3922 6782
165 2376
522 4053
784 5622
1788 4979
3874 7198
252 7617
1784 6693
3128 6275
2848 6637
2356 6151
722 3607
3643 5080
6616 6903
1495 6098
3654 5871
1598 5178
2560 6277
5943 6536
216 4805
448 931
534 2462
4292 7457
3864 7435
841 3675
2359 3445
5342 5518
3885 5140
591 5119
667 3284
4780 5620
1415 6569
3744 6604
1203 5839
4404 7203
4948 5890
1181 2782
2514 7179
1025 6983
1984 4296
4262 6779
5089 5094
4851 6214
2493 7178
1327 4816
501 6158
1119 1311
1572 7085
53 3917
4348 5531
5000 6521
7370 7372
1380 4106
570 1929
524 7493
2271 7300
1367 5180
5126 6913
238 5562
6377 6749
5270 7395
2248 2511
4407 6117
3180 4804
206 5709
2118 4650
4241 7568
2262 6519
757 780
1783 4640
2727 2902
428 1894
1329 7171
4995 5836
1344 6654
961 7551
552 3172
3609 6863
2376 7409
680 5165
6171 7089
968 6834
4324 4564
1302 7397
5053 6664
809 6350
462 4607
191 7540
2804 7088
923 6072
4692 5478
658 6210
1033 7064
1148 6263
2192 4341
555 5705
5269 7400
3190 5731
2056 6631
3067 5287
2317 5466
1750 3111
6652 7116
4389 6791
1631 7577
2804 5307
2273 6039
585 4145
3464 4194
1954 7290
7053 7129
589 6960
1516 2120
2456 5954
945 5746
126 2360
3429 3852
2374 4070
625 3437
827 5554
524 602
2281 7272
1598 4218
6650 7310
2651 3837
2183 3897
963 4983
330 903
2932 5963
3007 6789
3328 3665
991 2285
1730 2780
784 4338
3227 5699
393 5572
1672 7241
4618 5376
3288 4390
7148 7518
3681 5552
3819 4947
442 6430
1366 4446
809 2189
1783 4462
3274 6438
1437 4432
802 896
3168 3482
1235 1624
3159 4175
2529 2730
1950 2049
4538 5843
677 4944
1604 2345
680 4159
4662 6353
627 1267
4994 6111
4413 7120
5141 5810
1229 7067
1975 6151
2158 2311
2173 5979
3917 4421
2964 4424
924 3885
3228 5282
3892 6310
1990 6565
3398 7335
4689 7486
2351 6392
2142 7020
1277 5482
4388 7209
853 7515
6195 7533
2424 6730
5006 5410
1990 2660
408 3805
909 7202
5361 5861
2693 7466
2913 6497
2010 2321
1901 6948
166 7101
2974 3901
1640 3791
1295 4459
267 5694
2838 3195
1463 5200
1619 1756
5293 6713
2975 7175
1294 6913
4473 5370
1258 7416
4649 7548
1918 3101
5351 5376
1497 4912
1697 5598
754 2206
3104 4235
1443 5124
2294 5213
4547 6881
2215 6175
1179 6321
1516 1539
5550 6424
1222 6836
1519 6776
6687 7408
2439 5827
2714 5367
203 694
2009 5218
3275 6378
4879 6221
2052 4754
2140 7502
5569 6906
2646 5700
4155 4306
3684 6957
553 2809
1552 4103
682 2394
234 6655
132 7484
1852 7359
2213 6046
2672 4391
5058 6836
1135 6969
1617 7375
6017 6870
2123 6117
1676 3514
1711 3201
5166 7089
5588 6547
3744 4205
1264 7294
3032 3066
0 1007
1015 6085
4577 5789
3411 7024
3314 4588
2633 2737
678 6242
389 7632
3710 5770
415 2488
1690 5093
3538 4990
1924 4939
4475 6418
983 1556
3282 6420
876 3686
864 6692
908 7634
4796 6264
299 446
769 7586
1039 3425
2323 4784
1553 7558
3638 7237
683 6445
790 1829
271 7562
5186 5489
3258 4387
3024 6954
1471 2934
5808 7406
4151 4530
4359 6440
2059 3926
1647 7319
3715 5406
115 6568
1912 4353
1291 3906
1754 5189
2015 3878
2483 4343
2782 6868
3489 4444
5280 7035
5808 6783
1499 4920
1022 3948
3099 6291
5629 6633
6584 6588
3325 5872
403 2214
5482 6974
94 3020
1609 4366
3123 7372
990 1929
2476 6953
903 4461
4062 4894
941 7272
878 3759
4596 4824
662 3476
3677 6552
1985 2323
1721 2969
1313 7621
1 6216
3640 6756
3281 6560
3342 4702
3820 4359
286 1352
1647 5673
5192 5336
1699 4998
2010 7178
3805 6717
5122 5476
2495 5825
3330 4724
3493 5267
5021 7465
4444 6391
446 6677
954 6804
4170 5060
1511 3458
1970 5140
1714 5946
2424 2761
824 3142
863 7549
3426 7571
3192 6619
4555 7367
939 7463
3487 3579
1422 7168
2760 3097
300 586
1500 3140
1245 5917
1216 7541
164 1275
4317 4869
918 4639
199 3339
1444 5837
3988 4161
1030 2611
1084 7636
3108 6320
662 4400
4775 5237
3338 4695
4167 6706
98 6560
53 5656
363 6276
1408 5494
725 6159
1838 4385
278 1785
3218 3839
1415 7234
587 3963
325 4513
3238 6876
4996 6641
799 1267
6885 7528
1301 4855
433 2698
2931 6903
5762 7098
2178 7088
981 3891
894 7290
2254 3085
15 1436
4222 7206
1792 2211
6307 6426
552 3799
2552 4102
7188 7611
2229 5396
3918 6822
3421 5320
2639 2796
378 2395
552 7595
6874 7596
2425 3721
94 3909
5039 6171
501 4244
5789 6631
1425 5675
2415 4087
3585 5350
871 6692
2222 6649
4612 4961
1519 1954
4362 6224
1626 6039
677 5592
4727 5257
7 2538
277 2204
371 4106
5241 7516
4613 5819
4088 6733
2655 4597
294 804
7268 7600
2783 6031
2399 6461
2223 5773
6667 7477
2399 5928
3491 5831
1249 6001
2129 2622
735 4983
2367 3623
4207 4285
1978 4725
4238 5666
3158 3653
75 83
1953 6896
1163 7607
4899 6947
5563 6249
5798 6986
2851 3501
1987 3020
2532 4417
7205 7549
405 3766
3787 6882
1396 3830
1871 2415
727 2502
2870 4902
575 3679
6014 6630
4967 7313
775 5951
1783 6490
3795 7229
2917 3590
2149 6675
3085 6867
1794 5058
4793 6258
1307 5216
183 5144
1260 4826
3356 3933
777 2313
5194 5605
556 6442
41 1987
1272 7040
1449 5280
6373 6960
1613 4720
1408 1621
4811 6723
1760 7387
757 7546
259 6701
5188 5513
833 7365
1067 1801
369 2358
4390 7380
3721 3979
3153 7004
2071 3232
2878 5534
2404 5301
914 6032
2007 6537
1442 3890
3794 7473
1346 7438
955 5027
3185 6852
3723 5429
1705 6505
1142 3160
1487 1804
7464 7590
3051 7584
501 4831
163 2265
517 3851
1591 7556
972 3761
1711 1771
4072 6403
1910 2274
1323 5339
3687 7512
1079 6206
2549 5803
2231 4078
2952 5169
1488 3062
256 6161
1497 6802
2589 4817
2302 7340
2982 4926
3847 4576
3795 6978
2141 6199
1935 2413
1247 2862
2147 7265
3562 5216
5077 6624
988 2954
617 4903
140 1143
1632 6404
6421 7181
2033 2608
1906 5115
902 5498
1633 2314
821 3507
3954 5854
4161 5669
3458 3620
5301 7418
165 1818
4928 7116
2767 5041
2123 2467
1755 7000
4502 7392
2612 4125
1896 6814
2538 3288
4030 5668
3681 6943
3107 4934
244 5299
3679 4468
4716 5692
1309 6233
487 2326
2977 7357
2182 3380
6181 6321
304 2897
2775 3047
3180 4365
113 6779
5501 5534
4287 5062
574 1088
2521 6859
2105 5658
744 7371
252 2725
3846 4810
640 5829
1452 5987
1123 2718
624 6780
989 6930
31 6806
3014 6236
2302 6429
3338 6241
4794 7325
2277 2426
161 6597
4363 5140
3712 7138
2353 5553
6537 7324
689 2257
1371 3983
6990 7330
3275 7463
6641 7374
760 3560
3377 7637
4091 4509
5452 6431
5011 7085
5576 6628
2997 4590
759 3338
4 780
1415 7539
5366 5998
2088 2721
14 7617
5564 7338
4910 5424
6008 7639
3204 6593
981 5806
2931 3384
254 1252
2131 3998
2094 7591
2614 4639
2366 6918
118 3525
892 4434
2606 3418
215 1778
4286 6287
4962 5256
6732 7157
3773 4303
4157 5425
2948 3293
615 1347
728 6971
1619 5745
1659 4191
4962 5473
4095 6594
3837 4788
2464 2948
4313 6576
242 5458
1717 3005
2248 5700
2027 3597
1857 2268
939 3592
3905 4452
3944 4990
2249 7443
890 7289
2088 6248
2064 3077
2294 2332
2723 6728
1970 3654
2685 6379
4982 7269
1541 3518
4103 5568
794 2214
4274 6725
2747 5824
797 2642
446 7189
2062 2101
4802 5617
2387 6583
264 1681
3595 7084
211 1911
1578 5173
1233 6573
1339 2809
2946 6456
98 1230
291 5426
3131 3169
3337 6207
2426 7224
1941 3875
4584 5556
3297 5414
6357 6414
4695 6262
1137 3906
4657 6092
1913 7002
21 2130
2636 7419
2045 5982
38 1730
5792 7356
2773 3594
3156 6355
409 7145
2195 5956
4400 6613
5589 6401
1837 7230
3130 5133
2109 5972
449 7037
3655 4205
5321 5694
1254 5737
2325 4205
1429 4337
1435 7613
6413 6537
4157 6818
3054 5102
1683 4553
4145 6233
2082 7045
458 2136
5917 5958
966 2247
4128 6192
3971 5463
685 2436
4850 5482
1324 2643
960 4464
282 7640
184 786
6136 6488
6541 7331
2677 4161
963 7286
2036 2414
296 7405
2039 2871
5993 7516
1722 3276
3292 3366
4843 7106
6362 7608
203 3259
2482 5569
4951 6968
2520 4961
4433 4644
3205 4782
3840 4433
3309 6741
413 4137
2905 6034
2744 5452
919 3955
3292 7171
4713 5003
3817 6254
3983 4780
5459 6431
4652 5420
724 3595
536 2708
1395 3926
1977 2042
1236 7077
919 5927
1733 6203
1265 6823
2814 4904
1858 4897
67 560
135 4996
4019 5124
2807 4574
68 3315
3993 6138
4716 5655
2254 5135
450 6648
4417 4632
83 434
410 4500
5185 5360
4252 4406
626 2314
360 6333
2063 5639
3930 7252
2026 6093
4590 5969
123 4553
1975 2298
1417 4963
4056 5801
3970 5486
2107 6894
2492 3798
991 3739
1047 1175
1544 1734
3887 4347
1102 1261
5788 7250
4515 5906
1884 7593
2228 4043
3481 5096
2022 5780
5225 7531
3261 6526
2336 5197
1124 7191
1303 6534
304 2547
4728 7546
170 2443
3311 7517
3456 6925
1349 6112
4907 5112
631 2988
602 3286
835 1562
5603 7125
604 3702
550 5256
323 5170
1032 4040
3550 4106
5922 6566
2763 2794
2849 4136
1889 6360
710 4074
2794 5978
2214 4919
3763 5610
813 2215
1952 2289
6817 7343
6027 6104
5249 6878
516 6233
2058 4593
5173 7586
1792 6904
2944 4557
2131 6743
1314 6340
1217 5232
2590 5598
1534 1800
4400 6605
1979 5911
4490 6276
1646 4365
2699 5475
4430 6709
61 867
6515 6670
6491 6843
4670 6537
2344 4544
1527 2707
4481 4516
289 7573
964 1216
5299 6202
3452 4836
229 7134
1037 1220
4202 6938
30 7099
2354 6010
491 2415
1 3356
4035 6402
1928 7112
2384 2594
536 4378
4645 4805
4153 6534
908 1738
2580 5183
1326 4781
5378 6456
1119 3291
1018 4110
6284 6993
3820 7345
8 5369
1077 5117
5587 7473
4374 6298
3295 5010
2866 5388
4207 7154
556 2754
816 1570
5384 7524
1806 2822
3671 3994
2582 7180
1633 2239
6315 7495
3133 5929
1570 3971
6272 7235
4477 7300
506 6313
4347 6078
350 5301
433 1968
1689 4374
3354 7533
4079 6111
2322 4879
2194 4589
178 1763
2156 3398
1832 6295
64 4654
3609 6878
1399 7128
1369 4021
6192 7128
1185 1238
2500 3019
1123 1907
6232 7033
3214 6595
5413 6809
2244 3873
6565 7139
3397 7023
298 2552
5389 7073
4796 5091
2150 4670
214 5511
5437 6232
1539 1981
1940 5511
187 5881
3275 6514
5996 6616
5947 6016
2466 4596
1289 3491
2489 7085
1787 2152
3160 3670
3646 4997
4338 7647
4976 5258
3080 6652
1878 4624
3429 5503
2500 3489
2240 6188
48 6830
260 5580
1128 6655
1233 2907
3676 5371
2503 3514
6200 7017
1938 6900
2653 5053
3480 5580
4506 6333
754 4430
3945 4554
3890 5366
4141 6518
922 3671
2828 6859
1029 2916
696 4352
6406 6502
3869 6153
930 1449
695 3399
1616 5973
2061 3982
2628 6161
1457 4801
816 7601
5783 7067
6016 7548
3888 6720
3595 5513
3355 3821
2636 7300
3915 6628
1305 1498
4534 6030
2934 3920
28 6092
5196 6073
5588 6194
4642 7268
27 4943
2870 3830
3131 3806
2403 2678
3133 7590
6436 6736
2755 6374
2776 3974
3675 5810
1563 5834
3709 5588
2829 2971
6635 6695
1752 4711
589 5708
930 5848
1442 6422
3045 6111
2972 5827
5027 7576
2125 7524
5040 7555
178 1018
1631 6457
1190 3811
2836 3143
1915 5565
1669 5456
414 2635
874 1764
1158 1568
1998 2499
369 2612
193 2046
904 7045
479 2372
537 7326
2926 4549
2687 5834
4897 7303
4650 4810
1215 6840
842 4286
583 2278
1343 3657
605 4862
1595 4832
4088 6449
3397 4293
737 1545
14 464
3523 5648
1484 1570
278 1686
1439 4290
5299 5576
3051 7094
2992 3706
4018 7077
462 5065
85 2353
1869 3321
6804 7355
2408 2666
2474 4541
3346 3355
84 3611
1559 6058
3198 5682
5601 7431
4525 5216
2217 4490
1967 6165
2466 4087
3411 4931
2128 6843
3009 5009
5610 6266
1174 1505
1785 6905
1399 2125
1455 2268
4124 7289
4075 6203
2298 4408
688 6460
5068 7601
4468 4535
2037 4762
1489 3869
3079 4926
4290 7005
3171 5256
1450 3476
1186 6183
3894 5191
4069 5279
2011 2931
4383 6479
2896 3121
5262 6622
4785 6415
1252 1715
2891 3521
558 2843
3218 5861
1507 6064
1894 6829
3031 6358
3462 6693
4025 6252
2708 5708
5662 5786
5076 7168
1827 1971
4072 6439
3995 7082
4056 5663
1961 6750
5515 6641
2179 3987
3303 6044
4813 4935
4446 6911
2074 7523
1241 5392
2055 2314
2388 3827
5516 6116
5692 6013
1891 3436
753 1328
1012 6287
592 1747
4054 5698
2319 5903
6755 7168
312 6768
78 7332
59 6792
4400 6230
3163 3483
3979 5612
3494 5607
157 2202
4656 5703
1307 3360
261 2742
156 864
1668 4067
354 3310
4592 6213
545 7377
3434 5500
965 5736
5124 5189
4102 5359
3031 7502
291 2214
1012 4422
72 1049
2044 5530
1974 6201
1949 3471
6912 7367
3307 6726
3367 4030
550 2821
907 6414
3063 3548
640 1398
1701 4586
588 4623
5330 6804
3440 6455
2113 2302
2116 7355
6511 6740
2297 7143
3416 4416
88 6289
271 1673
1645 6762
3862 6192
1128 2490
392 4941
2652 4562
2172 7118
253 4475
3998 4639
3549 4418
5099 5135
167 3789
744 2593
1602 3978
1876 3069
3786 4299
210 6668
1765 5843
5102 7369
4237 7071
4897 5981
4431 4943
1514 4032
4205 5769
963 1489
1851 5086
6205 6301
197 5184
4674 5168
1648 5281
623 1580
1706 2223
2455 4815
2945 7257
322 926
1568 1612
5901 6526
1281 7181
1334 5209
2789 3516
1213 2903
307 7390
104 3596
2901 3485
5090 7304
3290 7452
3994 6910
1140 7567
4912 7155
5996 7324
2329 5798
6956 7404
2461 5126
3742 7375
123 2773
2019 4756
2197 5493
3850 6397
10 372
1225 3620
964 2946
605 5674
3092 6901
655 5141
2859 7324
1780 7070
4535 5641
456 6792
838 6545
786 3767
999 4362
5037 5299
3437 6940
2838 2906
920 7523
2748 5676
1077 7595
2220 4637
336 5000
3180 4208
4981 7640
1985 2732
1285 3375
1652 3729
3281 5910
2280 7041
1923 5809
2993 3839
5132 5537
355 6214
219 781
4459 5543
1906 2929
305 7614
6010 6677
2985 6292
1171 1661
4366 7376
315 2410
686 6674
2041 6087
3149 5758
3561 4861
961 5318
2510 3487
5008 7247
3935 4060
1498 3561
4736 4913
4415 6404
933 4548
4227 5558
1009 5919
642 4209
1417 3801
2941 3359
2119 6098
2558 3226
425 6623
866 938
3126 4940
3537 6318
2224 4419
6241 7018
3439 4358
86 1134
3360 5749
3406 4199
3562 3659
4528 7163
554 4581
4199 7079
6960 7429
89 2986
4217 5676
286 5443
6287 6914
220 4075
278 7181
305 5394
387 3924
192 1310
3577 6248
2908 3035
2745 4275
1195 5745
2837 4358
3173 6259
390 2024
101 3225
1208 6267
2488 7051
6450 6772
76 5640
1376 6022
3662 7324
2232 4783
2044 2594
2388 6150
380 2801
202 4805
5640 7085
2548 6225
1936 6921
421 4623
4810 5725
3335 5276
3682 5144
1252 7423
3060 6824
2318 3726
4174 5059
92 2941
2451 3962
283 3113
718 3746
2192 2246
892 3687
1532 5059
3431 6179
876 1803
2898 6776
2158 5121
974 1823
3458 5819
2230 4068
1895 5750
4427 5904
1721 7499
3428 5008
4245 6271
1290 6827
1008 2921
313 7394
164 4826
1950 6488
1054 2481
3462 4561
1657 2356
3152 7294
5268 7513
931 5460
2120 3299
5021 6908
5898 6046
5112 5502
5033 5100
864 4407
703 5202
1244 6670
1471 2126
3660 6687
969 1514
1720 6766
2252 2721
2249 2482
2699 3245
1280 1617
4084 5792
1579 2344
1138 5515
1579 1940
3745 7584
3186 5119
4194 5628
4702 5582
4615 7451
2905 5028
2658 7338
1190 3670
710 1422
226 3815
2888 6104
521 7633
1193 3241
2919 7584
4970 7563
3244 6209
52 7251
1037 2093
93 4524
1866 2477
5816 6146
508 5576
2307 2674
4565 5248
1481 4076
5320 5698
2428 3855
3370 4576
1152 1871
1422 1580
4989 7509
5623 7555
4911 7468
128 5985
824 7464
960 3261
311 2600
958 7545
318 4241
5062 6457
2384 5419
2027 7200
14 4949
1490 5626
5973 6948
3492 3501
327 3530
1397 6695
1064 5540
1814 2189
262 3375
1301 5961
521 4260
4721 5671
2113 6373
2280 2931
3738 7006
1018 3387
5757 7563
2442 3820
2305 4291
3858 6509
4397 5090
4394 5407
2008 5008
4030 7553
4272 4819
2483 5736
5305 6978
564 6342
3568 3661
1668 5047
5619 7501
2821 2940
278 7022
5842 5893
167 4231
3259 4113
2668 2876
2876 4033
3114 4914
2554 3342
142 4269
1855 7540
919 5920
4666 6829
3155 3739
1524 5808
2636 7345
2501 2930
4183 5374
700 6262
979 4083
3368 3749
553 6461
4999 5857
3715 6372
1037 6114
2180 4644
5437 6411
4450 7599
1004 2275
6883 7277
3861 7043
3010 7471
1458 7286
4764 6530
3661 5898
1073 2714
73 3885
4804 6029
1627 4646
5399 6741
2971 5587
2216 5213
311 4794
4143 6320
5591 7415
5433 6989
948 5484
2206 6542
2930 6370
4057 5749
4692 7364
1795 2230
2841 5191
15 1305
93 125
43 1698
2418 6981
304 1972
199 717
231 3149
2373 6541
1193 4074
920 6787
316 4382
4595 7104
36 3763
860 2841
2771 6281
960 2843
772 4944
606 6089
3864 5943
785 5724
3789 5771
299 6965
61 4521
2225 4090
2297 3405
1366 2218
2017 3008
2501 2639
4910 6385
1455 4818
4419 4697
1711 6898
2836 7237
3831 4047
1394 6874
2121 4074
5081 5168
5437 6483
3153 6333
2992 5416
2135 6454
2064 2924
1694 3452
2714 7116
4155 4564
3189 4678
2576 6289
10 2391
4371 6990
5434 6853
4611 5630
4470 7413
2930 7016
4523 7109
6501 6635
2116 6776
1927 4775
2433 7137
5783 6856
4905 5909
2443 4650
2265 4623
1133 1218
1803 4308
2546 2973
4470 7303
1099 3556
6373 6697
2891 5571
1117 5901
425 6986
2944 3516
11 914
1784 6210
824 3707
1127 3459
4047 5832
1833 6816
4317 5975
611 5660
2881 6165
3156 5943
1430 7223
3019 5337
1112 1975
245 6094
998 4711
3234 6805
2481 4664
2329 3806
191 7162
5382 5734
2877 5776
2416 2767
2061 7454
7247 7405
3491 7556
1100 3090
3847 7589
5671 6631
6271 6336
1704 2025
5550 7548
2536 6172
3517 6994
2574 6077
244 1174
685 3510
3387 7085
626 2447
3210 5411
3799 4175
101 1215
5485 7639
2142 2975
609 2828
416 4543
2482 3714
1089 3425
5412 6307
703 5212
5040 6364
2705 3698
2338 6453
1221 2253
1363 4008
3053 7173
2422 6674
1467 4054
2622 5776
1725 3526
760 5520
498 513
142 6346
4550 6456
31 6938
1657 4687
1380 6729
307 2253
551 2236
3316 4837
6162 7567
7076 7543
3282 4289
2794 6393
561 1200
99 5605
1656 3601
5182 6092
226 7514
279 4852
2424 4718
1127 1983
4682 7096
373 3275
4152 5678
2746 6229
2022 4491
1 675
5788 6952
6184 7583
2836 7374
2323 7098
5486 7170
1159 3773
1613 3144
902 5974
1612 3046
3295 5735
6480 7608
974 5202
3429 6854
5753 7299
361 2325
378 2240
2809 6398
3417 5283
5507 6374
214 4432
592 6856
4146 4804
6053 7197
2151 2565
4454 7239
2297 6635
1545 1692
4133 6330
4513 5830
2803 4460
4080 5995
4620 6933
3699 5246
804 1980
1369 4433
3829 4634
4630 5324
4692 4815
2498 3538
1479 5804
1793 3208
3275 6052
1828 7123
4426 6044
4896 6305
229 6392
744 1627
7442 7531
5401 6910
2129 6382
2705 3650
2625 4341
2501 2971
757 3838
2708 4112
354 5560
6902 7560
382 4449
339 2836
1166 3633
28 2126
855 1530
3138 6821
4586 5798
3159 4985
4887 6786
2541 3025
4348 6755
2281 6446
2546 6744
4177 5391
101 6683
723 1639
65 1382
2351 3592
845 3548
1470 5271
599 659
4796 5241
3221 3417
4564 7394
1454 2878
4017 6210
568 6397
1699 7376
2440 7322
1281 6868
2132 6448
2243 7613
1667 4215
802 6337
1762 1876
1639 4431
4124 4200
3773 7368
3482 5211
175 7591
193 1219
1187 1218
198 1124
1863 5734
2642 3453
5520 6843
659 5361
1067 4983
211 7598
3589 7559
3992 5250
3008 5165
2282 6772
4695 6033
4285 6267
4433 7266
7077 7649
124 7345
3516 7471
6192 6260
2427 6963
3361 7456
2822 6545
5685 6738
3745 7454
899 5568
6320 7144
28 6748
2015 4222
1890 6030
4350 5727
245 4595
472 1049
94 6022
541 1536
5836 7344
3609 6307
5102 5401
1737 6691
1776 3923
1020 3087
2777 5531
5222 7090
1816 3354
6935 7011
727 4474
2737 5100
2204 5061
659 1272
169 4096
4222 4374
4690 4871
2062 7571
4032 7455
1065 7316
2658 7003
4565 6113
2003 4295
3613 6486
3712 4653
1714 2597
4871 7042
977 4064
3349 5793
3870 6283
2422 2905
3664 5850
2216 3302
4533 5974
2183 6236
2999 4319
4364 7567
328 1252
6036 6360
4553 4907
469 4527
2000 3202
3456 5710
888 1264
2483 3082
278 6661
293 7289
5790 7042
5966 6947
3862 4511
930 4547
597 1277
3555 7035
1139 5578
3697 4544
1216 2331
364 5397
823 2948
2513 4335
75 4355
465 1811
362 6393
3744 3900
2696 3539
1133 1780
2523 2914
4553 7497
304 710
1844 6325
1145 5417
1659 6089
648 7037
3883 4151
25 1707
660 2228
3266 6108
1465 7148
905 3197
12 7611
4196 6286
2569 2937
244 2780
971 3452
308 3143
1303 4670
1949 5305
3656 6064
595 6192
3339 4571
725 7479
113 4576
1390 3927
466 3726
289 3244
4531 5861
4273 6473
1477 3541
966 4916
2486 4613
2850 5344
7351 7584
1402 2624
6378 7459
4971 6407
2412 3593
2133 3038
314 5106
765 5625
1040 6415
379 5229
3229 4298
6429 7110
2942 4372
3152 5160
704 1432
2486 2724
2942 3143
1676 6195
820 5252
3627 6786
4476 4759
2348 6189
3490 7221
3702 4680
501 1120
56 1348
2413 3574
864 1629
1419 3906
581 7448
4551 6776
1315 6741
1289 2082
837 4162
1227 5286
3586 7597
2494 3485
3343 6798
1861 5909
1439 3378
2145 7360
1013 2481
13 3766
2290 5589
708 1910
937 5328
5438 5463
1900 2758
7188 7198
962 2513
2743 3479
1309 3864
5074 6534
2329 6442
3651 4332
3661 6984
1968 2540
1097 2120
240 4532
592 2617
3997 7168
1668 6641
3377 4604
2512 7225
2547 3473
2588 6731
3481 4691
983 1626
3392 7586
5626 7157
681 5300
1841 2819
5423 5687
665 2703
2364 5830
5188 6967
878 7587
6195 7204
4646 6631
5151 6601
455 7241
2286 3687
4599 5996
1638 6820
2728 3616
635 3582
607 5387
170 5515
2509 5620
2433 6367
4039 4668
2820 4551
3270 5761
3888 4732
846 6798
922 4656
2960 4607
1889 5292
4837 6986
604 4116
6524 7223
351 6488
6256 7351
1029 2879
3135 5015
1415 2147
7 5826
4762 6937
1721 3884
3026 3086
2881 7122
3497 6747
643 4114
3209 3228
1538 1785
4881 5842
4242 7526
579 7187
2857 3615
1743 6256
5723 5786
944 4710
2113 4884
7164 7178
288 3134
1202 1314
5018 6559
4029 5862
2014 6846
4341 7554
4447 5175
395 628
2419 5787
3477 6560
3841 7274
261 1513
2395 5226
730 2945
1485 5122
5093 7421
5470 6661
3589 7365
5491 6634
594 2804
4081 5395
3584 7410
4145 4976
6497 6675
942 6261
3413 6405
5328 6724
545 2908
3208 6098
1541 4554
3104 7248
5305 5339
4736 5978
4494 6868
1097 2647
4735 7446
2944 6942
600 1383
2530 4350
2646 4587
4645 5418
1462 1585
634 2723
810 2834
461 5485
1850 3119
3832 6861
3317 7154
554 7588
245 3947
1937 5232
5391 7213
1215 3286
996 5801
1149 5798
825 2009
392 4983
35 5560
3061 5232
3245 7257
2956 7401
145 7066
73 484
129 3133
1504 4534
1115 7242
331 6808
1305 6771
2003 5717
1458 4925
669 2064
4325 5305
1 3107
1098 3831
622 2916
1912 4593
5785 6821
1605 2666
4563 6562
645 5321
2894 4591
2645 4204
608 1939
1613 2822
6269 7053
2058 4282
2950 5736
1376 5339
2476 4074
1847 4723
4149 4792
1395 5200
965 1802
3990 4629
5660 6232
3691 5893
2469 5978
5185 5724
1445 4096
390 3940
1376 2878
5015 5310
2516 6495
6787 7463
428 6805
2470 6939
1016 6442
2764 5754
6573 7433
7285 7508
386 1594
3516 6465
5617 7183
2019 4280
641 3649
7028 7076
3032 6481
4382 6713
994 4030
2964 4502
662 6711
668 2801
1131 4776
3611 6477
817 2154
1832 5504
4939 6243
2317 4580
3828 5490
2937 6026
1048 3642
5005 7471
5062 6510
670 3649
1223 3148
1184 6437
1076 2913
6727 7457
2593 4410
6780 6782
2809 4592
6909 6935
3213 3266
3399 7231
2380 4588
2725 6179
2235 3883
103 3987
4100 4222
1900 5081
74 6810
1417 7156
1582 2130
3731 4028
2851 3984
3549 6776
867 6903
6874 7326
419 3222
1931 2366
132 1020
1763 5840
334 2614
570 5004
2382 4394
1057 3523
3073 6371
5525 7545
884 3552
3820 4006
225 1437
590 2257
1426 2035
1422 7128
6701 7427
1951 6754
1434 3949
3464 7298
120 6775
3799 5592
1645 4601
4606 5535
3709 5288
2382 2746
2799 3833
1583 5565
613 1111
4102 5034
2145 7591
599 6086
1047 4682
1559 6712
108 2928
337 4464
2432 6620
2722 3285
4810 4941
6355 7265
3738 6002
1245 3436
2477 2646
1883 4550
968 5624
181 4258
4019 5347
172 6290
3392 6315
4521 6876
1321 1661
203 4936
4608 7065
649 6673
1748 3914
1980 7232
2500 4653
5979 7125
3588 3835
4745 6524
377 705
1378 1913
1777 5028
17 2286
6909 7250
2279 3558
5783 6364
2460 4985
1683 6378
571 4415
1358 4707
2255 4665
7230 7393
4530 7165
6522 6560
1632 5246
2857 3045
3229 6549
4809 5918
5938 5957
2204 4090
2293 7055
2246 2597
801 2854
2231 6579
1823 4763
2088 4579
2624 4094
5535 7383
1110 3085
1625 5202
1557 4288
3471 5817
5175 7288
791 964
3125 7099
1792 1795
3191 6140
3577 4208
4006 5408
1996 5169
7108 7567
4641 7418
2620 7408
3599 5497
3855 5955
1660 3420
1776 3551
4295 6002
4175 5548
638 6107
1839 5213
3562 3600
1713 5659
5473 6237
735 5330
989 4928
2139 3648
2 4664
4199 7056
2529 6214
848 7190
968 4920
1304 2064
4696 6605
5537 7501
5401 6780
1592 4486
190 1973
356 3873
2817 6831
1751 3584
718 1146
1792 5223
3066 5619
258 4745
3829 5969
6981 7430
3315 5437
2090 3840
469 5886
507 5191
469 5479
650 1387
1347 2302
2590 7288
4205 5485
4477 5601
5036 5421
3486 6846
2168 5927
3938 4060
3109 7233
1902 3851
645 6430
1415 5445
37 6340
888 6878
2264 2707
1962 3637
4400 6716
2326 4732
2235 6494
3733 4086
2519 5999
1278 3347
4367 4706
155 1433
256 7288
67 3974
2595 3362
5152 7172
3600 6677
4284 4479
2348 3348
6228 7509
2626 7005
4417 5017
6653 6956
2873 7429
800 6014
1973 4691
2307 6198
2470 2538
5453 6287
3432 7093
2128 5012
794 2478
3685 4464
2315 2355
5821 6313
2689 5212
3407 6430
814 4281
3613 6805
386 3548
2808 7538
5666 6164
4216 6743
1050 7247
3140 5861
1536 6669
2780 4698
3724 7030
5721 7515
629 5911
982 4483
577 3095
407 7163
1188 4234
4764 7022
1403 2517
905 7550
892 6243
1037 1076
358 1678
1093 2049
1676 6348
961 1431
851 6062
2710 4638
1977 5088
4691 5929
1190 2813
4859 6135
2153 2750
4108 6773
2866 7340
1107 4926
1782 3768
3550 6292
1283 1821
2953 4577
2002 2704
6763 6937
114 5920
2728 7322
652 2229
4402 7634
230 1965
5228 7123
242 4348
1108 5314
2940 5314
985 2585
1519 5595
3043 6026
5178 6107
2425 3184
6036 7351
4563 6826
2292 5538
5435 6584
813 4425
3949 7587
587 2329
603 6733
348 4674
2008 3548
920 3992
3300 6403
5146 5301
5432 7517
615 3384
5401 6298
2670 2759
1762 4918
3486 3891
606 4021
751 6319
2761 3217
2027 3002
2541 7336
584 7248
3618 5051
3763 7002
599 1605
1170 7132
3013 6949
2108 3705
1479 5470
131 5315
204 1239
4798 6262
3389 4361
5501 6668
6557 7538
947 5188
2593 6360
1359 5155
1018 7524
615 5918
834 3642
715 767
1130 7246
6832 7575
448 7221
4740 5519
1337 1753
100 5083
3211 5987
4368 5280
2066 6659
573 2859
6126 6226
5283 6682
5252 7607
4047 7485
379 3656
3596 4489
1867 5885
2407 6058
789 6555
1300 7497
800 3051
4356 5643
1904 6116
5583 7568
961 6552
4494 5826
3517 5084
6737 7149
545 6424
927 1399
6592 7004
261 2594
3040 7638
3999 7397
2615 2620
2528 6213
1204 4986
849 3561
798 1010
1121 2789
3391 5164
3775 7432
5502 5930
5558 7545
1709 6288
743 7235
2117 7211
2170 5224
3541 7410
2208 6543
1512 4915
2824 6475
758 1184
5302 5523
3589 3652
2744 3086
1502 7144
1406 3979
523 7048
4150 5084
4225 6355
3175 4155
2137 3628
2520 3936
4486 4516
4800 7357
4200 6030
672 5949
3743 4101
2016 5741
3946 4546
297 2524
3169 5030
4027 5831
6876 7174
3728 7545
3378 7147
604 7440
201 5411
1674 2045
2049 4367
155 2385
772 4659
724 4415
252 4107
2867 5876
2510 3016
989 3800
4023 5797
5084 7207
4900 6981
2889 3032
4152 4346
550 5907
1430 1872
483 7441
94 5151
1225 1655
843 4031
698 3354
5783 7576
2064 2667
1087 4362
91 720
473 2150
1397 3624
3197 6515
222 5502
2156 6085
4332 6837
1902 3801
1254 7292
568 2106
4222 6089
7367 7374
1883 2903
3065 5246
6090 6357
1557 6070
3590 6513
390 1176
797 4115
1118 1546
746 7119
4121 6902
455 2273
1063 2450
3432 5938
3279 6070
701 2214
33 6552
1089 4615
2047 5539
4598 5729
435 4954
348 6419
466 2418
5796 6772
4813 5801
2838 3842
4113 5665
6786 6797
5732 7404
2382 4481
3711 6491
722 4827
564 3002
4008 5432
1105 7391
382 7293
193 7120
6771 7115
751 5931
1111 7007
6522 6566
2937 3224
2248 6784
506 6864
4226 7223
2936 7221
1205 1946
605 7031
5306 7008
2109 7459
1583 3601
6015 6768
229 5923
64 7178
216 7050
4991 5430
3454 4914
3699 4284
6509 7534
3635 5097
1157 1359
1637 5573
950 2700
2604 4844
744 5916
5058 6208
159 6015
4677 5136
127 255
1830 3319
5418 6120
1163 4518
2153 6525
3006 3592
5571 5817
459 6566
2326 2656
2101 4411
425 2702
5562 5840
2592 3967
345 519
2523 2771
3492 5207
417 4163
1472 6297
2908 4968
291 2065
3427 5431
6432 7447
601 4020
3930 4611
1626 5519
3032 3634
3491 6894
4195 5739
1002 2649
619 1777
542 5573
1022 7000
4599 5604
3635 5352
2135 5856
534 6211
1494 4250
738 4904
1455 3171
198 2348
654 6871
1566 6067
6370 7494
3246 5220
6096 6965
2618 4811
2814 6689
381 6293
2445 5685
5876 6868
2273 6358
1204 5932
1906 2987
2403 3389
4987 5046
5114 6687
271 7518
2756 4415
803 3912
3767 6689
1274 4436
3681 4934
416 6469
1199 3744
307 985
2168 5622
2485 3623
1188 5845
4925 5314
2168 4187
3140 5790
316 955
5107 7109
3227 4777
267 5402
5236 6970
2477 7077
997 3977
1802 6282
3078 3481
2491 4658
2396 5616
1649 5024
712 1585
4410 6240
799 6043
6450 6670
2438 5563
5203 5658
1295 6959
6486 6682
1206 4519
2693 7568
1620 7006
798 1958
6591 6945
871 4568
2734 3485
3791 4150
3042 4062
740 6384
2176 3031
1758 2260
2187 6675
1422 7365
1750 2582
1169 3473
3134 3862
1455 3165
2709 6654
914 5295
1015 3298
806 4025
2566 7393
4950 7205
93 7199
1510 6584
2862 3085
3285 3394
6142 7138
4241 4312
2032 5166
3170 6495
3589 4450
6338 7543
1965 4749
136 5539
1138 4964
2104 7329
4097 7060
3979 5275
2959 3202
4393 6481
5203 6320
3250 3296
1636 1945
4517 4693
4750 6052
2655 3032
2712 3141
3163 6319
188 4523
717 5687
210 2773
2309 2595
235 1360
4356 6990
2389 7160
3118 7181
2340 2466
3062 5599
4280 6613
1048 7519
1708 2151
3159 6170
6 2308
832 5009
3113 6612
1757 4782
1830 7482
2325 6132
1187 7567
2517 3904
3400 6997
137 5915
3021 3151
4829 5487
142 6211
3280 5431
2973 7164
1081 3358
5714 6723
319 5656
3490 5051
3161 7381
4489 6260
1633 7195
1382 3843
969 2902
2230 2603
1795 6112
2974 4123
1932 6636
1081 5288
725 793
2821 4236
3350 6343
4374 5551
2855 4427
682 6630
2165 3839
2366 6462
339 2951
1541 3665
3867 6945
786 6367
845 3135
4396 6943
6239 7596
1307 3007
7497 7507
3729 4833
217 7115
1200 4517
1370 3927
1206 4252
1069 5163
4241 4421
6261 6833
4139 6151
2270 7628
5715 7288
1426 5100
5180 5486
3087 6484
1558 3301
1408 7643
3611 4416
127 4568
1739 2550
541 3714
255 5804
4574 6089
205 530
6727 6822
1595 4536
296 4020
4181 6520
3995 6147
278 6810
480 5915
5608 5618
119 3330
1621 2114
1309 3040
396 2217
2031 4085
3880 5232
3464 4122
138 3852
1126 1217
3177 5694
1063 7195
1261 3965
1151 3288
1052 1231
5851 7246
2225 3016
2677 6155
3426 6345
3719 4576
5089 5250
3342 4276
3104 7631
879 7322
2149 5988
493 1047
4923 6155
5882 6881
6052 6860
3617 6578
967 1724
187 510
833 6554
310 2683
5061 6393
3099 4243
2238 7538
890 5893
3486 4709
562 6646
947 2726
2187 6642
2579 5692
4103 4414
308 4681
105 2807
4814 5037
408 2044
500 4513
3781 6587
241 664
1546 2714
2998 6424
1659 2771
1287 7610
54 3640
3371 7603
263 5563
5491 6899
785 6494
1685 5780
4075 4679
5891 6459
175 4831
3759 5765
4846 5350
2509 6587
1197 4885
1246 2327
2543 3565
907 4252
2374 7196
3150 3886
306 891
585 3376
2044 6603
748 4167
2366 6738
3771 4290
6106 7285
2033 5389
1377 2995
1523 3178
3276 7600
4525 5294
6276 6724
751 3940
1471 7607
468 3962
104 5175
1871 5155
4002 6265
5252 7641
6322 7048
5146 7019
572 4028
1492 3446
4309 6970
3100 4898
5620 7300
3126 3195
3208 3347
2004 2860
174 5876
5508 6818
1573 3864
2326 6852
704 3808
2838 4430
1754 5727
5322 6636
1855 2309
2317 3009
1141 7062
2081 7040
305 7358
3040 5114
931 5531
3051 3421
856 2322
2813 3907
3179 5473
1111 6382
326 388
1502 6470
3860 5658
202 3974
3657 5759
6560 7107
3153 5120
2104 7291
3220 4270
1804 4024
2052 6177
1794 6347
917 2618
2166 4943
2164 2177
843 6678
3326 4391
2325 3792
3130 5035
1610 6863
3928 4254
1360 2882
3139 4141
3172 6842
5926 6813
4192 4259
327 1485
1497 6213
5045 6851
511 3841
1065 1866
635 4843
1457 7491
94 3175
730 4168
6292 6973
3080 4350
4774 5764
4656 7310
849 6464
1501 6284
5727 6170
4027 7586
2739 5189
5524 7181
175 2323
1746 5128
1439 1609
3375 5037
307 4656
4442 6226
2184 6290
6922 7429
2034 4616
5808 7155
1028 1222
4081 6548
2720 5061
6044 6353
1663 5062
3413 4760
967 1153
865 6158
802 955
929 1665
2933 7009
4758 5687
538 7171
585 1779
1568 2427
1454 3788
4470 7171
2936 3357
4715 5992
2385 5326
1429 6259
3590 7360
4843 6040
159 6343
1245 2954
2723 4370
1060 6700
2587 5368
2809 4978
1611 4282
2003 3043
3392 5446
3025 3439
141 585
1832 6155
2300 4440
2920 4720
593 7485
1074 2334
179 4104
4560 6176
97 2308
116 5350
1752 3498
1460 4125
1020 6455
1277 5241
3748 7636
686 3928
1692 3853
846 2333
4067 6815
741 5227
4160 6774
3349 3870
6694 7490
571 4056
1946 5900
3248 5230
4799 6101
980 6666
1816 7316
3263 6802
3355 6283
6898 7431
2107 7224
1934 5767
966 6768
1789 3095
1785 7087
4067 5437
3540 5111
2915 7241
6225 7165
1081 4038
4363 7622
4019 5337
1762 2356
5760 5933
2445 2970
1506 2332
40 4196
5656 6985
959 2345
23 4697
1775 4501
5724 6370
743 6321
1614 4985
6004 7592
3955 6486
103 3511
4465 4549
1263 5386
3256 4632
2849 7347
3629 6669
5606 5903
4366 5551
1892 4320
2472 3912
5450 7363
1877 2252
172 1434
1429 6292
4980 7423
1798 5097
516 952
2889 3269
1545 6581
5701 7303
5758 7303
747 6201
3207 4985
3116 4679
2459 7049
2553 4602
688 3641
4581 4739
1936 6981
398 7428
3818 5612
2763 6550
3638 6952
6613 7438
5370 6210
1047 2397
5248 5424
2864 5521
2957 4715
1985 4220
23 5745
3839 6593
2535 5500
149 4043
3716 4859
1630 2782
3385 5986
4806 6594
3355 3627
2143 6699
252 1137
76 137
3864 5970
4325 4603
2422 3358
3497 3893
1232 4206
4871 6218
7486 7624
2028 2995
5226 6901
6442 6780
2327 6763
3893 6680
3521 4178
4554 6053
985 3273
917 7167
2003 7589
4243 6198
4580 5399
2894 3226
3244 3413
893 2447
114 4179
3421 4085
500 543
6651 7533
3313 6670
2015 6695
2425 7324
3196 5880
3325 5813
2985 3705
5508 7179
3252 3316
3420 5133
3053 6838
2713 3314
2795 6447
1086 4274
46 4919
2464 5370
3959 6530
4356 5733
4116 4642
141 6363
3183 6093
6756 7479
5880 7161
1198 2531
2743 5535
4645 5881
2867 7235
440 691
2679 3899
2026 4697
15 5639
5106 5880
1226 5066
15 1081
643 1632
3316 5300
674 7420
1460 2003
2316 7623
4325 7316
1543 2164
4657 5247
3213 6924
925 4956
2048 3874
1568 7411
4856 7552
1737 6739
797 7144
3077 3983
2754 7052
816 4845
4428 6574
4232 6094
1569 2568
2833 4335
2726 5916
5531 6160
837 877
4859 6810
4599 5229
460 6780
1796 3073
745 1988
1841 3213
7138 7544
5463 7329
1797 2697
3007 6412
2510 6747
4092 6229
2400 2432
321 2054
1724 5967
406 3710
3608 7104
2663 5376
4172 4214
219 3883
5266 6173
852 5745
4912 4958
3224 6060
703 2307
1705 3323
211 5031
1056 1829
315 2868
1246 2829
7053 7461
3264 3343
6692 7354
5040 6124
1606 2015
184 7367
579 5783
115 6056
4599 7148
3053 7159
163 1915
3859 6339
258 5322
348 6189
2170 5162
0 1065
1468 7073
849 969
2890 7490
2376 5014
2197 6374
54 1934
4885 5621
5809 6601
3106 6724
6504 6988
157 1006
2669 4507
5566 6426
2938 3290
102 2867
1922 6169
2389 5980
3487 3680
717 5654
1326 4750
3029 3273
5106 7248
57 6490
84 6512
5176 5274
4610 6423
2647 6272
4213 7404
6009 7378
1269 6759
283 6248
2751 4914
2580 6647
2720 4024
6171 7167
1228 6026
2203 6114
378 5796
4319 7584
4461 6289
4101 5748
861 1257
5785 6216
1298 6660
1350 3684
2588 5719
5646 7258
3163 4464
497 3750
6502 6797
1454 3709
2372 3868
1797 1842
2084 3395
4553 5023
3373 6246
1183 5334
5077 6597
2892 4391
715 3843
3272 5298
260 3494
1916 2780
4588 6031
3100 4508
6788 7384
866 5794
209 2810
3799 5379
2425 2740
1653 7103
5506 7575
4332 5464
4536 6859
277 352
2913 4472
4714 7284
4705 5580
709 972
4012 4517
3115 7358
4030 6217
6369 7588
1514 4164
3797 6123
1431 5476
1079 1330
2981 3256
4675 5337
2350 3803
3025 7615
1654 6604
2647 7237
2391 7477
1646 6257
2706 3131
3281 6366
1784 5392
2822 5022
481 3525
3778 4548
2650 7561
6230 6547
1542 5174
5041 5144
817 4788
1011 1385
4698 4935
2834 5932
1231 1612
918 1505
2365 7247
2207 6121
44 7155
3440 3672
271 6674
3572 6882
3736 3963
2520 3431
234 5568
3896 5544
2551 7373
3853 4191
1863 3469
1067 4756
1107 6376
2959 3403
6506 6767
3387 5623
2970 6921
632 2778
2162 3562
3227 3486
4343 5575
5552 7473
2424 6697
3889 4940
1864 3253
2182 7205
594 4167
38 5003
2066 5085
4769 5301
4649 4738
1406 4632
1604 3734
3011 6253
3548 6983
174 7390
2337 3238
674 5174
2398 5996
3096 4092
1532 1985
1863 3296
3285 5323
2830 6140
1861 3716
5452 7162
29 2961
619 7221
4694 6317
162 5211
1871 2529
658 5652
3543 6493
2289 3885
7346 7455
3363 3590
4765 7221
2714 6678
634 5669
1872 3898
326 3884
169 7391
1521 6568
6013 7124
24 3485
1048 5152
2654 3173
84 4631
5869 5929
2374 3806
2083 5164
5206 6497
427 1099
1525 4814
1041 3468
4240 7363
4169 5351
2666 2938
3913 4590
3672 5056
4450 4821
1888 2491
1230 5693
4177 6204
5168 5909
2025 5686
3189 3958
3608 5310
4322 5981
1968 3715
6002 6540
4752 7410
4392 5493
4575 7450
5673 7636
13 6437
1563 2061
7298 7322
2797 4448
2384 5028
2805 3795
1171 6905
599 3486
2094 2725
3945 4212
1453 5987
2604 6976
1949 5721
6033 6363
2570 3715
5670 6114
4269 5973
3029 5225
3713 4202
3083 7418
2209 5121
2509 5609
5048 6131
2369 4156
1985 5180
624 2987
1885 5485
3407 5263
7231 7609
4377 5134
280 2109
2179 4275
4205 6237
4570 5591
210 6149
436 3184
1318 2139
1469 6053
546 1647
3362 4752
2915 7005
6698 7025
1665 5416
3048 4881
99 4611
2248 5796
1549 3788
1240 4817
2234 2892
1203 6603
2360 4325
2165 6670
1885 4721
1768 7540
3576 3830
1275 6302
729 3558
4191 6711
1801 6762
2453 4421
1765 6800
1888 5079
5796 7310
757 4445
2630 6758
6727 7218
5476 6174
453 2095
293 5330
4399 6875
4004 4565
3737 4594
268 6747
268 4340
282 1826
624 4034
3652 6167
769 1456
6422 7395
592 7507
7007 7605
3638 5900
1244 4890
2550 4532
3159 4605
98 7511
2329 6904
5574 7159
4988 5215
3867 6351
882 1081
1846 4277
4683 4850
2435 6632
6556 7338
4323 6707
1223 4074
2801 7172
5300 7469
1750 6042
3786 5164
595 3649
6339 6647
2092 2665
3778 4204
1828 5861
5037 5405
684 6853
4392 6542
1678 2446
4760 7427
3592 7516
557 4007
2217 3951
2756 4005
6000 7521
1264 6342
4934 5819
1709 6678
3545 4260
1784 2732
5174 7393
2465 4825
3620 6615
924 4409
3369 6050
140 632
361 2915
1813 4879
288 4731
578 1372
6421 7498
422 2442
3067 5045
1098 6576
482 6715
693 4100
2756 3760
345 5764
2205 4683
2838 6096
5065 5636
670 7137
3471 7556
246 7593
3949 4591
4271 6490
3541 6163
861 917
3824 5910
5895 7014
6069 6746
3663 5000
66 4612
4852 4982
4443 4687
282 6754
2878 4204
2206 5261
4648 7169
1694 4928
3121 5270
76 5918
2875 4999
3190 7064
491 1925
1265 7189
887 7524
175 1990
1663 2506
5461 6643
108 3923
3395 7327
3216 5211
1373 2346
1872 7161
507 5420
844 3703
549 4249
2446 6470
1300 3766
3329 4748
4172 6917
137 4672
4793 6326
4115 4373
5731 7549
1755 6044
762 7160
100 6789
5713 5887
3854 6991
2925 6710
5252 6353
1782 3092
1778 2309
4012 4391
263 7606
2235 3641
2384 4390
4253 6680
1209 1972
6439 6628
2293 6709
1298 3550
572 4706
2257 6345
1690 6363
4166 7185
5720 7638
2503 3877
4157 7009
2452 5172
2413 3784
2992 6216
3566 4610
744 7322
1825 5652
2327 4278
1294 1432
2374 6604
5628 6386
1622 4669
3026 4415
38 7536
658 1611
5866 6744
1890 5102
4006 6167
3149 6226
6510 7273
4606 4749
5450 5518
2405 6653
293 6236
1386 7603
1203 1307
2363 5297
3749 4459
2466 6873
3661 5739
6249 6877
2054 3329
1310 3949
2358 2852
2133 3755
4282 7112
240 7240
649 3970
662 3183
465 2128
638 7626
1594 3617
6379 6414
1425 7539
3367 3717
1659 5929
133 6332
4 1183
4051 5688
2292 6698
1395 1504
2313 4873
1810 4621
1795 4321
4938 6036
36 6869
1644 2247
1217 5806
2206 7619
2049 4197
6715 7037
691 2082
6288 6729
3129 6420
945 3195
4405 5540
505 2573
91 6129
4934 7275
7282 7453
3843 5202
2442 6416
2199 4734
284 2695
1309 4183
5778 6527
1787 5367
1266 5446
1860 6079
2306 3819
1552 2528
512 1339
2039 6406
3328 7095
3671 5098
3356 3584
1720 4407
4850 5667
2290 5231
1444 3745
30 3569
6171 7068
5154 6859
3756 6397
1317 3794
1548 3969
2480 3588
45 7351
531 3897
2762 5839
979 4178
3112 3192
6617 6891
1810 5408
6341 6890
1761 5926
2005 6880
3235 6436
859 5513
5785 7488
4869 7125
3914 7162
364 4687
616 727
4283 5977
1663 1875
4155 4823
3879 4844
3749 5672
486 1614
1711 5221
1751 7013
1313 6349
483 5027
3339 3529
1278 7458
1622 6560
5258 6993
2103 5805
3097 5670
2069 3393
659 4491
240 3545
5990 7554
2199 3348
5647 5936
1765 6168
6039 6372
4922 6096
3591 6850
2143 4061
5066 5798
931 2721
3128 4777
2947 3978
1817 6416
3312 6319
3346 5557
4024 5409
493 2156
7259 7361
4216 6086
2232 6979
4557 7356
1077 5259
462 4562
6285 7238
2936 6797
1982 5954
3226 4667
6577 7179
2312 5540
5303 7641
1722 2175
2999 5179
1793 6951
1635 3386
2262 5140
3486 4388
314 1952
3885 3966
3628 4542
3571 4207
2113 5250
194 6087
818 6976
788 4041
2614 3012
1345 1543
2102 2529
1504 4100
3126 6779
3168 6349
384 2797
5801 6982
4755 5736
181 5094
3458 7484
2920 6167
649 6757
1747 3124
2581 3575
2176 5613
5473 5726
989 1515
986 7015
1267 2606
565 1561
288 5189
1847 3627
4447 5483
3606 6750
3644 6778
3653 4774
4540 6965
3194 3747
4015 4906
6845 7599
4958 5050
4631 4743
3912 5097
5989 6547
1164 3620
3042 3999
15 6464
1263 1996
549 5321
1978 6161
2896 4887
2815 6891
4363 5808
4515 5373
1780 1993
1455 5214
643 1962
4670 6793
3442 7317
3356 3849
3400 5194
636 883
5013 6023
3743 6083
2519 7420
5558 5812
763 7440
5320 6878
5266 6747
6074 6488
1335 4923
4100 6716
206 7486
422 4584
1789 2529
14 5539
1312 7470
533 3464
1264 3289
1889 1935
1192 4669
1181 2950
2844 5115
1026 3029
416 6585
2029 7585
3125 5754
802 6381
4172 6354
4239 7444
2559 7135
3212 6915
430 6541
2338 6961
5373 7270
1326 4683
192 5682
1001 4290
2335 3530
28 5042
2118 2929
1244 7006
1019 5413
175 2322
1428 2649
1906 2208
1725 1848
1213 5223
1160 5530
6991 7273
172 750
4289 4891
1164 4092
4686 7046
572 2048
5766 7060
7237 7525
1460 3965
1249 6302
1121 2418
13 3942
2646 3265
2676 4204
1789 5558
3198 4873
1963 7620
4127 6291
3747 4847
1655 5204
1766 5909
81 6544
4990 6747
1773 4215
1654 4420
1467 5111
5205 7439
608 7537
825 4553
732 7194
6433 6590
2918 6188
3085 4202
2918 5931
6796 6838
1505 3234
1069 4645
6414 6786
4457 6343
3606 4431
925 5269
1678 5223
68 4168
299 3518
4773 7416
661 7206
6140 7307
4040 6169
72 5058
4725 7076
1386 6411
2776 5045
6053 6397
644 2640
237 6135
6917 7532
2267 4303
1546 5871
2643 5237
3695 4453
1368 3985
154 2799
3339 6133
2548 6096
701 7545
603 2041
1698 4596
2639 7476
127 6124
2705 5056
5312 6933
412 2960
6594 6850
1281 4604
1212 2714
2135 7451
3543 4311
5507 6130
1152 7021
5389 6025
5175 7321
3948 4394
2892 2938
1360 2613
890 2415
3482 7336
1509 6676
1796 4139
7203 7329
3389 4324
1130 5748
1871 2127
3914 5123
5711 6432
6270 6510
3420 5070
918 6608
2214 3391
3277 5099
4629 7118
2252 3536
3200 5534
4267 4927
3227 5225
6124 6375
8 2957
3253 5743
4355 6167
994 6850
609 4768
6160 6562
5183 6921
1100 2202
3422 6341
4873 7015
6103 7331
2508 5591
1495 1819
3014 5803
4352 4767
798 925
5938 6991
3410 4845
1605 6404
374 1691
1705 5542
546 6583
5482 6330
2516 3800
1282 5803
3392 5295
3625 5257
391 7568
1063 5777
5041 6520
781 2445
1787 7337
3120 3350
2215 2564
421 2037
2172 6759
4095 5667
3291 3981
4930 6889
1694 1762
1247 3401
1480 1736
4230 5181
4489 5343
2564 4142
3554 5932
2158 7422
5001 7404
660 5022
1764 2372
1557 6943
1654 3494
238 1438
6053 6982
52 3001
97 2242
1080 3014
1526 4918
2039 2421
1097 4032
6228 6756
50 4870
1408 4336
7316 7327
28 6495
1594 6638
1185 1996
1584 4342
1577 1590
1659 7194
733 1046
3053 3706
992 3740
806 6299
3740 6009
290 1309
6935 7118
417 3615
1081 4879
4127 4430
185 3669
2976 3157
3681 6123
2163 6941
886 2729
3472 3802
2854 7241
4337 6701
4193 4901
1294 5951
680 2536
1436 2490
4658 6979
1391 3954
1514 3211
2407 2991
5669 7097
126 3114
2883 3158
985 2355
361 7587
445 3554
5106 5869
4061 5803
6609 6864
3501 5788
3905 5690
3327 6730
4718 5904
6137 6826
4194 4518
4119 4732
1880 5992
2452 4970
308 3725
950 3163
1960 1997
5994 6860
530 2142
455 4667
1176 1722
195 4785
1083 4736
6084 6484
1509 5182
1552 6663
124 7391
850 3553
6082 6338
473 4570
1698 3061
2188 3774
561 3355
1132 6050
5341 7014
4965 6326
3066 5880
39 4274
248 5367
5196 6638
177 7507
835 1096
3693 6142
1027 5383
569 7140
269 7134
1614 5009
2954 5733
3905 6867
1931 6692
6376 7312
425 833
2004 2436
1456 3750
4456 5878
1284 2964
319 3030
5640 6532
2799 4491
858 4280
386 6419
4410 6859
1762 3966
3557 4233
5933 6399
4415 5808
1567 3465
5110 7498
2750 5275
979 7299
3714 5500
3785 5970
868 4858
1613 6621
230 4961
1548 4184
4037 6719
1311 5447
1990 3887
142 1386
700 1015
582 595
2530 6330
5798 7003
2409 7303
7078 7123
4655 6558
1203 5929
7429 7528
1887 3160
432 2107
1407 4678
379 4991
5926 6908
4557 4998
509 5230
2065 5968
43 1871
874 1612
3467 6315
4346 7606
2572 6043
1088 3979
531 5529
2348 4936
1134 3054
35 3442
750 5140
4134 5601
2475 3391
1396 5480
784 3971
5797 6587
3313 7606
1688 3154
470 6320
1066 5590
1427 3307
995 4672
4049 5844
1823 7617
911 3557
222 2017
3175 6629
2797 4039
452 749
4498 6643
2621 4665
736 6347
2982 7242
6868 7546
4321 7493
4881 6449
3282 6362
4017 6858
23 2427
3379 5880
3173 4973
1500 7052
150 7371
4440 4942
568 5263
89 116
4474 5976
5714 7495
4705 5731
3025 3377
2462 4746
5505 5717
2292 3796
2860 5673
123 2020
1421 5003
6589 6806
394 6103
3373 6318
2933 6352
1219 6086
4952 5725
7156 7376
2259 6377
1480 6574
4002 5421
503 7648
1387 2542
3296 5562
482 6144
4035 7437
4856 6647
195 6377
245 7055
1473 3025
1299 3498
4199 5091
6 5615
1528 6019
2488 7439
6373 6645
6670 7091
1342 3143
3719 5048
1339 6872
2051 3002
1363 3663
1587 4818
2486 6206
4135 4545
1713 5885
5720 6031
2135 7454
5250 5739
2981 3685
2113 6529
4148 4781
491 5439
4724 5667
1794 2436
4956 5481
3051 5156
6380 7227
3847 5103
4750 4871
4675 6059
465 4326
32 3068
2800 5090
2633 3585
808 7221
2363 5652
547 5525
402 2768
5173 5224
3013 4560
172 2249
2845 7101
861 5792
3608 3986
262 1791
3912 6939
3453 4267
3236 5107
2002 3709
2582 3067
3638 3950
1742 2217
3922 4444
6612 7470
1247 4704
2349 6280
3693 6548
3641 6095
1446 5110
1678 3926
319 2697
1441 5647
300 2858
3542 5421
2036 3307
1188 3106
1961 7327
2 806
251 997
7166 7358
1807 1878
1430 6034
88 6502
4070 6375
932 2477
1970 4717
5666 6945
1218 1763
3532 5936
1834 5326
1149 3080
2477 2686
1765 4937
1585 6089
5534 6288
3133 3160
6069 6645
1389 5100
571 1410
1532 7171
1340 2166
6013 6081
5793 6178
1748 7390
2824 6224
1046 6175
2871 6523
2513 6772
497 2052
5110 5793
135 3091
5509 7169
3543 7035
3518 5623
37 5969
1414 4872
4312 6544
3617 6704
1791 5838
3023 4369
4099 6590
2163 3453
608 758
178 3579
868 2278
3974 5779
3571 7379
54 4370
1695 7185
3776 4682
1576 6665
5062 7534
6136 7211
3494 4323
200 5581
4223 4996
3456 6977
1015 4201
1470 7175
273 4191
1384 3563
1024 7425
3497 6012
6387 6945
4941 5053
2815 4297
2230 6929
1288 3200
5634 6479
951 4987
4574 4642
4333 6855
3658 4810
4923 7591
301 1295
367 3211
2141 4442
5426 6621
1200 1588
2038 2469
2845 4364
681 4204
753 3919
4990 6927
1335 6256
2680 4228
1311 3419
2388 5335
3789 4698
942 3439
1056 3108
2007 5673
888 1538
4117 6875
92 6966
2113 4300
873 7270
4431 5895
5301 5828
853 1354
5369 6012
4495 5639
6197 6963
2118 7242
759 6672
145 3643
3897 5518
101 4145
1263 6770
329 2776
4259 4706
1811 3104
1077 6949
2794 6782
2083 5338
610 2223
551 598
3673 6851
327 6274
3235 6050
2384 5369
5030 5184
2431 7431
2721 7621
564 4345
2709 3828
1038 7631
5187 7339
3769 7639
1 4115
2686 6311
6426 7466
2819 7580
3152 7327
1502 5335
644 1483
3726 6213
1368 6283
3684 4274
2724 6457
1046 1571
5492 7384
5490 5936
5766 6506
7193 7638
3850 7141
1933 5297
4110 7336
887 2495
6491 6895
578 7214
2062 6496
1206 3176
2725 3818
2781 6730
1110 3423
180 1245
2728 5685
3557 7417
98 522
131 6240
1108 1991
4647 5204
974 3167
2025 6724
1715 1869
19 2327
2511 4496
201 2065
3080 6854
1602 2568
815 2056
4605 6042
3201 4358
442 3368
4445 6317
1774 2976
5295 5558
7271 7516
4714 5128
373 1988
939 3209
1308 4144
4405 5405
3429 7146
2711 2921
5604 5995
1297 4563
2353 6994
4560 7204
5311 7008
4133 5235
609 1783
5456 5618
3444 6978
3237 5755
1778 6469
961 5851
5754 6829
1658 4939
1592 3632
687 4843
442 1951
1588 4907
3175 3984
5639 7382
2764 5927
2270 5729
1407 3822
962 3038
2029 2101
771 6886
1714 7339
44 3601
5835 6543
2299 7182
4214 5640
3223 5176
2419 7206
863 6896
4836 5216
2242 4451
772 1337
4746 6429
1286 3478
2673 3642
3052 3583
1529 6325
675 1110
4466 6744
1732 2046
5060 6046
1171 5180
1052 1220
442 5620
4959 5288
2138 3854
3205 7581
5029 5792
3845 5452
3530 5688
2461 6561
1486 4492
3006 3521
986 1066
3133 3603
4451 5529
2462 5907
3808 5349
624 7470
1597 4088
1867 4648
3505 5718
1754 2659
2315 3327
1628 6902
5387 7614
851 6436
281 2831
1285 4554
4325 4886
885 1778
2425 6611
4835 7402
5154 6553
2101 5079
871 3019
776 2158
5400 7205
3994 4029
452 1994
3142 3276
4356 7601
2954 3593
2889 5350
4406 7105
1226 6746
2632 5283
3660 4969
2788 6883
142 306
1655 1894
3527 6806
1382 2398
1722 5529
6567 7020
1469 2038
1184 1587
181 3641
2909 4727
3445 6292
2145 5549
4361 5329
3793 6758
1494 1991
2633 4248
1032 5858
1225 4055
3299 5550
3533 5945
1727 2596
1351 5158
784 6202
1823 6624
820 6723
798 1423
523 5799
1335 1832
835 938
5386 7507
3453 7028
2613 3107
1415 6187
4597 6694
352 6582
5561 6642
2647 4690
5478 6202
1260 4655
2088 5833
4374 6067
2709 4843
1738 2514
1207 4848
619 5233
3114 3360
2408 6114
754 4678
374 3008
1696 2565
1930 3369
814 3508
3633 7233
4048 6192
2058 5136
3726 4086
1170 2687
739 6705
2801 5348
1194 4980
1564 5725
3963 4482
317 6487
67 4334
676 4075
3851 4319
996 1560
144 274
1060 1231
4598 6607
1505 7630
6730 7456
536 6616
1501 3253
3386 4920
4229 5313
4637 5735
2847 6749
4394 6006
2937 3261
1507 1845
3371 4725
476 680
2605 3301
361 5412
1366 5199
677 2293
3096 3900
2078 7414
1281 2589
0 4551
3886 6898
1307 1811
2658 6591
3092 3447
781 4097
1719 4774
3878 7102
1712 4302
1509 5049
518 4859
5247 5375
3808 5122
2726 5574
3038 5233
1646 2647
3488 3551
423 5377
465 6180
5181 7422
5718 7495
1085 2147
6199 6957
3304 5517
72 6406
4405 6755
2505 4289
2026 3107
1421 6243
2118 5403
3386 5458
22 5349
926 1049
4220 6769
4349 7417
2497 6832
1434 4625
4025 4780
484 3440
3477 4375
640 3929
2547 6543
179 7431
4356 6857
3582 6346
1445 6752
933 4978
1587 4164
1120 4354
2644 4362
4548 4783
1618 5289
6360 7294
448 4775
3433 6397
556 800
5650 6327
1055 4805
329 5136
5843 6218
1779 6322
1354 5104
249 7426
381 2420
5251 7188
2067 4294
169 5970
5231 7326
4296 4419
361 1346
3684 6579
4941 6074
3710 7538
2003 3981
845 1105
4206 7097
1217 3909
2819 3844
1888 6550
5533 5571
3296 4673
1242 5475
305 3465
385 6465
6158 7537
1304 5903
6991 7253
4829 4995
1047 5431
5679 6439
400 3325
5467 6278
3022 6559
0 4545
328 1003
955 3025
442 4455
544 6207
3625 6477
1003 6341
6764 7003
1293 5188
3437 4289
5509 6881
2985 4685
2676 3019
955 2875
4501 5568
6118 6528
4957 7618
3937 5208
1169 6485
2930 7195
576 1304
568 2700
5304 7273
1889 6198
3055 5600
2383 6273
3875 7205
2922 7581
2134 5781
5848 6376
545 6206
1872 6260
1618 6423
6838 6976
2861 3849
6475 7607
2191 7064
431 4381
1430 4907
148 3021
3506 6137
2977 5772
1232 6764
2909 6674
563 3349
1826 2293
2792 5497
1659 3583
1413 7360
1512 2442
1556 6453
5178 5624
4088 7356
4345 4505
5953 6811
2614 3894
7259 7552
5022 7331
142 3611
1110 6904
6635 7501
1275 2031
2007 6542
5181 5780
1168 4742
5186 6047
76 2664
4204 4885
716 6255
638 5496
3688 7486
2085 3334
4061 7438
2070 5048
800 2369
2028 2529
2885 6723
2708 2935
3193 3909
6582 7393
1881 5383
629 4343
4837 5653
3901 5166
3797 7390
342 4578
3734 6280
1821 2901
6810 7536
3427 4219
838 4288
67 5664
7303 7469
4307 6340
1032 3002
173 7403
3950 4007
5565 7246
4315 4380
4999 6303
3612 7444
3073 6971
4452 5021
1519 2956
796 3205
855 3381
469 4734
34 391
2840 2951
2936 7174
447 7571
3539 5643
3339 3711
6171 6732
3485 6692
766 3809
2790 5231
1904 5167
3067 7320
3923 5224
2637 5194
4026 7577
6522 7030
1329 1472
1132 4588
6938 7444
53 192
3936 4164
4818 6640
4703 6960
3696 7289
4079 6307
1237 2973
1774 5140
1349 7471
3782 5973
4590 5076
4212 5353
1740 7521
1072 4800
3272 6269
6387 7494
4751 5527
1689 4099
2590 3349
756 4057
5126 7181
2313 5944
2711 5760
2943 4140
3235 5668
204 6812
457 7279
2945 3436
1394 3335
4948 7008
3038 3787
211 5086
1311 2946
4981 6337
371 7066
3131 3192
531 4245
386 2040
2741 3251
4325 5061
3636 3922
463 5681
561 4080
1622 5990
265 4038
4465 6610
1691 4621
3807 7367
4028 7489
3412 3808
3452 7532
13 977
215 1883
2225 3767
4458 4549
872 3009
6108 7046
3623 6442
1816 3977
3388 7039
3126 4357
126 1172
123 6639
1692 4938
5 4430
1437 7232
2142 3523
2188 5325
3819 5888
3581 7555
5988 7117
102 5212
1179 5240
42 3491
1004 5954
2025 2969
2045 6349
1713 2407
5362 5403
1110 2011
45 1230
3031 6626
2514 5287
2161 5375
5004 6802
2536 7483
1217 3594
2103 4582
1853 3937
3173 3663
2624 5617
4738 7147
4020 7548
3020 3896
1146 3791
3015 5056
2554 5078
2567 6740
3913 6530
2846 6140
118 4362
540 2828
3120 7324
2409 3904
1346 2127
3541 5886
1239 2886
2633 7359
3503 3725
2714 7500
264 5878
519 4853
3596 6431
210 5212
6416 7000
1694 3501
1588 4120
2044 6304
4373 5519
3204 5174
5262 7244
605 7070
2039 2289
2991 7180
124 4949
2561 2643
5231 6007
59 7200
3253 6089
1000 5747
1552 6165
3714 6335
1879 6370
584 7515
4826 6983
950 7053
2301 7365
6216 6481
2138 5376
4399 6384
4433 4591
6477 6888
506 1947
2367 5040
1692 2663
2892 5629
5218 6171
2864 5852
284 4628
3357 5296
1812 5926
3158 5079
597 3432
1559 7149
4321 5394
503 864
4472 6442
4818 7606
6046 6779
204 2894
252 3743
6537 7148
3397 3454
5326 6375
2245 3927
1833 5055
205 1805
1378 2217
2547 7402
2871 5128
542 4232
3538 4922
1552 2969
834 5222
1335 6908
932 5723
468 3437
1269 5187
780 1925
655 5884
7124 7533
1730 5001
2235 4650
2907 5192
1687 5491
3164 5160
892 2933
3471 4853
2489 3457
1079 5119
165 2727
1826 5317
2527 4306
2809 3341
2914 6768
619 7107
2008 3930
3746 4421
267 724
1025 4380
190 3052
2520 5735
447 5751
1067 6262
3003 3329
880 7320
816 5418
4372 4746
2981 4219
631 3387
350 7176
1430 4200
272 4345
2931 6148
2123 4185
518 5310
696 5383
3846 7060
5198 5404
4456 7393
1833 6753
1119 4274
2580 2655
1478 3192
1287 4812
1196 6669
1759 7531
243 290
1157 4881
3716 5871
2651 7373
768 2668
4156 4289
1603 3183
1411 7004
1060 3998
3901 6579
2863 3032
3357 4622
449 3949
5150 6745
3563 4075
1722 6002
1065 2742
2728 7546
1015 2108
2044 5679
2216 5209
2550 2747
1254 5013
1331 2344
4532 4718
1799 4694
1093 1176
2492 6769
442 767
4538 5671
711 4020
5230 7232
5300 7431
1325 4965
5206 7114
1879 2851
5019 6108
6223 6594
834 2903
3352 4269
2955 4590
3328 3385
3814 7416
2119 4321
1105 5243
322 5096
2628 4958
2233 3170
2061 5701
803 2711
3806 6700
2559 5496
2535 7326
2586 3217
5570 6650
3930 7368
1102 3506
2603 6123
5042 5270
3188 4983
3761 4819
3274 4749
390 3582
6952 7590
2396 6346
5554 6523
148 489
6433 7413
2361 7506
5215 6364
4285 6293
3824 4713
4551 5097
1376 7525
3771 6573
2307 2968
2417 7463
4200 5548
544 1064
342 3025
2767 2844
1230 4790
1994 5953
625 6044
2537 5938
5416 5794
702 4112
4039 4442
2309 6825
2673 5675
538 6428
2305 3618
4241 7608
1483 7591
469 5492
3344 5863
4857 6680
184 4060
3919 7403
1702 5297
3115 3683
2069 7361
2661 4070
423 6535
3522 7509
5976 7202
4677 6569
691 2639
2355 7227
509 1598
352 430
491 3125
1614 5108
1125 1324
2696 3820
863 4066
2484 5926
1196 1230
2934 4631
3822 7453
1245 3260
4248 4587
576 2512
4594 5939
2792 5917
2699 4206
1941 6266
3001 3756
639 2411
1354 6502
1670 3423
1808 6502
322 1258
834 4984
5561 6582
82 6589
2928 4176
908 4253
208 815
1186 5126
4754 5421
5690 6216
3532 6011
702 5248
4617 6976
661 1165
2249 6624
1860 2600
93 7245
932 2582
4251 5239
2065 5352
1211 4587
934 5110
2048 5937
5326 5615
706 5224
50 2446
6571 6813
886 1401
2335 3033
4898 6158
1319 2701
1734 6309
1376 6671
1575 3658
3532 7116
615 4254
3492 4203
3487 5432
6585 7033
4357 5827
1775 6918
4639 6642
4528 7181
1922 6387
342 6932
2277 7264
3544 6063
1859 5758
3921 6700
220 6801
33 7580
726 4114
3002 4557
327 4515
1640 6663
3559 7340
3940 4363
408 7290
2388 5580
3387 4725
5530 5685
1603 7122
3330 4618
2854 4200
740 2764
1045 4267
1483 4074
2138 4757
1771 7302
6711 7577
4611 7377
2128 5362
3766 7133
3224 7196
2574 5437
3651 5829
2140 6935
613 2433
6134 7329
305 2836
22 6751
2456 4715
3809 6640
4029 6625
1356 4039
2450 6776
2173 7075
3856 4346
5845 6236
5753 7303
2394 6641
4826 6348
5502 5966
2063 2730
1905 6734
3948 5739
1340 6846
2335 7443
2019 2279
2136 5673
31 2748
2646 2909
3974 7459
1403 2408
1143 2706
1998 6965
1720 5012
3344 5039
6672 7113
6185 6441
2433 3478
1986 5052
2394 4040
1294 5741
1670 7534
4457 6519
2043 6997
1779 4496
1987 3405
595 673
2692 5314
4960 6727
510 5358
867 3556
1267 2651
1818 6075
2530 6603
4784 7596
695 2805
5850 6877
2012 4894
7112 7386
1538 6491
2353 5421
1118 2710
4421 5920
3718 6743
441 3938
2567 5376
2579 7472
1924 6118
2560 2990
2230 5080
3232 7321
208 914
1552 4986
2492 5205
3943 7227
888 6160
4588 7406
3653 4860
3388 3473
188 4043
667 2167
2383 3600
263 4193
1428 7350
3651 7506
4132 6541
5973 7260
3873 5030
406 2561
3457 6500
2865 7168
419 6852
5287 6353
1078 2933
173 4876
3130 3909
390 5505
3867 4310
2120 3811
5152 5976
3504 6059
5019 5564
4715 5777
491 3038
5232 5784
1417 6882
3419 4600
5918 6110
7209 7586
1593 1642
4915 6106
138 1942
935 5892
5185 7506
1543 3171
695 2988
1036 2390
3401 6743
2057 7486
4275 4690
401 2465
2360 4827
6051 6567
1790 3546
3392 7229
378 4393
6377 6521
1965 2289
508 5249
4551 4642
1339 6398
78 2875
1404 4656
352 3977
3936 3973
1846 6167
1962 5893
416 854
2701 5318
1533 4068
958 1551
687 887
932 2644
5909 6502
4792 6106
2204 5927
4860 7245
389 4686
3091 6916
3787 6246
6726 6871
2201 5250
3630 5552
5270 6388
287 6793
2576 6984
1505 6450
2328 2476
533 6294
1715 7594
1618 6524
2272 6898
5531 6428
3134 6951
573 7341
13 260
1637 4238
1854 1983
2385 7346
2800 4857
2896 6741
5245 6013
5518 7199
2471 7484
5077 5570
1134 5973
2853 3578
3770 3879
3425 3719
2628 3620
909 5402
990 6440
3376 4636
2106 5986
1925 4401
1309 4274
343 6291
513 669
5481 5941
1670 5828
2479 2966
4668 5552
2546 5249
2985 6036
537 727
3096 6742
1921 5432
901 5860
3060 5730
4599 5354
3506 4583
3512 5785
1871 5837
2413 5721
7313 7570
2435 3301
2305 7022
4446 6078
3223 3242
2949 3057
974 2536
3607 6055
1362 5233
2758 3376
4256 6797
226 5408
4483 6240
542 3961
5435 5931
731 7401
5303 7630
2939 5489
1104 3512
2529 5209
1266 2007
1241 4103
4445 7150
946 1664
1755 3465
894 1867
3784 4929
147 5989
3393 5670
7049 7418
1654 7487
3020 7567
2649 5250
3519 5186
1226 6650
2614 7022
64 1766
2671 5615
2381 6498
1791 6886
3606 6040
3454 7098
663 5868
1954 4153
5261 5591
1238 3699
2509 6161
931 4317
4962 5714
977 2553
3563 6088
2008 4284
3056 7165
1336 1356
28 4000
2131 4985
866 7231
4344 4710
116 2564
334 2668
709 7099
1601 1858
313 5438
2484 3827
635 1803
2061 5221
4614 6234
1880 2893
1861 6186
196 2241
3168 7108
905 1050
2116 5504
3161 6847
1869 7600
2179 4427
2940 4059
4971 6909
2447 7056
1669 5388
2610 7331
30 1291
6491 7385
889 1679
5321 7223
4963 5974
5948 7378
3549 4190
1975 4629
4100 7140
1543 2086
3217 3354
2106 3647
735 4532
889 6135
2718 6051
1904 4516
54 4792
2060 4424
3928 6210
1778 7305
1399 3391
2851 7512
1057 1650
2774 5865
868 6196
3315 3729
3880 5396
5337 5835
263 6573
3260 6042
49 6963
4788 5739
694 1604
268 7533
6132 7528
1584 2066
2453 3044
5091 5774
36 631
1664 4538
769 5750
854 2812
2964 5065
2899 4500
1789 6587
2661 6148
2811 5672
2947 5407
3589 5982
2604 2631
1472 7239
2336 2522
439 3639
622 2183
5062 7444
1243 6174
145 5154
4130 6297
2890 5759
3027 6142
4357 6708
2354 5600
433 3802
2283 6250
894 6109
4908 6841
2366 4403
739 2265
1246 5493
1474 7158
6783 7418
5952 6802
2192 6849
743 3487
939 2332
1373 4457
5306 7059
2039 3158
4681 7255
5782 6626
632 5587
1653 7405
3513 4865
3132 5464
4312 6202
4175 7454
1087 1445
5206 6677
3326 3603
2488 5053
5465 5826
6620 7193
1631 7101
7103 7323
2552 4193
6033 7532
906 3597
372 1241
4349 4880
825 5971
1193 3381
2256 5381
747 6873
5687 7409
289 5729
4636 4848
1670 5009
3030 6389
5243 5420
2342 6501
2702 4916
409 5236
191 2081
346 5054
5110 6503
2347 4694
105 2522
1104 4761
1138 4467
208 1743
1046 6762
2726 6653
2882 6367
6409 7437
3171 5172
811 6913
6767 6803
3877 3950
4005 6601
983 2464
1465 6140
5553 7294
5163 7514
1018 4728
1379 1432
3078 3267
3755 7334
1563 7305
5433 6913
863 4431
562 1642
1724 6646
2194 7326
1773 5041
874 887
145 2127
3110 4842
1484 4153
5489 7075
2386 3754
6145 7280
796 1369
1815 7229
4916 7109
5110 7104
2912 3510
691 4026
3379 5371
762 5643
241 1800
4199 6960
5970 7097
706 1735
27 5521
1900 3812
44 4693
6455 7335
3840 6108
4630 6465
3969 4787
1765 4710
1925 2207
4938 5844
872 4052
399 4709
5054 5571
2651 5042
2519 4635
1686 7229
6002 7153
4630 6550
157 865
1096 1901
1973 2168
324 521
84 1803
6483 7503
878 6161
2984 4584
432 2831
2428 6951
4375 6119
71 1650
305 7148
395 514
2065 5787
350 6313
1049 1408
206 3697
2338 2921
268 6766
3431 6919
1006 5469
2641 4267
2036 3674
135 6062
285 3296
4339 7486
4036 4750
2961 7370
4604 5924
6027 7226
3985 6523
3075 7295
3106 4934
3498 7105
4144 7025
1544 7514
2741 6877
2104 4755
1848 3386
4439 7055
406 5491
2409 5313
5911 6608
102 5587
5805 7116
1326 2899
804 6931
1198 5196
581 7280
576 6619
124 7025
431 1282
3348 6338
4097 4437
4506 4628
6108 6689
6077 6308
6788 7071
3492 5387
5046 7260
2641 3590
5568 6685
3204 5286
407 5677
180 5726
1042 3920
2948 4877
4182 7475
804 4920
1936 6343
1082 5078
5039 7300
1720 2679
1626 5227
5192 5323
862 1223
69 6248
101 6340
2221 6818
1480 4209
440 7494
1480 6204
2708 6026
1478 2065
3315 6483
2548 7478
422 7506
2552 3682
3235 6432
6612 7376
1471 5521
3533 5566
2812 5094
733 4380
104 3882
1366 7164
200 600
1361 7233
5185 6879
3069 3464
5766 6982
669 2591
653 2881
19 7450
127 2734
4193 4516
4181 5799
432 7248
3750 6790
2400 6573
4067 4854
951 6103
67 4404
132 2835
2488 6160
470 4035
4406 5713
551 4110
3766 6381
167 2868
6336 6596
3560 5481
51 3546
2877 6725
3790 6442
1579 5699
2231 4358
2524 5782
432 2436
3589 4766
5183 7590
926 1816
4215 7315
1679 6445
5227 6769
1698 2300
3081 4327
592 7046
657 2791
2151 4548
6084 6956
5063 5781
597 1237
1407 3180
3485 6131
892 1414
284 4770
1434 2662
5414 6051
2951 6330
3513 5998
7264 7621
1538 3193
524 1339
5794 6546
5772 6372
1347 6882
893 5786
2417 3446
4823 5417
1446 5664
1204 2386
1006 5587
5014 6822
785 4232
2204 7322
1395 4494
2662 5991
1089 2248
1669 6809
1180 1854
689 2321
1028 4902
1179 5185
233 3209
4664 4995
1390 2077
2392 6819
3477 6436
1499 7372
1771 5280
7290 7493
3452 4947
865 6891
1665 6966
4020 4619
1882 2362
5203 5518
2435 7472
3049 6984
269 2975
5439 7352
2178 6906
6765 7363
2053 2816
6057 7269
1616 4409
1107 2033
1202 7429
55 1275
3712 7001
1632 6098
2318 6228
163 1965
4292 7068
1159 5928
3614 5453
1475 3011
96 7407
3097 5707
1059 2316
2446 7457
3310 6456
4042 5651
547 4714
1952 2121
498 4194
299 670
4637 6209
5765 6305
4999 6882
5094 6321
3602 4751
2437 4073
3971 6309
3568 7131
1318 5433
4700 6881
1816 7164
2864 7160
541 5920
1701 4095
2899 7108
5974 6523
1624 4299
5648 7415
298 6491
4154 5787
5375 5396
1848 2820
5871 6237
34 136
0 4718
3943 6341
4978 5817
995 7342
201 5257
4349 7244
4043 6923
2381 6456
3003 6887
4285 5902
3331 7484
2771 6768
1881 4893
1133 3437
7208 7366
4297 7005
3139 3432
4789 6735
3216 6023
7223 7629
948 3617
2102 3987
1293 3938
4649 5778
1649 2280
4275 4679
974 6609
2950 3082
1693 5335
2847 7211
6649 7476
892 2934
2786 6765
3074 3413
2201 7609
5120 5850
1521 7023
3242 4221
3877 4979
3308 4338
2558 2708
6050 6970
3333 6198
5118 6053
2308 4791
2586 6074
3293 5004
1459 6053
1111 2660
2846 7143
3937 5833
4054 5712
2650 7282
1019 6470
3950 6210
3071 4320
1496 1826
1662 7591
2856 5148
1595 2961
230 7201
1987 5761
3636 5906
4607 6228
2174 3772
4070 5413
6291 7037
552 5798
1285 1754
410 5958
3366 5614
2339 5813
25 455
1931 2986
159 7560
2944 6001
2424 7128
3266 3413
3030 5080
940 5671
1100 3488
410 1050
921 955
3086 4468
3098 6918
3245 7600
453 1158
6264 6560
1207 5147
1391 4926
2267 2481
3175 5137
1017 2321
2024 2418
2444 4197
1916 4016
6166 7545
375 6290
734 6743
1584 7634
4764 5644
2259 4863
214 710
2951 7184
2399 7356
1109 2785
4915 6142
1181 4254
5278 7047
3367 3387
3326 3380
394 6511
4816 6945
907 1239
100 107
3673 5448
4164 5001
2106 4046
4406 6335
1222 4078
777 5020
2272 6358
6147 6410
1205 2413
4201 5911
4293 7131
19 281
4513 7353
3409 4784
1480 7426
3546 6542
690 1435
3918 7538
6938 7415
540 6806
923 6169
753 3089
543 3506
2517 4141
2918 3499
3790 6926
4479 4854
29 5207
3256 5136
6895 7012
5294 7051
2073 5855
150 7294
3607 3689
2141 3997
174 2449
1611 3652
1996 2992
534 2374
2810 7211
3951 7535
4580 4929
6444 6850
1251 6989
5629 7187
1030 2122
1245 6054
391 884
3929 3936
705 6798
935 7620
196 2026
1499 7630
2905 3916
439 4367
1346 3704
453 3195
2180 3409
5266 5730
85 2933
917 1449
835 5581
5138 6995
1133 5916
1421 4323
840 6060
4623 5388
1404 6837
2800 6465
5304 5414
2595 4301
1001 6248
4433 7389
4481 4935
4785 5265
1101 2702
4040 5580
1116 2143
2362 2681
6026 7075
1970 7414
1863 5593
65 3752
317 695
4113 7254
2445 3484
4493 7040
1169 4993
2862 5766
97 1956
566 5011
450 3138
1242 2651
4883 6898
717 5495
195 7116
3417 6171
431 7580
5271 6626
85 5510
1569 4595
5125 5167
1276 5506
1943 3719
3719 6990
4934 5217
3132 3784
5322 7607
2278 3793
1329 3541
1812 4720
2704 7600
1711 7493
977 4215
964 4432
1750 5611
4500 4971
6727 6804
3812 4551
393 2257
2316 7152
1731 3067
725 3031
6205 7140
2978 4878
1077 6501
2578 3864
430 4783
2493 3840
1412 5122
1408 7504
5399 6378
2998 3167
2182 2799
5144 5627
1218 3267
3219 5433
283 7112
3091 7376
1705 3971
3418 3969
355 1732
2765 6619
1593 2881
5712 6778
5474 6375
2793 4387
4467 7028
1190 2639
201 7573
928 2131
684 2624
293 2748
7471 7582
1946 7087
2421 3103
727 1530
946 5351
1949 4992
3723 4362
6379 7334
978 6202
1179 4565
2647 5572
419 3643
3723 5630
1361 3261
1273 5704
1998 4496
3614 4040
2148 3743
2797 5609
4183 4271
2207 4277
5445 5615
3068 3984
6739 6961
5616 6215
2864 3525
3258 4225
2274 3036
2619 5727
1409 2216
502 2909
5047 6905
262 4274
3518 5059
385 880
2812 5946
2986 6887
2103 4277
87 5930
3746 7481
2343 5407
2327 2763
796 5269
290 732
302 6172
1358 3494
1212 5646
1675 5769
736 1825
2609 6861
245 2560
198 3298
1612 3204
5868 6543
1147 3367
7003 7142
4097 6735
2625 4761
2195 5280
64 2446
1611 1903
6871 7604
4877 7287
2167 7189
3819 6995
3676 5239
1649 4161
683 7283
6522 7454
573 1567
3956 5665
4356 6073
513 5458
238 4417
920 7319
2734 3714
4641 5775
2635 3741
6807 7231
1165 5195
2 599
6061 6867
3757 4941
1824 2102
1540 4878
445 5680
177 1229
133 5013
423 4087
3480 4013
373 4434
4260 5192
1842 5103
4259 5386
3282 5896
6399 7298
1353 5599
2379 4936
1410 3527
5699 7548
1079 6427
1095 2337
3381 4793
2650 4809
4514 6830
883 4874
903 1861
873 4463
5422 7585
4997 6289
4588 5627
4993 5877
4024 4799
621 4472
957 3806
5773 7130
170 6034
3765 5029
282 2629
24 4399
4522 6010
2038 3406
5177 7410
5890 5998
1150 5293
5775 7139
1035 2446
4323 6733
940 4085
453 5750
3717 3935
1329 5468
2928 7052
2116 6053
3109 3738
2322 6034
864 6056
3844 5790
2637 5339
5433 6589
6284 6425
1441 4140
245 3139
1130 7187
200 5884
3671 7092
264 926
2956 7212
3433 6953
6 2791
4333 7195
1434 2339
3110 4262
1903 6010
5799 7390
3865 4879
4761 6444
796 3452
6465 6787
55 147
1190 5236
1920 3907
195 3610
3667 5494
703 3245
2988 5264
3517 5494
46 616
497 2649
2432 6767
1506 2620
2432 5095
4311 4375
3917 4504
223 3403
235 6166
31 6242
3619 4063
2575 7485
3753 5800
2203 3189
2037 3667
1743 5222
2293 2382
6495 6669
2547 5419
5577 6427
3471 6274
4062 6802
2771 7054
1615 4403
463 4188
3691 5020
2274 7108
1733 6500
999 5252
2464 2799
1705 6291
217 3808
1619 5223
2582 4021
905 5693
2147 4824
2335 5099
430 1181
2014 6143
2568 6274
280 7213
3482 5841
2734 7425
1010 5120
4711 5599
804 5917
3285 5076
1158 2531
5545 7070
669 6098
2102 3091
1694 4512
5250 6656
946 5654
652 1595
1670 5175
275 1191
2096 3564
3478 4850
2856 7517
1742 4702
2888 7514
4137 4204
5061 5907
4920 7460
5268 6001
889 7519
4511 5870
2152 6710
3734 5772
51 2371
286 7578
1841 7028
3027 3986
3441 4559
291 884
6427 7491
72 6358
525 5041
1590 3111
122 3639
3877 5194
956 6122
2065 4936
5676 7373
1935 3857
2807 4150
1271 6922
1665 4325
3385 3935
5860 6156
6030 6275
304 3794
4937 7536
3512 3622
1225 1683
1888 2573
792 3666
5727 6909
117 5227
1167 6203
656 4529
3995 4059
3636 6167
731 4956
98 289
2135 4031
1158 1758
3946 7392
932 3608
4148 5310
778 7133
3127 4780
4654 6413
4543 6996
368 3136
1663 1993
468 4121
2948 3423
3481 4580
3518 7285
1587 3115
5746 6211
356 6870
605 5769
3086 3379
4491 5726
4171 4727
3711 6850
1344 1404
550 732
2887 6908
1910 4939
330 4112
661 3646
1661 5905
43 2497
1027 2911
4758 7306
4684 6515
4101 6641
1533 5330
2355 3051
934 1107
1093 6671
569 6723
2976 7193
532 7621
1965 2444
132 5139
3333 5601
3442 3851
1476 1800
373 3902
636 2147
3071 4346
4283 6784
159 2134
201 2540
6766 6811
5913 6121
720 3531
1700 4812
1556 2445
2647 4140
3239 6040
2397 4360
2418 4416
2773 7106
1415 5267
1750 7306
3414 5304
4125 4341
2530 5675
4757 6698
1480 2636
1298 2340
2017 7381
2820 4520
4766 5901
2905 5127
4721 5483
2546 3330
1821 2384
5079 5430
3820 5907
3878 4732
2220 7023
3883 5559
4958 6882
391 6627
402 4641
37 7185
2718 7387
4244 7045
3554 4285
3210 5240
162 1915
520 3260
335 3026
1324 5396
786 1850
5483 7622
4863 6874
2498 2866
2891 6332
2536 4920
2314 5777
2849 3802
344 1450
5699 5934
4551 7631
3322 5308
4546 5795
762 4222
4123 5790
6293 6537
413 1610
1685 6622
6667 7176
920 2876
712 2901
4574 5293
704 7437
3545 5015
2402 6578
1712 1982
261 1151
2398 5364
1137 3904
2889 6705
217 4189
4888 5158
4769 6343
3212 6227
6245 7380
3342 6072
1047 7442
1104 1292
1741 7110
556 4359
2446 7481
714 3347
5766 6804
2027 2751
4221 7162
230 461
5604 7327
4627 5457
1686 6812
1719 6149
3859 4278
819 4315
6148 6822
808 5792
2146 3928
5859 6036
1445 5352
1495 7298
5363 7519
1059 4066
1992 6880
4252 5922
5515 5670
3553 7078
3241 4706
276 760
1533 2510
4054 5513
655 5092
7046 7202
2048 6482
1366 3473
1700 4011
4419 6424
3600 6911
46 4056
3931 7540
5264 5460
6552 6951
5648 7336
5230 5671
1429 4882
13 650
2897 4929
3003 4536
5709 6330
3595 6524
4656 5158
2497 3152
2742 6846
844 1832
3186 3938
5670 6183
2157 4853
1810 5029
3809 7410
1284 2054
2384 7145
1721 4942
310 5039
72 4866
3915 5161
3446 4182
946 5046
1112 6247
354 4503
2156 2202
3390 4886
2925 6188
48 121
6010 6230
1843 3595
6135 6696
4799 6200
3818 7365
4319 5458
3703 6436
1442 5975
652 5090
77 1154
1811 2975
3873 4154
3997 4931
1893 5932
6263 7610
402 5094
4100 5193
433 5176
1127 4556
4065 6038
2872 7219
4645 4765
5062 6834
78 5553
3021 3208
1768 5179
1993 5262
4640 4792
1762 5341
2134 2710
73 3717
6892 7459
4644 5685
1935 4656
5002 6652
2803 2887
1737 5570
3150 5994
3397 6624
2240 5740
3610 4503
2110 3355
6117 6974
3359 4909
4550 5544
2311 7351
526 2770
882 3712
1352 2019
1889 3103
1630 1866
4495 4654
2652 4283
2702 3290
3853 4226
2861 5061
5090 7216
6369 7103
6677 7174
244 2102
2201 4785
29 4732
127 7167
810 7537
2255 6321
391 2573
290 1804
4623 7047
154 2510
3770 6923
3323 4108
3141 7275
5975 6876
134 7018
4683 5545
3990 7050
3530 3564
3012 6013
2534 2662
1613 6228
1850 5518
4197 7105
3087 6758
1779 3368
4598 6191
1489 3787
4107 5774
1485 2911
2856 5478
1605 6637
2684 6487
2604 2713
6516 7007
5412 6770
503 6606
1951 3550
1824 2463
108 2052
4511 6338
1826 4796
1559 6137
5649 6046
6075 6943
252 4561
3527 4937
569 7546
5730 7537
3512 6398
1665 5322
4540 6546
918 7301
3391 6727
1325 2143
2102 3357
2259 2688
2280 3943
2057 7306
3283 3693
3040 3475
802 6862
2688 3854
1092 2693
2948 6014
5266 6544
1823 2263
3284 4499
854 6288
3090 5632
2820 5405
3002 3159
5482 6723
1331 5159
349 3427
5240 7470
1814 3789
6369 6679
688 1921
3346 4474
3822 7093
1741 4109
1012 4058
2880 6329
177 7064
2231 6598
3692 4290
268 2222
947 6215
2734 3320
1053 5327
493 3821
5214 6779
6684 6697
5179 5617
303 4812
2190 4200
5557 7056
2338 4137
3947 4758
2914 6986
1759 4248
4860 4905
5602 5771
924 3686
430 3118
1979 4005
2142 4207
592 3622
859 6130
3894 6218
1761 5547
1886 2855
1312 6015
2322 3834
455 5048
2184 6715
1959 5537
2054 6071
4687 5678
5563 6434
4887 7593
1509 6308
3235 4457
1721 2059
1309 6818
1152 6394
1797 5490
863 2838
796 1790
850 2141
6186 6787
2142 4806
3282 5910
443 1807
2050 5641
1102 3342
988 5336
4188 7071
911 1039
1272 4315
9 392
922 2629
3156 6779
1534 3425
5118 6601
3948 5789
922 5354
586 2587
19 559
801 2462
2685 7245
5220 6241
1312 3280
2029 4921
318 3997
3022 5894
2520 5251
287 578
2179 7037
625 6286
1536 6724
1902 3119
1195 1848
6892 7461
1926 5941
2510 3884
24 34
317 6496
331 732
2359 2577
155 601
375 5585
2008 5445
4179 5863
4736 5856
3008 6142
5740 7147
2066 5217
597 1053
3051 3474
1598 6549
1762 3512
4188 4486
2540 5703
2450 3892
1941 4174
4232 6536
2840 7421
3350 7290
1384 5632
650 2948
1364 5011
1520 3910
1847 6750
5093 7169
3264 3656
850 7340
803 2583
4377 6956
3507 7095
2925 4515
4837 4938
4638 7581
3317 4173
4011 7523
438 3247
254 3369
3287 5380
499 2289
953 2197
2403 2998
92 1002
4803 7325
4740 5344
6386 7284
5625 7414
6495 6780
759 1584
1539 4074
4543 6719
7051 7176
1725 6141
1332 2317
1396 3493
3965 6671
1947 6128
2413 3827
3866 5586
2790 6140
5631 6021
2572 6236
2508 5319
577 1626
1662 4894
2486 7615
1105 2521
2772 7487
1857 6748
1519 4345
2940 3899
4600 5749
582 2639
4274 5593
890 5801
3785 5853
3818 4644
6599 7106
6099 7215
4518 6764
2863 3884
216 2856
2194 4192
1847 5861
2051 6176
5482 6295
3678 5699
1903 2999
2653 6532
1789 1970
4721 6411
4720 5857
83 2180
158 4659
2673 5806
2583 3549
4168 5529
4404 6960
556 4597
1664 3366
2956 5172
218 811
3915 4130
1338 5991
4692 7458
610 6636
185 2798
2697 3739
3208 6408
2617 7633
227 4797
23 6013
4249 6654
1559 7610
3867 6141
2685 4376
3925 7004
2747 4121
322 3404
961 4990
1746 6339
150 6954
6069 7596
4672 7390
3206 7000
3579 6044
889 1549
3697 7357
5240 6086
2512 2580
3771 4525
1684 4933
1229 2572
5099 6177
2569 6802
4460 5408
3270 3977
755 6601
2343 3246
4084 6198
823 1134
2611 4263
3311 4392
4798 5693
1355 2380
2604 5336
749 5517
346 4804
461 6096
1541 1796
1052 1489
4449 7030
4130 7120
675 1872
1730 3092
1275 4480
3880 4468
197 5945
3 1427
5022 5217
1449 3623
5892 7504
2046 3450
5837 7187
2383 2693
4380 7249
3583 6886
4288 5955
5514 7528
274 3869
462 6070
1944 3272
1412 7067
3386 4364
711 3462
999 1725
985 6819
4050 5661
2020 6355
3243 3802
1766 1805
318 4785
3890 6846
1915 4477
320 6906
2212 2659
2891 2926
3295 6958
1240 1390
1346 4452
772 7593
1943 4663
4490 5476
833 877
3034 6703
4294 6906
942 5675
265 2723
4971 6656
1390 5598
2276 6413
2277 7225
951 1237
254 4278
5865 6197
205 6857
4240 4520
185 6284
2059 4383
626 4231
6042 7331
3274 3682
489 7631
3348 7198
7197 7482
504 1143
655 5631
1364 4743
5007 5759
2333 5426
266 1738
1446 4509
3525 3607
5598 6803
5497 7207
974 2912
1426 3535
4597 6206
807 5185
123 1847
2641 3063
3206 3851
5767 7241
5189 6789
1310 5664
4027 4580
858 7608
369 1013
1638 1716
3922 5072
2520 7266
4739 5148
577 4696
647 2624
1064 3697
4227 4473
2397 2421
594 709
186 2389
1326 7088
971 1290
607 1889
1810 4331
2777 6156
4573 7404
3509 4384
3024 5149
50 7508
1843 5918
1591 7361
654 5122
74 460
4758 6674
2714 6377
3792 5441
2969 5935
5556 6264
4158 6170
435 2941
3940 4155
4213 4635
897 6458
2433 6684
982 3569
790 4468
1061 7032
2288 4480
340 5615
709 5830
2641 4728
5593 6055
1490 7239
1954 6078
1493 4418
998 1247
142 6914
2338 7052
6321 7182
1889 4653
286 1160
462 3729
1746 7107
4823 5403
1869 3636
3845 7229
2616 5213
2842 5858
289 2573
1992 2706
602 4347
1146 6769
3613 6670
2400 5379
4098 6780
3244 5078
4531 4594
1780 4490
3088 7401
3421 5183
2898 3272
400 6178
5110 6163
1464 5871
352 3805
6203 6998
6348 6655
1288 2376
1898 7030
996 3095
918 4022
531 3381
276 6883
476 3279
2451 6856
5115 6946
942 6275
4834 5101
5668 7438
2680 6607
3115 4339
5714 6272
2876 3641
661 4974
995 4220
4019 5756
5377 7323
4172 4238
227 3096
2622 3440
540 5148
2274 4067
864 6970
2065 6103
4175 4893
3012 3550
3039 7256
78 386
3236 5550
1783 3960
120 4960
1698 2802
1234 7357
6332 7086
1944 4508
490 6803
4962 5539
3965 5116
2292 3868
1741 3035
980 4057
3079 4030
4225 7331
1918 3869
2100 2838
1300 1866
904 5766
2499 4109
4890 5052
936 2356
1468 1758
3783 5577
705 2767
1177 5515
226 6327
933 2821
1562 7211
5440 5537
146 4664
2751 3464
2815 5523
3591 7359
4680 4787
1436 3415
908 5778
391 1418
510 1096
6841 6895
414 433
854 5727
3063 7563
1884 2028
4439 6064
3094 3738
4442 5559
1578 3294
5196 7107
1950 5329
3520 7145
134 5761
4349 5497
276 3950
3251 4269
587 5029
5177 7200
4055 6916
2004 5259
3548 7634
4682 5373
7176 7330
1085 5772
6654 7489
4778 6600
5291 7642
2055 6746
3898 5718
2335 2700
1922 3850
52 7504
1654 3746
2722 6861
2398 2575
1160 3178
3923 6568
4393 5799
3398 3855
1261 6137
1634 5265
6308 6759
3509 6117
108 777
4127 4596
1643 5441
3861 5015
1718 4931
1905 4573
6403 6731
1874 4857
250 1693
2211 2745
2657 5882
4294 7556
2308 2488
5372 6129
2581 2780
3295 3622
619 3680
6531 6767
7377 7446
3285 4631
7291 7601
4402 7061
66 3549
1422 1894
1209 5127
246 4420
1129 4363
3184 6493
2942 4119
243 4285
2936 5785
3765 6153
115 688
5072 5541
1559 6663
7114 7572
312 4452
4697 5248
2686 5751
3345 5656
2046 3025
832 4846
3310 6260
2049 2810
3685 7220
125 5663
6768 7183
344 1969
3578 4463
2071 5798
6217 6877
962 4331
4803 5743
51 1739
3069 4498
2748 4032
6008 6627
3915 7015
1574 4464
2178 6429
1160 2174
5460 7600
67 1485
5699 6044
1089 7458
2022 2098
2834 3881
800 1193
244 3178
5998 6147
3180 4809
4141 7274
2234 5311
5361 6240
4240 6666
2853 6679
599 5418
2177 7563
5205 5621
2933 7490
2987 6557
1728 6573
4636 7274
954 2303
1910 5425
1605 3623
3880 5616
1548 4287
67 2076
1547 5529
4838 7316
3521 6058
2376 7502
1026 1801
1132 3027
51 1428
4496 5280
339 4410
1416 6337
1729 5062
2934 5499
2344 3649
1337 4896
45 1257
1211 1224
4921 6338
5790 6021
3083 4995
3107 6060
6729 7445
4305 7570
1067 3613
2682 5937
1201 4666
1225 7145
1034 6794
262 3327
4033 6878
1129 2051
3507 6811
3347 4414
3973 7130
5066 6106
665 4057
2417 2582
6075 6526
802 2541
6586 6864
1624 1881
2011 6365
4924 5518
1993 4122
1342 5692
1924 7142
4059 6410
252 4025
356 4962
5579 7233
2773 4232
1736 4695
1753 4339
2479 5741
6024 6733
3860 6613
1562 5906
5796 6255
632 6869
6489 7532
4092 6768
6317 6742
3701 6939
2401 6221
3476 4107
4288 5802
1723 1884
3539 5940
645 3014
3962 4491
2066 6439
1731 4061
300 4495
719 3325
3694 6455
794 3857
457 4638
387 3555
3167 4544
1059 1354
6418 6602
6040 6596
3670 5636
3209 4884
5469 7336
416 3419
4213 5741
1625 6180
5537 6163
281 3856
1775 4306
4118 6503
1459 2232
1999 6078
2324 7478
1852 3406
900 6677
464 5252
1988 4832
2436 2836
1768 5220
918 5535
167 6661
3424 5214
2515 7642
168 3085
4568 5989
130 6562
4434 5156
1214 3744
3205 4481
3316 5503
1854 7425
878 2596
1372 4104
1761 4626
1212 5319
2160 7148
3065 3067
5625 7086
3475 4288
1321 4397
1122 6477
1698 4519
2193 6693
132 3608
4473 7082
933 4592
3295 4442
916 4401
252 3277
3140 5532
2573 5247
4713 5537
3651 6758
902 3786
2922 5649
5626 6545
2945 6162
2245 5774
1427 3391
2363 4839
3707 3726
3709 5004
2526 3773
3825 7309
4887 5153
3913 5014
1090 1514
2555 3327
3811 6478
3328 5853
2353 6060
2711 5432
516 7220
3511 6123
1761 5183
1581 7578
1664 2559
1046 6365
1386 4111
167 1698
553 6981
1962 5790
4403 6293
4111 6822
2221 2793
4353 4623
2619 6097
2761 7302
4132 5575
370 2054
117 6172
1308 6242
60 6752
4061 4979
222 2496
1432 2001
3546 3798
1979 5807
1926 2002
1921 7225
2579 5787
5411 6571
138 1301
3449 5483
2442 3017
1705 4466
1178 5099
5947 6158
712 5349
368 5973
4784 5369
721 4220
2435 6899
363 1082
238 1537
121 4576
519 3212
3264 7046
7156 7512
890 5635
3229 6707
292 2173
1939 5549
2609 3334
3720 7104
7392 7551
466 4340
3861 6204
305 3906
4360 7015
2579 2706
2203 2471
825 7419
21 924
917 3984
4016 7449
4828 5547
2688 3523
135 3902
3472 7176
4097 7194
4015 6503
191 4527
2474 6238
1339 1825
315 2819
6582 7281
1615 3358
1606 1958
441 5151
3198 5341
5096 7273
1469 5506
3554 6003
1567 4260
2390 5534
3045 5374
935 5377
5943 6138
3034 6181
2478 3563
604 3770
5994 6349
1817 4119
1910 3814
5494 6146
2476 5644
3487 3661
21 940
240 949
5855 7241
2062 6372
6626 7124
56 1315
1521 5060
2025 4040
3639 5459
5608 5903
521 5737
1356 5812
1973 7337
2195 5766
4003 6852
1821 6943
1285 5770
5887 6443
5198 7242
2865 4621
1024 5059
3284 6648
2232 5114
4080 5825
4519 5001
1804 7293
2268 5568
889 5093
4928 7077
3506 4996
4743 4748
3258 7072
401 3900
2860 4560
4528 7306
2127 4479
4328 5114
1888 7458
284 2380
3389 6430
5435 5452
2640 4693
956 6914
5313 6828
4387 7071
373 1377
4109 4227
2777 6907
5728 6060
3307 7019
5293 6481
3921 6859
768 3311
607 5951
3280 7519
2364 4333
3908 6496
3019 5268
3045 3455
1853 4391
1817 7062
2141 2150
134 2412
3960 4207
476 6403
2778 7404
1011 3129
427 6625
789 7565
2936 4796
591 1833
3195 7012
4402 7570
1908 2965
4425 4897
2675 2734
1346 6978
7178 7438
2368 2522
2209 3240
43 2969
13 693
2671 6241
4784 5388
941 2117
2686 3408
3883 7434
2966 5256
1154 3988
6821 6888
23 4996
1656 5706
988 6756
283 7085
3707 6658
1336 2882
1775 1967
1759 4436
4471 5654
10 4880
2107 3267
133 3756
5454 7329
5050 5941
3099 3525
3075 7566
744 6267
2489 6015
702 3832
488 6921
4568 6701
1001 4421
3649 6817
4576 5249
1684 3523
670 2649
5675 6984
107 6567
3544 6589
2537 5104
2021 6817
215 3114
2234 5818
628 4870
1014 5918
1805 6036
1413 7159
1755 2241
1514 2929
792 7450
5214 6412
6599 7527
839 867
1929 4047
3072 4420
5 4650
1217 1253
5845 6998
3232 7265
2659 6466
2197 4017
1719 5119
1105 3680
1127 5815
1645 4289
157 3854
5037 6911
786 1719
1533 5411
3742 4106
1156 4952
1226 7526
732 3648
3531 4833
6289 7238
5645 7420
3466 6872
3305 5487
4811 6352
287 3924
115 4035
151 5631
632 1535
2970 7564
974 5846
325 7490
2852 6868
7156 7379
3852 6041
1806 2647
1094 1578
180 811
1698 5049
3884 4108
3786 5559
2875 5896
583 1052
818 1705
481 3312
3639 3726
4339 6200
2154 6805
415 2577
606 5975
960 3241
3745 5885
2928 4577
939 3695
1046 6103
2831 5136
4070 5953
1356 5384
6371 6560
6268 6550
5654 7274
298 4395
1070 1359
3925 4436
1163 6598
1107 2107
468 4562
4687 5384
3039 5980
1755 5411
917 6207
220 4950
2738 4387
758 5345
890 4925
1177 5964
1979 4597
5945 6052
5082 5445
1154 2368
1727 6217
725 2326
3064 6405
5597 6817
3182 3982
241 4639
941 5928
900 1999
1467 6065
5507 7472
268 3024
2390 3594
142 3077
4157 5772
1066 3782
4845 5220
3137 7276
2076 6882
1534 6657
4790 6807
4099 6810
289 6354
126 7518
1613 5562
2189 5003
3452 6408
3886 5914
1779 1892
1614 3781
905 2018
283 6682
4542 5100
1819 5421
165 7220
1649 7334
101 2648
554 3809
773 5704
1392 3800
2225 6541
3139 5447
627 5849
1625 2328
2492 5212
4518 5273
2142 4061
3229 3737
1558 4695
1762 5611
1199 1542
1611 4908
1677 5339
638 4198
1666 3917
3882 4499
3229 4157
174 721
5757 6333
4471 7372
1467 4553
3802 6374
721 3525
4314 7202
3862 6298
4176 4212
790 941
6544 7262
17 924
427 2782
156 5442
504 4922
572 7435
2274 5748
707 2596
848 5545
3449 3534
1094 1690
352 6047
82 5590
3634 7303
3386 5160
6138 7412
1550 4604
4911 7446
4877 5846
2902 6931
855 6121
197 3240
1937 3346
3335 6932
1236 5001
263 1386
1945 3873
4253 6062
1535 6351
4136 6316
168 5141
3995 4880
2247 5846
4705 5812
2351 2654
4046 5292
3734 6142
26 6611
371 2664
3231 7403
1168 6054
3008 6602
631 2240
5584 6039
1479 4305
579 1660
1934 3106
4152 7592
832 7146
6246 6356
3557 7444
235 6394
820 1650
262 4714
2995 6082
2323 7053
2047 3864
3920 5826
4579 4844
1748 6857
4543 6684
1287 4905
2701 6207
5766 6867
1282 5377
1074 3603
4797 5033
3324 6542
1227 4559
877 2382
6477 7395
5918 5964
2020 4092
2575 7536
2186 5544
1142 3174
5736 6007
283 2532
2770 2903
2938 3122
3287 5354
4905 6448
213 5080
1004 7287
2814 2835
624 3555
2580 3869
1191 6346
518 1297
620 3378
3453 6466
4797 5564
85 3578
567 3902
1123 6693
3783 7113
6318 6983
5038 5699
6795 6946
3946 5549
1849 2116
6370 6926
357 3139
107 1243
926 3910
2338 4967
2471 6374
452 2706
6464 7295
622 6124
317 5547
4458 5945
1870 4263
439 4824
5373 5972
5718 7427
4680 5992
1230 4339
3937 4040
186 2608
2801 6318
4547 6790
119 1061
4279 6467
2324 6131
3895 5312
95 5774
2140 3931
2648 4279
1878 5894
144 929
1993 4411
6408 6529
534 1195
5425 6763
4618 7009
24 5649
122 2301
4109 6436
974 1299
4706 5292
896 4065
5738 7387
1200 1704
6048 7538
2947 6421
575 1028
840 948
2613 4393
5489 6840
51 5994
2762 5959
1126 1606
1812 2104
296 3405
6991 7261
824 5164
647 6181
5716 7417
4315 7584
3098 3311
186 4333
211 4789
214 3066
749 2074
6160 7538
4116 7366
2456 5256
2637 3662
254 2505
780 5388
1063 5231
1100 4722
2845 6251
931 7117
98 7405
5704 7366
5585 6812
469 6537
661 1789
244 1944
4140 6613
4722 7059
409 2031
3650 5989
5095 5602
502 2546
4629 5122
805 2692
2832 5063
2315 4410
4877 7261
333 1815
2676 7320
3399 5420
2176 2546
5562 6498
5931 6911
1802 4451
2295 6681
2161 7481
473 2785
3606 6524
3406 3581
1975 2518
1090 4979
437 2976
1442 1471
169 2213
6478 7113
759 7456
5997 6718
2962 4669
3095 4972
4108 5233
847 6105
308 3913
916 5477
1119 3714
1083 6151
3166 7582
5644 6388
812 4216
4247 5183
1801 5909
831 2971
1191 3475
2635 2762
1656 3197
179 5993
1617 6544
5232 5656
540 2756
194 2480
2114 4224
1879 4811
4348 5315
2366 2997
654 1519
2025 7125
1007 4076
2560 2856
831 6342
2007 2839
3531 7501
604 7397
2400 3309
1766 1934
3021 4073
5204 7321
3256 5202
4477 6380
7105 7523
1477 6882
4556 5416
4890 5962
3361 3911
1393 3331
7440 7573
407 5621
5727 6576
1051 3989
3561 5069
598 6497
3133 6716
557 2550
1819 2136
5192 5849
2253 2548
1212 2379
1018 2704
3189 4811
2185 4178
42 2508
130 3568
3420 4820
1584 5008
165 5210
3714 6225
918 6999
5977 6102
164 1475
2076 3256
531 3239
543 1896
5690 6361
27 2978
6510 6530
1597 1724
4436 6252
539 2491
2832 4933
4496 7084
3977 6066
4963 6975
3249 4986
3356 4954
810 4483
564 3529
29 6537
2103 5537
3425 6797
2804 4446
3977 6853
3380 4740
2098 7577
504 6423
843 3293
552 2611
1074 7331
2508 5650
1899 6034
201 4556
1513 3495
3247 5543
4758 6825
2428 4801
4249 7350
2930 6787
170 434
798 5547
1026 3284
1607 1889
4208 4972
3918 7301
2581 7178
1993 2990
4403 5960
3632 6052
3108 4422
214 5864
1972 3492
2857 4944
3654 4987
3008 4157
2679 5992
1817 5213
33 4465
2938 7172
760 6051
1538 4755
3024 5734
2930 4545
577 6779
238 475
2454 3362
2280 6551
3775 6728
1761 3458
2445 6620
2821 5119
193 1222
2671 3862
3909 5741
963 2929
4900 5938
6119 6208
4645 7601
4788 5766
1735 3607
2807 5182
4895 5050
27 6734
2437 6207
3010 7626
2011 2385
2158 4664
4861 5595
1410 2799
1676 6635
2651 3677
410 4259
380 3949
993 6191
2804 5378
3949 6840
2389 4883
2637 5944
1345 6479
140 7410
4238 7359
1316 2755
752 1064
3053 7385
6167 7423
6620 7618
2115 6768
354 1140
1943 5884
5693 6459
2157 7460
1420 3926
2539 4616
751 1993
3446 4504
7033 7282
428 6951
1916 2115
1973 3914
2320 5815
1431 6376
5331 7460
4680 6788
324 383
1003 6353
615 5687
5340 7625
1036 5288
471 7217
187 4470
503 2863
917 2945
1361 3661
1150 3923
2129 3622
4814 6086
4198 5174
3999 7414
5736 6131
417 5027
2710 6940
993 4619
295 3313
2595 6793
2070 4493
6770 7570
34 5763
486 7364
5877 6717
2137 5894
6330 6428
2218 7077
1396 4761
5208 5376
1907 4522
1158 3756
1456 2553
1963 4366
6152 6992
1860 4567
287 487
825 1925
5072 6720
4290 5835
2361 4011
85 1932
166 7388
3740 5647
578 3190
523 7483
4942 6065
3777 6824
2198 2260
2011 7634
4060 7020
403 4069
5009 5465
820 5896
3193 3885
2292 2729
1741 5728
3239 5411
1750 6748
1871 3136
4627 7328
3837 6269
4474 7318
1088 5860
3183 7593
569 1020
5647 7417
4496 5385
3797 6486
1509 6086
7127 7204
1423 4526
5579 5687
2855 3653
5012 5733
3372 5617
921 5693
2548 7456
891 4409
1978 2038
712 6768
84 1007
1899 4691
214 414
838 7594
6903 7529
2238 4681
342 3356
3234 4059
1356 2756
5070 7310
2303 4589
879 1409
6209 7168
655 3445
3758 4450
2639 6290
2943 4859
206 6227
4837 6229
3586 4167
1581 4776
267 284
2732 5708
3373 6029
0 1773
5058 5294
652 2517
1083 2350
1182 1821
3864 6842
234 468
3353 6732
6120 7074
2218 3342
495 2841
3362 5520
2821 4251
1478 1785
3594 6900
433 4347
5265 6768
1459 2982
4142 6721
5345 7364
965 3953
3113 6628
4855 7495
1670 2758
2974 3332
957 7375
4474 6796
2293 5155
3953 6537
3001 7029
6123 6971
4498 4646
2614 3256
2757 3327
582 7215
2983 6165
5013 6416
2525 6085
302 1296
1361 3518
4295 7531
1506 2698
5902 7319
1879 7241
3546 5812
6419 6735
2581 3268
518 6598
453 4425
4196 7038
2357 5807
535 1245
2029 6317
2522 7097
1656 2709
1553 5511
2554 3550
3310 6022
3789 5754
5081 6348
3538 5868
844 1669
3739 6752
3482 6983
3362 5924
266 7254
4294 5494
5533 7000
70 6203
125 4576
2762 5412
4126 6165
1117 3514
2051 7062
1498 5838
2350 5576
1233 2028
4264 6796
2414 6119
809 3742
4421 7142
487 4758
120 4546
127 2469
4509 7030
990 1762
792 2084
3486 6963
4839 7521
272 6437
5755 7089
3032 3040
2049 6335
5412 6174
2558 4015
5257 7230
1640 1660
4255 6304
941 5481
3 500
2161 5357
2420 2706
2207 3352
800 4453
3111 4849
1655 7117
3161 4604
2185 4855
712 1684
596 3195
1479 4105
1772 4634
5619 6887
1624 1870
1056 4166
763 4077
4982 6371
3201 6244
5997 7368
1205 2006
1242 5555
3885 5196
4699 5340
719 1471
6261 6522
4874 7064
5702 6149
417 3423
2155 7123
5215 6588
4735 5637
557 4784
781 7195
641 7312
2317 6172
115 2594
5149 6625
2752 4449
3375 5835
5030 7284
3809 3909
219 1423
3280 5031
6417 7344
460 4112
3691 4573
2306 4000
3858 4579
6269 6744
3622 3744
267 3979
324 1328
6435 7565
2273 7327
4756 5779
3924 5902
3567 4976
6198 6960
281 751
1383 5911
926 7512
912 1061
5735 6071
1488 5928
2360 4530
5385 5645
376 655
4232 6420
1488 4506
4699 5455
471 6046
929 6815
568 2774
3229 6079
899 7607
6418 7201
6264 7340
6951 7442
1958 5685
3784 7349
674 3663
3500 5149
4336 7256
463 2098
1258 3139
3838 4831
269 396
160 1682
5888 7073
4754 5313
881 7041
481 4017
1824 4362
1109 2429
5575 6174
702 1604
3887 4418
2250 7142
3142 6896
1239 3648
3766 5019
158 1084
4301 7067
1629 4886
5453 6297
1486 7049
76 4280
2555 5462
212 3647
6381 7457
3866 5428
3388 6085
4267 5373
2788 4133
2366 2387
2615 4105
2859 5497
2641 6618
145 7420
1378 4738
1093 6483
158 3540
3356 4650
3669 6954
3107 3378
4960 7364
1562 2440
1892 6099
233 6260
2382 4357
5972 6022
1868 4634
35 2843
4072 7600
961 4379
150 4048
5246 5322
552 5688
1445 4619
5813 7408
805 5273
622 4400
1438 3098
1903 6008
4443 7507
200 1507
442 1673
134 3805
3800 3960
6390 7301
1450 7021
2392 4585
3977 6787
1507 4760
1211 6803
4944 6629
2247 3449
2294 7179
1091 5987
3834 7345
3199 3648
1796 3014
3842 7219
1060 1151
2120 6246
2102 6494
3499 6926
4507 5354
763 3664
6153 6552
4447 7415
4412 7219
1764 3667
349 1995
5246 6805
6774 7498
2491 4573
4647 7353
1396 5343
4796 7361
213 1523
4475 7070
1511 3490
2423 6071
5319 7577
5367 5924
2738 4674
6069 7594
3252 7260
1202 6059
1807 2661
1514 5202
912 6292
4884 6617
3399 6456
821 6137
2334 6267
440 1688
4790 7307
0 7319
1783 4401
1134 6404
1757 6649
2030 7593
94 2848
3420 4681
7480 7615
3477 5288
514 7441
308 4545
2375 4981
5010 6806
325 1562
2644 4862
1209 2178
5363 6540
1378 6173
1268 1631
2458 5165
4302 5964
6968 7218
1720 6138
3723 6330
1571 2411
3358 5740
1539 2054
3726 4574
2438 6935
5087 5418
2166 3875
3912 6189
2937 4090
2179 2206
3714 3734
6529 7296
2831 4420
1622 3543
2432 5736
2541 3796
2995 7141
2223 5049
922 6203
1023 5132
6482 6634
4940 5952
4566 4898
4058 7004
838 2245
2177 3078
1696 1854
4555 5357
3079 4340
1547 4075
436 1612
3380 5308
2514 6692
5284 5712
288 327
526 6456
1565 7084
1376 4983
1135 6266
2728 3137
1539 2268
873 7034
397 4528
767 5419
1998 4747
402 3301
2047 7242
1290 3027
1376 6836
6293 6743
5826 6170
587 1203
92 4859
774 849
3284 5024
1603 6234
2281 4930
6 5787
3683 7506
4593 6678
1636 6957
4539 4740
2683 4501
217 2588
444 3582
1792 3144
1276 7225
2442 5990
5810 6236
947 3192
1733 5819
2573 3883
1448 6396
1755 6993
717 3637
2179 6570
1658 6332
2959 4034
2307 7085
1321 4795
2120 3740
2453 2574
6 2020
3966 6105
1486 7210
4436 4736
6026 6681
2834 3626
3835 5111
924 3320
5305 6284
3929 7083
264 3316
2421 7116
496 2449
909 6432
4357 7163
4551 7092
818 6320
1548 3533
4228 4991
856 4099
485 7056
3259 5977
4790 7050
2128 4820
21 6119
2359 6075
4656 6992
3161 7598
1760 6864
292 4119
2608 3626
4044 5878
1576 4166
1783 5529
2812 4789
3673 6762
2341 2367
4296 5632
417 4098
5331 5397
3983 5684
620 1825
315 5604
5604 7190
5678 6581
292 3102
5508 6926
791 5168
3621 3754
1017 5047
2852 4090
5326 5762
1351 3370
382 7210
5622 7105
2197 3095
856 1186
1501 2189
5817 6203
4870 7384
5926 7468
4100 5215
2204 6284
1637 1892
670 5695
588 3103
1533 6201
2658 3418
4849 5730
2714 6821
3464 6360
68 823
3439 3550
4190 7161
4593 4698
4609 7268
2488 5927
2961 6326
2937 4458
1677 6146
2234 7510
3720 3811
4301 6942
5852 6556
1536 3209
6333 7389
2372 6005
6224 6503
1420 7378
3239 7133
1220 3682
1921 4744
1116 2982
1605 6231
5820 6137
6161 6205
3721 7636
4504 5590
1606 4425
4913 5567
3624 4880
1783 6828
1626 2173
1265 7324
474 5990
4357 6695
148 4656
1619 6651
4153 7567
105 838
3720 5188
2114 2896
5056 5758
4947 6243
3873 7268
2331 5958
5410 5911
293 2988
5747 6080
7175 7559
989 5052
3508 6893
2804 5328
4756 6025
874 5636
1533 2948
1940 2327
4683 7298
640 2403
1359 7062
4662 5328
1701 3427
3635 5456
2681 6323
5517 5626
968 2487
4858 5597
1218 6853
1217 2865
4767 6331
3385 5058
659 4780
124 2443
449 5146
1346 6172
1783 4321
854 3856
1971 2252
1873 6769
2780 6646
2919 5917
987 1244
2661 6691
6091 7248
5876 6250
5548 6006
2736 4835
3049 6292
61 4663
827 3873
1864 3957
1789 3305
491 4843
1178 6312
854 3135
3332 4747
3555 4233
3623 4338
2 4902
3343 6884
5511 5553
690 2426
5213 6723
4172 6355
4065 4214
1069 6898
1825 5594
3017 6524
4920 5654
1881 7026
3664 7184
3257 3301
963 3007
1214 6261
3261 6734
4334 6251
3525 5821
841 5856
1645 3283
850 5852
2272 4667
4981 5651
822 4611
414 515
3599 3703
2258 6875
1329 5478
2911 6903
873 7460
4715 6417
1217 7003
3777 7061
3525 5544
1401 4978
3465 6459
700 6243
1580 5361
3246 5241
1213 4741
2223 7552
2174 3147
6296 6593
2238 3236
6543 6628
1228 1407
1795 7538
618 4719
1021 4195
1231 4143
2648 3259
1908 4875
112 129
1882 5662
5824 6006
1218 6896
2103 3348
2939 5640
1771 3077
1294 5784
1054 2702
658 3225
533 4999
3699 6376
1656 6724
2324 6211
3774 3901
184 4173
2872 5653
5747 7330
1628 7430
1781 5686
1558 6937
1424 4494
2762 3916
2394 5676
1633 5705
349 5926
3103 6829
5122 7466
2169 5778
5478 5805
3386 4215
2313 5017
1606 3153
2137 5447
5336 6327
2064 7551
4904 5385
2528 3888
2376 7484
1734 1815
3957 6860
102 4199
1866 5775
6802 7409
3147 7075
2194 4143
3325 5692
1485 5961
4352 5482
1203 3904
2161 3281
4200 7162
261 7315
3504 7368
5658 7620
3338 4276
2366 2948
2471 7048
4323 6288
4570 7012
2294 6288
3048 5990
1927 6654
591 1037
2369 4074
3589 7104
1799 2170
4439 4619
1869 3386
1212 1974
5286 7056
142 4004
5486 6543
3608 6333
3951 7279
784 4053
6107 6893
1282 2859
3555 5254
1204 2234
1877 3165
1485 1923
1019 5150
740 4576
837 6593
2908 4941
4009 5177
1516 2100
3942 6375
6488 7070
544 2285
300 2235
4550 6029
1954 6738
3945 4457
3329 5822
1978 5491
3460 6503
4187 4783
3346 7340
6209 7332
463 3787
1 1659
5307 5325
4052 7308
757 3716
789 1204
1734 4577
172 1801
874 2903
6081 7596
2973 4107
492 5926
4398 6963
3207 7503
2799 7508
1317 6616
641 3835
6726 7133
4371 5538
1537 7030
2783 6824
4629 7003
2223 6138
2511 4485
5996 7467
67 7456
4267 6370
3724 6966
3248 6891
313 510
1650 6549
2898 4325
1289 3338
2407 4369
717 5446
3048 6601
3305 6783
573 1291
971 7481
422 6073
819 7438
1563 7478
1481 1745
798 1122
372 2378
4357 6303
1987 2796
2100 6893
2613 6364
920 6019
3082 5178
2465 7528
3825 4272
1233 1812
1003 7538
4183 4656
1008 6208
2661 7460
1684 5682
3482 4583
1403 3203
1728 6711
6298 6446
2626 3969
26 1099
10 3991
1751 3558
465 5134
4009 6056
957 5857
2839 6102
6906 7381
4970 5387
4704 4836
848 6077
323 1754
311 7515
3122 6679
660 4607
4473 5738
5115 6968
2441 4734
2965 4039
2400 6817
410 1235
1068 6870
1754 2205
4264 4925
2041 6595
1457 1822
2049 6753
456 3084
3207 5110
639 5606
4612 6838
2500 7637
3034 6151
6120 6192
221 7056
2597 6654
402 7585
4264 7179
2293 3208
3682 7592
6002 7618
1227 3051
434 6534
3363 3882
3064 6220
2138 6130
1476 6939
1112 5625
2993 7088
3356 6043
1922 6385
2341 4845
4937 6945
997 6282
2333 7187
5883 5893
1303 3165
4936 6516
1678 3800
978 7385
4382 5100
350 1441
383 7448
6794 6798
1486 5115
4291 7036
573 3398
401 1579
1441 5137
2870 5395
1785 5326
2941 5015
3353 7519
629 1595
1323 2201
2044 6847
6065 6244
237 6794
283 1353
1635 4835
178 1031
1704 3837
2161 2860
595 6586
4457 6571
1893 7503
4852 6332
2431 4035
1612 4315
6489 7455
940 3113
1111 2716
6185 6736
3956 6778
3122 6693
1172 5368
585 5354
33 5629
2463 5899
3733 7220
2233 2344
2534 7336
4008 5049
769 6435
635 5430
2322 5344
4715 6547
345 1781
922 4909
150 6579
1923 5887
610 1730
1018 5419
1751 2959
2685 6777
1813 6684
1056 6721
2964 7527
1755 6752
1510 2142
1006 1707
566 1892
2524 3871
2244 5501
3052 3603
1166 3243
69 459
1278 1375
2924 6697
3521 4878
1015 6011
5194 5556
20 3546
3003 6523
2149 3416
1592 5982
2651 4094
4204 5394
783 7153
908 5403
6062 7212
1617 7182
1139 2105
285 4326
626 2215
5307 6364
2229 3391
6004 6897
835 2985
3771 5631
4059 6039
1778 6764
3525 4928
6170 7152
664 3130
3122 7031
164 1457
14 6979
158 3630
6445 6768
148 5382
254 4132
2590 5565
2039 3607
2864 7512
2256 5759
6254 7456
2070 5294
1781 2664
3384 6583
229 6193
2557 5280
4947 5391
2653 5082
1011 1378
3096 5279
2937 3365
5066 5307
1270 7296
3062 5834
4250 5939
1222 6518
944 6313
2102 7104
2334 3722
628 3169
6909 7165
2469 4178
2013 3852
1733 7563
5392 7029
421 5294
921 3939
4768 6168
1310 6348
866 5651
5461 6056
2309 6429
5317 5848
1629 3842
2172 5455
2173 3491
4844 6381
1028 3832
615 2956
3927 4149
1888 2283
4082 5506
2756 5479
2060 7550
879 6744
5304 5865
2979 3462
1577 6317
103 3234
1849 4611
5858 6686
339 6843
2583 6724
5877 5898
6124 6916
72 2736
2671 5267
3797 6048
4319 5495
885 1894
4519 5511
3522 7487
2373 5939
4305 4639
1166 2687
1989 4114
2527 5255
4368 6132
3723 6713
7487 7649
6313 6327
2123 2901
1531 5281
952 7313
1357 6350
3320 4428
2947 4235
6783 7300
6595 6795
1040 2443
912 5502
3916 4140
1142 7464
1844 7364
3016 5379
1578 6599
6342 6998
506 2645
2423 7062
1928 4956
1962 6996
1277 3844
2492 3761
1141 3203
3600 6450
2867 3978
1585 6467
1267 5165
992 7449
781 7266
4716 6214
529 4220
4694 6020
3309 7597
1744 2781
1307 2410
547 6218
1251 3130
2208 2460
66 750
3659 5839
4393 5168
1437 5891
1987 2262
1327 5678
5089 6640
2826 3706
3320 5226
82 5578
4351 4388
2919 4255
1313 3905
5099 6682
4358 7608
4103 4813
1186 6741
7393 7537
211 2163
5482 7265
1157 2842
2509 5368
4547 7198
979 4394
3108 4774
3378 7579
581 6657
695 6845
684 4282
378 2216
44 1096
1525 2779
2013 5906
1583 5180
4650 6617
303 1870
4417 7581
5041 6526
52 4955
4740 4778
2280 7156
1792 3684
1776 1882
4838 4945
3503 4209
5137 5340
1591 2270
2130 5920
4567 6728
684 5447
1986 3224
4784 7538
2891 6626
175 4296
1732 4006
3998 5589
3680 6858
651 7431
244 5431
2386 2415
1615 2775
2247 3925
2421 5430
1729 4985
654 1622
1317 2000
748 2685
3339 5520
1012 4767
3653 5803
772 2287
4340 5380
1750 2718
252 5087
6120 6575
2764 7193
1863 5651
993 3779
663 1639
1586 5250
5034 6409
1435 3354
5626 6024
2744 3237
4895 7055
1505 3075
821 1085
1391 3224
1251 2676
1489 7573
4889 6603
4029 6436
1961 5042
2002 7391
2637 5204
4834 6050
7310 7382
3770 5160
2951 5861
2502 4661
261 1938
539 6792
4050 6458
2410 5543
4941 7120
2503 3809
792 3536
1718 4605
565 6483
4934 6346
1327 2226
3313 5601
4285 4367
475 5258
2102 6810
2835 4562
932 5053
4598 4912
5945 6452
2120 4637
1539 3459
148 3634
2319 5062
1232 6175
621 7485
732 1975
380 489
4170 5228
288 2304
3201 7555
4709 6188
2317 6060
4314 5593
5664 5843
5028 5473
2482 6916
4448 5746
2672 6788
2166 3539
997 1333
4231 5214
3411 3460
3261 3460
654 4258
4144 7209
4802 7612
4241 6119
2751 3815
386 5456
4094 7615
285 3578
2049 3500
5314 5315
2247 6627
410 3706
1447 3333
2062 2293
310 5876
2714 4811
879 1241
821 4465
1630 5698
1023 1044
1735 2036
4513 5145
2831 3857
2760 7198
3539 6157
2660 4016
2426 2894
5003 5186
3698 5375
1889 3474
5345 6422
1546 5290
1687 7156
4563 6610
3454 7131
1425 5306
983 7240
5951 7182
1808 5213
2055 6238
263 2895
313 3351
3656 6047
800 3262
2903 4553
4659 6272
2798 6856
346 6160
2137 7330
5123 7410
323 3568
2689 6041
1728 7551
6981 7529
542 4041
2650 6163
1238 5556
1208 3149
4897 5737
2771 4677
5821 6717
2049 6395
4095 5077
3110 4501
786 6427
6011 7021
822 3709
1054 4310
566 1955
4827 6515
1244 5671
1934 2183
2267 6268
148 6092
3472 3794
2915 5869
5117 6583
5906 6437
1861 6606
1843 2843
1043 4864
4652 6719
445 6887
670 2133
3701 4270
3446 4026
1903 4486
18 1964
2162 7593
4692 7042
2 1545
19 1846
1226 5686
638 2583
1495 7573
1665 2967
1123 3276
1066 1321
5797 7515
1084 3686
877 4321
2199 2465
2414 3292
805 5010
4669 6347
107 5844
2047 7090
6275 6547
4311 5470
2430 3554
2717 6976
3631 6034
2011 2286
254 898
231 2664
6263 7563
3999 4804
628 6030
1000 1526
2759 6079
2054 4945
743 1404
2696 7391
5572 5947
2003 6635
2249 5396
5589 5782
1894 6750
4230 5295
5001 7023
3216 4577
1939 3856
1446 5057
973 2953
3668 6930
3199 4304
1676 6599
2223 4644
4070 6064
354 2176
5182 5306
708 5684
1100 1390
4542 4662
196 1517
122 4160
4911 5393
1687 6522
3207 5475
1481 2158
1318 2837
1279 7158
1247 7555
5052 6585
2303 4516
1747 2625
4331 7106
498 1737
1779 6512
4513 6255
2464 4516
4561 7244
2880 7490
3158 3346
5523 6043
3636 7558
6531 6925
1188 6176
4200 7122
4797 5042
1200 2088
528 2745
3431 6638
2090 4902
7306 7470
2373 6397
1067 2592
1909 3253
2496 5799
5211 6966
1255 1709
3567 6259
2484 3218
2027 4019
2297 5203
1199 6305
4145 4605
1894 2867
1375 6170
4823 7042
144 3815
1928 6620
264 5710
825 5534
435 3033
3413 3798
632 4395
1144 2721
3268 6406
355 3981
6158 7375
4448 5708
1053 4739
6972 7066
2233 2632
5908 6124
3402 6579
1355 2390
355 1847
3921 6658
233 1159
716 7546
30 4219
2032 6101
6620 6949
165 3572
3315 5902
3656 6819
5562 7269
2240 6891
1083 6088
650 2807
6767 7380
6548 6628
2881 5765
2699 5400
6018 7425
1849 5117
3400 5926
1969 5479
1607 1810
5604 6135
2049 3822
1108 5592
5893 7046
1776 3127
6172 7224
5442 7579
2125 7032
1586 4888
5049 6613
2329 4750
2295 6863
167 3332
1971 4161
994 2972
942 4937
5818 7068
3221 7174
339 3017
2729 5128
1950 4784
5512 7555
4624 5801
3742 6191
2479 3724
1546 4185
5337 6099
876 5699
1291 4386
1120 5807
516 1899
0 2704
1921 2956
2581 3636
3789 5860
7212 7553
859 1538
1392 6724
5471 5969
3458 5443
141 1926
2474 3757
1269 4212
2929 6058
1663 5748
1731 2718
3911 6926
3925 4766
4852 6625
3943 7389
2262 3094
3341 4124
6585 6716
1032 3184
64 3386
3807 4359
2100 4855
997 7315
156 279
3323 7490
1200 7568
1965 6181
2566 4786
3598 4787
1421 4487
2897 3261
2124 6497
255 1022
6004 6477
4813 6730
2727 5263
5072 6277
2483 7079
1049 5632
1702 3040
2795 4983
3445 3707
2327 6733
2189 4943
54 1951
1439 4578
4827 4881
1868 4990
399 4669
990 2987
3553 3818
586 7476
6939 6957
5228 5750
4698 4785
4376 6883
1309 6751
1120 6104
2777 7482
1460 6912
272 7584
4402 6903
290 2774
330 5207
522 6107
623 6587
673 3908
6103 6295
2768 6445
1443 3063
1250 7220
1793 6511
3478 4946
1149 2762
3698 5007
615 7082
2872 3193
1183 5692
1655 4851
2509 4035
404 685
2301 6266
1010 6978
1805 6968
524 2411
1906 5548
3781 6868
2140 6530
2426 6063
2751 4887
4385 7439
5921 7033
2756 6715
4105 4635
5731 6404
2130 2553
2177 5971
2303 4874
1460 5541
4057 5927
3395 5736
3052 4634
162 4907
1828 4705
1051 3188
594 1650
229 7414
7289 7599
4422 4802
3559 3667
214 3739
2204 5853
2843 6846
2831 5179
1419 7639
1233 2819
5550 6500
38 1985
999 3539
1976 6353
3533 4204
1385 5327
183 3762
2618 5722
312 6501
6833 7181
1171 3827
1220 4473
2001 5849
939 4457
2748 3154
789 3221
2373 6117
1103 7161
3785 7079
2156 4729
251 3248
1358 2209
1023 3658
2771 7176
3801 5997
776 6220
33 4616
3020 5116
632 3477
2636 5368
4901 5435
895 5713
4019 5967
1179 6554
881 3701
2617 7315
3273 5457
2971 5739
130 966
857 3962
3310 3802
3277 4779
970 1232
2388 3069
350 1604
2392 4863
5881 7121
3153 6094
660 4988
506 1208
1008 1012
37 5017
386 804
3954 6932
1301 2958
2124 2978
1901 5707
4100 5086
1683 6129
2400 6505
4017 5772
2810 3797
376 6785
5538 6025
1847 6259
4591 6165
1518 4308
1339 5273
336 5741
1206 4169
1605 4354
322 7091
704 2762
3924 5981
6280 6905
2000 7000
819 4793
3737 4948
1878 7326
1235 1297
349 7565
1593 6810
6543 7203
6501 7386
938 1019
2316 4121
2194 3772
309 4809
1009 1609
5701 6672
319 3156
1175 4760
5049 5294
6074 7079
1467 3586
2062 2568
828 4325
314 4725
2443 6945
1240 5703
134 3613
2579 6187
1781 4513
1744 5198
3613 6007
22 1264
1951 4701
1112 1150
891 7224
4653 7273
2483 5421
1987 5432
1640 5579
675 5496
1582 6371
1273 6226
833 7181
452 4415
1477 3472
820 6839
1382 5389
1624 2486
5781 6215
3645 4335
1126 1362
1186 3386
2816 2854
305 1943
798 6304
3276 7072
5595 6160
1654 3289
3415 4936
3168 3790
2359 5337
7 5880
3705 5919
190 4232
1963 4439
2387 5628
460 1169
1998 6997
1812 6586
2272 6104
2955 5843
422 708
38 932
252 3406
2999 6685
2498 6715
1311 2061
1205 1244
1193 1868
2279 5585
1035 3831
1064 6159
4113 6449
165 1430
641 5469
3197 4566
873 3646
3762 5510
1182 5216
1764 4889
1133 2506
5845 6627
2341 5629
2534 5141
3054 5830
5860 6170
909 6705
1892 5310
1966 7620
3003 7443
1976 6672
1603 6485
5262 6394
5305 6223
4729 6526
946 3299
1229 7155
4121 6241
1244 5781
5 6065
354 6794
3497 7447
4642 5658
600 3052
2145 5769
1253 2678
6891 7329
4694 6093
193 2261
5867 6581
1228 6976
1871 6891
333 5635
125 4602
1177 4031
1615 5968
508 4682
1255 6887
2660 7091
3026 3166
1595 5097
3557 7520
3403 4570
1762 2664
2513 5410
3375 6986
360 5219
2490 4870
2504 4898
4065 5031
3896 4922
5039 7157
1744 5094
598 1164
699 5830
2205 5963
3063 6479
7039 7285
1252 7271
973 3532
2113 7633
6758 7250
3392 7536
3789 7011
227 3338
94 6661
367 2993
4325 6526
4148 5169
2705 7343
1008 7213
1478 2302
2483 2743
2532 2655
1592 6333
2530 5082
1223 2276
1917 6640
4480 6733
502 1839
2692 7417
5372 5641
6131 7594
1370 3156
1590 6587
3284 5009
2569 5989
236 5038
4496 6504
5273 5682
5550 6325
3439 5008
6047 7091
3505 7175
2301 5577
230 6496
3522 3768
989 6548
5535 6688
1079 2309
734 3423
3625 6529
5245 7586
5140 7363
4867 7258
2596 4031
689 4185
2774 3890
3282 4091
2682 5438
2034 6828
696 5091
1954 4071
588 3264
1026 2286
150 4160
356 3369
5110 7208
2349 4407
536 3350
35 5902
4275 5059
5687 6169
2253 7491
5603 7098
6054 6144
6558 6760
1145 2546
399 7019
3180 4240
5321 6523
18 2270
1072 7459
62 685
709 5184
3287 6544
2864 7625
1920 4605
1764 4429
2501 3096
646 1242
2372 4457
3716 5019
2295 3075
2375 4937
1577 2297
4842 7271
1726 4400
1919 7255
5358 7301
1336 3728
1420 6379
1347 7480
4568 6902
2492 3537
1733 2380
1047 1734
3446 3803
2540 3691
4788 4851
1602 3323
639 3941
4177 4810
1462 5402
2779 5934
5386 5890
984 2964
4325 7132
1840 3766
3442 6456
2809 6607
422 2984
2633 3254
3662 4059
6081 7612
2465 3404
3409 7452
5610 7094
4461 5832
1097 7114
3933 7162
161 3368
686 6454
444 6759
200 2982
3532 6905
932 5238
1352 2076
610 5186
2141 5836
3926 5938
601 808
2310 6907
5487 5882
3329 5262
687 4019
5654 6000
462 1409
405 4131
247 7424
949 2294
893 5071
1967 6660
290 6527
3084 4664
5118 6924
528 1975
7211 7630
5762 6498
1829 2152
1663 2752
165 3710
3175 5516
4671 7360
6121 6291
4218 6893
885 2242
3211 3785
1649 6234
6162 7023
3594 7502
3969 7524
1704 4265
3520 6701
2186 7641
985 3531
1288 2264
4643 4794
975 6106
2934 3585
2102 7364
698 2699
1707 3878
3408 7388
393 2067
3784 4458
1619 5148
2489 6094
767 2802
1306 6315
7262 7479
4882 6231
3666 4546
541 4511
143 3948
2951 4334
4688 6729
503 981
860 3028
125 4834
607 3530
2914 4360
3795 4446
748 7347
2379 4503
5484 6100
1552 5507
2962 4915
841 2963
2174 3699
115 3357
1613 7527
655 2163
6823 7157
1915 2661
2307 6383
3039 4854
751 1229
4143 5709
907 4331
3876 6775
337 429
2422 4845
2203 6473
38 5238
2734 7449
2641 3874
2224 5706
1224 2485
3208 4991
6949 7063
4048 6898
1388 6987
6197 7518
5169 6766
5407 5815
1248 1623
5183 5959
2856 4803
2129 6919
1451 6219
934 2032
3847 7411
2664 3045
1538 6184
1121 3657
1403 5271
4542 6177
3055 6199
2987 6500
723 3371
4307 6548
1953 2363
437 5711
1050 7191
1713 5763
5553 7469
5992 6983
1312 5626
1462 6453
2434 5323
59 4574
4318 6353
4489 6535
653 4133
771 6764
3766 6958
295 4412
166 6897
1346 7089
1355 3500
2026 5461
3822 6558
874 4312
1507 5662
1620 5616
777 4221
231 4970
5240 5492
578 3547
4518 7087
836 2274
1808 5088
1365 6418
5939 6932
256 1500
166 4617
5037 7591
85 7013
557 3017
1652 5523
12 5937
5361 6307
3910 5921
3530 4173
1719 2011
6865 7593
3075 4882
1199 6991
2559 7112
3511 6430
3298 7169
3183 4844
44 3098
835 4735
1576 3752
371 6604
758 7516
3420 6845
2973 3871
455 6010
1194 6997
2918 7583
2553 4725
2689 6633
3101 7092
3482 6905
184 4206
1779 6923
2935 5241
6394 7327
146 398
3627 6763
719 6168
5907 7229
942 5977
648 4186
3480 6648
2483 4100
5177 7010
485 4681
86 4707
2527 5195
2604 6460
4658 6046
5766 7178
2856 6709
6163 6646
3560 4480
1222 6595
4092 4255
546 7134
1058 4372
5395 6586
3543 3614
212 3590
716 6122
4155 6571
3925 4362
2247 4864
813 1238
6789 7098
6001 6550
2307 3338
3518 3738
2779 7130
2647 2867
5589 6455
4496 6926
5549 6843
2259 3721
3832 4421
6013 6305
3254 3698
1379 6196
4285 6133
121 4649
1601 3476
2249 2407
5716 6897
2918 3707
4837 6883
1383 6908
285 5126
669 2801
3445 5244
4395 5368
5753 5763
1370 5949
5121 5607
5250 5761
4002 5407
578 5962
13 5495
6617 6757
1309 3159
3242 5852
230 3600
123 7159
779 4116
1804 7431
3633 5541
2290 3451
3560 6526
2181 5694
1111 5005
3567 6191
372 5533
7252 7500
3534 5323
1485 6203
3660 7161
1228 7091
2885 4818
1915 1964
2076 7013
2022 2390
5770 6492
137 1002
4387 7323
2704 6726
931 1522
330 5804
513 2881
5012 5750
884 4275
1188 5263
611 5672
1604 3839
72 4410
3551 6784
1098 1300
1151 5105
265 1798
481 1298
4621 5097
172 2148
2888 6379
1619 2422
14 3137
3158 4324
3011 3466
5268 6553
2369 6774
174 1184
3232 6534
2550 3125
624 3272
3397 5807
774 7270
1419 3047
2181 7403
1982 5015
2872 7037
378 6511
1863 1931
204 3805
3541 6086
268 4755
20 7540
3457 7642
137 1634
6146 7481
4664 7361
23 4218
5298 6114
1185 3491
1178 5362
442 7031
2260 6000
2061 7054
2937 3936
6443 6787
1257 7410
3823 6307
218 5698
78 5192
1663 6175
2793 5702
1176 2216
4176 7196
3611 5168
1867 4675
2846 6517
627 3907
635 6484
1322 2699
682 5751
6325 7184
5666 7626
2877 4627
2602 5401
563 1693
4884 5659
2217 6789
1564 5789
1825 6680
4014 4911
4918 5238
2058 7535
3888 6816
1738 7280
4263 6798
1817 7191
4863 6705
702 5869
2913 4519
1466 3224
325 5589
3751 3849
1164 5132
385 1343
4497 6294
6256 7168
2475 7299
1123 7527
5898 6449
1922 6971
500 6924
313 767
1660 2338
1470 1831
1275 7198
2029 5063
6205 6633
4969 5061
1824 3865
1162 7334
4229 6319
1132 5079
4337 7614
563 5278
743 6064
2277 4076
3978 6696
373 4627
1852 5242
4649 6187
463 1091
218 4268
2120 4833
6965 6972
98 2712
3128 7538
1529 2000
825 6809
1361 2168
5437 5886
612 2465
303 5880
975 5344
6177 7033
4134 6936
2429 5223
6431 7556
33 5914
5232 5859
5835 6087
2418 2528
1092 3692
2347 7593
1572 5618
172 1462
85 2073
2224 3371
2277 4741
2206 6881
4148 4535
6411 6553
3765 5914
1307 5093
865 4621
1171 1733
2831 3901
2384 2946
5895 7605
1389 6442
2870 5045
710 6157
939 3200
2239 4960
4805 5009
3459 4250
4548 7539
1139 6890
2610 4164
1256 6723
2761 6861
4393 7192
889 2905
6 2615
575 3107
2757 5421
2281 7414
967 1066
3381 4318
6121 7485
956 3268
166 4711
1544 5048
2632 6750
51 5368
291 3122
1578 5541
2274 7421
3707 5169
2411 4057
5949 6841
2120 6883
2321 4289
3911 4926
1014 1500
2947 3591
943 3966
53 1217
1048 6031
3917 7091
1263 2734
1326 4168
1845 6535
415 1280
141 7262
882 1015
1316 4418
2554 5361
1228 4469
991 6389
5762 7470
3437 5405
6531 6622
217 2569
7003 7096
3571 5457
1587 3961
640 4718
5168 7116
3450 7602
3289 4444
6931 6968
5507 7205
4296 7013
1513 4046
5407 5714
283 7222
1662 5308
3694 4805
1684 7625
3026 3943
2300 6633
3219 4171
2280 3793
6264 6313
4174 7413
53 6448
5319 7032
440 4222
1121 4105
2889 4914
2491 6485
558 5713
1177 4067
1704 6692
5678 6014
3894 5047
2598 5223
2342 5602
1010 7067
2493 2927
2398 3261
2075 4559
2333 5738
2020 4767
1578 5937
83 1048
4726 5861
622 1747
5218 7602
1870 3801
2619 6224
662 5213
333 4196
364 6795
3248 3618
1650 7375
4564 6161
3834 6052
4948 6743
235 3190
2722 4811
6331 6532
990 4500
6026 6792
2082 4720
853 3489
4317 7526
3557 7079
471 2526
3997 5456
2387 2508
3492 6635
272 2285
1317 4292
4215 5236
383 1220
4410 6910
561 5043
2712 5921
4685 7205
3265 6379
2355 3262
5284 5671
1375 5480
5009 6586
1348 5994
4417 4714
4545 6438
3127 7446
5075 7340
4877 5074
1530 4673
2773 3130
2942 3655
2192 6667
194 2236
3689 7015
1249 4303
297 2881
1018 1978
2648 7000
4168 5502
1489 4970
540 6295
436 5344
3669 6959
838 1797
2021 2221
4036 5321
310 3747
2437 5728
3414 4755
5178 6292
770 2767
3024 4044
3968 5751
6346 7276
1769 5185
3607 5301
2847 4475
887 2502
1183 7594
3742 6330
778 7633
1353 4923
1244 3357
2102 5150
635 3866
222 1036
66 851
2010 7581
2735 5267
304 5385
3216 5739
3034 5970
3667 4712
3135 5505
2051 4434
788 4329
1527 6878
3280 3907
6118 7442
1056 4976
1076 4690
1467 1737
2609 6836
841 2444
779 4148
2909 4839
4780 7122
3052 6271
994 1016
796 6907
481 4433
967 1955
2462 2870
4120 5974
6007 6623
2697 3718
1103 3821
1370 7413
5589 6288
7024 7438
377 6562
1665 4361
4997 7156
2398 6377
482 4085
144 1954
490 2590
1752 2751
5263 6915
3870 7210
3398 6577
1578 4256
1565 5677
1908 4022
4517 7248
1536 5516
169 1950
1798 6904
3065 5656
726 5712
895 7558
3656 4395
3789 6140
5260 6218
847 5249
7075 7226
3256 3281
5198 6395
282 6373
1974 2436
2385 5879
1051 1243
3102 3922
1990 2630
1292 1671
3029 6012
1306 1504
5828 6326
3240 5773
2660 4615
3629 4945
4394 6526
5080 5205
4081 6399
3008 6850
2377 2743
3177 4937
2199 4297
1762 4402
1213 5195
174 4042
2988 5286
2810 5553
3475 6141
243 5678
6310 6592
4304 5829
5494 7543
5987 6680
6150 6474
1011 6977
6044 6357
2156 2189
2496 5800
4569 6300
836 7253
1692 4747
540 4716
1643 6914
671 2114
6821 6824
3101 5940
5814 7232
1862 5720
4742 6848
6142 7144
1622 1781
2416 3983
531 3064
2798 5213
4304 6545
3719 5201
5639 7127
4049 6747
5503 5572
53 6415
283 3314
333 3465
3048 7042
3416 4417
886 5116
2718 3915
4300 4529
754 1507
858 1543
1875 5323
863 3951
765 4036
2217 3435
3418 4919
305 2381
591 5498
3294 3677
627 1916
4994 7314
2991 5400
117 1140
1693 4466
6 865
1332 5977
499 2225
2103 6514
247 1809
4834 5234
152 5122
4590 6175
1097 6385
2039 2402
1141 6097
7011 7573
637 6464
1704 3688
2040 3653
4117 4350
3053 3772
188 1854
2525 5348
45 938
4934 7579
2949 4543
2286 5918
3336 4199
980 1898
3029 5521
1132 4367
3786 6740
216 2326
6859 7158
4147 6472
2745 6589
6287 7358
3931 4095
4230 5738
1086 1575
3816 3963
2711 3565
4179 5615
1377 1400
1946 4554
1739 3920
4411 5486
1622 7165
6998 7413
1504 6983
2942 6810
2300 7605
3688 4962
1693 2829
2300 3518
4111 6467
2564 3163
262 3736
1061 7619
2735 3625
4383 5075
2856 3351
167 3289
1937 6705
1901 4832
5021 6966
3452 5733
2831 5165
4044 5109
1315 2879
4001 6387
4327 5350
7308 7556
1467 7536
5689 7214
4197 6041
3940 5724
2616 3013
827 5870
653 6917
2288 2533
753 827
3938 7386
265 6093
41 5766
1465 4527
3513 4367
1551 6766
1572 4398
3951 5312
3692 6719
2572 4212
1112 1970
3696 6839
2569 4388
4420 6343
3248 5190
4436 7478
680 6250
1381 4776
2627 6346
2896 4740
1272 7236
4611 7445
1353 5091
1583 1606
4666 6845
612 4550
1710 7187
1474 4521
6271 7222
5006 7497
3626 4525
3710 5172
5220 7246
1908 3840
1118 4765
3969 4877
1787 3962
1850 5541
3599 5269
1244 4050
5904 7215
710 5395
1611 3784
2157 2566
4616 7549
643 4369
5991 6256
2271 2399
1218 6881
2471 3719
639 2120
186 5853
1482 2011
5287 6683
400 3034
88 922
1973 5710
4233 7041
1192 5514
6543 7507
2253 5898
1379 6878
5460 6003
6645 7063
1938 3622
2139 3877
476 5675
3436 4773
2534 5849
2752 4424
1215 2018
3240 5984
647 4388
3988 5352
1092 7523
3686 4920
3646 5991
1394 1639
2627 6054
125 5022
5427 6396
2895 6825
3062 5598
540 4525
2963 3306
5625 5776
2698 5078
1262 6874
3611 5196
1962 4495
1682 3960
415 4151
4041 6468
3306 5971
1175 6090
108 6565
1775 6209
2663 2800
3682 6793
2829 5326
2393 4300
1709 6590
1115 3014
3785 4491
3269 6687
373 2930
1806 5382
1557 3231
4422 7318
3860 7409
2881 7134
2699 6079
1410 1751
657 6214
965 1877
4356 6518
4735 4938
140 995
2069 3142
1184 2640
2016 5795
1654 1970
1788 3214
1230 1646
3407 5917
1806 4831
1020 3761
3909 4866
275 7014
819 3038
550 778
3842 4455
616 2277
1147 3461
5419 7017
1462 3646
4945 7147
127 3254
3394 5647
5115 5440
5296 5454
1216 4300
1314 3825
4071 5364
5768 6508
447 6039
2533 2950
1245 4117
3160 4102
4218 4691
2833 6968
1775 7341
2747 7294
1583 7569
1121 1424
877 4229
477 1043
26 4287
2522 3334
1969 3429
2186 5011
2902 7282
5274 5322
3208 5312
5371 7537
3333 5801
3343 5799
1755 6828
600 6064
294 3743
330 3054
6508 7636
2898 5763
4684 6915
3301 4590
5352 6044
320 663
3264 4597
800 4011
6213 6982
792 5378
2663 3831
2117 3585
178 1531
1212 3120
820 1475
3052 5156
2175 4309
2167 2377
2559 7558
2130 2316
2893 6995
847 2787
461 2925
2683 5374
1148 7139
1141 1436
4311 6285
4241 6150
3483 6427
277 6161
1353 4506
3002 5698
3905 6757
3481 3723
2884 3495
6127 6541
3113 4474
5815 6322
390 2031
7275 7593
1324 5719
17 4491
2527 5136
1750 2473
4568 5580
4333 5916
919 3012
4270 7192
1529 4785
3365 4559
2107 7173
3580 7290
4524 4556
6979 7619
3377 7484
3105 5416
3247 6259
709 2103
2735 4267
2253 4940
712 5300
6709 7236
93 5004
6672 7184
4275 5561
1715 4031
635 3387
4721 6502
6796 7596
998 7181
804 970
5236 6421
150 3234
2972 5376
2728 7335
2984 4900
853 5802
1520 2102
277 2876
353 7584
1653 4434
2791 3049
3677 7261
827 3239
5081 7295
3233 3259
714 4244
545 7094
2242 3026
2236 2938
1043 3679
4345 4875
1627 6951
729 5860
4097 5061
4709 6230
4989 5792
2459 3753
5953 7167
3162 3299
3968 4632
1805 6320
633 2260
5587 6261
374 5193
3267 7427
4359 5787
1254 5191
2946 6308
1064 4928
2388 4964
122 3524
117 4383
5016 7162
1713 6272
2174 3366
2361 5539
3532 5673
2630 5962
3310 5796
3536 4594
2756 3903
1245 6949
2104 2215
1279 6387
6739 7299
468 4564
3803 5283
6086 7037
1537 1560
3538 3785
2624 7086
317 4782
3728 5966
269 4128
1279 4882
3395 7243
2969 5933
6276 7036
2222 7443
1522 3837
2619 5429
778 3204
1615 5963
4245 4464
2431 7321
5250 7537
4345 5665
1482 4586
7218 7346
57 2872
755 6537
2574 7601
2981 3056
3299 5575
160 5424
5432 5930
706 6861
714 4007
4429 6820
1620 1642
2750 5298
2720 5382
2104 5300
3812 4107
1794 5340
3114 7394
1838 7285
3977 6377
4262 4427
77 3332
705 3391
5571 7280
2865 4410
4728 5926
2165 3571
837 3787
978 2165
1019 1766
1384 4373
4354 7637
996 6046
2180 4750
152 1949
457 3127
377 2717
1940 5816
387 2787
138 4185
644 3793
3051 3254
981 1095
1338 4193
3736 6923
3310 7575
936 1701
796 6239
1146 3180
3243 5400
593 5235
896 4607
2365 7009
683 1620
3631 5401
430 1486
4294 6238
4247 5406
2538 7390
4085 5431
2334 2513
2529 5504
6719 6955
1716 2270
6931 7343
874 4554
810 2514
2821 7436
3260 5656
2491 7366
1407 6796
1804 5142
3290 7283
2816 4699
786 1853
4079 6366
709 3957
188 6887
291 1736
1101 6728
165 502
997 6171
698 7374
4831 5479
3155 5299
3483 5781
3010 7293
1745 7558
5975 7530
226 6512
6374 7608
5654 7282
2631 3162
6744 7250
395 3556
2767 3057
337 5498
2659 7240
752 4868
1402 5527
677 3243
5911 6069
2557 7511
2556 2978
3220 7321
6547 6884
7077 7575
366 5379
844 4509
757 3405
2648 3237
964 4862
4550 5887
374 1960
602 3825
456 1578
1460 1977
3906 5647
1693 2409
5073 5478
199 1147
4567 5654
4621 5971
5417 6446
503 5189
1187 6779
2725 6617
2858 7569
3531 4521
4580 5091
1979 4083
3239 6446
459 2802
4852 5007
2511 3284
3971 4084
1661 3868
5691 7497
1410 2883
5122 5930
3110 4498
2071 3905
2287 6115
2658 3901
4900 6720
1335 4324
3770 7077
319 513
3978 6148
3444 6820
2848 7349
242 6446
1805 5547
4791 5162
3199 6737
596 4543
5057 5126
6157 7337
3326 7452
1048 6045
5304 7292
3946 6413
1593 2546
4209 5847
2147 3543
4992 5637
3334 4760
2111 6917
2866 3533
6498 7292
345 3274
6701 7475
389 2059
2951 3647
3374 5763
3324 5665
1780 3359
4690 6073
2151 6374
1904 2013
2676 5306
2663 4411
5081 5203
465 4391
2517 3715
3211 3881
2924 3648
537 6186
5678 7354
2924 5256
2112 7293
2517 4366
1860 2278
1308 4333
455 5432
4150 5803
516 4977
3611 4628
171 1416
422 5522
5754 7252
4018 4327
559 7595
646 5395
461 7240
6806 7448
1982 7577
2093 6588
2566 2687
1448 4375
2216 3967
2573 2771
7279 7476
711 728
2030 3966
1643 5390
1208 4111
4037 6717
898 7356
6382 6400
2520 7462
3428 7483
725 5586
3371 7155
1171 4292
296 4430
2929 4678
8 6641
3471 6080
4064 6565
4508 6536
3370 4875
2827 3462
236 3173
1670 7578
1620 5658
2495 6176
6502 6788
1056 4531
954 5949
5075 6626
316 1389
2773 5190
5298 5394
5677 6726
3094 6159
850 7161
6614 7580
504 2576
1637 7274
1354 3284
4351 6972
39 4938
4173 6015
1677 1974
3457 3948
2824 5755
1901 3842
495 1267
177 5907
4153 4773
5813 6505
23 3056
1727 2049
6459 6987
19 3768
4967 6606
1439 1806
5367 6460
2499 2919
1397 2536
2230 2811
1108 3985
4728 6781
1651 4032
1465 2806
2547 4803
1724 4790
1253 4330
1408 7442
3219 6276
2769 3829
716 974
395 4049
3049 4059
435 2842
751 4207
2560 3985
391 2800
1116 5981
1084 1575
361 3124
1014 2569
1739 2539
6080 7299
5613 7054
4823 6193
4491 4681
626 7023
638 7007
2277 4561
1039 4025
2333 3686
4164 6973
923 5374
702 2813
3730 5136
353 5519
4237 7628
2804 7369
1083 7621
529 1077
3318 6127
5714 7134
3293 4805
1227 5501
6249 6328
334 4405
1302 7631
4132 5825
5917 6576
2565 5261
2921 6866
1191 4459
5558 6335
6826 6890
278 1279
4484 7067
262 1145
1511 6042
1501 4139
2475 4554
2815 4950
14 2876
194 4194
856 3730
5806 7503
4063 5063
942 2316
690 4249
611 6563
1441 5341
1293 7473
7104 7467
2497 5664
3194 5864
1362 2353
738 1628
405 7145
583 2433
373 7037
332 3372
4766 5276
2007 5989
2130 6628
596 7196
3678 4453
450 6862
3030 6295
694 1233
4660 5972
5736 6906
5727 6858
3329 6632
1261 1746
1671 4096
32 2405
2630 3947
3950 6005
2740 4522
993 2857
3701 7163
2768 4488
315 6057
231 533
2860 4548
523 2406
2881 4601
350 5247
769 3115
2554 2983
3315 6684
1302 4016
4018 4616
5924 6870
2063 2487
2609 5815
1161 5008
1202 7437
1409 3766
1860 5080
2334 6114
3438 5085
4414 6940
2289 5733
3428 5602
3692 7552
2233 5934
451 4673
3989 5487
3284 5903
1789 4488
2071 5708
6385 7275
6317 7600
2183 7095
769 5912
2425 6328
1214 6462
2977 4501
5256 5850
1487 5414
5171 5645
4884 5318
76 3206
772 7078
70 2330
2610 5589
3291 3615
1050 7450
6046 6976
2850 2855
2244 2315
1072 5233
57 6179
3797 4333
2431 4996
5474 6909
3820 6678
2238 5416
3032 3884
3938 4034
66 6646
3999 7246
1340 2574
392 6841
846 4861
935 2465
1947 5219
4207 7280
1228 5224
3434 3564
1218 1921
1915 4385
3622 5124
1573 7048
762 6562
2403 2934
4350 6737
18 924
3424 7260
3723 5550
2307 7444
1534 5554
1902 6918
1336 1920
4393 5279
5848 7398
2924 3143
3641 4079
2254 2732
47 2488
265 2346
4105 7410
3207 5145
596 3945
4182 5302
1059 1876
2275 5440
1 5337
898 1712
1246 4981
1386 2808
3755 7145
3978 6854
895 4549
571 718
3153 5419
1764 5051
156 6124
4785 6967
651 5267
6366 6587
5114 7122
954 1217
2136 3318
4747 6638
5564 6439
4283 4329
2806 3912
1569 2417
1187 3344
5424 6389
2166 5652
7397 7403
5106 5231
1319 5436
160 1701
4760 4793
2281 3633
1526 1797
2860 6942
2197 4469
1603 7178
1128 3092
4747 6593
1478 5878
626 1904
1671 4294
2121 2527
7050 7612
2845 5917
4644 7579
707 2400
722 6400
6163 7244
4063 6003
1084 2178
6477 7609
1989 7405
4989 6173
4132 4380
3046 6890
315 1198
3773 4657
3042 6136
195 4406
5709 6657
2720 3273
4970 6569
2106 5481
1354 7536
5057 6405
4835 5955
821 5619
2810 5525
2199 6491
3444 7015
5479 6847
2619 6445
4230 4497
3053 3055
4470 6924
5159 6381
356 3124
3847 4881
1813 5416
1630 5686
3460 5291
288 569
3413 6926
449 1606
3193 6512
2408 4814
3999 5910
1983 6039
2138 4662
5462 6450
570 754
1044 2619
819 4359
2341 5683
2876 5770
3164 6323
1595 2318
4718 6542
3049 6931
3938 5981
348 2179
1359 6940
955 2001
3108 6498
4482 5762
6004 7109
3779 4827
2113 5201
728 7229
499 4810
907 7368
576 4136
306 5080
1585 6486
380 4177
5270 5982
2306 6194
5120 6614
4166 4720
4185 4981
1809 7006
479 488
4176 7020
3523 5763
4854 7082
2557 2708
4959 6480
301 5988
248 6958
1231 7564
1370 6121
2174 6950
3393 4265
3021 5161
3533 4618
533 1947
6732 6961
3552 7148
6910 7406
295 4307
4801 5524
437 7614
2056 4269
746 1420
2357 7353
3064 3559
767 4618
2215 5830
2017 6583
3007 5323
2504 3856
4154 4204
1002 3566
4734 5096
631 4021
6273 6776
859 7408
4947 7421
2299 3570
938 4761
236 2404
905 5792
3594 7211
5492 6743
2988 6481
2150 2196
3318 3423
2810 6961
312 4703
4043 7516
320 3424
219 6732
3811 6484
4289 6388
7365 7507
1480 6020
783 1441
2426 5625
1645 6265
6811 7539
7017 7086
5179 7307
1832 5531
7106 7359
3370 7602
960 4481
6477 6784
2223 3443
5075 5548
1735 3180
4704 6406
1085 4205
2966 4597
3027 4812
506 1689
1689 7289
678 5425
2627 6743
2735 7325
5993 7062
665 5757
1549 5816
1633 6925
20 4884
527 993
4837 6677
2372 5993
2585 4144
1111 5209
2893 6431
1082 1970
3988 5402
2945 4331
1633 2444
2439 4449
3335 5620
2598 4900
1866 5547
1894 4225
1292 4927
3844 6496
2332 3390
2842 5185
2338 5953
3018 6664
4055 7481
1190 6017
3118 6826
4567 5704
995 4565
303 5341
3293 4756
1961 5941
3028 3362
3433 7368
1135 3407
883 5136
983 2434
2242 6431
783 5572
614 3703
4485 7518
2018 6040
190 6477
2 94
1643 1764
369 5109
858 2396
1011 6770
2624 4039
3548 7428
2047 5514
2010 3775
1717 4267
1474 5445
2035 2693
4513 4814
3248 5262
2887 7510
461 2749
2379 2928
3371 5087
1022 6356
564 7042
41 5598
2374 3580
1739 3509
482 6699
1761 5242
2115 3504
500 2517
3161 6146
2501 7355
245 6651
3269 7046
1315 3718
1906 6802
3133 5772
234 3617
593 2474
5353 6853
2972 3571
2148 2982
4617 5145
2815 6388
1398 7389
1532 4063
75 3513
2059 4999
4560 6969
3633 4519
578 4117
5338 5387
1578 6696
6701 6924
5074 7281
3328 6208
993 5241
4282 6057
2691 2724
4434 5200
3720 6574
4223 6498
6464 6477
315 786
3844 5000
791 3728
388 2567
1948 6081
4186 6692
2947 3054
2443 4583
3913 5715
401 2897
2123 7626
2554 7264
1128 1888
1629 6705
6365 6443
2752 3331
574 3508
1050 4817
7001 7408
2568 7161
3928 6148
2849 7384
162 6524
1007 2588
124 6667
978 5403
5509 5534
4741 7355
2465 6948
389 6732
1321 2524
6076 6195
1269 5836
3158 5827
123 5682
3030 3969
37 535
2240 7485
5903 6757
4891 5296
3698 4737
3152 7334
6078 7445
828 4540
4972 5315
328 2878
1693 4978
2076 3934
2344 4901
120 2564
17 1492
4841 6097
699 4114
2521 3592
783 6947
827 5311
105 1016
564 3872
2704 5098
1859 3355
4652 4888
4673 7174
2164 4885
1661 6547
79 4509
3346 6303
2536 3318
5762 7384
132 3065
1711 6632
1697 1835
3317 4692
284 7118
679 1572
3263 3855
6250 6970
2021 7512
5020 7406
225 3638
4263 7342
2916 4157
1167 6503
1393 3852
1655 2447
3022 6529
5954 7139
6452 7255
3262 6960
1143 3935
337 443
6320 6754
5397 6912
4482 7298
4234 6939
503 6744
2440 2845
4231 5005
458 3919
1626 4381
1195 2000
5743 7558
449 6735
3173 5965
2983 5006
483 596
2194 5461
2533 6692
1298 3456
806 6290
4095 4139
2102 4744
3454 4631
456 7156
543 3168
1477 5607
3608 4993
4279 5779
802 3288
375 3039
4787 5664
321 6017
1203 3718
3194 7090
5450 7416
1438 7382
1755 3358
914 7452
4565 5544
3491 6773
921 5399
1867 6622
1074 6598
4472 6402
1772 2966
1040 1708
476 1404
3314 3609
3762 7548
4156 4178
1144 1369
1921 2955
5380 7623
697 871
192 5970
4354 6988
5718 5991
3965 5375
2696 7535
1487 1625
3418 6333
1758 6022
829 6335
5120 5128
83 6065
3354 3662
3262 6462
65 2734
5397 5581
599 3422
2396 4174
3071 3420
4789 5089
4411 6323
1884 6280
817 4747
4772 7108
5910 6544
1991 7624
5954 6955
4895 6518
3144 6538
1045 1488
6804 6889
4952 5233
3794 7254
4610 6681
3478 7438
4824 4949
7197 7302
5337 7241
3756 5831
4868 7544
1968 7275
4991 5543
2812 4405
4703 5563
3180 3295
4650 7385
506 3988
2469 2660
1820 7027
4683 6429
567 2003
2742 4359
157 5939
5962 6803
4386 5584
4078 6852
3467 7004
3812 5786
135 7322
733 7296
250 605
1156 5185
2619 7090
1457 3781
787 5779
872 6207
984 6470
2896 6733
4064 6680
3625 6430
306 5936
384 7240
665 5181
1273 2136
1566 7084
3384 7584
2499 2997
5417 7164
5663 6193
2711 5474
1738 4885
5012 5556
326 1584
1264 5017
1536 6921
1427 6943
1216 2256
531 5344
730 3976
5191 5362
1080 3056
3908 6198
3543 6824
3196 3308
1593 2405
3486 6332
1024 7354
2323 2618
1396 5854
6215 6850
236 1252
1828 2851
4272 7379
3654 6967
2920 4858
238 1389
2367 5521
3784 4318
3634 7202
1910 6367
434 7393
4172 4806
5169 7323
2078 5675
2865 3911
1958 3767
903 7040
1406 5465
3583 5662
2153 5760
999 6852
1538 4719
2830 6593
685 5821
2101 2407
2669 5091
2408 4613
1231 7573
213 6172
6478 7309
4909 4962
142 1933
2293 7538
35 4955
968 6070
3055 5577
2494 7358
868 4382
1843 5786
1552 4088
5632 6542
3745 3777
3057 4456
995 1565
286 6680
2988 6697
476 4060
3309 3615
1427 5314
556 920
26 2036
4725 5334
4456 7014
323 2958
97 5711
640 2645
3372 5059
1040 4482
758 4877
659 3301
1823 1888
4315 7463
1676 2928
6255 6530
684 5396
2695 4054
1852 2964
4860 5765
2056 6713
809 1116
3174 5000
2917 7401
2338 3824
728 3912
5530 7474
1409 2012
1077 4182
4293 7193
1571 2665
1744 7043
945 5314
1434 5209
1676 3284
4901 6414
223 760
3151 4990
1992 3335
2092 5028
377 2991
1210 2047
1382 1890
2995 5020
1378 5792
1623 2638
2156 6551
1905 7252
5168 5671
2394 6633
1415 3343
970 3410
346 6594
1738 3450
4909 7441
4580 6486
4757 6339
3197 6781
5911 6347
1115 3560
283 5619
1873 7539
1953 2574
789 5558
6086 7302
1845 5156
6276 7007
6415 6972
654 4967
5220 6544
778 3028
5844 7011
2871 5407
7 6280
3837 4712
2066 5767
1199 4386
2345 2729
5657 7435
2180 2395
1531 6886
4548 5381
2543 3554
6054 7020
2830 7050
6223 6700
159 7033
613 1439
1591 4827
302 4983
1838 2851
5384 6949
356 6758
6590 6903
158 4703
3476 5299
3755 4696
3197 6532
862 4110
3711 4412
131 4867
4744 6163
956 6536
1011 6684
3797 7381
1456 6717
1162 2062
430 2133
2564 2663
249 4607
3687 5229
711 7295
1673 7055
737 1661
1998 2695
2373 7140
3503 3774
165 4613
1541 3257
2385 5388
1027 2633
4755 6862
893 3678
6451 7173
2724 4715
3908 7342
5828 6505
187 2994
483 2120
557 6554
4258 6421
1132 2174
914 6286
1446 6999
495 7037
6436 7572
2338 3779
262 784
1964 3053
1300 1826
531 3854
189 6371
2445 5128
2955 6399
1611 2351
17 5988
5166 6867
1683 6133
6086 7210
5165 6748
1297 3883
3398 6113
3419 4670
6645 6969
678 2913
5724 5965
4542 6924
5105 5851
3719 5247
3344 3465
785 1737
2460 6458
4290 4338
5320 6302
614 1536
199 1320
3579 4947
4366 5702
2985 4398
3231 7395
151 6827
3253 4014
2686 5339
2915 5282
1296 3752
2185 4279
4493 6754
5 3870
1048 2766
3323 4251
3052 3262
134 3803
5620 7258
715 2379
193 6898
1361 3385
236 1743
30 6641
123 7287
938 4433
3315 7645
353 2573
560 1389
3301 6077
3740 4456
503 3899
6198 7219
4019 6645
528 1077
1923 3373
823 2279
379 6022
2104 6840
4729 6267
1858 3077
714 4563
3436 6860
402 545
1232 6257
699 3108
3776 4193
5524 7079
22 983
3690 4142
715 6827
4861 5983
481 1840
5013 5087
850 4539
5221 6930
2766 5106
3189 5340
1903 6634
1875 5520
2221 3231
187 1918
5264 6469
2892 7079
3857 4575
1322 6345
3598 5747
2329 6379
288 361
2371 4770
929 4729
2146 6720
5105 7645
3857 4755
5457 5708
5022 5066
231 4668
506 2999
5541 7104
3062 4100
1502 3527
7430 7485
155 4670
2048 2909
1974 1988
808 4179
1362 6006
1636 1714
1108 5173
246 6197
3691 7178
3606 5215
1198 3442
2182 7088
1046 2308
683 3926
789 1493
1708 3458
846 3171
6542 6846
2170 4506
5360 6343
3493 3978
4732 6831
1858 4561
2057 6276
1298 5041
2257 6401
896 2796
276 5282
2388 3235
595 2659
3529 4958
651 658
111 2881
414 7623
4381 7388
6433 7523
1863 2434
908 4159
277 6086
4307 5205
3781 4424
4611 6376
1795 6889
443 5726
3515 4122
4230 4844
1531 3309
3798 7354
4286 5264
3534 5478
2793 7114
5033 6349
447 665
2516 3003
1663 3690
1751 4533
765 4962
2105 5415
5793 6003
1932 2900
1487 5911
2068 6658
6529 7146
1437 2158
3186 6274
3815 5156
1434 3738
5155 5572
2059 4540
730 2708
903 6283
1451 5342
982 2251
564 3333
1974 5207
3813 5940
1911 5160
3353 3782
1673 5478
3414 4232
4015 4220
4131 4922
1633 3510
620 4078
789 4096
2308 2486
2371 3799
1139 6335
1226 1977
1906 5522
5250 6699
895 7285
4024 7054
878 7241
3778 4191
4652 6294
1128 7606
1101 3520
749 3674
1161 4108
883 5352
7098 7605
3832 6212
2307 6602
6594 7193
235 4573
3892 4006
3051 3122
3589 4338
3496 7198
2412 7170
4315 5584
2113 5319
7495 7525
1447 2978
2848 6192
5141 5329
2884 4318
1911 5014
1727 2886
2261 7166
2018 5205
1501 4510
526 4881
3013 7026
178 234
838 2773
5460 7319
1102 3322
5051 6057
6175 6897
3119 5820
5213 6562
1865 5852
4095 4540
5857 6000
4635 6189
1190 6755
365 570
2017 2186
3065 3070
2656 3910
125 547
4420 4884
2187 6105
3723 5363
5166 5760
3 5642
359 3098
1466 3702
4495 4944
1424 6646
112 1053
3567 6769
1120 2650
2997 6795
2259 6724
1910 3426
679 3974
628 4628
1024 6893
286 5791
823 5920
173 7090
3792 6531
3645 5102
1223 4688
1318 4401
5298 5383
626 6816
1087 3017
479 5986
2316 2320
6768 6851
2847 4599
715 5543
487 2397
6913 7025
2305 3055
383 5991
564 5936
4097 5422
118 443
3247 6534
3639 6885
2721 4035
5986 6184
4757 5183
971 1836
1482 1963
3433 3816
4070 5205
1833 5851
3692 6779
2424 2812
1470 3538
3797 6096
660 3688
457 2246
2121 4218
2849 3566
105 1361
4567 4597
3260 6512
5596 6354
1954 4027
1047 4821
5206 5505
5870 6081
4475 4998
2669 3584
3802 7593
5126 7415
5170 5592
3786 6963
4775 6082
4197 4235
2350 6793
178 5056
315 927
1776 3321
414 2735
872 6997
3575 6299
150 6251
546 6719
5400 7475
3763 6730
2452 2605
6687 7510
274 5816
5908 7312
838 4267
138 7280
6350 6741
1223 4589
1355 4473
2898 3364
5395 6020
562 5830
1498 2945
3598 7223
2833 6700
1107 3591
1406 6724
1749 6122
856 6808
3870 6984
104 3960
5954 7194
4175 5476
3384 5757
6311 7304
5447 5461
730 1946
1986 2600
2798 5237
643 5621
276 2015
3973 4565
2864 5529
1681 2103
764 6393
3512 4215
2893 5816
866 3353
2488 7156
2206 7432
5751 7370
3600 7024
5021 5989
932 1601
4784 6331
1617 6479
437 592
57 5877
5921 7483
1537 5378
1640 5962
315 4179
3879 6599
805 3499
3928 5197
5814 6583
530 6491
3124 7580
74 7336
434 5683
4858 6039
1785 6810
3009 6203
1952 6909
2511 6040
3621 3768
874 1269
992 2287
5983 7374
3898 3926
1632 1853
314 5608
6350 6482
1505 3915
295 329
1506 3445
3138 7142
197 3079
6276 6913
2223 2403
1513 6406
2821 6801
516 3044
2476 6865
1087 5410
435 4200
2943 7270
1739 6931
218 1175
1613 3445
1763 2708
3070 3363
3518 3985
2949 6096
932 7097
152 6965
6214 6567
4229 5631
2702 2820
4245 7253
2800 6467
1280 4147
1690 7252
2578 4356
1800 2597
2439 5142
2146 2422
4722 6075
265 2360
736 6913
2890 4699
3925 6010
3091 3637
2807 3263
1996 5839
778 3120
3236 4440
136 6109
7133 7328
4235 5267
3431 5027
3637 7599
1776 6449
247 4934
2373 3009
64 4994
52 4774
4373 5366
469 5087
3884 5592
43 1126
2438 4867
66 4887
1348 5642
3513 7305
3348 7294
409 1470
1012 1930
5903 7299
1491 6668
376 4358
143 4432
1730 4021
4925 5054
1087 2303
1153 3599
479 2264
2511 6991
386 3034
2930 6974
1087 1249
1205 5696
2443 6599
372 3607
1033 4546
4958 5066
3365 5308
2913 4673
774 4724
3267 3984
1244 4358
723 5560
2143 5063
1046 2725
1664 7008
2494 7193
3478 5677
2741 4728
316 3752
1174 6157
343 3001
4380 4615
5223 6361
3632 6030
2281 4469
5515 6278
3466 6948
957 5672
5148 6566
27 5122
888 2185
2748 7551
1543 1760
1780 4623
3722 5784
6212 7009
2075 3654
346 3776
905 4599
1272 3459
1518 5573
3310 5315
2627 6602
1675 3738
1152 3567
2443 6419
108 4722
614 2670
4069 5329
799 4731
5324 6901
124 718
5391 6531
3999 4858
10 3047
3773 4143
4279 4540
1520 5688
3658 4823
1559 2814
4245 7384
1924 4003
1473 3052
1713 2613
1587 6393
103 2247
2100 4722
31 7269
4855 6698
4453 5014
1857 6346
1873 2339
93 4360
3998 6146
522 7546
5020 6473
2585 2793
1080 1422
728 1748
4634 5493
1281 2777
594 4105
393 5459
1066 6000
2370 5373
211 5984
1158 7523
2009 4591
5620 7501
654 5806
1767 2766
2398 3960
510 582
891 1201
5398 6487
4891 7290
3728 4031
520 827
1645 4330
2463 5081
1233 2138
5494 5812
54 3032
1606 6233
1954 5101
5299 6329
2096 7483
562 7108
2324 3895
4364 7061
1990 6803
1889 5361
168 6015
208 5676
147 1356
617 6055
5989 7475
2357 4877
670 4419
3022 5831
441 3919
3946 4897
402 3729
2900 4682
1923 6337
3807 6999
3840 5107
1245 5739
6127 6166
3242 3552
2151 4569
4428 6172
2274 3446
749 7500
2806 7450
1763 6756
5664 5850
1139 6015
338 5303
2886 7492
1528 7600
1886 3704
1028 2109
3901 3974
1484 3202
4383 5640
1026 5295
2699 3879
460 4588
2119 3098
1070 3922
230 2931
6255 6448
5774 6065
1748 5640
1188 2409
3047 5013
110 837
493 7375
575 1270
1566 5786
2452 5839
1523 4135
2343 3484
1937 4432
2847 5271
3730 5057
866 5166
2223 4949
2593 4122
3160 4393
3090 4058
5135 5522
3442 6561
4603 7259
5321 6729
132 3274
3987 4310
97 601
1488 7544
1949 2224
535 5844
748 3914
1877 7357
501 3222
4100 4139
3913 5078
4668 4914
6119 6558
2873 5970
4565 7220
3467 3684
175 1082
1059 3896
5622 5842
3274 6394
6267 6599
4965 7453
76 4395
368 6463
2232 5364
3619 4653
169 4982
4690 6397
1744 2656
2902 5374
40 3983
814 3218
257 6493
215 954
4071 5660
4489 5269
4478 7531
2567 2663
3359 3816
305 3853
893 3538
1880 2250
978 7260
4459 4747
760 7192
98 680
657 4201
170 2208
1636 5689
2367 6455
5505 6946
38 3841
374 5448
1321 4709
856 4212
1312 2947
4489 6489
1469 3262
4367 6817
3468 3830
3057 6498
6204 7380
810 5891
1837 2619
6241 7067
218 6158
410 3123
1945 6433
4066 6954
1981 6875
1818 7394
3757 5174
3584 7121
1331 6270
133 6877
4590 5208
1257 3293
5700 7254
4784 6302
51 267
2489 5440
4047 4311
4576 7635
1733 7375
2292 2940
2274 3324
1931 3054
1055 3392
451 5714
4631 6281
1235 6500
3065 3740
1339 5631
3843 5240
856 6910
2938 3530
327 1341
4545 5924
2279 6331
3863 5395
5530 5998
1317 5616
757 2861
1637 2168
1088 3663
2379 4602
309 644
4268 5022
4413 7097
144 5847
3640 3642
4624 6018
5546 7594
2057 3970
3819 5524
2798 5566
3195 3724
3894 6793
2719 4731
570 3736
5565 6637
1762 1822
2055 7430
1637 5254
5245 5496
731 4087
2930 4118
717 4154
709 4551
97 1896
855 1047
2292 7271
4944 7036
5085 5451
1634 6613
2001 4070
921 6532
4648 5778
2851 7067
5835 6408
657 3384
248 1333
1145 6887
2053 3602
4215 7124
2316 3243
3506 4056
1511 1865
827 3260
3748 5784
992 5704
5782 6795
3715 7614
3666 5696
458 5126
6323 6446
231 1619
77 1903
4765 5138
2395 6659
4177 6383
2357 6655
2096 6547
510 2831
1434 6816
4832 5359
3321 6628
1527 5809
544 5182
2881 5810
3213 4225
781 6829
3319 4745
2026 5120
164 4178
1038 2590
5739 6075
2626 3027
3072 5435
291 1949
1034 6226
1029 6506
1677 6076
1317 6146
5018 5190
5307 7452
1433 3277
3933 7486
3671 6107
1621 3288
3772 4173
2605 7040
1110 1475
2692 2906
676 951
272 690
4097 5838
4031 5679
4530 6621
102 6084
649 4784
1993 2127
2333 6236
656 7510
360 6898
4886 6892
2338 5816
1988 6085
231 2719
2075 5796
422 6897
2433 7122
2350 3630
1444 3767
899 4731
4171 4607
5166 7208
3961 7314
6455 6933
663 3279
4863 4891
3830 7140
4671 5142
638 6024
1230 1362
1646 7631
4415 5841
4103 4654
816 6569
1935 7096
2998 6346
1642 1772
606 1260
3092 4332
1781 5146
1960 6790
1767 3233
5239 5279
2486 3868
5094 5522
2351 2988
2262 3664
34 5728
3561 5928
2626 4411
2700 3371
828 5221
3589 5317
208 2718
4501 5810
974 4199
2434 2607
3499 4960
1297 4861
5884 6438
663 5612
499 5294
1639 6997
1286 4831
994 6997
2373 4190
1279 2823
4079 5576
193 3032
766 4914
1956 6748
2244 2954
966 6391
674 7193
491 7347
891 5994
288 4015
497 2887
210 7295
4565 6694
2155 3347
312 2244
3749 4387
43 6199
6911 7273
2320 3404
4272 6994
606 2539
1069 3452
3574 6930
6483 7095
992 6384
237 6861
3920 6241
849 7131
1416 1546
1097 5363
605 7584
2123 4304
3880 6860
4573 4623
442 7039
168 3652
3172 6797
346 7239
1250 7613
2149 4315
4126 5182
537 565
1041 6979
136 2148
662 2590
2355 3732
1907 2654
1576 5392
4037 5842
5769 6627
2114 6256
2411 4832
240 4499
6659 7352
292 3826
3666 4351
784 1460
2624 4201
3152 5102
4380 6414
259 1485
4122 6013
2693 2755
2135 3636
2994 4834
3716 4693
47 1940
339 5884
44 2402
2801 3080
6812 7458
2400 6771
293 7291
3733 4709
965 6256
1193 4312
5244 6988
2008 4862
3273 6042
2020 4002
291 2239
4800 6480
5642 6392
853 4618
862 5595
3189 4437
3210 5863
2287 6256
646 2423
1166 4232
397 4506
1052 3493
2411 6938
657 2700
2530 3144
3859 5039
1254 6924
3376 4744
4569 7379
3643 6997
2112 5106
122 764
2555 6945
1673 7236
390 1667
2154 3816
1760 7566
5939 6380
1644 5324
3688 7184
1100 7372
6072 6336
4854 5795
1269 1528
5745 6413
4845 5537
138 2825
3809 5869
2706 6240
565 3363
476 1058
2203 5261
3879 6336
1321 2215
751 2615
1591 7397
625 7342
2732 6507
1131 5524
5022 6213
478 5166
1359 7330
2713 6701
3497 7173
1388 5151
621 6456
3666 5963
3242 5468
1021 6587
35 6091
1459 4724
1502 4301
2718 5306
3895 6710
2603 4721
2875 3670
2160 5063
1768 7537
2433 2608
182 1637
2201 2973
3279 3420
3399 3948
5173 5532
1046 4746
2344 4361
459 4261
6814 7432
559 2728
287 1560
4683 6545
2335 3419
1052 5866
2214 6907
4584 4594
4380 7427
272 4121
4322 6296
3219 5166
565 5803
3057 4388
1795 1828
2271 4046
4453 6877
1979 5857
430 1746
5648 7120
3634 5578
2346 4211
4602 7253
2571 6034
263 7307
3868 6202
6275 7092
1844 2057
205 5106
1453 5751
180 4437
423 2157
657 6344
2968 2993
1034 7005
5989 6897
1691 5281
143 896
2353 5347
3515 6418
38 1710
4104 7455
293 5412
2477 5038
2956 6943
3433 4063
4163 6895
1206 4311
626 7255
1180 1635
2147 6559
1174 1501
1041 5016
4851 7595
3718 5805
124 5906
5450 6737
1448 5094
3843 5637
1022 5858
4139 6556
685 2597
1347 2773
309 5038
3542 7510
4915 4963
6336 7086
2769 5962
1941 3525
3873 7393
5580 6244
5366 5605
1659 5511
1834 5462
5146 7067
2846 5639
1785 5078
6137 7261
2224 5371
602 874
4055 5965
1721 6033
1792 2571
802 1748
1355 6853
1663 2766
1809 3002
2850 6932
2519 4477
1274 5137
803 5882
1075 2481
3301 5057
4163 6846
106 7192
6830 7316
5988 7567
1167 2644
5380 6320
2168 3719
3456 3774
979 6447
973 6082
5432 6083
6720 7559
3434 4249
675 2268
5376 5386
1972 6271
1643 3610
1650 4924
551 7483
1261 2331
3594 4487
494 2322
7034 7319
4452 6581
5862 7337
2363 4701
893 7056
953 3782
4926 5390
1097 3999
2664 5198
4529 7534
4819 5813
2303 2305
4913 7400
7370 7475
1927 3179
1485 3268
4580 5306
5541 5613
449 995
1550 2427
919 1331
6157 6385
3520 4133
4624 4648
1178 4150
1593 5058
5271 7101
1153 3269
6276 7306
603 3398
2510 4992
999 5614
3094 7035
4648 7417
1578 7621
1427 4386
636 4963
703 6910
476 5538
3022 6673
6344 6611
6019 7243
1736 5202
1297 4641
1256 7037
3263 6657
2397 6132
158 5669
680 4484
1927 3803
1821 5131
1393 4351
278 5409
2387 6530
5933 6780
6234 7447
3150 4873
6377 7367
4590 7275
180 6238
3352 6896
2084 3430
5272 5860
61 7021
2706 3138
1908 4225
640 1652
6446 6909
639 4239
4014 5036
2406 5213
1132 6374
3822 5473
96 2659
5135 7041
1096 1414
2495 3009
1947 2046
1894 5589
2823 3839
4429 6939
6698 7413
6355 7254
1594 3247
113 5099
1936 3535
164 5855
2070 3773
1739 3637
24 4584
4745 5818
1655 5055
2825 5098
1008 1078
6105 6161
2887 7261
448 6155
5188 7167
5370 5944
184 3388
3119 7535
446 5824
5072 7143
4046 6072
3518 3665
429 4959
961 4911
1217 6104
609 3769
6285 7576
4424 4695
2312 7497
1401 4126
6128 7342
3742 6146
6529 7013
4284 4364
2884 4563
3049 7240
2047 6722
927 5486
2011 3974
1746 7541
2742 6461
3163 5048
1769 5836
818 5305
4320 6952
2374 5189
1311 3621
3269 7200
941 5242
514 2882
565 4970
4164 5369
2657 3945
1468 5044
754 3701
5565 5758
4302 4379
457 4602
1793 3919
1467 6015
749 5599
55 6603
523 4256
2455 2575
296 3987
4181 6300
1444 3301
4982 5816
3273 3869
1541 4137
1598 5982
1747 2510
339 1211
359 6237
5370 6716
2745 7238
3483 7415
465 3524
3702 3788
1979 3741
2252 3950
2235 6782
307 431
3294 3598
4119 6401
753 1488
901 6826
1123 3147
102 1165
3510 5501
2805 5002
487 4018
2527 5771
184 1672
1563 5906
1875 5149
162 1334
5647 6948
2151 2621
3760 7239
3030 6384
276 1655
1593 7096
4356 5310
4623 7492
3396 5918
2870 7494
4831 7194
131 3310
5523 7214
3787 5592
3188 6953
3949 4005
3037 3320
3641 5299
1482 4241
4480 6631
1096 4905
3205 4487
1444 2687
112 4347
1501 6529
451 5331
6298 7551
1384 2175
5839 6957
2578 7118
7110 7318
355 3575
6723 7301
3062 5255
6263 6845
622 3936
743 6673
4625 7326
1117 4381
3488 7093
1277 2681
1013 7517
5395 7492
577 6317
848 2312
861 1963
1680 1719
5691 7587
489 2672
3474 6399
1019 2872
6063 6771
1783 2013
20 4561
3724 7096
5515 6435
738 1893
1573 4780
7184 7600
4183 6056
4564 6085
6274 7223
5173 7403
2319 4396
1481 4969
2048 4489
3799 6546
2949 4199
390 2157
2857 5089
5337 5913
981 4585
3756 7193
2811 4528
2946 6099
1372 6472
1197 4409
1379 6616
2726 4031
20 7121
2743 4031
4937 6776
291 3477
3907 6030
2795 3528
1086 1885
859 1691
3484 6965
2170 6562
2668 3676
908 4305
5571 7520
4937 6780
1104 6903
1186 6257
4356 5968
6720 7571
2424 4016
716 5887
535 1700
278 385
3596 5815
2283 3421
244 7141
229 2313
634 2565
3320 3874
4638 6071
3763 7406
2854 6461
6498 7182
1071 4734
766 5597
4233 4769
3001 3840
1078 6910
2965 4308
3616 5591
6933 7054
3577 4548
672 2285
3123 4327
596 2108
2969 7296
936 3202
219 3412
1568 5825
3223 7224
6298 6916
4146 4179
5118 7642
4218 6583
3025 3573
1111 5010
519 5555
1875 4467
3949 4932
5813 6892
1401 2734
3019 3234
1889 5288
752 886
180 1538
145 2434
2533 5024
2267 2782
1462 7095
704 4810
7072 7289
1006 6746
3270 6473
4473 5795
2207 5915
1762 2202
335 3729
3 4570
239 2259
1006 6506
1885 2007
846 3819
2569 3600
2523 2532
4811 5631
7305 7637
1258 2232
1992 2494
5607 6715
5290 6064
2984 3820
4056 5622
1431 2749
2814 5926
189 2908
5044 7101
2935 3904
4309 5178
5809 6769
3128 3894
3920 6298
920 2951
875 1252
1401 5798
2813 5177
2348 7093
4865 4986
2763 7213
2622 3019
465 5617
3574 7133
6685 7501
4666 6125
1433 7523
1202 4815
484 3235
4476 5205
2046 2739
955 2389
4140 6659
377 7026
350 7072
334 5062
739 7091
2813 6075
3036 3851
4880 7020
4735 6453
530 1995
968 2316
5896 7387
161 5323
1862 2746
2298 5268
472 4084
4497 6355
1472 2419
5015 6235
3081 7128
3247 6881
811 3920
1338 2807
175 5913
1783 6709
443 2619
2100 3629
1436 6558
3253 5040
438 1055
438 7533
3153 6897
6146 7638
5137 6890
4618 4713
1892 6982
553 1137
3249 6084
3521 4916
5035 5457
3290 3552
1514 5618
8 6443
4269 5958
1356 3354
1133 7030
351 1362
2602 4856
5988 6404
1773 2754
3492 4392
3304 3962
888 7075
3734 5792
487 688
2471 7264
3013 7053
3136 6045
2968 4641
4267 4371
2909 3007
3070 6318
3245 4562
1376 1547
425 1887
4317 7386
363 5743
3120 6471
803 4784
0 5774
349 2252
4712 6278
383 6948
115 1552
1465 2811
4731 6198
3617 5931
4248 5686
545 1266
1523 7535
241 3235
356 5113
5004 7161
470 2697
4766 6293
1088 3246
2280 4144
436 3905
288 4307
281 1453
1213 4851
1548 5083
4559 6868
121 930
95 2950
3633 4244
3938 7395
2005 5176
3599 3968
444 7449
4563 6193
1248 3057
3142 5623
154 1908
5743 7569
2458 5241
856 7568
5488 6683
1608 4554
3123 5438
5732 6314
2455 7604
2623 6463
6925 7276
5434 6668
1269 3119
2060 3268
239 4605
2045 4695
42 1014
934 6147
3820 5746
6266 7518
570 2352
1093 1260
4309 5748
5076 7353
1622 6231
633 4138
1934 2118
5861 6072
5745 6985
1383 6520
1370 4762
2943 4742
476 4159
2804 4559
1373 3291
5373 7544
201 260
155 1151
3587 5459
5820 7503
5246 5709
4727 4919
484 5392
6639 7582
4714 6257
255 7115
165 3079
815 6129
1364 3193
3571 5553
2875 5808
4571 5172
455 5828
3706 5233
1683 4025
2550 5711
29 6760
325 1377
1 5603
1 1636
5599 5799
2470 5290
1613 2277
5995 6645
4717 6432
3595 6551
2314 5599
177 5310
1348 6879
4269 5245
1428 6908
1058 5388
64 3856
4113 7459
4148 5674
646 5289
2027 5733
2551 5865
3543 6386
2944 3418
3330 6244
6117 6813
1527 1780
6059 6812
2286 4662
964 5647
1781 6196
20 3908
815 5454
2350 5082
2926 2958
383 445
1335 6562
809 3730
7129 7238
1362 6789
1431 1858
2537 2623
5451 7043
509 5763
2206 7241
1159 6216
1511 5241
4545 5019
1801 3018
4462 6432
3978 5717
3163 3831
1668 2030
3713 5231
4144 4928
7367 7373
807 6385
2963 3900
604 6970
2598 5412
1073 3581
1974 5483
1348 2003
748 4853
3916 6388
997 2209
3761 6887
4999 6449
1524 7030
3799 5996
5018 6484
2608 3047
1769 4310
558 2022
3410 5280
2013 4142
258 2679
842 3034
4280 4576
335 3249
2328 4592
1202 3679
1816 2737
2268 4251
2785 7439
460 4538
3710 7330
1344 5981
286 791
4782 7298
640 4218
4403 5994
3645 7257
3902 4453
3492 5679
1935 4495
3740 3764
2653 3573
5705 6155
4805 7138
4513 7646
4092 6317
2751 3956
372 1860
3166 7087
1314 2435
4295 7633
2049 4588
1979 5039
1816 5213
1140 2365
1164 7224
1264 2105
3320 4974
4846 7083
252 5136
676 2397
1554 5416
113 352
1502 4426
1612 7408
3428 6942
548 6017
2327 7002
2518 6293
5534 5774
3926 7589
372 5850
1715 4579
2156 6341
1943 2219
909 5224
5260 7525
1976 5829
4364 7089
3180 6172
972 6970
141 3799
3529 7584
535 3770
223 6223
2204 3122
1939 6709
4015 4512
3936 4364
3862 7247
244 5873
2525 5954
171 1317
7250 7429
761 6252
3368 5670
4258 4453
4904 5710
816 3607
349 434
2071 4468
3719 3893
556 7538
83 3406
2848 7606
65 2008
5372 7307
6209 6321
2224 6436
2357 5161
5189 5605
1175 2756
5538 6951
1615 5605
437 7156
3255 6058
5048 6917
5506 6337
1103 1916
3672 5786
471 2325
3437 7249
2827 7469
3332 6639
1682 4925
1774 1809
811 5904
4423 7086
5447 5854
480 4342
1760 3475
4222 5777
3352 4485
1601 3227
1528 4321
4993 5467
2377 3332
603 2437
2685 3671
966 1206
289 5486
1208 5431
951 3474
415 1306
5403 7586
4101 7106
1365 7628
188 739
5521 6982
520 4283
5863 6056
4124 6691
506 6811
5745 6531
5902 6619
282 2370
1426 2751
4070 6319
136 4775
3871 5401
2765 5631
1707 6345
4083 7432
540 7288
1039 5546
2898 3089
4780 7321
856 5478
5312 6157
5014 5764
6286 6983
1192 4221
4735 5588
2929 7598
4078 7441
3244 5015
4410 5236
3940 6686
1101 2660
812 6125
3646 3967
276 7037
2294 4949
233 766
3054 6468
2179 4845
7137 7394
3405 5261
1345 6167
6913 7353
4700 6979
1665 4016
2404 3133
1328 4055
2329 3863
1454 6747
1441 5332
3600 3937
3137 3784
2695 4391
4685 6939
1982 2705
2620 6882
2306 2789
4563 6875
30 5315
1160 5207
632 669
2320 4147
3625 4164
6246 7197
2154 4161
3597 6013
4836 7446
1468 2781
897 3533
2985 3937
7146 7209
1956 5747
385 4065
1716 3103
2198 5458
4574 6467
201 3661
1031 3113
3156 3547
355 3740
92 1110
1495 4690
4916 5739
2814 5033
532 4147
10 2979
227 5158
964 2096
5908 6688
1729 2039
1128 5641
2485 5766
5944 6735
4153 7158
2092 2797
1631 1751
6372 7390
1362 6586
5332 6027
1717 2449
3041 4264
1193 6393
366 4430
1941 7255
5413 6152
5164 7212
4115 6719
408 3624
1322 3074
4489 6441
32 7016
4199 4297
681 3124
1373 5205
1577 2875
7307 7464
1038 1326
237 821
3283 4440
1233 3435
5323 6583
4038 5603
1436 2748
5379 6483
4279 6769
944 5415
533 4758
3343 6441
4127 4577
6039 7611
2570 3798
82 6825
318 2231
777 4349
4237 4761
1679 2700
6091 7030
2897 5086
2197 5324
5941 6639
2094 3328
1537 5200
4927 6575
2880 4903
490 1529
253 948
2941 4884
2727 4095
3888 6914
3038 4033
2607 7428
2124 6558
502 3569
1591 5330
321 1721
3461 7512
549 3991
646 4269
7091 7379
6171 6941
2869 7137
5155 6817
628 6912
669 5037
3683 6798
1439 6582
2250 2560
1934 3938
3841 6512
3394 3621
4063 7397
1546 4830
4308 6418
4245 5870
2281 6491
6581 7291
5712 6089
2259 6854
5070 6469
5546 6712
2593 4681
295 2683
3821 3961
3097 5519
3342 7334
5362 7237
1642 5164
766 4472
1443 4782
6617 7465
3367 5140
6253 7387
1578 4291
3935 5938
4209 4354
2596 5298
4442 7116
2037 5641
832 3597
5361 6323
6965 7035
960 4922
583 7293
1105 5195
4143 7393
517 5923
3106 6281
5005 5144
430 1517
782 1300
402 1819
4053 4746
2412 6648
3183 3306
238 937
2107 3519
1540 4048
792 1457
1182 2377
453 2625
317 6040
227 3821
2827 4958
4446 5242
938 6453
1969 7593
1203 4321
4114 6333
4237 5555
2350 6823
2851 4697
2588 5845
2515 2866
2556 6760
1243 5788
1823 1940
2213 5889
1180 6157
1288 6857
4682 6427
2619 7449
4557 6747
2633 5412
811 5574
563 2184
3652 4691
5205 7638
793 7422
4079 7133
3282 5891
6 201
3933 4092
5625 6654
2888 6538
3218 3246
1580 6784
1740 3133
3281 4567
3677 6313
4654 6951
4329 6245
719 4764
1004 2378
3712 5721
2796 7087
6270 7390
2491 6406
222 5891
170 6375
3289 6791
722 6324
3682 5520
6299 6821
873 3692
197 4828
2807 3673
2668 6837
3249 6494
3046 6753
1769 4287
6593 7137
583 4553
43 5281
3925 6039
1458 5750
4016 6682
2049 2958
3427 6653
4146 5970
2 2592
791 6789
1338 3098
7254 7351
4907 5754
2821 4721
115 2968
3322 6067
3528 6210
1127 4117
3951 6000
6837 7190
1643 3626
1782 5394
310 2479
5519 6747
2863 4032
3698 6505
5870 6956
2239 2760
729 5660
1518 5897
1075 1308
1883 2212
5035 7184
2716 7611
6449 6939
3646 5605
4430 5836
1393 5595
2783 6144
2049 5273
5923 7377
3093 3482
1900 2253
2765 6711
751 6995
4703 5706
2104 5131
1116 5441
1464 2779
777 1342
645 6370
2796 3774
3478 4908
1578 4603
15 5736
973 3672
4588 6677
2021 3614
891 5398
4298 6006
507 5361
19 7040
2399 3914
4684 4931
1564 4969
1833 6049
287 6420
308 1783
2345 3914
1776 2971
3085 4648
483 5424
509 7437
1201 3262
893 2867
4447 6318
4811 6594
2942 3702
1559 1992
5353 6108
1333 6794
775 6939
2585 3872
2932 5309
2523 2805
1180 6795
6622 7048
2720 2894
2276 5615
3284 4597
5994 7025
6672 7141
3334 6568
2862 5982
6176 6586
545 7442
1996 5046
3548 7336
2257 6550
6879 7413
4232 6061
829 2440
364 7263
4329 4610
340 4659
1132 2772
3898 6219
2258 3349
19 3863
360 3819
1998 5809
41 2637
1232 4092
991 5788
3219 3454
4140 6542
1294 5697
4476 7003
87 1333
2129 4714
1006 5381
2233 4413
4197 6424
6200 6344
127 2184
1018 1303
355 1220
7116 7263
474 3379
649 6072
1538 1693
1258 2668
2304 6036
769 2962
3038 3410
5409 7347
4397 6432
1674 6265
1948 3536
2492 6866
2041 3913
2515 6351
893 5185
3057 5305
1960 7375
187 2140
1335 5475
2424 7377
3683 3782
7222 7526
2465 2545
2891 3656
2687 5408
794 4635
1351 6393
3351 7270
6060 7047
1124 4798
156 505
4171 6070
529 5411
1546 7429
1211 5024
1240 4176
528 5399
5557 6803
2208 7102
1731 6171
3903 4090
2950 3886
2662 2778
4590 5615
4230 6508
565 3131
3892 5712
2662 6061
4138 5287
4199 6727
5575 7001
2052 3715
3782 5131
4000 6315
142 2915
811 4122
4050 6902
206 581
1245 5103
1431 6800
978 5538
6825 7254
3193 4662
5221 5761
3355 7538
2426 2886
1436 7526
2785 5137
881 4656
602 1920
517 6645
820 1564
2228 4772
419 5947
3066 5023
15 997
4814 7306
1651 5477
4619 6249
1423 2050
1129 1771
103 453
3025 4187
783 4745
4251 5160
3955 4915
1595 4835
236 4706
1751 6745
1293 6286
1732 5513
1272 1284
1652 4718
2486 6418
5151 5429
1387 5295
361 7443
3807 4977
5627 7465
3526 4342
557 630
1360 5683
2956 3600
1987 4906
1449 4736
970 3715
1278 1874
3310 4766
4364 6287
2841 3349
4338 6800
4387 7446
5611 7603
1813 4358
3354 6987
2693 6618
4108 5406
2662 3551
3805 5108
1716 7024
2206 2820
14 270
1886 4520
4562 7163
613 965
450 5379
3017 4287
3944 5220
2300 4783
3830 6745
2494 5258
2567 5091
1069 6599
3344 4374
4780 5206
6141 7388
2138 4924
479 5520
3271 6869
1782 3118
6137 7332
6784 7433
2578 5254
2451 2519
5577 5788
460 2472
5314 6827
4488 6032
1876 4439
861 2235
2965 4972
4995 6202
4423 7329
6142 7136
3779 5523
3752 5733
6591 7048
2842 3683
5113 6438
3528 6702
2833 6382
3837 5098
463 6115
2482 3192
6503 7088
4881 7226
1254 7201
3 3053
3781 7624
1660 3995
2320 7541
2968 7249
2721 3588
5552 6510
2315 5467
5832 7009
7251 7552
6301 6679
1435 1914
2174 5140
1759 7554
2194 2277
98 4792
6418 7283
1172 1460
31 4277
1804 3941
623 5844
2631 4502
1919 4336
6050 6396
2162 6087
1447 4842
1589 1618
2695 6618
133 3395
5713 5947
2617 5425
932 2099
869 4032
2790 6321
4302 6832
3496 6392
1127 2402
895 3355
4074 4885
159 6880
379 2777
2480 5628
3141 5403
4471 7617
6325 6485
348 6754
3749 7078
3329 5841
222 356
491 1435
2729 5673
2718 5707
4211 5386
285 1557
186 4330
310 2801
3565 6177
1488 6583
89 2819
7 1954
1838 5468
2 7235
4869 7045
4189 4789
2766 3022
2441 6371
443 5076
2510 5826
3037 5628
629 2195
1140 6425
3580 5176
721 5212
3895 6626
1881 4942
4439 5952
4167 5522
3234 5387
2912 5387
4056 6067
4604 6554
4599 7338
596 5287
447 4135
398 2427
4718 6185
2433 7592
837 1059
1112 7583
1512 5085
3178 4004
1450 6015
3224 4191
2490 3715
1280 3772
2643 6209
2124 6355
94 3883
19 5617
3573 5221
1031 6333
1204 2899
114 584
2697 7135
121 1210
2740 3553
1302 1499
786 2634
994 3833
2199 5167
577 5624
2169 3567
831 7472
2323 4022
1675 3958
4619 6888
3168 5038
1449 1797
2507 2828
384 7205
1206 5272
4759 5791
2299 3771
6054 7606
3005 5475
1904 6696
3018 3924
2386 5562
3321 6732
793 1584
218 4522
1139 3578
1198 2111
2803 5944
2149 5802
2085 5913
184 4594
3584 6419
4070 6172
1667 6845
696 7411
3114 7470
1868 3140
4687 5810
708 3942
1544 1592
1311 5220
536 3901
3472 7622
490 7561
2277 4610
1472 4209
4638 5191
95 3217
4260 7475
5482 6748
1126 4539
3720 6020
4236 5580
3028 5958
537 1646
5166 5549
2021 7448
1445 5059
2499 3636
4502 4792
4515 7164
5958 6425
76 5404
728 7084
2079 3784
888 6352
4147 7194
607 4052
533 6672
1171 6335
1509 2308
4060 5412
4271 6632
3334 6165
1235 2030
1808 6441
285 6704
1627 5832
1755 1833
6567 7349
1902 5293
1450 6971
974 1382
5059 5606
3030 5516
1477 6940
1227 7316
5109 6781
1928 4987
7056 7291
2331 5902
1695 5773
869 3450
1138 3102
2797 5812
4195 7590
2215 4113
5830 5955
1469 6048
350 2487
4356 4779
1627 4544
1257 5469
2854 3161
4619 5342
1391 6665
1912 4939
6696 6841
3912 6731
2587 3785
1376 3535
1076 5702
1943 6266
3004 4325
5770 6432
4653 5000
2186 5511
1292 4334
2228 6781
4407 5704
2927 5750
599 3334
3056 7578
1747 7648
2602 4450
5113 7556
1694 3984
3263 3601
4978 5470
4022 5101
1090 6642
5073 6831
320 4336
435 2723
1060 6627
1849 7260
3408 4032
7049 7400
5909 6618
2014 5293
1667 2156
3566 3986
6866 7375
1247 6225
50 3112
2809 3484
4361 5559
1310 7601
942 2606
3606 6812
1433 3808
2440 4466
3560 4349
2192 3912
1153 5737
3821 3912
994 1798
1778 6100
1093 1237
2934 3406
15 5625
3674 6837
2302 4485
285 7577
4008 6033
2133 6810
610 7175
282 6902
813 6892
1501 3441
5731 6928
2755 7525
957 5208
5316 6392
1250 7350
1477 5638
1958 5081
2196 3757
479 3553
2212 4473
815 6445
3570 5700
839 1885
2656 6951
1046 1132
4161 6408
2979 3823
3253 7203
1663 4326
4959 7037
3473 4053
1209 6176
1572 3687
1494 6723
184 1205
2166 3346
384 2561
843 6237
3027 7548
1799 1975
4904 6285
4101 4545
4422 4716
425 3885
609 648
2602 3660
2600 3048
3637 4476
1433 4536
665 3067
2590 4173
3286 7426
2528 3395
364 3151
1089 1491
270 1563
1343 2255
796 1420
5710 5966
5259 5868
6181 6558
3352 6160
901 5486
1110 5351
946 2666
3144 4328
689 3072
4920 5178
2181 6290
1701 6115
6444 6841
6113 6411
3486 4542
5566 6747
521 1366
1799 4566
7045 7424
3274 4084
3437 6916
1929 3013
3687 6489
1196 4217
907 4216
2467 6198
102 5796
1492 3333
2861 4641
230 4164
1992 3752
2425 4834
911 5026
5430 6814
2592 5311
4849 6383
431 3208
1798 6240
5914 6315
3174 5408
174 882
4230 6612
4766 7461
854 6697
1370 4229
3550 5780
946 2480
4660 4723
3555 5320
1160 1539
183 4047
3494 6744
6204 6734
1615 3750
477 7320
1063 2211
157 5470
3294 7101
1210 6525
4526 4884
33 481
3158 3504
1632 2648
927 1928
1371 3278
4374 5936
6573 6926
5156 5231
4379 4886
1237 6460
5135 5654
3745 6797
3300 4406
6630 7040
1067 6173
2048 5590
1570 5431
3783 5958
1251 5184
2127 6431
2627 5889
823 7114
702 4477
1145 1714
684 1239
6667 7127
1618 6724
3713 3935
5929 6198
492 854
3858 4369
354 533
471 7197
2085 4874
4524 5452
3010 6242
2383 7293
834 5318
1248 6697
97 5784
5128 7382
3037 7242
2368 5666
2436 3750
996 3631
1085 4357
1337 1653
1009 4468
1495 3751
3592 4472
374 2854
2556 3650
489 7025
2512 7590
1169 3490
225 1096
2291 2790
3327 4557
198 2594
2464 2806
2039 6655
1625 6816
4486 5173
2763 4576
2013 3260
121 7167
2139 3825
1118 1371
5173 6926
989 2411
204 4948
1046 3503
27 478
3444 6361
4780 5698
782 4284
4802 5428
3605 4528
4645 6528
2834 6245
672 2964
3111 4868
3521 5413
1679 6457
3291 4012
5704 6549
403 2034
1870 3703
7 1034
3453 3595
3675 6853
1071 7485
3476 7577
6595 7640
893 4426
2468 6056
559 620
4297 4333
668 3145
5635 5962
6540 6638
1460 3823
2760 6366
321 3622
5096 5189
1266 1318
934 4743
7192 7222
660 7241
4220 4300
163 1263
984 6665
1738 3643
5358 6348
1601 4051
734 1268
520 2546
5050 6734
536 5747
104 1283
2543 6100
428 5965
2614 7231
28 3995
1620 3318
3867 5982
4956 7320
496 2762
2990 3916
2921 6089
5061 7638
6041 6720
2113 4204
2295 6923
774 3711
1544 6633
1503 1554
5767 7497
3422 6535
581 1797
2466 6479
3032 5006
5320 7561
3757 5233
1000 1634
23 6507
3979 4914
1011 2695
2527 6480
3286 5156
458 2674
1141 3322
1156 3322
410 5089
3631 7501
4823 5939
391 759
3813 7352
4090 4327
1168 5038
4487 4601
5 2659
2029 3294
1005 3912
1620 2856
1033 2853
6254 7385
1054 5187
380 5338
7025 7570
4095 7356
1721 7380
1271 5564
4503 5714
1427 7537
1436 3011
5924 7098
780 6250
4989 6656
5644 6716
1354 5889
464 5694
5614 7173
2453 3158
625 6325
6179 6341
4763 7160
2250 3057
1886 4439
3095 6673
6788 7127
2490 6445
2746 3047
2177 5004
629 3487
917 6852
4568 4904
5447 7165
6033 6594
12 2482
2689 5644
7161 7258
2892 7625
633 6698
881 1163
751 6372
1372 6439
2899 3648
5155 6088
2995 4640
1020 3964
5918 6621
1011 3123
1515 5945
1063 4389
1212 4208
3098 4781
2706 3203
4248 6796
2548 6363
3595 5051
258 2190
2514 7317
1162 5471
1193 5199
876 3045
3452 4152
62 1701
3409 5399
410 4801
787 1982
5100 5475
4064 6545
2925 3176
3275 6634
3465 6074
4570 6084
5922 6777
2789 3162
5694 7545
1330 2354
3302 5229
48 7036
1857 6708
2588 5478
875 3774
956 1498
1298 5295
1811 7642
4864 5133
757 1377
6438 7122
1793 1982
5594 6099
3231 4154
6715 7612
1832 4375
4161 7316
5088 5244
1863 5171
170 3090
929 5008
4017 6438
1159 3692
1575 2221
1636 3640
4387 6353
2680 6032
1736 7512
1112 7285
5667 5915
5262 5935
859 7559
6396 7009
3671 6063
3980 7332
4701 5159
675 3556
1036 7519
131 3908
595 1935
346 4361
1417 2177
3353 4712
6505 7517
1451 1575
3034 3655
934 2885
937 1116
3295 3729
3519 6345
3615 4446
3865 6441
579 1240
1665 6125
4725 5922
4347 4487
2886 3415
2485 2932
998 5822
3890 4455
4491 6237
299 5026
2561 6237
2451 5420
2241 5105
3819 7004
3413 4663
1886 5775
4359 7531
1982 6221
4984 5815
2287 6029
518 6778
276 7400
379 392
1082 4005
3526 7146
1924 5111
478 3325
2005 6928
3294 7251
138 2420
6901 7021
1613 6882
242 3853
3128 3970
2785 4881
484 6025
1114 1833
2276 3421
106 600
4851 7377
685 5910
2329 3263
3497 5252
3894 6206
947 4360
534 7286
3343 6113
1879 7003
3195 5370
729 1345
2707 3185
2047 7139
6346 7318
288 1189
2164 5899
2474 2766
1915 7202
2387 4835
210 3175
2074 5363
2875 6941
2974 6653
3639 6653
1735 3789
3924 4836
3895 4854
729 1959
252 6733
4958 7397
14 7572
821 4261
6319 6611
4463 5059
5574 7165
6823 6888
2534 4689
3741 6667
3093 6001
409 4383
1102 3125
45 1310
3915 6058
1640 4063
1610 2825
1780 3968
2496 4949
5607 6039
241 6681
5880 7166
1519 7323
233 6521
3291 6214
2583 6124
2802 4609
3798 6469
5503 7066
392 7198
1415 4942
3534 5254
3459 7633
6968 7346
5651 5949
2024 4312
4487 7117
3240 4001
1612 5568
1025 5704
4881 5734
1713 3416
463 5678
294 3969
623 845
347 3332
4478 7613
239 3869
1938 5098
3578 4255
962 3478
5985 7247
3472 4950
1399 4973
4567 7632
3160 4066
2790 5263
580 1824
838 858
139 4767
2045 3191
437 5863
2963 4349
3325 5704
506 4725
1477 5713
2276 3129
2255 7025
1220 3390
508 6072
4545 4603
2622 6599
2099 2630
566 1808
1353 5549
2581 4377
5860 6545
2735 3749
2472 4534
5677 7395
811 2901
3028 6735
1171 5300
4066 5462
685 3712
533 3771
629 3348
5095 7015
1016 6240
1312 3543
23 452
3244 7025
4011 6126
583 1315
1941 6716
2005 5286
3970 5070
627 3634
1368 4267
1658 1673
6669 6719
700 6281
5312 6424
4939 6315
1849 2056
4759 5990
2393 7218
3444 6285
5704 7039
3428 5374
4819 6609
129 747
2960 4942
2985 6158
3257 6929
1698 1867
1014 6095
2757 7218
880 1135
1532 5274
3176 4208
687 7219
825 7040
595 3920
984 4781
6917 7619
3567 7592
680 6876
192 1606
3608 5386
6586 7582
268 4532
2420 6848
1442 2519
343 6701
3717 6200
362 766
6156 6491
1601 5758
1933 4268
621 7102
3743 5920
1874 2386
4306 5091
1683 6923
1260 6348
3139 7508
4375 6486
3620 7393
205 7242
6259 6504
4811 6060
402 6758
2913 4292
850 1201
238 4211
5947 6100
1457 4750
908 5505
4510 7467
542 3036
3199 5622
1953 3962
2206 2860
2465 6677
645 4137
7010 7640
2017 7330
4473 6908
2258 2500
1717 2561
3558 4066
2885 4031
6105 6112
619 2127
2985 5707
3167 4472
3227 4911
202 1991
4357 5260
4100 6385
1233 3336
4137 6222
138 1831
2456 5363
4441 5297
77 334
2887 3207
2337 5268
3428 4713
1946 5401
5705 6682
5544 6184
161 1277
3986 6660
1212 3982
5880 6899
3070 3514
312 4173
231 1147
172 5453
4936 6079
2107 6721
18 6965
4699 5241
3402 5363
5204 5665
2767 6589
504 2282
1025 3997
4350 6314
1048 1288
5797 7638
3353 4149
745 2723
1601 6508
1666 7469
1487 4494
7220 7442
686 3228
1175 6518
1640 3361
3447 5021
3615 7429
105 6694
383 5807
185 6166
4338 5006
2139 4087
1509 3797
6284 7480
2242 6968
170 3924
4946 5021
3122 7616
3132 5166
444 5772
5265 5297
1974 4197
395 4030
1611 4893
5132 7149
765 3376
3105 5507
4035 6684
3358 5337
4133 6090
3092 4285
303 3964
1694 7624
1627 4179
4802 6698
1555 3747
301 1538
1808 2622
93 1901
2345 4566
3976 7293
3601 5934
1999 6432
2489 4750
2738 3571
1790 6736
713 4216
98 3761
4753 4839
2393 4739
5718 6673
829 7294
3438 4993
1536 2161
1672 3298
2168 5273
3663 5222
4093 4817
1690 6665
4318 7408
30 5714
5729 6858
1574 3694
6130 7302
3625 6431
962 2609
23 6863
622 3891
409 7065
3796 4691
1827 7099
1706 6550
3311 6620
65 6392
299 1689
1330 2143
4116 5281
1735 3504
2888 4980
5822 7163
2069 3775
3295 7356
1137 3864
3223 6850
3083 6460
1601 5413
2633 5922
102 4183
2033 6410
168 1202
122 5180
5447 7316
4775 6915
1400 7575
1678 2893
1238 7346
3212 5609
5109 6512
5574 6921
5240 6766
444 6989
3840 5239
2477 5143
6507 7621
6907 7319
4121 5544
490 1719
2625 3817
337 6311
315 6040
3972 5717
2700 3657
3041 4277
4213 6916
570 5349
4712 6207
545 5263
24 1195
1198 1827
615 732
1218 6602
4730 7519
307 1066
3649 4695
1336 5023
4978 7543
2244 2284
3281 3396
4252 4588
328 1327
1731 4927
593 4058
1964 6428
3388 5941
918 3585
2014 2577
7528 7626
82 3941
2578 7229
2233 2431
879 5133
1113 6568
2531 4229
4416 7057
4394 5391
2824 2872
2497 4102
1847 6014
2028 4470
3003 7110
4456 5156
5092 6109
1582 4911
2958 6976
4252 5527
1467 5001
1156 7626
2675 2949
1638 4819
137 450
3135 4757
3692 6036
2281 7097
1387 5710
2127 3944
1032 1081
145 816
2368 6973
5333 7039
2082 3479
4006 5726
2449 2869
2312 4140
2615 6911
173 3535
4510 5479
2940 6748
3623 5015
367 7094
845 4307
2967 6893
4750 6468
1817 5614
5034 7175
6238 7548
4 2571
1707 7071
414 7535
1713 3392
1057 3520
709 4420
681 3236
4336 7404
287 1191
1620 4539
7491 7614
1033 2317
1586 2031
3601 6540
3872 6584
1204 6392
4128 5119
304 716
4317 6472
1974 2105
2959 6178
2367 4719
412 6315
2424 5631
2121 6755
4378 5707
27 2640
3742 5387
1750 5512
5121 5467
6670 7275
3110 5891
1254 3024
309 5803
2001 7166
2716 5084
464 1648
1228 2933
1874 2692
770 6556
381 2064
1827 6973
423 5951
5794 6943
1872 2778
3197 3770
1856 2312
3005 4120
1006 3097
547 5677
1927 6908
4387 5737
857 1835
5850 7064
3818 5152
1654 6755
127 5133
5463 6993
2084 5577
2054 3339
544 6566
3329 3830
155 6327
1587 6681
674 5508
2962 4994
5868 6333
4938 5607
3266 4759
2106 2908
757 3550
2536 2867
476 1331
4612 5361
714 6032
3854 4695
5077 6801
2658 4070
2722 5601
1591 5444
5645 6114
3477 6664
1112 1984
1424 4173
641 5780
4961 5052
1003 6073
2789 4815
469 6635
4069 4233
2112 6517
140 6531
3514 5352
1261 3244
3139 5454
2369 7646
3617 7030
1866 3720
645 5590
1530 1533
4970 7361
6783 7242
3620 7246
6051 6401
662 7199
6372 7476
113 7370
4581 5952
463 1502
5893 6569
2153 5705
1775 7597
3003 3045
2096 5779
5580 6744
2675 5812
1449 5218
1524 5282
2746 6844
760 6274
2863 6135
2064 5710
464 5173
645 7514
3644 4862
2172 2658
3061 5115
2893 4657
605 3502
3484 4212
3440 6365
827 5877
3733 3866
1597 3989
2542 4024
5499 6123
525 2489
3654 4734
2603 5520
1311 2172
2036 2943
3275 4325
2772 4389
3656 6494
2071 6183
5298 6925
1392 6559
504 4376
4350 5920
416 6449
689 3015
1160 4951
101 4114
1197 4293
4073 5208
3052 5321
1379 6365
1263 3568
5797 6221
676 6848
863 3666
3866 7482
1752 2968
2494 3112
1820 7392
247 4193
2519 4830
2409 4199
4667 6316
5216 5558
4456 6740
1904 4951
2120 2716
1066 2360
3124 4661
1060 7066
1410 3662
815 2063
520 2353
5336 6831
6303 6559
3899 6120
368 7070
503 5223
1402 4837
29 3139
3007 3307
1423 6736
1477 4155
674 2005
5151 7643
3185 6719
2802 5883
3519 6214
390 6793
3364 3903
3244 3978
2543 3012
2033 4738
524 1020
2089 6875
2565 7049
5052 7482
3686 6546
4366 6453
4765 7512
65 4018
429 2350
1792 6923
2224 6709
2597 7457
5073 6672
6024 7434
3217 3979
417 6195
1503 3887
5640 6024
5226 7140
1375 2003
1688 7556
2024 6010
5438 7008
5021 7071
2639 5927
2181 4814
492 6977
1745 5908
3469 4292
635 6466
393 783
4660 5538
4580 7194
3696 7493
1722 7220
2632 6002
1067 7354
2820 3566
3949 6515
1118 6521
2679 6949
3853 7611
88 5544
2887 6837
1206 6056
2361 4473
4599 6714
1546 4060
3060 7370
6823 7230
980 5325
3879 5631
1694 6702
6534 6752
3447 5887
1248 1968
677 1484
1879 2847
3850 6803
2246 3775
5274 5473
1683 2204
3795 7131
2575 2688
4677 5096
4793 5928
573 2169
2235 3774
5337 5955
3567 4047
3753 5023
1570 2871
5484 7262
4538 5745
659 7422
3024 5410
770 1031
7068 7358
893 5362
4623 6939
2602 3921
759 6159
3119 5899
1736 4206
3767 7319
1399 7077
374 1011
1766 4740
5953 6640
6196 6537
2068 4365
3742 4632
3245 4598
4088 6573
3693 7195
1018 3351
2507 6084
878 2642
4150 4267
565 3587
1272 2659
3460 4981
237 2307
4713 5011
4137 6738
1967 6742
5494 6362
1828 6031
3179 6653
1741 4415
64 372
107 787
1658 5344
1250 2109
3276 4114
1551 4062
6015 7537
5088 7178
5749 5855
4106 4143
3154 5941
921 5073
152 1485
2684 5264
1998 5703
1356 5295
5630 7097
2383 5627
1661 4942
5780 6003
6006 6897
4684 6315
4965 6990
117 3683
4055 7638
393 4201
3012 5266
3322 5165
751 4685
393 4228
1087 3282
4270 6202
3790 4031
724 4867
878 3888
4409 7536
1811 6273
830 6711
5664 6696
3873 6647
689 4220
423 3549
4613 6773
1228 1619
1805 3216
3873 4951
991 1367
2769 5190
2515 3306
4141 5473
2161 5663
1449 3307
1238 4230
2723 4378
5624 7278
2301 6350
1444 2294
875 6542
311 6036
339 6850
6679 7119
2839 4470
1684 1954
501 5577
1304 6481
252 2279
1656 3350
858 4472
4089 6508
2380 4111
1054 4438
2036 5701
5985 7081
2388 5804
767 1243
2252 5045
4647 6001
4483 5324
6027 7162
3456 5890
376 6606
1114 3283
2897 6401
317 6751
6276 7022
3764 4939
4258 6951
7225 7600
5421 6258
3369 7584
1966 2054
3738 7583
39 297
4627 5479
997 5864
2113 4954
4764 7150
2579 6988
3573 4228
2557 6383
518 1299
3412 5113
809 4885
2945 3632
1304 3365
1971 5763
1295 4805
1825 4183
4989 6938
1052 1512
1346 6529
4094 4771
6031 6295
3122 3641
5462 6844
820 5603
4432 6756
3306 4143
3041 6484
3876 5571
5306 5321
1234 6184
1814 3070
3131 3430
2804 3815
7224 7472
582 2766
591 6021
6049 6590
779 6086
491 3622
1170 3929
6578 6599
4751 7416
316 1375
2229 6124
2149 7161
2581 6619
4148 7578
3153 5014
1298 3837
27 6658
168 4695
992 6643
513 7377
6286 7163
1323 6805
1646 5805
1202 4875
229 3936
4474 4860
5307 5600
2159 4256
2232 5381
5883 6126
4085 7427
619 2341
464 5146
1045 6508
2421 7635
2710 4435
340 7191
419 2398
1728 6181
766 6258
839 3277
3770 6738
396 7178
1712 2107
1590 6812
866 6687
3495 3633
5221 7008
3263 3311
6597 7220
211 2062
1644 2673
1272 7289
1975 6660
6553 6875
1180 6048
1581 6948
2675 5976
5790 7023
2758 6953
245 7614
1188 2003
3794 4184
5197 7511
2324 6819
1801 2396
5308 6850
5727 7626
2367 6804
4517 4646
3516 4250
222 3957
352 1116
2582 7534
6477 7029
2765 3518
1587 7064
2942 7454
76 6930
837 1355
1931 4111
854 2077
2717 4403
5042 5362
164 5630
1358 7144
3620 5455
1699 7020
2319 4850
5675 7600
887 4274
4440 5795
4886 5517
2420 4846
4708 6096
748 5288
5028 6641
3360 6538
1105 5142
1490 2364
3793 7281
565 5422
4259 5173
4663 7272
899 6010
5441 5801
4569 6496
2390 7578
2401 2660
2915 5160
2300 4542
5205 6884
1471 4834
3454 7311
4993 6965
399 2507
4893 5645
889 1408
370 4882
639 6688
4776 5566
1471 6075
1491 7334
6301 7315
5106 5286
5807 6542
4202 5126
5124 7555
1581 6303
2036 4533
372 5767
2293 2526
2168 7630
1231 7628
656 6888
7130 7453
4486 5928
1444 3642
785 7074
2574 5043
4717 5989
4307 5561
5721 6788
4032 7327
5276 5892
2032 6665
524 2365
732 3359
3036 4764
1989 4369
7 6940
3835 4077
3858 6993
3196 3447
120 3291
3458 6015
3233 4646
3454 7055
2308 5911
1017 6402
6498 7611
952 2386
129 3579
2090 2366
2190 7298
4870 6208
2123 2461
1652 7586
5063 5200
174 5228
4417 7021
1647 3918
683 4185
2660 3366
2898 6187
113 6475
5575 6767
1969 2660
760 3188
2425 5604
376 6435
5967 7514
4130 7268
3804 6274
718 7018
5723 6592
2043 5816
3933 6673
3919 4381
1488 5807
1868 4371
7315 7430
73 5165
2521 5685
5215 6661
4646 7292
5005 5412
5934 6958
2851 3496
2282 5767
2362 7233
3150 4184
2591 4956
5940 6071
2640 5882
6965 7048
2669 6309
965 5320
985 5659
410 6401
542 4863
3429 5690
2131 6672
4620 4716
4550 7583
1736 4334
183 2854
304 4215
2161 7221
300 5168
1334 1453
954 1013
785 5751
892 6493
7024 7532
2270 5245
2573 7603
732 761
1077 3819
2679 6660
4255 5704
3501 5950
6542 7391
3025 6922
2646 7420
2655 6641
5910 6211
5455 6133
3611 7071
4513 6982
836 5450
3252 5006
4191 6735
5153 7075
4711 7442
4088 7615
4983 6798
1031 5141
3412 6696
1081 2175
1675 5079
5198 6831
6617 6824
1642 4509
506 5126
5290 5463
2982 6445
1998 7243
1099 2456
2123 4684
44 3171
121 251
1420 2821
4357 5703
493 1612
5334 6837
3294 5614
865 3936
5963 7097
2670 4612
1756 6826
1688 2474
2349 5849
3159 5768
4844 6975
4811 5572
4726 6555
773 5921
150 5898
1880 6294
1984 3186
2220 6266
3931 7053
2640 6355
409 2759
173 285
2422 5514
918 952
1693 3298
482 5628
2001 6459
4598 4933
6471 6996
884 2610
782 2793
640 2943
1331 3545
518 1685
3127 5955
4211 4830
4704 7451
106 3021
3098 5395
1725 4268
2811 6612
85 1438
38 7434
6031 7383
4620 6866
1174 5985
1527 5623
855 4035
2119 3398
732 7636
316 4360
5284 6555
5004 5871
1083 1129
1319 3442
3430 3677
291 6255
2618 4794
4217 7365
3416 4742
468 3921
3364 7513
779 5872
2313 5597
5115 5749
517 5579
3914 4440
4636 4651
6462 6890
3369 3767
3574 5597
4474 6743
149 6698
6113 7233
6242 6456
1540 5533
2211 6667
1809 6553
1952 2961
2925 7291
4197 5193
2780 6510
988 1635
3307 4924
6775 7104
914 6147
1006 1524
1126 6929
2387 5535
2246 6123
2791 2953
1452 7018
380 2796
2810 5864
201 6341
545 4685
3657 7296
1854 6714
5060 5314
1524 4751
4506 6768
758 4390
3819 4283
1623 5577
474 4989
109 6946
3774 6658
1427 4341
5172 6781
403 7587
880 2248
4015 6438
4549 5523
2050 2682
5818 6427
341 4497
931 4671
2349 6255
337 5199
1963 2348
3845 4499
3871 6778
5143 6110
3545 4351
4004 7338
5720 6998
1390 6681
196 4557
3638 4932
6230 6560
332 1152
143 3624
2294 7278
2899 5767
2916 5282
7283 7544
1291 1714
30 7045
4523 6465
2617 5578
1342 5597
437 6163
173 964
2363 3066
737 1635
3057 6004
5303 6295
1598 3302
1741 5445
3397 5872
1521 2233
5535 5615
1672 5658
382 5981
3437 5123
887 3390
1559 4881
1779 5389
2656 5940
6062 6736
329 6326
236 7523
2485 4785
51 1859
91 6090
2099 2793
1598 5898
3414 3644
110 2114
953 7312
1633 4245
3265 4220
5429 7289
3556 3957
1017 4455
3233 5676
701 1110
2049 4715
4182 5138
498 1422
750 5384
1862 2055
988 1011
5231 6857
3667 6671
2651 3641
2002 2789
2834 3232
963 4671
3233 4930
7149 7244
2736 5512
1892 2497
5680 7502
836 2938
284 6755
3871 6432
3901 4749
497 5620
4239 4519
2401 6526
565 1337
6531 6978
2275 3877
4850 5499
365 5481
843 5063
4905 6439
1357 1850
2952 5460
2932 3501
670 1207
317 1701
2962 6070
30 5264
3120 6710
1596 4947
1560 3065
536 2009
4463 7530
2240 2322
1168 4876
5650 6274
1017 3285
1459 4942
110 6185
2772 6679
1086 2444
2835 3114
1515 2983
3472 7215
2246 7281
3587 5963
6591 6738
2918 7291
72 5222
1422 4348
1175 3806
4207 4971
4362 6347
38 2180
1917 6176
1388 4449
6384 7128
2139 4026
4639 5001
484 2630
1882 4724
3191 7282
5351 7530
306 6248
4070 6599
221 3701
1484 2478
285 6587
3702 6502
5993 7260
1533 4570
2389 6562
4285 7604
2547 3388
2004 3649
5262 5353
1990 5430
580 5634
4663 6784
2326 6305
3689 6724
925 6395
1831 2710
5792 6397
1971 4576
915 1789
4447 6117
5809 6078
3637 6364
563 3621
2381 5201
437 2719
4274 7013
1228 2078
771 4853
538 2033
922 4658
559 2874
2056 5404
5205 7617
1667 5599
3118 5712
321 862
304 7014
1462 4718
5250 6258
406 1563
4560 6463
2380 2504
3341 4579
212 518
5590 6460
1831 2843
1638 2209
282 6652
3781 6727
1838 5664
4230 5198
6617 7424
3045 3689
1883 6475
5862 6918
7484 7582
5849 6463
1288 2738
1963 3686
3395 6602
2418 3133
2159 4616
453 6462
970 2327
3084 5330
677 7083
794 1504
4232 5368
415 2014
4796 5265
1172 3177
1021 1506
1249 2636
1490 6466
4421 7483
1947 7007
929 5913
5021 5629
5597 7113
5679 5903
2193 3876
2397 3456
809 6816
4868 6557
1789 6684
241 3922
5161 6995
3481 5699
143 6684
36 2328
1287 6324
1504 2147
1174 6896
2048 3488
2722 5949
2612 3651
1425 3867
1349 2048
4683 7057
1455 5998
2855 5991
1966 2506
3426 5423
3815 4305
1040 4825
4801 6574
1753 6760
4119 6358
2316 4281
160 6276
4872 5979
1227 3893
4432 4500
1288 7047
1527 4725
1122 7535
1697 6240
2081 3714
1913 3091
6220 6701
3625 6504
3366 4297
894 6474
2710 6833
1402 3244
2832 4544
3194 4775
3463 6358
2515 5765
3709 7222
5872 7408
5439 6151
2280 3170
99 4061
2146 2301
1135 2801
3224 7376
1007 4971
2974 5048
956 1298
1706 6307
1292 2149
3033 4330
5756 7154
3871 4673
2930 5649
2379 5071
2617 2825
313 429
3037 5730
1397 3834
1423 6707
235 1105
3851 6455
2056 4026
5514 7071
3947 5205
1027 3634
631 5225
704 1163
108 6669
110 3334
2145 6990
110 1573
3436 6940
3927 5438
1843 7330
2633 6806
700 4413
42 3348
1133 5613
3709 5366
2253 5644
2292 4191
1352 1720
939 2680
2834 6240
5599 5807
4690 7598
1947 5104
3418 4644
2557 7282
600 5931
4666 5681
374 5994
2885 5478
1092 6439
3381 3698
2086 5902
4121 4439
2434 4738
6690 7207
764 6470
3438 7101
762 5619
1865 5882
1820 2719
1557 2960
1008 1138
2955 4288
190 7244
1781 3742
3554 6608
846 4213
4757 5513
871 4717
1988 5109
2573 7290
5299 5632
3502 4918
2859 3246
3703 5751
517 6206
2761 2924
4704 7589
5986 6613
1339 4536
2195 7549
3057 4619
276 3663
6091 6421
3549 6453
527 1923
1015 3500
3185 4660
1857 2238
745 5641
2316 6526
249 3909
1371 6698
4308 6810
2511 5111
2052 4945
2745 4016
955 6500
3288 5671
2099 4056
1331 3475
3126 7169
5708 6339
361 1628
883 4382
1748 5555
1224 4802
46 4898
3255 3624
5803 7603
288 3566
2556 6417
4207 6727
3098 3999
1376 3663
2529 6692
2914 6970
1490 6064
4607 5591
3143 6347
214 4035
1904 2151
1717 4547
1945 2030
571 2285
905 7027
1332 2424
619 816
367 1379
2352 5191
2210 4401
3031 3595
3124 4041
6693 7420
2327 3310
2327 7528
4394 4922
4012 6518
1940 5155
3425 6352
2516 4693
2005 2007
5314 7576
832 7320
1609 6217
1493 4689
759 3024
1542 5492
905 6219
3236 6940
959 1388
1143 4910
3066 6093
99 3216
2567 6239
3598 5238
4095 4269
4924 6358
2691 5315
2322 7471
699 1099
2527 4774
2061 3962
130 1464
1169 3015
4789 5934
1528 6302
6019 7619
33 1652
4440 5515
5389 6535
121 2930
6013 6763
3131 6268
2551 4412
5182 5772
244 990
416 7139
2698 7580
710 2360
4755 5439
936 1813
4738 5305
842 1818
81 6563
1473 7379
1212 3115
2177 5275
3039 3393
5951 7359
3644 6606
1192 1510
2728 4014
613 7173
6868 6889
3187 6688
6288 7173
2830 5000
2322 5606
3554 5504
211 7236
2393 7353
376 3599
2090 3190
2808 4388
985 6171
3118 3234
4782 5899
853 3903
747 7188
1939 5922
1656 1961
3713 6317
301 5177
1227 3485
59 4293
5122 6423
1720 2414
2367 4947
505 3683
1144 6885
1239 5568
1100 4108
1694 2287
3320 3512
822 3388
1399 3415
2436 3619
1023 4002
2371 2509
5562 6652
850 6468
2078 3284
1505 2869
4424 4763
2394 3573
4950 6782
854 2645
1874 2042
1730 1950
711 4956
970 5885
6856 6906
1175 3441
353 5820
6493 7245
2788 6106
4458 5094
1602 2414
1940 4349
2823 4297
4879 6438
2437 3481
5 2704
709 6932
2850 5131
907 2875
4627 7579
5257 5626
4028 6728
18 1365
832 1887
2511 6302
4906 7539
4229 5987
290 5364
1525 2698
5168 6562
2808 7091
3156 5255
4887 6762
2794 3183
2128 5053
1675 6063
2846 3647
5056 7436
4806 4938
1506 3525
188 7503
5590 6303
273 7433
2635 2744
3681 7621
3253 7467
641 7419
1542 6380
1245 3279
2856 6652
3238 6710
1008 3057
1720 6244
3345 6790
115 3734
3701 5529
4922 6187
1287 3962
4787 7124
416 3393
2420 6364
635 7057
320 1026
128 6077
5212 7032
1828 5764
4423 7136
1063 2077
372 7327
879 4049
3795 5508
306 457
5671 7344
6673 7519
2775 3017
1396 4100
125 6857
4353 6810
4188 5660
1789 3241
2889 7554
5617 7224
729 2466
5034 5638
4506 6128
748 5691
4145 6778
2359 3045
1868 3728
1179 3757
339 1439
6931 7536
3223 4281
1318 4584
5527 5569
1781 7033
118 7549
2003 4167
5743 6994
2650 7516
4267 5501
2116 5999
4909 6287
1199 2667
3139 3412
2569 2899
350 2341
4705 7071
1922 7115
4428 5052
466 6549
1446 6838
2429 3023
561 4930
1860 7348
1333 4642
4164 4478
1014 2518
2524 3675
2628 5671
3976 7619
90 521
1062 3020
5933 7179
1348 1492
234 6472
2984 4990
369 514
1182 1870
875 5537
1036 1524
2642 4199
66 6722
3132 5255
2436 5748
2480 7061
1965 3207
3386 7140
730 5869
131 1812
2487 5771
5620 6989
4164 5405
175 2393
41 1265
906 1585
1838 2313
1505 7311
1682 4134
4068 6046
516 1054
3029 7010
1989 2467
3415 7375
1519 6171
2985 7515
5634 5756
1496 3913
841 6640
1386 5207
1584 4764
4397 6894
3161 5643
235 6770
3543 5440
1915 6632
219 1270
5289 6050
4328 4768
1036 2130
2440 6075
3839 4289
4052 4902
1577 3489
235 5290
5066 7270
1588 5819
1349 4765
1870 7018
3195 5679
6768 7424
3370 5299
2744 7288
1986 3613
624 3096
1170 1763
355 1457
4660 6896
5324 6592
1429 6333
935 6862
50 3425
3607 6921
160 4336
2639 5110
1348 6945
3576 6657
890 1863
4344 7220
49 3126
3319 4050
565 4733
3820 4028
3417 4899
1036 5191
3536 6593
5313 6841
2379 4629
5146 6104
1598 4838
5164 7105
3483 6976
4041 6907
3661 6806
1544 7418
894 2213
7106 7510
1993 2122
386 7626
550 7440
3816 4878
1129 1552
90 2640
5579 6210
376 1824
1583 4722
5372 5670
2435 5941
1180 5410
808 3366
1687 5734
5895 6397
1840 4724
3247 6553
470 4418
1574 2837
1572 3537
509 3253
2685 2952
1639 3208
1640 6200
699 6670
3530 5139
154 6176
2593 5806
1851 2013
6482 6893
1760 3308
5804 6656
1629 3367
6256 6906
5724 5999
4742 6298
21 495
4910 6725
623 748
4008 4899
3216 6555
2991 4039
1741 4532
6637 7579
2474 3080
2350 4333
4847 5515
450 5002
81 4264
1128 5415
4249 7083
2929 5235
50 4057
5354 6124
3750 7057
1602 2422
3444 4175
1643 5433
1342 1384
1855 7169
5457 6181
4432 5122
3309 3672
167 1423
3144 4910
6295 6955
2058 5504
98 3840
3612 3799
593 2723
2992 6961
2131 6974
2291 4277
2300 5519
4378 7572
489 5319
4652 5163
1253 6348
2234 5291
1180 3896
3380 7466
1022 2789
2883 3026
1551 3906
967 4963
3882 6162
3920 6722
113 7001
2107 3606
1804 4465
5221 7501
3567 6728
5152 7088
584 6547
797 4642
76 4189
1751 7120
3985 4124
5967 6280
4135 4778
2375 5854
219 6841
1717 4381
744 3239
4548 6854
1738 7030
3809 7408
6432 7283
2880 6324
3348 5902
1256 2118
969 6475
659 5759
2380 2758
2860 7447
2559 6082
417 7487
6665 7546
2118 2135
6128 6968
3190 3949
2042 4599
596 2550
2630 2859
2618 5887
3483 4667
1993 3447
2343 7632
532 5069
1047 6062
44 4702
696 5920
6047 6051
4356 6558
3078 7561
5711 5941
918 4404
2098 3945
7134 7317
4359 6904
431 576
472 4113
989 7062
3644 5903
4170 7212
1981 3101
547 3556
4181 6860
1454 4506
6442 6567
462 3301
2941 6718
3150 4163
4177 5243
6646 7191
1051 5361
1297 1574
200 7394
2383 6153
443 3191
4335 4569
2055 6378
4144 5306
917 5684
3534 5953
3868 7340
2290 6823
573 3503
1723 2538
1273 1857
3704 6631
4433 5274
1278 5715
2424 7065
691 1336
3890 4759
3475 6966
2418 4887
4446 5162
1171 7116
3482 5426
5265 7388
2558 6081
211 5232
2076 4346
584 4244
4370 5479
809 1195
2183 2267
101 1601
747 7621
589 1153
3713 4734
596 6579
5185 5937
436 6253
1382 1606
906 6023
6286 7062
2807 5957
187 6867
769 6756
2697 4250
2115 3004
6039 6738
1442 6457
508 1401
1002 5465
268 1128
6076 7199
1032 6449
1112 5912
2728 4314
676 2701
6346 7169
4891 7173
3475 4919
2271 3817
2064 2610
1667 2225
1898 4815
2930 7498
4829 6850
147 4057
1562 5408
2830 7553
1784 5000
72 2116
2137 2787
1351 5458
102 6949
1492 2051
2169 2866
805 5980
2156 6670
4096 4532
485 6889
2170 4678
76 5260
5169 6875
5974 6395
5233 6097
1079 7515
2046 3982
1267 2070
1377 4330
860 4214
3078 3761
2856 6816
1206 6129
1092 3753
4109 6280
2187 7507
6474 7508
5099 5614
1302 5878
1954 5045
3069 4671
2033 4072
821 2913
1633 3825
4513 6457
3695 7097
3856 6088
1211 3929
144 7608
708 4645
2486 6005
3347 4570
2228 3010
1101 3355
1823 2820
2278 5486
5978 6118
3430 6438
326 5277
7182 7199
3686 6356
5606 6285
6567 6797
5336 5467
1216 1825
61 7235
3314 5553
3777 7394
459 4167
2185 6683
336 4364
1568 6783
3605 5607
6473 7119
586 7392
366 3405
2450 6757
5682 6318
5617 6194
6675 7165
4009 4130
1236 4749
3641 6676
3682 7052
550 2003
3040 6789
3035 6376
4562 7390
2744 7060
2934 6732
2382 3649
607 4588
482 2057
4398 6265
1718 5651
2333 3938
6993 7545
1127 6973
2793 6222
4624 5724
3500 4325
165 1200
3355 4471
5222 6111
2089 7341
240 3596
2756 5845
1754 4275
4885 6883
1205 6837
3046 4301
2803 5782
1899 3830
2552 6858
3736 3831
229 4847
3569 3904
4549 6179
332 602
2060 5660
2501 6023
484 5294
161 5529
712 1892
1141 6986
6589 7518
227 3846
6120 7324
5815 7561
331 6128
921 5414
4295 4580
1134 2305
1540 3099
644 2841
6327 6831
5872 7266
2647 4857
1638 5845
1868 4435
6787 7273
3032 6296
5181 6991
4420 5834
291 5842
3211 6111
768 1978
533 7467
3167 4014
1239 7456
920 4738
1406 5278
3334 4670
444 5497
803 7014
861 6742
4226 4369
2540 6864
5932 6956
1823 5514
2280 5280
6273 7458
5946 6098
1713 1900
3784 6577
5281 6594
5933 6951
5342 7533
2707 3421
698 4995
6762 6791
2175 2486
3643 5527
5408 6981
2099 7284
292 3468
1752 5561
4191 4195
3654 6399
4112 7608
1708 6846
2719 3198
1769 4398
4534 5116
188 3815
2660 5145
3037 5198
4996 7374
381 3088
5550 6582
5140 7481
1252 4440
2747 4745
2415 4619
2815 2848
1196 7124
3953 5426
2130 7235
408 662
3254 4047
2030 6553
1684 2670
3613 5898
1542 5809
142 6022
1969 6784
1157 2297
2605 3673
3006 4773
1619 3185
1211 2816
773 4462
144 6155
2830 3239
4273 7642
472 5872
2229 2373
2346 3228
712 4710
2148 4991
1182 6319
3398 6975
2081 5809
2320 7144
3089 5860
4077 5882
1478 5031
1200 3657
6566 7521
2755 7570
3964 7280
216 5645
2991 3509
1053 3161
591 5653
3029 7121
1219 6404
4052 6114
348 4602
2247 2811
1420 4066
2110 5566
2740 3399
1684 5006
1310 2610
3490 6688
282 5287
5524 5833
1794 3796
762 5369
4731 6758
874 2940
4053 6069
2536 4176
2382 3936
3374 3916
4927 7509
7 6651
6627 7617
2361 5335
5570 7004
315 4903
1616 3664
1119 3187
620 1602
290 2617
4817 5463
4221 4935
2176 6280
4080 7052
780 7219
1255 2275
3413 3672
1620 5567
1178 6263
1342 4556
4911 6014
3304 5058
4050 4125
1609 1895
5451 6924
1484 2326
1987 4351
4014 6998
347 2476
473 1606
2506 2564
5966 7237
2358 2552
3144 6640
4213 5248
2523 7348
3965 6750
3307 6346
1570 6408
4137 4749
4232 5974
1219 4942
3880 7267
1528 6173
1467 7141
3926 6746
2389 4947
2570 2797
5897 6661
4644 7191
2196 3328
2147 3919
335 3236
3478 7135
2895 4030
753 5496
709 5635
27 2093
820 2559
4232 6949
2389 2924
1505 2561
396 6967
3253 7556
1051 4216
1266 5307
3952 5270
2859 6106
1272 1718
3658 4390
1316 6794
542 690
5241 7198
2421 4242
3376 4811
1871 2792
1168 2611
3905 7183
834 3916
1326 7214
3222 6243
521 877
2793 6531
6757 7216
732 7535
6602 7518
3407 7106
1033 5294
6819 7198
3750 3779
689 4061
1711 5968
2312 2379
956 3697
2120 2725
4089 5230
3481 7076
4585 7043
1130 3154
5766 7489
2936 7061
3269 3476
4507 4590
45 3130
1606 4494
784 7139
1826 7035
5985 7429
2911 6577
1107 5162
1175 2313
1268 2170
3720 3910
479 502
3078 7528
537 5881
1685 4322
2358 4386
6371 7077
3044 7423
621 7164
4509 5290
4443 5701
3948 5164
259 4828
381 1353
3512 6781
2169 6090
2605 6369
4604 7418
883 5943
3430 5074
1361 5668
992 5847
2428 6830
6527 6834
304 613
323 4066
2383 4547
989 3482
312 4187
2258 6985
263 2732
1029 1348
3675 4506
795 4863
2531 2642
1891 4202
4962 5274
6105 6520
334 3845
948 4471
1339 2739
3976 4427
354 2475
2108 3688
331 3425
2667 7617
3707 6470
2763 7011
5990 6790
2404 6873
2305 5244
372 6568
245 6994
3328 6290
2573 2642
4087 6351
5681 5685
469 4954
4499 6591
797 3866
6114 7621
2283 5653
4183 7031
3925 5168
2169 4214
4374 6675
6348 6566
676 6539
6684 6810
3275 6850
7421 7541
1415 3849
1798 4481
6329 7166
669 6189
43 2691
3456 5230
4489 5019
3860 7633
1012 4125
5009 5457
1380 7512
883 3698
1994 6222
4219 5403
4195 6652
2280 3648
4590 4931
277 1174
2137 3183
3479 3915
5274 7196
3410 3818
2684 6471
2780 7257
1237 2965
5896 7342
41 3733
168 3342
110 6805
1396 4480
5502 5508
3842 7490
583 2440
586 4673
986 4951
331 6338
4416 6990
5769 7099
2105 2861
2236 7449
5059 5900
2479 3540
3421 6411
2149 7533
1004 6772
589 5103
2433 2763
4005 4053
99 744
3141 3912
3437 5969
1144 1274
4091 4994
2921 3105
85 6664
1412 3671
2453 6311
3830 6948
2436 4404
707 1800
53 3868
3619 7226
1348 2912
1603 4073
506 2454
7390 7595
783 5817
4086 5159
1460 2259
4015 7377
775 7196
1652 5208
904 5909
1496 7304
1285 3100
375 1955
2535 6002
2059 6363
3974 6510
3746 7126
1144 2302
1824 6773
4517 5361
1654 5603
3320 7387
2028 3403
184 1018
210 5036
1615 4681
7205 7255
5334 6611
1768 4853
2117 4048
1346 5715
6059 6604
875 2736
1175 6776
3411 3589
3841 5266
919 6717
141 489
998 3564
6452 6950
518 7079
2280 4710
1962 2015
259 2018
2572 4113
3950 7638
5245 7495
185 7544
3939 6018
262 4810
2083 7482
5736 6080
6527 7287
2610 6338
2185 5073
741 4290
3807 7085
3441 4801
3154 3706
4224 5287
668 1289
2351 2649
40 827
4234 6993
4498 5514
2528 5981
3570 4658
3235 5602
1167 5360
2639 3524
4282 7367
3339 4604
3831 5146
1377 4428
769 6729
1938 6782
199 2004
2120 5525
5944 7589
4199 6536
2050 3592
762 2132
800 2426
2958 5791
1026 4822
181 4622
3304 4313
1687 4145
200 1899
1331 6399
3048 7438
6366 6950
6690 7481
374 694
5590 7386
3271 7531
5924 7269
3094 3516
2703 3654
387 2701
5248 5571
4955 6971
689 3108
5121 7636
833 1966
4335 4435
3540 5644
1959 5813
3660 7068
6444 7390
4160 7543
3106 3871
592 2519
3099 7374
5725 6576
2724 4231
3585 5431
780 5801
3201 5434
449 4290
3257 4145
302 1235
3026 4945
954 5379
3894 7121
611 5139
5019 6742
1548 2016
92 765
4144 4641
338 3935
1277 4762
3148 5151
309 6718
2840 3021
2133 3752
1853 7234
1813 6350
81 2277
1777 2075
211 6187
3868 6163
277 3362
633 7288
3412 5679
3053 4843
3775 6563
604 5099
522 810
4137 6950
2643 3921
2701 7641
231 2807
1210 6760
2509 6097
1289 6850
2343 4625
2888 3259
2429 5725
1248 3703
1582 5956
1123 3409
1878 5716
434 3686
5327 5705
2085 3691
2443 6663
491 5631
6758 7485
2147 4642
7131 7457
4143 4727
4471 5931
2902 5553
3661 7498
899 4571
3954 7165
2422 5328
5260 5799
1901 6455
2752 6344
1547 2502
3048 4096
4389 5949
2647 4730
5476 7088
2908 5303
1251 5212
5840 6490
6032 6249
2773 4842
2440 5249
1280 7160
1924 7645
1438 4395
1268 4910
899 1383
1649 6149
1748 3320
3011 3891
3184 5740
3683 3869
4638 5119
4188 6916
2219 5116
2032 4164
1191 6871
5975 6943
853 5103
732 7157
950 1714
2186 3347
627 7197
3606 4758
1221 4542
6756 7140
5264 7334
4293 6225
4818 6589
5418 7086
1456 3531
1607 4487
2134 4977
4529 7213
804 5088
1979 4404
1052 6465
300 3704
3060 6556
4677 7089
3003 6633
4294 6509
2083 6769
770 4563
613 5397
4636 6478
3034 3161
3485 7328
1947 4977
2875 4786
1220 3788
4871 5070
4843 7248
1283 2290
1148 3131
2854 4649
2017 3328
3189 6349
1436 2075
3829 7166
3159 4077
1840 3110
1370 4986
2010 4790
6286 7073
380 5828
2412 4116
844 1063
378 1568
390 3743
1399 7636
3199 4514
1494 6011
1097 5864
956 1539
2624 4305
291 3379
6545 7005
1339 2479
3657 6375
744 2729
2994 7004
4568 5927
4262 7087
3514 5884
1037 5183
4992 5274
6888 7462
261 4998
1443 2160
1267 3977
5410 5820
123 4641
1441 1559
34 1320
1864 6299
3540 5935
1003 4860
6230 7491
527 6654
661 2912
2198 5460
4852 5869
3701 5662
235 691
3755 4560
268 971
1854 6168
3619 3739
4199 6491
897 1652
781 2638
2637 6632
2082 2710
2860 3295
2199 2378
1700 3321
361 2465
6280 7309
2689 6738
756 2756
152 5277
2301 6333
3849 4471
194 6150
3623 5299
1479 3568
2621 3077
790 4014
2971 4968
221 4465
2891 7473
290 5971
3082 7132
3510 7326
2624 6397
2169 7012
3557 4092
3743 6613
3200 6565
1581 3245
1231 6451
210 1268
29 4973
403 5095
3731 6659
3408 5625
1360 7251
2772 4280
3732 7477
2135 6602
917 6218
1847 7374
469 3402
78 1667
2874 6705
372 1039
4682 6121
1479 7605
741 1615
1313 1342
1793 5625
658 999
4995 6474
1056 7360
2012 5751
860 7087
5841 7514
5041 6259
824 6215
856 6917
4506 4718
1736 7649
4960 7465
2898 3003
5664 5954
6347 6437
4488 6422
1750 5705
3584 6011
2073 2940
6130 7290
966 5899
250 1803
1168 7104
5918 6483
2511 4464
2408 4802
2911 7437
4066 7438
5780 6762
5313 6298
5179 6703
4681 5786
3465 6507
5308 6842
3915 5632
1217 6030
4048 4049
606 3168
1462 6503
1920 6442
3041 3614
195 7357
209 2203
3211 3423
371 2347
388 1233
4618 5973
1787 2899
605 3978
3649 6821
54 1021
2030 6482
1337 3162
3099 7279
1130 2614
5040 5667
1540 4958
3460 6641
341 1871
69 1439
6091 7488
4510 5669
2247 5300
2248 3190
1805 3456
2346 3052
829 5432
4099 5347
18 831
3496 5080
2981 6411
3728 4527
3359 7262
1425 7092
1991 2981
2453 2646
105 1345
7063 7441
6403 7017
2193 7216
1888 5484
2674 4351
1542 3460
5462 6147
206 2068
3806 5650
5234 5358
211 1825
1764 4991
3840 5669
643 6840
2560 3976
2007 6545
67 677
4810 6614
3185 3477
1114 2650
4943 7331
1650 4819
3201 3439
5167 7206
4146 4944
5613 6514
4493 6899
2429 6283
1331 5801
348 6611
194 3499
1535 3115
1909 4560
4471 6482
4639 7269
972 7534
209 2831
2211 3101
3778 6107
536 7287
4245 4935
1643 6110
689 4317
513 5162
2649 3070
624 1351
510 5709
3782 3865
1371 7596
197 6987
2939 6508
1561 6604
2202 2432
2768 6366
1710 3776
2414 4565
3096 6140
3673 4802
4580 6075
1563 2096
3543 5154
2697 7259
1505 5893
1220 1569
9 3078
4849 6749
3719 4713
728 934
1347 5010
1078 1934
4667 5601
55 1790
712 3800
4839 7082
6107 7465
397 1428
12 7003
1117 6426
2927 5276
3156 5429
412 1760
3426 6959
2092 7101
362 2194
1572 5065
2933 5778
4143 7296
3968 6013
3651 3704
1712 6872
6266 7406
4827 6570
3051 4297
2291 2670
6857 7166
735 1073
3321 4829
645 6941
3819 4855
5594 7093
522 4155
5315 7191
1454 6263
4205 4773
5484 6308
3734 5300
6592 7462
1755 6439
4143 6488
3095 7326
1121 1576
5534 6474
1316 6408
6567 6809
3384 4355
2937 7397
1524 4654
1739 1994
2485 5376
3298 5567
2334 3349
3437 7280
399 4268
557 1408
2975 7410
2506 2934
1058 3067
4985 6341
2774 7226
1977 7548
5088 7408
199 809
2647 4754
2325 5398
476 2244
605 1244
3852 5159
3749 4798
555 1270
2554 6796
3277 7355
2688 3788
3948 6628
722 5326
804 2594
5475 7468
1651 4531
417 5611
1016 1027
4368 7439
2925 4850
1315 7179
6387 6548
6520 6678
2677 6968
718 2645
419 1683
2222 6312
5613 7222
3948 6698
2477 6234
5858 6122
1949 6373
242 557
531 4328
3903 4685
114 3883
5499 7191
850 2871
3227 7168
478 619
6231 6661
1502 7472
555 2537
3070 3217
102 5498
2801 3967
4932 6313
3838 7381
825 3153
1073 4464
2905 7532
5498 6879
2358 7577
4605 7051
164 7341
2369 4232
1306 1557
776 2029
2418 4895
4429 5119
3647 4216
1081 5073
1963 4553
820 1261
1038 1437
2489 3245
4120 6296
3070 3396
2772 7456
2037 2655
149 6166
3248 7530
1064 6452
1059 3822
657 4108
1351 5512
4256 7310
2225 2821
502 4043
5120 7433
3499 3678
2878 3566
3002 6021
4364 7016
588 3980
2611 5491
1164 5451
2175 7413
2536 4913
4512 5090
594 4247
4990 6178
4551 5311
3073 4740
3024 4748
1586 7152
3465 5186
618 2572
3679 3817
3437 5723
2381 4876
1208 6200
1696 7189
3750 4851
144 6348
2240 4484
631 2838
7012 7232
4030 5621
1475 4370
1490 1875
4307 4850
3386 7336
2447 5010
5136 5268
161 2231
2069 5186
1119 3945
4035 7141
1492 4423
3984 5991
2495 6623
1495 3450
4875 5944
681 4723
2716 3104
99 5984
5845 7469
820 2522
1168 3743
982 6269
4307 6143
2225 4801
1643 7418
4510 6383
1046 4525
2211 4624
981 7213
2947 6084
4141 7070
1651 7492
329 7486
1415 4546
2650 4437
4452 5062
3742 7258
1378 1874
4233 4300
3310 5235
964 1022
4143 5969
332 1450
1069 2792
6574 7089
867 4689
882 2192
663 6084
2747 4932
1464 2854
5294 5688
698 6205
586 5247
1615 2724
1371 6505
461 2892
1898 5538
318 2262
3411 4657
2662 5718
912 5917
4302 6687
318 7357
3554 6381
3225 7455
1420 3061
4227 5151
1402 6000
4664 5418
125 5722
1812 3674
4005 5926
1926 7364
2049 5810
991 4652
5855 7221
1993 4425
4454 5854
2339 3134
810 5286
5590 7117
3387 6858
2280 4934
6346 6828
2711 6214
2452 3457
3289 5376
1246 4773
476 2165
283 811
1338 5899
5830 5841
858 6590
4164 4656
3112 7540
1043 1116
1145 2475
728 919
608 3975
653 903
1313 6945
1348 6606
914 1436
1263 4308
2874 5376
6732 6963
2663 3658
3518 7009
603 6723
2883 7155
1967 3453
6542 7636
960 1604
4280 6215
1414 1604
5430 6263
2646 2950
420 565
581 7160
2512 7066
2750 5143
2680 6830
5368 5620
2938 6684
6574 7357
813 2899
571 6893
1933 7593
888 7133
826 2336
4726 5574
1673 2083
6998 7471
568 1112
1183 5578
5178 7419
2503 4141
3481 5978
1901 3931
1972 3572
1088 6473
264 4407
254 3734
4247 6472
1692 4542
6168 7508
1719 3710
889 7108
2692 3546
4612 7296
205 6202
897 2446
6309 7640
261 7472
3996 6123
3829 5277
148 2370
4730 7325
4428 7538
1019 5445
264 2921
3936 5023
4812 6525
2909 4846
51 5929
785 4919
1465 5691
1982 7301
699 4539
4655 7345
6777 6819
1298 4236
1056 4759
2879 7534
5445 5564
4483 6900
5600 6992
1761 2132
3192 4793
6726 6975
722 1042
3748 6147
2332 5311
4516 5739
4899 6685
1382 1756
1580 7484
1323 5803
3525 7138
1469 6443
1866 2573
4397 6272
504 3667
1153 1606
2092 2744
2709 7217
1924 6858
1784 3189
2826 5975
2799 7163
1265 2893
8 6891
2407 5188
2538 4186
2531 3468
647 5008
550 7619
4695 5172
633 5511
5679 7374
842 2001
3498 5760
3309 5966
1458 3042
1225 4778
5265 7491
791 3646
3229 6299
3495 7123
3139 5524
1149 1448
5612 7240
2486 4555
1584 2517
624 2657
87 4878
3714 5805
2367 3064
5354 6524
1238 5210
4741 5885
386 5510
1258 1983
2440 4621
1303 3491
147 1186
2618 3304
4829 6540
4630 5905
407 6163
523 2762
2687 7499
1142 4977
867 3483
2868 6179
1978 6871
3290 6458
2113 5457
1302 1972
1713 5190
1341 5284
3882 6985
5684 7514
369 7449
6414 6859
3157 3315
149 4571
252 4985
673 1482
282 3956
3645 4332
1260 2281
1469 1806
4236 7213
2603 4791
2456 5045
793 6245
648 5338
896 2538
1807 4760
2670 5028
5153 5316
7152 7586
796 1734
1996 5662
1993 2326
1563 4430
1332 5069
2402 7261
2129 6104
5892 6109
6246 7497
3265 4345
4760 7284
2688 4772
2877 5998
1900 2565
1937 3943
5505 5739
441 1277
146 7516
519 5775
1940 1970
1878 3669
578 2801
344 427
4729 5409
2871 3896
522 3371
713 6260
1214 6011
3396 5164
248 6677
3656 7239
6050 7280
1882 5972
734 5384
770 1034
2465 6103
183 2885
5199 7190
6099 6885
1501 6293
5007 5137
4522 7347
3439 3715
2272 5502
4272 5095
482 561
1031 2046
784 6412
3159 5394
205 829
4248 7368
5717 7235
3507 7397
1355 6109
1406 4014
504 3764
2051 3769
1089 2458
231 296
3942 4799
4765 5606
145 876
3185 5004
2497 5641
1694 7067
2702 4700
4814 6775
4647 7217
4200 4639
1540 1762
1931 2069
1510 6599
3677 7181
3176 4177
5 6435
859 7094
4976 6755
627 5836
208 1483
575 7060
1333 3405
3850 4049
5160 5161
32 5039
1585 4388
1393 2518
2320 5317
1439 5801
3610 5646
302 3249
234 5640
5522 6017
37 937
2404 7286
5064 7640
6131 6954
339 3971
5772 7290
3225 6239
1748 6521
4002 5972
4684 5639
1595 4289
5393 7205
208 2057
1742 4738
3638 4053
2455 6534
3578 4092
2915 4333
5181 6747
636 7507
5819 6477
2780 6988
438 4347
788 2184
5261 5559
5895 7464
6541 6608
1221 6414
1842 4662
599 1478
3577 4986
3249 5836
4076 7136
6942 7393
2261 3198
6670 6860
2169 3858
3349 4526
1373 1552
1855 5770
2121 3472
6283 7405
4563 5183
1635 2026
2589 4789
613 4383
3821 5690
342 5399
461 6317
2047 3853
2614 2879
4999 6505
3120 6091
2608 2672
3324 5224
3860 4969
361 843
4283 5602
6195 6936
1258 1464
506 7499
1910 2297
2983 5178
1330 4421
6493 6996
1704 3798
145 6649
5893 7645
3760 5943
5424 6902
2005 5937
99 450
904 1007
113 2375
5208 6819
736 7225
2155 2587
1995 2850
314 6711
1985 4015
5713 7406
3681 6051
2996 3017
2939 5462
4354 5780
858 7469
3511 4183
303 4660
3256 4878
2134 2475
4570 4596
5639 5784
2522 6010
1468 3347
6304 6640
1106 1573
3811 6654
5323 6821
2302 5150
3018 7151
2798 7285
231 4601
1337 5683
2683 4453
4093 5473
3678 3960
28 4123
4632 6426
447 1409
4034 7061
3 3548
7163 7244
4366 5221
128 3101
3305 3611
605 3823
3099 3465
4890 6826
6229 6523
3199 5092
770 1211
3742 4002
2151 3431
6333 6828
4670 6724
3440 6522
3235 5870
3852 6123
3611 4464
1084 7252
406 4467
215 2556
4898 7357
1974 5081
2399 5269
4575 7315
59 7290
2136 5180
295 1494
1669 2421
4445 5000
37 4829
1252 6705
3714 5726
2218 5216
4545 5868
5997 6992
1927 5387
348 2368
205 256
5919 7567
11 5131
1872 4990
4189 5550
5732 7511
410 3270
1072 5596
2303 6658
947 5539
5049 7556
2948 5390
5710 7462
9 3903
4 580
2399 5548
5102 5952
2665 3028
3768 4890
3770 7079
921 1144
2035 3627
434 1511
1926 2570
1194 4988
3411 7640
2108 5559
7007 7433
210 1844
3682 7560
2321 5587
6290 6873
1147 2474
4829 5105
5093 7282
2198 6536
1181 1331
464 1423
3959 5477
2618 3055
6556 7409
2689 3749
241 3264
1511 2487
363 4484
2031 2401
4938 6500
4171 4517
711 1844
4335 5618
5968 5983
1217 2904
4959 6003
680 3092
288 799
405 961
476 6389
4843 7325
4460 6485
21 3362
2865 4600
3124 5288
4224 4652
2771 6898
1697 6679
4505 6680
148 3614
7294 7526
1323 2684
2608 6610
2118 5053
5608 6303
2273 2332
2125 4857
3940 5422
4526 5162
4862 4896
3338 4241
3327 4671
2995 4037
1452 2051
1197 3828
3431 6509
5678 6326
430 6033
5553 6226
4284 5110
1570 5310
417 5234
4187 5817
854 2402
5161 5676
1373 2289
6919 7471
249 5863
4209 5941
936 6238
98 1287
3364 5181
1 5372
3648 5641
3572 5508
6993 7642
3572 6624
1532 5599
1394 5607
5827 6591
2226 3830
776 5437
717 1825
3364 5210
5937 7150
2342 2622
5240 7597
2019 4536
7143 7240
5496 7626
838 3070
4592 6978
3737 5085
3197 4729
5717 7614
634 7578
149 5128
2317 4062
1145 3703
1354 1953
3386 4348
1403 6723
3069 5179
2841 6126
1510 6556
252 2079
5519 5710
3808 4141
3478 3697
3239 7570
3394 5322
4224 6897
1867 5040
5004 5786
598 4215
2771 4641
1098 3684
1119 5686
4938 6353
1063 1076
2385 4423
3860 6865
3309 5172
3125 6423
5253 6517
1227 4202
160 6594
39 2786
627 2350
1846 6084
1056 4103
3504 7538
5650 6622
4371 4648
1662 6376
563 7287
495 6022
6350 7036
6491 7272
3953 4752
1930 5381
99 5672
3145 5418
3326 6767
2326 3191
1470 6128
1830 2179
3039 5626
2306 5654
348 7560
1520 4576
67 4804
1223 4842
2451 6917
1039 1350
1465 7103
1653 3695
2618 6493
803 4145
548 1157
1429 6299
6582 6711
132 1152
2032 4471
3712 4177
618 6205
3074 4388
57 1771
2360 4970
1673 6780
2393 4999
5508 6274
879 4595
1072 5708
2889 6776
4033 4222
2298 5692
1272 6350
5402 7300
1491 3337
6157 6336
3351 4563
152 2142
2813 6357
6005 6063
1019 6702
2726 6875
86 1335
1521 6782
5011 6158
3056 5428
170 5260
120 6926
2880 4666
2938 3586
301 6949
6466 6541
5482 7259
1056 2301
2659 3336
1016 3298
4146 6302
218 2240
1821 3463
4672 5200
825 924
3541 5397
4865 6822
748 5743
2491 7301
6462 7649
2018 6583
6494 7367
3125 3804
385 6998
6398 7222
1071 6113
2999 6912
6004 6109
6352 7372
2633 4691
117 2035
3763 4305
5411 5496
2932 7345
3425 4362
6293 6635
5525 6947
1024 3103
192 6885
7467 7526
2380 3528
798 6576
87 5238
3056 3226
1476 5283
6318 7426
2760 3531
2031 6748
5450 6094
233 7324
1011 6375
3498 4190
3033 6597
809 968
4182 5236
3353 5068
223 2592
1716 6496
752 4403
903 6328
1 6452
1056 2381
546 6372
1084 3694
2876 5084
6833 7101
1640 7635
1677 2842
5685 6899
4065 7194
405 2510
696 1100
3853 6426
20 1979
3385 7255
3164 7140
3868 4110
4028 5948
151 3022
4579 6883
1998 4060
700 3440
2976 5756
4467 6786
3361 7359
2012 6945
2547 5513
712 2855
636 1729
2924 6317
3161 5110
2804 6411
3437 5093
2984 3390
4643 7648
2244 5632
2922 6289
2575 4263
1522 2500
2566 5563
892 4121
4804 5718
3115 4577
6977 7588
1083 1462
2879 7108
3878 6043
1850 3747
2598 6729
3432 7014
1440 1902
61 859
890 6693
1631 2315
2394 5152
2575 5524
3528 5228
4436 7043
3252 7213
1528 4111
74 1474
104 3889
4663 5212
488 7634
3262 4126
2257 6422
164 7400
1232 2210
5309 6640
1775 4713
4323 4458
2791 5768
1860 3863
4560 7552
591 3549
1781 1986
3776 6863
561 2358
3568 4396
48 671
3025 6287
516 7185
2465 3776
1534 7238
753 1115
4499 7010
5997 6899
1984 3942
1588 4757
2494 5504
1075 1125
5299 6383
2365 7190
687 2597
2142 2602
1012 7500
5379 6869
2570 5175
5171 5246
4626 7036
1108 1580
4536 7536
1219 1223
5240 5677
1700 6795
3041 7640
1540 5699
951 2930
4525 5571
304 4436
1296 4889
488 1976
2608 7413
904 6250
612 3312
3452 5457
6841 6957
6338 7087
3575 7365
1616 2382
2981 6504
1523 7645
1258 7266
706 7195
1661 3930
95 2187
4278 7348
4534 7345
3275 4768
3501 4043
366 3219
6537 6696
4309 7624
3183 7233
1198 1747
2858 3876
6686 6754
51 767
3398 7500
1888 2164
1891 5147
739 5445
2898 6860
537 2761
860 2412
3442 5093
2400 4960
1709 5798
7469 7484
1239 6159
644 1466
2037 3127
2714 5668
5837 6859
6166 7328
4685 7037
1987 7072
460 802
4495 5685
1153 3035
9 563
1642 5697
948 6895
360 6830
3352 6985
1848 5338
3369 6552
2806 7560
785 1263
745 1172
2469 5613
3158 4723
3757 5464
2338 4951
4777 7464
3452 4446
220 5328
2919 4053
4102 5260
3269 5847
3310 7222
915 5689
4427 7250
644 7124
1558 6628
425 2129
4092 6881
2520 4868
6427 7647
7004 7249
2643 4364
2261 4761
1435 3865
1668 7462
3840 6031
3786 4210
1619 4081
3175 5981
6497 6698
2013 5974
1082 7520
1961 7183
2685 4297
1364 1936
345 7056
3263 5137
299 2247
753 5841
2867 6723
4705 4929
1893 4163
2099 7028
2572 2915
4800 6542
1545 4428
4279 5757
4783 5512
1940 5479
183 1037
5331 6542
611 4958
2628 4836
3580 5078
2093 5467
563 1698
1416 5764
2218 3412
4229 6432
2302 7232
2519 5308
2948 5744
3490 6265
3216 6691
3978 6730
5821 6471
472 5374
2780 3071
884 3512
979 3621
2542 3750
5321 5601
5774 7008
5731 7165
257 3046
470 7081
4795 6485
3828 5198
1169 3353
6447 7314
3795 5403
280 2208
3164 6989
115 6850
1674 6748
3859 4386
2475 2993
2641 3241
1247 2141
4431 7179
1436 5295
2809 3704
2149 4156
384 641
6268 6278
3171 6295
3090 3095
441 3473
446 4725
319 7386
565 5881
2209 6513
8 1568
3104 7033
3530 4851
3150 4665
5476 6059
3065 7314
10 7211
5347 6569
2783 3032
89 3152
1519 6876
3444 7086
3368 5385
906 4719
3601 5107
724 1325
1028 2814
566 1734
3167 4673
1857 4956
2946 4971
532 2400
1483 5143
2741 7589
3720 6278
826 3061
244 1758
4190 5750
312 1925
3363 5442
3960 5782
545 6980
1408 4234
2129 7546
2168 5071
4724 5320
3930 5682
3743 4523
4577 6303
5196 5698
4158 4494
1385 2585
141 4379
2526 6894
125 3388
1359 3612
1005 7234
1063 6347
2606 4708
5954 7580
1663 5751
814 1790
676 7437
3325 4418
5294 6806
1722 3219
2505 3283
2964 3356
3492 7446
2443 5354
127 4459
823 1631
475 3123
3754 3872
1432 3963
3452 7072
530 836
716 1243
3737 5677
2556 6556
4003 6254
2655 6432
844 3956
5272 5334
4194 6747
4734 5837
3929 5080
292 4993
1077 1536
2958 4715
5571 7213
4280 5565
3194 5487
2821 3132
2434 4256
2843 6989
2710 5952
4261 5684
1023 6325
2979 3799
643 4128
2879 5807
1546 4999
1134 1690
3897 3994
4046 6007
944 3118
5710 6942
1955 5347
689 4768
2628 5770
2647 6869
2730 2929
297 1044
2642 4028
4523 5545
6738 7446
2027 7368
2671 3496
1525 6445
673 5281
636 6222
5182 6995
5484 7457
983 1853
11 4753
1491 6431
1351 7123
1730 4874
1420 2426
2290 3449
6454 7080
2257 2456
2831 6198
6757 7618
1855 5482
6336 6814
2253 7249
5488 7369
263 5167
1624 4895
7476 7564
3705 5830
59 637
1300 6957
18 1507
2383 5201
3516 7054
1582 4326
1272 4008
4333 5554
1279 5732
5160 7540
3420 5783
563 1289
2510 5974
628 1224
2005 3860
2172 3624
4922 5349
6327 6407
4177 7098
968 4056
1667 2879
1080 1833
2613 3459
6106 6659
2683 4789
3593 4368
1849 4942
5327 6905
88 5246
1924 7112
3096 5796
4274 7028
858 1689
3453 5085
3301 5941
6175 6435
417 3163
1391 4727
5319 7216
2884 4241
312 4469
195 2875
2228 4341
4204 5689
1940 5613
49 5208
4695 5922
429 503
475 3841
224 5920
4104 7138
4548 5928
2336 3995
2567 7034
952 7400
4013 7357
360 3324
4449 5601
3285 5109
3522 6075
3231 6805
3969 4284
2071 3956
1606 6920
1146 3915
161 5848
4741 5712
2798 3079
3837 5910
2213 6388
4739 6061
7392 7471
632 5059
23 4351
6385 6926
2252 3699
3951 5753
731 4567
3 7049
3220 5787
547 7554
1363 5756
1450 5491
1549 2426
3919 4542
2347 6110
2803 5790
3580 3588
3928 5577
1300 2083
719 3400
2146 7461
1853 5369
2132 3618
3009 5636
663 7094
2909 6194
3108 7185
606 5476
381 1458
149 5722
4231 4589
4232 6895
2917 7523
2726 6486
91 2975
3788 4860
3049 5159
253 2437
288 1670
1648 4033
450 2163
1870 2943
1105 2444
884 5665
531 2128
715 5749
465 3156
853 3764
1043 3678
6290 6516
4411 7446
244 1529
2167 2795
452 736
2036 7192
130 6915
1544 3236
406 939
6308 6913
3933 6848
1579 7162
1545 3708
2418 6489
223 6382
3947 4654
155 511
2461 5668
688 704
965 6266
1802 5591
2826 4759
4049 6098
2573 5019
4648 6762
3257 5221
2774 2817
5197 5578
711 3554
4368 5469
3171 5186
1803 7101
4633 6281
597 6951
1302 2267
310 3239
3618 4100
1615 2955
802 1283
2972 6975
4647 7449
4156 4428
504 5862
2490 7060
2400 6621
772 3936
3246 5083
1450 3434
4060 5660
3086 4054
546 5173
3156 7539
116 3159
1604 4116
1422 5312
449 4486
511 2380
3219 4401
2001 4802
4026 7223
620 3971
3272 5714
864 4182
776 5099
3503 4345
2945 4710
516 6955
3055 5003
586 3306
2965 5718
1887 2968
931 1489
2894 6694
1893 3179
1668 5436
987 3938
1112 4901
1793 3963
3313 6409
6113 7113
323 4640
7249 7506
818 5992
6375 6680
1466 2433
2647 5181
5003 7299
3578 5985
3172 7007
635 7494
3546 3628
1675 2953
115 1311
1343 3649
2391 6063
2407 2476
266 4752
2894 4749
1861 5776
2850 4719
294 6926
1705 3811
3274 6187
6988 7098
1535 4576
1726 6674
4683 7543
495 4737
3165 7280
835 4833
3213 6245
4834 7272
5609 5770
257 5178
1681 2844
214 4288
7455 7591
891 4887
826 3540
1871 3384
696 6461
3089 4997
4071 4847
3564 4763
940 2416
788 3294
1105 4784
3905 6436
1135 4920
1055 7649
5935 7527
1372 2503
1273 4201
482 2123
2616 3217
665 3304
5802 6838
3133 4847
3467 6873
87 3678
3267 3748
2066 2151
4318 5090
945 4411
1522 1787
2831 7118
557 1443
7023 7253
6795 7072
2507 7194
2492 7400
3930 4648
1648 5447
1532 6653
161 5561
379 5051
813 6069
2428 7581
3021 3540
837 4372
4032 6609
2933 5537
2876 7130
889 2617
2213 6653
903 6517
6469 7614
1077 6308
3887 7036
5049 6382
368 6616
1841 7244
996 3768
352 3951
421 461
601 4495
2480 5935
609 4773
3198 4915
4385 7444
2958 3884
3560 7577
1334 2031
1568 3540
2592 6122
2585 7030
5881 7342
3543 7596
4071 7621
2409 5977
204 6195
6648 6881
934 5798
1195 4774
3898 7605
4802 7298
3566 6421
3923 6605
1319 5905
181 6517
286 4015
4538 6930
504 1717
2554 3037
4660 7055
1390 2484
5804 6284
4329 7312
155 1388
1875 5085
5197 5386
2104 5788
2188 7348
4214 6449
68 4359
1281 5618
6723 7174
2292 2453
750 1278
893 6225
301 380
583 2439
2745 2905
1609 5411
130 5044
699 4654
6062 7538
1734 1949
1159 4332
3106 4971
5105 6031
2699 3610
1561 6414
388 6528
1527 6073
67 7571
4767 5639
6079 7140
1658 1839
1162 7210
1672 2998
1586 7584
2687 7564
505 4041
3118 6728
4629 4671
2712 3380
1230 6372
6851 6865
3566 7438
104 4021
663 1728
369 4347
2844 3223
6942 7008
1200 2738
1884 4862
1322 4778
5610 7163
1364 1894
2895 3537
888 6156
4023 6346
410 5669
5459 7181
6127 6459
3155 6230
1946 2084
3766 4175
4512 6651
936 5768
1531 3595
5782 5966
2198 4575
2761 5888
2836 5521
3673 4928
1006 5196
890 4880
5358 7140
150 523
6862 7613
4337 6848
3557 6337
2405 2929
769 3773
1519 4305
1507 7634
3634 5833
3877 5833
1234 3089
988 1139
971 5751
5512 6966
4509 4627
1022 1327
960 6067
1363 4054
5902 6489
2492 3561
4190 5262
593 1574
3636 6999
3436 4416
3593 6268
3364 6435
1982 3337
256 1242
854 1945
3740 6098
1719 2693
5115 5687
989 5030
563 4849
5674 6830
2142 5856
3659 6945
496 4218
2321 7578
2522 3469
623 3897
427 3680
5082 5618
2220 3952
979 2210
2716 3615
167 2862
760 1752
1332 7386
6819 7102
1256 5294
419 7502
6466 6900
457 2456
1678 2590
1018 5283
6800 7185
3151 5286
963 2994
200 3513
1730 5969
4488 6251
4296 7024
1823 7482
4632 6689
1170 5624
4128 6411
3974 7462
2503 7487
1127 6951
1636 6374
1596 3947
4254 5649
2520 5607
2836 5337
1294 1648
419 7334
3791 5664
1916 6632
649 1161
799 6886
2837 5359
2003 6207
5376 6213
1075 4207
1460 6398
3591 7439
2806 4801
6015 6059
6916 7439
495 3756
1994 3548
4020 4371
4150 5445
2001 4579
6876 7377
5369 6940
122 4868
3289 7514
5803 6397
1307 5931
341 745
1261 5335
1812 4090
245 6895
217 3936
5390 7444
2441 4485
1472 2947
1311 3661
2737 4633
4190 7560
5858 7339
336 1519
417 5218
6059 7573
4043 5868
1455 5765
5748 6053
3595 6008
1990 7161
3446 7114
662 2954
44 3272
1416 4656
908 1328
2044 2335
3747 5125
57 6401
5458 6867
2767 4950
2461 6496
1748 2464
1306 5498
968 7606
5723 6601
1862 1967
581 4145
4077 6926
2609 3846
4676 5401
817 4871
726 4615
1850 6386
1816 3770
2020 2265
2772 4207
122 2155
2903 3750
2088 3835
2207 4836
5766 7420
667 1834
1367 7090
1493 3570
273 644
5023 7039
2232 4632
6741 7464
2024 3828
439 6970
1314 2015
5435 6130
1844 2911
6503 6955
3135 3462
1180 2127
2533 3642
5784 6439
1233 3984
3204 6990
801 2115
4594 5616
308 2633
1688 1816
348 3114
4878 6677
2138 2735
1149 5231
722 6996
145 6024
69 3424
3709 6064
528 1675
1930 3839
5988 7615
2291 3952
1244 3966
3602 5866
261 5134
1513 5330
5518 7249
5330 7218
643 6773
1885 5589
1669 1905
4254 4414
4591 4830
1771 4470
2707 6581
5851 6049
1254 7283
4032 4928
4137 6405
4789 5787
538 2143
3211 5810
1827 5721
1085 6187
1137 5578
2495 6592
3581 5511
173 2233
3915 5507
3242 7251
893 4454
2142 4140
2462 3166
6429 6846
2098 7578
4272 4709
1567 2274
998 3014
4806 5668
35 297
2070 5678
2043 6576
2981 7300
2324 7376
253 1659
2350 4049
3177 3632
1788 4486
3612 5756
2191 7562
6829 7485
3253 7482
2550 4075
3089 4265
2043 2272
1070 3931
749 3097
2510 3272
1998 3341
4822 6248
1364 3262
2267 4305
2428 3838
1418 7537
1430 5595
11 1077
563 6558
2939 3211
3833 6485
1651 1937
2981 3635
251 7028
2411 5781
117 7000
4911 5818
7104 7309
2672 6116
3310 6515
221 7224
890 1211
6312 6771
2911 3003
1976 6764
6309 6904
959 1382
5391 6340
4235 6272
5700 7269
5544 7541
3706 7232
2450 2484
2159 5726
2193 2917
2 6385
617 5886
3516 4410
3205 4702
3172 5238
474 5706
170 5980
1419 3834
685 4714
4855 6613
1063 6252
2705 2850
4073 5417
5131 7276
2212 3654
1307 7435
4167 4502
14 4906
960 2705
3186 3752
5386 7151
4216 4759
4865 5713
752 1751
2454 5405
3098 5108
1568 4804
5164 6891
2786 4984
2697 5596
930 5235
1052 3868
1762 5747
3676 5119
3650 6518
1556 5354
616 4786
4468 4561
1134 5139
1720 4116
3703 6591
5183 7324
962 3468
156 3711
1485 5295
2990 4140
802 4162
3528 7415
1026 4118
2511 5535
4257 7495
5235 7305
558 1898
1448 6304
4461 5533
454 3130
3889 5901
206 2156
1379 5605
3855 7306
2877 3264
6322 7323
2114 2734
1249 3472
2096 2371
5416 6184
980 2854
3459 6135
5115 7460
1298 7515
4267 7536
6505 6900
971 3979
782 1510
5423 7139
1046 3821
4350 6611
2142 2622
1296 7206
704 5547
2838 6734
4480 4740
3442 5836
6324 6701
2291 5001
1267 3880
1442 2848
2662 7283
2465 4731
774 5944
3311 6271
2308 2869
3977 4775
3833 5775
2657 5325
2760 2892
2047 3919
6507 6865
4590 6479
5632 6328
607 2926
713 4967
2386 2490
3923 5091
4334 6282
3879 7155
4692 4834
5784 6694
2039 4866
2769 7082
1721 5575
264 5043
637 4121
1672 3795
2314 7276
4961 5564
2406 6817
858 3904
3253 3949
4457 6079
3206 3619
4701 6788
463 5838
898 5218
3102 4783
4357 6010
2709 6666
3053 4106
5136 7499
3868 5893
5244 7343
3966 4107
4999 6356
199 7239
2029 5694
754 4092
5206 7215
4774 7562
2689 4294
1495 3315
6253 6643
2363 3643
923 2517
122 7510
2165 4996
4574 5854
2218 4981
1084 7077
569 999
1646 6387
452 4726
3823 5464
1093 3857
4474 6560
5182 6807
2095 4018
592 7001
5946 6790
2383 6338
3178 7580
4695 4871
4434 6474
652 6042
3664 7157
2047 4330
2667 6106
2460 5719
4859 5966
3768 3908
3271 3776
3193 7598
4821 6459
5914 6103
1368 4797
1341 7357
1891 4035
729 4308
191 5687
903 7157
2199 4414
2934 4910
2917 4073
1631 3041
1710 2029
1304 4886
5038 7285
2928 6544
6640 6909
5718 7142
1033 7447
4602 7281
2973 3187
1605 6377
816 5492
5616 7391
3209 6233
5919 6551
5793 6110
2910 3842
710 1565
2105 4070
6924 6970
151 445
30 1795
3776 6452
1359 5218
502 2217
4217 7490
1675 7281
4423 6550
4794 6557
2415 3563
3309 7357
869 3603
1190 4880
5660 6467
571 5908
577 2976
5503 6520
3158 5354
2102 4992
2093 7108
3872 4642
1670 4193
1198 7307
3302 3891
3367 4088
1332 6365
416 4967
6177 7495
924 1994
1468 2688
1530 2017
2673 4351
3167 7072
459 6963
1239 3336
1179 3385
2459 5673
3818 5765
1507 2008
2617 6987
850 2165
658 975
395 3887
4038 7608
1959 3503
3095 5350
460 2332
987 5809
6135 7206
5429 7350
3307 6513
3188 4108
1507 3196
172 5998
2632 3288
5324 7546
684 7222
4912 6287
127 156
5247 6874
3014 7271
1474 7000
1512 1974
3005 3508
5186 6660
2953 6682
2013 5464
2757 6513
1288 1319
6785 6861
2046 4653
3403 5446
1145 2902
164 257
1339 3616
3524 5337
3869 7622
3221 5102
4532 5289
1631 6943
2249 4032
1742 1845
946 4772
260 7482
3394 4750
592 4441
3418 7330
2064 5205
1338 5745
535 6158
4886 4897
920 1691
2226 6726
1618 5916
814 4866
20 2418
3975 5427
6410 6873
2399 5825
864 7083
1319 6348
1438 7549
3569 4068
2565 4739
2069 2074
2426 5719
2790 6722
4157 6283
2152 7427
1962 2079
2510 7043
15 3867
1660 4470
2327 6386
4404 4920
5132 6092
1004 1738
493 6328
4798 7575
1447 3675
1544 5433
2163 6448
1077 4305
110 4921
2954 7249
551 1729
3260 4841
2567 3955
687 2703
703 2479
2534 5678
2172 6255
575 6006
3589 3871
2568 6953
4799 6746
1096 5159
4119 5044
41 4542
2305 3606
2322 7081
4252 4338
5181 6053
282 6325
2912 6690
3642 7184
1302 1680
6264 7121
683 2468
348 5119
3138 3237
1823 7393
2486 5143
3232 4744
484 4464
940 2304
3013 3261
1524 6590
4513 5513
3547 6311
3018 6071
1547 4950
114 6449
2620 7191
4088 5534
77 230
4284 7046
2988 3454
942 7164
1553 7202
2281 6262
1318 4676
4265 6540
4172 7268
3143 7340
2339 5462
2151 6698
1586 5032
3432 5540
1579 7374
4887 6404
918 1774
5532 5936
640 3550
332 1295
4542 6583
271 313
1431 5901
327 6132
4179 7134
4212 6660
1920 5105
1822 5630
771 1094
1192 7629
5581 6800
190 4954
1365 2560
1588 3004
5940 6054
4638 4705
6631 6894
6431 6881
4051 6611
2420 3955
6684 7144
6924 7135
539 2442
1624 1688
1648 5822
2948 5165
908 1548
3634 6124
4775 7398
2469 7555
6039 6982
1127 6142
2146 4191
780 6048
2271 4746
5944 6169
423 1420
1270 6551
1000 1727
17 1733
589 1331
1542 1640
11 6254
4544 6072
4254 7388
576 5379
824 4577
4910 6333
2033 6354
248 7346
5478 7446
269 673
2243 4421
2176 2262
1438 3099
5121 6196
76 5016
3408 4040
1505 2070
1174 5728
7137 7418
1476 2115
1579 2540
4130 6404
3113 4555
3919 7113
559 5859
2961 6050
3535 4762
1541 1724
1665 4355
3291 4767
1422 5324
415 1211
3555 5395
5424 7212
210 567
3832 7412
3547 4832
1112 2954
2669 3093
2582 4492
3062 6660
5911 7017
53 3339
3316 5460
3981 4315
5733 5746
1055 5090
3378 6542
2750 5717
1172 5521
2892 5525
928 2535
378 4466
5859 6556
114 5594
2156 6782
4039 7476
3049 4061
5814 6122
2793 6713
4988 5056
3570 4874
1108 3555
1462 5592
4156 4301
4606 7578
3972 6572
2741 3176
3641 7160
2234 3500
1835 6939
113 7646
586 2375
3924 5713
2034 6751
6381 6631
5415 5466
917 1406
4175 5585
1082 2161
841 4902
5996 7181
95 7091
6113 7207
2492 5017
2840 6749
251 3067
3681 7555
6874 7319
2514 3891
659 6820
1579 6788
2987 4398
1121 2608
1546 2056
3167 6183
213 2161
4826 6051
186 6860
603 7497
3432 4591
5253 6370
3945 7323
4804 6098
2111 4768
1252 2716
551 1078
1686 6004
3539 7274
108 4269
609 5309
2641 3423
4836 5493
3069 5091
260 1096
2933 4695
1334 5645
2685 3238
4194 7190
4037 7397
2974 7394
5884 6107
2210 2277
1637 3500
794 3092
670 4108
1016 5772
3522 5313
2436 7562
4744 7382
6138 6970
3654 5119
608 4620
5565 5754
5885 6386
2606 3111
2595 5023
4502 4889
4247 6198
3224 5169
3663 7045
230 6025
4336 4410
4697 6032
2585 6077
2312 5173
144 6389
3484 6743
1800 1818
5852 6178
4740 7383
2699 6665
5502 7241
848 4982
3707 7245
1405 6620
876 2324
1286 2798
778 2310
3800 7591
6193 6924
852 6707
5767 6187
1305 3295
2272 4622
2150 3267
381 3755
4595 7520
1697 3327
4694 6765
3782 3949
914 2773
3381 4471
2118 5438
4492 6044
1726 6212
2943 5301
154 281
2638 3630
764 4155
137 4157
2105 3646
4500 4913
3801 6378
2482 3075
5863 6782
857 5565
1365 4915
1781 3802
1605 2854
1262 2986
2250 3938
3773 4278
5374 7331
3139 6578
2006 2139
690 5373
1903 2839
802 5522
2897 6781
2426 3491
5929 6556
4001 4470
1332 3807
4911 6436
2096 6225
919 6083
2990 5467
130 2839
1937 7193
5878 7248
2074 5266
1605 7082
1823 5459
4433 5338
1513 7012
2357 5951
7000 7097
5208 6005
1987 7356
4788 6317
4229 4682
1344 2506
4420 5465
3989 4415
1189 7553
1127 2247
5936 5947
1097 6692
2762 6987
2856 3237
1602 2550
764 7158
1201 7342
1560 3491
384 1702
5586 6952
4608 6354
3316 4269
4258 6570
445 1022
1052 7344
5062 7259
469 3736
2594 3891
1109 5502
76 6940
4510 5296
4241 7455
1915 5251
3743 7464
3579 6292
5657 7295
874 3267
6076 7142
4445 6595
3134 5866
923 7158
5237 7382
5613 6468
1471 7642
5716 7167
3447 5971
22 5102
2623 2877
1237 4679
3244 4471
1977 5546
1015 6214
3163 7273
2873 3317
243 4012
1390 4722
1041 3023
3231 7634
7110 7527
354 4085
1138 1302
4137 5460
159 4961
3986 4909
71 6527
7235 7646
3064 3485
5327 5432
4298 5119
2467 5527
613 2267
5569 6588
4051 4595
1238 1606
2240 4811
4066 7151
759 1213
1874 7595
3399 4302
2462 2516
7045 7188
2458 5293
2321 6412
2069 6890
1382 2283
2416 4295
2656 4765
633 7192
4638 5557
700 2294
3186 3759
569 7291
5674 6091
768 1312
3582 4979
1553 6107
594 1559
2289 6891
1200 4452
2578 7553
6250 7036
2816 6965
6425 6985
892 4055
2625 6546
747 4041
2990 3990
2295 6252
2138 5127
5179 5396
3323 4154
1109 4259
2241 7598
1505 6422
2592 4332
3820 4370
935 2143
3467 7211
1728 7327
5146 6000
55 6240
449 2963
2755 3285
4699 6726
2136 5456
4264 5158
317 6860
2822 6723
5070 5593
4571 4918
749 4322
3178 4990
1965 4289
208 3990
1902 5205
3503 4660
717 1987
5137 6808
1914 7341
4357 5246
5786 6091
1864 6875
3241 4749
2371 6952
801 6362
4817 5680
538 4778
4850 6594
4585 7495
2089 7280
1551 3391
4328 6688
3793 6594
2968 6968
1072 1248
1306 5884
6062 7450
6183 6254
916 2810
1760 4203
1650 7448
925 3584
4624 7141
1991 5041
1834 4136
2908 4891
3336 6743
4835 6161
1881 4549
1937 5225
5293 5583
3809 3816
2173 7157
1156 5334
1878 2156
2868 5403
107 4850
3138 4304
1543 7473
1022 7181
6568 7002
6404 7527
1032 7159
3127 3425
1890 4160
2117 7606
6719 7243
1072 1706
1553 3418
5242 7473
756 6129
4417 5977
492 5559
1289 4580
1637 2789
5612 6933
2028 3306
749 1110
855 2944
308 3782
6369 7340
433 7034
1322 3609
2190 2383
1559 7586
1181 2265
999 3129
2657 6303
816 3593
27 5136
2209 4794
3088 7385
2458 2958
2239 2852
4587 6922
1154 6364
1837 2137
697 2566
3029 3051
3203 5227
301 4005
193 4399
3725 4174
3455 3771
1306 4853
3779 4847
2146 5420
3343 3867
633 3018
871 1284
2060 2540
1371 4584
2554 2638
1217 1911
2816 7202
1572 7395
2946 6586
2253 5949
1585 3694
4195 7247
1501 6624
5767 5787
4737 5722
2560 6900
1099 3139
5343 5744
6710 6773
3940 6933
4674 6109
96 2280
6112 6120
2566 2879
2122 3421
465 3977
2618 6289
5623 6245
2882 4490
1212 7279
7205 7638
1478 5837
2839 4860
35 5740
1986 7623
405 5598
3609 4694
3955 7361
1586 2886
3418 6951
4123 6213
4143 7612
5491 6029
4824 7019
2539 4653
2763 2942
6201 6811
2692 4425
2355 5730
4540 4894
5535 6615
1333 4644
1244 5397
4790 7569
217 2939
6337 6825
874 1667
287 5711
2953 4860
83 6775
444 5574
980 1678
4330 5155
2125 2160
4601 5984
180 4498
3329 5382
4571 4703
7242 7417
3569 6527
1925 5411
2380 5559
3485 5009
3008 3273
109 2913
1153 2492
3025 3322
2627 6444
6451 7531
2115 3991
1664 3550
1326 1676
4946 7371
1823 2232
100 7030
7045 7407
2471 4862
2015 3524
3431 4909
4922 5512
452 3124
499 3868
2475 2814
1500 3678
1964 6160
1307 2026
564 1949
3136 4701
3563 4695
5776 6872
2530 4382
1780 5470
3846 6742
4188 7102
6771 7582
443 4378
3270 4305
2988 7187
655 1439
1430 5674
511 862
3075 4454
4111 6391
3732 6111
1742 4303
3563 6858
3480 5366
3100 6506
5971 6501
2640 7005
190 6807
896 6305
3697 5140
1528 4757
2870 4148
993 6582
4405 6388
760 6917
2878 2896
5506 6917
4406 6030
4794 5588
3115 5085
19 2495
626 6635
3298 5619
2215 6132
333 2585
5529 5941
4255 5688
1493 3422
3337 7168
3022 3409
5171 7306
2071 6565
52 5208
1053 1674
1411 6415
1088 4739
4575 4656
812 5241
3516 6357
5578 7498
1848 3986
3587 7217
351 3443
497 7573
2947 6599
687 6087
2246 4723
1033 6895
1832 6673
347 3716
3195 5611
1042 4543
1126 7586
4944 5846
5793 7315
2436 6571
345 5103
759 3572
4696 7533
1783 5507
4054 5969
450 6552
1751 3549
6666 7223
994 4090
167 6125
3673 3773
627 3082
1489 3202
2708 3419
1042 7271
5294 7462
1889 2552
5437 6198
186 2909
1552 1563
14 5403
2541 7390
2441 2876
1893 4655
4639 6990
1011 4460
1947 2988
3886 7573
6887 7592
6074 6833
681 6641
897 3651
233 4972
455 6178
1130 3264
334 2952
3061 4505
1724 7061
3708 5329
2397 2621
3074 5105
4528 6157
1613 7054
132 2507
1458 6616
3313 5819
3135 5887
394 3322
6088 7306
1160 7630
5540 6849
3834 7300
4751 6160
962 3526
4895 6238
3788 5578
1239 6515
778 851
1482 7001
1898 3641
5608 7355
1981 2411
732 2002
2633 4379
276 3575
1182 4065
934 2067
45 4242
2367 6764
4143 6537
5715 6663
1349 4018
2368 5133
433 7020
194 5353
1414 1838
3669 5632
1345 4183
2051 5654
2267 3873
331 3110
1103 4077
1894 7089
2127 4337
4000 4167
1293 5866
1968 5397
3158 5866
1213 2789
820 5928
1053 3994
10 1176
3789 5614
5986 6713
1290 2610
4522 5189
1234 3386
1661 5481
337 4395
5111 6597
2084 5033
1541 5125
1558 6495
2598 3093
1696 7326
5882 6638
1537 5531
2286 3861
6819 7227
3755 7597
482 5632
2668 6544
3420 6107
19 7007
370 837
505 1681
191 6777
1744 3416
828 3871
960 5353
1060 5868
3708 5066
246 3537
865 4878
5387 6417
3678 4648
1751 4370
335 5801
907 3486
3651 5428
2259 5112
5220 6831
1340 2616
67 6923
3151 6052
1199 1952
1316 3177
764 1539
1882 7620
410 456
2320 5450
614 2954
701 1320
638 1548
411 3406
4097 6159
1163 5433
320 2478
3266 5972
2918 2927
5444 6814
577 2186
4756 7339
5468 6060
3398 6572
1680 6202
1145 5612
2060 4661
2885 7198
1009 1255
1379 6801
3195 6720
4405 6809
4486 5866
1565 3648
1930 6446
1451 4832
852 1684
1081 7453
2542 5496
4821 5546
3692 5277
4015 6756
481 4816
4675 5740
2274 2790
1564 3782
761 7248
5493 7313
235 6318
3151 3372
1165 4021
901 1019
2745 3868
2321 3584
1861 2932
6173 6983
4166 5388
3818 5687
944 6809
2899 4530
746 3833
4062 4746
40 7321
470 5196
1223 1525
6871 7318
2324 3592
1024 3741
6937 7018
3724 5441
1966 2783
6816 6922
225 1841
2846 4582
1293 5019
1360 6083
54 6502
3334 7303
3344 5654
977 4345
5124 5636
1129 3001
1119 1682
800 2847
841 4781
1202 7001
2267 7028
987 3669
2109 3806
1105 3636
3106 3241
4799 6436
4573 5240
4282 7366
3364 7274
4859 7489
1181 6401
1900 5209
471 6398
6179 7491
4812 5420
4391 5889
4392 5424
218 3561
1628 6132
2581 4890
151 1429
46 406
6464 6849
1634 4625
3093 7008
1562 6658
2285 6130
1102 4464
4952 5652
6272 6378
5233 6598
1039 7311
6426 6942
477 2191
3894 5003
4986 6304
4779 5415
3556 5280
1093 2691
535 820
515 5064
6863 7339
907 2142
3464 5487
6640 6766
5784 7345
3040 5163
2521 6405
2104 6324
5708 6416
1558 5134
1039 5300
579 1445
4493 6749
5605 6036
4612 6811
3458 5018
966 4057
2604 6850
6141 6455
1922 5700
4173 7476
5312 7315
265 6852
3046 4990
1875 3603
4075 7366
660 1016
885 2492
3072 5751
5203 6481
485 3070
4688 5854
1390 2042
3302 4323
2859 6076
3295 3900
651 3535
3696 7392
523 3799
2530 7641
4088 5305
1540 3976
4003 4397
924 3244
1780 4360
1430 3824
5476 7164
919 6876
320 3297
6005 7232
175 3025
3295 6692
1215 1983
6404 7126
2512 3835
937 5125
3465 7565
2793 4250
1635 7053
3060 5320
2749 6622
3086 4155
830 5996
535 4395
938 5448
624 673
2720 7214
93 3825
3519 6241
880 3461
234 1582
2230 6646
955 6002
3326 4791
122 3313
3705 5111
2339 6389
3474 6112
1388 6555
3559 7031
6559 7210
656 4880
4768 7168
2600 5729
1574 5115
996 3783
3936 6595
4865 7387
5702 7085
1755 4861
581 4574
213 7017
4374 6718
2644 6467
5645 6908
3554 6092
3595 7150
4511 6463
4730 6248
283 473
1392 2869
820 1621
7032 7106
4495 6045
5887 6737
1894 3002
5471 6301
2387 3579
359 3184
768 1698
2067 3877
862 4983
1066 2533
3546 6322
4881 6203
48 2029
4319 7428
5678 5828
2585 6725
2685 3161
3598 3719
2655 4189
1616 6583
3140 5714
4389 5854
509 2346
143 5662
1032 5393
1325 5555
35 2723
1296 6283
3239 5369
1578 4554
4518 6665
1772 7536
5104 6321
1360 6386
1045 7057
2905 6040
18 1216
591 3776
1998 7549
3212 4515
1451 1900
3597 4873
1900 7608
535 4340
49 4858
1774 5501
366 5277
78 1050
1102 2104
5927 6066
77 1901
1203 5299
3757 5904
3563 6850
2519 7170
2611 4064
5662 6281
1967 4923
150 6749
1476 3219
885 6075
1645 3679
1019 1266
2657 3673
5397 6590
4451 6693
3476 4181
811 1474
1660 2682
20 2888
2198 3344
2494 6273
3300 6661
1948 3725
5375 7407
3381 3858
2204 4777
4201 6505
6968 7225
1072 2586
4344 7525
470 7189
3442 4031
417 5097
6805 7090
1041 7425
4380 7588
3521 7614
2684 6952
1804 4894
3162 3171
356 4320
2471 2965
3129 5045
1842 4359
3351 4895
648 2124
1311 6921
2638 6776
92 5771
1185 6579
2835 3695
433 927
498 5805
2485 5316
5975 7187
603 7427
1019 6237
982 7374
1268 3432
718 2687
1566 4358
1865 5264
1849 4724
1994 4571
2542 5386
526 2137
3767 4904
4708 4789
3254 6795
4679 7172
1931 2367
3283 6860
1556 3202
1646 3074
129 4251
1047 6850
1109 7368
1650 2420
7213 7579
5766 7070
451 3722
848 3013
5063 6192
2106 7428
6755 6870
3126 4512
672 3454
4496 5873
3905 4694
1952 2574
800 1358
2478 4771
763 6206
1470 3893
5052 6062
3729 6498
1523 6224
386 3997
163 6241
3907 4374
2327 6566
1339 6005
1506 1571
1947 4383
5020 5333
2008 5363
4346 7077
286 5758
2749 7093
4642 7021
4181 5135
4903 5604
2571 4329
2938 4241
2221 4623
2843 3023
6145 6185
4603 5411
1245 3269
1455 5045
2362 4688
4239 5406
2169 2846
3299 7037
1864 3292
3467 7367
1100 5599
5127 6823
1195 2328
4244 6240
479 7623
2455 3468
3873 4116
937 7610
2117 5504
1963 7601
2881 7160
3974 4688
1198 3840
1514 1756
461 1938
1928 1977
255 2559
1624 1921
1467 4734
3809 5944
2377 3917
5682 6549
3606 4152
480 4377
3068 5168
638 2453
5477 6209
1829 7229
44 648
846 2192
5640 5989
3876 5031
877 6418
556 1400
619 5056
3003 4146
4611 6360
3218 5220
621 2668
888 5652
3294 3765
3345 7108
1646 7141
3354 3859
287 3793
3410 4980
5541 6084
147 2462
3449 6289
672 2713
3339 3918
4250 7529
4556 7039
661 6287
1693 6785
2724 2817
3696 7049
1312 4389
1455 5819
141 4437
2002 7507
493 6203
5645 6916
209 6160
3333 5566
1051 1746
2299 7008
1945 3522
3486 4518
1711 3494
1952 7028
3123 4607
1640 3292
1586 4731
1193 7045
763 4898
1451 6223
2765 4695
962 7225
4637 6928
867 2819
2743 3913
2528 7601
4547 7640
772 7264
462 4425
2138 3309
1411 1749
2772 4157
3517 3873
1713 6601
2895 3636
3164 6342
2856 6355
539 3631
4382 5658
3630 5967
1337 4924
3532 7420
1346 5461
5545 5757
1465 6475
3198 3626
749 4433
4830 7409
407 1302
2700 4041
943 5736
1415 5767
1911 3805
2655 3825
5828 5966
4508 6051
395 3926
908 2304
3394 7086
2066 5502
7218 7223
1099 3665
3147 3678
1072 6976
150 3115
281 6459
1345 5566
1408 2839
4672 5414
2147 2397
4032 6730
5871 6324
1577 4631
1527 3288
4470 7470
380 2324
2653 7033
3250 6942
3725 7024
2699 7484
201 2832
2366 7017
2642 4284
106 6614
2817 4298
1810 6109
2310 6658
3160 5522
3091 7618
35 829
773 6304
1982 3293
345 3660
94 6544
4495 5080
5338 6724
5628 6474
2188 6947
76 943
4595 6741
4544 4775
5211 5694
656 5988
1362 6351
985 2397
276 7413
2524 6133
1245 2835
286 5717
1913 1995
2881 6738
3332 5273
3343 4201
4879 7494
4988 7226
156 3251
2831 5009
163 3227
572 2109
3953 4656
792 2173
4481 6522
7062 7212
835 7465
3233 6826
6950 7473
158 5851
4617 5168
2190 5074
243 5045
7340 7487
2229 6104
778 790
2434 5855
493 5215
1479 5485
1504 5360
2612 7051
5940 7129
163 4476
901 1973
1614 2226
3354 5371
3008 5754
1188 2030
1546 7213
7107 7563
1692 2181
3946 5658
3934 6128
3650 5634
2839 3998
6044 6699
4884 6988
2254 3597
1017 6974
288 4957
2854 4409
751 7437
17 582
5621 7598
1820 5212
6392 6699
1961 5918
1410 3472
3453 4668
1358 7495
3555 4022
3481 5786
3550 3615
5512 6551
1557 4597
4227 5471
654 2606
960 3007
515 6116
851 5559
1023 5578
1289 4700
1574 5778
283 7356
534 2364
4834 5087
5179 5272
53 488
3936 7462
455 4997
7410 7459
164 5679
935 3106
1834 4019
4103 7558
922 2657
1918 4531
1203 4560
427 7285
832 6399
4613 5257
622 6142
4650 5547
3140 6846
4563 6160
1307 2937
659 7300
1357 2915
649 2229
1310 3296
445 2960
1440 1633
3023 4303
264 6685
1214 3113
4035 4425
79 5346
566 1814
6971 7137
523 7385
578 6526
4499 4956
2344 5296
788 3144
491 6147
3669 3981
1242 5462
6949 7088
843 5584
474 3132
1163 1986
1881 7445
4428 4662
3434 3946
1069 1693
3020 4722
96 535
3164 5831
714 7525
691 5994
208 4780
1644 4788
1417 6243
1015 7291
4150 6369
4097 4929
2568 6296
3794 6783
2231 5176
5777 6177
1971 7055
6855 7341
2353 5266
5591 6837
2083 2896
2234 6000
1226 7185
4368 5568
859 3432
3029 3716
2681 3090
2761 4282
843 4039
342 4857
1636 1984
657 4817
855 3430
435 3405
999 2186
1167 4724
4843 5591
4320 4727
3911 7346
1987 6315
4616 7258
6383 6871
2153 2317
3923 7104
421 4016
1377 5408
1764 7024
103 2704
2512 3927
3067 4334
1088 1475
2112 6283
1319 4633
354 6181
367 503
1365 7193
4589 5125
1080 3409
4000 5269
3256 5405
1176 7532
1932 4833
1225 3229
1022 5152
2623 3483
3120 7552
454 6229
2295 3276
2470 5678
1055 6309
683 5117
2311 4548
2703 7295
3256 7223
971 3663
1223 6149
6099 6809
3693 4570
2962 7627
3175 5564
4514 4745
288 2293
2373 3585
2817 6336
339 2185
7154 7359
829 4351
4773 6464
1416 4734
1867 5314
322 773
554 1263
2240 5820
1098 3183
1386 4348
5340 6650
4942 6141
2616 3442
3827 5872
1249 3160
1944 3759
2853 4105
5695 6914
810 3087
6380 7046
1963 2247
1880 7456
1042 1917
566 4750
1518 4540
1634 5699
2052 3962
2591 3296
464 3734
3496 5484
6407 7115
4751 7294
3912 6304
998 4059
1003 5572
1196 7601
2831 4139
3420 5028
674 4910
2649 4137
3530 6117
3187 6711
896 3447
2824 6683
1875 4698
221 5419
2207 3384
2666 6487
1359 5366
757 5332
992 5895
1338 6976
1719 3065
4819 7076
3760 7083
2252 3649
40 5413
2516 6830
1636 6345
3367 4620
1436 2874
2109 5340
3666 4668
3179 4044
844 2671
2010 7071
3327 5264
29 2235
2240 3045
2390 6342
1574 4463
2031 5818
2388 7259
3299 5430
3943 6409
2805 6812
2966 6485
2377 4638
2085 5711
2250 4270
2036 6197
2319 3951
4149 6290
3879 4586
2169 2279
2613 5564
2805 2892
1923 1959
5339 7229
3193 7624
1405 1617
2 869
1939 2816
2677 7592
1609 3281
1772 7130
3228 5813
2624 6220
2984 3710
6248 6388
1276 2082
88 5503
2554 4929
2502 7187
5663 6067
1022 5609
1351 7323
1130 3246
5498 7598
5839 6523
3545 6053
3162 4007
1106 5101
1931 3782
3317 7388
670 4797
4097 5314
1557 4012
4631 7329
5365 5858
3941 4543
4869 5760
674 4655
1092 7092
5427 5688
3148 7500
5734 6973
2155 4634
3398 4348
6631 7115
3157 4904
2722 6410
3248 7231
2930 6744
1032 3517
2968 7631
741 6455
1718 5961
4143 6943
3817 5627
4437 6604
3635 6615
3061 5934
6669 7609
1353 3631
5365 5980
3389 3462
5632 6031
4564 5002
198 6873
3995 5907
169 6615
1273 4087
3126 6468
5071 6000
4769 7512
882 6798
1682 6594
1718 2204
5233 7139
2132 5671
670 6337
1523 3290
769 2094
3138 7561
3033 6836
4618 4771
2724 3897
2484 4584
1118 4128
2664 3126
1501 6724
5666 6884
752 4068
3861 6830
3351 6833
6325 7257
2290 6451
6027 6135
827 1763
818 1877
4475 6607
5513 7492
71 5938
5855 6053
956 4356
1425 3016
5444 6674
4457 5034
2658 3643
5654 6462
675 4190
5203 7068
2574 7619
3738 6406
68 3179
5627 6434
1076 7044
1623 4889
6059 7091
685 2558
5124 7577
1903 3305
1223 3096
4725 6956
3960 5255
4894 6350
2570 6299
155 5018
4205 7527
4369 5516
2646 5532
3013 6505
1008 4334
836 5821
4298 5146
6808 7619
1273 2540
6789 7538
540 4117
6788 7092
1193 2057
492 1848
1089 7316
4567 5101
221 3132
4299 5918
1832 7635
3999 5076
1681 5287
1456 3760
917 3166
4370 6416
2561 5401
3366 5679
1440 6954
2341 2899
1069 1996
1433 5920
2083 2928
2580 6691
758 5447
3574 4619
3590 4872
1393 7628
2495 4289
2541 6811
1871 5798
348 3408
5787 6602
928 1960
469 988
3978 5061
388 3691
2243 4754
1418 2414
219 1500
3296 4635
863 2491
4633 7043
254 6693
737 6144
2617 3143
1732 3258
2962 5843
5382 5642
1970 6774
2363 5099
4200 4332
3456 7339
1215 5208
4577 5330
5766 6981
3488 6111
585 2820
628 3237
2679 2932
148 5183
635 915
4514 6285
1167 2336
2916 7212
1968 2192
454 6112
3949 6640
425 6179
2305 3770
888 5750
229 2803
306 1075
4776 7548
4226 6638
1522 5052
6466 6650
342 4389
7429 7632
4600 4699
452 7243
4698 6874
1289 3994
3214 7090
278 994
4469 7286
4152 7271
1586 3741
1900 2386
324 1736
1517 3928
699 7634
4079 7534
5278 7411
2667 6126
3254 6386
5293 7459
2329 4694
2187 5824
1954 3891
3040 5966
4615 4627
5618 5909
2050 5109
7156 7579
636 7437
1546 5131
6387 7047
1915 6598
3949 5149
5036 6504
2590 4512
901 1881
3650 4229
1084 5878
2943 5190
495 3232
3711 6410
3774 4200
657 2967
760 1156
5113 5755
2433 5005
3454 6716
6367 7494
2757 5320
6117 7445
5447 6915
2939 3480
2342 6382
4256 4830
1158 1892
1463 5292
883 2924
1286 4107
115 7578
5155 5554
1626 1790
4853 5833
266 3444
4974 5434
1532 4922
6380 7424
2528 3220
2945 6258
1527 6617
2178 6234
535 6815
2456 3881
5926 7021
425 7183
4412 6713
977 2667
236 3909
2344 7494
5962 6957
53 2313
3868 6153
5935 6323
3035 3266
5629 6277
3428 5134
239 714
3391 5237
6038 6635
1080 1660
848 5501
2146 5485
5731 6440
2840 6750
1829 5296
832 3282
713 3064
6153 6264
985 6899
485 5929
509 2281
4112 7215
1349 4581
5453 7176
516 2511
1056 2336
112 1398
743 7644
4735 5895
3325 6896
6950 7590
715 1515
2326 3243
4378 6343
1998 6160
2117 5350
1943 7494
5074 7457
4702 6894
4050 6074
3105 4125
1361 5650
4319 7168
464 947
3380 4633
6509 7109
1495 7251
2590 4450
6354 6512
428 752
5167 6122
2742 5298
5016 6757
3919 6024
3085 5924
371 6381
4330 6516
1104 2291
3892 5998
3481 3789
1905 5929
299 2057
1215 2639
3831 7095
3279 6137
4835 4942
272 320
6892 7588
1905 2593
4724 5180
6505 6545
616 3563
2086 6177
1904 2707
356 6947
936 4303
998 5871
820 5665
3207 6266
2322 7173
5827 7617
1977 7622
3524 5443
132 6835
4359 4615
1722 2624
1654 3767
542 2487
771 6515
849 4892
4708 5077
3547 6458
753 1804
1104 3409
750 2960
518 3783
497 3403
1909 2651
2433 5513
1997 7233
959 1531
1919 3912
212 5244
1854 2649
1867 7001
1026 1717
3920 5858
3749 4973
284 4110
2076 5255
1769 3781
4085 4915
3636 3804
2881 4189
1443 4955
3611 5997
3611 3728
874 6539
1323 4003
5262 6739
4591 6508
1905 5038
1726 4746
2318 3794
3225 5382
4091 5561
757 1086
4118 6569
2538 3721
1315 7553
5899 7611
3556 5041
3161 4753
1706 4054
2530 3311
935 6743
620 641
2394 6187
1524 6985
1873 7013
520 2712
2029 2477
5514 5568
1636 6654
880 4019
734 5477
2417 3572
1910 6151
166 2634
2954 5551
2381 7553
3877 7013
3443 3991
1071 6045
4156 5807
433 4147
1967 5576
1284 3408
980 5734
5648 7428
2106 2451
3843 5525
6594 7468
3951 6714
1966 2752
101 5609
1698 2890
358 6376
1380 3692
2349 6509
1009 5278
4176 5974
445 6329
4285 5492
1257 7584
1956 4958
1548 6250
3725 6458
4959 5304
4611 6931
3505 6162
951 7308
4947 6209
756 1053
3524 6517
3702 5455
1072 2945
355 1308
1793 7390
4607 6743
2302 2534
2935 6243
1071 4529
1677 3558
2380 4090
377 6101
677 4775
3303 3577
3775 7023
26 559
3192 3248
4212 7503
1263 3368
4130 6205
6219 6641
2901 6691
4606 4694
916 5564
756 1167
878 3175
2950 4435
2250 6147
2405 5836
2204 6216
4635 5398
1388 3717
3115 3646
5360 6175
1577 7587
133 1064
1228 6464
1353 3083
1570 2154
1291 3522
1796 3524
5971 6194
6819 7047
44 7147
1257 6130
2391 3676
357 5336
3310 6793
1362 7178
599 6130
792 2663
883 1618
5221 6231
2582 4604
4583 7525
3523 7017
743 1834
1388 6145
1685 7448
3430 4640
308 2950
4963 5879
5976 7187
1215 1872
1310 6129
1348 5611
399 827
1913 3018
760 7132
291 1304
410 6067
980 4980
4179 4639
1000 1649
2229 7553
3769 5332
2255 5178
3375 7590
2438 4040
2323 7257
4144 6333
60 331
1097 4952
96 3773
4436 6160
3173 7196
3226 5805
5371 7630
3713 3771
2104 4868
3892 4846
1377 3397
1150 7361
2302 6778
2848 3916
6015 6739
3519 5245
1404 1664
509 5116
2673 4502
156 5631
6694 7213
2592 5887
3620 4105
2876 7451
997 2523
4582 5637
129 6503
3367 3699
1217 3015
4207 5095
4766 6015
241 1541
4682 5489
6055 6129
3602 5448
1619 3254
5484 6592
311 965
3483 5286
5419 7556
1020 3550
3518 5839
373 684
3626 5572
6969 7516
1073 4226
187 4236
5662 5791
468 1651
932 1752
717 1934
39 3052
2417 5722
5116 5499
1513 2502
3567 3696
213 4565
571 3569
1346 6749
3130 4345
3187 6761
151 2951
1684 6142
503 1882
1714 3998
5036 5761
4088 5084
2126 6285
3372 6105
251 3935
261 1861
6738 6910
4504 4620
4831 6865
3268 3285
5225 7402
7106 7632
6486 6886
5410 5807
5041 5550
1793 2622
279 4636
1709 2125
3391 4097
1978 2597
1925 7494
496 1455
4163 4506
2048 4423
2206 6930
1687 5192
1340 6842
437 5177
3220 7632
1810 5714
2143 5196
630 2734
279 5620
1685 3798
2029 2899
2707 7173
3311 5034
3353 4032
510 1570
2919 4044
550 6691
1858 5730
5289 6878
4592 6401
5954 7369
3815 3840
354 6228
1675 4673
4788 5079
1131 5050
382 511
1377 4592
4063 5748
1838 2263
2377 7358
1186 3254
3208 3261
3825 5926
4302 4314
4327 6526
2919 4669
1785 3305
1781 7560
3945 5819
2225 6820
3299 6810
5846 7087
969 5840
3514 4191
2615 4147
36 589
1832 5084
881 2515
1568 5848
2427 4506
31 4417
3330 6923
5931 7004
6312 7079
2416 5329
6329 6999
3799 7045
1649 4265
675 4730
21 5033
4734 7357
170 1572
1167 4989
783 1876
2633 4363
6196 7343
611 1617
3669 7187
1977 3715
4991 6080
465 5456
649 1030
185 519
5666 7567
2909 4579
6933 7461
1735 4980
1616 4484
3235 6419
1016 2794
1152 2951
2205 7336
518 4797
822 2453
4666 7065
4479 6959
4119 7620
40 2139
2976 4037
3906 5282
6371 7432
149 4457
34 1564
1822 3624
1840 6043
1798 4052
320 5802
1490 2836
4048 7157
652 3558
1959 5827
340 6117
1468 2507
3515 7159
6244 6898
553 5854
983 7571
866 2743
662 2384
857 7187
1490 3468
4983 7267
1446 3862
2148 5345
43 5730
4255 5518
1909 4846
416 6215
715 972
2705 2775
665 2814
5314 6792
461 664
1889 7159
4663 5746
3626 3695
1108 2294
1965 7117
6217 7077
4408 4628
5066 5921
2463 2592
5683 5834
1062 1696
4108 5288
2654 6057
3809 5303
4649 6289
2931 4439
1488 1812
5136 7540
181 1574
5480 6249
183 1533
2684 3617
6059 7486
2342 3523
1607 5687
183 2178
788 5229
436 4700
4915 6634
3807 6094
2541 3789
669 5154
983 2663
2816 5184
1415 6650
3646 7141
1007 5430
2315 7357
1338 1651
143 2469
3835 7244
344 5878
407 4936
3041 4988
1889 3797
5709 6918
1639 4395
6463 7349
2750 6659
2043 5825
4215 4625
4387 6034
1990 3711
134 6899
4219 5971
22 4220
6906 7239
2044 3165
636 3211
2001 2185
1523 2202
147 1277
6525 6816
396 4505
777 7161
4890 7259
801 3846
4868 5554
1335 5409
4550 5469
4555 7028
762 1723
2042 4382
4932 5267
2417 6969
898 3602
3342 6760
642 7054
4110 6826
2519 5550
5164 5944
1092 4978
596 6592
4627 5146
619 1958
1076 6517
754 1742
5347 7068
1710 5409
4293 7460
3126 7028
1214 3505
1360 3177
567 4595
1993 2311
2092 5059
824 3722
1498 3555
5024 5068
4050 4286
1242 1967
2254 5708
1308 4529
138 3519
658 3286
1951 3175
543 2083
23 6056
1030 1329
190 826
3099 3492
1226 7529
1701 6239
2175 5435
1218 5948
5006 6659
483 513
3351 5548
3093 5087
525 1124
2703 4168
762 879
3861 5544
4783 6996
485 596
2597 5996
660 3656
1539 5441
4758 4925
30 7412
1511 3609
3649 6020
68 6210
668 836
4894 6970
1334 1834
3419 5535
3235 6941
6155 6479
1235 4053
912 918
1255 6366
2484 5849
2813 3063
5036 6487
2380 7050
3005 4704
2541 7184
2247 5939
2366 3784
2422 3800
2353 7251
4865 7180
6675 6783
1107 3191
2814 3290
2856 7313
3639 4587
6183 6896
2496 5685
479 2941
2357 3339
5008 5429
1777 5281
4237 6793
1191 2903
603 6652
2537 4315
1755 4460
3125 4698
1216 6735
2268 2528
4695 5438
2759 4770
1663 5042
343 4404
4164 7515
1037 1423
257 5833
2332 2870
489 4930
680 2752
1019 2410
4783 7495
681 2874
1887 3959
2671 4229
3855 5551
8 1664
3132 5264
98 3899
978 6439
3830 6411
3946 4198
1615 5675
883 6952
3282 7316
243 332
2095 4026
129 5570
1645 6764
492 5473
1819 6729
425 5436
1728 3049
4638 6792
1569 7139
4067 5711
608 4995
525 7159
4885 4897
3246 3356
3362 6332
3121 5484
5551 5991
76 531
2668 3327
331 2221
860 1007
1673 6787
2360 3721
2594 6118
6231 6503
712 5280
642 6072
2292 6441
3847 6382
1194 4003
267 5342
6392 7567
394 3043
2162 4732
1042 4280
1156 2576
522 5463
2653 7397
6470 6585
1147 6230
1075 4141
994 7001
4001 4599
1515 1894
2761 3089
4379 5644
1517 3157
959 3406
4689 6111
258 2827
130 6315
1381 1808
4029 4201
660 3522
118 3130
3049 5408
519 1679
1441 5788
2243 4880
1335 2192
4017 6566
4341 7210
149 5470
4040 4449
2975 3944
6483 7156
1454 7597
422 1020
2165 5899
5750 5882
1980 2992
1356 4541
6498 7083
1291 4496
956 6649
567 5089
6226 7450
1855 6567
4833 5029
1814 5810
643 6337
2660 5656
1249 3762
5885 7101
2665 2692
481 3065
2628 6258
138 1162
1349 4197
882 4219
1242 7605
1209 1973
29 7620
165 3203
4699 4709
4360 7442
1368 4715
1288 5520
2395 6101
5674 7089
537 5484
171 4284
125 3163
920 5118
4203 6860
2490 3345
1442 5778
1393 5603
1611 4167
5003 5886
7008 7468
1002 6886
5138 5540
1524 5696
851 3514
275 1207
4234 5435
5714 6072
1266 5667
1757 5393
1992 6881
2886 3364
407 5223
5077 5653
1158 6674
5079 7196
2725 6775
466 5628
4048 7216
1217 7262
7060 7510
2063 6006
3055 4061
2563 5596
5650 5890
4812 6274
4053 6105
2477 4641
3 5561
4202 6090
2955 6552
4093 5864
2772 6057
3991 5255
3776 5013
4676 7398
3115 7136
5952 5955
1628 6385
4394 4610
7454 7623
2117 6473
5383 6606
1669 5645
2734 6144
3483 6122
1595 6221
5671 6925
356 6509
735 6603
1869 6270
3811 6869
1148 1150
2323 2776
1882 2002
307 7512
4973 6641
4715 7176
2 473
2183 4738
5374 5741
197 7206
1289 1729
1762 3590
3227 7253
6286 7236
5507 5629
4178 6545
3563 3847
1296 2774
5507 6848
3084 7398
1545 5973
5153 6198
5405 6270
4477 6153
575 6736
4773 4931
2421 6482
1403 5949
3493 5912
2800 7272
4093 5685
1153 4596
6435 7209
621 3598
972 6925
1669 3243
3384 6312
2350 3652
2632 3995
670 2618
3384 6534
257 7293
619 3544
2491 3776
2730 5058
6009 6531
6624 6720
5373 6341
5839 6899
4305 7334
310 1791
3941 5666
1945 2355
1724 3318
3974 6698
1240 1393
260 4072
221 7529
822 3873
2957 6398
4697 6908
4311 5132
5572 7013
3619 7219
4535 6593
3842 5015
2942 6324
3703 4005
3940 6808
292 6063
1017 7355
1612 5008
3204 6741
5419 6395
420 5822
3545 7513
74 1307
2487 5147
1237 4919
453 1532
3584 3816
3521 5676
3628 4699
4474 4931
517 7572
1841 6729
394 2713
3679 4981
551 7038
5027 7379
46 3467
3054 5443
4551 5973
3142 5053
6643 7371
174 2906
596 4314
550 2421
362 3218
405 5160
4589 7515
2573 4032
866 6796
583 6959
2579 3654
4017 4300
3398 5970
923 5760
888 3651
6210 6963
4337 6226
2803 3212
4515 7063
2697 5769
2244 7065
2902 5621
396 3070
1563 2749
3035 3465
2994 3443
2660 3597
4531 6604
6411 7449
3745 7537
3121 6398
1433 4184
4545 7364
4062 5215
2416 7192
5008 6969
4660 6327
4990 6066
2444 7027
1662 6583
5465 7250
266 917
4311 6501
3176 6065
2795 3909
3799 5263
4624 5939
6548 7227
580 5372
4553 4638
2037 5990
1094 2988
4710 4864
5558 6237
1969 7591
2477 6677
3160 4166
378 2365
6387 6652
1007 5531
385 2798
780 2721
3750 4329
2654 7214
6417 7006
4760 5671
1160 7632
2507 4876
4859 5625
2743 3381
1556 6463
5533 7622
1959 4099
824 6265
886 1230
1644 4811
7024 7498
1622 4809
6129 6274
4934 6906
2129 4575
482 6253
2067 3709
3909 6849
5148 7087
5203 7080
2417 6173
4225 7397
1613 6980
6111 6989
3370 6757
4345 5181
814 5607
4669 5684
366 6872
2027 3586
1029 5117
5504 6264
3875 5042
861 5401
574 1917
1865 7596
3927 5907
4598 4836
2983 6236
2337 7381
2 1699
1494 4948
668 7364
5423 6872
3502 6913
6752 7440
1651 3566
5692 6597
1856 2313
5635 6309
209 6709
1043 2228
1821 2688
1810 3864
1334 3288
4439 6003
3040 3639
1161 1362
4578 6371
2378 4921
121 5419
2780 5445
1370 2629
3777 4436
3822 6325
893 2623
2517 3395
91 2238
949 2485
50 1367
239 6033
253 5118
493 4398
773 6719
203 6404
1348 3430
2364 6291
492 5406
8 6103
1696 7395
4629 7349
129 4320
2407 3701
2489 2526
1964 5329
3053 7050
1448 4412
3945 5238
4605 6507
1939 3319
12 7083
2858 6820
1277 4454
5 2191
3644 7037
819 1587
3762 5413
3571 6465
2168 2912
578 1224
459 4971
887 2648
1833 6747
2373 7354
5598 5819
4827 6772
2437 5485
5282 6632
81 875
3839 6328
1746 1920
4523 7465
3064 3124
3132 4895
2691 3599
4360 7369
4547 6599
696 7334
1340 4306
626 7317
1643 2761
5956 6034
1301 1596
3645 4497
2763 3018
5569 6070
520 5849
1229 4444
5254 5765
5910 6701
4111 5989
3850 3950
3104 5571
2705 6577
1476 2659
762 4141
4128 5570
429 6948
1908 3471
2746 5237
624 905
3424 6851
1109 5904
7311 7578
2309 3207
7432 7439
5312 5706
3722 6497
7056 7413
106 2805
6689 6767
2406 3412
1522 1926
3891 4533
3410 6614
1141 3537
782 5860
3736 3996
1078 6869
121 5134
612 2627
4782 6480
1486 1523
815 5121
48 2070
5250 5375
159 4412
2647 5664
6327 6617
7174 7279
1661 1952
960 5104
1018 2230
6293 7011
6046 7168
1442 3445
5585 7204
2028 4466
445 3246
3883 6379
1647 5902
4115 5127
71 3384
3373 7499
1343 4001
4735 6030
3079 6134
2695 6445
3044 6077
2315 6481
2828 4115
3390 5389
1279 7456
1493 3658
1718 2894
786 3134
529 6351
710 6516
2807 4186
3743 6665
845 1916
4152 5747
2383 7216
2550 3287
750 4569
4747 5524
1907 5538
5664 5733
1363 2384
2455 4743
5086 6878
1949 7173
88 6849
3421 5417
4646 6568
3179 5655
1423 6227
6000 6905
1966 2608
2492 6107
2243 3654
3852 6895
1313 2063
365 2820
150 7328
2876 4065
2540 5046
1667 2281
3262 5755
3656 3828
1903 4872
405 6664
5683 6099
4846 5168
4032 6025
5590 5785
5431 7594
2756 5704
4126 7309
5565 6417
1052 6081
4120 5685
4384 5703
3362 5000
627 3481
562 6510
4603 7477
5201 5419
1754 3632
3288 3834
1855 2004
1553 6075
191 5648
122 6979
444 6013
2834 3967
6633 7647
3807 5219
3206 7096
6591 6659
1979 2767
1021 7308
3378 6259
96 5092
860 4188
1502 3093
1236 4872
234 7536
2490 4008
4357 5826
4489 6708
6981 7625
528 5163
5226 7455
3048 6280
2612 4672
2468 3742
2958 4401
6865 7500
488 2419
669 1292
4555 4636
2008 6282
1416 2056
1002 4163
3921 6226
3882 7109
114 3730
1662 3733
1341 4626
1373 1450
4729 6539
5270 7520
2378 4145
2037 3310
1685 3664
3626 5520
798 989
101 7638
5868 6848
2306 2971
5321 7237
463 5660
5206 5378
4198 5660
1379 2460
3274 4475
4734 5059
74 7643
57 1237
2039 6838
3987 6712
1692 5571
2033 6398
3261 5022
6462 7238
738 1875
1170 1662
91 2217
205 6775
93 1828
717 1730
4523 5121
597 4909
1743 3755
353 2681
809 7349
7108 7521
5435 6187
7023 7164
5641 7259
302 3302
1481 2232
2476 7426
357 3550
449 758
2961 5842
2549 5104
6018 6225
2629 5366
664 6316
3346 7438
3290 7463
4014 6877
1309 1972
1190 4937
4362 7324
1886 7499
5960 6631
2403 7506
212 230
5280 6428
2646 4272
4771 6788
6728 7382
121 4236
30 5183
6356 6937
131 1841
432 5863
193 2251
5027 6158
664 810
6981 7479
2451 6993
3420 7507
4260 5636
2836 4416
5002 7107
1642 5432
343 1229
4005 7455
1576 2968
5288 6041
2672 5905
3176 5916
2241 2351
2181 7356
5341 5885
2394 4032
2283 2721
1853 5627
1831 2112
2924 3567
82 7290
2052 6674
5063 5577
2535 4280
2774 4724
34 3546
2521 3861
1615 6207
2071 2797
2134 2999
1021 7469
4474 4609
4329 7408
3401 6138
713 4608
3553 5443
750 5126
4000 7368
4294 6124
2587 7099
2899 6733
2106 2717
1286 2321
1102 5879
3491 6044
2439 6010
1176 3142
3026 3650
2177 3968
2677 4044
1305 4549
2511 4967
2070 4191
2107 5300
1266 6772
815 2531
1936 6704
3494 5994
1945 3399
1317 4866
2613 2910
3770 6852
1989 4392
1592 3657
3603 4357
5395 7140
5058 5421
1202 3830
1675 5771
640 4166
450 3522
735 7325
2709 5876
4452 5431
4487 5045
4432 4742
5239 6072
4075 5229
866 4371
4123 4509
516 6921
5434 7003
2075 3837
4794 7323
642 6267
4114 5918
4898 4938
1094 5979
6222 7638
1664 2635
2704 6671
4566 5138
5370 6500
45 3004
4321 5176
3864 7010
3955 6852
3907 5765
4258 6774
236 2076
823 1177
1494 2851
2926 5575
3895 5784
98 2669
3576 7445
2191 4085
1103 4099
894 2580
2101 7467
1574 5957
249 704
2669 3937
3440 3481
4862 5798
3010 3126
2289 5483
82 3587
78 5346
660 1729
6199 6593
877 4907
3809 5652
49 2645
520 6304
3704 3741
169 1425
6647 7578
391 1738
2350 3018
3481 5898
1760 3703
1693 2053
4948 7491
868 6424
4255 5645
1004 1172
1391 3006
374 7005
2558 6663
359 3141
536 934
105 7073
2828 7029
1896 2995
4031 7622
715 4306
3788 7410
522 799
2252 7528
6036 6491
206 2675
1100 6291
1280 4296
1879 7131
1437 7268
2416 6850
49 6546
6157 7238
4436 5155
206 2918
2892 6957
4613 7062
2992 3714
1429 3484
1048 4800
299 6141
5708 7540
2356 6775
2795 5294
2874 5200
4325 4646
1218 6127
1534 5683
1083 4646
877 5104
457 1457
2213 6546
2255 4189
2096 7165
3983 6033
3986 4620
1139 6852
5197 6263
3770 5456
930 7449
513 2093
1564 7598
626 3178
1964 3769
3686 7596
318 749
5803 6628
5685 6162
4974 7465
2945 6077
924 2960
1755 3110
4922 6420
4976 6404
1729 2389
3027 5156
3002 5812
674 7041
5380 7037
1553 4637
773 1407
3521 7024
3857 6282
2318 4058
4608 5109
3270 3408
3248 3630
4886 6672
3893 5409
2174 2788
1013 1112
5367 6497
3073 3745
927 2050
1999 2188
5410 5994
1629 7401
1840 7126
3551 6321
6630 6738
3583 4069
3019 5869
2886 4544
2181 7629
2166 2370
4703 6391
4091 4947
1695 4568
1977 4020
2233 3300
2112 2912
4678 6724
5114 6559
1983 6725
4676 6974
220 501
1535 7439
7158 7306
3039 5799
4998 7644
3153 5554
3622 6785
824 1816
404 6048
5286 5656
4284 6424
1210 1524
2763 5782
1038 3974
479 484
1180 6634
1227 3953
1236 3481
4609 6949
4794 5802
1406 6947
3219 7236
2081 2481
2113 6571
1885 2992
2591 6693
76 1467
756 1377
1047 3817
477 4041
1130 4948
3023 6251
2416 4698
103 1184
1646 3043
1324 2209
2297 5575
595 7406
1158 6560
662 6959
221 5579
322 2919
1401 5601
4711 5994
2449 4097
1524 2743
3415 5462
5547 5956
3964 4554
336 6874
6 4050
5692 6043
1152 5671
5861 7371
2804 3686
1655 6430
1965 5609
3728 4292
211 7075
835 4556
2018 5384
197 3748
968 5514
2215 6805
2981 4142
4298 6880
3311 4740
986 7629
1254 4541
2347 6019
1821 4801
4061 4429
1750 6288
5586 6866
4718 6769
1185 7498
3665 5588
836 6899
1818 4197
3510 6497
5865 6285
211 3786
2606 7473
140 2244
2379 2512
846 4737
3522 4299
3677 6495
4065 5594
2339 7102
5228 5931
1926 7584
1230 2966
5772 7280
442 5796
2319 6001
2635 7088
2360 7306
1485 5684
1334 2988
920 5264
769 6270
3459 3973
198 3509
1347 6430
4985 5902
4865 6011
3714 5136
1873 5380
4547 6963
2194 4163
5688 7451
2872 5642
5169 7277
1831 2982
7230 7567
4762 6429
3280 6153
5521 7571
820 7645
2019 2354
299 6261
5505 7436
1181 2714
1377 6076
5078 7289
6978 7473
2556 3537
4933 5490
5127 7512
4307 7068
3669 7203
968 1575
928 4645
3358 6337
1937 6735
1843 2553
305 4670
3724 4521
2692 7036
3197 5066
1201 1550
2101 4963
4443 6618
1697 2084
2029 7217
4893 6291
1827 2742
4331 5537
4653 7006
7154 7368
928 2375
2593 2648
3707 5074
1049 3153
6431 6873
1502 6340
2115 2974
1104 1487
3876 6448
787 6785
782 884
3523 6878
6062 6947
1855 5309
6475 7461
2381 5505
326 4773
1792 2451
1824 4956
1458 5622
743 2419
5333 6514
2664 5566
3937 6959
4541 7008
5101 5972
3279 3705
2270 6140
804 4619
1517 7398
2930 6090
2887 6884
1197 4843
1959 3087
1588 7408
3188 4740
1920 4442
3717 6049
4301 5175
436 2452
1673 7097
2093 3472
4101 6807
4604 6883
151 3351
3832 5407
372 5973
73 4836
1058 4633
219 5205
1780 3620
1096 5213
578 6344
144 6116
1852 3493
6669 6733
1838 4108
4418 5315
1573 6232
3428 6104
4880 6746
50 5902
4810 5023
3148 6278
1313 4898
200 1584
3132 7266
3256 4127
1952 6232
2196 2537
664 3549
4476 4882
3495 5393
699 1331
366 5143
2283 6550
4283 6929
728 1038
1534 6823
4133 6426
1375 6671
347 2729
4167 4208
6113 6879
4219 6257
689 6511
271 5511
4380 4642
5172 7445
180 546
3772 7270
724 5333
2135 3077
2572 6102
4387 4704
6779 6800
753 2277
1605 1884
213 2646
1836 6411
2631 3983
489 3956
3903 5266
2008 5480
3783 6170
1091 7002
1130 3653
3659 6946
1596 1747
178 3639
243 3648
4103 5589
5601 7568
392 2892
237 1954
4611 5369
1099 7407
4731 6251
1065 6667
1741 7528
104 5567
559 1206
1712 4986
5585 5604
1067 2309
3567 6309
2180 6735
4146 5049
1818 6208
5316 6656
5539 5728
38 6283
3923 4888
4209 4409
1661 4505
3852 6246
1591 4330
3956 6100
4081 6583
1021 7552
1507 5786
12 1272
2541 3349
2630 4811
4987 7263
5519 7342
4657 7234
1395 3866
1707 6052
79 1691
2453 5636
6354 7094
121 1875
3931 6175
2470 4372
335 6586
151 1857
3367 3873
4716 6311
5959 7185
545 3427
1517 1656
2119 7201
2405 4426
2619 5812
893 5325
1014 6718
3068 6506
1947 3037
5711 7014
1676 6687
983 4478
1328 3554
911 1872
1424 6110
2506 6373
3554 4732
683 6982
5024 7133
338 1524
985 4243
4911 5739
4242 7454
2648 4255
1406 6809
694 948
5318 6201
4800 6363
5168 6836
2034 7308
2876 4094
4502 6848
3937 7563
2385 2455
3161 7194
2615 5613
2658 4868
3057 3821
5015 5660
91 4143
593 6691
2589 5585
2358 2651
1185 7608
4299 7553
372 4301
321 3311
2185 6899
1891 2783
2052 4119
2669 4599
4933 7149
884 2495
3 4890
2633 7593
1120 6508
3955 5795
885 2211
273 2336
580 960
454 3608
1904 2046
1815 2391
6552 6960
5500 5945
46 4585
1299 2954
322 1990
6531 7516
2912 5276
3102 7096
2230 6834
482 2705
3249 4538
5882 7603
6731 6928
3675 4454
3434 3991
2473 4085
1359 4288
2619 6518
1019 4171
4490 7591
2288 5162
1407 2581
3556 5497
5023 7170
124 4460
616 6947
5443 6017
2537 6538
4077 7051
3180 7167
1956 4813
3203 3999
297 2217
4544 5026
2043 7433
5037 7094
3711 7485
2773 6121
3120 5638
3969 6122
732 6584
3248 6729
1578 5555
6599 7563
631 7323
278 297
801 2501
3264 5666
627 5065
2001 5008
6085 7546
308 1695
785 4903
2754 6292
68 6309
1571 4626
1473 5038
4678 5417
4854 4949
0 3676
1301 7247
5510 6732
1695 5288
2011 7569
1903 7610
1047 2506
5220 6493
5193 7115
5218 7371
3239 6191
2001 6432
1836 2748
1510 6604
5951 6651
4068 6470
267 1213
4543 5316
2941 4876
686 5918
975 6364
3536 6873
1501 6468
562 3998
2425 4192
2937 6562
1445 1813
6917 7318
2083 4718
6141 6786
414 5290
3927 6233
3654 5856
1812 2776
1143 2777
3720 7301
3800 5618
433 1816
6570 7062
1888 2028
4812 6317
4637 5159
2603 6006
576 3581
3444 3714
547 1914
1995 4393
943 2048
1685 4970
51 1434
2481 4122
1097 4686
2668 6726
1710 3154
1465 4327
3224 4618
715 2354
1928 6888
1902 6606
4079 6969
723 5260
5624 7314
4116 5388
1954 3887
4093 6486
2335 7356
4300 4548
1881 5884
416 962
3435 4563
3113 6036
2863 5706
2550 2899
1976 2901
1361 5626
5361 5600
2942 4612
2119 2515
1915 4647
5171 6468
319 6392
4711 5463
3552 4844
1017 3583
270 999
2750 3991
3484 6355
2750 2867
6073 6918
1642 6905
2727 3656
981 5882
1535 2838
5766 6341
767 2105
2439 5975
2186 7361
110 6439
4193 7476
4098 7477
2897 6530
2688 3950
2585 5185
568 4115
294 951
6625 6683
4293 5716
3367 3891
30 34
3571 4846
1328 6231
4985 5415
1192 6828
3829 5935
2685 3806
3978 6298
1416 3199
3456 5797
1199 4141
1178 2217
896 1493
4322 7535
499 4204
1187 7217
3989 5718
690 1712
2525 4957
1125 6008
5372 6549
3074 3297
2964 6163
1020 6326
2887 3737
703 6136
3555 4413
1915 3734
2881 5608
701 6664
5868 7486
1085 3876
1670 4892
2224 5504
2716 3435
735 5762
1469 3042
5491 6280
2105 3050
3576 5639
6575 7384
944 2028
6119 7153
1430 7031
4157 5791
4928 6409
1475 2365
3915 7525
3223 7299
546 5558
1743 7582
4233 5570
2424 7241
3116 4031
868 5751
900 5984
3331 7027
1294 1417
1902 4831
4555 6737
299 6948
2010 7406
2916 6639
2291 4247
1996 2458
4976 5233
846 3806
1592 5834
1817 2416
2605 4928
2755 4873
3904 5894
2131 4654
4362 4439
4460 7049
3456 3952
2550 5854
6094 6770
2293 3585
637 4412
2498 6764
3619 7290
2786 6838
1584 7305
1946 3869
3256 6023
518 4960
1210 7130
2158 5196
2618 5437
2791 5115
3735 3940
619 1189
2423 2772
1653 4333
5927 6738
4182 5414
3480 4723
1323 5403
4885 6618
1722 3672
5476 5539
224 3601
395 2325
71 3044
2394 5834
4562 5633
3318 5362
3647 5951
1358 2454
4369 4644
3608 6095
545 6877
3803 7307
4758 5341
1607 3718
2702 3992
1622 6224
984 1746
3862 6904
4088 7443
748 4117
1859 5015
3692 6394
4342 6623
621 3104
1264 7203
2162 2406
427 5920
361 4016
3313 3358
49 1105
4061 5468
7290 7315
5803 6488
1580 2488
114 2737
6497 6946
236 2631
3826 5988
2735 5809
1872 2790
1350 1496
4407 6945
2983 4388
320 3187
844 5299
2364 3272
1613 7606
4355 7104
1949 3183
3197 4263
1481 5405
5481 7237
1325 5680
4957 6322
5488 5828
6613 7639
2059 3912
4824 4979
1983 2865
2272 3434
610 7497
2207 7256
3046 6741
1409 6436
220 6372
14 2152
2656 3355
2566 7273
4610 6152
2571 6879
689 5943
3526 4580
6447 6760
4325 5279
2342 3073
5506 6542
2743 5466
2698 5491
387 1001
1585 3194
3570 4156
954 1928
7585 7631
2853 5150
2528 2574
963 3185
7194 7646
2469 3827
5624 5842
2527 4346
2985 6527
1380 4484
4324 6285
3805 7195
4873 6052
541 5092
1393 5841
5221 6102
2830 4737
5724 6899
1709 7176
1101 6295
1258 3611
3060 3276
1101 4327
2236 4242
1386 7101
4602 5671
2160 6869
4940 6200
1201 2824
5860 7137
4128 6950
1531 2681
2925 7343
1131 3189
808 5124
918 1983
1510 4542
1067 7116
3074 7156
4110 4177
1387 2108
4833 5586
3747 6561
990 2192
1201 5856
1247 6857
5763 6512
978 7152
5737 6380
623 6224
3483 7645
1594 6925
3277 3569
6942 7625
156 4981
4157 5636
1841 6604
1736 3362
417 2027
2642 3678
282 644
3815 4763
904 2117
6122 6729
3840 4763
4460 5314
563 1264
5635 5865
4859 5114
2892 3027
3677 3772
1710 5615
322 2677
3856 6045
5485 5491
3681 4389
72 6043
189 5156
1646 5195
15 2757
3685 3972
3300 6884
2057 6642
5265 7499
2074 2673
1233 3250
47 3898
7296 7617
498 2555
1520 5956
5282 7294
593 4098
6241 6433
994 3455
5495 7053
1034 6321
519 7134
3037 5711
4201 5908
119 6268
57 722
6884 7067
4130 6028
5052 6895
1634 3237
3637 5968
289 1329
1410 3709
4188 5821
619 4897
1797 4922
5390 5928
5032 5443
1124 6253
3701 5876
1566 4898
3839 3949
4293 6634
1347 6210
2571 6830
26 6055
3843 5089
1019 3329
3210 4390
3922 6768
434 4205
6948 7301
857 5346
3240 3795
2645 4691
421 6700
3074 6615
195 1843
974 7199
1593 5568
2588 5219
3295 5199
3155 5041
4175 4543
289 7132
5711 6757
4279 4329
2386 5712
1844 6355
129 5769
942 3574
685 4723
3120 7130
1808 6382
6875 7570
1496 2571
4268 4867
3675 4747
225 853
4971 6200
1589 7611
6608 7264
2394 7185
1623 4287
431 1157
4839 6005
3921 7279
3967 4788
1494 6815
465 4364
631 5880
5512 6907
2732 5163
6364 7212
6189 6922
5447 7468
0 5089
1602 6066
5086 5481
3178 7532
2846 4628
4012 5201
3419 4669
4632 7433
5788 6793
384 3757
4716 7477
257 4995
3623 6985
1409 2506
2811 4588
5807 6370
1587 2854
2893 2938
2553 3047
1697 4398
5588 6439
2107 5329
1571 6129
1153 1636
2375 3208
1377 6360
1880 5958
7278 7384
1847 5998
3176 3839
7373 7442
252 2806
361 5094
2519 4531
3236 5652
2278 6001
1142 7617
5090 6061
281 947
6372 6578
72 2668
4197 5223
3956 4443
5002 6212
2961 3313
3967 4039
3128 4424
4663 6464
1776 6700
3385 6649
2505 6354
158 2670
765 1935
3894 7468
3085 4580
2452 2901
1004 4952
137 1088
3122 4660
74 4891
1938 6949
125 2546
1126 2632
1884 6715
2973 4169
1054 6033
189 1370
5407 7290
4329 6581
3190 4533
2083 6945
2230 4937
2350 5012
298 4189
20 1694
810 5775
2328 5370
2684 6800
1355 4917
94 2037
2838 5243
544 604
2066 6036
3030 7518
255 1305
6941 7125
2147 5721
1082 7072
5258 7190
3543 7064
5458 6471
1186 4411
305 6006
2007 7106
3550 7585
6108 6666
425 2415
1242 5136
1425 3581
4295 6595
2909 5593
3154 4202
2327 4149
1790 6823
6771 7273
1801 2216
448 7071
6768 7296
248 4526
2141 6732
3131 5674
4289 4454
616 1771
5333 5361
553 6884
2656 5659
393 7449
1823 5579
5851 6361
1929 3216
1069 5747
2387 3573
196 3733
452 5120
6235 7363
3342 3496
1300 6003
2808 3708
2600 6795
1524 2424
1744 6033
2061 4234
1260 6646
235 1821
1896 5598
2193 2413
2642 3759
686 3243
1092 6740
4652 4816
4379 4896
3826 6031
3134 4481
1007 3462
4140 5546
2258 5513
5663 7072
6630 6892
6113 6189
3561 7346
490 3351
864 2215
3092 6764
2912 5465
2324 2552
3593 6393
3827 4456
438 2894
3638 5615
102 6435
394 7388
3631 7393
2261 6920
1193 6731
4048 7070
2293 4456
2750 6295
543 6481
1209 3718
649 2616
1938 3541
1959 4851
3698 5781
518 3801
309 4992
2748 3747
3109 6898
1533 6865
2709 6448
259 3957
2875 5804
229 5082
1801 3797
2353 7548
822 1943
2847 3771
3745 5109
6477 6584
2843 4607
4328 7010
4016 6505
6724 7141
905 6206
943 4261
351 4388
1481 7432
2520 7342
3121 5123
2379 3122
977 7596
3254 5830
3495 4604
1118 4031
6146 7516
5050 5716
5518 5745
6974 7105
4153 6892
6112 7563
1093 1640
2135 5764
2039 3873
3994 4022
4557 7535
4237 7420
468 1404
4374 6376
496 1082
5091 5358
3053 3154
4799 6568
1517 6709
3010 7212
7602 7644
5478 7614
2602 6167
5312 7165
5990 7417
79 3104
766 5161
2258 4168
585 6020
1585 4739
3885 4859
4954 6760
111 2468
3741 6493
2054 7447
6895 6901
2193 3366
4906 6378
4100 5033
406 5799
2156 6009
4327 7085
1142 7451
4589 5030
1974 7247
3044 4637
508 4344
2561 4955
208 2931
2272 7430
4068 6208
2529 4212
2503 6909
502 4750
759 1143
4574 6425
5976 6727
3285 7176
6479 7316
2716 2954
4779 5221
4132 6520
2531 3296
918 7051
3328 3682
5756 6431
2445 2611
4869 5857
7000 7026
2892 7042
1688 3996
3657 4077
3571 5176
1416 5389
723 3814
1024 1739
2808 7422
3036 6661
6483 7555
7075 7149
5113 6840
1011 5087
3471 6215
2247 6394
1169 7347
2919 5006
93 1322
508 1907
1323 1725
3830 5707
5931 7175
274 457
3369 6971
592 1916
3955 4453
5162 7341
673 7021
4400 6213
2943 4634
231 656
883 3269
3547 4651
1531 1767
2716 7446
885 4031
4563 6025
2642 3273
1116 6749
2869 7265
4055 6610
4855 6072
497 4657
131 6229
1271 2915
3205 6750
579 1434
636 2721
1747 2458
5852 6297
876 6804
7301 7614
3417 5214
451 3484
276 994
3494 6092
2215 2675
2028 6831
1414 6105
4038 6498
1423 2602
3959 5364
5818 5938
2866 7116
1976 6138
2639 4023
1713 4755
984 7018
4746 6055
371 6329
1504 1528
2109 5418
3417 4431
1826 4650
2693 5033
604 6440
860 2380
1094 6060
172 3030
3077 4096
3180 7533
2796 5221
3739 5268
1747 3526
3493 7019
4995 4996
1755 5662
714 3796
2019 6519
2253 2394
1996 3570
6345 7059
3284 3557
3220 5512
1721 6621
109 1504
1240 4116
2018 4381
161 1254
655 3398
4576 7367
420 2038
642 4416
4762 5514
640 4441
2511 3374
9 6258
825 7530
475 4530
6087 7506
949 3158
6331 7489
428 3389
949 6942
768 6031
4759 5180
1610 7591
4255 6480
2752 6554
276 4401
4108 5881
7131 7501
4995 5574
3852 4733
4267 4294
626 4349
4177 7343
2610 6386
1591 2809
6206 6967
3266 3673
520 842
5331 6969
2972 7577
4992 6192
4074 4384
2329 3207
1354 6028
6429 7233
1638 5951
411 3497
4515 5480
2776 7612
498 3621
5988 6381
3275 3744
4735 4946
4719 4755
6436 7595
2577 3979
493 4202
579 1524
2357 3921
2 5311
5370 6980
719 3628
6232 7540
1314 5290
2577 6497
1349 3628
960 5381
3562 4785
1427 1677
739 5830
5099 6601
3484 7641
993 1661
6713 7307
3111 4166
366 6311
1444 6869
234 1983
2910 7244
5167 7164
3678 7195
2718 4208
1274 6443
604 4932
1630 5441
730 857
1574 5148
3150 5467
4224 4584
5091 5488
968 5210
2068 3211
1500 4757
658 4419
2208 5335
4925 7279
4520 5839
2300 2460
206 3696
3112 5295
2158 6561
1676 5650
1977 7276
7130 7457
2491 7546
4683 5710
4215 5939
1830 7115
5493 6447
4087 4604
2282 2484
445 3316
3250 4823
927 2711
4320 6049
3643 4176
2943 3037
7067 7091
1356 6463
1830 4521
2261 5574
1455 1602
738 2487
2664 6797
1849 5690
1318 1577
2660 7257
2365 7271
5553 6587
2196 5796
887 5561
3096 5725
451 1556
1687 6856
3561 3757
782 5819
559 6791
1190 1820
4286 5346
2041 6251
416 6590
937 1750
2521 2556
2759 6689
3226 4758
2209 5602
5090 5372
4925 6949
2628 2774
2515 3611
434 3075
4571 6679
2769 5849
2739 7429
2277 2307
269 7048
905 2853
2201 5969
160 2306
4237 5520
441 2769
730 3330
547 1852
1468 6791
3226 4571
1622 4364
3496 3820
1604 7336
3368 6441
746 2550
1819 2912
1971 6222
1058 2879
1232 4717
7047 7176
2618 3958
3989 6117
1823 7207
1035 3213
4042 5276
4683 5116
145 1226
926 3603
4623 5613
1458 6171
1570 6696
4825 5675
2446 4627
4913 5095
4669 6313
4052 5187
18 4201
677 4811
326 2299
2206 3416
1001 6681
4147 5674
5730 7462
149 5778
1921 4571
227 819
2214 4647
655 4365
542 4686
4241 6831
3212 6376
600 3811
1500 7102
755 5147
3264 3983
4314 7548
4947 6585
315 3984
6140 7356
78 2620
911 5944
723 1542
2433 3315
3148 6423
4400 7307
5424 5907
5828 6653
2371 7076
646 5831
2879 3865
6406 7630
3542 5141
4848 7338
1362 5748
183 861
1349 2491
1504 4446
5649 7180
2208 6864
1414 4713
3895 7631
5231 7074
4567 7628
988 7537
2739 6105
389 6611
1938 6174
5143 5152
5923 7617
2905 6999
1910 7089
260 1186
1349 6370
5074 5635
4781 6297
3043 3390
4145 5858
3935 7564
6048 6270
5542 6920
2259 5293
840 999
2492 3199
1901 3179
1339 2729
6541 7230
4955 5655
1315 6265
3937 4086
1091 5605
1063 1350
952 7479
819 4583
4099 4924
5427 6904
884 5359
1668 6819
946 3255
6578 7642
6095 6597
4120 4525
2841 3394
4201 5158
6979 7419
2264 7436
549 6859
1950 3198
3260 5133
69 3203
1593 1753
2257 7122
4128 6560
1278 3040
547 4287
4402 7257
342 1347
143 1968
1907 2613
2609 4954
1983 5483
2174 5477
1430 2713
725 7299
3589 6981
1078 1507
573 3898
1720 4515
1745 3334
4752 6781
407 1432
2424 5260
4219 6032
2331 6327
812 4700
3979 6324
3802 6789
3294 6483
5385 6194
2320 7619
849 3828
2354 6902
856 1835
173 4411
2184 5679
6078 7194
2654 6585
627 5652
1494 6030
4215 4928
1356 4943
2260 6185
4889 5427
2347 6195
115 433
86 6543
850 5672
1765 3839
4670 6142
4288 6336
282 4837
1087 1199
796 2785
2197 4995
4882 7127
1800 3608
1003 5410
1423 1872
2409 5140
386 1884
645 3800
5621 7618
3551 4452
3369 4430
3893 4619
295 4532
556 7102
6849 7276
1309 3183
2703 6860
603 5326
1149 3189
4169 7245
5570 6435
4795 5998
4922 7453
1221 4598
3641 4027
643 5315
3060 4739
912 3073
19 1721
3707 5144
337 4028
83 4504
2125 6389
49 4024
1402 2658
2406 7274
227 5485
1913 6465
899 5412
1405 3620
3472 6624
5293 6078
3635 3686
111 7491
2700 5764
727 1926
2204 3052
572 3165
2835 3570
2007 3198
303 3218
6038 7033
2658 5180
4683 4941
2777 6373
2016 5737
3102 5716
6076 6886
2254 4093
4936 7182
811 3335
341 5065
164 2398
4240 4468
6651 7419
5530 6332
3878 5598
5959 6952
4138 4780
2921 4200
3413 6718
1347 5244
2973 3407
1557 5857
1354 3631
599 2741
4005 4641
4093 4791
3213 6412
6655 7041
62 937
2829 7275
65 5998
20 3993
4325 5303
5574 6904
1202 5540
3356 6605
155 346
1539 6303
5994 7472
874 1128
1516 1562
4285 5385
2681 6385
2735 4218
6497 6639
1166 3775
1127 3942
272 296
3686 4330
1831 6144
5148 6926
2171 5187
6699 7082
4906 6581
4585 5239
4382 6212
5118 6889
4663 5570
972 4091
4704 5761
598 4227
1358 5699
1084 4984
2020 2624
3203 6723
5402 5428
3446 6053
608 4076
1404 1573
1194 1261
2261 5255
3743 5681
1761 6863
5053 5359
3550 5066
1893 5484
3443 6663
1642 2780
1285 4131
572 7302
1498 5722
934 5021
1584 2301
4210 4634
1687 1828
2622 3995
1761 3226
1562 1830
3180 6224
6265 7508
5024 5277
265 6558
4126 6976
5531 6481
1332 7072
5699 7515
3398 3912
5414 5958
2570 3612
1191 1630
3721 6276
1451 3721
1464 6698
2655 5098
2315 6113
2481 3641
4540 5530
2194 6329
3942 4546
3943 6490
2328 4629
630 6260
1098 2316
489 4760
903 6453
2249 5276
105 4913
4908 6617
1972 5465
64 3905
3843 5992
106 716
1856 3017
2861 7533
2583 6745
5433 6189
2660 7378
854 5685
339 3771
707 6745
1914 2866
3809 5715
5806 6834
6264 6594
1192 6986
2025 4346
4570 5831
5186 6473
688 4472
2491 4008
3367 4144
2299 6646
6588 6873
220 6352
315 840
2986 5220
1594 6172
4346 6163
344 2122
902 6516
354 1365
1993 5299
2786 6215
2819 7053
5639 7543
3663 4601
769 7462
618 5237
642 3616
1898 2679
5115 7102
1196 6008
3454 7196
357 1950
3390 4152
511 5338
2325 3930
1881 1953
1052 3690
4507 6775
3066 3949
219 1998
4540 5387
2744 3790
2371 7379
3606 3939
1264 6843
1361 2129
1767 2865
330 5235
5581 5983
548 5538
1788 4167
352 7480
4982 6842
1128 2077
4856 6757
4567 7500
993 1005
393 5629
2160 6680
2431 3544
4415 4919
4374 5234
4054 7211
314 5888
4259 5132
545 6508
5539 6405
4066 5910
1436 5112
1250 2417
4082 6867
280 6469
315 1031
1798 2426
1385 3559
3993 6680
3642 6146
6003 7094
4779 5465
482 5243
6441 6796
3882 6185
3627 7406
210 5034
2682 5299
5419 5619
2921 4787
2219 6855
3740 3846
1263 6860
4838 5295
415 1799
5929 6859
4640 6328
70 574
6481 6972
6377 6690
1705 2844
519 5465
7340 7403
2247 7428
4689 5342
1175 4747
2824 5547
2444 3952
4424 6423
5247 5852
1697 4982
623 5734
5199 5502
2407 4784
250 4038
4784 5230
755 3705
1749 4035
2071 3756
971 3049
4980 7221
1261 1408
2824 4127
1874 4991
1746 6336
5165 6535
575 6589
2016 4836
4186 5058
1989 4258
4617 7559
4302 4684
343 7008
2497 2798
1966 2866
2704 4171
3733 4932
411 6208
829 1143
4225 4738
1419 6022
6895 6965
103 5426
2515 4257
1087 6887
1469 2218
4574 5888
5919 6082
1751 5877
1705 6576
1645 4509
1896 5057
3972 5387
441 2109
3456 6187
3793 5598
3627 6028
3728 4557
606 4888
6119 6733
1117 5559
1166 5971
1497 7351
3903 5803
30 7524
2559 4705
195 6938
102 2763
9 6304
1556 5187
3509 5527
997 5613
761 3449
2570 5553
2897 3653
740 3767
5061 6716
2342 4028
336 2693
534 5852
2134 4428
1544 2011
5207 7501
2370 7382
1744 5921
2412 6243
2241 5818
3557 7119
805 1104
6175 6677
1423 4277
2897 4429
658 1969
2808 4147
1055 5025
276 4907
3047 7146
132 4929
6890 7045
1868 5237
1828 5714
1927 2333
319 7048
3707 6095
4210 4939
2059 5861
1504 4200
1620 3761
2191 5534
875 4895
3639 4160
3254 7576
4548 5503
141 554
2549 4795
3712 5246
2273 7345
1815 5111
4689 6038
1140 7418
4029 6120
458 6393
518 814
2673 5498
2700 6616
319 5403
2496 6396
4222 5834
4977 7153
6196 7377
389 5447
5562 7152
1450 2728
1780 3210
5723 6850
1164 7611
4826 5287
1553 2169
1603 4205
1650 5736
2812 4239
3594 3702
2016 4848
6285 6921
2039 4204
1030 1277
723 4516
3395 4666
3940 6632
4403 7350
1941 6297
1280 5687
1480 4443
3577 5295
1991 5950
2913 5051
3796 5881
4746 6080
6125 6127
4380 7258
4934 7055
1385 2367
4188 5207
674 5109
1567 4658
3944 4009
1421 2090
1470 3414
398 7415
804 4102
272 2717
1550 1735
2871 5112
4883 4993
4356 4898
3737 6293
2274 3564
2085 2889
3519 7263
1069 2155
6123 7282
2630 2979
2852 3556
3053 6085
571 3955
1386 6977
2100 3039
1631 5422
1008 5337
961 2668
2292 4868
170 2218
4593 5675
2915 4168
1024 2104
2622 3951
761 5114
4248 5087
1344 2585
4391 5231
4526 4735
3216 6065
863 2331
1892 3984
2997 3626
2647 4150
4337 6014
1200 6657
3464 5615
1262 6172
330 5326
5377 5624
3014 5569
942 3978
1456 6538
2123 5256
4031 4960
490 1011
2071 3642
487 4724
5048 6195
35 6225
1288 5128
868 2194
846 3490
5368 7083
682 4133
3540 3785
5682 6489
439 3583
3154 4372
250 5757
900 3279
1915 3374
2340 4884
522 4677
716 5002
1447 6936
329 3202
4384 7144
1941 7218
561 7391
4795 5856
1891 5864
1467 1927
2283 6724
2432 5760
1603 2827
4143 5486
587 2425
4886 5110
6754 7152
1486 1672
2430 7205
2048 4855
897 7454
195 2701
1074 5727
2591 4573
1152 7184
2586 5446
1266 2008
1623 4795
3393 5864
3109 4964
796 2106
2148 5894
4995 6924
958 5000
4169 4581
2153 7217
3992 5291
3212 3829
630 6044
644 6302
1566 4735
1771 7126
1054 3601
4393 5323
2959 4907
6344 7124
2248 4858
1900 5480
4076 5792
5872 7377
3352 4028
921 7528
2662 2967
603 1476
2944 6286
6351 6737
416 3032
4071 7078
102 3922
2087 4000
3969 6814
3357 5305
4451 6183
142 6095
1634 7231
5167 7304
4383 6450
2676 4936
918 2660
3442 4594
1215 7337
1176 5319
2930 4447
1700 7398
4176 7329
367 4253
950 5071
1139 7240
325 7078
1352 2991
6973 7388
1895 7289
859 4923
1739 6052
3028 3166
4610 7264
1272 7497
3360 6389
4354 6172
1578 5658
1707 5366
2222 7484
2474 5876
197 624
1792 4490
2048 5350
5086 6372
3558 6846
6372 7337
5806 6658
1634 2146
2630 5131
249 6072
257 4131
1042 7230
2904 4310
1358 6473
5240 6824
496 2642
3179 3525
3212 4056
3109 7178
1301 3996
1110 1953
5735 6754
2398 5588
2817 4864
723 1961
4775 6837
2058 2061
108 7330
1184 7474
2444 4474
1101 4924
3709 6115
3094 6519
72 747
400 2401
3286 4519
3565 6750
4313 4365
4601 6071
2671 3607
1574 1751
4329 5415
1082 3620
459 6943
5992 7419
1308 1550
1070 2216
3882 5175
2371 5141
1075 3429
981 6991
2536 4972
1822 7053
449 6196
216 3442
6819 7260
3256 7474
2481 3416
5066 6375
1030 5474
1379 2104
1997 5889
404 442
90 7649
7176 7223
2695 3271
3306 5091
3077 6245
877 3010
3155 3337
871 7105
3013 3534
4662 5493
1340 4060
611 7020
431 7508
431 3030
4321 7154
3842 6613
1116 1841
2618 4992
2075 6540
1948 4722
5142 6810
4606 5426
2697 3734
2164 3681
6411 6771
3923 5790
387 6769
2029 2868
6194 7175
4961 7561
82 3449
1256 5166
1252 6887
971 6952
60 5027
4780 6382
3481 5828
4020 5068
3873 4999
570 3255
2299 5545
3945 4401
5178 6843
3265 6994
2485 3640
5308 7133
1035 4219
2158 4950
3886 5918
2699 7250
3612 7482
746 6683
1804 5607
3333 7295
1467 4736
2695 5033
284 4619
1266 3047
942 5785
2482 4081
1753 6636
5080 5430
4034 4291
880 4039
2140 2475
3931 6628
2421 2816
2424 2609
3365 5478
3108 7184
1072 7411
2509 2722
1121 6804
2524 4768
195 3406
1087 4384
2212 4198
5221 7078
2283 6144
1161 4758
51 6538
4119 6456
6503 7151
341 5744
3818 4629
239 1619
881 5835
991 2783
1686 3186
1035 1213
1430 3927
3247 3953
1952 4843
565 3746
4375 4562
5509 6858
3405 6224
7384 7414
1134 1670
770 3161
7258 7629
1428 1706
3699 6558
2186 5773
1098 1159
1041 6439
3216 5503
4014 7132
1747 1967
40 6913
1571 5653
904 1693
2925 4883
4948 5312
3926 4739
2171 3070
4595 4685
2011 4462
515 5934
421 2854
2168 6059
2582 2681
1324 2329
2792 6356
3980 6845
4713 5071
5499 6481
4910 5662
4293 5305
2572 5712
389 4029
503 855
1444 6127
2370 6694
642 7099
2221 4150
4462 7317
4851 6350
784 7365
694 5896
4004 4897
2786 3179
606 6718
1089 2648
457 5763
2281 6082
90 4640
4288 7153
61 4018
6438 7105
1701 5059
2475 5106
3130 4948
3120 4665
3318 5850
3656 5952
1179 6387
2241 7275
212 7156
3086 5746
2583 7192
6432 7517
1635 6349
3579 5820
1788 4950
2943 7456
278 2644
695 3450
689 2286
4294 5950
7006 7461
1995 5718
2855 6057
417 3667
3257 5974
380 514
3796 3850
2354 6323
120 4767
7161 7445
3685 7297
5697 5727
2552 6641
1001 2462
3429 4599
4398 5708
2924 3244
113 1452
17 3347
1278 6549
1964 6784
1789 3219
372 3715
2210 6994
2153 2575
371 4522
4548 4618
3783 4008
2939 6972
3278 3466
435 3039
5998 6740
2649 6540
3311 5159
4662 7482
2994 6384
249 7608
2069 3023
1939 6000
600 7629
5633 6844
4513 7321
2952 3521
312 2189
3921 4262
4177 4889
966 3869
6420 7634
3306 7377
4963 5641
1395 5422
2317 4458
635 7147
3339 7474
2079 4372
2010 5149
2275 7326
961 5280
4823 4956
1903 3713
1445 6665
1264 5011
3750 5251
1356 5774
3893 5271
2199 7374
887 3254
4910 6520
751 4312
5894 6497
1282 4398
1833 3633
2660 2822
5880 6054
4936 4947
1587 2932
4133 5763
1060 2003
1540 3644
708 1058
1533 4158
2265 4581
334 6103
227 599
4222 6376
2086 5133
2609 7002
1128 4648
674 5640
3015 5700
521 7086
2346 5302
921 6009
4430 6031
1718 5446
5242 6088
5010 5658
2141 5572
1101 2920
3492 3660
13 5966
1586 3162
512 4021
3446 6616
2137 6590
6888 7407
2847 5518
3967 6581
274 6635
4768 6722
2988 3939
1868 2158
3046 5091
2813 5325
2891 7123
371 2641
3564 5493
1205 6680
4954 6461
3834 5997
6046 6853
2444 3722
29 5689
265 705
3196 4144
4216 5910
3249 4327
2404 6055
5544 7507
3369 6534
2040 3236
523 1839
5401 5635
3326 4573
1910 3697
2958 7096
3055 6728
2308 2451
250 814
4064 5710
2469 5777
2480 4981
6792 7082
2185 5901
1290 1537
1761 4440
836 1806
3272 6910
1603 7101
2705 3107
1718 6317
4157 6905
2094 6198
2407 7008
1840 2184
3898 5631
5549 6409
4756 5111
6998 7493
3102 3966
6305 6876
5635 5870
3167 5989
4571 6180
94 1448
4233 4533
1976 2993
3121 3314
4683 5489
2388 4722
874 5082
1781 6361
1331 3568
2110 5609
955 5241
3354 6775
6181 7620
4984 7281
992 5581
1720 2224
6773 7480
3443 7584
1884 5587
3971 7224
2539 2987
23 4470
1698 4312
1105 7484
2612 7168
2680 3158
190 6017
116 811
3838 4422
1278 7036
532 5166
106 6551
2292 3767
65 7494
6495 6772
602 6409
278 5629
5761 7375
3809 6833
6291 6562
3614 4082
158 3742
3189 5109
3722 7578
2257 4792
3125 3412
5226 5854
243 3947
1101 1420
1802 7443
2256 3120
856 2436
703 2422
3933 7537
1138 4204
3506 4263
710 2225
7410 7541
5003 5499
2800 6418
3468 6168
333 7218
860 6585
2026 3507
4568 7391
5405 5650
2745 4103
1074 6583
1176 5524
2297 5269
316 4022
195 4390
1372 2633
247 5691
5940 6082
5070 6573
3088 5957
2975 5277
2351 6202
1773 4976
557 1932
2113 4934
2578 4612
4562 5835
3045 3718
177 5530
6449 7044
5151 7368
2581 4874
3450 4147
848 2145
4117 5423
417 990
2326 5766
2550 5743
1979 6041
2597 3998
4191 5713
493 4485
3344 5353
442 6738
3027 6946
681 1666
804 4717
384 1677
247 3072
1189 5865
3954 5154
2621 4732
1086 5849
767 2654
4402 4668
1027 5323
1623 6491
4531 6586
5051 6879
1999 6171
1822 6945
1408 2992
4875 7634
961 5078
5413 6114
109 6210
5101 5257
122 7600
736 1497
4494 7313
3673 6018
3408 5570
2605 3782
1366 4088
6206 6560
366 5629
1071 6602
1839 3623
542 2490
765 6864
352 6957
886 1326
4002 5994
6350 6558
2590 4646
219 4378
2767 4458
5793 7493
4630 6663
1359 3781
1256 5563
6659 6999
3713 6480
2049 2543
2052 6237
3919 5700
362 3819
2141 4850
6574 6747
433 7133
876 6892
785 6899
4983 6415
77 2888
293 3238
5188 5694
4425 7571
4179 7235
1271 6300
2095 3990
3087 3476
701 6510
863 1065
2595 4145
3219 6576
14 6059
3401 4538
6330 7638
643 3264
282 7605
2095 3651
5081 6890
442 4273
2241 5593
996 3851
7365 7519
336 2086
1351 1570
1043 3964
399 912
178 5286
416 3480
3885 4838
338 3017
6449 6838
1412 7079
598 4633
830 1499
4452 6565
4972 5849
1279 7404
2000 6102
428 2483
129 7322
2519 2583
2971 7523
3380 3576
4065 7326
630 2518
6074 6613
4857 5433
2062 5291
2638 3841
2844 4213
5961 6766
4604 5869
3738 4573
4156 5550
2653 3465
1701 5917
3896 7378
1584 7313
2734 3148
854 2310
6357 7316
1807 7377
1524 7359
2067 7265
3526 4816
2678 3943
4754 7420
924 2089
912 1809
3540 5282
710 7504
3424 5173
1181 5703
2136 2374
444 4949
1650 5776
999 1109
789 2907
2892 6043
5681 6177
496 4666
5380 5746
2174 7277
4053 6582
746 6207
556 3384
3986 6522
2126 3322
2048 4079
4748 5340
2669 3015
1239 5298
368 2911
1360 4288
2984 6308
1404 1859
916 3654
2612 5785
436 1384
3428 6078
125 6018
288 1088
2721 2727
1168 5688
4647 7534
3316 3629
744 5050
1354 4513
3115 4149
2120 3482
432 7247
2776 4608
814 1735
5632 7261
3911 5419
640 895
807 4328
6906 6913
4349 5778
2445 2747
1350 7452
3995 7581
3963 6679
4826 7183
705 4325
3927 6913
1670 4844
715 6959
2555 7038
5506 7174
2611 7517
2617 2702
2603 7370
1346 4196
1637 2672
5628 6339
362 4706
1160 1686
3072 7175
3103 7403
3931 6621
2708 4670
1840 4509
744 1415
3936 6680
2083 5247
4095 5927
5796 6003
1881 5054
1960 5703
6763 7649
3292 4427
276 4093
2598 4182
5357 6530
1582 3030
4472 5806
84 6126
285 1312
1974 3485
3099 6914
2632 3779
5893 6105
908 3248
4853 4860
1917 5810
1854 2660
1280 6283
4300 4691
357 540
4034 6362
613 4675
2346 2662
3140 6012
728 5560
4842 4970
994 2938
3157 7465
1643 4989
192 5050
1412 4426
1805 4033
4904 7318
3794 3968
683 5515
2287 4649
873 6363
1090 5822
5422 7293
723 2993
4104 5998
6607 7578
6484 7425
574 7648
1483 2171
3662 5441
278 1705
3141 4159
6934 7181
1846 2926
4716 6945
3863 5524
2169 3318
2126 5204
1601 5460
6296 7365
2863 5376
2401 2816
2022 6081
564 1062
4504 4908
1648 6814
1753 4878
2081 6352
4388 6288
2999 6621
3922 4300
4524 6202
1563 5513
129 3740
5889 6057
847 1736
336 3005
3253 7468
1228 3890
2711 4103
571 7436
48 557
6737 6986
2060 6397
643 5294
2314 3929
1578 7453
4591 5172
5514 7593
53 2306
167 6441
1126 4337
3482 4733
2341 2461
4759 5268
1758 5222
3446 6497
5618 6936
3648 6200
2836 7518
739 3145
8 1381
2864 7124
2857 3826
775 5324
4218 7323
23 5549
2245 7647
2922 5531
2521 2851
548 5223
1138 7267
193 5593
2122 4561
137 5025
614 1810
3103 6700
308 5117
1401 7307
5192 6055
1038 1276
780 4433
4895 6002
433 2523
3638 5837
72 5953
2577 3133
693 4054
2948 3221
6384 7562
3234 5338
303 6343
639 6024
886 6597
856 6916
122 6556
5858 7187
24 5507
3765 5670
6450 6777
5232 6603
226 3476
3159 5870
6142 6324
222 2423
1163 2833
771 6172
4315 6200
852 1218
2893 4209
965 7271
679 6842
2294 3333
628 6088
2748 6684
956 5342
4191 6553
2160 5099
2712 6636
3857 7420
1568 4225
3747 6483
812 6537
517 2517
1686 4963
494 7225
329 1087
1726 6966
3359 4751
1488 4460
365 413
3430 5165
270 4501
371 961
1029 6174
3010 5128
3438 6501
199 1260
5439 7345
132 7340
1148 5455
6188 7164
6115 7544
391 3947
1473 5622
1338 6681
1924 4714
3398 5046
4056 5640
5002 6798
5132 7240
2994 6094
516 590
3634 4491
2041 6880
1309 7144
3968 7270
2485 6636
2348 6569
1634 6923
1249 3489
1291 5002
6091 7343
5093 7217
410 6648
2725 5321
1926 5478
5148 7371
473 5757
2964 4099
3349 4108
4032 7350
270 5198
319 3077
6431 7440
4098 5964
2339 4025
615 4592
4284 4831
459 7046
1099 6936
1566 1736
392 4353
3565 5009
627 1476
564 6100
757 1064
1860 5718
5963 7400
3877 6843
4828 7093
4012 4429
611 5073
1799 3309
639 4409
1848 5669
1925 6346
4783 6755
1496 6024
885 4101
447 5877
4215 6884
2174 5429
995 3256
1319 4297
1636 4248
346 6007
1484 7418
4684 4828
4874 5955
4702 5513
4151 5380
7205 7265
5302 5309
3018 6607
4033 6302
411 2691
883 941
2000 4406
1469 6136
2898 3660
2278 4834
834 2589
3389 7263
1679 3359
2098 5153
4536 7288
2046 3235
2181 6672
4196 4693
3402 6622
433 1582
4126 4693
2374 2652
84 6603
574 3838
3794 6829
3249 5590
2634 5305
5524 6960
936 3132
3 3750
1168 7110
1526 6321
450 6528
2447 6826
741 7441
1992 5787
3502 7416
347 4932
1959 2112
1515 7553
1607 4063
4614 4620
4312 5315
738 5605
2955 7492
459 1070
665 4443
1565 4777
2316 6848
2939 4784
5337 6383
3414 5698
3286 5991
5080 7417
1277 2098
549 4836
4961 5524
939 3444
1523 2438
122 4179
903 2178
912 6429
2762 4853
2680 6303
519 7072
3478 7018
2718 6913
2550 5096
5768 6181
685 2143
2079 5201
2008 3680
5857 5969
1604 6846
3667 6952
1989 4020
617 7219
4029 5869
2290 5557
4478 4600
710 4889
180 6568
5502 7590
6841 7048
349 1832
545 2335
2068 6246
2280 2752
6176 7259
1310 1399
4917 5966
1267 6128
4296 6100
734 4462
485 5621
2673 7165
3279 4973
899 2806
620 7239
5346 7233
3067 3530
4938 7298
944 3400
1004 7405
2039 3020
894 4680
4674 6820
240 1375
2534 4976
6963 7052
4929 7509
4518 7558
3289 6840
1221 1817
940 1021
3212 5343
4501 6568
161 2829
5313 6727
1273 6763
340 6572
2078 6617
241 1039
994 7284
1324 5812
1784 2249
2592 7146
5063 6087
3514 6968
3619 7023
537 5620
4037 5135
4025 6692
6910 7018
2426 4222
3183 4503
5841 6709
3824 4201
259 4937
4973 6364
1745 6968
4833 7305
2077 4902
190 2759
1756 5629
1789 2893
2074 5224
5080 5317
1942 5910
2361 3178
1154 1417
2395 3535
5258 6761
2567 2964
5196 5259
1235 2851
4479 5826
1797 7073
30 2600
2610 4723
5783 7647
2446 3886
3651 4353
5605 6589
6993 7382
1078 1124
3018 6101
715 769
2710 5858
1005 4711
3174 5898
2191 3956
1103 5336
5227 7315
5024 6936
2768 6783
5284 7239
775 3592
3935 4729
2378 3033
3171 6540
180 1896
2082 3557
2340 5926
651 4687
611 2754
433 3746
1371 1406
1484 4071
1276 3925
4410 5585
378 4139
145 3398
2301 3986
1190 5832
2795 6879
655 4734
3809 4331
2261 3211
2645 6312
4297 6743
493 2869
1642 4106
1241 5264
5649 6003
5196 6694
1689 6385
5241 6189
1571 2843
2777 4823
197 567
5235 7527
19 6475
5237 5578
3505 6424
1835 7367
202 1749
2229 6523
5338 6973
458 703
1895 5177
1059 2516
2678 5065
5445 6374
2209 3197
4087 6637
1150 4332
1790 2986
4556 5017
718 1406
2767 4123
2838 3776
2777 4665
1051 5229
1961 7478
6765 7273
3496 4876
4576 5123
1738 7443
1271 3226
1242 4843
1145 6360
1014 5350
5624 6058
1655 6907
3365 4143
516 2782
2810 4276
1319 2143
5883 7359
833 1847
5399 6933
5877 6813
3900 6609
878 5944
3752 4301
748 3668
4687 6462
5715 6094
532 1357
117 7363
4520 5239
3903 6522
1607 3527
3675 6526
6040 6258
1987 7573
6536 7073
2852 4703
685 1286
1200 7645
3236 5071
1579 5094
5985 6643
300 7065
3020 3745
3487 6544
707 1913
777 2122
1277 3566
2859 5444
2951 3425
2461 4038
3521 6084
301 6950
4718 7105
1070 5740
6324 7436
5544 7532
2351 6544
2732 6614
325 5092
1619 1655
6169 6333
6886 7168
566 1381
3790 4100
1105 2646
1442 5246
2358 4286
2830 6679
3532 6649
631 1644
2470 5388
1593 3601
917 7292
3420 6929
57 3062
537 2170
310 6609
791 7285
2609 3636
209 1669
5796 5980
960 3454
4458 7414
1457 3210
4891 5868
3435 3588
5863 7209
530 3394
2515 3088
5832 5998
5831 6488
4878 7131
2554 7226
2110 6727
2704 4520
755 2162
1788 1915
1346 2463
48 7049
993 6903
5051 7450
3638 4468
1688 5305
1792 2202
2359 6967
3192 3498
2673 5671
1745 5843
5252 6406
2197 7463
3168 6682
838 2190
1424 6495
3876 6241
3811 7013
2182 4372
249 1584
2322 4812
1168 6389
609 2760
4932 5093
2259 4632
3004 6762
381 973
2850 3920
168 1000
6985 7596
3063 7305
4498 4699
3583 4417
3264 5585
2717 4169
1213 3945
246 7037
4150 7502
108 157
2031 7378
3743 5782
263 1100
609 3962
2913 5550
374 548
3272 7039
2454 3507
4134 5428
133 3331
1943 7195
3022 4771
4443 5923
29 2823
3871 5098
6217 6449
1357 1763
5261 5893
3711 6266
4480 4805
4667 5898
3185 7261
901 2198
3619 6195
6503 7392
4400 5571
186 2302
653 6025
441 4482
3694 5718
304 3941
47 1713
2062 5299
763 5739
4089 4207
5237 7627
2788 3648
6999 7327
3860 5988
663 2880
851 4650
2268 6418
5148 6322
4584 4876
1628 1964
296 1514
1483 4158
797 3034
2110 5859
1651 4957
7003 7641
1447 3302
3156 6927
5186 6832
1455 5945
4753 6264
1902 2532
1766 5194
2264 3345
2047 3339
2099 5177
4543 6379
4873 5843
714 745
2063 2257
1895 4364
3986 6470
4036 4388
3396 3475
2852 7583
3454 3490
4969 6636
1003 3336
1446 7141
4314 6441
756 2024
1407 6975
50 4538
1875 5570
3946 4200
210 810
3450 3456
6002 6174
468 668
24 4428
3001 7102
1222 7593
1005 4602
3579 3887
4075 5956
3573 6115
1926 2329
4773 6838
4782 5725
1931 5946
1503 3380
1283 5631
1982 5704
3503 5759
6223 7498
6542 7515
2461 3803
499 3262
4016 4256
1253 6402
3312 6223
4851 6114
5267 6775
4229 5135
2345 6399
2868 6234
1386 6376
4440 4927
4778 6265
1761 4038
4017 6089
6292 7448
6388 7398
933 6536
5700 6678
4737 4744
823 2300
704 4364
3107 4017
1686 7613
3271 7583
726 3223
1635 6024
4391 6276
1231 5421
5383 6917
5996 6685
175 2259
934 2089
1397 2903
2176 3439
5222 6970
1785 6896
1123 2916
517 1116
4701 5666
1164 2350
2419 7498
1438 3056
2815 3281
5172 5753
3269 3881
5654 7384
1613 2855
6047 6172
152 4749
607 3085
3786 7587
1480 3821
5970 7103
6170 6240
5053 5145
1963 6325
4080 6548
2557 5561
6516 6851
1860 4738
4163 6376
937 1911
656 4787
1680 5171
3231 6852
1079 6130
3396 4275
4055 4524
5344 6320
4617 7310
1017 1562
704 1759
669 6283
3176 6708
2757 7466
24 6005
66 4641
1258 2395
2360 3623
1847 4890
3427 4211
214 4456
2285 6159
4589 5617
174 7321
1871 2017
6820 7193
704 1403
1587 6143
6970 7358
2959 3664
4496 5338
615 2641
6360 7002
2068 4474
1698 6945
1239 3443
504 2994
1203 3053
592 3456
1273 4080
2513 4483
388 2172
4902 6255
1387 3741
4144 5621
5855 7353
648 5487
758 7440
1558 3928
2853 4470
3875 5038
1342 5737
4194 5812
3757 7133
1485 7328
700 5862
1643 6582
800 1597
1713 5308
6090 6905
1624 2529
2522 5203
1452 6320
66 537
3190 7503
2245 3713
615 1503
6167 6761
1753 4288
6741 7308
5227 6565
1510 6837
4758 6056
3532 4951
103 2352
2199 4093
470 6239
3858 6961
4166 5561
3333 4160
4577 4771
1266 3682
875 1437
1986 5906
2093 6398
2092 3684
246 1510
594 3860
1417 1920
1556 3065
1239 2970
4977 6677
782 7178
2636 6945
212 7308
1704 4379
4268 6845
120 1085
3118 3666
1946 7481
1292 3769
5460 7592
674 4972
6581 7373
3928 4277
2329 7254
2163 3292
2792 7135
1681 3663
2326 6689
1176 3247
3342 4692
1538 7360
2752 4223
1987 3530
1885 3877
174 7173
332 4182
5005 5646
876 4775
3570 4887
150 7612
1762 5096
5124 7025
2992 6194
3656 5543
7160 7200
7056 7451
5705 7529
1059 5746
355 865
270 2221
2712 4050
3524 5738
3630 5475
5351 6949
3961 4130
6566 6836
5400 5430
4637 6508
761 5884
89 965
4784 5308
2737 5137
6204 7206
603 2010
3597 6864
1803 5150
1650 3805
1342 2188
3172 3831
2094 5533
2754 4013
2390 4420
3237 4665
3536 5797
3336 7632
249 3201
1243 2101
4559 4645
2737 4479
3825 4092
3139 5402
2294 5653
5578 7099
1619 6945
444 6835
2226 2651
6709 6850
880 2621
4883 6874
3298 3634
912 981
3109 6238
5287 6994
3541 5688
2029 5317
577 2721
1525 2955
800 1031
1591 2288
1792 4330
134 2973
4093 6472
5581 7598
66 4374
6722 7118
586 4187
1113 5837
4976 5131
4136 6203
4109 5712
4812 6270
2915 3071
2577 5055
3672 7480
8 3153
3930 4604
2015 6375
2044 5638
5451 6125
2320 4130
1229 4306
875 5328
2696 3875
2349 3128
3966 6138
2644 6452
634 3125
430 5362
4681 4964
414 4080
2891 6261
2586 5895
5463 7434
239 5842
3264 4373
1293 7593
2026 3688
1813 3020
3826 6858
2874 5790
454 5331
2961 3404
2387 3936
5111 6682
4665 4940
1833 5250
2259 7210
2131 4640
1244 6070
6308 7049
189 2307
2691 4898
1891 2900
983 7528
1265 6841
6665 6811
5489 6129
5533 6745
2687 3379
5609 7592
205 4468
3080 4404
5070 6155
6573 6952
20 1792
3116 4020
667 4281
3938 6253
1745 3238
85 101
1448 1771
3366 5005
2013 4296
4029 5041
1784 4435
3064 5540
3775 6386
3897 4110
2707 3930
5303 6373
141 2999
470 2217
383 7461
4965 5640
166 1892
5081 7300
3147 3702
2907 7038
5248 7031
1618 4881
908 4873
1386 4282
2252 5491
554 6986
4930 5465
1595 3121
4898 6485
3911 6639
2868 4182
3518 5451
2723 6778
3130 4420
3903 5556
1889 2506
928 2242
521 6714
3925 6686
460 5097
4531 7581
1076 6784
4348 7383
2469 2771
839 4327
2891 3584
6584 6627
939 6375
1272 2397
297 2112
785 4596
639 4351
1618 4600
3671 4258
2383 3887
3183 7290
489 3945
5336 6004
1463 4801
2267 5825
1887 3595
3986 7102
3131 6235
4900 7194
6388 7209
2873 7419
4049 5253
142 4665
3781 5349
1743 1953
6268 6832
4760 5489
3316 7254
1232 6318
283 7585
4598 4779
4101 4549
663 7473
5007 6711
5562 7384
603 2272
2716 4363
3257 4525
40 968
211 3659
5175 5283
3273 3935
5048 6932
2492 2564
3070 4116
2851 6620
2982 4965
2689 5522
1917 7116
5533 7645
707 2724
2310 3030
3779 6680
4289 5113
1656 5082
5029 6320
829 3027
1447 4654
646 1680
2392 4423
1160 7214
1153 2356
7087 7398
1228 4037
2499 6316
753 2412
1055 2929
723 3244
1471 2740
576 663
476 1211
593 4284
596 3805
1857 2380
2408 6584
3410 6810
3113 4687
3137 5334
113 3860
4293 7142
1459 4877
4370 6634
768 5151
506 4088
4424 7594
252 5587
1721 2281
744 5110
2113 6852
1011 1404
1193 4924
4251 4461
600 821
1922 4703
3202 4409
2160 2474
1521 3589
359 5945
3546 6287
5967 7147
485 4730
5385 6326
1491 2188
2783 5574
391 7063
4363 5190
6267 7567
2699 5919
1018 3580
3820 5781
546 1197
739 4285
3556 7182
2062 7301
407 3574
2258 5191
2022 3104
3440 4836
6939 7620
320 7540
3689 7378
196 7204
794 4706
5818 6143
4257 7385
2929 4385
3352 5669
2373 5919
4040 7546
1201 6912
5246 5544
569 4645
4060 6013
4111 4138
4351 5711
643 6238
1246 1610
1979 4743
6674 7422
3802 6003
1003 6570
2421 2579
1887 4960
1510 5091
5998 6994
431 2705
4155 7110
3985 7441
656 4788
22 4443
313 6626
2873 4731
657 5012
4900 6849
3797 5234
376 1322
454 483
3206 3654
516 805
2403 5372
1072 4227
1054 7426
3379 4621
6504 7147
679 6828
872 4237
5928 6001
5243 7040
4733 6080
729 5523
400 1433
563 4118
66 6017
2706 4921
171 353
1196 6528
4158 7061
219 1060
937 5268
2345 5718
3749 6146
5136 6756
1523 4406
6412 7010
2604 4531
6103 6897
173 6131
444 5352
2101 7113
2558 3572
482 5676
5418 7049
3928 4993
1436 4708
2407 4082
128 3789
1910 4582
4824 5499
3452 5993
2518 2963
6300 7534
5044 7435
3578 6848
108 7093
33 6629
1357 4500
4357 6606
2119 6788
3245 3750
455 3480
1090 3462
444 1373
4544 5228
446 628
4035 6235
808 1878
491 6234
2977 3960
1052 6593
2328 6384
5092 5272
2125 5865
1393 4681
171 4693
5295 6798
3565 5703
2095 5451
4737 5377
660 2145
5403 6893
370 2796
688 1858
2431 5152
1330 2668
65 4150
1752 6824
2770 4345
1 3935
2673 4454
4076 4485
9 3809
2532 6270
224 4092
924 4377
5754 7427
1916 2693
600 1258
2050 5274
2503 3511
188 2956
3371 6465
410 2105
4593 5915
688 4885
4211 7391
6894 7230
2127 4039
2411 5986
1413 2527
372 3010
4369 4756
1476 7349
3616 7147
523 3054
1689 1828
3542 5902
4413 5131
1596 4307
5259 6619
190 1953
3902 6670
2592 7379
4272 6478
902 974
2165 4105
3427 3828
428 5418
217 5783
6752 6913
1939 4661
2389 7152
3116 6935
4056 6065
2362 2799
2540 7619
2157 3788
3454 4816
2803 5417
2193 7370
2515 7182
817 6225
2867 4280
519 1563
1616 4007
1584 5383
3091 3656
2551 4097
4289 6129
3885 5503
4747 5279
3491 4275
1843 5467
1934 3668
1762 1845
2551 5593
5411 7382
5380 5866
156 4095
640 5138
1019 6680
2132 4982
3485 6663
1889 7463
483 994
5785 6752
4094 6567
1811 1884
635 4495
6523 7432
178 336
3637 3975
876 4995
5723 7206
4888 5801
3234 6504
1014 4500
807 3277
4827 7281
148 4082
4141 7131
1629 2575
3936 7281
4566 6593
1331 7490
4645 4974
2291 2648
3939 7013
1499 3479
4412 6820
278 832
8 3543
2202 6815
1855 4242
4654 6637
967 1112
477 842
3732 6936
2297 7420
1072 3003
763 1927
3332 5396
283 2353
5201 5702
3070 4636
1082 4942
3191 4738
2549 4906
493 5320
5400 7457
2773 6100
2932 4867
4535 6892
1189 1663
1928 3375
4420 6091
6469 7638
1603 6382
5484 7124
3609 4720
2221 2358
3792 4524
4946 7322
5452 6473
4522 4594
2410 4287
4419 6589
2641 4801
1380 6979
2628 6837
2884 6788
222 2403
2727 6047
217 566
1381 5945
1722 2965
3284 6611
4644 4845
2178 5431
1822 4243
3077 6281
2946 6328
542 7155
6575 7548
1067 7137
630 4972
837 4930
5552 7153
3896 5402
2011 4849
2541 4406
5362 7373
4559 5619
1017 1285
4355 4864
3734 5751
866 4461
337 655
1037 6630
664 6710
3484 5501
4074 6281
1579 6658
136 5904
96 5214
4065 4609
4757 6149
498 6492
4480 6036
5274 5583
1812 3449
4439 4448
1177 2607
2416 5912
5802 6482
794 3677
3926 6065
3584 3635
4433 7385
1798 7270
1709 3080
2011 2345
4456 6141
3929 6488
447 681
5502 7507
580 690
3646 3847
401 2508
81 3198
2338 7099
1847 4586
2927 6263
243 2318
1369 3400
3303 7072
3364 3818
82 7043
172 980
6009 6545
1064 7307
1565 6367
3074 7028
211 4306
3744 4053
5525 6452
2418 6223
4348 6651
363 3550
1074 2856
5678 7193
1108 7204
2189 2613
3986 3998
1369 5265
5591 7414
3298 6780
2040 5805
633 4932
1253 3791
3923 5981
348 5831
1702 3814
2963 6320
1025 4957
6915 7071
154 2487
2648 7468
4201 5170
838 2887
70 210
1268 2688
2087 2485
401 2071
2644 4393
2397 5041
3126 4894
751 941
1100 7324
1680 3955
1403 4943
497 3210
2720 4094
6726 7189
2050 5724
3046 4149
380 2905
655 7572
856 3455
2004 3902
6429 7429
949 7561
3931 6558
3019 5825
501 4581
1978 3630
1926 4575
4224 5375
1885 6994
1326 6728
177 3462
117 2749
161 2386
1480 5757
1848 2132
2900 5156
5452 7549
3833 4256
4778 7501
645 5256
3831 4895
5567 7631
154 282
2155 2834
3838 7019
5028 6791
546 5119
3451 7516
221 3918
922 7512
1082 3423
3578 5027
3313 7158
3873 4711
5696 6851
3901 6836
4826 6828
4250 5642
6408 7537
1919 6725
759 1214
1798 5421
1135 4784
4124 4891
1087 1444
3838 4396
4927 6839
1608 6351
1354 7273
2770 6556
24 203
3201 5923
4470 6541
1951 2079
2982 4013
2352 6074
2169 5842
2222 2319
2513 4238
3108 5665
1290 4561
7084 7135
2626 5666
974 7293
2747 5613
4372 4766
3611 7076
4136 4580
3777 7351
651 5177
4347 5362
1883 7119
143 4656
3805 5320
2654 2956
1091 1695
942 4977
5105 6508
3123 6059
770 1470
1738 5037
7417 7531
4701 6528
236 4547
1656 2071
2385 5506
5282 7533
28 1216
4556 4881
3687 6515
3363 5106
1091 3041
3719 4856
5719 6816
3048 5538
1526 5708
2009 6529
520 2203
1338 1393
2226 4681
5416 6161
5877 6211
2044 4113
3498 6287
567 1647
1098 5069
3205 6919
5092 5655
573 3484
1290 5502
3812 4889
989 7592
775 3605
1096 4344
2240 6236
4493 7511
311 7125
3752 4754
31 2032
3183 4179
6502 7351
6326 6665
1285 4495
644 3693
2126 3758
121 1594
2907 6658
686 6423
1242 3908
3840 6511
2382 2785
174 1387
4233 7508
4658 5762
85 2312
3178 5744
4835 5481
5213 5433
2120 5733
3384 4367
3306 3949
202 7022
2294 2986
1405 2433
3191 7298
1896 6094
3831 6261
829 1314
5286 6102
1396 1974
2258 6249
318 3948
1377 1611
5602 6390
214 5717
5873 7047
762 2639
1591 6215
2090 5946
1840 6418
5307 6169
4773 5025
18 1371
2076 2519
1680 6637
6210 6471
2356 5724
3940 5835
4678 5489
827 4687
580 7616
1878 3872
1596 3745
3628 6590
5120 6858
1839 2198
3996 4669
769 3523
4267 4754
900 5149
1801 1968
4040 5226
2171 5855
2783 5804
1328 3946
1650 2006
2182 6042
4066 6949
4610 5262
2395 5579
2077 6465
2877 5462
4528 7606
1421 4647
385 3210
3897 5947
2670 4076
107 2396
4795 4957
4250 5914
3442 5335
91 703
3917 5716
1700 4397
73 903
3934 6919
4890 5575
2641 3770
3271 4961
4913 7095
6337 6633
3025 4100
412 2026
6118 7612
1495 7157
4214 7268
1629 5910
1603 6459
234 7429
547 1007
2951 7071
2581 4067
4901 6289
3741 4099
2510 6479
4338 6717
2471 4772
2048 3128
2364 6024
1122 4340
4075 4736
3457 6745
2250 5387
3124 6474
3789 6574
1101 3258
3497 4760
922 5985
2957 7007
242 1755
3356 5786
1934 5473
577 4875
824 5326
1187 5786
2875 4399
824 4054
6278 7260
276 1751
5239 5562
2171 2929
2903 5470
2552 7401
4884 6161
1479 7063
1325 5563
3620 5364
1811 7031
3859 4700
5438 6355
3598 7569
3102 6750
5000 5984
6841 7330
2884 7237
2381 2413
1470 2471
4687 5860
374 2962
250 2501
1930 3029
90 6973
1014 5023
4776 5511
2001 5760
1463 6172
3334 7209
1010 2087
507 4999
5442 6114
485 516
1696 6079
3033 4026
3203 3216
2131 5391
845 2277
1465 2239
1439 2040
758 7597
6353 6435
682 5719
709 4022
5570 6817
397 5758
706 7375
5467 5936
991 1812
4907 5828
2750 6819
3214 3722
3154 5982
457 4542
298 1742
157 981
3335 6708
6097 7492
5084 7493
528 2893
223 4931
267 6745
435 2411
7 4065
842 4007
4463 5967
4601 5112
4364 6549
3221 4174
416 980
1127 4566
398 4735
5007 7249
2761 5779
1450 5779
3352 3936
1442 5270
955 3642
2012 7609
1923 3692
1189 6762
2346 4690
1722 6824
2435 7506
2141 2390
1694 6701
1116 7278
2133 3460
2952 5817
3506 6969
876 6092
2797 3292
4177 5019
5911 6077
6051 7038
33 5241
3574 5734
7258 7437
1824 6625
2512 5213
1269 5995
2537 4048
1958 4142
4208 4986
2894 3502
2191 3526
2361 4546
5782 6448
4762 6051
6302 7310
6921 7220
5258 5467
2691 6933
593 3809
275 6926
945 3869
5695 7398
2618 7632
3242 5376
2520 6069
383 3218
777 2848
1095 3646
1161 4106
3127 5965
876 5766
199 216
66 2009
585 2392
503 1823
1178 7351
9 300
4675 5918
2303 5899
226 799
6585 7063
1060 3764
5010 7022
411 6511
4857 6665
4020 6264
576 1413
489 7521
1141 6720
438 4231
700 2901
550 5745
706 1742
5385 6463
769 2435
4883 5001
1166 7326
3232 3359
1191 3531
1878 2673
1925 4345
489 6044
1379 1449
3501 5866
2282 6352
3069 5398
3652 7176
973 3859
4075 6543
2119 5242
5089 6022
3985 4071
1733 4494
832 6508
4207 5709
1913 4985
3955 4117
1645 3621
256 5783
1982 3366
604 4282
3708 5482
500 4332
1196 2767
271 384
684 5371
4379 4505
3079 3257
1528 6053
6271 7633
6344 7277
6098 7366
7592 7644
3908 7033
2853 5079
695 3673
392 5946
427 4617
3937 4402
5618 7140
3102 4595
255 2133
2187 2972
1012 2564
5919 7402
1357 6325
3487 6361
3297 6131
5523 6447
6504 7042
2943 6277
4419 6920
360 6761
737 3875
849 4598
1391 4451
3439 5086
4116 7332
4250 5314
4795 6401
1387 2958
2092 6473
4231 4324
6270 7621
1192 5880
5114 7060
2530 5071
4667 6351
413 3927
2316 3791
2520 7171
4943 7310
2462 6019
224 289
1417 4481
416 1645
5762 5920
2830 4822
4122 5244
146 7091
1114 1813
2884 6960
3862 6536
4230 6991
421 4347
2193 7085
1960 6461
612 7518
4343 6889
4031 7501
154 3537
1722 2990
2704 3522
1186 1874
1096 3698
5397 6350
46 6796
941 4182
3964 4424
6676 7601
5177 6252
357 7044
1426 6324
1403 6668
4347 5741
688 6922
3541 4048
1350 1778
6089 7525
5267 6973
2427 4576
196 1133
5209 7364
1085 1477
2179 6688
699 3499
1475 5114
4486 5038
2003 6077
32 7175
1869 6049
3094 3996
414 6817
5249 6059
1076 4346
4670 6826
4996 5142
700 957
2096 3212
1225 5388
4060 6193
1312 6145
4721 6338
934 1556
709 6216
5485 7246
3925 4682
450 4782
417 5406
937 5610
2019 2686
2539 5678
1927 5189
6494 7515
1866 2034
735 6552
3460 6615
3833 4907
2669 3868
4424 4839
2695 3581
3042 4845
7493 7649
345 6147
1639 4079
2340 6716
1158 2750
390 535
1385 2219
2396 2714
6224 7567
2210 6728
2090 7076
2197 6808
4243 6640
5856 6184
1023 3942
4610 5088
1748 6467
6673 7064
1931 5895
1696 2779
1708 7533
298 2831
199 685
4194 6982
1974 2953
455 4446
1893 3576
2053 5423
5779 7026
390 543
1056 1715
2039 5761
3096 4130
3686 6357
2159 6304
15 472
6069 7599
2831 4088
3609 7436
4945 5791
1705 4284
4089 7420
3629 6876
132 6974
2353 5001
935 7153
2208 6549
1611 4851
1406 3894
514 5570
5333 5346
3466 3730
3787 7457
1289 2196
1846 6198
231 3841
2647 3538
529 6848
2336 3803
3613 7320
622 1040
874 4107
64 3929
215 4022
5369 5700
1677 3199
265 1200
3302 5407
1049 7416
303 5785
1135 4367
368 7332
3316 4533
2632 4494
3800 6617
1009 5785
1672 4245
3122 5489
6206 6766
2631 4466
2112 4970
3793 6174
3170 7610
1806 5880
6307 6906
3905 4583
563 2526
629 5002
4742 6115
5919 7638
3525 4004
4170 4221
3075 7213
4478 5100
4723 4996
1507 3755
442 2188
699 7376
1104 5886
1398 3715
5454 6155
981 5095
4235 7358
4 3758
1938 7117
4237 4772
4803 5673
4821 5430
1036 4402
968 5068
4837 7277
39 5919
1405 1729
30 270
3234 5087
5252 6363
1229 4475
2203 3527
3294 4640
3004 6053
1729 4111
4178 7319
6277 6308
1350 1816
6689 7132
751 1873
4233 6899
3110 3627
630 6900
1778 5806
660 2398
2462 3498
1124 4843
3779 6600
2121 7358
27 377
564 4771
792 3021
1601 7406
615 779
1898 6500
3236 4827
213 3897
4193 6041
3877 4678
4346 6054
4972 5327
4404 4753
6453 7282
764 6599
301 2475
804 4943
1936 4998
213 4818
5092 5668
5294 6931
6010 6455
6174 7417
925 4149
5764 7183
6650 6734
1160 1601
2096 3720
1660 3684
2577 2924
2024 2152
3096 5177
1049 7439
1493 4554
212 2351
821 5339
470 1070
3211 5814
5893 7564
4098 4474
1087 6572
1453 1647
5502 6089
4331 5730
2292 5952
1971 3524
1039 3938
1797 5685
6814 7044
2560 6072
687 5610
139 609
4884 7007
5566 6645
1061 1328
720 5047
1273 6669
5600 7620
951 5199
452 958
4146 6009
1551 4153
500 3668
433 1583
3452 6159
3461 4639
4925 7329
856 2420
5503 5577
44 6486
2353 3895
2393 5244
917 4866
6051 7189
3043 4036
201 7009
1467 5155
5827 6325
535 6652
2507 4722
57 5533
912 6390
3502 6187
5128 7598
1411 6676
5312 7337
1734 3990
946 2041
3339 4679
2058 7506
4923 7596
184 6001
2011 3047
1400 3761
248 6237
3188 7077
1172 6453
5367 7539
950 6144
4864 6615
5750 7428
245 5071
2436 5643
2608 2993
1198 6432
1836 3306
4915 7344
3393 3395
1424 7080
1791 3820
5324 7460
224 6207
20 3524
4182 5733
2628 4712
1808 3851
5171 6261
1926 2154
6317 7125
1945 4114
954 2453
5485 5905
151 4250
240 2859
3397 6664
1234 1563
6130 7520
2175 6509
1347 2964
6118 6563
619 5302
4032 6196
3767 6264
4119 4615
1068 1969
1328 2364
2096 2638
6112 6729
735 6382
2607 2929
4430 6344
158 2041
2941 5721
828 7448
2655 3276
6464 6969
3055 5392
1390 5087
2820 4289
520 7046
485 2445
1784 5240
1646 5579
4080 4647
1992 2800
3895 5889
1244 4112
3670 5420
2270 4625
208 2646
6044 7290
3163 6904
1109 2507
5781 6933
2380 6710
676 2945
1819 7395
5733 7119
7036 7230
987 2292
370 1424
1887 2331
1296 5049
2450 4506
299 4315
299 3053
120 1165
195 6399
4612 4972
1685 1856
2682 3781
360 2614
1963 4756
1806 7230
2153 5983
1942 2851
562 1470
2140 2752
2547 5329
1821 2015
4716 5967
4667 4901
1273 2916
1447 2834
2412 6522
4358 6045
2232 4668
1847 5039
1013 4742
4855 5911
3723 5331
1449 3935
1938 4909
2956 5314
2926 6251
1978 6766
4958 7321
6107 7128
1639 3094
1597 5043
1142 6267
2391 6407
4148 6638
1319 7506
2371 4621
2437 5716
4105 5662
6146 6734
3484 4100
1591 2971
2096 2129
131 4776
2629 3164
1617 1984
1740 4741
4196 5567
4306 4732
2935 7063
3324 6579
916 5886
3377 5000
476 5523
1299 5617
2329 3297
2359 7286
1887 3083
5883 6589
1322 7510
3031 5638
4277 7310
1704 4021
2894 4684
3422 3439
4436 7364
188 1648
1164 7565
1278 7561
3246 5206
3005 3417
1145 5109
2458 4628
1432 4958
102 1862
1960 4208
2351 5254
4917 7320
3664 6207
2602 3964
1425 3086
958 6727
5554 5697
1205 4134
695 2452
3278 5378
1986 7219
1589 6829
2973 5729
4707 5006
6076 7439
5123 6586
5405 5947
98 1376
4156 6082
989 4358
4436 7196
2447 4921
1120 3379
1679 3648
3081 5461
627 3149
698 1329
1298 3973
1497 7008
4812 5870
3075 7512
355 471
1319 5232
3639 6195
1169 4423
683 6296
273 2718
244 4908
170 5000
4858 5561
172 2877
2338 7126
2956 6566
2636 6850
3321 6642
218 754
1197 7083
2952 7531
451 3788
2496 3329
55 240
396 4544
965 5894
2369 2586
787 1826
1435 1458
1927 6054
2566 7280
933 3694
1188 6590
435 492
365 6527
3755 4049
2509 7053
4376 5094
2509 6095
2490 5824
3549 5899
396 4353
3580 4411
856 1558
4417 5487
2647 7129
4734 7573
792 4539
1124 4059
245 3668
620 2826
4240 5893
2596 2816
5839 6283
1574 7043
1872 7189
2005 6418
3367 7382
3451 5538
2622 7346
1950 6024
3371 5492
4113 7165
1130 1489
4125 5269
937 1422
251 263
1818 3834
2225 4770
4645 6103
2903 4139
2996 5615
7056 7270
4976 5625
102 1076
5168 6614
841 5216
3152 4660
665 4311
4653 7341
1104 2258
5930 7180
1893 2338
1373 7546
4786 5294
1932 5950
3001 5504
1097 4350
2563 4244
1471 4075
2798 6248
877 3124
191 3777
1979 7217
1715 6745
1063 3086
2004 7265
280 6713
5899 6745
2445 6723
2557 5504
3384 6680
1708 2387
1422 3689
4317 4971
6407 7598
5634 7427
3644 3974
950 6220
1647 6620
643 4520
3295 4690
898 7053
4434 6236
1842 5459
1726 5667
2192 3865
1902 5591
227 5417
3982 5945
1604 4889
1421 4549
2785 5917
1538 1970
2774 3850
723 4782
2004 3923
747 1323
2368 5763
2292 7500
3474 6480
2478 3745
3227 4838
2018 2392
1523 4232
331 6396
1578 2272
50 2855
1338 5836
72 5164
1473 1908
4460 6643
1562 6843
1422 4752
3594 5274
3698 4780
108 3137
199 2017
1848 3879
4376 5659
1681 3551
4159 4492
3676 4561
3520 5690
685 1676
503 6879
4363 6321
7147 7195
1591 7105
1862 6615
1916 7431
200 4351
6345 7041
193 2717
641 3038
670 1981
6299 7550
2532 4374
1341 1882
7368 7441
4655 5988
57 2675
1960 2979
3985 4864
1527 2978
1734 3944
4532 5228
3152 4312
3091 6770
1141 5278
1751 4768
2250 2751
192 5717
2591 5119
2066 2470
6602 6992
1078 2703
375 6606
917 2931
3095 4964
1709 6713
4902 7482
2886 3513
1104 5698
1658 3178
4946 5748
1730 1908
4575 5076
5998 7003
4258 6853
6534 7051
1511 6181
1427 3187
5852 6224
2631 5222
498 5544
2732 7272
2812 7386
2717 3926
273 4595
510 3819
841 5359
3347 6768
1267 2952
3173 4239
249 2382
447 3274
1184 6157
196 615
419 3369
326 7159
5162 7132
2840 7549
1586 6176
886 2431
1325 4065
2177 3821
99 1253
1716 4400
703 2794
5431 7180
374 1672
1071 7089
1089 4496
4543 5403
768 2652
899 4470
5699 5716
3722 5426
454 1693
2796 4334
573 1249
188 4202
5071 7090
2563 3149
1243 5502
4281 7390
4369 4491
4138 6991
405 991
1992 2643
1776 2249
689 2378
4849 5242
6229 7298
7345 7419
5291 6705
286 5344
4880 6134
4025 4469
5319 5940
3280 5992
3434 5102
3758 4930
1592 3551
2355 2805
3523 4400
3078 6292
384 1315
6248 7097
5756 5903
3377 4986
3690 7133
3687 7371
2896 6163
1109 3997
915 2035
7019 7366
9 5537
966 2270
212 3994
567 3006
4276 4398
148 1414
2507 2961
2930 5653
1140 6545
1686 5755
3296 5269
1065 4281
2195 6970
187 2913
2824 7162
3965 6403
4271 5933
3486 6824
907 4326
4255 6130
752 6939
601 4017
3144 3889
1098 1749
365 2344
3033 4541
5060 6247
3527 6090
2771 5668
2331 2915
2002 4285
316 5926
629 3463
7000 7110
815 5603
2114 6125
799 2720
1886 2331
3486 4006
3496 3523
4118 6185
599 5387
5349 6696
2007 3290
5219 6793
1688 6896
2059 7286
1861 3482
4088 6832
3218 5443
386 1121
2297 3397
160 6867
6941 7364
3295 6935
2378 5121
341 1223
677 4655
4489 4782
1429 5792
4477 5266
3663 5911
3080 7348
23 2790
4690 5779
6296 7400
1984 2915
2916 7551
2633 4786
4915 6301
1156 6615
5345 6398
5483 6839
368 1573
4472 5298
1080 2201
3939 7311
810 4219
4192 6262
2460 5891
1662 3081
4792 6208
1793 7564
68 7211
298 1468
1833 6133
2365 2657
2676 6230
1714 5541
3126 4793
3249 5371
2825 4463
1986 2556
2310 2378
6217 7003
2246 5326
7035 7432
184 5735
824 3499
412 6140
3959 4569
1677 4339
1239 3453
37 3583
682 2467
1043 1161
5744 7332
3198 5578
2855 3245
2405 3538
4220 5739
2101 2539
1377 3022
3135 6587
4116 7061
5164 7220
3302 5776
633 5506
4006 5669
2848 3240
1407 7490
14 7371
1251 4687
4632 6133
370 2301
4077 6513
100 4938
1728 2376
6396 7019
172 7490
2727 6124
3840 7451
1830 2142
4415 4960
4779 6108
3400 5515
1574 3718
350 2478
1467 6784
324 3902
3501 4833
28 6545
2837 5485
5181 6884
5234 6827
2692 6843
1284 2583
793 1093
1117 3736
291 3039
4870 6595
723 3722
6608 6966
2564 6645
4928 6036
1906 6773
2949 4609
5609 6709
2197 4799
2801 6832
2699 4366
286 7162
1060 4837
2174 4986
3673 5140
4008 4268
1397 2674
70 6534
818 2954
4671 7040
2967 5396
4328 4497
2310 2442
1849 4999
5359 6486
7351 7639
2553 6648
520 1272
1926 4516
5625 7378
4825 6548
3860 6818
98 2506
205 5071
795 2792
3669 7007
895 5633
2484 5594
1898 5915
2829 3828
3896 4513
3963 6510
2478 4703
1798 5190
234 7565
2500 4794
4583 7219
480 4666
453 3277
771 4849
7556 7562
1815 2498
2774 6997
194 6722
1923 5373
2864 4325
466 687
274 3456
3979 4260
2055 3703
2162 7048
2122 2406
785 2764
3390 6460
2571 4429
3914 6152
1412 1543
5351 5608
152 6583
5432 6645
972 1248
2645 4841
2863 6204
4833 5830
2304 6373
3569 6495
765 941
1041 4102
1201 6436
2281 6458
6750 7146
264 2176
1846 2226
496 4551
509 3884
2845 4525
900 3499
436 6238
1487 4778
3704 4121
3825 6738
5364 5727
1536 4490
1080 3964
4590 5784
1956 5783
3601 4642
5400 6553
528 2806
1791 1800
1752 5637
4430 7390
1682 4759
726 7222
478 4181
3053 4422
3458 3477
4610 5919
2209 5775
4739 5378
4379 4545
4210 7429
2630 4506
1261 5953
3685 7457
240 5065
410 1219
747 6376
1466 7259
1068 4469
6648 7237
2300 3262
882 5625
1122 5576
1661 5790
2063 6941
4533 5516
1291 2684
6013 7223
4878 6565
1114 5094
612 3984
616 4030
1549 5373
2083 4935
1828 2211
3517 6149
2387 5931
275 549
4976 6965
622 2371
2724 3027
3051 4629
3131 7179
4945 7510
4087 5893
4261 5734
1275 3971
23 352
183 2743
1160 2524
1524 6331
604 5163
2532 4067
300 4540
2480 4751
393 6045
4444 7125
3004 6619
7504 7640
917 2089
5898 6698
1406 3835
1080 1945
1867 3167
1865 5234
2309 3827
4321 6934
1798 3407
4253 4976
5149 7006
674 961
3559 5652
0 3594
51 1691
108 5729
3578 3734
1212 6956
1756 5417
5772 7558
1097 5950
4078 6300
652 3053
3546 3552
1705 7337
817 5480
1613 4296
2850 6484
1064 6372
288 5370
545 6555
2510 4934
3551 7276
2737 6572
1239 5859
3439 3571
2786 4753
470 4347
5677 5817
272 3902
3272 4068
6509 6775
2133 3959
3188 3531
3110 7256
1054 6896
1732 7025
1690 3506
4182 5801
2724 5905
11 5476
2742 4756
1870 6877
872 5362
1535 7467
2021 7432
4513 7519
2443 7323
1614 6594
5739 6850
803 5234
6128 6370
1938 3750
5591 6666
975 5038
4569 5253
715 2022
6400 7143
4440 6226
3454 3640
1059 7573
4566 7510
273 2238
3043 6777
3500 4082
5598 7134
2924 4069
4654 6841
6059 6612
2290 4509
70 6938
3204 6451
3821 6503
4038 4336
2212 7041
1052 2550
1279 1547
220 861
647 5085
3956 5846
2450 5412
6101 7076
5003 5072
500 3955
1608 4192
2222 3690
2704 3612
5336 6132
6555 7262
393 956
3191 4845
1764 6088
439 7003
2000 4194
4240 4812
4623 4696
4320 6585
3894 4868
4758 6434
6749 6855
3463 5477
81 3103
702 5943
3179 5748
544 3468
2890 5780
739 1353
2703 7560
2172 6110
1066 1408
4540 7187
5670 7218
1339 1737
1213 4367
3435 4904
3647 7434
5001 5673
7555 7612
1061 6456
988 3564
4825 5921
483 2670
520 1069
357 4194
2207 4283
2350 6554
2314 4432
221 5833
675 5763
3722 6923
43 5010
1099 3959
2025 7357
3571 4327
3390 3726
3534 5184
5956 6641
2184 4343
5680 6889
5683 7301
968 6920
3647 5230
298 3431
1750 5959
4781 5311
5849 6979
706 2390
282 1570
543 4416
853 6648
3029 6039
2380 3274
1472 5314
266 1008
4494 5491
722 3630
159 5201
2888 3252
3385 6354
2494 3224
814 5684
644 7476
1120 5628
715 6745
1680 2085
612 3645
5645 6372
869 2768
2570 7352
245 5005
2558 3681
3018 7221
398 7273
33 5392
391 738
613 2459
980 5921
4906 5891
6138 7123
95 7552
5731 7638
174 2187
2170 5471
2360 5683
3319 6930
4513 6500
5963 6041
2270 3045
1086 3347
4816 7428
1688 4211
2894 5473
4286 7134
475 3424
1243 1970
6353 6373
6079 7103
936 2587
6861 7371
266 4994
1785 5353
3456 5332
6647 7589
1381 6194
127 1356
5674 6492
2726 4219
4222 6198
2933 3005
2218 3314
3943 6325
3627 5046
2879 6668
4354 7199
3861 5045
4106 5467
2017 4437
1025 1796
5280 6142
6101 7159
487 6027
165 1112
2393 6746
1246 2100
1475 5572
733 2542
2079 3864
5501 5920
117 2561
2945 6638
2012 3090
3903 7047
5219 6525
2214 4765
5411 7143
2654 6013
954 2662
735 7088
622 3266
2035 7353
4340 5819
1837 6430
2642 6652
2285 6027
1754 7437
132 1853
4606 5810
3162 6882
4632 6783
3062 3382
3221 7167
1716 3578
1275 6551
3973 6812
2122 2564
5480 6331
1145 7281
1758 6797
3533 4860
107 7478
1727 5887
1479 6256
3152 5665
829 6678
5062 6957
820 3228
1782 2029
2646 6929
332 5491
549 5985
2821 6803
2194 6437
2642 2943
3734 6230
3252 4275
595 5747
3647 7520
1445 3514
6265 7151
1585 1851
24 4627
2998 7498
3572 5095
4384 7109
391 3856
2626 4826
1617 2759
3795 6675
229 4759
939 2881
2479 5127
2282 2495
103 5280
753 4055
4229 4372
1645 2484
2836 7075
1662 6167
3119 5077
241 7091
3944 6106
3046 4655
2712 7636
2902 6185
3274 5541
4540 7343
5417 5816
1486 6893
1864 6638
3283 4767
1351 4769
2557 7019
2484 5587
1528 6583
1070 2633
4451 6443
3898 3923
1263 4635
3396 3728
2412 5621
5123 5214
6517 6945
4528 4844
730 6980
5143 5895
2312 5213
2100 3171
6241 7405
3945 4263
48 1556
3901 6941
840 7096
5997 6522
645 1816
5165 7457
3097 3541
147 5040
299 683
4072 5651
1694 7416
2705 6918
3427 5957
1827 5062
1042 7627
1076 3539
2567 3873
2500 5274
4242 5550
5561 6695
5758 6684
507 7336
4628 7003
2661 4008
238 6455
4305 5040
286 7529
5001 5651
266 5436
3911 5192
550 6437
1343 2215
1227 3873
3552 6489
144 797
3801 6084
783 5821
2129 6102
1279 1921
4520 6733
3615 4476
4777 6916
4912 4998
703 3532
4458 5870
2578 4377
1228 4118
2983 4977
2004 2460
2550 2774
755 5756
300 1834
3519 4066
4916 6432
1126 6024
416 2721
1729 2972
2781 2794
2664 2941
2612 4825
2930 4959
4973 5973
2342 7218
1371 2855
2441 3221
1499 5468
1275 3606
2516 7530
5064 5501
3131 5383
4344 4513
779 4488
4483 7137
1872 4860
940 1991
6405 7440
1363 1482
1521 2571
1709 2600
2551 2785
6143 6441
2376 2664
2272 6517
3551 7451
656 7160
3748 5241
2563 5321
4809 6287
5169 6194
1966 2723
4324 5147
2275 5923
2130 5727
4345 6690
2588 6958
104 2795
1090 4343
5662 7472
3126 3242
4951 5724
493 6577
4154 5035
3878 4000
2092 5603
3424 4578
4517 6058
6721 6737
1598 6522
1196 5628
380 6429
3111 6456
1642 3771
1474 2119
3326 7112
2598 7400
2523 6954
6754 6772
3092 6407
1668 4954
406 3397
6030 7184
5039 7513
2432 6096
4359 7605
1585 5666
3121 6406
2795 4766
4676 4772
1541 4211
807 2416
1301 6387
2852 3530
1945 6031
1630 7391
4461 4597
3390 6317
3504 4423
549 2324
897 4425
4919 7623
2361 3286
1840 7332
3033 3954
1171 3393
386 6270
5294 6531
4665 6266
1298 5889
1160 5786
4218 4978
1924 2922
3871 5318
3202 7202
3418 4638
1795 5547
396 697
2603 6331
6246 7494
567 1591
499 5963
2225 2344
2028 7520
1596 1964
649 3984
4828 5085
651 6296
3469 4182
2285 5109
1659 2012
351 503
356 1117
3988 6321
515 3728
3715 5975
751 4210
169 4300
620 2074
2975 4228
4870 7168
1910 6814
5489 5936
375 6325
4744 7530
3545 4762
4545 5828
3407 5188
793 2597
108 1441
485 7315
3615 6784
2800 5131
5087 6993
1256 3216
6582 6592
2314 4263
2709 6267
3022 5936
4878 5331
1602 7238
235 239
2414 2464
868 3705
543 864
6026 6811
3767 7308
2245 6917
7508 7579
461 2525
160 4803
2046 4251
2520 5537
2861 6987
3147 5879
5336 6815
1497 4598
1583 2861
4360 6853
5950 7264
1766 4424
2871 5357
5182 5797
781 5581
3768 6815
3860 6012
2469 5980
884 4603
3643 5407
1069 2900
2613 4397
3363 3582
1248 1810
3656 4112
1561 6432
5646 5775
7345 7571
132 2418
997 6692
594 2345
1653 6689
1736 4367
875 6889
2626 4882
243 5100
4438 5710
181 253
3426 7417
3985 4420
890 3125
1867 5987
2383 7133
3318 6669
4480 6342
3426 4873
4296 4685
1140 4427
3606 6167
827 3480
2044 7638
2809 3537
2412 2643
518 2888
3542 6558
738 6422
2156 7376
183 1604
1880 6464
52 7028
1655 6076
1042 7588
1214 3124
1661 2219
5458 6255
1533 5409
1399 3338
2750 5028
1127 2667
1091 2876
6319 6482
3822 6369
1493 2118
4586 6668
394 1719
70 71
3707 5414
206 3529
2347 7580
1090 3239
5373 5410
395 7324
40 5320
1199 2942
2308 7262
3241 4980
1169 4372
5434 7541
3911 6391
787 4858
478 3819
1184 6581
4645 7169
1388 1399
3934 4743
4215 4468
4600 5425
1869 6738
3633 3637
3965 5397
4122 6060
3358 7599
2331 4043
6892 7128
479 6011
3019 5910
736 3216
132 2159
4436 5212
784 3645
417 3618
4622 5828
521 4496
3538 7216
2684 4414
4766 5602
819 2897
1340 4214
3029 4384
937 3520
5500 6509
998 6294
1451 3733
246 6434
2813 4081
5426 5903
2561 5243
2553 6149
1121 4553
836 4448
1662 7040
1204 2333
3581 6667
5774 6369
3442 6440
975 6562
6940 7148
2348 5665
3384 5284
6013 7490
1940 4788
1111 5946
1870 4226
862 5210
33 71
4388 5451
1997 7149
169 7564
5314 6064
4576 7341
1063 6057
5614 6747
1414 6385
5343 7465
2631 5690
958 1903
1478 5020
3825 3828
4378 6611
1035 3492
2008 2047
1331 2311
4550 5799
1560 4951
3521 6531
2990 5892
855 1050
1473 3998
4032 4668
645 1515
924 7606
251 2655
814 6732
6573 7480
3612 6132
6492 7000
2243 4049
523 1323
455 1280
318 3924
999 5076
1526 2704
498 4734
3838 6689
3087 4064
374 5405
2195 4329
252 2182
744 4584
1063 5539
3865 6015
5176 6266
777 4500
5116 6327
1596 7301
1009 5096
3357 5291
109 3676
3587 4420
161 1569
4998 5444
5637 6963
347 3235
6056 6460
4020 7637
1875 7246
1360 3798
2130 2857
768 6568
776 3469
1294 2741
4470 7595
4885 4975
3341 4699
1831 2856
2471 4994
1070 5547
909 3584
4056 4615
5951 6211
1710 2585
2721 5983
4396 6266
1498 4444
3483 7423
5396 5964
3133 7158
5662 5729
1068 7596
2423 6655
998 1569
2441 4515
730 2874
925 7479
2436 2945
1279 4890
1547 2022
6301 7060
1030 3805
1428 5188
1550 5083
4971 6257
2538 4727
254 842
4863 5413
5198 6806
2300 3163
559 6060
139 973
1969 5842
5505 6152
3188 4887
3703 6576
5334 6071
3012 3476
1645 5597
3471 4279
437 2820
4035 5630
1613 4429
448 7509
1272 6309
4103 4611
584 4390
2811 6164
3776 6862
6129 7211
4478 4657
848 5815
2349 6907
5403 6080
4367 6576
6919 7303
4168 4703
4997 5623
2347 7110
281 3947
1294 2832
4051 7387
5192 5483
2664 4834
94 5422
855 7149
2789 5378
3755 6019
6145 7136
6012 7218
1314 4479
5308 5761
3213 5032
1252 5421
2164 4393
3708 4700
5121 5968
4867 6970
1287 1677
5583 5960
2820 4677
1754 5849
110 1070
3236 6985
2656 3211
3160 7586
3847 4077
1916 3090
4311 6934
1980 7620
3947 6441
3706 6983
3268 4389
3574 7107
3660 6454
1546 6495
458 1284
4867 6800
2755 2957
825 3921
1250 3461
522 4570
794 6491
7249 7421
6992 7588
4234 4826
2316 3538
886 3189
12 1537
4057 6350
2115 4698
2663 7408
3639 5778
382 2921
1071 3531
1647 3369
2209 3461
3145 3916
3964 5178
582 2510
2580 6120
4597 5133
223 299
4219 4242
2868 4657
1483 7534
4520 7024
2299 6919
4171 5420
1899 3450
600 3522
4238 7521
532 3055
1970 2841
959 2249
6431 6472
960 3892
1098 2933
2867 6869
2698 7313
4493 6397
1253 2055
1246 4300
2308 2714
4888 4957
3622 4105
2258 4542
3051 5605
6091 7171
685 6469
2392 3374
3971 5565
2 5573
1376 5864
307 4038
4737 4961
177 2814
2712 7051
2152 6888
567 1911
1695 2542
5064 6612
447 2781
420 1532
6189 6814
1466 5163
638 3197
1888 6531
3633 7421
47 4653
3692 7560
4649 5036
951 6211
131 202
2249 6948
4278 6011
734 1970
1658 5988
4647 6560
1024 5414
386 2952
4383 5435
243 1907
6346 6817
436 6315
7015 7046
2947 7144
1074 1998
123 810
3443 4106
4695 5520
67 1658
1421 2851
646 6415
1167 6998
3079 5485
5140 5414
3399 6743
2882 6354
3496 3580
174 256
4999 5044
1481 2362
6912 7552
175 1236
3195 5877
4066 6854
477 6998
3056 4578
756 2852
3419 6049
3465 5563
2515 7202
3982 7264
2824 5598
2390 4443
1343 5015
809 941
2624 3563
3322 4838
1800 7375
452 6518
3123 7594
5178 5843
4381 6721
2712 2781
6152 6339
602 6478
823 6660
2261 6338
2122 2378
348 1792
2500 3462
5720 7019
1473 3858
1269 4060
2546 5396
5033 5554
555 2260
2485 4484
1074 6273
95 6492
7 531
1441 2037
288 6982
990 1597
2386 3806
72 6262
3938 5721
3947 6370
1492 3726
3191 4802
3239 4512
1754 7595
230 5405
2180 3087
1893 2727
1062 4167
4234 7087
1241 3218
3680 6872
1846 4691
2902 5891
17 86
1215 5300
4637 5240
475 2577
2390 3751
143 1988
978 5986
2082 7622
4987 6943
1043 5561
1789 5233
5768 6809
733 4822
2823 7495
76 3276
2208 5789
4243 5404
1233 5115
5348 6960
4464 6926
7321 7414
5692 7539
4367 7598
213 6021
4348 4957
6558 7605
2028 7467
711 6654
931 3440
1515 4272
968 6412
782 7067
5506 6936
5343 6972
3490 3823
5258 5453
1687 4122
1444 3237
515 6337
2657 5910
2774 5567
4707 5810
479 4471
5407 6715
6088 6309
2318 6567
5500 7491
5246 7385
2357 4889
5870 7036
3655 6295
1274 1635
6150 6878
2349 6008
79 3977
85 5198
4059 5028
1598 3819
4020 7285
4439 6523
3185 3576
1320 4494
1958 5219
2030 6085
1470 2579
4097 7149
240 1662
3795 4555
4761 6411
916 6605
1404 2409
454 2709
3073 5170
2055 6467
4571 5457
2658 7147
5297 6618
5231 6441
1846 5630
1989 7595
3658 6073
954 1774
4262 7158
814 1855
3815 7590
4667 5805
2559 4892
2857 7086
3559 4424
3687 4721
4323 5549
4270 5559
4181 4238
425 1092
4204 6323
273 972
3653 3878
4510 6936
6240 6978
2475 4467
5397 5719
315 378
451 2272
2711 4168
4559 4857
1711 5442
788 5784
1265 4927
2533 2905
1291 6933
5205 6198
3659 6623
2669 6934
4661 7031
1883 3662
4510 7287
278 4147
2381 5603
2995 5767
1951 3885
801 5053
4485 5781
3009 5551
1170 1250
2321 5457
4652 5716
1447 2418
565 1245
627 1044
1385 1698
2313 2954
1080 1970
4179 5510
2611 5088
2596 7450
6554 6778
12 5495
265 3811
2201 4505
2772 2914
5606 6712
1871 2029
1836 3408
2460 4178
4842 6247
2473 5327
139 6268
4819 5814
161 5442
1090 7517
2159 6118
368 1443
689 6521
15 2512
293 5610
2242 5331
5102 6613
1328 1954
3668 5869
1668 4892
6502 6946
1698 2776
411 5169
2647 5073
3278 7287
335 1267
3185 6553
3487 6714
4429 6287
1959 5746
351 4763
4505 6546
619 2267
4727 6565
5591 5915
1143 6166
5445 6537
1823 7480
2400 3945
562 1598
3747 5438
727 3434
5828 6156
6407 6638
1159 2634
3884 4017
5428 7015
4038 7269
1511 2600
3402 5896
1052 6258
4003 7341
3099 6012
27 375
66 146
1854 6892
2984 5046
1821 2574
3882 4901
1287 4453
4039 7392
5669 7246
2677 6694
2284 4890
1844 6422
6537 7281
4595 5849
5809 6649
1209 5760
4229 7640
5362 6664
1625 1848
4441 5996
5627 6227
4013 4681
1246 7082
1206 1336
3965 6181
2628 3559
1584 4805
2382 5281
867 2199
449 1780
989 6202
2182 5217
1583 2849
1706 3492
899 2824
2383 3939
4070 4121
5825 6187
2371 7209
3651 3885
730 5468
2103 3091
5934 6307
1687 3253
5572 6712
837 1631
2726 4772
2181 6565
3259 7261
3050 6373
5101 6637
2041 6697
180 2627
1902 7018
664 1148
194 3122
1320 5306
5143 5310
1301 6379
212 4191
1394 3552
6194 6412
3338 4484
497 3021
1596 2932
1717 3983
1434 3011
3699 5532
5381 5464
1699 2325
2212 7257
919 1918
1175 4093
2472 6096
1561 1976
89 1160
3204 7411
4474 4920
3933 4500
2697 3327
2561 6123
5213 6947
5002 6624
2965 5497
4942 5935
975 2443
4039 6668
5000 6654
3575 5076
3423 6316
1449 5815
3986 5008
595 828
876 3051
4071 6113
3874 5468
2115 2411
4461 5968
2678 5650
528 6408
2706 5908
840 4048
3328 7184
3585 6332
5299 5692
1022 3645
6490 6716
129 4626
2726 6990
3085 5661
6202 7099
117 2575
1397 6226
2112 7282
145 554
1634 3043
529 5342
6894 7377
1711 5727
136 5435
3122 4795
3311 6918
481 4811
3884 4755
4051 4638
1080 4244
447 7374
655 2994
43 3917
981 6833
1385 1613
554 1418
6616 6863
3690 4080
966 3443
1608 7149
505 4723
927 4853
4159 6527
6116 7141
4381 4861
389 6472
920 6445
3923 5415
325 5906
1744 2543
788 5465
733 4362
920 2069
191 6734
4896 6331
1947 4921
819 6543
3242 4681
1144 6118
193 4588
2309 4428
3707 6844
4845 6901
4193 7244
636 818
1415 2086
2851 3648
450 4126
3934 6157
611 6064
4543 6081
5090 6983
696 1026
4434 5828
4846 7032
356 3239
542 4260
4318 5410
4615 5369
1033 2551
2695 2748
1357 1609
1466 3031
1842 6626
4134 7074
1212 2851
1484 7617
2396 7341
134 3273
3397 5260
3195 5341
3056 5306
1294 2127
5280 5772
2450 3413
5649 6535
152 5753
5887 7132
1330 3356
1540 7510
539 3408
11 1735
2175 2281
1659 2165
4281 6976
2940 6710
1134 5733
485 5641
1742 6255
3507 5793
3208 7427
628 3552
2530 6273
1324 3365
2152 4046
4633 6497
2828 7429
4713 5555
2983 5435
3237 7389
1506 6215
280 1615
4257 6247
2654 6761
434 1782
5109 7575
504 840
1661 5018
3435 5835
821 4234
1411 5728
1476 2305
1093 3358
1364 3590
5583 6107
368 3226
687 6454
705 6161
162 1824
4279 4295
4496 6622
2336 6110
4039 4330
5051 6212
97 4954
4333 4368
1200 2893
6339 7317
3353 6970
2343 6593
2103 5806
369 3807
1401 5453
1105 1264
3451 6591
5772 6558
1112 4625
1399 4113
1430 2782
4614 5577
4083 5152
2114 6974
1588 5854
5654 6973
189 3652
104 942
947 6210
225 3783
247 446
2873 3840
3983 6867
6158 7445
1440 2532
3919 4746
5527 5776
1030 1772
1382 1577
3368 3832
4059 6059
1890 2527
1456 4749
498 2179
4158 6544
2791 4193
2093 3513
3971 6527
4056 5635
1550 4353
1623 6685
4950 5208
2644 4614
4554 4998
4249 5125
1572 2958
2909 4029
5721 7156
3738 7142
1658 3106
1304 5498
23 3668
5403 7195
2331 5968
355 5813
2699 7110
6668 7423
491 1289
3444 4881
2843 3278
1397 5226
1312 1658
1751 1854
4354 7252
1235 5918
1678 5037
685 1430
4417 4842
2883 4696
6322 6757
4629 5213
3197 6831
4984 6067
3684 6392
3119 5974
3356 5761
882 6633
2107 3686
3289 4400
2095 6125
1162 3330
495 4791
1562 4215
6031 6654
2019 2263
2441 4834
3009 4398
1202 3261
1601 4363
1005 6922
5022 7483
1920 2465
3464 6019
4480 6133
2849 3945
5799 6710
412 2697
3357 6083
6562 6888
1176 1563
7346 7382
2973 3193
3548 3929
2541 6723
4452 4645
2002 3647
3463 4751
1959 3755
5583 7268
2750 4048
4243 7056
1288 5198
74 5134
278 2514
3325 6280
4250 4782
39 4934
533 4875
2718 6656
3883 7347
3541 6290
105 2811
1128 2346
1962 6599
4330 4598
1945 7335
5819 7435
668 2309
875 1111
2318 4295
2746 5495
1275 6192
826 4632
711 4377
540 5333
1285 4175
5088 6600
350 2638
1974 2581
5475 5725
1883 4407
2498 3284
803 1668
1047 1335
1891 2543
536 7086
304 4469
5644 6233
23 4224
2519 2960
3324 5050
1993 6788
4027 6726
828 7431
3587 6846
1886 5489
3735 6294
5187 6592
6534 6712
2205 7090
3774 7297
1527 2661
1276 4670
3310 5417
2442 4976
6138 7291
1313 7082
135 414
5512 6418
1698 5068
3204 4034
6148 7049
1134 2660
4257 4301
987 3121
5467 6966
611 1746
292 3456
2666 4312
1839 4185
3587 5962
4913 5361
3795 4863
3136 5289
2620 6331
6211 7419
888 7217
1287 2285
1736 7567
2381 4251
5108 5800
3030 4113
2995 3191
239 6038
1481 5583
2011 3789
4962 6725
322 7426
3578 6618
1290 2713
3278 3484
1211 1318
965 3830
1969 3049
3056 6507
2650 7435
941 3432
5014 6514
4287 6529
2797 6027
3160 3904
775 1532
2134 4148
3751 7377
268 6694
4062 4390
5971 6287
3940 5703
4490 5886
2651 3005
5131 7376
3697 6716
1270 1690
82 2271
1222 5463
5629 6432
4667 5006
1557 3893
304 3091
1122 6651
5785 6667
3328 6326
3486 3974
1423 6230
7024 7163
2203 4777
5077 6693
3202 5583
550 1750
5050 5468
593 4128
1371 6753
2349 4740
131 2757
5069 7172
95 5358
5545 6683
6127 6625
3718 6705
4667 4908
1585 5127
5009 6929
3593 7427
179 4746
6439 6586
2193 5208
7 2470
5162 7223
3308 7184
876 5408
2785 4376
3662 5861
1937 2831
2442 4058
518 6905
1697 3570
2749 6755
2533 3561
321 3430
3081 3407
2843 2931
3685 6099
1512 3884
2853 4603
331 5822
1213 3435
3648 7195
5365 6581
256 3999
2073 3528
4468 4994
5060 7341
360 1779
3533 6711
1020 2376
2054 6609
561 1110
1431 7085
824 2434
2466 5452
1864 3768
2932 3827
163 4123
495 4274
6422 6896
4311 6158
1387 4377
6144 7067
4184 5907
2420 7153
4151 6796
741 6020
968 4775
577 6137
3363 7037
5755 7450
164 4582
711 7494
2058 5507
822 3943
296 4811
1059 4548
4245 5973
457 496
2220 3113
1428 4363
2137 6727
4287 6880
3237 6313
962 3045
3450 6185
2682 5684
6745 7079
2822 6956
4131 5865
3312 3481
824 5587
501 3391
2035 5056
1064 5762
1458 2492
1889 4535
148 856
2801 6783
1438 6978
2776 4003
3328 4433
4019 6439
1945 5782
2701 3356
1067 6134
724 2446
4321 6814
2272 3785
2792 4637
3090 4611
1548 7143
2455 7648
541 3750
3781 4514
3183 3328
1373 5794
2626 7071
231 1625
1692 4848
1750 2789
1441 2992
1730 3598
2747 4821
380 2209
3065 4760
3512 6809
4527 5579
5849 7231
5644 6973
983 2433
4436 6546
3062 5534
4004 6291
81 6023
1608 3980
2735 5418
1831 2319
4212 4350
3244 4565
835 7251
1361 2783
2717 3676
3653 3815
3449 6560
1230 2011
726 2838
383 1559
3974 5755
1401 3458
1201 3598
2488 7277
317 4939
5976 7072
670 4094
925 6856
3760 7642
834 2764
1302 5639
963 1892
4569 5952
4018 6157
1849 6529
2402 6434
1817 5214
1002 6709
3890 5630
1346 7304
1870 4410
2398 3537
6081 7076
5636 7230
3758 4607
3491 7613
2025 7347
2151 3612
4344 6160
5270 6848
3933 6946
642 2017
1808 6490
1861 6051
760 1791
443 5682
1115 2691
129 4972
810 3083
1224 1811
1437 2226
125 5992
1809 7506
4274 5478
3465 7017
5497 7609
1986 6722
2029 6688
5312 5604
2289 5481
3156 5702
2587 3224
5901 7204
2001 6036
2095 5453
359 6529
555 4418
1163 6317
1738 6257
1852 2932
4030 5142
2471 7202
2891 4717
1697 5704
873 2654
3192 5810
3271 3669
558 4817
5393 6039
1332 6727
5353 7369
654 5198
1278 5342
3958 5890
1929 5136
2061 3921
2051 6128
5789 7226
1126 7306
627 5723
5095 7425
138 4362
1434 4398
270 3869
839 5796
1876 5340
3034 6502
1670 6024
1783 1793
3057 6466
527 662
6026 7613
1611 3669
1242 5454
1980 7491
535 4017
3007 5477
3388 6775
580 612
2782 7042
1349 5843
709 944
3961 3983
425 6646
6610 6970
4413 6074
2147 3455
2935 5056
1660 4839
2211 7391
3313 5311
1501 1697
1154 3151
487 4301
2807 6597
2357 7538
344 4645
1478 2158
2211 5852
156 743
1904 3999
1501 2193
5836 6773
1448 2161
358 6104
2978 7099
2566 3186
1013 6805
344 5064
3330 7150
4934 6297
241 546
1334 5953
1268 5981
1878 7269
1901 3407
5866 7579
144 456
2391 3546
171 5430
3699 5815
1690 3025
120 2833
3605 6300
1833 5438
825 5905
540 5494
7174 7565
1094 7238
1652 4715
1706 5776
6733 7459
942 2814
3422 7019
2129 2988
2314 2568
4222 5275
4709 7229
5124 6478
962 4561
199 491
620 2872
5566 6776
5279 7020
4649 7153
4931 5089
6076 6111
1496 2369
708 5427
1474 4882
4579 7418
6105 7312
1771 2689
4593 5477
3217 6597
4643 7492
629 3743
4431 7007
1030 6669
3273 6680
3578 4105
5485 7343
630 2513
430 492
1659 3242
331 4622
6142 6471
6948 7592
801 1738
2122 7419
1625 4996
2308 2874
1822 5582
2059 3830
868 3599
1927 4104
6693 7428
2388 2700
173 4069
4880 7495
6553 7567
903 4055
4099 5156
1284 6693
2525 4905
631 2275
562 4169
4226 5451
3711 4823
2135 2840
3783 4474
2993 5540
6328 7472
5446 5846
2297 6392
880 2691
94 5210
1816 3712
5917 6547
6458 7114
6542 7616
1714 6215
375 3558
352 7196
2064 4245
1130 2901
2954 5213
1415 3157
3708 3833
550 2108
1728 2684
2151 5656
70 1990
3558 6341
4710 6406
922 3804
1509 3019
378 2102
5676 6345
1622 4903
1612 1955
57 5327
5891 6825
4284 7641
3473 6250
4647 5650
2835 5951
3879 6777
249 6436
705 2874
522 3105
5378 7060
3599 6245
226 518
4838 7594
4032 4155
1296 5691
4479 6834
221 3833
1282 4177
1168 4085
5071 6985
4693 7188
1827 4458
1369 1555
4805 6340
1634 5695
5328 7531
1984 6284
4454 6432
21 2032
97 396
2640 4232
932 6977
2589 3499
2024 4081
105 340
3214 6459
1060 5284
952 4798
2059 5960
4373 5441
3154 4839
3189 4919
6814 7055
1158 3782
5705 7466
4524 4711
4134 5185
3494 6244
5473 7499
4162 6687
1551 5218
648 4889
6040 7286
1858 7282
2876 3899
3952 6001
1868 2171
2238 7519
3317 6693
1904 6752
256 4150
3386 7115
3841 4854
2602 3136
1994 7575
2600 2881
2579 4512
3802 4275
2939 7476
540 5596
1378 5740
106 1720
2756 3378
6123 6265
282 4876
1310 2865
2340 2670
2624 4351
1388 7029
573 6657
158 6438
1029 3850
3828 5011
322 3364
2121 3824
5089 6456
4774 6033
4687 6789
1013 5454
4108 7471
21 2384
3231 6274
1194 1704
455 5162
3277 4504
3016 7485
2503 7629
3167 4440
2606 7108
1765 7277
1545 5901
4451 6371
376 7081
3590 4483
19 5616
921 6703
5716 5829
3789 3829
5275 5390
4185 6350
1876 5940
3202 5572
957 6277
952 3238
5007 5474
1101 7203
1929 3873
1185 5064
1510 2679
727 5630
3177 4124
172 1099
4239 6997
284 5445
1878 3790
3220 6001
7498 7591
2316 5306
3322 7071
2576 2755
72 2556
1463 5098
1805 2825
779 3082
2453 7585
4803 6882
983 4576
6685 6850
824 1160
1092 1860
2007 3651
6012 7055
1946 4948
5967 6490
2978 4819
295 3093
4980 5920
1831 4182
1045 5364
6765 7084
2012 3243
1389 7175
1308 7507
362 6227
1839 7570
3382 4404
906 6241
3820 5005
3494 5896
111 2704
633 5716
3291 5329
3447 4515
159 4478
3690 4150
3025 5660
4015 5712
3644 7354
2890 6295
3583 5933
5219 5406
1976 7508
1578 2122
1555 1960
1086 1609
2129 5964
1094 2516
1605 3893
340 6600
1113 4604
566 5102
5906 7106
3397 3816
3755 6273
4363 5041
4042 5638
1342 1494
271 5721
1708 2162
174 6666
848 5810
1802 2531
3893 3929
5535 6264
5346 7444
331 3133
1985 5877
2245 5078
3134 5480
4546 6258
615 4250
2962 7294
1068 2981
376 4279
1001 2778
4315 6348
1097 1804
2273 2815
3365 5051
5025 5729
730 7068
2504 4393
5905 6490
4161 5427
38 5184
5132 7425
780 6061
4951 5279
3053 6606
3180 7477
2292 5691
1262 6779
2960 3925
2783 3261
5034 7003
249 7028
2965 5423
3451 4222
1556 5033
2236 7462
2119 2140
514 7540
1698 2881
2254 2470
201 2941
31 3173
3926 5051
6161 7628
3666 6534
4578 6517
713 1725
2788 3450
3886 6752
2224 6531
2973 7428
3335 3382
857 1015
887 4350
334 5883
940 3261
4059 4872
2187 7483
4315 5633
1134 3922
837 1325
5080 6183
619 2231
1413 5491
1771 6555
4995 5467
2962 6882
277 780
6375 7322
125 4369
5341 6425
4330 7014
3858 6120
2765 2939
141 774
5923 6517
2206 4224
109 1541
3899 6883
705 7019
312 5987
5403 7591
3190 6635
443 2308
2034 2482
1491 2853
4213 7487
2061 7095
620 5542
3030 7354
6501 7032
6953 7487
2688 4172
1454 4890
3039 6825
2859 5308
2384 4475
1723 5463
2058 6517
4958 7050
3157 7002
3744 6057
81 6776
7003 7347
2478 6754
924 6908
2085 4804
4962 5270
5653 7091
665 6333
2672 5559
6562 7639
3382 3906
213 2121
697 5653
3825 7193
1542 4781
1608 1806
3195 5851
2839 5341
1760 4564
1820 6933
2903 7495
3813 4154
2386 3495
225 7568
738 7129
2392 6649
6504 7201
3250 5416
1345 2437
4431 4586
3758 5088
572 6338
265 6266
3101 3766
2241 5581
1204 1496
5900 6667
1431 5893
5848 6556
4894 6395
664 6819
5163 6393
1142 6766
682 6778
1582 7245
97 7529
4431 5941
955 4408
241 6384
3596 5835
3424 6400
2334 5459
3681 6491
5411 6151
231 5999
2811 4285
4475 6517
2 3647
3395 7287
152 6751
3941 7236
1551 4297
409 6995
1269 3618
483 6422
3752 6658
4214 5063
5502 7152
2578 4983
2896 6544
3528 4178
4220 4797
999 6901
5657 6159
4438 6983
3221 6354
2400 6530
6388 6594
5142 7453
4430 6858
966 2726
1222 2100
3887 4582
894 6887
592 6239
3665 6135
637 7160
3616 4641
589 1252
2038 4134
2979 6083
667 3352
91 4421
4710 4931
223 506
3540 4012
3369 5122
329 1373
6977 7556
218 2816
1841 6072
257 1827
5739 6341
3073 3308
2122 7012
1924 4500
2755 2810
4636 5704
4911 6197
1856 6355
2494 5112
2255 3316
1952 6077
2498 3878
425 4362
3630 4780
19 5668
701 2446
4046 5313
4328 4701
994 2199
6498 7171
2035 4596
776 1521
622 5435
3029 5268
2441 4977
4264 6665
6941 7332
1596 5829
265 3207
1380 7584
874 5639
346 3360
3119 3938
3844 4436
2764 7144
5568 7318
1969 2310
2387 6092
148 3425
808 2000
74 4865
3550 5909
1455 2896
2350 6975
541 4240
3846 3914
1588 2307
928 5509
3758 4487
679 3911
2236 6474
2542 5178
180 5233
1702 4800
1127 6032
589 7311
3204 5515
2510 5015
1325 2049
743 3279
3023 5101
5850 7303
4648 6887
2578 3561
927 2608
2775 5583
1812 6387
1264 2212
1633 3262
400 4216
733 3719
4298 6820
2111 2676
1605 4162
927 4586
3777 4240
4123 5828
1556 2564
413 6063
177 1754
5582 7003
2859 3296
3492 6464
4365 5992
2329 7026
1559 6073
3880 4148
3299 6153
4681 5761
4770 7048
3259 4292
3121 7041
4496 6987
3191 5186
3001 3294
814 3573
658 3735
1001 7018
6373 7289
1078 4667
1464 5475
4792 7625
439 3509
62 2689
159 6100
421 1620
690 4138
1737 4225
4051 6194
1359 3635
2598 4360
3740 5073
1135 6705
2508 6681
629 7250
1042 4236
6152 7590
5148 6732
5092 6426
1513 4919
6384 6682
5521 6222
805 3988
2689 6855
4735 7226
3811 5264
3928 4004
841 1116
1206 6423
4530 6488
4452 4960
1627 3480
6212 6233
3280 4518
2900 7254
284 6916
2719 6688
6790 7390
4661 5864
655 5250
3290 3475
391 4225
2276 4757
2057 2433
3833 7331
4867 6643
1182 5992
103 7432
4217 7131
1274 7640
2544 4350
795 854
949 1481
496 3025
1792 2516
6346 6888
1706 6892
1067 5927
5873 7461
1826 6956
3084 3202
4032 7131
7490 7562
1472 5045
7207 7243
1973 4936
1612 1691
6245 7187
3095 4543
3291 6240
2751 5524
317 3395
906 3110
454 2061
4831 7313
319 2461
1584 1886
1262 5203
199 6848
2417 3097
489 6369
3102 6250
3976 4283
6119 6524
7303 7449
2250 6062
1007 4238
2098 3912
1511 7296
4915 6666
4346 5159
1901 4442
2477 5185
344 2411
5836 7107
57 529
531 5357
1234 1478
937 3197
151 4002
213 4739
2647 3955
733 7082
3451 6879
6089 7500
2550 5242
3484 6635
2573 4289
309 1632
796 5791
3778 6461
68 5405
985 4255
1556 5497
1091 6331
6004 7279
5166 7281
3517 6255
1932 6439
4430 5335
2926 5152
3897 6590
1082 5093
2807 7234
2747 5300
5178 5816
2043 2135
1118 4217
2231 2395
4190 6558
5756 7201
1093 3213
66 124
3696 6033
2650 4006
2359 3968
1175 2977
1556 4832
839 7616
2841 7207
3988 4175
3531 5770
4603 6280
2916 3641
5340 6712
2353 4549
2930 3206
1733 3788
4174 6898
2029 5629
33 881
2167 6623
6969 6980
710 4298
24 4046
3444 6039
1417 7092
3264 5996
425 4530
255 3456
1967 4520
5576 5860
4253 5014
1234 4343
5990 6699
881 5668
1182 4679
1227 4424
2242 6611
935 5140
2489 3661
1568 7639
2421 3564
4069 4318
2869 3521
3947 6568
2070 5631
812 6786
5337 7583
2378 2912
7072 7406
1979 2704
2891 2998
2379 4932
2799 4250
4463 6713
3963 6937
271 3453
5790 6147
1405 1933
1040 6734
1039 6018
281 5104
3527 5941
2884 6207
3801 6098
5756 6054
5998 7077
270 4131
463 4455
6211 6982
979 1120
5537 6263
3997 6426
1344 1682
225 3877
494 1412
5471 7359
812 4054
507 3670
3901 6884
2387 7444
3180 7354
2350 2982
5975 6727
1506 5772
784 6634
7056 7297
5023 7354
888 5151
2654 4704
1931 6103
1521 6052
4298 4665
4687 7445
647 2988
243 1180
5228 6797
2241 5902
1241 6888
1818 2417
387 7242
1739 2734
1643 6181
182 2625
954 5932
5692 6971
1775 3446
1609 2356
4521 6722
950 1007
508 4937
3488 4202
5946 7212
4544 5376
3085 6611
1658 5181
915 1095
935 7361
2573 5509
866 5408
2342 3661
4968 5137
1857 2574
1453 5756
4345 6000
6007 7419
525 757
6174 7266
3887 6329
396 433
2689 6568
4278 4830
129 5793
3477 6488
2213 4414
3702 4677
380 2971
4972 7221
312 1359
846 6911
3343 4984
6456 6720
5790 6651
4655 6694
867 4058
4020 5833
1670 6031
2132 5122
191 2087
521 7520
406 1577
4596 7213
3408 6432
2967 4373
1728 3829
843 1020
2238 2786
1381 5982
5460 6593
741 5453
3356 4550
351 915
4890 7266
148 2880
4971 6803
1701 4618
1979 7576
3409 6111
610 6439
3540 6906
755 940
1691 4967
3606 3790
5172 5516
2855 7010
2624 6113
2228 5954
4048 6925
5783 6173
254 4261
1102 3634
1833 6990
73 1560
1478 3116
5541 6317
3200 6265
235 6811
216 2180
5039 7475
3603 7302
639 5423
3222 4022
3741 4799
4792 6410
3662 5839
3275 4043
2397 4823
3585 4207
1768 2474
365 7167
290 3809
3057 4774
6392 7207
6129 6680
2717 3638
4582 6100
4990 6595
5322 5402
739 3716
1041 2986
372 5041
4497 7126
4952 6990
4089 4685
5480 5907
1 2294
1861 2523
3510 3995
657 2864
5798 6330
2956 5023
169 7485
325 627
3045 3522
3237 6631
3687 7585
3666 4584
4856 5335
4910 6870
3018 5368
991 5471
271 5331
1207 6894
2503 3032
6196 7179
2770 6243
562 563
1713 5586
1196 6353
3135 3830
3213 7562
482 5525
3575 7082
980 3744
1236 5674
2229 4774
18 882
2207 6100
848 2831
5753 6017
1402 1799
2821 6599
5772 7628
181 6163
2846 3374
5865 6691
3446 6082
4981 5174
805 4627
5019 7350
456 2087
1607 7423
3941 5434
163 2706
3233 3285
4003 7597
5098 6267
1857 6330
3133 6475
3571 5045
1676 3163
3095 4577
3254 3370
45 3776
380 4648
3636 6000
190 1955
3308 6436
2290 5258
315 3539
3522 6452
3580 6766
3709 4081
465 4761
697 5901
3899 4877
792 3034
243 614
2936 5050
1778 3108
1166 5191
2956 4475
4101 6503
3401 4088
4341 6951
2378 5466
5640 5790
101 1305
2258 2421
5810 7464
1783 4503
2421 4333
6160 7495
4890 5913
3572 5655
3944 5912
5069 5709
1167 6450
789 2454
1161 2594
4087 6430
2853 5775
404 1751
1747 6431
3098 5226
2913 3949
887 1471
2597 5926
1227 2910
6061 6946
1874 6234
4515 6232
61 6862
2003 6326
874 1859
1806 3903
2039 4610
2644 5569
1544 5699
3757 7533
6049 6897
3434 6579
395 5883
1364 7525
872 3922
167 1823
3096 4442
3511 4896
5600 6774
2038 5053
3682 7383
2569 6922
4603 7419
243 7420
1066 3687
2456 2844
4823 5029
3764 7498
5118 6464
2150 3354
4704 6171
2619 3632
38 7065
3888 3948
4044 6433
0 4684
6870 6891
252 5815
3976 4982
536 2026
4420 6473
416 480
2984 4150
1995 3031
1315 5600
5558 6278
1142 4982
5448 7185
994 5136
3816 5664
2192 4450
4153 6648
428 5410
3184 4421
430 4982
310 3707
2322 7568
4583 6259
5250 6939
769 1242
3130 5226
3708 5630
367 5116
1001 5372
2229 5639
2180 2995
1159 7331
1533 4659
2466 5933
221 6763
4148 4382
1063 4519
513 4322
1605 2255
1719 6953
4600 7343
4593 7134
1728 5688
3283 6273
377 4714
3955 7562
6364 6372
1519 4427
5123 5667
1674 5552
5829 6097
1328 3185
3456 6345
1011 1858
1181 4224
3033 3357
644 809
4362 6052
3195 7288
4826 5311
3268 7447
405 6688
2719 5013
3432 3613
6364 7274
1411 5219
1268 3678
2737 5786
4632 6450
2703 3846
2017 6497
1984 5911
630 4253
67 6267
915 2433
630 4229
3843 6657
3020 6268
2132 2485
431 2309
580 2047
3947 7637
7059 7351
1426 3274
1615 6106
3013 7516
2191 3072
3852 4639
49 2490
546 6407
806 7175
1455 7427
4623 5420
583 3244
1546 3989
3413 5955
2606 2703
24 4793
30 504
1255 4682
872 5568
2210 7088
264 2517
6846 7337
222 3412
1462 4479
2637 4088
1855 2659
2824 4360
869 4859
1142 7125
5066 6694
515 5619
2558 3663
4738 7235
627 7452
2520 3890
5068 5990
1149 4810
56 1854
2496 7056
3489 3864
3875 5725
4339 7128
412 2492
96 1821
40 7466
1819 5062
1460 3550
2031 2919
177 5101
3817 4119
5787 6987
4015 5578
1802 4569
7054 7084
3672 7334
1520 3919
4229 4282
3458 5912
4006 4957
1846 7158
2901 5051
5716 5885
5850 7188
4040 5970
3497 6947
2330 3827
1886 5138
1656 3918
2508 7162
1609 2786
1652 7342
2427 6394
2047 3788
4097 5462
3434 4317
6597 6658
3542 4108
3687 6604
111 5293
361 819
298 4147
3713 4898
4397 6107
4207 4722
1381 2478
4559 5127
7336 7448
1258 2541
1409 5530
4054 4938
2647 7306
1439 1502
6469 7579
1251 3706
1016 4139
674 1949
3375 5889
4270 5639
123 6185
3103 7368
3435 4473
414 6365
6620 6650
2407 7164
4838 6353
1996 2520
5121 5735
3350 5495
1544 2259
366 4608
375 842
4788 5524
3768 5982
3606 4956
4753 6880
2115 5734
1005 1680
1771 5290
88 3785
1392 3066
3078 3827
5759 6077
2289 2962
4606 5805
639 3399
2858 6721
3854 6649
844 4029
77 2576
4732 6230
618 701
3745 4070
3445 4690
584 1092
1397 4549
1946 7543
1414 6199
725 5764
5623 7032
1135 5672
3861 4348
342 4062
2543 6318
4875 5175
1200 4768
4661 5040
296 6336
2483 5534
2401 5716
2124 4755
480 1608
1436 1633
6250 6273
1316 4573
4330 4727
2005 7435
367 3135
2539 4642
1488 4089
5631 7183
318 1161
4743 7422
2221 4911
1127 6917
447 1948
3020 5294
1648 4715
602 4524
3741 6089
350 1434
877 3285
2137 7226
2327 5561
3161 3402
6052 6470
224 646
1271 2757
139 3439
3100 6029
663 2664
6102 6825
959 3639
3629 4912
2004 7152
3955 4251
2447 6242
1982 6723
4193 4992
686 1729
2697 7373
6007 6826
1899 3213
826 5428
1539 1927
2659 6021
0 6921
755 4730
4884 5467
1143 4205
1662 5381
3391 6603
680 1714
3542 4929
4042 5524
1988 4819
2909 6919
439 2785
223 2723
1151 4044
3397 6449
1383 2346
35 5397
643 2592
6479 7264
2729 4986
1392 7031
4032 4681
3492 3801
4682 5330
626 5918
3023 4744
1935 6414
695 5612
763 4614
3575 7344
6225 7476
1572 4785
2922 6672
1059 3887
7045 7375
6155 6677
647 5901
1460 5187
1789 7423
1651 4085
531 5019
2232 6612
2219 3659
2762 4324
3091 7512
1320 7086
4141 6385
391 3369
1421 1784
1197 5235
3860 6605
317 1874
4116 5607
5969 7645
5600 7026
3280 7448
2147 3187
5173 6261
1650 4048
3312 3733
6456 7602
3294 7530
1642 1658
596 2662
1116 2975
1312 6773
31 270
2570 5087
3196 4133
95 5282
2429 6979
964 4754
1630 4445
2156 5262
3554 4759
4534 6684
1198 6247
2939 6033
4108 7483
4382 4498
5556 6151
5458 5809
1580 4418
1195 7637
3598 6305
1796 6122
1771 6539
1396 1884
1051 7239
6750 7258
2216 6327
2406 4204
5446 7106
1968 4007
2882 6891
2776 7335
4346 4595
724 4519
6482 6573
155 2846
5697 7639
2872 6118
1105 7179
538 2130
4390 5179
955 3553
1431 5963
3189 5534
134 2853
3435 7353
451 6080
2058 4942
4234 7242
566 7157
135 2982
202 3128
1185 3890
1319 6294
1376 2706
1847 5359
842 1621
3238 4747
4101 7643
2712 3193
1691 5488
2203 6663
944 5719
4673 7148
682 6616
2156 3193
1967 3945
5806 6455
4570 6123
93 4229
5671 6208
844 1522
438 923
98 2108
2180 7560
1072 3039
1969 4736
4904 5679
2786 3361
3356 3986
1235 1988
378 4597
3714 4789
919 4716
1563 4993
4381 7344
1466 6748
1075 3938
2642 5826
2663 4104
3327 4809
1478 6281
6809 7234
2894 4501
4306 5339
2681 4872
1444 4592
1746 7641
1098 5300
5886 6058
3774 5194
1056 4682
1872 6788
3490 5430
1691 5718
17 2107
2364 6007
5228 5313
2199 5569
5955 6156
5735 6825
183 6757
1337 3741
3651 5731
1050 6679
630 1692
2799 3021
354 3100
2507 4806
1958 3841
1781 5109
5420 6398
1905 6405
67 4932
1350 2808
1441 2475
904 2936
183 4108
3814 6576
2987 5844
4107 4320
2616 4752
2251 6899
3927 3930
2095 5241
950 4942
4645 6390
186 4799
4817 7272
6540 7293
1782 4640
1854 5504
317 2067
4477 7407
3711 6770
2019 2402
3746 7403
921 6432
2440 7175
3635 7586
5276 5891
2602 6997
1056 2684
2446 7039
3838 7556
3160 5577
5582 7374
2047 3691
1463 1592
4650 5210
255 2164
2082 5553
1845 2788
593 1346
705 5513
1216 5766
444 6673
1720 3711
3051 5080
1682 2971
2604 7326
192 5957
1759 5039
4002 6909
1455 3721
3788 7384
1373 3752
469 3800
4183 6710
3770 6638
1499 3037
3912 7504
5027 7082
4325 4688
2752 3476
1564 5192
3424 4119
3664 3872
2661 6107
757 1889
4633 4651
5764 7593
5276 6410
2116 2964
998 3192
2945 7375
2705 6500
1483 4036
3211 6273
6887 7194
6896 7341
5699 6969
1565 4000
2256 3106
929 3927
532 3760
1434 5421
5807 7110
1891 2330
3356 6683
5 1256
3912 6026
4815 6107
5711 6177
275 1326
6308 6883
5540 5695
2302 5400
7347 7613
3769 6876
2932 7253
1711 7326
2359 2596
2757 5167
5241 5741
2610 4616
5325 5473
5971 6638
2953 3502
22 1617
4508 6653
90 303
4136 4743
7162 7221
4254 6246
736 811
709 6761
2471 7203
3030 6992
5390 6632
3562 5645
6522 6759
4688 5839
4604 6723
3558 4839
4565 6980
3679 4783
1141 2132
5415 5459
2762 5710
1339 1774
5694 6172
236 2410
2547 3427
435 4023
2090 2799
3163 4892
5876 6267
4085 5788
1718 2634
3323 5824
2303 3281
4211 4365
6426 6754
4589 5692
2311 7437
4006 7216
7247 7603
5418 5994
1616 3277
2536 5738
1057 6191
362 7098
282 4512
1521 7148
2928 7292
3860 5737
5615 6996
1098 6137
1847 6121
1225 3729
3441 6465
2373 2518
1624 6725
5423 5763
524 5236
2629 3155
771 4148
5973 7593
5939 7613
124 4752
2135 3225
239 1225
4146 5720
4061 5816
3960 7031
345 3288
1929 5707
1923 5333
5919 5950
3141 7572
828 1279
3194 4592
684 7541
6028 7624
2676 6981
823 5324
733 5675
905 3063
3330 4005
1424 6966
631 7054
3886 7166
5315 6677
3378 6344
3234 4610
4349 7209
1331 3919
2560 5964
3012 4485
3049 7137
3351 4504
3881 6713
855 4789
3016 3827
1491 5499
5146 6370
3642 6407
1021 5058
5416 7006
754 2723
3759 6965
1856 4126
1769 1831
2439 2667
1333 6690
2027 3130
1644 6199
2808 4318
3553 5007
1883 4741
144 3622
1027 4360
266 1901
5929 7617
4756 7306
401 4172
4377 6250
162 215
5330 5334
1748 4216
2496 6905
952 4457
2497 5936
2591 3319
733 1545
630 4109
4978 6163
4381 7230
1943 5149
1403 6864
1955 4472
5265 5963
1911 6741
3875 6992
638 4650
4885 7392
3326 6022
3947 4955
1322 6234
3535 5989
726 5246
5650 5758
5792 6338
684 7625
4081 5970
2637 7131
1707 4705
1243 6222
2856 6170
987 7254
1987 5268
1692 3153
264 4151
632 3913
3600 6591
6531 6853
208 3592
677 7556
355 2991
5026 7221
2262 7263
2298 3403
1510 3509
1642 2773
1858 3765
5104 7431
3522 6718
2389 3675
1974 3757
113 7296
4709 6378
631 7534
1482 5607
763 2235
5978 6873
1108 2702
1237 1423
4648 6849
1625 2431
304 368
2256 4750
990 2453
3261 4820
3584 6621
1777 3864
3579 4241
3709 6792
445 3723
4687 4738
2267 6304
1357 6222
5998 7048
260 6586
7097 7624
2922 7106
2677 5148
59 1054
390 3147
1108 1799
1067 6040
1048 4655
2557 4682
1169 2739
3496 6745
3628 6340
2857 6163
313 6263
1280 6274
226 4247
6074 7524
5873 6199
3761 5538
3313 6759
5379 6010
3897 3909
4451 7412
2586 3046
5316 7020
1567 1847
4013 4947
3729 6393
2685 5201
6508 6687
3475 3517
552 1742
1705 7057
5591 6608
7221 7432
395 5505
2522 4901
1866 4698
5663 5726
3101 4003
616 6267
5043 5637
657 3754
2592 7584
1111 1734
1375 4903
814 3767
2487 5056
3462 6073
18 4717
6043 6123
2326 3119
5007 6740
2254 5589
648 5672
1055 7307
2050 3463
203 5064
814 3111
611 6830
749 7202
738 1299
3729 7102
571 3336
6870 7423
5229 7068
79 653
2385 3186
1645 6290
5158 6675
1022 7129
2490 6898
821 6578
2241 7343
3543 5859
1264 2787
2 929
3387 6100
5333 6314
4761 7641
790 3839
5142 5921
177 1907
906 5622
1428 2962
5065 6909
2329 4355
2417 3728
2394 6945
1307 3119
5126 6796
3472 5210
3636 6670
5750 5940
779 5081
5688 6442
4092 4529
2700 3064
275 7518
628 6053
3735 4154
1157 7147
1324 3252
3257 7494
4102 7291
3349 4373
453 4872
2623 5930
632 6301
4490 5215
1876 7250
2547 6555
1510 3459
4812 5417
877 3585
3143 5694
4687 7241
1779 2230
2565 6866
2654 3043
3295 5119
7098 7119
999 5970
5455 7373
1075 2034
5870 7011
3770 5438
609 3622
2110 2783
210 550
2033 2356
695 3592
4166 4177
169 2259
1792 6692
5513 7175
6302 7101
5005 6262
281 1894
2685 3077
1657 5963
5032 7600
1356 5385
1614 6468
781 1468
5676 6913
1865 7017
946 5337
2802 4254
4576 5322
2335 5239
902 2362
2521 7592
1792 4894
4256 6224
85 2878
2736 7348
1221 7385
216 3897
4791 5661
6558 7578
390 3723
1666 6537
17 2852
5649 7592
2188 7156
2877 5676
5576 5717
1352 2125
445 788
1692 5674
3881 5950
353 457
4237 6691
6079 6428
1176 4186
634 6560
1919 5679
3320 5310
422 5589
4428 7480
4374 6174
872 1879
388 577
5950 7231
1768 4988
3412 5006
5381 5635
4899 7474
1859 6408
5042 5361
485 4415
1090 4145
2761 4298
2450 2461
3406 7234
921 1167
5941 7324
4064 6583
1688 5064
2767 6909
4050 6213
287 1890
7 908
3669 7369
179 6874
2706 3729
3261 4073
4056 5681
4135 7259
120 6602
4772 7551
3878 6087
217 5930
3685 5398
1675 5176
2058 4004
6516 7099
2350 5070
2405 2491
2476 3873
724 5711
1822 5638
1269 2720
5149 5866
1689 3996
2346 4062
5183 6905
3143 7377
4251 6773
2240 4570
4847 7250
1301 5915
2874 2971
5787 7286
2908 6044
500 6030
5508 6292
1255 6656
407 4712
95 4717
934 1709
1285 5513
66 1432
2298 5630
706 4831
1794 7642
90 5953
1969 7215
353 6834
2710 3987
7188 7576
3444 6508
962 1761
2087 6616
6460 7366
3173 6700
175 4798
416 1888
6806 7162
949 5071
4724 6389
1308 5618
2558 3405
5162 6403
1416 2889
1919 7460
3705 7448
1011 1268
1092 6276
614 1388
4770 6085
673 7024
4658 6519
3887 6000
580 1799
2544 4743
816 4593
380 7156
2350 5065
3420 7020
2656 5913
4408 6148
6395 6554
2668 6829
3989 5883
6913 7578
710 1773
2272 3426
2692 3308
2611 6689
1671 5903
6622 6890
5087 5200
5493 7647
2660 6907
3015 6930
776 5220
2064 4934
100 132
2655 5617
2655 4323
7379 7608
2018 7278
3552 5148
965 4386
2394 7395
3089 7549
1722 2548
2541 3380
5420 7402
5547 6118
1430 7255
1118 5485
2179 3003
384 6163
1281 6276
3356 5630
346 808
4674 7424
6710 7517
5454 7571
4435 5807
5691 7353
3468 5241
531 5438
2955 3815
878 5410
619 4549
3413 5279
4509 6894
1375 6417
2799 7172
4914 5768
590 1037
6143 7191
2364 5551
2423 4000
34 924
5231 6997
449 471
6721 7566
3814 4226
5291 6736
946 5133
535 7105
5087 5754
501 4860
191 4866
4192 4504
169 4848
2649 7614
2358 5982
5260 7614
1133 1280
6092 6140
6277 7040
1121 7155
997 4177
2133 3346
568 1636
314 534
677 4107
2363 4370
3802 6572
4192 5282
7113 7156
1685 1732
2830 4923
928 5316
3468 7006
2334 4360
1896 5308
4197 5257
434 594
5588 6687
2472 7203
558 4247
2299 2321
1544 6082
6311 7078
266 4799
1483 4848
2450 6974
3980 6226
5442 6975
1435 4344
2033 2680
977 3788
2187 6646
4301 7302
3870 5978
760 5904
2991 7471
3999 7340
2939 3020
6452 7357
543 797
1765 4939
1542 3374
193 4485
2215 5292
2407 6888
4029 4208
968 6060
2243 7200
3732 3866
1027 3904
173 6844
1672 4687
2697 3754
2951 3153
4077 5496
1510 3170
5267 6412
3008 6940
437 3560
1359 1604
4753 5286
1338 7418
708 7316
1063 5035
1588 6379
5551 6015
1415 6573
1042 3878
5330 6674
2515 5926
2379 2475
2354 5953
2459 6843
1188 2846
675 4822
1017 2248
6060 6876
1154 1679
884 4903
2925 4499
1026 7015
2084 5219
1883 4723
1500 4259
2573 4699
2772 6668
2 6998
463 5722
5895 7047
2538 6603
3456 3734
167 982
1453 2636
1295 2553
2079 7622
568 2933
1597 3759
6438 6484
1635 4493
3019 3406
1203 7620
652 944
2399 5215
2508 2899
1419 2036
4270 5625
995 7464
3264 5143
888 1242
420 1906
2827 5700
1237 2566
2719 3001
488 5965
721 5419
4106 6353
3164 3591
1498 3028
2156 3688
782 6391
1147 3017
499 4997
365 5525
4906 7115
1017 2667
815 2625
1628 1828
400 6628
174 4809
2832 4941
3400 5617
2261 2661
3056 7173
2265 6346
923 6401
1083 6677
456 6698
6253 6553
2624 7083
4922 7623
1638 6924
200 4748
5324 6517
177 4402
6748 7325
5625 7218
5084 5232
1085 1130
996 4508
1789 6980
2493 3741
3219 5912
3517 5453
4467 4596
33 3635
1540 7345
1293 7289
839 4773
1774 6530
164 216
3277 5954
802 6453
3123 5847
1950 6608
527 4040
33 5433
196 7236
2376 7037
3259 6690
3742 5273
465 2645
2542 4136
231 3180
1466 2206
269 5013
1029 7533
1792 3083
2986 4319
3071 3861
3826 6840
4378 6052
649 6283
572 6531
1153 2122
3608 5399
6496 6549
3081 3126
1349 3398
6043 6266
2171 6383
5034 6093
833 4864
3393 3444
381 5705
2333 3054
4025 6072
2402 4523
409 5899
2390 5091
3245 5339
2357 6710
4414 4730
290 6882
1048 3660
2949 6167
1363 3069
2944 3778
959 3051
4667 7634
6164 6191
4647 7031
3030 3501
249 2495
959 7530
7065 7426
3540 5109
54 2893
4366 7004
5089 6909
3456 7112
516 4553
119 1545
902 1096
2396 5585
2417 5638
5724 7593
1064 6193
2960 4142
1051 2651
5687 7145
2314 3961
1661 3109
3385 5532
3636 5623
6426 6745
202 3741
13 1125
5312 5947
769 4430
2153 2552
1368 3993
6859 7618
140 4462
23 6996
628 6426
2910 5265
3512 4895
2006 6706
814 4485
5808 6945
1699 5564
408 5620
4869 6802
2400 2552
2949 4836
2180 3305
763 6225
251 5797
900 4113
5740 7432
201 6802
1065 5297
7335 7611
1135 4943
5451 7274
248 5488
4339 6606
3422 7305
4355 4929
3872 4958
750 6337
1097 5254
5814 7370
185 2087
3737 6694
1262 3153
1435 3314
4365 5418
1142 5743
3603 5910
644 3574
2897 4130
210 7381
696 963
2253 7087
318 3801
4190 6006
2154 7091
2541 7297
1877 3366
2919 4720
4684 7473
2094 4757
2148 2225
7018 7030
1301 6390
3658 7451
1538 3714
61 3975
1707 3990
3304 7451
2603 3959
911 3210
1460 1716
1968 6409
470 5626
6337 7369
6490 6771
5599 6806
1015 6113
4842 7619
2629 7466
510 6143
6183 6454
3413 6464
2300 6559
82 5149
928 4100
449 7259
3655 3813
1416 2325
1098 3292
996 1552
2180 3590
472 509
3138 5891
948 4666
3784 7581
1669 3149
1823 2290
157 4505
2106 2222
1835 4366
2361 5665
2777 3016
5208 7176
3630 4591
167 1474
1576 6150
2300 3150
968 5272
78 612
6275 7123
693 2131
3249 4000
3253 6739
6932 7454
28 4166
3915 5831
2675 5344
2118 4049
3570 4412
79 220
3524 4606
3512 5718
882 7185
4495 4713
546 5732
313 1120
1420 4734
598 5486
2644 5958
2285 5815
2855 4830
7017 7534
3187 7026
1696 6724
1983 4338
119 4783
3150 6531
2647 4733
4117 4544
50 1233
4499 4899
2768 7244
5812 7410
182 2531
451 6749
4279 4988
3988 5559
1436 2487
652 5073
1723 7171
1352 3819
1843 2560
2907 4854
2619 6876
1528 1581
2098 4613
375 7312
1243 1684
358 1038
175 6133
1981 6221
2968 6414
2375 4168
3078 5169
375 2021
217 2742
3157 3372
1908 5438
3150 5411
2169 4167
3323 4573
3297 4151
7558 7627
451 5698
2276 2622
1900 5733
1391 2273
721 7101
5034 6352
1877 1884
6550 6966
3439 4929
4519 6437
3951 7197
3126 6363
1192 4625
3429 5537
7041 7556
5641 5655
1268 4417
1281 2162
291 3020
1491 3569
2638 5367
90 7316
1611 5390
5392 6957
1196 5933
1973 3588
7294 7589
1464 7516
6570 7628
3922 5081
4322 7057
1477 3768
206 7440
1696 2162
7179 7344
4625 7345
2758 2760
5747 5852
2069 2146
3699 6822
938 1096
263 4345
291 4302
1462 3028
3265 7347
2264 3974
3728 6027
1904 3903
2509 7159
3374 6341
3851 4070
170 3028
1983 5132
355 4891
237 2987
375 6674
1903 5392
744 2186
3100 4869
1947 4651
4829 5644
3484 4404
1249 3708
4039 5217
5716 7101
6141 6291
4526 5698
634 6686
2902 3389
2087 4917
1753 3279
1801 3561
1309 6102
4332 5481
400 3656
1100 1201
901 4485
348 5116
2420 6243
1222 1590
4050 7380
1111 4570
3191 3831
1078 3483
144 546
2031 4160
1763 4939
1205 4507
352 3818
789 3322
7159 7643
1340 7160
1021 2169
3257 5199
2892 5683
2653 7028
1462 6258
5253 6979
180 1445
681 5542
511 3786
3354 7027
1649 4762
4033 5190
886 5221
3497 6640
5296 6571
501 4852
4964 5185
502 3792
2453 7431
3305 4071
1838 6967
1956 3032
1081 7023
3386 4321
3026 4427
618 7083
1640 3751
2890 5452
5841 7011
1757 4260
356 1677
3734 5504
1546 7312
1678 5187
60 5764
4015 7533
2390 3460
3959 3965
1637 2407
2288 5516
2103 2428
2975 7297
661 5252
6327 6392
1935 7342
5252 5871
491 6491
771 1974
4961 6781
3035 5821
4531 5325
561 628
1549 2496
395 1841
1428 5143
5017 6722
1609 3781
4833 7018
2957 4591
1658 4591
1944 6480
5830 7482
3665 4323
4201 6372
2395 3345
2910 6907
3798 7231
2133 2253
5191 7262
5163 5224
2268 2679
326 6781
792 5651
6060 6302
801 4626
712 2574
1252 4929
1636 2221
4228 4436
1838 7341
1574 3304
6568 6849
3030 5360
1698 5304
669 1231
2535 5375
6458 6926
1247 3644
925 6917
4663 7334
39 7546
1491 6770
2809 6267
3905 4119
48 3305
2663 4501
766 2510
5002 7251
48 1803
72 1062
215 6401
1704 6717
792 4726
315 2308
5735 7532
5426 7277
179 4083
1195 2215
2688 7189
474 6591
1412 2749
1254 3354
2536 3997
1202 1851
1408 3154
1742 3362
2447 7075
156 752
4569 6963
5221 6471
1507 3356
2170 5408
3390 6941
2316 6262
3729 5078
3801 4716
1039 5468
1997 4464
816 6165
158 1214
1710 4394
1907 4226
465 4424
1087 7350
1215 4389
2119 2630
4055 6216
3627 6221
4699 6512
4105 4455
5246 6705
6081 7098
3526 4500
5509 7407
5722 5912
3222 5486
4218 6566
881 7479
560 1362
343 3432
2926 4455
1287 4446
1436 2347
3251 3495
3049 3537
5399 7600
300 1975
1622 4699
2868 3753
1367 5413
5514 5559
2904 5271
928 4731
281 7294
5900 6025
2610 6290
1185 4349
3459 5459
4830 7565
1217 2147
1875 6858
370 1041
3894 5672
571 1306
4836 7517
437 1231
3227 7359
894 3410
395 5572
547 7268
6431 6954
3513 4867
530 2177
1261 6219
1684 5045
1084 6990
4942 5298
2820 5243
921 5194
6507 7314
2025 5698
4384 5652
4184 4393
5460 5691
5376 7469
4281 7466
838 5525
1018 1541
2220 3968
79 4403
1389 7231
2478 7158
46 1016
963 4390
2523 3084
4333 5439
743 3791
4548 5994
4674 7582
4233 5399
3802 5165
1700 6299
71 2932
124 720
3831 5660
3830 7017
392 4114
1857 2577
392 4755
2677 5636
347 7182
4487 5760
4006 7301
2019 5793
7022 7103
1130 4836
1211 7528
1117 2499
6624 7215
392 4978
2641 7605
1585 5841
705 2518
2623 4391
3671 6215
1714 5382
244 2727
1419 5422
549 5883
1733 4418
5566 7097
4259 5142
3663 5245
4365 7231
1670 5299
3804 4040
1504 7345
1398 7460
3543 5131
6981 7352
3918 7560
409 1498
3012 4587
5429 7183
1145 4675
1797 2232
4915 5671
2179 6171
6130 6805
2728 3559
2161 4560
1979 5478
1970 2352
4713 5735
4626 6159
1832 5082
3319 4029
2704 7517
2298 4099
3740 3873
1504 6064
4788 7462
369 4037
906 4021
2969 6085
3621 5225
5463 6657
2538 5861
1845 3065
961 3996
4654 6261
2334 2969
6475 7548
3316 6586
738 2537
3110 6761
422 4420
4971 6882
1478 6841
4252 5335
415 6715
4159 6157
1165 1849
5121 7351
2872 5464
1517 5381
2389 4471
1842 4360
2686 3671
3192 5481
625 7588
6360 7249
853 4694
1867 6914
1479 6983
597 7312
53 3267
5484 5550
693 3947
3363 7269
5210 7530
5095 6896
1162 5587
1053 4699
1242 1989
1520 4879
5643 6426
400 6721
4861 7312
3083 6572
2693 3949
2659 3548
2782 5427
484 6416
2486 7342
2926 7050
4177 6983
5466 5549
5217 7203
2676 7106
3291 4051
436 1221
4275 6618
4686 6400
87 2693
4326 7351
2659 5186
5106 7621
94 2795
324 5571
3860 4249
1107 2727
5286 6965
2270 7193
4442 6735
5517 7420
24 388
381 2812
3238 6559
4707 6554
1406 1941
4600 7150
3489 7533
5473 6018
4461 7381
1547 4024
708 1996
2087 3927
1529 6889
641 5910
6203 6497
3216 4519
1167 2226
496 2209
1282 2259
1347 7461
1487 2522
2637 5575
1014 5689
3737 4740
609 3704
7085 7507
6115 7083
3308 6915
5210 5531
886 4769
2315 7202
3078 7081
70 2701
3088 4154
6950 6966
1825 7254
1711 2290
3417 7279
898 3544
2719 7152
3056 3287
3783 5001
4455 5513
1569 6167
571 4732
215 1648
2730 7201
344 841
6761 7377
924 3877
703 6614
4312 5730
4586 7194
2265 2375
5543 5595
1837 7059
1717 3590
1480 5321
3405 3650
4925 6795
660 2587
3321 4432
1169 5247
453 6210
1152 6503
5845 7279
3960 5980
1276 7212
4465 5153
4526 6088
1891 2919
817 6898
3113 4617
918 924
348 1104
1217 5032
363 2971
5050 5998
147 4536
15 6474
94 6861
1818 2708
2819 7046
4389 7435
4368 6433
3650 4682
919 4231
1972 5969
4276 6934
965 1724
4677 7161
743 4805
2224 4321
601 5544
2206 2544
3311 5555
3061 4311
1962 2552
137 4737
122 3761
3917 7203
687 5891
4348 6202
4085 7256
2781 6254
1290 2759
6710 7395
3594 4103
4034 6983
587 1088
3502 4945
189 1647
157 7591
4465 6003
1040 1823
706 4500
528 7175
1778 5817
951 7442
2008 4826
1971 3310
3052 4971
1926 2359
2735 6253
5486 7424
918 4640
4935 5082
209 2252
515 1327
752 1875
908 6638
1462 1625
660 3480
1502 6723
240 3655
844 5801
2604 6233
696 1165
4031 4055
125 7165
159 2861
357 1319
797 3250
1372 7104
3654 5785
1730 7588
3016 6647
961 1430
5269 7566
5896 7167
1792 7300
5510 5604
1505 4675
993 3536
1518 6318
2206 3354
2664 5405
4821 5224
4326 5991
2692 5328
1504 6439
1385 6024
5532 7500
2703 3749
2081 4511
756 2105
4427 6040
3081 6352
1344 7382
869 1579
3763 6397
5475 5864
1851 3580
4945 6095
1456 7095
2259 6627
2126 3425
1246 6501
13 1584
52 6790
2427 4770
975 5583
1297 4039
4461 7621
1211 4571
406 701
427 3152
2184 6756
436 6702
5102 7315
2790 2949
5246 5689
1228 2662
477 4151
690 4106
1281 6043
1097 3609
4111 6793
1061 6012
6015 7026
1712 2084
668 3304
6454 6866
4168 5682
347 1033
398 5672
3643 5268
1532 5911
3491 7317
401 4984
621 3658
185 1353
3068 7039
3216 6943
3361 6736
5310 5998
1487 7325
2889 6186
813 7140
800 1690
4710 5864
1411 6043
885 1124
3300 6796
28 695
240 6655
5632 6702
1230 5059
1903 4788
1985 6071
4684 6555
590 6657
3524 4339
2475 4023
593 1471
1272 6097
3778 6865
2776 2834
3045 5244
2916 5867
2316 5559
833 4171
926 5462
2379 2513
1069 7215
1115 6609
4152 6843
4234 5297
357 7521
3889 7342
768 3397
6067 6657
51 1745
2258 4843
6567 7182
3252 4736
270 3534
2655 5659
833 3216
375 3417
1655 5634
1836 6357
4036 6860
6551 7513
3347 4405
1975 4114
2553 4166
124 2236
2463 6183
1253 5019
239 1912
2167 3127
825 4463
3205 7141
2998 4372
3064 7327
68 1264
240 6257
4021 6852
2210 4275
3973 6127
2546 4708
18 5417
203 7619
3748 4813
1049 3350
1097 2076
1451 2991
2082 7268
2741 3015
3360 5953
5530 6510
126 896
2561 3606
1627 7428
736 1924
348 1778
1355 3054
4052 6901
4328 5869
1771 7231
471 891
6258 7202
98 3915
1341 4554
98 3526
7282 7481
2062 5787
3978 4292
5233 7544
5439 6976
2409 3036
4891 5497
53 3788
712 7266
3972 6495
3595 4753
490 3510
1228 5474
3316 3770
3063 7374
5005 6883
2857 3174
1057 6906
156 3309
538 4857
1628 6448
6353 7220
169 6649
1322 7009
229 7232
2885 2950
575 4343
2610 4452
1134 4499
892 3711
3691 7131
173 380
2514 4088
3896 4297
1347 6666
1699 7357
3802 6592
4428 6699
597 5139
3508 5368
81 2386
1012 4327
2550 4202
900 6538
3658 7075
935 4147
1492 3002
1275 1329
2811 4418
1713 4416
359 6049
1059 1837
3418 4922
5111 6108
1832 5012
625 5692
2987 5758
5666 6474
1859 4155
3292 6515
2415 5054
362 3229
4080 4713
2322 3436
1107 3560
6512 7249
1041 2158
479 6503
2177 7230
2012 2171
589 3568
1660 3247
439 3101
5662 7584
5629 6900
3247 6928
2583 7150
131 5376
816 6669
1017 2897
172 2162
2175 3399
712 3611
5660 5684
1966 3947
1356 6800
2342 4032
4970 5544
2312 3067
3461 4608
105 1389
1469 5863
5941 7444
6441 7550
1800 7366
390 5729
1670 6742
4336 5330
5519 6621
1068 5841
6399 7531
878 1694
2557 7462
2655 5080
475 2857
4683 6504
1792 6657
3060 3869
1775 5233
5372 5999
4235 7627
2683 3309
3109 7443
143 1334
2819 5791
1543 6461
1160 4262
2381 5305
5370 6083
2736 5334
2034 2489
4120 6508
5581 6704
1328 3730
260 2849
5359 6779
290 818
1391 3808
3744 5297
1596 4725
667 3898
794 2612
5756 6022
836 3840
1721 2775
3366 4404
4158 4640
7289 7555
1068 5746
2101 5322
1327 5616
2710 3705
2805 4526
5640 6610
918 1909
1318 3628
4923 6296
1148 5412
2063 5251
343 5457
1773 3549
219 3884
3099 6675
6338 6765
245 7146
2725 5415
5739 6416
643 2637
6017 6047
4504 5845
5029 6045
1476 5186
2252 5223
1471 5949
877 2495
6387 6843
3878 4057
557 6370
2720 6506
1077 7623
13 4332
6812 7401
1593 5145
5798 6949
2593 6394
3894 5473
4172 4995
3122 7422
717 5730
1481 7129
3710 7115
2613 7184
5352 6527
6574 6809
1887 4929
1208 7626
3608 5958
4297 7292
3492 6033
4597 5191
6764 6878
3812 5699
1924 5266
4433 6523
2865 5293
5566 5680
5329 7157
4955 5405
5422 7241
4366 5253
234 4111
2927 3999
235 6920
3920 7086
391 4835
117 6491
6028 6271
3086 5343
2085 4748
4638 7421
2738 3057
6734 7339
104 5294
3707 6318
1655 2422
4737 7238
4006 4019
2968 4923
2292 5950
4258 5998
687 7358
2669 3857
6844 6845
2095 4093
1037 1919
1711 2835
4215 7097
2561 3400
1753 5413
1338 6188
6716 7388
1751 1906
3907 3971
2011 4696
3454 4164
5658 5970
2528 5594
192 4520
5507 7163
619 2955
1633 3346
2040 4554
1596 2176
641 5689
1737 5592
2513 3465
3189 3842
752 7099
685 2626
1551 6923
1983 6971
1278 6983
1119 2397
1543 5156
1397 4719
3266 4625
57 238
540 1485
178 970
1574 5718
3264 3342
504 2094
4902 5784
4700 5668
233 7300
955 5345
1828 4280
275 7020
5110 7439
4878 6581
2821 6050
2992 4343
116 1980
3880 5124
2739 5112
160 3492
438 3291
2671 2869
3764 5444
2822 6207
1334 2625
1197 2083
2262 3280
1941 5556
3492 6935
5275 6771
4243 7426
4084 5916
4378 5179
204 896
2479 2730
2075 2968
2236 2430
4175 5105
3179 5577
4887 7462
1749 4825
5712 5824
602 7152
69 3493
769 1677
613 2247
5236 6254
946 6796
3814 5125
1241 4627
3862 6333
2337 5827
3034 6079
5728 5768
6926 7281
2224 6816
6804 6932
1503 7428
4198 4753
1888 3099
271 7521
2914 3679
1504 5139
2944 3670
2962 3719
2135 5692
1181 6276
2471 6245
1261 3649
5407 6230
3441 4241
4168 5806
942 7623
1495 3175
1380 1623
4383 5538
833 7473
668 2696
3173 3176
1679 5373
2918 7432
299 1298
3616 6176
28 701
166 460
1831 3686
4692 5373
276 4859
1171 7142
2635 5045
2326 4983
2287 5051
1878 4825
346 4480
3399 6100
2821 5945
787 1980
672 7253
357 2951
777 7208
5114 6481
2096 5145
1942 3351
2998 4397
789 6929
5213 6661
1246 5593
4922 7582
712 6010
1675 1937
3259 5452
2673 4748
2623 4093
524 1750
3407 6979
2153 6740
112 4126
5471 5872
5611 6410
1723 4683
461 4632
187 7247
3477 4913
4591 6852
4861 6042
3101 5505
499 3534
3102 5574
2156 2512
3401 4584
85 3786
3441 5106
2163 7145
3185 5176
6189 7502
2380 4653
632 5627
5547 7502
876 5809
1093 5939
3278 4363
3200 4590
2607 7301
4418 6817
765 1362
626 3669
97 1451
5077 5291
1768 4910
2600 4327
939 5362
1297 6845
2942 5548
3179 4347
1936 2792
581 1853
802 3261
1068 2847
1015 2382
2261 6989
4272 6707
962 2881
4059 5087
1444 6867
6757 6870
3419 5145
6224 6304
1110 5689
253 2902
2783 5007
3585 5455
4263 5476
1759 3602
6835 7023
4386 6880
2473 3232
2315 3088
2501 4879
3498 4050
1348 2439
2302 5857
2624 3675
5894 7172
5087 5829
902 5353
1561 3025
3834 3882
3274 7175
845 7284
1833 5486
3653 4659
1153 5946
2020 3157
723 4118
883 6581
5600 7446
242 2340
3964 4738
2342 2404
3958 7630
3902 5603
5975 7394
567 2998
457 2936
2478 2624
3198 3936
3766 6318
4663 6720
1395 4151
139 2302
244 3175
271 6789
3302 4254
3043 7097
6289 6848
5567 5626
2064 5534
1886 2986
6065 6930
4750 5954
4746 7310
5177 7577
2323 2637
1794 7535
651 1831
1725 3808
3901 4265
3528 6721
5883 5994
4590 4803
2239 7321
622 2020
6301 7400
2305 4003
2938 3652
2190 7334
2798 7628
5054 5056
3767 7397
2318 2730
440 3418
26 697
2527 6975
2786 4154
2712 6515
2119 3391
504 6358
3775 5347
183 6871
2442 5298
1366 5072
6386 6543
178 2849
1591 4063
1661 4376
4482 6595
1276 3481
475 5690
427 1347
1718 7428
6150 7023
1395 5166
362 6257
4813 6703
4374 6983
186 2671
4019 4959
4947 7246
4272 5367
984 2982
2263 3995
4750 6424
167 935
2493 4229
4628 5171
6032 6336
1883 4517
2190 3524
1333 6609
2146 4767
4965 7444
1781 6137
1997 6947
4186 7372
3565 6647
6340 6554
7218 7288
2708 4817
495 2739
6028 6520
5908 7083
1617 7114
6335 6714
2915 7558
4970 5827
3123 6673
2769 7548
647 2178
6062 7086
2458 3194
2936 5159
973 5767
2313 2811
1511 5272
1409 6210
786 6653
4126 6479
1090 1113
704 7023
2576 6280
2131 4349
2355 7073
2337 5973
1741 5162
134 2515
1758 4804
4638 7216
1694 5258
3120 3426
3494 7105
816 4630
2551 5246
3621 6095
973 2532
2229 3388
5539 7036
3048 5534
1596 6773
3819 5249
1411 3691
2495 4262
3628 3925
208 5987
6067 7426
1004 6142
3514 4724
4124 7101
3548 5796
650 4346
2363 3320
3859 5521
1181 2474
490 1281
4971 5785
476 1732
313 6613
2618 4706
5559 5869
4040 7221
1328 5713
3033 4140
3348 7471
2435 3256
1849 4690
4243 7110
2563 4092
5756 6960
5169 6600
1922 5614
4321 5143
989 4701
4595 7101
4547 4895
2231 4597
6497 7304
2946 5623
2650 5236
1380 7537
1766 6243
2026 3782
3698 5979
3678 4124
278 1449
4496 5772
2569 5653
1551 5236
2335 3329
3365 6834
133 5521
2968 3941
793 4280
624 1520
4791 7448
2224 3201
5818 6317
773 7477
640 2564
3532 5582
2550 6162
1434 1510
3323 6240
5578 6702
4449 5495
808 2568
6201 6776
944 990
1662 4482
3769 6469
2148 6387
5575 5661
273 7143
1878 6121
3826 7424
264 2148
7316 7381
568 7354
5309 6754
2816 6369
4684 5640
442 3881
3473 5315
6014 6670
1679 2611
1464 2997
865 5714
2189 6091
6477 6913
1001 1852
1679 4004
3963 5837
227 5796
2638 6609
4334 6720
923 1800
1017 1122
1118 1501
185 5635
1039 2386
143 3124
2339 7378
2570 4032
3488 5081
1206 5843
3187 7292
1138 7014
3870 5131
127 1122
2564 2748
686 3155
2518 4825
1771 4440
3166 5440
2861 6679
453 5366
609 1597
5901 7328
4507 7536
34 5125
1175 3781
2528 5723
3818 5342
481 714
6196 6910
1404 2384
3001 5328
4119 7428
2698 7568
4855 5359
4973 5971
6066 6145
3903 5958
1314 3422
298 2318
344 4269
4194 7395
3231 4171
3316 4042
2633 6212
4085 7037
2926 4876
1860 4737
5830 6031
5984 6357
542 2841
1650 4163
2924 7073
3882 6743
2550 6875
3960 4898
5649 7162
1869 4992
5775 7406
3257 4981
1834 5242
5387 6625
1335 4900
158 6053
1888 3643
3075 4385
1773 4903
2877 7406
2869 6995
750 3140
1845 2272
99 4254
3707 6619
2276 6726
625 7315
3945 5309
1769 6649
675 6437
2712 4675
273 6912
3668 4089
478 2459
4795 5147
988 5933
3157 6950
3373 5736
2309 7026
3870 5458
2021 7475
3267 7518
3703 7306
857 3122
1117 6311
1868 4866
2420 4198
4764 7106
5015 6795
3476 6167
4716 7218
1771 5360
1847 3844
105 3237
1071 2912
3800 6570
4149 6770
240 3136
2076 5227
1427 7139
3240 7287
5039 5071
2834 4231
2475 2903
1441 1560
3518 7283
776 2842
4051 5579
1434 5073
1048 5284
1651 4744
142 1347
2841 6918
594 6399
5516 5591
1785 1878
4651 6508
33 4520
470 7269
3187 5287
2438 6156
1312 7140
3201 5546
6668 7066
3964 4439
1609 6869
2407 7503
806 5011
568 5981
5144 5294
113 4465
807 6388
1438 1803
5948 6080
4465 4740
335 3843
900 4838
2849 7089
3292 5181
4110 5121
726 6588
672 5859
595 1258
2126 6613
996 5265
5330 7029
1923 4007
4128 7560
4318 7424
2819 4254
2598 3563
844 6609
4151 7403
44 6538
2115 6916
10 1391
27 5485
696 6534
4756 6569
2450 6133
2729 5499
3711 4376
3349 6689
2310 4828
1286 5509
2450 6242
2208 5484
161 2836
811 3699
2613 5738
1400 1453
1427 1617
1740 6136
1490 5736
4004 6177
1831 3210
5672 7410
2730 5770
1649 4803
2508 3001
2663 7188
3978 4967
4541 5955
5216 6254
1905 5674
1666 1777
3783 5547
363 7146
1667 6366
1295 1605
1323 4529
465 564
4270 5956
1759 6403
3143 6043
106 3375
1462 1938
1868 7640
4328 6671
3419 5640
3272 3291
3850 4742
856 6639
2330 7531
2277 2702
1823 4428
429 1584
4948 5651
2430 2653
1962 4253
5307 7438
2058 4553
2079 3155
1091 4424
1842 2535
621 1889
1826 4627
1585 3910
3417 5839
3894 5301
5004 6631
5075 5408
7528 7611
4414 5563
2169 5263
1303 2773
1052 2568
6791 7573
3344 6733
366 7382
272 7638
5852 6354
3931 6880
245 6886
2809 3823
52 4231
1152 2241
1279 2088
1771 3760
916 2742
2119 2555
387 5862
961 5499
616 3676
1318 2545
2727 6517
2573 5645
4193 4891
1219 7411
849 4281
3088 5754
2990 4594
2969 3153
4147 6266
575 1745
4124 5086
239 4038
643 2119
4921 5286
7126 7373
5340 6357
4204 7161
5040 7441
1168 5298
894 1807
1767 3939
3539 4858
3571 6487
2095 6570
1005 6231
3910 4300
2894 6589
1517 3432
5398 6362
1275 1885
710 3074
4258 4407
3900 7435
4643 6761
2047 6153
1577 4689
4812 5383
1151 2356
2939 6630
498 4626
1475 6116
454 4308
3585 7595
1840 7462
4377 7636
6 1772
1290 2378
5337 6696
1910 2790
132 2437
8 3576
1890 3696
1350 4049
3707 7529
952 3267
5720 6916
6897 7368
2852 5506
2959 5050
3928 4570
398 3673
2642 5024
4527 5542
1397 4095
4962 5735
6610 7107
740 2705
4571 7161
6418 6658
1928 2358
2375 2592
4525 7009
2294 4149
4470 5254
3164 6740
4502 6813
347 7063
3302 3883
5260 7397
4265 6253
894 7633
1505 6321
689 4897
1071 3581
1179 4052
2066 6741
3082 6527
251 293
202 6092
2613 4566
1625 2287
378 5463
3312 4675
1288 4652
558 596
1533 3706
3787 6226
746 5225
1100 7444
3950 4828
623 3098
761 4614
1846 3489
490 7425
1471 2402
1676 6681
4904 6390
2699 3393
3930 6500
2276 2358
5145 5430
1292 6827
750 1506
2411 5590
3854 5679
6071 6109
3206 6091
257 3742
1237 7082
1432 6012
3353 3823
750 3818
3327 3704
127 163
5731 5824
808 4190
2937 7046
45 3042
4703 5955
3540 7595
2532 6998
2955 4356
1417 7152
4977 5644
1216 3981
6586 6848
5033 7645
5729 7254
2859 4502
3514 4225
5721 6826
3119 5696
2399 4768
481 1896
2564 3747
3665 7173
305 3909
3352 6707
188 7196
5967 5996
3250 3869
331 3036
1999 7271
1235 1671
4087 7361
620 3809
256 689
876 3627
4264 5164
4928 6749
1664 4980
4137 5121
5302 6862
3268 4330
10 2920
2166 6634
5543 5999
4350 5918
3 1120
3765 4745
1121 7040
1323 5605
1205 5612
4917 5272
3334 6383
2725 3017
1193 1302
3554 3952
190 1616
5373 7526
663 1269
2968 4126
5265 6987
1131 3977
4245 6716
1687 3900
5916 7323
5247 6789
954 5956
4004 5487
895 2008
2713 5093
90 2221
2947 6835
198 2313
944 3422
2799 5572
2446 5978
3486 3787
2441 4908
1132 4977
299 2785
4501 6029
1857 2516
411 2827
2492 5203
3309 5750
2161 5999
5780 7575
605 6889
2746 6684
6089 7148
511 4282
1314 4755
872 3515
773 3663
3601 5385
1116 3179
6601 6922
5025 5344
4064 6461
1020 3628
1356 7063
5534 7014
1360 4765
7 497
824 3959
4025 6780
893 3976
4012 5506
3556 5156
812 833
396 5710
330 1009
62 2922
2294 3286
603 6455
794 1098
5016 5562
1684 2787
48 5955
5036 6478
253 3073
4458 6856
5924 6638
5779 6766
194 6709
3985 5730
1028 3702
3260 5763
3947 7275
3045 3510
204 5888
2921 6153
559 4354
1931 4931
974 3740
2589 5877
1256 6272
4301 6355
661 5284
339 4191
823 5637
4848 6557
2905 5305
650 7205
5247 7367
905 5215
67 704
4219 7584
1869 4855
3265 6253
509 6762
1265 6814
3497 7008
3986 7191
1495 1990
1823 6865
2220 5947
2441 2791
1598 3784
346 4390
367 1743
1351 2725
6313 7382
4020 5850
933 4157
2470 3921
2165 6947
4151 4476
5881 7052
180 4391
3003 4138
274 1847
326 4407
1902 5824
3502 4804
6295 6381
22 6102
2943 3214
2665 7060
1253 1808
1552 4616
74 2480
5521 7507
832 1700
3926 5886
1941 5810
1349 7105
1162 2844
1356 4464
1260 5835
2563 6558
1090 7142
4829 4874
4539 7146
2852 4896
180 6929
3752 4235
651 3695
5442 7516
143 4996
1701 1928
4794 6195
375 696
967 1546
1926 3561
4087 6927
2735 3095
2420 2955
3549 7201
6206 7179
624 5947
2768 5417
1261 7286
476 7513
1831 1987
3056 5121
1505 3879
5853 6738
3497 4545
2994 6656
4179 6989
325 7300
40 2896
3725 4863
6844 7017
1434 3051
5703 6994
6110 7126
2038 5392
570 1274
528 2853
580 1789
379 7155
1706 7199
4604 5677
5258 7474
3695 7392
3506 6481
2935 4531
5205 6524
1774 5529
5794 6661
2839 3279
2027 2887
6123 6947
798 5700
3692 5711
1300 5411
5787 6232
1008 2088
268 6304
393 2768
1492 1936
278 2941
2755 3891
2158 2973
2108 5481
5232 7284
1072 1358
865 4776
2961 3129
2432 3588
109 3025
379 3863
369 5751
379 4865
1734 3304
3093 6462
1734 3724
1559 1767
5957 6640
4427 4948
1504 3351
689 768
1852 7527
3044 4744
89 2943
419 4371
1022 5518
1323 5098
4511 6000
5208 6171
5994 6079
693 3965
2089 5765
152 572
959 7321
761 5685
6413 6847
993 2947
2076 2477
6815 7129
670 1629
790 2313
729 5442
5254 7598
132 1076
4583 7182
1650 2140
521 6603
4688 4921
4267 4722
3126 6204
347 4516
87 2686
1077 3217
985 6508
392 2229
2359 2928
5505 6164
1105 5320
2558 3260
2189 6951
2916 6058
1933 7215
2902 4312
1886 4623
402 3804
1273 7140
4842 6462
2114 3037
1369 2524
2837 6817
3977 6015
726 4826
46 1352
4649 6394
6401 6552
240 1189
2154 7119
4680 7647
1656 4408
567 4931
112 2755
4513 6071
1909 3065
4468 5982
1405 5791
1089 1973
5797 7646
3254 3422
468 5174
1042 2854
3674 7328
7464 7540
1773 5412
420 849
2762 6884
468 1577
2470 4945
2888 5514
2195 6028
1998 6884
90 197
4038 4529
963 7118
2868 5776
5828 6569
2203 5224
796 5121
282 6640
2149 5858
5745 7322
4503 5023
3186 6389
8 435
2676 4887
657 7261
5034 5825
4524 6164
6745 7213
96 830
4038 4169
131 557
5392 6965
2745 6246
3438 4064
3659 7583
1150 2447
2145 6137
8 2696
2088 3708
3083 7306
878 1593
242 5518
4471 7248
1470 3754
5992 6040
5268 6264
2990 7221
5156 6708
1901 4711
4237 5787
1522 6767
3965 5647
435 5115
3163 6935
2382 6135
3828 5022
2951 6364
1555 6126
2957 7133
1 4714
3026 4127
4250 5990
886 7577
2430 4940
573 3519
3663 3894
1400 2930
1233 7410
5098 5664
3895 6344
3721 6248
5367 7129
733 4886
1530 5102
4214 5958
1174 5758
1275 1280
6764 7027
4136 6818
5756 6278
1651 5014
516 6867
5769 7483
3455 3945
3243 3416
2602 3613
2327 5499
1351 5572
3113 5569
4111 6706
6318 7420
129 6511
5029 5936
2427 6516
171 3319
2558 6796
303 2258
1117 6171
77 2721
363 2899
6252 7640
307 4228
75 1264
3779 7328
1037 6647
1887 6215
417 3492
3038 6259
1276 4407
607 4318
4818 6203
2319 5204
770 1821
1313 5645
5588 7132
722 1109
1732 3686
1444 6840
4470 6597
4023 5882
1898 4586
2825 7502
2646 5219
805 1075
2361 3430
634 2231
288 4094
363 1186
1403 6309
1402 7355
5762 6102
6145 7232
1278 3531
4666 7343
3261 5267
3479 6248
4175 5534
1598 2130
3273 7454
4866 7254
3184 6243
1970 7300
2374 6927
2836 5975
3312 6414
4235 7394
1322 4893
2162 5562
2618 6430
5825 6856
6463 7591
60 3449
3683 6742
1106 1800
28 6481
2111 4969
3310 5383
2568 6589
162 2342
1293 3312
4788 5416
1519 5697
695 7042
1584 2857
888 7561
5231 5527
2190 7348
2558 7217
716 2592
3694 3987
117 6614
4004 5995
5724 7148
3091 7193
3917 4860
1543 4948
1952 2024
1436 4203
959 2701
2062 6174
2762 2830
5952 7534
3674 5751
1200 6490
685 6038
3811 5033
380 6039
748 3574
1099 7051
1648 2603
386 6637
2650 7334
294 1890
1330 7142
3767 6079
5018 7452
6083 6161
2846 6880
3795 5115
6718 6929
1849 7476
581 3743
615 643
902 6140
3003 6975
1355 1620
244 280
2661 5289
1205 5322
2431 3781
1732 4321
582 2523
384 7085
1211 1285
2156 5364
2010 2506
125 4245
852 5349
4421 6859
3412 4881
1045 7313
190 1811
4123 4378
869 1388
943 2578
1299 5533
1851 3609
157 2739
1887 3005
853 7617
547 1040
3038 3870
7099 7176
4126 5216
1170 7499
4509 7081
2726 7459
1702 2769
2899 4750
3889 6498
1299 3342
484 2866
589 1735
350 2439
1608 4393
2863 5521
815 7053
389 3918
1044 2719
5771 6467
2442 4700
919 4585
468 5694
2270 2446
216 5944
1517 7192
1718 5673
624 2359
1803 7025
1552 7372
1385 6664
1074 5820
2460 4434
3374 3410
3936 6028
3160 6197
2178 5352
3610 7407
4691 5013
4439 6691
999 2710
1939 6026
993 3567
6150 7577
4031 4293
806 4611
511 4793
86 3944
3428 3892
316 6466
3656 7263
5177 6365
4629 5342
1264 3034
609 4612
1795 3785
7431 7563
6792 7141
5644 6170
4508 4945
6882 7188
1025 4166
2580 5488
809 2412
797 3234
2182 6398
525 790
51 1750
2281 4698
1499 2700
3082 6566
4146 4640
5227 6467
2058 3443
7331 7459
586 4982
3207 5868
1769 3176
2491 3960
2581 4006
556 6733
1985 5068
2419 3895
955 2042
393 3676
1881 4841
1633 3844
1122 6029
3556 3587
2230 6704
1967 7303
2320 3651
2969 3945
2363 2471
2120 5230
4117 6277
4728 6119
1633 3073
1671 6238
5154 5762
815 6651
324 3290
682 3427
1184 1532
229 1702
2615 3762
3860 4904
2323 6735
3222 4896
2951 4181
3280 3403
4802 6675
2820 4980
1585 7500
1420 4645
1962 2919
4288 5112
5264 7613
1815 6316
3713 7633
5084 7254
10 541
1232 3681
1395 6559
4431 5532
1525 3172
2505 3006
2836 4826
5174 5195
2164 2374
4290 7482
872 5018
765 4631
277 6317
312 3924
888 2744
1650 6239
1742 7284
2102 2212
2874 6009
1894 3362
551 1004
285 6417
680 1549
3683 6262
1577 5324
1447 7078
1978 3715
3737 4126
2985 6310
636 4733
5321 6003
2185 6178
145 4211
4771 5569
1731 2321
181 2900
4363 4890
2418 6836
5418 7012
1686 3174
2698 2728
5707 5768
3717 6138
4473 6009
3463 4018
986 2063
2751 6783
3571 3789
4741 5250
5501 6785
825 4182
601 4343
2362 6276
3690 4694
7313 7588
920 1838
3437 6389
4028 6206
494 7436
309 5724
4358 4821
754 5237
2347 7421
903 2606
1375 5977
6145 7255
322 1551
1997 2381
2811 7156
6391 7313
5944 6086
834 3974
2873 4277
5171 6177
1009 2946
2514 4486
3380 5859
4453 6831
6561 7219
1723 7074
6504 6792
337 3216
314 7623
4406 4650
2502 5127
1536 7040
2618 6460
3154 3413
438 6299
1227 6070
7406 7578
4709 5107
1084 2628
1619 3032
4440 6971
88 6721
5846 7582
6 839
4740 6176
1823 3321
4782 6072
2403 7278
902 5103
1201 6984
4362 6638
6373 6827
4187 7524
2380 4908
2115 7339
4562 6935
1782 7167
2500 7083
2727 3956
3028 7374
5525 6992
5981 6572
1279 3537
1279 4486
306 3460
2150 7068
3094 6536
2093 7344
452 1870
1774 4588
2551 6324
4504 7134
361 4714
2509 4418
316 3531
3055 3219
2251 7135
5748 6277
5086 5149
4015 7216
5132 7007
113 1289
2913 6983
3607 7113
1074 4905
4522 4718
6387 7341
65 6376
3208 3665
4308 6629
2516 2891
4777 4834
1149 7598
2003 6619
3274 5216
2229 3924
7212 7382
4710 4871
539 5645
1106 2854
473 3386
1202 6168
166 5544
2284 4329
2572 4928
1194 2415
4034 5848
5550 6176
4554 5131
2627 4745
37 1769
1248 6961
188 2955
6920 6928
2543 4309
1154 4466
1584 5667
3741 6194
64 4833
1837 3949
94 7051
527 5734
4559 6111
5756 6627
701 5465
1454 3991
1025 6759
2447 3545
1837 6149
559 4734
3919 5282
246 2788
1081 1158
681 4353
2065 3795
2941 5063
1257 7649
3637 5899
987 6718
2184 7449
1380 4138
989 2459
3562 6283
997 4593
1962 2636
3177 4380
1647 3008
4385 7629
2214 4192
787 5909
2833 4473
758 5004
5123 6308
4580 6504
2397 4064
6518 7019
4326 5312
2346 7562
2934 3487
144 5094
855 4568
5649 6021
4307 6237
796 1732
2812 3102
2931 6751
1482 1773
2042 6562
659 4952
4037 4532
3349 5986
3180 4900
2826 6243
1366 2942
2110 4235
6758 7394
3788 5332
2327 3259
1179 5870
1250 6642
1315 2117
1662 2401
448 5931
1437 5256
977 5880
344 614
4049 6466
235 7035
3749 6312
1436 3487
1712 4563
4353 6237
1594 4660
148 1550
3192 6303
2504 3989
3967 4783
2823 6698
2070 6586
4686 7173
2419 3663
5013 5847
1488 4062
2504 6088
2343 3530
2415 2903
1810 6952
3732 7254
4667 6020
5367 7498
2406 3705
3427 5520
2872 3866
3797 4412
3811 4916
807 5634
351 2065
104 180
1653 1708
4348 5761
2524 5212
3862 7587
718 4865
6465 7190
816 5999
1080 5477
4351 6819
294 4243
2573 7045
1377 1859
4083 4356
3653 6734
6547 7500
2915 6408
965 3134
3829 4897
1186 5481
3280 6657
2634 5601
2635 5006
567 4780
2407 5168
3673 6992
1379 4668
1321 2501
788 1639
4 3223
1342 1953
5123 6036
2929 4998
938 3697
780 2613
2045 6163
2087 4772
1954 4473
1699 4141
326 5861
2762 6621
2987 6715
2621 6260
2238 4933
4673 5241
2337 5777
2494 4491
239 2162
5656 7592
5642 7563
6378 7540
1474 3641
3463 7025
3143 4471
224 3537
2922 4712
2297 5361
3715 3961
1970 4574
3715 5515
6948 6972
4345 5054
1204 1477
2841 3511
87 4378
203 5262
1695 3971
4046 6454
2810 6589
3391 6783
1454 4541
100 6871
1022 7592
3866 5466
1009 7473
1717 5442
638 1532
4680 6433
690 869
496 4906
5197 7395
3572 7019
5418 5828
2118 2318
2779 7417
3219 7405
1113 5168
2131 6005
1094 2708
341 4152
627 1647
3897 7073
216 2354
2068 7511
995 6935
3586 3668
521 6080
1506 4153
1231 4439
6579 6895
5496 7038
690 1727
1130 6997
2528 5750
3253 3641
523 6570
292 3449
507 2563
96 3237
5824 7372
2027 3425
3790 6104
5456 7115
4217 7555
6345 6998
2516 6120
5266 6878
2903 4211
6624 7181
1105 3975
5530 5565
1431 5348
3322 7327
1190 4915
3176 4592
1991 5810
4556 6221
3125 7519
2912 6663
698 2660
3943 6891
1063 2356
501 6055
5136 6699
2587 2812
1837 2263
3952 4672
1406 6054
2100 6442
4841 7267
2419 4265
4650 6933
6129 6357
723 5886
4723 5695
5587 7311
2039 2481
6122 7613
2902 4850
321 4582
1050 6431
434 6897
1116 5670
3725 5660
2786 4050
1308 6172
500 1373
939 2883
4729 6773
4876 7003
6256 6760
827 3090
2903 6986
4149 6146
4567 4915
6135 7208
1366 2557
2704 7447
215 2015
4061 7221
1034 4380
2477 5182
3916 6987
4532 4928
2915 6053
1471 5317
2047 6636
3242 5938
2785 4464
1809 5371
32 6345
479 6419
6150 6675
1766 4783
4605 6323
1149 5722
969 5288
6323 6806
3386 4566
945 4727
4055 4857
3386 5377
784 3233
2073 4856
3567 5101
3652 5936
2554 2911
444 2431
2251 6987
1492 2300
1487 3144
1482 6173
3484 6270
7401 7572
1164 7136
4094 4851
3031 7394
3222 7036
384 4314
3834 4957
3588 3922
2500 4055
834 3483
230 6355
4002 7471
2190 4581
1013 2436
4264 6528
5027 5124
1422 4321
497 2826
609 850
2017 4061
2800 3132
4788 6320
4229 5986
1498 2863
2392 6630
4063 6433
4527 5940
3538 7072
3554 3934
98 7403
4149 4679
1808 5877
78 1228
440 3377
3894 5325
1565 3189
6053 6086
4756 4809
669 1808
2392 5221
284 6912
4714 5106
370 5538
323 5515
5163 5343
3639 6466
2621 5797
2058 5656
3653 6406
334 3926
283 3709
1945 4268
1782 6322
1668 5820
2928 5628
5561 5871
1860 5722
2293 5721
3040 6791
5266 6304
5100 6555
2501 4709
1094 5375
3542 7407
2549 5910
5895 6816
804 2556
4847 6943
2829 6045
416 1084
2777 3802
1561 4031
1966 7400
5671 7041
3538 5608
348 2829
3474 5571
97 2323
2032 5165
6640 6988
3060 7359
3963 5541
7279 7372
5107 5581
1457 7451
2537 4820
856 4604
1619 1840
5186 7554
508 6211
50 3222
7151 7529
5257 5386
1550 3705
827 4208
1954 2681
3592 7148
1227 6663
3513 7303
3485 6282
5533 6083
2975 4859
1050 4453
1389 6135
2822 5713
3193 5625
2892 5663
5446 5694
488 2322
4641 7645
3304 7117
2119 7087
1708 3954
3140 3483
4730 6723
5352 6148
76 1857
1653 5926
4994 5394
4867 6572
2416 5441
2874 3210
2757 2811
1947 6372
1916 3496
4692 6017
437 1840
2856 6718
543 1090
4453 6434
2292 5166
2140 5605
4013 6102
2718 6338
1912 6785
4991 6885
4468 5738
1174 2013
4685 6504
7229 7588
1870 2259
3684 6407
3839 4521
3625 4110
2239 6513
3409 3499
5442 6624
2757 3296
2526 7008
1179 3866
2682 4244
325 5013
746 2617
490 5816
725 7581
3729 6485
4094 7475
5496 6327
1810 5118
264 4322
1567 6552
1126 5078
961 4137
3342 4308
2454 3396
1469 7031
1404 5495
2639 5193
690 1060
3428 6051
288 5165
77 6775
1783 2464
39 2959
570 7233
6074 6486
603 6592
1084 4012
1476 5640
1706 6355
1225 1925
6061 7604
343 6566
4211 5012
2419 2933
2803 3398
454 4137
734 6842
4188 6437
1137 6096
3222 4944
662 1878
1990 5912
1549 3081
3693 7373
2127 6482
3254 5872
1286 5680
4607 6947
132 5762
578 4682
1418 5847
2361 2714
5320 6227
580 5220
1322 3878
2976 6795
2259 3272
1526 6955
2086 6153
790 2182
384 1167
1339 2976
7309 7581
6734 7627
1566 6538
4792 7203
1505 2502
2756 5231
21 5378
1250 1794
5396 6353
4242 6723
1228 7311
918 7408
6438 6931
3376 4616
1069 7602
404 5013
4828 5322
5342 5814
3520 7259
1175 7225
5789 6560
1554 2852
6639 7008
3511 5764
1798 4216
1089 3992
4373 5666
3512 3764
136 5351
1087 3096
2357 3893
805 3099
2468 3416
2605 2780
1892 7562
806 5924
4312 5087
704 1842
1726 1872
3638 6280
425 4512
3304 6214
26 2801
4237 7288
2563 3535
194 1424
965 6272
3677 3930
3592 4888
4545 6555
1738 2806
1134 1220
1156 4971
3610 5513
969 2651
4487 5684
874 6151
180 1570
108 5821
2212 5336
3729 3993
97 3998
4433 6660
1040 4157
6861 7149
950 4835
3235 3651
3409 7222
2723 3451
3134 5221
4233 7215
4402 6291
154 6984
735 2378
521 3005
864 2282
578 4975
3685 3996
61 3990
2513 5762
3027 7451
4252 7458
5852 6460
7066 7077
1517 7261
504 2954
534 7375
1664 4811
773 3209
5450 6118
2420 6193
2487 7118
364 1319
3747 3841
736 1534
3986 7213
3953 4492
4125 6239
2579 5845
3943 7210
2466 6450
2129 5152
508 3379
3763 5340
1658 5372
1157 3264
408 786
3362 4638
2771 3349
2103 4344
4302 6406
4619 7167
1275 5769
888 1247
3055 3367
2681 6106
4757 6569
3614 6626
24 3748
810 6075
4550 5628
882 5784
175 5034
3600 4479
248 4777
1669 3298
6110 7647
1056 4244
1384 4668
141 2627
3033 5889
625 4645
154 879
591 4795
5469 6843
2628 6053
4241 6906
2631 4053
480 6941
2785 2858
4667 7178
2494 4186
1851 2236
4149 4509
2174 2369
1932 7075
830 2899
293 3593
2802 4905
4235 5877
2100 3208
888 6384
3180 7627
2318 2460
855 4848
3841 4826
1660 2441
128 5482
4267 5457
1839 4574
1248 1970
1440 4456
1445 3284
4306 6859
1712 6610
4635 6747
6283 6452
2932 4177
5589 7591
657 3457
5236 6378
4018 6722
6796 7411
678 5676
7531 7588
335 1561
1628 4569
5357 6767
2730 7639
2284 5607
1470 4106
4041 6998
4460 7291
1329 5030
1563 3068
2926 3360
1249 4860
1281 1938
7106 7220
1714 2112
3530 3819
3068 5796
3581 4355
2363 7417
4188 5063
5090 6365
2866 5042
1653 2666
44 3460
2001 4248
464 4024
1778 6497
4602 7188
2390 4656
1247 4094
2346 2824
1592 2338
4014 7565
1725 5450
5132 7636
2037 3514
5935 7340
2548 3407
4653 7615
854 6888
1935 3131
4339 7340
1755 1948
195 4278
1142 6290
2201 3429
2510 7147
1014 2720
2219 2759
838 4282
6504 7188
4989 6441
1636 4583
942 1741
251 1443
512 4430
3751 5348
5896 7424
7343 7369
4703 6559
550 5159
6188 6999
2331 4303
953 7021
23 6990
3428 7222
6189 6401
1488 3597
65 4763
5675 6099
3778 4851
2844 4029
555 7304
1360 4371
1627 6840
5017 5395
813 1707
1342 2557
531 4648
1439 4871
940 2701
440 2732
907 3901
950 7646
3360 6378
3334 3912
3350 4944
2196 6993
202 1750
70 2837
5642 6797
5937 6648
346 2138
1399 4402
1292 3663
2180 4688
2238 2667
2905 5451
1267 7096
7110 7384
2261 5725
3690 4617
4856 7479
3138 3807
4878 6155
4335 5314
4881 6602
5167 6141
6458 7616
4738 6235
3578 4189
2903 5182
5381 6239
2346 5334
5429 5983
2509 5217
6512 7349
3402 6477
378 5414
2967 3387
1810 5471
4430 6681
333 3353
1223 4770
3138 3770
842 7282
2016 4116
3299 5200
3991 6445
1346 5407
5717 6818
246 262
1033 2401
1813 4512
5090 6042
3346 4882
739 7145
1622 4676
163 7539
5990 6935
122 5419
3774 4673
3060 3356
4636 4996
2238 6509
1947 6221
1443 6498
3196 3796
2005 2216
101 5264
547 2447
655 939
4925 7420
1510 5517
4875 5177
2591 5816
3497 4477
4435 5624
4490 6934
169 334
1783 5000
4654 6148
1211 3960
2177 4106
1970 5058
1203 3277
2203 3556
2768 3355
3248 5394
4781 7017
1918 7366
2067 3320
3577 7062
1076 2183
2819 3084
1887 7029
1159 3214
2008 4170
4383 4478
4002 4648
711 7249
476 2861
1583 5344
2723 3188
3740 6501
856 4519
382 2591
1198 3248
1656 6805
1509 3025
2526 2675
536 3293
3674 6607
2559 3587
2031 6848
4603 6791
1405 5443
3322 7206
1350 4158
4078 5094
5161 6108
1069 4598
472 7610
459 5184
2570 5132
4315 5768
1963 6512
3712 5305
628 3738
2703 5270
641 1072
1246 4186
3290 5702
2192 6070
1951 5325
1995 4434
6379 6520
6468 6472
654 2573
1667 6920
497 3694
1762 7012
1603 4192
4791 6257
3157 7531
544 7351
4249 4469
603 4465
209 2388
2525 3906
5245 6210
2665 5712
3261 6145
1907 7449
899 6242
221 4353
2010 4824
2666 6275
1007 5055
2973 7193
120 4529
3818 6183
4198 5424
1860 7620
4304 5794
2512 5010
3513 4312
1257 4466
4005 4985
2254 2616
4717 6833
1315 2832
518 1258
5165 5377
4363 4406
3170 5788
4094 4442
2553 5535
604 5481
5102 5369
2714 6075
1174 3488
2412 5810
2234 7492
5549 5736
6691 6805
1147 3950
4016 7237
1678 3444
5380 6197
1314 7140
1927 4064
2275 5547
2625 3007
4960 5049
2528 5655
61 188
3423 3428
1878 3773
6086 6736
4208 4588
7483 7529
2631 3802
3209 3933
3393 7535
4436 7540
2020 6358
685 4334
3953 5611
1523 3958
3279 4479
527 4590
1958 4038
794 1558
4933 5866
2394 3298
6809 7635
3208 7265
561 1453
2359 4516
561 2706
1617 4284
484 572
1169 5796
450 2441
2475 5074
4311 7227
1165 3460
1031 6512
1044 1611
2195 6325
1671 5820
1310 6318
163 2907
3141 5282
412 2717
2809 4356
263 4196
1569 1866
6625 6781
1608 6366
1213 6428
2036 3669
1919 3954
3878 4172
4046 5876
2411 4315
1822 5468
2883 7294
3479 5353
568 2362
2698 6456
488 3918
3472 3830
1273 1874
4366 6370
6622 7295
1171 5050
4237 5018
727 4174
2340 7619
1814 4603
4287 6706
1817 5085
981 6870
717 3367
4285 4816
1531 3807
191 5430
1206 1627
1413 4690
5944 6724
1030 2855
1034 5182
2889 3323
3102 7019
5511 6904
5268 6315
1999 2764
182 3870
4396 6218
3556 3920
1515 7031
6118 7112
676 6062
1923 3284
2837 3740
1390 7357
1591 4183
1560 3503
412 5939
2984 4086
3546 5982
5579 6614
3077 7337
3527 7470
6681 6720
2628 6943
6452 7478
2415 3853
4337 5916
806 7635
2881 5323
1214 1876
332 3555
7137 7489
3742 6131
4681 6648
3195 5062
2447 3024
165 1512
17 3611
2472 5108
1574 6088
325 5689
2779 4229
2324 5490
1119 7570
4171 5804
1868 6822
4290 7570
356 5391
4969 6329
4591 6142
1441 4204
1185 5768
1185 5222
1293 4677
3200 6062
5109 6178
2194 2792
455 2786
797 1838
3248 3368
408 3115
2566 5351
2178 5139
1880 7067
683 1053
2815 3492
1204 4073
6960 7327
1093 7129
5909 6456
1509 3751
836 5838
3563 5551
2402 4113
541 4508
2470 6005
286 7446
5042 6735
425 1700
132 1604
923 4828
6943 7368
1087 6686
5151 6787
1066 4908
3958 6490
595 5202
4451 7465
82 2476
538 5844
214 4795
1291 4717
858 5853
1610 3528
846 2625
2228 2367
1923 5618
1303 2771
4616 5045
2634 5033
2739 5083
3091 6044
454 3589
4195 6882
1863 4206
6179 6441
291 2580
6913 7356
1933 4156
4675 5430
3401 4580
1999 3426
1254 3339
5657 6957
5076 6595
3402 3678
4215 7403
3976 5798
2134 4527
5554 7536
4582 5445
2438 4492
763 1114
1524 2103
2274 2415
2113 4948
983 7455
2712 3274
3773 4200
1510 3659
3274 6615
1627 6096
962 4018
4671 7246
2495 4780
1182 4784
757 2919
5380 5981
3748 6374
4874 7317
3772 5175
2214 6369
2177 2970
1437 5239
687 1215
3815 4934
41 4260
496 7342
566 1571
1285 1516
5348 7461
3514 6087
3739 3883
1565 2236
1190 3962
125 1364
4797 5593
531 6024
2055 2697
428 1172
2294 3989
2217 4394
1236 5498
4124 4254
2600 5574
5768 7167
5195 7138
1407 7121
2334 3759
882 1084
2254 3822
412 1542
786 1168
1168 1401
6369 6690
573 989
2224 5091
2940 4776
1974 2122
2749 5444
1119 1380
2941 6310
5112 7155
3770 3802
3974 6135
3075 6923
2793 7393
3827 3838
1341 3969
1055 2624
4708 4749
3777 4968
610 1096
2493 3023
1648 2270
2055 5177
292 3853
2654 3017
1212 4198
877 6410
1665 2405
5778 7340
5980 6016
1544 6540
2662 5050
660 4825
1423 3407
4276 7465
1262 4344
2031 5768
6065 6228
941 4042
3812 6838
6829 7610
1611 5853
1564 2454
5625 6549
537 5772
2169 6751
1073 7287
2673 5544
1959 2534
2409 6072
2824 3273
2075 5606
4186 6883
2327 3883
2568 3339
296 2090
5103 7068
4143 6409
2141 2521
5761 6326
55 2115
4151 7136
5228 5918
3891 6353
2932 3696
4666 6512
2151 6108
5843 6253
2755 6970
3587 7294
3796 6105
1958 4714
219 4133
1039 4272
131 5141
2747 3316
763 3462
2361 4117
3886 5405
4078 4257
2207 2611
2201 4265
1189 5800
3610 6109
3382 4428
6457 6885
719 2064
658 868
3081 4210
1347 3642
2478 4036
20 5458
4190 5807
4483 6655
1106 5853
1427 4879
2679 5207
6144 6204
173 6332
4609 7354
1391 2106
1297 6906
139 1550
1149 6441
475 974
5136 6643
579 5690
4276 6997
7029 7068
3583 5653
4264 6192
3552 3822
3433 7036
1059 6752
2776 4123
236 6354
4772 6136
3974 4105
6469 7431
3064 4954
1735 4605
2361 6952
619 5197
1683 4293
1382 2538
1623 1989
2045 4145
1429 3417
436 7637
220 3566
2705 4247
1524 4724
561 3068
2333 2526
904 1479
878 2067
6684 7419
4834 6653
3681 7080
2972 3373
1594 7140
5171 7386
4163 7303
1428 6713
4700 6718
5068 5098
2120 6894
1364 4975
2404 2848
2287 4250
5412 6670
1967 4610
275 4285
1287 3343
2975 7572
5507 7531
3289 6168
3282 7369
1096 7466
771 5354
3413 5231
1934 1998
1782 4176
899 5740
26 213
1551 7479
1567 7225
3657 5330
1852 2638
1077 6984
572 6135
1918 5051
842 7388
6187 7127
1918 3477
5127 6653
202 5418
4770 7357
877 5337
2268 2723
1593 5522
4358 6185
184 3973
947 1922
558 1273
3610 5164
4776 6495
2474 3950
577 859
1344 2680
3084 5076
706 6751
237 7502
268 7389
4354 5143
5022 7312
2500 6792
111 114
1026 6875
4846 6293
1509 5674
2136 5571
1366 5736
1412 6056
3267 4411
1679 1869
3379 5322
3964 7285
4028 6656
3633 6924
96 5692
1549 2427
392 5525
1532 3505
2920 4677
2511 6164
3925 5182
963 6585
1808 5278
2857 6411
618 6254
3721 4397
5818 6938
4338 6250
911 3409
4826 5039
2468 4886
922 7341
4817 5673
3099 7146
2352 5047
2165 5816
3657 4683
147 5648
1844 2093
2557 6389
1893 7131
6116 7550
371 7544
3622 5276
346 4538
1160 4015
2028 4439
1147 5690
2114 6876
3127 4864
4740 5138
1927 2341
315 3657
4848 6137
494 2290
6541 7489
861 2151
2390 2881
1409 4305
2535 6273
3573 6808
1611 2524
74 211
2332 5329
2274 6854
793 4735
285 5623
1762 4747
5561 7416
222 5070
1502 6014
81 6952
5046 6178
2276 4897
516 4324
649 2653
6060 7307
3599 6840
1624 5675
2610 3686
1166 1798
3365 6135
2041 3046
3921 5015
4337 6699
6019 6713
5165 5962
4968 6555
6284 7573
4629 4990
6778 7429
2340 4096
5713 6815
2171 6319
1381 6258
6311 6366
4628 4805
4725 4945
5064 5416
3661 7154
1604 2500
2385 5329
5300 6704
2161 6846
4258 7355
3313 5678
2955 4143
5249 7581
101 721
2194 4950
4943 6577
5443 6376
2510 3768
6498 6702
814 7419
6453 7437
802 5059
5701 6121
1362 4237
1291 3818
4260 4603
4080 6555
1204 7082
4118 7599
1578 4574
5780 6250
4499 5676
1802 4163
4262 6354
5920 6938
1006 1109
3661 6508
2524 4760
2919 5768
417 3614
3723 5815
2655 6981
811 4793
1707 3753
761 5271
2375 6658
2030 6472
2763 6403
943 7369
1138 5809
2640 6171
1282 7065
243 2867
3033 7494
1404 1923
2526 5131
202 1098
2845 4695
2903 3913
112 6250
5603 6250
3399 5745
897 3005
5693 5936
3804 5382
1144 6079
1443 7479
4922 6394
661 3460
1885 6083
6925 7316
3412 3630
1104 7570
7314 7570
4397 7285
4346 6187
1258 5903
3102 7319
1265 4835
178 5750
1732 4369
1187 6617
822 2511
1067 1334
3401 6236
183 7606
2107 3936
850 1685
78 1198
3538 6762
3360 5504
1937 2482
1812 4864
1929 2568
679 861
758 6755
3264 5523
3038 4889
1313 6436
6438 6940
1298 5024
2582 6387
947 5012
1890 6281
4463 4732
3818 4081
347 2245
3642 3853
2 3272
989 1596
4075 5034
3060 3308
6387 7342
2794 5740
1462 6629
962 3984
4460 4637
3018 3271
1343 5051
1980 6343
3429 5749
1389 2858
4681 6653
1562 2593
1560 4542
2859 3349
3926 4655
4780 6853
3012 7318
395 775
5551 7319
129 189
2885 5324
2329 2946
2354 5957
1396 6070
2568 5803
264 3092
2659 7269
334 7155
514 3225
2788 4284
2154 2295
126 2249
5276 5804
1333 6494
4771 5272
2758 3219
5085 5689
3236 6094
4418 4638
432 5183
3218 4025
1045 3747
1319 5538
83 3905
689 3179
325 5605
2500 5284
2720 4318
3483 4775
1428 3706
3350 4581
4025 4703
718 7315
4659 6649
1970 2164
5315 6974
2581 5662
5299 6257
2268 6102
945 6786
4055 6397
1555 4285
1679 4354
2492 6117
4857 5808
1 6059
1275 4541
2552 2741
1891 3158
889 4028
3335 7479
3845 4400
3002 6845
2956 3733
5306 5979
4709 6942
2871 4837
4221 4932
2983 7465
1849 3422
2494 6910
4271 5282
2699 3463
1558 2323
515 4220
222 2233
38 1675
4711 5407
1804 6626
1683 7019
3392 4183
3090 6991
1215 1931
644 5934
2728 4241
2276 4424
2632 4846
2973 5668
1474 6611
3334 7586
1103 1290
3160 5317
642 5064
1512 4583
2939 4231
2545 3207
3022 3201
799 3956
2499 5902
1000 4093
4601 5365
6661 7483
882 3713
1005 6541
5149 5402
1364 2938
1772 5034
3558 3929
1562 5849
3390 6976
4835 7363
1394 4683
4615 7159
2754 3410
3952 6968
7323 7479
2299 3706
2140 3905
4194 6357
858 3231
3802 4664
4306 5142
3330 4069
1490 2991
2000 2956
4602 7414
1016 6477
348 4249
5372 5535
2922 5853
2807 4361
3498 5674
5066 5163
2456 4042
576 2385
1199 6716
2416 6592
1492 5737
1934 4125
5541 6808
690 3799
61 3626
3650 4365
3002 7051
1399 4874
1072 2707
547 6199
2479 3391
3276 4522
1420 4677
497 4373
1820 7506
4851 6883
3012 5989
3532 4343
2736 6556
4219 6326
839 4692
1327 3711
3551 4861
2311 3942
4734 6967
1332 5598
521 1613
5063 6473
5065 5506
4654 5230
3933 4643
2554 5762
3271 6601
2533 3293
4265 4892
564 1669
1769 2646
4306 4630
3020 3313
4046 4939
226 5964
236 3237
1124 6667
475 3507
7067 7418
3199 5150
1377 7513
611 4890
6384 7549
6201 7038
2405 4774
1931 5120
181 5977
867 4176
3256 3444
850 1248
6452 7467
195 1573
747 773
344 3011
2 1950
2246 4568
429 6194
4061 5705
1341 2134
399 5037
4927 6312
4806 7439
3500 6939
3294 5113
4917 5919
573 3852
5062 5613
1596 3160
5083 6820
2230 6069
5085 6874
7406 7605
24 4011
412 7390
1265 2037
1894 5440
272 3110
4346 7123
3099 5585
5186 5266
4715 6907
1338 7608
105 2497
3109 4860
2570 5610
89 982
4399 6750
1608 2369
2245 5144
4579 4773
968 1944
2188 4365
1023 5601
1199 4876
56 5137
4233 7282
192 4336
627 4756
1888 4499
3980 6207
1119 7403
277 7627
3024 4720
2055 7287
840 3511
3723 4418
4302 4895
1063 5075
5769 7430
5446 6004
3652 5941
257 5794
1225 5171
3126 6874
2344 5053
3107 5240
1046 6772
1152 4553
1484 6754
3711 5117
2211 5733
731 3937
1018 2353
502 2628
3053 3717
6486 6651
502 1650
1295 5539
24 7198
1892 6287
5117 5949
1355 6895
186 1017
328 1431
771 2525
597 6690
2816 7209
1 946
3364 5832
43 4519
608 4360
829 3342
195 1536
6059 6524
1625 5913
1723 3939
3568 5967
3237 7580
266 6842
2310 6156
804 6399
4114 7480
1260 6554
6087 6814
3861 6144
2214 2367
2559 6995
2339 7631
736 851
5841 6603
3363 3825
2104 6771
3725 5263
151 6121
406 5296
777 3091
5407 6459
3577 3659
1338 5866
1266 2186
722 6303
3467 5417
755 5321
408 4616
129 5122
6022 7359
2315 3396
1779 4443
322 2071
2917 4092
364 5111
1747 2318
4686 7017
3871 5699
1152 2226
1919 6789
6941 7107
2908 5857
642 1734
2899 6579
5938 6571
2316 4662
1449 2911
1115 4645
3478 4922
3824 5611
1357 3183
2249 7462
254 3901
1692 3617
125 2898
2566 7192
241 6739
2456 4154
1218 1655
4478 6039
1787 3513
3315 3498
884 4701
2158 4547
895 4977
1546 2569
5905 6856
670 7329
4332 5136
3125 6511
1974 5715
1306 6217
1999 7119
3196 7427
823 4846
2413 3139
4457 5100
1170 3914
3717 6344
2170 7568
2264 4594
5231 5473
266 6537
1833 5460
4271 5181
268 2483
5259 6204
4398 5025
178 7393
722 5312
3821 6146
3214 3502
540 7247
3158 4602
4244 6957
2258 7263
474 811
4512 7535
2126 6212
1355 3202
2863 2935
1513 4719
878 1016
3066 3152
282 5979
202 3965
2711 5275
372 5002
1360 2145
286 5947
2632 6376
5029 6875
2113 3569
6429 7575
3572 6447
2142 3975
3366 3401
784 4214
166 2611
1924 7288
4340 5564
3540 4897
1809 3067
6602 7329
2069 3259
5808 7244
4170 7513
3057 5634
498 6236
534 2027
6427 6577
678 765
3943 4513
5432 6989
3334 3946
683 7514
1842 2603
1454 1507
848 6948
2301 3747
7009 7578
644 5235
2738 7543
4113 6781
1510 3407
5049 5150
1150 6632
5793 6471
2759 6798
2862 5458
338 7214
1891 4187
4623 6422
1913 4273
2239 5887
2843 4529
4002 6272
4920 6830
2333 3846
3665 5829
720 6427
5416 5490
2070 3800
521 1804
5186 6521
2268 4112
3845 3946
1277 2662
3593 7560
3296 6687
2567 3702
1369 2417
4631 7163
81 1023
4931 6676
2949 3989
2607 6560
662 5030
194 5615
893 1019
4753 7037
3349 6341
4004 4497
3717 6751
3601 7456
1827 5103
3542 5586
3845 4157
3409 6738
4995 7587
1299 6329
1040 1618
1107 5538
4614 4735
2433 4541
4466 5298
861 1934
5702 7552
1655 6921
4288 4374
2772 3158
7288 7474
708 5103
4487 7583
3194 5984
1927 7530
1160 6423
1690 2429
967 991
307 5821
348 6765
1618 3819
1337 6783
4108 4636
3112 3510
2860 7296
2193 6055
17 4729
1872 3697
827 6206
6846 6924
383 2608
164 6487
803 4869
4032 4211
2262 7156
551 3403
1785 2272
3640 5743
3209 5258
2926 3287
639 7425
3601 6079
2495 7350
753 5539
550 3477
1292 5217
6030 7316
5456 7433
1415 1956
77 1711
4657 6506
2004 6332
4637 6325
1645 5325
5417 6617
4492 5497
4462 5559
2606 2828
1504 2910
895 4850
3485 4796
2132 5282
2962 3621
2992 4644
2500 6868
5017 7384
2794 2901
2320 3535
248 4805
3571 6140
560 6509
2251 5170
652 5477
1410 6983
5385 6402
64 3627
5274 6247
2965 4197
5065 6733
55 7578
1464 5801
1804 3751
422 1902
2157 3451
18 7430
3785 5516
1900 6220
6958 7504
4717 7470
6515 7627
1239 7360
574 6631
2785 4639
5788 6407
3955 5555
451 5557
4860 6167
2591 3567
1208 5982
1868 5939
3915 6891
757 4947
3240 3623
3387 6923
958 2908
719 1512
4375 7189
3391 6723
4854 7421
5095 6515
3273 5812
7114 7428
86 5209
842 1553
842 4781
4457 5463
2711 7080
1012 1068
1916 3975
1073 7178
3886 6779
81 3368
1452 4565
4725 7429
990 6423
95 4420
4511 6492
3802 5498
166 693
2563 5331
1390 7176
5267 7444
1639 7261
5403 6430
762 2922
1905 3537
4664 6930
382 3356
3270 4737
1835 3949
2615 3085
3875 5985
1218 1437
400 4080
5291 5734
3216 7033
2724 4143
220 1078
1230 2024
1795 7057
3119 6825
953 3879
169 4276
1175 3608
2893 4767
3130 6246
3243 7147
6181 6409
1935 3137
6842 7056
3142 5961
3994 5855
4130 7619
4570 6135
5085 7483
2103 6807
2170 2861
4218 4343
230 2560
2119 5780
776 4583
1077 2634
809 2509
1465 7646
378 1165
188 2006
4136 6445
5181 7641
6702 7101
2314 4295
5128 5138
2375 6529
4796 7182
1358 2336
3190 3421
231 7089
193 5110
1088 6971
5747 6649
4497 5736
622 1120
1351 5009
2069 5871
428 7643
1502 5912
1168 5017
2458 6969
3581 4100
1680 3407
3400 4205
4087 7363
1544 2484
729 6851
1477 3979
6104 7229
1230 2810
2847 7303
227 6481
3285 7209
48 5364
1676 6237
1146 2328
1419 6839
1782 5441
2619 3243
379 1317
5025 6923
4903 6410
548 5646
2330 7608
5699 7145
2221 2347
115 6855
4032 7381
859 999
1029 4877
1967 7181
4478 6297
121 5069
1438 2681
73 4504
422 6017
2176 3037
2842 3010
573 6416
1350 6224
3581 6246
3896 4027
3275 4346
7258 7451
5746 5846
5576 6593
1320 6003
4996 6472
4372 7610
299 1674
406 1949
620 7354
5554 6932
187 202
3158 4348
182 7359
2354 5629
3403 6124
1541 7554
1268 5588
2882 4172
3642 6366
848 1212
22 3410
1516 7243
1878 1945
3822 4732
5764 6117
4428 4710
159 3774
3517 4410
4614 5818
555 7349
695 4286
3994 6479
1296 2324
2942 5466
3575 7469
6550 7639
5109 7550
6725 7208
4899 6752
511 7263
517 4866
3351 4878
2876 4189
2933 5683
416 1609
595 7043
1156 7314
677 2663
4374 4437
164 4604
2310 2895
6048 7537
1320 3148
6291 7001
3017 4174
1933 3174
747 5396
4577 7280
193 5697
4105 7095
1589 2786
2566 7389
288 1105
674 1633
2264 6789
1496 5756
14 6543
3844 5083
1914 6711
3826 5781
3711 5113
5084 6016
398 3624
1097 6274
1407 2232
5090 7386
183 2346
2171 5272
2153 4149
360 1995
1371 4200
2053 3017
30 6983
6461 7332
1954 7057
4107 6772
875 2860
2006 5056
4228 5726
1414 1486
1915 4220
333 7617
579 2165
3180 4944
95 7076
2056 5764
752 6503
2802 3733
4117 5862
2726 4408
448 6711
5981 6093
2055 7640
3621 4039
3358 7140
6051 7283
5071 6466
636 3433
1948 3745
2460 4737
1210 6067
2996 6273
826 6358
1554 5353
3686 5239
4563 5165
4341 6370
4805 6417
555 6643
4962 5676
4695 5020
4450 5846
260 6252
3817 7446
6739 6831
4240 5583
2573 5591
231 3115
1254 6505
4404 5421
6 3304
2743 5328
875 1938
1308 7056
2339 4290
1554 3442
3159 6617
4099 6615
1841 4494
4936 5486
4704 6392
753 4876
3751 5529
7 3847
2605 7136
2806 3065
3959 4514
3683 7285
1372 1621
1257 4299
1171 6822
4520 6515
357 1071
2291 3759
3148 3381
5579 7213
1502 5598
1141 1472
1094 1638
1652 5156
1470 5283
5566 7483
2115 4457
1831 7040
1099 1243
6775 7328
122 3569
1534 4469
4060 7142
2233 4965
3560 6090
2411 5229
2419 2449
3858 5145
128 4441
975 3397
1589 6691
329 5428
1187 2347
6613 7617
235 6887
3469 4900
2673 3715
2764 3717
1588 3699
3414 3819
3822 6720
6813 7587
5509 5589
627 5017
4528 6325
3410 5351
613 5774
3079 7278
3051 7295
622 6240
2880 5190
556 7316
4090 4704
1027 4149
4162 5382
651 5746
941 2418
242 1828
5192 7596
5326 7298
729 4138
2652 2916
82 707
28 5662
3704 4199
4278 5244
224 2679
2945 4830
1328 3239
4776 6487
1777 5100
3719 4712
544 5681
6487 7361
1814 6687
2929 5603
4605 6660
4983 7544
170 1241
897 2019
638 4079
2503 7144
1149 1502
2472 2668
1048 2388
1482 4234
38 7304
4876 6625
1979 2007
5630 7226
2304 3667
4426 5505
729 6137
1854 6684
3018 5901
1656 4618
6816 6940
1702 3326
6601 7240
5097 6648
3360 7031
712 852
758 1520
5223 6934
284 6514
4638 7553
18 1411
1292 2664
1787 3787
6039 6545
5160 5344
735 2503
876 6969
2134 3983
1763 2337
2079 7282
1361 6252
3589 7486
350 4151
683 1637
2967 3410
5553 6768
5512 6046
6231 6236
1345 6925
3334 3386
2451 7016
4064 6587
3270 4902
740 6778
434 2895
5375 7331
464 1923
4168 6284
3798 5052
4842 5679
2546 2776
1458 5457
730 3037
2704 3629
2289 4948
3253 3254
1311 4492
473 7144
3966 6444
2786 7094
951 1047
4796 5447
420 7157
304 2143
7442 7552
1253 6167
6451 7079
893 5211
4294 4870
4659 7153
4532 5304
3568 6994
4900 5480
6524 7150
3019 6134
1506 7480
2161 3236
2212 5277
684 4696
36 5674
919 4448
4076 7423
5012 5253
4495 7234
924 3977
1627 2506
2819 5121
6297 6502
1417 2615
2314 3539
4933 5722
4517 4662
2416 6121
2026 6065
3820 5515
4787 6040
729 5928
1156 4234
1833 6987
4706 4900
3633 6982
857 3621
2135 4793
2127 6612
2672 5208
7279 7478
6627 6846
4352 4520
2465 4258
570 1949
5050 7341
1 690
911 5043
5280 6976
3841 4355
4018 6274
2508 4417
5150 5979
3255 7454
2439 4734
515 2600
633 1359
297 3097
4273 7027
1428 6242
3812 5691
3624 5082
6506 7429
754 2849
1949 3753
752 7266
2317 5605
2976 4372
3605 6404
446 7271
1573 2355
1882 4509
2407 7218
1563 6382
2187 2561
1463 2142
1177 6469
669 2093
1709 3540
1618 5153
3624 4366
3533 5347
5089 7423
3053 3099
3875 5718
2225 5493
799 1105
3614 5584
6637 7580
3107 4314
1697 6076
3419 7608
3936 4982
988 6988
1800 3726
2582 3051
2664 3528
1024 2790
4163 5142
1400 1892
3046 4854
5053 6997
2340 7633
2185 7059
1194 6842
1216 7274
2314 4971
2170 6452
1913 7191
3878 5717
4387 4563
3799 6912
4100 5508
188 568
2326 7104
851 5698
70 5616
3167 3244
3342 6723
1297 3068
1098 4468
3482 5421
3683 6090
2473 2603
1306 3416
2870 4656
1054 4203
1815 4292
476 5770
141 6168
2827 6011
586 6825
6418 7161
4635 5182
4431 6638
5113 5135
2079 7161
1223 1739
3738 4845
43 7286
1721 4646
2750 7648
93 2255
613 737
4042 4543
5182 6777
219 2231
855 5390
519 2417
1372 1481
5728 7082
318 2142
2357 3996
1863 5035
4956 5119
2660 4153
1288 5200
155 6304
3669 6668
61 4629
1510 4372
2509 5832
2242 6592
2028 3028
2758 6605
5786 6566
2159 2198
130 6402
2338 6329
2217 4092
381 3328
2741 4429
94 4649
2302 2498
5810 7611
2471 7588
416 4702
6649 7444
2926 4326
1056 1564
2146 2327
379 4570
2460 6316
3209 3423
6165 7064
1541 3272
568 3801
384 3869
2579 5516
1379 7509
2273 6292
3877 4405
452 7250
1605 4318
1623 2043
1927 4291
4440 7600
3176 4139
3868 5176
4759 6439
3378 5930
3123 4127
2752 4494
3560 7580
2130 7306
1927 6167
4437 4525
707 6441
513 6763
2451 3735
4161 5072
4497 5768
4630 6831
7071 7649
1339 4001
2061 5623
797 1553
2802 5746
2 5680
1118 6402
724 3158
795 6252
2735 5999
645 7521
3682 7519
488 3593
3200 5745
4727 7206
3200 3607
3056 3082
1400 4476
758 5602
3715 7271
826 5716
1838 5699
846 5965
3549 6257
166 6711
5075 5882
2526 6990
1100 4363
287 2000
1182 4590
386 3431
3534 7239
1839 4459
1677 6783
177 3751
1911 3223
3026 5279
3553 7342
4867 5683
1223 5316
375 5898
6164 6203
895 4090
5083 7526
1043 4449
3693 7489
3256 7104
2119 3740
495 549
4215 5658
3682 6820
1042 6704
957 3698
4519 5921
1453 4229
806 7506
2145 5214
4142 4512
875 6932
2573 5669
5014 7084
651 3747
752 5605
3140 5855
914 4704
4874 7266
1021 1568
19 5032
5627 5920
2079 6136
5951 7056
1669 1885
4283 5363
3818 6110
2906 5359
473 5820
4811 7276
1922 3045
3473 4624
3860 4656
1565 7576
3066 4057
1242 7481
1917 5002
4226 6175
5444 5614
314 1805
2100 2371
518 3677
2203 4336
2769 5266
1140 3826
109 2328
2105 6516
1546 4417
390 5935
372 4194
6444 7523
2307 2446
4603 6369
3405 6172
3873 7386
28 2047
3228 3746
218 716
3473 4818
3007 5948
163 996
3663 6897
2737 2822
2896 4703
2635 3902
4314 6652
7050 7299
927 4899
3279 7387
417 7494
233 2930
733 4797
2433 3792
1527 4614
5394 5731
894 2206
3603 6095
788 3253
594 1839
798 2645
317 6554
67 3580
2497 4321
3691 5331
2167 4233
2711 6744
6350 7629
944 7375
887 4826
2431 7083
2794 6792
2139 6036
2084 7059
1738 3754
3574 7342
655 3578
4322 5987
5275 6692
169 5912
1612 1884
485 2463
1184 7545
1295 7237
4213 5422
4648 4791
3721 5743
2706 2718
5891 6108
4483 7258
6181 6933
3847 6472
5038 7290
197 7110
2332 2359
1 3484
864 971
3864 5239
286 7171
2249 3443
2643 6388
4153 4436
1285 4172
312 626
2758 4127
4353 5296
465 1671
216 1547
1559 3714
4204 4835
2893 6844
4925 5739
965 2527
3212 3852
6837 7346
3194 5289
2873 3526
4249 6371
683 7062
1571 5291
2970 5650
2926 3161
1052 7639
578 6045
1364 5555
3234 5967
81 2459
4675 7304
1278 1870
5848 6158
1159 4273
1009 2049
606 4195
3074 6809
2416 5499
1295 4247
4980 6800
3952 3979
1178 4021
5154 7207
324 2659
7033 7553
50 4153
3616 5117
1434 4356
1905 4392
4460 6031
4077 7429
2930 7415
476 3177
259 7640
4063 6903
2743 4014
1409 6559
539 2899
498 2360
1189 1883
4341 6012
3179 5505
326 1564
3086 4631
3608 4154
551 1817
1393 5639
219 5535
1192 6406
944 1853
2723 3022
4253 5656
4557 7189
635 4734
2251 3626
4340 4629
51 4582
810 6779
2797 4793
6156 7149
2207 4333
1774 7638
2626 6723
1156 5683
1629 2463
2705 4945
4638 4719
702 5848
4509 5098
1970 3008
1822 2081
1575 7591
1712 5630
1264 5547
2900 6508
300 4059
3773 7227
3286 3643
3791 6826
1025 2179
5011 7308
5846 6797
1244 4473
6338 6436
2761 4950
4749 7311
772 6552
5598 6083
1990 3404
2956 6591
3434 3763
968 1642
94 369
3229 4025
5453 7236
3925 4612
5868 6284
1560 5830
237 4033
1237 5981
2047 5221
2078 3502
1773 2605
2757 6782
4703 5851
4245 4673
696 4156
2304 6582
1689 7583
229 3697
2647 2901
484 6016
1964 5868
3923 6930
1896 6856
3239 4996
534 7257
2385 2886
3556 7050
293 4676
4813 5254
2160 3298
659 5320
1200 1409
1189 6646
590 4592
6315 7515
4359 5267
1121 1217
2384 3627
3070 5666
1442 6081
1091 3456
4935 5827
1637 6264
1939 5349
5592 7580
4875 5712
2044 6227
3500 6577
1239 5896
831 3428
4547 7519
1054 5747
1544 3823
2122 7191
3437 3778
1995 4330
4311 7194
5419 5549
588 928
2849 5357
2042 3320
856 3946
4486 6347
2065 5137
4262 5685
3575 4049
1411 7376
5198 6020
2741 3462
3337 3815
1425 7354
296 5535
39 4360
3811 5329
4633 5525
1010 3352
3764 6158
144 1494
454 7317
4319 7108
4059 6303
3707 6411
1297 2583
4235 4592
1944 6304
587 5310
1041 3228
738 1203
5403 6796
1157 4592
2676 6915
4430 7415
599 4544
6249 6280
6563 7382
3451 6100
435 755
679 5375
1276 6945
5115 6951
4573 4820
1399 5782
591 6809
1075 6705
2789 6339
2558 3745
815 6128
4381 5762
677 1426
139 2909
2699 3284
3006 6995
3084 3138
1133 4813
1062 6876
6103 6808
6250 6287
1369 5486
2400 5183
3251 5236
5153 5704
2769 6102
1028 5006
3290 6481
1906 6839
3862 6080
6361 7213
3830 5705
3198 5951
1292 4066
2449 4037
1903 1933
2100 6025
1970 5479
17 530
1504 3388
6075 6646
4022 5766
2615 5994
751 6917
4423 4544
1726 6787
2631 2937
5650 6769
4997 7564
1604 4208
2304 2745
3454 5436
362 6693
2258 4349
709 4054
1250 5022
4093 4431
406 3852
2886 6537
37 5810
2136 2431
2118 7166
395 2040
3536 4506
2938 7170
817 7462
244 5845
2112 7174
4968 6963
5179 6220
3898 4941
429 801
4395 6582
2387 2592
1879 3815
1375 4946
361 5666
5078 5578
324 5215
3310 5372
23 4252
537 2178
3769 5669
2744 4068
43 3482
1179 2580
4294 5771
358 2275
4042 6431
2381 5951
1213 1388
557 4929
5116 6288
1500 6619
1035 1646
6498 6583
3332 7180
1705 4667
3326 6184
1485 4758
1778 3502
2511 5369
4264 6655
3597 4028
3993 7474
5743 6296
32 803
2168 2423
6834 7039
51 1409
3769 4499
3191 5457
4005 5139
204 6012
3251 6031
464 5801
964 2831
3513 6997
4640 6228
106 3051
2115 5552
5864 6650
1584 4825
3918 5764
577 1192
853 2977
4940 5109
6759 6983
4225 5426
2208 4758
3046 5039
2453 4747
4384 7391
2337 4144
934 1938
2992 4630
3223 4875
3819 6701
365 6025
926 7067
4400 5819
4482 4665
1469 5345
1728 4566
39 4435
954 4990
1084 2600
1164 5250
37 1845
584 2272
5011 6509
664 3243
4403 4871
6738 6818
3485 3797
4360 4738
18 1340
1450 4042
809 3324
1972 6396
2282 5187
3126 5006
1924 4486
2606 7553
1610 3526
1791 2819
745 2826
4961 7563
4305 5918
6158 6504
489 1002
1254 2282
3432 7476
1050 4703
848 3019
3401 7615
414 3461
990 7378
4703 6632
1711 7604
7032 7441
1159 6268
810 1871
4519 6466
1775 6969
541 1387
2420 5956
402 5500
2928 4446
2814 3242
1539 3518
650 1762
1391 1780
105 6874
2432 5765
5984 6534
6405 7277
504 7455
3915 4315
917 5796
1953 4352
82 7268
3294 3717
2255 2390
3207 4469
2215 5950
2197 3626
2196 7160
5332 7246
1935 7334
4727 6517
390 6767
1653 7331
2827 3298
109 4088
2115 3521
869 1666
2800 4805
1803 6763
437 3935
725 7259
923 1579
2643 6472
3122 7338
1559 5233
539 4301
1875 6536
1316 6220
7183 7245
4394 7480
1678 7338
7010 7324
4231 6669
481 4618
2095 3291
2075 5018
42 2120
4062 4643
4155 4812
4884 6414
2891 6091
296 831
4501 5512
2499 2795
2066 2205
108 4373
306 2548
5806 6757
2936 3060
1265 4652
633 7459
472 6572
791 5956
4849 4951
3606 5800
600 1054
1967 6746
257 5674
403 537
2425 4348
821 2247
1535 6395
6524 6685
1223 7010
440 4035
630 753
2906 4310
1220 1588
2095 7605
143 2518
1640 3733
4658 7221
434 6847
677 2456
118 184
277 2356
919 1328
1232 1797
3991 6117
4869 7073
625 3935
710 4548
1351 3305
1233 1969
448 3734
384 6638
1304 3776
506 1469
2361 7417
1758 4933
1638 5462
731 5392
3248 4605
6508 7249
2532 6620
641 1748
56 6431
575 6296
998 4170
593 5452
126 3082
566 962
2038 6132
1925 6428
4622 4747
7041 7251
5522 6592
1040 1539
185 4525
5429 5900
1269 2785
1432 7620
2412 3858
1559 4133
1850 6941
4515 5390
2770 3567
673 6770
6918 6967
1928 5869
1450 3038
2804 6106
113 7428
996 7287
2558 4233
1494 3638
4337 7406
2651 4374
5107 6150
5980 7128
270 3297
4405 5208
4007 5523
1734 7587
1326 5656
975 5096
3624 4169
4902 5762
5580 7190
1728 6478
270 395
320 5877
2074 6099
3606 3782
5337 6500
2612 3364
6170 7320
636 4385
272 2006
3998 6180
6015 6828
1771 3578
5220 5565
1482 3936
1252 5779
3234 6102
1830 4419
827 5921
132 1725
658 2316
1242 5664
391 3572
3972 5798
5662 7094
1657 3082
3811 6798
1813 6138
3871 5827
6144 7520
5766 7148
3112 7215
1400 5361
1069 5215
2169 3300
1036 5213
645 1692
2805 3397
1761 3436
730 5539
2398 6206
3755 6021
1086 3586
2208 7395
3648 7158
2515 5261
577 7125
737 1445
6940 6986
3034 5589
527 5773
3681 5888
1313 1480
4091 5272
3964 4096
2843 6218
256 6492
2335 2434
5184 6810
1886 3472
2468 6490
2192 5532
5851 6851
373 4897
6467 7507
3587 3596
3379 4474
5992 7247
4961 6648
4681 4779
2193 6272
1576 2836
6097 7467
1832 3724
1625 1968
189 592
900 5898
703 6016
2557 3847
4384 7237
2908 4362
5453 7595
547 3250
5414 5450
4592 7509
6867 7019
3823 7466
2070 6145
3112 3893
6114 7273
5367 7434
4144 5106
984 5156
1417 6303
2274 3824
4052 5274
3371 7519
5349 6398
3042 3366
3590 5544
1973 5135
344 4719
2264 2778
3246 5735
3366 4502
254 2051
4613 6043
1665 3862
3460 3466
4446 6018
278 5395
638 7462
3730 4712
2215 7467
331 5881
1141 7500
1495 6294
1640 6689
741 5808
5065 7415
240 5637
1326 5638
7445 7608
4677 5224
4512 6595
776 2624
4119 5081
1953 3237
952 6128
90 417
4300 6948
3833 4001
3290 4932
3270 3355
4580 6465
4753 7094
1916 7211
2540 7486
5246 6628
2121 5618
4969 7416
284 423
6256 6349
1658 4503
1225 5193
5548 5576
1453 3574
1255 4405
694 2585
4620 5706
5455 7614
632 4932
2642 5185
3687 4598
1568 2078
823 7164
3214 6360
1984 2003
200 7291
6106 6133
1733 3748
3883 4856
264 1003
1758 4268
819 2134
177 1764
2779 4235
165 4307
2278 6664
227 4137
1364 7305
3699 6423
776 6111
1478 4327
6480 6835
2772 5405
4661 4744
3798 5410
7184 7540
7175 7178
3405 4849
3492 5391
1177 2995
718 7478
3004 4307
4282 6923
3982 4618
1124 4990
4482 4980
244 7297
1352 7408
1652 1711
2028 2120
516 6039
1547 3137
1887 6601
3084 3395
2358 4425
3634 4857
1919 5997
1519 5968
3902 4000
1638 2495
4072 7329
5712 5827
3066 3649
4516 5126
4194 5262
5433 6163
525 7262
2142 5212
4222 5681
3880 4480
1603 6497
2078 4863
3716 5828
2875 6213
1723 2310
4322 4707
1751 4555
3282 3805
2957 3500
2925 3903
499 804
380 3625
3057 7565
1291 6548
1397 6498
4786 7156
4719 5334
820 6132
898 3840
2891 5465
539 6760
2794 5627
4488 6778
3356 5028
2548 5485
4464 5200
4436 4811
553 4247
1668 6207
967 4145
1642 5166
403 4614
1079 6385
856 5642
3160 4321
3769 5991
2836 4825
3747 3938
5918 7528
802 5747
3927 4131
1771 5391
1611 7086
384 3305
152 5699
634 3194
332 7381
1509 6747
384 6841
856 5207
3644 4204
4758 7216
4678 7238
3006 4441
1845 5076
1938 2315
2782 5853
2257 3520
1589 5584
5726 7077
516 5416
4238 4598
594 7114
3913 7041
863 5092
3362 3758
4011 5275
4355 4575
3849 5030
2779 5519
619 1772
2947 6114
215 5951
922 5953
3177 5289
3300 4871
4015 6805
2423 3701
6310 6464
5770 7548
2051 5344
1207 6221
6008 6469
161 2401
477 4929
285 7148
713 4805
1433 7316
2284 5311
2760 7190
1756 3067
2228 5777
108 5696
1224 4624
4317 4984
3678 4887
1175 6498
4578 5593
2648 6390
22 4676
2349 7288
382 4707
2684 7280
1405 1915
303 2589
106 3307
923 3673
4618 6500
4082 4526
1188 2825
1570 6432
1033 7280
2725 4433
3017 3864
4647 5716
5853 7183
3222 7628
4972 6446
6319 6766
3052 6669
2674 3283
1088 4734
2134 2305
1225 2322
1252 7290
4054 6794
1807 7543
4407 6588
6761 7536
1158 3572
5665 7211
2110 7336
2796 3885
2340 6857
216 4297
6215 7065
1303 5977
2581 5078
349 4136
2306 3017
2104 5961
3937 4216
1044 4586
3791 5494
1094 5844
6846 7346
3828 3855
1823 4483
6181 6764
333 2887
1411 2785
5268 6371
1291 1443
1865 5015
2830 6897
5805 6861
3378 3550
3548 5561
1769 3129
4783 6167
1484 5923
2410 4443
2837 7475
2301 4190
530 4205
6219 7092
2668 3312
355 1414
980 2455
3202 3239
918 4943
6448 6985
2430 4120
962 1883
3533 6242
2709 6234
3901 5419
647 4020
548 1121
4685 6065
5222 7115
4275 5504
2332 4110
1343 4441
5078 7151
46 1978
2702 5027
654 6928
527 6003
3254 5880
817 6638
429 3055
3712 4379
958 5817
3636 5144
2210 7126
6771 7490
563 3096
3855 4014
5320 6886
588 1975
31 1548
4749 7326
5219 6456
269 3285
749 2748
580 6440
1598 4232
6231 7297
720 5973
1054 6134
4052 5060
5224 7224
2441 4467
2723 7088
3565 6276
217 2128
5218 6893
669 2864
3200 4438
4700 7449
1686 4023
3512 5221
449 2088
6184 6908
2 5160
1451 3782
3707 6684
3460 5221
2366 4238
1174 2404
3781 3997
5177 7405
28 6485
1263 2679
652 3641
863 2293
210 432
868 4963
2387 4872
1612 5738
2241 2739
2121 4845
475 6763
2763 4379
966 4124
1580 1808
4064 6558
2502 4684
1952 4344
4401 5734
4179 5678
102 5403
5180 6815
2810 6161
4877 6826
1640 3971
2368 5257
2271 7216
1434 2996
2758 2766
1070 5138
862 5893
13 238
4855 6049
4964 5302
2647 3154
933 3636
367 7175
2410 6631
3245 6374
1515 5505
944 1564
1278 2098
6931 7521
1759 4450
4483 6050
5514 6723
924 1500
770 972
90 386
736 6123
3316 5664
404 3897
5338 7346
6077 7365
1991 5398
1211 6825
521 5814
725 1020
60 1829
2955 6707
2147 7329
3909 3937
2391 6855
922 5842
3586 5431
3121 6210
2644 4847
3579 4628
1614 4326
1930 5441
661 3014
1626 2034
3251 4765
5415 6558
4751 5889
61 6656
1970 7019
300 2409
4539 5953
607 6040
6388 6899
1346 3432
832 5421
757 5563
5263 7461
1525 6946
4061 6267
1886 2416
89 6680
3111 4341
2304 3765
6022 6824
5189 5357
1499 5681
94 5670
2707 4984
2198 5603
3610 4673
205 4531
4376 7489
308 2661
3197 6926
373 1062
536 4748
2217 7335
5482 6534
5592 6178
1711 4693
1234 3035
1826 3680
5519 5573
2728 4057
1209 1947
943 2422
1095 4073
353 4086
5901 6127
2714 3708
6227 7539
4977 5920
511 2855
1103 6013
2120 3926
1150 3868
3827 6514
3352 6326
2264 2617
4794 6235
4717 6735
1040 3788
4200 6720
1101 2378
1410 6853
1697 5159
1187 7343
1084 6732
672 1170
313 716
525 5870
888 3256
158 3442
3212 7551
123 4833
3882 7545
5340 6437
3397 3514
722 3895
2511 3843
867 1810
3513 4427
4918 6024
6812 7617
2689 7570
6396 6684
818 2440
3841 4471
1776 3592
2748 3913
1049 3046
1468 6109
3882 4448
1643 6453
1538 7411
857 2440
936 4499
4874 6865
732 6554
650 3611
956 5665
3090 7158
1086 3680
2055 5690
3611 6632
1955 3309
4037 7645
4172 5575
476 2783
2435 5810
1580 5655
7366 7500
1658 7644
2574 5677
2270 4861
3852 3919
100 6930
2750 3360
1888 5012
1169 1810
2751 6414
1634 6943
2641 7114
2112 3995
2064 3633
247 3860
1078 5434
6378 6686
2692 5282
248 2717
2349 3500
5431 5732
5167 5861
186 3681
1908 3072
1524 6935
608 1444
3851 5929
2404 2831
5189 6109
1659 3600
681 3774
3452 5365
139 3748
6419 7205
54 4016
1353 6607
1235 7345
3966 6552
1063 5810
4158 4892
1996 7544
1253 2262
356 2308
646 903
4113 6204
1707 7619
184 7282
1825 6546
1243 3306
5241 6477
1229 6594
4556 5867
4637 4760
5037 5359
558 1158
595 1023
5468 6742
1171 5608
374 5968
995 6989
3960 5128
186 7583
1105 4005
107 6490
509 6438
2756 6999
4673 5158
543 6420
231 2032
2400 5506
4781 5997
1078 7610
6346 7170
1876 5479
3291 4618
332 2808
1391 2219
4849 6490
1124 2151
4056 5775
1835 4700
5097 5711
4423 5981
5727 6205
1867 4624
721 2249
6028 6989
2291 2520
3101 6605
1908 6095
836 3116
5971 7194
2885 6922
4702 6804
4467 5272
1828 7238
4397 5126
4054 7096
2716 3638
5171 5764
1228 3185
3135 6099
558 2942
590 2345
4488 5103
1438 5354
909 4523
1861 4667
2476 6364
2751 3369
150 7062
2038 5964
4656 6807
4207 5086
613 7425
394 1978
449 6839
1013 4115
902 2771
2089 6203
1779 5045
1961 7098
682 1290
3060 6362
2903 5343
3196 5079
891 2665
464 3321
3150 6526
579 2915
1826 5937
3654 7466
1841 2987
2851 6600
2771 3320
3240 7229
193 2985
5241 7336
3342 6255
6553 7219
1199 1704
2073 6353
1732 6749
6780 7449
3818 7442
822 6956
2817 5087
520 4841
5297 6839
427 5632
359 3010
3693 3881
283 1350
496 4083
3112 4852
5242 6825
2646 4733
20 172
350 7604
4964 6116
1048 2460
2842 3194
23 3956
7409 7452
1275 6259
1815 6589
1723 2315
1883 4786
4251 7237
6489 7274
5140 5776
1966 4750
4107 5123
1570 7457
595 4462
27 6983
2010 2573
1029 5460
3873 6284
1025 2204
157 966
2921 7234
861 1843
6581 6990
4373 7563
111 5586
1902 2329
2553 2879
161 545
1320 4350
1204 3193
645 1889
2324 3339
3240 6164
1899 7372
2910 6804
317 1039
802 962
1516 1806
896 2758
5747 6931
39 3204
595 3915
414 5710
1705 7510
970 5892
2957 3477
1870 4127
302 3149
671 3625
3156 5308
5020 7065
536 5883
4126 7224
4110 6175
3542 6394
219 7563
1995 4902
87 6874
6172 6315
2229 4004
2478 3025
3123 5816
29 7451
107 4632
1732 5997
961 6329
946 5943
4195 5527
25 4766
6066 6552
399 1178
2565 5840
2018 3980
1778 2813
2119 3444
5840 7556
1105 3898
627 998
2695 6186
2654 3291
3061 4976
2840 5461
3081 3184
4810 5485
5756 7421
6433 7427
2971 5173
3904 5056
2134 6827
4012 7373
6683 7212
2308 6660
3 3692
6648 6889
3686 6726
3325 5878
5309 7578
4882 5063
1774 4370
1718 5188
4602 6414
6605 7341
1674 4828
313 3863
1472 1556
1344 4125
1083 3083
4146 5394
9 6809
1316 6850
5696 6932
120 6801
474 2398
7196 7445
271 5909
6358 6634
645 4826
3484 7629
2378 7173
3216 7519
602 2148
1388 6745
2786 4740
4876 5981
3163 4871
2951 6573
573 4288
2771 5458
3002 4051
2559 2886
770 7016
5400 5946
936 6220
4689 5052
3783 5339
6567 7005
922 4522
577 7393
911 6752
3011 7163
794 4499
2043 6484
3620 6840
3644 4931
5104 6255
2981 4539
3772 7308
3395 5623
4304 7365
2045 5884
4191 6477
3052 3473
1137 7640
843 2968
6048 6104
5207 6661
627 6211
143 5671
2240 2315
3056 7524
1556 5952
6014 7595
2323 2354
4110 7397
2020 7500
5131 5729
2952 7416
2800 6858
3791 6479
23 2711
2135 4280
1817 5175
4351 6614
937 3208
4062 5569
72 2290
71 6443
106 2674
1412 7492
2027 3143
962 1726
1857 3392
1112 2673
2313 4471
350 1152
3435 4152
2219 4764
539 1447
1528 5806
4802 6990
417 2368
4136 5117
793 7550
511 1231
3428 6128
5825 6734
4731 6052
2667 4517
2031 2051
334 6984
2255 4882
1305 5553
1759 5826
3016 3777
3887 6113
2524 4303
1395 5131
2952 3885
1998 4548
1131 1697
841 5586
3595 4510
813 5844
3405 3963
792 1730
625 4099
2345 7589
292 3270
2104 4582
1351 5189
2532 2837
3263 7641
3874 6161
3786 6196
3996 4273
51 5674
1952 5015
5801 5885
2146 3127
1498 1602
1642 6880
1964 6317
644 6641
2067 6863
714 2145
1344 1545
2116 4330
803 1431
5088 5632
1469 1934
18 2631
2301 7636
686 1852
2838 6876
6259 6732
1347 5207
254 3103
305 3837
3697 7500
1143 5127
1848 1898
6978 7209
265 4315
2175 3537
4121 7354
3004 6768
300 1667
3813 4215
3309 3456
2761 6021
476 4023
495 7416
3805 4253
955 3574
30 2086
7195 7391
2094 3349
822 6907
1845 4277
2395 6680
272 1164
172 7231
1981 2366
4584 7482
55 3419
2756 4090
2908 4003
1021 2916
3263 5483
167 5873
3070 5615
2221 5168
6423 6788
3762 7407
553 6934
3736 5764
4029 5562
5198 6488
3728 5997
698 5767
2118 5487
2445 6412
568 1661
4747 6439
218 1669
1849 4397
1395 3726
327 4573
2699 6265
3897 7187
2192 4157
223 3850
4029 6610
2195 5883
5761 6200
3937 5070
3112 7054
3897 4862
544 6570
803 1160
5272 6382
4789 6079
1510 6208
1373 3722
4249 4822
5105 6486
3976 4148
686 7226
4028 5800
3807 5048
1185 7229
268 7377
927 1986
2625 3201
2424 2697
1108 5341
3622 7083
4448 4615
794 3416
524 716
3876 4623
5884 6773
2945 6976
5106 6120
3984 6414
1402 5515
714 1945
1999 4438
2751 3127
3123 5269
6706 7428
2493 3432
2191 7532
4415 6347
4386 6229
159 349
4785 4811
1292 6459
3795 6012
2349 5842
125 3098
2234 6232
1150 2593
6043 7188
663 2117
758 3112
873 4197
3219 5995
155 2826
4470 4951
6333 7630
1088 4703
2489 6261
289 1904
1483 3371
6526 7301
1003 1069
3529 6208
1428 5961
526 6220
1588 7293
4112 6284
382 5444
3908 6070
5906 7241
1014 1701
3216 5721
770 2524
1509 5210
2718 3798
501 3243
3576 3993
810 1427
1226 5133
5144 7397
1156 2404
585 3537
529 3384
962 2417
5047 7236
1303 3352
1802 4821
3803 5550
3013 6706
3603 4754
3052 6133
1261 4169
2625 3751
5003 5911
1757 7556
2308 6060
3792 7374
3708 6977
3420 5080
1350 5221
1764 7263
3287 4208
4656 5231
5441 6990
3068 3755
847 1740
1372 2327
5716 7353
694 4194
3160 4890
561 3466
3919 5994
5688 7314
4673 5873
935 1791
465 698
1819 6611
238 312
2178 3866
798 6935
3399 5274
136 6195
434 7130
1316 5465
850 1686
2345 4878
1257 1321
1003 6386
2103 2829
1963 5426
7272 7460
1241 1527
85 1328
550 2892
2355 7553
705 2287
5139 5782
3462 5461
6512 6598
1231 2178
2244 4865
6200 6561
270 3584
541 607
490 7032
338 7043
2355 4602
2204 6319
1634 2687
438 3295
1386 4223
6775 6880
177 6746
2592 3596
2465 4218
2537 3198
4977 5583
2673 5443
1893 2293
610 1292
2465 6621
488 1767
3095 5597
6510 7457
5755 6050
1226 6772
1759 3046
335 6758
1344 1973
3154 3681
1766 5794
2910 6461
3056 6579
3823 4370
2357 3631
2461 4633
2488 5998
6 6628
2401 6676
94 7536
5125 6453
2125 5237
6852 7083
4584 4939
3265 5490
2239 5114
1518 6300
5284 7366
1923 2025
2981 3597
974 5603
1106 7232
3772 4699
2408 4391
2307 2987
5224 5805
1577 4223
5231 5235
384 4203
1310 3641
4790 6875
5568 6651
136 267
2136 6910
3116 6488
3562 4223
5909 6782
1729 5369
3044 7478
3113 5615
5576 7090
2681 6904
617 5184
1735 3925
2134 7558
984 5568
3078 3694
3434 5038
1937 3083
2926 4902
4317 4672
44 754
4879 6130
3517 6720
3139 4485
375 6586
1160 4775
3620 4716
2093 4701
995 7343
179 1310
115 259
2472 3102
2844 5681
4789 5325
151 3468
178 7508
2603 3516
1747 6742
1961 3679
1588 5817
5487 7545
801 1114
1989 3552
5441 5870
129 3923
17 4232
1204 5503
3300 7610
4147 6460
3095 5351
322 4908
789 2523
6606 6875
5144 6985
1557 5456
1403 1428
1236 3983
3318 6647
2403 6454
5608 7124
2425 5706
462 1392
1300 4294
1397 4190
2893 4904
2967 3328
2940 4940
5697 7167
3013 6223
3556 7201
3364 5003
4827 6226
1578 7018
2180 6596
317 1346
3085 4182
5540 5568
1080 7489
993 7482
4800 7443
3068 7473
2712 5992
350 5451
2008 3676
4647 5586
1548 5176
685 6436
3785 7002
147 1400
2052 7393
347 3098
5567 5638
3367 7127
4390 7326
3615 4404
1905 5740
7230 7560
3543 4982
2290 6669
1076 1782
2060 7351
323 4131
2662 6513
576 1462
3005 3150
6572 7154
4370 5941
146 6423
5941 6783
196 4328
1232 3771
1674 4747
5839 7568
4003 7370
3526 4914
1322 4200
1833 6856
3620 3946
3763 6905
2179 3299
898 3119
1266 6472
4690 6535
1491 3062
854 5518
5982 7181
1960 6315
7336 7383
6717 7431
2428 3353
4142 4786
4575 6164
3211 5734
1517 4352
6 6210
1657 2778
5630 6552
4569 5983
2820 6537
2050 5763
3747 7459
191 5309
2876 3973
4763 7330
3134 3245
4318 5198
1505 6460
322 3020
5103 5263
4107 7533
905 1383
4631 7645
4024 7176
329 4706
2819 3730
3491 5419
6126 6442
843 3149
1035 4362
4226 7537
4697 6424
863 6583
534 7267
2704 6307
3694 7091
1861 6677
667 1551
1984 5919
4313 4802
95 878
53 5162
2767 7556
1827 2346
665 1318
4438 6897
27 1891
6098 6115
2133 6411
833 6723
1493 7622
4645 6288
3084 3393
1219 5778
1766 6201
3789 5909
1115 1917
1106 5909
1394 6978
5183 7112
2436 4390
6546 6556
3170 3996
4576 6910
4574 7405
3853 6914
6187 6764
1686 6720
3166 7134
331 3856
4384 6569
112 1689
2945 5785
219 7594
1569 5850
2398 6477
2139 2769
1843 7566
1163 1705
3624 7105
52 7300
2493 6883
2506 4452
4955 7276
1706 5728
6409 6756
1610 3086
642 3632
96 4222
5018 6730
5383 7391
5950 7068
5945 7370
3868 3991
1313 2030
135 4354
2414 2901
2291 7549
1843 2081
3817 4786
5715 5793
3476 5723
312 2473
508 1306
539 943
3855 5990
6057 6693
78 2867
4297 6325
2414 5314
2781 6429
5518 6291
1814 7304
2536 6311
3313 5191
560 4198
503 4314
1943 5352
4833 5525
140 906
1320 4059
6878 6907
5297 7376
793 7237
2299 6986
587 6339
460 4205
1583 6088
493 5524
2527 6827
1567 4874
1304 3890
1731 7191
4816 7045
5620 7316
6511 7242
2298 2734
6795 7392
952 6205
224 7450
869 5396
543 5276
1934 2082
3068 6151
4261 5139
2548 6750
6303 7393
3174 6314
1087 5857
2437 7566
166 7296
3666 5072
4419 5643
1078 1341
4439 6016
500 6726
2791 5109
3908 4242
4079 6223
3712 5337
1776 3607
660 1228
4186 5273
1120 4546
1194 7526
2512 3705
2728 3143
1822 6536
2341 2677
2637 6365
3378 3587
5601 6575
4734 6946
329 2401
5784 6229
1201 4471
6750 6984
1831 2346
1772 6899
1601 4173
1005 2568
4863 6217
1883 5680
1627 4562
4353 6740
3537 5218
748 6733
3111 3350
4785 5329
2851 7357
1178 4968
184 4712
2271 5238
2655 7418
1827 3894
3516 5152
3590 5231
1895 5951
149 4638
185 336
4269 6718
5323 7306
1235 3533
1568 6170
2192 3820
7016 7237
1866 4676
5215 5674
4055 6064
1607 5494
1449 5066
2526 6953
2612 3712
86 6099
6841 6846
4451 5779
2082 6120
3197 6260
117 1361
6072 6769
4550 4836
654 3102
1337 1531
6525 7161
224 717
4611 5185
1321 2117
1760 3812
760 1094
743 869
405 7351
4382 6546
1488 5721
843 5791
3803 4205
1287 6091
2734 2990
2485 2637
4650 5719
7397 7643
1831 6192
4494 5869
2790 4877
131 3489
106 6843
5583 5586
4133 6341
3735 7640
2251 3382
3595 3596
4234 5115
1441 4102
1833 6276
3392 6567
1771 3561
6540 6817
2563 6064
4939 4976
2395 7261
3960 4557
826 2071
1078 7019
2129 6642
4785 5689
3300 3397
1790 3427
648 3099
1435 5899
4535 4938
2653 5125
2503 7284
2580 4505
2984 3875
4040 5747
2389 5938
5844 5846
1081 7143
4110 7251
4613 4621
2959 5301
4457 6465
238 5228
5353 7409
2419 5871
1902 5504
218 1190
3032 7127
1092 6634
2781 4784
923 3125
1122 6998
1815 4396
4987 6093
7169 7194
3622 4550
1927 2113
623 6686
5677 7613
2938 4606
2208 4581
4153 5960
1295 3753
3824 7394
1265 4850
2474 7325
40 7162
1950 5082
7286 7593
4347 4703
1745 5527
1979 4399
5451 6605
821 7119
3595 5664
5053 6595
1936 7140
4636 4675
3684 4362
4387 4514
4691 6483
3414 4173
735 4136
2252 6555
346 7488
682 6071
73 4931
2330 4659
2673 3729
1147 6071
192 672
2700 6719
2663 5670
4151 4205
473 2141
2706 2971
3502 7649
1378 5673
1419 2070
328 5965
2445 6184
4360 5668
683 3259
5400 7474
904 5053
3094 3342
3211 5529
2293 4474
3043 3375
2553 3266
4565 4724
6768 7629
5127 5585
4575 5722
338 4381
4278 5261
3313 4448
1964 2846
859 7632
171 4290
6997 7404
2348 6194
4489 5822
2435 3975
1011 4126
1131 4156
4250 7063
4615 4738
1747 5214
472 3937
6365 6805
5723 5733
5192 6612
2930 3618
4114 5241
4735 5215
2862 6166
6236 6843
2802 3210
5388 7264
1446 4728
636 6427
5851 6429
2027 7598
66 5110
2561 4477
317 2940
4683 6179
931 5164
1460 3489
1699 6371
1728 5272
4094 4955
349 2689
829 7619
1212 6490
5522 5984
3006 4931
510 2832
1014 6579
4117 6326
1898 4301
4909 6404
102 2996
1610 2771
1190 4308
2239 5295
1989 6364
1902 4443
4618 6638
1933 2751
2465 5667
3877 4833
516 1925
5483 7538
5151 6906
576 1151
3068 5354
3808 7619
2384 4261
2816 4256
4880 5715
1029 7416
2515 6399
2465 3801
452 5797
985 1526
3439 6083
2119 4446
4910 5365
6128 6570
2744 6668
2957 3632
3778 3936
1016 3890
4761 5778
3025 6543
285 5062
1564 4960
1585 5227
4174 7501
1399 4179
5869 7138
4130 5235
5430 6004
3364 4241
5544 7104
3271 4101
3030 7318
1554 2513
5120 6889
2264 4617
2523 3477
4144 4916
2569 3207
4414 7614
1553 6902
3701 4408
939 5859
3018 6371
2136 6032
1803 5239
3825 5093
437 7583
442 862
4383 6568
93 1226
4555 5502
3264 7251
4353 6489
4726 7194
2392 2835
3868 7623
4834 5776
5517 6606
4782 5851
6263 7191
1199 1330
6282 7404
860 2864
2960 3905
1901 4762
4884 7287
1678 3736
4698 5294
2987 7126
2920 3577
4138 6893
1410 1625
110 1486
1954 5726
1541 5390
1404 6567
2249 6206
648 5516
1517 2442
3145 3670
543 7217
793 1843
2809 6384
932 3684
7552 7586
4271 5109
6367 6440
334 5801
2354 5062
4185 7544
1037 6166
1137 4138
623 3140
3061 4256
3008 7070
2610 3633
4542 4629
486 7380
183 6167
551 7027
1042 5517
6477 7354
2231 3505
3321 5539
1871 2578
579 1719
4394 4848
805 987
1009 2937
483 1775
524 5568
1153 2940
661 3502
4146 7192
4706 6668
4041 4389
1098 1845
5163 5961
2413 4758
1267 3573
3677 7402
1056 4656
3175 3436
4926 5342
491 6796
2551 3085
1211 4322
555 5538
3164 6670
159 6025
2307 5258
1534 7343
1204 3799
1824 3003
4494 5311
4606 5738
964 5301
5469 7538
2740 7020
623 6406
1943 3819
6563 7480
4914 5398
1061 7287
850 3907
2387 5558
1107 7545
2324 2799
2241 4347
2737 5502
1161 6090
5147 5511
715 1879
3235 6517
3362 4934
81 3183
6244 7632
409 7026
1261 6922
2988 6521
2475 5506
5430 7060
1945 7073
3735 7507
480 2836
2117 2699
122 7300
1887 7018
1767 5606
1872 7481
5313 5989
3287 4154
1223 7000
166 3439
2067 7636
1149 4895
1640 3053
1552 4661
2219 7195
169 1598
7541 7544
1940 4132
1691 2990
3203 6937
1580 1715
125 5110
2120 3738
834 3267
3135 5222
446 2002
768 6409
7280 7352
2012 6075
36 4017
931 2319
1758 5612
1253 2497
1249 6319
2216 3029
1747 6837
1645 3545
3566 6093
5601 7152
2206 4526
5685 6395
1099 2906
1650 4979
876 2678
1446 6684
963 7019
1687 1864
4184 6831
581 876
2964 7132
3296 7554
2770 3459
1253 4112
4706 4911
313 1337
319 5867
2046 6554
3053 4357
1251 2288
1205 5434
3627 7458
159 5660
1463 6353
2275 5267
5440 7207
5479 7481
5891 5930
3044 7211
2413 3788
1100 3338
268 7021
688 4354
1248 5442
679 5423
1014 5806
1633 7554
3818 7303
119 2825
4232 7077
2359 3105
622 3462
6375 6576
2965 6320
421 3576
4407 5016
4410 4508
1670 4660
3905 6277
218 5140
482 3342
4893 6823
1229 3938
6525 7154
2297 6046
5960 6454
955 5705
2286 6209
830 2606
1925 7372
2537 5623
5409 7114
3587 3662
242 4645
5488 7473
236 5021
554 3544
1217 1639
6364 6551
4041 7262
4314 6056
708 1535
335 7632
4544 5073
3235 5597
3010 5837
1502 2849
3846 6587
793 4999
37 1293
192 2365
3802 5378
2774 3251
56 5733
4483 5770
751 3678
1537 6269
2422 3302
6081 7193
574 6694
843 4948
5659 7625
5357 6819
327 4766
2005 4636
84 5787
794 1530
657 5321
3498 5486
2203 5662
3806 6191
4245 4791
2310 2424
1252 6551
1685 7641
486 4440
491 2649
4235 4937
1803 2750
2638 5994
4467 5845
893 4068
3758 6836
2670 5819
2754 6450
1893 4182
3681 5887
1992 3871
5820 6665
2353 4153
784 6089
1081 4804
2347 5628
1101 6064
4683 6641
1214 3384
1201 1840
2629 6272
1175 7461
6953 7042
3888 4728
4801 4846
915 1474
4277 6310
1383 5738
665 4546
1336 7001
5768 6271
4166 5165
2687 7507
1274 5535
295 1158
94 3990
2942 7452
5318 6399
4013 6557
5113 5647
1093 7096
6358 7193
945 6895
2797 5366
485 1559
672 6100
2340 3458
2425 4490
2202 2734
1482 1985
3759 4731
2835 3244
4362 4513
923 7599
2864 5739
147 6807
522 5145
831 7507
1308 6527
3586 6833
1295 6146
3158 7584
4000 6863
1709 4170
6363 7359
2557 5239
3411 6285
1360 7287
2042 6444
3441 5431
2193 4366
1264 6657
790 1256
1921 5310
5270 6753
1031 6310
1923 3175
1421 4488
1165 3150
3766 4007
1831 1964
1426 6478
1860 4004
1590 6120
3471 4019
219 2592
5258 7026
3578 4587
2115 4904
4133 5780
1987 7418
1566 2788
5033 6019
2378 6185
634 2439
1260 6109
4258 7398
1074 1982
1997 3084
925 3566
2106 3282
333 3500
1711 6428
2063 2444
3092 3252
1114 6887
1034 5589
3248 5594
2983 4333
3794 7044
3446 7487
670 7263
6988 7096
2471 4939
2556 3992
961 5061
3202 5774
2130 3345
1792 5093
1327 4792
633 4917
833 6144
6939 7047
1327 7463
5964 7315
296 4788
214 2439
2276 2849
5594 5667
1849 3979
2175 7405
3196 6103
2938 6003
3611 4340
864 4798
1787 4739
1348 3852
1423 6092
1697 5026
240 4738
948 5539
3333 4101
800 5776
3068 7317
3898 4584
110 1331
3011 6118
297 2330
401 6257
229 3044
3460 5220
699 795
5590 5857
3268 3547
4092 5661
6000 6750
1772 6987
1237 6177
457 6599
5138 6635
903 1884
5380 6657
1607 6150
1491 3016
1567 2399
3219 7533
1376 4105
2240 5237
1842 3850
725 4293
748 3439
2684 4595
3060 4690
658 3100
1637 7361
183 2113
2922 3990
2153 6655
3618 4584
5665 6292
2085 3809
283 1072
3436 3492
514 5359
524 7447
1407 3514
3163 7457
2635 5860
2618 5350
3135 5040
2641 7250
577 3153
1497 4814
1792 4875
253 1964
586 7616
1944 4916
1937 6408
1664 2486
199 3591
3866 4920
4623 7097
2170 2755
1895 4034
853 7224
2371 6648
4273 5184
1955 7404
5316 5900
628 2689
3061 6311
5128 5777
2418 3323
5064 6006
174 2377
1444 6491
973 3990
2903 6086
2289 6513
3227 6489
5463 6436
908 5099
6855 7616
216 3737
398 5573
5378 6760
2172 7070
3736 5218
2936 4866
425 2358
1993 7483
7 6245
4909 5860
124 2776
1987 6830
3345 7112
209 5375
5816 6683
886 3646
6200 6366
1656 2862
1704 4133
977 6337
5806 7212
5450 5871
3066 6971
1978 5730
1747 3003
1953 4102
2299 3869
270 2738
334 5079
5007 7173
378 3164
1071 7572
822 1064
3454 5689
2117 6284
127 582
4264 7125
534 5319
2884 3734
3712 5066
911 4345
1095 3510
469 1952
1751 2293
2533 7133
247 7150
2004 5140
6508 7296
1028 5042
502 5669
6489 6771
1361 7490
4060 6638
1019 3614
4777 5245
3226 6908
1840 6034
948 3423
2254 4965
698 3222
796 1215
2960 7090
2845 6625
717 2267
3322 5412
3473 7343
2594 5638
2951 7171
2709 4422
3128 5816
4071 7004
137 2681
87 5998
1486 3924
3993 5710
1228 2410
3671 7378
395 7245
6491 6874
893 4307
823 6342
5859 7605
2386 3561
6502 6518
3750 5977
7055 7403
2661 5846
2634 6200
1493 6242
5577 7244
2978 5929
370 1535
148 4692
6883 7361
4170 7343
164 3905
1364 6424
4483 5844
4403 7426
7173 7381
560 7339
1755 6626
4687 6329
3998 4828
1982 7198
4557 6651
2424 7012
808 3012
1823 5785
1306 6239
1273 6152
4617 7093
573 803
192 5234
3603 3958
1064 4516
2230 6636
4941 7459
348 3345
455 3513
1137 1749
2711 5471
3139 6447
3483 4457
2422 5847
5380 6452
3884 7376
1392 5455
1062 2145
1580 4150
1576 4380
2123 2340
2153 3643
202 6514
605 7498
4972 5383
3085 4867
2 6774
2265 2396
132 1131
875 6606
6214 7323
4069 7532
6086 6238
1199 5688
3716 4949
722 6273
5132 6749
2010 4750
5918 6358
2551 7449
5378 6474
5634 6702
2936 4405
845 2873
443 957
4962 6380
4140 5299
1797 2837
1806 2813
2313 6006
1961 3277
291 1878
4034 6187
1355 3130
2545 5794
2151 2605
348 7339
2254 4011
2346 6234
3481 3697
305 3708
3083 5266
405 6077
1106 3005
12 4991
3302 4785
2143 5387
5216 6088
1854 1991
2124 2580
2559 7000
1808 3900
398 565
994 5603
3194 5611
2284 5430
951 6940
1012 2857
1070 6909
4842 7154
1534 3323
4617 6472
3865 5984
5664 6751
411 997
982 2387
5383 7010
1864 7322
385 3103
1866 2754
4470 6262
3188 4279
4536 7449
6044 7514
4192 6391
2000 4408
6336 7579
3140 7172
3291 5591
4601 4761
543 7142
2012 2683
2796 6472
1629 2899
701 1991
4893 7559
5505 5754
991 2919
923 1650
522 3475
1125 4637
3081 6902
6029 6251
1969 4075
2990 6657
1824 6769
1445 4581
6589 7572
789 6408
1201 1747
1586 5546
3013 3344
438 4098
2726 5860
4294 7054
3212 6314
2773 4278
3054 3844
5339 7279
1463 2365
57 341
3251 5373
3280 7622
3641 5516
69 7520
835 4210
1999 4449
5720 5804
1006 5253
2793 3193
2433 6046
1300 5132
2 4268
5027 6522
313 5187
1114 6107
3974 5736
3805 5228
782 4525
366 7283
3996 7539
451 4550
631 6042
386 4036
3060 5158
124 544
5330 6529
3768 3891
771 1145
3751 5435
1363 5072
2040 2197
728 3176
2188 4903
1559 6047
760 2473
4119 6876
5679 5727
2488 4940
219 6545
3654 5589
678 1585
5521 7465
1836 6987
6738 7017
2578 4415
179 2347
3584 7184
928 4026
1090 3831
6039 7395
4554 4986
578 6903
3510 6719
4359 6430
1663 4357
1052 1686
1601 1692
2121 5372
3156 5486
3997 7600
6715 6845
5326 6843
5729 7509
1675 6398
3140 4942
365 6797
3477 4553
24 5829
1774 1921
3241 5222
1274 2559
2786 3989
286 2202
408 4653
3128 3396
428 3500
1330 2509
879 7424
937 4833
3786 5651
4597 7300
3307 7166
4104 4201
760 1923
4258 4405
5031 5666
1627 7354
2948 3692
3803 5912
3055 5991
312 591
2235 2719
872 1631
1165 7340
2791 3188
4338 6884
1952 6523
3291 3958
1385 7371
110 3125
1811 5889
1560 5713
2886 7092
897 1685
880 1756
1545 2064
4221 7243
87 7078
637 2608
5413 5556
2507 4591
733 3742
2232 5773
1484 7060
2972 4518
3281 4403
2805 5480
5770 6222
4070 5757
6697 6952
671 7510
543 693
4598 5506
362 6960
850 3171
2929 3665
3939 6183
562 4141
863 6652
4825 5378
1106 3088
115 2618
4599 6634
5486 5683
4567 6738
578 7297
3805 7236
1938 2377
6127 6968
312 2336
2576 4047
2243 4119
4455 6989
5646 6442
688 7044
2061 5428
3375 6317
1071 5603
4395 6299
5056 7060
3616 6828
2466 4475
116 4972
2267 4139
2959 3636
953 7218
2433 3746
548 5119
3053 6093
497 4910
557 3312
5240 6528
2700 4687
1741 5628
545 3440
3478 5185
276 501
4925 6911
4853 6364
6314 6643
2155 2602
2321 4959
2493 6955
802 904
1931 7632
2126 3452
3650 4115
2198 3255
1552 4268
3691 5483
7265 7570
6142 6726
4999 5178
43 7113
782 1016
6450 6952
2705 4472
5471 5808
181 337
5079 5241
3685 7120
5 6062
1597 4657
5084 5788
2807 5307
2253 4514
4237 7140
2041 2905
3538 6868
4824 6365
5381 6060
3471 4535
3558 6366
509 672
4188 7468
5271 5761
889 1089
282 7342
327 4980
491 4343
125 3687
1210 5888
582 4582
1932 4344
1539 4427
2924 7048
1672 3875
1708 5358
3296 7055
1509 5178
111 5348
2710 3656
570 5135
2661 6631
3964 4528
5347 6282
1812 4528
2 1209
1182 1785
1535 6956
601 4642
4259 7591
4117 4859
2752 6223
501 7025
4349 5428
1256 4848
1827 5707
92 3817
3564 7390
595 3434
556 4818
496 1610
2140 7319
14 4570
4588 6383
3057 3404
6495 6836
310 819
3254 4842
4843 7247
1865 1963
1878 3955
807 4991
7037 7430
1505 4563
3132 6683
1010 1132
732 4304
5104 7365
320 2606
3026 6565
3711 4201
1095 4379
5226 6039
6063 7613
4893 6406
1546 6598
6427 7551
982 4207
1627 2158
5140 6123
4749 5577
6271 7316
2311 4084
2619 5401
1505 5408
893 4027
3135 3211
4063 5267
838 7292
6319 7281
4571 5534
25 194
425 3046
3781 3958
6189 6492
4108 4173
4511 4712
385 7404
3160 6637
2793 5453
2880 3954
1073 7553
3204 4965
87 3154
1029 2131
1607 7110
5755 6204
3222 4151
4713 5383
655 1990
1413 6169
160 4575
770 1336
35 455
2252 2425
767 6584
1868 1986
970 2474
877 1331
5180 6401
3264 7466
3302 7249
598 6432
735 7146
1330 4474
4798 6245
1425 6505
1093 2295
5643 6392
1830 3345
2782 3038
38 5768
1639 2504
2740 5362
1637 2128
2801 3204
4228 7180
3037 5310
962 5915
6275 7537
2967 5183
3551 6500
3132 4974
150 185
670 6805
423 4679
2356 7415
3976 5301
2493 6194
959 6120
2880 3756
4991 6990
889 4385
5521 7529
498 2789
4359 6244
6269 6860
3002 3203
1207 6453
1426 1533
947 6159
40 2440
1446 4053
2974 5980
4845 6943
4927 6522
72 4729
1901 4812
1100 6761
3289 5217
3746 3972
2658 5483
1352 1988
1737 4400
1353 3606
1554 5162
396 2693
1141 1565
1875 5689
3073 7559
1228 1247
2192 7109
183 5195
3261 5447
728 5124
359 3223
2626 7515
99 3214
5642 5821
3631 5530
649 3849
921 6986
3332 4080
55 7233
1021 4717
4373 7101
1281 2045
5596 7448
1707 3679
1731 5895
736 7356
1078 6836
1751 3147
5881 7498
1481 3037
2375 3904
1117 6980
2680 3943
1343 5923
3087 7498
470 717
597 1821
816 1395
3211 7552
409 4553
3529 4429
920 5932
4190 4620
3526 5861
502 1903
1185 3012
611 4150
185 4054
1567 5700
3374 5567
5463 6667
34 2596
2302 6899
7356 7421
3555 4875
4388 5214
6243 6898
5051 6417
5350 6988
383 812
25 2158
219 7240
2392 6711
2170 7539
622 3869
3134 4838
1586 5005
3376 6918
1286 6079
1813 2397
5733 6757
6840 7529
1368 5932
4599 6378
2689 5718
340 805
2219 3797
4497 6436
1686 2860
138 2014
849 2444
77 1597
1058 4923
1482 6896
506 3048
6371 7632
2500 2788
2530 3844
3505 4037
2704 6592
377 1261
5297 5829
2678 4341
211 7401
2502 7508
1151 2485
2247 3877
1522 7612
458 1888
1285 3368
5433 5712
1676 3760
4308 6248
1578 2167
1684 2055
3387 6174
364 7261
3500 4292
1912 7436
3585 4513
5758 5792
343 6263
3531 3535
4017 4260
14 507
1658 6104
6555 6771
1622 6297
4458 6817
4787 6668
3929 6367
5487 6809
335 2911
2034 5590
3860 7274
1140 2711
633 7249
3303 5458
1226 2669
360 5470
7 2585
1995 5929
5373 5639
4322 7142
503 4945
1859 5271
3424 5787
2827 3085
865 1583
3676 7544
324 6760
6482 6861
452 1697
2513 5014
842 5587
1501 7430
4195 6121
1359 4265
3275 3873
3444 7640
749 6949
983 2700
6197 6529
4952 5585
1915 4709
1092 6683
5819 7596
1239 4942
1241 1639
2350 5329
3487 6607
2950 6087
238 690
2304 6064
1456 6060
3214 7618
21 7545
962 5817
2869 6285
1323 2464
2247 6610
1857 2347
266 3852
3957 5953
2696 4423
875 6271
5023 6507
3803 7148
2102 4526
4302 6329
430 3374
1740 6850
2001 5331
3015 3808
1615 5631
7381 7514
4825 6229
3573 4351
6540 6820
1859 4743
1291 2777
4743 6800
2318 3008
3879 4086
3126 3967
2652 6761
1496 5331
514 591
6204 6433
765 3722
3668 5374
5146 7597
3872 7204
2307 4673
3853 6747
933 7358
3044 6949
3468 5927
429 7584
3186 6774
1394 6696
2605 2770
5192 7267
4370 5591
619 5081
4805 6406
2476 3208
2670 7632
3765 6846
3694 5751
2482 6855
5639 6697
708 2828
52 285
3983 7460
4424 6402
3389 6105
3552 6312
3949 4505
2 1747
6572 6777
2113 2118
921 7351
3657 5788
25 110
1978 5370
5975 7261
867 5308
5408 6664
4227 7561
863 3443
6773 6939
1369 7092
6952 7154
3057 5225
2869 5678
2356 7356
3962 4668
73 1343
5206 6738
1401 1760
1857 6308
883 5074
2036 2443
6824 7009
1672 4238
5814 6784
1352 1716
4692 6042
938 7371
4585 7501
5510 7307
1840 4066
5029 5738
254 2365
6731 6775
517 1028
8 1110
3652 7068
6290 7469
4497 5382
529 6555
5134 7282
1369 1497
1431 2326
2971 5272
3263 6734
3896 7477
781 6477
850 1469
711 4764
2194 3164
3439 5394
214 1274
5345 7216
273 6252
2639 4732
5237 5551
2894 6467
1935 6429
3370 6422
767 3548
4054 5776
5114 5545
2286 3643
1101 4767
5174 5918
685 6001
5149 6633
75 1822
935 3704
4895 6532
1319 5639
1879 6850
748 4911
2391 6357
912 6877
6195 6369
211 4819
3078 6510
2793 5360
3633 4306
1462 4788
2360 6385
3249 7085
6513 6984
74 319
6025 6166
4625 6827
3110 6783
97 5587
1918 4206
2047 4651
796 7229
1771 2473
5333 6620
2238 7300
3247 5531
2992 5737
3343 4032
2469 7254
502 6745
1573 6123
2062 6398
2825 6652
2498 4386
4606 5893
3460 5282
466 7019
1596 3134
2356 5316
1826 2032
419 2356
2222 6200
3256 5265
788 1123
1564 7196
898 2985
5408 5868
3357 5662
3827 4026
3183 6741
1583 6772
1871 2756
1383 4231
1419 4449
3310 7643
1395 5437
2961 6051
4922 6500
163 7564
2981 3757
403 756
1473 4224
1107 5886
1667 6005
7 2278
83 1444
1987 2718
1266 6604
1305 6059
6240 6301
2046 2273
2756 6998
1820 7241
3683 3925
4488 6705
4148 7372
5692 6951
2702 2970
1214 6724
344 7463
2522 4071
468 3736
5749 6150
585 5415
6169 6599
242 7029
533 4724
316 3103
2546 6547
3381 3420
306 2261
3163 5261
1977 5952
6772 6802
3667 5677
829 3493
6443 7240
2727 2794
3368 5392
411 3354
376 5457
884 6543
419 2736
2469 5573
3322 5304
3002 5126
5358 5588
40 4983
5709 6743
2358 5674
4877 6839
4480 5650
2919 7600
2561 5005
3030 5718
104 7392
904 5413
443 1908
1930 7284
4019 5283
2365 6817
1123 3564
5224 7318
696 4251
656 3712
6149 6835
2794 4048
3263 3475
1090 1777
1354 7275
88 7516
5868 6635
2087 6474
6601 6611
4332 5308
421 4188
2997 7497
2129 5324
3122 4175
2455 3650
393 1091
932 1295
885 6845
324 2394
899 2916
5284 6812
2243 4734
744 2295
1896 3175
855 2858
4692 5429
260 3570
1883 7145
521 5587
3524 7161
1119 3129
1357 5877
3517 3989
6220 6400
1799 4994
1070 4111
933 5149
119 6745
3563 6582
6493 6516
2829 5072
2294 2334
3224 6297
2159 7225
573 5148
936 2106
1453 7011
1103 2596
255 3017
1066 2868
185 5315
3144 3620
606 3758
1950 6128
3324 6984
2294 7127
2153 6917
1177 7136
3530 5137
5729 7198
877 1609
2216 3801
1346 3115
3011 3597
714 3231
3312 4135
1493 6891
5529 6074
757 6115
4674 5349
245 3041
3425 3629
4112 6871
603 2314
5094 5849
1928 3503
2197 7265
317 2282
2807 7060
356 2347
5402 5581
5795 6749
2787 3491
111 4210
1438 6673
3943 6767
2879 4498
2421 4896
3721 7474
4452 6495
5444 6505
6169 7550
5673 6522
4046 4520
767 922
1643 5957
39 4596
1295 5908
1327 6227
5352 5779
2232 3175
2836 5877
3119 4363
103 7071
296 930
834 2001
3182 5121
6061 6731
1190 2709
2209 3377
1199 1246
3855 5085
5443 6595
2514 5429
465 5559
1925 5111
256 3105
2198 4652
4101 4978
360 3655
2679 6017
2362 5138
282 4668
608 1211
4101 4393
393 2333
1822 6085
4300 5686
3546 7502
1925 3762
3966 7532
1935 3684
4675 5173
2349 6639
4781 4824
5840 5938
1931 3508
770 2459
1837 4771
662 1206
1554 5500
1618 1869
546 2975
3540 4206
1123 3154
5715 6110
271 1266
2754 3438
3456 5419
2668 7471
142 4362
3505 6172
4136 5910
4559 7416
2857 4286
4403 4641
2160 5045
3035 4954
1457 7415
5030 6211
2124 6622
4056 4964
4667 5049
2937 4085
270 804
5377 6074
330 4979
1143 6899
4140 4610
5364 6775
1998 6746
1127 3603
4641 6532
6117 7413
7113 7271
4302 6163
688 3449
517 6027
4233 4693
5414 7213
2465 5392
5692 6595
2388 7571
4977 5456
3154 4754
432 6650
1362 5230
1203 1385
4199 7473
2276 6398
1783 6477
3039 3079
1422 2769
3859 5253
5453 6750
1815 2968
3870 7544
1195 6189
2802 6846
2021 5767
2162 3660
610 5330
4560 7085
695 791
6304 6369
3238 6444
680 4834
1915 5029
4279 4778
5584 6651
3488 4823
3206 4910
61 1436
3125 4030
6486 6716
1694 7326
4972 6559
3095 3315
4564 5841
2294 2318
658 659
3544 6110
1103 6124
1948 4409
647 6847
6525 7096
1573 2204
178 856
2978 5869
2807 3272
1580 2363
2674 7062
2858 4586
6581 6635
5743 7258
445 6590
2792 7054
458 3410
6568 7052
2053 6299
1806 5598
3357 6229
1273 6843
516 1642
624 1128
5075 5827
416 3905
2596 7601
3394 5467
6492 7467
4298 6619
3388 6489
4578 6989
1246 2220
4838 7365
1690 4510
4356 5508
585 7121
2903 4855
1652 4697
34 3749
414 4804
3827 3991
2955 6855
1448 2201
6589 6935
2760 5118
934 4660
745 4721
1241 2324
4715 6819
1323 6537
1103 1997
2835 5620
2948 4400
4209 4277
4892 6138
4950 6597
3449 5074
1103 4431
3562 5263
1566 4795
3255 7308
861 3704
2498 3603
2223 6611
4355 7152
632 6177
175 5113
3835 5968
3371 4318
652 945
2565 4273
2489 4843
2426 4200
1521 3369
4569 5674
2395 2508
3455 5375
3704 7132
4749 7254
6759 7137
4043 4773
2152 2356
383 7234
3970 4928
517 4301
4712 5084
3479 3768
366 643
483 4349
1596 6601
2106 5956
2926 7630
2568 6142
2807 3919
4778 7406
1184 3747
965 6618
1851 2482
2253 7126
224 4020
1162 2531
2073 4110
4968 6591
3838 4191
5551 6362
3139 4324
163 3624
544 4348
4196 7356
267 299
330 485
595 2092
390 5835
4833 7620
1900 1945
2667 4371
5976 6796
1095 5851
2079 2572
1366 5252
2391 2569
4310 5560
3210 4396
5840 5988
4967 6451
2315 6691
2137 5099
6262 6735
558 5736
1371 5385
1691 4822
1827 2467
396 2867
3937 5691
3902 4082
3812 3875
5014 6212
5261 5322
5244 6161
4650 5561
4728 5296
3205 7618
609 6011
6126 7155
4227 6028
3047 5271
3968 4767
1274 2574
1948 7599
1297 3602
3631 6077
6215 6817
1275 4017
3063 6560
2499 5373
5138 6723
3845 7259
2655 6285
1201 4727
2065 3945
4681 5693
4707 7551
6979 7608
3948 6991
4248 7393
6975 7319
2880 2972
575 4157
1393 7462
1999 3830
2863 3015
748 5461
2728 3752
2254 7099
3110 6234
1291 3337
1355 5330
123 3405
4714 7243
597 6531
3359 5211
6169 6314
933 5200
2523 6894
3030 3195
581 7019
1992 7128
1926 7561
2962 3464
4114 5580
2100 4344
1681 2897
5758 6727
290 7117
1926 4879
756 1176
2531 3057
126 2768
899 5242
2990 7115
2880 4824
3190 6837
6114 6991
518 4203
4196 6535
1744 2760
1735 5584
5947 6800
4311 5414
796 1521
335 1133
1258 5008
2995 4295
4190 7470
3055 5921
4778 5322
5377 6105
2902 5074
292 1253
4994 5785
741 7233
1502 1848
1799 5220
924 3713
378 1745
2915 6670
3039 4584
2138 6660
3563 6465
947 1701
337 1839
2511 6667
3118 5322
6311 7340
5235 6915
2009 2904
2302 7277
572 5765
3544 3664
4359 4822
1123 1735
485 5331
5379 5648
4114 4355
640 4797
1978 5307
1608 3444
5369 7209
1618 6229
4783 6965
830 7250
257 7324
5361 7252
1409 3911
1013 5855
1124 2801
1453 1616
3161 4301
4053 5148
2238 3851
883 4916
457 1419
2609 4043
2086 5500
3474 7169
3081 5136
1980 1984
5496 5976
4234 6319
1824 6129
821 5456
2649 3429
2669 5137
194 3552
1828 2960
1802 6654
1565 4344
6612 6870
822 5180
1591 2007
410 948
1216 7191
3563 4626
4491 5492
4910 6935
1777 3433
3659 5978
5747 6301
4468 4699
600 7211
5881 7475
2313 2793
233 2429
2513 3077
3231 5686
1790 3443
795 7066
1584 4170
3270 7537
4328 7289
5206 7288
3082 5579
3048 7252
1147 2088
61 4930
916 2822
4945 6959
5407 5839
2265 2533
3664 4473
5176 6115
2441 5394
1611 4812
3919 3990
20 6253
1550 4538
129 4728
4104 4665
3949 5014
2701 7011
3186 3560
4290 4825
2689 5634
2433 4677
6348 7502
1934 4219
4745 5841
4556 5694
627 841
1048 4408
1581 1997
6427 6796
402 1735
2858 3197
4909 6608
3776 6258
4915 7005
217 419
3820 6264
4132 4142
4358 7158
3437 7456
1581 4135
1682 6684
3396 4886
2921 4418
2994 6212
5896 5939
1281 3484
3716 4513
1076 6219
768 3843
1324 4250
2389 4314
2432 6018
539 2294
3013 5463
600 5935
1165 6027
2545 3158
2365 4839
3543 4729
3212 4794
3235 4686
750 6815
1086 5628
4470 5280
2117 5310
2130 2239
1880 2466
4463 6967
5020 5457
5163 6354
120 1175
4799 6084
755 4019
2807 3813
640 3371
2713 5322
1320 4438
1379 5029
3439 5833
5873 6883
712 7104
2085 6589
2039 7413
4416 5722
1772 5522
6927 7424
2456 4049
906 5174
5444 5738
1816 6793
845 5374
1526 6846
2867 4464
513 5609
225 5250
3821 6095
5116 5118
963 7515
3667 6861
5175 7172
3330 5762
1206 3335
1623 3582
3568 5358
5284 5866
2230 3748
2226 6464
6970 7602
2160 7540
186 4842
3174 6217
3998 5097
1128 7354
3115 5774
3055 3977
1993 7172
3408 5592
3438 4239
2623 5744
4886 5626
6411 7374
3760 7474
1463 4740
2493 5787
7403 7439
6399 6952
510 2129
1504 3120
1298 3733
4694 5161
300 307
2478 3635
6158 6778
131 3646
1907 4651
4218 6802
166 1640
1276 1888
1494 1902
730 5824
4710 5937
3312 6311
1671 1816
2615 6628
710 2301
4094 7010
249 5550
70 5232
4140 6987
1533 7107
1525 7042
1106 3987
2801 5903
5443 6699
2162 5595
5313 6773
1166 3309
2403 2552
3519 3665
1422 5274
619 1695
1098 6034
5503 7422
4784 5994
1176 1631
1321 2138
971 6535
3269 3671
335 4177
1988 2289
1517 6948
2262 4132
3880 6420
27 658
419 3698
172 1704
4114 4961
5822 7123
1714 3565
3389 5581
3553 6299
4118 6646
1720 7198
313 990
6316 6447
14 1826
3566 3846
7015 7635
3060 6599
5420 7332
4072 6419
405 7295
6179 7246
4743 6159
1397 7605
2401 7474
4725 4889
5555 7212
1518 3360
1016 6029
594 1209
5509 6986
2535 7371
3377 4279
817 1904
3975 6975
1334 1621
5261 7585
5898 6481
3210 6698
129 6449
553 929
2782 5773
921 6725
1228 6734
3067 4454
4092 5736
6038 6159
336 7327
3792 5827
4942 6991
2067 3414
2351 3465
328 4922
2359 6623
235 5945
2968 5057
205 600
5074 5563
2943 5040
933 6379
1601 7531
1842 2387
1219 4239
2331 4313
1717 5930
2915 3066
1699 6483
716 2536
5 5450
1227 2972
3061 5784
155 6433
485 3790
1412 1953
3173 5015
69 5293
2048 3402
842 3610
3276 4437
168 6969
1079 4341
4868 6134
649 876
1097 4208
5483 6361
1785 4187
3625 5902
935 5199
1507 2812
5424 5515
1765 3954
4606 7454
6029 6260
2234 5387
4594 6830
2763 3684
290 7492
2132 3182
707 6165
2385 6183
106 4946
2090 4431
3228 4615
647 795
3380 6623
5295 7480
3668 7164
447 1732
5751 5769
549 1263
3597 3807
117 4374
3687 5039
1382 5121
2311 3972
1856 5424
5505 6065
4122 7365
5310 5650
2185 6537
779 4333
4468 4865
96 1850
956 5263
2549 4331
465 2363
2713 5899
2414 6474
1447 6904
1118 1282
1382 6686
5212 6213
3939 5260
2667 7439
835 6859
3724 6576
3339 4968
1013 4975
474 3931
476 711
1474 5012
2676 4115
4050 5746
2122 5791
4338 4749
1424 5339
1593 2174
2513 6785
1167 3229
726 1611
537 5810
1906 3239
5548 5629
2082 6656
3532 7644
2400 4685
558 4206
850 4110
4395 5876
2543 3044
2887 3487
539 6047
4847 5658
4592 6524
744 3563
28 7337
423 1252
2935 4355
3496 4489
316 2470
1121 6924
1612 4780
3287 7321
5401 6760
5575 6007
2177 6547
69 3966
2981 4387
3072 3711
4059 5903
3112 3565
4161 7546
4916 6880
3137 4588
4584 7004
3087 4163
28 1295
5312 6615
967 4424
4665 7404
3972 7336
3628 6703
4250 4871
3173 6149
4898 5545
932 7470
2186 4667
1629 2349
6123 7525
3438 4275
486 6302
320 4985
165 5791
801 2073
19 46
5090 5169
1643 7517
898 3536
3991 6612
658 7092
388 3410
2152 4986
2914 4060
3432 6186
4531 5584
2786 5039
2418 6932
2998 5110
1808 3375
6302 6720
2288 3975
4452 5825
1611 1656
411 6376
5029 6608
271 3343
1606 2654
2309 4707
1156 6942
2288 6292
512 5745
1424 2611
594 3843
383 1102
1094 5150
225 1702
856 5713
1444 3421
5182 7093
1441 5519
3923 6912
360 3233
2325 7049
1525 2249
1276 2567
109 1030
1158 5108
3046 4627
321 1185
2477 7448
3703 6396
4407 5349
4697 6394
2551 4516
2958 4587
4540 5569
107 1050
1476 3066
591 4304
2013 3301
4619 7530
8 2824
1318 5167
2093 6716
1262 5801
3646 4886
1499 6682
2409 4253
861 3207
2918 4179
2979 6805
4436 7435
1679 5862
2649 5634
3497 6794
1676 2041
923 3344
2729 5163
918 1094
3155 5959
3702 5675
2566 6814
96 4206
5418 7024
2568 4889
325 6765
3975 4739
2804 3599
1150 1891
183 3339
1301 4927
1152 3241
3305 3468
1017 7545
2553 6162
651 2949
1655 7197
2042 7189
2615 6331
974 6452
2637 7152
4841 5402
3330 3544
335 1837
2620 5755
2132 4484
3051 3718
1817 6020
249 4892
4916 6939
2737 6259
3164 4034
2002 5347
4492 7297
1275 4498
2141 3113
440 1265
2962 6807
2625 5035
727 2906
2595 6713
1918 4164
3609 7066
3779 5298
1929 1988
5004 7126
2037 3362
4983 7503
2770 3235
832 6739
2742 7063
3044 5754
410 2841
2249 4456
4893 7605
1325 5911
1917 3601
5720 6684
271 6455
1467 4232
5237 7438
5794 7357
57 2591
3414 6049
2695 5749
3022 3619
4762 6513
3356 4687
961 3519
4148 6728
2592 5380
4293 5565
6282 7146
23 2073
1937 2542
1137 5397
2028 5170
538 7561
865 4931
715 5199
5566 6554
2013 5278
998 2096
3057 6096
1222 7275
4937 5036
808 6369
659 6542
5761 7623
4886 6617
1750 7291
167 6750
490 1376
4657 4842
5027 7211
2547 3558
2742 4064
4682 5786
2164 6434
1403 6358
6700 6752
546 4190
3599 6671
4535 4664
6131 6629
2284 3968
735 782
5433 7226
1491 6053
4875 7233
1231 6441
1766 4338
60 5343
3035 3045
3261 4000
4171 6356
4134 6461
2350 3537
635 778
283 7558
2143 3889
942 2851
6356 6972
3335 6601
2004 5915
2293 5502
594 4810
5025 6411
1411 6514
4420 6685
643 1044
637 3939
709 759
3386 6871
83 4475
1202 2416
2658 6807
3015 4781
1234 7457
2866 6649
2099 6537
178 3872
4434 7328
2557 6911
3428 3683
1072 6152
3213 4832
1453 7618
1227 6762
1286 2292
5345 5699
806 2311
438 7476
475 2108
498 2605
1456 2956
1738 5332
4001 6624
1321 6491
2446 4013
3714 6341
3482 6494
1323 7139
627 1545
7455 7535
5476 6171
4409 6863
469 4402
2533 6694
2912 7468
1044 5865
3872 4971
3366 7643
1992 4564
495 3524
3147 5065
665 7229
6155 6535
528 4167
3464 6800
3346 6987
39 6906
4836 7110
3553 3813
2787 4597
2998 3772
511 7047
824 4818
1147 1532
1092 5306
1541 4598
566 1636
1286 6085
4476 6465
1568 6952
1373 3965
5941 6633
5077 6835
6431 6605
4408 6897
1159 6746
3416 4547
2239 7218
2586 7318
3873 5916
3577 4618
5021 6377
854 5585
784 1977
187 7047
2005 3258
3862 5595
2461 5023
1452 2875
2078 7163
1924 3976
2656 5944
7287 7367
2886 3235
509 6988
2511 4655
1022 3728
2158 6938
147 3589
449 3776
2524 5831
1430 3937
4015 4137
3825 6782
4401 5092
5189 5315
1458 6576
867 5074
6123 7523
3490 6247
2412 3398
3092 3622
654 3009
0 5884
4227 5807
3170 3732
762 6209
2390 4541
325 473
6183 6367
2178 3116
1168 5564
851 2574
2490 3676
759 1683
1845 2708
4486 6925
5653 7211
5367 6269
4863 6534
3425 4306
6107 6866
5831 7415
3861 3951
3515 5712
1478 6786
2249 3680
4206 7042
4070 6814
712 2059
3424 3910
116 1954
1271 6135
270 6442
4128 7014
3998 6841
616 2638
27 6357
3500 5180
1683 4997
6070 6345
2879 6705
2117 6247
4492 5715
1347 6680
3445 3671
457 7040
5022 6337
2155 5413
568 7232
2646 5949
2160 6797
1322 2216
295 5696
2566 4117
381 3355
2490 7298
1470 4020
996 1064
3123 5573
3040 5919
3174 6851
3933 6083
905 4762
4981 5810
877 7244
4013 5354
682 3835
3996 7090
3068 5639
4932 6612
3068 3418
2564 4633
6683 7335
4004 7274
4753 5849
3244 5029
3979 4294
1172 1719
1949 3034
4238 6181
6653 7626
2497 3616
895 5090
4797 5088
1454 7499
4401 5204
1522 1728
3643 4770
4258 4527
1329 5778
2754 4414
2126 6895
3342 7600
5867 6738
2988 6538
5303 6496
2164 4645
4294 7312
415 1228
3535 7610
632 3379
1628 3128
3043 7250
4139 7645
5279 5788
3007 4176
1723 2109
2686 6045
4259 5989
2083 3093
3609 7133
4994 6611
1956 2413
2678 4298
3255 5562
1888 5576
2048 3969
1125 5790
7199 7404
4179 5625
2399 5809
4902 6087
2301 5753
4445 5688
562 3414
823 7209
66 6959
2274 6823
1825 2673
3299 3563
1516 5293
3321 6069
1774 5606
4119 6731
5601 7197
2223 3393
1901 4608
1219 4413
565 7394
3427 5183
194 1879
2015 6574
1012 7157
683 1702
1939 3548
3382 6681
4554 4875
4154 4383
698 7601
560 1148
5906 6436
3911 5042
2272 6890
3126 5969
1112 3072
2834 4914
295 1103
2176 6132
3129 4895
1168 6839
451 4245
4682 7251
166 1269
1164 6022
1385 5329
105 4067
188 2092
826 1049
5594 6409
279 2608
186 6576
690 2298
1207 5190
395 597
3557 3806
567 1466
3957 5539
1324 4843
1066 6856
1820 4868
2098 4531
3350 5609
1507 4931
4652 4848
1170 4724
5690 6150
4557 7385
1308 6337
1499 5053
546 4508
867 1721
623 7073
5626 7350
3674 5109
1030 4675
2669 4373
563 4314
2938 5122
5177 5798
6490 6572
1898 2531
3953 7420
3967 6713
4925 6396
366 3965
1677 6466
3551 7501
1037 6007
810 875
3911 6980
1995 6088
3914 4468
2658 3655
762 7442
4441 5070
4487 5155
2894 6203
2213 3001
5374 7088
4846 6516
1534 4265
2154 7514
1234 4338
2834 5111
1962 5273
3355 3892
6527 7580
2366 4909
444 5016
7297 7468
4965 5145
4524 5617
758 7105
151 4479
457 7419
4845 5300
617 4371
745 5573
1053 5894
3786 6257
4105 4707
3679 6730
210 1289
1800 3640
4964 6921
2482 6061
1070 4725
3094 5739
6800 7334
135 4727
4727 5805
1683 4508
6957 7397
509 1806
5343 6227
13 219
1360 4698
1805 6553
4034 4653
2044 4723
4443 4834
5333 7349
5999 7023
893 1121
4891 6051
1186 5083
1122 6012
1663 7633
3103 5577
802 7518
202 1898
987 4412
1 2958
436 703
5808 6673
2743 6550
2401 3391
1747 3347
3497 4970
827 4568
1955 2992
2887 4235
1798 7081
1633 5029
472 5164
529 7376
5424 7252
346 3664
942 4971
2705 3502
2274 5779
264 2985
28 2898
2197 7171
1502 2665
5153 6046
5291 5466
1393 5295
545 3072
4995 7342
4631 5798
5700 6228
3658 6402
1202 6647
4372 4689
1466 6054
5455 6445
1005 4131
1268 5205
455 6709
3568 4137
968 5467
4075 6339
3804 4510
2767 7370
6610 7379
3066 6240
3365 5708
1193 4841
1375 3652
1014 6384
2572 2812
2815 6746
3951 6500
1675 3373
775 6269
2377 6623
2872 5181
973 3754
15 1701
128 5781
836 5768
3324 5445
4476 6660
368 1171
78 7349
6883 6993
348 4592
2392 4384
825 2750
3714 5794
4988 5412
6321 7612
4702 6833
1838 6711
1468 3710
4238 7439
376 2755
3174 5134
1898 7128
3415 5565
1104 5594
5185 6281
546 3364
3307 3721
528 1033
1881 3915
2343 6193
1255 5514
4428 5398
3822 4849
1627 6145
2197 7116
4754 7387
4829 6216
1166 7045
1326 3578
3532 7158
366 1243
5326 6389
2203 5698
7256 7290
1621 2474
6164 7443
4217 5660
482 3528
1714 3621
3204 4023
411 5534
5095 5299
1947 3266
1532 6231
2463 4530
738 1772
4872 6871
900 2390
164 3380
4278 5091
3305 3979
65 5923
308 5831
6399 7353
4751 5553
3870 5415
832 5315
2516 3469
5438 5640
165 6382
4093 5751
1051 5081
152 5410
1899 4247
345 769
2996 3078
588 5101
3899 6686
534 4279
6840 7183
36 5947
4211 7317
5828 6267
276 3878
322 2504
2433 2559
1341 2474
2533 3228
5469 7287
3075 5517
5706 7188
3857 5453
1904 4188
4419 7303
56 2229
3285 6346
1320 3305
1026 5433
1480 2617
3567 6707
3396 3809
704 4205
509 7297
4164 7270
3355 4607
6236 7646
3021 6444
2870 5697
28 7171
2177 4938
1109 4809
6623 7018
1571 6092
6283 6296
722 5831
971 7572
1176 6787
398 3044
2660 3357
3540 5610
1673 7298
1682 2530
6461 6565
1005 3463
2000 6302
113 5946
3545 4544
612 6837
2004 4741
4634 6125
475 5446
2089 6615
4137 7096
3455 4299
81 2240
3203 4040
2416 5936
3303 3345
2177 5091
6373 7617
481 3284
4103 7261
1918 6548
2162 7587
1164 1876
1671 1790
4054 5912
5469 5681
450 3449
538 5608
395 6009
2940 7018
2298 3644
3769 5478
5483 5708
175 2209
5990 6496
3881 5224
1465 1671
7257 7457
355 3327
102 2544
3757 4130
2903 5555
4116 6003
2783 5682
2574 2661
2274 4112
5575 5593
521 1856
3973 5183
5071 7204
6013 6093
23 1395
3092 3464
4055 6160
531 2565
210 5731
3467 4347
4357 6168
6381 6416
4238 6632
934 5802
1681 2336
3663 4351
1997 6500
2309 4902
6236 7054
2352 5403
827 4067
188 4794
1844 6690
3608 3756
1563 7314
158 6893
6803 6926
3474 7587
4620 6862
1737 1894
1533 7271
1190 5127
163 5302
1890 6829
3276 7060
1580 2168
3718 5546
1010 6408
6127 7141
5215 5709
3972 4514
149 7465
803 6900
3105 7394
2061 4429
975 3453
2600 3130
6077 6149
2022 5793
5411 7136
2127 2683
2461 2551
6151 7407
1594 7378
3075 6252
3433 4550
3874 7073
1769 4383
1869 3044
413 594
1242 7375
2972 4398
3765 3812
201 2780
4461 5064
2328 6240
1945 5321
2608 5715
1748 7170
2977 6509
675 4827
855 3833
4426 5265
2692 3327
556 1818
4694 6384
3915 4161
2968 5104
187 4822
2958 3620
466 816
1431 5775
2397 7337
2735 5979
74 6950
137 2985
2483 4789
404 7185
2814 7340
253 1626
1688 5671
1392 4651
4516 7353
1983 2808
316 7036
3998 4244
952 5237
688 4545
4662 7540
2982 6621
307 332
2107 5169
36 2664
2709 5682
402 6151
1264 1815
2481 5657
2104 2699
276 1780
2247 7045
2833 6308
1316 4918
2107 5697
3392 6890
490 6277
2965 4919
1670 1971
2880 7291
3308 4702
358 6337
364 883
6800 7085
6353 6441
271 2210
53 5948
1037 1152
2875 6307
1058 1462
626 4440
3954 7187
183 6899
3521 3814
1144 2384
495 5482
465 7435
3903 4664
170 6530
1437 3956
3882 6895
924 2976
122 1781
37 7615
340 3993
1462 2934
2890 6308
2064 4775
2587 7543
1354 7484
5863 6357
2416 7077
444 1972
5417 5969
6110 6138
2344 5513
5229 6654
5745 6315
6159 6593
900 7288
5513 6427
2817 6397
2763 6038
2379 5488
1719 5195
5717 7490
48 5452
1694 7535
257 1999
5018 6251
4904 4968
2045 3639
6458 7525
1246 3946
1974 6222
4353 4734
2997 3453
4917 7472
2674 2807
2647 7236
5435 6103
849 6729
2545 6080
1080 2844
4379 4689
927 7092
1235 3759
1074 6798
2521 4522
3024 3626
659 6916
2076 7417
4533 6464
2013 6418
2045 3264
565 6205
1039 2255
2442 6213
2109 2965
3577 4474
36 2543
380 4062
359 4787
2926 3293
819 3339
2335 6974
3218 5235
2518 7566
1434 4668
567 3183
256 4770
1587 3343
513 3866
1623 3775
3253 6320
5631 6410
1437 6977
1110 2059
3206 6287
269 6196
95 253
267 6906
2041 3227
3293 7166
4135 4441
1758 6704
874 3173
1119 5533
352 2356
3408 6006
1819 2323
705 3082
1590 7621
5214 6769
638 3473
2841 4005
1446 6814
485 4204
5623 7344
3212 6134
127 6401
367 2914
3333 4190
914 1707
4201 5476
1412 5395
3088 4060
3793 6666
1226 3004
1205 5217
1365 1867
1386 3049
1624 4827
1177 1564
6395 6494
1887 5690
2961 4923
4560 5902
1959 5153
1904 5357
3238 5047
2278 6263
1263 1423
5703 6923
3797 7006
1816 2569
3189 6251
1199 2522
3764 5603
110 1602
2769 7604
5652 5871
4377 7068
525 604
4245 7597
7085 7325
766 7001
7095 7491
4926 6928
545 5212
6225 7417
337 2166
1546 6999
1719 5887
1362 5308
4792 5288
3856 6410
2409 2752
2717 7544
3525 4136
224 6417
2025 5214
1874 4229
7244 7637
911 1165
717 2430
767 1858
2406 3182
1998 3479
1522 5372
5101 7603
1878 3370
258 2411
6267 6972
568 1176
3705 5089
2648 4728
1874 2289
854 4502
526 5053
244 1149
2902 6488
2059 2464
464 2216
2250 4082
3866 6767
1042 2192
6915 7278
4352 5770
3008 5963
3121 7602
1458 7495
6409 6469
4203 4544
5438 5896
5433 7236
2323 6704
3401 7262
214 2496
2997 4179
5077 5904
947 1780
3155 6085
2424 3796
3294 6523
1811 7509
1130 3454
5916 7189
973 3143
1549 6294
1736 6540
852 5131
4366 5605
4831 6972
4028 4034
4190 6904
369 5848
2202 3254
1986 6193
2376 5199
2128 3264
2209 2880
3268 6162
4739 7622
4167 7276
6452 7464
3855 5958
3886 4355
2458 4111
1187 7637
102 7076
457 3701
4944 5137
1808 2869
2361 6167
4409 6102
6241 7147
2298 3959
3124 4675
279 4472
536 2259
2817 5963
2520 2691
6804 7605
1472 7373
472 6173
1676 7048
3420 7583
917 7214
4504 7394
5366 5622
1128 1857
2335 2471
1811 2926
6201 6513
1731 2729
1732 3596
1771 7403
1385 3145
76 1383
98 3243
2633 6703
2943 7511
1622 5436
2780 5227
3955 6839
628 1372
253 2015
1664 6585
1491 4616
1940 2196
3623 6890
3570 7172
1756 6160
3960 7106
7352 7507
354 4271
734 1594
2911 3745
2244 6396
2039 7549
3622 6619
2265 7558
703 5101
53 5770
2774 4939
3825 7438
3699 5640
949 3606
3066 6017
1607 5787
2313 6881
1709 5906
2769 6742
1588 6972
489 3828
5062 6202
1064 5841
44 7254
5275 6753
2042 4428
389 2566
3520 5733
2217 3940
5121 5598
2612 3717
417 1334
2100 2594
2353 4222
3459 5453
3019 5017
1394 4869
6982 7497
5051 5128
3494 5199
199 403
1025 1501
932 4523
6337 6615
3165 6017
1312 2210
2445 3291
255 4360
838 1566
2484 4778
3397 5088
1530 2836
3087 6212
118 589
1860 4514
3568 4462
2040 4251
3633 6741
1278 7029
5390 6911
3554 7426
2610 2614
6086 6524
1920 2400
2112 7309
1223 3425
1653 2164
2652 7289
969 7074
5299 5897
2108 6497
6804 7648
3137 3959
2589 4770
1223 5369
4156 6595
147 6493
165 6568
4772 6057
1177 3308
931 3779
1035 6707
1169 6307
339 2608
1162 7630
3842 3962
2411 5832
3759 5086
100 3172
4889 6657
6714 7484
1460 6493
590 3827
4582 5873
1223 1657
2446 7526
2074 6756
350 6895
1803 5153
1080 1867
5485 6663
1723 4863
915 2337
772 4988
85 5833
1995 3409
5058 5989
4324 4503
1583 4832
613 3620
151 2597
1793 2053
6280 6953
1430 4526
15 5222
1217 3987
1914 7201
1998 2654
1597 7597
4695 6236
5232 5515
4110 6726
1846 6870
238 4713
4573 7632
1871 3256
1909 5842
4261 6268
3235 3699
1340 3943
2394 4776
1793 5463
3282 3787
1850 2330
2062 3556
1135 6858
5807 6320
3724 6053
4629 7568
1538 2087
5101 7143
18 7063
3384 3421
779 7062
4620 7196
1065 6837
941 7535
5505 6322
3890 4090
2575 6601
26 414
1346 3402
876 6881
268 5692
4567 4786
4678 5006
5551 6845
646 4672
2396 6498
1121 2824
4593 7121
1111 5813
707 905
5478 5857
3444 4615
440 3161
2396 4995
4942 6445
1832 6835
3249 3491
6077 6331
6835 7535
793 7201
2665 3247
178 5202
2957 3406
2229 2852
2326 5583
358 6938
5327 5459
2069 3194
4779 5841
2804 3204
3511 6028
776 2223
1182 6460
211 5962
5243 7480
2079 6126
91 6011
6680 7403
2451 3632
1874 6369
1484 5623
4145 6586
5136 5179
873 5286
595 744
2393 7494
3822 5772
586 1942
1681 2234
4320 5769
796 5266
1865 2971
2322 2862
2822 4158
1076 3710
277 1125
175 7303
4392 4765
5825 7548
6160 6655
723 7257
6950 7287
1845 6931
2602 7001
1328 2315
1146 1300
2303 5821
1287 7218
3529 7239
1583 4287
4433 7571
2008 2849
2639 2744
3460 4287
5734 6170
2015 6634
2707 6975
2040 5031
4786 4976
2543 5322
6207 7329
3645 7339
174 5673
6061 7628
5965 7093
346 5860
3512 4969
5229 6824
1282 5275
321 4499
1488 1915
3922 5814
2561 5738
3171 4877
425 6626
4845 6679
5682 6731
2870 3280
1952 5325
1417 4123
683 5879
983 1716
1071 4806
3664 6187
837 4782
1427 2017
4917 6001
1984 3583
3366 5205
5766 6090
1583 4474
4515 5842
764 5439
2510 4487
5253 6346
1000 4132
1474 3068
6576 7617
5348 7131
927 6452
53 7360
3770 4580
1936 4075
1234 4769
5902 6970
3313 5286
2241 6985
5140 6894
5754 6675
1550 6589
3167 7104
291 5609
4429 6361
6733 7282
1975 6178
1535 4502
2563 5144
4197 5203
1824 2199
3452 3622
4951 6923
2816 7595
2201 4838
2506 5703
3497 5675
3266 4568
3042 3764
5765 7558
5126 5361
4879 5967
3013 6602
1975 5653
1219 5045
614 5627
2046 5930
3805 5222
2422 5611
5471 7520
1886 6401
3075 6245
5353 6287
2786 3920
2571 6530
577 3593
1423 3769
210 1418
1558 5036
2947 7181
7050 7202
4741 5840
5383 5774
2422 3238
454 1253
859 2952
212 2558
2164 3123
84 5330
4095 4890
536 2427
1412 5944
3913 7318
7114 7463
4361 5108
6749 7083
5464 6782
3098 4739
4553 6000
1572 6129
826 6074
1450 6857
1901 3963
3179 5626
1540 7034
1580 4975
165 6448
900 1913
5036 7478
3110 7415
2027 3696
3572 5468
4317 7124
4824 6274
992 1864
3491 6708
359 4761
716 6162
3757 4429
2042 6434
4688 5670
1203 7534
2050 6951
4370 5411
4598 5639
3891 4517
6022 7388
1339 2472
3713 4369
5391 6909
5170 7365
1455 7220
2154 3921
2254 4023
1970 3967
3825 5406
3107 3218
2828 5644
1399 1432
2205 3438
1300 6023
5408 7461
660 1843
2720 3409
2429 6392
5283 5929
3169 4724
1331 2445
3315 6701
4754 5433
2567 4499
3364 4793
6296 7539
3678 4715
597 2387
4791 7392
5034 6121
4708 5445
1505 6335
157 5550
4350 5069
3785 7174
2197 5251
2847 7600
676 4001
3387 5025
1289 4505
1624 7520
1848 7048
5483 5606
527 2561
3142 3964
4999 6845
1254 3212
2663 4775
2022 3809
53 7433
159 6670
1660 1787
2344 5309
2158 7325
2113 6605
3790 4303
947 6070
2042 3656
1484 6423
3977 5145
96 3428
7097 7185
6858 7432
3097 3113
4689 5116
3608 4041
2138 4594
1341 2468
5273 7412
4250 6502
949 3599
1236 2011
3455 7229
1120 1971
869 1035
2304 6149
3628 6259
2262 2593
2713 6110
5936 6315
5176 5891
319 4978
243 6052
270 3519
2442 5352
5180 5506
2309 5504
5722 6752
4719 6686
3543 3975
6324 6603
1513 3244
2137 4568
3341 3465
6858 7595
1502 5235
1132 5272
5714 5864
2847 5090
997 3477
1693 5609
1890 6539
2211 2977
1701 6795
3669 5235
349 5682
1408 5233
2985 3445
5768 7139
718 3938
3339 5210
30 3585
4952 7645
4029 6140
2974 7516
1316 2297
2012 3939
3017 3298
6646 6772
635 799
1356 3817
5245 7361
4020 6505
2871 6297
213 291
4231 4499
5708 7349
3178 3433
265 4819
1604 5018
5031 6681
1934 6336
4637 5048
619 6462
365 6442
6560 7618
5257 7020
5602 6271
4668 7055
2215 2835
4842 5671
849 1606
6076 6362
1810 4219
3542 5604
602 2859
4512 7290
5443 5718
1308 2658
2619 5094
4308 4321
4162 6026
142 6163
2587 4455
3270 6811
587 3788
1000 2699
2674 4563
2517 5705
1300 4090
668 2362
5077 6253
746 7530
1411 5520
45 2006
581 4465
1782 3251
2357 6614
3019 6301
3370 6292
4111 5252
5738 6145
915 4721
6548 7440
4585 4598
2800 4177
2488 3519
5769 6887
1803 6129
710 5072
4480 6959
23 6511
587 2079
5120 7055
5169 6432
1740 3295
5709 6863
2717 7191
4857 6805
1198 5277
594 4422
2883 4645
4898 5230
5689 6506
578 2558
3514 7182
100 4160
1383 4760
253 2843
2654 4542
198 5815
1241 5546
224 7354
3229 6715
2587 7563
188 4288
997 2757
3539 4419
5927 6784
782 2073
162 316
2056 6607
1529 7567
2835 3478
1210 5628
2250 4371
4147 5235
1918 6504
1782 5940
3017 5398
2735 3923
4786 7032
293 6026
3258 5071
116 4736
3572 7369
1691 4535
2376 5179
4925 5839
1462 4105
668 2625
3825 7016
377 3362
4891 6939
1996 2293
1438 4201
1222 7149
2891 6519
5618 6610
3177 4532
796 2540
3575 6852
1764 3720
6191 7303
906 2090
6702 7171
778 1551
6673 7592
12 1170
4118 5032
4317 5749
4392 6414
3583 6591
2479 4594
1546 7560
244 3620
3062 5303
3450 6257
978 2384
826 7287
5052 5667
2231 5452
966 5665
360 2337
466 5723
4729 6042
5247 6432
1701 2425
1977 3563
2045 2198
995 1239
3503 5266
3284 6122
838 2630
3884 7016
2286 3035
1730 2068
1125 2348
215 7645
1459 2272
12 2110
4050 4404
525 7068
347 7229
2246 4945
2528 6108
1089 4816
1634 5993
2883 4545
1252 3662
437 2123
4156 7513
1333 7367
551 1247
1420 5291
2586 5921
3112 5663
3832 7024
3768 6876
1038 2096
768 2217
2732 5358
4130 4965
509 6594
5733 5982
149 6612
421 2964
601 849
1164 1711
774 4207
2944 4052
198 672
3389 7095
3443 6779
242 7093
4755 7296
3671 6096
2360 6245
417 6225
2959 3191
953 4553
1359 5831
4838 6819
1548 4501
4822 5483
3202 4493
3219 3947
1923 5672
1679 6513
733 4721
1990 6524
798 3798
3555 5087
6865 7468
2514 3907
772 3883
5370 6193
1359 6011
4565 6008
3833 4000
1402 4411
2399 5950
866 3981
6200 6379
267 6436
1550 2605
1151 7438
5540 7411
1733 1912
594 855
2002 3694
260 1342
656 1240
810 4787
4986 5866
2921 5374
2166 2192
1996 5788
1637 2979
2130 4106
5849 5987
5939 6127
5559 6953
1153 6418
2078 2659
821 6366
940 2280
3312 7646
1152 5686
526 1729
730 1185
972 2917
535 7128
1066 2983
2758 3088
4874 5254
4063 5304
90 2212
3943 4189
918 979
2894 7456
1197 5321
1991 2755
2856 3110
363 6275
3276 6619
4654 6800
3949 4868
4054 4722
353 5317
7235 7590
2710 6436
3676 5915
676 1841
1650 6784
3397 6448
2355 4163
2844 7480
3150 5062
1834 4862
2175 6505
2914 5702
2850 6739
1124 7363
3034 3757
442 5698
549 612
3937 6040
2459 3328
2948 7352
6111 6700
664 2205
1801 3223
6296 7257
1788 3550
3172 3722
4314 5810
4476 5210
7245 7356
1186 5144
5484 6712
5850 6284
2215 7340
3375 6064
2081 3665
178 3608
3793 5566
5367 6173
3639 5997
3504 3925
5802 7239
4036 7412
3214 4845
1638 6978
4175 5633
1284 6332
993 5547
2769 2892
597 834
5905 7289
671 1445
3809 5406
741 5917
3315 6583
3871 5698
5708 7426
4677 7046
253 6216
3082 4175
1376 6803
4654 7610
1587 5905
788 1333
142 5853
2782 3255
578 4220
1460 6783
371 1432
3007 6192
1919 6663
1884 7011
2505 6942
6264 7181
3999 7247
38 4495
971 5807
654 1298
347 5423
180 4018
2858 5685
521 1470
4199 7558
5149 6728
2474 4142
5630 6073
1505 6322
208 3314
368 2968
3512 3585
1225 1660
2099 6106
5408 7037
7241 7330
437 7590
6810 7339
1191 6509
4462 5107
2765 4972
2008 5698
5783 6498
4047 4999
3474 5563
897 6687
6490 7283
4593 7244
1332 5655
2810 5375
6228 6712
1363 3726
3442 6973
771 3207
282 2804
2911 6170
1257 5372
2088 5780
613 2839
1848 2625
2232 3793
4272 4902
5353 5736
2073 6143
5509 5911
3771 4608
5398 5966
2434 2955
1815 6928
1521 2442
1784 2092
729 1606
4778 4969
993 4632
961 3378
2270 6616
29 2425
6051 7422
3592 7589
3084 5681
1665 3936
298 1536
4290 7555
831 4342
3396 5094
1596 1765
673 4147
393 7544
6695 7297
3353 3566
460 4450
5484 7068
3872 4873
1423 5299
475 6571
647 6548
4705 7536
2511 5970
2037 3692
1449 2637
3601 5760
549 3384
223 3027
841 1428
2878 3583
206 6396
1587 3096
555 7074
890 1092
858 1286
2696 4774
1933 5386
6571 7082
3124 4916
2481 6416
2668 6896
1344 6472
7178 7378
1762 6056
2727 7364
4332 5030
829 3637
149 3065
1655 3295
5825 6094
3509 6746
957 6450
791 4194
970 6287
3048 7241
3796 6737
121 2677
2565 7518
5341 5717
1753 3583
1860 5918
2291 4075
4466 5860
436 6060
1610 5509
5773 6783
4818 5700
2501 5226
1007 7133
788 5772
3071 4355
4700 6726
2175 4633
4654 7243
3072 5559
3955 4846
148 373
4261 7268
1549 1769
2779 6181
3702 6728
2919 4444
115 4178
2107 5440
5884 7323
1376 3310
3969 7082
2389 5497
3548 7503
5028 5862
3961 7131
142 3499
4748 6956
5192 7449
2952 6838
1213 5783
821 2264
7240 7423
1587 7480
1627 6519
875 2134
1759 6209
890 3614
1739 4184
3387 5764
1772 6568
4638 5069
4774 7431
2912 4829
914 3351
597 5522
1040 2611
194 4703
1632 6870
2335 4836
2636 5037
1884 7183
3490 4064
7480 7490
5241 5940
3675 4086
2511 4858
2740 4901
1908 4331
3571 6539
3336 6280
1031 4309
631 5682
2041 6291
3438 5901
5156 5374
1074 6929
659 7276
3372 5515
329 5478
3413 6276
1002 3463
6546 7359
3006 6375
168 7600
5659 6546
730 1454
1717 3739
235 890
3342 5403
3466 4416
552 3317
5126 7167
658 6340
255 4097
5848 7134
2048 3289
87 2208
4815 6483
2773 3873
1720 7415
1077 4336
840 1911
1481 1619
1306 4989
3322 6674
2654 6927
5348 6292
5444 6439
1917 2334
2008 4972
3310 7024
2830 4237
395 5503
1091 1157
2744 3345
3915 5656
1106 1506
2073 3877
722 5655
991 1854
1435 1445
1525 6122
528 7502
4726 6651
5281 5469
1471 2744
2573 2741
1467 7566
1835 7423
4434 4586
1558 1816
1086 6292
3523 6703
40 1308
2489 5339
3621 3982
6885 7221
5648 6758
698 1554
3008 6582
1979 5010
6320 7157
6087 6413
6465 7325
5896 6209
991 3726
3464 5599
5709 6530
4244 5166
201 2593
1518 6535
842 5479
1724 2474
2713 4105
5584 6817
1942 5155
1005 7593
4719 7027
1118 4124
356 2710
4693 7191
5268 7218
1169 3203
122 1990
2635 4961
2405 6115
250 1189
3715 4299
4122 4148
1694 4049
179 2572
1900 3350
1389 5684
448 6647
3329 5240
4697 6057
4420 7065
466 6469
4140 4917
1130 2096
560 2308
4265 7235
562 7431
876 1030
2647 3737
2507 6256
2070 4758
685 7025
191 4188
211 3192
1515 6720
835 5173
1441 5563
1196 3480
282 5921
3394 4813
1701 4746
2332 5228
5169 6804
778 7238
2147 6609
6886 7612
2215 3573
1242 4811
1055 2456
1265 5265
2146 2390
393 2006
7001 7279
3034 7287
3924 7626
6419 7592
56 5497
1267 5211
5555 7082
776 7455
1288 5769
1290 2612
512 6568
1802 7356
3107 4212
172 5282
2240 4049
2436 3336
380 4614
1536 3934
3128 5725
1612 7647
44 493
4402 5005
3854 6026
469 1649
2070 6119
2138 2234
2419 7420
3278 7092
1231 3533
407 7085
3472 7256
2065 6097
953 6121
7157 7395
1684 5453
4747 7460
156 1054
762 3152
116 7498
4253 4633
3929 4192
3726 6686
1687 1916
2394 6394
5320 7213
3939 6899
4642 6311
5583 7250
410 2678
3648 4804
275 348
3584 7036
4597 5387
812 1016
29 3386
2911 3107
4718 5670
6812 6943
934 2649
1083 5212
439 1035
5062 5948
3365 5228
1880 3040
4291 7156
506 3392
1025 2625
2074 7412
144 5736
2703 6540
2619 7143
3711 7379
7457 7487
1281 1773
4664 5847
4684 6576
4634 6943
923 2580
6213 7008
6524 7454
1097 6953
2758 5612
1788 6994
5762 6892
602 5592
1881 3016
1712 5424
2940 5592
3208 5741
4460 6733
4430 6703
647 2070
2556 2596
1395 6330
277 6833
1912 6575
805 1113
1217 7338
722 3446
3330 7303
508 5645
1688 7025
6117 7593
1620 4583
906 7200
1710 3395
128 6601
2011 2820
4689 5367
2614 4918
1984 5574
3097 6917
387 3025
4211 6738
896 3830
4779 7027
3211 3534
318 3677
1824 6367
82 6555
2594 3878
4287 5094
352 668
1552 4379
5307 7159
6340 7645
3295 6840
2782 3166
4691 5122
48 1230
3867 6157
957 3744
1666 4281
2632 4016
30 306
709 6834
1322 3953
876 5813
2823 5585
4391 5927
5131 5650
2844 4743
3175 6937
3758 4114
293 4041
57 5848
1417 5775
4856 6916
3339 3579
2757 5905
866 2350
269 5825
4627 7389
1282 1612
5360 6900
1553 3298
2808 6877
2268 4999
551 2165
649 845
71 4814
3232 6620
5046 7175
590 2244
1230 3613
1865 2162
2193 5223
2098 4044
2111 2702
1620 1893
2579 5693
328 378
336 1452
6375 7046
3563 4897
2499 5667
4066 4757
5837 7582
2046 5589
1565 6193
1044 4294
2508 2616
4047 6721
2211 2351
1256 4324
3357 5710
2256 5810
4633 7138
733 1690
2329 5886
681 3770
4784 6482
3605 4417
1458 4470
966 4758
7092 7299
450 6714
3669 7125
465 3338
456 3937
635 5212
304 5713
2779 3876
4480 6281
1463 4618
4033 7218
2272 5049
4919 5570
5454 6773
4337 6107
981 3459
514 627
5464 7486
1603 5843
3759 7067
268 5429
3298 5571
3394 4353
2903 4713
2649 3231
1558 1802
244 3069
152 1268
231 4335
4591 6152
4762 6490
4960 6423
871 7112
4741 7020
721 5023
3703 4630
6138 6887
2917 3490
3394 7157
5407 6947
1845 7257
675 5667
2982 4706
6534 6651
3533 5749
4609 5209
5810 6462
1597 4874
2596 3586
5249 6251
5697 7523
381 6942
3957 4322
715 1965
330 1913
85 5216
25 6109
5457 5637
4280 5133
5503 6612
375 5786
3223 4639
525 3687
1426 6477
5535 5882
511 5056
6111 7532
6170 6591
1764 6556
404 2285
2373 5434
2147 6592
1132 1335
4884 5535
5535 6718
3210 7537
671 1320
103 7078
548 4853
2660 3270
5482 5893
3863 4823
5762 5984
4230 5495
689 1718
6528 6724
629 4581
5573 7503
571 2020
1112 4166
96 4591
6342 7589
309 7361
5897 6532
509 645
5986 7486
3079 5842
656 2160
5479 7646
2045 3356
129 3288
1408 3580
1716 5593
2167 6859
1293 3925
3444 4867
2850 5602
1483 4567
955 6617
3845 6841
2359 3800
720 7200
2476 3828
2083 5698
164 2619
5798 6692
6418 6430
500 1067
933 4872
64 5221
5248 6390
2593 7312
2190 3852
7572 7639
5267 6552
2968 4774
808 4220
150 1789
1092 3399
6385 6516
2174 7475
4701 7277
74 150
3814 6280
871 1745
512 4772
1117 4475
2260 2634
1330 5221
3488 6916
2990 3095
2861 5051
2079 5599
2031 6073
830 6234
5028 7572
3965 6164
560 1596
3440 4989
3971 6918
28 2772
3203 6123
4091 5015
3894 6301
5854 6475
455 2545
4671 6210
3239 3935
2094 5100
1655 5233
337 3716
4532 7145
348 4622
1249 1699
1241 1672
3808 6282
3609 5698
1385 3368
1718 1779
1926 7463
1165 4839
2659 6990
1402 3758
4276 6417
2772 5326
4147 7481
3787 4411
4388 5589
3489 4338
3103 4978
4529 7307
1270 4457
1468 6303
843 7007
1845 3391
5047 7308
4942 6721
1802 4424
4367 6328
5224 5603
485 6781
1571 7433
2782 7610
1763 6528
1309 2067
2199 4361
327 3385
2400 2567
1944 3501
121 3467
1158 2078
1169 3350
1933 4339
332 359
3805 4204
2554 5533
591 1768
4459 4549
1678 3268
3540 4863
4209 4798
6106 6307
889 6997
18 6574
4577 7342
2010 3608
4277 6562
339 6007
415 7473
1669 3794
3838 6113
730 4289
6367 6925
3782 7495
1547 4731
2518 4217
973 3265
1549 3413
536 6858
6128 6372
164 1871
4412 5491
5308 5544
4917 6339
2712 5756
4890 6527
2363 4535
2633 2688
804 7507
4856 6987
5914 6767
2624 2899
1762 2969
411 838
1210 6650
4616 6032
2148 5439
3197 3941
4403 5757
1428 6884
2597 5824
3451 6712
1346 6507
6198 6904
4801 6424
1040 3754
1071 5762
221 4937
1404 2907
698 2893
970 4919
2164 2618
361 4928
774 7241
601 2178
3952 4664
6220 6560
956 7251
4623 6683
5113 7356
3940 7387
130 1893
103 5125
1157 1558
45 302
1769 2559
1040 2971
3268 5995
90 2521
4631 6697
3981 6927
912 3712
6201 6347
231 434
1241 3980
2878 5381
160 1040
3942 7029
379 1152
4669 5379
2877 6078
1657 2320
3817 3986
1490 6241
3185 7266
4143 7411
1409 1569
2646 2863
3994 7122
2631 3435
60 2114
4554 5361
6786 6885
3465 4512
347 5698
524 5270
2093 3277
601 7374
577 7014
4043 5313
1028 4231
669 7424
4054 5728
3463 7649
168 4917
1400 3223
2086 7458
1565 4600
6412 6894
1574 5186
3213 3814
5294 5427
4061 6425
3999 5653
1955 2488
1591 7636
756 1272
1257 5113
2791 3281
315 6172
684 7609
708 1491
4993 6081
3835 6457
1236 6711
81 5695
284 1231
3413 5013
4777 5999
1894 5568
4598 6996
2597 7636
4947 5889
415 5091
5556 6572
1323 1584
4323 4849
1872 4201
4364 7357
2273 3541
937 5851
2636 6679
173 273
2580 5394
3766 7570
5521 5996
3666 6332
4110 5546
1898 4636
2104 6376
226 5799
4329 4946
4500 4803
5434 7299
2657 3599
1208 5581
5002 5544
5180 6391
5025 5659
1575 4938
2014 2444
23 4788
1389 5270
5645 7086
75 4330
967 4057
3331 6336
5331 6465
2407 5109
653 1477
2038 6378
1854 4960
4177 6004
1503 2357
5028 5495
4128 5749
4915 5005
474 4087
2721 7061
2167 4530
3285 3653
1904 7210
379 5672
1937 4016
1843 5848
3903 5250
1455 4850
507 5313
2556 2670
6483 7132
6038 6147
1216 2311
3304 4977
1133 2069
4229 6889
3466 6329
4546 4608
1292 5487
5535 7097
3625 6952
1463 1908
1345 2875
1367 7544
87 1972
4284 6366
2998 6354
597 7115
386 1408
4299 4852
5626 6400
872 3756
1758 5589
935 2859
1462 6357
3863 4639
6497 7267
2768 2890
85 296
3324 5497
297 4735
522 974
859 1534
2882 2984
1000 6967
3050 4778
5316 5349
4295 7401
4866 4886
2588 2972
4101 5245
1914 7403
4365 7150
2022 7541
1125 4158
4124 6051
4995 5113
1047 1052
3042 6815
2565 3070
2203 2787
3315 5061
6422 6517
1767 4303
265 7231
2564 3575
3250 4550
1416 2772
2298 5343
1688 6816
1692 7434
744 5878
531 7510
224 1717
1964 6809
2597 4916
2530 5210
3531 6493
959 3689
3699 4962
928 7139
363 3527
1826 7003
45 1523
1946 5544
4112 6389
3612 4084
3620 6841
373 4714
2355 3906
1824 4383
866 6929
985 6817
1475 5362
312 2774
1441 4156
1724 4781
4627 6666
3606 4060
2139 2355
3343 6309
496 1490
839 3487
1800 2737
4879 6270
5731 6467
5271 7326
3347 4400
2370 5224
4743 6047
1394 4905
2749 7089
920 1064
4488 5026
2487 6201
3521 4115
4524 6112
675 4804
1943 4434
2486 2718
4498 7637
556 2533
1054 6344
262 1541
3749 7135
1304 7113
4391 5821
2792 5940
2006 4936
3196 5186
700 6581
2487 3689
2988 5509
1490 7207
2780 5761
1420 3035
2424 3464
4613 7361
1661 7118
6648 7572
1430 3939
3251 4030
5858 6186
2848 3953
904 4081
3685 4381
1577 3071
3487 3885
3061 4608
29 5817
3610 5288
2637 5087
180 434
3090 7449
5643 6032
3346 7535
3492 6834
1661 4229
3159 6159
3404 6341
4159 5525
1260 5746
328 4506
4763 7410
2749 7439
4215 7486
4435 5361
1066 5969
828 916
112 7609
1686 2997
2060 2586
1128 3420
1840 7280
2071 7205
1200 4969
886 4976
1476 6397
3991 5374
3996 6991
4052 7160
4391 7577
1050 2401
3201 5766
3658 7438
1101 1567
2523 6254
935 6752
4511 6525
3527 5474
1430 2573
4313 5353
1237 1968
138 3354
5186 5533
5379 7374
3400 5967
4726 4856
879 6229
3037 4374
4979 6144
960 4689
4930 7292
797 6561
4814 5218
1039 6558
1702 2956
2984 6122
173 2973
2746 7092
2489 3113
2135 3650
2272 3805
24 1890
3374 6860
2212 7444
1362 3747
3730 4575
5842 6169
139 1976
3454 4899
204 4608
1219 2478
4040 5053
1901 2841
4361 6333
3753 6217
3814 5807
760 4366
3091 7079
3395 5837
3801 6639
5611 5687
5424 5612
1911 5761
6219 6585
430 4838
586 7077
292 6358
2776 4514
3275 4339
1333 2554
4768 4789
3736 6770
383 3220
926 3597
1654 4972
566 2943
2372 4486
331 6220
1002 2727
48 684
1764 3784
293 743
2089 5643
3778 3813
376 5671
4257 5623
403 4208
662 5439
181 3526
5658 7101
1261 3704
2212 7122
4731 5945
3987 4312
2254 5829
5623 7457
1677 7250
2289 4819
2140 2836
4757 7104
3062 7521
4637 7143
5625 5772
3246 6826
3965 6483
2282 4327
1545 7581
2377 4044
992 1843
484 7570
2803 3277
5969 6919
125 5756
552 4276
1949 2775
2676 7107
196 3856
4320 4573
4571 7368
5681 7145
1258 1572
5844 6379
1448 6111
1474 4075
5593 7065
2409 5515
2669 3991
4172 5439
5187 6205
4962 7146
2316 6747
383 5384
864 2209
567 1994
514 5507
1612 7022
848 1815
1261 4548
737 3438
1587 3217
2851 3874
4811 4854
14 3756
2298 7241
529 5968
4048 7561
2551 4616
3543 3745
3048 4844
5529 7290
4668 5115
4171 4233
2382 3048
185 3826
5647 6090
1344 6643
5020 6749
4384 4516
3355 4561
4292 7199
1237 3869
1236 7630
1734 2951
2373 4586
360 5628
1945 6077
2212 4627
433 672
1684 2087
1110 6195
4866 7456
3376 6249
4392 4584
3792 7128
3374 4702
2480 3316
5882 6224
7230 7409
3404 4213
519 4008
1486 3675
961 5577
4041 5142
3729 7322
3217 5705
3226 4230
893 6243
2908 6772
1810 5587
1950 6775
3370 3548
3268 5364
1425 7476
1814 6361
1530 7601
4476 6515
1558 6751
4136 6641
3566 5102
410 1778
1350 7439
1844 6670
2895 3612
1769 3445
1825 5240
1713 4867
1087 2309
4203 5105
1238 2933
5416 6763
1659 6175
4742 6584
2188 3291
779 6485
85 5524
4315 7415
2729 4094
368 2932
349 1400
299 3668
120 3466
4819 4872
986 2506
3430 6266
3460 6125
4693 7114
3182 3251
6389 7141
3542 4147
4494 5871
1013 4008
4113 7021
301 6877
1592 2348
656 2984
3481 5655
444 6050
1238 3584
1747 5950
4517 7260
4306 5847
429 5465
1135 5563
1608 5426
1306 4701
6346 6352
4317 5655
4449 4813
1410 3740
2572 5095
5365 7507
1177 3864
3204 6558
2366 4771
1856 3857
1746 6608
1319 4819
2567 6467
4106 6555
2990 5953
4211 6755
6375 6835
2252 7634
342 6624
3450 4542
5212 5852
6594 7277
3427 7382
5019 6420
1096 2397
5432 5862
880 4746
2006 7628
4225 4638
248 4945
5176 5998
6543 7077
1540 7027
730 5233
3244 5304
3461 5253
6743 7619
1324 6054
887 3158
2730 5033
5232 6843
1754 3212
5248 7158
515 3711
1820 5554
1351 6980
2006 3040
2302 5703
4396 4489
3933 6822
6817 7381
4647 5287
3155 5564
3863 7189
359 2166
1315 5576
6565 6943
2494 5622
3484 4621
552 5008
2432 3989
4821 5835
4767 4861
1901 6312
1683 6739
3319 3751
553 6980
4200 5863
1513 7272
2658 6537
6367 7144
4483 4697
914 7351
3210 7308
2041 2808
844 5794
1995 2066
2949 6861
5234 5403
2517 6081
3544 6491
2537 5553
4073 6458
1657 4127
1419 7007
4797 6895
2913 4760
5592 7322
4918 7259
718 1370
1894 4694
4899 6485
576 4678
1916 2074
3306 7583
4234 4901
5332 6547
3214 7430
3266 5768
1681 7512
1081 5300
1428 3321
4080 6216
1707 5993
766 4412
1478 5732
4957 5407
3755 5621
770 2106
2827 6330
5321 5768
3286 5225
5430 6611
3386 6808
3396 4403
2792 6099
5323 7389
3050 6440
657 2932
3195 6802
6987 7207
71 2529
3625 7625
1015 1355
5864 6568
3610 7507
3167 7472
3054 5579
3363 7560
290 4635
3594 6324
1831 2763
3819 7508
3993 4169
4524 5246
5550 6540
1130 6370
4837 7247
1040 5256
6407 6899
5646 6846
5222 7596
38 7544
3729 4076
6835 7122
4822 5587
1122 2307
4424 7544
5154 6989
1482 5342
892 2077
2512 7457
893 5616
3324 7180
1407 7015
1224 2117
1203 3766
5155 5894
1567 5995
5867 6793
5351 6898
5292 6539
4135 7268
667 4532
1807 2421
253 2941
5557 6036
4120 5665
1717 3992
4843 5854
1441 6246
5145 6105
3266 3931
2120 7606
453 3680
802 6482
1916 6886
286 5815
5085 5661
1735 5385
1247 3165
4159 6241
794 3981
691 1911
1760 2642
2515 2625
6688 7502
2380 5033
419 4077
937 1024
3621 5387
2317 4876
269 5438
2477 6220
6878 7157
2063 3279
4845 5404
2264 2788
256 4965
383 4895
1031 7279
2617 2855
1531 1574
1649 6973
2592 4015
1735 1889
4533 7524
3586 4454
457 3278
702 3027
298 6949
3935 4186
3406 6959
2958 4406
3288 3457
1327 3414
1013 2139
813 2386
759 1670
2265 2895
771 4998
697 4039
258 4034
5697 7596
5275 7232
5965 6224
3071 5608
1160 4310
320 4595
2796 7107
4240 4449
6870 7535
719 4288
1402 4253
979 3989
754 5997
3655 6789
7286 7332
2112 5008
4234 4541
1082 7384
206 3887
1243 4455
1728 2936
1685 4401
5634 6804
3453 3594
482 5262
4063 6446
5493 5938
1229 4164
2340 6791
3362 4416
386 2242
2721 7310
2426 3132
1931 2638
2480 5793
4100 5468
3795 7368
4654 5567
812 6456
5922 6394
364 969
5985 7643
4494 4782
4191 5168
4893 6338
1915 3522
242 4234
3285 7598
649 3380
2963 5990
3430 5391
1757 6294
2677 7453
972 2290
2301 6632
702 4467
447 4423
3359 4586
3257 3399
1432 1482
3195 3958
1862 1908
1931 5764
3984 4873
646 2812
3008 3060
5728 6818
842 5839
3390 7260
1606 1899
998 6881
344 5521
2251 5311
2407 3158
762 6453
5789 7355
850 2798
201 2904
802 6396
1538 5313
2670 5577
6802 7011
1755 4652
527 3288
5282 5668
2152 3298
3820 6172
4439 4539
1942 2007
3244 3714
3792 6329
5531 6465
954 2435
4253 4334
248 7463
680 5180
1578 3387
5188 7303
2709 7479
3255 4547
3905 6253
985 4483
2825 7285
3063 5938
4422 5681
4412 7149
2042 2966
1541 6652
3242 7209
4967 7308
5558 6134
1922 6571
2582 3797
2474 6784
5795 6102
6262 6902
423 6905
811 6329
2607 5579
7023 7156
344 4838
2507 2515
4742 5105
119 1068
2031 7506
5700 7113
2646 5044
1532 2910
2616 3852
2658 7053
5622 5994
2766 3774
3851 4615
6131 6593
488 7319
3013 4906
1322 3428
605 5318
7022 7160
1198 5697
2938 4361
673 2500
771 4812
1393 3710
4491 6949
720 7122
447 2883
1194 4117
1327 6428
4230 7649
5919 6043
435 3842
257 5143
3079 3915
1633 6976
2107 3196
841 1172
1089 5319
4185 6949
3890 7331
4503 5882
1329 2228
2380 5498
5179 7419
1064 5476
1883 6435
5007 7059
4260 5597
3960 6171
272 4289
4221 5567
5622 7359
2578 5461
968 4325
853 1812
2603 5204
2116 4499
2533 6891
5074 5132
1153 1825
1745 3853
554 6351
5066 6566
4166 5738
705 6981
4374 5451
6138 7415
1213 7455
1103 6108
2192 7367
3419 6700
2279 5442
1233 3525
587 6201
2702 2927
1220 1534
4518 5465
3063 7392
3860 5803
2571 4296
1932 2198
2336 6846
2322 7443
3050 4469
1184 7063
180 4349
3536 6398
3920 6436
4090 6430
6152 6360
4184 7439
3352 5950
3808 6639
1062 3380
3196 7317
165 3351
2206 2936
3993 5972
5131 6378
1847 5584
2719 6115
1824 2184
4587 5968
1618 7325
1905 4790
2704 7497
1249 3107
2831 4826
87 2628
2112 6446
4804 7246
576 3964
4250 4453
1937 7378
2211 7207
2941 4226
3601 5732
6238 6319
2951 6043
5568 6345
2852 3244
3792 7440
5283 5665
1221 6373
2014 4156
989 3973
5592 6733
3298 4514
1240 5046
3415 3750
2462 6641
482 4830
2168 3976
4498 5616
1569 7243
610 2486
2595 6986
1108 5246
5785 6582
619 1220
602 5137
1373 1777
1622 3086
3573 4958
3334 3703
4142 4759
314 1582
346 570
1004 7368
566 4057
1193 2938
389 2666
2970 5564
630 3750
1816 3352
3445 5884
1261 1483
5113 6466
1482 4459
3194 3893
3276 4467
366 4901
3090 6498
1824 6735
2836 7536
1538 1937
2018 3113
3004 5490
3309 3883
967 6982
2288 5009
1098 7211
2639 5348
4512 7404
3120 6741
5762 6882
1312 5736
1975 4519
3123 6082
635 2305
5169 7164
439 6498
1779 5580
1273 5620
558 4639
1998 5148
4261 6907
2039 2950
680 1132
1033 6458
804 2632
1316 4910
1809 2984
497 6326
1265 2024
2582 4175
4976 6453
774 3338
1150 3713
46 3101
3309 3789
189 7293
1036 1109
1488 4261
6300 6690
561 6559
758 1594
1075 3073
82 490
1006 2572
2596 4763
572 4360
4506 4779
650 7279
613 2761
3678 4790
2641 3083
3099 3163
5883 7251
1598 7309
1167 5866
808 1082
4343 7529
3366 4423
5106 7195
481 5145
2824 4599
1153 1723
248 703
1369 6653
800 4103
715 2840
2403 7014
4473 7239
179 1382
4149 7334
738 886
2239 6022
1493 1985
3197 5281
2406 4358
2039 2452
2369 6728
2571 3446
5166 6666
630 7097
1377 4749
3256 5705
483 1160
5897 7109
3070 6700
2906 7360
3609 4225
2057 2285
3741 6005
1419 4707
1008 7601
835 7078
1317 1750
6487 6880
5411 5530
344 7194
6 189
780 6576
1573 4231
1391 2127
2255 6503
3641 4766
2279 3267
1906 3069
1561 7438
590 2507
2484 7304
6176 6691
2331 7240
1256 6126
2970 4116
4366 6858
3037 4883
1969 5779
4791 6973
1171 3169
172 1499
1550 2552
815 2664
1312 5079
1187 1979
2873 5409
2335 2796
2399 2631
1746 4797
4008 6193
2783 4721
975 3869
525 4155
5387 7080
2990 7159
4081 6636
2945 7455
1822 5756
5580 6117
6126 6850
4247 4907
2937 5674
1602 2284
683 2183
1275 3434
2475 6478
548 6701
4113 7241
1469 6288
3108 5879
3661 7101
222 2470
1807 3944
810 7578
975 5947
1742 4171
879 4525
4616 7584
7339 7370
3267 7012
2120 5227
584 4444
4272 7065
3600 5084
4720 7573
213 3494
5042 7124
2162 3861
4478 5241
128 4699
2994 6200
1037 5672
3775 7497
4984 6813
1308 2392
6634 6636
4784 7204
6425 6439
1572 4485
4434 4540
1886 3841
2156 6625
68 4455
209 2018
1749 5382
6569 6651
297 1606
3488 6000
685 6583
928 6255
2758 4923
2591 5756
4090 6567
4631 4778
1880 7599
2464 4473
1806 7614
422 3205
716 2871
5351 5566
231 4707
7008 7028
778 6051
3204 6511
1399 1833
711 1079
1482 7400
1980 2527
231 6646
2011 6403
4338 5102
2292 5939
1850 2549
4078 4849
614 4398
271 2387
622 6922
204 1901
1428 5276
2918 6194
814 3757
6255 6407
4832 6657
3630 6325
877 1853
3097 4338
1860 7189
3707 4280
3823 7254
3563 7508
4882 5296
1516 2735
3358 4502
1281 5276
1613 6656
2108 4712
1620 4951
165 2455
2762 4007
2946 3138
989 1784
3471 6727
2290 2291
3177 4101
68 6324
862 5421
6041 6847
546 2657
684 4975
3709 7071
3573 6650
5248 7060
227 7232
5754 7539
4929 5540
903 3195
4763 5244
269 3003
589 6261
6134 6679
2877 6687
1304 5930
1466 4754
2543 4082
252 685
1040 2721
6559 7443
5025 5789
4530 6281
1991 3003
3085 5768
4472 7091
2671 3148
4494 4734
1397 3362
3428 4235
4885 6777
1663 5919
439 3445
1699 3916
2174 3958
3693 3937
1238 2984
5207 5947
1435 7521
1094 4875
1304 3705
2170 4587
2471 5418
2675 5192
4306 6689
2111 7622
4883 5442
1171 1530
3787 5866
3619 5996
5377 6615
231 6668
2571 4168
558 1404
200 2931
5619 6117
3425 6598
1214 1250
6098 6273
4306 6628
1938 6829
3322 5023
2107 6463
2244 4419
3564 5880
15 4386
3689 5303
44 7281
5724 6721
3303 3423
6162 7559
620 6809
1736 4357
619 4024
107 1976
1448 6787
1974 5378
3026 3865
2540 5624
2979 5110
4885 6444
3256 7477
5716 6565
3652 6330
250 5596
2196 2936
1924 5916
885 2281
3164 3972
2640 3305
813 1501
4244 7436
753 5557
4471 6363
4981 5503
3332 4242
4250 4563
3439 5421
5884 6520
332 4567
1869 3571
852 1495
1877 3201
1475 5837
1435 5376
1571 2265
1260 4576
710 1143
5768 6579
194 1348
1584 6477
3189 7460
845 2202
4197 5058
109 286
148 4958
1325 4098
2705 4594
2729 4207
771 3793
4635 4708
4622 5013
1464 1578
1752 5482
425 6813
2344 2793
4091 5814
628 4384
686 1139
4918 7010
400 5041
1866 4017
2828 6501
2837 3221
6278 6765
3878 7346
619 4144
3660 4231
4937 5789
562 4567
1848 5733
1395 3704
905 5079
4993 6486
239 5200
3803 7632
382 4046
2649 7166
3621 4519
591 7444
336 6124
1166 3516
1135 3175
3280 7037
1267 4109
4798 5297
1392 2257
6222 7264
2371 6243
552 4294
3693 6461
1205 7267
1507 6298
3765 5877
561 6589
4234 4643
875 2461
330 5618
972 7307
2304 5026
6410 7471
5089 6112
3521 4275
1656 7113
2218 6128
1889 2975
6470 6797
6769 7007
960 2378
4704 6219
3223 4309
532 2567
1091 2275
3154 7142
394 1789
1596 5077
1875 7270
6477 7191
1876 3527
4245 5345
147 1689
5433 7631
3125 3318
833 5199
2833 7066
1091 4015
4969 5523
2581 3422
19 2147
2966 3845
867 7138
79 5592
1314 1949
4699 5091
1014 6820
3277 6213
2871 4427
263 3175
3041 7460
1021 5069
3476 5845
124 2426
1246 7319
1162 4851
3746 6527
4213 5206
5987 6163
3858 4962
4737 6148
471 1869
1402 4458
886 5913
44 5705
332 506
1228 6749
1484 4416
4816 5575
132 3166
4578 4668
1052 6723
2390 5758
3271 4479
824 5435
2455 5155
3162 3895
789 6836
1902 3443
3555 5967
1655 7528
4215 5224
1086 2632
744 1226
1038 5309
3381 6019
3901 6705
1147 3870
1188 2865
793 4559
4044 6856
2880 3841
3197 7511
3067 5665
1170 2248
1953 5656
1873 4802
2198 2867
1229 1747
409 2709
5724 7210
2053 6739
5347 6535
1733 5495
1012 2750
2249 6613
4265 4943
6833 7098
3275 7158
3251 5351
2386 6382
1928 4957
1943 4640
1767 3182
4130 7256
836 2506
287 1678
4961 6125
622 2965
626 7051
338 4490
4052 4762
3022 7138
311 2447
3612 7393
506 3863
1151 6704
3366 4783
4687 7222
4239 6707
1373 2975
2745 3603
1044 6379
4887 7037
2521 4602
6180 6907
2674 6879
5679 6905
1589 4919
7499 7628
1262 3625
5718 7331
1499 5807
6091 7603
238 3537
177 4047
1490 3975
1889 4606
3765 4473
299 6434
6137 6645
2798 5127
1126 2708
3707 5274
5185 6865
2582 3530
2706 5291
2079 6575
2884 3107
1593 5268
4243 4656
6571 7494
5197 6146
2564 4455
4052 4940
4510 6916
393 3993
26 7492
3347 6785
237 745
2477 5177
3123 5088
2493 4686
1822 4141
1205 7418
164 4185
4629 5216
751 2145
1210 5776
5829 6428
2060 2970
757 927
727 2700
114 5971
5212 5666
3921 4058
1611 6362
6777 7386
1294 7064
6227 6256
2048 2634
4622 6957
353 1785
1128 4449
828 4553
4250 5201
1337 3461
3281 3797
3595 7054
2817 3676
483 6625
1776 4279
2108 4497
1723 5574
2501 7187
3370 3495
1037 1898
4032 4308
361 3594
1243 3973
4389 6946
60 2483
432 7335
322 678
782 2855
4964 6353
2360 5068
4099 7433
6887 7014
1051 2630
2329 3767
3357 3471
2304 4027
2127 5039
3363 3365
3879 4805
1500 4358
68 6639
824 4765
4291 6805
1782 2297
3643 3789
1886 2419
3751 6087
5149 5969
3691 7028
1613 7350
704 2677
5266 7433
4229 4264
4481 4569
1814 4396
1879 2919
1559 5683
500 7019
2350 7126
3203 3857
400 7172
470 6929
1607 6489
1735 4513
4683 6723
3609 6784
2273 4337
2452 2512
6479 6523
2720 5947
2901 3182
5402 7319
2642 5966
43 6417
2472 4000
6167 7507
2647 3027
3001 4023
17 1032
4070 5240
558 3732
3489 4304
3830 5125
4353 5793
3207 5734
550 7472
452 2008
1255 5446
2907 3249
1428 4715
2806 4055
1947 2702
2572 7450
5313 6609
250 7464
5595 6091
1690 5085
1504 3369
3040 3298
2092 2150
3762 4910
99 6695
641 2651
794 2181
2461 5559
419 1261
5300 5698
1579 4919
828 6016
3764 6874
2547 6992
2229 4169
5938 6109
4617 6579
4780 5061
1244 1766
3989 6701
1826 7246
2449 3673
3458 4024
2882 7291
4668 4701
26 49
599 3083
3052 4637
3388 5968
338 7244
4721 7544
2330 3038
1850 3499
5238 7573
470 4949
2260 5083
842 4055
875 2168
200 5200
2267 7429
1193 3214
2213 3507
5624 7159
2588 5319
3118 7351
4506 6925
5886 6775
2109 7451
1418 7312
66 5384
2180 2620
377 4735
4449 5745
3280 3362
591 4573
1553 1765
3247 6814
4 2608
3363 4194
2891 3549
2030 6427
3247 4772
3763 7475
4328 5051
880 6692
3385 6958
1799 6674
3505 7372
3377 6767
3694 5759
3417 5165
6576 7632
2880 5845
266 4706
4122 5084
1281 7097
3099 3191
446 6115
67 7629
1400 4731
941 7118
1797 4495
280 5669
2140 6107
3758 5951
3296 5904
2255 3502
187 2669
5843 7635
4555 7014
122 4588
4038 5630
2165 6575
2919 7007
911 5585
613 2041
4767 6744
1000 7611
6 2902
2238 6545
1672 7562
3232 6646
4200 5235
422 3107
6451 7641
6596 7374
2987 3824
434 7540
2137 3139
2255 2336
1169 4702
1935 5072
4478 6522
30 2201
1301 3314
2390 4223
5957 6094
50 307
2622 4665
1006 5815
44 5835
3839 7193
370 4335
6712 6836
2115 5121
3128 5382
3452 4533
2662 3659
756 6231
6552 7594
3134 7114
1777 7607
4608 6743
589 6671
851 6577
4051 6079
334 3011
2286 5416
663 7580
321 5938
2625 4577
464 4900
98 5861
6953 7513
2054 5585
757 889
586 2418
840 4730
5633 6909
2434 3189
767 6434
85 2057
5394 7218
4726 6891
4322 4927
769 3739
626 3568
206 4497
358 979
2043 4918
3539 6318
1281 2379
3545 4978
5300 7432
751 4403
4041 5519
1908 3583
2302 3682
2404 4490
3819 5303
1716 4705
6172 7287
2556 5754
1847 2911
779 5957
2437 2918
3605 5702
1976 5884
1281 7031
248 2230
1687 6164
2135 7545
1584 5035
1042 4658
2384 3208
3693 5711
3773 4589
865 2653
4009 5680
1499 6773
499 4107
3322 6268
6589 7508
4410 6188
4826 5248
3688 4198
2832 4375
843 2872
2527 7637
4294 4957
1988 6272
914 6852
5453 7430
1617 5045
6226 6448
500 2422
875 6465
5693 6170
4295 4658
543 5100
990 4928
3583 6183
5690 7301
923 1843
6692 6835
2813 3483
6209 7556
2488 2773
1788 4982
971 6450
920 4856
6344 6429
527 6930
1675 3238
3808 5416
3601 4713
4197 4869
3928 4107
2182 5423
5235 5737
5172 7495
2778 6047
999 5314
2441 6842
1348 6876
1057 1451
6963 7527
2458 6358
567 3498
410 3351
21 97
1524 6323
2526 4047
533 5048
6319 7559
6758 7441
275 1379
3580 4454
4368 6930
2972 7384
2341 5165
2617 6028
3642 5613
1176 5495
1857 5800
1638 7533
594 3337
1891 5663
3938 6664
533 2226
5103 5384
2402 5024
662 6261
2625 4088
4218 6332
116 4086
532 5972
2449 2479
6866 6943
3888 7159
6175 7139
1804 3228
2223 5620
3427 6775
1491 5663
2198 5743
651 1719
3408 7344
4848 5743
985 3495
3674 5391
286 685
1809 2905
161 1821
3306 4470
1120 2517
4521 5149
4976 5579
2110 5681
1255 7638
446 6430
704 1096
4529 5224
877 2151
5168 7648
242 6621
5876 6945
1355 6277
2937 4026
135 1568
4030 4693
1724 4175
2792 6883
2265 5795
3663 6363
6152 7369
3713 6872
3907 6145
227 959
3665 5078
365 6658
1017 1710
1220 2024
2070 5398
1038 4832
793 5295
978 1632
995 2600
2094 7227
1262 6719
3980 6391
4026 5933
4128 4774
5743 7224
3456 6721
3197 7619
711 6371
2279 6273
5664 7524
4118 5293
1493 3158
6097 7151
1495 1930
3390 5572
5194 5390
1648 3287
4284 6891
611 4308
4039 6656
6434 6869
2608 3721
1821 4479
1783 7455
1474 6023
5587 7127
4792 4919
170 2673
174 4975
5934 6985
172 5020
4395 4670
4671 5133
5667 6087
3659 5969
2179 5569
2891 4282
7355 7441
6660 6813
3220 6222
502 6891
1975 3294
1607 7627
4239 6226
739 1082
3349 6701
2944 4580
5403 7630
2048 2395
1835 6232
1050 5612
318 7348
1856 4679
716 5544
5655 7194
7170 7598
1522 6602
2869 6727
1234 1273
2766 4945
5585 6881
3032 6709
4539 7590
1567 1977
4343 5529
1346 3237
2129 7416
969 6831
1935 2692
626 7626
1292 6411
2516 3443
1296 4164
2085 2673
690 6156
2326 3688
5973 6335
903 3106
281 7047
1463 4021
2801 6308
1840 2553
4760 6466
510 7392
219 2598
1238 2801
114 3979
5022 7485
2434 5648
359 7640
2780 2921
5403 6986
6466 7070
3503 4186
675 4691
389 2564
3754 4456
337 4507
711 3982
56 3832
1255 2495
4078 5992
1108 6951
1516 4333
1146 4143
668 4535
299 2170
1739 4146
3936 6686
1727 4790
4721 6873
4596 5555
324 2658
1462 6620
2722 6725
3031 7337
21 3673
6284 6498
2053 4052
1743 2701
2276 3994
5862 6387
3089 4712
2838 5518
794 2340
691 5970
3167 5954
1227 3197
2968 5464
1684 4471
3679 5555
222 3781
3170 5562
3998 7152
1166 3249
3363 4760
4412 6922
62 3231
2565 2670
5127 5451
4070 5929
612 2740
3791 6551
877 3480
1052 4869
3975 5319
727 2766
144 5289
4545 5500
1188 3849
787 6439
1422 6199
3096 3193
214 6341
787 6017
449 7233
929 6286
922 1585
5827 6281
2557 3248
331 2393
687 2578
2272 6711
1726 5872
7212 7237
408 2971
1679 4173
5047 6345
3295 6634
2911 6750
3017 4900
699 7079
1879 2014
5873 7144
1149 5663
2197 2853
205 1359
3204 4991
172 6715
4666 6788
1475 3542
1607 7175
3290 5162
3549 3855
2205 5886
2864 5361
3244 5832
2773 4491
5527 5805
1431 4043
1006 3912
3342 7370
2979 7523
435 4009
568 2692
322 4011
392 494
1887 6594
382 5216
1014 2394
1246 2675
4419 7529
748 5143
1133 3628
4402 4991
1474 4057
1507 4746
108 6254
5520 5760
2445 3737
3671 6453
1562 6804
3978 5345
1558 2249
2259 6557
1044 5371
3768 6329
5608 6409
1334 2433
555 6873
2272 3093
358 4015
5075 6047
6097 7510
4201 4977
5488 7478
856 7350
3890 6005
2984 4437
1475 1489
1102 6406
111 1296
2082 5281
3176 6176
4891 6308
2197 2453
682 6641
1475 6569
1386 4499
2194 4929
2793 4356
5916 6463
4312 5884
3334 5846
227 5432
524 7420
5970 7352
4914 6661
1008 3114
1129 2785
2391 4759
3437 5079
5732 6706
1507 5411
3966 4329
3518 5842
1543 4128
4959 5679
4745 7137
86 2036
1213 2922
6930 7518
962 5795
745 7572
1715 4213
829 3004
1438 6485
1687 3280
4446 5320
3933 4042
364 996
65 2351
1643 4686
4574 6263
1121 5535
1118 1769
1543 6826
2336 3233
3752 6489
1358 1972
2430 6300
1994 4971
5813 6064
577 6895
3621 5861
883 4111
1607 6509
2889 4420
6473 7587
3701 7441
3931 5037
2786 5271
2323 3668
2118 2501
3012 3075
382 6433
1406 6849
5498 6369
453 7038
244 7040
5393 7520
3170 3521
2764 6256
2677 6547
210 1781
1611 7131
597 3778
2205 2925
989 2452
5461 6586
525 3549
312 2698
5631 6722
4668 5962
730 3019
4959 5235
1264 6159
2650 4297
3706 6740
67 6927
4801 6718
166 4724
1942 7048
1555 1582
1158 2484
1443 2421
1094 1892
163 6967
1043 5268
1224 7598
947 1124
3982 6346
2600 6705
648 3791
606 3424
1941 2745
2772 3751
4617 7275
3541 6094
2764 7610
3732 6123
2032 2118
1031 3089
6445 6807
1356 6727
2397 3408
3130 4422
922 4958
2643 2888
5141 6449
4428 5755
1502 4358
296 7480
2335 6289
4207 6938
1495 7009
66 2034
1762 1888
4837 6032
4692 5995
640 2179
1393 7271
305 7301
1309 7502
4396 6141
5391 7532
4134 6907
2107 4723
5446 7359
3667 6581
6889 7390
2312 3624
4696 7454
1434 4593
1125 1517
3400 6990
1244 1396
521 1721
4091 6874
3323 3508
5445 5940
4772 5489
2515 4020
3082 5183
3404 4662
3550 5241
2278 4643
934 4470
4375 4878
2803 5984
1503 4975
995 6330
149 765
4952 6805
1425 1465
550 4118
517 4820
4213 4436
493 5533
234 4350
551 2414
3915 7482
1454 6151
1607 6883
1036 6854
683 4984
1043 1542
3576 4231
4546 7294
3071 4207
3274 7623
3480 5143
1688 7370
1435 1634
123 6091
2612 3422
1357 4924
5609 5749
321 6711
2401 5280
4385 6398
1444 6320
5023 6128
162 2212
4146 7172
3199 4460
3528 6870
536 578
3038 4059
132 781
3193 6055
4785 4917
787 1965
1884 3759
2140 5902
3913 6979
4202 7124
244 1821
826 4423
3228 7264
635 7075
1913 6652
3467 7240
1437 6556
4634 6102
282 891
1172 5299
4747 5516
5094 6951
1029 3450
1499 5848
4028 5114
852 7558
1012 5685
6425 6444
229 431
934 1973
939 2896
1635 4304
4030 4666
2658 6317
1300 6095
3134 3785
159 3912
1130 3313
2492 6161
3895 7049
5580 6459
1306 4342
3408 6409
948 4596
2998 5025
730 3418
1915 2695
535 7108
206 1125
5713 7539
4934 6407
2707 3502
656 3492
6465 6760
4339 5385
1994 6275
1409 6516
1124 3061
4751 4777
1025 3550
2611 2734
3763 5013
3261 3393
3330 4868
170 4337
4072 6148
2700 2713
3300 6602
4490 5173
1547 7344
4865 7124
4567 7316
284 7643
3281 5481
7170 7380
1483 5230
1087 6345
4421 5578
5764 7541
2434 3323
2246 3222
4967 6650
3343 7537
1945 2436
6207 6724
4871 5055
3151 5662
1907 2985
1265 2042
4824 6526
3315 6492
664 3926
5911 6413
1370 6599
955 5866
3135 5085
986 4341
1116 2329
1246 1364
5215 5641
635 3587
114 5394
4826 6393
5234 6726
2978 5464
2252 3351
1034 2033
2196 5503
881 3999
3396 6452
82 1222
4324 4546
776 6793
2819 3926
611 5376
1234 2481
5883 6692
5049 7208
862 5521
2771 6531
306 4947
5362 6894
5175 6743
3047 6899
6675 6746
1894 2413
1207 6997
5893 6018
4147 4895
1086 5750
4985 7288
647 5397
1465 4417
829 1423
1449 7123
1539 3803
1543 5109
6921 7553
545 7162
676 6803
2637 4633
4326 6009
663 1724
2543 5738
6006 6351
1513 5475
1484 4814
3082 5180
3301 5125
1962 2112
5642 7083
2094 3771
1051 5880
599 7281
309 6759
6254 7242
4018 6858
3017 7460
753 1551
1097 7146
6170 6616
4850 7147
5362 5827
73 6815
6272 7311
5477 6545
4082 4594
1175 2037
2864 4676
2130 3920
726 1121
771 3766
2293 6974
4487 6934
4479 5319
5909 6531
2931 7387
5417 5662
2938 7517
798 3748
781 7131
5310 7577
5806 6700
3004 5841
1119 2708
1091 4749
5016 7297
3563 6720
1978 6816
3014 5708
1645 4459
3475 4392
5016 5030
1760 7605
1828 1941
962 1888
2880 7338
3211 6793
376 3355
4894 5040
1344 2330
3595 4972
703 4289
941 1190
327 909
2727 5986
283 1835
1880 7507
5727 7432
1274 2321
6200 7212
210 6167
5207 7527
4733 7444
4353 5561
3500 6927
2489 5992
898 5744
1070 6019
1602 1979
2573 3224
3479 7231
1959 6849
1047 2032
802 2135
3186 6194
5571 5730
95 2576
1002 2624
798 6209
2860 6868
571 3734
1869 6462
1505 3324
2385 7019
1477 7575
626 6234
1330 2746
3452 6873
1773 4958
2589 5956
2211 6027
373 3845
4882 6529
350 7001
1114 3139
2136 3593
3943 4480
92 3953
21 4744
3922 5419
1810 5891
5326 7508
2807 5517
1419 4562
3640 4779
1908 2811
563 3371
554 1968
4245 4353
904 4009
1745 6916
2380 4127
876 3701
3838 7327
988 3968
1557 7314
1397 5976
1709 5008
656 3795
5427 7389
1500 4211
2143 7150
3003 4767
3296 4379
3433 4998
400 2614
1256 6451
5503 6051
551 3684
6062 7373
773 6921
4590 7374
4591 5523
665 4806
1777 5417
1958 3583
3502 6294
3323 6000
2888 2948
1445 6800
259 3927
753 5503
6394 6638
3822 7526
748 1784
1309 3499
373 764
1143 5091
2289 2515
514 1908
5575 6705
1004 2757
1304 4117
2356 2577
1383 1644
765 1551
5329 7264
1027 3902
1978 7570
1434 5471
4428 7085
985 4892
3149 3602
2931 6021
6726 7381
1901 6935
2308 5973
3442 6560
791 833
2107 2352
2073 2116
6430 6953
352 7298
3930 7295
56 175
490 5989
2371 2493
4719 6099
2616 5477
6222 6517
83 2563
2895 6318
2917 5318
5022 6347
3202 5131
88 5507
6621 7265
1622 3472
564 3641
164 2420
1874 5095
2850 3046
705 1298
2971 7335
2174 4639
516 1737
6326 6686
957 3084
2505 3341
4359 5358
258 5175
2458 4743
5099 5203
5729 7115
2385 5706
6055 6270
1486 4837
3536 4971
1342 5508
3770 6813
5466 5898
2020 7077
246 5814
6356 7439
6742 6892
610 4574
1045 6645
2789 6449
5245 5833
2983 3588
1816 5931
2130 2997
650 4442
824 1604
878 2888
1631 7086
1944 4949
3823 4779
396 7003
1361 4262
4004 5504
381 6938
4042 5167
538 1652
1903 7047
3064 4958
1889 7449
1974 2548
2900 4330
4271 7550
3281 4550
89 2580
923 7114
1013 5543
901 1302
2068 7224
1791 4939
6651 7642
3503 4459
611 652
2376 5280
2618 7200
2823 7599
51 105
266 339
2064 4474
4347 6214
76 6475
2508 4642
2067 4306
3979 5864
2738 7066
2827 2945
4357 6109
1182 3965
355 620
5479 6064
5733 7586
1081 4042
2781 5241
1626 6926
2965 4207
3936 7230
5236 6251
3452 6460
853 2113
1092 7418
469 5896
1013 2546
3751 5490
1339 4745
1732 2073
880 2826
1083 6203
1688 2952
1477 2007
1871 6092
2214 5951
442 1550
1730 3002
6011 7199
4588 5346
6796 6969
1123 6108
2221 2400
2708 5709
116 5967
3709 6778
6036 6056
5232 6305
1985 3071
2062 2684
2330 2528
6559 6663
34 1527
5420 7307
3623 4975
270 671
3416 4490
1524 5535
1781 3327
4425 6828
2705 7181
1760 3270
1751 4352
305 5869
4413 6829
2623 2838
1171 1667
4083 7464
413 2046
2817 5739
3793 6881
3043 3387
2831 6726
569 5556
1352 2935
5880 6315
733 3731
2410 6966
4416 5190
190 4874
3136 6480
5774 6087
573 3855
5487 6941
30 2803
2195 5835
1075 6605
6263 6372
3104 7562
524 5818
1589 2682
2734 7086
2389 6530
698 3499
2815 3972
5126 7437
1849 4234
1664 6877
3257 7227
1046 1468
331 6282
3834 6955
5145 5843
817 1560
5763 6285
3482 5342
4055 7507
348 3387
1312 7280
1411 5989
3621 4929
3239 4403
3972 4881
3039 6700
5843 5900
1216 5950
779 1314
4456 5425
2347 6753
4815 7411
2003 3577
1545 3143
1416 2997
1475 1609
1643 7649
150 2276
2697 4906
1647 2973
3323 4303
46 5327
3581 6508
3913 6959
1384 6330
2116 5726
1421 6379
1866 6714
768 7419
4396 6686
544 5751
2656 6248
4416 6446
1115 5287
4799 5883
2132 4888
5005 6817
2514 3939
3287 6203
385 4809
3829 6782
52 7103
5115 5671
1363 4387
3441 6364
5377 7550
854 4634
3637 5805
2187 6643
1258 6043
5659 5751
4788 6254
2332 2356
965 2328
499 6627
119 5495
2598 4965
4533 5216
2251 2308
2010 3067
526 6686
871 6764
4923 6167
259 3685
1002 4142
2494 3415
5798 6178
5651 6535
2487 4367
3856 3965
4780 7291
967 4169
612 3432
3465 5518
3584 4323
450 890
1609 2693
1648 6505
359 3644
5072 7060
102 5745
342 1779
3371 4695
276 371
1806 6488
539 4517
3359 3586
1015 5483
3427 5746
2491 5791
2851 7491
497 6713
6690 7395
402 4601
169 2238
5185 6674
1093 5299
370 1387
188 5895
3368 5087
4978 7633
657 6869
3626 4489
5842 6230
1391 6858
720 1585
1280 2555
1249 1846
618 719
883 5193
6332 6820
727 3940
5853 6657
1480 7427
919 4730
800 1367
4705 7621
833 5163
1426 2587
273 2431
1018 6913
4757 6059
2725 4854
1269 7045
6815 7112
3396 5357
1748 6790
321 2189
1534 1921
6959 7201
2863 6835
4674 7427
5208 7103
3064 5213
996 5171
1962 6448
2252 3582
3431 7239
513 2231
683 6115
3437 3506
451 7198
691 4849
6400 6438
5018 7005
2727 4007
5969 7372
3554 5290
1177 6906
4612 6554
391 4437
1552 3267
4074 4772
3973 5110
6108 7489
5781 6213
3724 5271
1480 3457
1858 3332
5435 7213
1882 6556
6067 6945
6164 7312
1827 5056
111 3302
2494 4003
3595 4801
6243 7397
217 6112
142 771
2277 4936
2952 6120
3494 7101
86 395
765 4164
1405 3529
3109 5314
3280 5227
4506 4680
1784 4087
1515 5928
279 1330
2543 7255
1533 3625
1564 7409
1001 3919
5968 6759
1725 7110
2333 5639
470 5408
908 1695
458 7375
462 5798
654 5829
3872 4634
2773 3665
6836 7061
3807 6201
2408 7508
3100 5566
1938 7482
3515 6277
1527 6253
5223 5500
1029 2789
591 5440
1636 6861
407 1505
2725 7094
3352 4637
2846 7314
2975 5321
2670 2779
3339 5763
2521 2938
802 4186
1785 4535
339 1834
1217 2948
1202 1471
2429 7391
6376 7009
4210 5021
1427 3476
1512 4336
516 3582
4019 6681
1463 4848
3649 6184
1530 3620
384 7361
4064 5970
136 6815
6266 7153
782 6079
708 2011
2730 3720
1868 6186
1114 5827
89 1870
102 2108
1584 3126
3264 5839
4513 6245
2764 4562
682 2250
2122 7315
1137 7588
1210 4290
5571 6412
6479 7345
931 6508
209 4603
3734 7204
2964 5035
2381 7523
992 7500
2815 5994
7001 7430
1566 2090
667 2780
6380 7042
1262 5764
1799 5720
3656 4578
5542 7010
1181 2879
198 6987
2238 6714
905 7463
168 1238
3110 6657
2496 3698
5188 7403
83 4350
5698 7423
171 6189
3116 6983
851 3218
2284 6886
735 3392
866 7479
1636 2786
1720 5426
1481 2363
5685 6759
2318 5124
4933 7075
508 4766
14 6218
983 6753
3799 6265
325 7475
1959 2958
860 6856
2271 3091
59 2927
310 977
238 7386
2951 3512
2396 5695
1840 3224
2952 4226
1140 5934
2399 7578
531 5476
1127 5041
803 6133
6808 6872
1331 2021
1453 4127
3814 4657
801 3716
1263 6651
2453 5163
6176 6949
3270 5097
112 140
3790 7014
3020 6369
61 1490
242 3708
4390 7189
2975 4887
2803 7147
2687 6219
1879 5333
1162 2249
2742 5320
2900 6453
3887 6953
3719 5452
766 4839
2017 3311
2315 4687
1111 5603
3015 6343
1392 2988
1252 3562
3706 6943
5272 7385
4262 7270
6029 7324
4557 6549
271 4601
4524 5695
4211 5470
3901 6633
2361 4242
2447 7618
1346 2568
5156 6276
2791 3923
1249 7515
145 3868
2145 5632
625 1877
6768 7364
3382 3862
5857 6696
5393 7037
875 2669
472 3830
2141 4830
4471 4722
2336 2381
4471 6998
1369 3765
1871 6771
332 2356
3263 4888
3521 6399
4218 7121
48 1798
1559 4635
6891 7164
924 3644
4417 6743
2159 2290
182 3355
5037 7374
1976 4792
4892 4940
2834 7486
1322 6703
82 6643
801 6735
727 4554
4812 6455
5891 7518
2520 5613
1818 3669
2148 6584
1921 2788
411 5214
2377 6636
1384 7643
673 4120
98 7075
4913 6215
3496 7376
2289 5332
618 6900
503 3642
1441 2060
3641 6127
3394 4718
569 1003
770 6588
864 7219
2151 3487
5140 5939
1009 1657
1717 7156
222 5030
5024 5537
5185 6748
2969 5264
1635 7019
1226 3967
3613 7503
1928 7082
643 6296
1841 5550
1530 2552
1449 4640
2718 6163
677 5399
4660 5500
3963 5074
2866 5962
1300 6578
554 3248
397 1860
5834 6111
3843 4783
4757 7288
430 5711
3166 7432
1528 4780
3646 7048
5016 6684
2417 4440
2443 6917
4768 6474
1712 4610
7318 7446
1452 6876
5 7023
883 7080
940 2415
3563 7398
1037 3441
4055 4362
103 3529
1419 1909
1799 5492
5178 6643
240 2602
1583 2027
38 7559
5581 7286
2794 5722
2921 3359
1762 7486
1690 2494
263 6516
3045 3323
2572 3439
64 6820
1313 1699
434 5885
2619 4063
3916 4816
7155 7280
1516 3067
1124 2845
2824 3738
5931 6095
627 1577
2610 4018
1398 4077
1956 4950
2203 2751
42 7600
5774 6397
448 3442
4497 5270
2643 6282
1077 4407
5943 7207
6844 7443
57 5720
526 3950
1115 6846
6344 6724
361 3915
5707 6937
3779 7327
57 3097
23 1007
5968 6686
4211 5561
1903 5187
226 6345
3129 7128
4117 4508
2374 7592
2905 6523
6649 7353
598 2075
511 3809
222 4424
4584 5949
1978 7050
1893 2256
3866 7268
206 6669
3423 7134
764 1749
2102 3619
708 4632
6032 6659
2385 4767
1008 6823
2389 2529
3482 4285
1558 1746
1034 2078
1559 4880
5889 6534
1041 3191
2924 5343
4069 6720
5160 5530
192 5963
2148 2420
2977 6156
2041 4656
2181 6111
1974 6531
1763 7600
6823 7298
3756 4375
940 2387
34 1814
1474 3150
1568 2798
490 2789
1260 4855
4204 4534
1363 7589
1528 5603
4925 6870
3074 5383
710 3942
3289 5582
407 7380
900 5079
1518 4741
1056 4082
322 7269
3279 6882
673 6067
64 3029
329 3182
3231 4449
3130 6712
117 3480
2460 2495
2747 7065
3100 3484
2830 4843
952 1590
4077 7173
1541 4919
6409 7306
1943 4963
4679 5051
4898 6836
2482 7128
1203 6983
4358 7035
3721 7490
3549 5537
1283 2445
777 2965
3814 4670
903 1100
328 5447
2428 3288
657 4049
2070 7299
555 7182
6208 6904
1606 5317
30 5081
670 5893
2500 3673
528 7187
4047 4579
388 4030
2364 5028
5762 7183
3677 5495
2970 4382
5885 6164
4219 6902
86 1972
933 4426
4317 6668
5716 7146
2863 4153
1264 7016
3281 4120
1249 5466
1612 3063
3479 6487
4407 7393
981 1791
1429 1491
1556 4731
3092 7580
2896 6603
5228 5378
1975 4550
1571 1963
1129 1222
241 7598
3555 7486
3797 6633
3701 6407
2033 5257
3725 3870
365 1096
5703 6685
2151 7084
3730 6193
5036 6856
416 4839
4501 5417
3315 3331
6191 7113
4335 7421
6685 6837
3625 6991
545 5014
3050 4055
1616 1679
3334 4550
2513 4206
3465 7071
4597 5933
5856 6008
451 2548
1547 5801
1823 7162
693 5770
2916 7350
2342 2490
3794 6413
1660 3017
2766 4984
1413 4347
866 2619
41 6295
35 2546
3354 5198
3024 5510
1357 1729
1831 2381
743 2199
2233 4336
1431 5210
1567 3508
4816 5753
4094 5059
3406 4111
419 3549
478 1329
2634 4362
4146 6036
5700 5706
2354 7190
2170 5119
3090 3943
4521 5678
2372 4919
486 1047
1578 2596
3938 5734
2085 2582
309 1158
328 2108
3388 6265
4571 4938
1658 7577
2222 4986
3773 5184
468 5988
3176 7405
2699 4133
935 5916
1194 3102
5183 6435
5248 6617
354 5314
2489 5654
4920 6836
718 7122
5243 5391
1882 4745
2367 5142
663 1632
996 6600
1115 7425
933 4704
5035 5576
1789 3922
1013 6146
4181 4289
3833 4620
137 1151
1043 1631
2042 5713
818 3855
5445 7598
4059 4959
2472 3719
344 6720
5847 7561
5105 6284
656 1951
4527 6191
2580 2964
6079 6664
5250 5294
420 998
3697 6039
2299 6804
4902 5940
4022 7484
161 4325
3914 3980
1788 6648
4425 6059
2205 4777
5272 7580
2639 4297
4548 5957
275 2512
4885 6776
2650 4012
9 1147
2708 3203
1450 5379
1962 5760
3013 3163
276 7617
5852 6923
139 3949
815 4653
5930 7543
3746 6261
377 1615
3553 7259
1831 3721
1587 7031
4518 7188
1745 4992
2957 4073
1099 7068
562 1115
4493 6158
1097 7210
206 7240
4553 6683
1185 5276
553 5599
3478 6381
599 5573
6803 7146
6147 7528
1953 6287
1915 3405
4794 7028
1020 2699
2047 2396
85 4434
1738 3110
2368 4887
2787 6687
3097 7558
4961 5473
7138 7410
2603 4185
4059 7201
3012 3650
3432 4367
656 4600
347 753
2714 3878
2409 3049
6362 7367
5497 5673
933 6262
6816 7462
1519 4486
5965 7197
1035 3354
2071 6175
2380 3647
237 7209
2340 5225
3385 7297
1899 2036
1625 2366
384 6159
1163 1690
1212 4677
3559 4802
758 4255
2102 6743
2036 5728
835 1804
2044 7255
1608 4988
2571 6625
4141 4170
3152 5879
1640 5574
1467 6218
5300 6557
684 5614
5606 7173
6146 7465
3236 5123
3492 3766
6243 6426
668 4121
1820 6096
397 1745
2902 4687
6082 6966
5653 6132
2932 4284
3387 6570
377 3284
14 7529
1693 4051
3986 5542
5426 6519
684 6263
505 6880
3381 6789
3927 4834
3554 4261
779 5320
2129 4199
3863 5828
186 6036
2288 2717
6828 7210
1929 6664
2957 4345
3503 4442
1691 6490
1687 6034
5280 6409
1660 6211
2767 5982
2057 5659
344 7001
363 1257
2598 5172
2614 3582
620 3357
2745 3011
4902 7575
3369 5808
3991 5218
2275 7206
212 6695
225 922
2280 7077
2068 2549
333 2849
2793 3519
695 3991
1993 2953
3909 4293
3444 3888
2273 3199
1260 7489
9 4861
2218 5293
5782 6516
1611 2073
1204 3151
7073 7510
1279 6408
470 1777
5360 7147
4384 6353
2590 4157
3847 4119
3386 4602
3290 6852
998 5922
2377 5895
2443 6157
794 2418
1235 4648
241 7212
5531 6602
1854 4634
5731 5834
4399 5374
2391 4371
2193 4398
2642 4393
2838 4908
5825 7497
50 2280
4632 7446
1238 5271
2576 4095
400 5860
5024 6898
2810 7070
261 2940
94 2063
3512 7564
4428 6997
2366 3418
3 6100
1390 6907
2447 5473
2223 4716
3676 6541
4825 7220
3818 5450
4400 5011
1704 6459
3870 3941
6725 6855
4508 6892
5630 5642
3741 4526
3958 4878
3903 4473
330 1767
2945 4549
5069 5852
5807 5835
1233 5740
2905 4862
2119 6455
696 4016
3140 4282
3520 6106
1329 3657
2539 4603
2538 3121
3747 6389
2240 7531
1132 3289
822 5259
2576 5626
6284 6515
555 2466
6058 7318
2101 2180
900 3395
5521 5897
2620 3288
3804 4028
733 5413
3674 5547
3400 5200
5033 5520
1902 4343
2143 2470
2384 6044
3572 7555
3744 5151
4864 6194
3939 7032
5786 6991
1153 7480
2489 4187
882 1545
4134 5922
2107 7581
1566 5133
4355 6889
2983 5606
865 5436
1685 6259
3350 6501
463 3264
985 4459
564 6483
2884 3235
3602 5628
651 6578
6657 7397
5652 7118
4039 6488
200 723
696 5522
1070 1261
4655 6555
2686 4877
800 1326
4394 6939
87 5065
4794 4916
548 6099
4857 6163
526 1431
1100 3569
1964 2139
814 7608
3164 5813
661 988
15 87
1406 1953
670 1422
7320 7570
1695 1867
4398 7125
1695 5897
908 1086
3726 4637
2888 7123
5486 6321
5204 7422
1348 2338
1560 1879
10 4324
2719 6275
3918 5985
4931 6338
817 6143
4663 7409
4387 5429
1430 2323
1611 2516
2870 5213
7208 7253
113 6622
554 7101
4803 7427
1701 3196
1378 7494
226 6874
3897 7507
879 3338
4498 6930
6111 6766
625 5920
5125 6186
3831 6259
4871 5546
160 3380
516 3799
2676 7409
452 2819
18 744
901 4234
2728 7103
747 3019
5047 7320
5617 7151
909 4804
4237 7492
3406 6399
5784 7413
308 3513
3413 6658
2757 3445
1836 7162
2295 6354
977 7544
941 2508
2629 7444
4694 7275
5973 7320
485 3374
1576 4992
4557 6403
1505 3869
678 7085
474 1782
2267 7233
2801 6355
1906 5867
3567 4043
1492 6103
2978 3118
2062 4380
3605 7336
2193 5763
4150 5551
1460 2059
5312 6353
227 3529
5288 5311
4453 5390
7554 7567
1697 6209
1500 6409
638 3297
2774 5325
1452 6961
6162 7512
406 5361
4392 5481
557 6816
4705 5880
1 6341
1112 7300
787 6442
3050 5444
2512 6434
308 7171
1713 3649
5581 7555
2185 6478
2580 7165
1686 1924
3538 3945
325 5405
96 4545
2094 5645
0 2762
5804 7266
5234 7218
1456 4301
1076 5539
530 6816
1862 3116
3280 5086
2592 4063
2748 4770
4842 6552
2429 6250
6351 6421
1391 2288
4391 6222
4028 7514
2365 4151
622 6656
767 3423
1262 5331
3756 4835
2358 3054
2824 4152
5170 6286
2194 5587
3757 5185
2779 6284
946 7002
4503 5559
1674 2556
2718 7067
1035 5627
3037 5056
1359 6642
1387 7000
1182 1362
3927 4431
4612 6521
3353 4401
43 4702
2257 5131
4202 6436
1493 4498
3255 6882
375 2274
2644 5207
285 2291
900 7404
506 7190
525 6145
2182 3881
4876 6843
4312 4390
4972 7575
376 5443
3133 5927
6017 6778
1264 5415
3583 5155
798 6444
2343 4347
566 3667
263 6299
1870 6210
1578 2383
551 974
408 6298
3204 7224
3182 6173
2567 3465
6134 6950
4779 5641
641 1236
3799 7276
4291 6300
4060 4635
4803 7082
2799 3523
4894 5599
3043 6072
2699 3660
2793 6438
6480 6776
2349 3759
255 5723
3719 5170
6414 7555
3263 5004
4192 4270
1152 4382
1502 1791
168 4149
5042 6339
2849 5151
586 985
280 4415
977 6030
4942 6888
671 6824
7 4319
155 4671
5092 6667
3880 4956
4452 5864
1141 3806
1358 4017
2704 3095
3292 6676
2252 6853
3150 6815
864 2717
4269 6763
387 3847
4700 5711
3086 3609
1200 6519
5336 7554
2165 4436
2065 4241
4990 5400
3072 3578
3877 5999
710 6796
4735 4892
2759 7598
4001 4509
4976 6283
2697 5198
1465 3338
2079 3846
4703 5002
1409 4197
510 7493
4961 5725
1894 2367
1607 4710
2893 7046
663 6449
212 630
3165 6654
3087 4903
2378 6285
3889 6582
21 2513
3464 7621
2682 5360
2769 3067
131 1824
3093 5033
1321 5132
1581 4741
1439 7404
2338 6353
4278 5627
1032 3178
1635 6171
510 512
2496 6651
2218 5278
1239 4451
1258 4586
3556 6724
2921 3612
2532 3266
2503 3852
4048 5111
2666 3968
6971 7220
2522 2949
2256 2489
1780 2825
4569 4971
533 2058
1696 2488
3166 6194
119 6579
720 3225
734 3189
780 6216
6456 6907
1218 1933
4172 5769
2421 3364
2900 6403
109 3485
5837 6202
1509 7190
3597 6651
343 1071
2410 5527
252 2518
798 3421
3343 4281
5112 7506
5929 7384
4658 6907
815 1974
1310 2800
6320 7320
1075 5219
1669 7235
3820 4235
442 519
2093 3071
1351 4560
746 1160
23 1528
3280 3874
2971 6495
986 7638
1497 1772
1831 5121
4191 6115
2505 5735
1729 5791
925 6508
1026 1727
2312 2651
256 3049
1795 3116
2059 2820
462 548
4534 4992
3091 5267
2865 6119
3203 4103
5976 6555
1078 1457
2654 6877
3600 4983
984 7358
1265 7031
394 7420
3893 7551
452 2405
3854 5320
5490 6535
109 2028
3042 3730
4844 6415
3589 4141
4665 5490
277 1718
2280 3093
810 4032
3280 6149
862 4598
1432 3673
2816 4637
455 1216
2368 3672
639 7279
1417 2683
527 3847
770 5549
1762 4627
780 6181
3998 5522
1781 3055
3623 4871
1830 3324
1520 4765
2774 5616
210 3694
762 7208
3337 3786
1814 2544
82 5612
5636 6844
1159 5036
1011 7169
2291 3494
3472 4819
1174 1423
2218 7467
824 1480
1955 2653
3 2546
1204 4018
1251 3326
2040 7458
61 5240
300 1936
5074 5353
3401 5321
781 2641
6217 6897
5842 6520
1626 2458
4451 5271
1221 1861
1764 2384
534 4149
2645 7168
1014 6871
377 4866
131 1318
5617 5693
3125 4937
1471 2553
268 2152
217 5739
1400 2450
605 5659
926 5271
3182 6516
691 5506
5564 6178
3043 4415
340 5194
7164 7595
1255 6968
650 884
830 5262
2809 6229
53 1166
4927 5232
4416 5180
6497 6647
1304 4925
3290 5393
2103 4476
6253 6354
673 3673
5632 6188
721 5938
4510 6785
5894 5994
316 4645
4529 7016
2725 7335
4261 5077
1 101
474 7139
4667 7124
2671 3019
4095 4795
1217 2172
2799 5111
2870 4710
2618 5093
1471 2628
394 1474
2357 2888
1727 6801
175 5074
1087 1706
3859 6207
95 1869
359 6700
654 2537
2056 4865
2632 3305
1462 6146
3101 5071
1517 3797
706 2634
638 6120
4461 7282
2283 6098
4222 4242
1098 1143
4095 5686
1066 7274
237 2862
1684 4638
4881 4980
5431 6813
3262 3974
487 3065
2675 7201
1619 4418
3540 4496
2938 3255
4683 6709
333 5897
783 5396
689 3519
2202 6357
3654 4722
394 1169
10 1186
106 1425
4823 5556
1569 5079
5798 7391
715 6260
2890 6813
3634 3970
2569 3864
3516 7337
702 3974
1906 5124
2880 3884
2333 3313
547 6725
5994 6544
2475 5489
4753 6135
225 3025
356 6246
2902 5277
2367 5756
4728 7040
5007 6825
4729 5727
4342 5441
1640 4967
5189 6874
3485 4193
1477 4295
4310 4934
3826 6140
4256 4519
5462 5522
3812 4291
1376 5646
1393 7410
360 6349
3929 4951
969 6874
2395 5821
1958 5598
5060 5987
6261 6543
1636 5899
2858 6754
3509 3630
3956 4598
2147 5501
1245 1999
390 2395
4669 5316
1432 7297
4381 4731
4815 5442
4210 7072
3047 5493
5794 7393
1310 5669
7450 7619
1075 5048
1729 3947
2491 5227
3437 7328
3922 5396
1586 4694
2819 3296
763 1772
4829 6009
2843 5301
2765 5485
2240 6690
4001 4419
69 3287
572 6021
178 2568
2310 2822
1145 1505
1275 3293
1853 2521
2306 7526
1635 4175
1602 5772
2339 3880
2307 7118
723 3332
6080 6924
1051 3649
3526 4623
2326 3229
2470 4081
2844 7005
4258 6587
2935 7088
5922 6069
2712 5950
4813 7641
2643 3731
2739 6887
1405 6484
1948 6519
2540 5772
2652 7226
4210 5489
204 290
822 6122
1870 7117
167 6664
126 578
2875 5619
597 6626
5669 7095
4688 5705
3729 6877
2530 7385
3650 6682
4057 7002
928 6414
3 4792
6 5086
193 5143
5022 7490
2323 6734
2548 4228
3133 6919
5423 7133
1355 5353
3187 3480
576 4470
1254 5897
4051 5932
6809 7402
1108 1621
61 4908
794 6005
2447 3140
1696 4833
107 4529
2889 3224
2407 6750
687 2545
477 3548
1905 4029
1532 6228
4949 6550
1394 2160
5426 7182
6400 7478
3284 4692
4787 6392
3360 3899
384 4904
496 2290
5995 7146
681 798
289 2008
657 3465
368 4116
2914 5177
1034 6096
841 5319
4353 5803
1067 5957
2417 6107
2120 2873
6358 6683
1759 2672
1041 4528
669 4348
1792 2514
769 2847
3015 3937
1954 5442
170 2916
644 2222
5726 7567
651 2321
25 2195
2389 3393
2070 2398
5087 5834
504 4109
2074 5795
2560 5022
527 4297
898 2170
1352 6705
1468 7183
2391 3075
175 352
120 2471
397 4090
7178 7319
3021 6179
731 4974
3803 6415
4671 7011
1662 4382
1097 4880
624 2884
1578 6681
2059 2754
4073 5220
5146 7409
3252 4754
1939 6469
4578 7586
5234 6629
1656 5866
3275 7128
1570 2163
2757 3913
3591 3821
4145 4885
2669 3736
7277 7365
807 7293
294 3486
1139 4145
3915 6097
2324 4750
2417 6813
107 2122
517 3910
85 983
560 1456
2840 5055
453 1846
869 6839
987 1964
5184 5750
1261 5633
2986 7091
4817 6494
2759 2786
1126 3661
2843 7259
1871 4502
3191 6098
2564 7255
2890 4742
318 7266
1605 3203
431 6870
1074 4593
5514 7326
1099 2282
135 2332
255 3082
3797 5039
4038 5032
5343 6286
481 4076
275 7419
1108 6794
4766 5913
126 3930
2327 5119
4258 5387
755 1477
586 2092
3002 3680
17 6038
3189 3792
1081 7630
1695 5447
6269 6420
337 639
753 2306
512 6970
1616 3288
3485 7531
1445 1458
4263 6361
1596 7415
2942 3806
2884 6935
3334 5371
3549 4284
2524 7345
2205 5226
438 3885
2806 3119
5361 7365
5302 7147
589 4632
5214 6033
4058 5484
4055 4201
1323 7201
3012 6972
564 2577
1191 2766
5775 6055
1288 7207
1209 3035
4017 4593
5662 7535
1871 4047
1043 4228
547 7117
5708 5733
259 4260
3769 4627
3186 5177
1497 1865
140 3928
1333 6666
6780 7296
1755 4203
457 3210
76 7264
670 5265
1044 2704
3617 4231
923 7401
4874 7645
547 6053
833 1633
1224 2015
2275 5946
245 7008
1365 7394
2908 5070
718 5852
4613 7136
2661 3269
2745 4863
542 5437
2983 4075
2490 2909
1214 3904
7168 7416
4228 4782
1009 2701
6910 7032
1782 5727
1095 6727
4024 5783
5510 5848
2300 7434
889 2217
5451 7040
2533 3429
4470 6269
213 3446
5335 6640
1059 4321
2842 6260
3063 4789
4766 7088
5708 6718
1538 4611
1428 3060
4238 4666
4320 5893
561 1095
4906 5171
857 3200
2984 5550
1565 3323
1968 7077
3019 3155
1485 3783
1567 4631
2844 6480
380 1171
399 3903
1835 4529
2539 6641
2160 5607
861 6888
3493 3690
5892 7539
3788 4430
1810 1915
3277 6193
135 7338
4220 4322
2046 7529
553 1226
1810 7607
3335 3545
596 4655
1244 6158
654 6040
1076 2298
4972 6834
4746 5703
2842 3512
276 7300
5254 6237
2398 3004
1082 5862
2544 2559
587 4225
340 1959
7018 7609
4424 5835
4864 5338
4318 7527
1778 2348
1263 3173
576 3993
1056 2527
1247 6990
3765 6394
1127 6300
2716 6121
4738 6554
6646 6982
2977 3110
1767 1982
4509 7125
4601 7544
1799 3119
1366 1716
1198 4376
282 6366
3640 6488
3315 6089
1852 5389
1392 1919
2433 2742
3620 4150
1469 7077
5471 6397
1954 6955
4969 6183
295 5848
199 238
5265 6357
1549 6966
4454 7564
1653 4718
199 6079
4207 4915
5655 7019
175 4357
4830 7594
637 3954
5516 6829
34 3068
2013 5533
4994 5094
5057 5313
3972 4244
401 5198
1680 2289
1098 7050
2470 2678
2633 3306
1310 7052
6548 6638
3936 5602
429 6874
760 6372
3453 6153
1105 3467
5364 6413
740 6563
894 4547
1124 4321
4179 4705
606 5336
2157 4952
2987 4347
3859 4778
1972 2772
660 1520
5837 7143
1578 2724
4663 6338
1032 7229
3193 6374
5228 7554
5613 6668
1349 2747
614 1531
3480 4933
2399 6852
7050 7310
5088 7083
4546 7618
2376 6327
851 1539
2321 5432
2140 7636
1494 2763
61 4510
4488 6378
1790 2222
37 806
1517 7011
748 4836
1385 2435
2056 5702
1639 3139
3327 6025
3560 5398
2337 4850
56 1794
930 5545
1261 3015
2660 5251
1185 2987
4338 6297
276 4303
4268 6042
2556 6738
1115 4602
1812 3763
1429 6071
1731 4395
5762 7124
875 3601
4191 5486
4574 5557
3439 5309
5409 5627
203 7329
4241 5330
3967 6764
1196 3493
1542 2933
46 7539
180 4142
3090 6603
6787 7041
4272 5780
1000 2526
881 2692
6260 6708
4027 6656
4028 7247
2367 4856
3252 5518
1609 6151
6083 7185
1517 4270
2512 3788
4812 5988
663 7251
256 5910
4223 6885
92 2745
1562 2315
4530 6676
1211 7523
2133 4415
3755 4736
2625 3293
385 6660
4479 6985
3915 6738
1179 1197
3303 4240
644 6903
4615 6423
4802 5625
271 7247
1368 7585
1890 6199
216 2157
1881 4701
3582 4952
1262 3249
1337 6064
82 5816
6560 6953
1366 4240
1723 2329
5219 6508
1284 5837
1337 5533
6138 6818
524 1780
920 5603
2398 2608
807 4175
1043 4083
2970 6117
34 4097
3270 4147
3501 5272
5226 6706
5081 6435
3850 4389
449 3890
839 1252
1030 2883
3422 6409
3467 3773
160 5107
1178 1668
4193 6953
1462 6171
2022 6894
663 7112
5395 7173
3167 3336
3 6967
3217 4632
1824 1866
1884 7189
1327 4491
2057 2707
254 912
2390 5451
100 3007
3130 5494
5151 5371
6008 7182
3519 5185
5503 7509
845 4632
1693 6014
920 2082
1772 2516
2043 3350
1628 1992
627 2534
205 819
3068 5172
1861 4847
2100 3718
4377 6871
11 1814
160 4749
763 6936
4400 6676
5258 5805
4464 5953
4997 6635
1504 6874
4553 6017
2169 5678
846 4665
121 3360
1764 5441
1181 7139
3566 4055
563 1404
2403 2771
4990 6472
1342 3579
1944 2158
13 3839
1224 6054
6336 6952
5061 5286
2547 3184
1091 3227
2686 5668
3276 4057
944 4366
3280 5584
1162 1327
5051 5969
5776 7517
734 4139
5452 7609
4970 5672
1119 4138
21 1466
4222 5739
2346 6523
4777 5191
422 2493
2057 5062
321 5253
242 989
1145 7019
3202 5807
779 7497
651 1000
1448 5972
318 830
1019 3053
2170 5007
1170 3798
864 7101
1617 5290
4878 6976
1595 3545
4594 6814
3489 5669
341 6070
421 4414
3874 4197
1570 4956
1053 1709
1236 1830
6905 6972
6261 7092
1287 5226
337 3097
6149 7584
1269 3933
1438 3753
2835 3462
1172 3613
3348 6488
3709 5565
1051 2313
766 917
993 5084
2062 2949
2042 6358
2909 6496
4575 5478
3744 6069
674 5539
1500 5054
373 5675
2453 5118
168 5398
1546 3032
5792 7497
5055 7290
1468 2058
2935 5265
801 1046
2359 3562
2523 6090
1033 3066
3453 7645
3260 6651
2093 3062
2066 6981
587 5816
4602 5269
2295 3782
788 6163
2718 4000
1112 3419
6508 7259
3761 5671
856 2801
3966 7395
812 7310
2750 5936
4031 5709
2777 6671
3298 5078
1382 4583
7093 7140
455 6682
1725 6055
2308 3807
6142 6598
2173 7109
6916 7640
4086 7156
4690 6548
2995 3145
3548 4110
5590 7354
1588 6453
612 4040
1298 5306
1101 4399
542 2461
2162 4144
5342 5457
3169 3642
362 1601
3486 7323
2828 5881
1463 2631
1340 7422
1815 5295
1212 6790
3489 6922
2057 5446
5411 7315
3655 6838
1468 3392
3328 3645
2941 6853
1213 6157
1332 5240
2310 2806
1158 1811
7094 7467
1908 2248
2795 4793
2235 2281
6116 6198
3252 6374
5419 7232
697 3703
1065 3239
2744 5474
802 5835
289 6581
5998 6244
1695 7201
2252 6212
1765 7586
253 5350
39 1680
5193 7365
904 5450
1218 2142
4204 6878
2259 2492
1799 2102
5994 6058
2155 6468
1417 1567
164 1530
5730 6302
1583 5976
2052 6760
1099 7615
2391 6741
3319 4565
4055 6110
3925 6616
1279 3609
152 3405
5326 7533
5091 5829
3819 4305
6652 7388
4495 5163
825 4047
3982 4959
3152 4697
6597 6787
2307 4896
1394 6830
4162 4312
543 779
2068 3346
686 4098
1661 2433
5021 6225
5073 5546
243 3699
662 4275
980 2770
6920 7354
4881 5895
5025 6811
3672 4900
1498 2809
1640 3084
4445 6794
1506 1667
1354 3068
2685 5604
917 6529
1859 2260
162 3569
505 2502
1135 5024
1977 7133
3258 7414
4367 4403
577 1964
6597 7262
1638 7050
5796 7354
780 1302
3894 6074
5163 6094
1738 3130
6627 7006
3891 6049
204 2488
419 3928
434 2880
5275 6451
262 3909
7124 7473
1583 4613
7510 7591
343 1243
3853 5563
2079 3563
308 2754
1664 3968
914 5967
1096 3938
596 1197
3652 4272
1681 6135
1990 5648
4443 5195
2905 3803
764 5915
2721 5144
3155 4816
2130 2229
5388 7146
4557 5563
6066 7006
2351 2794
4564 7043
271 452
3864 6278
4792 5721
4215 5451
120 3095
868 2737
5419 5774
3736 6913
6460 7626
3333 6109
1946 5693
4190 4241
936 7141
972 6733
3298 5150
2789 6258
1656 4962
1675 1901
4142 5763
127 7029
847 5209
3752 7046
1289 5387
4772 5088
866 3846
5467 5792
407 1826
2413 6633
5135 7544
6674 7409
318 2674
1189 3889
2134 2878
4013 5288
943 5166
3051 6643
2712 5515
3300 4458
3486 4371
4865 5314
4908 5894
211 1916
4253 4619
663 2492
3365 7045
3569 4546
877 5145
454 7464
4394 5962
3086 6189
5351 7097
2018 4952
1442 3402
209 2677
3310 7346
2059 7235
1714 3067
3030 7155
3404 3606
2210 5856
1851 7087
3594 6751
2702 2766
279 7476
2019 7092
3746 4122
782 6903
3118 6095
4122 5357
1035 1674
903 3946
204 5523
5951 6656
2433 6849
2638 3764
6479 6954
186 4291
6505 6814
66 6953
767 2617
605 1088
1943 4503
307 3960
434 1053
3148 4103
376 6219
2863 5566
6740 7392
1549 1699
1761 7243
3393 3485
665 2982
3661 3798
1139 7369
3249 6131
260 6815
2367 4427
743 4206
2292 2910
2432 6716
860 2415
865 3255
5581 6984
585 2793
2950 4452
5164 6066
1179 6763
1539 5863
5483 6592
2329 3574
3176 5693
1842 5242
2362 4685
190 659
6950 7385
539 5627
928 2433
5363 7631
5179 5275
646 1709
4673 7357
2941 4948
4703 5290
6250 7480
4210 7630
997 3909
1985 3299
3630 5188
7372 7382
3652 4967
2587 4817
327 2636
1507 6050
2055 6952
307 503
374 4877
2437 2868
2088 7164
7570 7593
2316 2432
5640 6263
2648 4241
5047 6973
6873 7018
4626 6891
5242 5878
5381 5905
2665 5210
1731 4056
3800 6579
5624 6441
5066 7161
691 5004
2796 5571
1400 1422
7067 7425
1003 7140
743 1478
359 1911
3371 5529
192 5148
3907 6672
5116 7120
1003 4016
3029 3672
3081 5065
2673 4872
694 3652
2635 6155
1133 6130
5910 7356
1580 4616
4087 6725
2912 5226
3356 4802
273 2699
4870 6331
9 5016
2162 3892
1404 4732
2207 3872
471 3948
3709 4934
993 1240
97 1131
1 1216
4154 6579
5221 6356
2839 6578
2641 3855
6250 7041
1568 5634
5479 7315
2317 7185
253 6981
1135 6867
5999 7352
2185 5017
303 5080
94 4153
4327 5937
2191 2276
2797 4749
2428 4628
1076 6397
3474 6048
926 5895
2995 3555
4255 6174
2919 3079
921 2504
4203 6893
3685 4466
1542 4846
297 1692
4514 5776
1972 7169
573 6242
3491 3555
920 1244
445 3531
6128 6194
4951 7299
2063 4755
2020 5443
417 1550
507 6396
723 3416
5634 6486
3926 4826
3633 4428
4118 4127
1725 4044
1195 3748
3466 5609
3421 4126
1464 4299
1540 2129
4709 5325
6377 7284
140 1632
1796 1848
5419 5563
4412 7608
4995 7010
1685 6886
1545 3722
888 5053
1674 3580
3108 4142
4056 7424
2465 3835
2461 6782
1392 3886
1063 1102
1198 2546
220 956
1511 5534
5036 6710
786 3216
1007 5660
3628 3924
6679 7594
5642 6199
423 6070
657 5582
2719 4706
4169 5393
1838 3668
3449 5202
859 6720
766 1979
1517 6377
516 7160
3651 5400
486 4140
5791 7365
962 7323
5115 7315
6579 6667
23 7044
2039 7637
422 6539
93 5554
463 6710
3210 3509
2664 5986
4702 6920
266 1267
2100 3988
2113 4188
2439 5455
2290 6872
1414 2303
839 7637
4734 6470
3593 4278
70 5389
2492 5915
2465 6091
5465 6364
354 1709
3255 4148
2734 3377
3721 5061
4674 6438
641 2190
1896 7176
2929 6724
2529 3197
2039 6641
5831 7462
2896 4161
3323 5448
1836 4138
1068 2921
2295 3888
1937 2806
946 5122
2361 5191
2268 3820
3829 4432
1679 3429
3308 5773
3345 6060
1242 7044
4240 7272
4103 7052
2359 4688
2631 4773
1588 6413
4931 6023
360 3794
219 1990
2135 2943
1814 4191
1014 5392
1733 5803
4384 7336
732 5000
5245 6633
120 4622
1898 4547
2652 4671
2369 7067
4202 6086
581 6259
1964 4236
3396 7012
4839 6225
3710 5806
3528 6295
3584 5419
2118 5826
1430 3935
3988 5868
4991 6140
1386 2140
90 3621
2220 2896
2630 5970
1005 5702
774 2857
123 4656
2230 2336
3935 4135
5911 6194
4044 5278
4940 6344
5126 7533
4044 7501
4379 6241
2106 3732
3303 5037
4455 5191
1371 3368
834 5851
1714 3178
1245 4402
1581 3095
2257 3597
5272 6315
2705 3251
3946 6023
3431 3625
3180 5320
3101 5224
2124 6838
2763 2844
3385 4715
2817 6608
4318 5859
2922 3876
2392 6801
1717 6497
3137 6530
5775 5993
1117 2752
415 1850
1316 1684
4875 7038
4703 5834
281 7506
1314 4155
1906 2449
1614 1887
2512 2621
3642 5098
3271 5570
2452 6628
3997 6073
3607 3649
2487 3985
2617 5944
2163 7497
2473 7168
1202 4070
1828 5646
111 6327
5678 7303
4409 4768
6314 7061
4545 6058
1975 3969
2173 5881
7294 7468
1796 6463
4553 5046
120 302
2919 6515
3963 4931
364 4742
5036 5883
857 6587
2794 7393
3116 4406
120 2858
2922 4135
1830 3359
551 3737
304 3283
3714 6667
7016 7094
2040 7570
4012 6005
5049 5755
1032 4960
876 3685
2137 2253
5458 6061
5529 6498
2409 3765
542 1682
2798 7582
608 5690
6450 7332
1694 4170
1799 2310
1450 5127
782 962
789 6934
4445 5353
855 2191
5314 5412
4662 4878
6309 6340
2563 4855
5050 6861
2394 4294
6502 7416
1767 7344
10 7118
5871 6551
4271 5476
2564 3600
1355 3309
414 6862
2318 6240
3698 7382
1062 1517
1181 5575
1018 3337
109 1269
978 6858
933 5728
3724 6381
2230 3202
4420 6901
484 4482
732 6281
714 6908
1150 5125
3170 3197
1133 5293
3625 5182
531 3974
920 3445
210 5492
2936 5409
3501 3983
4473 4648
584 7550
2323 3079
5588 7324
837 3829
5532 7311
6353 7421
1337 5461
1055 4556
1067 3205
4902 5716
1668 7544
5715 6434
4453 7379
1729 4685
1522 4570
1176 6104
503 1896
1271 3498
4579 5101
841 1276
1781 3122
3446 4371
2965 6434
588 3523
314 1238
1614 2157
4640 7560
5412 7378
2507 3658
1322 6418
5444 6801
2229 7294
3539 5169
2757 4553
2689 7307
4593 6649
419 3950
7435 7546
4576 6090
3912 7235
213 2007
915 3732
1348 2829
6159 6645
2077 3824
133 4153
196 6438
3047 4251
6235 7057
1080 5046
4000 6552
614 6133
5504 5946
2964 7230
2837 4445
1241 6232
3345 3454
2814 4718
3356 4736
909 1365
2754 6614
5846 6308
4083 4519
1671 4834
1783 2569
5982 7554
4567 6891
1682 4699
2147 4660
1861 2405
3353 4041
1074 4362
2243 3818
2649 6867
5390 7527
439 3072
2651 3852
3476 3881
350 688
2249 4916
1035 4518
4946 6628
566 4844
3296 3742
1035 2740
1409 7528
1955 6850
1088 2816
1896 2831
7055 7520
2533 7087
4139 6601
4628 5159
682 2849
2817 2881
1504 3828
981 4146
548 2229
980 4236
460 5830
1945 6351
1383 3883
4692 6262
872 2295
3950 5428
412 4070
3525 5273
4645 5377
1354 2153
417 2627
476 2313
354 6899
2881 7474
2705 5654
2051 6841
530 1807
605 4313
5094 7446
2691 5860
2813 6553
1594 1660
314 3177
122 7268
1446 6498
1635 5238
3485 3989
3713 6461
701 4333
2106 3986
780 5812
1142 4935
922 3639
1382 6977
4195 5180
4727 5635
964 3625
211 2885
2938 5458
1562 6750
1276 6790
1308 2221
4206 6261
5877 6347
7120 7467
2046 4764
4937 6628
1035 6332
2393 7307
4288 7488
147 2456
3041 3778
3110 3822
1399 5243
699 4691
3075 5721
4296 7346
1661 2277
988 3776
2087 5672
1079 7610
1340 2410
2403 5387
3658 6565
5767 7486
3303 3357
6322 6906
4118 7596
1596 4136
92 1679
6493 7304
4076 7598
3799 5251
872 3452
1192 5374
6835 6924
3948 4761
6467 7192
1123 2709
2726 3504
4345 4982
3020 7193
2106 3235
4000 6339
2045 5421
1357 5367
4529 6320
1892 6670
3611 7196
1413 6542
3942 5412
2618 2838
339 5435
5395 6642
3047 4310
3602 5055
3038 4722
3150 6496
1420 3512
819 2696
6761 7374
3274 4338
3491 5353
4667 6076
3804 4483
6208 6286
5122 7622
6007 6286
503 1971
1147 2302
6650 7102
1715 2263
6699 7169
1628 6245
4302 5159
4518 5708
3304 3332
2505 3499
3905 7649
2364 5668
1436 6407
3958 5332
477 3335
177 4081
1557 7519
1765 4476
2029 4758
589 4732
940 4518
5149 7227
2615 4854
235 2390
4064 5252
107 776
646 3713
1822 3382
5182 5273
1150 7021
4104 4702
821 5560
1033 6438
5572 6423
661 2993
79 6996
6729 7220
2532 4656
3352 5626
1282 6732
1384 4051
2944 4286
907 4281
1895 3162
293 6914
958 5680
3506 5928
3487 4939
5667 6612
5093 7108
6673 7015
1721 2099
1673 3039
64 5856
6730 6888
2160 6548
6521 6828
3885 5984
2661 3040
4184 6257
6348 6738
3246 7493
7423 7623
3990 6904
764 2349
6477 6931
2765 5342
4022 4957
3209 6309
179 4157
1094 2827
3954 4770
2042 5817
3199 6366
371 1936
293 5893
6344 6509
7030 7294
470 4422
1577 4026
6150 6990
3161 6093
911 7336
6604 7524
187 1977
1391 5092
2456 7071
1099 7017
392 5923
3936 4815
4111 4164
2605 5487
438 3649
4985 7152
2034 6155
1844 3850
5999 7295
513 2698
6711 6755
1371 1428
2645 4588
634 4782
1390 2773
2387 6010
1191 3593
5247 7375
4407 6392
5180 6203
584 3948
4626 6555
713 4394
2551 3574
1550 7067
3274 7135
3999 6546
56 3991
416 5388
5828 6892
3710 6076
1008 6215
1746 5827
2565 7246
571 1990
1805 2251
1260 4182
4141 7193
2192 4580
1355 1442
2686 3603
5308 6502
5969 6663
5069 5795
6130 6143
1394 3111
702 7075
2649 4753
718 4749
1976 4782
2056 4853
1442 3845
428 2796
1874 7245
5469 5474
1405 7064
4482 5302
2814 5653
370 5461
6777 7599
517 1696
3985 6435
5751 7415
3845 6902
1229 7102
4055 4403
3998 6988
2178 6945
1999 2978
668 5199
3139 5111
2319 6972
311 6360
2749 3471
6146 7294
140 6142
3928 5501
1295 2329
6770 6864
73 4663
3912 5899
3440 6958
2350 4652
867 1078
3388 6671
4969 5818
898 3229
802 2997
969 5802
6192 6910
3360 4877
3701 6043
1153 5020
205 1293
707 757
214 2877
2022 6347
4067 6211
277 6704
2903 5716
4593 5905
3255 7529
133 3857
3086 4085
1655 2545
5301 6391
2971 6873
4501 6066
1958 6322
5972 7299
1360 4735
1357 6754
4767 6259
834 2474
2938 4829
494 7064
1133 5515
7487 7515
4728 5786
2162 6607
5849 6851
3359 3514
351 621
3006 4090
5420 6526
536 2272
3962 5334
333 4747
4072 5155
723 7352
4745 7328
4419 4543
3876 6700
130 977
1076 1986
3033 4288
5029 6872
2081 4477
1874 3192
2181 6055
2725 2925
689 5182
3738 3815
272 6440
2278 3665
5546 6506
5473 6911
407 1109
863 6792
611 4932
881 6797
4063 7597
969 3372
2366 3252
2972 3302
4196 5151
4615 6909
2910 5621
173 7043
5716 7049
1610 2620
3391 7539
280 4022
3139 6890
1425 6264
338 7487
883 4633
4811 7492
193 3227
2174 6999
2238 5916
511 5711
4974 7610
457 4459
3898 7098
3841 6750
2303 6019
3277 6940
4375 5063
2134 4678
1007 5075
149 5623
2815 5818
1586 4176
1227 5507
1076 7532
3905 5895
2842 3077
6021 6815
1400 7265
6351 6729
893 3093
1735 2837
1103 7028
3806 4052
1664 7033
2642 4871
4288 4476
3191 7194
2121 7635
6531 7554
1922 5306
2745 4002
992 2378
1877 2519
1910 4005
1401 1537
344 2873
6140 6600
1262 4376
2007 3610
2276 3040
3540 5051
3628 6350
4251 4619
1001 2566
2077 3759
4037 6220
3774 7532
4615 7422
854 5051
4602 7473
3738 6243
2106 5440
1574 4139
948 5036
3354 7120
902 2006
788 2773
5346 7545
569 4323
1719 3106
7317 7469
607 2502
4823 6346
65 7001
113 641
4891 5710
2974 6303
4629 7270
4232 6207
1947 2913
6176 7599
5248 6910
5609 6664
2903 5799
1584 3192
2041 5351
7001 7136
2899 7519
350 1379
1350 6353
2909 7408
949 6870
1450 3814
1007 5504
806 6745
2660 6900
3579 6750
6033 6716
2607 6721
4008 4770
256 5159
3257 3887
1396 5164
3069 3714
2224 3019
24 6974
2324 5309
3687 4387
2723 2757
400 5741
4670 7201
1997 4932
1340 6385
212 6918
1124 7022
3228 3693
29 662
3301 5166
3704 6654
1313 4549
3739 4355
2421 7215
5327 7299
403 2828
4463 6906
514 6540
3667 5705
4149 6308
912 6346
2429 2549
6416 6540
820 1375
6788 7302
770 5238
151 2053
1545 3490
806 5834
723 6815
5271 6251
406 4941
1650 6425
2744 7197
701 4154
716 2732
2130 3127
2286 2316
672 6647
1164 5425
4027 4044
2319 3163
3737 5423
2661 7401
3733 6377
4460 6474
5616 7528
1119 6787
5116 6280
60 2451
1611 1974
1821 2301
3244 5672
2154 3744
4710 6023
7284 7499
1365 3721
1568 4988
2912 4709
3503 4346
1688 5629
3035 6660
5373 5824
3323 6907
2684 5602
1811 4221
2494 7352
6865 7640
2553 7470
201 5077
1050 3901
2988 4850
411 5425
5883 6446
2759 3933
2414 7389
1780 6581
189 5347
1939 4403
3353 5306
4078 5625
1932 6587
3534 6152
2810 7156
3496 3866
1066 3381
6 2677
1950 4845
2796 6737
2132 4327
4980 5885
168 2639
703 2496
4708 6711
340 2133
948 1450
137 2138
66 6056
343 4821
130 7647
1566 5790
551 4559
144 2182
3226 6657
2209 3168
37 7059
4198 4777
1540 4699
4260 4294
1918 3710
4439 6597
2951 6594
33 5661
756 5617
1290 5271
2779 5723
4864 4998
2838 6221
1404 3594
2699 4451
1054 2201
189 4620
568 5147
157 6503
1643 2334
2943 4153
4035 4163
1906 4740
4542 6969
1163 6050
404 3518
1929 4176
1580 3706
3309 5452
2934 7538
1041 6418
5446 5981
1236 1366
2030 5990
1285 4866
1846 2876
995 6842
801 5665
4958 7005
1530 1763
98 3328
1325 3792
3530 5772
712 7246
1123 5648
2881 6649
804 1591
2433 5760
4527 5584
4053 5654
1075 5099
4463 7452
2960 7009
1050 4534
1670 5762
1946 4030
1203 4893
4455 5924
323 5140
533 680
1906 5758
715 6738
219 2398
4536 5108
108 3875
2444 5839
4081 4379
1553 3320
1710 3663
1560 3726
2104 5579
1339 4088
576 3420
391 6956
1108 3809
1205 2309
2837 6850
276 6365
5104 7578
3715 4719
1834 7626
1251 4595
136 5050
1562 3046
2551 5238
4763 6324
943 3723
3649 7510
2289 6314
259 3548
123 7253
2421 7174
2992 2993
747 2794
2397 5337
4645 5247
1887 2447
2486 2623
2608 4650
4867 6739
505 7283
2282 3464
3649 7252
1260 6113
818 6323
1493 4871
1193 1467
6486 7451
414 2740
88 632
833 2654
1547 3541
1583 4577
2573 4028
3414 5711
460 4909
5300 6903
2468 4283
253 5619
5395 6487
2661 6792
2500 5042
772 4411
3561 5250
2132 6701
510 1341
2345 7627
1319 5894
2927 4727
2485 6550
7135 7315
4657 6333
560 4254
845 5671
2865 3347
4571 4932
2178 6270
5290 6006
4621 4744
5514 6118
2858 3558
3037 7413
1140 4642
4055 7287
730 3458
876 2276
3209 5394
1715 3431
180 1243
3500 4496
454 5930
3253 6130
3029 3812
4487 5226
1668 4234
3193 5338
838 3840
685 2959
461 6289
4571 5646
2094 4292
1010 5877
1764 3294
1595 5460
3885 5612
2638 3872
3298 5920
791 4267
1745 2881
2108 6259
5127 6391
1513 1951
155 3759
3429 4795
4004 5293
4282 7204
3928 7403
7183 7537
1965 6675
769 1827
443 3282
4612 5196
1852 4124
2703 3624
1066 3854
6231 7008
1848 6928
1492 6594
494 6937
1401 1899
4447 7198
6128 7636
1734 4534
495 5593
1891 4284
3439 6088
633 4426
2163 7110
2898 6464
4235 4527
584 3743
861 4771
4224 6733
2497 3099
6954 7103
3307 3797
45 5614
2449 3986
2290 3517
1637 6867
2370 3641
4608 7067
2172 2575
2755 3066
890 6156
785 5617
5806 7281
469 1481
3947 7049
5835 6942
1850 3677
1768 5212
2104 4047
970 6243
381 1024
3991 4015
4269 6149
1233 7451
4645 5815
2873 6471
1087 3439
1481 6512
3437 6340
1190 4796
3568 4783
2260 4036
2053 6506
1244 2575
244 3633
3473 6294
3681 5291
3828 4956
2350 2873
3783 7015
4477 6970
5776 6582
3883 5932
2813 7122
2556 5373
3219 6768
1507 6040
528 7105
2075 7517
1630 4087
1794 2478
5562 7351
3197 4986
2027 7471
5822 5945
4026 7326
5102 6193
1516 2485
6370 6741
629 6480
6324 7206
818 977
3631 5354
2176 5713
1030 5333
273 6418
4352 6904
6402 6529
1150 7210
3024 5856
3475 5625
757 6184
300 4068
5153 7334
1409 3521
2962 3993
2807 7597
4579 5501
1658 2834
1778 2842
4713 4963
2518 7538
5245 6624
798 5598
3218 7000
800 2253
1582 3824
181 1768
2615 3581
2952 3750
509 1039
4584 6531
1820 5297
1046 2234
143 611
5522 6661
1650 5014
3880 4027
1107 6977
4540 6473
6033 7278
1018 1196
70 4469
478 5828
4326 5919
1421 4241
1116 3053
471 2259
3644 5556
2945 3760
252 1250
3530 6381
5362 5512
3311 5862
1347 5524
1917 2431
2202 3827
1049 2895
3486 5821
3786 4062
1636 6976
1394 7580
7237 7648
3463 4796
1944 6285
139 468
955 7052
2323 5860
1861 2656
2658 3297
4737 5904
2916 5269
466 1369
3585 6209
1085 4220
1821 5848
935 2252
104 1811
258 5418
3519 4951
2054 6654
1923 5968
3026 7205
1339 6949
4021 7479
3961 6762
2608 7450
3109 5586
434 1442
2470 5041
3879 5284
2500 5040
401 7330
1445 5682
4693 5618
2609 4047
4334 7613
221 6296
2801 4823
518 6042
6054 6172
5262 7103
5471 6003
3231 6979
2717 7230
4995 5883
1107 5493
6311 6357
3580 6009
835 6598
798 7357
3350 3816
3248 5593
2705 4656
908 2325
4123 4203
4852 5047
3422 4352
372 2702
3013 3232
2683 6126
750 5480
1520 3978
2371 3277
1644 3728
681 4815
3254 5740
1475 6636
616 7291
4460 6105
5611 6592
233 6731
2960 6060
1011 1159
970 6273
2338 6877
4261 7214
4846 4857
434 2363
3122 4080
5890 7243
501 6801
3797 5638
2156 2381
4234 6164
2833 5202
3639 5770
1322 4140
6197 6477
3178 5153
2254 6697
2081 2424
1850 3585
423 5167
883 2803
2203 4863
1185 7538
2093 6468
872 5455
72 586
939 6782
364 7047
404 1266
3489 6523
3618 7090
677 2054
3734 6030
421 3282
4225 5202
5796 6135
3302 7037
4401 6072
892 2765
5432 7142
3179 5703
720 6563
1328 6540
98 4000
4624 7000
2383 4464
1049 6916
1504 7107
3473 6849
2397 7146
888 4190
2907 2961
3888 7353
93 7403
4203 6425
2119 6835
4830 5838
1197 6932
2334 6337
1706 6049
430 1103
2738 7485
1919 5690
2874 4938
2548 6169
6614 6918
1048 7029
2400 7292
1882 2404
3613 4319
2529 3258
1728 7379
3716 5922
466 6201
2734 4790
606 3794
5706 6034
3194 6960
647 947
2007 7260
3031 3328
2356 4413
1838 5027
2209 4833
2311 5202
4343 6411
338 6095
2828 3524
1991 7502
2990 4616
1853 7162
4397 4982
958 1440
2914 5120
1344 2533
4598 4895
3283 4141
542 6020
572 5510
5733 7034
3750 4389
900 3752
2492 6825
6968 7099
266 4273
4900 5589
783 1459
3948 5073
3910 6874
734 5273
337 4880
4462 4595
4649 6810
4675 6856
3328 5334
1638 4460
2367 4475
3124 6470
1294 5160
273 7515
570 2208
1952 6230
767 3967
2546 6828
4034 4765
5744 6067
1106 1893
225 4788
3052 7404
1910 2036
3593 6555
6159 6434
369 6161
1082 1972
1561 4321
6295 6396
500 5552
4501 6956
3477 4564
4015 7051
3107 6318
535 4662
2108 6070
7038 7425
43 721
1658 1990
1724 3895
2677 6228
1388 4570
1408 2428
2404 3587
1292 6545
3827 4777
3378 5396
915 4397
52 3969
61 7404
73 4423
2020 4451
5294 6017
199 2960
4473 6521
4255 6095
1225 7045
4738 7417
2391 4982
5518 6839
4513 5450
1787 7073
782 3071
3485 6736
391 608
2111 2310
15 444
3494 3519
4466 6602
2134 2896
1836 2756
1863 4869
2164 3217
2962 5725
276 1281
1843 3907
3046 4612
4645 5203
1586 2393
3616 5313
2106 3699
4521 4978
1887 5948
579 7243
5101 5974
5974 7165
1512 3987
4604 6660
5523 6790
1680 3204
3638 6471
3861 6696
141 1332
2191 2732
2779 4964
4113 5445
2727 6752
5966 6877
322 4861
2244 6878
1827 5623
576 3729
245 750
83 6919
2367 3362
4989 6597
6310 6584
326 7245
4148 4872
6354 7137
6475 6930
322 6490
5753 6868
2129 4512
6527 7475
3762 6171
4125 4654
2095 2741
173 1873
144 6219
1052 1755
563 5396
772 1396
277 7486
2353 5471
477 3841
1827 5388
34 6347
1625 4068
2383 4524
764 6145
1560 4289
2026 2392
2812 4411
197 7010
49 2911
5058 6845
5474 5511
1977 2490
1877 5858
2959 5084
1784 6557
3097 7042
466 2390
1988 7435
4590 4844
6778 7410
4142 4718
3729 6719
1449 1835
5072 6681
124 3637
2539 5852
719 6985
5096 6768
1443 2825
1788 5994
2674 4865
4683 6442
7010 7468
891 3581
5735 6162
5051 6210
6867 7357
5370 7088
1399 2514
800 6979
387 2041
4784 5773
2125 7077
1874 3309
664 4093
4276 4616
2375 4830
2473 5163
3791 4700
684 5794
488 4939
2478 6635
1806 3726
2395 5546
191 5221
2327 2391
2306 6695
2618 3597
3670 3765
5851 7426
138 776
513 4520
4661 4935
1812 6418
5307 5783
23 3704
3109 7045
2151 6885
4703 6295
2648 6103
4025 4627
569 5574
2248 2915
766 6801
815 7023
2169 4252
1651 6442
5237 6750
1516 1922
4317 5405
1027 2617
6406 7450
1740 6381
807 1860
2951 3655
4090 6691
4711 4749
3209 4361
1248 1765
818 3981
5002 5421
1243 5895
1395 7284
1123 2878
1642 3699
1959 6801
1294 4309
1612 2507
4620 5931
6810 7064
3200 4663
4939 6545
5667 7009
3138 4924
6797 7151
944 3542
1013 4890
1536 4629
1826 3161
1877 3006
107 5383
3635 4632
471 1315
2471 5698
4142 6773
716 2047
734 3967
1172 5891
219 4023
1891 2430
477 6267
2346 3891
2592 4504
1294 5540
435 7167
597 4526
899 5167
3517 4631
2015 6891
5096 6529
2272 7174
4469 7604
1277 1426
5829 7478
445 5471
155 5209
4950 7287
1047 5206
4518 5514
1938 2016
2542 5385
4423 6329
1809 4918
779 2763
2240 2603
1375 4109
6104 6988
402 2705
405 6049
5673 6966
5164 5632
3028 4409
5088 5798
1513 1784
1443 1862
1148 7394
1999 3326
1727 4570
6120 6714
2668 4265
678 4796
2685 6694
1563 4414
3803 5294
3945 6325
1485 2169
1045 3868
2920 5642
3521 4228
1762 5878
3204 5111
3114 6943
1972 4717
2090 5303
6144 7273
2538 3317
3694 6461
3851 4863
1598 6721
504 4335
3216 4400
497 4297
1637 7459
3946 6863
3341 5800
1042 6339
3048 6328
3074 5535
3981 6795
5693 7434
5368 7528
982 3631
19 6031
517 5337
3682 5105
515 2889
1387 2230
78 2218
1711 5245
6163 6453
1137 3965
324 3616
139 6929
958 2331
2254 3833
965 7560
3440 3480
4303 6774
1859 4099
643 2264
2801 6666
2531 4594
262 3060
1055 4541
3860 5522
2126 4048
2038 5485
5531 7465
3892 4122
360 3477
4408 6565
2520 4902
821 6827
4050 4510
1662 3975
1221 2295
5140 5363
2721 4963
609 6370
5694 6895
2100 3093
3930 5598
463 6175
1284 7555
3126 4480
134 4031
3351 6227
2556 2680
1726 2236
3834 6916
2493 7201
3767 4245
1642 7283
126 1409
3493 5190
549 567
1127 2766
163 6453
6243 6811
5804 7353
1322 1810
213 1164
156 2106
5358 7255
3599 5278
637 1013
7365 7530
284 1050
3023 7271
1654 2771
1056 5323
5702 7355
1773 3460
1226 7029
310 6021
2335 4112
438 3515
4838 6571
5186 5892
7036 7250
1637 1684
1997 7229
3514 6205
2713 3297
2051 4233
1400 1596
4743 5406
3186 6758
2380 4436
1160 1833
1992 3208
2616 5995
2146 3037
1047 1257
5625 6232
838 2874
4111 7328
195 1389
1670 4495
2833 4406
2566 3922
3549 7375
3356 3965
1377 7200
2446 6798
1006 4982
1545 3625
3299 4860
5766 7004
2130 6576
1473 4438
1873 4360
4289 5036
3838 6775
1094 2484
2164 7353
955 3261
6172 6255
318 3760
3492 4162
4613 7404
4561 6982
4170 6798
1896 3194
1128 3869
114 4784
2439 5049
1428 5267
2136 4828
3623 5896
2507 4078
1592 4681
394 744
893 4870
1153 4819
1547 7253
4754 7319
4225 7219
1092 3270
4186 5519
6361 7184
4501 6399
2686 4512
5478 6131
3469 5523
4149 7271
4722 7066
1515 6370
1184 4810
6103 7255
1381 7265
1498 4813
5034 6926
873 4995
1120 3378
4213 5075
2198 2425
1484 5762
394 6427
135 2822
3846 4950
1145 3494
1142 3057
1755 4696
4878 6418
1014 3941
7036 7202
4681 7583
3980 4094
1668 6337
3292 5688
7026 7328
3258 5727
3065 7245
412 4021
1660 7288
4589 5337
2436 6950
3322 5037
367 2256
2761 7214
240 5259
2393 2685
4743 5799
1820 3116
4297 4933
486 3043
852 1263
5455 6350
6056 7475
4270 6689
694 1338
4671 4725
3260 4478
2611 3374
1989 7243
2860 4501
345 2960
3637 5412
560 4843
1947 7366
2831 4338
7305 7577
2825 2859
2404 4785
13 2119
1183 6471
1151 5702
8 2751
1491 6336
725 5022
5654 6238
2565 5370
2105 2440
722 4392
5240 6857
2741 6642
595 3425
2538 6005
423 3646
800 4639
1699 2190
191 3889
1032 4570
2083 7070
404 1866
3742 6236
166 3234
652 1675
1611 5120
1656 4479
108 3544
546 2350
5784 6552
588 1855
2166 2220
885 2978
4172 5697
602 6071
5833 7634
360 5286
865 3643
1225 3397
250 6138
2745 4640
1469 5464
5281 6741
1528 3486
4138 7158
2656 3199
4509 4830
1012 4440
6917 7418
3797 6932
5562 6044
1090 4729
2866 5122
2623 3464
234 5593
1297 5348
2220 2222
1311 2529
4753 6948
2655 6542
6920 7172
7195 7612
1545 6387
1406 5768
6127 6326
6469 6611
4256 5908
4824 6313
2755 5818
718 5960
193 448
722 1894
552 2706
1596 5347
3205 4299
1012 6579
76 5647
2194 5808
3368 6219
395 7155
892 2774
2306 5491
1664 3216
6328 7508
2841 4442
1389 2950
7135 7584
1955 5862
5071 7270
3350 4069
5024 6058
997 7307
1047 5753
1031 5334
3724 6097
3650 4471
2781 4315
960 2867
6099 6680
291 6013
1379 4043
1567 5530
1236 7074
471 4582
850 6295
6806 7025
3474 5448
4603 7109
2008 5751
1640 7448
1308 7520
1851 2165
5832 6262
3620 6738
5002 6878
3164 7002
2826 3891
1620 2163
1902 4740
1341 3590
321 3825
3631 5000
654 2844
6197 7498
632 1962
658 834
3083 6793
1135 4659
2823 5340
340 2701
1141 5935
1021 5832
9 6069
4479 7338
1347 6891
3687 4709
1123 5868
3101 6210
118 3561
2525 5234
4042 6249
6299 6852
4381 5133
5581 6829
3071 4273
2088 5387
277 3407
712 1105
3403 6733
2356 5939
1157 1626
1962 2797
4201 6829
5709 7523
2400 4971
1581 7178
2430 2935
1270 3028
2627 5153
3384 5727
2026 2942
14 7626
3362 4348
4670 5124
1360 3324
485 2904
5182 5695
904 4024
3654 6083
2582 6702
4097 7475
349 535
1096 6424
627 4541
5044 6630
3555 6393
1973 4880
2112 2428
405 5603
1012 3458
1762 2873
889 5242
3031 4597
3075 5071
477 5816
5368 7588
2719 7422
1404 6136
4095 7206
234 1708
5773 5968
6318 7383
770 3051
4864 5579
2686 7288
2035 5367
4804 5480
233 6392
2484 5734
733 2274
3177 3276
1124 4778
728 1926
4838 5460
5731 7267
348 3942
2841 2973
3550 7610
2626 4153
4347 4968
4497 7086
5835 7367
415 2146
3093 6606
4340 5648
5178 7302
2534 5790
4492 5571
1112 5208
3646 7300
2284 4760
935 7515
2744 5204
469 5136
3869 3881
2173 2834
277 7371
1424 2802
5615 5869
5048 5793
3744 4571
2328 6332
2141 7589
4445 7308
900 4768
2805 7078
4143 5174
934 1338
2211 2814
3374 6449
6902 7598
2963 4448
6750 6920
1539 2177
3151 4631
2924 6351
4700 4960
1063 1608
899 6725
1662 1892
6988 7573
1463 7060
2613 4564
381 5519
112 2856
1968 6540
4176 7145
2258 3172
2277 5626
1546 3799
1659 3239
2531 6041
3941 6750
1306 4409
3197 3359
241 5170
1721 1784
664 4143
3788 6289
1282 6672
1831 4795
4026 4423
4517 5966
229 6213
603 2174
5618 7030
3907 5801
1540 1962
804 1040
1146 1396
2976 5760
1629 7249
4630 7187
2074 2689
3028 3465
5165 7620
1509 5978
1134 3045
899 6103
5633 7145
3992 4621
2159 7586
1066 5948
68 5761
6653 6675
3052 6988
99 5381
4793 5154
2262 3677
3803 6553
855 5342
2198 5160
255 2215
219 2455
560 2489
2337 3142
2897 3413
3558 7158
3018 3904
2242 6158
1274 7014
611 6605
5531 6506
4529 4943
104 5997
5744 6628
573 5486
834 1000
1626 5221
6922 7289
1872 3272
668 3396
947 4035
3253 4721
1050 5085
2975 7142
104 3120
1207 5711
2506 4220
4004 7136
1114 6442
3519 5309
401 4576
3049 3349
1434 2316
1395 5807
3504 5512
1230 6469
3648 6616
4660 4872
2117 3526
2353 2703
1567 4443
1465 1471
372 658
3717 4016
2196 5839
1708 6684
6041 6797
5277 6320
3108 3847
6610 7079
104 3376
2799 6028
599 1506
1013 4533
1376 6814
2952 4823
182 6865
165 6343
5301 7009
2934 3541
2083 6663
3336 6481
3071 3831
3401 3645
2106 2312
1252 5136
4204 7193
1302 2314
5601 7149
6024 7332
1258 4972
3487 7274
1858 5310
5452 7213
531 2325
4697 7426
235 6024
1050 2627
1979 5390
1364 2793
5817 6607
1401 5460
3244 5209
977 1347
375 580
2030 4426
3318 6562
4334 5987
4492 5007
3905 4586
3925 7502
72 4056
3901 7140
1545 1830
472 6537
3359 5522
3609 4623
7118 7520
4779 7355
1174 4746
5889 7295
837 4340
4484 6155
4857 6638
3999 7637
5897 7506
182 7015
3285 5763
2586 3637
1925 5118
2445 6218
4094 7540
40 4627
2674 6958
1222 4661
2606 3114
3298 6180
1528 4094
2939 4910
3564 3797
5376 7204
3389 5810
400 488
1830 4280
2808 4126
1862 4578
6383 6919
3331 7539
4353 7224
328 2084
2197 3017
5999 7564
167 4441
4824 6203
5940 6826
2517 7459
296 3995
1045 3316
513 5383
4354 6603
4289 7534
79 5241
244 265
1442 6216
2309 2745
553 1826
2435 6893
3993 4351
2220 6255
4635 5249
1211 3870
2884 3582
779 5522
3403 4205
774 5642
4965 6384
669 1618
1242 4598
5095 5613
4508 6659
1205 3096
1553 2506
795 5916
4253 5208
587 4064
6652 7279
4802 6834
5127 6656
5618 6751
7 3894
163 4082
2803 7550
4728 6547
4954 6267
154 6719
2157 7328
1218 5124
6855 7190
3558 7366
5486 6340
2719 6428
1537 3098
4203 4460
2056 2408
2414 4967
371 902
1876 5319
5997 6973
7309 7331
2128 4563
1297 7376
7235 7365
712 5054
6529 7632
5894 7017
6058 6889
239 6410
1649 5385
2845 3792
1871 5563
2537 6029
4215 4688
2347 5639
6261 6650
5050 5218
498 6245
855 3771
1808 6916
1715 7057
3358 6421
1820 4377
1787 3890
1753 6842
2494 3597
1831 2253
1215 2785
3403 5505
521 1390
261 4687
484 7437
2827 5331
4424 5744
1281 6514
2949 5768
3053 6755
725 1883
1212 7527
2285 7363
4333 7518
4432 5997
823 5575
202 5487
1630 7301
2945 4247
4473 5878
2323 6518
1852 6875
6168 7599
1866 2288
251 2123
2191 7465
1974 4642
1035 5063
1648 5539
2561 3520
1626 4548
1530 4632
4469 7316
1566 2915
330 6409
492 1204
6220 6876
1279 7479
102 3086
1864 4780
2508 4007
2286 7249
5148 7062
417 2267
5544 6515
4094 6486
1871 6289
4432 5177
4243 4298
3019 6704
6726 7034
94 2556
1822 7016
1755 2657
599 7068
4411 7548
2222 3368
4319 5393
4127 4148
526 5433
1795 3423
2185 7303
2741 3750
3704 7439
3154 3344
1652 2729
84 803
130 5650
2928 3747
1972 4920
4512 4802
2289 6012
1013 7141
6494 6844
1122 1469
2308 3105
2053 6594
2012 3549
3210 3235
4675 4798
1682 5443
673 4543
3588 6179
4774 4924
2307 6769
5615 6336
5126 6048
1352 5982
2609 5565
3364 4236
4020 6857
4934 6610
534 1303
1389 7098
780 4560
3861 7014
3544 5170
457 1523
3495 7553
1617 6392
938 7467
2719 6866
1909 5605
2612 6707
3424 3833
4606 6137
40 186
6161 7208
1654 7196
619 668
699 5452
4096 5844
247 1342
129 1217
2580 7543
4451 6561
3981 4967
6649 6749
668 1110
3158 4932
88 5699
4103 7513
2652 7041
801 2225
2636 5673
5033 5799
3291 4693
1392 7250
2486 6023
6794 7227
548 1386
7275 7360
1071 6312
3112 3310
2966 3038
733 2048
2807 3223
4470 4906
1015 7576
2172 2977
3709 6947
5580 6796
3194 5636
337 939
753 2312
361 1329
5370 5454
551 7390
1636 1716
238 7120
134 2035
604 4898
2416 6541
4957 7580
1069 6793
2078 4524
1466 4867
314 5389
3809 4886
1591 2429
3465 5419
1489 6331
506 7465
2946 3933
1887 1942
2343 3207
1033 3492
2359 7510
694 5577
2870 3540
7394 7615
217 4893
3443 5002
1212 4448
5756 7613
2910 5151
4694 5603
715 7566
4703 7623
1029 6622
1916 4138
3149 5317
2342 3753
4835 5972
2187 6569
923 2366
839 3874
1231 2484
2261 3749
5945 6599
3980 3983
1651 5880
5239 7641
480 5954
869 2621
2139 5237
2143 4945
2450 6076
1772 3539
3754 4848
4532 5255
4314 6384
1093 2415
5359 6900
1759 5401
965 4916
1845 2121
3282 6544
1395 3772
4143 7421
4518 4883
2491 5419
385 4629
1044 7468
2879 6261
3670 6040
542 3411
561 6481
386 2053
4443 5691
2087 6721
2634 5105
6416 7165
3120 6439
2513 3545
5056 7083
3541 6840
3758 5227
128 4855
423 7345
3782 5420
3650 5552
3497 3593
132 6746
1907 6129
99 6899
626 657
3459 6175
52 5199
977 1721
5215 5625
4169 6398
1632 2962
87 3820
2844 6188
94 3757
2757 6597
1631 2175
3142 4110
751 3734
29 184
649 7023
2892 6815
710 3697
5460 5499
1396 2456
163 5324
656 1084
493 6383
5758 7107
5254 5462
4725 7208
782 3394
1644 3928
205 5853
3966 6583
1749 4665
1222 1995
4990 5568
4119 5263
59 7296
191 4155
1378 3665
3344 5321
2922 6712
5466 6802
116 1334
373 4130
3101 4940
1160 6974
6212 6514
593 3870
2612 4981
2561 4297
26 4354
1634 1651
3077 7286
294 4606
3541 3782
5966 7117
6143 6225
1523 3493
240 6539
6436 6945
3200 4641
451 6811
5545 7079
1618 2589
394 5351
1266 6885
2991 3093
2058 7074
928 2491
3509 6466
1248 2075
2842 6262
5816 6525
2693 5996
1227 4737
1785 4293
1338 5409
5442 7350
2153 7281
1059 6108
5135 6595
2387 4204
2241 2905
930 2129
2089 6305
4747 5517
2212 5737
3271 5908
724 1804
2278 6707
1850 6506
634 6765
5740 6292
383 6542
5725 5753
4415 7375
1310 4597
2717 7057
1662 5949
365 2709
833 6259
3241 5825
2633 6395
1091 3130
701 7461
2058 4330
4867 7023
1790 2117
3101 6836
569 6004
2619 7220
4001 4758
897 7366
4944 7499
3366 4037
5820 7200
113 4925
6230 6672
3658 7383
497 5132
4496 7267
32 6712
6400 6792
1157 3147
5309 5953
266 6790
4163 4296
231 4818
2337 3795
3440 4791
1142 5446
253 4030
1115 4607
4079 5763
3499 4892
3343 5441
1904 6437
6714 7348
3379 5598
4719 6275
1612 6510
1375 5238
2031 5575
4442 6990
3616 7305
4304 7597
3893 4517
1675 3923
3598 5219
3388 4185
5432 6117
5636 7392
6006 7649
4157 4255
5791 6894
2162 3113
3147 7137
2824 3489
1074 5995
25 4507
397 7175
562 6007
33 3931
3616 7397
2554 3709
3654 6990
3204 5960
2689 5251
2153 5710
980 5809
2894 5912
5137 5821
3396 5735
114 7477
170 428
2691 7305
3873 6484
2304 5266
1847 7638
1340 5479
5091 7356
3125 4519
4093 6727
184 1515
3040 6610
1885 3303
675 759
6836 7157
4526 6657
580 5006
3138 4277
39 6407
497 6595
952 3575
1005 7214
653 2403
1327 5142
78 3312
733 4153
42 3333
2959 5749
2123 5819
3165 5574
1533 4937
2375 6204
967 2649
1962 6142
2535 6453
4711 7000
4721 5595
731 5591
3637 5645
2737 4710
285 3823
3353 6920
3644 6222
1716 6775
3757 5734
5440 7130
4019 5004
3597 5231
1354 5727
2565 7235
940 3899
4143 6869
3770 4767
967 1422
989 3116
6419 7180
2495 5015
2115 3079
3062 7041
3400 6529
3899 6955
646 3721
2167 2615
2542 7107
5695 7102
3408 5012
1982 4645
640 651
662 5237
657 2217
2869 6215
1496 2752
3651 6389
504 6867
2853 3904
1449 1725
38 795
912 1009
106 1602
3056 3382
435 5999
4740 7506
5284 6485
144 2705
2555 2776
3231 4959
1984 2332
320 2737
2381 4160
4330 6114
2702 5283
4287 5183
5444 6379
649 7623
2526 4991
5422 5832
1580 6745
438 3197
3824 4354
4255 7139
2616 4225
1628 6505
217 7417
1987 6172
1987 2293
1212 3411
4676 4829
378 4857
4823 6653
2587 3279
1351 2173
4143 6970
3145 3306
2563 3094
4205 5700
6029 6420
2981 3518
1815 3229
2564 4433
3338 7080
5872 6931
1459 3282
2907 7173
1846 5527
3268 7280
514 7487
4591 5056
4895 5454
1827 5131
3063 6381
2312 5779
235 6706
2180 3376
171 3288
1805 4834
1581 6214
349 7026
3148 7155
614 1597
1457 3570
1689 1748
1652 4930
2367 2917
6645 6783
4372 4385
2520 3206
292 1421
1974 2062
2813 3440
2407 7415
1304 2338
656 5598
1547 2902
222 867
2685 5305
986 2136
479 6404
1803 1814
3805 7254
4288 5565
5310 6380
891 3871
3488 7451
32 4420
3228 6655
877 2608
1381 1896
614 4734
1445 7199
2473 4365
4171 5135
3863 6954
4203 4232
1776 5915
6645 6941
1633 7030
2123 3832
3673 6717
5845 6291
1239 7288
884 3313
2124 2245
5442 7301
2982 6386
1646 3908
5160 7168
468 4954
5546 6538
3203 6660
4040 4271
1839 6060
1585 5855
4277 6631
1154 2234
3187 6651
3269 4677
1424 3465
1039 5460
2577 4702
3402 7089
3742 4819
5345 7506
2574 4153
2650 6395
175 1162
3588 4956
4234 4338
3958 5280
1538 7546
1926 3489
4351 4723
1841 2779
3021 6778
2416 5044
198 5113
2706 7395
4926 7540
4242 4828
577 3182
3974 7375
2828 6474
1536 6134
7361 7390
3439 3949
372 1989
2252 5803
1490 6625
342 3527
1591 4341
2223 3053
2773 4158
4500 6224
3005 4993
6260 6266
5358 7222
6539 7221
7112 7451
1128 4967
4698 7016
616 5704
5349 6519
160 4829
2747 5601
550 2707
839 2048
1421 3739
1032 4161
3118 6845
1089 1929
1571 3761
829 1110
338 2850
4868 7569
946 4728
405 5270
2678 4629
302 2669
3305 7141
747 3347
5155 6581
1568 4311
64 3238
1410 5156
5317 6490
3781 7102
2932 7031
5133 6989
1477 4418
528 7037
1186 5736
1684 7549
1396 1529
7263 7513
761 7616
1938 3890
4811 6556
1587 1724
805 4051
2154 6769
6429 6760
4480 4774
1382 6406
2997 7245
3963 6487
1401 4229
6447 6513
55 4425
3868 6507
4051 4993
1602 6979
2515 5690
903 7327
805 4097
4804 7106
630 859
1516 3569
2262 6966
7057 7532
3226 6828
3062 6637
2215 4847
3976 4900
40 957
5044 6027
3772 6660
4509 7469
5093 5957
3898 7092
292 2561
512 5608
96 198
222 1220
973 4943
1355 3751
5366 6244
5201 7338
2395 6447
3828 6211
2421 5181
3943 7474
3868 7316
3007 3022
1192 1427
4242 4976
878 2538
809 7596
2612 6812
433 5941
3335 5140
1304 7010
2511 6524
2975 5551
2084 3795
2473 2763
3236 5260
5498 7033
1494 1511
2436 6101
4851 5711
3063 4261
2184 5335
2863 7515
3415 4121
294 7366
639 3374
2838 6119
634 6711
2656 5998
537 1245
3285 4500
634 4567
3403 5576
2879 3584
568 5361
1582 6952
7446 7490
1279 2251
5123 5523
5347 5579
4301 6470
1747 5893
1693 3675
3776 6105
2589 4451
1418 6885
3244 5137
2406 6528
211 2927
5455 7568
598 5820
124 6461
1340 2656
258 5338
2971 7430
4313 7110
3194 6630
2058 5109
653 3031
624 1064
2749 4452
2129 7203
4098 5010
1361 4937
368 723
474 5010
917 3689
3326 3565
124 6596
2162 5487
238 5120
3073 5792
5501 7468
1303 2525
1596 4918
89 4079
2188 4096
4074 6745
5619 7314
3879 6331
2704 3652
377 3798
639 1464
50 4753
2170 7646
4018 5488
853 2895
2549 4171
2476 6244
3024 5593
3217 6229
6518 6954
4142 4245
978 2759
660 6178
3273 5078
2214 6812
1194 3929
3706 5350
4360 4929
620 2449
6432 7559
2158 2883
2286 6427
5397 7340
5693 6433
2140 3803
3871 5053
6751 7592
1261 2667
2109 2888
1668 2808
2814 6917
3344 6300
3652 5816
2903 3760
6379 7530
174 3781
399 1142
4015 4039
828 6282
578 2445
3029 5165
1083 6252
5434 5903
4175 6302
1118 4629
5391 7570
3247 6554
240 5286
1207 4592
3206 6454
3163 7283
3993 5607
333 4909
4318 7330
877 5303
2703 5011
967 5538
4244 5580
3843 4871
1051 2143
2315 6637
829 7436
1193 7155
2147 6913
6197 6986
2789 5602
151 908
2212 2740
1882 4320
523 5928
3722 7203
1717 1754
6841 7340
1727 2075
6071 6311
3468 4206
2199 4628
2057 5681
3048 3735
1049 4134
131 7584
4828 5757
336 1853
1414 3441
752 6867
4642 7282
1909 7424
4960 6324
4078 4297
6030 7077
4731 5535
4320 7603
1108 1982
351 1391
1426 1789
1907 4044
505 4086
4148 4836
1787 2617
2316 3234
3575 4139
1479 4524
2539 3049
2351 2504
1028 7024
602 6872
577 2356
3253 3518
7201 7255
84 6265
6536 7567
974 3086
5873 6777
1652 6428
2375 7580
3631 4170
2659 3686
302 527
2407 4703
6074 6572
2756 5671
5636 6201
4887 5926
1377 5177
5712 6594
5726 7437
4429 6007
1512 2967
1954 4338
5342 6082
78 7248
1714 4705
3988 7152
2014 6249
4308 7326
1006 1573
826 2013
4149 6340
1184 1233
799 3966
1049 2995
1047 1069
1233 4275
1785 3127
832 6600
1896 5665
5826 6205
3917 5465
4104 4169
930 3487
4112 5446
4865 7174
590 5645
4849 6161
4159 4463
1935 2834
679 6169
1291 1848
222 755
1316 4397
3600 5813
1227 7445
3116 4666
2568 4851
203 1650
3388 6204
2263 6199
2112 6983
5286 7633
6026 6883
6679 7165
516 4307
5385 6041
2422 6168
864 5718
2864 6522
5730 6197
104 2363
4588 7049
1061 1279
2016 5444
4819 5835
101 4510
2786 4358
14 4737
3394 4996
2079 5505
878 1076
1655 4720
3605 6234
135 7171
1010 6230
5775 7089
357 1058
2868 3550
358 6223
275 4853
3401 6351
2137 6721
2013 2645
1899 2585
2399 2570
2197 5113
1735 3786
784 1663
1474 3636
1161 1401
217 4030
5804 6408
5423 7301
1223 7604
2222 7550
3133 6065
892 3203
42 438
5481 6886
2809 5169
1916 6158
4209 7242
4255 7550
3528 3891
159 2345
3499 5670
282 2926
2053 6536
1142 3440
349 6032
1899 7128
3650 5829
663 6327
5733 7346
2836 3112
1129 3565
4094 4419
1278 2033
6709 7256
2010 2056
1060 4406
5343 5603
4031 6921
368 4421
895 3023
3527 7457
1317 6094
5465 7275
457 5798
6713 6986
3675 3735
221 6940
3659 5360
1410 3187
229 4185
3811 6827
4891 5810
4257 5522
3427 5895
1246 2755
1417 5361
2815 4475
274 4178
3702 6090
2997 4250
5774 7103
5567 6447
5399 5667
2763 3869
501 7503
1544 1778
4755 7644
1500 5921
2854 7431
745 2126
222 7208
4091 6232
6089 6634
2567 7270
71 6850
1563 5990
2710 5394
4294 4452
2443 4688
6714 7059
543 4467
288 5735
6066 6628
2270 7451
542 4797
357 1099
3424 3439
2623 7138
4943 6847
1557 2907
5020 5919
3818 4366
1100 7437
1080 3689
3194 6452
151 2561
642 1562
4764 6641
810 4780
3552 4813
3904 4699
816 7583
2411 3662
2718 6980
1297 3763
2228 6529
5730 5737
1245 1485
929 4466
3313 7516
1876 3261
2805 4489
3826 6906
5026 6583
6162 6873
174 4363
4741 6509
1284 5154
887 5230
533 2933
3065 5405
658 1945
2163 6301
6671 7502
2535 3868
415 5986
185 440
1766 6874
5187 6013
1664 6764
373 5108
42 2483
93 7406
2625 4095
149 4448
1466 5210
2620 4950
1148 4725
6267 6774
3080 3912
2526 6107
1943 2839
4658 5949
2612 7009
1776 2899
3993 7578
2437 7307
3692 6561
5577 5953
96 2229
3694 5413
200 6331
5125 7344
2054 2130
2520 6343
698 862
1646 5444
631 4749
4414 4435
6165 6401
2087 3892
1761 5011
882 1025
432 5153
2930 3001
53 7473
5498 7212
994 5982
3199 3841
2528 5331
114 305
776 937
3894 6751
1180 5284
32 970
1760 7324
3445 4468
947 4150
4949 5949
2546 6123
4745 5117
3422 4437
4224 5442
915 4577
1444 7568
3183 4020
3101 6189
2577 4302
5655 6299
1798 6932
4174 5417
210 3540
4491 7077
122 2722
4587 5997
3047 5284
206 4892
1723 3266
1456 3634
2882 6272
5748 6285
5002 6827
4415 6153
1709 6875
940 4884
3979 6868
1308 1369
553 7489
2371 2901
256 2739
2760 4007
