8721 11930
7945 22693
2791 10815
7352 22165
5023 11376
10464 11387
2252 10778
14053 19906
2097 22713
10953 22628
187 14099
8722 14234
3466 6588
8882 22690
4149 8836
17501 18975
20461 22359
3851 20495
16256 17819
16958 17426
4099 16364
9847 16927
12050 16932
295 11743
13466 22312
17646 21431
5317 7346
3208 4484
8052 11008
1545 16969
2580 21233
8587 17312
13705 18924
12804 15406
3969 11879
628 2213
18567 20952
10381 11363
17021 22409
2910 9879
3679 6433
367 5231
962 4687
11648 24173
1730 16389
10091 23185
871 4874
11399 14159
877 7327
9278 21294
10683 12387
15740 17471
3733 10317
8369 23315
4019 17876
917 2237
15883 20537
8199 9655
8137 20048
7359 8649
6518 8160
1614 8101
6054 16323
9060 22799
52 23982
3289 5153
7465 15904
1598 17795
3852 16207
10967 16617
6300 7570
9457 23252
20791 20986
3786 18330
1253 11665
2863 6397
3515 23066
3940 8432
5603 6928
12711 20228
2763 11802
783 1410
10254 19517
3847 17223
8073 14921
17999 22682
3966 24376
7958 21760
287 15521
9806 17348
12672 23934
12379 19827
4494 19405
7125 12904
11061 22153
10187 11304
5068 15538
2311 21596
10978 17469
14106 20832
722 17787
4660 20651
10013 14894
1033 10936
8032 17051
12116 21994
13151 16395
11006 14027
19682 22199
9260 14837
21045 21081
5878 18486
12837 22636
15081 22810
12262 18987
13981 21296
11242 22093
1406 17658
20774 24476
1950 14951
15730 17727
13321 16236
1001 6530
20049 20282
2306 11174
1853 12031
434 14356
9573 19182
3805 22979
4181 23319
5393 13719
4356 17046
552 23054
8207 13996
14770 17077
907 5956
7346 9638
21807 23250
11890 24020
15168 19306
12728 16378
15157 22821
12847 18769
7799 21650
5926 16789
17054 17162
7276 18227
4614 18101
3150 17889
13007 23190
8118 9447
3937 11289
300 5338
785 8179
2815 17658
10738 14541
5520 8255
10630 17799
19973 23321
17838 24457
1794 23474
14197 15925
18014 21389
162 9731
15318 23556
3862 12865
2183 23906
11102 14185
3424 16235
3708 23063
6255 22330
6550 14921
1628 14745
4464 12057
1381 4664
12137 13737
14559 20335
12902 14351
15380 17268
1912 1945
3081 9229
15904 22879
16362 17678
17747 19248
3871 13266
12887 22687
5771 19259
12771 23190
17469 23878
9969 19756
8845 17427
15032 24235
8273 15092
2314 14648
8721 15896
7596 11197
4572 10079
17629 18924
761 12266
198 6010
3807 18784
2027 18803
2774 14196
9506 20076
13641 20047
7999 20420
20195 23136
3510 16720
9431 17341
160 3884
6664 12224
9343 15463
7514 16926
16627 23248
8052 18602
17547 20452
2716 9197
3174 8982
10565 16670
14331 18606
5455 19137
4946 23591
14299 17660
2632 16858
919 18916
9106 23905
64 23292
6810 16883
12692 17780
7248 13398
13975 18164
6973 7479
5720 19061
12444 17296
1946 6843
16845 18175
8220 20765
18620 23793
12276 16658
12369 24223
17393 21823
6747 19520
2433 16198
5077 6259
1753 10265
11253 19808
13405 17439
8425 12797
14832 17610
12558 22252
2529 5791
10269 20138
8920 15339
14816 17035
2092 2417
6582 13460
3262 17835
12247 17297
13121 15996
5586 14483
13229 15016
2984 18097
13827 14789
11039 16753
4687 13816
2522 19444
5330 23494
15078 22351
7380 11523
7320 15654
6793 7994
2929 23124
10871 21141
14876 15451
17555 20921
7619 19996
4944 22264
12839 22359
2990 15275
9338 10097
18074 23080
4925 22806
11832 13963
3519 3691
15305 16901
1946 4004
2272 21232
3390 5047
1622 22396
15247 17472
4597 7448
5531 21554
18572 22305
8339 13054
4205 17089
3940 22326
10512 19012
2886 18318
2807 16322
9420 18273
6294 23880
4487 5119
6702 23393
9663 9756
14840 22655
12092 12327
18262 24278
5209 8831
15690 16818
8645 11312
1661 2450
5430 24086
10563 15315
5953 21149
10460 21778
4850 5358
13213 16367
666 23008
17017 19812
3533 10146
12988 23700
9195 23202
2828 3773
18305 19187
12248 18619
12814 19143
4816 16825
17945 20656
1833 12910
19031 21325
19089 23564
17237 20860
4758 6359
9159 13479
4282 16109
9696 15714
9001 22598
4829 8865
553 11233
4878 13772
16157 16887
159 2544
12610 14085
1224 21656
15606 23032
5454 12378
3723 15168
6613 24187
19768 21034
4538 10657
12009 12340
11176 24447
281 829
12759 20485
2308 17223
6781 15860
7128 23685
8143 19319
13403 24444
1145 20128
11303 11825
13647 17854
5399 22642
18818 23173
13982 17188
4045 23822
5149 22818
9496 23892
5572 8406
6887 11264
14036 14409
13847 24301
623 10853
16909 18716
20573 23993
13358 19600
9768 21001
10399 13656
10887 15347
3237 15732
18874 20609
15066 21781
12471 22639
15211 17856
10091 16077
4250 21359
1237 8040
10645 13368
5375 15914
6291 22764
13451 15623
12694 24090
8548 14103
19498 21258
12599 20779
2062 17511
12104 13021
159 24455
3938 21930
1885 3426
10635 12181
3765 15509
4166 23371
9473 23352
806 13218
10255 14533
7094 7806
2769 3040
7832 13150
6780 12772
10559 23897
14306 24378
12274 16072
9371 23416
3830 20602
3591 10772
3881 20304
5742 18108
4180 19997
310 12009
3886 9741
4736 19678
5999 16168
20880 24438
1058 21622
15528 21561
9104 17304
5572 20288
10888 17527
10352 13871
7208 22489
9505 11240
15006 22234
6098 15878
11696 15718
8865 21505
5634 23429
3080 18395
750 5847
8303 10993
5733 10693
14546 24411
802 2192
18605 19744
2633 7904
3826 8611
9334 20770
8384 16996
16481 19221
10209 15021
204 6246
15327 18678
9863 23680
12849 16143
10781 22925
8914 11472
4439 11114
5903 9231
15558 23122
13889 19273
914 21993
15302 22654
12310 20894
1307 3798
7937 9580
16042 18388
5612 24391
4382 8672
609 24469
1068 14398
4183 17205
11673 16153
6330 24141
2023 23938
6633 16780
736 14886
4258 24225
12519 16273
10370 18269
18046 23104
9664 17605
3012 4645
8847 18627
12671 17215
7919 10079
2868 13485
610 5249
15049 20526
10122 10265
10058 11217
8815 21211
14578 18483
12937 13098
326 23777
4425 20387
5929 5992
12786 15779
6493 20115
2778 10790
15484 19031
10998 16484
12939 23071
17480 18801
6251 9059
21595 24466
17198 21874
15601 23778
16817 20883
20600 22335
15586 20080
9226 24053
6291 16485
11721 23085
12838 16416
17650 20255
4970 16497
7607 14013
4303 14704
9753 24124
5023 19377
6537 20373
4027 13697
17607 19338
15352 19721
4529 10006
10657 20747
16889 23985
8364 20717
12896 18488
17148 22181
10948 19689
2660 4089
2971 24093
18931 21332
19606 21329
9028 16072
9312 17720
3850 14023
2517 23833
11637 13579
11810 17407
20057 20133
3062 9100
726 15734
17200 23800
13976 19424
9209 21329
9087 13202
8683 14051
7256 19888
16942 19673
6305 19938
5220 19246
3229 23868
7859 12092
856 15996
9045 12554
3192 12665
6875 14886
11918 20091
12493 12848
2006 23750
1402 2745
19783 23353
22198 24415
18413 24326
2294 10310
15164 17336
453 18141
6309 13331
14536 19383
14487 21269
756 9185
2923 9630
11230 17741
11833 15773
9961 22643
22242 22539
388 9038
1430 9620
11531 24438
16200 16638
21240 22443
19817 20070
5518 7766
5113 20317
1255 3648
6295 13500
171 10357
1309 12302
3859 10049
8544 8886
7735 11941
13155 19613
2456 24094
5061 8624
4384 18233
8494 11799
13919 20494
7703 23814
15087 23993
15311 19408
13983 22642
8290 14989
19178 21112
14205 19867
15451 15819
10434 17466
2659 6105
1400 10458
6407 9688
6540 9430
15837 18347
12593 23621
11419 12724
3547 11555
1619 4056
332 3552
642 4032
9036 17220
2959 23000
13702 15514
15883 20697
10069 18109
10891 18842
18710 19611
5885 14382
20747 22180
2274 5809
3410 20351
6430 20271
1339 19207
13263 21842
4980 13226
3958 5658
15548 20643
2976 11533
7634 23541
9095 18861
736 21487
1507 16870
5750 9337
17800 21487
21414 22291
2447 13827
8440 12065
9388 11243
12006 16781
4124 4760
21355 22062
5605 7281
2983 8969
3351 14848
17974 20565
9875 11216
1810 18449
7423 13220
3477 3687
7708 22204
4061 21134
5916 17461
2149 13928
9647 14213
18968 20740
1404 22466
4830 24176
5223 10463
2179 6354
905 960
4053 15598
8647 16669
47 15696
16215 22713
5636 16903
13770 20390
16300 23920
20145 22321
9979 13701
2479 14267
5646 11487
6320 14775
19846 21826
11632 14911
6259 13643
10772 20010
6825 14290
6872 8390
4227 10941
90 14321
9961 17841
8825 20906
1572 11179
17929 23040
15464 17278
14561 15483
12265 23952
6071 15619
8654 10720
5642 6548
9525 17636
13023 15383
3435 6236
7468 21784
11396 20631
15487 17587
12065 14501
3083 22163
165 22189
2019 17226
12631 19786
10615 22268
12022 20008
11439 21656
2426 24122
165 511
156 23544
7950 11155
16101 19244
12866 19242
2856 11090
9492 11157
9571 17076
13006 14821
15230 19948
9432 13181
6467 23278
17826 18369
243 8312
1969 13939
10181 17909
8035 8498
6866 10327
1263 12529
8708 13965
11958 17998
5398 5529
3542 15603
18606 19067
9790 23518
416 11653
7762 19523
3588 8143
4579 20409
3565 4750
1028 6126
1452 17117
13559 21378
8889 21965
9028 9067
7889 24465
1201 21009
6847 12958
7540 16386
4391 18328
6695 21038
16672 23878
18665 19801
5902 9231
10933 16960
717 10813
5095 6105
9931 18524
1473 18924
11041 21690
14878 18597
8606 21405
2957 10081
3320 7672
12294 18710
2025 21303
6752 19054
4567 18428
14537 15627
3149 6791
6152 19713
955 7659
7556 21772
5643 10922
9016 20494
6739 19897
15291 15515
10879 20653
13421 15226
2206 16384
6168 7133
3636 23494
3357 4276
13219 20403
5763 9217
4205 4352
2308 20746
4736 16408
17176 17357
10573 19158
2537 16851
3104 22804
8027 18222
11539 11934
5014 9416
17093 23480
1749 13662
17053 23459
18054 20058
9060 21127
21562 22741
20013 20670
11661 20700
21125 22015
20277 22661
809 11376
7096 13663
14960 18252
323 5586
9887 23166
659 22773
1101 17187
2906 10693
1652 13211
1956 4751
9040 19671
13654 22470
9421 18292
14274 20458
13575 23593
12871 14895
16899 23322
2843 15368
17396 18455
11893 21775
10760 12167
3167 12067
1326 22027
16248 24468
13555 18129
14723 14863
862 10755
2812 21270
6596 12743
16448 16695
8766 19071
4712 11055
12901 17068
4847 10356
7382 22395
6153 10601
2170 5520
18640 20429
15553 19142
543 3710
5888 7600
5537 17961
14150 16370
1121 10356
20517 24146
8599 12358
10295 16029
17970 18040
6482 20829
10905 24169
1453 1514
18302 23911
9709 19421
14690 22824
13728 13863
15275 17207
18573 24175
5386 8769
3872 11813
2577 22629
9419 12570
4436 10027
7796 11817
3174 7286
684 16643
1110 22060
11795 19413
4262 10555
2473 15388
12128 24431
7653 11755
5954 7038
17347 18651
802 17022
7826 12767
2809 14580
501 20606
15332 24122
811 834
1076 22673
5185 16708
9443 15409
3180 23153
3009 4239
2010 18378
1987 13626
5727 21666
11272 19525
14815 16629
9848 13951
8766 8834
776 24059
15557 20640
8905 15072
8868 16627
23354 23603
12183 22975
22692 22829
2926 3198
12869 15273
8618 22643
5520 20783
5008 10309
6368 18186
4308 20623
4179 14493
4459 4465
2638 3233
327 23791
14222 15194
21770 22404
6007 20221
17743 21466
11892 15954
15872 23181
1462 14221
1729 24439
17855 24147
10098 18331
12991 22123
1084 22516
1149 19054
11096 14581
2484 14538
5369 21623
3321 23683
22887 23083
1810 21748
419 9559
6744 24254
2663 4610
23420 23697
168 19976
749 14558
9939 22800
1290 18668
6950 7370
5281 14798
1151 5745
19447 19675
1351 16165
6886 14564
8525 23337
15038 22314
15113 16981
972 18865
4128 4368
6446 18486
7074 23892
12893 21934
3594 8156
11690 21333
20602 23646
953 4754
3356 19890
10278 17122
6524 18584
13266 17808
6616 21753
5623 12848
3742 10076
15002 21607
7114 7799
3106 18800
18982 19288
9307 17266
11325 16555
6665 11601
11315 23157
4207 21849
10969 16831
9039 9078
3751 11706
5958 11185
11701 19383
4630 7970
16821 19671
3227 19878
10630 20040
12122 12448
854 17465
4816 11183
11833 23778
13313 18310
14552 16188
13368 13887
12083 12435
3559 5616
680 13742
19348 22105
517 15777
18890 24329
1910 15466
18461 19910
2345 19118
2903 23046
13030 21894
5249 16912
2896 12332
8195 23397
8773 18684
14666 20048
5076 13269
16017 22652
17201 20658
11850 11887
8344 22220
6782 18032
3895 11905
39 14324
11194 18011
22468 24154
7464 12796
14773 21046
12855 22167
5234 22599
4841 13424
9429 13883
3690 8774
3966 18518
5930 22282
4475 14596
12065 14972
12999 19967
267 6918
10223 12520
2530 19412
4543 6401
706 22144
11474 23482
7588 19137
2686 14053
15250 23862
676 24121
2120 5394
350 390
8073 19180
11482 15575
2525 20214
4642 7769
3885 4685
1986 5216
1083 19543
2422 24446
775 13388
2256 3532
16412 16571
13896 19738
14531 21479
9616 9982
7577 7594
13170 18023
8973 9885
7011 10395
1374 13650
861 10386
22583 24383
1982 14693
715 8982
3196 10267
18785 20129
4458 23812
7981 16595
11100 18347
19034 19914
11023 13634
13023 16579
21603 22501
15179 17255
16168 16928
979 17873
11647 14037
5870 17709
11480 17090
1398 5306
17605 22795
16060 22895
3845 22732
2071 13087
1090 23098
2351 9788
7641 8290
15033 19636
3182 15312
8730 18925
15810 17945
13421 16931
20297 23387
10613 16701
359 12557
5786 8598
4017 5389
6423 23763
2589 14732
11319 19000
376 16671
3696 14598
17971 20600
11855 14691
13360 14924
8678 15108
4924 9516
2903 10939
2474 23483
1656 11774
5874 13091
3330 19396
4486 4488
826 4303
11158 13609
5379 19171
16409 18623
1248 2814
14199 19248
10634 13203
21382 22528
12668 15283
3294 15204
6460 22770
16962 18775
6597 9079
6271 16559
6116 10904
1984 4499
897 6259
12668 21980
5333 5921
10057 15313
1297 3689
13867 15939
2373 14366
168 8356
684 12364
15826 18350
17956 18327
11248 15263
7452 8198
15996 24070
7224 17745
866 9298
21570 21750
12473 14754
1170 12047
2240 13667
5022 5945
14827 17238
1727 17850
7096 21652
3997 9803
6382 8538
6861 12000
8710 16505
7020 19821
17792 17899
14307 21405
689 6859
14193 18959
16626 19918
4509 14605
19631 22954
17953 23074
6223 9021
16360 20534
12750 15936
2968 14362
10485 12576
3113 4278
16065 16217
12413 22934
20289 21062
5526 7280
15082 23640
1537 4099
734 20939
11418 22560
14253 22497
3642 4405
8976 13296
4037 10431
4675 14505
12949 23856
11778 12839
13458 14783
16105 17527
6488 13964
1832 23517
6686 9732
17030 20565
2321 8397
8266 12769
5121 23506
18220 18373
16608 23619
10987 21774
10349 15397
7800 23132
4027 6259
6717 8221
4046 9348
5019 14144
10672 14309
9371 21329
8580 19760
324 3337
22334 23669
10603 12587
2834 5097
4314 23603
1343 7823
10290 18152
9278 13028
3017 8860
4047 6904
1372 3792
6489 8647
3426 24321
3696 22910
15364 21429
10604 10926
7839 14811
8646 21633
1609 10002
2399 6685
5485 21602
239 12216
19977 24412
16873 17156
20154 22053
3274 8813
17392 19610
3783 5432
18323 21611
1529 23232
5703 17856
17785 21468
4311 22376
1953 6719
13578 20097
1952 3032
2011 22069
20885 22039
9086 21407
592 18932
6700 20020
2786 3566
15900 23849
2867 2999
5269 23420
10593 10924
11331 16216
6778 15597
2829 18174
16339 17613
21240 22881
13362 13781
5166 17889
13532 15882
6086 21232
20175 23430
11235 23815
4000 20269
7833 10423
4599 22287
10634 10693
10520 19033
7349 21208
10640 20791
12007 18012
1648 13056
15048 15978
16881 20982
6399 9024
9765 21436
18272 23097
4109 15254
11954 15451
4733 16114
520 12765
15911 20545
701 10478
3000 5122
3197 20654
997 22030
19240 21523
5127 6568
2971 23762
12220 18158
7616 11336
2732 15132
1807 5622
4797 10372
4413 14767
4836 9624
5582 22415
20203 21243
8266 16566
120 15645
3032 6790
9153 21745
1710 5079
16232 21905
10490 17095
17620 18358
3233 16625
11804 16902
8569 21864
6137 7368
6161 21683
1431 15655
4968 20056
914 4680
6027 17800
15019 17217
5446 9067
5534 11571
8803 16161
5065 18398
8134 13537
526 19973
21509 21567
6917 19388
6800 10058
5780 23253
13845 16695
8981 23433
68 21741
3471 4582
16763 21110
834 9811
8392 18991
12735 21829
2245 3156
253 3987
9353 20437
16730 23128
20562 23182
2651 6520
6701 17047
13369 15330
14236 22046
1652 19245
450 17557
19479 20930
15282 19720
19493 20128
9980 20455
68 7950
9622 16792
7721 20054
9812 13684
4562 8616
823 12637
6971 15812
1602 24420
3202 5699
7217 12414
14921 18405
12555 17457
15772 16814
9684 19909
5319 21849
20782 23778
8410 12125
17765 18296
20401 21156
11851 20369
10707 20708
2141 12039
12620 13669
16723 19810
1541 22677
4816 13778
2044 5600
11780 18247
7909 23746
1837 5394
2294 21029
538 10195
14249 18367
1381 11452
12803 18256
12770 21877
7651 17253
10036 24373
9215 21906
5847 24156
15742 21640
3858 20516
6904 18474
571 16998
7781 20646
12108 18686
5711 12308
9653 10599
7224 18910
18062 23880
17560 19597
4637 6500
281 3098
9499 10784
7618 9419
2437 7042
14548 18481
520 9598
20244 20747
18194 21612
7353 9854
10557 21094
13184 21867
9706 18755
18877 23957
962 13723
10187 15255
12370 20865
2012 15427
1115 6652
12536 18651
13408 19589
11330 13007
2196 13132
3959 10467
18134 23321
958 21785
5530 19284
12602 22391
631 23769
14337 22930
17816 23713
8122 16317
11273 23743
3576 11409
12436 22437
19593 21870
4356 22803
14345 15871
2175 7541
348 14806
7500 9472
10679 23636
18753 23897
9597 9696
9947 13145
9547 10336
3495 5319
7289 18304
10308 14717
352 14736
2002 12947
7627 19615
1280 2168
250 12073
9368 16466
9551 11308
3183 20646
12487 17351
2577 18256
1612 9289
21457 23022
12777 22317
2308 18493
18511 22169
358 18698
15979 21637
11475 12038
1025 5968
803 14916
616 18903
4300 5918
2203 24114
22500 23749
9283 23087
235 16167
14520 15640
16969 17383
1357 10887
15895 20979
6967 23671
16937 21292
580 4354
2514 9475
8844 22078
2849 23697
19487 20927
6026 23490
10360 19415
10744 13039
6561 20104
11695 24246
18867 22333
16676 17163
12832 18628
8920 13933
1549 3699
4709 5111
18268 23267
8835 14479
605 6868
9216 10344
2204 13509
17136 19435
2439 20626
2958 9560
7057 8639
9852 15979
5765 7395
1639 17191
14453 16328
6296 10992
4771 17914
7672 21146
7962 23518
2135 18542
10229 20555
4071 13545
15271 16250
214 10359
3526 14598
690 13414
16661 23856
3396 4257
14358 23024
6784 8727
12878 15384
16853 21680
4433 4599
3048 4724
11369 22697
17532 24272
3119 23703
1030 14870
16341 21390
10644 12300
7708 20439
181 18748
9624 14785
12567 23984
580 15327
16752 21061
2984 23092
6583 22575
6579 9482
13493 14842
14424 19707
6727 7142
4240 8933
3162 21642
598 21729
9577 21027
9536 13886
7175 22598
9233 21993
14343 22779
20817 21936
2913 6848
10630 16309
13293 20754
9312 16633
8716 16590
11441 13232
4447 9690
1151 23136
17044 18558
5202 16522
11051 21405
4565 22460
5249 18545
1828 16281
4698 19779
13605 15141
11571 14170
1785 20448
8388 16074
4610 16968
18106 21281
7450 10116
7500 10701
12595 19119
978 4848
3908 21529
13852 13914
727 20578
2103 22630
8550 15860
18361 23385
5300 11052
4890 9335
17202 20984
5 12296
1826 17307
13338 21970
7950 9842
12058 19742
13818 20556
13670 20353
9986 17203
12595 13052
470 19834
4383 15494
12331 21166
214 16687
967 6713
2243 5004
7846 14490
1307 12874
2810 7012
1739 18787
165 10747
19817 22275
4646 19783
4826 11963
8102 24465
12286 18175
5213 6005
18263 22192
1364 13666
3122 5401
6962 12127
5897 20711
12454 14860
2494 22853
13448 18684
754 24266
7626 12504
13276 14274
4294 16289
12560 13997
10913 20544
13672 14100
1810 22168
3571 11651
20934 21520
6526 19914
8721 23557
2388 22654
3599 8306
1532 4542
11956 13251
558 754
980 7478
5171 13057
12407 20343
2478 10717
4571 23974
14744 15572
7687 21467
18716 23822
2851 19755
5438 9610
4097 4392
5368 15341
16322 21850
6314 23263
1652 2527
2131 13723
7985 15079
18156 23048
1386 22198
575 5811
5845 15976
6171 20415
17884 22471
3683 3697
1678 19594
7809 16466
4634 19212
8624 11722
6557 23000
2146 12276
3272 5932
855 5153
2482 23248
6743 22439
16301 22424
15195 21290
10690 21132
3824 4926
6732 16617
14791 18518
6913 21022
2982 23650
5782 7812
1345 14097
3538 7608
3338 12982
1325 7789
10336 17538
10494 14711
411 675
16624 23558
21933 24217
14435 20934
17843 21270
7346 13285
3273 19219
16587 23418
4626 13367
6808 18328
4190 19800
18391 19773
5926 11951
14182 18011
2338 10032
8226 8692
3141 17359
1054 3281
8322 16807
216 20921
8871 15866
940 8491
1707 13071
18069 20922
5438 16212
2039 11224
13923 21410
8923 24400
18475 20970
3205 4435
10038 16741
9906 12078
10592 14805
4330 16879
15800 22109
5266 5296
1549 15008
6365 17378
17474 17638
9543 13950
1980 8584
7250 7839
617 2854
1525 4294
2327 10799
3133 7922
20861 23860
4436 16076
436 22776
2084 5826
2769 16922
12884 17781
13242 14500
6772 10322
2292 13457
2816 12991
4195 13349
9129 19927
1186 16546
5349 14197
14297 17269
8932 13899
4424 24226
15601 19254
5083 20504
5131 21586
5156 18098
2866 22365
2390 19676
15458 18844
9229 9897
10492 13701
11391 12637
3641 7929
2256 17507
11501 21696
1547 19423
9 22612
18720 19038
1402 16627
93 754
12794 21027
16700 20418
5595 12451
119 22513
2385 4575
6477 12892
205 773
5179 21230
20542 23886
22115 22884
10319 16863
5822 9953
17937 22212
6101 20685
15945 18621
1031 14936
318 19779
16826 20742
7010 15370
10192 17109
15011 22021
156 16781
5638 8233
13633 17677
19472 22064
2299 5997
5440 12757
14461 20044
7857 9412
6630 19061
13092 19767
10556 23125
10985 12044
10086 19412
1980 10919
9600 14880
13635 23421
2304 24248
2167 22315
7379 20263
4551 10002
2199 16393
1561 18945
19027 20870
7683 11354
2828 6824
14175 19224
3280 16624
7665 12746
9706 22425
1701 17605
10668 18602
17750 23591
2126 4844
2883 18695
22275 23356
16126 23312
11628 15258
15876 21391
1061 15716
11987 14731
12681 19636
12734 22793
19940 21401
6251 16070
14367 20654
12135 23528
12883 21611
3788 13736
2667 24130
1174 12119
23112 23618
14530 18454
1819 15287
2705 14423
6176 7054
9671 23339
7412 20321
5672 5769
4909 22204
14321 17505
2286 2716
13042 19912
11595 21843
876 21535
10816 19661
1282 10108
13847 17417
4158 17555
17715 18801
6219 19665
2037 9785
69 11853
2872 14227
4484 15728
5822 9100
6652 8357
15131 15555
4246 23990
19646 22631
3116 24471
5474 8380
2018 19248
7462 11328
5579 20370
5144 17618
7015 12888
21045 23020
17609 21008
11225 11559
726 23743
2243 12133
3979 24104
17683 18515
1982 13351
6508 6632
6352 12542
3716 16620
8494 10077
9416 20777
13847 17542
11940 20521
13491 20110
10356 18863
4108 5459
1810 15848
5124 23536
14350 17499
14747 15089
8640 11202
7751 20772
20285 20631
5132 20379
15567 22451
615 17016
6925 7676
4902 21016
3856 9814
20771 23219
2598 14467
8854 21654
15468 15521
12327 18896
1001 14180
6438 11671
15919 21633
12511 17766
4259 22573
3748 5919
503 15600
15215 16701
3350 18148
8085 11271
2094 10884
15875 18694
8264 20337
4085 22118
8756 15891
18371 22441
5248 20020
3072 4971
14739 19856
14797 16494
14870 19510
2433 3350
4680 11261
8758 16429
5441 7202
23769 23914
15324 17672
619 16515
20405 21397
13997 21129
3111 12769
10930 14952
7242 12654
8003 11778
17296 21677
692 9560
16035 20308
6232 10313
3955 20844
14052 16684
9706 23429
3107 9379
22260 23790
8993 18539
8389 22801
14613 19652
759 7304
16440 24240
2757 20926
5200 24364
932 16682
4293 13525
9459 9995
1316 22151
3112 18119
206 9567
10412 22829
2645 10782
4582 11687
10628 21985
632 5233
194 18342
680 13261
11080 20009
4074 17487
2276 13956
14178 16747
3641 14799
11935 24350
2125 13286
6529 13917
9623 13959
8699 19652
201 21091
19038 22137
8727 11780
4439 15803
10634 13956
1070 22508
12293 20207
3031 13557
5658 21899
11573 21258
1522 8483
1876 15251
16711 18597
14929 17932
9485 12277
7448 8287
5467 13024
3634 9272
3494 9051
7829 21501
1433 8902
17819 19188
6164 10591
355 3190
8238 11894
12549 20126
9044 18227
1479 15706
8110 22495
10583 15604
7076 23080
740 21826
16212 19197
21599 23576
8593 20830
1265 3619
3837 17998
5013 13603
4640 10708
20493 21381
12524 20241
6729 6790
3948 12339
9387 19061
6266 22281
20865 24158
2839 3907
3324 8383
8908 13758
20578 22530
1576 2110
7172 9081
3932 23825
10985 23054
1637 22244
12807 23460
7868 22054
15990 16460
18565 19752
14919 20741
10163 20742
6474 12976
18364 20867
5789 14314
6482 6914
7939 14235
13035 15278
8040 19491
7944 10198
4583 7224
2093 22607
4113 8702
5155 24372
3034 4159
12793 21925
10481 16356
20681 21352
2005 8658
9825 23105
9648 21554
9987 16468
18508 24488
2424 9567
3480 23063
6588 21265
8460 23577
8045 16159
2301 16241
12530 20791
11861 17935
4449 4705
7728 7878
18717 19264
11462 20383
21086 24119
2042 12873
651 17578
12615 13186
4213 23247
7414 16415
4659 23215
3139 24286
12575 15374
53 3946
4719 20384
3645 11283
6080 20461
3825 7665
5435 13760
5543 17728
4153 18933
13591 21319
8105 8887
6322 17262
2736 6785
3323 20685
4013 20115
6617 21034
6488 12579
17329 21956
4635 9319
2019 3316
22222 23650
8272 15719
6840 24067
15107 19808
10663 16995
21321 23257
7136 20060
3888 21601
9737 12459
9727 14103
2619 13592
2830 23590
16654 21669
7999 12236
11970 22098
87 12316
2438 8781
9262 14961
10382 20136
8024 20372
4841 7487
5377 9058
8492 16508
5364 21682
846 23537
1874 9798
17137 20801
6530 17772
4959 7527
4716 20379
6119 16659
5278 9211
3657 7998
13740 20134
2098 17731
8707 19511
7313 16761
17478 18575
333 19920
8897 18964
4827 7869
6035 15516
662 14388
5073 6222
15792 21130
1924 14886
15468 16360
9421 12828
7384 7904
9084 9521
3101 15364
3309 4099
6418 23704
8340 9066
6856 10165
1168 15369
1430 9258
5894 18869
9909 16735
11610 19029
3356 11933
14664 21639
12449 23601
8648 17758
7578 24481
4288 12864
8715 22615
11510 11568
933 7117
14304 15330
13142 24189
7717 18916
12187 19192
8709 17172
9866 13909
1089 9511
3176 23107
20271 22020
5211 11586
17684 22300
403 9205
2883 7898
14394 21823
13717 23116
9024 16868
2321 5999
4043 21767
1944 8380
18756 23948
23364 24105
1954 11691
1654 12304
5415 6847
12761 20860
12268 19905
8389 16420
2923 18568
20513 20599
988 20051
2908 2971
12062 16286
732 16874
12292 17749
2240 2691
14524 14538
7335 13350
375 21104
3704 4253
2460 15611
12516 23380
956 22754
9290 13882
2454 15419
16032 16375
3959 21286
23067 24264
20301 22084
11484 15058
7517 18573
8806 19729
11554 21430
17043 20608
5329 24323
11236 22824
4614 4688
10659 13603
7108 12106
5396 14646
6621 12341
8098 21621
8449 19803
6135 19438
18581 23480
5765 9762
11814 16129
749 4000
2242 14468
399 22963
9779 10989
2752 11441
1296 19496
3415 7323
9717 16927
409 12892
18394 21530
7694 21636
6333 7378
8922 13098
4419 22477
7624 7741
16367 16994
15890 22569
4519 21535
2171 15413
15845 23814
388 3385
4698 23483
12721 13358
4158 8306
11405 18757
5210 23889
10002 22606
10532 20608
5389 17101
12651 18653
14259 18000
6234 6350
12642 24477
1107 11195
12695 20747
91 10541
6707 6973
9182 20734
5929 19215
757 14020
11924 22310
2858 24451
18412 20520
5852 9457
3456 6458
18927 22142
14562 16907
11834 20669
492 10570
9920 20711
13922 16153
13338 13908
2877 12171
12457 24016
10457 12101
13941 17246
12630 14843
1518 18840
6704 10141
4506 18804
2567 19041
11845 12119
10002 24264
4245 20252
573 16197
11412 15611
14491 17955
14435 15372
5253 19171
14842 21867
6405 6833
13985 20974
11901 20416
13850 14519
18728 24015
2584 10412
12487 21061
3087 14322
10706 14892
19566 23872
16344 21773
10442 20627
6239 21642
22094 24318
15230 20908
3707 18311
3968 18365
170 19456
1342 1404
13653 16113
3539 15085
9232 18216
5802 13284
9376 14793
14865 19587
16224 21684
19298 21294
7901 20758
5291 23958
1771 23779
3579 11804
9557 24155
7894 23134
3088 4751
11010 19670
1448 8416
441 13679
4385 22149
13165 20957
7339 18927
826 18228
18318 18634
12325 18907
1386 11224
21014 22911
8691 8907
5673 13437
1505 6874
1027 2924
4188 7435
8652 10341
7710 18464
1323 8988
8907 19716
3420 20640
10625 20116
3865 4851
12947 13655
4193 13874
370 9451
2966 19405
17099 19558
4865 21112
131 16596
3257 15699
8218 17850
10738 12921
2054 16151
16311 24203
7848 19560
8299 14638
2036 22092
4879 15401
8833 9683
6487 15951
4849 23375
7877 20419
1892 19526
11445 18285
19744 21387
997 6149
8828 8916
4747 22284
15848 21479
5336 13450
8681 20694
3613 15726
16982 23796
8444 9922
8504 20374
13392 17363
8651 18591
1503 5537
14904 19460
4730 12566
7424 10108
12203 15844
7216 12811
11775 14527
10051 13748
10586 21288
7651 9041
10396 23633
5932 21850
656 17636
9033 21424
6798 21843
829 22165
8068 19989
5259 19102
11931 20178
1572 23234
6449 11786
23451 24039
7320 14231
8202 10316
8356 12889
7983 24386
3131 9509
3526 19059
9323 18331
8497 18404
1227 2440
8875 12657
3005 5870
11763 19641
10652 18797
19386 24037
18868 22053
1908 5221
6991 11234
10783 22520
15773 21837
2203 21798
16024 19945
13335 16428
10118 16793
10066 18584
21565 23830
17947 24119
1596 3339
9344 15903
2957 18597
3443 10693
4489 24486
7091 19423
7437 23881
7043 9018
1757 2798
3025 15796
11293 16036
10053 22451
18428 20553
23280 23924
12465 13070
15622 21945
2185 7975
17082 18919
6140 21355
8676 9926
15950 18693
434 10518
11718 23539
1173 21147
9736 10827
11884 19867
11572 13549
10311 19041
16008 24212
2981 17287
12361 21030
20113 24268
3198 19168
6345 7273
15742 22540
9824 14990
1922 24484
1941 23010
3325 3835
15038 15155
11979 22036
16019 18822
13988 20777
19978 20373
3473 17628
6859 14028
6332 18887
3547 8577
945 12017
10403 13043
6895 15508
1126 22520
6446 20923
8188 21524
11502 13982
643 23438
17891 21501
2389 7772
80 22741
786 22372
6706 17025
781 9490
11755 21807
8091 21251
5654 21474
3142 5246
5062 7767
2266 21251
1186 20314
1969 5924
2710 11140
1271 10433
13933 19843
7118 10859
16604 18613
12519 19421
16291 22121
12690 21755
10503 19160
479 3417
6860 15026
6935 23456
8360 21383
3599 20000
14463 21623
21304 21736
153 980
3127 10532
1275 14625
8340 13631
4355 14163
2196 5785
228 21702
2509 8550
18125 18753
966 22759
12039 14584
10130 21127
19432 19463
6925 11546
7213 7465
3938 11353
9770 18312
10092 14643
22042 23869
13236 21738
9501 13383
10447 21393
6558 17599
13948 20536
6532 15690
1596 18432
11755 12648
4397 22111
8874 21437
5234 11148
9870 18078
4895 14173
14404 22469
8509 11576
9775 16343
17737 22020
1552 3370
12225 13434
4638 19363
7640 19061
4446 16272
14163 19454
1613 2256
2280 10049
7691 24285
5392 16963
14721 19909
19634 21073
1642 17706
12227 16308
19038 22840
5382 10820
12836 21098
72 8180
9386 11215
1417 8887
20169 20995
6274 18746
10516 16128
10934 14143
2921 10160
11131 21394
8129 8531
1019 19328
18154 21798
10701 22550
4279 17465
4626 19919
1669 10610
1001 2325
13618 15389
3792 16484
1414 22889
2687 6452
15233 20607
16382 21511
172 4382
7754 11174
4485 8994
11297 18777
4707 13982
21025 24342
3184 13852
3248 15806
6434 8685
6740 20029
6916 21601
15716 19016
11484 21164
3379 10992
4069 12398
13238 20485
2394 23115
4031 11607
17182 22239
5512 15340
14588 19264
880 19154
6428 9264
9371 15680
6980 21662
3858 6969
1544 3921
632 19918
4524 13599
8512 20762
9039 18194
2121 17646
4531 9546
9370 21248
8513 9676
11826 24066
9868 18930
12618 14916
2342 14086
2493 21662
1375 2139
2734 12663
4969 11217
20 9632
1220 18242
22876 23715
19082 19709
17100 18721
2047 16669
14177 24270
3510 6428
5417 9048
3583 16114
823 20930
1185 16338
16919 22513
2879 16509
9260 17388
7766 17008
4913 10913
11386 17472
13491 24002
1491 23878
17255 23115
2087 23671
2684 12360
10347 22842
615 3268
8975 12747
16875 24482
6595 16321
11434 13498
9259 15388
14783 20103
4994 15977
363 11398
5157 20281
17825 23026
810 17771
2989 21212
1868 7729
822 15165
2632 5459
7815 16841
7249 22000
13276 20893
14154 18861
12294 24067
1618 19296
601 18162
1379 10876
6 16749
10369 20433
2241 23342
10461 21525
11084 22150
16926 21546
2487 23679
2762 20563
9227 10267
16579 20327
1413 22803
4273 15089
1061 1690
1556 17499
6999 22919
4377 23354
20675 23089
380 9061
12557 21620
14678 22484
433 833
3995 7729
3215 10813
4847 11114
587 16095
10399 12435
7884 14614
6574 17879
8525 22446
6251 10800
5170 5355
12671 15018
8202 15033
12278 20022
4241 20098
11704 20315
1805 6784
886 13730
2867 13318
18287 23873
13457 17893
6085 16122
3182 15283
5922 9003
14065 24036
9925 15677
2648 16483
14530 23210
11308 17978
459 14576
4427 23871
18816 21655
3721 22790
8011 15515
6083 16593
7776 9061
18143 23685
8728 21241
6739 8104
3225 3335
4755 22007
4958 8832
6789 19104
556 902
15680 20094
7306 16717
286 4076
2666 19736
4236 24382
12157 19519
4792 24487
2176 6389
149 15505
4328 14460
6472 16796
1243 4319
13337 17160
227 19517
5996 9888
1369 16488
13593 18963
3844 7792
3538 5139
5300 19469
1954 5350
2670 21275
5090 20704
12634 14740
1563 10331
5384 23824
14429 18315
4445 20059
10969 24080
12148 18493
3317 15117
2126 24118
3504 12871
3368 17735
9940 15408
4473 6598
911 10709
12142 20440
2796 8906
14970 17769
9785 21610
9119 22606
2154 5174
1496 8113
7020 23631
1317 9478
5979 23574
8374 11430
4632 22432
10810 23375
10972 13681
10653 16010
1161 22410
12822 21326
2636 17301
11691 18779
3876 13921
10297 10762
1284 12565
8126 21004
6887 23285
8645 19528
9635 12079
729 7430
14855 23733
17259 18767
7477 8867
9469 17308
10771 18746
3105 18008
15770 19197
7561 9047
1706 7705
16169 24320
16196 16505
19269 22516
16714 22479
666 23122
2798 16239
9655 19755
108 19738
3469 7284
11872 12356
10979 15418
1288 8611
4510 8576
961 10080
799 20464
8033 22921
8057 13436
4085 17553
1337 7753
1243 13051
2854 22507
5247 15740
11837 13470
10169 13888
21614 23763
3016 7393
13430 20678
800 12034
718 10038
2651 6858
13253 18816
13214 13447
13500 23746
5530 7219
6436 8061
8680 22345
356 5936
14435 17061
16201 17358
4815 8316
5281 19725
21995 23463
2786 17853
16170 24199
7288 10345
764 9533
8339 21280
14930 20672
7908 8567
4038 16442
10882 11553
18770 19943
8120 16795
5782 14052
1689 20882
13907 22848
6753 17247
9631 12849
12933 24398
5685 9303
20654 23582
1775 16570
8443 17505
23475 24137
365 21578
14643 20403
13117 23208
3540 13232
6415 16367
8707 24479
6835 12845
12831 23783
9006 18589
5056 21091
12353 15249
3189 13420
5700 23578
21141 21306
21683 22784
5068 23215
5712 23133
9926 21721
13736 18173
18507 19758
11825 12707
8324 12424
12499 15611
14801 19399
3104 23757
8159 13929
15234 23631
9969 15807
8214 16996
662 5335
2784 23576
9045 10008
1148 23400
6299 16168
11031 16567
1958 8227
9465 10445
7015 15571
10700 14263
15323 19925
10904 22237
14812 20059
7330 12819
21 4214
4714 23718
10360 12177
22421 22874
7045 12848
12836 12912
10599 18533
2941 11361
17036 18370
9424 15205
8685 17161
76 4236
7471 22667
10496 16906
2985 7780
4557 8943
5717 11280
763 4378
364 18952
685 16597
19874 22168
10260 19075
8664 13301
2911 5173
1225 22358
3724 19979
16181 23195
1792 12223
9499 11792
1483 11931
4614 17893
5305 23283
3263 7970
3898 22267
5942 15541
428 4816
13571 20553
7097 16300
4943 17315
6542 20369
15537 21971
18014 20451
9237 18206
2476 6862
7613 10158
4500 22402
5002 9949
3361 12957
2142 16372
20256 22156
2999 21999
1622 6187
12830 13149
4053 24159
5583 14743
22385 24272
1712 9221
14079 14863
3875 8656
12806 21118
3006 21638
23802 23886
12606 24367
10234 17830
8754 12960
3108 16700
4562 5704
6091 18849
9039 18068
821 2766
1211 6398
1434 4865
15867 16614
6089 10622
4417 16609
6568 16915
5341 17949
5197 17546
10536 17618
3760 5041
403 24227
2666 13181
6188 18504
6325 23032
5048 16508
8652 21927
6469 10405
5322 14851
3068 23172
8293 23156
2319 23766
2333 22153
8335 8772
11440 18358
471 22471
4221 11179
12078 21649
5146 5324
11889 12234
9072 22473
19183 21807
2129 19567
7549 24438
11799 13345
1922 24309
2056 10204
6249 17969
19821 20887
10690 22935
3036 9183
666 7643
2224 10367
15569 16992
5748 22789
918 13187
9568 21571
17283 19709
761 19747
5868 7270
3075 7823
15885 24132
17724 24149
278 5866
1104 14322
10179 22518
7344 24232
13575 18395
51 21643
4669 15978
1990 9935
16165 22164
2749 13247
4391 7755
4427 13997
15410 18653
6308 7046
2105 18674
12268 15744
5803 6454
6646 15385
5307 5907
21911 21918
5442 11030
6170 15714
11233 12320
1923 14119
8743 23475
8427 20125
1490 13884
7236 15020
1520 1537
2892 9329
13099 20440
7955 18376
8699 15117
7910 17926
11955 24180
6261 15271
11886 15523
983 21514
6834 18249
9630 12797
4928 5898
526 19595
3321 23844
1007 6127
6782 15913
1192 24345
2385 16385
3865 4090
6541 13479
19554 21647
10226 14413
5542 23033
18731 20609
3014 9853
5365 20855
717 18622
1038 8757
5413 19029
4065 22527
185 17185
1000 4989
4311 12749
5347 6462
13974 16774
47 10961
6246 9897
4756 24141
642 17883
3008 14074
4719 17404
23835 24001
13145 24147
7384 16629
8252 16050
2886 10652
8586 21952
4039 12855
2980 16495
9680 17616
1611 13876
13394 16623
3083 6227
6916 15402
158 22908
12782 15412
6123 10289
17329 18749
6024 12808
6456 8148
4033 13782
12599 13985
6809 7806
2037 11685
13178 22594
1676 1805
20153 20432
17277 22586
5337 19059
2478 21551
11894 15228
21378 23866
15106 22268
4967 5297
8146 19544
9227 12368
17439 20386
4456 13567
6363 16311
1461 12147
14190 15291
9138 20950
3128 24370
2861 6011
16347 23460
7372 13343
23119 24042
724 15131
5232 19158
7795 12963
13702 23425
11204 18941
1869 18113
8616 16588
18228 21733
9808 22608
17729 22595
7631 9233
4630 24008
5488 19062
10376 15094
15751 19011
10274 18301
5953 14877
4672 20499
4235 15444
11637 19411
20453 21177
8150 12916
754 5820
10274 16907
13153 23924
11318 18999
6465 21643
7497 20973
9612 16893
10933 16298
4192 4803
12338 24425
1373 13103
15310 17834
5748 11052
4529 17805
4488 6349
6821 18749
166 18232
12319 18804
51 23163
2253 2743
2896 16118
7367 13643
7721 20145
15822 20997
825 19721
4362 20066
1680 4073
9484 16002
13602 15515
7951 15919
9316 18600
7620 18457
876 21678
6743 20912
15916 17440
5031 15954
19181 24353
616 8894
19810 20830
5780 14768
12841 21573
10299 16479
4874 21355
9662 11911
179 1340
2133 7419
693 2060
20216 23058
2707 11922
16016 17931
7023 10716
16161 18266
4832 10564
3482 18507
1623 12255
9021 15657
11992 22632
4046 12150
4805 12537
1136 4009
19260 24327
20540 24180
13803 23407
226 13891
5468 14648
11316 15586
3169 20816
2726 17442
92 6962
12461 13739
9979 21825
11090 21536
15637 20226
9982 24440
13389 17327
22086 22692
3410 13811
11602 19288
7778 19138
8898 9808
9982 23765
15992 20433
1186 6562
13625 19535
9069 20392
6997 17201
9031 12532
1250 11025
17067 18504
3700 4754
7552 15349
6471 9983
20377 23702
19944 20724
16125 22369
16133 20728
20082 22825
10520 22001
6350 17879
12085 16459
4811 23037
434 1798
19089 24382
13845 20648
19621 20325
8162 22123
13811 22931
9287 19479
16956 23505
3948 11174
685 6335
3098 9121
15550 18265
747 1243
7461 15047
462 9652
582 12673
5690 6011
1663 9191
19783 22487
8159 16950
21446 24088
4971 12397
17035 21297
5198 18074
3332 19559
11411 20228
23800 24299
11692 20209
961 7903
13932 14573
3816 14862
17179 24061
10030 24396
2613 8733
4244 5415
14355 23586
118 10059
8086 23884
591 14561
14304 15323
17059 23910
13559 18337
3369 22733
8554 24437
14111 23982
820 7259
7954 20947
12906 21663
1321 4352
10727 12718
1936 21894
21162 23992
1696 10905
9216 16251
8661 20269
4699 9701
2168 10285
3280 21653
685 3248
23309 24218
3688 10177
5044 9238
2269 24314
3788 11643
17596 20959
12360 13782
6912 18000
10181 14942
2341 20877
3104 10014
13885 17051
10474 15811
3375 4170
6218 11551
149 23093
2092 4497
21403 23427
3500 22896
11650 22299
5044 13717
7258 7940
14491 18281
16808 17269
8794 16529
4648 24412
7781 21830
5098 21396
2735 17862
3305 16567
12226 21169
19071 20711
361 19354
2014 15982
4050 8798
9345 22007
17159 20917
5686 10259
2114 4288
9072 16739
4596 14889
12251 12716
10897 22525
19432 24161
3082 14872
7812 14969
10340 22910
15142 20149
12072 13083
1001 5619
1653 7163
12064 21395
7490 8158
3785 23920
8829 14372
4906 6324
13067 22512
16831 21963
6112 16171
1078 12234
2622 23289
11153 18075
3831 14659
8865 18253
9292 13836
6126 16325
609 15909
1868 24207
3023 14298
4022 13942
11151 21690
12155 12774
568 11853
13561 21435
3984 21281
4898 22113
3649 10088
4723 16160
7524 12490
13716 17363
11912 24343
17446 20014
5717 20801
5408 8149
760 11296
7243 19473
16616 23585
10194 12983
12137 20266
7395 11794
6502 20684
750 6543
9940 12914
9601 13924
12329 14668
839 15623
10186 14697
10565 20606
18608 21244
14144 16174
2524 6328
8245 15510
10365 24152
1853 14169
7537 9966
5210 6704
10871 12997
16284 22797
9818 14332
9653 19602
8264 17043
2200 19613
20727 21909
7570 14172
10911 14888
11617 16843
5394 23471
5071 22488
6609 14948
4042 13732
4782 19836
1528 22900
2388 3413
9584 22839
9071 19147
14557 19371
10563 18016
2454 21291
4990 7854
3513 10035
13698 23747
2154 21253
1001 3728
5281 20221
3448 23308
4643 16240
9972 23920
8342 15677
5686 13510
8967 24304
19855 24145
9796 12191
575 2113
12938 13454
8987 23509
2851 5834
5533 13353
14560 19284
10265 14212
2103 12699
8671 14146
11361 11390
3809 10024
12731 18066
20888 23577
327 7272
2137 15541
9144 16552
728 19428
10405 12899
1589 3894
3065 3625
8824 10356
3521 24149
14333 19235
880 18597
16558 19485
6246 14548
13045 13566
10177 16361
2535 3920
6689 15936
11860 12932
6924 8650
1217 22766
5825 19173
9356 19751
10019 17782
8325 11700
13782 16315
21987 22158
8711 18357
6073 14551
7671 11697
13535 18997
124 7182
10216 17573
18970 20407
4122 17500
15182 22007
13200 16361
8939 18858
21398 21886
7045 18408
12270 13307
4200 6634
6867 15552
9253 17692
11276 14046
6035 9206
4207 5154
730 2410
65 9218
15338 24061
2267 13311
182 21068
1149 15057
12737 17015
3575 17755
12809 22282
5696 12538
7304 7305
2975 3906
16332 16791
10059 21846
10518 18771
1791 2951
1256 17339
4715 23709
16262 19738
4718 19309
14609 17619
4255 18236
2914 10711
10900 12438
3133 22145
13717 13817
17809 23612
7952 9873
13960 17855
2312 16111
4897 15716
3990 9538
9276 9714
1651 3998
13440 22205
9787 15113
17915 24357
1960 10402
15299 24397
12342 21841
10355 10945
5128 8620
664 2787
1806 21024
4892 22335
17592 18300
19040 21819
5317 21176
4288 19763
13399 15552
15905 20395
8678 21954
10053 22738
2495 20222
2044 24076
9213 23769
1352 2562
9128 11596
16479 21726
12244 21310
750 17455
598 18188
6876 19749
19486 22832
3475 16847
2104 14279
9347 11629
1556 5622
9418 16715
7504 19092
12723 14917
5250 23204
5314 23925
20184 20663
17346 17532
194 13355
5147 12826
9788 15570
606 9871
2298 22435
4501 9495
9816 17444
11228 15224
3946 19787
12659 22843
5044 13053
9105 23896
11688 18520
10119 16475
7325 21466
2462 3849
4437 13674
6869 16603
12149 18822
1454 20998
3129 19314
9573 16623
1339 1762
17240 20441
20203 22486
6036 23380
52 23006
4306 15644
9947 21640
2919 16801
8176 9120
4938 7384
8203 21157
9333 16636
3016 21676
2530 17671
16838 20219
20190 22241
8778 20061
19584 22775
13812 20224
14486 17929
21374 23749
947 5200
11372 13797
2986 5510
3131 10997
18933 19907
11990 18124
12078 17012
4631 10727
7778 14856
2888 18810
18375 23094
11779 12807
6173 8724
12447 16216
4531 22827
14448 15045
14939 17420
4833 8344
13123 23113
14007 15207
16725 18760
17504 23887
4284 11431
12302 21728
1403 14897
1250 6133
520 21124
11586 14211
12950 17494
1947 9120
13215 14614
21505 22245
3017 23226
13311 21767
13827 15385
776 4299
12373 17698
7790 15551
1047 13140
3342 19542
1192 1421
6000 6771
2327 18907
1287 23952
3413 13900
11382 13981
6851 20865
1333 13576
678 19076
6001 24487
14512 22275
1464 22290
1020 9516
786 16030
7272 8057
5364 18896
13841 17916
11734 18309
3889 22452
598 13738
3293 19866
9158 16970
7461 19869
6160 11169
4716 6294
6328 8596
4273 18789
377 17774
20177 22156
13209 19158
1145 24041
9259 13460
21126 22065
814 5387
14573 21346
3812 13702
3428 12526
2049 21042
4356 7088
3845 9262
14134 21151
5071 7890
610 7613
6819 12621
4618 19722
7220 8804
10345 13381
2718 3099
1674 4659
725 21509
16213 16972
17671 18439
275 11304
20348 21516
4917 15701
9585 17254
1541 8949
15241 20738
19641 22550
2808 8030
2227 13603
7741 21163
2375 21081
17437 19873
6031 13138
5274 17813
5857 7213
1942 8263
692 18609
15191 15485
15174 17448
1872 21742
10900 19142
16007 18992
2215 8135
11825 18238
4338 15635
10484 22078
11407 14788
4829 21292
9174 23959
13252 16088
11410 20284
12305 16525
8562 12172
4523 19481
573 24309
5767 21182
2681 18653
5068 11064
12358 17953
2232 9490
3057 14375
5014 16847
10589 12242
10655 12017
2514 5130
8509 21199
3725 20581
2319 11625
9060 22225
18204 21225
11031 14339
823 6362
4628 23281
1296 10130
235 23055
17212 22610
17056 17738
5854 22695
23059 23694
21580 22673
10036 16837
14789 23386
784 21434
3329 6425
2710 7495
10500 23895
13773 17835
7712 18134
2273 15228
13941 23193
10617 13394
17703 22731
394 19822
5519 5524
481 23301
12602 19888
11632 11925
9968 11382
7941 17822
9695 16235
8161 8936
2757 13517
11498 15849
2351 17838
5981 24404
183 1714
3769 14574
3566 16285
6443 13476
21589 22958
3978 5139
3030 22507
19320 21345
2360 18418
3909 6443
5063 21836
9076 23122
7498 16557
6730 7538
14856 18656
4103 19412
7597 21163
17018 17552
4747 22107
7914 19050
8417 16067
1758 23032
16676 22997
4952 9789
1916 10262
11205 14234
197 24271
19322 21766
13313 15145
2483 14833
16554 21322
6467 9006
8536 9180
5677 9801
17834 19119
5678 9013
4018 7426
1551 22896
9012 19664
10440 15432
8404 16296
4953 20156
15034 21783
3004 6211
5280 11541
10930 16898
2802 14976
2597 8448
6992 14716
11159 12173
11022 23037
1471 13278
5048 20209
4667 6347
12525 17417
4553 22800
2791 4479
1660 2241
7312 20448
9396 23199
5421 5528
15313 22457
15869 20675
1909 12867
5715 21763
8634 13079
928 23571
122 22054
3686 23561
10725 19068
961 7141
5387 16283
5562 9925
3755 14059
2144 19808
18261 20735
5601 15589
10454 21747
13086 13951
1006 16772
3233 21756
7650 18521
16836 17359
13181 20563
1339 4263
16383 19027
2519 5140
11627 18523
17310 19319
1367 10262
13802 21907
1623 19737
13994 16621
8733 12787
3790 6457
214 12843
13468 15467
9324 9894
1284 24272
8072 16249
19224 22455
379 22175
5950 7478
3978 19132
13081 20261
18112 20677
2414 23350
12705 14789
12696 21233
11393 20416
10262 23088
2459 15623
4201 6838
2355 12465
11976 15157
10722 11157
18698 19954
6081 19441
12400 16861
7817 22962
20425 20596
5364 21432
15931 16328
3183 6288
10903 19680
13153 24158
7042 10787
20540 23589
15466 23714
22164 22165
8131 18420
11169 13388
9720 17709
9929 22030
12279 14751
15000 21547
3194 4487
2866 22358
4533 16899
13232 16467
6022 13228
12886 13151
355 21514
18615 22865
11655 12737
12413 20654
4992 21445
10994 14340
20347 22879
8572 21404
405 7264
16884 23923
5912 15614
15008 23277
11324 11724
3822 16044
3736 20824
13381 22950
16173 19181
475 13263
11594 20253
10306 16895
10679 12505
16034 24430
913 22309
15328 16663
33 13909
10962 24265
23996 24423
4264 9675
11440 11681
9337 14249
1382 5967
2613 11110
8652 10007
12450 14010
12461 12748
5414 16187
12811 18650
831 3632
13546 23687
8568 9665
7269 8742
4646 17967
17278 24282
16250 16595
8167 12841
12919 23618
259 19009
3848 10903
14384 19160
7830 21080
9488 24288
14098 16983
8964 15589
786 9955
12003 14146
18202 23546
6035 24459
5050 11869
6710 12476
5952 8609
17019 23428
3381 4533
10312 24363
9881 17854
11794 18217
7761 17421
2527 6916
18705 19490
11721 21039
6647 20131
9553 14046
2940 20621
13119 19847
4645 19427
2471 4615
1074 2733
20331 21259
2589 10152
1465 23093
10127 14928
466 14363
8294 20195
8714 18224
8162 20220
15736 22577
9252 20988
1624 15301
11812 17230
36 23501
214 1798
15482 20952
3761 15038
4998 19792
10179 18131
4019 21079
2353 18110
2260 15288
5121 23687
11305 17289
5659 21198
1313 13179
1795 10353
22355 22846
12752 21282
4373 9702
2949 7133
4615 11756
14800 21630
14013 18686
1790 19233
2680 4183
7674 12677
11062 21542
2978 18603
8241 24445
9088 16962
5716 14582
3059 7247
3991 11540
3264 4486
1770 6515
4331 22614
14371 16165
4836 6405
5759 10919
6216 6497
12296 12315
79 13797
13459 17981
118 19861
648 17562
20065 24452
1464 20941
6520 12622
13420 19106
15454 17527
8156 8395
21331 23114
2812 5181
12561 16090
551 15652
1436 24282
11871 23452
3096 10898
7449 12065
1818 5987
4060 12979
823 19178
8654 9020
16272 24180
10505 17965
12646 20015
10463 16522
17640 23042
9280 16764
10051 13079
18019 20960
2165 5714
11130 20671
8235 18081
10670 15425
6799 18552
4658 20615
13913 14893
4692 5527
1404 11369
35 13944
8445 13260
9108 24064
3952 21384
20435 22696
9211 14531
3248 19509
5043 24029
8516 16866
8652 15816
12252 21978
10143 21058
2827 21311
9445 14404
7448 17732
312 6478
2660 8011
6953 10457
1026 14245
8471 14846
2152 16721
11461 16382
8014 14922
9644 13985
6073 18331
7162 23643
817 8893
3817 21488
9649 13269
19054 20033
10672 24198
9274 15231
8896 10239
12251 21201
10449 17688
1857 22895
11722 18196
759 8226
17181 22433
9495 19634
8428 15470
10186 13793
13155 22668
5336 11066
1837 19527
11501 20912
13276 16554
11312 21472
3117 23002
6284 17761
3225 12215
9706 17836
4384 21009
10270 11105
13392 18895
5628 20274
2877 6670
438 15686
10693 16592
9923 20599
7546 22780
17548 22435
3464 15574
2795 7002
3740 20722
5013 22977
15774 17072
4988 16386
5340 13078
2054 19872
1132 4779
4214 8634
11834 19723
20637 23660
5079 6044
17566 22913
10586 11832
19698 21760
4316 16636
6255 17515
1142 19326
13544 18074
7926 23700
1612 11926
9935 21791
10451 16571
3263 11855
15780 23602
10257 19640
1928 11445
711 1779
13084 19123
3262 14369
13907 19155
9964 12754
17654 20051
13695 17454
10298 10487
9800 9960
10137 13117
18186 21374
15080 22931
5033 9301
10918 23535
13069 19957
12477 12856
11535 17400
4825 15238
12391 18155
18724 20570
6779 19110
14624 18380
9211 20024
831 23180
3072 19259
9513 10758
10120 19207
5030 17909
14848 19247
3343 24203
9812 11939
17812 19121
5343 13057
7190 14402
4853 14308
14720 17715
16045 21108
6366 16049
17279 18015
5213 23930
13919 23311
396 16052
20458 21979
14391 18960
6430 15645
129 19206
491 23311
11827 15684
1573 11850
15633 19235
10601 13036
12958 22868
8933 21814
2927 10402
7529 16150
11133 11649
6034 11444
488 11412
8218 21520
763 5942
3157 7521
2366 5788
8111 14297
15822 19522
4554 23728
6343 20446
812 16573
15591 17196
5332 19155
12620 15267
14794 15949
6757 13675
10346 15376
10918 11447
17731 20303
4290 8812
460 23159
13283 16777
8494 13465
18331 24097
10007 11995
9465 18734
7788 10827
20184 23064
3350 20983
11085 23063
17457 17553
4232 15665
833 17673
8047 19365
15595 19663
67 4669
8170 13702
2242 18572
4553 7236
6218 10480
630 13154
2595 4149
19382 20493
11911 21743
18686 19758
7985 15623
5883 20214
18198 20571
14920 19085
3915 19301
2145 17856
18758 19934
15485 23064
2940 8801
4987 6761
13644 16222
16049 18775
3303 7124
8095 14153
5165 23627
9180 21501
981 11334
3979 14813
6962 7377
9281 12855
16187 21401
3539 5818
10364 17783
14090 16370
11618 12709
6588 22622
1096 9091
7092 17222
4512 16664
4261 11086
4952 17921
3336 19528
2347 24340
6777 10002
8904 9026
4105 22002
12730 19912
8194 8295
9979 20992
16650 17394
4593 22098
7747 15478
8853 9723
8878 19192
10508 19244
10982 16130
18597 21082
12394 20119
18391 22423
12005 18903
1628 16146
7205 7373
7041 13122
9846 21971
2341 3383
16406 18905
11885 18616
9515 20444
3614 7070
5234 12263
1145 4967
9919 12855
8782 15001
6195 13153
8263 16382
3050 10951
8870 15766
9232 13104
558 9166
9266 9696
11256 22718
7745 20976
20976 23508
12388 21152
2305 13189
257 15668
3818 7631
7999 23699
8109 14902
11916 17922
1487 10757
9034 14844
2339 15836
6182 23343
21449 24224
5755 10477
4298 14717
11373 23350
23770 24016
16423 23611
5269 5583
3063 18485
7206 11466
7665 23807
11674 12589
2467 14083
14208 19217
7512 11974
14444 15442
632 22720
12999 15870
822 6032
4092 15180
12260 21069
10332 23427
1271 4428
10316 17323
16551 18758
636 15158
2819 5969
10177 10305
8159 8852
9577 24295
9527 15525
8968 22467
5856 17034
9729 18057
2169 6410
477 14092
1021 10678
14961 18918
2537 11258
7125 18465
5633 14984
21002 23377
1502 20384
3446 6160
466 22444
5554 7873
7019 14240
6174 23550
9585 21984
1130 21223
8807 18927
695 4640
6943 13404
21538 23727
15223 21967
13298 20517
13454 23851
17535 23459
7920 17150
9807 18325
13536 22243
9640 13432
1778 2798
5372 13092
7321 22343
10923 17731
4269 17957
7526 12991
11995 17026
12521 19271
11763 23185
2220 3528
1022 5511
17306 21051
21290 22417
1316 10038
1218 12868
16486 19827
2328 16071
10539 18499
424 12552
501 5410
4586 13893
17367 23154
2181 20495
5061 16371
4209 19682
10149 12164
18143 19917
1082 18528
10439 24265
5811 18652
23024 24401
12777 21116
15603 21624
1861 9015
3602 4140
6073 15492
11816 18181
8234 15659
1555 10602
19019 19536
6417 11936
5480 22644
13943 20202
8750 22365
10618 12389
4651 21216
12968 21928
2590 23070
11902 23450
6315 16871
10288 13507
12905 15075
6063 8029
3070 5345
18063 22611
5214 17268
2359 19989
11936 14518
12956 17964
8117 14604
15180 20812
12940 18570
8472 22023
53 22969
4699 23530
6326 20669
9542 19934
5231 23000
5776 16664
8151 24200
474 15528
10075 11800
14380 20829
15289 17935
15366 20618
6875 19102
7515 15439
1984 14653
4194 15144
2488 10703
10004 11459
17006 21031
7074 23533
1050 9679
12923 16153
130 11042
1386 18178
12879 16169
73 3333
7924 15446
14270 23954
547 9683
616 20357
12392 21486
4198 14435
4692 6337
7665 19885
5303 7309
6735 22366
2911 3857
4658 19636
5638 6512
9795 12620
2888 15189
2302 17836
7519 10134
10125 23451
1410 1983
6131 7736
3054 20363
13850 23556
1459 19334
1756 19778
19078 20657
10013 21615
15638 19885
2697 7840
1174 9498
3451 18432
14880 21856
14562 23284
1072 6445
2699 17514
11403 22447
5015 11944
21495 21772
10395 13791
13342 23224
9173 21652
12763 13719
14130 14145
14396 23213
7911 11679
12220 13430
2474 21390
6730 10796
5772 17817
6195 22541
1353 2001
8425 13012
844 19872
9522 10236
1556 6316
4622 11976
4099 15206
16625 18141
1962 17484
2950 15396
7818 24195
1695 17042
3672 5260
1109 2798
3599 15991
8422 17934
9445 10801
21099 23730
4753 7402
15674 17295
11751 18771
10895 22639
2334 23966
15344 22270
4462 9050
16646 21159
11559 15969
2599 15965
957 4654
3494 9563
3458 13090
11439 17007
3464 8010
15114 19553
4704 14248
10194 15089
7962 11030
12754 20105
4071 7852
9936 14098
2354 5691
3158 7398
7948 17470
2091 14788
10087 23420
13216 17512
13342 21177
19660 24354
7112 23659
3701 23621
3773 12409
2682 23879
11781 19071
8531 19830
3562 10622
9630 16973
7079 13151
3735 17892
1401 4972
1295 24474
11906 18009
15791 16802
8555 21109
5676 6609
12707 16529
2125 21259
13249 14896
174 17276
570 23195
8831 12219
549 24383
4776 5700
6398 24104
5771 6267
17667 23298
10762 19040
18026 24271
678 19747
19584 21968
4737 15800
11401 19760
2261 21610
1699 24238
2356 8487
13392 20543
11681 20585
628 21298
4637 11630
1662 14352
2800 19755
15494 24167
6659 24266
10121 24407
3138 5706
6390 17405
12145 19731
3335 6816
7685 24019
2522 16690
4563 15761
2685 17702
10863 14849
3324 13787
8409 16719
6908 18759
5570 18059
13849 22387
14280 16479
5219 18516
3991 19874
4946 14524
3115 13341
633 6903
1908 21362
1642 21535
14832 17117
3261 11180
6744 16493
18016 21960
19804 22242
11221 17540
5636 18129
11276 11646
4583 21897
4352 11608
8294 16293
3232 13721
3925 22816
2232 21613
14561 19244
12215 15502
14034 23571
3435 9472
20487 21964
13923 22483
9168 12576
6353 15473
7207 7322
4743 7112
15547 23907
752 17018
4965 19945
7425 19923
8898 18870
10225 19968
501 6189
6097 17263
5627 10449
3777 22882
2853 6473
5990 13979
19978 20650
3847 17591
10774 22541
12536 22240
200 4600
15328 17617
6738 14155
537 11376
18643 21013
8598 17981
6002 8490
4147 12755
3819 8131
86 18083
5127 21235
7574 17631
6977 16130
8773 11370
920 16052
876 10575
11333 22553
15866 16247
8728 24336
4048 20604
11469 24398
545 3445
6030 17534
9088 16018
17279 23259
20624 22472
2531 5616
11157 20731
9873 19770
3714 15118
6007 18329
14368 20702
9449 21025
9279 12478
6533 23988
5251 21723
6275 15964
9800 20879
12908 21343
424 21383
8787 24415
2042 24083
11269 12550
6008 6235
12361 15316
15917 17499
16975 21569
9203 23580
17482 18424
3595 6539
4645 9164
4522 24421
14353 19072
16013 16200
18379 19179
5154 19409
3512 18584
16301 20870
5889 14945
1427 7731
2068 20083
19491 21934
3950 20828
10922 24252
16263 16529
13880 15093
5721 10389
7026 21622
12548 19206
9692 14034
16387 20224
845 18750
14112 20111
1210 9344
1661 15471
15846 16248
13934 20899
18658 23540
152 5306
4886 13629
8089 12304
1485 12106
4477 18067
1139 14927
2885 6228
6709 23887
12211 13505
12970 15181
4549 18029
9217 13624
16406 23480
3390 22824
15126 22138
2804 15981
7217 14951
6912 15689
9120 11807
3934 11282
12070 23306
5821 10311
19300 20645
996 19059
3287 10605
11645 19464
4760 5674
3092 16385
22431 23912
133 23479
10423 15912
15379 16674
20729 23874
4017 15085
11142 14505
1041 15637
13473 16102
2542 2956
853 11528
1206 22403
3620 16671
501 6069
13408 14623
315 3467
2166 18972
7777 22927
242 24238
17017 18770
10046 16612
7045 20780
2967 22048
1696 23334
274 10860
2074 11385
3156 10618
8212 18369
12212 21551
8970 20535
1100 6875
9961 10672
9630 20658
18031 23285
9196 10617
1569 3722
7060 19899
746 13848
210 13820
1459 21572
1943 8535
13216 18501
2093 21447
1911 11433
3904 13003
7443 21026
13236 21114
9262 19570
11043 23201
3037 16120
9017 24400
14210 16393
4632 7995
4047 23601
1521 11640
12369 19992
7208 24395
10784 13396
15349 16521
4837 24445
8212 24474
1720 5882
7973 17936
18336 23648
6908 14708
7483 19716
4380 23733
8232 11848
7203 22329
1960 4632
13910 14932
9139 19267
11148 13682
21567 22965
4264 20096
2560 20367
1389 8565
4034 16697
9140 14708
2965 16033
5704 23878
9896 15330
10902 19495
2173 8995
8035 8830
3924 15001
11952 14726
12767 17380
9434 10458
14584 14770
14266 18646
745 2882
4978 7299
7356 21786
6632 17655
5101 11499
13692 22313
3970 12544
6719 21362
12709 20027
16558 23188
11512 17356
16211 19580
8704 20804
8242 8993
17603 19365
11527 16701
4520 9243
11470 15418
3029 17772
3551 7555
1653 3056
5608 8874
1894 19591
20492 22793
8339 14734
7176 16365
4010 10160
1795 7940
8553 10882
14828 22129
6326 14582
12546 21423
12361 17525
902 21621
20795 23084
1164 19312
6790 14468
3136 4012
7053 19532
1388 3437
11836 16129
7090 13720
5426 17120
14298 23636
14308 23391
766 3544
20367 22822
11297 17096
11138 13769
17195 18118
9953 10413
1211 12502
2571 16078
6396 12290
3139 22825
1612 5884
2321 11111
1075 15774
6945 10931
18909 22557
6164 19068
110 20228
1879 23385
4447 11111
8135 15447
13750 19183
13764 21471
4464 13643
1301 10467
4695 23715
6127 12833
18321 21129
3854 21142
17552 21141
2440 12113
12503 19202
2749 5367
9817 9833
5440 5645
10713 12926
11627 23131
11083 22333
3203 18758
4586 7050
15520 18214
9103 20849
14436 19531
13086 21681
7453 19996
12347 17179
10526 20994
3951 14744
16610 23559
9315 17632
6613 21740
297 20752
4137 7151
3699 17836
11069 19601
4047 4758
4275 20234
2080 22307
6953 12645
19854 21535
3930 10379
3841 10085
7550 13446
4335 7725
8325 19537
8264 19404
15650 22314
10472 24479
20127 22960
16791 19259
2787 3403
6476 7475
1759 22215
8505 18405
21562 22167
15691 18432
7408 22628
17814 19602
14271 19519
14289 18667
12630 23619
7765 16571
9759 15373
2224 3785
4302 20181
2207 10313
5777 17499
9735 16964
4305 9936
4957 5978
14575 18614
649 18426
6188 8241
10899 12238
8390 18471
3493 12775
15686 16564
6702 13155
12156 14843
6933 12518
9077 24473
9124 10992
11354 20678
8006 13504
6058 10124
12197 24039
2268 18314
166 6376
12456 23813
7874 20371
15327 19399
15424 22034
11891 23479
4852 14520
19132 19697
21811 22334
9080 16793
15060 15907
8697 14080
18651 23577
17841 18009
1253 4961
8099 11986
2894 8640
6844 16545
9082 22656
2716 12120
10619 23659
8015 23636
1575 5023
2650 2680
15851 19479
9659 12074
4722 21684
7833 14266
7478 16229
12311 12855
11344 12468
185 13267
12907 18152
19087 19421
8786 15660
3960 14819
4847 7948
2125 7452
8443 16726
469 6770
13455 16535
3327 15763
16926 17384
2241 18862
2664 10794
7629 16673
6178 17233
1688 17203
2521 4783
13161 20470
6892 12553
5336 16843
16308 16312
3016 17344
16797 18916
15815 18720
14157 20653
14672 19925
4367 8242
1364 9133
1104 14755
11370 14063
3487 24400
2665 9395
8858 17568
16083 23249
17282 23058
16714 20944
3000 12307
2471 17384
16913 23927
17371 21218
9884 15950
1429 18282
5617 20029
4303 5155
5878 21671
2923 15596
4288 24359
2137 23590
1157 19431
3420 18753
5972 8461
4941 21339
11784 20968
12425 12462
7846 22149
13351 20498
10929 16531
12874 21118
12698 22150
1409 12334
4678 15274
16778 17713
10206 14928
1520 14651
10141 14975
6660 15020
9841 22331
5093 11001
2406 14226
1012 15447
10364 10864
13840 15763
10537 19241
10996 24352
3179 7282
19551 24400
1578 16528
12808 21832
20241 23945
9847 18246
299 1541
6743 16273
9338 12030
20289 22228
16135 20431
19865 19877
9296 16269
3944 12181
6707 10741
14063 21441
70 6399
8221 9420
7407 14018
7804 13351
1102 21345
7631 10950
5787 11842
4998 22617
18708 20167
4140 20889
7867 13034
12007 18436
1951 13082
19236 24128
334 18045
2229 5071
5491 7904
11414 17030
9510 12209
2553 13574
6104 7678
8294 9373
13787 17954
16928 20534
6342 23180
2119 5245
3075 18096
11507 19953
7376 8096
11372 15545
8402 24059
8722 16639
14434 23400
14714 20477
864 22887
873 22752
5057 10962
9368 13746
8454 24003
191 3477
13408 20831
1379 20638
1079 18843
13502 21450
11978 22516
8374 21070
3932 10987
6023 18936
3982 6324
16007 18637
1909 7953
2342 6039
3820 22847
3414 19053
5709 20655
14317 19787
21273 21651
4111 8000
13564 14860
1014 4728
10091 19126
1629 17816
8591 21280
1891 2580
639 5823
1425 16633
15572 16010
3231 3951
6694 16964
18675 23222
20596 22322
4732 22242
21680 23336
8292 24335
2191 8041
16805 17765
8934 12847
4087 8424
8226 18292
14369 14389
68 18980
6331 21775
14685 14917
11779 13867
1682 19030
23200 23771
914 10207
2416 5777
2325 7093
3940 20971
7632 13031
1647 18450
12812 13762
7336 14535
14121 19567
6275 22789
2898 17753
8239 24212
3115 17497
2154 21797
5696 20331
11458 11763
5350 7702
22 6858
13000 23615
5884 11885
6279 23466
16657 19036
7432 12949
5438 11181
1280 16021
1570 9785
862 19550
4928 13558
2057 5544
2496 24415
15090 19999
4388 11300
8496 19137
1110 19806
10719 11860
8686 12336
7069 9447
9963 20168
20766 23016
7287 20049
8520 19011
10908 21223
6930 17611
836 8120
8828 15587
18922 19498
253 3750
3279 22885
2794 11369
4579 23488
2302 20054
4920 8513
12011 23330
14997 19876
3 14811
24144 24246
943 4066
3515 11846
13123 17161
17482 21550
7296 11726
13801 15549
13361 15246
7404 20522
4635 14112
3568 9341
7830 17622
6093 20519
9661 24048
15117 23418
489 1423
17611 20301
3092 21261
4041 9361
4003 21484
2436 8387
17648 21077
5409 22172
9616 21044
9297 16828
7987 10342
9829 19998
10306 18072
491 9794
4553 15399
6421 8782
20029 20385
3183 23987
6819 21529
1920 17786
9736 24176
11447 21706
3427 5333
14260 17818
12077 24275
8814 16867
5266 17914
1740 3764
10775 12054
2283 22101
14259 21405
10211 22783
2057 3516
13374 20108
5169 12707
1175 9898
116 10405
9125 11025
16941 17256
16213 20725
17228 21517
5400 15191
14191 17632
1933 3108
15711 18101
17700 18346
7832 18604
16807 23790
1178 16282
3621 14440
4408 21143
14457 23110
12778 22690
72 23126
19885 22502
5018 18384
288 21012
12893 17579
1728 22307
2430 9326
9173 14294
2018 24098
5847 14843
7905 20934
1676 7050
3131 13289
11458 15339
4961 20189
1474 4159
7432 19302
16963 20334
9317 12894
21810 23583
21767 22972
16268 17829
12907 20607
7841 16557
12622 15135
5753 18693
15528 17744
13374 20260
13377 17933
1422 2060
1757 18655
11835 20635
2448 4994
6738 8760
259 22953
1244 21178
15456 19534
4434 14263
3450 21796
7509 11438
3999 21094
4639 16910
7715 11144
8019 17318
6181 8510
8993 15719
1964 11268
15600 18964
1634 15496
14026 23590
6028 16121
4942 19348
5011 7465
6898 11285
9653 11502
5938 23030
2542 7635
18301 24228
13162 19096
1262 20787
9049 11266
916 2740
7060 13630
12944 14363
2591 14065
1913 8012
6467 15572
5585 5832
3461 8801
1836 12056
14159 21862
5538 19628
21100 23719
7040 16020
9999 13824
24041 24244
10826 16922
8956 15307
7146 10705
3083 9461
13517 14997
5365 23977
5649 17512
4062 5896
12304 14760
8676 14807
6935 12444
2410 24453
4787 16395
7431 9151
7610 11382
8876 14502
23377 24236
5649 22805
3806 18115
905 21756
4360 22258
2489 21697
12550 18428
7638 8428
5632 22247
13044 17389
307 14239
1906 13692
17215 22207
1920 3278
11035 11317
12532 13892
9143 16161
14361 14587
14297 19617
18860 22434
5378 6918
10698 15089
6806 20953
14446 16715
11792 18054
11739 18966
810 7334
4443 20681
6205 22342
9362 18734
7222 8857
4498 12219
1271 1367
21519 23031
5568 8278
16942 22008
14415 18806
9938 14100
11351 18959
8323 20906
1232 6882
11975 19834
6213 12892
20653 23136
9752 23965
16563 21634
2054 24146
10063 17876
7962 18382
3508 15235
3483 20863
17396 22063
14961 21683
106 14021
4527 4740
104 19991
3513 13474
7553 21646
3087 13162
12881 18746
9237 18125
2748 10286
5520 14948
19838 22312
11529 20962
460 17349
8548 13000
9944 13561
11549 22179
5291 24330
20611 24328
3097 20594
730 22383
6976 12546
2431 14776
7107 10600
8077 22329
8457 11758
11340 19877
15201 23984
9697 21695
333 12115
2031 9548
15413 18066
7702 9036
4615 5557
12423 14684
8447 19711
13566 17444
16838 18915
9877 13669
13925 20892
9113 18364
19613 21278
3865 22632
14039 21726
9909 17512
10020 10439
3268 14240
4346 16363
4501 15915
21978 24138
6609 17485
2934 5177
5454 9764
6968 11557
8259 19292
1864 16314
7522 8104
1225 14226
8278 13578
16191 18426
1177 9673
1686 2005
13032 18520
3136 5516
10941 16648
13886 20990
3895 17251
6040 22983
5755 16282
8224 12001
9927 17648
9344 12269
13240 15753
1683 23192
6068 11211
3190 17953
20480 23204
1119 24429
2966 5432
6752 22700
2528 22204
5726 21511
4050 10579
1087 9997
18484 21047
11033 12551
8557 14041
7737 10552
2010 23693
6517 8419
8164 10277
8981 14735
5035 10624
15463 18837
11641 22082
2888 4385
9815 13871
1238 20396
2459 24111
16975 17928
1180 24190
12314 15083
1818 21278
786 20975
164 23102
3627 17489
10306 13619
11800 22998
4170 20180
361 4419
12340 21007
7330 16665
10803 18527
11328 24001
5038 21798
5678 22750
15903 18255
1623 23369
4298 5955
13543 18251
8671 9479
9309 10440
3768 15831
13349 16998
736 22459
998 23745
18886 23794
2415 12204
1055 20468
7524 11812
21227 24117
12893 18174
9216 10184
3932 15225
21270 23613
6655 13116
21329 23407
1123 15676
6633 20675
6468 24146
14833 21480
15342 18375
4871 21647
2098 2147
10964 22794
18026 22674
160 20946
2962 22788
1726 23094
3877 15018
6761 20378
12245 23218
10644 18825
8799 19136
16568 21455
14299 21853
1433 3232
8640 14244
20880 23669
6837 23394
11714 17397
18816 19707
7150 9515
8721 17622
18519 21174
4316 8826
8095 24326
5626 20728
4233 8260
9427 23467
22108 22597
4886 13608
2548 6125
14249 16947
5088 17061
4276 10276
1878 21770
3711 13369
7055 12927
15818 23360
7150 12372
7999 12086
641 2412
11915 16054
6382 20239
8150 12662
17209 22281
8941 18961
15037 17266
19120 20299
8049 22583
1007 12367
1712 21602
10154 17562
16421 19650
11295 22827
84 9134
12784 14751
7842 23862
23059 23137
2594 20960
5058 13783
6587 17037
1881 14724
4968 12430
10045 18430
4380 6967
11113 19881
9056 10441
17230 24281
21552 24330
11693 15177
10794 16817
7866 8126
11287 16166
17400 21175
12736 14907
4176 6499
2123 7198
6135 16984
6348 19946
11451 16402
6269 9030
17261 19012
10082 20567
2907 21169
10119 12934
5571 13594
362 23800
9707 21928
3149 11755
14847 16600
436 21142
15676 20265
3238 5458
10765 14251
3482 16355
15893 18977
8287 13619
7670 7784
6360 22801
5848 14839
13354 24379
495 20443
1984 10914
5575 12583
11937 15071
11895 17765
20149 23117
840 1799
18319 20326
7672 8922
10575 20272
4912 9490
630 18066
10716 11216
1555 10554
1860 5907
1784 12105
4111 10336
2581 5829
15501 19143
5863 22311
6678 11562
15338 19992
8060 15528
4120 5555
6356 16070
20215 22814
10701 15508
2356 3933
7412 15905
2348 22935
20598 22504
2887 12166
20350 22696
12492 23626
9736 15583
7757 7915
13550 18630
8368 18740
16170 17661
5139 10602
15715 18524
21748 22450
15 19000
14479 17063
227 874
6026 22818
499 14436
9995 13060
9061 9418
7837 15557
6469 6906
11390 16824
5519 20669
8735 18786
12465 13412
1998 2344
1958 15877
10247 11487
2742 16347
18783 24150
12368 20179
4175 8535
128 18685
10027 23359
3144 15073
4919 13465
7449 8914
9464 19024
9309 24020
4195 4957
2546 4778
6222 17761
15450 15628
10266 13460
2961 8581
1867 14189
437 15184
2767 4552
13248 15511
4072 7629
10179 16638
19072 19077
2172 9934
8015 22049
10598 12009
3645 21050
6347 11458
13964 15169
7840 22056
11845 15623
10900 11752
11141 18859
18373 21569
11342 13188
14130 20450
21010 22968
2491 14408
3919 16376
2824 7971
5482 13035
19351 22492
3536 8521
13489 17380
8013 13610
1370 24245
2798 19921
5673 15742
14183 20212
2830 10880
942 22341
3017 16648
10181 19546
4664 19634
6959 14282
6574 22429
722 4820
14597 14911
16151 16465
15416 23190
17874 18473
1968 9131
1690 2135
13233 19743
6475 18388
19720 22078
5585 22657
14527 18842
2022 11118
13428 23708
3535 6645
1949 7884
716 15315
9460 20445
14282 14367
17919 22484
6330 14527
7319 11311
10031 21163
3838 7823
15662 21022
20739 22779
887 5301
5993 11527
13954 15867
19451 20869
6383 23375
5205 24441
23277 24289
103 10892
17884 21896
1420 7090
781 4278
8400 14033
236 1374
16623 18867
22512 22884
19033 22607
20646 20715
675 16614
9437 12376
6853 9823
1428 12645
110 10346
17527 19412
6929 11481
5492 20982
11898 18429
2986 17831
15318 18232
20002 21121
1296 6939
5789 8904
5160 16712
16197 21169
15250 18964
2726 14787
5419 10484
8547 18638
3506 22539
18105 19913
607 15113
5187 23923
1758 6118
1103 3870
2806 12993
9588 18201
4461 5705
8053 23228
9405 11680
13092 14144
4545 18667
975 17822
10577 13991
13319 14450
17537 19023
7765 10045
1969 3827
11854 14594
21169 24185
16420 21761
8081 22896
4764 23107
2657 7199
698 19031
10254 13292
3778 9361
12698 23543
1567 24147
16188 21703
13883 19838
13579 22877
4294 8640
6629 16532
7486 17009
9022 22374
4039 8747
13582 15415
21647 23036
3302 23981
6631 19979
3912 5338
4922 23953
7077 7764
4125 17092
15335 23586
1344 7664
21291 22693
6167 9336
2835 22222
4322 22489
2922 2998
1824 18133
2749 20587
23356 23831
15269 23026
15976 17748
16560 17987
13522 17407
3573 21239
89 22635
13450 23697
6268 18352
20094 23380
6807 23016
2703 6953
10888 23107
6007 14516
12025 22498
6147 24034
14030 21607
15867 16360
7323 16994
6472 10479
6474 12531
8268 22341
5765 6744
7324 20804
20239 23540
7689 24448
5109 23084
5019 20817
4948 10916
4870 9249
9518 24314
7492 20293
2668 11992
9272 23717
8016 22704
7366 17202
4317 14469
21410 24219
655 22331
3552 9725
852 6104
509 6788
17482 24186
19904 20408
3731 15822
6569 9568
15998 23203
2921 7281
1070 5505
17348 22938
6270 7102
9373 19739
12771 16533
5702 11927
4366 19314
1098 16707
2367 23459
13043 15322
1960 18064
6064 16915
6100 9702
14661 16415
12219 22382
1640 18939
9014 18444
11854 19487
10515 23075
852 20271
944 13688
4298 11161
5017 9370
18630 23710
3823 6089
18218 21898
20715 21342
1548 23337
18688 23137
19169 21452
12037 13916
3521 17339
7796 22572
2685 13864
1888 12100
4118 5672
6890 8094
1795 24092
4663 13055
2428 11649
1102 11433
5327 9622
15099 22056
6736 22583
9264 19991
4937 9579
1449 22839
6522 18767
2742 23494
10209 20659
18756 22385
7217 14925
10256 13029
11515 17851
21364 22078
12148 15865
1275 10467
17425 17558
20597 20611
9472 17169
5486 18120
19044 19752
5002 16068
6503 11119
7493 14994
14075 17879
9548 12978
8074 14532
7902 9748
9224 23745
6978 10077
2333 8651
7917 23500
6637 19469
9585 16013
3759 12813
12115 19369
886 17559
12613 15078
5955 8617
13964 24331
8798 20520
12520 19171
66 21410
5410 9492
2957 7116
7316 7942
11328 15783
3960 6928
22055 23396
17313 18651
2768 10606
18085 20002
15414 15972
2191 3250
1545 10452
14827 17205
12814 20099
244 18431
1928 7998
15406 18811
184 13002
23848 24156
7026 19424
51 3002
7599 21420
3116 4385
2758 10926
14350 15098
754 4743
1309 3116
2442 17589
7834 10298
2952 4409
6678 21358
3526 14825
3290 6463
3890 9459
14401 24164
2170 10236
14166 17788
847 23722
10671 15503
10093 18819
6923 19065
4573 15377
17599 20917
16054 23474
5066 13715
7783 15245
10768 13024
4370 16404
8330 11559
14206 19482
15176 22224
5810 8948
17438 18911
13813 14878
14483 21458
7228 14094
4279 17994
5354 22364
5000 8844
14752 15109
8528 24203
15927 22692
7696 17515
12146 23103
7992 15781
16100 19986
2649 22038
16959 19328
7772 17265
11374 15100
12380 19340
10482 15075
7334 13054
12482 23966
125 11912
5886 23674
907 1410
7099 12492
5533 21120
10995 22051
17277 20020
12062 13084
1773 20333
6193 12886
19588 21200
3918 4670
3979 7221
726 20189
10306 21880
11334 13904
12619 20436
8521 9220
4046 24273
10550 15722
10429 15002
5352 10935
5831 19088
10142 12094
8820 19018
6932 13083
8035 20214
1864 13177
1092 14942
15857 18238
15519 23812
5079 12736
4420 11331
22904 23054
5396 10455
12341 23538
6283 17871
9228 18165
1244 10033
3961 19431
16526 24273
9094 14829
5596 8494
14008 23043
4016 20005
3027 21259
6515 20039
9998 19021
3483 22681
13465 21559
22460 22532
19391 19943
10943 16054
10605 21466
11381 17112
15908 20758
21416 23313
20563 23170
11596 12807
6568 15997
10116 17286
16720 21440
3770 14317
10827 17357
521 12537
3992 20006
13373 23531
9736 12520
6705 13033
3243 4797
11075 15832
3316 15716
18043 23256
18658 18857
9179 19077
12299 15685
2267 8527
5987 17135
5807 18063
3218 12066
11893 20549
10231 17391
19518 20234
11017 17401
4764 15200
1551 1896
5084 19943
1073 7898
2683 3245
9249 12136
5119 16392
12665 22145
831 14668
4551 18891
2935 8125
3455 10106
6320 14109
3742 9302
5240 20023
1913 17620
8515 19373
2389 14981
5892 11866
412 9563
9529 22497
15852 23507
9026 16577
16518 21587
14282 15454
4771 15548
5240 11895
5351 5951
23729 23989
5645 8547
11404 18102
8560 16997
10381 12248
7842 18059
13072 16368
1808 9651
3753 15864
1143 16952
14442 15626
11670 15732
11211 18066
9000 12692
69 20501
9117 9229
6204 22540
888 22495
564 3494
1 13501
8702 13978
3703 15683
3714 16097
3604 21626
16079 16343
2975 24438
8480 9093
7115 9078
7469 8028
9929 14687
13359 14607
5977 10788
11562 14820
6450 15362
2372 3288
20869 22621
7655 8204
2271 20725
1480 1740
6985 8195
3574 22203
10111 13105
4070 19309
21667 21965
2805 8046
13837 19072
2759 5229
18486 21530
11716 20760
10750 14813
12522 17773
17161 21956
9717 18843
3332 14407
11534 20865
9926 19441
16363 21761
12779 22189
15724 17171
4683 22144
18557 19393
7733 20603
15789 19040
13394 14820
6824 11764
9960 14477
10024 14982
18757 23049
3021 19259
12940 24463
7108 19920
9427 10884
4396 8795
7204 16372
2925 11734
10374 20732
11535 14375
10314 15994
7022 24232
21874 22420
87 4491
4111 23548
18176 19104
5107 16629
7804 19641
5181 20081
21432 22048
10583 21977
14853 22054
1214 10698
4106 6046
5865 9697
3078 5649
6066 22252
3297 22662
6883 17040
2615 17010
7926 24372
22309 24046
4671 19971
1799 21326
6844 8963
16376 21221
13127 22554
10287 15297
9701 14716
13396 18400
9062 11539
17529 20222
3528 14498
15053 23186
534 18836
7142 19706
11492 13646
3786 15159
12150 15460
9549 13313
17282 20492
10141 23371
20086 22627
10712 15916
12481 22632
7861 18421
19317 20367
2949 19308
6726 11875
10054 15853
4227 20324
2309 7911
6210 20012
12750 21576
8763 14680
8999 24469
3596 10609
20495 23510
1291 23763
12051 23144
6638 6999
8473 19246
10802 13863
428 9672
9807 16164
12026 20797
5674 11154
1057 3377
15275 15981
7946 17710
3495 4419
2941 23513
8238 14483
17196 21002
13365 19685
6469 6933
1458 4246
16152 17683
268 21300
5306 22895
10291 19368
11878 18839
7449 18462
13901 20366
18940 21124
9527 23670
21011 23520
383 12893
5006 13058
14845 23663
1562 18420
15089 23849
4975 7739
3561 18808
14919 21152
19469 23750
5559 13641
8535 13940
460 9545
3318 22799
8440 17535
9265 21099
18911 20753
4840 10803
5295 16195
10299 21024
14502 18020
2242 8397
10200 12385
4148 5808
81 845
5047 17953
6420 12720
6138 11935
19145 24228
16428 18638
13848 22425
17105 21807
3664 20371
14253 20410
17919 18955
1815 13313
7302 23830
8573 17549
4401 22919
12560 19595
6398 21039
1236 17097
20880 24040
21665 24361
1288 12512
17216 20504
6387 9050
1701 5088
2569 6120
3580 17634
13401 24453
16508 17484
17028 21950
2767 19286
9564 16295
4879 9810
10748 21302
13077 14397
5321 9636
19438 22508
5145 23570
444 15939
17429 19175
20226 20793
5315 5785
7196 24463
1819 19621
6990 15098
3545 3580
9215 12599
6724 9305
832 23548
11859 20960
13764 22412
9857 17471
4579 6415
1313 8528
15389 18325
13362 18807
3254 7410
5168 13137
6527 13664
4528 23582
7188 16491
2122 12364
10250 16146
9931 19552
3690 5314
9278 10809
2477 19699
11786 13502
7462 21427
10103 24323
9057 17775
4625 15735
5831 18136
3850 15651
2588 7998
16898 18151
7867 23071
10528 22966
11773 22074
3417 10825
141 20404
5934 14987
6930 10147
7435 8097
11693 21379
895 18105
248 8012
5830 19774
6534 23401
611 12821
92 3323
3478 8676
16839 17664
270 4466
11642 12766
7754 17444
3447 7859
9033 14920
8471 20289
6724 15787
509 17414
1632 5112
4079 10848
3119 10366
6181 24410
9057 23751
6244 18757
4536 13005
4175 21016
15053 20149
15783 17884
10777 20131
9998 17310
10245 19697
736 1839
4000 24374
27 18449
13045 16079
11445 21849
18635 23416
19994 20481
3413 9853
18978 21952
5128 8059
11707 20197
706 11128
472 906
9526 21653
11810 15972
10278 19820
17903 23170
10560 13763
13253 14314
17793 22416
8433 20911
6667 9961
2311 16841
215 21409
2666 23476
14270 21504
22059 22391
9957 17586
2277 7116
18189 23873
5863 11211
10084 23786
14617 15121
4756 16233
4460 16286
15946 17362
3102 9201
14048 15602
328 8945
842 913
7746 22485
3132 23778
3907 13664
8964 17931
10205 15695
12087 22086
8035 22944
4802 10339
18329 20691
6220 8173
492 7765
3152 14232
11528 18145
1674 12104
9336 15343
3866 12851
9143 12803
3222 22146
5664 14537
3063 3673
5685 11598
5058 5711
4648 18005
6913 10676
2235 18533
5655 12177
14200 21930
7107 17822
19961 23790
12000 21782
12943 17032
11555 16219
10226 18172
13717 21357
2637 6405
1111 17493
2823 23840
1466 21772
9128 22441
13524 18555
3636 4717
6840 16200
10564 19026
2473 19209
13729 14074
4553 15472
3761 7826
4028 20380
6704 11867
14230 14712
5301 12330
678 12961
7667 10193
9186 12402
14678 15677
8054 18987
5522 19669
9005 21456
2785 19980
3211 16169
1099 16892
5270 20786
9273 12205
12318 21735
9716 18204
12495 12658
9221 23581
9810 21849
290 17195
7985 14428
987 23585
5120 5554
12174 24467
5297 7991
5054 7031
10115 18823
14083 16182
4831 5550
218 12998
2096 9021
1206 7152
12921 23874
2575 12090
10032 11111
10575 12433
1337 3736
7634 12378
6525 16025
4481 16467
15122 16708
18015 20023
7565 14353
4747 20239
9283 14174
3869 23897
6611 23874
6186 16209
14747 17512
11983 17413
5662 10887
12201 22648
1362 3091
10931 20064
14327 23180
19509 21473
4290 23055
18304 20342
1173 2038
2790 2868
3626 23179
7748 10889
7367 9733
6897 15757
4751 11550
4125 18803
11686 19450
17640 18032
5112 10949
18364 20849
7873 19521
8721 20228
13763 18350
13859 16046
3874 23958
12690 15046
5886 22628
15476 18843
14663 22092
6454 20382
1623 7060
19765 21189
3768 18314
16262 18819
869 19985
8938 21733
6542 22265
8002 20346
4334 19426
1794 5054
5291 12938
5824 10064
11652 12493
15708 17101
8079 10028
19390 22332
8034 9375
14536 15717
15048 18705
9882 15042
7727 17047
11337 17508
4504 11546
854 10032
4888 23060
4955 9723
8597 21286
868 5156
11999 16573
5356 7631
3411 10069
17654 18353
9 20619
9179 15359
13539 24385
1860 16384
21097 22499
19041 23008
4746 10861
1781 5315
4458 24301
10029 22086
5977 21881
3453 18222
3902 8358
10748 21955
16048 21893
3971 22251
3358 23232
7256 23354
9751 12441
11882 14044
885 17756
2823 15625
6161 6443
9319 18913
4050 5482
9906 13811
349 5443
4982 22867
8407 16163
9544 10323
5584 6950
927 11606
288 17695
8194 9877
947 10769
6394 21121
5802 8053
9943 20507
7760 23160
8537 14091
3612 24389
11714 24305
5277 17386
857 8492
18596 21730
8985 12989
19296 22487
5457 23230
15904 21956
12210 23954
14748 15351
7430 11431
4171 23359
747 8523
651 14350
5654 16198
12991 15180
989 12391
11554 19554
15429 24379
6836 17638
2231 15467
42 19030
2684 2776
2483 2604
15307 15432
3966 14515
860 20910
7000 14210
11798 17550
8303 19990
16029 19921
4748 14843
8523 14135
509 9548
9987 23897
484 12339
7873 18719
4370 11474
8384 17103
653 5357
12149 12164
8439 23231
6189 23913
778 3336
18384 20122
1325 19453
3625 16371
10126 16843
2427 12117
16926 20963
6248 20550
19541 23414
1226 9115
9805 22521
7103 21322
8566 23093
12174 23071
1628 6357
22971 24305
19374 21018
1220 3571
3141 17078
7103 19288
2016 2794
7111 19247
17609 19193
927 12963
1486 10724
11108 15027
22392 22486
11708 15157
7692 15532
20270 20931
426 5710
2268 7433
5476 18794
818 3408
19694 24337
4543 20754
19804 20009
5879 9158
7425 21460
2673 18877
3545 19289
5193 11920
6402 9253
12665 16887
6466 23813
6044 17960
17193 21693
5767 9168
2612 15886
15703 17157
5208 14826
6806 9515
4368 5450
13601 20695
16275 22429
508 12526
12299 22707
15486 17304
15923 17071
4888 8279
12307 13447
7245 14047
20357 22174
12997 22286
15712 23685
7097 15108
1072 24361
17083 18719
9201 22394
3614 15231
17326 18101
6470 8646
6061 18356
1862 3674
2197 18408
8338 8564
13278 15587
9128 21045
7016 18084
1579 9018
14404 19807
9858 22214
8809 13302
7792 21004
14314 17634
1833 20634
6814 8057
2645 13094
8088 14418
20305 20661
1338 14611
2018 15687
6512 8143
3528 7591
2921 13143
6355 7122
6711 21113
3335 8727
3639 5630
4390 18714
9680 12417
14412 18393
4662 13700
11153 13410
691 6036
17291 23887
8782 15249
19455 20624
578 18240
4348 15439
13278 17818
12697 21979
17055 23253
3159 4834
510 3144
8433 16081
694 9606
19846 23750
2147 4204
3307 16724
6692 16289
5150 13278
4432 23505
15520 15644
1481 7981
11530 20480
9891 21788
2722 7948
1524 10969
20220 24019
6277 20809
11211 21166
5800 11567
15803 18313
11568 14722
5605 8942
15554 20488
1866 14239
3630 9127
11099 19615
3709 19626
15597 17356
3454 14586
7031 19118
12968 13811
11946 15411
6031 16764
1842 8583
1651 13094
11219 22268
13593 18592
6302 7586
5882 10574
1765 10356
4221 24080
9145 10669
2839 7084
7530 23539
12731 15205
5217 8821
7274 14345
21956 22657
14070 17763
5779 10481
10570 15687
7290 22377
12096 15771
14243 19031
22140 23549
1183 17913
1080 8422
503 855
15347 17899
15043 17450
2889 13223
10452 10662
1344 6953
10719 14454
4865 6446
13195 21465
1499 18188
5911 24029
4214 12608
13411 23298
6198 18827
297 4338
6146 24256
21676 22229
12010 15955
10261 12377
4084 12004
10255 12198
5061 6653
4806 12163
3439 8770
14444 18074
15480 17685
17830 18580
1406 11438
15040 23575
9939 10793
9485 16205
8023 14694
9367 19382
16990 24149
2951 18074
12566 20897
3666 19124
8069 14381
9526 16844
12273 15516
5114 5739
17762 18701
9539 20588
871 4374
11902 20326
10079 16783
3850 3999
7989 9554
10575 14912
14994 22573
12712 22171
43 8153
7786 10563
7807 22589
3002 10850
11644 21474
8063 11819
1780 8709
1910 17022
9680 16762
6700 23508
719 4045
10760 13993
5376 16911
6253 23909
9829 23231
12727 16379
16987 18562
9621 14913
1344 23902
1406 2299
4082 11475
3658 6989
4302 17868
13885 19581
18097 21853
999 8791
10526 18696
2652 13115
10757 19055
13796 19895
8885 10925
5173 6384
10747 12275
2758 14743
10479 17116
11981 13631
13892 22645
4094 22912
14446 15063
7846 22461
10154 12957
4135 13118
16056 19138
2813 2830
4364 16329
14509 19057
3857 18786
3181 17627
13936 21945
4625 21835
7480 20107
7644 11625
1492 12021
7343 13483
6309 18563
1548 13787
13540 23287
8917 11432
10798 22346
13291 23908
4348 16649
11037 16148
11714 14620
12236 13097
447 19211
15939 22268
2277 8573
6957 23465
5414 15218
14693 24095
9512 11142
6922 16309
4594 5861
7202 23814
13000 13142
7888 22549
18275 20339
1387 12374
19678 23678
16914 24208
18826 22591
19647 20881
3055 13822
5095 11108
9482 15014
14368 15804
13059 24042
5473 17940
3988 10237
1922 13401
12675 21558
1482 15599
15432 19516
14031 15322
12210 19598
14371 22949
9709 23315
9088 13918
2592 19280
2994 7545
742 17841
8452 16957
2927 14405
11538 17023
10573 14120
9324 21083
17595 17814
4354 16088
1504 10072
16560 19233
21194 22184
554 18815
5069 5961
6380 17230
1901 15842
11212 16593
15470 17099
12871 15831
5899 6241
3177 17216
3013 6554
14995 17655
5907 17414
6493 6917
3329 19273
16297 19158
22463 23193
1934 20723
15070 19827
11343 13678
7307 15751
7068 16640
13919 18295
9769 10761
1570 2190
8275 22843
803 20915
11398 22737
10468 23147
9842 21641
569 5157
1047 10109
9040 20973
9545 16543
602 6309
9182 19484
610 12454
21024 21311
10176 17055
18401 21826
1731 12326
324 1968
7897 21171
4097 18790
17819 22396
12296 18453
4490 15138
3746 19261
2715 3702
5439 16906
16018 23180
7083 8580
5616 18887
14204 21773
4586 15153
21032 23937
13610 15233
418 22419
9116 17762
11725 18238
2216 12353
4183 9026
9204 13839
5210 13430
16907 21450
7528 9303
12903 23002
2247 11527
7228 19313
14902 22278
9860 21101
14444 20457
8491 9375
3143 17663
5221 12869
1532 21903
3952 10968
11460 24147
10887 12795
16926 19950
12153 12540
13639 22492
9671 17657
7550 20292
4185 19997
18816 21537
16986 18516
19722 23668
7429 20914
12381 20392
448 11653
10822 11263
2738 21903
15725 24438
5985 9846
17697 19328
6295 22157
12646 14421
3235 14039
16581 18946
13609 17513
1571 13004
10024 11573
11881 12633
9654 15412
5371 13898
9974 17154
381 7795
7965 15643
2043 10076
13962 20323
13905 20411
9163 12801
21186 23438
11129 20175
18049 21430
18545 20218
6547 8164
3379 5229
13535 18563
16646 18345
15517 17398
20528 21526
12489 15246
12725 13141
541 10452
2780 4141
456 3249
7685 7817
6224 10125
2944 18248
7262 14342
4030 10745
2363 9980
5796 18626
6005 17196
2874 14651
5552 23828
10225 23165
1275 1799
22141 22671
5099 8220
2442 13818
5730 16902
7602 11884
13466 22091
13604 20047
12617 23461
1544 11106
13697 24321
6251 16452
1666 9459
1074 15411
11274 12229
7205 12514
7225 8792
4828 23664
6486 8857
19356 21433
5557 10681
21452 21790
16249 23672
3740 10623
12749 14038
426 13789
1797 2686
8900 23574
760 9208
3007 14220
5208 9051
5382 12319
23738 24060
4133 23843
16479 23168
9919 23083
8484 17650
3060 13310
5527 15848
2925 16120
2156 2391
499 4652
2468 11656
11705 21167
13158 13782
1193 7306
3500 7211
1282 22217
4687 6802
9690 21893
10403 21203
4248 11503
1427 17219
2987 7652
13435 17272
2298 12911
9353 11747
2327 16406
3046 13444
6947 21515
14513 15372
2100 7340
3925 15013
5558 7935
5911 19969
14845 23184
7536 14323
23790 24276
12743 16011
2793 17317
11893 18277
22646 24069
3428 10911
6438 9361
6631 6829
11022 15626
16965 17824
18468 21216
12214 17701
7500 23438
1026 19568
9293 12123
9557 11430
4874 11880
15908 16793
2395 16815
5738 11892
1280 10096
23930 24010
5308 12111
162 12122
6684 17923
5121 20715
3364 6346
14556 17426
13181 16992
3053 17937
16175 19979
16848 20832
9812 14006
8457 20633
2288 19708
9662 12069
21733 21989
2466 7926
20213 24055
6473 9058
16943 18902
16765 22146
1072 21969
8203 18878
1037 1856
13877 17707
3448 15601
98 5322
4892 7596
3854 12449
14726 24106
7853 22890
11699 11792
8523 22519
649 21326
13404 18599
20915 21681
18568 20284
3790 13125
9828 11652
6473 17040
8489 14167
3707 23106
8049 11783
3457 3981
4677 14992
2574 18066
1089 10793
2552 9951
11899 15658
1211 7026
15248 20868
6297 13551
652 8392
1597 4643
9006 9237
2720 14134
3213 3479
10948 11135
5561 19761
21919 24380
9904 19841
16895 18420
2935 13464
10394 15571
1167 23838
8130 11457
7183 21534
6526 19658
10355 17780
14300 21210
7841 12418
5870 17543
17761 22779
15977 16409
10066 14265
1528 5747
1914 4840
10530 18452
1247 5871
5673 22099
12108 15391
7429 17500
3213 16192
17154 17710
18880 22589
1479 11337
19322 22824
1697 3946
8822 18994
13389 16629
802 1234
1494 16840
5758 15488
1257 4446
1465 20784
21735 22008
5723 21140
937 11648
18071 22148
1393 1906
3316 4540
4115 18848
1502 10750
22011 23701
3345 23194
9359 13558
190 18522
17094 21062
7222 19452
5255 7022
2279 11693
3111 23164
2763 8789
16466 23843
2831 10882
14868 18356
3983 21813
12472 21337
1098 10623
4705 20269
5115 22185
9143 18603
1226 14456
17223 22213
4192 9424
10083 18934
2857 13740
19182 20862
9035 23836
10637 12054
7289 15469
16192 18808
4845 9002
14294 18127
8894 20124
19871 23417
19533 23853
7461 22098
14474 15597
3808 10463
2731 18051
1237 2175
1910 8789
21118 21166
7503 20712
552 6819
3791 5535
13645 15107
4511 23829
5662 18353
11253 22473
17920 18951
10623 14238
11672 23489
8452 20728
4718 21154
5171 13899
6799 21639
1509 22409
19446 22490
2708 24016
1573 11650
12785 24354
387 18568
8098 22227
1019 21311
2205 20673
1752 14600
2102 17702
3736 24380
2701 9584
13732 15869
12579 16240
3696 8478
19275 21858
9531 10230
7030 12071
12286 19082
9888 16899
8881 21037
1546 10793
4994 21959
0 3523
10234 19049
8332 16561
4041 12250
5005 14822
803 8590
5799 12184
4055 11646
462 18250
7392 22731
13989 14387
21564 24352
473 1296
12743 18839
5599 21274
3751 7782
5479 10429
2398 19804
11952 22099
16738 21336
11162 13083
9601 20946
6089 6525
243 18173
1959 8036
18382 20922
4175 24228
19600 24236
7274 20716
5886 17644
462 21812
16751 20458
15250 16644
10573 16519
22559 23969
3164 7163
777 4908
4280 18138
13957 19683
1383 22495
577 20101
11778 20788
12672 20814
6383 16822
10194 13949
21999 22325
3334 17249
17381 24083
2222 13217
10233 22602
15089 20781
10089 23316
3642 8239
8331 17857
15139 23648
16139 17684
1050 5728
19691 24229
6589 12778
6786 10805
8167 19875
13549 16135
15003 16091
7476 14597
6937 15013
13714 22490
4289 7638
12560 21530
2209 13099
11423 18271
14882 22420
2508 21924
13820 20314
4641 14828
3999 23032
7879 22109
3779 8461
12162 16552
1869 22491
7508 8605
12940 16935
6377 11105
241 6938
17299 21462
11632 16000
470 10489
14849 20484
4821 22499
14912 24294
12645 22022
17453 23087
10691 13082
22924 23597
8600 19771
4514 17865
12388 20962
11677 12717
18782 19398
2944 16283
4673 18581
1932 23887
298 18525
5183 23192
2540 3885
1818 16024
462 24207
613 12981
10647 18403
11997 18537
15787 16491
3588 6502
16128 20030
14519 16219
20746 21673
9809 22709
21511 21584
2295 17774
17071 21478
10507 23471
11321 23169
9539 22157
10751 21053
10661 22256
14140 20473
9308 21121
16804 17862
11861 15310
3062 12038
8922 11643
11912 13730
9443 9516
15402 24053
4263 18058
857 15851
4920 24205
16697 16710
6419 16872
9645 15467
16511 23082
3288 6656
16293 23084
10484 18639
3194 16081
1211 14796
8646 8931
15988 16930
6553 22102
6082 21367
7457 20378
16150 20017
1084 14490
2165 24320
1586 2103
2293 13748
8344 20997
1216 18090
4368 11588
6138 12252
13275 13913
7020 20014
3760 11198
4284 21105
2982 6506
5515 23233
20565 23551
3561 10114
5727 12067
6473 12673
2225 17344
16162 20880
14317 14921
5571 14017
14025 18643
8075 8377
15020 20436
2253 15283
9413 10214
15850 16447
9457 15125
2045 21175
2465 5402
5491 19935
5679 16205
8463 20041
15029 15402
16450 17944
3621 7105
5732 12760
493 7893
2605 13090
763 19230
14381 20330
12625 19051
10187 12014
5237 11458
17948 22366
14880 17163
1303 9617
3008 4167
2748 3060
13796 20076
19037 24215
13044 13527
12341 18368
9415 10172
4494 9125
13992 24104
2371 18102
6859 24267
2799 10515
1506 17629
7373 14840
23079 23519
3849 12725
1879 13016
6391 13164
7071 15056
8906 14763
6995 8885
9542 16118
698 23364
7170 11629
3873 21747
10795 21222
4875 8061
9901 16684
779 13921
1505 7194
15782 22902
5210 14758
12943 21646
19699 20715
1371 20672
2119 22977
7369 20621
7652 24059
17737 22951
15198 23934
3481 11018
4225 14883
1336 6600
15364 20542
10402 21736
15412 17556
2163 12203
12172 13927
4198 4515
11377 21178
3022 3573
8606 9136
14207 23674
3098 20612
20201 20718
1862 23636
13252 23175
852 5462
10955 21014
6510 11773
13142 22160
1261 11907
1728 14526
1004 4348
7820 20830
6504 8527
16303 17567
10057 12426
13201 24174
9256 16748
4047 14695
5892 14758
8149 9051
7782 19914
1693 11726
14520 18543
16028 21677
4513 23756
2470 15627
8948 18535
13132 15540
5828 12082
264 14107
1074 23721
316 11540
5496 18390
6894 20704
1725 9835
12758 22503
1095 11303
11135 15036
20701 23516
465 19393
2637 23764
2465 6602
19320 22970
6212 9898
1033 20774
7164 23058
13162 23862
3153 17530
3405 3610
1454 11954
10168 24001
7916 22334
1354 10238
11699 23408
10106 13946
12361 16172
14323 16581
471 22714
651 10224
3727 14631
9655 9997
18971 24388
11623 13838
8856 9624
9277 23937
14926 18361
8419 16168
15866 17589
680 10143
6702 23083
18378 18808
14916 22614
9885 24010
16520 17822
9150 21741
12314 17710
7966 9847
884 8222
2921 20572
3577 11218
7611 10413
3907 11887
2176 17541
19187 21600
5245 23670
10208 17840
15361 22608
1093 22485
7365 16531
3931 22622
6661 19456
10833 20076
4029 22696
8969 20303
655 18292
17431 17984
18362 18702
11958 24248
4903 7627
5560 11323
2299 23634
20495 22467
15906 23504
10691 13456
18347 22154
10330 21783
7950 11792
8981 13509
12346 20080
14247 19106
10876 22627
2051 12565
9823 17374
6688 12193
739 15944
12391 14012
3865 13714
6839 16280
4302 21726
5146 6730
2937 15938
5111 19998
23430 23470
2716 5441
4254 13189
4092 9779
3180 7620
19846 23038
13404 21784
2162 16207
6615 12487
7258 13299
5823 18522
2382 13641
9689 14504
8438 14662
11521 20047
4166 5566
5424 14422
4327 24366
4901 12985
14570 16599
764 18365
16224 21300
11758 15745
14143 22855
305 21400
6599 13906
7521 13812
6436 18623
16741 20403
1581 14128
670 3731
16074 22037
1620 9084
86 5944
237 13583
3843 17317
16310 22247
11578 14062
8154 17033
7014 8794
672 4484
8076 9854
3335 4974
9837 23379
3074 7533
1797 3530
5432 20234
551 1973
5847 12464
1784 2922
4082 19450
19131 20467
7444 20549
20291 21802
4179 17870
10075 16202
6446 22810
6090 11943
1322 2936
3694 5384
18626 22174
3716 14670
55 19954
14488 16732
6937 11218
17627 22632
18098 21015
13043 17399
2242 16816
17227 20714
104 6300
14911 24421
4709 16535
12249 13642
5570 9063
4435 22893
5349 7612
1691 23183
1641 11013
6851 17736
5038 16049
12495 16611
3295 22554
5441 10701
7237 18288
10267 15795
15982 16140
9120 13576
18281 21645
3269 12491
9611 23084
2055 9869
14725 22482
6632 7822
4866 16810
8604 9699
1448 18344
8253 21184
8063 8864
4222 19649
1482 1533
3976 19440
6548 13041
22349 22901
390 15818
1761 19388
7614 12151
2040 13711
12813 15283
3151 15681
18252 19215
9500 10296
1984 3475
22622 24099
2025 21758
9117 13391
5611 12551
2214 19716
6726 19347
3357 4953
3752 18772
6838 8190
556 10531
11175 16956
1810 15046
8784 13819
8927 14943
7929 24188
15820 22726
6105 21182
3980 22524
3715 13884
4747 8645
16117 18142
2936 18015
22356 23270
1571 7085
2399 17917
6218 8232
1343 10038
1684 4394
6089 6808
2924 4297
9880 22211
5145 8263
8687 22154
1751 2129
2974 19045
11366 19359
10808 23716
10712 21434
1566 23815
17576 19851
3072 24263
7906 19536
3380 5555
683 23612
7615 14587
13330 18598
9924 12111
16872 21085
3829 6806
348 7495
3029 17952
1597 21182
93 10234
947 6550
7879 8188
798 4033
6560 20713
6481 12677
14128 14289
6640 16000
10458 21762
818 9017
4231 6981
5682 14148
1365 5550
11447 15416
9698 21244
6208 11665
1338 19827
19466 19680
3246 20062
6136 21312
7633 18056
19328 24488
998 3298
6266 18176
4248 9268
16714 17282
12331 16658
18807 24141
10345 17359
16836 22733
3940 23662
7754 19302
1008 1559
4248 23186
4239 17556
14450 22287
17773 20513
10982 17553
11449 23079
1760 4289
9053 16191
5618 18096
7098 21540
5220 8607
351 1563
11942 23240
5473 8038
4804 14063
6229 11689
8346 19510
4402 19278
12997 14355
7020 12734
4659 15069
3303 3876
11608 20808
749 22987
1998 17217
21127 21322
2546 14015
685 15820
11912 18912
9598 23384
4123 23546
7877 19909
4018 9240
17529 22486
8934 11089
2386 22134
3762 4302
16516 19684
4084 19631
4338 22631
18429 20401
1242 9898
5767 8157
2208 8223
829 10743
13275 23633
15121 15351
6949 19742
15298 21429
2933 10340
16253 23774
375 7559
2482 8718
17877 21846
7276 22618
14408 23398
288 6819
1476 8273
11619 21536
7412 13740
8941 14825
10284 20906
13007 20318
2520 19025
4895 15369
12182 15656
3134 4819
1878 15260
4390 24246
10166 20994
9852 17100
10707 20936
3469 18236
12436 20773
11258 19435
3495 4366
2722 8381
14256 16451
1624 2212
16574 21827
10006 11078
13720 19985
10913 12100
8989 16576
4286 4716
3509 17579
5148 7684
2433 12525
4405 12537
13754 14659
13865 20457
9842 22358
11520 16867
18298 19373
2867 19885
4821 22479
2557 8134
12766 20259
12501 16498
4952 13093
11348 16953
15973 19244
8613 14532
5739 21227
6921 10931
7475 16026
15927 21577
6955 22778
5882 10853
8925 23020
22026 23177
18788 22077
13231 21169
5407 13890
1185 15322
144 9697
4236 10651
12320 17094
9155 18921
7301 21184
12502 16851
12907 22272
17497 21550
19632 20629
11676 19614
19537 19716
18378 20382
378 19843
2786 7043
5440 7026
5094 20025
5961 13673
4630 19895
1271 17180
20486 21721
6099 22949
11969 22250
6758 7170
8034 17693
4605 5277
4581 14594
51 18623
10632 20824
13990 23652
698 8933
3487 6688
4939 8638
4998 8516
546 7301
4183 10484
5014 17628
2854 11910
19200 21536
4708 12552
1420 17288
1583 8943
3386 17359
6375 9575
12933 17640
9266 14448
2993 10773
8167 23456
7075 9765
9750 13096
893 2577
17305 20365
16387 23167
3308 19055
12236 22854
9079 13007
13358 14114
8056 15074
10445 20847
5340 22670
1217 12325
463 20154
1764 20552
707 7457
14537 17582
11116 20975
3507 8325
4596 12957
20859 22056
16736 21378
11718 11992
6411 14510
18279 21701
12339 22847
2119 21698
17302 18714
22225 23428
2246 20220
197 12018
6999 8866
1192 22585
2054 4824
13600 18824
3752 6718
16662 21667
19447 22731
16702 19622
5303 13365
16857 21694
6123 23990
571 4383
3711 16828
8029 21021
1266 11355
3106 4135
12315 14238
12232 17315
2012 19235
15337 17565
5572 20963
4134 22481
6087 17678
194 5374
5010 19852
2949 13322
14457 24341
21666 23948
4747 10077
5771 12274
12564 15409
15647 17087
10015 11411
20465 21291
12991 22480
15696 20234
8465 15162
2053 22458
2372 10025
4342 9834
16710 17836
489 20139
3787 10167
1287 17252
12682 14854
10672 21361
10929 20762
16965 18903
15785 23061
8414 23251
6538 23330
2432 4918
13425 21540
6639 21753
3132 16779
2389 19700
2656 8142
1035 3517
1888 7327
4273 9102
22312 24274
7334 14618
3505 3978
18643 23602
8063 24038
10868 11049
3604 6091
11544 20755
14545 19177
13160 20448
15091 20108
15933 21244
18398 19136
6084 14576
15864 22024
9735 14438
7378 22651
5348 20048
5997 7307
14045 19071
7369 16751
17121 17844
7717 12814
15271 22623
9980 19467
4372 14207
13782 23445
11244 15969
7618 22831
5579 9441
8040 11621
4557 7598
5956 13933
2456 24489
17719 19895
97 11815
1467 13910
18973 21257
12172 22818
5191 6766
1372 2940
228 10826
3331 7573
15197 22889
7370 18399
5734 8573
2627 7835
2098 2225
8404 14204
14980 24338
6896 7677
14529 20015
9574 21196
11548 12628
7859 15744
3225 3828
10974 18773
11227 16264
567 3175
13915 22310
7995 18998
5777 7281
15119 15201
18112 18660
20262 20553
1735 13803
17165 23536
8748 20751
5294 23321
2877 7954
15547 19214
3682 3994
11917 20857
3330 8063
9770 15482
6804 22796
2109 11922
19718 20994
13526 24310
15293 24083
2220 20198
13905 16157
10950 16151
526 11710
11911 14640
22682 23345
19281 21401
10635 11019
6187 8478
2925 22050
4991 16521
17767 20929
5777 22902
5786 21230
9297 14960
1755 17315
19532 20084
17954 19167
3422 18061
8418 15277
16054 17093
58 10547
13176 24205
4112 17921
16963 18565
7911 16235
7492 19406
3897 4580
6442 15158
16507 17516
227 18834
3817 6086
3649 13653
399 14779
248 10645
1782 5573
7137 20368
12886 22387
6067 7016
8473 23953
5405 5820
11715 16839
5445 8729
11070 12308
11851 23522
10381 21397
12637 15919
15901 18932
7686 17890
8063 16436
3023 23082
3923 21084
6988 21701
17536 20671
1008 23410
17515 18757
2066 11179
13748 20046
19528 24027
18112 20431
6208 20541
14424 20852
1677 2995
9834 18385
16384 20912
1151 11731
5852 13821
8434 19243
19071 20528
286 10896
2569 7970
21603 23179
4940 19379
1697 24302
1699 20795
1393 17972
638 13960
4246 18568
12914 20680
22698 24303
19369 22470
15173 24198
11966 23253
13879 15233
5607 17675
11981 13280
19589 23658
13204 15671
12313 12879
14383 19919
3317 10886
183 18535
2941 16783
9266 11651
12258 23435
528 18027
21967 23163
13701 19531
4156 21912
8513 13792
3168 18817
11158 12686
5236 8523
13030 14403
1270 14222
1800 10435
17793 24352
2410 10583
12806 24316
2239 3192
1148 23475
9326 23232
6239 7731
2086 11070
4023 23844
19993 22086
9058 18916
4947 20097
11657 23460
6360 9669
802 15571
3312 8799
3352 17258
6229 6849
8127 19135
2346 18316
14858 21730
3685 9921
4208 12806
10409 12788
303 19320
10282 19252
6316 8411
10363 20296
2778 23058
5974 18190
19462 21506
4703 5591
2113 7783
20061 22700
7101 21804
18666 23741
14913 19085
9117 22442
5291 5617
6919 12394
3553 10234
1121 5288
8826 12132
18634 23499
6167 19090
22727 23218
59 4481
2759 7851
5398 20592
6228 7581
19243 23378
4804 18668
5708 19812
13461 16919
5942 17564
12813 20152
10441 15551
6427 9556
1975 12903
13194 23245
19555 22135
1464 1793
4422 20281
7993 9239
8078 23275
17200 19870
13180 16271
15833 18923
1324 23168
4660 20571
5967 11524
6578 15958
1508 19961
16631 21199
2399 22711
1167 6782
1579 9715
2090 13210
10947 21374
12199 13620
11426 16478
15455 21019
9086 22640
576 15348
11670 21290
881 16760
8392 19709
2944 21023
5614 21227
6259 13368
4806 21800
11657 20509
4711 4924
9273 17050
7797 22699
6620 12785
7045 16440
6327 8518
7273 20505
12945 17031
12224 17064
12242 20104
11202 16194
14034 21524
6703 17958
10338 16937
20179 23366
11858 16106
6625 14088
22855 23776
6302 11671
11677 13452
8683 10070
526 10509
5051 21857
22227 22916
13714 22212
13520 14024
16625 20267
2495 17407
13351 22281
4398 18156
8111 21251
17357 22805
6275 23622
1652 8506
10714 24158
1294 20718
13008 15138
22502 24090
4526 20604
10120 19053
10260 22295
7326 21084
22666 23588
9466 16152
12372 14920
11421 11458
10455 23750
11181 16327
5640 7463
9465 15800
13647 24334
1478 5264
5208 20206
7578 20312
7279 23755
6379 12927
11665 15690
12735 13306
3121 5041
4828 15261
14744 15529
5792 15544
9285 14921
19845 24204
14632 20661
21 16002
2729 18043
4709 11383
4046 23827
11850 13122
6130 12118
7607 15785
15866 21449
5128 7446
22812 23202
5192 21278
11980 17219
7777 14790
1512 10280
13354 20552
13020 20885
20657 23529
3940 10010
1654 18045
7397 17623
3532 5105
15568 21558
13608 13742
20722 22792
67 24040
3571 17428
12782 23157
8805 18728
4929 13003
16909 23978
14836 24356
7922 23598
7877 11213
6998 19067
1900 6454
18549 23524
13195 14985
11316 16902
11320 13189
302 1331
13428 18076
10400 18336
12604 14072
197 9555
16562 18191
19734 21906
4037 9623
6868 12984
12322 19099
7873 16068
2396 9260
7584 20989
11413 17598
5987 7316
14098 14155
14937 16830
538 10194
8101 19792
6874 22077
20152 24143
14739 20336
2699 4825
16587 21650
6298 11712
2340 16938
11718 12716
18209 22401
15177 16448
11131 16967
6055 10815
7350 19966
13596 14512
16699 24431
10000 21007
5550 21943
17827 20716
2378 4384
17688 23515
1224 21241
6248 23308
273 7714
15733 21340
2180 6033
560 18958
22271 22464
10681 19812
14605 18484
4107 12029
22007 22384
3403 20172
4 17740
6935 18686
7386 19783
11209 17557
4383 6947
15341 17171
11685 23272
542 19699
16316 23091
7962 23131
11886 17661
5783 15246
13949 19453
8943 16196
1459 22066
1153 3257
17930 18533
5015 24372
7142 20872
3465 21180
12646 16006
13097 18029
6949 8566
2737 18847
5415 11947
9542 13378
5215 11763
18204 24004
24 11874
8257 8810
4472 6868
8858 16818
150 15586
15822 20909
9731 12644
6343 22163
2018 6719
1594 13681
22206 24236
221 10538
7229 11380
5928 7650
6280 19139
14721 20451
6982 11997
9186 24042
6293 16145
9324 15016
6650 9034
13657 14572
19383 22250
6569 20807
12860 20107
2601 6314
19490 24315
9073 13557
4659 8284
11936 16519
11 17436
7067 16887
4444 18910
6174 16517
493 19535
7346 21283
7632 12774
1280 22261
13592 23595
428 18007
5561 21612
9792 21695
336 16443
4600 14452
6955 12939
8059 13932
6819 16869
4696 21967
6047 18178
10329 23936
1463 16724
8765 24115
7799 23795
14853 23414
10982 20266
2279 17114
16957 17821
8129 22440
524 22187
4501 17243
180 22232
6572 15349
18138 22845
11491 11760
15699 20551
4511 10470
10188 13568
16736 23974
20886 23459
6250 20323
17894 19134
4820 8266
5088 15450
20006 23126
9227 24111
12517 16537
4750 21146
5646 14822
8573 11923
1582 20725
8021 19219
2754 11211
4066 16365
19177 20013
12960 21573
8073 19901
1644 11540
19547 20652
14491 20480
7336 24189
2658 15826
1222 10862
17850 21902
21009 22747
4856 14436
13210 14376
9766 24187
8664 13031
7950 10634
8376 9280
8402 13757
4025 23503
5536 10623
14 14951
11137 17413
10572 17250
5178 14549
11335 21907
6636 24275
1745 14103
1527 20352
7219 8768
20103 21088
5288 11414
16918 19187
3587 10704
10186 13604
14721 14829
3173 10197
374 12822
657 8092
7938 24017
17988 24393
9059 23459
2626 17813
3163 16816
1806 20312
153 22043
5458 8286
16429 24431
6226 20951
17682 22067
10800 17968
874 6639
790 10292
12729 15079
1134 16470
9802 17288
16066 19322
12665 16312
5314 18326
7548 16641
13025 13681
11547 18958
10046 16380
20538 22876
2335 8608
17890 22398
8822 20017
676 23001
152 20178
14947 15449
2983 14319
22270 23442
5117 15139
6416 22556
11402 21028
2029 15105
8574 14616
5869 17618
8148 21203
12158 16312
8538 21270
12678 20297
16245 22607
6374 21358
8771 23501
10818 15765
1169 6868
6779 13013
14392 18803
9432 24395
6361 12350
5051 16701
3708 11834
9592 23269
83 2081
7707 14710
16088 21306
11326 13910
3065 16192
7389 13054
741 6291
12793 21976
2432 18717
15610 22138
10456 17582
22524 22616
12811 17945
6007 10165
2497 23929
5121 14391
15198 17270
6863 20137
11559 12535
13535 16325
6394 23285
5001 21545
16191 21771
400 4862
735 18558
9820 19565
9736 15114
2012 13309
17971 22395
20266 22336
18442 23421
10195 22847
11386 14713
1083 21344
11450 15921
7315 13312
14021 19810
2658 17363
7995 10952
11948 19429
10814 23661
11832 13807
547 23638
1738 2797
10087 20082
17999 21640
132 7428
7310 16651
6792 24432
2396 2884
13421 14324
357 18647
8643 22159
244 804
10378 19013
14714 19362
4461 23147
22464 22756
7918 17850
3068 5837
3741 15594
10838 18166
17589 23625
7959 9167
9279 18351
2151 19113
2479 8422
1812 15365
1765 20579
192 1711
5875 12931
18446 23494
8169 13119
13102 16993
7755 11850
2422 10956
8188 8382
176 20459
4691 14100
11383 19249
7709 15700
19567 21390
4245 16987
12395 20584
2664 2803
19655 22141
8270 9962
5797 18584
2796 17440
4480 4959
2173 11086
15043 15536
10269 16724
13503 13698
6495 17759
6301 6638
4270 7539
5643 17906
6710 19997
12766 15307
10716 15381
2350 13102
7256 11590
8423 17942
1705 2109
7509 11947
20901 22819
192 18171
15467 17587
10118 23406
898 8020
6680 17266
16106 22504
984 15952
10736 22727
3354 17367
6294 19936
17890 19440
14051 14539
5052 12562
12609 12688
2727 19569
6654 7226
2258 20543
12353 19509
817 8873
18978 22131
5042 23388
7600 18044
8699 20873
17326 23935
8241 19133
1053 8209
19515 23245
6001 24204
8209 23639
13257 14232
4571 21095
1187 11361
17986 22445
1938 12053
3284 11384
4511 13711
16221 21490
1296 4494
11069 21419
13890 19942
3534 8296
6098 16081
2773 18080
12064 17316
14140 14341
4117 17769
6944 23740
9153 19809
1492 14030
12023 13100
1567 23825
2676 11335
1989 11316
6502 8791
10848 20381
10743 18019
450 3843
14126 18606
12713 14334
488 3232
8056 19630
2513 7617
12864 20827
3841 24327
1573 9870
174 17531
1631 11200
6223 11469
10739 17455
13252 14713
1825 19242
674 21228
2577 19434
6459 20990
20961 21429
2059 24346
10657 13614
8412 20243
8908 11894
5623 15023
5989 15794
5035 23525
12118 22329
12532 14584
19333 19408
9158 14086
8853 12670
766 23242
6845 13000
14815 19798
18707 19043
9200 23074
2482 6193
1987 11617
1534 2495
440 23871
14750 23080
12337 13535
8800 21535
4544 12745
2895 3618
1938 3929
2262 21375
41 3495
14977 23778
2341 20803
12906 15235
1691 14122
262 21634
17443 18282
3224 20273
11062 18837
12309 24482
14554 22539
7093 19848
11753 20396
3721 19468
16044 20060
6941 19512
7429 17496
3714 22522
20973 23856
4543 11217
6957 9171
8797 18723
1694 1925
15022 22775
18403 19009
3577 23899
7750 11151
4613 6909
1846 5987
13176 17430
139 8912
425 24110
9832 15630
5148 17911
11351 11504
19201 22196
7636 21897
3116 18263
16313 24002
10808 19483
202 17117
12054 21014
5191 22077
14486 18484
3657 8151
18652 19166
11724 16296
3844 15616
15715 18036
14397 17469
15565 17971
19565 20996
18601 20410
1737 2719
1075 20528
13573 24147
9352 11157
1400 22549
382 2188
15691 22725
8738 15297
15748 17398
7016 21911
2252 9169
6563 18243
8071 11701
13232 19759
8882 11440
2302 14219
8071 18612
1780 18289
4811 20766
10087 10446
3093 3741
8210 24379
5296 12753
12175 15590
21080 21196
6430 21134
19640 22591
10409 14346
15212 18708
13975 15944
13622 20006
4782 15081
2869 15829
784 20622
1429 6095
3847 8984
2337 22662
1504 19268
19377 19472
9388 10817
10502 21179
5379 22095
3826 21519
3938 22289
11897 22476
8561 18452
7421 24250
8534 16883
4310 14372
10007 17080
7304 9681
1563 18095
2958 24267
2957 12067
12433 24013
1787 22295
3886 4396
667 6166
17545 24300
23624 24069
20869 21548
18163 24438
16983 21271
18413 20326
1345 13245
2937 19491
9540 14250
2895 10567
3593 23672
7382 23176
15872 22348
10025 12790
17453 17476
2528 9603
5050 7803
9626 9757
4945 17440
12198 23788
9437 19202
1480 20766
3083 13504
10120 10673
18795 21660
17240 20990
2151 20811
22139 23085
3200 22670
9020 13093
12253 19555
3339 22122
11538 21538
5156 17719
1055 21999
6052 9783
3337 7221
13165 22927
14057 22190
5912 21346
12086 23143
3721 13954
1223 22977
8807 21288
9517 17497
18947 21560
10041 15592
9168 20408
3306 23726
2353 17847
4270 12862
10514 12752
41 12754
10034 11599
9091 14529
6786 12427
542 5668
854 20142
9648 11708
13062 23978
7702 23957
7088 13185
609 18599
19027 22030
19429 20076
12641 13226
4935 8089
12232 17230
14848 16603
10725 17089
19179 24357
6450 16361
13076 22493
7615 22191
5339 9969
3433 11893
2527 14143
7698 16105
11795 16083
354 421
4949 19347
18540 22120
4685 8759
8881 17836
1385 15531
11491 12631
5181 5744
8916 15053
13960 21264
4471 24129
16074 23989
16677 23963
2932 19742
6747 22292
10418 21378
20641 22399
3506 18013
9682 13120
1271 7924
17810 20481
8935 17159
12172 17402
9906 17873
11186 20686
13607 18471
14116 18585
10299 12971
8051 18025
16998 22456
4872 23583
19833 21919
2034 6217
1620 21542
4768 16323
1478 14427
10430 14085
7335 18697
7194 12033
5256 13017
15054 19869
1867 20303
4928 17050
16707 17491
1469 15421
14164 15603
14141 17676
769 10481
17095 18221
4164 21181
16416 16663
17666 22450
5805 20122
4523 8287
6772 18992
1338 7422
5289 7152
6859 23002
7906 9139
1341 5473
22448 22792
4091 5076
16875 21497
16172 20442
12364 15294
17672 17675
12690 15322
9812 18332
4730 5482
4135 23449
4916 23689
431 23265
11240 23635
6578 17532
6624 10528
6290 15731
10283 21651
6340 16770
1924 3119
5377 11943
10288 22638
1963 13284
2839 23575
2023 3499
8890 11743
18357 21950
17507 18519
13184 21411
12673 24019
2223 19487
15179 16365
5991 23219
2800 12000
4738 22279
11329 24211
1404 24039
13402 20168
5474 21646
1791 7988
2617 14073
10032 17024
3977 16617
9016 15395
6775 16575
1779 9068
13164 20088
18659 18826
4223 6257
9245 14303
15827 22141
13492 21571
1417 23237
1293 22472
2474 19391
14007 22967
11050 20870
18387 21329
11763 18524
1368 23825
12779 22804
1153 14507
4774 11181
774 16902
2494 16114
10225 13053
14723 21817
4802 12352
13608 15619
5409 21176
319 4202
3988 16094
424 5628
2373 23182
1214 17622
13675 15584
6512 16126
5036 13990
5482 10993
10117 20042
21301 22902
20763 23281
685 1956
4864 10632
5743 22817
2111 17610
1567 21673
12677 16328
8295 19917
1322 9629
702 17953
2036 6247
13494 19346
10014 12297
15610 22486
22497 23898
18979 22137
16727 22260
2722 22910
4721 21876
2326 6180
6105 10391
1957 16704
2289 6166
10228 23087
15268 18603
3087 9120
7314 22109
640 5400
1072 2539
13704 15866
7737 10747
3837 10624
4884 16192
5744 13718
5726 16299
17518 23886
8320 14844
2657 15579
18601 19181
1200 18079
2082 9248
4996 15507
6569 21497
5674 12113
5522 10726
13031 17429
12541 14857
9793 16261
1377 11555
11644 20325
1421 12514
2488 2816
9936 13426
452 23278
2565 3404
5077 11518
10158 12562
6542 15281
53 6036
2483 14232
4789 4909
3512 17856
3769 6979
3637 15022
4535 4978
9509 12445
22466 22538
4576 12463
7445 11299
3387 18045
2881 16787
7994 9347
3395 7056
9140 10298
20372 23063
1298 5991
11099 20258
10640 11297
6869 7397
14095 14143
304 3607
835 19307
11471 14227
1461 3086
13483 13895
1533 20105
1158 5013
9627 10912
6779 21313
8178 24319
4674 10357
14958 15997
10452 16759
7824 15664
15954 23461
13137 17065
5650 19593
15894 23133
10238 14054
3796 5779
8709 13231
6826 24282
833 23144
14392 19714
13107 23663
9223 24172
5201 22715
1772 18029
2864 9043
5068 17663
9482 19226
11099 18716
11641 15935
11776 13952
8896 9011
2556 20584
1850 5957
3958 17457
18818 21596
13932 18134
14140 18627
5717 6744
5905 22213
9840 14474
5310 9102
16088 20947
15526 20575
7149 10357
592 4969
5400 8070
7386 24343
866 3767
640 19438
7239 22269
7155 21367
6261 16687
2634 10858
12125 20520
7636 11429
6968 11608
14474 22796
3351 24356
5583 11904
5596 9571
5192 5213
13063 18277
14105 15337
19603 23061
2821 18518
1318 17267
14121 19859
12391 18107
8659 15026
5468 23549
11404 16413
2665 20958
7275 14562
11153 15129
4897 7843
18996 23696
11373 22488
6629 8928
7317 20967
12208 22938
5871 14200
4083 6709
12602 16495
19375 22949
17372 20807
19348 24127
2375 16919
11415 22737
5749 24348
6217 6442
576 10549
21149 24481
18534 22818
2421 23164
5315 8639
17106 22606
3553 14890
5313 22448
12508 21637
5110 13452
13518 22654
8726 9375
1645 20364
12293 20860
7991 23223
4878 21773
16001 20096
2244 3665
24119 24310
1510 8240
9413 18981
838 9168
5021 6225
3762 6081
10815 22945
4912 18323
1344 1746
8395 17440
747 16432
8693 11952
8733 21099
13106 21034
5851 9004
4704 18647
1713 4404
161 18684
19125 23733
18087 24359
2277 4612
12750 14629
8656 8959
1978 14140
9513 21113
9980 14632
4767 17955
2012 19771
7779 15274
4202 11711
9968 17244
5234 11164
424 13521
9560 18875
10578 23099
2510 14757
1455 9595
18244 21571
609 6626
15578 19171
1726 8627
8334 14131
11334 22590
9382 10979
9911 12123
1990 5111
5751 14404
4374 5978
12581 14617
11585 22918
2298 21545
9374 15439
2105 14607
5024 5852
4001 15505
1951 4783
10487 15007
17757 21334
9086 15252
2582 19718
17855 24085
15777 16179
20447 22896
3380 22297
13202 21159
2829 13019
2989 21048
4871 22166
12566 15295
10939 15478
150 17015
5014 10133
1008 19299
473 7587
16966 19587
10682 14538
15942 23595
15711 19962
6059 23956
3161 4554
13182 15722
6081 21012
562 6461
14998 17940
15099 17808
11823 15856
1786 9679
3501 21126
3874 9265
4126 23449
11407 13962
9518 15653
8739 14216
61 16889
2308 7004
10713 10756
13179 20544
4822 17517
2240 6239
23962 24416
3335 8117
11550 12441
3979 17938
293 11488
37 11186
2398 22367
6307 9502
5981 12265
16127 20235
17647 20850
10676 21152
2273 7857
13806 21309
17984 24387
1548 2246
8888 23454
9230 20369
12 14109
2473 8486
2421 2544
6280 15444
19024 23445
9884 18623
2862 23102
4633 7497
20917 22878
16726 22426
12180 14556
1013 23460
1027 2932
10262 23227
6790 15410
18016 24198
6136 18722
12815 23723
11507 22320
6990 18171
5440 18914
1195 17995
1210 7165
4786 14522
16425 17304
9917 18832
12878 21703
10865 11465
1237 7823
2057 16518
5888 22291
1834 8528
6009 8056
18169 19680
4417 9844
11065 19223
7853 20399
5711 23940
17978 21021
228 9852
12313 20423
2013 15838
7678 16294
12917 20127
17028 22538
16645 17625
466 14579
5767 6606
20310 24092
1070 8546
8691 10928
1524 22494
8597 9814
15196 17164
3726 7046
2342 24062
6616 7123
4161 4288
4809 23104
10384 13224
119 22064
3596 22001
11699 13409
8104 10370
13706 17136
3017 14004
16611 23039
14319 16276
14097 14562
1113 4873
11253 11800
5904 10193
9446 22080
2116 12738
15645 19573
14914 24410
5724 13622
12742 22136
23908 24292
11982 15153
11742 22406
11873 20340
10286 16908
4052 21350
2391 10029
1919 13858
14816 17730
15142 22042
9660 16115
2508 11411
10715 17539
1599 12040
2733 23160
867 17879
1967 22759
13158 15093
13030 20824
4009 22417
10801 19945
5327 9293
5748 23317
11919 20078
18360 21332
8554 10757
1904 19014
7612 10685
7747 17814
2052 3204
6949 13424
2932 6229
1988 12653
177 15490
7913 24240
5235 14771
6007 11946
1151 20015
13409 15501
2433 5345
9336 23960
3013 17985
17159 20403
10335 20068
9881 23934
2537 10851
2789 16494
492 7448
4315 14761
3778 9924
7219 20275
11550 12481
6969 16366
2571 4266
13231 14886
12725 19397
16645 23443
10028 13955
355 2773
14920 23079
1076 9029
10227 15134
2118 23002
3468 22517
1951 19251
12062 16187
14518 24262
11422 20042
12976 14776
5933 23900
10670 11522
11476 13030
10077 17556
4909 24122
1021 2329
6655 16018
1612 8412
1118 24346
1192 1539
2485 4347
12306 14376
5662 20937
6512 8480
19831 22238
22197 24135
11225 13517
6317 8844
5226 17942
11997 22328
7115 14229
12234 14802
10761 12365
4865 10421
4722 23738
10754 19261
1353 20996
15342 17186
7954 15402
7145 15170
732 8180
102 4722
10796 13503
19240 19734
1933 6593
190 1916
17708 20683
1225 21769
19707 23418
9731 22968
9360 10868
418 1433
12752 17485
153 16988
13661 17285
18891 22916
7997 9771
3196 19791
6557 18116
18163 20970
6167 10569
3850 21454
2414 9626
3644 23099
3662 7882
321 10008
1869 10975
363 10296
1666 22139
2231 2763
15332 23263
10811 15533
15661 16885
13441 21843
9870 22918
16261 20017
17779 20368
16664 21305
7499 12988
13328 23129
19143 23779
12290 21918
14020 15820
13353 18729
2193 21123
7723 8226
9871 24233
12027 24259
11199 17284
12768 15819
3399 20713
2221 16476
2723 22780
8056 19452
11998 12617
18994 22729
676 9166
5665 8344
7154 17233
10740 19053
1141 17017
148 22843
6271 10501
6157 6881
1843 21581
7238 20397
1386 13522
2888 14407
1918 12405
1271 4621
16310 16836
8100 12825
13885 14539
6076 20112
10254 23643
13963 24141
18222 19153
121 10267
18773 21348
5511 21902
1962 8902
15658 18635
2438 23439
706 3184
13205 17090
5611 21498
7297 9892
7815 8859
9892 16392
7113 21210
6335 12797
9594 20458
13487 15869
4783 13168
2573 21730
3105 15478
17741 22189
988 11216
14279 16373
4282 13509
14702 19822
3890 10193
12095 16060
6766 16753
3716 19144
4001 5968
12951 14238
11436 23266
17943 20502
2012 6553
2828 20875
8384 19844
15698 22946
1560 9596
14065 16565
13071 17247
3634 13927
10015 21336
6092 21809
17645 21866
4342 15771
5715 13577
9779 18469
1696 3514
12562 15162
15191 20999
8065 17511
6171 11514
11938 14184
9222 20373
2452 9340
7617 23585
16698 17563
11613 24040
7172 14770
353 15207
12008 23055
11966 24001
9272 19486
1754 2615
6568 23805
4865 10557
11269 12919
8778 16198
6778 11492
14240 22820
7837 23093
4137 18599
736 23476
6349 17313
5031 13190
7010 20929
10781 19703
22725 24346
4310 16320
2105 18556
15333 23299
6843 20935
21367 24411
8612 10819
10025 10027
4225 6765
960 19620
16609 21219
18322 22575
1470 2086
6249 20058
11140 20057
7951 13480
8442 10081
4582 22653
4 22912
6850 14666
14027 15698
5845 6011
11027 14611
13513 16781
6287 19083
10731 16292
7369 20919
121 3757
9710 22667
14994 24459
5287 19380
8531 9516
8073 23061
7500 11078
5686 15784
2759 21185
9740 20042
6628 11529
5474 22169
4852 5919
17017 19419
16177 18263
9952 23494
14575 18768
1944 16557
17052 23633
7532 17865
9997 20086
5628 11736
4798 11416
1964 7689
16109 20196
21984 23697
7417 11648
19525 21802
4766 8048
15403 21476
9067 10511
7781 17257
4873 13712
13524 23693
6991 15373
7636 24304
2660 5790
679 11841
2692 11388
1377 12156
6127 10528
2458 2734
13250 14578
11375 20171
30 1169
2949 11096
9410 14021
693 23897
10321 18650
15457 23909
8123 20214
8098 24131
14971 15034
2678 20862
7722 23020
8181 9692
1693 10582
16079 22452
867 5007
3742 9002
4413 6377
3266 21173
9615 20276
15765 23904
2089 3485
3900 12053
22411 23840
16985 22731
16518 16983
9897 23324
2158 22289
5228 16048
6164 18511
1726 9487
7493 7927
2259 6171
425 2777
8826 12861
5965 15925
1774 6555
10353 20507
11359 14051
1034 19202
12474 22836
6843 13597
17764 22917
698 16348
15699 22799
10317 16979
14463 14996
8105 20462
5082 8252
11367 13444
14592 16199
18323 18883
1656 23417
16083 16299
7150 23532
8211 9416
10786 22151
3960 4286
4625 5002
557 13902
3800 10431
10299 20284
5921 20309
10297 21011
18626 20145
16477 20185
22023 24360
1391 8734
3892 15242
8466 17715
3251 24416
7022 9300
4080 13378
14072 17991
18087 19325
2156 13640
8725 18283
15233 17606
15013 17757
16128 16302
14306 15131
9104 16147
14357 19781
8272 10849
17283 17790
3699 21394
5938 12016
5894 10292
4813 24325
11989 18917
2791 6205
15232 18860
4353 16799
12699 17770
18990 20772
15750 18130
3569 23732
9643 22781
2586 7633
11567 22746
10936 16934
10477 18967
6021 18585
16771 23370
504 1881
10696 21038
11215 15308
11912 23978
16928 23325
956 15617
8639 19504
17807 24114
1170 9935
5421 9449
15019 17514
9010 19085
1501 1521
17819 22882
12184 23839
10573 10930
4141 22554
1811 10593
12537 13854
13867 19937
13762 16367
8079 8315
7328 22325
4684 11855
20994 21213
14470 23864
828 21193
3655 23917
2659 16531
8882 18759
19458 21619
4066 16371
20801 21118
1725 4003
2293 16834
1454 22343
5377 18428
11385 24199
6651 12770
1087 20890
2942 22185
13226 24195
14517 16321
14104 20563
7009 20164
6938 12614
3000 18519
3650 10779
7122 17930
2989 15224
8880 11557
12582 15883
4405 9745
3949 13402
3474 11037
16277 22131
4807 18469
9588 19194
6240 22714
8161 17279
12627 23870
17856 21794
16564 21885
9435 20207
172 7377
390 7861
750 3551
6655 14704
836 12321
13972 17305
14563 16628
5886 20683
6723 22466
6783 16988
14104 19216
3328 11084
7040 19962
10058 17862
671 5240
11999 21498
13869 14910
346 6043
15875 19969
5642 10580
10242 19146
11156 13875
4997 5036
9711 12582
1024 3218
4594 8930
9725 10776
17927 21590
5425 14591
14602 21442
6595 14714
16484 24236
9586 20822
1947 8098
17596 20810
7015 8452
10631 19676
4418 6331
14073 18528
12430 24008
7792 19744
13565 14985
1709 11749
5621 19074
2011 12337
4800 23730
22939 24175
10516 20428
8154 24314
1120 22214
4931 19620
3730 19070
924 10920
4312 8016
3411 17682
9782 16518
381 2586
15072 20925
21982 24127
3716 15032
10070 16375
10338 22861
3540 24208
3465 4851
7332 11030
10805 10819
1580 23252
1387 17919
10522 13862
5922 5958
2587 7226
11833 16858
1851 5357
10225 20760
5905 13982
3077 3969
4479 24398
9955 21964
17729 19866
8136 20244
1952 9463
3138 20930
4702 16165
10751 21386
11325 15319
11968 19431
6420 8285
7875 16453
13456 18755
1485 5655
13308 23618
6455 18159
7653 19547
1726 14123
12179 12215
12497 23918
8867 8893
3391 17631
12452 22253
14715 15769
13956 20180
10343 19400
6604 15814
2159 5186
16024 20646
13595 13695
8109 22758
4852 7437
8274 12828
2170 12278
20072 22219
2142 21814
16104 24451
7071 15413
16764 22287
9375 19666
9482 16080
18360 21229
5098 14800
199 7173
4025 22334
12931 15132
10397 13337
11830 19690
15286 20003
2317 23860
202 12116
11400 19827
8533 13772
17292 17634
8375 22844
12581 20889
22170 23489
11657 15736
13481 20377
14585 18326
9433 13589
10685 11119
14942 23473
9592 13833
10937 13799
12136 17026
106 2485
10756 20262
4431 21867
6057 17195
5279 11253
12458 23852
2597 12577
5823 9390
8474 23004
8864 21406
12480 12488
1353 22254
3326 21631
1826 15483
6896 9015
8794 11460
1899 11732
16752 19132
2499 23395
2829 18157
3341 5906
7299 11427
7474 17703
10005 15489
6085 21815
2115 10173
23317 23999
1644 1794
6149 12042
9165 13535
17739 24394
9779 22819
18344 19874
1166 22993
10702 16050
4894 11450
1547 24191
14927 21293
7698 15746
21310 23048
1378 15262
8460 15480
15461 17714
21408 23783
5725 15479
8574 15705
13024 16823
3470 24017
20798 20938
13754 17371
2887 24021
8334 13023
3838 6071
16938 19432
3096 14488
10158 10427
3753 8856
1877 8611
14227 18477
2795 13068
5328 8767
14861 19936
642 16916
12574 14885
5091 18455
9200 14249
11415 16236
5342 6006
13213 18364
1203 24465
3924 9942
11283 24168
1066 11903
8383 23439
2587 13203
940 9945
1888 17664
15266 22821
17960 22608
6463 6828
10575 22038
15364 18712
16121 20790
18298 21715
8060 17275
19139 20214
12195 16480
1323 10942
8345 20156
21709 21867
6542 23350
12699 16179
11813 15761
1615 9424
5668 6384
5200 7028
4907 13618
8601 21200
13068 17466
15335 17697
935 14620
11517 20903
6985 18541
10494 15823
128 1368
1109 11157
14780 20182
7414 18007
116 3976
897 8522
3039 4734
19122 21292
11426 17158
13780 17378
7391 9465
8073 18525
219 15348
5262 12390
7820 8598
15796 16614
10882 19781
12459 19465
12126 14083
3373 6175
16743 20534
7533 18730
2332 23179
4420 16558
7439 23842
3259 23377
21578 21951
10993 23810
10116 14397
17960 18332
6527 16583
8853 19827
14962 19774
10813 11690
8630 10463
5416 10907
3253 12763
432 1506
12316 14540
8250 14575
16329 21590
4939 18633
14971 19503
14543 17555
171 17245
226 22408
6802 7986
9084 16334
19192 19988
8777 9457
491 4802
17320 19722
21953 23212
18715 21996
7848 12110
3467 16102
9132 15844
3402 15416
15692 17324
2972 23022
15608 22486
13468 20369
2970 8520
3466 6036
565 14562
6800 15625
6282 14336
2697 4819
3145 23805
2472 14754
11484 23010
1967 11677
14747 24360
14679 22887
17084 23904
442 6461
1819 16093
12037 19983
7164 9552
3140 6982
6735 15623
23359 24338
16393 23087
2648 12956
12489 20563
6169 17901
4993 14012
2748 17033
2414 3834
1143 4574
4685 14848
10805 10947
4375 7824
2828 14888
19580 21855
2838 5380
21780 21813
12260 23045
4703 11991
369 19694
5078 19871
5397 21936
348 6144
5252 6526
472 2697
7750 19209
4496 10803
2003 8156
9029 24408
1284 11137
11888 14346
968 16983
16649 24151
14475 24010
6023 13946
1458 14049
7635 11732
13313 19399
1541 1846
17767 21382
8024 16737
13727 15380
7193 20824
11453 16138
1484 12991
5007 11265
13062 19752
8674 24093
7626 10147
9517 23231
21133 21286
942 1330
13753 21889
7512 10747
878 8076
10553 12906
9324 12920
12317 21560
12204 18021
3917 20401
4849 8584
15308 19542
17635 22521
1479 12242
1622 12780
2760 17226
12477 13561
4572 21683
12053 14897
4503 21392
1064 21622
15458 24039
6806 13387
1583 17226
86 20165
5945 12928
5356 11111
18403 23120
12237 22716
2777 11223
13115 23984
4077 19172
7598 17651
12167 19404
548 1580
7520 23585
23499 24119
8799 16480
12471 20801
346 11252
1628 18658
10881 21979
7587 12516
4908 11777
3589 5439
15774 21240
3876 19980
5309 22456
8182 15379
19335 20050
6861 12052
12232 21484
22501 23657
15001 22631
756 3584
14488 16080
16750 23528
14845 17290
11539 15311
10454 17066
9004 23576
7740 16158
5144 18702
13080 18933
8356 17085
3004 9529
21410 22817
3877 3900
12236 19146
2141 8825
9191 17878
9470 18454
3217 20345
2582 9981
1662 3397
12944 21116
17946 22075
13962 21006
22806 23169
7397 9667
9226 15212
9262 14018
7567 11982
6112 7545
4792 12434
7271 14254
1470 16332
10704 13912
13977 17985
14775 21397
19401 23928
2862 5060
5572 11932
1634 16926
17337 20364
12253 18760
6066 6794
5818 14109
6044 9567
3050 6826
2395 6673
2648 21909
9459 19103
160 21619
1992 22066
6083 16575
6441 17853
8097 11231
4211 8256
6111 10979
1225 14931
2169 10263
2216 9823
4701 23528
7152 21035
19832 20075
1745 1888
127 17940
633 16992
3573 14545
432 7326
6038 9995
7277 18241
550 15490
3335 8230
2942 22338
8680 22821
14872 15617
11552 18350
10575 12015
11411 21811
13882 19897
7219 10917
2207 5052
6588 12508
15336 19724
8646 10678
8126 8641
3903 20291
4712 21907
19106 22350
8656 9605
2388 18870
1644 8906
10280 24065
364 2559
3856 16699
11400 13060
4432 4670
2138 15456
3596 12375
1282 23735
1231 22603
3673 22070
14666 19259
3325 9632
7224 8589
7475 16921
4287 9453
13990 24051
6761 8617
15739 22843
1866 19852
1726 21515
14156 18013
5797 19969
1193 23595
3090 18914
4608 19900
575 1856
12429 18112
1588 21530
16369 20398
17425 24123
2710 7960
8747 9587
7698 14289
17318 19478
2716 6298
7754 17111
2540 3224
8226 17793
11475 21348
16752 23456
459 14494
9287 23483
4606 10744
1074 13861
5413 11854
350 18969
16719 17208
15387 17199
1115 2465
339 2908
8142 13188
8171 16020
934 2735
9290 10715
10839 19025
9551 12158
4217 23529
12142 22709
598 23345
7299 7465
8410 14444
9807 18484
19454 22267
262 2096
18247 19098
15135 23887
3345 6327
7872 15422
7647 20934
6156 21611
9039 15740
4988 15792
392 2934
19090 23108
16536 21737
475 3847
16699 17399
6483 7274
4874 8668
16855 22752
6780 12249
10393 13793
22182 23252
2217 4706
14205 21351
1601 20498
409 10560
6334 14193
11644 23117
11483 24121
5782 23826
14848 15723
2621 21704
15036 17214
3925 8985
9624 16152
12501 20542
13333 19078
4122 16631
11457 16843
34 13233
1625 15975
7230 21704
3888 19204
11293 18131
14797 14915
6594 15694
19378 24378
13618 21991
5333 12812
677 17033
718 3638
15585 24072
20675 21993
4893 21439
6806 19242
9435 10299
6704 21649
21372 23961
13078 16032
2762 8273
10574 16581
18158 22442
5500 15714
1928 19033
13202 23369
1910 10349
10202 21747
585 12560
5230 15437
8314 8504
7348 17747
11669 22247
11803 19124
1046 1314
5487 23612
4835 7718
7205 10841
17405 22749
6187 9565
220 6562
10281 20463
2045 22790
999 8698
11020 24462
2921 6295
14297 18062
1652 11652
8145 8779
3136 19681
7782 24420
2005 6868
13152 22443
4384 20825
2350 19761
10948 18843
1992 21417
16204 18043
2479 6828
5138 17860
6617 20019
4362 20406
2326 18202
22369 24352
2661 15279
9895 16130
11309 21813
134 21758
21938 23247
7455 14034
3086 23105
20321 20713
19097 20976
1068 11698
7871 11768
6189 21382
16990 21809
14515 18462
4692 11986
2556 8537
6520 20677
11839 14934
11194 14230
7072 20689
2291 20894
423 2865
3288 16776
745 22101
692 20963
8730 13545
12704 13479
10084 13219
3986 10046
4492 6911
9996 19384
11237 18392
3817 20987
4612 20439
337 10665
2177 8200
19488 21826
10869 13282
11587 21900
8735 18430
289 23382
7406 17281
675 20740
5360 6261
7818 18890
10053 11896
7692 15471
18526 21858
1919 10302
10314 22768
6571 17202
12842 24005
19135 21072
2535 4918
515 14592
8785 10862
14459 21876
17688 17959
10311 15453
16316 23416
169 13969
9619 18653
14871 19904
5419 18191
1819 12418
15010 19751
8996 19952
10684 18827
8363 21482
5704 9587
4343 10270
3619 11801
9038 16912
1889 3154
7934 11357
5189 18825
2101 14490
18275 19446
3256 16745
4818 12275
11834 19911
15655 22829
12077 20395
2208 23160
1678 3269
3196 5275
313 23176
7634 18782
4754 23293
21949 22571
11404 12023
5538 13117
9744 15759
12010 14321
10671 20967
6346 16345
5734 7549
6018 10706
9623 9867
7617 17694
12629 19235
7352 13244
4548 14581
1825 11447
4161 7152
7479 19422
2386 20751
20076 23262
1628 9467
3222 3530
13733 14143
9787 15813
14057 14503
3841 23630
1566 16006
7837 15761
3187 14185
614 1232
12515 17549
19488 21606
10608 16006
7100 9141
5906 10473
3594 21389
10645 22074
2456 8920
14908 21084
14888 22772
10186 20765
7196 20882
4332 20720
8525 11927
4530 20086
10758 16460
4651 15936
418 12408
4807 12427
11047 16775
8308 14323
9548 13766
9522 10340
1304 1390
6985 19119
2874 20392
12029 12512
15463 24269
13315 14481
10069 17868
7420 9693
21884 21928
6752 17884
627 17836
11015 17705
8924 21123
6868 21967
4009 7754
2555 16928
6134 22051
4096 13848
7738 12213
3854 20810
3484 23286
7637 18336
538 20856
3385 5924
306 12016
6523 12563
920 21496
11643 15604
868 23043
10633 14388
1411 19972
3442 5491
4927 21010
7528 8193
14665 15293
4681 22802
12560 19511
740 11907
5091 23901
15637 23611
12497 19616
8919 22650
23821 24202
2215 18167
13579 15352
9446 10494
3130 6005
9 20416
15128 20915
613 9483
2817 5215
17161 22407
9679 13273
5638 20241
3685 15121
3569 7535
3433 12870
4206 10524
4345 15394
2300 12841
1954 10491
116 21824
8127 23404
9304 22775
8307 15500
13448 20089
18390 19404
170 17387
13935 23373
2668 17450
22405 23789
1295 5547
3793 15370
9151 17789
418 10512
3830 22120
15786 22690
2688 24323
4673 23693
3428 8165
15222 17594
92 16161
16753 22529
6908 22884
9284 22894
5369 6257
3993 19268
18312 18578
6312 24070
3448 14429
9604 20356
13568 17790
8412 9919
4262 10590
336 7564
16302 20515
999 11413
16873 22132
191 16369
4512 22986
9383 24078
6034 15111
7398 10288
1013 22365
164 18407
20736 22005
11368 20741
11910 14591
10927 15971
16418 18682
6004 8187
6786 11858
3043 12331
20534 21993
4427 8900
10797 15351
15422 24337
4663 16430
7758 8070
11107 12005
137 5653
3763 12861
970 5027
17290 24147
20212 20437
441 13035
13158 19701
4094 6389
8031 14989
1125 24306
2960 21863
8798 10670
8300 9294
13062 22243
9508 16806
12560 22480
10563 20037
8560 10281
21800 23907
904 19268
3227 11087
1157 1229
5286 18486
6231 9110
2345 7064
13438 13683
17985 18842
14064 24253
5744 14362
3734 5671
2528 5355
17338 21146
15278 17098
3667 8722
21644 24016
3656 11151
17496 20341
11405 15834
18501 20189
11756 12240
12657 22715
696 799
6986 18407
8658 21743
13553 16485
16963 17168
10207 16975
15488 17055
11464 19581
5312 11817
12105 23851
3262 4205
12608 20343
671 7884
4848 10348
13362 14190
6805 14200
1474 11475
19027 23497
8386 10921
15967 24002
5041 7762
2208 3108
3613 16446
10954 24241
4423 18178
10120 21690
6493 11155
16217 22472
13453 15821
830 14266
6867 15915
1210 11658
2230 17581
3712 13360
15418 17171
9581 22598
23415 24008
6331 10520
12728 20121
21566 23548
1819 8851
13083 16106
11919 13251
2429 23152
8165 9443
11110 18245
1106 8266
12149 12459
5242 5743
2733 13001
1297 4107
4403 4986
5398 15182
13919 24232
3639 3709
6303 9578
17003 23073
15436 21410
11135 11830
1169 18814
1624 7541
1499 12730
16102 19890
22399 23952
2453 13846
15071 18566
2384 11825
4560 20285
4834 21555
10263 20419
11843 19589
23455 24288
1509 15281
1642 4910
13715 14836
8925 17341
1804 5677
4098 5985
5494 18655
318 24047
7017 16328
8047 17545
11441 15497
1545 20670
15817 18705
4317 11493
12185 15950
8508 10833
5493 15032
7915 19555
15334 19910
13414 21471
3773 11921
12522 19677
3815 23379
9711 15042
10434 17445
1661 12687
5993 17476
1080 4561
18766 19141
8038 21140
11477 22181
10630 20314
4988 22983
2370 3339
12918 18543
11149 12913
9342 16164
15957 17710
13654 17896
794 18102
7236 17313
10231 12400
12999 20510
5148 21669
2088 10979
10095 22924
3350 7051
591 5346
20325 21057
6212 22035
18648 18869
9185 11661
9511 15274
3971 22601
9634 21225
4668 22257
15769 23449
6875 20606
13704 16982
2836 13273
18355 22488
3370 18152
5472 21459
16089 17755
7071 18810
9520 15326
7722 17410
9263 9999
13442 23173
13482 19227
5095 6865
7522 14795
2508 10784
10846 16439
13479 18034
5234 5845
2740 23064
3593 20951
14928 16033
17775 19947
5188 16082
5279 22523
9696 16930
5275 15695
10038 10449
3033 18249
10660 22088
3079 21344
20464 22944
22460 24306
1604 20587
8486 15903
3499 9896
119 23384
15478 16940
14787 24430
3439 22256
650 18599
10618 24393
3348 18060
17796 17879
613 14723
1251 8640
10067 16902
12936 21012
4942 7642
13348 19769
1654 10634
3509 7333
4789 7597
14334 19762
2240 23175
12306 14382
12005 13313
2311 20732
8713 13161
1339 6121
14656 19461
5886 6702
1935 12344
10204 15387
6285 6583
6862 16541
20173 20998
19520 21199
8579 22560
14750 24373
13390 22277
17447 23124
148 10150
6376 10016
11043 18305
2198 17064
1861 15502
3280 11596
18803 24370
9039 14174
3745 13558
14972 15126
8307 20852
560 13425
14510 23862
5 20501
16018 22010
11010 11652
1840 8608
977 15789
5611 23254
10179 18191
10892 23083
8268 11318
728 21751
12932 23783
3495 14206
4924 6684
452 14106
14736 20588
3700 8691
8540 12200
4378 6734
1510 24060
5989 17949
7818 9685
5139 18199
717 2705
3720 22171
3377 15892
6257 11394
2088 3121
7921 19637
4146 9917
11889 17412
2865 5732
5249 17683
6381 15987
8225 19991
6743 13863
7752 14294
12370 13672
17428 19109
14603 17335
1663 8010
5785 21965
5855 11897
15857 20775
8438 15464
2102 6264
15963 21489
10264 16591
2954 18040
13262 14791
7765 12884
20579 22449
8323 13404
2294 22467
6651 23823
1888 23993
19542 23976
14403 22486
3280 22841
1905 23661
15164 15842
2828 18031
14823 20068
8518 10356
5233 17842
3332 21884
16682 19731
8849 13515
6446 22886
9778 16361
5114 17325
15250 20652
17804 22305
3255 15701
10904 18076
77 21758
7691 24252
6189 18531
2283 23482
5159 13064
13680 21518
4072 9903
3065 23366
4099 23406
5868 14625
13932 15396
5610 14075
2102 9515
12025 16310
14169 23030
18168 22405
5812 19258
15432 19979
21131 23650
5858 23301
9347 20459
8466 11595
1583 20760
16969 22796
18747 23152
18097 21882
1808 8386
14996 16896
13158 23578
8217 20718
263 2677
17735 24304
637 14474
10406 16228
12775 24341
9595 14694
7845 14213
20479 21690
11072 15588
7216 19307
1192 11403
8130 9818
3888 15645
6548 23522
14957 20927
3209 19206
9760 11805
10234 23738
5733 16552
2746 3364
1103 16509
1690 18849
11078 16734
16028 19846
8128 14568
13186 21911
14694 20226
8746 10022
8741 11169
5397 17694
12071 19133
1488 23570
4997 7170
1167 15108
2877 11641
141 817
7122 13733
2122 10625
4576 5087
6669 21383
8463 13616
12826 17827
2371 18278
985 12617
3638 24144
10961 22844
13480 17993
13144 18753
18172 23245
8624 22632
7122 24013
6857 15982
19486 21849
15813 21934
1555 15418
11153 16249
3947 19317
14019 20204
4505 17113
2291 20595
9896 21257
9459 20025
12 16025
16480 16852
14902 15744
15253 18713
4042 19372
15003 17785
9910 16266
7143 14730
6632 18562
13946 20656
6450 11351
108 3198
14249 23009
8138 16920
13549 14716
21087 23842
6335 14704
18471 23028
5643 11329
9191 19168
5937 16907
1431 14408
17514 23279
6998 21853
9248 18757
11109 22539
5398 22495
19501 20611
106 21776
10641 12039
8848 21088
9182 12609
19058 24160
2112 6287
6670 22322
5892 20194
13101 13882
8650 12732
6282 8936
8385 23718
4316 13111
7864 19242
12983 14913
8424 17016
7416 23073
3428 16477
11110 15660
6492 9067
9225 12931
218 14536
5009 19396
9 13574
9045 11621
11263 22737
284 11331
3062 19279
600 12656
12445 13392
9688 11582
12741 18364
1500 19925
7505 15555
1727 12584
993 19157
14787 18704
9815 23125
6634 23673
6310 9890
5497 17120
13177 14707
5679 8417
554 14855
15524 17181
15398 22687
20222 20445
2977 21071
2548 22304
5015 18432
2076 13786
9786 12794
16526 23179
20895 24101
12424 22059
12353 16435
15387 22335
3058 14933
12592 22219
2706 6604
11400 21191
1828 9070
18543 23443
17269 24154
19286 20302
12343 13093
15487 15820
8871 13955
19048 22299
18182 20558
1211 16969
6314 11319
16185 20745
10107 11660
19696 20464
1541 22407
5477 21001
776 1052
7590 18629
1241 8101
9522 16743
1391 21597
14708 18046
939 15026
17982 21098
1766 2269
7269 8855
10898 15766
12625 18455
9385 16845
12330 15987
10273 16966
3672 15591
13353 21977
2995 11153
4886 20509
6022 18100
17113 24118
4540 20667
1131 15433
16726 17138
2865 21238
367 22465
8355 13025
2138 14269
6071 14563
13035 14155
18444 18827
5967 13418
9180 21357
22493 23323
5810 16663
8732 20735
196 2952
2732 8808
12891 16320
20167 20695
4409 7503
15344 15907
8945 18225
11948 14559
784 14782
2250 11752
8010 15302
1693 9296
2969 10937
7866 12594
20933 21258
3221 9384
16916 19298
9906 16669
471 18302
4437 9890
12580 17893
16453 21546
16693 17274
1128 14629
3290 16911
3219 13812
13383 14794
3969 4825
2725 14979
3734 16051
2582 15183
2015 12623
2585 5206
13898 19223
8738 19210
1945 23994
16296 23477
13692 22079
14110 18615
12463 17896
7735 11738
4471 22158
1856 19759
3806 20217
20799 22198
17515 21670
1253 9367
19006 19473
4808 8782
17019 22451
7937 23182
3881 9512
13154 17509
23811 24362
4486 20261
14146 15844
11340 12859
9874 24102
11167 20489
1772 17771
12885 21787
6359 16004
8885 10325
2013 12113
176 13137
9781 23900
3056 16501
7836 9710
14522 15833
12209 15258
8816 12594
4231 15614
8725 23363
1069 20485
14419 16266
4661 18696
1232 12578
10690 21557
5917 10931
12305 22103
8403 20139
10177 17092
7128 22099
16142 21752
10410 20530
791 4727
19459 20456
15683 19171
5124 18329
12276 16829
2306 7843
5031 12709
5612 12778
946 17837
11887 21928
1897 8480
660 9791
11860 12392
22772 22863
948 16748
13268 19824
3947 22116
711 1333
5198 16622
15735 22369
23872 24205
2086 20317
3331 7744
19431 23659
17458 17725
3346 10872
5269 20602
19533 21611
15580 16445
11627 14340
4235 13597
9248 10036
18131 20384
9385 12809
3816 22685
8461 10755
14847 17728
5821 23868
1033 15752
2213 23952
11503 24400
8955 10804
7471 13943
12343 21482
15692 23798
3162 8602
1264 21051
2029 3916
4785 15909
13897 21626
12950 22575
15932 22342
458 17063
10579 19115
6264 14367
8290 10480
2478 17077
248 4694
5269 13630
19577 22305
13480 20382
21115 21843
15904 22262
17730 19735
6465 20276
3035 11658
12658 16237
16381 22155
8360 18468
14003 16380
1337 8408
1804 10844
2720 5531
3022 14047
1578 23587
236 9040
10278 24409
14857 20163
6047 7127
12423 17096
3826 14753
6365 18408
1617 12462
3983 17502
11789 24291
9893 22735
3512 5485
7604 14629
7342 18019
3545 11529
5736 20222
9993 15986
9507 17186
9062 17542
2397 6204
6297 11811
12823 20540
13032 23208
13782 20910
17269 19447
11425 16436
19508 20949
3685 16792
2248 3390
14645 21377
10127 22616
6963 12359
9960 14673
343 8920
8064 22435
15904 18435
7494 22622
7209 9564
12421 16704
3555 7293
20475 22065
6445 14566
12951 16721
2403 14306
2150 7633
21420 23090
10805 12447
17289 20262
18265 18637
12252 18092
9429 23384
3773 14967
7308 17700
8927 16383
14755 18348
22749 23850
3391 14031
8074 10086
9628 18882
1400 18184
9034 9320
1687 20581
19878 20001
13986 16584
12814 17134
11383 16247
6700 20952
2026 9079
14781 16298
2502 21900
2041 22358
5297 19732
20088 23651
15630 24126
4554 4777
16256 21981
3918 7944
17282 18062
14520 15614
2611 23182
12998 17350
8538 14974
13950 17387
6614 12321
7604 21837
14120 23487
15966 21607
2505 9280
13060 13146
20698 23011
10038 10375
286 14491
4626 18101
473 17691
9888 14870
11944 22668
4163 14587
16864 24320
10653 11736
4833 23039
8098 18206
7280 9766
18753 18815
7531 21077
14486 22371
13123 14011
14773 18009
19187 23722
13830 21732
12353 18408
1441 3867
10326 23866
10229 14437
15892 24123
7995 10875
14383 22500
2418 15537
8700 9434
15681 16461
14182 18558
5075 20153
15858 18510
15997 23610
8221 15983
14335 17828
4992 11166
10770 15325
2473 19736
9175 19110
7382 9899
6741 9528
729 13852
6983 15692
8034 19176
9014 9371
21749 22444
9473 23831
12663 20770
6487 10892
11196 20655
6439 7114
11003 19668
8426 18211
16881 17944
928 24298
15381 19278
7989 23644
4074 15705
14516 24212
3763 22995
2255 8067
6986 21342
33 15014
9651 12713
6432 23921
10869 17636
4982 21191
6956 12646
8272 24037
22018 22684
5946 20529
3674 13350
5848 10590
3116 9145
2177 9589
2030 22636
3620 6422
16624 22486
9354 13257
7838 10018
10062 23272
14968 19039
3432 16581
13218 22709
11426 17204
7915 17448
5593 20045
3168 21489
14855 23936
15621 19492
1598 6382
13136 21581
2662 6147
13727 13751
11158 12041
333 22500
8672 12161
14061 24410
559 19387
17601 21395
8608 23323
15736 20195
19745 24302
1348 4519
10509 15943
17366 18598
2214 6675
16029 21821
14576 17248
10891 11319
5036 23252
10816 14817
11535 20045
10336 22745
3971 18468
4069 24391
12853 20315
2817 21237
435 12378
5276 23730
2919 9834
3422 19328
10596 14560
583 12259
19351 20230
629 17602
3138 22319
770 20704
5589 11714
11156 23402
4208 11509
1322 8657
11224 12466
3826 16276
12530 22351
3350 4194
19621 21852
17525 21802
8153 18693
8277 23755
3481 7099
17331 23171
1927 5579
12142 17079
454 18522
1665 18832
21679 21770
1339 8010
18656 19861
14116 18342
10468 17209
12124 20650
3501 19044
1444 11732
10466 14940
13875 14709
6693 12031
6987 20240
1176 7905
6011 9819
2193 10146
622 5778
17503 19220
17931 22404
5800 9304
5094 11662
562 22715
3980 14228
3538 14463
12377 18299
7379 15441
10782 20408
5665 13095
1325 10506
3418 21951
4487 15123
18572 19222
6740 10464
9837 16305
8016 14533
6570 10591
9512 10358
2375 24308
4281 20431
15713 24103
319 23170
10613 12403
955 5233
3193 3464
8901 13904
13407 19260
4297 5124
82 16381
6391 17919
11468 13016
1246 5950
1606 6249
848 5956
19948 21341
9642 18041
6681 16196
2119 18397
2031 3164
124 10272
7336 15062
6121 11923
129 331
4165 21033
4964 21072
12015 20713
8701 14401
2517 17048
4977 11496
10520 20643
7127 17924
3697 15203
2117 13663
10441 10638
4003 12308
19804 20821
477 18928
972 4617
10918 22067
4134 22070
6869 10176
7893 17768
12031 22605
20276 21315
4556 6135
2306 22122
4126 20691
15221 15234
7740 20360
18099 24469
5714 17997
188 18347
9653 16378
123 323
777 22317
9348 13972
6886 13999
12110 19712
22303 22466
14449 19254
21711 23857
11332 15324
16743 21513
17043 20278
12048 15437
560 12993
6586 7342
19574 23473
6117 6216
3797 11364
9056 20742
8873 13109
917 21833
11905 12899
18554 20019
4931 20295
2112 22993
1757 12641
6167 22125
12248 15935
2493 17742
14927 18077
2946 19268
18411 19279
8801 15845
6371 20912
1027 18593
1782 20350
9289 11834
7929 22226
1690 19042
11837 16212
9631 12078
153 17412
13871 14830
3102 21539
3331 22503
5503 11403
824 1115
7153 14262
6506 11642
8275 16919
12316 12829
10124 13000
407 2292
720 16697
6101 21596
8541 12056
4211 7947
3378 6317
13959 16804
6665 17900
4550 6889
5925 12110
2401 11119
16010 17085
15871 23730
6672 20961
17251 21082
4418 14362
5646 11206
6634 7864
656 8442
13937 17555
1965 6176
2088 7653
14134 23216
6258 11882
2353 13629
14427 15510
21280 22657
10000 17687
6245 11261
18197 22022
5100 10245
335 13424
1916 9326
650 23053
13409 16630
2140 6555
14001 19832
19998 23995
8104 12047
21197 22427
10406 13084
9676 19076
11683 17924
1950 5225
12524 18690
10152 20320
8404 12751
2915 9257
9820 14687
15840 17829
13030 20793
3921 18082
3981 15916
19402 21809
14973 15101
18293 20010
434 13836
11670 23109
12121 22534
10988 16855
1186 5162
14600 19548
11581 14267
4373 7043
17255 18840
7163 22101
7285 14341
531 12259
5172 17355
4169 19760
7399 17958
9539 10365
1410 15173
4596 22841
3084 18717
17966 20226
2088 7468
1708 24094
497 22183
3912 12121
10237 10376
352 23441
2061 9541
6367 9719
134 6818
10661 21593
5989 24439
10634 12399
16624 20856
15590 21536
12937 19675
11813 12860
338 10806
3921 17596
5100 24044
5867 16690
9183 22457
19312 21513
7124 15199
22228 22712
18106 23713
6074 19648
4929 15027
8206 13635
3143 4765
7496 18634
6318 13911
4101 19296
515 7635
7441 8932
2833 6260
2163 16686
5582 11086
6676 10147
13453 14999
15342 20177
4017 6370
10230 10570
8091 19287
2649 17916
10721 20819
719 1011
7343 12849
11053 22948
5004 12072
1822 15175
1991 13375
6260 11616
15505 23552
5080 7380
12453 16105
11018 18482
3399 17790
1169 3348
12548 14287
9967 15175
831 9934
3904 13656
16650 17790
5653 9435
2611 18911
2799 22471
13175 23812
6184 18728
9861 22108
12752 15455
16819 22861
16075 20329
16669 20043
82 9503
15395 20157
3282 8809
11801 13965
16784 17787
12960 21325
1891 10529
8 8791
13854 16684
4294 9674
2526 11047
5662 11224
12254 18171
5790 6166
12135 22305
17383 17533
375 18433
3938 13473
4670 14211
12021 21424
10780 19888
5059 7647
10584 14509
3535 5126
7863 22910
7939 9267
6045 13179
4960 9378
10420 13408
8982 22731
11785 20392
11089 18082
6160 16137
4240 21521
18025 20099
7228 24246
4100 8826
1023 14490
10640 13046
3452 23424
13525 18353
4691 6478
12562 16632
11493 22016
1863 2516
19148 20875
8641 20042
6135 23177
9734 19051
21678 22591
1351 24284
18340 23267
12234 15403
12447 24125
6684 8738
6276 17451
2841 10228
3661 9792
3797 9292
2275 18036
20373 24405
21330 22746
2106 17691
20172 21761
10665 13525
2851 9328
7169 20474
5960 9884
5294 22886
5830 10421
12001 21182
18656 20918
13530 22863
15933 18546
71 17284
6116 12874
7903 16609
59 22150
126 20279
3247 17418
74 4831
5292 12653
8900 13827
6851 12359
10735 14311
19900 21543
13171 20752
6208 18588
376 11929
2221 23059
6413 19371
6984 15643
5697 19752
4610 21619
1691 6332
12839 24234
7624 10779
17025 22075
168 5059
13945 23464
8994 15995
3970 4638
10955 11396
3001 3696
4043 17888
192 22831
6257 23663
1270 10960
7857 14089
13318 14993
2837 16122
7926 23547
3032 10488
14539 20019
7327 7468
6928 21481
3378 15851
13781 18715
3639 17813
3831 7731
1263 6557
3957 8415
22607 23132
1605 5831
1332 13092
3718 4789
6150 23992
17718 23187
15727 20219
2193 10126
11304 12958
6423 15007
13364 22666
12671 12842
11602 17695
5360 22249
11207 12355
20479 23519
7837 13050
3608 13524
16718 18067
7101 21806
9577 24282
10099 22019
1783 22461
7819 20183
2949 5854
3784 15758
9446 13766
7018 18216
10729 17262
4618 16901
1177 12566
777 12111
1044 2874
7603 18114
2120 13244
12478 12806
8912 14644
13343 15318
6397 18554
4971 12543
9544 22709
2605 7142
9994 20841
4645 21839
2696 11864
8425 11432
22801 24156
1042 8282
6399 8858
3886 9999
448 21760
12054 12254
8024 24019
3108 6854
8262 14790
17483 23583
9941 22245
11292 12636
4785 18904
15204 15537
5140 10653
1919 15869
4525 14146
5156 8998
1222 22921
3676 10505
697 7801
775 23958
6745 13561
19707 22886
12451 14018
4157 17261
3242 15162
503 22508
10051 21327
1161 2040
5563 17324
11657 17663
15576 22802
4691 17470
10059 19325
14011 16164
11187 17860
9912 9922
9880 11928
8054 19071
21384 22886
2469 16381
2659 17528
15363 17825
3835 19839
1579 19722
6959 11847
19333 22880
12200 13266
8413 12138
16895 24131
3233 11707
8052 19168
10884 24421
6649 12620
2709 22739
8257 18681
4220 18243
10048 17227
10776 11433
7312 17187
3620 19022
11466 16558
14522 17398
411 2701
7210 9688
300 22721
2912 14363
4673 15369
6281 11549
2213 16856
15142 17787
8135 20024
5890 23306
2174 3265
12225 15579
13282 16083
6909 11175
6774 14086
1141 12447
10776 14874
195 7681
2073 12359
8911 10674
18635 22534
2659 6668
4871 19618
6330 8745
8287 21722
6520 12140
4129 9583
10917 20852
8034 19866
5525 14794
11643 15841
9212 23470
9188 13607
8617 17176
17811 20528
12925 22783
13389 20057
2448 3989
15992 21244
8766 24359
8066 12056
11968 13238
10125 14394
8628 16629
18161 24388
2118 13026
3960 8860
8699 13180
8692 24436
2054 11361
1770 20416
220 10847
7790 20605
18353 24359
11207 23505
2717 16539
1596 22379
7966 16144
7456 9997
21862 24141
9503 11034
11534 19937
2267 10072
1208 9511
9140 16339
8304 19981
5436 7896
20253 21917
10619 12635
1408 16134
3361 8233
3142 16840
13749 21775
3736 22449
8595 17655
2670 23965
2166 23154
17626 19327
9606 24474
9464 22428
11705 13815
2699 23831
2672 12887
2783 11435
10271 23347
12331 15757
16323 19723
510 19636
11660 22035
14340 17085
7441 23811
1611 19779
17258 23141
7702 10305
3945 10480
6637 13138
16472 22354
1079 13945
387 11664
1787 19941
5859 16105
474 20145
19807 21845
9839 23021
14696 23954
10163 21013
1445 23553
7187 9939
3665 18712
9589 17173
4430 11372
2099 15814
887 17235
437 12674
10995 13414
19833 22522
978 7022
13855 17371
3794 5883
17456 21942
15983 16002
168 18953
8641 24005
12907 17065
13543 18243
9032 21714
6526 14844
19970 21339
11012 21717
7971 18367
3414 12850
21151 21695
7265 9121
2211 3503
9751 17923
5255 11811
5085 16275
942 18381
4621 20559
3769 15922
16960 23489
1944 6563
3544 16516
7862 14901
6676 11021
9931 12510
7250 10418
15682 16782
2576 20690
6773 19727
2363 13190
927 8007
20940 21684
13580 19142
5429 17820
3329 12589
14031 16699
1900 13464
8606 10204
447 4429
17579 18698
3768 19181
17730 23025
11200 19734
7640 19733
6115 13222
6462 20243
2778 20694
7429 17649
20879 23941
5014 23384
6608 8730
8431 16040
1223 4855
2536 6357
19304 23022
14054 22463
2115 22733
21646 22270
4224 18143
3527 4959
1298 13958
8574 22973
12838 14672
10206 14735
10311 22181
16181 17574
13138 18515
17205 18182
16039 19286
11941 12287
770 17274
12880 13193
16604 22175
17544 23833
6919 19182
2280 18718
6685 8955
16257 16669
21725 21977
1173 17714
22349 23539
7460 7603
3773 17728
12122 18584
14373 17670
13574 19725
12953 23499
5290 16937
2429 20675
4836 23971
14064 19263
7242 20552
1038 24206
461 10130
2219 16518
4444 6482
2386 14339
16033 18886
14407 19988
7194 13875
9803 16147
9068 20190
8961 19529
2508 10899
6947 13112
4893 5184
2010 7978
3862 13995
10592 22896
333 3332
8100 20890
11198 14936
11636 16558
8080 13453
16480 16754
22168 24079
2974 8417
11517 19468
13544 22366
65 13015
5027 14351
2106 23397
4331 24413
675 20800
2068 12732
8851 9923
4288 8274
1926 5462
16037 20560
10472 21703
10956 12977
13454 20646
5013 9590
14206 18797
2043 2377
10937 19126
9038 18318
7270 20395
3634 23860
10380 15366
5082 13297
13230 16649
9092 20737
12166 21224
11967 16526
806 6069
18557 22403
696 16948
6813 24120
11595 12720
6306 10341
2334 20355
7823 8348
14984 20081
17608 18261
10880 16274
1054 24486
5755 7468
12455 17531
1896 5819
1829 18471
14188 19413
6858 11884
12079 16478
8625 17685
15243 16184
21537 22756
13183 21612
14786 18254
8699 14725
9846 15441
10840 19946
12613 19840
2640 4062
20958 24404
13190 14075
3255 5661
7924 11940
2222 2355
20429 21047
10287 16337
5103 20717
13381 13963
21658 22571
15184 16725
9258 14830
3275 10125
18113 23725
14074 16385
4048 4443
1191 11973
13663 18589
20746 22574
13169 16608
7740 13888
8399 8704
21852 24460
14217 19545
1557 3004
1525 11452
10709 24061
5380 19551
6975 13233
10783 19645
8208 12541
12568 17931
2366 5524
8523 12931
4155 18754
14288 15675
9733 22694
7369 12652
4541 24098
18863 20956
12380 15723
330 5317
5363 13582
12561 22581
9620 13276
6734 15520
2754 9701
2839 19903
3528 6945
5465 14598
4339 5853
7396 22723
17227 23328
11799 18704
3988 15296
4656 14561
3762 21025
10150 16714
15151 23590
6115 8777
4221 22732
21146 23049
12772 15243
3363 22529
4314 21811
13030 18141
2874 12793
2731 11500
8187 22126
12146 22226
20736 23913
1049 4369
9806 17934
9220 19493
4449 20312
9711 22306
13169 23556
2155 13286
3112 20993
9477 19758
13774 17468
10280 17775
14938 20846
7813 22259
1740 13242
6735 10588
6816 9022
15626 17602
705 2564
3223 19887
927 4436
2396 11480
9092 13272
12476 21703
16764 20704
13639 13982
12691 16064
5978 7989
6558 17260
7332 7787
4891 16750
14663 19867
2499 6010
4711 6158
927 1898
10770 24144
5366 10507
189 10901
2416 7788
7056 20581
21311 23923
2557 7602
112 5026
20972 23721
10744 16045
9658 12267
9907 20408
5100 18868
16412 18886
14228 17203
3231 13215
6973 14618
5838 23498
10302 19921
11860 15301
7419 18617
16210 21461
17837 24269
7777 9833
14535 23767
4064 22730
1429 8405
1479 16500
17246 19809
11303 16883
8244 11351
8557 22137
4195 19827
16537 21656
6512 24062
321 714
4064 4072
5299 7899
3781 7401
17121 17987
3870 9043
15393 20101
858 3919
5414 10387
8060 9763
9202 14856
15800 22944
10374 16679
18515 20171
4782 24226
8772 11703
7362 18559
5914 11277
15080 19165
9903 18639
95 21276
4602 9876
20777 21357
6938 20938
986 11298
15208 22662
18108 22014
2458 3092
9984 17773
6306 12255
12296 20415
13452 22191
5798 15263
15021 21524
3698 18082
17445 22192
1594 19780
11517 20309
17662 19336
607 10899
2014 11787
2603 19570
119 1698
19040 19422
5272 23803
10368 17499
287 18709
15252 18593
7822 12112
8253 14336
17891 22133
17556 20327
9254 10686
7856 21654
11825 20669
5913 20150
9635 20808
10331 22091
4805 11937
481 13832
10957 16963
5648 10288
1186 23011
14097 23170
15809 21154
4027 6243
8448 22763
1876 9626
12741 21654
12616 21229
16801 18434
18618 19867
6823 7788
17533 20905
23950 24402
3821 21668
3731 4841
2020 15975
14510 14762
5960 17147
5273 24289
17029 19870
11974 22613
14239 21555
14928 19900
10969 14439
7641 16400
6676 17539
5574 12746
5069 23834
13003 18838
8233 23738
9472 18348
15975 16293
2124 6046
2122 2421
2138 3024
22949 23169
9821 13135
12825 22491
1577 6650
469 11092
16118 23338
5356 16375
237 13658
1976 5178
12229 21917
2955 13024
11015 14366
14567 17762
3621 12214
7623 18649
3331 11583
2994 16823
3671 24446
2173 6373
3230 7544
1330 18987
2882 22824
4668 19598
6311 12933
5374 8967
8453 18891
10580 11585
8631 24445
17205 17969
1572 7659
3317 12153
11204 16333
3224 14503
1456 24331
8560 16051
14453 22553
2460 4368
8181 16656
9525 11471
5263 6431
17058 23482
14358 22858
7003 17521
1430 8028
6751 20759
19125 23410
2459 3055
9268 14050
19588 23184
18530 20392
9835 22099
5119 12283
1457 9648
3576 5689
17716 20913
2477 11688
2416 4878
3329 11481
7682 7866
1616 3786
11221 12276
685 12215
12477 16267
8060 10724
4152 8121
825 13867
13764 19571
790 16809
19459 20467
7656 23047
6227 20142
4937 14079
8084 13452
14171 18076
20195 23249
2953 4716
1879 19019
4629 4786
11597 23216
3904 12730
6875 11828
29 8860
188 9551
2397 6331
6521 16259
8057 15291
6694 12167
12986 21057
10047 13897
10483 12511
11883 15684
3426 21408
4738 11288
13355 21567
8450 14107
14031 22587
15386 15430
1290 16920
372 12768
8843 11280
8330 12696
1516 3411
9323 14202
551 13777
710 22726
1435 3716
6210 22565
370 3076
11222 20220
7368 20496
23074 24308
13136 20513
624 21575
20553 20898
879 4762
8860 11426
8460 15986
8419 18360
15981 18861
14053 23376
5826 16841
6654 15529
5935 12724
12065 13071
8112 20014
14204 21984
3946 6553
20356 20364
12298 17695
7864 21474
6683 8786
4636 21771
12687 13210
17121 19714
3596 4621
7081 14071
5274 22720
2465 19571
6531 11838
13866 18071
10935 15968
7633 23378
9992 23851
4585 13819
15873 20891
1272 15725
16701 21628
5992 6843
5799 15709
11729 15911
17714 22744
5670 14421
11468 22831
19875 20263
4575 14949
1666 8470
1680 17335
5708 19602
10146 18645
6011 14920
14534 14786
5535 12608
5792 20492
11003 14265
997 13352
27 8235
1543 8666
13706 15872
12918 23097
4360 6761
8943 17003
20697 21956
6252 20429
11189 21620
2005 7174
6058 11458
1950 8849
4345 4923
14334 15497
19277 23909
4260 15715
3625 15268
12054 13673
4543 9540
19774 21218
744 20666
2730 18411
5195 7084
149 6243
1629 19685
10942 22979
3056 21215
7282 9848
7615 21291
921 14061
13126 24177
14619 18748
9944 11972
416 12694
3200 11903
4287 6127
10021 11139
1735 11993
7701 22158
48 7688
11750 14641
1725 24028
2723 15865
3485 21152
10266 15872
1419 22550
9478 22605
307 24251
6882 18993
1218 18788
9435 22720
1055 23183
21644 23304
6976 19413
10451 18966
5531 16254
11679 13133
282 902
2791 14468
15537 21274
7909 21596
2129 3355
3574 17618
4245 17880
20088 20868
2029 4785
6861 12938
43 16327
16504 20306
6175 15696
2202 13535
9391 13043
8707 24223
10287 17994
25 20090
8417 19400
19826 23901
9956 22369
1142 22216
1742 16585
180 13683
9319 22255
11823 21552
4690 11993
15016 16381
4457 13627
214 10941
18179 24451
18081 24237
1609 1695
6448 16429
7115 9447
8689 24453
15713 22987
19113 22420
5232 21240
7424 13138
6183 18624
10146 17166
1039 12599
3795 6502
9854 11254
16100 17312
2129 14069
5854 10503
20661 23254
4025 12590
15220 18589
17467 23293
7959 18198
6180 11889
12465 16692
8440 22023
299 9665
1194 11362
18176 21570
407 7845
953 8726
2007 21703
8460 17606
8674 22882
6424 10251
5708 23973
35 1938
3619 9494
18541 19094
9588 17022
5499 23693
16837 18022
4351 4997
12319 19176
3866 19546
16242 22816
9315 15151
7148 17738
732 10427
5603 16286
12539 20480
15949 24086
17125 19828
4010 6364
7609 14445
3326 22888
7336 15016
910 11464
16237 19747
1892 15492
18123 23299
1878 11767
16834 19185
6690 13921
8929 10205
4942 5409
7324 20666
7147 11082
8758 13614
7311 24213
7283 12909
12564 20350
3501 11954
8740 13489
9127 11977
9081 14319
13126 23830
23247 23249
1698 14541
892 23859
7524 14139
14624 19701
19595 24201
3687 15337
7995 12283
5593 12721
20512 22273
2917 15173
1711 11460
15954 22640
12439 14372
8773 18481
1673 1964
8693 19055
5904 8073
16906 19424
12115 21979
7065 24422
3291 18349
21601 22826
4664 11228
14709 19968
5785 19536
2799 23027
3794 10109
9831 13859
21802 23368
1082 23997
7757 20416
2394 19980
765 18209
8605 13147
10293 15040
1246 15992
12454 20206
18636 18754
1657 8683
502 24217
2005 13563
11325 19217
14722 17381
6208 14089
511 3968
5253 15354
48 424
11018 14725
62 8688
10783 18640
5450 17061
12019 15259
16116 21514
22721 23452
13426 20490
12503 17894
14496 22419
17136 24463
8114 16049
1445 3975
5106 13380
7686 8255
566 14020
4287 5746
15691 23864
15104 15667
13829 19757
396 4057
4809 22527
7716 10502
7165 11101
19017 20276
15512 21588
20124 22531
17318 18612
6342 16242
12545 17082
18740 20767
9752 22587
18945 22321
8197 20223
11371 14699
10015 20421
6196 11645
9249 12062
2336 17545
2865 18498
2207 16617
9824 12348
6607 21634
5511 19237
1132 16796
11726 14719
110 19869
11604 23203
7689 13353
12804 13472
8372 21908
7542 9792
18414 24406
11238 24264
4971 15205
1903 16052
6906 19480
16226 23577
13951 15331
17648 21129
9925 15156
11512 15173
1124 15774
15893 17620
3273 21696
17077 22286
19631 19826
7406 8778
587 13558
2021 10714
13922 22683
3390 19736
15507 17085
1689 19433
9608 17749
15521 22035
9459 20209
16319 16527
12201 23832
5969 12236
18866 24007
13340 24026
4263 8269
1984 13596
12029 17821
1722 19353
6462 23057
15828 20985
12947 23367
15399 21439
4667 9956
21881 23208
11187 17668
408 488
8793 22264
17340 21661
9850 12587
3913 5966
3594 17613
12919 21502
5684 14227
21763 21982
10717 23277
7526 10100
3915 22557
3124 15788
11403 23025
1479 21122
1004 9585
14786 21022
4688 24166
1824 14070
8721 16150
2991 15617
20758 23378
6074 17595
20439 22148
6607 12059
5218 8260
8298 9351
21153 22165
914 22059
14244 20611
8566 17426
15326 20549
1477 24362
2864 10907
10078 18146
3566 10939
1592 9036
2663 6093
8006 19281
19669 21466
3620 12277
9144 19742
14313 15749
1981 4381
3100 10023
1092 18598
12343 21726
5712 6495
4995 18918
4575 6719
4334 19805
5496 8046
41 6054
9212 16644
12077 21124
949 21413
14750 17986
10537 19067
994 10434
6207 19187
3770 22374
15828 17886
7226 24286
12668 20945
17088 18726
10647 13909
5588 11444
8118 20358
10178 21648
12308 19384
6100 18484
7004 8636
9175 15180
16822 23372
10064 20825
8565 17160
20699 21876
2876 17649
6200 11543
15651 19509
16632 23296
6116 20800
670 4170
13814 23077
18353 23993
3243 21184
10649 19672
1215 11991
12771 14814
8269 16732
8903 19113
7530 18722
17586 22924
19711 23445
19061 20716
16041 18213
10720 21125
21127 24336
7062 19372
7721 9974
5721 22842
3421 9599
9573 22933
21211 22538
1703 11441
74 1178
2601 12713
7909 19512
2260 23759
2239 13574
1755 5490
2148 3245
8665 21265
12272 12857
328 20923
5183 14707
12966 21932
11764 12566
18774 20971
5394 11892
4154 18029
4852 13510
1526 2560
2302 8799
15299 16612
20110 20464
8703 11449
3637 11879
8810 22841
2642 20627
3018 12374
7743 23512
2919 15074
9786 19924
4155 10610
2112 14156
3263 3754
11458 17442
16909 17961
2648 11653
14506 17435
6982 7114
16134 16726
564 12627
8178 22671
17495 18197
135 10651
19026 19519
16475 23870
2473 13976
16018 20960
1381 24095
6292 21135
9926 24408
4017 23064
5673 14474
7491 11411
1164 5060
13694 19470
1083 21234
7809 22562
11295 22474
8200 20374
8172 23154
6146 16183
1853 14652
4112 11628
3142 6600
17491 21932
1018 22665
12314 23515
2443 20561
8037 19281
10024 23805
17916 18342
5291 11376
13186 23990
11413 21554
21023 21658
4646 23844
6166 20623
2631 17196
10883 20022
1644 16745
918 21025
127 10635
894 11196
10300 11686
857 8855
6234 10887
1479 7875
4320 19100
6231 16324
15734 18957
1339 16801
7535 10931
8053 15676
670 11311
7474 19191
3352 5664
10376 18135
5375 23843
1344 5876
909 21826
8424 19501
4722 20667
3658 5993
1756 21167
1176 5521
8552 15219
4551 6244
6264 7624
3705 6525
4090 19669
10119 23200
9901 23811
15438 20614
2163 19437
15060 22856
5974 14035
3839 5270
7098 22144
6773 17435
10244 23601
22051 24128
9844 10448
15964 21610
3054 14479
16099 22592
1006 6446
3145 12468
5850 20598
12722 13973
3721 4262
6355 9134
2804 12886
1168 24262
22139 22447
3463 16490
614 5972
13928 21379
372 16792
9814 19913
4165 9795
5689 13044
5122 19239
10197 12999
2352 11642
9221 21738
2949 14423
459 3445
3357 11627
12564 15555
390 837
5573 8586
106 4643
22181 23422
1643 20350
9757 14264
2336 10472
2914 11848
7206 22755
3371 10627
1711 12334
8443 18468
5069 21325
7885 16281
4038 16690
8469 17739
23370 24275
10227 17837
13397 22584
565 22598
4543 15526
4831 7686
469 20610
3292 18398
7393 23739
1531 21769
12998 19508
21003 22736
2584 9962
6129 14256
11925 12252
6032 9786
833 9150
5494 23213
11225 14328
5283 20354
11721 21027
12678 13711
3646 16265
2427 15103
13898 23468
3222 12211
4634 21095
5520 7624
473 1698
17492 23400
3155 9611
2851 19902
14050 19427
6256 9950
4930 23793
8277 18439
19378 23279
8112 21730
14156 14893
4759 19167
10121 16749
17601 22950
21393 23096
3079 20581
6776 21262
13691 14818
1582 3921
2612 15158
11766 15259
8565 11752
5093 11583
554 1557
467 16172
4892 15695
8022 13866
10022 13464
3867 13795
14959 17313
6653 15901
2513 9398
18920 22896
6100 16440
5970 17496
13122 18393
4243 12171
13157 20708
13907 13916
9260 16786
7751 9982
9033 21182
5550 17384
13185 23227
8274 16101
15573 16112
19628 22422
22936 23369
4508 15340
8648 15714
18400 21139
4543 15448
8602 11555
10674 13671
14522 21306
4290 15645
3309 21974
4116 20699
2893 17177
9050 15761
15681 21836
7409 8963
3099 6558
4044 5636
17022 21502
17713 23674
5135 15018
9810 11898
8262 19694
62 2397
18753 21645
13065 20914
2328 17550
15780 19093
503 13111
1463 8409
12201 20342
10511 12788
7532 15340
1123 5438
5551 21595
10311 17578
5454 24069
1132 15502
5015 10392
6348 6538
4819 20414
17631 22255
4509 23444
4854 12239
4611 7309
12907 23849
3449 23297
18936 22868
18399 23828
4526 6223
15945 21081
2605 3667
2320 5608
9141 19997
1378 10744
2020 13650
5279 20018
15205 17835
423 18048
13156 18876
6818 6863
8017 18103
6412 16677
287 10308
5613 23747
485 10931
16985 20926
12841 22120
20392 21980
7964 17474
7954 11407
11490 11643
7291 14908
10572 22369
3695 23418
3946 20263
6484 7696
6022 12793
6734 20485
13903 19074
2164 2466
13898 15357
779 23922
10797 18384
6495 22154
765 4808
5068 11197
20647 21263
15105 18553
12812 15301
15637 19321
11910 13529
2517 7468
5517 11745
10268 12802
790 7424
12738 19812
15206 23239
6570 8066
11755 16139
8326 12901
10953 13457
3601 13019
4593 20749
7593 11292
1457 13836
154 4437
16288 20955
4753 4953
4491 21066
774 14382
5344 21376
5281 11632
279 15528
8525 9338
141 21786
6911 16059
21725 24216
5934 6520
4091 14114
12935 20753
411 12942
823 13542
233 19872
8721 23893
849 16021
695 2897
7746 10831
15839 18320
11650 18494
11592 18172
2238 6461
1905 5254
2456 15153
2192 16599
71 9966
10123 22810
15773 19414
12878 23186
4994 7395
6661 12216
19873 20743
2505 9832
11130 22016
7034 10247
10925 20839
4371 16486
5193 9332
12853 15324
7124 20160
8208 15558
10987 23846
323 5818
4162 19497
8249 19772
13163 14036
15107 18703
9388 14113
1954 20239
3460 16428
517 13458
13597 16399
15382 24156
6708 14243
8699 23081
3927 9195
5567 6484
1696 11962
6057 10118
2926 12253
2211 5957
17928 23005
5950 23653
5765 6356
8333 17508
2118 3067
1016 9301
13078 17277
438 1201
1912 23746
7874 13857
16981 22746
1234 19765
8015 24030
4314 17050
476 15316
5718 19633
9034 10626
1681 22734
7633 18674
4255 20802
3241 15989
6691 18374
8946 15812
5332 18449
4298 17728
1305 4722
4156 23056
12775 23296
8853 17198
5080 21354
9567 18894
20161 23294
17235 17463
653 19610
153 7200
8064 21556
4560 18549
12510 23093
2121 12659
7869 10961
14841 21116
15724 16231
2726 4901
18550 20499
3118 20936
19559 19887
2855 23966
10392 22104
2383 20889
10116 24290
1793 14349
2540 15689
3918 18054
2272 10143
17970 19620
1155 3943
9142 17431
12972 23679
15496 22319
6199 13873
7874 24027
837 17896
4888 4895
7387 20869
3841 18928
11056 14752
2162 2802
1534 4548
6691 16459
137 3012
8364 18103
3834 7104
9778 11599
14091 16583
395 11358
2493 16532
2926 15119
7912 9137
2639 10110
11556 12670
17254 24019
18606 22780
4440 17890
96 13965
1311 22970
5351 19719
21921 22834
15157 23293
6291 10551
1277 11341
9586 14683
19615 20175
9279 14319
10568 14969
4980 9503
6232 19198
8301 23743
16655 21805
2914 21385
1536 15394
6928 23171
9809 16321
12108 14785
8874 14896
6354 9820
3419 15673
14189 20567
11183 14882
2582 22412
12642 22936
1324 6020
9268 21022
1795 3400
7362 8235
9760 11179
22376 23493
14749 19316
6582 17717
8503 18237
10401 20635
11345 20026
3856 23265
3709 5865
16104 23415
15045 21654
4973 15678
6369 18476
7805 15795
20694 22673
1550 16830
4762 19228
2347 15991
19199 20882
9859 11129
1714 11654
12321 22416
6424 18118
7124 19166
175 10668
15828 21721
18721 22469
1584 19172
853 16798
2949 19870
13357 16348
5816 17555
10014 21331
15153 19870
12132 19661
12004 14864
7097 12969
2651 5971
4848 9685
12482 12864
13687 18011
22026 23716
15434 20718
5996 14604
2986 5965
4039 13230
2101 18389
14327 15562
12355 19448
138 540
6527 19379
5971 10273
20594 23263
5072 22550
7882 13960
3514 23589
4897 15931
15273 20506
15566 16022
7946 18168
4215 23923
17631 24262
16038 22751
4020 5788
22165 22820
511 8689
14155 17615
2876 6416
10654 23160
1839 13863
6863 14442
15117 23820
513 8079
18241 19608
248 20883
1309 4095
12971 21211
18311 23443
9847 23678
4441 21800
5373 14134
4367 19144
10104 18972
3887 13699
8005 23999
3603 14433
4384 9739
7390 9145
7916 9124
5277 11302
3700 14312
10243 22404
317 23123
4258 17411
17034 18062
2884 16006
4359 22071
11045 16622
5719 6037
10812 14194
21025 21947
9109 23067
8009 11609
1341 13275
14277 17823
17451 23048
14083 16406
14900 19138
1596 4145
6201 22725
12574 17039
8780 22419
8783 23310
8855 20730
6316 18952
3505 14867
1566 9161
13454 14606
1037 10954
5318 8763
10989 18385
3497 21388
13952 18125
2644 5661
1465 13083
549 11635
15007 15458
7309 20112
6704 19670
3419 17739
7129 14479
508 3139
3167 20477
17806 24099
18540 23872
3305 9833
820 18438
18489 22572
8364 9020
8615 24115
945 23776
8311 12681
1510 21182
11476 12606
1709 6674
1347 18072
14428 23693
3977 5892
1563 3442
1218 23909
16000 16993
12362 20361
6449 23265
11044 13038
4921 23552
7215 20842
1905 3451
6195 15415
16849 22745
4460 19406
9494 10556
9120 11289
5163 6436
5195 10372
3479 4483
15301 24029
8287 14173
6669 15576
2338 20768
16879 19676
5843 15992
11764 12737
18136 22477
13158 23300
3891 4278
10720 14894
7661 13266
1085 6695
5814 13380
9220 12491
19624 21478
1218 7353
6331 16727
15669 20477
14733 15475
3726 14434
21574 22666
3261 5852
2241 10174
2283 6420
15316 17366
6185 15006
2071 14071
14875 23145
3832 24323
1141 5300
5734 16647
3039 11698
14303 18589
7417 9327
4803 17979
210 15116
11355 14787
1628 7022
9374 9567
4464 11354
12216 14209
8690 17077
5589 7419
11335 17790
6674 12626
3307 17714
3845 17065
12801 21704
2283 17872
5968 9022
7046 13810
3099 17068
16546 23498
9721 14151
12475 22986
10547 13244
10923 18490
9181 13457
12363 15866
11766 22561
2106 16370
4896 17073
13589 21354
4342 8153
16701 24180
14605 19086
3707 14109
14246 21206
211 20754
17857 18826
1745 7030
1171 8274
13909 16685
2418 19532
67 7294
607 10720
1220 14693
1751 19309
3195 17582
1857 6016
1273 8031
12173 24311
17262 19353
4588 21720
13314 14086
11349 14693
799 14031
22495 23316
3807 19044
7436 10584
7555 11428
9096 14601
17926 21452
3560 10181
14392 23921
4873 15710
7235 12253
14266 24398
2647 14552
5745 19245
5278 24091
10522 24366
4508 11402
1478 12932
9878 18482
1839 11020
3058 19820
9589 14851
4746 18693
1407 19452
5520 22434
1708 19217
5453 6373
20044 20473
4751 12709
2820 16333
9765 11357
8800 8942
9777 18900
8966 16295
631 1972
9302 10007
4358 11083
4475 5885
7089 11956
2890 20451
282 19766
13245 21815
8236 21853
6505 20012
14508 18377
9937 21041
1383 8580
18765 20074
11283 18554
7948 22173
827 13022
5976 19929
9173 11422
4450 5659
20823 24277
218 14325
9669 21700
667 13562
20069 23592
12232 20835
1791 22630
11846 17774
12036 23695
17240 17794
8456 21539
20662 24475
15441 20178
2167 3199
9984 12035
8325 9142
1196 14935
723 14200
9019 9412
14082 24477
1626 7677
4601 10592
15848 21492
11103 16351
738 22362
8016 19670
9401 20730
17702 19225
3253 6701
954 9642
835 23696
7857 19037
14733 19517
9670 20205
9477 15271
6600 21288
337 9048
12529 23774
8485 12073
893 16509
10698 20522
1236 20017
5191 6135
14395 15319
5403 9731
16201 20861
5609 11181
12742 20738
17085 23575
16279 18919
6184 12145
13061 16651
4034 22526
9459 14829
5025 20734
6839 16108
14154 15889
1925 11279
8011 8095
5018 7942
1664 9463
7866 22094
10324 12421
9470 10057
11162 21582
5612 17133
4497 24252
13815 17745
7755 11043
14803 23877
8575 8937
6562 21733
518 13069
10865 12332
8276 15323
18175 19752
14981 20866
19821 21834
15744 18528
12904 13347
11419 11543
4403 9964
6846 16877
10631 22322
7898 22238
19095 22914
13117 13859
4135 16655
988 2573
3554 3807
3531 6769
5096 21931
4674 6417
4219 6613
9531 12321
12405 20504
7028 13561
1563 3351
12162 22706
9770 13262
15048 23206
3737 9803
20743 22042
8175 10620
5384 5744
3398 12644
15406 16553
2836 13807
19839 24484
11635 18498
9762 16494
4089 17084
14684 24431
3336 24217
13874 23376
13283 24085
6398 7957
15979 15989
15473 23292
15747 17434
168 23882
1739 19681
21537 23425
1882 21767
14921 24027
7562 9552
5640 12769
14334 17271
19067 19975
2217 20332
14237 17152
2152 9434
6048 13840
2084 3176
5403 24237
10173 23369
19382 22943
17271 19591
3263 6407
11504 16565
16342 20551
12772 19198
10461 14749
5807 11533
10699 23911
342 21495
4714 20008
2169 14320
15050 19280
21212 21703
10826 14966
18251 23463
8360 20543
11683 20760
11743 22063
4120 17685
20311 21687
3299 5250
15537 20825
3643 21546
2490 12657
15377 17677
391 13347
1926 10021
4770 20070
14192 17010
15022 23399
14946 19519
7795 21534
13321 21957
2199 14693
8052 9862
5604 23698
19065 20737
4130 12411
9303 12935
11783 13095
1677 21752
4577 6949
4561 24155
15688 21953
5816 13816
11553 22817
10304 22717
10049 20832
12246 16512
7666 21898
8188 20314
20509 23982
8542 20449
2286 19112
3176 9720
5505 13844
789 3646
15996 16672
7888 22690
7559 13814
12610 17673
9213 11482
4004 22786
10883 14034
15795 21887
1329 11258
4198 15749
324 10559
13709 14981
2281 4869
9942 12950
489 16061
13048 19206
15002 23479
20626 24094
10466 10996
2526 17327
17584 19629
22195 23117
4312 13043
10969 22176
9796 12216
10258 15410
11749 12562
6447 19612
13482 16568
634 17166
127 3024
6192 21584
6567 6610
4922 15333
8544 13731
2851 21729
9990 20520
4529 14259
9204 12306
7670 10003
264 6535
20212 21873
14414 23135
11145 15147
17775 18760
3649 20689
15188 15901
612 5978
3203 17866
3098 4809
10288 18960
14735 22252
11523 12158
10246 24409
850 5493
3417 14686
1791 2729
21232 24440
3796 10457
21098 22728
6412 14229
14173 16626
3394 12049
1620 20506
7664 22632
13399 14806
3165 15132
16429 22942
5837 11967
7576 12622
13580 16161
3212 10131
1390 23778
7318 23944
20900 24376
1008 20473
14410 17865
3830 9375
13978 19894
13082 16657
15446 19892
9218 20435
9701 10282
1998 11294
7083 12258
13316 15555
13751 17754
4627 15903
6865 19025
17757 20935
19046 19587
6931 12187
4290 20148
691 9149
8974 16846
6509 24289
1024 4897
13454 17093
6125 16140
4900 5135
1757 21059
15347 21842
4405 17358
4265 20475
13407 16499
13925 14499
1979 8264
443 5317
8021 16972
17862 17941
14407 21727
14491 20786
3257 14894
2931 24415
2220 6177
15417 19480
2180 17365
5593 11914
2891 10304
571 20754
3280 13323
19576 21656
2019 7737
20331 21413
7100 9031
14051 20593
6867 23224
11279 16500
1510 2054
11382 15560
14984 21392
12660 14793
4110 5136
2365 10177
7960 18768
834 6994
11432 18078
9918 14621
6021 15314
7537 14384
7681 23287
2651 13473
12075 13520
13548 15631
7070 16140
3192 14839
8650 23258
13428 22199
14963 19220
2178 16085
13863 16322
5515 9768
48 24149
9763 14599
15643 20034
8468 12933
12500 12676
13686 20862
5850 21319
1290 17768
17934 23666
1822 8717
23 2504
7089 11201
7328 9502
1762 4140
11421 19609
14450 17919
14205 20512
16526 17942
10408 12862
16799 22849
11261 23420
3029 20675
5751 22418
8992 19475
9668 21600
12031 19347
7024 12315
11589 16537
18490 21981
13147 19349
1376 5710
1354 18649
2099 14804
11851 13631
15904 19509
1153 7519
3725 15050
1054 17094
11704 19168
2075 20179
12055 13499
11618 22759
22676 23564
1590 17055
14350 23188
15138 22132
21306 21700
8313 18913
4433 20660
2376 17073
19931 22166
237 8051
1964 8086
1246 19901
4137 12776
7727 8417
2523 17731
1771 17842
6452 21064
15048 24141
7908 24149
1517 20613
8263 14134
1865 23341
2624 6523
12613 14586
10200 15207
3813 13323
11763 12536
12465 16704
8583 11971
13219 18517
9947 24389
2088 2855
7636 18298
13105 19962
11921 14379
8892 16214
7752 11151
12006 12361
2656 5887
6408 6870
1472 8485
6230 12925
8231 14497
4961 22897
5441 23100
5458 17780
1051 3974
2552 12078
4910 13728
11841 21876
2134 15715
9747 23135
11501 11549
17448 22453
4592 14215
9574 13677
4885 20081
5472 12519
5128 11083
835 7707
2400 5316
10385 21807
17996 20665
1215 3302
6380 12955
4934 11679
18632 20729
8798 8866
1293 5557
3371 22065
6695 22795
8392 9013
17081 21692
571 3499
436 5863
6818 23600
7401 23705
2562 24459
758 15213
6900 24183
4333 12282
9297 22072
2884 19350
7277 10201
4406 17347
20621 20774
13702 22905
3741 23825
11872 11940
15864 19299
1832 19841
6223 13049
19685 20866
2981 21892
3355 19919
5009 22046
13850 20717
5660 20160
15104 18300
4845 19292
6710 18072
6360 8316
11855 13452
3390 6997
14759 21797
12022 17140
9267 23952
11597 20842
4465 11585
4034 7456
2686 11835
3460 11296
7996 19115
1939 10342
218 14610
6436 23222
6818 9314
1511 24302
8057 17790
7017 14245
5130 10571
4820 22709
14837 15445
11212 23862
4342 7277
2614 18072
4507 11704
5678 13255
5141 20720
3468 15601
11980 12536
5267 8188
2335 16025
17358 19996
7919 18922
10381 17812
21398 22739
12848 17102
8114 15788
9574 20567
3150 24103
531 1302
16179 18100
7 5151
8359 16973
19518 23353
4617 13497
4167 12115
20145 21217
5449 8897
2648 16292
13472 13824
2417 3303
5571 22317
2651 10105
5185 21292
2881 24149
2849 21688
18200 24346
4868 23802
10081 12001
18959 23390
4912 22706
3538 4138
244 694
6419 18022
1048 23612
2209 5562
18101 22365
13179 18564
10694 13314
3516 13073
5861 12774
17739 17832
2122 8583
3916 13833
1131 4945
10484 20200
5593 10429
5081 11746
4525 18247
6805 16317
2151 21784
13910 23744
6259 16017
8932 22329
4936 9890
5550 18744
5892 19701
4554 23401
18720 22650
10363 22965
13698 15498
1418 7624
8434 11981
1427 9279
8939 15661
1720 12198
360 14059
19184 22992
13301 20623
17186 20001
5112 16979
5997 14284
9393 12417
337 12194
17915 23322
4011 10606
1593 20389
10713 17095
3331 18345
3566 20931
12584 19498
5619 13188
15086 22782
21283 23692
3013 3401
12903 19116
7849 12286
3308 5844
8191 10747
396 21923
12931 21512
2362 6295
5107 13592
12244 17247
4757 22358
6110 24486
9478 22681
13133 14106
3582 8543
5004 9636
16657 17563
1818 20287
7194 19333
1595 11298
8132 18819
9835 19017
11204 16955
6563 8204
7071 22031
8539 23927
1626 18192
4513 17912
7016 9638
10804 21066
1121 7116
12828 14335
20425 24334
7644 10659
11572 14960
3033 10179
3839 10440
6398 22698
13957 23626
11947 21870
62 16604
8042 9186
5066 13055
2839 8009
391 11280
5995 19458
8478 24403
9936 20480
1626 4788
6357 8717
8073 19196
1553 3950
9929 15150
13748 20830
6511 10721
2098 5716
9479 17023
13773 20452
6425 17772
4898 23482
4405 7365
1804 19518
9009 16912
6211 15648
8443 24433
16631 18329
37 22758
5746 24415
12153 12312
7725 15747
8281 19637
223 23208
12836 17837
10394 10559
5454 22006
2004 20555
11752 11846
5287 9139
8954 14161
2298 11122
4829 8287
6172 18586
198 18689
8537 14229
4102 13658
3482 15001
2843 11720
10645 23142
5338 19491
1466 3736
12754 24454
18823 22333
6678 13681
16766 18330
20317 21188
1051 8453
8359 15294
19920 21470
9740 21762
2027 22026
46 6270
8725 9536
18324 24437
4518 7712
11978 19332
4329 12329
10977 13631
1489 22573
8593 24203
10894 17233
5048 7140
18979 23562
17054 20522
11 24326
16794 23399
22386 23218
7357 12322
17458 23378
3475 6126
12211 21480
517 3738
3700 7263
1748 14652
15463 19699
2977 5286
7609 9339
12684 16629
12613 20962
9552 20362
5545 10697
9867 17348
19295 23513
5826 14774
1934 3204
12316 23666
4325 15433
1948 3710
2039 23165
611 3356
5536 21830
477 24063
19675 23325
704 20679
16558 18165
9169 22549
1881 23698
10498 16798
12820 16895
9116 13075
7080 23016
8784 19002
17780 19503
13361 14407
6474 18628
6420 8585
13057 20875
18449 22960
3028 4481
3484 22198
5114 7451
7569 13755
10786 18116
17166 21996
6684 15877
10129 23596
3591 12220
2142 18583
1555 2170
4808 17545
583 12311
4976 21241
22492 23683
7726 18582
5027 16259
19301 19459
3801 4459
1581 10926
0 11506
5632 8904
44 3816
481 594
7143 20172
6577 8452
2084 5382
16829 22119
13088 17993
15420 21421
5203 5362
18747 23067
5860 19615
905 14292
6415 15251
9484 12955
3741 9846
4465 15028
14205 16629
10525 20988
13068 22151
1244 8470
6561 10718
5613 18979
891 15146
12985 19906
13593 23737
11569 16595
894 23378
1941 9723
16541 20435
6417 17905
14181 18027
7335 12500
3315 12593
9777 10424
10936 19239
17411 23739
9307 21369
2150 21152
5977 19320
1485 17600
11293 23055
13474 14491
3319 9605
193 4152
6753 11322
10088 23064
2936 12638
2046 6476
2966 11812
2328 16633
409 8625
14633 14841
1072 10040
16478 21585
847 11326
3404 8184
14691 20822
3651 4959
7166 11775
4498 15626
13057 22430
2135 4928
10224 22834
9921 15476
14539 16619
124 9164
4079 5092
20652 22820
7146 15735
9863 15115
9 1048
9695 11842
11998 21627
3877 13194
1165 11873
4183 19460
988 7189
9928 22903
22587 23747
15653 17393
18734 22327
19284 20277
4027 22973
794 5511
4289 8469
12690 15240
1707 11030
1449 19627
1251 17708
9517 13769
2837 12322
13465 17044
274 14228
847 13066
6729 22547
3361 15816
15747 22967
20861 23768
3145 8374
1167 15346
8584 11551
6194 7985
2500 8298
3818 6909
2221 10972
1523 12678
3914 14200
2160 15040
9890 10437
11854 17505
5843 19679
14332 20393
3802 10601
4429 7792
4903 15035
3750 8008
16206 23459
2613 9896
14035 18702
159 14571
2496 23219
16270 17052
7695 19603
1699 17354
5452 16708
15429 16965
13839 19765
10959 11384
6367 6781
1470 7997
5417 19759
5072 14020
1245 17329
870 15223
15057 17119
9075 13768
9798 16929
1221 18522
111 2579
15071 15990
4281 18541
6521 7549
14664 17386
15553 18778
14207 21834
8348 11491
21936 23481
5736 11926
9578 23219
2456 3362
10848 24348
12147 21202
2517 11973
390 21479
9568 20003
9379 10950
16136 21271
4299 4990
8265 14377
4170 16338
62 8126
2021 19991
11952 16676
2516 23190
4285 13369
3513 20123
10376 14648
154 12081
6176 23109
16510 22208
15100 18555
14223 16604
11582 15508
6243 11290
506 4864
12144 24414
5989 17004
8108 16586
14356 21321
9390 24430
21912 24142
4907 16759
301 10681
360 17915
7869 24190
15620 21174
7658 19993
14130 17135
958 22637
738 20021
2316 21562
14756 22934
13695 23807
9736 19141
4555 5051
13771 20005
6440 17231
8386 18698
1081 7816
13676 20284
729 13334
19062 23199
12750 16544
4206 16851
58 5761
2920 20371
8115 24397
8711 20368
11724 19599
7658 18912
11415 16637
2345 10790
5119 15558
10426 23579
459 14015
4540 17840
14170 23300
1753 21362
5130 22125
12381 19005
5391 10566
17395 19628
6299 7696
2213 14749
11857 19761
6750 13271
682 12576
11568 15465
14485 17770
5613 18396
7130 10283
2415 5327
5012 7991
862 12688
2265 11929
4194 5112
2465 12194
8196 17361
20921 24337
20715 23481
13591 18738
3588 6021
4201 14325
4494 20546
351 22017
10969 16351
16287 16691
13819 17621
8098 15809
17237 21966
5373 18693
540 1184
1140 11046
5779 18622
2740 9948
15915 22415
8802 20623
13096 14968
1018 23938
1808 20064
1190 15756
6217 16251
1731 8434
4638 9744
1991 10427
4089 10909
9857 13330
14123 14610
5378 15293
1663 20877
13006 22116
64 18034
9522 12161
15683 20865
3534 6676
8787 11514
4104 6344
6635 22400
8933 21992
15165 23746
10565 15785
16947 21295
6463 21538
1455 18537
4365 7148
16074 17737
15758 22284
18719 19496
979 13186
881 13972
19394 20279
14902 16421
15666 17891
22367 22914
13084 23260
6725 19342
6034 22410
2232 19739
5771 10560
21271 22447
16682 16705
3249 9604
5940 8684
15555 19492
1862 14141
13117 23624
11639 24182
2769 21170
7152 13346
9025 9243
5570 19847
8498 10621
8692 15832
18107 19923
1264 14367
5661 15085
771 7024
16222 18186
5734 18518
3957 17901
3908 5725
7400 20108
5108 10390
5231 19373
8963 9524
2831 6452
2751 9055
4329 14795
2205 12052
80 23832
17249 24339
18101 21536
9955 22870
5537 14833
3575 15845
1396 19323
10320 21581
9573 11904
11370 11432
20426 23542
16597 20799
988 9480
3017 17402
2284 3685
6910 8743
5706 15529
1626 16977
4176 13215
15867 23514
1639 5481
1040 13835
4355 17711
8678 13555
1604 22695
8528 18036
9507 16829
6081 16054
5358 9313
6547 13544
996 2835
17713 23168
8735 11850
11374 18148
3382 9410
419 7173
7750 12772
12665 21785
12088 22963
9860 11138
19512 21595
9735 11249
670 13679
14758 15367
1876 9648
14109 18371
7702 17414
12092 14513
7955 10246
6817 9637
4586 13750
19689 24367
11214 16342
8519 17737
2698 9662
284 499
714 16511
8420 8439
8528 11848
21289 22118
1552 14424
16318 19709
5805 17991
8596 15045
1820 7068
2340 11545
3373 8922
2047 2139
13795 14720
17285 22600
9081 17760
3711 14896
5073 10896
16736 20727
990 1312
6547 24089
10907 11688
2767 12927
4904 13561
9685 15842
4301 18449
13780 22484
631 7221
2072 2648
11378 22752
4727 13085
4589 13317
3458 9393
1644 11495
5248 7363
726 21199
19004 21005
14457 20369
4682 22011
5097 5727
1867 2585
18835 21628
1167 15322
3994 16553
1739 14703
11527 16330
3650 10400
1449 18411
7073 15705
17524 20180
20082 23204
2902 23421
16112 16968
12244 17545
15730 17659
17295 19507
1431 8824
9274 19131
7633 20425
6603 20127
19920 21989
16281 21067
7460 22665
18186 21400
5683 8064
10953 22789
20168 22955
15360 22831
1979 8093
18355 23717
13397 15352
4018 4447
12993 21495
15514 23647
8941 24168
1902 14793
2553 11096
20348 23821
16582 18005
2012 3846
1451 14288
7658 8431
9849 15817
11995 13460
11883 16603
10026 19877
19479 23798
1612 19250
1311 6386
9522 13291
990 5287
14833 14843
10729 22813
7247 23426
10319 21435
247 21817
626 8684
9543 24078
12458 20689
12516 22710
19951 20170
22502 22773
3756 17035
17633 20473
7497 21411
2881 5521
2619 22441
5515 7344
13628 18820
10951 18125
11203 16371
11401 21992
17983 20849
10740 16193
13721 16309
4718 23386
12998 23613
5166 15234
19045 20786
18824 21742
4237 20704
13788 19771
209 19449
18054 19029
8364 13608
13077 14176
367 18170
2228 10692
5989 12807
5864 19919
8391 21081
3977 12037
7270 15975
3157 10009
12545 13255
11007 13937
9308 16109
7402 11779
13852 23716
9443 22052
12639 21662
6631 15492
804 9374
799 1527
1792 21906
1451 16369
7783 13827
7733 9468
4556 11946
10813 17024
4867 16974
20531 22039
2587 19117
8316 20112
929 13259
336 2787
7569 21610
5138 11749
12510 14261
7617 17467
13645 14694
1326 16163
1375 4596
3101 12315
19205 22845
1720 2249
2518 16729
13204 16557
6300 19184
16022 16170
13921 14913
4068 16194
17595 20745
2877 9192
16051 19036
2736 14254
9735 17829
19856 20410
7399 20654
6727 17779
4663 11222
14215 17337
12970 17733
9825 14669
7762 10666
9348 9453
10028 22610
10980 24233
5427 8753
311 15931
864 13761
1420 19249
1050 21373
3576 7392
3479 11476
2618 3161
3100 17734
4583 5173
8251 20888
15031 20550
10224 19191
3378 18904
2849 17671
745 15427
16282 23882
8990 20162
2765 19255
3201 24084
9880 15661
13887 19615
10842 14404
11951 15712
8281 8880
15576 19711
473 11325
6835 11711
20780 23420
675 12754
4207 15687
4635 13935
12472 12785
4358 20419
3818 5153
7814 19620
575 20393
9753 18497
3533 10618
3097 5414
3082 6520
3712 19339
7596 13450
20171 23192
2091 2119
2073 16044
10440 11461
5559 22472
22334 24391
6028 18604
985 5301
9599 14677
2623 21127
13892 23748
1725 16990
12789 24073
4124 5508
12636 20853
11890 13272
19545 24273
7267 15456
2807 20110
12578 12825
6933 22504
12760 17447
3981 7127
6182 12272
3703 8302
15853 24330
8730 19973
2276 18825
17279 19818
6406 14901
16036 20640
8265 16193
15843 15976
5250 19836
14822 20929
18791 18958
10564 22253
1969 5196
16530 23192
6004 20136
10578 22379
8430 10254
6005 6833
4061 11181
1283 14212
5483 13728
1625 8259
10745 20289
6983 16263
902 23829
16195 18231
8682 15130
8665 12929
9903 19310
9619 22620
3827 10668
5104 13047
747 11034
6383 15658
22819 23275
12423 19186
6437 14528
7065 18548
9522 12918
5214 9658
5224 18276
122 9271
10849 12043
22835 23976
6712 22972
9196 14049
4279 13645
1361 13449
4748 21840
13660 23081
1645 22981
5585 13434
19659 20049
2400 14037
4790 21184
12592 18411
2250 6949
7340 12927
6265 13022
7748 11127
10542 11915
8529 14669
11843 21293
12079 23137
23712 23753
1859 20765
810 15973
12381 23334
2258 3409
4805 12004
2021 15569
13373 21177
6815 9706
23573 24369
21445 23013
2374 21193
1341 6808
21044 22669
14670 21472
15592 15597
1997 23159
2899 6334
10 21576
6524 24160
2715 8212
18046 23631
22546 23119
15929 23564
19469 19846
14203 21059
1999 22096
2129 22685
8900 21236
4677 19676
4192 7677
7504 9976
6367 20729
13659 16703
18879 20145
6578 21197
7085 20588
2848 23118
1833 21861
6306 22616
7439 9571
2855 14118
3915 4987
19865 21441
18734 23632
2991 10211
12090 13983
6052 6869
16012 24014
9774 18905
1351 20432
10220 14965
11968 24115
15361 23364
2165 23913
18922 21381
3419 3629
10418 20091
2535 9284
20210 23020
6193 12426
21587 22760
23089 23106
6535 24239
1224 13735
1057 16429
5427 21072
11010 16326
11582 22901
9707 10021
5074 19324
15621 23346
7066 19480
714 11598
3341 15516
7402 21495
4366 8025
13526 19710
6484 15949
966 9816
9509 11406
6920 21788
25 5642
1874 14112
15970 23631
5262 22174
1158 23587
1560 15850
13652 14863
7258 22327
10212 12607
4905 11949
8097 22354
9787 18649
5330 5538
17015 17955
2832 4633
3419 6410
11879 19772
5532 18127
8438 21005
3887 15353
2256 14215
10805 13159
4257 15675
4814 18933
11002 20740
374 9976
7322 13255
4844 13072
2224 9151
2248 20070
6990 20341
7784 14298
3949 11319
3921 22347
1534 12424
18983 23675
13742 21625
1444 17907
7535 14586
18894 20247
8052 20377
3172 9481
80 13587
7372 22955
4905 12128
3744 20061
890 17676
491 11743
9670 14927
13200 17610
3720 4133
10116 10391
8312 21714
9993 20899
4383 14090
13239 22344
20196 21096
18470 21339
4446 13682
16669 21952
13435 14658
18424 20654
5739 16595
19166 20237
4355 16582
2278 5390
7850 11983
3455 7362
8254 22901
2445 5641
4271 23970
2124 6000
4633 6671
10603 22823
1311 3271
989 21909
7546 23002
3632 9239
6250 24423
13779 18325
10940 20159
7628 17965
2005 5656
10716 15421
16903 22116
5761 6098
2076 6009
2871 16204
262 1407
3356 23918
8088 24426
8414 16696
3065 20923
2629 8359
6738 21364
15255 24280
15447 19609
12566 16788
13751 16730
437 14639
3332 23890
8417 14312
502 21316
12159 22384
6892 17857
14891 18968
16334 19762
7758 23267
8358 22475
10709 13085
4209 16966
5527 13573
8195 10844
766 14347
11367 17172
3823 24134
15209 17537
3102 20629
6346 13654
21698 24218
5589 14944
282 14256
14486 18838
17389 17589
2390 16554
212 14051
6443 12745
1744 17777
9782 14532
983 4843
21070 23440
2718 10289
2018 3648
12717 15673
5795 10465
6119 11749
1420 5389
6117 24262
4452 4767
1856 21779
6585 12292
5587 22061
9762 18281
4534 18635
8439 19817
8631 23484
16617 21832
12726 14670
3181 19157
1776 7931
11545 15529
11678 16455
15687 18728
14150 14425
3556 10323
10966 19665
5052 14105
1632 22234
22271 23269
19765 23033
5759 20872
11912 22613
841 7463
16489 22438
2656 8038
1754 2687
5485 8463
13675 14234
19451 20579
5229 10382
1631 14754
12173 22849
20505 24297
4147 20675
7070 19513
15455 24440
5119 16742
639 5725
5437 7723
6250 13574
1191 18578
686 2980
4773 5145
12193 20091
17225 20843
4981 8052
11299 14810
10580 12974
4523 12769
4920 23678
4546 12017
9830 11379
14269 16958
13160 20141
20795 22827
3800 22079
10495 20985
18241 22902
20664 22451
381 16793
4589 24000
5822 10301
7985 20457
5443 6007
13008 13429
16199 17614
2091 4771
14085 21512
11988 12920
2216 6996
14190 17456
7850 19892
290 22594
2792 20668
1045 16778
4720 16316
4379 24302
18943 24439
6606 22105
6144 22277
8141 15006
9451 14768
84 6057
2838 20222
12408 13614
10496 18298
8486 22896
10572 14912
120 14992
7234 22578
10606 12944
19570 22371
7599 15025
14150 14585
758 13832
1903 20684
15051 20242
1758 11055
5964 13388
7967 19622
6107 23971
5274 12870
20206 22249
4847 18066
5113 9694
16280 21606
9960 15074
11394 23827
13546 17950
3793 10014
19776 22112
21982 22373
16379 19324
407 15151
3738 22392
4390 19513
7508 19190
11228 14867
753 6447
14311 16788
4343 21613
2412 6265
8228 10035
15116 20674
5367 15242
2194 22896
7438 12885
15134 24276
13182 23822
12799 19464
19639 22952
8852 21935
5319 18033
585 18278
602 17100
8280 24021
4664 17092
6651 13773
1668 12452
2081 2599
753 14748
582 5591
6271 14080
1 24072
8535 9785
6650 21771
3308 16297
11305 22351
7964 14370
19977 23244
1208 4724
5718 13420
2212 4998
9559 18468
3684 19864
2746 4532
8705 21287
11835 17136
7909 19415
1373 8199
6423 15236
8606 9103
958 19732
2938 23133
1584 9978
667 18032
2859 5237
6102 19753
3251 22765
7092 24238
11073 13047
9260 16900
11765 23459
8001 19304
2275 8368
5536 6389
5783 17365
14098 21035
6825 12816
828 24284
18459 18729
1122 15428
1115 11694
8641 21006
5232 16470
12311 19102
9473 21787
2658 20553
8819 23723
1784 7951
4783 21354
6412 18002
12409 17313
4434 15406
3224 20958
2122 13670
22250 23525
698 10416
6206 23906
4286 17086
2612 8353
9587 15185
17249 23794
43 9135
2074 3908
197 21197
881 23361
13274 24029
22826 24126
2365 19617
8775 17839
5215 18367
2776 23659
1190 4042
2130 6588
15495 18141
4442 18131
12842 16582
6909 7797
1596 5278
5220 23957
1796 4047
10477 22518
3286 22157
7320 21913
17260 22132
6710 18122
19044 22074
2645 21333
15284 21391
1482 10856
5573 20656
3055 21822
7014 20205
11381 18069
13016 13268
10371 24021
10806 23689
1840 19607
13302 16948
3678 13027
425 20558
13540 19560
6284 23000
5915 6248
4566 22296
1628 24162
9601 14713
4711 18710
6867 20200
14298 24252
1052 18134
13061 15023
6317 14846
16269 22468
14812 22722
8873 11257
2537 6394
11748 21641
2393 20095
14912 15265
18414 19124
3830 8899
144 16921
1795 10206
22360 24119
21739 24107
5152 7416
6777 9703
6829 12960
6671 13197
6198 13409
3907 15794
15601 24408
7295 20855
6904 14876
3456 9298
12289 23491
2037 4919
12236 19609
13280 21882
17645 23629
706 8231
7778 16884
18217 21292
2449 16207
5922 20687
17534 23406
11799 13263
9039 11762
178 4684
18949 24147
14107 19197
39 5520
12642 23419
1528 23902
11326 19169
3909 23834
7422 21862
16060 19623
15178 16123
1241 20987
11416 16631
11920 21894
8175 15025
6541 10787
3325 23248
1190 18016
3021 17833
4819 17657
13660 19985
17574 21336
6731 14165
15683 23820
4577 18146
898 6485
3731 16652
5787 15847
11510 17905
8647 19378
5707 10782
1164 8095
9020 21719
10141 16392
2246 10457
16149 19874
10801 20988
3531 23876
1446 11327
11766 15706
155 16911
2347 19607
3542 12265
19144 22187
12082 20517
4189 18849
11289 20945
11561 15013
19950 24363
4555 12485
19674 21292
13037 18035
441 8923
8439 13585
15478 23399
200 12584
2730 23571
3388 12040
6694 21147
9367 15107
8075 11884
3611 7132
5708 22477
12055 15744
5416 24304
3636 11720
9600 21917
1894 17846
1406 10733
8152 10694
6090 22321
12624 12879
7898 14539
17542 18322
5154 22989
11760 23786
11631 14628
10237 20192
10749 21302
3491 18822
2880 7115
2292 10574
332 22959
10095 17771
3405 6817
4053 17093
16558 20486
7412 15286
3745 22677
499 12680
8272 23355
19106 22538
1994 23483
16984 22733
20762 23569
5010 18047
8497 23941
6846 20347
3315 18391
5624 14112
291 23796
11290 22072
4152 14682
2143 21310
6588 9731
9115 22496
6313 21020
12531 12782
5053 22649
4734 18303
570 5381
11497 19268
18095 20092
19304 24473
12516 17375
7644 23313
8453 18778
5432 8244
5687 23571
1436 9492
4734 5071
5177 14207
6897 8168
2028 15700
5328 17058
12323 18499
2771 12851
19819 21160
6158 21853
7114 22316
426 22439
12786 21722
2855 3539
7093 15843
9925 18571
10170 14756
4618 16558
14844 17836
3064 14876
3095 3556
9072 22219
5215 17996
21424 21503
12762 24441
2607 11037
2489 7616
13775 19311
3689 21046
5513 9733
14586 16528
12073 22032
20714 21547
2354 10530
19092 20193
203 468
8975 19386
9358 23200
11523 19089
6419 18006
10254 14740
6401 11395
6669 19999
11013 22758
10225 18968
9702 23040
4411 18405
2132 19510
1829 3096
5158 7312
2043 11975
16960 19937
767 23013
2389 15491
3335 19805
11799 20239
6352 20538
18793 19933
122 4481
866 18596
14636 21052
18861 20349
2350 22859
1628 2240
16568 17218
8809 20830
228 7533
7584 24008
16311 21824
584 13649
6247 12280
12499 15849
781 19471
2761 8527
8809 9748
3533 10774
21147 24067
2963 8213
12876 22596
48 15346
1548 17684
9330 23504
18485 24428
20640 23039
7051 22844
4871 6079
3028 14488
12999 21404
10209 15696
19109 20489
7860 10236
742 18439
1554 11133
148 21004
401 23731
10150 19733
16017 20143
245 16909
9326 22903
5585 10087
7193 21769
1173 11614
20099 20902
1152 12378
2879 21859
4295 5849
4436 23523
6887 16978
9201 9338
5221 12200
7153 14697
1926 6948
6556 15054
3871 12789
6715 10172
11548 15645
6237 21264
533 23862
19285 20544
6799 15054
8035 9653
6489 19360
1319 23388
11044 22472
4274 19836
9159 12180
4362 6081
17198 19970
1582 12255
15849 23279
11831 12657
11237 12330
3450 17004
12878 22559
443 12102
4225 7634
19564 21970
2706 6910
4584 17693
4984 23041
17616 17628
5319 12323
7752 10277
7272 13584
12800 15860
2917 21285
10745 21013
9155 14065
6027 16063
9110 14032
2171 9261
7064 13767
6105 23999
12611 14390
6453 21586
5960 21959
18019 20235
376 4329
1386 8518
11043 12416
11171 13390
2435 11644
7272 22725
7656 23302
15652 18772
13930 14422
9245 17316
10174 20861
6177 14363
4866 13394
6843 17215
13049 20533
127 19733
12124 16198
118 20517
7183 8220
806 22421
15103 22311
5924 24015
14963 24435
18234 18779
4943 6634
10876 23447
4703 18152
14854 17691
18343 20144
11260 23717
7257 8674
4340 16138
1535 7755
917 2135
9645 19946
2996 10793
7673 20039
459 17769
8436 14438
14112 23278
5807 24187
3533 22142
7057 11076
3284 23290
13681 21726
17048 24459
3201 11841
14575 22106
9127 9654
3543 6751
4598 15198
8741 17562
16004 20078
13626 22786
6050 7322
3193 21508
12591 23720
4832 15136
11009 21169
3194 17229
2161 6336
5630 8100
2200 13601
11272 20910
17992 22363
5125 11471
8369 19287
3002 23846
6188 11644
11303 22008
13273 23119
10759 23154
8998 10227
3186 7452
17971 21776
6987 20470
1999 22951
9836 24035
3061 22265
5850 19578
15787 18043
14461 21118
8559 10131
308 9330
5516 24129
3197 20845
194 16343
10023 16589
4006 16541
7535 13275
6432 9016
1964 11594
5340 19690
19998 20532
8032 13844
11873 19052
914 945
1301 16595
7544 10946
5029 13575
8680 14397
2008 7997
5587 9016
6722 11819
8959 22148
3007 13161
10075 23043
4067 23057
14960 14990
7083 23339
9755 10489
7361 8443
1446 13069
7622 17253
17337 20342
8744 13757
19852 20816
1843 19191
7331 18605
8634 22894
2817 16685
17755 19884
2477 19848
14717 22904
220 4404
16738 21054
8301 16070
14138 16795
12546 22967
8018 10462
11735 21028
8009 10391
10852 23190
4698 21288
21135 24147
8530 11908
2203 3066
566 22987
2789 2907
12559 22277
11452 13419
13570 14624
4323 21161
19207 22748
10101 19028
906 1779
19010 23674
6825 10523
22637 23875
1070 21354
1218 8086
3480 5782
4633 18186
7734 21219
6038 20340
969 3668
4008 15130
16067 21298
15542 24031
3015 17267
10198 19107
19621 21381
11759 22625
13928 20603
6296 6643
1754 7379
19058 19359
15500 24482
4770 15956
12804 21168
5710 18416
5319 11846
4368 12090
14322 17790
6130 16298
1441 7107
3623 8457
13066 17217
22804 23817
9847 12615
18126 23957
5621 12980
254 21785
19448 22939
370 24119
7451 11378
18952 24335
16140 22275
7816 22864
8589 16453
3279 10117
20046 22954
16762 17396
22366 23611
6718 12535
13354 20227
5339 17299
2257 16011
12629 20708
6273 10594
4800 20912
15096 20955
5489 10177
2244 7852
18013 24236
4044 17845
1202 7209
129 8164
5359 17864
14293 23962
2235 11199
15142 15550
11791 19073
3196 21166
8608 12887
941 8998
10398 14178
2908 6575
12737 22903
19306 20855
4344 6503
4421 16464
10168 23531
672 1249
18514 19290
9045 13805
8401 23016
3044 6630
3841 11752
19076 23252
343 11351
5234 22372
5157 12496
1045 2458
15566 23896
15325 21797
3635 8447
2436 7535
2074 21488
8550 22453
223 6645
17621 18014
10764 21629
13115 22469
8854 14081
2399 12367
655 19921
6756 16333
5570 9382
13561 19448
8044 18242
9953 10429
5796 10679
2508 18073
8881 14093
4209 18681
11589 13953
22725 22849
343 2765
13472 13699
11999 17957
11317 14434
6015 12158
6871 14160
15186 17011
3875 17019
2579 10328
20637 24033
20602 21471
11548 21615
4366 21041
17224 20394
7135 18086
9975 12917
6846 22025
2251 14494
2280 20646
8308 12907
6018 23143
2351 3056
6571 12572
7431 12461
1483 3446
10729 13193
1737 2957
3469 5056
1806 9878
15748 18392
3004 20453
9009 16289
9265 13049
11046 22866
6954 11994
16703 19056
1523 20665
888 23351
11874 19965
9137 16142
2351 9159
7339 11383
6369 21310
8661 11701
9191 18538
1726 10059
9925 19830
6269 8274
7456 20909
14306 15214
6754 14748
3209 9820
15505 16633
2771 3372
12567 24391
13768 21946
502 16494
3226 21081
255 9891
3648 8207
15535 21672
2684 8519
197 1957
181 17751
5467 7967
1226 1841
10653 11992
9343 17683
1247 20672
4365 9053
2855 11451
4022 8613
1868 3837
523 3758
11638 15659
15276 21519
21687 22853
3967 8505
16172 24079
13858 14025
1502 12806
167 24241
70 5356
14634 18907
3881 4046
6525 11917
2150 20846
11421 14631
5327 23151
7219 24048
9485 16634
13811 21920
2683 8583
6205 18440
8473 21036
21644 22031
11375 14086
3890 12840
8175 17066
19918 20895
5189 18928
11848 18639
5901 11244
10716 13109
11760 17638
10644 13972
3410 12572
13098 13414
11509 19115
19025 20261
15915 16072
8068 18349
54 9818
10174 24286
3277 15104
17652 20317
865 14263
4950 19157
19282 24308
2711 6672
18036 18394
12859 16487
8963 23300
8145 16104
5420 8972
1949 24012
4576 10550
3381 11637
902 4491
13024 21118
6949 22772
5192 15207
14859 19164
23752 24210
11297 14563
20492 23780
2719 7406
4229 14370
4468 7279
2906 19136
9464 10638
13717 20222
10690 15723
9585 19868
981 16748
10787 23225
650 1028
16456 18565
9270 16850
20491 21168
15561 16877
14323 22143
10800 13393
12435 14497
14767 18795
4903 20957
5579 6803
12613 17181
4968 15663
3326 18326
7500 9724
6790 13959
827 17800
11826 18292
11891 15063
1684 18817
6085 20261
4128 17763
9451 20709
10688 24216
13895 21302
8617 9752
3302 17407
13132 17885
11369 16344
13155 24416
342 13796
19462 23406
10021 17246
1637 9527
2223 9977
3898 19909
15523 18664
2957 12011
16562 19368
16307 17001
19793 20415
7723 15104
10155 16837
4347 13464
12869 24122
5857 21918
4164 22702
13628 14298
4905 13176
1589 19784
13805 17008
3008 12207
4963 17877
19174 21049
5298 6084
8695 23886
2239 15670
7818 18215
12851 19139
434 7333
10751 16088
3945 12374
12707 23730
3462 8999
5489 19764
11237 13090
1752 9944
7045 21371
11234 20990
8520 24340
4861 15489
1856 3834
2883 11981
3096 17601
14754 19982
4572 20206
7834 14303
13546 22843
3917 14885
2035 20368
17050 21187
21361 21954
1405 6009
10699 13605
12297 19825
14739 17865
4792 8644
22 2595
14549 15359
18123 19055
273 20486
5752 23696
3099 5114
9006 10428
2421 18939
5272 20843
3827 19016
3068 14624
8627 9603
12703 23507
4346 18935
1074 7285
13113 22971
1794 20787
4328 23918
12765 22028
13525 17873
414 21975
1669 21736
19883 22035
4270 9113
999 21422
872 7755
10207 12811
3250 22471
1674 17494
13090 16626
3425 16188
6368 21852
10294 14915
4163 14496
3959 8352
2796 23149
17083 19554
6252 19918
7736 19773
1397 23796
386 14833
15784 18540
18005 19088
3810 7178
7510 13206
5787 15416
5157 8228
12705 22698
6266 21420
7068 12908
61 8395
18701 21004
355 21952
11396 15220
8701 10204
5346 9138
13534 21981
3954 8245
566 3850
10473 11265
300 9241
6257 16928
14783 21861
15430 22940
9908 12868
16140 23472
3396 8762
3987 13346
1345 12603
472 18752
9539 23230
19545 21866
21372 23438
2420 17905
471 16930
6623 21686
9383 20344
11194 15871
14713 21535
1451 23227
2466 20888
4562 22877
12982 23485
6770 16749
14919 22102
222 11317
1222 17405
17219 19074
15772 19792
8753 21716
14959 15832
297 4797
5289 13653
1094 5536
3874 12290
9708 19382
14492 15267
4100 5061
16577 17621
669 11778
22358 24461
1334 18752
69 22970
9156 18809
12859 21017
2817 20540
17971 19015
1528 3710
7762 12100
961 16730
10841 21565
3579 15984
5210 20196
6352 19849
13136 13242
652 18087
8726 23563
5838 6892
5584 8208
2137 3162
22698 23364
11480 23566
5459 9321
3674 24296
745 11260
3682 24209
5596 11563
9455 20107
7330 9318
2397 20828
4922 15866
15291 15341
11154 11603
12226 17416
15619 21258
4219 17441
12621 22688
8821 9486
200 18885
7091 20362
1598 9695
4157 12687
17155 17546
3579 23664
1563 11901
6590 22342
10249 10944
274 4886
8988 15383
13377 20493
12948 15884
335 3896
11601 23679
12970 21117
3387 3593
14306 21560
4495 18894
2909 16685
19306 23641
22778 24470
9066 20618
2705 16268
1205 4354
4139 18282
2411 13874
16050 22029
4302 4414
7722 19761
3302 14612
9013 13747
8946 20111
14606 18769
1708 2675
302 3424
14254 22200
3409 3599
2544 13406
20940 21623
3830 16244
18419 21857
893 2797
1974 11023
15091 18962
5736 6099
12831 21929
2409 5735
8187 22079
979 17691
13897 15659
4290 12337
6092 9020
11401 23666
11254 13999
7922 9528
9561 23909
17235 22249
14824 17638
243 19474
14309 18666
6638 12557
2037 9585
10596 19444
5828 18162
7907 18621
4352 13944
3532 7849
3084 8618
78 14934
1428 23090
3269 4064
10655 12593
7829 16026
44 4309
17210 19199
19835 22072
17865 22786
16253 22890
4442 16710
12191 16248
1865 19283
6344 22798
7018 20990
7347 18519
2139 10501
12152 18362
12870 22536
3282 15712
16832 16871
6951 11239
1274 17444
8811 20123
3402 20982
7910 20435
8776 16543
2480 9107
10120 18391
1690 3337
24098 24256
4693 23140
15941 23677
8314 11349
9415 12337
11916 16223
4528 12349
2926 12341
7681 22851
10907 22965
4780 20869
1656 24263
2322 11944
5727 20975
24229 24486
10115 19295
1270 19557
8283 20307
15593 21574
11686 13900
18314 21360
294 18530
575 18079
6897 7394
731 8323
12056 19556
9612 17322
51 849
1547 9703
6253 11608
9615 20857
8393 14515
2840 18048
2032 12555
3156 18603
1067 5651
9664 16269
6993 11703
5625 15854
5499 16808
9878 12971
670 24157
20480 23530
17875 18731
2846 17929
1464 17311
1923 20521
1682 10585
1916 22325
4870 10405
2146 9879
8971 13536
12833 13417
6541 11965
4850 19153
8874 23807
9396 14659
13403 18507
5693 15577
10762 18804
8250 20270
9733 19289
10927 21119
3648 11973
954 23465
2411 21306
14794 23066
8575 9681
2251 17160
13182 15696
4180 18195
4120 19793
7189 17866
11948 17319
5304 18251
1799 7158
8398 11230
15239 18895
5161 11457
11278 20236
14629 18940
4023 10824
15211 16591
10597 21801
5233 6797
4009 5492
14159 24213
14056 22778
2850 22268
3589 8442
5869 20004
3703 17380
9670 20092
11892 18890
16420 22295
943 16217
11368 19573
22922 24086
5711 19604
14953 18627
14441 20645
7963 19811
3325 22060
5541 17207
20448 22070
4322 6281
4871 21523
8253 23772
12893 17354
4338 14327
19045 23576
10105 15912
1863 10027
2746 15708
6813 16069
4734 12545
5610 19420
9646 18180
2526 17959
10576 18013
2893 23762
7816 20377
2625 10431
8678 12566
6574 18436
16208 18114
5521 15510
3919 17597
23198 23602
1835 3302
653 12836
5085 19756
1901 8576
12793 23461
18474 18971
1398 17172
5446 12419
20066 20748
1161 12477
3022 4702
2495 11818
5725 20192
1961 15638
10157 13906
7466 19924
4122 7936
11934 20023
10380 14281
3984 13375
139 10225
11085 11366
28 22291
10283 15016
5928 6366
5302 11858
4225 15780
3546 12717
9414 23618
18378 20425
734 21387
13819 18263
5952 13802
3172 21189
11608 12504
13328 14711
3477 13355
7733 20520
13618 21674
21158 24068
22176 22994
4461 10422
16042 16815
19685 21847
8583 21438
12658 22549
6755 20320
14727 16861
13304 19160
10915 20519
2722 7493
1582 1747
9884 19167
5248 5470
15421 23778
2065 2576
24025 24026
9570 10010
20921 23096
4952 17421
4776 5651
11824 18923
11942 16888
2262 3070
12459 17921
14185 20137
50 2226
10957 15851
8629 15757
15154 20299
3832 22001
1918 5176
2047 23707
9827 12934
1247 4808
289 9037
5886 6924
6160 9717
9616 15373
307 4884
4191 14644
10520 11969
10472 12686
789 7711
17079 21289
15722 21434
5747 18871
4020 21612
3446 6408
2343 9260
9261 10077
5725 22642
6131 12620
10433 16574
7435 10346
18086 18479
1857 4183
6857 15250
19805 21494
12379 13086
11397 22633
5703 22209
1079 20774
13824 20344
1118 8638
5685 8225
16558 19373
10998 17406
2901 10812
3316 8649
4673 18072
7660 10532
499 9916
9426 21715
5458 15019
6329 18746
13863 18515
718 14234
21033 24200
10615 14782
6002 10168
22283 22700
13467 22881
12337 13911
8053 13406
22947 24224
4025 9472
5217 19642
14803 20428
1082 2564
11302 11328
5938 20187
11116 17231
247 5970
6714 20652
1317 5844
22938 24396
4557 21455
11455 16664
1836 4497
8231 13100
5447 15691
438 10696
6557 23282
7986 10511
5739 9692
14996 24393
13921 22712
4875 9610
5244 20328
1392 3609
6950 15125
11760 17264
922 17586
1859 5258
20134 23088
3490 9405
20203 20617
14167 20519
10229 20654
1026 18798
17689 21987
14131 21679
10591 12940
1588 22694
8770 10816
16904 20589
5945 15629
837 10505
5162 10751
11318 19793
769 815
2501 14097
15246 19774
1499 6991
3533 18574
7034 8585
4207 21834
14378 18589
7815 10881
10097 17479
11627 18922
9506 16693
14575 17194
337 15939
3754 21400
6574 9582
678 21426
1781 21104
18056 24276
9517 23373
8425 21292
10039 18649
7241 10032
5318 16817
3414 24269
8828 9704
484 1567
7629 21077
3339 21556
2144 7061
10949 14854
3778 22247
10457 22978
3467 5873
5652 20563
5784 24139
915 10976
2422 7797
3626 4230
7218 8757
6688 10374
183 12214
3751 5822
2525 4325
3912 13248
885 12957
2031 20944
3589 4783
10874 19771
563 18462
13393 20165
18680 24136
13462 15711
18376 21514
2267 14928
23499 24014
14567 20631
3301 18117
20828 21720
1055 10485
5845 13352
6040 8909
15616 22670
2694 23370
4808 10100
2379 22123
8850 10571
7505 9413
5334 17828
3116 3978
4359 17794
16574 20960
998 18903
1864 9226
6157 21945
9250 22125
8295 22486
4390 23683
4772 23911
5888 20304
5768 16234
48 11371
16814 20782
17440 19044
8738 20481
10762 24313
6032 23982
2392 19603
9826 14976
345 10857
7525 19227
195 4773
1407 15668
13426 13630
7991 13865
4875 18849
6797 15788
7784 19026
19145 23846
496 12103
2778 19682
6299 13766
4993 22248
1019 3660
10784 17865
9188 16988
20561 23720
1136 20848
1169 7791
5869 24328
14399 19166
20059 20233
4747 23826
15399 22355
11369 21715
10916 12124
6165 10964
1113 1266
7993 16713
16004 24041
2890 9979
5057 22259
14203 16447
9023 20762
10509 13895
11029 24315
7217 9468
9049 21325
4608 12859
10081 21939
2749 8309
11220 22722
7458 17605
6928 12804
12691 13289
12473 13272
56 8785
3848 5639
20316 23136
12250 22093
4695 17081
13432 20807
19683 22252
9246 16128
11086 22711
9912 21109
13073 23661
13232 14624
10146 24450
14821 19310
21155 22671
1168 9609
16212 20875
8343 16284
6047 12524
4506 22283
10801 19187
11771 16940
5311 7200
11412 12896
16744 19141
16393 20361
9432 17249
7617 21207
1192 1507
10015 14325
6094 13305
14646 15838
7976 17722
3238 17096
12278 17778
11412 17439
1228 10956
4052 5374
15966 16023
15219 23534
6165 12342
20610 20953
16112 23255
17957 22791
497 6681
10472 19222
4097 23353
10927 12243
10908 22792
10463 11189
12244 13278
4908 21192
4993 22206
16100 22206
8042 21287
6037 23593
22499 23447
12275 22177
9316 22291
1270 17039
20502 20875
1731 2976
17524 23059
1214 6636
825 17157
8785 16081
14210 17363
12066 20621
1377 18740
1324 5966
2206 23068
8471 18826
5779 17928
3399 8595
12455 16315
455 19333
6172 21986
3361 13844
6991 14339
9551 19919
10865 19954
13432 24184
7682 23900
5185 22402
6151 8405
3516 20567
12867 22721
19125 19870
1956 19007
14205 17970
16726 24012
6503 15957
4109 9614
16031 17801
6862 20592
3278 17209
7913 11346
3360 15744
12849 15511
7084 21909
14503 23698
15258 16095
3133 10280
16556 23485
1656 19581
18594 21388
9616 17063
12294 15134
1384 8726
10145 10812
13184 19465
4624 8574
5211 12275
7256 15363
11630 15376
401 16104
6328 23342
734 3790
6184 22617
53 8923
13340 19495
8408 15865
1466 14166
20533 24399
7969 16575
20200 23689
5355 5894
1327 3572
1601 23598
3639 15771
7321 17078
3027 18418
3409 5698
2250 12607
1156 9388
3751 13214
9583 10980
12255 21563
4515 17272
14389 19034
12619 15890
11117 24110
7713 23177
1057 1680
1784 23364
2708 23642
9435 11555
11089 22405
3540 4551
7129 17609
6750 9220
11160 19712
9600 9627
6930 23534
9606 17068
4989 13880
4539 17831
8501 18921
22193 23033
9581 20492
1407 11439
4378 18923
20792 21787
4526 7756
3424 13854
594 20183
22588 23120
7587 19071
8009 10083
22234 22816
11171 24052
8209 8484
4484 10937
5106 17385
11829 14564
8457 11394
12845 22547
7955 10437
10488 19853
7388 24282
1433 12747
2165 15219
7746 19325
6555 22607
1666 14308
7760 20307
12404 21756
19839 20902
15788 22715
5564 14918
7539 10793
4913 14398
4217 17747
10450 23119
1522 10111
3326 22937
12837 17773
9516 15912
5957 22864
11998 18564
23215 23428
7001 18027
4775 17222
2383 2634
16431 21654
3539 11330
3996 18678
2961 14463
6038 24024
12496 14506
490 19328
9180 22199
11011 23645
3705 20410
410 2206
8391 19814
2610 9621
2607 14564
7183 22463
303 2088
2659 15044
9861 10017
535 9741
3419 15691
15863 18053
11003 13560
2819 8222
21301 23625
13183 20873
18089 23716
10712 21552
976 4957
10207 12327
5165 15153
11210 23783
4281 18060
11688 16526
4166 19842
13958 18738
758 24357
8647 11580
2002 21517
8601 10116
9605 21528
4506 22462
16442 17477
4452 19923
5338 13521
5262 20713
6612 10329
8304 9939
1259 21367
1071 11872
9934 15346
13118 20649
7529 13989
8646 17737
10719 17113
9262 17295
13187 22365
31 1643
18365 21351
4452 11442
12134 22306
10971 13931
1281 12971
3445 5221
9222 18685
1379 2935
18121 21455
22069 23239
17039 23557
3514 18018
1375 21536
5341 6640
3285 3400
6293 20070
2416 6640
900 14396
6598 12515
13984 23467
5704 15203
820 13802
1553 4495
1959 5622
9019 14759
20284 22285
8562 18314
2821 21894
15945 21710
407 24088
42 6464
146 17557
1301 6343
1116 21987
4822 10370
2525 12282
8627 15888
2530 23102
6395 11356
16935 21852
3774 4179
4878 23030
9473 13193
23841 24268
14431 16897
10215 15696
14615 14941
1296 19161
3676 9956
3064 12846
16083 19153
6630 7840
4449 14298
17516 22268
18477 21136
17751 22546
9225 16342
3670 22355
13242 24012
6971 12064
1685 12375
8423 23865
7307 7865
12432 21258
13754 19870
6549 8243
18355 23946
119 23125
5149 24290
16486 22460
234 19712
11934 20815
5186 21459
11403 17744
4640 13101
928 22251
8095 18319
5304 15032
13590 23892
5052 11871
8583 14465
5965 20646
2946 23681
21310 22904
7846 23181
13447 17442
18471 23770
8443 13143
8285 16943
16278 24405
18055 22213
5763 22108
5708 14083
4941 15240
10584 11518
2053 3861
5554 14899
12177 16458
14218 18985
16362 24307
10480 22175
4124 11666
1932 2431
9152 16300
16347 20967
14597 24244
5299 16667
707 1431
18007 22869
5260 20186
4242 8450
10100 12107
9181 10093
147 2216
10065 12882
2788 10661
10943 18829
19294 19790
10308 16385
4674 14055
22291 22378
10831 11050
1095 17381
17492 22203
3233 4826
3567 10010
2317 19875
2256 3752
12772 20607
3772 24036
9640 20956
18572 19567
4756 14265
11588 21473
8892 9294
3960 11557
14168 17397
8110 11975
21873 23078
12895 18747
964 16026
16988 19835
12372 14228
9640 17230
9433 13839
20661 23739
15340 19523
6511 19601
4407 19353
12649 22787
14475 23161
4959 21891
8507 8948
6598 23660
3217 23020
9093 13705
4845 13284
2942 7252
7764 22881
6413 16167
1200 8026
7679 23797
4422 16560
21909 23962
1814 17179
16070 16705
1041 11101
12618 22800
8685 9828
201 21392
77 18340
17600 22728
12002 14032
6751 16328
1223 11948
1142 4854
22057 23658
9363 9518
11532 14826
14504 17836
9650 17416
7763 8212
5791 22099
16318 20381
290 6785
4527 22121
171 7551
1735 21971
16438 20973
14576 22962
6537 23825
16447 20577
1493 8004
15600 18542
4758 8659
3478 16150
9177 19477
16060 21107
2483 16152
5638 17526
13403 19735
6594 17346
1196 8692
4751 11837
4356 19916
7271 10003
9595 13676
16091 20322
2089 18097
19415 20376
19490 20095
4972 9743
1992 13497
10795 18947
10476 14573
5848 18598
12956 20527
5322 14217
4643 9459
15088 15750
7228 15938
2004 24280
6525 23396
1938 6791
4158 23676
6255 8802
3222 12891
12538 22492
8713 12327
4102 17574
10969 20267
9526 18645
11207 15683
1811 2429
11673 12235
10896 18581
1713 6689
2239 4259
5 7264
4190 8531
1856 7527
17213 18794
18350 20529
2815 3485
7278 9187
5939 6872
10499 14279
18506 21385
2769 9770
842 10203
745 5015
398 14959
2913 12173
1197 16435
11785 14222
10915 22283
3868 8037
13936 23825
3716 20592
2326 9494
8266 16415
2276 19354
1025 7689
14688 20624
10688 21497
13777 22631
1365 2935
15946 22269
5087 13556
8000 8213
1972 17871
19462 22071
8266 9092
2753 20652
5645 21999
4206 22059
13545 19607
15693 18711
2788 22699
15770 17298
1970 7925
5733 9979
247 10096
870 3930
18313 22825
1040 3567
10024 18285
9726 17152
10212 23064
10391 24003
8310 19567
12165 14366
9262 24151
10244 13380
1218 22902
4600 18932
19183 20294
17860 24075
16456 20659
12565 18607
14416 15504
11772 15292
5133 9455
17031 23457
6946 19910
2607 13912
9504 14343
14067 20667
4642 13056
4182 21652
431 11533
12797 21351
22889 23899
6152 20306
5275 16420
2662 10138
4526 23581
10368 18140
16035 16283
5239 19744
10404 22170
18848 22960
260 20498
13637 20426
20522 21809
2334 16894
14104 24388
3155 8807
4739 15338
12772 21907
11600 11774
10091 19764
7085 16505
585 1350
15662 23210
23253 24191
3727 19954
902 14155
2196 16702
3542 11961
4563 5915
5339 15830
9326 10131
5760 22204
1785 5937
9037 16335
4786 21838
4070 18015
4046 6530
1774 16261
2195 10356
9425 13498
1775 21529
4504 6988
8091 22780
146 16644
7218 20023
1797 20616
13633 15021
865 5334
2702 20458
2522 14243
15998 19862
1662 15028
6133 11513
1778 10060
8071 19403
8761 9876
13390 22640
12331 16579
13421 16622
7730 11517
21037 23361
6961 10666
5938 22773
499 4763
3148 15271
8687 13715
5508 19617
8191 22131
677 4403
117 17639
14752 24221
8984 14404
6288 22967
893 10141
9932 17494
746 3233
11349 12236
11044 12558
4526 5399
12529 20699
7962 16398
24 7777
18338 21388
11156 22505
2266 15995
397 19858
5877 19379
7562 19059
2948 6366
6178 19974
697 1699
9622 16644
19276 22979
11801 12311
9739 12293
9039 13817
17088 19706
14006 16048
4307 23225
16945 19461
6275 11027
4873 12377
8405 14244
21827 23631
13375 19153
9652 10804
18031 19418
3792 8036
8975 12278
9461 11735
54 15398
6005 20285
7260 19461
15118 16095
3227 23103
10938 19982
7854 20739
17521 20736
1213 7955
481 9339
9865 11929
2429 3316
5060 7078
6141 8652
1783 8440
17493 17553
12510 16730
3923 19547
2983 21811
1413 9630
3767 20205
12865 19221
4518 8713
3193 12807
8325 17220
7931 21593
512 5097
10419 19110
11129 21492
7101 8668
930 1831
9367 13520
17726 18271
6543 13980
74 5409
8262 20462
14849 15856
19038 23333
15131 20612
8149 16072
7690 14186
8877 23021
14077 19921
16457 20690
407 20683
3011 19212
19755 24204
9635 14515
3073 7063
6990 20127
3653 8666
33 4994
954 7569
5496 6701
22398 23105
1992 14851
10641 16537
4240 14458
5577 15045
4298 22551
1907 6350
12101 18855
528 10965
9420 9489
10619 18589
7921 16137
2614 15048
3051 20073
13372 13564
4861 21632
17399 20201
5746 5763
7212 11671
16314 19470
19166 20629
10119 12038
3682 8047
4056 13028
9734 23435
11821 19722
6553 8436
10286 10567
15835 23815
4920 11189
264 6715
193 21901
6955 19839
21019 22899
6446 10915
1102 8489
8805 9973
3531 8375
5993 19484
13420 13446
4133 21010
8064 21898
11755 20648
4062 14138
17300 21505
5790 21843
7386 21332
2729 6120
17618 20970
17070 23198
13252 23702
15356 17387
12462 24241
4345 9118
10996 15120
985 22639
8189 15766
16186 17535
12290 18424
15246 19895
3195 5742
1851 3455
11105 15255
2036 9296
10694 20098
5600 5886
12683 24241
18965 21002
15395 18855
1043 12412
3864 11409
9792 20109
3120 8372
6370 11128
5529 6686
8215 10832
10499 14924
7621 20217
4014 11793
11357 11885
8293 19605
11545 18698
18189 19830
11411 17252
9049 20280
8095 16968
10904 24306
5840 20677
8298 22936
17061 23226
8965 11719
3506 3941
19468 22708
8611 14714
4296 14582
7827 13295
2225 5263
17813 22418
18464 23584
12156 22007
7684 22412
17185 21016
15933 19143
11994 12113
83 9204
24159 24466
11883 22812
3241 8528
4130 6546
969 15208
6284 14099
3307 12162
19970 24154
5105 19946
9946 16200
22944 22980
6484 24419
6486 12261
6705 23916
19075 22289
11984 22362
12338 21924
15980 16328
22371 22404
17771 22684
62 16677
2924 15844
813 23357
2494 5998
3709 18130
11144 16403
7615 10187
8764 13959
265 23590
16960 22780
6060 22948
2664 5531
8951 23301
16450 18827
1837 22833
1851 23929
4846 17419
5819 21997
9392 13950
7082 16691
499 3618
2433 9510
3171 11408
16880 18936
5505 17655
2694 15333
4804 13584
5621 8096
9905 14002
7785 14574
1919 7345
5684 14845
1392 20537
8267 16950
9135 23782
109 14367
10842 14716
3646 19024
95 8288
4672 24105
733 14648
48 14811
14319 16157
22305 22617
10284 24206
3760 21971
399 3385
19782 23800
577 10813
20298 23772
23119 24126
9344 13423
2779 3620
14299 15561
807 1861
15393 19439
2512 5433
21728 22925
5624 8550
7071 7744
9090 22831
676 5175
11996 13738
717 7322
18769 24211
5964 11709
7988 16589
4590 9319
12168 23270
5244 8786
9356 17326
1098 10329
973 3374
4970 13255
143 17789
2301 15441
855 4926
4351 18512
17036 20335
14090 19321
5597 21282
9453 16299
13509 14525
17864 24214
4973 8659
16133 22709
3550 23027
8621 17422
6265 13568
19886 22280
4546 5444
14369 18785
9762 19627
7055 21715
7677 18752
2874 5350
12341 12871
4066 11385
4337 19300
8178 19331
17774 18450
14743 16932
11058 11692
11903 17383
8207 18179
14704 20094
11820 18544
14684 16338
8201 12045
6115 22627
14399 19806
9930 20926
3177 23522
6541 22519
8219 22643
6799 10352
6202 20421
8016 22711
1550 7053
10397 23888
11182 21380
10150 15167
987 5444
12031 15005
4063 21336
11853 13496
3768 12588
11436 20650
5451 5522
3721 18807
9281 20381
2177 19244
2376 9986
4313 8738
18292 18944
4356 20831
5575 21134
2924 24462
13164 23136
3469 22668
68 10926
10228 14087
10721 17682
1158 16802
5888 18868
13457 20114
19257 23600
2543 17889
13621 16757
3886 6461
13744 16310
4041 20195
12307 12470
14922 20998
22427 22672
5553 19657
1769 16587
5605 18397
654 22988
5302 15790
5342 24419
9225 10348
6832 7153
8306 23574
8222 15123
8 3795
5841 15224
6832 14980
10455 11409
9614 22324
12124 24189
8779 15217
14765 22150
6790 20173
5799 11292
8459 23562
22050 22730
10552 12918
8754 12324
7900 18991
526 24436
3751 4368
9854 23829
2925 14519
1753 3091
979 12741
4605 17680
1158 15470
6535 14726
6552 17611
17514 18955
593 8720
5706 11004
2654 3333
989 10892
6095 13475
17095 23226
3061 4011
4480 16031
1425 3818
2742 17557
7460 7794
13485 15999
2745 24224
12477 14546
5071 8237
661 22209
14749 19129
8144 23677
13564 17756
6024 6901
4155 4251
21856 23596
1538 21380
4226 22064
5487 17317
11941 20501
9791 12358
1336 23687
4658 16551
3808 11596
4563 14600
18984 22181
8097 18798
118 8527
3402 7923
14129 14679
9829 22394
9985 17270
7579 16186
6867 18928
14294 15959
2552 4732
423 6654
634 17552
91 6026
7744 9985
15271 18292
1080 23854
3093 5018
22227 23175
651 23042
2241 9369
14745 22139
10198 14858
17865 20479
12131 23784
5800 18432
19979 23218
84 7608
5691 21842
12307 21388
1076 12898
21518 23248
8525 20026
8904 22283
3612 19017
10591 17016
18754 22864
6308 14390
2906 17628
5280 19507
915 21459
11127 15852
15092 21655
6027 9573
3535 15462
2641 23431
415 6682
5749 15722
1399 13692
12252 19833
4970 12314
1010 5701
3469 17268
7830 16899
5315 18741
4837 4957
772 21283
5780 6391
9716 10149
2443 18099
7787 11189
12645 12785
7644 10369
12747 20451
21437 22107
5728 15650
7661 10444
393 453
1992 3414
1393 23948
1756 7763
9881 20963
14700 19023
18361 21019
13479 21230
2874 18399
1444 3688
13236 16522
7170 23317
11830 16354
12152 18020
1361 8464
783 15630
5074 16298
13843 17658
10524 14578
12825 17678
6577 17423
5437 15617
10490 17771
3916 10639
13517 18636
793 11135
9028 17614
308 18133
1661 24380
5764 17641
3908 6626
1515 6823
17660 19501
9861 14807
7587 10409
19886 24212
2510 3745
1583 23441
20875 21122
11640 13845
9534 23929
6959 21290
11592 21694
17761 20332
2346 10116
21156 22418
13893 17900
10743 16810
11239 22703
9488 12483
3035 11408
1385 17255
3384 3976
1697 12962
5484 10197
15915 21148
4653 16369
4360 14735
13902 16520
7086 16966
18274 21253
18483 23148
10422 22772
893 17582
12292 20750
12868 13903
16573 21913
3884 18373
11873 19236
3305 12311
9930 18527
18069 20035
1893 19145
297 2195
5145 6604
17896 22691
7616 11229
6652 18617
597 15951
200 9453
6564 18335
9508 17400
10206 13768
2528 23811
17819 23795
19035 20292
17927 21805
9823 19773
4050 11804
3064 13731
6002 16633
7648 15780
4911 11601
4045 20929
8693 15075
19187 19890
4933 13441
14035 18472
8908 16696
7805 18010
9175 11240
770 18945
17191 19046
3930 23532
15693 21981
415 2984
1319 11266
5128 19954
15368 15763
7392 19275
10890 24246
12950 23668
10383 20034
2340 21171
10736 16538
13820 19364
6389 18009
8639 8949
3948 22000
15797 23866
12742 15435
120 13717
12667 21593
5688 22085
18101 23927
673 1278
13056 18317
8337 12696
1864 13885
1785 21281
2308 6781
7039 15384
3566 11804
20 20488
7000 22182
12721 16518
18342 23886
10139 15233
18177 24329
3059 17163
3074 19766
5748 12574
6486 20418
1768 9626
14357 15225
7527 18586
13760 18008
5282 14807
3641 20858
17917 24358
8886 18708
3302 23373
1509 14024
1146 19894
16029 20506
2051 22456
1107 5181
15806 18352
3590 24360
3050 12432
11547 17760
9348 9781
3179 20405
10949 23551
3824 8316
21703 21829
6623 11746
619 19246
1739 14625
7961 14091
1219 5726
6942 17314
3093 6296
511 10978
10211 19150
5571 6739
651 13130
5138 16573
2076 8915
3301 8331
1071 8723
12384 15343
18267 19985
4701 20640
5063 9044
14229 19064
6366 7299
9634 11796
5960 10099
3176 22565
7644 8571
15095 19794
3598 7956
7851 19064
2798 23954
627 21168
18844 22757
4289 16671
18325 22211
11263 17205
12109 13082
8978 12174
4114 15490
3808 17592
9478 14737
2333 6112
1790 1792
7325 20598
6211 17949
1051 8071
1143 15567
7123 16152
58 11548
1498 10003
16875 18374
9561 12214
12046 24457
1343 6771
7020 11851
6801 13430
1690 6706
5451 12120
8707 23345
3160 11378
21469 22942
20676 20969
4748 24431
17101 19009
1897 16017
1848 8207
2140 2253
8872 10984
4955 5891
5394 20305
2575 11656
15646 18971
1795 14661
4075 20590
22056 22833
11081 14674
22565 22656
5222 22836
431 21850
2680 19941
11628 14113
22954 24361
17609 18588
3780 19343
3992 11508
19842 21207
8329 13518
404 14293
11901 17098
9880 12313
1282 8709
6313 21094
6126 19128
15495 19264
7148 23865
8324 8450
2038 8536
1613 3542
6472 16851
10176 11868
16581 22425
4691 19996
5092 20237
1816 22023
123 21394
3433 24185
5740 19500
10023 12567
9528 24008
9092 17452
7766 7792
10016 19471
991 6314
5229 11489
15802 18366
14251 16321
2056 16145
21086 22613
12178 16906
8380 23350
5491 14973
2176 4636
6938 12788
8307 11908
17736 18897
1192 13180
2173 23673
7341 9551
8885 15256
919 19393
4688 23375
4517 8308
1317 20903
581 8647
4098 14123
7427 24406
581 3684
1204 15800
3366 20213
21589 23688
1551 16086
316 1453
3069 16914
6255 22531
15259 17917
15887 23455
15260 18087
618 6673
20535 21261
12304 20843
6421 22709
12167 19162
5498 20791
10644 11186
8729 22864
6773 19836
15464 22976
13027 13837
6985 21484
8450 11880
5427 13907
10316 11887
2180 20515
14573 21978
13863 17459
9768 19577
1662 2880
3009 4319
4479 13832
1557 16111
21890 24311
5938 10886
12121 17612
7462 10948
14516 23296
3308 15934
5959 13588
4361 8594
7616 12378
1986 8027
17772 21884
2843 13134
7919 10910
4587 15378
10297 23092
17107 18216
3145 5014
12031 13491
13478 21061
13705 23354
6423 10287
11551 24086
4050 6950
2240 19151
9269 18509
11004 15261
7672 8689
17160 17671
1745 2390
932 17876
4962 18172
10515 18973
7458 20198
18028 21071
7177 21503
5525 10335
13122 15225
108 13597
9235 19590
6027 15785
7884 16984
11065 13950
7711 8960
9501 24408
21432 24215
3953 8633
6625 10052
6964 8745
5800 15715
4129 8182
6675 15467
14529 20517
7781 15437
12226 19325
17939 24471
8141 13568
6516 23432
771 6207
2829 17529
10052 23262
4071 6317
14860 15946
921 20481
16388 24408
868 20737
12115 19351
6901 13762
12764 16356
19118 21932
16385 19305
4813 16924
2972 8759
1053 23472
421 20530
5115 22827
3695 23028
6304 17911
7018 24243
7248 12496
12612 21119
17485 18864
976 23685
4094 18590
2680 14580
14277 16782
7378 10681
4076 11106
6525 20865
16655 24235
6281 22831
7536 20632
5784 15641
11238 21016
18196 21600
7421 10739
14875 21292
17132 17463
9869 14700
5546 20803
6477 13424
693 10719
12651 20046
13252 13916
7359 24215
11601 18206
256 1229
6006 23099
1569 11608
4014 16468
14189 16676
7528 17641
11491 14862
16898 20728
1351 16525
2142 3044
7373 18329
7975 17823
3067 19833
5910 18155
9999 15949
2780 20686
5402 13439
18054 22647
6225 10861
4469 9723
1603 3460
7488 14132
4085 18606
20173 23909
14191 18812
1608 14405
19224 20236
934 1458
4938 21789
16252 16526
4094 8486
745 2415
10989 13433
621 6438
7388 12622
8259 11376
4346 10800
7763 7988
15796 19020
2722 12181
6691 10636
13524 14900
9022 16157
1821 19432
2791 10350
4939 22268
15524 19946
1429 24331
15583 19409
8968 16507
7646 15138
1797 4920
13480 22667
4969 16015
22702 22901
6257 16885
8493 23974
20501 24336
2735 10713
4764 20312
18156 24162
607 3688
3958 19430
22845 23907
375 7517
15416 20417
19755 21422
7806 17482
4128 19738
1448 12547
9981 20585
1913 11840
1296 4752
143 14501
10508 13326
7 401
17220 21346
15533 20588
10479 17839
497 11109
7601 14221
4646 22257
17651 18555
907 24336
4963 5871
2311 24478
8414 14000
6362 6803
19379 21716
8890 14457
1975 20135
316 4515
10629 11338
1682 2321
17263 18849
5469 15401
7312 20711
13487 20303
1224 4972
175 11877
19231 20422
6179 21775
9515 10930
652 24446
12066 19489
3981 5625
3120 15549
10598 22743
11037 16150
14077 20352
15451 19779
1954 24421
6601 8880
17856 24078
214 22360
3249 18838
7699 10523
14229 14900
9025 23132
20101 22754
1655 10571
12412 20704
3255 14296
17192 19262
10044 23416
786 12543
330 10275
3100 13450
9458 16156
6042 11217
6490 18084
11445 14455
4113 19676
3381 10558
4549 17273
23054 23586
5065 23260
10528 18352
18616 20336
1765 7961
362 23147
6339 8788
681 10778
7934 20969
16113 21060
18280 24015
1885 12830
193 7416
6855 17771
7789 8186
16406 20238
11264 17063
14329 20117
2998 20335
3682 22456
7265 19753
11090 24379
8277 11442
18455 20601
6087 6746
9941 17536
15439 24099
2725 2888
22030 23292
272 12919
10125 18316
2325 11223
17892 24470
8596 22675
11818 12002
863 11053
13144 14336
19970 20326
22856 22993
2029 9337
7249 22405
1038 5525
1907 14260
5768 13672
7713 22400
2945 23240
12375 14950
4594 21041
2238 6282
17251 24370
4769 19995
8108 10584
17985 19858
1247 5918
3643 23668
9596 13167
416 6021
10746 19645
9224 15352
7371 21285
10158 15648
3446 15793
3590 13794
13474 15216
28 13989
7021 16752
7908 10925
4975 15956
18479 22260
967 5203
12227 12898
3625 22874
8736 17020
1277 2506
9320 15243
14528 22704
7987 16520
1882 3090
6671 22450
145 3373
8228 8998
6505 20116
3796 5176
341 24173
4101 22518
4394 17985
7812 18155
5411 9186
11208 14994
7777 20715
6951 22692
8096 18191
4949 18091
4941 7391
17573 22815
4233 19913
6311 14175
10328 20475
2329 11446
14073 17626
40 23157
4853 10858
17681 18439
14869 15242
10722 13506
20180 23884
10837 19644
16634 20697
11471 18686
2675 10418
10075 20065
11669 18067
27 2965
1252 20344
10558 10771
5962 16221
3411 24228
9674 16217
9818 21591
1601 15936
4283 15378
12202 23082
3818 4537
2428 13276
18794 21232
3020 15801
10475 11967
6955 16864
3858 20536
465 5021
5177 18322
7475 24455
5280 15540
1478 17296
7861 10019
3622 5437
1028 22248
2553 16394
17259 18391
12784 16332
9957 17566
15967 16896
14849 17894
7135 15174
5103 15403
804 17572
8323 22456
808 20958
1647 22555
2941 23659
4725 12584
9043 10424
7371 9874
13271 21318
2326 15295
1299 13691
80 7695
10548 15632
5779 19279
2203 9338
6270 14054
12591 19052
16580 17979
2521 8856
3291 10853
10780 20430
9176 12688
15663 21424
1296 13702
4868 17882
23278 23473
1606 18061
6224 16235
19940 24355
17929 20871
8203 20874
19842 21774
4442 19180
7632 17670
6436 18867
11385 18215
12492 17138
2502 13823
800 6086
6949 17789
15533 21101
1008 22108
7287 19742
12713 15431
7522 16579
5650 13576
3649 12682
5782 18494
953 22268
1601 20956
19520 23596
14225 19835
6217 14883
12292 12875
13581 24343
15815 16166
11610 11653
15236 23226
5549 10286
2154 7644
13070 23075
2804 6042
2108 6492
16463 23255
4773 4828
2659 8707
4705 13724
11935 20626
8967 22981
1104 20399
6626 21569
9730 21171
1217 18012
19080 19219
4485 23714
6111 18630
12865 13912
9772 17126
3872 11436
8376 11878
10314 22603
5986 15882
9943 18233
18227 19434
9795 19543
13644 14485
4984 6817
619 22604
1292 2428
6681 21231
11180 13426
5296 23901
1780 13908
19406 23459
8514 16376
4753 23795
15414 23857
8860 12061
13825 15134
14272 17560
12271 14648
16041 21105
7222 20918
9399 23198
6052 8836
10346 12906
14496 17721
9384 9665
10412 13131
18165 19102
18986 23513
9392 13633
7943 9033
12313 21600
10337 12137
5663 15572
7155 23843
15552 21673
2437 8958
13152 23759
4827 15828
12219 21320
4713 22199
8530 10722
1624 9593
12607 22110
8571 9735
5785 7495
2652 11639
6355 17465
1551 10364
2649 18779
4696 6307
8903 16805
3632 13226
3084 3670
9353 9937
4964 6633
8029 15969
10453 21423
486 2743
16889 22865
6645 17710
13446 24283
7385 10168
8656 19676
4903 11221
10925 14205
1493 24180
4189 13129
16802 17323
12461 16042
1669 14552
9782 11241
13299 15482
472 22800
5679 22573
2523 22875
2196 8910
5900 13508
4584 16914
12757 15344
14916 15028
6170 7429
17343 21347
2245 9899
571 9893
5177 12431
18528 24091
8531 9016
15185 20675
12629 20325
2064 6850
7493 21841
6756 15969
18175 21891
3611 21692
3463 16898
14503 23882
15712 17915
22041 23966
190 9828
13729 15697
3593 19563
10750 20118
7186 19651
13972 16489
10180 16004
9272 14582
8905 23935
20942 23066
9820 16209
14118 15015
1332 15452
3159 23522
4560 8184
9765 18478
18673 19234
7401 17244
10318 11424
20186 23260
19911 21658
6105 21239
11316 23596
4347 9734
2640 8626
6878 20766
7366 15881
1472 23728
484 3508
7759 23264
1490 5041
11912 20898
12062 19172
18057 21310
9084 9990
4843 16096
6666 20069
3886 23675
12354 18944
2015 4769
14071 15033
10167 15853
18077 22476
13997 18329
16145 21275
1105 23717
10441 20013
7581 21206
14228 21048
2503 14113
3523 4495
5093 23449
10978 17454
12649 21676
6776 15214
7609 13938
4592 17492
10620 22618
15876 23955
17636 21388
13064 17859
16286 18637
6914 7284
18959 21434
3458 9397
5964 19593
9652 20922
11558 22386
1219 15872
13889 16464
10290 24210
9561 18387
16229 18788
11372 16556
13721 15039
1735 2869
3054 12377
7169 24202
11467 18013
1609 19682
2985 9905
1529 8270
6059 23727
2585 20733
19646 24057
14525 15545
12570 17218
11612 12228
16754 21155
8377 9906
11915 23204
2714 16722
10293 23222
1939 11294
8756 11155
16648 24435
13855 20523
15890 22819
8108 14826
3633 13792
18785 22831
15479 17692
8984 22188
2670 9691
9784 20110
3054 11859
341 11084
1975 15253
164 20266
12501 13421
7148 9841
18449 24108
14147 22033
579 11613
5912 19753
16056 17906
12712 13252
6942 12583
4684 18014
5015 9533
9694 20077
9214 24480
1833 24473
2446 15205
2485 22102
20431 22489
4812 19658
20352 23836
5197 7825
7850 20868
16830 18378
3063 8209
6519 23892
13584 21071
14653 19757
1840 16262
2188 17253
1268 22139
11552 13987
7043 16227
2162 2435
3463 9503
1489 23516
10982 15912
4463 12874
8655 23372
17667 23238
5521 21311
12133 24160
247 9690
2160 10834
2246 14444
1125 16846
4454 22296
14646 15660
20746 22324
10934 14289
2381 5398
4186 14153
16650 21174
4534 11332
6635 20829
327 18675
8679 15163
346 5977
17648 21586
11103 12299
5034 19822
13401 15440
7851 18263
1458 23278
13677 23514
15404 20993
5605 16085
1357 8087
2040 22206
9138 14129
17375 23194
9920 19439
13861 18991
6072 21826
2738 15035
18293 23514
4691 9343
4597 13582
10350 11896
6654 21048
3523 15348
22298 24104
3754 15789
4111 7368
13708 16136
13573 18305
21662 22272
9002 21381
1488 13983
21923 23122
727 9095
17346 20598
12553 21259
60 3148
7793 14184
2607 19862
1196 19582
10111 20789
2491 22783
8022 14630
2507 18677
8623 15759
7000 13305
1744 18092
9100 19073
5376 8010
9491 10198
9224 18845
1557 12474
2664 4108
5156 15730
11041 19248
15204 23998
12750 22039
17876 22428
3869 8721
2117 8027
6964 13385
15768 24116
2899 12147
11384 12283
5063 10118
9666 18779
13870 14148
2009 22698
13413 18517
361 14425
13052 21533
7541 8347
5496 10487
17310 17883
9823 15573
9460 11788
2600 5403
4380 5682
4499 21258
4566 8964
199 23103
6083 18028
8627 8922
1646 20977
7816 15908
4121 14331
317 9027
3379 14260
4999 5528
4806 17227
641 16882
13799 22391
5151 8611
6796 13940
8957 22077
4944 15681
925 19498
342 17243
11971 15798
2178 4312
11090 13659
10519 10836
11267 20279
9970 23735
16689 22701
3546 11122
4162 10286
3803 6096
515 17219
2453 17687
4474 10661
5859 17585
10910 15051
3372 9770
12670 23923
2046 16894
6855 16413
53 9397
10869 11806
12710 15767
948 22104
14797 21173
1097 9440
6774 8178
3450 5896
16926 22069
1157 15451
2734 4121
7760 18142
9187 18309
7674 16596
3453 7147
10300 24046
2732 4209
11783 18255
769 8150
5707 21097
8477 22679
563 20531
6909 16018
8030 10061
13958 23537
3391 8854
14131 17854
13365 15513
11063 11330
5157 9668
2093 4642
11552 19697
20882 24477
16236 18439
23150 23678
10498 20926
2665 12647
5185 12476
14000 16135
5728 19860
3800 6827
9807 12526
1597 17318
7860 23716
7370 14265
6356 9456
4799 14659
17885 23316
830 2066
4501 14033
2160 18803
12280 12317
618 15387
3365 7496
6688 14020
5538 7804
7873 14544
13934 15225
4715 8655
15403 22612
5667 20613
4204 15233
2928 5537
15287 19770
1504 14129
841 3826
5528 13688
18459 19409
544 12151
9069 10179
663 16081
12557 19337
10778 16961
16529 16766
5543 21452
4773 23495
964 1643
7503 9115
6024 18235
3066 15922
7410 17536
14043 24387
1782 15723
10244 10389
16420 23046
7836 9241
600 8887
11913 13372
10177 13284
3550 10412
2759 12186
1210 18002
9812 19957
9550 19387
5715 19008
3799 16901
1586 2909
227 2477
1978 18667
1790 9517
9226 14801
12267 18525
3110 7378
9627 15014
1072 24338
7927 16308
4600 6511
4756 8646
20726 20778
6487 20135
12572 15488
14366 18935
12284 21654
2154 11316
13891 14430
8980 13317
3942 23573
10405 19795
7434 7850
15594 17305
17818 22366
2605 19666
4309 10353
10398 13923
136 2476
6309 17726
13811 18201
10733 15125
4416 21777
1725 19031
11032 19931
14274 15605
7469 7794
14342 15355
3079 20401
17173 22391
8127 21294
6231 22975
10154 13772
5419 8309
4988 5959
2469 5698
8075 17976
7872 24468
5900 7369
5927 21833
11305 19582
11628 18387
17320 23802
7759 20893
9700 18109
3775 21733
5095 21210
22029 23128
9835 12835
658 19094
10396 18027
8234 16360
3269 18305
121 6705
16755 22536
7240 15427
10184 14649
1658 14385
20203 21725
165 16645
1971 19632
15942 16088
4867 7557
4200 16320
6572 12032
1021 21288
1363 5969
850 6619
1725 16692
8007 23604
3489 7130
4043 8754
272 23713
13308 22284
8431 16856
3914 21872
8639 22361
3785 24141
6886 9355
1764 23407
15149 17018
3617 10404
878 17589
2825 10689
21103 21572
16738 20557
12342 15607
7457 22620
3603 23508
9077 10182
14550 19694
2600 5405
762 14076
9840 18030
6574 14556
4938 18770
3982 24048
19894 20719
3145 5480
7043 8658
2779 6566
7183 9229
9379 9404
1825 16932
17110 22778
17037 21223
19554 20651
5104 5125
5247 21293
11246 23878
12710 19544
13051 15746
10935 18870
16234 20197
15831 17537
2859 10994
808 14481
11842 13856
14743 20055
3457 20587
14300 19333
13450 20240
3416 8707
19517 19588
4304 9808
5714 24201
12297 23208
8710 13259
293 18333
665 14242
16333 17717
19518 22348
7922 8986
7162 20604
1618 15415
6548 20297
6969 16227
17311 20910
6860 11905
10140 18490
13673 17594
12010 22604
12576 22046
10887 23911
2968 3028
7585 20496
14617 24243
8575 21519
4468 11635
6082 22922
8579 10036
15076 21340
13389 17531
758 5413
16012 24053
9674 22597
17641 18949
9699 22355
10666 14832
9081 11023
3378 10728
9718 19823
1347 17691
5149 22224
11690 15166
9566 18627
49 511
1246 23309
740 12765
12154 21944
16514 22108
10603 14766
1858 16983
17184 22862
13082 15327
1668 3962
13075 18604
6013 21829
16938 17591
12552 13299
11077 11157
16545 19870
20534 22791
16586 18546
15604 20120
1758 15518
17544 19251
6318 19488
4421 19815
9523 12989
12168 13154
10571 19848
11617 18142
15113 17585
3447 20402
19856 21065
16698 17176
9277 12001
5901 14678
17872 20647
2128 6830
10626 22154
4311 23071
5158 18926
11283 17827
9573 15159
13018 13169
14618 17226
3131 8368
13303 18898
4996 13495
9843 9911
14431 14944
13503 18071
3143 15263
688 20342
10290 13458
2074 14145
4130 7450
6381 19173
5530 23765
2951 22495
3968 12460
14749 23998
1868 10847
8610 12002
7071 20443
4261 19838
2654 13615
11459 21010
16507 21155
7133 21552
21144 22876
3539 21356
2333 15969
5230 23739
13434 18032
647 4112
6221 22372
16141 20068
10411 13498
11625 14717
3217 6023
17554 24425
16415 24439
8774 16510
7966 16479
15358 20268
14249 24279
20995 24112
13550 18571
4302 13124
262 19751
9674 14467
6302 13168
7670 10256
5133 13418
13847 21585
7594 20685
17422 19783
1929 8145
11485 21471
5704 10846
11982 12331
2560 11543
9087 13510
195 21831
3810 21762
10926 22696
2215 6971
10439 11403
474 15699
563 18252
1816 4879
6491 19994
142 11158
13500 19806
2804 23386
2126 15518
2404 10448
18628 20695
6326 9664
18719 20633
9300 19320
4253 5715
11542 20495
10432 13184
5244 14819
8116 12399
17053 18543
5843 15815
5783 6854
6537 8810
2371 12034
20922 24372
14108 19177
15942 18437
17833 19710
4174 15977
3242 8270
3861 23214
20313 24087
21816 23220
6457 21133
17587 18522
6149 13283
8524 22564
7951 11070
20376 22988
2393 15427
20256 22327
5346 12717
12951 23320
8927 11971
7509 18478
3862 21609
9231 13726
13892 17226
5474 20565
5030 20836
9534 20054
5007 19175
902 16065
1875 10689
13897 19073
1540 18698
8563 22082
1771 13975
3173 20172
3566 5097
11367 20768
18757 21589
14456 20854
14536 15892
6118 22930
4905 16611
16076 16331
5820 7910
2964 20607
6875 16110
7925 8531
921 15329
12054 12186
7456 12820
11707 17618
5984 22515
2106 23408
12801 17769
9483 12755
8562 10576
3385 23158
7974 19365
15329 23370
391 11432
2422 14093
10753 23492
2152 3228
3881 15544
10868 11648
11454 12154
6376 10864
4650 14490
4821 20244
1448 12170
3674 5338
5688 11745
8948 22892
9970 16603
16326 17904
13578 22880
9885 11154
4258 15859
13231 19623
3218 16355
13391 16338
15538 21218
10974 11508
9987 19626
1335 2100
2846 10470
13957 23775
12788 19863
2717 9909
4859 12329
9107 15011
18331 23910
2355 21545
2529 13201
6212 7499
1958 8442
21350 22372
10781 21276
1408 9724
17480 18219
313 21173
8979 17601
6392 19867
306 18471
1955 14888
12441 18344
8035 11670
7689 8532
10675 12655
17019 22145
1938 21078
1255 11156
11406 15510
5030 21610
8669 15354
7125 23463
2929 18974
9812 10683
14931 22413
8470 22456
1678 18646
17482 23859
4277 21974
11394 13163
9383 21649
6214 24232
1651 21564
13115 23639
18884 19557
1300 14394
17769 24230
9289 19256
5172 10329
792 5685
4275 20788
8429 11188
12539 19269
5769 20910
9231 24327
12858 12971
455 18122
7788 22792
3219 18357
13234 16503
21102 21178
4024 6736
5920 8074
10751 11604
19327 22341
6654 16308
6443 13270
15268 17529
7862 15363
3652 4440
1439 4523
2542 7092
18133 23868
20684 24170
12212 16070
18328 19491
12707 20991
3085 20384
15253 17822
2212 3917
3218 18332
21727 22177
8973 19107
13726 14507
578 6456
10449 16440
9930 14461
114 11086
23906 24244
10988 17070
838 15909
646 17365
22501 22581
16071 17801
2069 16870
12754 21102
8272 20091
3861 21553
1198 1648
1862 4163
2773 8590
5602 10333
2105 10116
1123 10399
5267 18585
5654 6627
1716 10216
15588 21475
5107 22058
893 20470
1004 20835
10275 14193
7278 12702
7336 24375
7788 18153
3241 18959
6239 20956
1818 21688
12566 13026
385 4212
9931 20336
19458 21613
14311 21442
18352 23141
8222 13497
10544 16159
9672 22808
13043 15101
17578 21786
8052 9322
6401 23181
6676 21493
14817 19345
5431 15832
9739 18175
5093 16808
5244 11727
16584 23447
19907 23822
16231 20551
10365 16541
7999 11391
6858 15675
4168 4200
3760 14451
4439 6753
15892 15977
11062 22675
9494 19866
21659 22291
4895 7936
10347 15320
8291 23504
1239 23544
11763 12219
2476 17024
10804 24401
5198 23818
14342 18352
2969 7885
176 22163
13355 20892
2109 2981
696 20353
13135 21231
10498 19270
3575 4017
17044 19046
13616 14675
13531 20779
11359 20717
10420 21428
3233 20674
2863 16742
2081 2827
5477 9571
2665 20007
8832 10465
5542 15302
397 10307
3716 12798
4062 20473
4380 16784
13645 15449
1206 14248
6809 9448
15906 19995
12182 23718
3423 17036
18721 19940
6895 18748
4295 16634
5760 23217
5058 21283
1549 19845
14043 21694
12487 14814
6849 18074
20743 21110
4178 9190
10226 19545
10310 14193
22483 23721
2973 13634
4619 6268
16008 19177
8295 17356
800 6282
344 24100
15274 15965
4408 13281
2433 3612
6956 20992
2848 6652
6382 12506
7952 21896
51 20116
13123 18596
4440 11079
10016 18770
4925 6597
4260 16844
9128 18035
4300 7442
17128 22400
6427 11524
4003 21184
16239 23816
4569 14769
14212 20340
13803 21745
5011 20701
5707 13883
10307 11597
2480 16503
2802 21410
20261 23577
4178 13812
21891 24400
8862 19150
9092 15033
55 17376
3713 9221
5063 22001
9710 12453
1721 17380
3705 18973
16611 20330
3623 24094
6591 13502
5816 14838
65 7239
3328 11686
2560 15062
11351 18761
6946 10676
4722 23431
12074 18532
4994 22122
6271 21356
17621 18535
19408 22945
5484 15458
15382 22198
11562 20434
9112 19485
10624 24113
1592 18101
3334 23771
11174 14512
13286 18203
11981 14715
5868 12037
3873 7736
10304 24319
2309 23689
8983 24393
3103 12371
2292 6699
5713 8236
8680 8898
6397 15090
11092 23142
11553 23687
4800 13357
21041 22585
7758 16914
6503 23849
51 16467
12816 17950
14986 22517
1688 5079
6662 10180
10936 22473
9906 10781
2897 6438
7238 24003
14631 23816
6368 20932
10063 23491
1015 16984
8042 8703
636 15418
3433 10918
10867 21874
10960 23967
11227 22966
7595 20098
10664 16968
5377 18833
5460 20828
3433 13322
9939 12577
1374 6801
19062 21315
13297 18357
7420 16387
16206 17388
54 24205
1408 2829
9010 16915
11720 13789
140 8290
18301 18879
7201 8990
3988 11251
919 16200
793 18456
353 20472
16259 17109
13247 22774
10533 20005
2622 9472
13824 15984
8687 20478
969 4666
4839 18626
14597 19836
21866 23500
10903 12499
15735 17178
2192 11878
12520 16613
7908 21132
18420 20557
279 7830
11642 14308
3229 23131
14461 14779
2051 5468
3777 7878
7599 21401
4141 9698
1427 18276
983 9236
1094 18256
4522 16490
17659 22102
21309 23683
17528 20425
704 14777
6980 14251
2045 17992
1598 20928
16066 24300
18198 20184
5870 9059
14665 19234
10834 21044
3293 24046
6789 15552
1883 7984
5900 24144
3581 5535
6395 15321
14223 23847
2907 10448
10669 22575
21276 24323
17665 18841
13855 19332
4801 8715
297 13944
19153 22416
14148 18951
2353 11935
5786 15727
660 4129
14242 19897
8593 10118
2233 4490
16381 24067
377 7753
3711 8195
3966 23403
1475 6527
5617 6175
2238 24102
12200 19803
6614 17929
17396 19867
10361 13974
19332 22613
14437 14712
341 2090
20229 22665
1096 2113
4102 5892
11360 20298
16808 21341
2957 15570
7001 21968
8813 14302
11972 18833
6913 7565
2689 10324
10604 14971
2531 19306
10374 24021
6670 14555
297 19608
13593 13895
15719 19512
22439 24388
1020 10847
8560 9149
11379 14607
4530 19386
3291 18426
22024 23279
10116 18241
1172 8895
1333 19708
18202 23459
4481 19172
21331 22946
8730 16101
101 6465
12731 14846
3388 3633
14115 17874
5977 17850
1341 15500
7076 16594
870 13640
3285 6442
22952 23502
9968 15195
2450 5204
14272 22461
3619 17561
5954 6497
10625 20252
3238 10192
4989 10953
9152 22176
3326 4547
5715 12334
7480 23419
10038 14455
8229 11984
641 1870
10244 15397
7729 16054
13024 23464
9842 10342
18621 19426
6055 19438
22871 22880
11452 21941
6656 13085
16173 21581
2487 13843
15892 24021
5395 6565
11615 20016
12797 23930
21852 22469
9775 17897
20267 21818
20859 23544
9839 18996
213 3265
7284 14632
14764 22645
6331 12961
22786 23213
9448 22391
7817 15932
8269 18188
9404 24046
1261 23210
11751 12828
5466 8650
5571 18130
12631 16574
435 5111
35 6230
2622 4265
1148 1496
8560 21551
5764 21618
7707 18927
12114 22947
7521 21807
10721 22709
1630 19474
11758 21214
8369 19348
10465 22439
2020 17781
221 14335
8086 19883
21260 21905
15860 18958
5549 12140
5940 10928
19713 21256
17958 18357
3804 13867
16360 17539
11918 23291
10413 14742
2576 22192
12254 13207
17664 23424
6211 16437
4572 13485
395 21365
13679 21019
5878 23573
6867 21124
1766 17206
1355 23832
3009 14407
5102 7365
4151 15693
15426 20591
5306 22369
5453 21678
13340 16779
9986 19767
10486 23189
14390 20791
262 12461
1123 5938
3981 9446
20188 20472
9420 16323
10643 13369
13064 22607
12488 22902
18434 18752
743 4110
11382 14048
16888 17375
2393 8974
4653 10710
10576 14542
15931 21027
5930 7955
14834 16969
816 21748
986 22836
4694 21864
3586 8560
15507 23575
368 23306
13766 23888
6814 22229
8624 9509
7472 11727
15712 19916
1781 20283
15686 24112
5690 12703
9058 16460
12990 16025
1557 8821
7173 18476
121 17686
2053 24271
4524 6997
13506 17124
5053 6104
1056 19572
14738 23872
3548 12074
4462 23405
21694 22445
6995 9681
14943 19363
19715 20608
13009 16994
3794 20019
5835 8112
10801 21328
4813 22275
3296 3502
18544 21941
1573 12229
6507 13643
1000 14661
13538 16998
6470 14361
12011 16390
2357 3773
18337 19262
179 20005
19658 23462
20221 23597
6388 10218
10540 10864
2072 3964
2399 3761
3069 21845
2796 23246
1889 16175
2914 11875
2846 17437
14981 19294
12498 19511
181 15445
12316 14293
15981 24006
5203 18003
7209 9077
9076 13529
16549 23707
6882 6901
818 3149
19028 22404
486 6112
8325 11572
19963 20120
318 10151
13558 22438
17351 19461
3879 20072
10788 15170
4255 23461
1210 21146
3099 7777
9266 21526
5228 18290
6651 13884
3929 21807
2966 7726
15399 22937
340 3897
1296 18319
7372 17977
10756 14403
7429 16155
19407 21438
11605 14824
1020 13602
10327 21604
7679 20050
7349 18150
21322 21428
1171 14878
11902 12904
1646 11568
14992 23661
14092 19136
10032 15677
5442 23838
11020 19214
8662 16248
11119 16568
2589 8241
3194 18189
9336 17304
7004 12124
1628 18156
1856 9962
8256 20099
5359 5588
7852 17157
6395 22128
6206 13416
9038 11708
3382 22214
9116 20698
12 15061
2011 20936
4990 17356
20468 24009
17821 22954
12375 17720
6889 10637
2198 16241
5079 15349
3894 20556
12408 17938
1128 10889
5066 5213
10374 22843
2016 13469
6715 13878
5551 9823
19710 22144
8251 16187
9763 20002
17653 20775
5606 10636
10879 24079
15653 22490
3692 20631
22500 23168
1438 9770
5865 20626
1846 17779
8227 14573
3230 21366
2104 13658
855 5798
19834 20114
13642 14675
1083 23733
77 9623
846 18602
10466 15505
7805 21442
2657 9713
5003 10170
3083 8126
6184 6882
15604 21849
6669 16506
6508 21229
13959 23480
14787 22078
1133 3437
3578 3958
15601 24351
20413 21569
4575 17183
17223 24420
5535 19303
4426 23739
17758 22945
4123 14110
21564 24369
5665 22474
6251 16123
22352 22485
9692 9852
2349 3573
7042 7626
22967 23100
7304 8480
7576 22263
12929 13951
8970 18123
10108 23325
4102 24279
2909 19098
3993 6095
2129 23211
7892 19652
2610 19819
13726 19275
8695 14252
8724 23057
9367 19472
61 12312
2878 8640
20797 24229
5723 11329
128 15679
339 12524
2860 13567
3806 6315
3611 12447
17328 24263
10214 14647
16861 20056
909 14946
3621 13223
19367 20913
10631 15398
1454 13603
5010 22787
3326 6237
14475 18264
9096 14129
4490 15534
579 9784
15290 15431
15839 16041
9605 12845
8176 24398
12141 14990
6968 18878
2720 20948
6604 19090
7288 14450
23740 23806
11988 17384
1578 8647
6741 13091
17742 23121
6346 19469
9151 12192
10466 16815
952 11687
5468 18993
3620 15269
853 11957
655 15586
16921 24469
13181 23745
8665 18429
17358 21964
1692 5145
7821 22358
1116 8037
6057 16205
6584 14483
16438 18431
18906 19839
9529 20146
9085 23664
18739 20226
2574 7199
3919 20691
19199 23665
9682 13331
18980 19794
1865 17427
5530 11765
12224 18880
6184 13762
1020 1089
3264 20089
13187 22609
9600 22536
6279 22325
6464 17687
8039 14592
21937 23668
12618 12700
2978 17931
17639 24211
10159 11338
7285 11562
2404 4566
6085 11446
5675 22413
18181 18705
9325 22903
3189 14491
7527 14805
3107 17232
8487 13535
416 8527
9065 20545
10444 19627
7942 16000
1025 16307
9395 15914
7887 16918
10405 20101
3818 14494
17671 21716
722 3423
12391 19163
492 4429
14344 16809
9351 12072
6851 20008
8892 10175
8547 20784
1427 7306
628 24318
2448 20874
9368 12794
10885 16532
13376 15789
3708 17494
11151 20142
14075 23113
931 6959
1609 16099
6277 14164
21996 23422
13557 21834
17145 18116
13035 15877
4438 11071
10121 15765
12687 16435
6762 16377
12398 20095
4874 16019
8431 15250
1093 19973
11909 16348
2024 9747
21982 22715
20795 24046
13729 18679
10391 18174
2366 22813
3550 17339
6795 10096
2429 15716
1223 5984
14803 19602
11091 11955
8713 14086
10182 19809
6294 6451
20622 21796
18640 24478
13438 15376
9797 17628
9383 24105
14518 15677
4754 15736
5619 18982
13377 18353
12831 18347
4644 18596
472 23236
1717 22037
10831 14596
12025 17886
13968 23380
8693 19406
2662 6298
9943 13451
6146 22606
10456 12104
12340 12422
4944 17424
14590 22611
4054 15294
8386 13537
13905 23255
10031 22955
6895 22721
14935 17057
16320 18315
762 21033
5639 7513
20938 23017
12976 14494
1940 14132
12402 20620
24201 24434
12729 19845
2738 19906
17065 21039
6963 11835
10840 19557
8612 13912
13062 23071
10444 20918
4622 15003
7574 11208
5492 6523
497 8712
4692 19994
10157 12123
4989 8784
2459 14706
4768 18074
13596 23768
6877 17744
5515 7620
19225 24241
7015 21842
1135 20699
1141 18761
1177 12578
11865 19530
13602 19108
4447 18927
9899 23721
15294 21894
2340 5466
3192 20395
6156 6174
16799 21489
7252 11972
1961 14045
9149 15773
1153 14005
12435 23160
3276 4897
22353 23675
19738 19748
14519 21123
11544 23259
4353 22992
1860 17648
5877 10884
1961 12320
18562 22443
11038 24126
7265 20303
15915 16311
19679 23312
11505 14737
754 13451
2816 14374
17200 18059
19951 22785
7807 17622
7499 8484
13734 18233
4996 10788
17485 17584
17835 18730
3480 9700
221 1368
2951 12283
3059 5491
727 10981
951 22405
3986 17316
10483 14664
10114 19800
16274 20813
677 20691
73 14697
9085 14411
7629 15529
6746 11075
71 3062
8546 11568
11281 16774
11754 15530
2660 22520
9196 16391
4671 9220
5169 21276
12505 16720
5498 11861
4001 13204
2732 18095
17127 23062
4382 21655
15828 16112
12856 22979
12429 23683
8101 10293
4058 4980
8050 20239
4983 7375
7427 16147
5492 11162
4418 9929
15685 22577
21510 23788
13857 14323
9310 21656
10623 13011
6825 6981
4134 23370
1029 17908
11975 20673
259 2178
15771 22891
12333 15209
12391 12928
18929 19784
5693 7830
4530 23883
897 8045
11555 13125
7604 19331
7101 21690
1743 8098
10393 11277
3533 22829
10932 22033
4036 16725
14480 23133
839 8337
11751 21547
830 20277
19325 22709
12183 14377
8499 19162
2606 3344
6118 21233
8055 16798
3613 11699
20611 21789
16888 20102
6625 9388
6475 9917
6868 19493
16289 24417
2260 5193
7428 15257
1704 12347
11913 15946
9214 11827
4087 15371
9582 14348
232 13851
1286 7731
2889 17877
7853 17399
8045 13463
6157 23364
20417 22887
7074 23869
5320 17136
15745 24082
20886 21141
13255 23854
17100 20963
7748 12318
13478 24444
3832 11564
2894 12959
5159 15012
7946 24057
20686 23471
12495 16463
5866 8875
500 18466
2976 24422
8357 16584
22816 24033
6049 13574
14169 23276
5957 15618
5205 22651
6872 18238
1026 16174
7772 8709
8128 24312
256 3321
15252 22260
8766 10935
6893 23222
6937 22060
8611 19023
6505 15789
8811 16515
17494 18403
19469 20522
6360 11495
1906 22780
12031 16456
14350 22369
6334 17847
14754 20696
1413 14860
4823 21621
7078 12042
5498 18158
15822 23449
6240 8794
6368 7248
9012 14043
12005 15858
2563 9862
4910 16785
3073 11008
20367 24353
22405 23737
4590 11366
12592 22291
6191 24110
1560 4618
13553 17515
15117 19014
3568 22570
3453 9402
2988 14411
2398 20361
7386 24424
4981 12232
11906 17269
5520 13124
2911 4480
8433 18013
17983 19253
9902 13606
865 2012
6550 12573
10633 16602
15003 16740
4087 10262
13259 17820
6073 12333
18378 22605
895 18350
8112 14335
6412 17820
3649 11751
11228 13926
6098 17676
6942 12661
12488 21680
10451 23538
3512 11513
14791 23211
9736 17221
1369 5456
3370 5082
2542 13010
5007 12163
10875 11277
18144 20070
2561 15180
1182 12657
6341 11619
7048 18780
4602 10269
13274 15468
1487 20174
1542 3350
357 15965
15788 23425
7040 21761
12911 14292
14940 15317
5897 10136
15866 20940
7642 12706
540 8861
18906 22064
238 1963
7315 15785
24301 24396
11241 22950
6203 21173
10727 16270
5111 12533
3046 18800
10928 18974
6955 10902
4052 16062
8737 24305
3176 9561
6891 21166
2044 4502
1745 18281
9736 17675
332 17213
2179 24389
850 3182
2579 6825
5848 19512
9239 18773
16072 17259
782 3732
8004 10256
3613 19183
721 22116
814 14162
5586 19417
14406 16440
4784 15029
1669 15503
9480 9693
972 6787
6131 11692
5869 9512
20342 22883
2303 17461
13466 24077
13095 15316
4501 20633
1371 18170
4169 5179
12475 24259
12640 18187
1316 4340
11205 21262
2982 4114
3963 14224
17480 18390
3651 22728
8023 21218
3509 18848
19981 23199
6319 15840
15443 17328
4017 22474
7766 22297
4978 5669
1416 6515
3452 5020
6160 23804
2435 8436
1222 21749
5767 19832
964 24049
896 19106
5917 6485
10240 12874
15620 21362
4325 24326
18259 18323
1575 13934
18308 19697
6268 23520
6884 18004
7659 9952
96 8635
4505 23785
17366 19783
4602 6044
2096 18262
2741 11486
8833 9610
2842 6475
13025 19822
10345 10707
6776 17486
11300 12365
11508 20004
6834 17709
3344 20628
245 12716
9826 22445
488 2822
2016 13843
10474 23481
11378 19339
491 21688
3723 5371
11633 19720
21226 24056
3253 4671
4443 22468
5348 11797
23961 24194
5227 14935
4780 16820
6738 8088
163 1101
4156 8529
21104 24250
3529 19784
18799 20738
3512 24427
12412 15293
17944 19340
12713 22597
19707 19913
7639 19471
986 5454
19497 22845
3740 6807
15635 19751
5317 18243
9049 18007
17553 23219
14676 18644
9913 17850
18127 23812
1506 18438
5166 7115
764 22366
1739 19020
15622 20014
18483 21510
12329 14425
2516 7785
23038 23727
3236 8469
9186 23406
2444 9298
2898 4714
3592 4114
9584 11102
10948 19930
15794 21644
6491 24089
12312 13373
2052 8331
16267 19224
11305 22557
7459 13147
7417 16459
7797 14136
22798 23813
1865 12253
2337 16644
13949 16496
6033 15386
18738 20895
8832 20287
4233 14824
7321 16572
5424 24012
15958 20737
7405 16447
2486 15424
4598 12439
2978 12493
21191 22117
996 14489
7354 21043
5004 7026
16129 21031
15578 20965
17995 20103
15041 18692
5403 13507
8444 24397
5816 9403
3573 16152
923 16100
13410 17159
16932 21277
10442 12940
10319 12688
6969 7757
21604 23712
1289 20814
20036 21515
2547 13323
8058 11352
10929 15202
9522 22017
16042 21992
3554 6605
474 15859
9338 20399
6284 11647
1333 9281
9038 21771
3792 8459
2713 4939
10341 16510
1470 3584
9368 17190
2594 8236
2725 8224
4067 18971
15542 16545
11608 21250
8147 9875
14845 23923
4062 15741
4453 6922
14706 24344
7815 11705
8301 23384
14036 22972
12946 18451
9838 14123
3384 7987
3986 22813
20498 22892
14386 19783
9627 14899
5611 11534
21936 23089
2930 21448
2424 20752
7195 9475
989 4352
8207 14963
7099 22489
17726 19013
11990 13391
4413 6498
11089 21488
7106 17087
13970 23922
4873 6512
10193 10460
4905 5099
584 20428
9589 16441
1099 21096
1685 17304
20080 22995
7364 7394
15048 22922
8418 8525
15653 18358
6519 23393
10106 16549
3939 16485
3581 24205
16370 23066
10177 21600
22409 24027
8973 19016
3088 19923
11152 16412
10615 12167
303 8399
2890 20844
5832 15651
1504 10027
1431 23729
7333 21127
7347 22502
234 13325
10556 15080
9093 15189
1365 10755
7938 22346
7179 19434
11502 23167
10759 16337
14041 15137
3826 11461
6201 22781
9949 20458
8791 21602
2170 6078
9352 12475
18001 19344
14149 15082
9813 15954
13990 22870
4763 24104
4729 8707
8517 12380
9989 21223
1941 10847
14528 23685
5070 21233
9517 11864
17288 23080
14274 19086
11127 18363
1804 17990
11564 15140
5527 7225
7568 14189
11998 12502
10248 23942
4199 22424
4802 20376
6156 18960
23274 24163
11958 20853
19861 21089
6508 10335
18117 19666
22862 23633
15703 24162
11960 18534
10624 14257
5771 18611
826 15603
7751 13806
4687 7594
11137 14090
17563 23821
14090 16623
845 17260
14065 15759
4656 5573
1518 22672
4082 22861
16436 16543
7209 13419
8147 21150
17250 20402
5063 7669
15866 16578
1064 16389
3430 15753
1443 7402
12433 21850
1550 18169
9329 21232
2223 19096
1778 4934
20408 24358
803 5216
9061 22152
9083 16343
15790 19493
3636 22742
1462 13252
3685 22925
13462 15475
20413 20786
250 3151
21347 21505
10229 11798
16627 20483
9163 20790
7637 8297
4242 12828
1305 13367
8131 17440
14006 16657
6952 9785
3384 5652
2065 6627
6512 10252
10103 23818
330 12494
5615 22587
9886 23473
4660 14527
7780 24233
9164 15444
71 10308
9323 13194
6947 9277
7632 23301
8016 11743
6607 23015
7255 7293
4441 18423
2097 22869
3140 15915
8897 10888
1415 12607
8158 13391
5691 23525
5404 16064
15789 22287
5919 19070
13488 14682
18635 24291
988 9402
13742 21944
5830 23532
12503 22690
7440 10953
6255 15606
19754 22790
4748 12939
1391 13692
14984 20097
3604 10821
9726 20711
12576 21567
14059 21188
10383 14138
4079 23836
2752 9633
1980 18727
22679 22743
10087 18070
1947 12210
17697 22420
4164 21280
5253 15104
1490 17037
5986 10316
8423 14265
332 18585
7654 11176
480 24484
629 8098
3744 13427
4076 14351
4135 11426
5225 11493
2215 16588
832 2779
14210 17302
12380 17397
13301 13946
7574 16784
11473 14228
324 21907
10200 14237
3153 12081
524 20933
12906 14844
574 21273
1317 23995
16715 24060
1562 1770
2027 9880
970 20586
11948 16311
477 2336
20706 24406
4513 24447
8103 18645
19834 24456
12956 20663
232 13630
5631 7407
6931 13267
8083 17191
23089 23614
1603 8182
8228 17844
6735 22634
21812 22916
4817 22453
4484 11758
18414 23618
12655 23839
7546 17265
18730 19721
87 649
16108 22376
2081 15449
7613 23973
15702 22929
3128 13650
8006 11085
2313 16734
4150 16995
7795 20189
1962 12873
7302 20183
8773 21992
3167 6921
896 8516
21936 22579
3484 13564
9923 15611
20949 22723
8865 11546
19479 19489
9296 24464
2978 11904
10597 19308
13349 14049
7378 9061
6520 14952
420 15529
8455 24480
9140 10502
8682 19799
6791 11741
6598 8445
9412 9510
6891 18348
9323 16713
9410 12788
238 3065
5066 7510
1769 14748
1556 9172
5397 13385
7609 18406
3742 21067
14685 17963
6531 7930
5782 8713
15667 18953
14671 16728
2063 16903
727 20284
12622 18106
8085 10216
9923 13359
8447 8481
2912 10888
13340 18055
102 3623
21219 23757
5883 23609
4738 22851
12793 17912
2726 20635
2025 24104
15789 16769
7343 9292
6256 12041
5574 9159
527 17981
10088 17563
3114 7805
3642 4694
16822 17728
475 4189
4370 7985
4625 8584
18078 24288
8416 23860
16582 18014
10434 13359
277 14832
5885 9499
21778 22142
7700 16626
12684 16036
1192 15741
638 23946
22173 23764
5766 11681
4184 12577
18356 23088
8237 20560
2709 19177
24241 24335
4661 11938
16002 22582
8403 20771
5653 9639
11614 13335
1561 5578
747 18000
6175 13477
20241 23472
3190 18686
2109 4193
19556 24402
2997 15038
10214 18854
8837 19232
3026 5074
1198 16860
21875 24483
14309 15845
16853 22761
5640 16388
7996 12996
12184 13250
5330 12876
930 16407
19527 22582
12848 14637
6973 15131
8117 18758
19525 23310
13695 21360
18634 20104
12803 13888
10742 16037
9449 15176
7689 18274
12524 21047
11822 13962
3797 19234
2616 5322
5200 11518
2004 3579
7841 23763
4116 19464
6702 20082
7128 22103
1163 19935
10047 13688
14369 22982
1020 14527
7720 8478
6042 24115
8748 20186
1256 16109
8818 17113
21920 23154
13547 22532
11031 15407
4676 14152
2746 16239
48 20275
1972 7326
12045 17741
1905 24304
3563 12569
3546 19779
23705 24396
11001 19273
9704 12347
7572 11138
9630 16860
11856 22117
479 16385
2772 10160
512 1235
4398 9953
5231 9844
958 9509
10169 21105
9994 10567
4182 13878
4330 12893
13741 17675
7064 8102
315 10114
4768 11630
5622 17588
20321 21295
210 4316
9793 15491
1260 3388
2976 15105
5422 6793
12462 14072
6579 23750
2217 21248
9655 16348
15313 22918
12058 19833
15388 17158
6270 20402
13573 24426
1133 5473
824 9532
14780 16651
3477 4902
12025 17538
12098 16298
2902 9640
2789 4796
18714 23358
4247 21123
3991 4737
13633 20425
15947 18351
6376 20351
1568 20947
15597 15716
2518 4325
6050 9421
9742 22434
14248 21246
24344 24394
5203 16229
8762 19963
3873 9469
3649 6889
424 24195
9862 20758
19696 23451
12750 16353
18846 19628
8303 8881
6783 10699
12206 19611
12387 12734
9851 14991
18730 19089
1482 23421
2162 17883
10208 18102
5029 11602
6214 9067
12395 14832
591 16479
11710 19940
2410 6683
327 1404
13924 22699
748 15514
4587 9293
3 13868
84 371
15817 24104
22785 23113
10741 13603
12673 12680
5999 19418
455 1476
4990 21841
9829 22280
19479 22194
13363 16804
3130 10954
7132 17474
3513 19912
2273 7323
4358 10783
2967 20967
1040 8297
19311 20709
9132 21258
16470 24476
6725 20603
16860 18014
10557 19187
21644 23130
4189 11881
6116 11898
12942 22673
5871 18645
7580 17451
6762 23462
8882 9195
7543 16476
20113 23781
3754 4272
3406 5492
13030 13458
8902 17345
5312 9367
13286 16253
6302 18209
11418 15705
8388 16045
14185 19555
17266 18789
3282 13863
3502 22218
2569 20255
10869 21226
8417 11833
5574 22493
19684 21259
3622 19693
19515 20968
22049 22802
6309 7261
18030 21502
6522 18066
19471 20518
1009 1365
6875 18812
1319 22982
17020 24140
19290 22110
13578 21557
4682 14375
4421 16508
1920 22554
1773 6429
9011 21633
2185 15833
9762 15352
8103 18006
11603 23498
11966 13910
1177 15551
529 12414
10786 19704
3085 23505
9209 16750
7741 11274
17321 17867
13825 16171
515 23077
13267 18786
22512 23263
13779 14712
2237 13271
14272 24428
10968 19260
6397 9654
14452 20008
1531 18648
15478 19387
4787 14802
10223 21023
12374 22398
8863 10259
9655 13828
15538 23911
786 17794
5283 17268
11714 20994
692 19781
3384 20145
6962 13192
3351 23183
968 14533
2129 4438
4660 10163
2725 10452
14974 18122
2397 21179
2236 16054
1024 22004
39 1017
7255 10964
8755 21900
4600 20128
9074 15826
2342 12866
1218 22442
14437 21504
8638 16185
16158 18626
16506 19394
5283 20142
12790 13682
10080 22692
17743 18955
12351 19300
4893 9310
14168 16064
3926 19480
13687 13804
7482 16315
15076 23071
1749 8207
3473 15451
8278 21190
19651 22635
16983 20826
11990 20825
10303 16212
5075 12695
156 3250
12256 21108
5380 16770
6618 6723
2035 23461
7057 12633
2360 9892
3773 24115
5110 10006
1536 14041
14401 21451
13120 20346
398 8548
10176 21901
7764 18573
7130 24313
20268 23091
3893 10961
13497 19411
18967 19082
12753 20156
8260 17166
10671 11087
13528 17577
7261 8411
16857 17565
2341 7753
870 24485
9694 10116
3854 14648
18380 20423
18436 19334
3602 14461
3452 11629
5412 11672
2382 4363
288 9164
10192 14585
5449 19277
3095 18028
5297 14387
959 5102
14366 22444
6925 16468
335 23655
15006 23791
6363 21611
3789 24434
4598 9140
3373 8073
358 6560
1022 2651
3613 18213
13625 22642
1887 23321
4081 10903
2130 4829
5906 16353
1029 19829
892 12230
7968 12020
16 10051
5861 24094
5142 20759
3131 21492
4431 21571
12487 18098
408 6015
5864 12401
3705 3752
9790 15600
10185 13216
5777 18819
18313 24469
9491 19526
2433 16155
7184 9889
11538 22397
2828 8084
16750 23204
14241 21319
8187 19515
7612 10989
11352 20369
5302 15503
186 13744
18831 22184
16285 23401
4512 22310
21803 24282
2451 13166
9837 20042
10019 17843
13605 20192
4090 7885
14800 19873
8832 10457
8649 12411
7990 17477
609 20283
3630 13281
5929 23711
16832 21155
718 5533
2891 24354
14515 23683
3042 8148
9027 12133
4903 10075
6699 16393
5558 21491
4822 11151
1552 20935
1930 6288
8234 13600
13736 16345
13460 21496
2777 6748
8825 16681
13565 22787
1045 4366
1334 18739
1760 19094
9437 10127
4343 11115
16633 20085
5802 24479
20814 21764
22337 22883
3327 17805
11102 21620
12169 21702
11932 12823
4192 23420
323 12485
2471 19394
8685 22742
14459 18262
10415 19426
18331 20626
1933 12061
681 19332
19825 20399
3487 13539
3841 19666
2799 16808
6411 17064
17851 19828
6201 14859
14689 23607
14220 14273
13623 21678
1161 3322
2771 24313
9099 16915
15203 22081
18303 22103
5256 23443
6449 20840
42 22651
13790 14568
3469 19076
17464 19899
5156 22773
7028 18520
17898 18850
7075 15636
4520 7619
20861 22830
6879 7549
953 19044
7345 18159
12807 13371
2224 23589
5893 6222
124 17388
9466 9527
9034 12078
8900 23756
8915 15927
4630 8128
3318 13657
4584 6167
14499 19486
10363 15656
17966 21653
4790 19783
19210 21023
4794 17965
4903 8040
6237 15898
4979 23216
6703 8692
386 12911
21352 23091
7166 10834
7729 14471
9703 12450
9965 23315
6510 20257
21275 23925
3729 6840
4333 6618
3623 15400
4509 10857
16180 18392
17348 22218
8444 22367
10875 14224
15056 20832
18702 19426
6643 17267
6149 11537
8590 18796
15986 23378
1846 21656
2837 22653
15757 17201
17322 19679
7992 16412
13553 22307
9272 11002
2405 9866
13832 17823
11096 17767
937 3680
522 17908
3918 19546
6169 16842
13773 14838
788 24147
1268 10353
6611 24456
266 14883
6674 16969
3231 11192
6355 13090
11423 22939
8851 16322
4704 9398
216 392
10099 10913
752 14773
18603 19366
9418 12340
2689 23752
5898 8385
1330 10819
12666 13278
17486 21102
13939 19952
7771 14670
16990 21122
6194 13172
9092 19173
8587 13356
3076 5612
9405 15090
686 14538
13637 22370
344 13206
20000 20805
4504 5370
3404 8832
6170 23673
3028 4723
14358 21308
1900 9026
5447 11557
17663 20646
2555 16205
4192 15131
9934 11006
513 24069
8292 22930
9539 22947
16871 22765
1600 16407
683 17292
19355 20085
14656 14786
4355 10080
6165 11228
7817 8905
21283 21531
21893 22363
5900 8626
5186 6834
14010 18492
8886 15310
6085 8365
12668 22174
5387 8246
12735 13188
13764 24329
1094 10709
1709 18314
4179 23244
22223 22450
19206 21121
2544 24147
11839 17225
6143 21146
2281 14509
2581 18077
16282 20347
6710 12357
5761 22152
1881 18740
6050 7130
6810 17751
12876 13575
1874 18941
1397 19831
8432 15824
10048 24342
1605 16273
3949 11604
14120 24117
3008 11845
12490 19162
10116 16076
18093 22011
7780 8558
1816 2054
18422 18934
10782 16126
3770 5732
349 6162
9720 19141
576 13808
818 6981
11780 20749
6146 8674
15906 22316
9998 15408
18224 23052
6786 23836
18334 19318
15916 15945
16703 23820
4779 20908
20572 21610
18365 18435
9156 10221
5839 15613
1521 2236
2192 14348
683 12657
9907 24061
15073 19423
10997 14807
1744 8113
1929 21599
5243 23600
15071 19169
1052 3046
7893 17238
815 19064
17971 22393
2971 16291
4114 17852
6608 12607
3668 15653
2486 10017
15702 16924
6319 22318
7868 20189
15004 20847
3694 19490
11369 15751
18385 23145
5474 15915
1581 3228
10022 12671
5698 6672
8941 20307
13434 22572
13644 21338
4415 4507
4092 18398
20067 20544
6560 16941
5835 17455
10598 13687
2016 7680
4194 5370
5717 17920
4455 12461
5834 15110
11501 11562
5701 16424
10342 12073
4030 23705
17993 21256
6056 18074
8317 16228
2873 18483
167 4906
2702 5416
9716 18206
1045 1814
4745 16706
9944 14713
3830 6640
9090 14716
3958 5022
6810 18108
19746 20757
23390 23763
4027 7342
13593 18640
7855 19064
13456 14878
2950 7256
15482 17512
12182 19175
6733 14169
2169 20519
6162 17560
12505 13139
18464 21025
17744 21381
10121 21400
14842 22576
4780 22016
6141 10021
5753 8839
20662 20964
16962 18081
2053 23351
4420 19336
10706 16970
1686 11480
435 22925
3747 21432
7623 9562
1845 20901
8257 19117
1944 4055
20851 24279
4775 22359
7004 17227
7870 20321
3294 9690
4302 17006
3877 13886
3832 5219
680 22253
14512 14679
9049 23738
2619 17587
11416 20631
13512 20090
7980 14975
8488 15856
18790 23662
15305 19571
2088 23926
12022 16260
113 17878
14013 18919
3757 18092
14979 20802
8072 19100
2080 18127
1846 16053
14592 18687
9650 21873
2154 3888
9159 9974
17577 21967
2434 17897
19960 22815
4556 5471
1578 14866
16338 24147
9629 23510
5229 5928
17627 19544
2214 20115
2913 17360
15076 15920
5436 22739
6680 17959
4701 8123
3889 19616
15131 21139
4342 24346
9036 23091
7090 13188
18164 19367
17781 21584
12152 21335
7338 11093
5254 23139
12783 17859
13372 17207
3424 17902
1375 8678
54 2397
2892 5924
5335 21104
2864 18961
6277 18020
15061 20390
7878 22574
2424 14888
4515 9149
6854 14522
12811 19727
3858 24327
9164 14095
316 17776
11779 12375
5943 7992
6835 17787
3225 12813
19706 22316
4178 19294
601 6608
7324 20253
2624 5816
9868 23388
11494 22349
10299 21617
23090 23542
20636 22523
14944 16956
8161 23352
15235 22160
13598 23671
867 6640
5455 20829
14598 18933
356 9769
18986 23441
16210 16514
1441 12940
20877 21541
2347 6888
9791 15241
6494 24019
17367 18710
9307 14411
20626 22625
5789 13712
4 9351
10484 19245
694 14651
17169 23505
9901 21225
14509 19330
5055 8623
15133 23246
5936 12827
4915 11127
13550 23703
4819 8672
6805 22957
1418 21611
19154 20501
6908 10922
12490 22691
739 8930
4468 9263
4865 23489
16164 23049
12470 15946
1722 17264
13931 23720
11507 23797
3068 11469
208 7491
16148 17711
11098 17302
11879 18963
12577 21495
7245 10145
11625 20250
4548 19419
14193 17146
18465 20689
6129 14484
2732 4643
2402 15902
8708 18134
15659 20089
6294 16355
4920 17524
501 7304
2452 13323
8799 24205
7961 11591
9024 23408
10233 10543
3706 22188
8123 9925
9201 23767
515 17535
5536 18838
3565 12581
2811 16431
9000 21608
7721 11200
14388 15205
1158 1995
5074 23431
4 2199
5514 10173
5876 18022
2241 5591
10566 24061
12586 23373
10139 20301
11774 17522
7653 10404
2897 12034
11742 19555
15977 16484
4283 15880
2712 23265
19694 21212
6582 8144
6184 23760
5492 8884
20228 23771
2425 9725
8387 10121
2572 22915
7814 15547
5820 10260
5242 17880
12328 18826
3060 12658
3854 21662
8211 17451
989 21908
1807 15768
4919 15989
4895 9494
16936 23504
14603 22400
12918 13450
5504 24077
18398 23891
19098 19355
1129 6380
2028 8860
16244 21478
14173 16105
6384 17848
2288 15608
1861 7346
15959 22197
9592 13578
428 8755
9224 22562
9913 14502
15995 19863
3921 7264
3918 13338
8321 18435
9341 24325
3726 4902
16702 17418
19671 23600
16936 23273
7261 12089
12888 13155
14732 21379
12921 13274
1741 20571
104 13238
4954 13445
2374 5409
18126 18802
10231 17435
20259 20316
15543 22979
549 2862
3122 3425
6638 20750
5267 13520
668 14342
1982 17678
11688 16735
11975 20759
23680 24355
14960 16950
2275 16439
8441 10455
23368 24100
2578 7493
9647 14302
3861 24052
3724 20324
7743 23106
1534 13439
645 7758
11187 15015
8161 12088
3642 19285
9383 19126
3881 9433
11901 14835
914 7256
8081 22735
11568 13512
9446 14109
1723 24201
5107 14489
1178 15199
16516 20648
995 16722
3011 22929
3302 20449
3291 16322
2656 9004
10008 15374
11124 22835
131 21041
3077 21598
4722 19956
11363 17088
1483 19357
8935 21852
10929 17170
14499 19597
2591 3629
8319 17306
12782 22675
6258 6611
9148 24065
23568 24443
7006 15790
6785 15834
7241 12188
2128 17081
181 9698
8133 13093
8249 14643
3278 8683
7804 19694
1708 18242
4325 4589
6212 11388
6959 7225
1905 11183
18196 24475
1784 23997
16343 16470
2813 14041
6355 12133
3974 23771
4601 7777
11516 16398
5030 16241
2848 13394
3826 24071
14488 19469
3575 19514
8491 13759
6908 9887
758 12499
11465 20731
4223 16526
15549 20842
14988 21322
8736 14586
17884 22063
2287 23102
1607 6859
5445 7691
2631 11032
10328 13011
5980 11193
16342 20918
673 23687
12040 18324
10059 23116
1563 21246
18802 21586
11207 11952
5517 24002
10160 17096
3522 24372
1775 10120
5731 21070
16355 23395
4364 21508
13731 20483
9215 21604
4711 12591
4271 9738
3918 4565
9208 10051
2413 2439
8773 17697
19477 22655
1306 6926
16083 19836
4906 23255
6800 18240
10035 21417
8433 24075
5181 5428
4593 4637
7012 20275
8226 9947
9437 17772
8035 20044
13930 24438
11696 16336
3639 19565
9660 16066
816 4972
11213 12614
16647 24029
2181 23123
5691 16838
5454 15905
824 4780
4167 21343
3770 5803
1074 5255
8135 20266
2825 3627
3546 12161
6534 7461
10624 24442
3181 16644
5371 7373
3600 17836
9395 14266
13530 24319
14830 16793
12460 20411
21281 23369
14665 17956
11915 18074
5408 15125
970 13916
8835 11886
3155 10977
16070 16901
19028 22368
17655 19941
9446 11549
11518 14396
16209 18613
5085 11406
1828 24031
7776 8304
5324 17208
9815 14030
8749 24486
4180 23211
334 11618
11177 18696
13967 20391
4177 8540
9182 20222
7556 20715
16851 18062
1481 11281
8497 16015
2860 21645
8943 10599
5836 14186
11521 22173
18523 20742
16325 19735
10076 15533
1821 18060
13276 14573
20253 20718
3457 11146
7182 15145
14673 15605
6814 23061
6099 18970
1046 18258
10488 16056
566 11391
4743 13824
12013 22222
7446 18788
98 18884
12289 13693
1287 19317
15868 16560
6690 14492
2535 12955
1318 7395
8118 9665
1473 18422
13374 19406
5197 11342
12558 18492
7890 8362
1841 12074
7947 8208
3087 10314
5836 22408
7571 23754
13120 19134
18770 18911
2133 11663
4161 10843
3518 10499
2489 6497
6954 24423
7609 18241
5915 8314
12270 15986
11823 22023
1695 24232
8584 12933
7549 11741
2863 5888
3864 19720
13949 20106
4995 11677
15386 17323
16557 24358
8531 9883
16619 21569
4375 11803
12732 13212
10052 16248
8036 8238
11156 14978
3228 23487
12135 23065
14867 22797
124 4110
8302 10021
11771 24316
2050 23039
5478 10382
10782 22127
11677 22206
7038 19589
1777 10926
11415 21447
2772 22469
19493 20591
1693 1817
2040 12340
2009 12295
4078 19763
12210 17870
6288 17477
2900 21904
610 5274
18273 19903
2421 10463
5194 11910
14804 15923
18534 20652
13647 22064
3585 23627
2955 23378
2830 22473
1731 19653
9679 20403
149 6927
14513 21341
257 17905
1611 10153
9613 12346
173 11267
5692 14482
10886 16310
232 1204
2601 10721
9652 18377
13780 18351
8950 14693
5205 23512
3778 4622
9682 17839
18151 23020
14971 19519
11636 23164
2065 24346
1598 9982
2823 15499
12463 21361
16207 18660
13660 18872
18558 18917
1631 14874
4217 16823
15863 23489
21627 22815
12174 13021
4305 5690
12035 19581
15210 15845
15554 21712
5511 17950
14100 16282
14840 22160
4348 8088
5196 14400
6092 7980
18145 23047
12944 16632
5463 19566
2188 15032
4919 7191
10056 21841
18598 19836
8721 15223
11937 19923
10266 14116
12299 13964
618 23432
5989 18725
4456 16422
4649 11409
595 12135
16370 20783
16065 22731
2300 4863
7878 8966
15059 24303
3497 7712
10014 17563
11386 22413
14440 23128
5813 17831
1458 11866
4016 9536
2023 8201
4061 23797
15605 22981
8258 22312
2453 20061
6543 7599
4171 12086
5425 18391
6388 7422
9463 12339
21675 24332
7879 20999
6010 22414
16649 21567
10186 14981
8376 21661
13722 17587
10340 16327
7291 10849
9543 17938
14868 15081
21824 23509
7645 19324
838 9667
6265 19674
1987 8483
14802 15100
11791 16210
4641 19386
9251 22348
6221 17634
7052 16910
4774 6371
12345 22288
20736 22183
3907 11098
18512 20362
5590 9505
9581 21276
14502 19398
2115 19207
5596 17112
5028 19695
6147 6948
3103 12054
18161 19734
2154 10474
10660 14777
13653 20725
10601 14238
4947 9167
9258 17942
4164 5349
10240 22911
580 3004
19580 19949
11586 13823
782 20074
5729 14701
15508 17700
896 4574
677 14069
10288 11541
3157 13126
2451 5291
7900 13904
9480 19268
13749 18015
3103 16854
1570 4158
9809 15760
7970 18917
13212 16306
2250 21211
4189 6096
4009 5316
534 22393
2952 4690
8413 22232
11688 15260
18482 23066
18038 20344
8447 12058
2543 13960
3823 19197
11836 18962
20150 24379
14178 21765
9936 19054
124 7529
14545 16218
19422 21563
12301 16865
4279 19680
12062 18137
6206 12053
11815 17158
1673 11534
964 9603
1397 18304
14701 15328
4707 6363
10285 18655
19 10668
7873 17543
4402 14358
8166 18966
3037 15542
854 8344
6153 19864
6652 19187
8692 14490
3654 19743
3943 15886
2960 21136
2649 14717
570 2290
11296 11920
6168 20314
361 9193
3533 14276
14482 17462
10271 22624
11373 13295
7510 23777
1423 9232
10828 23122
12032 22475
5311 10665
8064 20476
3570 22340
5932 6617
7948 22047
3941 4687
1736 12427
34 14406
10324 18784
7112 21635
4664 9062
15553 24194
15033 20175
14295 18589
4418 20248
10438 22658
21542 23831
7712 22791
16535 20097
4592 19285
20782 23120
688 2199
158 9123
4507 21718
22366 22406
2813 7517
5726 12773
399 7833
5394 23890
21479 22795
1758 7396
6552 17924
3491 18623
7838 9346
9882 12822
5930 19456
4967 23715
12497 22573
19449 21704
4428 13976
12144 13034
7380 18601
10500 19404
849 12414
442 21459
5511 21764
2366 19006
8452 20624
4508 23315
8663 15531
4322 7150
15011 23186
7473 21215
15662 20636
15974 16482
14129 17975
12247 22030
14168 15576
6928 17623
18882 22297
4684 13222
6561 16400
7416 7794
669 8689
21365 23916
16027 18277
6807 12358
1918 12475
261 3974
5746 12546
1462 23323
777 5121
13845 14484
6890 18528
6320 7523
8604 10733
2567 8258
4470 5560
10395 14936
8088 15652
16465 24384
13910 17798
1192 7567
2173 16569
2842 10877
1338 4845
7053 9284
2084 8701
3928 4270
1112 13135
20493 23686
11223 13034
22944 23904
7490 18451
268 3373
16957 21506
5186 16839
12388 19312
8811 12393
2943 11894
7295 20470
7303 19438
1466 5044
5478 16941
425 14773
12608 14411
18607 20308
12905 23311
7069 14790
733 17241
944 5273
1655 19482
14553 21292
14246 21675
14981 17056
9221 19053
1512 9886
20227 21222
17164 20659
5948 15543
6272 18275
1702 22119
13923 14103
1116 22794
19243 21350
353 10294
8970 9947
3888 15748
7758 13845
5375 16672
17365 17782
5426 23891
2270 21839
15569 24326
3835 21675
3640 24188
7948 8632
4668 19306
9933 22344
8834 9307
10076 23412
7958 19397
2270 8689
9384 18726
1109 22446
3900 12287
13917 16389
9658 23194
4042 22454
5441 7144
4481 17483
5344 7804
5129 16013
2801 23490
2065 20633
5730 15615
17979 24024
6618 14445
21788 24159
7291 15247
5340 6169
6276 15883
9449 20898
1542 18133
12429 17895
4263 7017
2576 21648
17095 20147
12640 23244
13994 23529
736 21628
3391 8908
8573 15640
2062 8024
157 6235
229 9924
3160 7549
22814 24339
13988 16261
124 20848
14797 18962
5805 15204
3407 10090
8257 13820
3567 8342
1850 8137
6203 15986
12073 12400
16032 19101
23813 24289
13506 17191
9365 20359
6536 12872
13215 22520
6505 16395
1590 12680
7312 19971
17688 17721
8284 24165
1627 21442
9649 22381
18776 23604
6463 24204
11117 13949
7898 12413
928 13165
11222 23933
11764 19034
7718 22117
11736 12851
5900 15312
17260 23204
255 14028
17760 23209
1099 5749
15052 22764
2051 18645
16418 16715
17475 21015
9026 11914
1518 15146
2862 17100
16579 19065
11773 14673
916 10996
9796 13426
3555 6497
12766 20522
11547 18197
7248 24044
1554 1805
7116 17762
7961 15088
10175 18301
16151 17246
4023 19163
4992 19775
2369 5965
9567 22575
4005 9841
3352 6788
3856 7158
18668 23275
7245 17425
6501 17283
6010 15499
48 8412
274 9297
1505 12736
19514 22142
4237 19408
4902 20938
13235 19987
9297 18454
2697 15838
3746 18084
4629 21533
5416 24411
5279 15722
6606 18635
16440 19252
14878 18627
13027 16030
2455 20886
14999 17748
7238 13950
12995 16306
23442 23466
1682 15175
13850 18963
13342 22599
17555 21165
2639 11494
11970 18116
5880 23159
2839 22996
20982 22271
18860 21390
2293 16157
5077 23709
2274 13610
5109 22318
10683 23895
5024 23879
12095 23403
7280 8795
3783 16965
9887 19271
2805 17432
1518 19626
9268 15768
19024 20693
2671 17001
11802 21689
7855 10236
22340 22822
3158 11896
19834 23655
13934 17900
8138 12398
772 3682
4383 8600
1245 17396
152 7107
6462 12300
8050 14079
25 18297
12734 22799
4222 6818
4752 8890
11949 11961
14097 22003
6115 6294
1436 7432
10119 16911
2607 3625
9031 21483
7889 18406
1662 2000
1287 14260
696 18887
2212 8641
1057 9016
6779 22146
2541 22791
556 5483
1038 13752
16053 16750
185 14909
13333 17719
1612 14713
8591 17508
4563 19517
1504 16153
18469 22359
536 6873
1831 20563
11480 14499
10048 21014
12560 18242
3944 8690
18 24457
12452 14981
2687 8707
15594 24310
12657 18762
4381 4501
4664 7994
5834 20056
12407 24209
10918 16845
12615 24302
9561 12594
1596 7540
19779 22544
5881 7046
9090 9464
829 4206
14873 18934
712 5711
4727 14568
19707 21758
674 6807
3333 19200
8077 18929
8937 18076
11426 14739
2162 20819
1554 15405
5065 6905
14094 16042
2041 17282
14240 19833
4055 16321
6866 15736
3622 11221
7885 19179
2556 18864
4781 12132
4882 21049
13277 13378
680 19883
19534 23493
3086 11865
17120 19019
461 2481
884 12842
16185 16663
8781 24052
3656 16162
364 5186
10103 19854
17681 20371
10459 22998
2455 4916
16770 24159
9856 12193
3541 22642
22764 24328
19116 21291
10584 13355
2396 13021
8460 23132
88 6118
6126 20609
21439 23276
8767 21056
7140 14966
6629 19294
7705 13993
11227 14418
2489 17424
18055 19382
11073 16497
9200 12038
10351 14849
8847 19858
5496 23199
1840 11425
5378 6736
3352 14306
3696 13898
11872 22871
1915 13740
9690 23490
6157 16684
5695 19203
757 3327
10337 13845
7149 22294
10189 17026
111 8637
10625 16053
17973 18372
20090 20578
14073 23006
3411 23155
16581 21143
657 21247
10002 18503
2352 6364
6024 12325
9253 12226
20116 23582
13452 21505
289 4457
6249 16060
7543 16319
14601 23491
5059 13359
1555 21486
13387 16163
14261 23588
63 4811
6120 12854
2482 2658
1801 11539
8704 9871
12230 22526
1686 2640
13705 17899
1546 12255
19575 20897
1464 21250
4602 23704
4200 22483
2634 10397
1795 11733
1863 21171
3050 10623
2905 4007
3898 8831
10097 16045
168 10506
2983 24417
13747 16061
8592 22776
11007 23612
1350 3789
1826 21470
9337 10426
13185 24086
6847 8980
234 6543
6212 9019
16055 24272
3016 10727
13406 16418
1614 5550
13609 14405
15097 17526
2332 13852
5655 14277
4559 6012
13001 19582
6444 18836
8524 12974
6960 14069
168 6908
23771 24248
10546 19789
7967 15537
5456 17522
8210 23608
14650 23361
13986 18887
19153 19551
13861 14196
13592 19228
2765 18405
12975 21945
885 6666
4166 8521
3429 4740
1206 1943
9874 14029
2764 18439
5116 7166
2210 18803
1570 18026
7049 11172
14313 19801
13434 14427
5026 19281
3560 9022
14874 20596
75 10317
1936 6985
14778 14848
17145 21923
21891 24067
21357 23757
22801 23584
5257 18839
11309 23550
1007 16261
7642 23396
8592 17482
11956 19879
4121 11428
15323 16998
11582 19798
13192 20083
2341 12188
14578 18685
17537 24032
10863 21558
2842 21444
10776 23366
16672 20727
6775 11652
118 22010
3368 6296
10289 23765
13249 21105
5121 24386
654 14590
995 12128
3056 18639
8 12506
11216 16486
20122 23078
13895 24302
19986 24005
4810 5098
4546 22757
236 24235
16483 24016
2707 5118
2903 9526
3141 5634
3275 18107
12442 24398
14413 22440
8552 15624
10292 23061
2902 9359
11355 17954
13102 14845
13777 23011
12088 12185
6304 17596
23753 24286
1762 8179
10758 15099
9205 12682
5495 23315
1979 5867
8025 14360
10688 21564
1728 19045
12193 21590
14347 20639
14752 17055
14179 14854
15092 18315
11311 22947
6606 7629
1144 21621
13240 20210
2268 16845
11928 12225
2095 9826
61 401
10428 16241
20356 21777
7964 17875
1210 19998
16927 22011
557 22355
2841 16614
5498 19286
6587 20579
146 14012
1815 11317
9221 17749
4782 15583
9136 14698
2836 19010
17888 22538
13103 19814
15757 21162
3516 17848
509 2533
1718 9744
21050 21649
279 15109
8228 16977
16099 19436
12850 13673
6145 23216
1255 13101
11583 20151
1565 13453
11148 22168
8668 11815
13030 18616
15143 18640
7784 11873
5038 16357
12198 19404
3504 16619
6903 22018
11085 15388
7410 16857
1828 23290
4388 15817
5046 20278
7896 22577
2999 16557
19603 23183
3626 12334
1308 14637
18122 20541
2921 8051
1909 11573
1911 7970
11264 21722
11443 24466
5695 10451
2542 8419
2530 20124
7988 8583
4335 7398
19626 21543
3169 19985
13188 21075
7899 23764
1236 3639
8665 15203
6559 13855
9497 16041
9183 17681
7000 12311
1003 8388
7056 7058
13440 13878
14128 15175
4143 7340
18328 20524
6188 12900
13161 21964
2601 20766
6096 9386
3162 9029
13004 16449
1640 22472
6530 19329
2942 23775
3561 21960
18093 18376
4205 10549
16641 17575
10797 19313
3437 19960
8575 21863
422 4033
2992 4022
5819 20283
17902 22304
8222 9385
8897 12928
8784 16272
14777 23295
6674 14599
7705 10513
16561 16921
600 18074
13380 23818
3029 6564
6414 19993
15184 16774
3447 19323
1191 12475
79 7140
15552 21652
10704 13520
788 19890
12166 22589
15522 19250
11391 12784
12398 20690
5273 11066
3359 14212
3459 23465
11642 24280
10742 21197
7577 18019
1791 5352
16590 22990
12074 17932
11992 14378
5261 5431
7574 23792
2502 22636
17563 21552
10695 23051
5190 6224
9134 12302
1622 19601
2737 21066
8573 15548
2020 15957
3702 13265
1373 12330
389 10722
5891 8203
11166 13773
3241 22942
20769 22233
5992 23307
18717 19380
5291 15339
6707 19663
1873 16264
3603 21533
6349 22282
8258 14204
4003 6320
9750 21700
11903 23653
15441 20465
166 898
9482 18539
13429 18513
7712 10293
9195 16490
8819 13194
3619 21302
17672 24464
14281 17791
21018 24438
11284 23193
11305 15180
3860 9394
13247 18917
9859 23564
12119 19575
22997 24460
3430 16040
3032 17096
518 19411
5769 18773
8519 22666
2330 8225
10565 14289
10351 16039
626 3339
703 3287
13443 22617
2469 5853
6188 15036
2822 16665
4347 16976
2919 18957
3317 13049
7847 16535
189 14148
2965 12648
2185 13040
3705 8863
5905 10918
10440 12962
5563 14836
8411 9016
15031 17275
13316 20738
5990 18325
1826 6039
1346 12643
4690 20532
8411 16672
495 12090
2846 6751
5430 8911
14913 15735
4904 19123
9250 9322
4132 11689
2974 18672
766 22384
7358 21512
744 14798
14550 20470
5220 15505
14474 24426
17935 21440
6767 24294
3454 19062
7738 22052
5744 14776
8506 14424
6403 15437
3418 16537
2760 23232
19862 22061
1792 21206
10736 17361
16954 18315
6454 10155
154 1052
8259 16524
2020 4790
11366 18343
7449 17474
17705 18095
1459 2014
7646 14988
2384 18014
12678 14219
7418 16155
2274 9901
4624 5706
16186 20995
3316 21202
3230 10635
13027 13802
23834 24058
15458 22274
333 10897
8663 18863
3075 11021
4085 22706
21738 24006
12787 16208
12784 17098
2513 5519
1876 19566
5565 24222
16362 18747
10931 21471
11887 22801
3186 6240
1826 20765
5112 17752
2384 23676
14619 20655
11032 19710
8304 21737
8671 19348
12784 14402
2198 17262
14350 16003
10139 21676
10472 13228
1003 22357
9859 18537
311 16220
9158 11147
4537 6647
11655 14373
13817 23192
5589 20838
2408 15943
11883 15910
2980 3788
11810 18313
2172 20944
1335 20559
9292 10963
1620 11362
5751 6737
15219 23510
16908 22631
9730 23880
4155 8721
9168 18270
3208 23615
5496 17804
21523 22922
1520 8196
2356 9169
14751 15063
3147 14823
3176 10959
11420 12472
6124 7312
7505 15187
11390 16722
2298 19299
20796 23529
3393 13791
3636 10266
2802 11753
1142 23158
448 3892
5695 18113
7447 17814
623 3656
8958 9631
8970 21554
5096 19617
18191 18837
1788 16853
20087 20595
4804 23154
14322 21027
7755 13927
6594 12510
1147 21613
7863 8391
11387 18239
10233 23108
486 21899
6527 18449
16622 23641
10001 13651
8070 18091
1461 3907
4645 6325
6027 22626
18172 22190
8973 22180
693 15610
2235 16867
1594 14463
8389 20396
8302 21331
4903 19828
16408 19403
11070 22359
1724 5372
9819 23721
9732 19335
13727 14721
2087 12904
4121 23469
1631 5775
9164 13850
20274 21204
18414 19315
9519 18797
487 14037
3130 19215
20043 20875
1705 14837
5172 16289
13399 21283
5982 16375
5714 21459
1533 3739
15714 16452
2613 16940
11162 19387
10242 18353
337 17205
20288 22248
9846 14344
4142 19209
2270 20303
272 5330
14933 23177
11534 12107
15910 16021
4007 11213
6475 22448
5767 23292
18661 21613
4682 9542
16216 20094
15899 22444
4193 5124
1303 3262
7355 13198
7848 15111
5995 6256
6460 9310
5951 8676
6256 22212
2485 18910
9966 12829
11919 17347
16 17109
13495 22610
5757 18360
5388 16199
6911 24175
3537 10710
10241 11609
1729 13353
1505 6358
8171 12307
4200 10855
3874 5998
6728 8087
1603 22908
17377 22956
17872 23504
463 2810
19649 21941
9986 10304
13127 19240
13194 16535
679 16493
6263 7230
9201 13440
17426 23504
3807 5283
1492 8455
1884 18642
7618 18060
6754 16146
19662 24030
95 14752
9307 14093
8030 10420
7315 19914
8437 19403
700 9815
8610 18404
7034 23130
13228 22529
9409 10769
834 3497
4454 7951
10065 14235
2392 4774
4321 4748
11047 16818
13282 22798
15501 21541
571 17569
4257 17127
6499 14711
19106 19146
9112 9602
13791 14568
220 14140
12278 13793
21895 22748
8189 9166
11727 20167
11314 21276
3899 6481
4788 10327
2338 8467
4456 5652
10138 11409
12564 13190
1734 21001
8558 22182
5031 23469
5941 22900
3599 16812
14845 22215
3515 12950
15724 17066
11832 17499
431 12602
2144 15206
174 23952
8614 18174
18773 21795
3105 9955
9652 16316
2617 7024
5977 14585
830 15973
10462 15399
1591 20620
925 10046
21293 23777
14231 17398
1060 15331
728 23424
10526 23679
15942 17326
4561 15570
4205 15089
5612 6750
2834 20056
15177 23144
7939 15531
2383 17419
3113 24138
593 12791
5893 21494
5676 23076
14264 19330
5608 14392
16883 21721
1268 4545
6414 18879
9883 12106
17151 18818
16516 24074
492 6028
1908 17069
5744 18778
814 2774
9523 24243
9651 15024
6057 15997
645 14188
4206 20567
21962 23314
11444 15024
15727 18192
8118 14644
8192 23167
10392 16948
1993 7158
4921 19195
7883 22489
5050 9758
9280 13770
8603 19458
9934 12204
8729 9226
561 15922
5661 18648
6545 16343
12701 22596
3546 17021
14983 23370
18636 20403
3952 24402
9007 13270
12834 17353
16286 19411
2387 17023
5597 6655
1864 9681
18458 19156
6085 8145
5680 23966
5371 15407
8760 13102
16102 19676
19331 22512
3129 6544
15876 21148
5580 9324
2614 6204
3626 20048
3147 23790
6741 12913
2626 21045
16260 18708
15994 20387
4852 14010
3487 17874
9643 16704
12078 14014
11959 20451
1389 6808
7765 18782
4669 13051
21073 22607
9830 16972
8182 23646
5487 10878
15539 21836
22597 24279
5050 8970
13685 16188
8886 15950
4778 9861
12121 22682
2411 12670
564 23062
5182 22306
980 1911
87 20405
14097 16170
3381 5254
3055 8592
11751 14105
13272 18783
7377 21630
12422 21441
6960 9162
4300 5121
7369 8288
1690 7130
13326 14920
5526 11226
8690 12774
7675 21833
4507 17752
1130 7601
14371 22918
134 15000
11453 22169
3257 18056
13147 16650
1356 16377
8602 19334
1740 11072
5362 23649
15613 23904
13094 19481
10875 23671
2956 10729
17835 19910
3942 21107
1595 21404
21915 22327
10438 18549
6423 12608
14814 17994
13427 23636
3401 7641
11022 16207
14127 14831
186 10483
17329 24001
13241 22735
5839 12772
6194 9409
12206 23649
5029 13463
939 13236
14601 18529
19745 23360
14545 16432
4478 16164
3680 19256
1567 13888
13195 14216
6557 18673
13064 17475
5819 16837
11218 19093
4342 18720
672 20532
8133 10293
6981 17686
3496 9980
1045 10323
367 19341
7889 13238
13035 16539
8853 23292
4846 23907
338 4262
8800 22707
8892 11784
13512 13944
13723 17850
2538 3212
14910 16172
9812 13032
20064 22260
16277 21500
7114 23587
14126 21676
16897 24409
4587 5986
54 17123
7017 20795
5132 24320
8783 18313
9870 18215
20907 22670
3706 7916
5451 6617
2908 14257
3821 14079
7802 18627
6605 13155
3600 20997
7505 7750
12511 14988
15439 15946
1644 14840
19814 23911
8720 20070
1698 7589
1565 2079
15108 21531
11907 18363
1618 10970
9272 16222
22793 23454
1793 19782
8053 22782
5705 22697
8900 19116
6068 22066
12681 13302
11846 19755
13414 13729
2958 21746
6002 13891
12230 15286
5759 20412
9323 17440
5413 17679
885 17691
8965 19423
5334 22751
4928 20182
3896 12004
10251 12965
16956 17209
1099 10194
5002 8455
10195 13880
14012 22902
14931 19258
13164 15425
1363 24402
1694 22918
10553 22893
8952 22212
22151 23333
4313 11756
7225 13596
17773 21344
4897 8150
11303 16120
12761 22043
19916 23964
13722 24146
12013 18890
1430 7687
5156 20975
2091 12973
1762 12952
10105 12028
23446 23834
7552 13829
3467 14307
10745 19477
2130 15335
5294 23419
484 6003
616 21377
263 22476
2007 7509
4876 12524
2349 10092
6735 24060
18729 20113
23067 23091
2286 14345
2576 13713
2298 14665
12680 17622
12910 21007
7583 24412
17369 23580
5661 11279
9693 23999
14736 18331
12 4158
4020 21309
6297 23808
1564 23168
12520 16154
5547 10416
10129 16867
894 8729
382 12346
10897 15816
6733 22249
1863 17765
459 10847
9373 9516
6955 17817
8364 12534
5442 22201
1265 14497
6075 7345
2505 24296
4160 17732
1364 11151
10356 23632
8980 21658
14893 16928
21308 21994
13547 23127
8572 15716
16765 21187
5979 9449
4202 24177
9973 18396
4419 6721
3676 3724
18040 19122
10570 23183
5485 24442
977 5748
15017 22534
13509 14827
1417 5154
9814 22838
11431 14804
12874 22963
8034 22911
6658 15537
14352 22052
1831 20692
10080 13118
5842 10026
1062 11778
6920 20064
16370 18502
10359 18424
2602 4593
9520 18805
1126 24447
2380 12069
2974 22084
6909 20141
14207 17693
13158 15615
1861 23667
5052 6480
1098 10772
3362 21831
7531 11705
8619 9632
6000 13448
193 16729
4206 9163
18515 19877
16180 24243
11373 14639
10257 12886
404 23048
9864 12954
9302 22649
5866 12877
3093 9417
133 21174
4730 12458
7857 12162
1443 22839
19552 22522
22932 23877
7667 12145
10021 24120
9123 16384
9584 20463
2787 14272
1553 12179
8402 14754
13790 19642
7550 11028
21861 24356
9806 15950
18919 22393
1202 7327
587 4184
12529 14520
10567 19545
2304 23153
7212 12517
35 7557
5330 6541
2772 17248
3517 11636
12081 20416
6507 10907
3511 4245
297 9224
7530 14353
18984 20354
3208 8871
6953 19134
9466 12658
10870 14258
16334 23196
7945 14812
13911 21705
7160 19313
4385 14268
14225 17927
2942 20570
6928 11456
14847 22778
21624 21830
11532 20812
3132 10236
8485 23617
4565 9964
5086 6186
9053 10164
9973 10064
2771 8386
14103 20764
5995 18572
16534 21346
12539 13779
7855 19422
16496 20638
3171 9750
4547 18652
2055 20770
3061 18789
13422 23555
5107 19646
12650 15022
68 1618
17173 21346
5335 24195
7511 11386
1291 15528
6344 17560
10649 22622
12342 18632
18 6509
21115 22069
14249 14655
9569 20785
4318 16458
9780 13763
4615 13445
2003 21525
6541 17582
4064 12577
10294 23199
3317 21901
13441 22780
8521 10679
4736 15197
6187 22419
9917 19306
2562 15814
1246 20798
6939 19830
1631 6478
13602 13852
4451 16428
79 13912
6286 15023
3172 14714
3429 9613
12483 13228
5609 12723
9690 21207
17926 22086
11066 22439
5926 22510
5675 9667
1761 18485
4881 11347
4708 11544
19859 21862
9701 18056
13847 13931
4027 9044
9165 23857
4395 18495
3920 10504
7039 9429
980 5748
5349 13562
11306 17337
4340 12311
7017 18815
3012 7621
347 9722
2636 16836
3694 9624
12824 14232
17495 21784
2244 3974
22677 23835
3142 13471
6367 20322
12693 24377
2570 19024
12330 22288
7650 8923
14429 23609
14095 23519
1344 11707
6253 16608
4336 21323
2607 16811
6917 20273
10141 12500
1419 2893
4277 24011
2605 23946
9639 18786
14010 18043
18907 23328
18983 24206
9295 9759
4118 11265
8031 14847
11402 24170
21730 21903
2281 4559
1474 3521
6086 7163
13024 16831
5060 6800
4247 22318
7719 17276
1277 3411
5065 10867
10943 16271
4460 18367
8413 19242
13271 18383
5739 6500
11250 23940
2693 19033
7062 20574
197 23687
2551 17711
2337 4597
1556 3146
13557 15363
9579 13492
4266 12944
15432 24455
7476 15880
16310 20075
4100 12300
5689 16056
14965 18267
17266 19701
16543 16846
5964 10491
1282 23283
3021 6347
6950 10854
16632 24100
8057 20183
6068 22826
16841 23540
10612 10905
16544 22212
6636 13883
5829 18565
394 20295
2601 6362
836 22668
14794 21229
743 14701
14806 24281
194 22283
18682 21092
5974 21195
11300 13351
5629 18533
3912 23104
1186 11205
16826 23033
22820 24072
918 3171
3475 22839
7504 16591
15826 24028
4650 16435
14449 21501
10826 22037
18722 24022
1722 14057
2966 7384
16566 22222
16135 18814
10879 12862
17705 18376
15111 19146
6544 15910
5600 7580
5008 7686
15965 20947
11557 21223
2754 23847
2190 4763
5804 16575
10505 16713
18719 21679
9732 19420
9122 15763
7893 20629
13991 23417
6272 17236
2633 15999
14134 16146
18452 24142
1331 21757
11751 14282
7056 15090
16986 21648
602 23374
21596 22175
20446 20510
1616 9162
5659 10788
4011 7849
14940 18217
10349 13475
4377 10074
1084 6705
7371 16051
17690 22780
5106 20822
3535 21314
12220 14077
3457 24167
16683 24360
2000 23148
5428 15653
9609 19113
8696 24309
7613 11963
17504 24226
12635 13347
7950 20123
12961 15179
9185 21834
19325 20881
9181 17722
19207 20955
2987 15692
7996 23886
12012 13609
3965 5334
1564 12951
7977 18275
3450 14500
11248 16669
461 21013
11223 14498
1807 22580
20448 20465
12547 13689
8183 16103
10343 11322
15031 21433
655 5705
591 8790
3009 19372
6474 7605
1598 8850
69 576
3744 4158
12585 15392
9268 17296
10108 10672
7183 19172
829 7149
11237 12963
22028 22256
4783 6344
3884 23905
2387 4894
9628 15762
10411 15549
9309 20805
758 3126
7195 18989
5588 5841
6125 21639
10607 17486
12596 22225
14051 14471
3993 4980
3838 5513
2336 2830
7945 11274
15304 18888
9831 22934
6738 10478
3760 14732
12126 21132
6258 19698
5569 12936
1488 19259
1860 8656
13228 16343
18411 20447
4959 12836
9537 13568
3001 19877
9476 11845
13902 20662
15202 20786
5647 21673
3514 14091
3529 11016
2964 3173
14456 19012
9297 18724
13021 17976
17901 22337
2284 5794
7603 18099
4330 17679
3492 21133
6381 14651
12501 17275
2905 15745
5018 24034
2168 23138
596 20165
19699 21220
660 20153
6926 20118
5469 5920
184 24455
6514 11802
9981 11641
4273 18067
10077 24032
19812 20113
12798 19660
12676 15609
11562 17787
7129 19675
1183 3343
6055 19397
8667 24103
8399 21339
792 13368
2969 21354
8141 18916
2322 22502
3614 17537
5563 15686
15214 20656
23114 23162
2494 16030
792 1165
10630 13066
16523 19258
4622 6354
20148 22911
15818 22984
3545 4107
19659 24464
8847 15179
17472 19786
10265 17157
9318 23217
5202 19498
9337 15457
6908 7354
11626 13876
18571 20016
9083 13546
3883 23559
10582 23725
10368 13617
7966 19464
11034 23220
11158 20238
9947 11165
4108 15927
7875 9535
9153 18111
12028 18451
9317 18218
19357 21096
11680 12776
1181 8357
1527 11412
18198 21304
2649 8729
11442 22239
13663 20335
4637 11007
17128 22414
735 8461
9267 17691
5649 18904
4309 9894
4820 16080
15066 21765
14414 22057
13914 24332
9367 17793
11348 18205
6536 24203
136 8575
348 2301
737 20346
2358 21255
9142 15214
968 19594
9188 23574
2883 23408
9852 10965
13355 19388
6454 10669
3656 14772
6926 15727
8187 21613
7226 7358
2653 11497
12569 16586
19462 22103
2910 19684
13911 22700
6313 13059
8479 15454
4001 9294
14855 19163
3268 21235
7463 12596
6184 13919
7883 24151
3267 14051
2676 11091
218 3319
16020 23418
10736 22451
5645 19203
12343 14371
9977 18468
14796 15126
870 23416
1712 13205
3594 11375
7212 8823
11048 18629
1324 13526
19 3742
5375 7512
10320 23895
4855 11838
8288 14475
8884 15675
2246 6400
7319 15291
10144 17546
8946 13032
6803 7584
1815 2860
2008 5635
754 2061
6520 16324
2259 9050
2837 15824
1139 13883
6988 9430
80 11524
13968 18452
7546 18491
10101 11615
4879 13017
12306 24247
3058 24366
2737 5347
9647 18373
113 3532
4696 21794
1071 8593
15469 20202
3520 18359
12592 15650
18818 20942
1871 3191
42 16624
6243 13680
7555 22488
3678 12274
5855 19331
14011 14790
15315 18687
6839 24479
865 15973
2584 9141
2354 2660
5417 8022
7730 8977
11095 20005
12886 17973
2625 2730
7102 21470
4163 18335
7126 10619
5158 20041
4103 14408
5953 9423
7872 19091
254 19941
2905 23494
17573 20684
10750 16106
3486 6601
794 20821
23029 23567
20747 23178
12312 15073
2276 11166
13616 21220
8327 15425
10856 23590
14380 19524
19233 19977
16375 23209
5299 24318
14462 22072
2780 21023
169 867
13697 13851
10847 16418
5351 23645
4990 9251
3388 16268
11194 23624
752 24000
6075 17404
5864 16777
825 24004
583 21371
12846 15904
1604 8971
10618 15804
412 11146
8616 18302
6173 14435
3482 19216
6158 12501
6171 8216
17991 23227
2303 6881
7277 24395
19305 20367
2157 9127
7352 12927
13466 19893
5040 12004
1104 2281
9653 14292
1577 9953
8056 13702
9205 14501
15561 17892
4130 14487
2025 13637
12521 18649
4843 11399
16098 22518
9379 15820
18051 22810
5209 14221
3739 22548
8126 11946
17747 23164
974 13854
9840 13772
5277 16958
12076 17358
632 4979
2008 17723
4307 8340
22735 23521
13808 21216
6938 12654
11132 14180
5095 13103
877 20625
11029 23029
13657 23878
5734 18847
16464 23909
1974 19334
7179 10967
17148 18581
8385 21080
14303 24072
17973 19679
6177 24296
9167 23092
881 13787
5901 24320
1459 4994
14956 19635
2620 9793
7890 22820
6985 9587
16801 20806
17459 22714
8458 13178
6607 8343
19615 22827
566 5149
325 14944
15957 22030
8653 12210
7380 8581
6184 16474
8664 24461
22251 23558
277 2840
9403 19083
4922 12218
979 10140
1369 3415
7403 8651
4683 12034
11339 21361
11553 19102
8920 20410
11696 11907
4212 20659
18145 23721
4894 22875
2955 19937
10952 15823
5452 9075
2712 13559
2062 21342
14426 19662
11476 18954
4547 23499
6841 9380
8884 21684
5787 15424
6295 15190
4947 7514
5334 10717
8435 8529
62 11119
18584 18868
904 5051
13402 24397
7408 19959
10449 14183
9274 21965
3639 17530
4802 24247
301 17295
1348 19197
11683 24450
9192 11547
1142 8020
19914 20701
5247 20389
3381 18639
9863 13704
7048 22721
12906 19633
8317 23053
18354 21557
18459 23472
11417 11866
12446 18659
13084 21728
5421 10195
3295 3885
6065 6966
436 5092
2559 6549
5818 7430
6484 13482
3220 22261
6222 10325
8573 11624
1892 18773
12065 24352
18560 23589
954 11588
7150 13319
9259 12657
15140 17722
9554 21036
99 6165
2715 15180
11691 21433
8278 17712
10466 14803
10005 13994
2504 2505
14580 19232
735 16237
3164 15723
17695 20477
2877 11439
704 7591
10367 24457
3833 16802
4104 13356
6081 21445
7438 9699
2510 9149
2993 14907
6958 9907
9079 10697
612 11084
17200 17537
490 18061
3115 9112
15482 20038
4443 9245
7315 22169
8976 19993
4308 15315
16100 18378
4200 13740
15540 24049
7923 11879
3939 23524
1281 5474
10363 15014
11288 12598
2346 21947
4868 24434
14577 15080
5720 11539
9711 14651
3280 17502
16899 18188
12877 23921
3010 22844
2166 7594
7763 8331
10065 23351
10607 22915
8195 19383
5326 16379
13703 23562
7634 12881
13986 23578
4326 24490
14275 23060
17250 17329
2675 6218
3227 20976
4777 21814
7782 24340
12912 19704
2762 22603
9349 17521
1719 9908
18600 24377
6124 12658
655 5803
4704 5650
8052 14452
5563 20615
1299 14661
1820 19694
11971 16474
9196 15230
9627 11887
2319 3420
14442 20928
12480 24327
485 21131
7910 22566
5173 9431
430 2536
6 5506
5523 10509
15936 22030
22074 23799
12233 17346
8697 21313
2839 11258
8820 13576
302 10531
10844 12190
243 4702
7416 10996
14412 18386
1786 24379
11354 15682
3727 4113
5081 15660
6261 8281
5552 7013
5600 13476
2384 12993
13601 14173
7962 14281
2326 8659
874 22371
10239 22675
3917 18642
16728 22045
2272 13716
8938 14961
12738 22056
12984 22174
1160 12415
20184 23055
8122 15754
5694 9262
10825 14663
8675 15882
1948 8210
7311 8787
3817 16225
597 18229
205 1898
7253 7773
2048 6968
970 18077
3760 10373
4860 10270
2472 6621
4996 23604
176 12875
3184 24390
10357 15493
76 22235
7310 24312
21429 22618
493 5905
8067 12478
10967 24447
2636 4344
9083 12847
15639 23729
5262 17355
10358 16431
1685 20467
3945 4694
22905 24108
12525 20017
3994 20526
2679 10567
14878 17683
16304 24004
3309 5625
1922 9987
11543 23404
3560 21367
2654 8537
8458 14338
6513 19695
6207 17717
18829 19904
9340 14247
2710 19862
17323 20504
8050 17192
1884 9042
3989 14186
5838 20545
109 12936
19340 21143
12031 15801
23797 24301
8747 18602
8700 15466
2205 22678
7151 15007
1395 4343
1277 3024
21327 22507
16212 19049
2803 4000
21016 23049
502 20801
12018 20063
4070 17240
1605 11744
1904 9934
16548 19542
12012 16622
1248 9251
12610 23632
17961 20301
3281 18320
7937 13003
1590 23163
11842 19374
9535 21008
3824 14047
20160 24283
6033 14956
13217 16052
3927 19636
1378 19819
10667 13085
1610 15668
7068 17386
12326 14373
12585 14489
3379 10348
279 17706
2935 4883
8778 15679
13313 14650
731 785
3848 22729
4750 8134
7374 9835
9773 16012
11992 19583
10866 19601
14723 19933
8771 19608
113 3852
11661 14400
878 8202
2295 12948
62 18069
6297 7087
123 10815
5604 11413
9685 22847
2927 9500
12404 23805
16186 24482
12441 16440
8783 13885
15980 22249
4462 17643
13050 16332
4841 19292
6645 16122
17468 19340
18883 24090
14463 17739
11940 15865
4558 10948
17338 19752
13594 23675
13033 13554
11412 22583
1350 9130
3651 4660
1556 8170
2198 18495
1444 16458
2751 18329
3710 19512
10552 16734
2078 16264
3344 8891
8050 13687
8100 10358
22160 23545
10342 12798
5674 23538
2144 2811
8937 16163
4563 12023
9514 11657
6293 19936
5831 10098
3889 5251
66 18597
13344 17816
456 3502
13324 24273
2257 22732
181 16882
17889 18646
14326 24015
10170 21001
10620 18972
9827 12746
7853 23010
12937 13575
13404 17991
8103 20091
3555 10994
15803 22811
5904 8434
10276 21813
825 10758
4604 8990
4988 18057
913 17601
1139 10489
12546 15798
4016 11977
16186 17685
756 16801
857 9142
2180 22043
5801 19413
3562 21815
526 5183
14369 24392
17463 17939
11673 20448
6823 17858
13 11989
7823 15173
15291 20396
7530 11438
2857 11082
804 9615
1519 13918
9225 18725
11656 24032
11967 17486
6407 22197
16156 24199
21193 23128
3584 12696
20465 24037
17251 22001
1977 3702
19933 23103
14108 23419
3537 11974
6162 16831
10695 15321
11736 19031
11846 21905
17438 24140
17343 18762
13149 17483
10243 19747
2472 9552
953 17433
5355 6920
16531 16789
6893 7264
624 22435
11073 21475
7421 15148
13424 19606
532 4023
1386 4271
11512 17101
832 17111
17480 22745
6795 23790
19223 20257
8546 20502
3650 4890
6462 14250
16939 21464
5004 15342
8479 13466
302 19015
11565 22433
6188 23531
8807 21808
9761 16213
10150 13736
5021 20154
12783 24371
7098 20943
10787 16029
5535 11916
8173 9830
60 3181
5282 8808
21795 21870
530 3069
579 7252
15089 15252
9813 12091
13173 14224
11307 11618
4222 4406
8482 20032
3668 22433
22296 23651
3003 8700
6597 22938
7464 12133
4545 22907
8540 14387
12613 19615
11309 23249
17561 21043
14400 21477
3247 21936
7486 9922
5055 23124
11557 21066
10780 18038
20881 23118
10564 12129
1627 1925
19154 22189
18720 19021
21634 22840
12749 18478
6859 21011
3801 4283
10958 23557
3644 3847
18844 21282
6720 7260
13184 19510
13584 19371
10386 12137
12652 23023
10831 11400
2377 5775
16044 22040
40 5902
10258 23432
11484 15403
6678 19513
3598 8787
14260 24124
2825 7598
17186 20915
6853 17413
9001 21938
1246 12334
1940 14082
8976 9214
14047 24486
6033 12001
10406 17493
1160 6682
3482 18936
19452 22567
12024 23510
6735 22460
6316 13433
16244 23023
11503 18130
16274 20830
2320 13947
2524 18933
532 10739
4154 7923
7140 8775
3202 17915
3293 11434
4604 5012
14594 22956
12596 19292
525 9166
7939 18825
8024 23418
20024 23133
9643 23974
3469 13180
9318 12266
1201 2665
6831 15045
11581 13933
2121 15483
1217 11445
11320 18948
2708 23775
14315 21185
2316 20847
4415 4966
17333 20768
3963 7889
3065 17884
6258 19899
11888 22117
1813 7983
10521 20544
450 13694
9323 16049
17493 22724
8011 16094
14295 22290
2396 4290
3649 11539
6912 22644
9339 20805
19075 19870
3535 19275
18250 20353
6137 16883
2641 5674
1075 17564
1644 16478
12514 23610
18586 22930
16653 17650
8807 14057
3130 13540
1097 11659
11310 24474
14833 20761
13082 16032
7443 15036
18079 22688
7423 11856
6388 15465
712 19022
388 13249
495 890
14155 22808
1298 17375
9298 10828
10140 19465
10495 16995
20375 22731
9040 19586
737 19491
9383 17804
11319 17123
584 21820
8712 21812
5431 14904
16987 19948
1367 3659
11602 14008
9321 9423
9238 15673
299 5093
3873 11550
2102 10415
5912 22319
2157 21122
7934 14410
2249 7868
3773 18278
3620 6733
10536 18653
10030 19896
6306 8126
6028 6203
13881 21609
10141 21795
20860 22185
11124 21494
3973 15172
8699 11775
7038 10578
41 13553
19033 20807
5206 20348
8236 13396
10695 11728
1937 2717
9379 14488
18409 19493
14138 17656
4422 23227
4116 6637
5070 20017
4397 15320
16613 20082
4577 18834
14113 15241
13343 14213
1367 14491
2229 13318
4846 22577
11989 20778
2227 19887
15287 21575
2577 23281
11923 19304
7091 19745
10389 11356
2957 23374
9685 17290
4390 18868
7460 20634
3369 17087
8854 23932
9800 19142
4825 12515
14435 17488
19836 20263
1866 7047
9780 19990
3602 5226
9617 10493
9146 11659
13504 18779
22541 22722
7366 19276
6023 23964
9110 15281
14319 19653
11637 18136
4796 7225
12955 24009
11313 13437
8110 8826
12603 21520
4718 22169
10118 22936
11959 14298
3277 21762
15660 21201
1177 19187
8557 21239
2965 3370
8826 18129
21560 24419
15887 18697
7232 14901
15695 24197
6959 10069
2904 6160
14037 17177
13566 23332
4917 15979
11014 21448
12424 17570
2515 4532
9144 12146
4909 11454
24107 24300
2060 18171
7086 19348
23388 24238
21143 22383
23652 24482
13570 19512
16773 23693
15693 19488
10576 12397
1656 15165
13258 20159
20375 21454
4897 11932
21950 24004
2877 23736
17488 23786
5939 24153
4143 4273
10258 11512
11444 20053
176 14712
2133 12344
10705 12843
1090 10836
3463 14450
4499 14079
14971 23766
1371 2684
1531 14720
9618 15024
8090 10791
11515 21655
11933 17730
14497 24179
3430 13369
9669 10343
2160 21412
893 5100
11487 21264
9972 11080
18674 20630
4547 11083
8701 17666
4226 19624
15454 19771
1040 5389
3015 4109
6448 20439
8751 17953
4400 23158
4795 16038
1107 7405
411 5275
20542 24115
16633 22767
8900 9843
5840 17220
2468 4474
1930 13528
5196 21816
9644 20247
8582 16265
14391 15713
8906 21060
19636 23624
11720 17846
7297 19584
589 8735
20632 20651
2482 3089
8895 17819
6752 18624
5644 12841
12354 17427
10290 16753
14760 19340
1319 12971
16785 18573
12422 13015
7495 11681
675 14610
5302 14581
17285 23699
4554 9662
2582 2645
19976 20037
5910 20812
8999 9572
2399 7062
812 4525
19849 21970
2920 6069
2823 12254
3673 19269
8039 21768
13698 15600
7835 16663
13594 22867
6634 23086
11833 23167
987 1807
18991 24486
15408 22755
8758 10662
17239 23360
2874 4875
11676 22295
6029 13378
5684 18345
1865 11287
2232 15313
181 2676
6279 7512
9003 15854
3535 22037
9809 17806
626 4092
13443 17121
11819 22180
9105 14413
15795 20867
15323 22658
880 13299
152 22292
5045 12582
2118 14686
9273 20892
5664 8703
10792 21905
21 11470
10773 20630
20238 24318
3126 12837
742 1807
12164 13962
14378 22808
6940 19644
7598 20706
12750 24444
15711 20820
8394 19846
7872 18450
2162 6232
9604 21434
3601 12558
10898 14644
9608 18796
2596 17399
3672 14676
6552 11113
10022 16806
11212 22522
12262 13919
11256 20187
7690 15993
15236 20340
5587 9784
19772 24389
2294 14977
8290 22848
13480 18239
2319 22945
4163 18816
4113 9649
1766 18321
21422 24314
1891 10313
7635 11258
3594 5384
7728 22844
13458 24096
8887 9410
11932 12357
16252 21914
14654 23525
13148 17339
11244 24150
3033 11839
927 953
8693 11946
7192 18358
8097 11370
8250 16098
2726 21244
6416 16546
11222 11436
8739 18798
13158 21913
3802 20068
10011 19545
1249 8371
5657 7313
1558 19950
2394 18239
3599 14414
7379 19988
3443 5614
4728 20564
6440 21684
5225 8582
717 2609
9648 9794
11443 19855
7823 15482
13370 22677
12972 15980
3768 20287
10747 15028
6711 20447
2735 13878
15934 20766
11817 23063
15211 22696
21960 21968
2198 5075
512 19965
3606 8499
6466 6918
8768 9866
3350 9034
5097 22954
13340 14038
12195 17098
6739 22878
2069 19069
8860 14340
6715 8070
11491 19487
517 21123
1694 4220
22105 23812
655 2363
20363 20521
3582 13757
12000 17753
677 13725
4388 9604
7548 17907
11568 11739
22262 22911
5464 22978
11430 14587
10769 13968
5759 19681
5812 24442
3888 15055
8709 10136
6022 19785
3412 4055
92 7417
20644 23876
6210 23640
2453 19333
7938 17606
9438 16722
2944 9057
13418 18701
3592 5200
18844 23197
12654 14787
8956 16797
8290 19761
21844 22661
12854 13194
16979 22529
7386 17574
12810 18787
8626 15799
14505 17782
734 6967
8537 21513
17378 24344
11352 19193
14529 18493
3507 20373
3417 20040
10935 19193
7815 12041
6728 16797
3066 19063
3600 23072
6554 10347
5481 8215
2038 14485
6850 9753
12830 23271
1458 3691
20548 22535
5809 6870
12573 14286
20178 21403
14761 16395
1569 11473
2540 5207
6258 12903
10158 16758
1220 10488
4091 17048
822 20410
7494 18904
10691 23078
6358 17507
15685 15724
826 12091
6788 14601
8905 11979
5207 14254
1079 12499
5730 6260
4500 20840
740 19423
332 2663
10244 18599
5018 11835
5911 17333
17728 21899
21185 21192
16744 23238
10 664
674 23839
7082 17589
6966 13786
16543 18837
11809 16841
17020 23870
23244 23758
125 23420
5481 14979
12149 12670
5640 7057
1993 7113
464 15539
2358 20934
17467 22418
5701 23879
2752 20227
336 20420
8749 11786
8517 12164
1537 21773
4256 14314
3271 12503
18689 20680
2906 14602
13939 19606
9215 16433
1426 11640
7816 18855
1386 17700
7107 9595
3082 7845
17132 20937
7449 17713
4351 8307
3215 16709
13907 23384
15064 16046
9182 14262
5796 20448
8604 16097
8717 13513
3459 10140
4357 18889
16876 22299
62 14308
3044 7043
5614 14434
4911 12648
944 13090
6555 20399
6486 13720
1021 14398
11536 21728
4654 14718
11576 14641
10964 21080
20163 20910
482 7798
9718 20101
4280 7771
7593 19270
8480 19473
3426 17705
18959 23908
5044 11241
4937 10387
1369 17309
6566 6945
19881 21148
1216 7526
4204 5270
332 14723
13110 16189
9872 11493
10664 20213
8497 21878
19381 22349
4106 14003
13311 13471
1672 18449
1790 24327
7433 22867
9936 23972
19386 19572
10131 10670
6506 7579
8373 13439
8874 14162
13017 13877
3218 9708
18728 21872
50 23554
16814 21596
2674 6512
4465 8910
9302 18010
7160 21190
3798 13020
7170 16022
2806 13451
16168 21683
10819 19172
7201 15969
2455 16598
19101 22282
2379 22901
6210 11403
3201 21361
5823 11106
3732 3984
9517 12763
16297 21620
15777 20160
2892 22559
8606 11509
6119 15040
14671 19876
19033 19635
20706 23515
6335 20029
7548 15707
17013 22826
13823 18014
4464 12304
3405 4416
2245 8854
998 2181
7850 20822
4494 12596
637 23937
15034 18900
6409 15330
13005 22053
1191 4089
5556 17302
9858 11996
12208 12982
4109 23658
8303 21786
11188 15975
4850 13743
3000 7519
15167 23401
1512 18794
281 358
7783 10870
11048 12624
5526 11469
12432 24354
9459 11756
2487 10451
12081 20027
9407 11550
6247 7471
3213 10423
8247 18853
14302 16532
6819 12080
796 1867
5233 11668
14172 17495
17113 17266
6817 18519
4478 12837
2307 5528
14908 19053
515 12085
11777 21395
8743 9586
9034 11206
2387 17755
5491 9352
6186 21957
1779 23071
14112 19684
17565 22375
7023 13172
4874 18983
90 18609
8847 23703
4909 11051
3624 3769
5125 15685
2198 6145
15759 16487
13463 21845
9649 13497
6270 10593
2304 16859
8967 12589
172 19914
3010 19895
12268 23206
3467 14542
3477 4023
18415 18866
1382 12164
11347 24377
9066 15145
8964 17572
3837 18198
698 4111
9715 12192
5543 18826
8504 16417
16485 20171
4671 12636
1823 9081
2254 13363
5175 5971
4429 18810
1204 17313
1098 13969
324 17948
4250 9479
7719 10857
18096 18544
4905 20969
220 2452
6585 18547
15682 22566
6200 20312
6584 20725
5640 15720
6708 7892
4031 12916
13829 18817
8285 14415
21021 23074
8916 22700
12775 14613
5893 11446
1921 21468
12861 15921
13459 19066
12913 14022
2494 21255
16754 22649
13564 14153
18540 23644
15699 19827
1838 19062
321 21018
14868 18381
1215 2965
6744 7274
4316 15131
3979 22729
1411 22106
3918 12920
12566 14394
14144 19807
11090 13967
13802 18801
6129 17455
5906 18694
5122 21219
6773 15068
18814 19350
10518 23869
18311 22020
6943 9962
6440 14560
1048 13908
18939 22650
512 3218
19756 21995
7494 20942
15196 17104
16407 17699
12236 16619
2254 11732
2258 16836
10552 20364
12360 19477
2548 8520
1424 4442
1728 19676
5998 9038
21303 23276
10121 18225
4988 7568
10440 19854
7390 11921
12689 14254
13352 17466
1309 3736
1498 21074
853 21191
6301 19218
12381 23268
5802 6007
662 18400
17981 18381
3744 3795
4710 18908
6429 21315
11831 17973
4413 10143
4114 22121
6882 10527
16672 19485
12602 14689
6559 18851
13586 20183
11137 13982
4988 21440
708 18364
2418 12124
14657 23251
13161 17363
8327 24074
8120 9719
2158 19729
86 8107
7542 20358
10859 13514
8856 21049
629 18846
10384 12700
11648 13534
2191 22497
16032 16743
12416 19329
19030 20321
2740 5169
9771 10696
7387 13767
2160 5081
17453 18045
15231 16885
21444 23949
23259 24011
320 3221
18250 19701
12331 22964
2887 4041
10341 12754
3848 12525
6612 8542
1380 22574
3584 4751
10465 18968
4179 8529
9139 11663
10292 17551
13830 15585
8691 20561
18671 19547
15769 19529
7259 20120
16440 19644
846 12058
11998 24235
1678 5858
2392 12256
3089 17818
536 18752
13763 24049
5014 6006
6223 21035
3967 19923
8974 21101
5886 19727
9860 14443
1725 13816
4543 9398
7131 8045
12621 15730
17495 18972
6982 17138
2052 12492
9736 21330
19528 23942
11843 12748
2441 9526
235 24107
16509 23004
12098 15751
6950 18208
20631 24153
19170 23714
21045 22762
13408 14680
3817 17887
9042 11121
16044 18717
5269 19966
5866 23821
8445 14832
6530 15705
20252 23558
2255 3612
12517 19854
1023 7515
5455 22426
6314 16552
8595 10952
14947 17243
11045 21578
5493 21478
8213 23302
4429 12574
12811 17282
2791 11193
5093 6206
15623 19010
7385 8147
16261 24011
20467 23912
3770 19475
18025 19411
16788 22917
14632 22585
15493 24257
3285 18391
10469 14826
6809 20683
8792 19279
7228 10355
20860 23609
19491 21119
14117 17238
4572 6525
18943 24286
17889 19046
14714 15837
315 13171
12463 18931
2367 5852
2151 4186
710 8808
13802 23794
5583 10164
15316 22045
14884 24190
7599 17231
4488 21423
9333 16847
3854 5140
17879 20942
5828 16742
7992 22595
11673 17116
3458 23014
7659 18125
12309 19795
7641 23531
235 14655
13415 22857
17243 24223
6631 14548
2195 14884
6899 8709
18185 24014
15367 22637
7747 19644
5792 17204
13984 17895
9253 12044
21702 23874
19113 19866
16197 23745
5534 22253
1650 3912
7730 14257
13674 21440
3411 16049
3405 3655
5268 5601
8767 9986
9323 24370
5669 13213
6243 16133
15727 23892
6775 7997
18526 20420
11388 22665
1673 16729
20398 20849
3924 8081
12553 23256
14280 15807
1310 9081
5900 15811
12035 19879
18133 19958
14040 15762
6542 17558
16402 20248
435 8995
14547 20143
11518 15249
7077 20206
4982 15900
7035 22932
6562 18644
2281 16575
1505 2909
6235 21067
3826 7142
19649 24056
14042 21731
6382 20383
9473 17042
5199 13234
13976 17930
10122 18326
16904 22085
11553 16150
2662 13869
12046 19597
3074 12021
6623 14906
6123 8990
6230 11596
4369 20472
13042 20118
19896 21184
11005 21180
12899 19912
8062 8992
3794 20521
4139 20382
10621 12019
22592 23678
10201 12060
4779 11968
5006 7895
5814 14199
12707 22565
19692 21731
938 21446
2554 22524
7293 17007
7315 8892
4514 22445
1413 23461
5544 21161
8416 11611
19048 21315
6825 7576
12483 15154
18658 19975
8266 8500
2174 18923
4628 8205
11587 16591
15668 21675
13218 15133
15635 24267
6336 11480
6413 14584
8240 17141
3469 22349
15832 22673
10854 21954
6601 24010
7507 24440
4472 21258
8151 22496
9329 12292
18614 21711
19402 19871
17169 18027
7242 21060
15974 20779
10863 11626
10951 24110
5340 9395
9399 12124
8550 24338
9657 11137
2992 11521
3819 8156
11517 18237
4456 19357
7059 13459
6831 21841
312 10993
5380 16116
2376 7475
776 13034
3191 8115
7698 20459
1954 11084
15102 15767
14238 18304
18954 21981
16645 19266
11123 23400
2940 6836
7916 19214
6202 8212
400 12323
4781 23790
14884 18493
3977 22906
12794 12922
20535 22048
559 11934
13544 17358
2602 16501
6379 12905
13128 14689
6989 24333
4086 21419
11826 16091
3916 21705
1140 22435
20152 21667
8406 20451
11634 16718
22158 22676
18474 21392
9418 23267
759 2206
5893 6055
1450 14076
14486 18366
985 12615
7419 12369
4832 10546
2043 6938
20124 20911
1110 20585
4562 18517
19776 20202
5600 6254
3075 12845
9022 14611
12631 17940
9817 17983
6726 9266
10246 18879
8292 13547
16605 21577
12385 14812
7760 8262
11678 13037
8209 10782
8969 17774
16713 17812
167 18370
7177 10718
4088 14686
4622 12510
9109 16138
5881 13311
335 12505
17505 22386
4856 10327
2917 23221
18932 24486
10858 21092
16422 16713
10960 16717
369 1484
2764 8440
5302 22758
8466 9738
10345 19317
339 22771
22993 23897
3883 13157
7807 13041
5576 12885
11441 22547
6341 18894
4227 23901
6519 6810
2811 18730
22203 23261
8594 21306
11478 16711
19697 20326
3390 16198
9222 23578
12942 19025
2901 8837
18826 19752
19343 23411
6280 16256
9755 20408
3226 23563
3562 18099
3352 19396
3335 7177
23430 23517
6928 20306
273 650
3552 8785
4238 15841
16893 23852
7337 19934
4145 16011
4314 11409
1353 13327
21579 23647
3448 15176
1073 22932
5222 9379
431 14348
8520 16785
6781 22972
1137 20448
1471 24086
11505 22532
6103 9705
13088 18124
718 11523
12095 19193
14482 15411
13744 22953
20052 20661
3195 5998
7061 8737
12369 16191
5906 18202
1152 3579
7428 23387
6492 19022
3699 16824
2177 15503
6896 17489
17965 22543
9239 20353
12671 18896
20028 21919
15955 20764
9965 23288
15297 23839
3852 9702
21476 23085
1090 6363
21658 22320
5826 23956
16342 19559
4760 8509
5229 10729
9016 22393
2479 14803
6009 12695
3494 22786
17110 22257
9258 18159
12282 13501
1487 11398
3239 10523
9099 22358
9188 20958
1425 7333
8927 14752
9286 13043
441 23526
2687 22036
7815 11445
1328 7888
8360 9263
4130 7188
5862 23756
1792 5354
6683 21648
2365 9029
7981 9348
8946 13268
9333 22533
1553 6975
5909 20350
1826 5892
2389 19291
12627 17203
793 4203
6638 21248
21113 21845
15201 22997
21989 23570
6963 20087
9336 24340
4129 18287
20679 21554
3150 4038
22291 24200
11765 21058
11085 14101
3413 17954
12090 23253
10205 11082
7427 21805
14206 24152
4310 13803
5412 23257
470 18181
979 17904
13595 21025
1604 4233
1978 13862
341 14243
11039 18601
11726 17940
6447 18696
2767 4961
4093 5970
1094 20901
4455 13460
4296 19342
12068 21911
1925 9838
1087 20252
18655 18886
1445 22350
14858 23340
6212 16723
460 4653
11454 15366
3496 11853
6373 9196
13355 15053
2250 22923
5754 13374
4086 14500
22346 22446
2138 8973
16228 23090
9990 15133
16084 18050
1751 24223
7380 23193
8408 10902
10836 13337
19881 22689
2005 3495
20065 20247
14004 19405
9636 13165
9061 19922
13762 18933
3765 13562
7734 11841
13256 15470
1329 11673
11292 20235
3305 15874
6519 23687
14332 19551
20546 22212
819 11225
15860 20285
10650 19460
2328 2429
11184 21753
13668 23578
7333 23760
6216 13725
9526 10341
3231 5044
11017 12819
12938 22441
2463 9875
22299 23228
18328 21948
15106 15208
1657 3002
20000 21214
1212 18339
19397 22525
779 8679
15341 21079
13688 14447
301 22301
1966 11539
18114 22832
1810 11326
21269 23786
15415 22731
118 14348
1317 13270
6860 11683
9666 11984
8190 9395
1048 8517
5669 17829
3864 8473
12308 22754
11192 12850
2652 19056
5386 11764
17618 23958
12559 24439
1126 22490
9816 23472
1693 7865
2233 15302
12445 22096
9057 15050
9581 16839
19697 21939
6167 10983
15663 24193
13612 14810
1682 10117
19238 20373
3107 22858
12747 20885
7758 23879
3428 20676
15813 15965
17716 23677
17504 23032
7718 19695
12411 18145
7525 11720
10597 12937
6688 14481
8472 14985
10736 13521
18380 20613
9104 14587
16467 20003
1017 23414
6204 15050
10782 14500
17039 21082
14363 23946
10419 22455
16359 24459
404 17990
19656 23065
10329 23627
2537 9069
11826 14373
3799 17695
284 14266
19530 23599
3829 6802
1388 8724
23084 23569
1967 11767
17817 21472
17608 19715
4904 11547
7437 8140
16996 22650
10398 20881
13402 15785
11130 18747
16137 17351
20675 22846
18645 23494
2849 4272
3363 7264
2971 14271
1425 8524
17871 20610
16210 19184
2309 10432
8676 23054
11121 21053
6921 9025
6427 8156
14620 20936
4659 22987
10352 13273
20217 23366
745 17402
8555 13648
12843 20901
6100 22139
11713 20993
16472 23290
17239 21813
15662 24323
9119 15589
13607 18833
14513 17515
4449 5985
13812 14289
4726 11277
3403 14764
472 1396
2596 23465
7318 13711
17407 24428
14574 17041
9328 22873
2239 16118
7236 7509
15166 16105
1305 22087
5402 16822
3007 12347
20559 24133
16180 17973
13780 18878
8253 9831
4165 18768
5822 18070
18591 23425
3767 5889
4458 18115
4696 12240
8203 16434
15127 18599
7302 22481
11637 11813
16480 23199
7521 15094
21451 22806
16350 16479
5043 18307
2949 6535
1025 23308
19556 21472
2768 8550
16764 20120
4118 14464
1908 22317
2419 20809
11992 21849
6970 21991
2469 16779
5353 14133
12475 14668
9602 23822
2474 10123
21591 21675
8616 23777
20531 22527
12912 20424
10047 22389
486 9952
16315 22503
15867 20647
5660 12924
15173 17697
5523 19339
3514 17376
9511 18736
19510 22842
11578 18084
7773 14867
8938 15463
5969 8675
9988 17548
18539 20306
781 13933
6779 19916
12937 23099
16591 19106
7482 19588
16440 23042
7430 15061
14402 19433
675 14511
8427 12759
9878 19928
15095 19490
15160 20704
9860 22047
4056 7298
6299 7270
8696 15159
9684 9885
5109 19277
3339 17534
142 12500
5684 16308
3402 18733
5835 24344
5769 20564
12044 19010
14197 19957
13538 22609
16908 17226
11998 21588
6592 6872
5201 22510
2704 22680
6581 12363
6529 10473
22226 23435
3160 15462
3785 8593
4968 11167
7997 19098
9169 19732
1287 18208
2483 22178
15127 23894
4613 20994
11564 19876
9217 23033
1268 6623
6763 20921
2451 20556
6294 9681
5242 8811
409 15058
10919 20977
3264 20591
2761 6171
10013 21916
874 4556
7556 8773
1622 22188
20681 22470
13029 24110
10311 20362
6035 7150
4 8831
15302 17054
15064 22618
11867 22083
2582 10401
4171 8484
2540 19056
18007 21025
4538 9974
15093 16531
16368 22271
9035 17889
10379 21661
15490 16722
2283 10555
17246 17757
12285 20261
9292 23894
10258 14669
21674 23499
16419 17204
23385 24243
19022 19771
14994 16763
463 7039
2206 9689
18595 19015
4407 16055
11702 12643
11974 15766
19092 19280
4340 24173
3485 21976
3093 5827
15834 20006
12403 18872
1628 23486
4766 7470
241 17823
9030 20988
5206 12190
8558 12800
16589 21497
15611 24297
6570 14393
8596 21290
7352 14618
11583 11886
5229 11817
8025 16849
8163 14451
9673 11991
1862 24371
1223 8263
9944 12699
4469 12632
5982 17373
18809 24120
8471 18835
1764 11279
6447 15777
13285 22204
15584 22171
2435 14536
10086 19691
11810 22843
10819 21819
302 21998
4358 5712
12470 20970
6973 19206
4134 8161
15821 23246
8225 15307
877 22363
12523 22670
7768 23218
18022 22567
779 23879
8434 20539
96 17541
4193 10506
1710 9411
9369 15230
4355 7328
368 11000
5111 13074
15873 18013
260 4293
5193 20358
10248 13895
6529 14468
1047 23580
14760 20401
4103 9661
4831 10939
2451 23790
277 20809
18169 23351
6301 20397
2458 18001
921 5605
20198 22937
15374 18504
15053 21305
9480 12345
2435 13792
7898 14023
319 9665
11247 18447
4792 19281
2536 9476
13466 17168
3470 17367
10934 18520
1109 22982
13987 20234
2693 9973
18830 23400
23346 23652
629 3171
6995 22467
11023 19405
16708 16799
10227 12039
7350 23250
2984 10144
962 13216
6941 21314
4184 16225
9675 15387
3186 21955
12133 22350
10181 20966
12936 14371
409 15005
11501 19803
15216 18947
2321 14035
6640 15381
11937 21626
12149 22541
3089 21959
13536 14110
14197 21455
4737 18213
7558 9250
20937 23758
3063 4000
8985 22233
2425 17787
7430 16331
534 17702
100 18603
10403 24400
8396 9400
6111 13010
117 12326
333 14158
5363 14713
3326 20187
18356 22187
4842 8966
12553 14824
3814 17523
6467 10554
16751 24482
5459 14835
3035 23674
5169 15043
6647 18236
12462 15830
48 1707
11292 11873
2849 17964
15423 16925
16196 19977
17511 22405
15086 21317
11006 17148
8878 14291
5682 6990
9236 20644
157 7155
7223 13664
4160 15432
9967 10067
6576 18531
242 4107
1999 15143
9369 10323
4119 10170
938 13134
21130 23888
6286 8325
4432 7528
1860 13440
6508 24176
12097 17461
9354 11087
7428 20216
8699 12551
9639 18987
6922 13983
20770 21872
1959 9495
16113 17610
294 1779
13197 19309
10771 22779
22046 23805
15717 18231
1225 17671
6199 13065
563 6891
3337 17811
4985 15968
4273 20876
6420 14384
16868 19534
3858 5032
1746 6953
13004 23305
9455 17777
8899 13941
10300 17473
9229 18712
2367 7268
4227 14545
11614 19872
1619 4049
7042 14633
7581 19918
13939 24292
1805 7715
9829 23119
4340 10886
4046 22491
1754 10777
19530 21172
21727 23247
17262 23811
5013 6536
4180 22248
15916 21329
7430 11684
14716 21882
13367 15053
91 12554
6130 7445
5154 14403
568 6680
12526 14604
4680 6058
14406 16072
5216 20553
2925 9692
16584 21828
20917 22937
7179 19540
851 4839
4059 21420
1452 4504
19338 23431
91 24345
16131 22846
16152 18881
17095 23733
9827 19375
12921 17874
2105 19954
13119 20602
19643 20929
696 2281
10102 19785
14890 23486
10830 22057
12968 19115
11167 13210
509 18469
19003 22877
1136 9498
849 24440
11465 12052
3686 10809
10908 13493
1393 10173
14476 15970
12230 14786
1593 15508
13830 18604
12143 20966
1924 13666
17268 17816
1451 19065
5614 11170
4032 15049
19373 21353
7965 21065
6140 8947
76 1929
5922 8059
18643 24133
9873 15667
4683 21343
19233 21293
3543 7648
1336 4536
1061 13412
1638 7743
1407 11822
11565 16143
13563 15084
5706 13842
11301 23945
8163 15287
5831 13503
13097 13569
4350 5870
9472 13145
743 22163
3080 16303
7970 24318
7879 22181
14741 15514
4026 10923
4236 11798
6169 21988
772 19697
915 12772
18196 23822
3413 4760
6555 6933
4322 24308
4329 15048
17652 19627
10384 14821
664 942
5551 5587
19670 21663
9191 11236
11352 18921
8022 23500
2011 2067
2586 15760
13618 19824
138 18840
2527 24205
10406 13498
981 13888
20363 24141
3592 7703
342 19648
3290 24414
3675 12291
4887 5263
4434 6879
6911 23680
7512 11368
9205 20216
104 18814
4482 19254
3794 10115
11305 20734
6196 23932
2826 15546
19887 23196
5665 14365
4373 15145
335 14842
9597 17738
4701 14197
5401 16543
1584 6913
15 8215
5006 13604
14831 19160
14009 21496
5659 12493
12261 20565
1412 22325
6496 24051
2700 4794
4272 13615
11694 21057
17556 17702
18299 23885
2104 21756
3599 7230
19964 23957
1400 5547
8472 10171
1753 23661
9241 12356
5403 9488
4906 22517
13409 14324
1262 8910
12840 15605
8094 15405
16768 23361
13616 24184
361 13250
14642 20044
14030 14041
18934 20103
16000 20037
12613 18222
3122 10585
11607 18474
12689 13670
1712 22786
13355 18633
8142 8955
5922 6640
13194 16901
12221 20069
9231 19501
793 24311
2165 18598
8911 24184
716 1663
16443 17348
7882 16532
4825 23736
9149 18614
20950 23329
3188 12228
21345 24099
4777 12296
5670 9017
20 23628
11905 13995
3683 22322
11268 13167
1754 8264
13133 17690
20737 20920
15348 24261
4424 9896
8877 14598
2094 21293
20367 22753
16253 22559
11048 18557
4672 21165
1923 9160
9070 12886
8010 10382
178 8184
12896 22873
47 2546
15040 15471
10588 16188
9569 21680
11056 18731
10194 10366
629 16868
3399 18375
14910 24274
4425 18341
9417 10605
8405 18366
7554 10418
3122 11180
5740 21136
1916 15944
9670 12620
7198 8665
13819 16626
9112 22880
7436 9346
14469 17021
8588 17373
6157 16621
430 10835
6718 21074
20072 22717
18518 20547
1686 20216
1562 8910
1274 10576
1052 23861
4579 5188
4836 15936
486 4309
4565 7570
7560 22325
2675 23292
11931 12581
12787 24134
6145 20543
20117 20173
12915 19128
5016 21042
1277 16640
11304 18139
20492 23792
13217 15000
2944 15910
10101 19011
13401 19536
111 20062
6322 11236
4700 5111
9389 9636
3862 13371
3706 4601
13884 21907
9390 18867
10103 13124
704 3425
2947 17441
16078 22198
10629 19162
5096 11827
6610 14676
2589 7472
2893 10600
2218 6797
5528 18252
20188 21348
19873 21034
19134 19600
21153 22123
4673 5243
14522 18522
10241 20395
15472 24343
11337 23378
19971 22352
11925 19132
14207 17050
6320 11726
6811 20610
5279 13394
19421 20374
1309 19326
20958 22314
907 10241
22600 24409
5230 18631
9535 21734
12482 24436
145 7178
2394 13212
18112 18612
19751 20936
14258 18999
6470 24485
6987 24203
5341 22970
144 23204
6924 17228
10893 23879
635 14815
10124 16988
1064 3598
3733 5537
269 19881
12496 21436
5424 9684
3696 23962
542 5895
8060 21174
18265 21635
619 4762
6048 8041
585 7836
13025 23361
2707 8189
7857 20196
6796 11806
4264 22069
9010 19672
9831 18369
1202 22472
3154 7048
1023 8747
13521 23539
14564 21400
1428 5183
14823 19012
14838 24315
4601 9089
19488 23502
2561 6862
2556 7698
29 11940
22240 22431
4989 24068
7829 23214
13411 21672
4528 13016
239 20078
5224 6780
12061 12484
12897 19132
5536 24344
18187 20005
2400 11048
19533 24404
14513 23446
612 8565
2442 18908
12333 19294
11066 19398
12698 14705
7811 19876
7417 8117
10021 12554
10555 13819
5406 15308
4928 23665
15885 24094
8254 9286
10866 12984
14336 17113
6539 10583
12908 23794
8322 22211
3645 23273
10966 18737
6595 8110
9788 14288
13262 19565
13619 23069
11569 20360
7709 14246
7630 23525
6482 19249
7307 22774
5426 20849
88 4755
10311 17952
12816 19931
2042 24332
6053 15382
13045 19592
16740 22492
2702 17239
3595 22004
2896 20888
6933 23789
10219 23415
5103 15649
6270 15743
4053 12030
10274 10289
20856 21469
14435 23140
13549 13764
5324 7390
642 13154
6758 12355
10605 18748
17181 23041
3444 17975
15056 22085
14917 24473
13485 23333
8494 17370
13704 21190
11294 23568
11104 13772
7200 14064
3160 20083
8361 13035
6190 6463
14491 19763
16285 23577
5983 20721
5125 15921
10646 16292
8867 14655
12002 17517
3462 8003
13195 22957
14820 18598
1600 12114
5354 14660
384 19276
2175 21627
574 23368
18845 21948
13288 21833
8310 13397
945 9342
6157 12536
6393 14126
2816 7416
11059 23740
6211 15943
19993 20620
10895 20737
2769 6878
1390 5650
64 4784
11084 16746
9497 17825
9372 17641
1374 19700
4500 16979
8857 9902
13186 13446
15632 17509
16463 18665
18602 19001
7042 17802
6770 10460
18771 21125
7353 20985
786 22809
2656 12871
13312 22949
1821 7668
4571 15595
2496 19953
6088 21195
12086 15019
9548 10163
21888 24354
12939 24202
14457 17375
14936 20860
5919 13134
13364 13373
451 19664
1923 15007
4628 11934
7994 15992
1970 8301
12877 15550
14282 17601
6627 12482
5716 19166
1934 17538
793 7296
21788 23332
22 16931
8642 18478
22993 23344
4505 13925
21 12130
5147 11487
19357 23772
12626 22623
16002 22156
7788 17832
22406 24416
15447 21882
6773 22342
4446 13015
7506 8826
10576 11159
7051 7659
2817 21814
6333 14229
10997 19208
2330 10956
16946 19659
2768 23158
17503 18052
5487 9121
8820 23099
9670 15864
6693 17966
7195 11186
10884 15679
22906 23366
14917 21085
2755 10305
18104 20974
6669 11364
9908 11719
3866 20873
13786 22687
4063 8490
9787 17966
1649 8770
16512 16709
2420 4404
4469 14750
1042 14918
4771 14942
22547 22877
16922 19134
11007 11676
548 9801
1414 2632
9162 16717
10978 14174
568 14295
674 10345
19825 22648
14963 19827
8606 19427
3030 11353
23461 24163
11434 14134
3977 22760
2325 4673
3160 24394
17640 20889
13464 15509
9446 21083
9730 14769
674 7578
7291 23966
5716 24084
9095 24264
20906 23673
7842 14636
2671 8961
5329 5663
9120 16528
10515 22613
5721 17293
9550 12228
4070 14246
2858 16862
11727 15781
7788 24377
4209 19928
21468 23822
1174 19885
18392 21944
8905 23112
3395 8620
1989 10469
18782 19508
4753 6829
6656 6763
3506 10725
6841 22021
670 17849
2667 16160
55 8735
8466 13433
10899 22349
3399 14643
1945 7550
1338 3599
7748 16158
9539 12934
17094 19588
12057 22564
18340 21976
3503 9571
12807 20374
3645 4385
4120 22768
12130 17124
11000 11044
10806 11529
11267 15732
10430 19655
10807 18278
4845 16544
7676 16570
6475 19186
2555 21806
6827 9899
157 3962
13083 21882
4440 19956
7668 18648
11436 13561
8908 16400
21221 21325
636 3015
3461 14400
1113 1236
17239 20856
16013 22228
10974 18548
24425 24431
7312 22838
6199 10744
1877 23634
8003 23330
808 16183
109 21778
7950 15118
7191 12888
1350 1825
13469 23796
19390 19641
7466 15476
7705 7730
4869 19663
2312 8540
5799 10887
10785 17535
14364 16715
5005 5108
6465 21097
8117 17482
5658 13957
9113 23245
15362 23604
11641 19989
13680 20471
9566 15272
14756 19493
11614 12301
12949 13239
10410 23010
10766 23048
13045 14751
12922 13904
19452 22537
5165 5574
8014 10208
5389 16252
8547 11995
12201 18421
17287 18676
1114 21370
4730 8789
1700 18109
5860 8204
1661 1860
14780 15317
1894 20549
1505 10093
905 20164
15908 21854
13001 19141
20959 23394
16146 18334
12920 13923
6579 12362
1020 11561
1415 20183
10569 15143
7378 14830
17021 24434
4309 17835
5546 17021
3489 3692
5100 7785
3896 20217
521 11735
4069 14643
11932 16756
4545 19669
14201 21096
16597 22472
1887 17094
12360 19948
1287 18849
1334 2879
1325 17397
4491 7754
8645 9878
9240 21996
11106 24341
13052 23510
8761 22938
13916 22022
8783 15818
15851 17665
4280 16252
2586 21239
18859 22214
847 8311
12999 23452
5429 14209
10257 11408
6362 19188
8810 20137
5457 14035
8334 9960
5923 18175
6936 24488
11522 16261
13222 14729
16594 23381
1321 7231
1149 3155
18431 20547
6533 12669
6069 9059
10632 16500
6239 14801
3152 21903
12065 12473
21204 22533
2291 9115
12462 14671
15073 16656
1510 4898
1927 7126
11680 16598
13124 14007
106 12315
6546 14054
4318 20567
13833 23428
12560 12781
7157 9565
11230 18731
1162 7083
12573 21860
2794 17145
3771 12427
9620 23060
3988 12184
21304 23863
10758 24168
20607 23668
550 18295
16241 23005
8142 15614
1807 4371
968 5967
1410 24288
9499 20841
15835 22738
9301 11847
10017 19293
798 20362
120 6660
16033 21169
11973 22140
16835 24013
6409 22607
6168 18207
18035 24163
8174 19743
10289 18472
1253 11582
958 9887
5729 18631
16429 20954
8366 14266
1544 6841
2295 18076
19865 23088
10709 17414
14904 24365
14780 14821
1313 4602
6288 14856
3567 13063
3090 20879
2314 19534
1043 8031
5726 13575
8307 23844
2841 20764
4551 23532
12494 20468
457 17988
2040 4110
10411 16808
16180 16602
3312 5514
18826 23477
12164 23214
14635 22167
8063 18112
8263 23934
4751 8279
6406 17581
4146 14894
4136 13312
13685 24424
11081 19043
18507 22227
2700 9006
17281 23644
16891 18605
12856 22512
19930 23055
4907 19482
6363 24087
4218 7278
21722 22967
1660 10481
6202 10509
6544 7673
12158 13911
18667 20430
1907 4544
18067 21640
15397 18570
12896 18129
9885 10494
8485 22081
8257 13863
240 13596
8769 16437
19640 24299
20439 23649
7527 17702
10874 15686
1260 12668
6182 11453
2744 16410
265 7375
2966 7410
3519 14819
5040 9544
4242 13690
77 23097
17591 18016
8003 22835
152 13080
5316 11070
16306 19018
7091 11665
10062 20315
1297 8383
6753 16610
11979 17745
262 22142
29 19855
4365 10264
9926 14625
10668 11824
8430 18908
5407 11106
7045 20452
18544 24076
16600 18162
10429 19280
12213 21140
6428 22443
14040 16597
3602 23358
435 11749
13002 24127
3741 22714
10695 14995
7126 19035
8801 16622
1363 4596
3577 16549
4737 16801
8076 22772
11598 14187
302 12999
2593 11847
8038 14008
6926 10916
3788 14235
461 12195
2730 12354
3181 5149
3991 5372
2704 6744
6608 12320
9928 15971
1512 15525
8113 9166
21381 23862
1898 14366
665 2957
18635 18716
2725 10902
5760 22233
10913 20505
12312 23421
22146 23581
14175 22432
8388 23885
15682 23282
941 11180
11502 18217
22066 22901
8913 18400
2746 15041
8370 9999
4841 23517
14895 16602
4821 17227
18316 23913
17292 21660
3271 19895
6274 8034
14775 23478
11239 17104
3920 18771
4882 13403
902 19157
4345 12583
12321 17942
16205 20080
15290 23070
9614 17935
4336 11254
7713 13749
5744 20088
6483 15390
10799 11032
10738 19166
491 2118
13352 16747
824 2868
680 16874
11907 24383
20371 23222
17790 22862
5507 20859
6446 22865
4631 23615
999 22161
10225 15635
2072 20441
739 22963
11332 22134
5822 9490
2755 23610
6389 12730
10598 17110
12729 20298
9293 20287
14120 15998
13211 13516
4360 13347
6309 17446
3386 15554
10707 18629
4432 5696
3126 14952
7572 13452
5363 10801
8361 12768
6473 23738
5140 11956
15272 22189
8635 23971
6568 17960
10992 22564
15517 22886
2140 7715
4297 4561
879 14119
6339 16875
3993 6617
14855 22916
14511 20814
116 20022
11508 18323
4485 23229
6703 8390
13864 17509
2061 19025
563 21825
17134 19454
3963 8414
2734 6965
2721 21023
12033 15429
1714 15350
18017 24381
13125 18237
10166 19592
8860 18891
6996 7944
7909 20491
2735 24018
8577 17192
15655 19245
19451 24384
6129 20630
5163 24271
12009 12877
17821 20080
4447 8855
7730 22146
6088 6671
16618 19061
3698 17195
16638 19337
1508 13205
24071 24445
8679 14122
1251 8016
792 16720
7603 12181
11729 22179
649 2323
10563 18734
11358 20303
9959 20290
6859 9946
15866 20330
8006 14419
12625 22016
3447 9882
6248 22662
9366 21778
3447 21512
11010 19143
210 14905
3586 23459
3790 17652
16737 21211
1082 2790
19778 22678
261 16481
22189 24251
15560 19330
9919 23979
1618 14992
13718 22524
2438 13528
16178 17482
2235 6279
5359 7680
2218 16651
1444 19040
5022 6394
17014 24434
10342 15769
5595 7826
1479 17047
6085 15151
10407 12392
1422 9430
6566 19739
5535 8686
13032 18445
12179 13571
6493 10889
19460 21906
7010 16609
8918 13514
17127 22665
21839 22722
7136 10525
4726 5870
6195 23418
1940 19912
2782 12068
6489 20173
8523 19450
7154 11766
7402 16097
10304 22527
8242 12667
4900 23566
16665 17685
1902 18890
10537 22298
320 19890
11929 18576
3629 14214
1350 6671
4362 16043
12077 21013
8785 9881
1505 8891
33 22320
1662 4983
11411 12418
1200 20569
12879 16054
16566 16722
889 1470
15220 19073
45 10025
7150 15157
15873 18453
192 12816
1119 11457
5766 17968
3380 8868
4990 17113
7085 22728
12589 23587
7463 24065
10399 13352
6453 8403
362 20103
467 6408
4606 4836
6285 12679
19001 20288
297 1082
10328 16829
815 6201
14177 21321
13807 16893
12027 21989
7481 24207
11550 21285
14539 19917
8160 9360
19381 22601
8717 22172
3080 23055
19603 19626
792 8708
11147 24340
13336 21423
22610 23970
13415 14855
12216 12418
16151 20282
6219 15797
14600 20599
21119 22533
2731 7484
5216 9684
5277 17909
2543 9890
13064 18194
199 5681
5826 6067
11787 23567
8369 16990
6234 12500
9716 10851
7242 14165
13696 17765
4112 5236
16168 20640
7206 9475
16566 22100
14465 17537
5607 20654
3907 7812
5045 6304
2873 8148
2830 6386
4834 21060
9005 11641
424 9691
9354 13354
5712 12236
4873 11518
3781 7042
5792 14263
15970 22036
16797 20989
10214 19230
822 20447
14395 23105
10215 10879
15150 20624
8958 18664
3801 10684
2964 4063
14408 18509
17682 23563
2984 20120
11928 19269
2828 22569
1107 12721
10197 16674
5691 13295
3636 6925
10318 19947
4468 15102
6632 10278
2090 7754
6597 17914
18913 22415
447 6037
7436 18431
4799 14898
1951 22015
11651 12879
824 4512
3492 5376
9861 22684
19455 23133
8296 15030
2922 13716
13393 20945
10861 17103
11615 15084
17131 20215
18831 19479
12483 23805
13953 22378
890 23584
4942 6037
21696 21760
12498 20734
681 12278
17613 21493
12822 15717
8465 16993
883 13902
9129 21777
2959 11845
179 19886
12085 17154
18676 20561
5030 10486
52 7564
6881 16143
6429 12477
135 18305
14203 22340
6380 23332
11391 18205
16313 17922
14563 16963
14272 23849
10044 13538
19096 23994
8192 21438
4326 9457
8173 23934
4028 7740
14213 18134
2018 2020
13549 20572
14682 18311
4454 8000
1244 20808
6957 14077
327 23215
16175 24416
1441 4695
7050 21264
5554 16831
11044 16402
9015 22707
15580 22583
7003 21131
7413 23797
1852 13122
1168 17923
10248 21983
20168 23526
7419 17994
10226 15319
5992 8296
6653 21891
12811 13324
7036 19143
535 2425
5493 16660
12186 16089
21709 21778
19178 19659
12205 21888
861 2659
5755 15930
190 790
13329 17674
8248 17317
5781 15774
11612 19776
4377 9613
11632 17637
15644 23014
9231 11479
21271 22604
7738 20354
9916 14090
12522 23972
3840 12327
4511 19882
3026 7873
16266 18484
14258 15043
2636 5193
7987 11853
7021 20030
987 19599
10742 10867
4151 6906
7685 8005
1080 16871
2933 19326
2030 11036
4402 6314
7920 15585
13202 19540
4457 20589
6137 15913
4236 11605
12984 15130
2877 21473
1371 22944
1252 20151
14650 23127
586 20941
13190 24283
14688 18242
2063 3038
857 17321
13905 18239
22369 24039
5192 7189
6918 24028
14409 18218
3753 16665
11489 15655
170 22784
5799 6533
4718 18220
3111 15980
3670 21063
10 23500
2444 14782
5264 13019
21624 23778
13270 13405
5072 12317
702 10530
474 22975
5055 15673
4135 5641
6875 14292
9338 20544
6321 21633
5124 20645
3744 16632
111 22667
4891 23650
1435 16597
9183 14527
15266 20552
7727 13898
15167 18469
5036 5798
15145 18404
6966 12390
2295 17811
15723 21805
822 12553
14571 21568
9509 17884
5298 23524
16526 22679
1617 19885
773 19117
4169 18845
1637 18354
7185 14057
14439 16829
1833 14187
3599 4978
10938 11054
4174 17643
16409 17517
11483 22641
322 3412
4359 8734
7507 21625
21307 22867
6133 21006
8338 13961
15345 16798
4706 10176
9977 11137
6149 22477
570 11873
12732 18619
12622 13896
2389 8768
852 11164
10409 11144
4228 13839
9716 22609
2368 4318
8005 24067
6602 17104
5856 10176
2907 16205
9042 23649
10477 21963
6295 11938
4490 13605
5438 14486
9357 20725
798 21804
2045 7362
16556 23197
3456 12811
14903 23892
15410 22709
1912 17399
13008 21235
6004 12358
3868 6773
3509 22640
4609 17486
6886 20406
1711 20242
5660 8090
13159 23466
16743 24114
8594 13729
13002 20839
14703 18908
7793 18041
1198 17185
11842 15884
8014 14561
7151 21803
5579 20216
8640 19454
5027 20467
2937 15164
1505 11724
17429 22030
17792 19681
21502 24400
5465 5500
8736 14641
11476 15789
16252 21847
12124 12482
5744 22091
1283 23459
208 2942
7581 15132
14169 22446
19015 23108
7805 16232
3678 4742
4524 21349
9961 12911
10253 22938
1986 5226
18878 20787
2813 11838
3487 7952
439 3842
19056 20402
3801 14087
19477 21145
7554 22969
14281 21707
4113 12892
17394 22402
3677 5509
8943 20987
19477 20500
6689 21909
11068 16191
2697 12385
33 9351
951 7663
10001 15713
7897 19947
6839 10680
7107 21231
1611 3338
11411 15836
10468 11616
19157 20492
12 21701
9197 16739
14444 20681
19344 20419
3217 18492
3804 12213
13097 19244
2244 5078
10007 19777
6869 14967
4808 5864
8267 8515
6578 16728
16960 21713
540 10186
8315 12279
23075 23453
18111 23732
2994 7727
8744 24423
10906 12740
11457 15439
7455 23755
12516 19063
907 9057
1692 16823
590 14758
2504 12071
2913 7684
5844 20282
8317 22676
978 10662
8742 11518
510 2311
18101 23263
8512 15155
3797 24014
7591 8358
10263 19150
23331 24258
8213 10413
2291 15594
3033 22083
9104 22611
1413 17360
6628 8812
1548 10121
7833 18480
8277 10879
12236 15802
2406 12930
6877 13613
3766 6855
1623 22935
5816 6698
12188 16696
6218 20695
17502 22417
7451 13935
12126 21069
707 17156
3878 22691
23311 23766
6611 8007
9882 11985
20005 22518
22563 23829
23044 23870
5503 12605
13305 24201
5380 20580
6308 11138
2648 19971
14376 16424
9472 11081
4326 21352
4134 20981
8147 12411
8132 18920
2379 21868
9780 11761
12734 14683
219 3900
2369 8451
9233 23931
8742 9765
16827 19136
9871 13336
13733 15595
574 17796
17017 18198
13109 15268
14454 22892
7992 10467
283 24466
6378 18549
8918 10994
22846 23238
8980 10183
14819 20952
5841 7137
2058 16256
12014 16668
18927 21372
6711 10398
6928 8394
13956 24308
331 13399
7115 22786
13940 16499
17611 20673
3291 19920
785 15435
1099 14646
12147 12850
17693 18206
1003 1988
7016 12138
1294 9981
19396 19586
144 21661
261 21577
13439 21655
1574 11268
4805 19799
6271 12585
12110 17276
8924 19239
17963 20079
622 8554
7226 12781
413 22157
14006 14327
6446 19570
4589 23542
5643 5830
1385 20078
8700 18043
18477 20765
5900 22413
19994 20128
10092 13261
6249 17427
17062 19702
16138 22329
988 20592
10209 14444
4369 8055
500 18525
765 19248
7023 22628
6538 18394
22787 22848
9663 10208
5922 11620
397 739
3984 8863
4000 14299
4922 18402
3995 13095
17082 23546
14289 23608
13511 21898
1352 4593
9818 14646
2899 21263
6989 12580
16551 16925
11918 21621
2853 19580
1061 1827
299 13591
7079 15597
8515 14145
104 23053
2332 7037
3829 14978
9407 23806
6744 7591
1174 23491
14376 17768
15862 23183
5633 20755
11580 23278
2734 20854
958 23276
11762 15820
10570 12945
21765 22597
458 23384
17952 23636
9055 9543
8557 17109
14775 17223
6362 17725
19142 21119
4897 12360
7144 13260
15176 18292
218 15571
2267 3349
10761 13097
22069 22142
4990 11490
4460 10122
2682 23253
5979 7812
6235 7386
8486 12782
9094 21267
15799 21136
2465 7767
3419 14916
17450 23279
5214 6550
15980 24363
13359 19674
7042 10058
10712 13420
5357 10940
7695 16946
16181 18564
9383 24363
2878 7584
6034 20695
13546 22464
3429 20881
4733 17486
4536 10840
7570 21993
1392 8467
1524 9878
5774 21581
1610 13395
6716 16085
10075 10612
12123 13334
4750 5679
11724 14843
2502 9408
4228 20204
9962 10925
11565 15358
5078 12847
1388 13627
6485 13107
11229 24049
10252 16217
12515 17259
3171 7053
14621 16437
5687 18471
17230 18542
2399 16226
13193 21896
20258 22869
431 2378
7148 9921
9306 21464
12851 18591
9897 14198
5479 9056
15922 23113
10266 12891
2782 12837
1745 10658
9317 21665
2131 22573
17060 17154
3868 8644
11970 14391
7116 20251
4342 21409
11204 17110
8438 14895
17681 23637
17216 21543
1889 8888
1122 2413
8357 22552
1030 13963
4982 9594
8214 15681
14719 16959
10209 20438
3132 11461
1718 18080
16287 17121
962 12480
8217 20332
1509 13562
6603 23208
12608 23573
6448 6767
9074 16318
9202 16896
7958 9255
16833 17046
14932 15675
7332 17768
12625 21306
15760 20695
3500 11736
9325 11182
5687 10756
10234 18394
17233 23026
3085 8566
4032 23485
9930 13055
7259 13977
10042 17056
5236 5989
11560 13950
13806 18397
4203 16932
7514 23919
3187 22180
16836 16949
17945 22286
1288 15943
8763 22020
781 9202
16654 18192
4717 21933
4708 21166
5799 22014
15984 19980
8894 15880
5363 24455
2348 20628
5757 21311
14443 23231
1447 3658
13260 17265
10688 12738
6835 8815
14569 19152
67 14060
13793 18804
11777 21017
4391 23623
13705 19083
8742 16738
2042 5397
8261 23081
3265 8777
13279 16800
12374 15496
8901 10866
8129 23141
8204 22073
11084 17403
7725 18580
6566 15955
2206 13888
4018 19579
9727 12105
4924 19724
17402 20000
11087 23131
1502 10980
20005 20520
11781 13462
1634 10610
14260 19187
10799 18195
3210 8129
2863 24246
6303 22837
5003 21738
10187 21261
7454 11879
5560 15777
18868 21341
16950 18623
7458 17199
10084 10142
19285 20287
7540 19591
4710 14356
3816 11919
5643 13255
248 20814
565 6057
12688 16168
1266 23691
13091 18323
3 4902
8101 13226
9339 17296
5928 6362
1051 10453
8038 24194
8947 22837
10578 21572
17174 20507
5823 8597
5754 15815
14950 19604
22181 23348
19472 22899
11658 14954
2402 9595
2020 16012
20597 23418
1239 21637
13797 23738
3069 24224
1273 10016
7520 16456
2761 22266
8238 9086
7437 16590
3818 12001
7873 9489
22238 22638
6319 17371
10789 21096
2682 12335
9648 20751
11042 14828
1612 21189
5295 16939
5941 13917
3100 15359
6221 21548
15314 15803
11196 14402
8308 18197
18850 24296
5652 7198
4710 12034
1840 2342
10299 14278
4511 5770
7196 13204
3460 8148
7242 16437
7861 13309
3571 9625
995 13379
3236 23538
5124 23682
6033 13379
5791 21151
8318 12499
4341 13286
11445 13576
5693 14592
38 9244
6792 18042
8993 20577
1615 10578
3119 10438
5463 14017
161 17941
11202 20482
4981 11378
21806 22709
14082 18502
18097 18415
5615 19059
942 15987
14220 16926
3867 8262
6917 8436
9579 14128
20990 24326
4973 16974
1904 2602
7985 17251
163 8473
2274 14796
6096 24158
13496 13931
16725 17248
861 12951
15835 18329
3751 7893
5021 6083
11120 13407
8398 23761
14972 16418
12295 15066
14016 15295
19583 23864
3582 20547
5375 13010
9602 15560
3578 13015
20130 22916
12261 17177
2059 14048
7217 19833
1300 2482
8424 13399
3658 4908
1031 12791
2086 11202
11373 15152
18723 21803
16090 19799
10812 12558
16043 18459
22258 22286
5673 16141
15746 22099
6787 12466
11802 20349
10581 13500
12587 13792
2847 22401
10224 16682
17130 22413
18151 22850
16659 23151
2219 19490
13334 14400
5267 21506
1195 10996
15493 18500
7096 22954
227 2448
2474 12263
11239 15899
18157 19702
17238 17528
23266 23630
10800 15316
8374 10321
15368 19435
845 22990
3769 22751
18234 23195
19973 21091
1648 22277
5792 9271
5843 21343
6297 10721
13896 19069
8825 22620
7222 11406
6113 6918
5197 19493
16881 23658
1755 8410
7502 14283
12237 17998
11166 21998
18286 21154
2996 19212
14502 23241
14113 23820
1178 3297
2267 24246
3565 15570
16398 20008
10729 23434
872 22893
17071 23560
17230 21051
2172 23705
2605 2850
364 10373
5153 10492
8058 16785
13102 16629
7341 13258
6743 12629
758 9279
14241 19053
6259 18813
132 16678
7501 8998
5735 9976
4195 13006
6450 17798
12904 15665
14196 19697
18826 20675
9901 11421
14272 16422
10542 17607
7883 18986
10944 14808
18006 22689
13004 23282
19256 22366
14311 21224
1254 16741
1476 6234
20026 24239
3000 20090
14831 17030
8235 23758
2289 19054
5044 6815
12200 20398
2970 18544
3225 10433
5524 17467
15465 22706
3111 12605
15254 17875
11099 17809
17524 18400
5843 23687
5932 18560
143 13303
9794 15056
8412 22376
384 2167
3806 6907
2077 7974
8017 18293
17114 21623
11918 20914
16963 19197
8403 10481
2688 10224
3638 13277
14735 18607
5827 23888
2635 24104
719 21520
8808 14257
15539 16310
10881 12559
20374 20533
4512 23258
13971 18518
16179 23670
11214 21615
16109 18435
1795 4056
4090 12887
5079 20191
3979 9444
21093 21540
1919 3558
1252 19622
15883 21568
17317 19625
4293 19312
16432 24013
3347 17499
6293 12363
519 18713
17118 23022
19650 22017
2030 5342
13828 18087
6947 21165
9531 20730
7655 11817
12274 24026
17212 21406
1739 24322
7552 17686
4945 23592
2944 6228
3045 22870
423 8418
10111 12231
17684 21006
11208 22503
246 11683
19971 24029
3794 7142
6364 12116
15114 20767
3470 23941
6522 16411
5764 21523
4522 7424
1758 19955
3011 7121
5001 9739
16392 16696
6024 15448
808 6375
10278 11073
7728 23170
10772 15387
1490 9405
4786 6383
7765 20009
11153 12744
14128 23186
15736 20688
531 6375
18078 23118
16879 19331
12167 21009
13103 21519
10058 23833
6600 9740
6558 20752
17681 18130
14823 15528
18733 19675
12649 20274
351 5067
13187 19902
238 13218
5342 12474
6075 7642
12071 13298
17190 22693
15404 22931
18892 21581
9214 14398
3838 18764
8393 12864
3424 12839
11122 11418
589 21119
3143 4386
3305 8217
7295 11653
4634 6173
9404 17967
4984 22483
20852 24192
13731 18435
10765 17147
12605 13118
17887 23872
1962 7434
5569 15720
17995 24158
14751 22951
7939 21258
944 1883
8159 19290
3370 17083
7337 19002
1225 5513
14106 18771
16120 18614
12997 17748
14283 20422
4518 23796
14487 18858
1270 14119
1820 24164
7651 8397
10310 12184
6439 24058
21142 24222
7216 15098
8231 12182
9873 12427
842 24152
11060 17369
6543 18443
18047 21785
6208 23894
4730 17868
5466 9489
18784 23368
8856 24441
9352 21793
16059 23329
8168 16124
3495 21164
1316 15862
20299 23982
5129 16382
859 10835
21431 24276
2925 4002
12170 16235
769 5956
239 23092
13258 20668
9839 11352
9671 12550
5522 14595
3496 22592
16407 18804
13430 16671
7366 23111
21494 24287
17413 22632
4168 19844
6745 7209
11308 20059
16042 22397
18386 22997
18158 24451
7494 22392
14239 14855
17560 18725
21779 23570
11850 19278
12217 20065
17609 23512
303 469
9061 12475
2372 18232
10149 14767
4249 15769
596 5977
60 21639
890 22418
3794 23126
19112 19970
3534 11363
10426 13655
9409 24279
17717 19763
8541 20491
17192 23109
542 13230
5642 5689
15995 18800
2972 23739
12271 20781
13277 23017
13578 15377
6187 8847
705 5296
15503 15850
17817 19915
12074 19870
16690 16950
468 23465
4035 23194
1573 17235
17765 20150
12744 23545
14245 17453
1979 4897
18027 19245
13728 17944
10429 22784
242 12359
876 9711
4657 12547
5517 6286
2292 22100
580 1474
9740 20577
10217 10536
10109 12362
23355 23967
6309 20589
7434 15203
3504 16730
2365 15942
8777 19554
1962 13865
10451 20319
2116 8161
543 7642
10141 16760
21394 22100
12026 20061
9143 16572
1626 15509
6456 12876
10178 23039
11521 19800
5064 8685
3526 5694
9898 11139
2520 6819
11525 12851
22480 23392
8653 11213
9553 10472
14128 15736
7870 17055
11495 19498
13671 20157
12663 18961
11552 17220
7401 23103
2224 2620
13537 20761
7047 22727
5741 20958
17366 23423
1455 6258
3881 13665
12229 15138
2440 8631
4825 11928
10509 24161
19582 19778
14546 23595
32 4323
2578 7286
6158 14526
4864 10076
13081 19160
7948 21155
2516 10508
22235 22937
3494 9011
6811 7587
4720 23616
3447 7863
6123 13572
4443 8364
4337 4338
13014 18215
1862 22123
13046 24094
4799 4857
10746 17668
10537 13685
11834 18389
4052 21097
2562 4735
11483 16884
12841 22040
14909 19598
16120 24170
9034 17178
2347 11834
12196 21899
626 16233
14901 15156
20803 23966
3218 9323
11361 15583
17968 18858
18620 24198
6180 10152
12016 16378
4012 10450
13976 14073
4108 22783
187 5417
14001 24224
10632 18050
14479 20813
18405 22158
927 20942
6448 18234
1834 5229
5531 8230
3365 14635
6164 11779
2188 24125
2086 12917
315 1829
3866 24019
4177 23842
5702 7903
1847 22263
949 19420
2062 18050
1993 2210
21884 24103
4698 5864
11766 14520
7682 20722
3939 16542
9996 18921
14678 20132
6723 12139
221 22640
3560 5853
17734 21298
4498 13155
21095 21489
4799 19406
3120 11905
10877 16073
10610 15299
5969 22157
4053 5109
15094 23216
18213 21546
74 14812
1651 3720
278 2000
4031 17081
8540 11008
8931 23874
17195 23296
3235 13078
7473 13177
15379 20841
13452 14008
3735 13096
16264 19556
244 3570
6120 18224
89 640
3065 19194
9474 17137
13127 13614
8012 11882
5793 20280
211 12796
17904 19756
6977 9105
6352 12987
3058 12488
4138 12873
2377 19981
260 17069
3324 5878
2269 5782
3719 9189
1120 4298
5142 18840
694 22422
1035 9439
17230 18788
7764 14736
16099 21050
16907 17903
2594 4835
12598 21172
14057 21034
7170 17802
6863 20189
4906 8461
7441 14747
5401 14928
5896 8765
19405 22895
12658 17769
17645 19339
5679 18552
13116 16052
7184 22251
1508 6228
1208 7125
8670 16864
19938 20995
17308 19265
4451 12101
18521 20451
2537 17103
6730 13067
12089 22793
11125 22494
10441 12024
894 20717
5043 13659
160 3808
1412 23424
2553 6610
6166 15313
9425 11396
3705 10335
462 11369
9572 14798
2458 19001
16657 24345
18354 18823
2677 4903
9600 22917
15301 23696
8180 8410
4687 12578
1444 8864
8038 10386
893 5891
21992 23895
10118 11785
8146 21274
15141 20771
752 777
7811 19979
938 3425
10351 20376
2678 10171
19227 20616
12984 13238
11707 15743
969 13560
7424 13105
7492 8958
12620 22331
1245 23411
15652 18253
1744 2405
6104 18898
20057 23609
12867 20108
7080 19968
4437 22160
2689 9426
6653 7734
17753 20623
7375 7634
15722 16569
5042 15105
778 5113
5807 19763
5100 7581
275 21634
6056 10304
9555 21413
3992 13983
19525 23975
15271 21116
21926 23906
2335 22204
7668 12496
1973 6426
7 12928
2611 6680
12260 21975
7263 10052
16499 23547
20115 23388
2395 13832
7702 23519
14938 19144
6318 9107
2580 7216
4940 15901
1491 12411
1640 23257
15278 18652
15235 21635
3511 7266
9773 12032
10030 15755
10419 24411
15751 19832
18021 18389
1431 5499
11377 16442
12787 13282
11976 16021
16162 17526
1206 15409
2779 8516
13492 23033
229 14917
6868 19743
2551 17277
4161 12423
7050 22169
5526 11312
11198 18745
613 3746
15202 17140
715 2997
4335 15062
11362 13810
1846 12802
8027 10923
13021 23755
2884 19369
15942 18877
5896 20589
13301 15240
9833 10463
8837 18675
14452 22772
10610 10846
10721 21305
1867 18907
20904 22439
3205 22736
12309 15931
3645 6781
6623 15297
11011 21543
35 14193
13483 17450
553 1022
662 7188
689 15323
9686 15913
3408 21321
10596 14501
60 12713
5294 8167
10672 15071
10515 21980
2683 8454
22479 22987
19052 21715
4572 8692
3165 23872
3422 16627
16388 23931
5491 20759
790 20229
16835 22528
1924 12935
541 8312
6471 9215
17939 18285
5323 12741
366 7611
3718 7265
15241 23036
12305 18206
1619 12982
1197 5142
15168 22669
10089 13128
10853 22348
10069 22758
5538 21870
9843 10828
2912 11490
8411 15993
2900 8553
5320 18850
13921 15582
2454 9595
11821 22494
1989 17429
13473 19516
770 12254
5461 11399
1289 5359
14942 16557
1149 19376
13881 24129
13511 15391
14231 14569
6812 19403
982 7813
6188 17883
4648 8619
6838 9045
321 10189
3211 16307
673 10748
4913 12657
9848 21102
19953 21668
14111 20375
8234 21214
21384 24029
10965 18252
13928 22565
7062 20657
4156 5350
2675 21446
15418 23231
8266 23041
11625 16302
1165 3615
16360 20337
15101 21076
944 5974
11136 17083
14520 22138
1440 22190
2191 9370
5434 23173
1697 17019
17949 19788
14586 19128
16463 17679
2723 10001
7688 21337
113 21854
459 19595
16298 16308
20552 24419
13462 22151
2780 9921
16651 18684
13401 17478
1345 21416
8311 23937
10683 11526
17651 17985
13365 13862
5064 18742
12960 14567
1387 14683
11076 22324
3626 5515
1416 6313
10088 20732
15278 18882
17573 20213
14734 18469
1271 22748
4255 12539
2823 16946
8888 16073
22265 24033
4992 15273
1600 4115
11387 17910
16639 21011
21055 24269
6935 7981
3547 7023
602 12626
4336 7632
14990 15658
13008 23086
207 8164
11715 21101
12367 18826
14558 17551
12308 20461
3805 20006
9413 20669
11932 20940
11493 17587
17976 21691
6744 11570
6649 19930
11776 17678
15976 21321
10179 14609
17970 18657
7278 19975
3046 14406
11099 17741
4474 21589
2326 10034
9068 17116
5184 10018
11364 23092
2212 11974
7168 14725
5615 16529
20882 22325
7689 22205
6812 12666
1313 7001
21718 22278
909 21007
2129 23026
13697 22157
6351 23226
6753 9613
2835 9256
14988 15002
6125 20745
16 10511
21658 23882
2244 5651
5123 21151
4909 21699
2622 17330
5854 23267
6610 15916
8114 10204
1897 8006
3684 11046
4112 11062
10960 12430
11247 15286
8547 19874
20478 21686
5816 22746
19806 22012
15507 20872
16534 19819
1981 18124
8099 24490
4234 18698
4071 8167
22436 23789
2882 20996
5492 18318
10621 14134
3942 16109
1148 13720
9486 24275
2832 13526
20677 23551
13693 14146
11043 15405
572 23858
12597 13040
3504 6498
951 11773
7477 23673
22002 23463
1374 7894
4486 16555
2174 20998
10093 20990
18752 21364
11131 11632
19017 20750
11561 16429
2519 4906
3875 20380
734 2369
1372 21358
15754 17848
13915 21543
7063 22181
3270 10211
18851 20128
5765 21480
11678 20652
3614 4237
5218 13247
1199 2231
9439 14515
2054 15515
19489 23461
152 4894
9744 11738
12775 17673
10982 24092
17817 17990
4842 16365
9732 23438
12415 21415
10413 13926
13600 14063
8303 9272
1663 4516
9856 22207
7311 24281
16868 24439
11280 16208
17399 23768
14415 20075
7347 18584
307 17529
8943 13195
300 3722
9526 15651
14611 21274
3763 14649
1012 14124
6289 22656
11728 19127
1877 10685
17692 19399
8220 11172
9379 21644
679 11940
17687 18063
6410 23269
704 22149
10748 17073
4841 4905
9938 10564
21076 22186
16458 20955
285 15228
14727 17747
4520 20961
6178 16546
8296 10548
5795 19771
201 22232
12998 21590
607 1029
8721 23312
400 2070
5233 16901
12273 18032
16911 20842
4146 8637
7599 15352
2517 14245
9869 10531
9473 12253
5721 23383
18702 20324
15709 18011
17850 22879
15675 19214
5551 20045
354 23769
16000 23994
4097 16451
8598 10839
7235 9179
6711 12576
8951 22982
10864 12718
5874 10098
10297 20744
2284 9099
10912 22151
5874 22932
2517 11680
6602 18198
9349 12196
3721 9958
1652 6531
2184 11883
14372 19917
4919 20588
17901 23519
8702 15617
4327 21043
1407 13887
3474 12470
1206 13708
4612 5747
4057 21304
15092 19012
5473 9361
808 8602
19855 24187
7166 19330
11037 18624
16064 22874
3541 6622
4513 14862
2114 12547
3625 5271
13432 23518
9321 16403
8809 9936
13660 16023
16600 16824
10147 14120
593 10123
3697 8209
22798 23750
3272 8044
14065 22598
14137 23319
7467 10584
2805 22964
2709 17781
4156 24278
11802 19408
10196 23941
659 5418
443 21616
3049 20294
7861 21051
13790 15478
14706 18161
645 6689
14109 17540
11679 22367
17121 21012
18429 23462
17429 21952
12354 18048
6455 10130
8289 18430
5411 15462
13528 18924
4340 7706
4150 17348
10729 23126
991 19634
4544 20495
14602 18007
15926 16550
1899 9564
8997 17525
1952 6674
18761 20090
9286 15931
1153 4336
4505 24251
368 10095
8507 17764
7843 13983
11591 22963
5144 22606
17708 19350
8999 23839
5304 22033
1529 19299
10676 12508
2609 18083
1308 20306
2165 20755
9336 10147
1729 11729
372 21176
1181 12020
582 9976
10659 17332
17106 22840
1803 6258
919 7962
13313 21191
13467 23704
12422 23505
4579 4699
8783 15874
13874 16149
22345 24047
8890 13774
9543 19249
4066 14031
1805 7818
22595 24249
10205 11851
13191 14752
8509 10279
18420 19037
1458 10109
1687 3517
721 17976
3594 6351
7976 9724
9434 11692
18033 19511
12039 16147
5198 13150
18496 20794
14679 21227
9536 21792
9279 13942
2943 21610
17805 17934
12562 15597
4254 23852
13532 24241
1085 21893
10382 21125
3957 11217
12301 20896
2803 7449
1816 22393
717 10018
19363 24139
7961 20529
3438 10510
13941 21807
8490 22325
2384 15271
7711 14118
357 6645
12808 17351
13938 17085
1764 3305
12995 19604
225 8894
6593 17949
5806 15974
2471 13428
6053 14790
3313 9602
17569 22228
3850 8861
3181 14099
10358 14213
3439 5118
8597 13781
12373 23153
702 3882
16394 18673
6132 23770
5057 21570
12604 13346
803 17642
5913 18264
1408 22956
2124 24432
9315 11147
11886 18645
8008 12989
8642 22501
14931 16542
169 8290
9454 14210
11007 18292
4732 17241
1356 12744
11129 17085
308 22060
4757 19248
4779 13202
14655 21381
11028 23177
16754 22372
897 7120
10074 12001
9324 24432
1232 5754
8440 15220
14415 16169
4812 21557
8766 23240
6776 14016
8106 22163
20574 21895
4216 13337
2268 2657
18280 20689
2519 22985
10132 18844
142 15053
24063 24106
3930 16083
9664 17770
6066 19272
15801 22693
10949 23575
4337 19302
1013 12497
21398 21949
8612 18590
5857 8392
4464 6109
15215 23048
3768 13038
4266 19825
12956 14682
12633 21016
8466 14629
19164 20941
18362 23535
13486 17576
10040 20990
9289 20429
1165 13655
3241 16009
7128 14903
12908 14398
22180 24202
1722 10122
14768 24004
987 13415
5522 22627
2852 23614
636 18679
9309 14208
9386 23710
17978 19425
2743 4374
11420 12923
6220 22313
413 21375
1008 1608
10743 13083
14368 20242
4158 20635
732 17337
19203 22420
2548 13661
8327 17347
14835 16455
12591 14844
8882 19015
302 15075
1282 21031
5229 17861
13261 17795
8868 11438
13753 15018
6605 21216
4146 8103
3177 16426
8452 13677
18714 20795
3997 21326
2574 12850
4085 19236
13072 21986
19400 23023
1390 8047
2094 14357
2395 8537
7241 18413
7567 11769
6494 24186
13023 17624
5196 17844
21162 23867
2419 17787
4476 5376
19292 22274
12191 21840
27 8739
9117 10443
4511 22648
7528 13975
3375 19184
323 1481
21175 23341
290 12229
18576 19619
10903 18484
1491 16386
9036 23435
7662 17350
8433 21633
5204 19086
11215 22671
13276 16556
14415 21739
6653 24199
11231 20491
9862 23959
11406 14111
613 3879
2442 21683
1748 5419
5613 23505
6015 14910
12191 13762
2858 14651
3560 24264
2398 14011
6607 23069
8594 19539
11730 13735
8538 15489
10669 21786
17564 22616
16212 22596
22090 22667
5910 24142
7037 8907
11070 14483
2521 5633
13649 19116
1317 5951
14770 15527
3608 13659
16941 23835
658 2973
15066 17278
842 16407
9838 20348
15574 16636
8436 22334
579 7389
14042 19834
2455 3580
19572 21510
4666 23388
1023 3063
19519 22796
2687 4362
15033 15498
2543 17794
16272 24178
1079 8424
9034 24002
4710 20719
19615 22559
19549 22458
14912 17958
16815 16834
320 16681
5 5139
12091 16600
7188 14992
2514 19064
3386 24221
2414 23867
10464 23274
11205 14515
1967 13628
3424 19790
3280 18738
5770 8937
4399 23723
20513 22378
7731 10812
380 10762
9547 23837
898 16945
2785 10738
11529 14582
3256 22215
12458 20763
7844 13037
14179 17667
5611 23245
8799 15049
904 7698
537 922
7167 20123
2119 16372
2698 9437
7294 12946
19374 19547
2513 21038
18023 22716
462 13714
16853 23967
1709 14468
7398 14992
2587 16914
16278 21898
23831 23977
2911 20506
1731 3939
12468 19854
8148 20956
17018 18644
903 16183
700 17412
3202 21373
12628 15612
14176 22189
17289 19427
13925 17786
7123 19875
5181 5606
1149 22401
1413 18081
594 7183
2919 23763
322 13163
13383 17821
16235 23663
5377 15866
7085 23581
17561 18477
5007 20270
9594 19681
17358 24059
5850 21195
8394 15819
1062 5458
18908 21256
17059 18338
8611 12888
7366 18443
1109 23439
9850 21664
10450 20091
3595 8949
15181 19331
14628 23646
5019 13226
6503 12284
18194 18815
20127 24166
2218 8872
20973 22591
15323 19145
1144 24120
12001 21915
12006 17096
18163 18195
269 7596
17871 23190
2918 14711
5715 10454
4468 9017
13428 18580
6589 24315
4669 21940
6661 15017
1870 2890
10646 14824
2821 11891
3461 10584
14082 15862
11851 24015
9229 22472
13288 13685
6170 13643
1089 18110
18699 19267
6481 19048
13630 17609
1246 10710
12414 18790
4476 17819
4448 11582
8481 16818
4283 11187
5772 20962
8262 16306
15424 24255
17940 23261
9542 15738
1822 9939
2561 10602
7295 18057
6986 18328
23182 24131
16928 20560
6965 18633
780 3202
22377 24265
10664 16142
607 1604
15251 22191
9662 10777
9436 14996
861 8912
2870 11669
1610 15270
17165 17963
2234 24060
8849 16462
2072 17343
20038 23891
4953 8257
5901 21009
9327 15780
5476 9087
13981 19914
7455 16335
3914 22579
14950 18002
8915 21551
19771 21447
2994 4531
1049 4987
11368 24189
18110 21439
6254 10926
5597 10868
14842 22909
15182 17780
2234 2839
13021 23005
8234 18120
15263 23660
19737 24387
13173 18859
7415 11388
15577 20283
17510 20699
2710 8900
9847 15354
16870 21049
7048 21803
4731 11378
20316 20967
3690 15063
202 2007
9304 17757
6894 17768
2060 2327
11280 20442
15745 23018
2480 10875
10359 21668
1523 2970
3740 19253
18386 19460
16961 24272
2036 6652
265 5636
11036 19370
7341 19375
5366 22637
13085 18371
8262 13084
21165 23511
4450 18999
6070 10543
2469 7495
9337 17633
6516 6827
4894 9956
8206 14650
10044 17711
15494 19135
6462 22539
11507 14393
10220 14535
12774 18687
20147 22912
4110 11274
6689 16321
7012 11811
4600 7919
7586 20324
4658 14190
3075 11993
6539 20317
1458 15284
15415 17321
5503 7973
4935 9849
8532 13647
3059 11387
4685 14101
3022 18106
10651 11870
9510 19299
6071 13431
5920 18151
15844 23862
3737 20571
797 23665
15398 21151
12383 20023
13104 14040
3347 13863
2890 19963
3448 3663
1106 9886
9842 22979
1521 11775
1356 19253
6773 13227
16860 23655
1351 4668
10942 22926
7192 23258
13188 14685
14564 15402
2529 7519
15850 20665
6165 13405
18897 24407
1688 16482
3577 14416
3127 22656
17439 22118
11008 23062
9228 16438
12344 15191
3085 16506
12826 13122
17284 19125
1319 15740
17737 19548
3164 3169
1317 8678
7518 16448
12479 20753
3048 8924
10007 23990
2964 4509
3204 12657
7633 23228
1650 3354
15737 22955
17757 18703
5690 17583
8934 18039
7390 17893
2741 16006
4501 14829
1277 5470
3138 5378
4086 23855
4589 11931
3833 20884
22875 23558
6333 20477
4354 7035
3983 10706
47 2854
17792 23766
3348 5069
2988 12469
14567 20745
3303 9070
6245 19894
10000 21200
19083 21704
5559 21523
9181 11515
5300 8598
10159 13874
8456 23393
17383 22486
18063 24209
5683 12830
3073 18855
10867 11319
13106 24296
1970 17683
19165 24225
11467 21432
1954 24194
18940 20331
11224 17420
3446 3777
14581 17688
4325 7198
9193 20813
14356 21663
4438 11582
3253 5666
21337 24473
13478 18539
7217 13023
2645 13457
1539 10329
5552 20725
3828 15459
3021 4637
7934 21544
3661 4279
136 23496
2174 18507
11466 13199
14175 19405
8354 10664
8075 15210
922 12355
1392 10721
2734 2932
238 9817
3927 18280
6621 18961
2425 12798
16101 20662
537 1741
3547 8876
292 2454
551 24372
17534 23458
10858 13419
9298 12763
13706 16885
4258 23096
2079 24164
3510 19550
810 15874
17111 17474
9036 19053
3559 18528
3056 23527
2932 23003
19427 22050
4980 21024
13647 15298
10405 18374
20394 24389
8634 12137
1376 18274
14371 21396
11784 18575
1105 11273
10123 22453
13951 19994
12333 16273
10349 19568
3269 14527
6923 17192
7295 10006
17850 23685
12838 18582
10547 16363
9281 13550
2178 4283
12511 22562
16896 19142
84 9765
3363 15776
14276 17457
9271 9867
18550 22249
5880 16927
16620 21496
14156 22356
12113 13510
5726 22026
6437 20057
13473 14476
16570 20026
11010 16438
12055 17490
8026 9661
4222 6376
5452 16446
508 2052
10170 13690
3374 15761
16795 17123
4839 5472
13926 14634
17307 18037
2792 15644
12047 13197
17214 23475
4503 13988
4555 13530
8410 17598
22658 23574
13586 16774
60 16560
17604 22582
2540 4302
4304 11628
90 8377
2244 16507
7674 20308
9513 16976
7761 23815
6630 18944
10882 12686
23524 23929
13193 18379
9229 23212
1472 16660
11981 20431
9225 15682
4909 9392
8556 10073
11369 24354
60 9746
8433 14502
15521 19286
3014 13916
2296 13129
5222 18265
8179 10565
9399 20695
3932 10862
18875 20067
5989 15236
831 15593
2221 13915
15493 20539
6616 22664
22564 23743
7774 19574
4133 20075
15330 23529
3008 23437
1794 5185
5130 11221
4828 15458
7483 9475
35 22133
6008 9363
4962 12195
13970 18481
403 20537
17561 22734
6560 19522
22098 23190
3370 10045
468 20772
12761 12801
7441 16435
6024 12122
26 21606
4122 10112
9339 16839
3362 14051
10707 22796
5856 18747
12777 18689
19319 21352
14529 16020
2868 22961
807 11679
4115 12086
5384 10392
3603 8060
11481 15409
2871 4510
5345 19056
13539 23677
9136 9279
9252 16362
8172 8855
8855 14273
11617 20399
5937 6385
3499 17930
7191 10784
9058 18216
2697 18982
15414 16627
2957 11973
12561 19009
12321 20654
5522 12970
360 5162
3067 7585
8587 9724
4292 8552
8589 15503
239 4941
3539 8090
18399 18698
3937 8647
5565 24442
4433 13775
10388 20788
5160 18224
16448 17325
1139 9703
10700 18876
11326 20756
1467 10311
6127 9000
11477 24440
1860 21592
12537 13644
3001 20832
11734 15144
5767 7698
7668 8011
5863 9132
9687 16116
9509 20418
9691 10938
4507 17316
3138 10594
7418 8650
10284 12265
5247 12080
12329 15388
6176 19305
5184 23932
10810 11001
19152 22274
7613 12407
2976 17990
6053 20322
212 21870
9768 11793
9217 13182
2718 24202
1929 8719
6870 20088
4770 12111
7885 11443
7826 23140
19145 20145
9477 18498
7317 23130
13191 23406
17522 24473
2047 17869
4244 10459
13113 22221
9270 23015
4161 6559
11495 14481
11270 17385
14127 18829
20854 23538
6979 17764
12045 12845
11837 24359
470 15602
14565 17116
8822 17234
3510 23725
15373 23349
1695 23463
7083 17697
21828 22054
3798 16965
641 10211
4339 6474
4272 21037
13792 16355
668 11497
1901 12678
1055 22074
7570 10787
13588 20286
12823 14083
6000 21370
7412 11435
5892 6071
3275 16316
1319 19617
4163 8029
7936 24412
2090 14473
13373 20377
14284 21289
20006 20727
6245 10494
7342 9985
9004 16434
9540 16464
12884 18157
6082 11046
13326 16026
5525 5756
5020 7875
4980 16568
19074 22668
2801 10394
11527 16147
10323 12302
4929 8720
17734 20785
11164 13579
20120 21946
2567 18446
4987 16319
2460 12167
7346 23423
16252 22023
12706 21473
9202 13886
17818 23261
13657 20157
3971 12365
10935 18637
18470 22298
2904 13882
14284 24140
11372 21970
5273 9037
10115 23333
13226 13948
8485 10005
12180 17390
9741 15959
2832 3575
89 2592
4903 11987
19744 20884
15040 20745
831 18635
10003 14179
2474 23830
1257 7660
6591 10612
991 15630
19578 21478
3702 23810
4027 10112
17318 21974
245 4451
4274 14061
14749 22354
1590 21448
14170 17359
15772 17278
933 16242
3338 16142
10522 18389
3992 14065
5997 16290
12712 17019
395 895
8360 17934
1208 16634
8779 10135
1864 10624
6767 17191
2781 17039
7042 7697
4393 18201
4474 20112
6334 23687
13522 24299
697 21686
4305 12168
4796 22507
6 2560
3000 12171
814 19820
17120 18135
4718 21631
5513 19980
9010 23153
6154 19811
12924 16227
8057 18721
4919 20537
7072 8338
12475 21520
3752 4104
9500 23198
11190 22035
8067 13701
2606 13218
3119 7315
14129 14685
15746 24280
13201 23276
16023 21990
11950 13225
12460 19050
1158 12863
18527 19506
2859 14360
1781 16527
2430 18331
7924 18750
19985 20822
2694 4718
8576 17623
4406 21668
10222 11138
17284 23425
11728 15168
4393 10339
606 23162
4469 16097
2956 3007
7536 10743
197 15913
2483 23352
5430 21102
590 1923
1775 15816
2209 7114
15257 23495
339 22018
10072 23768
8058 21831
8333 19897
11004 13398
8626 23423
1236 11195
21437 21545
15705 22876
18876 23434
14 9862
9584 21024
16651 22873
14972 21548
4248 14194
3086 13560
1836 6464
21169 21767
18917 24085
9529 13459
449 1100
3842 16261
12516 12552
20328 20578
6024 11696
4564 20176
2710 4455
7598 21893
3709 10431
19616 20248
14632 15940
7343 17741
1090 13253
11959 22562
1977 12605
13128 18980
2045 14778
5789 12866
2348 3875
7498 21871
19819 21622
12262 13281
8512 24186
816 14430
13849 18135
722 20189
14760 23313
7303 17781
7601 14629
9940 24347
12778 19305
12757 23372
16252 23810
10026 22241
555 19397
8000 21661
14126 19663
21644 24162
2535 6557
2343 16007
20344 21374
2687 4584
217 19968
18223 20660
3292 5307
1287 24167
20893 24485
21305 24460
17610 23007
3021 6278
2654 16774
14980 20521
13480 18163
1733 12546
11403 23101
20209 21764
7935 22548
17151 19075
12696 17064
3655 22319
11865 15318
20441 20838
14045 19138
7129 17390
5985 20138
8505 11334
5336 22591
5304 20653
2046 22646
17891 18721
6237 10319
11033 13768
12895 23874
10299 12633
7975 16914
12081 14067
414 22019
13435 17647
4457 15231
6739 12290
6885 19684
11713 17972
1117 16420
4622 4763
6969 17210
8261 15283
7396 16373
6878 13639
7562 11352
10734 11600
3206 17186
3748 4790
3921 21456
3519 4329
2867 7000
16140 21015
8734 23729
8277 20684
7398 24015
6089 8663
18853 21914
17245 19534
1206 10854
3619 10888
3384 9002
9101 10439
12371 20591
21655 24221
2629 8290
12438 15126
17093 23311
7096 9584
15158 17512
938 8047
2075 8773
4031 24360
21764 22919
19927 21251
245 22938
2537 18233
17473 19076
6731 17129
9135 18176
7591 12464
11330 13402
13069 16225
1864 4088
2658 17611
6657 6782
2515 19112
15513 19717
503 15458
14550 18766
2347 20269
5327 14199
261 3548
14256 20323
9916 12473
6321 16038
4421 20232
5456 17151
2959 20894
8347 13086
12298 13192
11938 15092
10602 12988
9034 21198
2994 17979
6968 13209
4162 17528
3119 14041
11802 15908
19866 23718
17701 20444
4842 5906
13666 16169
13716 16530
9530 10753
4139 16966
6198 21414
2743 5768
10049 19268
13347 21316
4052 22029
11635 21868
16554 16856
4762 18936
8196 21214
5571 16101
12355 15533
3059 15302
4755 19390
53 13176
2567 10634
15384 20766
15650 19162
11435 22485
11331 13540
4221 12600
4590 6084
10849 14659
7326 17839
400 11104
11044 15873
11494 16954
928 13581
7598 24207
15227 23241
4522 20014
6652 22465
14252 14488
2075 18136
12660 12952
2243 6208
5273 12287
4224 20752
13085 24312
16751 18000
4279 16060
13673 19176
20556 21149
6970 22906
10024 17006
4973 6040
35 8479
2365 3305
13496 21007
2718 16315
7391 8123
5336 11875
13009 16940
18536 22396
18398 20636
22891 23617
3643 12562
8991 10349
3371 7746
10706 11234
13372 21973
5358 16544
11372 19484
9926 18503
1128 17470
17344 20719
30 2738
6363 21008
5656 19088
14261 22560
4251 6894
5419 13230
2942 24208
22914 23355
262 8029
756 13299
8299 9277
6150 10681
7443 14978
11410 17865
391 23007
21764 23441
21344 22140
964 15284
6539 19673
19318 19355
2448 17535
6619 15467
5314 12179
1564 4861
3387 14272
3392 15407
9085 14084
4240 17346
1596 19001
986 14690
8779 20496
11407 14800
14997 17325
12157 14740
19211 23144
16963 19798
7911 14023
16292 21962
937 5167
4594 13309
2114 7427
122 16653
3381 5039
7044 7995
7708 15613
4217 11971
78 20910
18453 19719
511 16658
1871 13834
1637 19372
2472 13301
13164 21457
13598 21134
1327 20391
1849 10537
15161 18417
15113 17077
8484 21291
828 13399
8574 21285
7631 19686
852 5021
18212 19043
6980 14005
605 24222
9860 19311
19933 20833
19208 19674
15881 19381
7107 10528
11271 16468
4568 9486
18846 23724
4295 6901
2512 7988
6627 21467
18871 19970
4860 23206
19581 21856
4555 5702
4491 6558
13814 14870
689 7680
8934 17353
2927 6301
11415 16099
7622 22679
17068 21621
2431 5100
159 10900
18541 22738
17318 22409
5052 16501
7452 19931
9437 10810
5571 9218
2121 5733
4233 22155
15895 16181
9454 24107
17361 18942
14755 19175
1049 5239
10239 22240
7086 13778
3004 5654
7140 13593
13262 19980
931 12860
2678 4803
1669 21333
80 14760
7670 17442
11999 13995
5011 5990
3032 19869
2758 15025
3954 15932
17257 23511
14675 18366
5889 6551
15752 17067
3121 5298
487 3380
5492 18601
2825 10832
7188 15082
6668 16213
11016 16912
12447 16430
9071 18342
13600 23484
8253 21096
8194 12681
4117 21302
499 21384
2846 5374
3877 19756
97 263
4753 18802
8963 9458
5615 13054
4269 9906
3835 11129
13111 20892
1820 18162
9042 22488
8865 13386
1546 2787
3191 8068
9021 9157
3398 19480
11307 20300
5902 8140
4405 5024
7303 12511
3062 7508
3422 22303
5846 22454
17036 20670
3064 24345
77 18800
12698 21290
16079 18566
11500 20381
2425 23110
5576 12933
15518 22621
8245 14663
903 1230
11294 19259
9815 11178
8162 9010
2537 17933
5333 17873
8277 15059
4641 17655
8157 21311
13593 22446
2346 14235
16619 19898
7932 8839
12650 15959
1258 11721
166 6035
10994 23177
884 1873
6853 9901
5168 16360
6049 14556
7083 15854
16021 19868
198 1827
12367 23038
7160 14669
6408 6894
20092 21771
6944 23916
2300 22510
15209 21955
9615 16480
12947 19989
6871 11163
17055 18998
787 14922
5211 16969
9862 11223
5174 12104
1666 22163
9518 22377
3073 15787
13790 18647
19988 22847
15110 20168
1758 13958
5734 14009
17153 18181
2361 4892
8955 21118
14364 22110
10920 11838
5667 19317
823 21702
9446 13654
11630 18904
10960 13091
2738 20927
5542 11009
3033 11381
4840 9432
10018 15298
9024 13025
475 19414
3316 21051
2627 11992
8097 21519
9392 21571
2447 14021
3774 15018
3722 12857
5918 17562
5313 20638
9215 13613
23839 24252
2073 4744
9455 20783
7885 18765
13080 22246
14504 20795
10607 12876
10595 13106
11609 19261
12145 24468
12614 20489
14218 23746
18977 21686
955 5585
13345 15585
7480 11928
12800 15539
7225 14273
1129 16635
6999 15082
1377 4122
9037 9064
6765 11424
1544 7795
8176 11907
6633 12883
17490 19569
4753 9470
12614 19221
1628 11355
6685 14435
12038 17971
19471 20309
3216 14969
9038 15332
10728 22975
14258 18938
1724 3798
11871 15238
3367 23424
3840 14148
3308 12151
5794 9150
9436 23611
4302 12152
18780 19078
152 2968
4049 19195
4539 16447
3670 12398
10327 23266
9427 20833
1901 19745
10725 11431
18748 21488
1184 14701
18963 20736
7546 10798
3049 23700
19556 20103
5572 19614
5323 9949
10983 20405
379 10317
5662 6656
16106 21195
18290 21656
14230 22687
9370 22445
4149 16470
3422 21763
19100 19273
692 14405
19341 22943
479 9035
6392 17250
6599 20891
7124 23631
4781 10948
9619 24164
5551 24218
1786 11845
3431 7245
17249 19139
8004 18609
14117 17235
2881 5721
20303 23695
2218 3301
7985 20399
223 20327
4285 20587
9792 12851
8 17420
9570 11147
20845 22808
7955 18458
2067 24083
8055 11612
338 19925
4503 16334
12072 18563
20420 24427
10103 12241
1566 21348
888 15044
1309 6211
10693 21343
5436 19153
2726 16733
16955 21548
9555 15238
2975 11384
4796 7381
13390 19441
3461 19341
7912 10507
5649 22478
9079 21398
7668 23833
947 12314
5822 14817
13787 17935
8522 19679
6123 10614
7596 15503
8279 14759
10762 21765
5895 8189
5794 15973
2743 6657
3548 9973
347 16441
16323 17829
11181 20070
20530 23264
333 6211
10514 17209
15504 24452
9735 23213
3054 3497
18092 20586
6932 17170
16623 19454
6574 7235
8411 9723
13671 21008
5129 16864
1048 23992
3981 20216
3912 17915
15690 17186
1021 13179
922 19787
2196 10070
7139 23254
18677 24399
2528 15786
18586 18686
1875 17756
12169 12537
9097 14022
19045 19139
1209 15024
5407 9365
20938 22602
11857 19933
7446 21565
8020 11606
11345 14888
839 3515
15066 20502
9226 23562
6272 9458
9716 10689
182 10749
15076 21761
10302 18126
1110 8488
6531 19476
5750 23192
6118 8912
6326 20909
3308 23500
18873 19096
7942 7956
1895 11556
8629 23733
20593 23689
9501 23537
335 20502
3500 12722
775 15790
6658 20734
15304 19881
3376 24297
14006 16455
2244 11176
14836 17087
1008 9325
11931 18562
7848 15935
10954 13079
4033 8007
1203 3706
4378 21370
10462 24360
12780 17686
10675 16676
1597 12848
5252 24461
2450 13921
5201 20196
16365 18719
20919 23921
6852 21321
13858 23559
4844 8129
18088 24431
5561 12710
1730 11459
12637 16024
17389 17561
5846 23378
2872 7807
4099 12807
3146 14387
7920 16656
1764 3347
5816 19627
5336 16273
21361 21871
11252 23985
3941 13939
2855 6334
2425 19551
8496 9171
5289 15185
9844 12401
14025 17664
210 10025
1846 23872
5326 15587
884 16309
9876 12382
1651 8883
1248 5994
7106 13181
8712 19420
6970 16659
10457 15199
1270 5710
12134 16812
8318 17713
17644 21852
2659 18029
9536 19354
12810 20774
7643 15987
5684 6708
8456 10544
14521 15782
19843 21794
15861 18524
4700 18488
1634 14275
12677 23984
8406 16387
10573 17426
3072 5775
1294 10494
13929 21816
711 3389
518 3197
15879 17503
15839 16191
11953 22597
3190 5802
19859 23444
20106 22983
17249 19275
5536 14163
3358 5217
14238 14618
1089 7926
6751 9433
19654 23326
3695 10443
852 19401
17745 19687
7728 22137
13707 23401
1718 1994
17676 20644
7902 20185
10332 18586
554 23843
3902 22413
16881 23341
3139 4244
5135 12655
20525 24196
7022 23946
11483 24491
21233 21577
1013 19983
13691 17814
12124 15198
4985 16379
4417 19576
15503 16903
12159 22553
4189 23573
15229 17898
4863 11821
22273 23011
6538 18738
9745 10871
3396 21929
10183 21017
15230 15559
17162 18168
12223 16609
8753 20889
14279 21722
13915 24277
19044 23236
1038 24420
6635 18714
2943 13514
1138 7808
1921 18516
17237 18431
2382 21816
8840 13053
20598 23940
17691 17804
12335 21387
6864 21825
14308 23686
2485 16128
2376 5539
6706 24372
10080 15191
11648 16724
15496 22712
13787 21725
9777 12931
5567 23335
6163 17057
6785 10452
14176 23951
19470 21652
4474 14735
15098 19068
5408 10896
3528 18195
6115 18884
13699 18951
8205 20997
1491 1615
6441 7382
7181 18177
4103 11316
8142 13753
9353 23675
15155 23900
2517 5510
10028 21498
9612 13427
10910 20040
609 4038
2272 22964
7400 17811
9696 21353
740 7033
5893 10025
4765 11773
1464 17339
1051 13944
1396 22011
8535 23734
4947 19573
2099 17758
11801 23486
9825 13445
6624 9061
3812 8696
1325 9072
7861 17349
3061 9681
2587 18064
14219 19301
12052 17155
205 15369
4721 19343
7858 20533
10490 12401
1467 19497
4157 23844
9363 18766
17210 22899
11327 24230
4205 11051
5518 7944
3360 22721
6981 22004
15995 19346
7194 12745
17694 20728
1721 15823
8934 10410
13424 16134
8294 14833
947 9553
10097 16106
6730 15937
8295 22159
18509 22736
14715 15391
8928 22418
8086 17156
4063 21788
8766 11369
12105 21192
4602 10251
7652 17124
382 2813
9285 11314
20485 24381
12701 22940
693 1617
10975 15314
564 20634
17664 24041
367 5098
1356 6580
4595 20947
816 15534
3819 18091
9921 23420
1531 23082
2431 6319
1548 17583
10773 17946
7693 22246
5141 7221
14952 23619
3619 16514
4304 4922
18371 18477
9600 14755
11876 15113
22240 24414
3168 7313
924 21428
14157 14300
6848 9328
3215 9485
1592 3980
9536 21423
18138 19923
10896 12729
6915 23465
9585 17197
5383 8753
11092 22826
573 8278
5007 14757
4739 20083
4137 13686
13681 18448
4291 4895
15125 18696
4140 9930
1575 24198
1649 16745
11302 14624
440 2720
21927 24312
10634 18241
626 10344
13255 18248
7939 23887
1009 11425
21695 22827
5244 21990
282 16988
4613 5832
7832 18205
14123 18434
16030 18719
18426 24211
13508 22750
10059 13807
793 6001
10692 19149
1231 24445
2149 15463
6091 23036
12317 15287
800 20837
4962 9836
1038 24280
3315 15714
2034 16821
10048 14132
16727 18645
12849 12922
13058 23937
2603 9608
7719 10740
5271 14149
5268 18208
1129 8942
11335 19647
11 6025
9529 20792
10611 11732
4377 22668
596 15041
15503 18111
12193 17106
5175 6039
2275 16482
10380 17030
5853 20179
12545 23875
12580 14711
8297 10447
11312 22673
8625 17260
13155 20245
18454 22097
3424 16771
1784 24091
12406 16677
6743 13821
20978 22849
11886 16221
468 1053
9403 17712
13014 20207
9252 16384
1869 15833
15130 19964
8030 13693
5059 22159
4210 13017
10561 15174
7175 16315
12126 13134
5535 13366
2367 14725
9149 15444
14189 21005
20379 22051
21792 22484
17384 19514
14306 23842
2656 24302
8989 20950
343 2888
8807 11004
1381 21161
8475 19133
1348 21158
5488 19490
17809 24131
13370 20590
148 16678
10722 12142
9343 10425
3270 19909
3381 18997
738 16974
16989 17282
10548 14288
5944 16363
1325 2936
4145 7998
10815 13493
9121 14483
88 7088
12139 16748
6315 19134
1431 10114
1341 12313
6706 24225
9096 9501
9074 12068
2200 20573
4131 14211
7578 23333
16354 17063
16378 20280
1135 23871
3301 16169
15934 16702
2438 12948
8327 21709
16556 16871
10690 20414
10417 21517
5873 21138
13789 21382
2355 10559
12687 22565
6078 9107
4375 17935
9063 14834
15967 23796
1541 3502
3180 19050
5790 22412
375 23536
8391 15462
7589 13990
5067 8988
6130 6861
5150 14655
17531 22606
296 8429
11086 15683
2395 13617
13975 23548
2653 6254
15008 20559
1325 22668
2201 7551
7346 8228
609 8385
2971 19703
581 7826
10475 22806
4287 10381
1511 15291
11069 12130
10776 17297
23000 23254
15281 23731
8203 23461
19670 24322
19191 21408
12066 18261
7312 20234
1374 9782
8150 24100
528 21016
66 15536
18019 18091
10579 14770
1496 6903
66 6413
3689 6841
3398 4675
10627 17672
14715 21154
1492 13108
22205 22300
4823 24076
14468 17437
9418 23396
10008 13151
14816 15251
4453 19239
8500 20609
12497 14793
8482 11816
16842 22583
11008 23005
3556 23102
5160 21686
13234 19856
12541 18741
20068 22613
11086 20775
8134 21798
634 9718
5273 12064
4946 5754
21632 22148
6608 7945
1146 22634
11184 11889
14337 23339
4537 19356
17417 18959
5711 16444
7197 22520
10187 19973
3254 23013
1773 17546
5930 19625
983 16752
2128 16532
23488 23684
11599 20899
11420 22303
13231 18375
10767 20109
4592 15291
12801 15061
5248 21759
5603 12164
10395 11040
12558 15939
8114 11235
2342 22629
2437 23239
15631 15924
11943 14209
5773 6769
3304 9369
15229 21204
6490 15579
19027 23719
5814 16113
8145 12679
4076 17145
12291 18964
5209 19257
3474 18111
11463 24229
7810 8935
20406 23861
3391 17391
8102 19390
1608 7847
12377 18977
4488 8745
1542 23468
46 9772
6705 14493
1657 15556
2570 22867
922 9835
14778 16933
3676 5466
13725 18431
1581 17822
5519 9102
11566 23207
7331 20280
9912 20315
14005 19038
12573 16940
20858 20997
23972 24222
4168 16298
14093 16076
4111 6145
23288 23566
6025 10592
9228 9783
5341 5439
1206 6916
4698 22362
21909 24321
4073 7288
4478 14040
15548 24051
204 5799
19758 22733
356 6038
105 13390
17436 17538
13591 19349
593 13746
6554 7421
17565 24327
8773 13451
198 6582
18782 23313
7782 20605
15923 21298
15268 20328
6941 10043
14452 21801
3928 6982
21108 23497
2992 5651
9939 14689
677 13228
3041 12409
13003 15188
6686 13657
10214 20148
15626 23624
17950 20800
3223 15438
5801 11441
11754 18816
8684 9948
19459 21566
9257 19698
9896 19881
18089 23600
17173 17808
3305 12007
15599 19077
3486 10286
11928 23111
7460 8958
1313 13306
14261 16245
8386 16187
20445 24092
11785 16368
2819 10800
2125 23124
5935 12190
11799 15459
6733 21708
12863 19170
6272 11793
7082 14597
3275 18196
599 6375
12223 12582
82 13071
823 14538
20990 23236
12193 14577
4633 15686
7686 19542
5333 11420
7368 17415
11058 12856
831 6484
20481 22163
8140 11545
562 16396
8946 11041
10912 24178
5560 15897
13004 16013
336 15636
1001 13349
15885 16228
9598 12028
1235 15300
20509 24189
1325 23319
6326 22042
18469 23564
58 7643
8910 13563
7901 19257
4096 19296
6362 12701
7063 14010
8779 15374
4546 23565
4005 23366
1100 20448
5022 11722
7614 12311
10796 12065
2431 20421
10889 21016
14817 22512
6239 12431
16378 16856
85 22450
12137 22634
13596 19267
9156 10195
8631 14286
4844 13504
12101 19900
2233 3404
10128 21271
23455 23960
1240 22119
17271 24122
15911 23474
17372 23627
3714 16949
8277 16081
764 12119
6184 7931
10257 15770
12016 16282
22830 22958
12171 14120
10338 17150
20691 20958
3362 11302
7989 14484
11613 15055
5201 15256
1492 20093
15051 22580
6861 21741
881 1911
6049 20995
10898 16607
5455 22185
1935 3965
9156 21693
13323 15325
18669 19719
5025 7497
2443 19219
5169 24280
3858 18387
693 13829
845 6468
1962 19930
8477 10489
6753 7065
5068 13778
6820 16591
18938 21529
2585 6742
109 6177
8647 18379
5312 12135
18164 19333
11608 14705
3883 5216
13049 15714
1821 20942
3750 11040
2275 10698
651 13927
5835 19838
3294 16598
5241 17831
13895 15559
5404 18577
858 23424
9647 15372
2433 9547
20091 23493
14360 18643
1363 6951
15314 18486
5811 13675
15591 15658
5690 18693
1248 12826
15361 17103
4931 21662
12365 19464
1353 10849
2778 9984
15899 19148
6362 15927
19701 22217
3712 11549
5304 13050
6556 9706
532 1038
4058 23942
10645 23554
11291 20179
2652 17856
74 6857
3033 4020
16335 17133
8136 20817
821 22449
2621 20377
1108 7708
20822 23909
1780 16461
1040 7390
16850 23383
203 22164
4276 21239
9638 12978
1216 1559
3786 15076
7650 9778
2794 3215
3920 17237
8529 20241
1360 23650
1183 24471
12266 16968
1159 4749
14312 23951
5984 18739
6562 8466
17955 22167
1966 10176
13415 16048
1161 4770
18285 19007
7660 14570
9574 16178
3834 13007
15491 16162
21093 22074
9010 23563
12439 20484
3284 21007
16284 16643
7746 17269
12833 23277
13979 14800
2361 4789
5919 16927
2247 21967
17624 23290
10023 18607
5932 8925
5041 11430
14183 21031
2528 22792
6800 21307
15089 20494
14425 22825
3749 23724
3635 14569
1889 5129
5451 20564
3779 6292
14590 14990
10060 13404
4948 17815
1048 13403
8730 12244
3851 11512
21458 24206
183 2881
17787 20237
9591 17703
13740 16715
15948 24344
33 5341
12490 14416
1886 14804
13893 14539
9073 12642
1204 12868
15422 16081
1215 8198
16250 20387
17793 17987
4758 19623
4183 19988
11151 12185
11957 14818
12880 19963
15535 23651
5998 10064
10585 11724
10234 13341
10589 15097
15827 19125
9554 19772
4297 16920
3000 14810
4556 14317
2608 5201
5729 8657
1906 17824
1543 11760
10259 20114
17746 22836
7119 16909
3085 15053
15076 17359
19403 22663
667 16017
2266 9183
7958 15803
14398 20253
2244 3463
312 12512
1787 8574
3492 19524
14865 22520
2438 22944
7660 8502
6893 8995
9102 13780
18286 19464
8202 9787
833 10246
9367 21374
7337 10013
12778 19660
1793 12115
9367 24478
846 13896
4415 22578
10539 18181
11872 16460
4349 6680
23398 24422
8373 18182
2250 13302
12203 21790
4124 19447
7936 13583
3199 19327
1508 19200
732 1991
9747 13068
3644 21646
860 20595
1159 20575
3443 5684
6 23174
2035 12831
3112 16223
5631 21285
15792 21911
879 19522
5534 7452
5773 14496
2271 19057
6105 13043
5615 7642
489 21970
11214 13254
12922 21784
15734 17910
14124 17224
2331 6306
11680 13905
9640 22057
17786 23761
18467 22086
2513 5097
3439 6262
8464 23983
1126 4334
10205 14746
9032 11344
1812 17725
10213 15855
9660 14641
8995 14987
11070 16935
5220 14934
4182 4534
19155 21486
1361 11354
6651 16675
4484 21878
11630 12179
13090 24088
17669 17713
3308 7194
10224 17057
4286 23041
15607 24425
3483 17229
15673 15793
8461 20629
4454 12019
14803 21661
5171 22838
11413 16792
13295 20739
3359 19781
3852 20540
10064 17913
17571 22886
11225 18633
7729 23257
1269 11960
14255 15531
3359 22197
5874 13044
4909 10759
17007 20312
5684 18029
558 21882
15515 21035
13142 21749
5358 21532
20706 21294
11144 20828
7655 10129
2520 17045
6315 6968
2884 21509
280 5551
11036 22195
12840 14790
2460 16696
10691 15907
4534 7933
4617 6801
18608 18815
18210 20116
4204 21908
11039 11616
4905 11158
14615 16351
12981 13524
6988 14865
6597 24490
18558 23772
1233 18118
18891 23861
10691 10979
4881 6676
19614 19656
3341 7012
6779 22388
19361 22825
10204 11523
3565 23912
1384 15743
3386 24244
2297 7975
5621 23888
10661 12885
11962 24147
1177 8159
3217 5309
9588 10009
2007 21342
10751 17719
8861 16397
3342 8187
15956 23597
12036 14295
4879 23750
12613 16971
5967 14840
1657 8343
20624 21354
4970 23732
669 23401
15482 17460
5568 24302
5057 10049
19291 19573
6890 19790
6088 10850
3420 20793
648 17034
541 2805
149 23546
10347 14658
5073 18074
15056 15570
23013 23491
256 6308
5827 15154
7500 19346
15869 23549
9265 14930
15114 17432
16683 22549
6458 11768
15072 19666
10101 15461
15286 20215
5924 16189
11676 12091
4850 16186
12077 19100
18823 20140
2442 4060
17484 20883
5203 19550
1629 3676
4630 15210
914 16430
2415 15475
4473 5683
1377 7077
7774 15260
532 21856
19264 21593
7629 13247
17468 20523
9054 14300
132 21331
10783 21440
13192 19760
12968 20109
6605 12851
4790 16734
12757 12838
3384 18531
1877 20043
2122 6280
12382 18035
3230 4133
3569 15551
840 22747
15255 22325
14398 19931
12839 23777
990 9106
7830 12758
11264 21207
12438 22961
1528 23525
5547 13385
7484 17011
8161 22362
22379 23588
10833 16795
10033 17544
9029 13033
16459 21466
6828 13643
14810 24218
2097 16146
10061 12782
15121 17642
18149 19948
3613 23916
8621 18110
5938 12172
7107 11023
10936 12956
19545 20384
1956 15371
6108 10620
4317 17486
6590 7897
5037 10440
9333 12231
7228 12249
1664 19793
13391 24453
3323 23440
11431 20040
6128 11771
6545 11211
18334 23388
11092 17530
5066 10850
7437 15399
1034 21089
1126 11112
702 12622
1602 17749
10954 23911
11356 14211
4310 17580
12492 21051
3868 4305
16879 21613
6886 22470
14263 19645
961 3596
9473 12057
1827 16657
13624 23838
8741 9937
15039 15147
5562 11718
3275 11666
11370 12032
5719 17485
368 6036
3081 6268
2876 7695
12413 22189
10760 21920
11842 17911
6604 21055
9874 15524
259 18466
18733 20994
15770 19676
3309 21312
19907 22456
7821 9970
8289 19581
2650 20134
6264 19826
8367 16324
10985 18121
4103 20533
14652 22936
7345 8059
4838 5568
11938 18643
8478 22693
9604 16862
11678 14995
9609 16373
1469 18806
5197 20949
7156 10061
6276 18888
3830 14831
15685 16125
4030 14145
7984 14410
11106 22607
1283 6200
9747 11789
13213 16975
1638 13044
7977 11563
6379 18414
5327 14540
479 5611
14657 22283
1780 16253
14464 20315
20183 23178
18981 24079
649 5870
13975 14568
4338 5787
5537 22040
1921 3834
7639 16792
206 21497
166 9884
11163 21116
3360 10731
7927 24148
17714 23774
12673 20771
5030 8006
7938 12145
6994 14469
3421 19800
7044 13672
9409 18806
13006 21773
10575 11961
14687 18772
13537 24009
17457 24344
735 9277
22861 23553
10403 14485
7540 18008
1184 3613
12002 20780
12094 20355
5690 21958
3208 22613
8750 13418
381 24204
316 19936
2923 10923
1758 12750
6752 10399
11591 12902
4171 6640
6971 19987
8300 11684
19866 21201
14058 17021
15691 17620
21002 21778
377 13974
10205 16608
1704 18104
4753 11377
1969 23745
4039 15710
2545 9923
13099 20519
3909 4268
6675 15457
8643 11948
9034 14201
16535 20422
6682 24114
5393 14393
5272 23189
1930 11367
176 17420
4789 16331
13507 18050
15561 17350
5817 13557
11947 17570
2290 15280
3047 4814
18733 21772
10342 11170
4257 16958
10975 15093
7797 15689
1850 14230
7892 24339
16723 16960
40 23039
11312 22571
6569 13459
138 17928
3135 3605
3986 19713
16669 22867
4549 20358
20033 21680
5299 16584
3156 3691
12134 12149
14228 24446
206 22465
17468 17948
875 23653
15906 24246
5078 9452
8555 21059
10569 22785
4991 23463
16089 18214
19027 21156
13889 23651
9270 12169
7508 10237
4264 4800
7708 16212
16318 17449
23517 23824
613 14554
8370 22750
8734 23503
20944 21423
10464 18050
10738 24159
4635 7014
1460 23975
8885 10377
9429 19273
1510 23105
16076 23385
5645 23896
8655 9099
6250 19467
546 9063
17604 17695
2878 19990
270 3353
10323 15581
13685 15706
3885 11293
13344 23052
6360 16690
12322 15338
11831 12202
4898 17956
1506 6667
18825 21894
9333 18806
4179 23001
762 3633
3982 7109
3136 10588
4887 14729
19100 19821
2876 16356
6301 22350
5922 21416
11049 20362
1534 16515
13209 23864
377 24068
6663 21227
5698 10834
18802 21119
27 12264
7799 12699
19136 21669
10613 19007
13634 13800
1095 21410
9779 11921
10867 17631
28 16679
4035 19531
26 21290
2135 3884
19626 24021
15115 24326
15138 22502
22427 22789
9996 10100
3939 16612
11895 22059
10300 13872
4393 13758
14710 23811
448 558
3832 6534
1677 6651
22811 23879
18567 23156
9574 20927
12292 19742
18556 22508
8878 23317
140 21997
3808 21640
21524 22644
5821 23254
11961 16694
7902 10359
15426 15779
3184 21537
727 4837
18123 23551
2343 10207
8414 17153
4293 15369
8306 15572
8404 19560
2013 4420
4919 14344
6411 14622
1045 15684
10381 12192
15759 21812
9944 16501
19282 22044
16025 18580
324 8394
22275 23014
8703 22530
7061 24125
13489 20711
7532 17331
320 11788
3227 23308
18376 20722
4194 16450
6763 15259
9214 12321
15620 17378
11580 15510
1735 10970
2967 16962
5437 22522
19601 23878
17126 23465
22236 23023
397 16728
1240 20648
15395 20107
10712 16838
20236 22720
2940 14905
3950 12644
6648 12990
10976 12235
6968 20501
6188 7411
3384 6197
13643 19202
5982 18640
1629 15914
8751 20171
2805 12530
8403 21969
20742 23016
20082 23408
9543 24127
3793 7523
9230 12177
13390 22695
2084 6775
7075 13321
493 9083
1260 12022
19119 24481
8090 21235
6634 19063
4831 10592
3454 4755
8150 19709
2057 13734
11070 11304
3299 15838
5121 12563
24232 24462
1033 23240
11614 12574
13442 21754
11289 21797
2069 6311
6751 7877
3956 7869
13633 20212
6747 22521
12841 12952
2661 7227
1415 17654
6931 23970
6137 19592
17183 20510
5399 17951
3039 15243
13936 23435
4835 21419
6065 24140
3246 9104
20716 21292
15808 16703
2632 23638
12532 17729
1604 20858
9724 22469
9621 22516
2531 18622
6978 21604
6379 21533
19398 23873
1197 21465
676 7884
3702 11879
9050 14952
9642 12974
11548 21073
14193 19204
6380 10909
16346 23353
3276 13860
2690 5265
21641 21760
3879 20401
1466 4289
10512 16180
19551 23258
11819 21056
2082 14106
7565 9666
1567 24466
12142 16384
3148 16298
1421 11239
14346 20871
922 12064
678 12933
3084 17262
5118 9408
64 20897
20116 23571
2839 13490
10495 22968
21779 24413
210 22126
5171 15580
10121 19825
14384 17774
1660 12278
6894 12628
11645 15272
8207 20695
19812 20170
3869 4193
17828 21738
11916 12480
6342 14277
8800 20270
5547 6413
243 23232
10665 14165
7505 13022
21694 23146
663 3877
3600 23324
13367 19118
6455 16352
1418 7970
6121 12714
9469 15896
7832 15060
2481 20011
13019 19713
9806 10912
2963 17837
4500 23568
11802 19043
3167 22653
2119 11949
9592 19091
911 14695
7061 24216
13623 19176
15202 16598
11755 15073
645 11339
18676 20926
23587 24175
495 15087
18374 21247
10293 13358
9839 16463
1263 17374
1266 23453
8824 13835
6624 20787
19123 23751
501 23494
5134 5657
9251 14671
3821 9141
10472 15263
10018 11478
5698 22622
11570 19786
1729 21301
8027 12484
1398 7632
2045 4148
7606 17614
20828 22854
11995 24268
14269 16118
8347 13917
1895 8271
10520 18455
13603 19907
487 6068
7138 10930
15774 24069
11028 11829
4148 22919
1134 11337
4264 24165
11171 20484
466 24232
2496 11352
10900 22789
7228 15189
11263 22761
15154 22333
13195 14638
9344 11692
13176 18258
20142 23778
429 2901
10354 17576
14940 21899
973 4232
6155 14793
11159 21524
15572 19091
3187 14769
8107 22321
13664 18226
15533 18738
10671 15191
5780 18495
7879 22075
7374 8910
1315 15430
12639 23782
6180 8862
10257 19359
17964 19156
17440 19968
7654 8501
8540 9134
396 6366
5675 18210
545 12555
2778 8208
16152 17256
14553 19860
18680 22091
17778 20321
5431 6609
16328 17154
4357 8482
14574 22048
5866 7387
425 6165
7350 13825
5273 15129
6463 9480
14738 21655
2593 19123
2187 4383
15406 19105
15723 22719
9801 20788
9224 15175
3 23881
5951 10776
1500 8798
295 23279
400 18805
3823 19224
19596 19882
5680 6426
9763 18976
1540 12482
6243 11424
4377 18710
11827 23488
1289 6343
2963 15965
9637 22787
525 23303
6208 23726
3771 13998
14589 24071
13258 20406
7899 11809
1318 13927
12939 13987
9430 24089
1686 14849
9203 22307
8099 13702
10436 23472
6812 9301
15338 24387
15008 19376
8971 18247
15926 18823
14783 16596
4039 13639
8522 9985
6794 14770
17340 22213
6619 17484
6294 23944
18110 23317
33 19952
20742 22297
2226 10773
6212 22668
4078 18557
10120 15979
10110 20693
11687 19754
2816 22676
1452 11994
4281 22351
13332 15590
5847 12702
1084 3571
4545 14704
2043 12941
8705 19873
15583 21990
548 4117
3036 16591
17747 23556
7831 24086
2584 8599
14042 21476
4879 7083
10676 21951
11999 14094
3266 6737
13334 23451
14030 21260
2206 13097
170 14738
1335 14406
4138 10604
5262 22351
10005 13815
1504 5302
9846 13875
662 18945
12729 22801
8533 19834
16955 20677
13935 14073
5195 15993
1338 17440
1533 18174
16543 19684
8156 15097
1867 16550
6031 22973
8936 10996
2027 20302
12854 18799
5376 17807
14545 16002
9973 20371
4050 8595
12681 20457
11291 19746
3844 22390
3283 22570
12960 14902
315 8214
16949 18579
2304 19573
843 21495
4855 10932
598 21751
16415 20957
4066 24089
12210 13242
6948 21169
11292 13093
5476 18588
922 15031
3952 5233
12190 17233
8575 19480
2799 22464
5506 6348
2259 19195
2169 17401
2350 5387
16106 20110
4221 23097
15750 24066
19264 22654
14706 19979
17176 18697
8787 17551
2006 12840
12896 21120
3964 8186
9102 12202
17871 19753
6365 8528
2198 12107
12257 14781
18040 21045
6460 20999
17170 21914
2323 24042
2475 19894
8501 11904
17596 23343
6601 17689
8285 9832
7543 18677
7347 13400
18779 19863
9394 13531
8983 16192
2307 18928
16700 20313
18117 20998
1085 16231
884 23269
3490 23514
2297 19284
10481 22356
5567 16828
17820 22415
21802 22223
16164 16609
4332 23640
14920 19001
3188 10458
7994 16478
8714 11225
11666 23396
6313 9683
13101 14641
7576 19521
3018 11806
8180 21526
10703 17318
5346 23531
21776 23308
8631 22318
13275 13813
4773 19166
1534 21934
8262 23406
11243 11562
9596 17605
6531 12812
2821 13576
23046 23289
3639 24262
763 17032
5584 16954
3147 6616
4778 19363
1304 2890
11913 21262
16936 22283
5661 6150
9213 12839
263 818
5612 6875
15830 20384
4782 11003
7846 24165
1177 19851
12479 18502
3073 15431
3846 11965
4031 11673
2240 8994
19951 24064
843 18074
4423 17464
1139 22464
4893 6909
4796 23628
10869 21635
4641 11304
11986 14399
2618 3712
4589 5348
11228 22151
8082 8558
5604 13247
14315 14418
2453 10112
17182 20733
11054 22868
5328 6907
8066 11010
10438 15030
4995 13604
1809 12770
11980 13379
11909 17414
13967 14871
2544 14484
5211 8826
17883 18873
10644 24244
574 3939
5874 20897
17450 22551
14874 21590
990 7038
14932 19390
9434 16192
4512 6100
1717 17632
8216 11830
10087 22179
10702 23707
2258 22755
3768 15672
11760 21644
17978 19659
6121 8434
5029 11408
1915 15011
3899 19011
2806 7766
6906 17730
10814 12582
16816 21698
16817 17861
7600 19921
3203 12697
9154 22461
20655 24148
6984 11861
356 19252
20375 21478
2736 9679
18042 21184
4201 15771
15294 17989
3060 14743
10251 10671
5562 7932
9659 20836
19570 23839
11354 23843
14362 20185
11838 19275
10753 17072
11492 21810
13169 22676
16076 22445
15928 23786
18332 23971
9268 17694
16951 18020
5491 17294
9362 19969
1328 15099
13763 16520
8107 18491
6782 24226
22151 24419
1279 4603
13350 21389
8155 15551
20161 23044
4232 4629
6292 23674
7142 19936
21722 21960
12340 16427
2364 24370
5009 21743
1706 5870
17780 19589
8399 8662
8122 14444
19345 22265
9069 16705
3847 13918
7228 10660
12925 13442
7118 18376
9411 14253
8388 15015
1398 7663
9946 11032
13219 18103
15107 22643
19137 19225
572 2458
14549 20333
10618 23583
9054 23394
7986 23320
7184 9084
1575 19067
5205 17934
5240 5736
4237 22032
356 23581
1867 2639
19442 24450
2691 22058
5224 7073
550 23464
16558 17297
5518 16282
10083 16183
17451 19239
5138 19064
864 16963
1871 19836
11322 17220
1586 21165
12713 19454
14541 18094
19112 19128
6276 8335
15679 18543
1552 21453
16487 19547
2585 8645
9382 18996
3529 15173
12336 21370
20030 21848
1015 4109
13065 16505
1451 13300
6863 23312
2154 15707
10359 19703
8308 19670
15051 22294
17658 18967
11521 15417
21534 22533
14430 24041
4622 14261
1005 12708
9281 9458
532 4843
8945 10990
5080 9216
8608 19484
324 859
6125 20259
15420 21719
3664 12143
4028 18132
3023 13239
20506 23012
2305 17379
3477 22996
3497 12698
13598 18759
1369 7153
18154 24071
7861 8562
4934 23688
6767 22525
5175 5557
745 12997
412 8160
2281 6370
3758 23719
22229 23680
4788 17408
3000 13139
4248 8628
10656 14936
1728 17403
5626 24261
11921 12165
2844 13915
11959 19107
1926 2088
10298 17625
4239 4503
4094 13729
16313 17933
4960 8256
10426 13516
458 6666
2277 18594
945 6218
10485 11074
8780 17253
18920 20062
14791 18907
1579 4530
7637 21694
3627 20524
2142 11895
18998 23574
2611 19219
12314 18663
17811 19960
1947 19216
507 5790
3046 16146
11518 21804
5026 5280
2692 14108
8156 9310
4196 13410
3689 13698
10776 14464
4893 21569
102 19616
4215 24481
1725 5655
1783 16567
7547 13596
1879 18363
9109 11307
9943 17740
9393 18044
6386 21447
5700 12355
9260 17533
2723 19886
21665 23099
327 16887
1865 7047
19409 22250
6456 20018
228 18986
19283 21466
2209 3849
8676 18302
2250 8241
10710 12701
11700 15704
2852 18334
2323 14703
5233 19973
2480 10102
678 10324
695 15278
15659 23109
6033 24114
105 3798
4668 9331
5770 12939
7255 9322
10639 11054
2188 14144
11156 14195
5901 18473
111 2404
4939 8444
12309 12316
396 23549
11025 22493
800 4018
7381 12560
17193 17352
2909 6311
12572 21641
7281 17060
4979 22362
3614 10791
12230 17719
9929 12731
3377 20921
16479 19205
847 3041
7085 19302
8298 11032
13686 21189
15895 22025
3929 15252
5551 12674
10513 18695
12558 15336
8421 15517
16927 21750
10380 10704
3985 14886
2121 2359
13650 21539
16831 23199
4818 7689
8434 9409
10326 15008
4969 19380
8499 20377
4676 5107
13498 17987
438 3739
17843 19119
959 4603
3901 9918
1826 4543
8094 19562
16489 17324
8804 12703
20668 24064
16229 17453
4932 15170
11573 19309
20491 23800
8039 23194
4500 13541
5364 15778
8306 17279
3844 19849
12117 15033
3038 6684
9298 15895
7587 18624
9687 18506
7008 18827
169 3614
6982 15881
16521 22255
8754 21806
6691 21138
6065 8995
5445 21775
20853 24256
16992 23375
8757 10837
14447 20668
11592 15402
5003 6304
17339 22033
12493 18743
4250 22646
11503 13179
11900 22733
8767 15817
12365 21904
17700 18038
4705 15993
512 20685
8074 12132
16859 19958
8545 15859
20663 23320
5494 20466
5528 19715
23045 24464
3582 19700
14650 24296
15298 20229
18115 18773
1767 16616
4075 19660
5901 19746
2597 7245
9005 10842
96 20641
3706 21842
6312 21958
4817 13555
5242 15466
13948 21440
5689 22909
6506 7417
7259 8940
3567 19551
1157 20709
11070 17714
9333 19394
6478 7657
16014 18324
6561 17645
3399 4186
9035 18739
826 1861
1179 21686
8376 18946
4380 21543
4444 8242
18742 22303
8734 11678
3677 6978
4468 18849
13307 14369
9325 16921
4452 23983
6448 22904
2563 17200
16997 21555
5355 23759
4651 22342
9330 17826
4445 13331
15864 20832
18871 20265
14772 16190
8698 20182
6859 23512
17014 22493
11418 15183
14721 17479
2465 5798
21950 22664
709 761
10564 20133
515 14308
7459 11303
12579 15924
15347 19758
18115 23534
2623 10277
19180 20960
6546 22537
17313 18915
491 5083
5378 24222
2243 23399
6631 21993
2431 17021
9262 11076
8052 20616
12671 16070
8794 9442
7316 18256
9103 13080
3677 23864
2932 20521
561 23634
12849 15223
8618 23823
15301 19568
18577 22134
23855 23911
10250 13474
10215 22707
12022 21572
378 11891
4879 18733
11894 23942
7502 19662
1531 18027
7024 12962
22514 24138
2818 19129
11171 14137
17015 18798
18615 19519
9748 14702
730 12315
6650 17243
3585 21867
2229 2652
13904 17055
1132 9259
6978 8741
1016 9205
13025 18296
15456 23898
20382 24146
1201 13545
4766 23868
14060 20699
16171 22358
13607 19291
7973 8218
10524 21820
7337 9921
5846 12345
9021 11759
18030 18906
10974 17054
3671 23838
14568 21390
7995 17518
5543 16117
8615 22307
6228 18048
4579 11142
8623 23296
18192 18287
1977 13230
5367 17712
9196 20718
11367 15961
3539 5569
2156 15363
5095 7019
4116 23830
11789 13377
808 15055
19873 20898
5572 16742
753 12321
1595 21737
438 9115
18677 24248
8744 20421
1774 23872
2295 19244
810 4405
4287 11405
10078 17078
16293 23030
4453 5571
3746 13949
15991 16422
2078 11958
17702 19400
1809 19828
8722 11450
14096 16952
15032 22285
9472 18674
16572 19786
4250 7690
6929 10568
15821 18718
2101 7915
21152 23587
5556 16150
17961 22991
3206 13400
12501 13020
1506 4645
14075 21267
2602 9410
2599 7849
317 17743
8298 12935
10418 19058
16651 18144
7246 14289
2814 13484
4199 14284
2828 23836
2004 15529
12278 21535
13869 20091
13779 23327
12757 12845
8389 21480
11323 16946
3331 7652
658 10991
8568 16593
16346 18607
6332 13435
21385 23188
3139 8702
37 19751
11972 20076
940 13763
657 6392
15692 16471
7577 22524
3075 16488
15328 22355
7321 11807
720 10314
8155 15279
10123 16845
10450 21431
2628 8836
9555 17168
1021 7615
12755 14648
1628 10613
10675 19024
15745 19667
12178 20913
10980 18963
6133 23506
7991 13131
16783 23597
105 8720
4428 6207
13089 15587
12641 24287
21683 24083
11594 15548
8825 12470
240 19304
6867 22404
2092 13301
716 22170
7754 15046
3164 14859
5907 22932
11836 19886
11536 20642
3039 5568
23462 23809
3144 4475
11310 17185
585 16984
15928 22200
5545 12858
13251 23294
20247 24193
12031 15381
3366 8126
14937 24461
4440 12353
1365 9702
144 3904
16007 22944
13531 18058
584 17763
15595 17662
10093 21073
1870 21939
13934 24477
2668 16346
342 7725
3059 14632
19432 23804
11399 18023
2112 7994
11297 19679
4346 13299
11780 16201
7985 19652
3221 16688
13259 22362
2186 2981
3987 5874
11202 23658
3216 7993
18692 21496
5354 9328
2661 7439
6169 9269
8824 9541
7373 7449
2532 17200
23676 23792
4644 14744
15474 17646
9771 10018
5035 9685
8156 23645
802 24488
1920 15240
17072 19247
4096 7424
7713 14445
2983 5808
16609 18752
7497 8958
19986 20895
7938 20428
8042 22964
2638 5651
667 18563
16604 20238
1564 18377
3664 5124
3222 3823
5369 17560
10376 13437
16968 20120
829 13452
12204 18254
21583 23394
9647 12610
8155 10697
8704 13226
3212 21307
9370 11292
3215 23146
1636 9982
10483 16799
9577 12989
7500 16641
4947 8707
6891 24203
19326 21202
5150 13830
16176 23935
9666 21211
1786 12022
9595 12231
6623 15161
8052 9147
1166 2087
6275 19474
659 8867
5026 9683
2918 13018
8313 17577
19845 21859
2111 16532
2321 8838
18667 19933
15291 19527
4849 21415
16719 20093
4493 5247
4091 13043
6003 11908
6935 21835
8179 24405
1323 9737
3993 8515
1005 10872
10938 13726
8182 9921
10484 19025
6929 16787
3152 19825
2076 17961
18390 23743
11803 18679
8908 8939
3330 15235
18356 24447
2439 10781
2421 9078
11566 21836
7258 14474
4923 6517
15844 19197
10494 13387
2116 10581
911 4789
2363 9987
6069 12918
7738 15434
11037 19383
9717 16503
3360 3616
9170 16602
6626 16721
6665 21593
17274 20866
19183 22531
14950 24082
12266 14256
2355 18572
6561 13966
20337 22161
1649 17540
2331 19483
1006 13835
13746 16681
10177 18397
11987 15419
6874 19324
9818 14139
12614 15841
10507 11095
8298 22837
5242 20897
16063 22188
6242 17519
9626 11655
3083 9179
12180 21896
143 19909
3722 18833
16296 21874
14231 21551
9276 22491
673 11212
9271 22482
7095 14085
6054 21876
1426 22398
4486 7919
14948 15323
5520 12531
10304 11513
8561 10062
9013 9330
5422 10737
5544 14765
16498 18082
20615 22188
3340 23437
12297 21074
14363 22445
5404 22420
7602 22545
16810 20936
3240 8937
40 4650
696 23208
10114 15456
18527 20224
3995 23860
678 14300
11214 21642
10851 12043
2901 5278
4569 19528
1984 16681
9196 9999
8548 12527
49 17372
187 19351
16756 21506
4179 10808
3742 21399
10070 17654
12702 15066
4047 14474
2918 14217
5540 23175
6293 13338
771 23952
5421 16582
3290 16721
13821 19910
2839 23748
6147 15516
16020 22368
1344 14511
7471 24012
2427 3616
1455 21895
11292 23213
3809 15939
7328 12090
4335 11878
3247 22739
20700 22638
2744 22454
13575 19253
23321 23949
11257 24094
9805 17494
17798 20878
3067 5483
2815 21976
13950 20007
14007 17648
8863 10927
22410 22424
9118 11148
8160 24160
11610 12604
8356 22568
12674 13520
5209 11228
4014 13758
12272 15809
3060 22107
7460 14052
724 8717
3722 5078
1525 20871
9436 16164
5427 21034
389 12256
6746 8594
18272 18685
3841 15717
6948 10172
3513 8040
5155 5198
2037 15686
14435 21436
17787 21301
2471 6014
2531 6027
9557 10462
4628 21219
17189 19307
2801 9417
5860 6588
11433 13512
3023 7885
12489 15704
17132 23064
5576 12925
6661 20763
1782 11042
10377 18351
6557 10310
4362 21317
21102 22176
17485 19719
12370 12695
21949 23976
6254 7166
8975 15594
5527 14923
1643 14406
10485 23882
193 18383
9213 13812
18597 23333
12739 17519
4237 19493
4751 22866
9324 10063
2797 7977
2059 15693
2186 19373
10230 22050
17976 22436
12774 23328
3356 21442
11308 11323
2791 22599
8262 22740
18392 22378
2061 12752
16018 20650
13410 19662
3339 17012
2490 17179
9590 13663
3759 21772
18841 20797
15578 17919
4350 14243
14604 16292
15325 21016
17110 21413
8757 14186
5503 13573
2734 2996
984 15584
241 2396
22007 22284
17740 22745
1764 9258
9136 21754
17011 20789
19419 20598
2701 8915
14629 20146
13319 21017
8657 8941
9215 21402
10016 21735
1065 2494
484 2562
1090 21237
5498 17562
10663 11323
3801 11136
8872 22386
1768 21364
17156 21858
9709 20239
8073 21435
1355 3056
7398 16976
7383 24352
4635 15440
18145 18295
3777 21815
18031 22414
4809 8651
4744 8146
14949 18959
5179 14192
299 4069
16765 20565
19029 21848
21351 24052
12682 23230
8001 19851
20971 23995
1658 22639
11520 14116
8737 11557
16686 20995
6162 12841
11166 20867
12393 19401
740 23286
15932 18978
4245 20901
6072 16653
8007 16680
82 21087
2259 22010
3987 8703
2564 5320
5586 10347
761 6785
4923 21136
18193 23654
12683 19492
6010 12730
16517 17082
11551 19697
5245 14707
4039 12057
9952 13850
12338 14969
6873 8994
15545 16272
7165 18410
7566 15581
12782 19774
9612 20536
6330 11295
15951 21221
5157 21365
9057 10772
14667 23775
4168 14803
14125 23706
9152 11571
3637 10898
13280 17726
15271 18629
12555 21441
4392 14751
10234 15542
20656 21930
14973 16111
9842 16210
4895 12859
12174 12242
13089 19854
5220 18932
9570 10318
581 2186
14271 16610
5320 7973
12431 23181
7616 16035
11133 19527
2554 20152
10596 11583
3371 13241
7175 16094
4535 8353
11566 17339
876 22220
3763 22518
10 12621
6530 12409
14099 16128
3597 17751
5893 10832
17809 19354
11521 15085
6096 19816
16429 17990
6634 17993
1775 22301
3490 21276
7042 13826
16138 16584
14880 19448
243 17394
8868 13339
11058 21042
8150 15858
4596 10134
4234 5949
7517 20409
8873 17829
6173 22407
7927 12556
10203 14650
10295 21203
10221 22050
7524 22217
14453 21283
5293 23742
21138 23878
4106 23138
8028 9046
2705 9456
3608 13343
8044 20207
3444 16078
3087 21519
12048 21502
8712 23352
6978 22597
8764 17109
92 5575
10414 15240
7775 22467
14052 22026
4877 22997
1931 23499
9860 24068
14751 22993
7 1280
3291 8365
3879 13096
5173 16490
23768 24389
2965 4273
15437 23264
7153 19999
443 18239
6089 12613
19712 22765
12645 17841
9999 16481
488 13360
14950 16560
9757 12330
12143 13511
2590 3280
11765 15258
17284 19483
12266 17686
11665 16009
10808 19585
13103 20157
765 16430
16533 18809
15923 21875
3582 3680
3873 19800
4966 17131
6511 17207
20183 23725
8236 12295
7946 10913
10727 20857
10502 11681
10060 11016
2818 8432
14160 17249
3618 20257
236 6221
1889 14556
10859 12655
11194 17462
9499 13397
12638 18404
13401 18662
16451 17418
16923 23642
11036 17182
17532 22384
11072 23620
7900 12218
5611 14048
2527 7712
6013 24167
6940 12590
5745 16882
15860 18454
6027 22433
12663 22434
2569 12281
2331 3194
18408 23723
6368 13620
18737 24365
6311 9510
8987 10223
2536 24421
3765 6345
18661 23025
20630 21683
3448 20705
13832 21645
12810 21228
8478 12928
8279 9238
5462 13754
656 20340
19868 22347
2356 13787
13008 23654
9185 13812
16618 20697
365 19128
15225 21569
13136 19911
1368 10632
7146 16914
16075 17134
1733 15175
5130 7058
16289 24005
13933 19110
4530 5452
6038 10961
11680 24416
6204 7810
4580 19687
5065 14282
6983 11664
7707 21633
1115 3931
6862 9784
6817 23376
6133 19988
5644 11381
2605 18456
2920 7388
543 17839
6584 24397
12439 16059
2690 6408
13697 24107
11673 17383
7806 17771
4729 17026
4337 19411
4797 18389
3211 19710
2405 4642
5583 18630
5912 14299
504 24357
19004 23770
8291 20737
3555 13237
15044 17957
14369 14985
340 16125
8059 22450
3804 18320
7827 8708
21511 22362
2563 19799
21183 23501
1107 20724
4823 19544
2011 11587
7818 12626
4209 11420
20302 23912
12598 13821
9270 19214
22310 22695
15137 22930
2670 3412
10939 16913
2252 21225
7757 19938
6087 13813
9691 18430
2631 19597
5931 13219
5445 20422
17888 21591
13088 22802
20282 23573
11477 14227
11490 14369
13297 22486
1489 4460
11579 16808
3777 14106
16096 24129
13418 14461
6826 16803
16470 20355
2780 22260
18116 22617
2862 22147
15503 20824
6530 18849
1566 6027
1017 23671
14694 19164
17028 20204
9657 22567
7413 13542
956 8197
0 4247
14868 22007
800 22582
4269 15279
11958 14629
199 1383
6324 19938
624 11745
5694 17672
2986 19931
20598 23795
14407 19575
3065 12512
2809 16314
1956 22934
4128 18440
905 11984
20466 22284
13364 19675
6129 15308
16989 17610
10251 14795
109 975
2654 21229
9850 15176
7998 12911
5107 21990
3853 21276
8519 8615
10488 17483
15047 21391
10326 11286
20424 23043
5872 19542
348 4623
2025 21610
1760 3577
3630 16843
11240 19456
13345 22755
4535 19796
18731 19769
11170 13334
12248 19277
16701 22065
6883 15584
1480 24380
14219 22744
6506 12132
10676 18990
16423 17386
1190 10406
4139 20957
22939 23608
2399 21472
5346 20121
10295 13304
9224 22285
6294 20735
4605 13795
7819 23722
8061 17499
7083 8104
10343 16944
3167 20483
5224 9626
478 21782
15003 24216
11814 17188
10682 17306
2307 11437
335 6217
5726 6504
939 14178
3847 8311
8783 11862
18569 20678
4358 9735
10663 20229
190 21985
7807 22487
12668 14062
4570 7574
8306 20125
5402 17263
3036 22310
17971 23502
5366 22362
3340 21702
11347 20795
2242 14764
8572 18817
15309 16760
478 5457
2410 11900
3261 9006
2300 17315
2857 13081
11638 14692
10192 11085
6364 6894
7553 19208
10398 16285
4887 16133
17534 21718
8579 10015
8850 12828
11749 16878
3114 5810
14301 19499
5722 14562
12222 15809
6611 9895
4006 24148
5131 20915
2122 23702
6947 21517
2771 12607
18867 20160
10750 18042
2324 6570
10927 15005
64 2458
1827 20450
7051 22403
10547 12241
14450 19321
8024 20268
3063 6130
3952 17862
10172 12218
1025 10908
10318 17037
15541 20634
7867 22309
3375 22296
16647 22670
10315 18423
2607 5107
12457 23784
15389 18785
21560 24245
13211 13756
8837 15845
6192 16272
6623 23004
6549 23307
2327 3114
12619 13695
8869 22860
13938 15800
7632 10195
5767 23534
8169 22102
6921 10472
488 14991
2491 18066
9834 18214
10553 15940
7421 17917
296 5840
7872 16478
8910 23304
13248 21295
2816 7984
7649 11653
3990 17746
1043 7945
14056 16736
18318 20971
14919 24420
1733 21577
5813 8158
18125 20707
4338 21088
19328 19613
10090 11896
14068 24018
10207 17974
2392 19232
14209 14449
3986 13203
10471 15964
3373 9565
9653 10287
19021 22932
16172 20238
2914 14031
2009 12690
4050 21109
8518 23026
17300 18377
2152 9550
853 13853
16143 17146
748 17026
6387 6804
3336 7162
1361 9863
13530 18283
10865 19053
12231 20660
9232 20974
1922 8142
924 16874
4274 17606
12208 16099
1503 2231
2338 15613
6373 9989
12645 19181
9743 15304
5162 11225
3359 15178
1015 9914
9977 14637
5484 9515
4914 14076
3118 23853
11856 17776
16254 24306
2776 15359
1082 1172
5918 10882
6297 21528
2538 11796
11960 19111
5441 9083
9923 13944
5868 18080
6837 16258
3028 9731
1497 2216
3706 6665
6939 15835
545 24439
13116 21995
9201 11691
16949 21568
17567 20342
4788 17611
11825 13143
15752 24271
6023 14583
7520 21549
15 19588
856 19931
6336 18217
780 7255
13388 16098
10873 17956
16264 22973
2778 6244
3949 22274
15647 17887
15349 18396
7581 14298
2464 8229
1988 10196
14708 23301
8817 19700
21528 23108
19261 19744
7151 15619
1673 18664
14221 17951
3738 11229
6094 8760
15550 18993
13240 13900
7293 16229
11458 13784
8603 15718
482 14916
7351 16971
8509 23691
21707 24404
7358 23112
10235 21021
3925 7482
5507 23681
17478 23207
6998 10598
3988 19047
2873 12625
8736 21961
3924 5856
6740 12966
18547 22052
15687 24219
7280 20554
10255 14589
706 6760
1679 2756
401 9542
2405 14035
4717 10945
3855 8820
14905 23815
17139 22127
5407 12769
13834 19302
16928 18106
4678 20697
14726 20276
7880 23171
771 16015
835 12309
2624 7617
1723 5200
2684 10497
9940 12659
14696 16990
6519 16948
16926 18211
14693 20864
1577 17252
13367 14165
304 16593
3943 17722
5052 22092
563 18365
3442 15240
3481 22281
2546 24186
12645 17420
1126 20266
3897 10594
7034 14707
4061 11193
12098 22037
5330 8899
7261 11916
20 23018
9031 21993
21400 21514
4629 9539
9670 15152
9517 23925
6376 15097
20153 21393
16041 21670
6956 10261
3148 8335
6224 21276
647 18188
11353 13094
1235 11325
8554 14207
17500 22299
15349 18875
6561 8042
1207 3033
1992 20973
11040 21985
5121 19081
10885 20768
8483 16165
7186 11586
16366 17389
3789 14698
1765 22692
10409 15754
14430 22290
14734 20457
6262 11877
10009 11963
7414 17555
5933 8269
13516 14555
1859 22496
4706 18612
12683 18629
6033 10770
10615 13073
5432 13438
6700 20253
13000 16161
7445 9891
8275 20949
1866 9872
979 17633
8585 19967
15590 22487
9995 18713
372 13673
14612 14991
1484 1879
15934 19472
9259 24248
459 2416
2806 22317
8760 18470
1442 9278
1195 7438
19060 21724
6439 19779
2706 8771
1102 13522
7847 19685
13987 19160
8471 13949
10136 14555
10117 15554
8893 14079
9411 23093
13457 21118
7733 15970
10797 18536
11259 11346
2435 10539
6263 22016
9194 15300
4627 18653
3877 17793
12824 14688
4776 9646
14290 15590
17935 20634
13928 18822
3145 11981
4580 24486
4334 9844
716 12021
4780 23828
2459 6472
7588 11083
3407 13723
577 15570
12339 15781
10260 20058
17243 18259
10499 15401
15292 15850
9493 10937
13322 16391
6727 7500
12025 19768
6624 22149
16640 17766
5845 12788
11008 20742
10114 17842
3194 3823
9296 23071
1989 3881
2652 10304
10318 15250
3874 13488
1022 15077
10559 11309
13026 24365
10808 16269
17532 21933
1760 3900
6660 20533
78 4270
10892 12158
3 22405
12770 19615
1020 17799
9229 9940
9732 16017
1359 13727
5937 15591
3260 15548
6405 18483
1696 18110
7587 8456
1547 9366
4589 12150
10918 12237
6318 22444
11386 20784
11288 23465
1160 14304
4188 5621
10931 18595
6709 16475
11111 23669
1749 17044
20176 21184
16033 21551
14454 16674
9924 22267
10713 24074
17325 21001
18410 23870
3452 7836
8861 14055
1985 15144
10248 20343
10488 19558
2252 23254
1145 8451
5289 11379
3213 5852
2621 3089
16094 19841
3617 7611
312 5911
14410 20614
6674 14018
17108 19124
4422 4831
14743 21517
16326 22880
10372 21478
15815 23368
17819 24245
7056 14165
12560 19528
81 17791
3566 6448
8882 8999
4959 6639
11117 14191
11041 20319
8812 19695
4786 5827
4789 14035
21218 21236
11898 20451
540 7143
2608 13742
9129 10416
18713 22445
12803 23742
10611 16800
997 13479
9158 23737
2239 19066
8006 9270
19488 19718
2079 9507
8634 10398
72 18098
17570 19630
8473 24175
9730 11856
3524 10931
12196 16912
429 5998
11602 12841
1226 15724
11586 15082
3062 7689
8692 22526
7010 19382
7685 23845
970 19123
8432 23225
990 22481
3943 20380
22235 23562
679 12218
12932 14431
926 19391
13547 20927
17239 18893
3920 24018
8078 20022
17198 20797
476 2683
4487 17116
20124 21423
23316 24368
17187 22933
16426 16685
2984 13079
13364 18266
7924 8681
10438 22890
13073 23516
19467 23108
15263 16784
11922 19156
9827 11471
7898 18977
8584 21713
10667 19300
5349 8879
13984 20754
3066 14277
4882 13532
12156 12954
2269 9380
14652 22151
283 5743
21732 22722
10696 21962
14183 19212
1920 21927
7425 10030
18575 24425
4161 13775
9131 17132
3665 7674
14565 20826
13157 16352
4722 18622
13267 23879
1404 7811
10675 14376
19670 20669
882 3608
11837 14893
5180 10631
1035 14174
3424 7653
10862 21487
2390 16800
17904 18900
11451 23032
16886 18126
1394 22090
3978 6315
5449 8379
5571 10431
15214 16954
10568 18620
6232 6402
14972 16162
968 15253
1066 5796
12182 20744
4120 18879
2522 18967
13986 17944
8738 21040
11572 19378
7489 13434
3234 8121
10828 22395
7964 8446
14343 15530
10444 12309
562 11869
1741 2303
6130 17832
5276 17517
5839 9733
10820 14910
17179 19294
13057 19065
7045 17085
4338 4507
984 10428
6285 21285
13349 17357
2631 10474
19004 24229
5774 8024
5760 19944
5908 22873
5619 17980
4723 11920
4570 7352
1855 23743
2544 8547
3797 6373
38 3895
12786 14555
14171 24372
15842 16895
10659 24225
1713 11021
7982 13846
3051 19833
9794 14781
1182 11052
3886 5649
10442 19495
3417 19139
2491 13892
6646 24043
2997 6599
16666 19872
9062 13162
17153 21365
9358 12052
2202 18194
19890 24135
1771 17429
15575 18999
10963 23689
13054 17542
2665 4176
757 9050
9202 20445
9063 23182
14606 15670
5558 19811
5002 11876
5815 9735
8312 19976
9495 20069
9567 9607
9913 24321
13074 18623
7549 19786
2644 4577
2594 24157
3919 8073
13100 18402
1351 18311
10448 12886
5457 5597
2855 16383
2392 17769
14040 14070
2282 21687
7243 24290
499 6934
5244 7228
4763 14409
948 21551
19760 20126
3407 7557
9982 20275
11290 22458
7260 18574
2883 15270
6408 9082
22995 23387
11060 19545
4244 22281
16181 19904
9013 20305
799 6702
19296 21353
10717 18660
6796 15689
7786 8730
11755 23691
10641 13325
12359 19337
10360 11170
8317 12219
321 23053
15599 19931
4565 15880
3581 7034
4402 22675
17089 21789
14861 23437
3187 20705
139 5973
4600 7577
5693 16605
7534 12069
7978 8210
12649 13069
6177 6900
4176 24027
441 5461
7487 7538
184 16865
23328 23555
1475 12378
14773 15413
10630 23654
2479 7033
9354 17389
18725 20664
2514 4114
5399 23621
19376 21579
1426 15482
13212 19164
6618 9715
7998 24220
5566 22197
7381 23436
6747 8508
10478 14233
9155 14341
10384 12035
7010 16036
3697 19247
3567 9659
9048 13284
5103 15061
9765 12841
8360 17331
7929 11070
8907 20560
16775 23736
3098 22452
4421 24481
11052 23636
12106 23804
2341 4940
8054 16513
4167 7757
15925 17181
24238 24369
577 17611
7481 21328
12123 13610
427 18173
6888 11085
4443 19149
5785 10689
5943 12931
14425 16037
12172 14386
10508 15541
10447 23833
5129 18029
8615 19483
10075 18148
9289 22642
17435 23726
22615 24154
12464 24114
15618 17934
10644 11445
1625 1855
1615 6368
16478 19779
12716 21427
4823 9211
22832 23578
10764 18201
14873 19420
7831 21460
11304 19748
3844 9396
4859 6396
6073 16015
1947 5917
11933 20934
14396 18743
5560 14896
19153 21716
2406 17324
5083 15062
7077 8266
446 17915
9951 21505
5264 15523
15054 17119
8134 13622
524 23311
16745 20510
8929 13222
4548 5768
1533 14096
6202 22126
5531 7862
1058 20904
352 5305
2534 18484
1771 17360
8708 19938
1780 23200
268 16229
16834 17280
9525 15431
9071 22173
2650 10739
10955 17887
7349 10421
1171 13420
771 23986
4050 6982
9608 12764
10981 14972
7979 18983
9514 18880
1178 5970
5431 9274
1223 8879
862 23385
9732 14730
4992 23742
9025 19621
20825 21385
9482 23535
1973 8670
8189 13658
8622 14141
11195 17376
14691 18332
60 17684
498 3994
4676 20165
1931 20360
2527 18150
12975 17547
12546 12986
16051 19603
3641 7970
12212 22888
3238 10997
1832 10262
11112 18260
19778 20245
312 3753
1200 16523
505 15394
15991 23185
9730 12102
6233 19034
17456 24165
13099 14075
13034 21249
3805 21929
2261 18304
4195 14223
12204 15407
5386 8693
8065 20675
5565 12153
2841 14804
12930 19936
15117 18827
17144 23368
8958 10153
928 16747
7138 8189
1849 7921
2818 21398
15584 20238
15853 16338
11954 17632
6069 11870
2958 16826
21398 21737
4096 19834
5945 16037
5855 11055
17207 21984
3928 24361
7262 16399
10202 13411
7734 15359
4051 19664
3810 16538
5814 20176
930 1099
5236 24418
8402 17580
8976 9768
16232 20723
7290 22487
478 10338
8571 10473
16499 19981
9283 21447
17006 22912
16895 18136
2746 9785
13526 17274
14265 19579
10175 15235
1704 7134
10912 23615
5725 23873
14953 16523
9260 21148
8839 11800
1433 15256
13676 18699
19289 19332
759 22697
9212 10423
6920 8325
6494 13533
12123 15993
5122 17237
9519 19687
3796 21680
2243 14472
10439 14218
11985 12060
10218 18125
13526 19366
4438 9667
4070 9023
18677 21974
2741 4499
1810 12625
4090 7641
5538 23158
546 1085
11649 23732
13329 23532
4846 18297
4583 9028
3293 19684
9250 17298
21237 23632
8053 16857
1668 22323
5274 5465
4674 18659
1253 4221
8912 10588
780 23645
1347 17933
1206 18991
1787 19924
7636 18240
310 1418
290 17774
15315 15451
7743 14804
5004 17142
4212 15560
2863 6277
4618 20129
6518 19379
6669 21042
2201 2772
12533 13862
13749 23431
3312 7436
1764 14269
18465 18544
8682 9875
586 11102
7778 24202
6031 18471
1915 4541
10076 17854
455 21256
2550 16417
21654 21849
5745 20611
7133 11784
7174 23835
16092 19111
4047 20242
5195 6567
4231 10362
11260 19996
15361 19847
8025 20920
14 19101
6739 14875
5086 12571
1856 9375
2167 20635
14384 21843
6003 9252
3086 12946
11257 15698
6339 11276
15456 22296
11195 13632
1013 21869
17732 19266
15489 24297
18358 22158
4876 17500
6869 20693
12377 16294
15601 21015
8519 24334
295 19509
15529 21070
5632 23094
11046 14361
1919 18061
20592 22458
101 2803
10840 12869
1174 11944
10148 19291
11194 19602
5326 11298
1496 8905
14133 21605
11532 18657
7012 18915
3180 11708
6296 14397
7861 12411
392 17843
14935 18891
1169 15834
6529 16954
2254 17737
6376 10891
8476 14942
8545 13381
18215 23519
602 16295
11955 12838
2988 20914
11829 13541
6560 11006
214 6860
9792 23789
6708 22943
5904 22368
1005 14620
7528 8764
2751 13631
17918 22127
11349 12175
9890 13253
6954 14987
7367 7711
187 22169
2463 5799
11647 14104
10121 23293
11599 21555
17608 21987
8010 12466
1937 24211
1786 19849
1870 6821
6551 18114
10901 19814
6210 9604
11899 21829
8624 18421
6164 17656
4791 9047
10004 12705
8215 14509
7852 20400
18548 19695
14623 16719
885 9167
6749 15540
7217 17747
3879 6163
4861 22534
4384 12634
1988 19606
17035 18582
5492 22654
3324 10260
10774 11577
17819 23565
16330 17882
104 8600
10987 17460
8504 21270
296 6544
1521 20561
11702 19585
21347 22043
9977 12885
685 15044
14485 19326
4021 11620
14941 23803
4636 22596
13633 14364
14774 23291
124 24233
17621 20883
16750 20990
2299 3218
8576 10246
703 10388
5357 7659
302 5422
6447 21780
4847 18274
992 20105
8701 13761
15580 19282
5997 7265
8126 22224
16413 23477
8514 15065
2002 3544
929 11427
898 8653
2340 20606
3038 15634
6342 18119
18527 18734
17170 18222
11700 23042
3841 22019
4309 14522
3100 14879
11304 23481
7365 21329
9445 13118
14606 21686
16135 21151
16357 17770
6039 6313
18820 21163
19634 21976
2068 21383
8357 13209
5424 20100
8150 8331
6845 10202
751 11265
6361 9479
12755 20344
15480 16968
14577 22623
7367 17681
17672 24036
7368 10767
9730 16058
10092 13752
4947 23984
18538 20734
4029 15043
1365 20435
15620 21244
12178 15725
8499 16893
20388 21563
10227 23334
4797 12290
3848 7155
2475 5841
2485 9018
8791 23689
13521 17253
10613 14460
8312 16100
8046 21271
6423 13233
14183 16995
767 9411
16608 21536
7463 21792
18609 19629
3681 15371
4140 5918
4822 21690
697 15383
5090 18305
10245 19045
13875 21790
2107 9130
5711 17395
226 15693
97 4171
22079 24047
9762 14921
10843 14022
9358 15920
10856 19802
1616 24452
20404 22756
5205 21529
11820 17631
9001 23805
16416 23892
3854 14113
16055 20886
3281 19541
4462 16273
121 6635
3236 12307
12956 23269
14176 19014
4459 18928
6083 11548
6894 13286
1481 4868
11812 21999
647 19454
9900 14785
5621 14825
17870 23532
1028 7087
6746 15989
14632 22086
15368 20065
3858 17188
3304 5405
12815 22199
17393 24401
5966 9274
31 12733
3923 12750
4928 8563
6033 11310
1154 7656
7038 16800
11528 21603
7268 16997
15592 16067
2534 22673
1089 23181
13326 19403
4007 9038
89 13264
17418 24087
3414 6407
19707 21070
3358 19425
14418 20592
20120 20914
9081 18198
5824 20610
11532 24109
7193 11821
9532 22474
1887 22087
6304 9616
9992 13266
10177 10511
6880 18229
2480 4063
1196 20667
1751 2157
2930 5824
4182 16870
10684 11917
1658 11948
6213 16343
3192 24424
16690 24221
7011 14765
8048 15382
2835 3276
21479 23328
12939 20369
7863 16005
7079 19725
5271 10362
18048 20423
3372 5959
8829 19619
15812 24459
15095 15878
1758 4001
16896 22242
6667 11779
21437 22576
6375 17534
9627 23055
13444 15271
19995 22906
1749 14095
12824 22302
15634 18578
16383 23616
9529 20125
918 12617
243 12471
389 19827
6430 21470
4905 22335
2446 11384
904 7679
10815 17585
15356 17118
10074 14358
4918 13409
12978 20856
1075 9523
16044 18529
1860 1934
3885 14092
11133 24222
9696 13537
2111 18337
6749 19684
7049 15396
15179 21003
5010 5726
5285 5938
13692 22382
7288 12339
6367 16617
7844 19925
5711 15812
2829 12447
6701 7290
239 4850
9144 16566
8539 8699
2091 20204
17229 21805
262 17111
4351 21100
1684 11512
7338 7715
5310 10315
7080 22403
1254 24242
23470 23850
15431 18341
616 21848
19428 22967
10858 15316
11627 13834
3519 4103
13296 18396
9314 20585
6592 8291
8027 12720
2904 6753
7386 12827
1094 19346
4255 16982
7759 22919
15888 16569
13440 15927
3728 3866
17940 22856
2159 5226
3328 5550
13708 21013
11361 12049
7228 10887
6981 17564
7878 19096
161 14881
6488 19373
7978 21447
18481 21243
4015 10348
5156 14922
17263 18602
14722 15077
7760 21367
3186 11414
5727 14480
6828 18732
9488 22530
3172 24078
3787 9159
1124 16488
11852 19369
3823 23024
4207 5190
9597 23856
11256 13519
11547 12997
2937 20299
11610 11845
21270 23671
2575 7054
816 21647
2792 14427
6826 13075
2185 19450
15993 24295
1163 12302
5085 11899
1585 12533
2407 12123
2891 21951
8901 19004
5841 10433
7879 8756
8955 24105
3063 8879
7290 14033
1085 12244
11836 17282
9992 18098
21995 23988
8023 22779
4761 21259
3173 4997
12118 12394
5679 23197
18716 20826
3287 11946
4959 16107
9679 19688
13154 13636
9069 22064
11610 15176
14771 22640
2464 17034
430 12954
1252 11657
9980 13478
232 19716
3689 9318
3516 22072
12346 21417
13553 14366
14949 21690
4947 14050
1518 8785
1609 7308
16019 20134
2149 22372
21316 21382
12462 21410
8488 16423
7493 18950
6793 15814
5201 6866
18965 19469
4265 6741
19230 23136
870 9501
7300 19152
1005 1555
14546 22504
753 9734
3929 12704
4838 18370
7189 20390
6804 18741
19483 24370
9129 20021
160 5450
5154 14009
708 14787
732 3510
501 2841
16116 20942
7531 12176
1390 12852
3043 11183
4620 6742
205 10388
9830 18558
2963 13109
4961 15194
1151 12761
7345 18609
283 5492
16945 19916
10424 18637
7 17629
8071 9593
1537 6430
19483 22510
3014 17749
4419 19688
5305 13445
12464 14930
15113 17730
3194 21846
11609 12252
3866 19106
13705 20886
4430 11758
8908 9870
4149 6582
20934 20953
9789 15891
17840 18027
4014 6818
17949 20797
16233 21085
15608 19836
17949 22925
12484 22160
1024 15237
508 20692
11143 21629
1587 22564
6231 14872
1317 6390
5431 15359
817 7176
5468 21526
15637 16113
8193 20692
12881 14347
1761 3045
528 16234
6782 18597
5502 12698
12884 22054
12072 19881
6464 9190
14095 18264
2806 6936
3505 8375
6249 13410
4363 16049
5472 11942
464 20349
3502 23314
1821 21717
12918 20122
9236 15543
2950 5619
13272 24017
14758 21222
1269 4598
2741 23052
23494 23864
14481 17336
8230 8310
13401 14012
10569 13344
6874 11821
2927 18754
12799 20811
439 17512
3299 14804
14116 14604
2020 7153
11793 20457
2902 23083
8495 11613
177 17473
8784 24094
6574 23762
13082 18275
480 18461
19895 24178
579 2289
19674 21023
8924 16694
5225 5713
2927 3376
16280 22096
16180 21999
18416 19053
908 16261
18061 19905
2237 21064
7482 10145
10005 23300
21125 24464
12142 13422
6835 10524
14536 21283
6932 22162
9876 12553
8163 9311
4436 9952
12446 20480
15606 22274
17746 18721
16386 23655
5136 22628
10030 18764
21736 23945
19361 23212
3916 16408
922 4673
22069 23892
21296 23633
7685 18876
8551 18280
6764 16520
2762 24341
5446 20264
11393 15614
10665 16988
14280 24041
1990 14250
20097 22200
16162 19938
22364 24282
14625 23653
17932 24420
6845 12689
9506 15660
3323 19556
8063 10404
702 17631
1752 18421
12817 18626
5082 22088
16913 22727
2322 19646
561 3954
13492 22271
5614 20804
5194 8592
20006 20684
3132 5759
16952 18803
11752 19777
10947 12633
15133 19734
13716 21319
6273 23279
10222 15300
8329 23186
7264 19149
4878 17879
3867 14801
12735 16917
6108 16918
20743 21567
10180 17596
3331 9979
2045 24261
2054 19694
6219 18002
16818 17218
6785 8954
1204 17062
1111 4906
4222 14880
6630 22976
12817 17576
18016 23533
768 1387
6420 23126
16437 19065
4000 5076
3194 15255
16640 18761
4945 8420
5231 20084
6072 9636
7089 20740
2324 5816
4648 21459
2657 7057
8705 12446
12132 22153
3321 19551
4999 21147
18163 20806
14095 23176
3399 17050
520 16080
9303 20438
1243 1443
7680 16882
8301 23968
7476 17011
5449 6416
12300 20841
19586 20323
2914 8026
672 4036
478 14565
18138 20287
9820 20993
8520 11371
6528 19433
1948 7883
8166 22199
13243 18716
12762 13112
3068 18091
11649 21714
885 14732
13951 21449
2922 24293
164 1706
908 21630
5227 12067
18564 21760
11244 11881
13712 14911
1367 9401
9811 20047
1855 21626
8797 17675
5453 8546
15440 21821
11398 15582
9984 22507
8196 9654
13434 23416
5297 16610
13622 18722
9475 10795
20180 22042
4647 7544
14200 24289
6824 13682
1041 17253
10061 11941
2766 11706
20036 20090
4624 13870
8635 15097
6291 24309
5704 20872
16717 22876
18997 20743
12587 16434
5422 15102
16684 22011
1932 3127
14918 24057
3230 21878
16988 21475
4488 17953
5876 12245
10409 22060
10303 10696
16847 20629
1538 16451
863 2864
3869 15823
2118 16490
7981 13366
1758 6010
18294 18639
18448 18875
15856 17428
11450 20943
4209 18760
1974 20524
15519 16473
16094 18460
16822 23992
2108 7125
12808 20516
9450 12960
8361 8382
8900 15301
16533 17549
11876 23518
1951 12671
9299 21363
490 4145
4446 8173
7543 20663
6368 11011
12556 16463
15889 18009
17106 18614
19065 23125
1795 7123
2083 15349
3566 16403
7899 21667
2892 17545
3682 21055
2055 15405
960 13881
11242 18464
15554 22484
298 7068
11439 23157
355 19210
4948 22901
8143 19439
4127 12572
13535 18405
8445 18517
12870 22062
14826 23226
5508 12793
22413 23459
10349 19392
901 7208
842 1126
11311 15751
18781 20564
7252 7713
431 24040
15176 17159
319 9667
9602 11218
10345 13514
2361 13089
7742 15061
8269 12031
6877 13961
4108 16560
699 7643
2601 16509
15569 15845
5908 8377
2621 5641
1854 6228
8675 23708
1320 21543
2353 22872
6752 14596
2660 6582
11188 20969
19090 20866
4535 7170
891 10434
14270 20284
2472 13541
2909 14343
5258 17479
1431 21136
7025 20358
4951 12877
13547 19556
7848 23434
6487 18470
5824 10829
1012 19302
22081 24450
3916 9852
7342 14819
5207 8457
954 6957
14452 23903
10616 19566
5346 8895
11564 17015
4624 21281
18569 23746
926 8921
15637 16413
11044 19566
10835 24014
1789 13084
10847 12333
12505 17606
2831 23733
712 6183
9683 16133
22460 24461
862 22683
46 17046
18762 23449
14983 21494
6431 9406
17801 19731
3483 13287
9895 13005
10134 18918
13061 17862
10527 24203
1675 13832
3010 13488
14155 16064
4112 7135
12131 19992
19113 24141
16859 17574
5773 7529
17059 22519
12493 21487
4426 24049
2032 7772
9307 20761
11882 13219
2843 22060
9655 15926
706 20478
7213 9346
5931 15045
11571 16905
6468 21126
223 612
12934 19260
9578 21511
2500 6864
2946 15265
6700 13207
10492 14631
2407 7038
14825 15871
2749 13543
3315 16811
6184 24279
3395 6201
5919 10710
4764 20802
13664 20041
4996 12834
9011 17866
2520 9935
2149 17636
12943 18555
7944 10740
10435 18854
3491 24093
630 15755
3940 7501
13841 14824
12551 13463
10244 21514
953 13958
7721 14459
6107 15910
1903 3667
5222 24217
5075 10376
5033 15807
1936 10980
7037 12241
1211 19218
16648 17176
9271 12856
5805 16417
18010 23627
9293 23344
13484 17020
14355 18021
6402 22972
12536 20008
7590 14880
4113 23087
11443 23162
1187 2863
12761 14142
2101 5635
10675 19337
12943 23752
18133 24466
17081 23723
1312 9184
3416 16566
15828 18600
17836 21824
11941 18514
2114 4650
368 492
398 5684
17778 18660
1761 2690
5451 11905
16618 19231
2683 14812
11408 12701
6248 24126
18890 19933
1307 1424
2883 10351
629 12933
13807 21775
5622 18752
11428 18762
8890 19325
10376 20028
2388 8610
2505 4019
1304 22128
19038 20405
15758 17365
13955 20546
1604 6836
15714 19879
15699 17347
12112 24114
8150 18117
5462 9697
15557 22259
16373 23725
2925 16666
13617 21908
2904 8711
3014 3613
1132 8653
10284 23880
11818 12874
759 24315
3170 6963
10379 15756
468 12571
1079 10036
1418 9543
15890 18920
2638 19368
10930 20383
14982 20592
348 12169
4718 18600
6751 18051
3234 14306
3962 17244
2368 13570
4279 4470
457 2621
4815 7805
7653 10680
15619 18080
8411 21200
6651 20381
5273 16239
7055 7694
1293 6671
5736 24100
14103 22976
18139 20975
8645 23251
3958 13289
10760 12755
5098 20539
3238 3329
8606 22857
7565 23392
13898 17419
20436 22581
20378 22860
4271 17040
15577 18787
7205 20330
12981 22735
329 18078
15532 18575
17092 19052
10581 12405
11983 21709
11227 23163
6669 10729
20871 23709
1560 1790
12404 20958
822 4164
7806 10916
2106 23141
13267 16233
1499 4195
4433 6255
5408 10843
8090 13634
10587 11730
17355 23242
14419 14836
18058 19821
38 15709
10755 11578
5159 8679
6137 11606
1218 21268
2437 6750
16047 23446
15289 20814
5292 13512
7341 17526
18488 20549
12657 13448
5989 23111
21613 21985
4258 17240
4909 11955
9090 23367
2187 17314
5771 10046
12256 18166
5353 9449
12172 14236
19918 24156
10469 17181
17103 17958
9149 11772
5531 19326
15347 16065
3814 10310
8477 24268
6008 15838
7139 20780
11695 20927
947 9135
7469 10038
9364 10413
2626 3511
4438 9443
16779 24444
14893 22923
9257 11518
16417 17426
2170 22263
96 9474
11148 17713
2486 11655
12709 20254
7190 16443
1550 10260
15287 15534
16414 18151
1647 9518
17805 19179
4085 8739
3344 15505
21347 22478
7740 10600
2804 16050
10809 22244
7774 12568
3362 8928
15739 19797
19209 23777
14409 22479
3097 18528
692 21968
3372 21604
7664 17551
3163 12018
2750 13655
6029 24165
2729 4425
4871 23176
761 4209
8982 23851
7555 16500
17172 17324
2524 13088
19664 21966
11236 15032
20773 24175
1872 17969
21081 24244
21406 21453
545 11199
14790 20163
3418 20736
11046 15820
9432 10789
1816 10674
10594 16313
313 17656
1375 23882
1598 23556
14010 23310
360 2216
16669 20255
2372 13091
19888 22355
970 1037
9904 24351
4867 21660
7286 23696
377 20173
3550 13411
3427 14984
9181 16126
8013 21570
1873 7447
19206 23125
7634 10255
22060 24060
6177 8837
5646 13168
2089 21459
6373 17345
19690 21034
19420 22370
10535 15564
13387 19975
1426 20130
5346 20314
14678 21774
6118 13491
9639 11108
1343 19772
5975 21423
6887 16839
3951 6516
19311 22496
4159 18544
13445 18707
3395 21146
8839 22929
11030 12284
6131 20089
8226 20470
20432 23131
147 4273
1679 6256
7674 8621
5333 19155
4564 21323
5981 13617
5498 16875
18269 21384
11261 12253
8116 14675
2289 12818
21098 23460
4321 13067
18867 19831
8184 11572
11327 12719
9607 15490
356 4032
9882 12589
14117 18471
2182 5825
583 18124
17486 19110
4418 17304
4670 9270
2572 8886
8634 19018
307 13945
12624 14834
23373 24143
8260 17108
5217 16406
13151 18960
16779 21550
6117 19868
8241 13650
13502 19449
17132 18962
1738 5799
17536 22025
980 17643
10236 20204
2149 6583
1292 10408
20425 21313
14691 21683
563 17723
17173 19804
1374 12555
15425 19193
2263 11221
6972 20819
7907 17209
6327 12371
4272 5920
5572 20420
10066 14102
3649 9299
4088 24485
3956 7872
155 22584
9097 15988
11620 24272
9023 22150
7207 11068
8594 12332
7548 10629
2526 6790
21722 23325
13220 15716
5227 8322
4702 10421
13306 23688
3298 4373
900 4598
4518 11321
12019 20555
15650 19507
4212 8235
22322 23455
504 20491
4141 7488
735 7038
4836 11139
14877 17843
7372 21847
2267 6693
920 5685
1924 8614
8537 24395
6652 24382
6488 11749
7238 10175
2057 2507
12079 21861
12966 20710
8992 9195
7652 9045
9047 20437
3843 7623
16426 22033
6742 13268
18564 19026
5507 18464
13965 16042
21767 23970
10396 12466
19000 23926
18177 22174
6145 17961
6056 10570
12786 18774
3675 22727
11696 18558
93 3135
6362 15973
6807 21514
11294 17176
46 5078
19782 22135
1737 8038
18867 22651
2288 17631
603 1314
5827 10405
13546 14745
22221 23135
1763 10758
16269 23206
17758 19403
6621 7306
1592 23695
16905 24263
937 17479
8901 16722
16935 18831
5585 16712
9110 16198
1459 21393
2391 23509
19632 22011
547 7127
15205 17947
5596 11897
12595 21924
10036 11403
2819 5362
4754 17902
3877 16535
19335 21602
4964 18111
2904 5714
1033 19053
16000 18252
13833 23853
18067 21673
12215 15695
5269 16914
5873 19344
16327 19685
1501 14553
5792 12704
4308 5661
8535 21431
16131 20143
613 1599
9476 23404
194 7036
6702 22373
18461 19149
1115 6313
1758 19972
15901 16101
935 23155
5295 20708
15395 18923
1225 24378
10554 18857
10780 13248
17769 23546
10984 14971
18968 21850
3203 11898
17956 19899
1579 21164
4239 16665
11593 20432
6326 23745
3246 6506
9415 20669
7489 8683
5494 17538
1797 19496
5249 16368
7860 14533
5967 11592
8464 17700
4561 5503
7366 21837
12891 24184
10406 20198
13420 14096
17822 22566
2740 11898
8051 17401
5492 12445
5462 5496
13734 20313
8092 13293
2432 8836
4535 14403
4139 16774
14675 21606
3007 23068
351 24120
6165 17074
3986 23969
1501 9389
15573 23972
3649 5664
21189 23029
17082 22802
786 7515
4446 16083
5567 9843
22470 23806
8971 18118
1940 15335
9234 9431
349 5044
6897 11208
13496 21934
19042 21623
6020 13714
2342 15773
9210 24033
9456 17658
2890 9008
16390 23674
18706 20521
6620 16931
382 22952
5199 21887
13078 21287
3226 21748
6339 6467
5473 14801
13627 22515
2110 18222
1113 18075
4376 13974
9706 14290
843 2259
8272 19420
1013 21246
12268 16440
19521 23823
15350 20366
3774 23595
3818 23823
2490 3035
11825 17767
13877 18987
15022 22851
10621 11189
13137 19602
2699 2853
5629 5868
21341 22735
14340 17205
4374 15988
2713 23581
7677 11986
5098 15704
8070 23730
18030 23410
2755 13196
915 9120
2622 13360
5711 13190
6767 14680
8644 14798
1308 2813
9254 18346
20653 20714
5590 10874
21280 21485
508 3579
1809 24225
16468 19051
5466 11741
127 19501
13197 15302
6547 20660
17552 24460
11832 20814
9220 21047
12286 22936
15494 16978
9725 21464
1759 16371
12225 19550
19828 20800
4685 16264
7244 20321
16931 21080
6916 15743
1224 16051
10412 15104
289 21923
243 16800
1773 9534
20660 21159
13348 15211
3277 13188
2624 9271
14739 23470
5334 22171
2667 21053
7566 15919
16972 20836
11645 21305
4466 16913
4726 22462
10460 19177
22193 22277
4363 19035
1483 24044
138 4692
13454 16256
6745 20526
766 3629
1802 22990
7349 8839
967 5748
8543 12044
3196 19446
5668 19921
19490 20832
503 10263
3753 21431
4654 20673
10406 14114
9326 17248
8490 10837
19993 22019
12817 22286
15561 16286
16132 22188
485 5274
8868 17891
6648 15104
11863 20630
3562 17626
38 17411
656 6403
621 21668
14050 21177
960 2929
918 16691
443 3669
4452 19448
17470 20103
11795 12497
8176 18163
2216 4953
4871 18270
3711 17427
16144 19071
5930 16096
10451 21258
4600 12907
71 1647
21978 23697
3634 22119
11696 12151
8893 11058
2050 22025
10650 14575
20428 23710
1666 24199
7729 17236
16636 23590
1026 13106
1307 21281
2379 9669
7808 14040
6679 13536
11675 21333
6395 12338
19879 24104
159 10439
9391 19703
6833 10845
11949 16904
202 1450
642 16821
11616 19021
13119 23705
3409 4378
14818 18295
19600 21300
13707 22669
5260 12950
5105 16394
4675 20088
5848 20315
576 8009
3050 16750
5338 20232
4263 13373
6759 11120
967 15548
9755 14002
1973 22936
7352 8461
484 22485
12912 24467
4158 12724
18034 20299
14426 22607
2393 9754
6067 13314
621 10648
7167 22614
3395 10631
5815 21898
11669 24100
7313 11252
14219 14358
15572 20210
3551 19395
10968 11330
903 14110
3426 18598
8110 22674
5316 19258
14154 18003
3047 4316
5140 21111
5352 10131
18544 21589
4555 23786
1595 13066
2362 12167
2844 13460
8585 19075
5876 13708
6778 11548
5508 8227
9541 22278
11910 16952
13292 21672
6737 11050
9952 14877
8826 10800
11545 14678
19597 19784
16542 20787
4937 20182
6241 11757
14712 18325
4926 17749
12719 20986
11892 15043
309 21514
2573 12376
13865 15706
56 17173
11758 20295
4665 22964
19089 22589
13840 19173
16284 18273
889 11989
7588 14939
12004 14953
6220 18441
3284 13384
683 7009
12590 20640
4977 11137
10651 12608
3973 21425
7297 8511
5223 6102
11279 14688
3896 5878
1890 6324
1588 16164
3607 6097
19300 19401
4337 14269
9208 17690
4148 8520
4541 9122
14091 16240
7869 21816
9288 22080
147 21710
11131 17929
13333 24396
11310 22161
9140 23777
10954 24314
159 194
3824 18077
11656 17109
9094 18256
13237 23176
13861 17650
14170 15485
5090 20340
15211 21801
2189 16742
8291 18654
4717 7804
179 1129
1442 12191
14383 22734
19232 19299
3850 9962
4463 23172
13049 16808
1506 2091
15889 24019
13008 23144
6615 11646
4826 15544
3151 16839
13341 20463
845 11115
12786 15281
4117 23062
380 19297
1038 12399
7570 20410
934 13865
6802 22503
8272 16731
11105 22391
16667 20556
3985 10162
10813 19893
4037 12972
17102 20923
5326 10163
12256 24221
352 1936
3280 19592
9510 11554
1554 20026
1338 15290
11203 12611
11491 21059
7999 23131
6467 10015
4590 6976
6888 24337
10372 17499
14394 22370
6966 10367
9733 17019
2220 21494
180 10770
4309 10215
12003 20458
954 21080
12169 19975
9041 14674
17472 24219
10553 18411
15272 17494
20980 21264
19948 20113
6923 10681
514 14615
7133 19559
41 21805
16424 16597
887 3954
11495 12231
5603 22091
6042 14025
586 22242
1822 23896
5386 19984
8568 9528
11309 14709
3610 19809
5692 22519
751 16409
9783 11695
6040 15660
2884 4290
3714 16958
2158 18661
7346 20817
16902 21886
9398 24192
7071 18413
13044 17423
9212 24081
9608 23782
6248 9549
3722 10116
8638 19692
4559 6225
2543 24038
3611 20671
15313 19684
15225 17259
12895 23594
10062 22723
7351 21095
7090 12941
5112 18888
4323 21102
5817 24197
14097 23879
6684 11264
2250 13382
15027 17721
20288 23780
14091 16874
5008 9887
4918 17176
1838 18116
4990 11719
498 22243
850 12884
6804 12569
18047 22072
3552 14369
1094 2818
8669 9069
5290 6237
2987 6296
4231 8750
7286 15910
1867 2972
6493 22915
8063 20477
8899 20133
16011 16367
18122 19873
11586 20126
931 6138
9602 16231
22065 22314
2507 21434
10507 15668
4362 15110
13282 13767
7305 14159
4045 20347
15183 23366
4345 17978
4428 11726
1030 10446
651 18208
7405 12780
10555 17447
7957 12871
2940 12667
11539 24371
7130 8228
2818 22458
12032 12844
1976 22004
12988 20327
9701 10623
595 16057
552 19574
2287 14350
4598 16094
643 21153
12452 13077
10479 23105
14390 19656
13533 23924
2575 18828
9395 13402
4197 6354
11369 18213
472 23892
7673 14454
14251 20518
20757 20801
1462 7291
2335 19246
8780 13491
11105 15559
11632 22085
6806 18408
19951 24200
9811 17838
4925 16666
510 16006
4582 4630
1404 15342
1665 4716
16686 23694
20656 23014
2696 16510
12892 24265
1166 24059
12390 18025
3739 22419
6550 21499
13049 16518
1993 10435
20364 22367
320 10841
14372 23622
1981 13933
3675 8922
12178 16787
22638 23421
2603 17816
17945 22949
5429 15825
13049 19000
4927 14481
7772 19810
8723 22306
7582 9939
13754 16541
20937 20945
4349 11149
667 19608
15949 20551
11789 11802
3558 4024
12878 14859
5204 15048
17012 18199
6033 17509
8342 21702
4746 18354
7820 21004
1773 8950
1731 21343
10961 22979
3887 8327
2940 9518
1008 4915
1810 9569
3760 22381
5466 21434
574 8832
4596 6617
6770 8855
14641 18202
9977 10738
7523 16781
9937 16277
675 679
1153 11969
4681 5343
13286 16994
1153 14266
2767 22398
1791 20473
5521 8129
13943 24082
2341 20522
17407 23022
1237 15433
646 3906
5757 23771
23867 24179
4836 20518
5106 17273
3470 13422
6413 15332
16991 20101
2182 2700
5506 23991
1266 4986
12856 16991
8203 14895
4151 9730
4549 20897
17055 18626
9448 24312
4376 12388
1126 17104
484 14637
11461 16529
11457 15935
1532 21811
9436 19230
18846 19509
610 17584
5890 22328
16068 19995
1789 9524
8410 13023
8267 18590
12811 14892
3651 23853
9282 10021
1246 8478
20314 23732
8203 8848
8388 15567
3618 24306
5051 18602
419 19624
18626 21915
69 8336
4425 13625
11606 17762
916 15958
354 18415
1269 6154
2136 22964
4892 14472
18377 21220
3860 13457
7518 9165
2547 5858
8187 16735
3742 19649
792 15558
13423 20535
5620 21477
1695 13688
10780 18793
2232 17796
14298 21418
6669 14851
5103 22269
20827 24398
4578 8778
20178 23561
8543 9876
2489 2581
2153 14091
2069 10853
621 8221
3662 12333
5847 13415
5616 24195
11170 24201
6146 20934
3711 20482
16599 20174
1674 19690
420 8213
14037 16357
10303 18067
6186 14541
1424 16040
9431 17614
2566 8808
11725 13457
19085 22466
3454 10881
16 14146
8294 22903
6804 10425
4085 22262
1985 3885
5674 24120
6343 24477
7145 12542
11655 13594
10983 12107
10476 10815
10819 20843
1776 23929
406 1264
8221 24283
7523 14191
19207 19762
20753 21602
12648 14271
2385 3922
12797 24474
1575 3227
9177 16368
21276 22757
698 15462
5592 21739
10105 11045
4718 18724
12691 19193
3512 3586
3268 18557
17222 19035
20293 22017
7600 9637
8759 17600
17181 17453
15911 21303
5558 12846
5019 16554
3071 6357
7590 19428
105 5567
41 12711
399 4488
1725 19375
6529 15040
4493 20066
524 6093
9818 11215
5037 22639
5276 23159
11251 21685
7817 19979
887 11511
5547 16600
16464 18489
6130 12186
4357 15280
6657 24480
614 7868
12945 23489
7597 16799
4409 12322
9070 15357
3034 7534
20309 23261
9636 18361
1429 8621
18044 18553
2653 20763
10751 16085
4532 10293
3352 21260
16617 18817
19206 20483
3704 17909
6769 13702
7536 21131
18113 21579
9032 16004
260 9459
1499 15581
8154 8958
5177 11099
5825 13889
3681 17869
1083 3316
6636 9769
14027 19105
1476 13781
5657 6575
2862 20463
2199 17430
5 9879
5167 23314
8658 10139
15474 20267
4219 8200
9254 20451
7672 24452
59 19447
12281 15595
1795 22078
7504 16286
7169 8215
4309 11566
2188 21334
48 11598
7625 9806
12067 12920
15831 16718
2379 18177
212 17512
7719 19082
1775 16322
649 23292
6265 14682
1852 12280
9525 22449
8033 17960
14561 14740
2225 7462
16997 19372
17221 21719
6770 12685
4922 23725
6432 15587
13487 22893
2085 5156
18086 20049
11676 16519
9705 18386
9817 11418
20979 22980
8886 11221
9487 15103
4183 14419
5083 6925
3453 24419
4972 24036
8311 13833
4921 8734
2980 14484
455 20938
1196 21211
3292 22844
3179 5256
11225 19599
3590 9724
9417 11573
8210 18598
2088 11275
2959 17643
9162 12697
4818 23213
13756 20684
6660 16864
7795 8689
5196 22203
2093 13696
9858 18632
5758 11144
18371 23187
2536 21299
312 19680
8408 18883
11887 24132
8181 23049
2874 4277
2343 4196
3123 20863
14225 21677
11754 16099
3 20357
5032 13467
14976 15980
21477 22044
15317 21519
1313 2727
280 15641
18099 19253
4483 11167
11944 20433
13025 13113
4480 9727
5614 11448
10853 16604
14767 24279
10116 16015
13283 18328
573 9627
16459 24162
1470 4271
16650 17909
7685 16522
16161 19751
14846 23172
8080 22260
10879 11994
6179 19775
2401 19007
18380 22464
7383 18392
10948 17731
4026 22494
3046 3179
24168 24358
13233 17399
4607 4989
3477 4912
6021 11849
4526 15955
10911 19566
244 24365
16387 19770
6315 12972
13966 23521
14027 17550
9023 9476
22771 24325
2363 19091
4549 22606
2269 10544
7016 10815
21991 24374
3132 20316
12803 23680
902 6478
1274 7145
1392 17251
6659 12436
225 8702
4657 13673
4502 7471
10841 18498
2219 4701
5761 9952
5808 22698
17342 19772
2521 8441
9486 23766
1719 15183
10641 21974
978 17726
8337 20236
8450 22633
7217 23004
4674 18770
593 1142
13127 23129
12784 17409
6382 9718
8700 10068
18094 21140
3937 10210
1823 22237
9039 20062
60 15194
5777 20804
1199 21414
5685 12368
2966 8543
8389 20926
20215 21156
4089 19833
5418 17026
6343 16275
20363 23781
11520 22729
14714 21891
8136 21817
12435 17410
3037 8095
10002 12939
18572 20379
6876 17574
6891 23417
3293 15075
811 11423
6272 23242
12076 18559
14521 18598
12446 15726
12139 22524
504 10959
17411 19332
7540 22495
7386 23190
3501 24338
11386 18730
4321 14207
1723 2517
4490 5996
11985 17652
9636 15921
1694 10028
6863 13059
7904 17131
12372 23379
19794 20379
9846 14135
718 7753
7944 19483
14397 21331
12223 19031
15530 23581
12460 16453
13550 15613
11094 12722
713 7388
8839 13434
7726 13174
7276 10038
1817 2078
5551 9121
4665 8342
1300 17397
11609 13699
9970 19346
3152 15023
6327 21251
2685 4304
15530 22433
4419 24126
5127 16756
11912 22831
2626 19090
2761 12949
7398 14818
3455 21924
1186 2716
15165 21325
3356 23172
1750 4837
9617 13312
2749 22349
5701 17841
13546 19212
3665 5116
12557 23927
2686 20449
3803 17004
16825 17602
364 5003
7889 19258
4123 14866
11776 13915
9305 19832
5454 19956
8554 17212
15362 16751
2718 21999
6865 9279
3782 11437
11095 17496
5919 7159
16215 18221
19177 20633
944 21396
17324 24244
9023 13224
7776 18915
4317 24054
10281 15813
435 3086
2896 22402
14223 18778
1229 12000
15020 20106
13108 21433
774 10062
2115 9768
9105 10162
10608 13375
5067 12593
3035 15673
19366 20195
7202 10695
645 5675
10103 17178
4058 9206
17588 22314
14328 23372
1172 8865
9882 17349
7496 10951
6897 8089
13017 16769
11022 15173
785 19035
23045 24353
13218 15822
9189 11248
2817 4738
15233 20858
6179 19696
5627 22306
2368 23421
3631 7329
14856 15207
3478 23632
1644 2301
14571 22081
18377 23442
12160 19155
9323 11435
3141 7643
7435 21515
17710 19973
646 2523
417 5841
14630 24206
3463 19443
7778 8460
3265 14444
1838 9632
1661 4704
12564 24237
19846 23502
13934 14137
20542 24277
12166 15293
1054 2187
4408 18659
17866 18038
5776 16546
5267 7127
10006 20088
2715 5594
7360 21835
10894 24266
9933 16128
17371 19550
4454 22141
11375 19248
3392 17014
6426 15030
3877 9598
11964 23351
6644 16511
3809 4722
4435 13040
12481 24453
14441 16894
6942 23227
11018 12856
13145 22975
17908 20260
17285 18716
12849 17051
14823 20478
5606 9496
6343 9178
13296 20822
3477 8531
21615 21919
2817 20374
12318 12534
1729 7525
2731 19396
7553 17310
6272 11827
2127 13023
776 5566
10359 23941
13125 23237
19536 22311
2101 2470
74 13253
3857 15092
77 20925
2620 6619
16041 20118
7685 23162
21086 23958
4713 12201
4932 14209
2595 20467
4659 6140
6601 23141
5144 5677
22658 23706
6489 22184
2463 14241
7531 10949
20535 22483
4596 14756
227 456
7803 21354
5982 15829
5662 17784
8265 15617
6815 22520
4172 13267
12624 19669
13825 23093
6647 22455
15763 19764
2955 3540
3078 23815
1271 13277
9283 22970
5756 18954
11580 14524
12534 21759
16792 20450
931 7685
13906 23778
15997 24423
1959 11198
1008 17840
13349 16566
2191 7237
770 827
10251 12251
5242 7705
7806 9891
18866 22766
19537 23615
2427 17376
6782 21609
11414 15968
516 18003
8716 18325
11435 13163
1935 4305
7760 20455
7128 15995
16132 24335
2404 7845
6425 24317
5726 19386
2561 2823
18808 24088
14804 20196
3437 23574
9899 18064
6029 20052
8447 15611
83 24176
1270 9447
4962 8933
4625 20621
7281 8195
3825 10150
15635 21546
4768 13945
13728 24312
2210 13933
1297 10075
757 10446
7590 8127
145 11762
7826 21652
2938 9350
16134 22898
4123 6732
10857 14213
9200 11076
14025 15201
6079 13542
2500 22700
19166 20356
5589 22545
4244 5695
3885 23754
9664 10556
3301 23007
2365 22446
21874 24016
15939 20091
7179 11326
7142 8631
9878 13550
2195 2545
4831 24261
1148 4098
3268 4296
1037 22345
12195 13764
2987 23335
2360 11758
8751 9186
22289 22951
19812 20357
4340 19135
6807 17648
12115 15774
3768 16757
2219 9486
10142 17159
38 8022
16089 21483
11180 17280
262 1072
761 23492
3612 10309
7594 19708
15456 23390
17781 24123
3493 10645
8380 17674
3481 10914
2005 12138
1762 12463
7638 21391
4982 7194
6569 10781
9608 16806
4663 9495
7923 9090
2944 20891
19318 20825
6483 21436
15910 15968
1561 4576
16249 16808
18638 21498
1084 17634
16158 21542
4248 23426
10505 21355
5311 20641
7851 20919
4407 15189
14460 22919
13566 19948
11873 24424
595 15827
15288 17678
5862 22564
17291 23928
4250 23633
132 10500
10722 10899
1 4390
1903 18821
5169 11714
8682 22996
19382 20758
6804 10790
19992 20755
16224 22499
6826 10891
781 6461
6113 15796
12609 19980
2574 14610
5034 19028
5299 13326
8544 16951
5474 15437
19773 22968
23461 24078
3351 20566
651 1001
1285 13406
8668 16522
6027 11407
6133 17624
8040 10205
139 22031
1948 19156
13355 21440
3056 23983
423 15675
14664 15074
13249 17472
11706 23899
1887 11303
1349 13319
13755 23359
8070 17080
1343 8979
18933 21846
1726 23584
19295 23351
2402 20904
13209 15162
5629 8230
6041 21702
12309 15488
9831 15359
18305 23075
3613 20452
4414 19908
67 21675
7178 11636
2658 20493
8010 8839
10449 22480
17174 21065
9205 23634
13469 23535
2494 13423
246 795
6005 18587
3603 11914
11765 20261
939 16310
12793 15753
1288 11385
11891 22921
3948 23500
13139 17417
15042 23949
11936 17484
5678 6946
2343 15902
15903 22273
20015 24263
3644 18235
5044 6161
3943 14400
10100 17462
3694 13363
10472 22487
2351 14797
8482 19193
8488 13076
13585 19809
472 22173
6397 8689
8076 11175
12815 14579
16305 22908
15885 21845
1877 23800
20465 22854
8929 23848
3553 17220
5859 15628
8821 16295
260 6055
192 18137
1988 4446
5364 21119
3693 21260
14212 19939
8034 13694
3763 8325
10370 15731
6654 16618
13423 20830
11380 18979
17316 19943
287 12151
3879 21359
6903 18604
3371 6207
13578 20252
17049 24381
4772 13362
5868 20959
4696 8618
721 9856
12407 18791
2861 19171
722 19356
10310 13745
2135 21682
7320 19100
7869 21941
3039 11765
18956 24090
12583 22551
13772 23475
4762 21347
12800 20725
1019 1289
16028 16809
164 22007
9014 13496
4122 17942
18654 24175
3807 12633
3971 17103
2616 24315
9593 21263
13778 21308
377 9269
6650 14043
6547 13508
927 14051
9233 21600
5967 20324
10217 20358
8216 11287
8606 11945
6277 23758
1841 8362
4644 22768
6724 15273
6525 13647
19456 20726
18531 21634
7399 12337
369 11341
5041 8510
2889 8448
21141 24300
2475 16644
7022 19625
3567 6314
3011 10909
17157 24344
5528 21359
9791 13602
3912 11055
8183 8291
11861 17548
797 2096
1723 18785
1852 12165
11837 13030
10272 20151
5693 16926
10390 16567
21973 22844
3424 10956
21546 22083
5859 6150
4852 20375
1559 3497
11024 22996
4864 12362
10350 22874
3561 16046
333 868
12688 15341
7507 11485
7142 18555
12407 13196
10994 20579
9173 22484
16780 18116
1059 4403
7551 19622
20100 21296
11805 19604
8476 9415
13443 14104
8503 14507
12774 14776
8341 19116
2149 5583
5041 13767
7595 12424
18235 23307
9735 10401
19568 20518
8137 22558
14049 21426
2179 7453
13079 23250
2661 9620
258 6789
996 8011
1395 18772
5439 6854
7414 12478
77 373
18484 18861
3355 13977
5845 20605
2605 7087
583 20009
2499 17819
7289 11804
12103 13315
12137 21408
1422 6463
6623 23824
17944 23368
8204 10380
2696 8727
437 3554
19092 22402
11011 24107
8164 20534
2732 18973
3773 15154
1664 21032
3823 10484
6811 8945
14433 14912
6279 18455
20900 21540
8861 15672
8157 14020
11279 13036
15636 23067
4951 8403
287 6747
9730 21856
20111 20191
10880 13422
19192 22457
19479 21921
4464 21034
9256 11304
5405 14837
576 17209
20495 24449
12965 24337
3693 7251
8846 22058
17865 18480
3133 7548
17958 21574
4490 21722
1026 6898
2758 12307
6207 21527
18509 24479
11735 12509
7444 7768
15980 20516
16992 21856
1226 1795
11647 15134
3222 12107
10869 16153
8072 15538
12840 24039
2569 11682
5321 13749
550 992
13473 22001
10435 24444
6151 18387
14414 20159
2384 21774
10078 15252
7192 20825
448 6085
6333 13678
2824 17327
7304 17428
6505 7053
8094 15871
1493 23848
14475 15473
2536 22514
15478 20960
4748 14433
8068 12936
4800 19559
8625 19493
16772 17251
5093 16343
8455 8697
2063 3199
8163 15792
6536 12643
9836 24342
10315 18089
1255 23716
3854 10512
5822 12222
9302 10661
2152 3016
2974 22453
7692 16095
5795 21742
2001 2800
4953 6212
9470 20019
5169 23740
8556 16676
7804 24035
1856 17377
3453 13640
12090 23469
3233 5781
8989 9173
10834 13075
1249 8260
10916 23222
1568 22717
1442 13024
9841 17525
10821 21148
18477 18920
2419 14485
5856 12713
2541 16057
480 3926
1770 12527
4497 18822
16203 19079
6117 17458
13234 24385
8877 9185
16861 21136
4866 10593
9528 11416
12411 23189
93 7335
11904 23928
3361 17697
2840 4144
7497 9721
6268 18952
6125 10718
3807 18398
5478 15062
15786 22100
4105 14644
8473 22289
2403 8832
3544 18285
6113 15640
17162 21051
4908 22577
6156 10574
13118 18085
784 9195
8288 22653
22251 24431
3808 5307
2462 15860
19925 23631
5008 6434
5404 9262
20178 23793
360 21093
5643 7771
6112 12670
2006 7135
10899 17025
10160 19584
499 1182
6009 20850
20869 22607
2050 11772
8032 17750
12159 12462
2560 23902
13729 14145
1353 18625
10760 21310
9929 15479
4444 21520
3364 3405
3024 13621
11708 17599
1721 20446
8562 21818
12483 20453
5969 10477
8946 21650
3082 24346
16274 17109
10775 18026
14068 22619
13241 15701
1080 5164
13847 17247
11982 18557
4407 15943
4143 21750
5354 11117
10607 11170
5403 7340
1057 2379
9182 23570
10248 13841
4943 21727
4227 21467
8669 21062
317 7546
696 23232
16066 20014
3915 4514
10916 20801
6483 18529
7195 11056
13385 16188
957 6300
16235 20812
290 10727
14875 18181
3609 4237
4913 17460
3521 8592
2648 8722
15762 24024
18397 20006
3808 19231
4350 13280
11561 20779
13493 23058
15276 19288
8052 13481
3154 4560
4068 20418
18536 22253
4163 7901
633 13375
18037 19777
17624 21468
479 3407
1505 12150
3317 11761
3132 15292
4702 19377
3639 4912
12790 20079
7121 21890
1311 5322
9813 21615
17888 20112
909 2684
615 2237
14162 19488
8414 10918
1959 12498
14692 17435
9587 10598
1247 24108
14550 16729
884 10474
1508 15876
8520 21868
1400 7116
18559 18978
8333 22005
15022 21884
7211 7608
10755 17032
20277 23050
13572 24447
860 14089
16275 16735
15641 15869
7788 21124
13441 16056
7940 12694
968 4993
4205 22670
9022 14221
13138 21626
14612 18075
18187 19597
14951 22907
547 9692
10243 24043
14087 16022
5875 19923
2246 13951
17824 23831
7242 23910
16565 24100
1228 2111
14281 23066
6157 7655
13027 20638
1894 4033
17355 21192
19578 22964
3082 24019
15244 22792
5414 7783
4908 11539
10779 16876
4318 15510
10973 12728
13064 16098
4101 14075
977 19146
16138 22493
13645 21868
9924 18616
3960 12857
9762 16359
12615 21242
15515 24322
12819 17271
10312 21589
11344 23694
3851 17765
8695 15300
12368 22488
15117 22749
18260 18867
10367 12846
13143 13789
11034 14163
12015 22753
16665 19889
7627 20931
5148 9075
18180 20288
9440 17627
14686 16555
11539 23337
13842 20594
9499 20872
1186 21091
1641 22448
8909 14343
6751 19116
17926 23883
7174 13715
5018 22612
1338 23032
20013 21933
1253 12438
7958 12865
3266 7770
6336 13780
5265 20540
1499 10233
10157 23862
3952 17172
7879 11724
4955 22071
1620 8364
6985 19377
14972 17889
9149 9478
883 18790
79 20329
4914 21272
133 6683
15544 23882
13550 16557
11357 14301
8843 17799
9093 21766
10499 20223
4821 9240
10072 15790
2051 10885
665 11381
14054 14224
296 10116
2358 12725
4333 14298
10266 19225
4317 23067
6996 19766
11045 16860
5562 7266
4419 22840
4259 7203
22419 22719
1613 13055
15141 23998
7497 24455
19248 21863
5520 10328
7296 19257
10398 24039
855 15864
13211 14955
5558 14155
8650 18542
11251 11961
17277 21791
20614 24042
16196 16329
1815 4971
3795 13749
21257 24419
2127 7217
4418 12810
16905 19629
20059 20857
6630 11932
222 8152
6507 14267
17164 19550
16543 20497
9029 18088
17617 19805
20577 23120
5947 23743
16353 19236
3736 9249
14528 23276
12428 23284
13194 15223
11191 20656
2235 6593
16285 23397
10041 12615
10904 16400
1316 10846
12636 13580
1402 9914
12232 13511
8682 13138
2312 5724
6226 23128
14605 21116
9862 11279
468 17579
14048 22172
17269 22065
4982 16581
253 16642
9580 21537
8569 17020
2901 5967
15754 22799
9066 14079
3840 20727
2011 10240
6013 8163
14969 18988
2133 10155
1224 20115
4361 20016
1067 24313
3609 19764
2591 5691
17009 18348
3748 12138
16416 23161
10449 20540
10735 22002
8264 12351
7683 11405
5174 6047
4490 18111
979 22671
2910 23747
10824 16397
1613 11485
17796 20464
7188 10906
3593 6085
7873 19921
5567 8909
4984 12562
5692 21582
3399 6926
7562 7770
1474 22804
3964 7654
17996 21554
12132 17903
13101 14977
20675 22088
1776 6334
3848 20025
15554 18120
6552 14131
21048 23512
4289 17871
14914 21549
8337 13536
8647 10619
21033 21176
17971 24018
10377 24230
1923 17684
4337 19088
137 7565
21045 22827
1244 22521
23326 23394
7232 11216
5351 8466
2595 20704
4342 18664
9965 19799
7506 16273
1421 13358
1017 23705
1400 23480
487 15020
17464 21923
12790 20979
15727 16806
12077 20407
1372 22448
5567 8479
17898 24383
8443 21551
9518 14433
651 9279
9191 22844
8247 18193
2781 12397
6265 20691
17048 18633
8803 10959
30 6608
11362 12222
4059 18319
11944 22416
6119 24132
7489 13564
12998 22037
1209 3012
15773 17934
5702 6115
5625 10100
7477 9963
1235 11117
567 14497
9340 22702
16826 17898
20123 21690
3343 5701
14671 21375
10225 16851
2143 15132
6867 20187
16678 21777
16364 17174
4130 12215
1271 11099
12328 18790
3237 12312
7103 22077
562 5113
13614 19224
341 2091
2440 14278
2986 10860
4705 8484
9891 12503
5677 21107
1223 19519
2615 18976
2819 22317
3247 13591
8693 18674
11223 15917
1173 21061
10854 16049
17798 20535
2783 8086
8423 13141
9579 14306
6021 20465
1185 19454
18571 22530
5478 6870
2046 16015
933 6997
5350 13083
552 8996
13125 24284
4121 16058
10132 19073
7299 20887
1995 2658
11415 22697
9040 19791
18714 22447
9574 13960
12788 19074
5159 8045
9027 9267
14759 18433
8841 21824
16367 18745
16587 21479
4177 23932
11721 15836
3006 20651
1768 14969
10164 23379
11343 18398
14736 23345
235 5966
22038 22274
16858 20316
3752 11234
351 1600
5748 24211
193 8747
14268 17921
22774 24476
477 7711
1675 20929
17226 21789
4540 9693
9565 22279
101 24093
9548 12439
604 3230
1781 16132
6049 13051
5237 16208
3992 16830
1817 18588
9376 21117
1103 22574
7890 8327
6723 22759
4486 17545
3276 5694
16597 21980
11738 23078
228 14059
16191 20050
5581 13444
13161 19523
18186 24048
8549 18450
4230 13263
3122 5796
9761 23232
6915 10677
15933 16647
3368 16096
9775 12424
3680 19857
2408 19988
13858 20420
15618 17610
4798 13704
2086 7566
1328 4195
4615 17255
16655 19339
21582 23916
2070 21294
14362 14761
22361 24082
13239 15294
302 683
4016 19701
4232 5859
11600 21739
15841 23760
1445 17638
12356 16975
12975 15254
16834 18852
1803 22305
20114 22481
9513 22831
13677 19452
4430 10246
16659 19891
15118 17468
17192 21208
16912 18306
7655 21276
6868 11649
6600 24225
18249 24415
12159 17215
1050 17849
4749 20882
16874 19344
2993 9179
2589 23327
20950 23652
14095 15192
10838 19321
14061 21982
14145 24049
11719 14045
7017 19013
10819 15364
6101 19869
395 21631
521 7165
4236 7288
14113 18118
6104 7702
2705 13444
8068 9619
14548 21872
13174 21271
12961 21284
246 6832
15113 21581
18007 20453
6891 17069
13729 18102
2319 20364
20976 24484
6104 24423
9507 11149
10604 18428
6826 20942
2763 21139
8915 21919
2241 5502
10425 13918
5514 9653
1033 18770
3668 20679
4595 16563
562 4092
6291 22775
7338 10286
8333 13523
10905 20187
10773 19867
17061 20058
4473 5294
3668 5764
20287 22257
422 4035
18197 22281
1386 6412
985 4899
8350 14051
7303 15778
15911 16407
1235 18752
8027 9902
238 455
1828 12754
7420 17674
15798 21785
754 5788
1890 8606
5584 11748
1813 19847
12391 15228
11736 15750
11563 16560
2548 23442
3608 23072
3188 20678
14745 20678
10965 13372
1932 2536
6806 18529
1069 11967
606 10067
4211 12520
3013 11918
16055 16274
11974 20960
3855 24000
8988 19827
13365 20837
598 1529
6165 15162
16057 19769
15007 18842
15284 21847
3718 14364
9176 23984
901 13256
11114 11585
2430 23871
7504 14479
21914 23317
10367 18879
49 11501
766 6895
13234 17156
3687 21967
5985 12932
3031 15503
1151 6970
10062 10244
879 22444
17562 19346
6897 13347
18618 20461
3132 13968
1211 13998
2897 18651
11736 22321
21819 23159
17434 20969
5408 17001
17638 21593
2297 19408
3638 18968
770 12326
8028 8139
7725 11563
6290 21293
19686 23261
1867 16643
15873 24465
4557 11501
9914 24267
79 165
130 16246
12803 23522
3358 17076
9150 12368
1451 14469
1124 8468
9812 9948
5380 23937
4840 14883
12265 20212
10375 18969
474 6957
1613 17962
8853 10521
10770 24028
19134 19154
7168 17520
8347 12276
19666 23318
3843 16016
6291 23071
3242 19422
18318 23397
441 2029
9953 17530
4722 17430
14325 21112
19842 20278
603 14190
2900 23731
20370 23609
7483 20668
1456 23501
14251 19815
13491 23492
2983 15143
9679 21031
13089 19382
9160 14531
2140 16939
2259 18432
4628 11552
1260 16742
9511 17785
5985 6088
9797 10090
5343 21028
1787 6459
7861 9397
13199 16319
18324 22059
8172 17658
16148 18562
47 13473
2754 8886
7664 14075
9258 15963
15472 22417
5522 7453
797 10416
7514 7612
794 15740
1750 4809
7162 22464
2120 9405
1571 20993
5846 10092
6215 8193
3631 16997
415 14743
18364 20505
11998 16128
12505 23782
9188 23632
13612 17852
6133 16181
7486 16255
9771 18721
17135 23077
1039 10079
11490 18665
13547 20031
12674 21776
4339 12856
6597 22306
4750 6847
10199 12219
12299 22028
13161 14048
566 8586
4449 19681
8172 23759
7041 8022
3533 23746
10587 12740
1768 1965
1717 21341
7421 10550
3805 20451
3008 8108
4399 22888
9757 9867
10905 13207
4822 7368
12191 13751
14374 20087
2556 8932
2161 18942
14768 21226
17882 22490
7983 22989
3724 19299
935 18235
10340 21647
17852 22721
7041 9853
8630 13080
7820 21643
18080 19214
1999 8322
3620 22815
7685 12231
12345 17604
11986 19139
3918 4911
9585 23917
1727 8602
10771 17417
9565 12983
6304 24188
16089 24362
2985 19015
16747 21976
10644 18385
8855 22504
630 15681
6903 17997
2065 24060
1380 15823
6078 11510
7108 15112
7664 10881
17271 21793
746 9044
623 5655
6349 8534
9430 20468
17922 23388
5580 23418
10186 19064
11609 11691
13127 22698
10033 18470
12125 20073
23423 24333
11573 23532
6593 7107
16814 21650
1962 21504
13154 21927
20063 22405
14090 19406
15665 21757
11224 15760
16183 19522
5688 15543
5769 13098
3907 8244
2020 18765
6383 15568
6197 24274
11639 18766
9513 14165
12334 24312
3943 9707
7784 14783
5445 11550
3995 22172
11604 21716
22472 22579
3651 14071
22849 22856
3858 23938
16729 18219
70 8293
7219 19737
8118 16258
5108 21107
10687 16624
775 20003
7918 21127
12606 17053
5750 7801
14076 21614
7201 23292
1943 17629
21281 24063
12813 19227
4130 16350
3061 14949
10041 11784
4550 21508
21236 23543
10625 11663
6199 16916
17342 21545
665 10865
10062 13139
5516 17966
11667 23538
20476 20746
15313 20050
6037 19298
1294 23857
8780 10372
13370 16118
9521 19849
4580 18516
12326 14365
3742 20708
3473 12845
10956 11607
6221 12980
17629 24264
10480 24028
5929 23303
2764 16214
7245 9428
8710 22071
9031 10075
8984 11453
12971 15278
18422 19523
746 11033
12665 19457
17047 19456
10098 21751
13079 24394
10365 17285
7431 20823
3099 20839
9667 19703
11267 24026
2623 8906
13374 13500
3419 18157
6850 20962
1147 13003
3404 20787
16471 16634
6893 7999
8252 8294
22427 24352
13565 22186
3717 5613
22518 22719
4123 13784
15830 16342
13158 16997
3424 23743
10708 13543
8178 18087
5355 5686
16952 21941
5590 14011
13900 16780
4569 22697
18807 24057
8327 18545
2394 9753
14337 18264
8794 20671
16699 17383
3360 5474
5831 15790
1149 22837
14588 21085
584 16097
19023 22065
24007 24057
4480 10485
7660 23394
6092 11898
10528 18666
22043 22940
3358 21438
2924 18391
70 12386
5610 12156
2283 12781
11004 16516
14649 18253
960 13341
5381 10180
1623 17676
14354 23270
17851 19121
15077 16000
4687 21013
3957 23151
14598 21219
7673 22877
6739 24212
56 17359
1271 8804
4172 12362
833 9903
18354 21462
1391 21101
11327 16238
13436 21462
7237 17025
14036 20039
6668 8613
1850 18614
6316 10652
4489 7610
5856 7218
2821 6416
11407 20046
15404 16372
17207 21865
12460 22878
6800 13755
10471 21589
780 8792
15931 17371
1080 13960
11855 13792
13064 21250
4653 9739
2386 9184
5313 18200
16653 22893
5630 12393
1380 6352
11540 11990
11881 13177
11225 22913
4220 19336
13169 19410
4241 21567
7628 9338
7067 12672
2666 4576
12798 16828
1198 5695
2111 4146
7313 9443
2350 12020
13276 18050
2745 15870
16651 19355
1387 15943
15243 19432
3254 6455
22620 23043
4122 19109
14655 21006
3997 5204
252 6677
4516 12174
8732 16196
14509 22390
7199 7443
11058 19406
10335 18930
18644 19650
2191 8552
1394 7837
18766 22992
5449 10236
5503 8852
11035 18830
17264 24371
214 5322
17599 18206
7141 12713
1853 11535
6269 23580
3578 24420
4994 18744
3777 23177
12797 23187
2894 4677
5122 8459
13172 13632
13530 23133
1292 13184
14158 23647
9608 21531
14880 16621
237 12498
994 18086
808 16421
8060 17150
10059 11961
1081 12574
16801 23158
1947 18734
1071 12874
9584 22549
3289 18361
7524 13305
6568 12168
21329 23954
2962 9023
1698 17802
8244 19964
3963 14054
3247 8008
3874 14760
2382 12834
7498 10450
3520 12983
8707 17631
12215 21983
10034 13790
3628 10038
4191 4192
8503 22363
6908 22018
20838 22821
5916 18976
9029 13327
13045 14313
11021 13863
18403 18479
11126 15906
6301 8673
4848 20274
7127 10199
18316 23106
6599 22460
11941 18854
16344 20100
4162 11063
2139 8582
16647 23866
22006 23524
7362 11220
16539 19220
4544 20318
1063 9666
15759 21797
7825 9848
10038 23003
1961 8173
10757 17476
16820 22864
6221 21824
4271 11057
678 22947
6955 18637
1507 24303
7107 7690
7853 11297
11211 16075
8436 16874
12154 15197
8330 12092
20517 21205
6271 15334
16223 23280
12703 22742
2867 23569
3667 20352
12418 15510
10941 15971
9737 11379
600 4813
11005 18060
10268 21910
9308 18301
1679 20494
6611 15734
15359 17132
3805 13572
7838 22672
2011 21680
18930 23542
8961 19598
5116 14425
11732 16058
8383 16692
2747 7717
8258 16055
3155 23980
18487 22518
11675 18814
9887 19086
1509 11859
20885 22448
12440 12969
5013 11974
8829 14219
10455 20910
6276 23803
14056 22693
7634 22208
3947 16938
3722 8016
5803 20350
5117 11605
10114 11437
6370 15950
12727 18171
18512 18701
1300 1710
4927 21961
6531 19957
1757 22856
5212 21131
3702 16760
101 5119
5856 6090
17621 21731
548 14332
15405 16139
9265 12233
9607 19860
7896 18913
11862 12939
1885 10039
460 19974
17585 17773
14171 17996
12703 15873
8424 13897
7253 20250
6068 9922
9218 19140
2315 11852
1811 21997
3384 14245
20631 21919
17531 19874
7467 22244
6392 14091
12601 15477
8031 12651
12510 18228
11353 23163
593 1037
10595 13826
15051 19741
3820 5936
1295 11471
6861 24122
8623 9141
6755 18487
4159 16960
9372 16384
1625 4943
1025 5320
12930 21576
15372 17556
937 5837
3495 9605
7446 11480
7336 8930
4712 18013
6945 13013
3859 4370
11240 13321
19735 21576
16442 20269
202 4660
6957 22551
5836 13719
3422 16423
9212 20397
13660 16188
13353 16173
3123 19174
14054 19662
3571 18343
1347 18888
8242 11679
19234 23258
10903 23209
8727 19019
2151 3574
3046 9688
8745 12032
9260 15651
4811 10704
9646 19537
5604 23555
300 11996
14391 23238
23534 24317
3270 5250
2502 6585
16330 19212
7833 8263
2497 12321
5394 6178
2809 6929
4645 14066
1166 23155
3685 15536
13148 23377
8324 11871
2696 8928
13680 22491
10631 17803
16741 22613
7624 17640
13091 19732
254 20229
793 19398
1484 14589
727 13079
10724 12711
14245 21181
4909 8160
3825 9092
10828 13146
10970 17632
15318 17914
5580 14005
447 23633
11917 20507
4400 23949
5857 22512
19375 19826
14458 17587
11712 18245
11836 12418
4296 15742
4511 22293
13399 18028
9989 22529
8024 13942
13047 18656
12742 20604
13601 19755
2496 8844
2728 21557
16798 23902
4207 16300
773 20952
19548 22856
10508 24138
1163 10193
10860 22782
1444 9707
22617 24116
8121 22037
16154 21964
389 14889
318 23631
8112 8434
9397 15603
10583 11513
3 16010
6529 14624
6828 8191
13842 24328
5458 10953
6510 14594
12990 21868
16980 18516
5295 9179
21 3462
8670 12260
5512 10596
9286 21160
2709 7009
15645 16235
10597 19636
9679 20260
12739 17848
13083 24119
16742 18052
11282 14430
1842 5860
7243 19522
6505 6881
17768 22467
13884 23211
5929 13472
11495 23881
22289 23090
891 8569
473 23591
5784 19959
359 21038
1927 6811
10008 18421
9919 14796
64 19974
2657 19247
14229 20138
874 13779
531 16723
9166 22738
4414 17605
21380 22923
7330 10957
7391 10171
11756 19245
7387 13950
1103 24036
1627 10237
13184 19838
1334 16023
1433 23116
11276 24472
6544 23881
18620 20686
19106 22059
1021 22318
3277 11357
10195 13690
3692 12245
2158 9524
5796 22095
9496 16378
9142 23233
3865 17052
9916 11007
8486 24043
5839 19514
5937 13280
16539 23709
3424 20869
1070 5941
2518 13796
3778 13223
1496 5940
7432 22837
3854 15885
14721 15260
1877 5352
2714 20031
11391 16463
10440 14357
2410 11087
168 22095
12626 16587
17110 21367
7051 10211
13843 23263
1101 9472
1011 17512
8204 14579
12426 19382
9120 11332
2709 11049
4950 23700
2898 16325
6020 22186
19363 23167
5363 15943
17682 23757
6564 15559
1417 11357
2607 8192
10646 23094
2296 6495
3575 12572
9558 24043
8478 15759
17844 23872
1362 8860
21141 21603
165 6621
4343 12715
2247 2703
1189 14317
18648 22129
771 1179
10118 14915
6043 14502
20326 24368
4732 10480
13398 17414
3322 18773
21570 24108
16657 20033
14226 23224
3004 6155
20201 22055
8679 17978
7318 11473
8215 14557
3743 3862
3070 18714
997 14408
4390 12609
12932 17117
15329 18435
13719 21203
8207 18407
2043 2587
3291 17364
3986 4805
6972 9775
6679 16349
8166 18240
13574 17214
2201 9107
5018 18328
20555 22015
897 8137
8037 15746
7983 23093
874 14083
9497 23795
4726 19648
18232 23888
6627 13836
2166 4652
4515 15718
21359 22809
7801 10373
4610 6483
14334 24290
9701 17257
12974 16541
413 18217
13580 14917
8404 18373
13228 18553
5299 7677
2055 20828
12893 23675
14791 18611
7580 18537
4043 7066
3069 20526
5989 17337
213 1154
221 23325
5357 12224
3933 19733
4138 20599
3014 8488
6177 17725
12902 22453
12177 20580
1499 22234
9122 9468
906 9815
18053 20719
17392 21568
22209 23905
16241 16281
4557 23990
6321 12012
3169 6958
3564 6115
6758 12925
8671 11699
4164 7351
16163 16421
8222 21727
22643 23857
16711 21682
10677 12393
6886 7750
11968 12104
21617 23499
19640 21963
5057 9006
6352 18991
8415 15087
14335 16918
5981 15891
12761 22698
11401 22632
9498 12766
5028 19941
10696 21565
21437 22961
12026 22750
5203 23871
3006 23472
4289 12313
4382 6925
8095 21823
12163 19294
124 13911
2400 19632
9045 21228
14250 24469
11673 20335
4048 16888
4107 5072
6846 7429
17061 19099
3725 17553
8046 12704
31 19562
15661 19380
11356 20325
6525 6707
2609 19084
7915 22183
1739 8743
17071 22791
206 8842
7427 7881
11422 15025
21461 22024
1824 7709
1146 9859
6923 14905
16243 23403
8861 12284
10703 15376
2192 8692
23447 24119
23208 24393
11098 22079
4626 21746
5740 21498
5226 24092
1643 5205
5745 23937
9839 10653
15332 18343
17514 21999
6320 11825
11465 12099
2260 9049
7447 20809
15018 24106
4070 9010
6502 9133
3717 20192
18166 18540
19467 20453
13691 17166
4428 5370
6864 10300
10568 17975
6074 12472
5745 8580
14076 22555
14880 24429
10409 24389
12386 20375
4109 5649
1260 14799
18054 19109
8890 21395
9898 10758
6302 8233
16939 24157
21308 23745
4397 6564
19864 20705
16569 16836
9348 19374
11367 23253
13064 20578
4062 15718
4358 21444
6720 8993
17389 18907
19143 21098
17635 23703
260 15094
12866 20616
4459 24268
3077 12996
9379 12588
6046 9726
2967 24186
20612 22556
1803 13878
2009 3745
11328 23990
7649 13724
1173 15875
7911 8892
5559 10737
3980 6285
14015 18971
3854 16769
8447 18522
19625 24428
3377 12854
15570 23402
11118 23944
14404 24282
10672 23582
6305 14183
361 9862
16730 21087
15372 16387
466 2090
21666 22077
9398 13446
10837 20356
16110 23550
484 4056
5728 21317
14448 20517
4233 24083
3843 5707
2499 14596
1411 23803
11653 17058
7155 17806
4200 12659
3091 7565
9341 17007
212 2867
9143 23906
11649 12515
3665 4504
9786 16466
19850 23780
9525 12447
9642 12420
893 14143
5219 11929
9414 11420
16024 19555
7924 23863
1920 8971
1336 11754
2770 4452
5260 7878
7074 22267
8530 12632
5069 12774
19096 22646
14493 18938
761 7125
1761 2997
1851 19612
2391 16555
3194 5273
10753 20591
3815 4104
5586 21180
5990 8904
5173 12220
5263 8416
18651 23554
19833 21813
3856 6073
3107 20830
3013 17393
2856 8258
4536 22668
1196 8298
6625 23755
10833 19977
3525 18201
5128 8239
3271 24351
7514 23857
9192 15164
9997 18120
10246 13623
6798 20845
14024 18021
2927 20089
16396 18866
3290 17540
10677 19983
3323 8874
11037 23645
19215 23878
10820 23945
718 16963
3197 8950
16884 19778
7118 12299
1010 19513
5012 17422
3756 20226
7388 24079
16201 16959
17538 19592
688 21591
13495 20973
19108 21069
3989 23207
5051 12467
11944 14334
1735 10176
8180 8212
16013 21126
8985 16711
11928 15868
10760 11025
19803 23132
3856 18893
23250 24415
5038 14236
2081 18627
11192 12344
7994 19975
7843 8228
11178 20298
7353 19827
1321 15349
10018 23693
3259 7418
21566 24418
5365 20340
1700 17143
3549 7704
4502 16899
13581 18445
15384 16876
5886 10192
9293 11742
1400 3301
8840 11579
4240 21208
19633 23086
10379 22532
9266 18100
2536 16725
12108 17856
3794 6816
3494 16117
160 8980
4244 4939
14339 20749
2978 9186
6833 15455
5113 21008
4190 10863
16501 19313
307 22197
13606 15137
1948 10207
1290 18763
241 5928
5233 16979
4759 12905
638 3225
15021 19571
10345 23422
4192 12597
11218 12701
2910 22649
15751 21805
16035 18244
20097 20409
4273 18384
9679 20533
6271 17678
1199 10364
5013 20898
14416 14614
11192 15354
8026 24277
10067 14717
4897 11405
2229 20098
20806 23614
18244 20457
7256 13067
13188 14074
17490 21375
9236 19158
14304 20575
21179 22504
5852 15119
413 2720
12946 18756
9696 17944
2146 14320
3985 12287
16649 18500
5329 10865
6522 18217
8845 15103
7064 13951
8783 24412
12391 17154
7348 8619
2035 19596
1407 15268
8673 22739
17331 20237
270 13606
4114 18255
18037 21610
8199 11383
6579 22381
10333 11149
7524 9354
6175 23062
10307 10366
2685 4559
9938 21403
5175 13561
6974 16083
5082 5142
12774 18649
21987 22874
12593 18489
1950 22603
8724 8869
14007 15246
6584 12383
4174 10618
20480 22852
2238 18849
13528 20986
17053 17547
5373 12170
5528 24060
5132 23011
12269 18655
1526 18033
3266 5704
11129 17388
7147 14321
8160 10882
3845 9856
4510 15217
10860 24236
6731 7149
3700 10596
2338 2885
10524 11427
1011 4784
23929 24361
10902 21081
21618 23419
15650 21614
11193 21931
4737 23439
1070 15956
9895 10524
8572 17222
15867 23188
3024 20549
9568 10033
11790 24458
9253 22289
13038 13591
17372 21619
7049 9235
3935 21195
2954 23963
17726 23694
5000 18709
4146 21046
2092 4035
14089 17067
12927 17413
8968 10942
7813 24354
8154 23609
662 8506
721 18636
14020 21903
17439 22120
21059 21923
1476 15513
8686 19879
2472 13966
1769 2832
5853 8501
1026 21448
370 9757
4477 23618
18627 22615
800 4469
6402 7119
1473 12091
2582 24286
6598 16040
6584 10226
7338 8797
4838 20092
3601 17814
9259 22906
4786 12281
6821 13311
8513 15234
633 12703
3352 8481
10523 18257
3354 17897
8214 12384
3947 6180
667 7239
5096 7628
3058 20426
19113 21847
15076 16956
7628 21440
5419 13511
1291 18698
545 9428
5064 17816
7415 14922
8484 15084
1101 6221
4667 19303
4280 7724
878 3592
7612 13265
1349 20822
13120 15659
13891 21940
13473 22916
17247 18744
1170 12787
5191 7786
1793 10986
4832 12451
695 13682
60 18699
568 21495
11784 18652
893 21950
1717 12730
2124 8221
1441 2600
15005 23849
13525 20450
9833 18869
6642 21419
23064 24341
18788 21301
9720 22268
9182 9893
2338 11957
8053 24024
1691 6739
13268 15541
2396 23504
4258 19029
5182 8750
13731 15137
10902 13361
1743 5775
18976 19613
14347 24442
6452 7352
7214 23208
6277 8526
1494 7329
3282 17557
9510 22250
1183 7749
4202 19057
13085 15956
3957 6059
2270 5044
2907 22946
14371 20179
9323 11167
1259 13459
19711 22644
9622 20200
3586 17315
2738 13655
3607 5461
4692 19583
15444 22177
17264 18442
8926 17559
13194 13276
2009 14013
5907 18963
5848 13806
321 11328
1741 13948
10136 15661
11486 16313
8203 22130
5587 21730
6674 21782
4547 11296
8491 22395
2461 3369
6235 21971
7230 13960
349 13187
396 20379
5040 13034
741 2608
4437 17055
187 8218
7425 7725
722 2603
17521 20476
92 2039
2361 22019
6615 23919
195 11402
64 1146
4465 19793
851 12270
6944 9483
19353 23516
21783 21816
8034 9019
5945 10038
16320 23287
13171 18304
16124 22133
12071 22069
2761 16218
807 19673
22596 22839
1099 1807
10914 12341
2433 4417
713 16941
759 7607
3073 3887
4376 15798
9566 12395
16623 18146
4965 7755
1830 5162
12576 14304
3582 16442
912 23747
10601 19319
9179 11620
3475 23781
11054 16307
15370 20665
13863 14772
16512 21786
15498 19649
2427 14779
16472 22655
4563 11142
19000 24289
16042 21948
7436 14280
5434 22516
10536 12766
371 10351
6364 19392
3145 24385
15557 20243
6740 13043
20170 22419
2920 18017
6125 13059
999 12420
7215 12804
4069 15719
14014 17372
5719 5975
13741 18572
8147 17519
7413 19134
9504 22392
16796 20874
6796 8928
31 16281
10466 24022
928 5201
9403 18119
4294 21865
17432 24002
2097 3083
10692 16839
9816 14000
2453 15790
2987 14496
11218 23761
10177 16872
11717 19636
3935 17302
23213 23544
2578 15213
17252 19857
5847 15377
6679 6766
12122 24368
17662 18086
8655 16695
9708 20438
1775 22428
10869 11565
6360 15413
6173 19487
15930 22185
7477 14237
8605 19531
7829 13659
3542 15345
5191 24384
3040 18439
7894 19947
18938 20179
11246 12369
5712 18231
3519 23374
18061 21792
1763 10980
10199 12259
13108 15814
3750 23180
18867 21490
5346 17963
413 6601
11976 23205
7758 7949
1981 16065
5313 15221
1015 21875
8960 9483
11183 17829
874 1483
10234 16636
6884 19803
3459 12395
11176 16918
1271 20563
9929 17704
8959 21876
10708 13650
6435 10594
2139 3644
140 9578
13250 14490
6710 17526
5047 19106
15280 24274
2367 21547
3815 12076
13208 16255
8981 15144
8846 21769
3796 15598
15988 17750
14714 20421
5786 17253
10911 16119
959 19745
20304 23515
16427 19808
12316 23784
9677 11829
12730 14849
13752 14653
5109 12885
9737 22018
14518 21749
22538 23579
10841 13935
10684 16488
12412 18632
12590 12972
13387 17038
12733 24375
17655 23331
7660 14974
7895 13909
4091 6815
4377 8904
19346 19918
4564 7697
7778 15206
14204 15824
1694 22664
13889 16169
16090 21040
5032 10057
7148 14974
14288 22317
4631 8412
5059 15537
7321 21689
1817 17093
11272 18375
17778 20678
6847 8738
3854 23291
9491 9700
16868 17226
7251 16977
8096 11349
12059 12578
12092 12313
1419 16910
1632 4570
1281 10956
11970 19262
20456 21219
18116 23875
10532 17490
6772 17911
14419 18776
12200 12746
9586 22253
16442 22256
1852 20218
12711 22431
7944 14438
11316 11841
34 18551
2707 21568
8152 8419
10791 18470
4263 14307
11874 24139
2074 15869
4102 4896
5572 19309
17824 18973
14969 20495
4234 19932
7662 11502
6371 8914
6485 12653
6019 20480
397 3050
4093 9658
1798 21996
1886 8203
10879 16542
2472 4897
10407 18071
359 5003
1045 12831
4527 14700
4724 7406
8654 21075
8063 8261
17265 21139
11344 23300
13263 14802
81 17866
5722 22782
7702 13400
21528 22281
647 7912
593 4054
11426 23301
10068 16781
1787 14781
191 4388
18875 21867
3701 10989
12828 14979
6016 12867
1079 9907
13593 23738
7351 10922
14086 20763
16087 16267
14634 23085
2706 4784
9423 18777
6072 11326
443 22966
3529 17143
23404 23407
2092 2383
14276 24460
12443 22749
6309 13510
3048 20515
6066 16695
3655 23529
3955 22472
15221 19625
18466 21174
15134 18555
13961 23166
6861 21759
13066 16139
17225 21168
7881 22123
16520 22740
6399 8978
338 6837
1491 8713
3187 8701
7544 8478
19514 19941
2774 23871
10787 18664
1769 16489
18323 19557
908 23427
20268 23440
9781 20173
3198 10013
15242 20593
5002 17825
8674 9755
5143 19051
8072 8237
19728 21215
1573 23405
7862 19598
1594 9662
10952 22007
8274 15411
5823 12678
8753 10247
18989 19658
1063 19675
8760 16557
22 20794
20103 21809
2857 22962
5943 20638
2044 11345
11786 16915
11921 12722
13840 16365
4385 9205
15980 21944
7043 7374
5110 11497
14350 15550
4090 13755
4252 6127
586 20310
1733 18985
5291 9239
15414 15976
13240 22161
4261 22585
21514 22588
19625 22278
20056 22650
1497 23616
7087 18027
1858 22794
13510 19033
8415 17130
7935 22357
1802 16996
1985 10673
2699 19039
10487 17982
2009 15360
12302 13186
9331 23883
5474 12982
12308 14986
12270 16556
7017 17497
5398 10049
5066 18893
4026 15816
11097 24117
19459 20838
1086 1914
21402 21889
2224 13497
4475 6426
1489 14022
3816 4141
16755 18227
6256 7867
12099 15458
5514 15571
11755 20228
3307 10579
1365 6119
7587 11455
4724 20207
3896 6561
12658 16489
7358 20664
1142 8717
6092 7965
7862 23068
14290 22641
1865 12930
12955 16856
1789 16734
6420 21403
16967 17998
23692 23996
11976 24053
6551 21034
5428 14655
20886 22463
13413 24123
4362 10658
7681 11720
11244 14247
10652 22459
1536 14646
3661 12992
829 14035
5009 21008
358 18814
2055 12192
14148 16726
7041 22766
1506 7552
5656 12247
3088 10667
22669 23011
2229 4030
7944 23727
7660 15962
9742 20831
425 19516
9083 13654
14711 19131
16672 21352
17436 19128
14829 23583
10695 12049
7126 12696
3777 11768
3166 17255
2883 20110
86 14148
16590 23895
7277 10252
276 11581
14277 20917
15181 21621
1313 19822
1388 22467
6411 23627
6455 12423
17730 19893
334 13110
13706 17404
7056 12927
3617 5979
18768 24360
548 8504
1881 18935
5567 19178
9716 21433
5474 16313
7209 16509
16427 16924
7702 21053
18598 23319
16802 20920
12389 12602
5524 12677
11692 14337
1704 18248
17540 18690
10319 12545
16711 17359
16344 18573
3324 10787
5588 7401
7573 7624
1936 12372
4087 23176
16294 19669
7629 18715
5390 21374
8081 8351
6913 18738
7535 22394
15827 17384
7766 19383
22948 24066
1352 11123
12367 24122
5369 20386
10975 21029
7804 10059
1205 10644
6150 6872
1130 6805
14021 23357
9762 17840
2744 23861
13378 18969
7239 21477
7852 23861
6330 9935
2263 16572
15299 21463
6826 22067
9168 11632
496 16851
4402 5368
10277 21797
14932 19935
18741 23033
6284 7528
576 9743
7693 16971
6251 19808
13690 16594
269 11558
9 10652
17523 20897
16163 20576
5098 18365
8690 9971
4196 20691
15888 23180
946 5039
2392 4977
12313 13772
682 20022
7259 19744
9507 24165
17282 23915
740 19420
11629 16637
15841 16877
11239 21203
13396 14446
4145 8553
10097 15090
3212 16726
4772 7000
2311 23801
1474 2622
4473 5107
3358 4751
6851 11245
7418 16186
7221 17142
6966 11811
13853 17629
7313 14778
1755 8068
12307 15020
9154 22104
13064 23404
5436 8936
9398 10072
808 11835
4785 15606
4544 8174
12672 23012
6716 20249
6019 13994
11862 22742
13710 23434
5208 20492
464 11302
402 413
14232 22503
915 4233
15214 15344
930 1684
4462 14282
13628 23157
462 22147
1299 18754
8261 10543
3172 17545
14429 24394
22185 23193
6920 21670
1073 21448
3430 13706
1781 6620
1327 7633
2110 6407
3994 23646
11929 17836
9663 22753
20763 21001
2246 4848
4954 9625
8289 16883
12888 24406
393 8548
2002 10331
949 1547
3894 22589
11514 21629
10338 17084
5462 14567
18550 21795
5490 15444
3818 16557
7757 11704
597 2454
9539 19020
2945 20816
1964 21840
8875 21107
7684 23507
2964 19963
11655 12380
8977 22275
10857 13035
1330 4946
13368 21819
10023 10521
6404 18302
6716 22637
2920 12490
3261 19799
11882 19672
16004 22362
12587 22063
7753 19865
4887 8082
3153 22136
11310 17308
13230 17666
6709 16596
13508 21589
2496 15334
10648 16734
16904 20471
661 2664
9857 23177
16084 23598
4647 6979
11010 20808
11243 14238
11758 12322
8084 10576
4964 6682
3027 24233
18724 19652
3177 16137
19285 20711
6365 14748
13048 23787
13451 15420
12352 22433
19848 22141
762 23294
19548 22327
9026 13804
15905 18262
17314 23069
2214 21246
18301 20171
1999 14071
3576 5896
4569 12336
4891 11122
9989 16700
20265 22944
12269 24236
372 8062
1178 10357
7229 23196
12103 16458
393 1297
6017 22950
4919 24010
11736 13764
4574 11234
16568 20467
2341 11355
17843 23322
8164 13653
3617 18758
7219 17282
18555 24160
21404 23131
6836 14706
633 16054
4158 15682
13578 21976
336 19772
5313 16194
4762 10835
1967 6470
1150 7771
6923 7478
7068 10339
780 12463
9132 10954
10144 17246
9690 19863
10300 13413
2299 11976
6070 12961
2704 11196
23270 24373
11979 19223
2679 21986
5147 16887
5921 8114
3108 18264
6301 10422
10938 22836
8751 10256
178 13495
4828 17863
1883 19733
1678 13360
7866 20467
1852 21633
17466 20118
12695 18017
499 16488
2560 13920
4941 14173
18586 23249
14223 21755
12338 21224
2986 12919
2751 23516
1312 1938
6534 6654
7362 23944
7049 21164
20032 21763
755 10461
15945 17757
2518 14905
6018 9395
1965 19358
3610 15492
5536 15078
20291 23479
15070 18938
6365 10382
6934 15221
16338 22970
766 22546
13335 15193
17334 23898
11520 16677
13591 17048
4003 6166
6061 22067
9548 17696
5048 7475
6308 14212
11105 16235
6662 9184
73 1274
14278 19947
5215 20470
11956 23562
18468 23751
4075 11181
13485 17037
2091 10399
12529 18415
5231 21598
294 978
328 13939
4509 12461
18778 22074
474 23102
14245 15366
14095 14810
2524 18529
5692 21784
3333 19152
10501 20442
1174 20420
18310 22784
13474 17612
5816 19176
1085 19922
2430 6788
4217 11068
3617 21779
3155 14871
1604 15308
11087 14084
1633 5956
135 8402
6619 12583
4521 10015
6178 13937
7158 13696
3467 9381
1436 15959
6128 13643
21109 23897
9424 12847
14132 18689
12833 14100
8348 21920
12367 14277
14238 15438
2797 14173
15839 23023
2595 16412
97 15389
12567 16511
10773 17008
2968 23798
13037 17190
2590 21175
3333 5920
14466 19272
19152 19327
2676 23378
2126 14141
7018 17017
11794 21423
7963 9541
6619 21745
1819 23067
6797 23580
10139 15529
8156 23271
662 22035
15041 16171
3706 20078
4589 20312
6865 10838
5292 16097
11075 22906
13030 20631
19085 20046
1867 5025
8817 17204
17096 21754
2896 18781
14673 19320
20539 23542
18436 22526
11392 13398
21472 24476
4033 8108
11437 17892
1216 16832
1597 12647
1902 14781
1253 9454
449 5811
3124 7941
1714 15284
3081 8692
13783 22753
8156 18626
13693 18219
3024 20484
21377 21642
10156 16807
2091 12980
16170 16605
11306 21781
9835 13709
4408 12059
19085 21018
4359 20426
8453 21597
23610 23692
6537 17008
6601 12492
3176 23800
2768 17450
6945 22024
2124 2393
7297 20686
8554 10213
461 20857
181 23751
921 3335
4756 10934
9492 10405
12835 20113
4607 12208
4305 12639
6891 14702
6355 7827
6316 8283
15029 16931
18686 20595
20052 23599
13340 20257
1428 17564
8218 13013
3097 14086
7062 21673
17177 20893
10883 20309
3768 12733
1791 14861
11799 16071
705 5092
5501 20426
6584 20906
19886 20701
5304 15920
2075 10097
17325 17832
8036 22267
6989 11237
14391 16849
10234 19334
10850 16501
15332 19457
12421 17409
7239 22452
13152 19083
10688 11710
1050 20305
12221 19703
2875 18719
937 8117
7036 20369
7955 24237
8741 9437
350 2662
13216 14331
2253 2952
7673 17984
1273 2953
4384 4841
1059 12609
16151 18769
10854 17894
6528 15227
15895 16195
1951 16330
10340 14617
15385 24053
1329 16436
11234 18402
9905 23198
5702 21350
16598 20465
3324 22640
8120 17061
1144 15991
18685 19416
14617 21899
15376 19427
8166 20036
2712 5200
18142 22814
10100 19659
3614 8810
4183 14558
5426 13180
3977 18837
12762 19270
8068 18748
370 816
1581 3054
1217 4937
14762 24392
6071 12611
1238 17446
13532 21013
11830 15225
6360 22931
2848 24208
10406 23848
14589 20074
5969 16793
10932 24026
12508 13927
2739 10476
3902 10873
8470 13195
1658 17576
4928 14813
2150 14229
7800 12568
8096 9471
9319 24121
5416 16166
1823 22389
16682 22469
2348 21504
8990 18087
9399 20496
5902 20088
1676 16432
9165 17347
2764 21806
16646 23435
4642 24019
8676 9011
4888 8177
9224 13252
11534 16882
2778 12864
10038 13506
10005 12052
13582 15782
5700 15229
4126 6677
20252 22467
11445 23030
9545 16199
8290 16976
8272 12452
6435 12646
13415 13575
12106 19984
6716 9843
12572 14965
17227 22787
2495 24411
1158 17226
6124 14748
17851 21797
8144 19942
9853 14270
18789 21857
2707 19463
7582 13366
3162 23712
7948 12551
7069 13884
8469 12523
20506 21188
19891 20822
12609 23597
3950 11951
12910 15047
11145 18974
1419 3036
3013 12592
1427 8425
11150 17817
6328 15809
22983 23530
7447 8178
10814 12960
8031 11763
3563 13697
13395 24202
5129 12148
21207 22558
12809 17224
2909 7347
21955 24219
9673 14567
11640 16614
4151 12766
323 15688
1823 6545
15294 18035
12981 18010
8705 22640
16213 19954
15728 17907
17758 21825
1741 20662
6585 18867
3622 23241
1050 11438
13543 14295
9169 14576
1286 16952
14087 22542
8283 18213
9933 17809
15397 18403
10210 14863
2385 7435
4744 14106
4323 14123
15635 20360
7880 21619
2316 19411
15058 20634
1429 6767
10435 14822
12198 21829
5412 20511
17575 24281
10463 23293
1330 20945
10972 12622
2611 10300
13774 17474
894 3177
2667 19381
3038 20147
11490 22269
393 14420
1212 7811
5525 19298
13034 24038
6186 19243
4358 10420
3174 17151
7856 20307
20611 24057
472 8326
2423 5690
5586 21460
10286 23129
3857 8384
2395 7292
5851 15738
15949 23886
12887 16910
20668 24243
7264 19492
10989 14816
1070 8186
131 7963
3437 15994
3180 18995
10187 18599
7548 8783
249 13550
21625 21945
9064 22512
14331 14608
15117 15643
17886 21283
13063 13605
10236 16260
4919 5084
12389 14423
8458 23225
4836 12821
14230 22300
18650 20218
3779 21128
9427 13721
3832 12834
4722 17141
1585 16882
13231 22210
20558 21773
486 21633
8737 15818
12555 17293
6052 7408
13429 14301
1151 23707
2360 16361
8439 11216
8549 19986
5691 9100
18306 18888
321 18040
2716 19450
15591 16808
15782 23729
6735 9827
6150 7937
22095 22565
12525 14641
404 1888
18761 22476
4199 16912
8802 15077
8563 12182
2145 16955
1532 22496
2813 5707
800 15107
4507 5872
4129 8632
758 3240
11235 11803
5883 18033
18795 21474
1992 20832
1467 12625
3285 8509
4229 5914
9330 13010
4220 18371
9970 21815
8230 23387
2155 22579
9230 17819
15609 20218
6265 21652
21728 22539
4873 19887
17289 19393
10590 20805
4769 5506
22642 22754
16354 16721
4647 6605
11088 13976
4810 19943
7987 10285
2679 18079
4125 21425
324 3028
7294 8612
17852 20599
879 4766
13357 17239
10749 19246
8827 22319
4664 9401
3144 3942
11795 14084
9774 14512
2714 8256
2331 11320
15957 20794
5640 19597
6813 10817
5999 24076
5850 17477
7184 13561
11024 19062
6273 18295
14511 20197
4938 6447
17260 22813
1703 9420
7194 15943
721 8576
4632 17696
11596 16977
9597 16567
3322 8951
2533 14181
21828 22255
7662 9901
752 12621
9339 14194
11179 14832
6035 7248
2362 17604
2390 15170
13955 24070
10091 18424
1134 19329
22127 23090
14385 19234
7945 17631
2970 8248
11532 21468
4298 22377
8836 21195
4212 9038
7208 8920
213 21496
12318 12440
19261 23926
9821 17622
3863 6656
8301 21873
13562 20323
3958 9996
8981 12206
8116 13147
15131 20081
6122 14303
408 7522
2492 11357
10305 15276
3843 21419
9567 15569
7208 20845
6275 10636
21158 21206
20904 22683
10676 18111
5896 22793
5567 19619
1508 24254
9319 21665
8797 20065
19817 23724
2087 12412
13217 21098
18999 21590
4009 22978
7228 16319
11103 16253
3162 4693
1855 14733
12333 18322
5179 11013
7675 9719
14716 21281
4329 23763
13135 13682
22847 22922
3231 4051
9154 11266
6471 21236
8535 22806
11358 21704
10407 23867
3163 13988
14430 17728
6799 7791
10443 19297
10957 17187
8418 19381
14042 19595
17221 18448
3253 12519
668 2617
1797 4759
5286 12679
3494 8422
6920 15623
12219 22251
18525 20063
2675 23888
10402 20790
1919 22650
13360 13361
136 12390
1089 9148
22211 24437
5601 10745
9382 21804
1966 17416
9842 11777
651 5194
12264 15009
678 18378
14850 17509
6470 19568
7739 16451
5779 7335
22648 23765
1625 17497
24085 24476
3542 16969
20784 21884
3803 6924
12238 18429
7238 19474
15168 16410
2154 5413
6319 7654
18502 21846
10531 14893
5442 18755
2229 11036
18174 19448
6974 21937
9847 10673
21843 24372
20303 21215
4158 8080
7608 14522
7781 18400
3028 6374
3576 10050
14371 19528
7879 21079
3941 12289
8333 18546
8860 21539
22268 22711
14574 21181
15156 15513
3290 16431
1712 16970
4534 22947
10515 23958
3511 4009
3433 21692
4778 9085
5042 13301
2603 19525
7517 23800
1989 19635
18033 21938
1136 8452
2190 2602
200 24299
3849 20774
9173 10488
5289 17039
636 5867
3180 12491
10373 16848
5567 17038
14972 16617
21326 21707
14455 18582
6027 21229
6534 18329
13344 22651
10882 24459
483 4991
9087 14598
8053 23258
7396 16794
32 4686
11937 22285
9171 13166
5559 21527
1420 13761
4199 18440
391 4165
16174 16362
3283 17858
16851 17289
8401 20267
12385 21718
11275 23903
11850 14226
345 15931
15838 18599
21234 22828
3000 19409
4601 21429
10230 12917
7864 14415
21008 21049
14472 23812
1074 6100
9696 11522
2732 22165
477 15264
9305 13405
6617 17316
11986 22542
486 20027
4651 5163
6617 17910
7515 12608
16262 22795
5388 6429
5171 18763
12337 16461
14361 18004
2042 9845
4218 5882
10265 13700
10436 12052
12215 15733
720 11791
16129 23515
7394 20242
1233 4605
14440 21264
12956 23649
127 23523
14074 19400
2735 12507
284 17393
13288 15745
729 9576
1815 18668
20496 23064
11640 13853
17987 18633
211 6802
17671 17926
6023 12604
12019 21814
11935 12239
3526 23285
8202 23522
11654 13398
6216 13230
11273 22824
1325 22852
2180 13729
10150 16688
16245 17317
691 18058
13820 19986
8563 19718
4314 6743
20238 24038
5445 11791
8635 17867
584 10574
5461 17334
8406 14525
2782 3829
9732 23401
10352 21399
7675 22939
14444 23703
4093 11040
5418 8268
6800 19549
3751 17849
1236 7683
519 1351
8943 12882
7117 22503
15767 23975
5440 16995
13781 17152
2013 12951
6630 18082
15738 16001
5371 12802
299 13347
5770 17060
4819 16722
4371 13994
7428 13260
2997 7865
4710 15629
8372 21427
2884 9233
44 9875
14672 20887
7677 13142
11997 23989
15061 15519
13799 18787
8275 19415
788 1359
1672 22143
5001 19120
3430 12642
1098 2442
20283 20539
1934 3332
19606 20452
10663 14457
1495 13023
2193 3348
3426 18297
5993 7707
2163 19361
3559 22981
1579 2461
4852 22826
1839 5909
9148 11141
1370 7412
3590 5576
10776 18949
20776 22759
10042 16252
2488 23830
12689 14943
15538 20567
9385 10283
4376 7108
5759 23613
4209 12621
6588 13870
875 18545
10707 24320
7854 13773
8029 24124
893 20914
15580 24247
8758 15774
56 3689
11349 19766
6362 19469
15686 19828
4197 5149
21077 21890
4667 22226
6601 21122
5179 11732
4688 6137
2783 5995
2726 16632
2508 16677
2836 16887
13627 22759
13300 15462
7618 13370
11630 15409
10251 18436
6203 8067
16558 18062
1941 10350
6111 12035
16503 23237
5594 23718
17133 18664
587 5268
20505 21329
5779 15472
4996 17769
622 8894
5464 21909
17192 23662
13295 18008
2274 8732
12774 19581
14383 22646
4267 10782
4855 20355
15064 19561
4308 14323
10501 12295
2052 7526
6159 11780
13549 16389
2720 12050
1096 1860
12398 13368
10794 11529
6762 22546
8757 18307
3300 15093
1260 6640
16380 18620
9410 14597
10986 22245
1861 13009
4190 16615
1653 7248
707 6619
14592 21494
19337 23134
13427 22847
3322 7575
21050 23424
14206 15546
2136 12464
4466 9221
9051 20011
2930 22975
21670 23077
1082 11532
3412 9162
15639 20325
2530 12087
18345 24344
7759 14850
121 15885
366 18505
4586 20776
14894 20935
3501 20315
15079 15810
10370 21213
13091 17471
7996 15743
4408 15638
7878 12779
2344 3830
559 21467
8034 19425
12976 23649
10664 11845
8364 13213
627 15860
6580 8210
4105 4463
10149 18887
19203 21745
6237 6538
3949 14317
424 1637
5948 13545
1928 7637
10499 13375
9804 20026
10377 18049
17961 21767
14934 19824
7735 18960
3093 17180
15869 20491
4514 19145
20423 21350
14248 15490
7382 8870
18137 22551
9330 23825
1685 6373
3198 8361
18389 19403
21227 24385
6873 10147
1020 11768
5281 6210
16130 17874
571 13381
1597 6748
36 4258
6652 9496
5344 6956
1914 22871
1853 4892
9092 21231
10995 14660
10895 17458
7797 13092
513 4813
5371 5571
2101 13831
600 607
15683 22566
3175 4230
10623 16453
4841 18215
13071 20468
11062 19969
3221 22744
211 11106
5089 14721
15254 20037
2764 24348
2816 8442
12226 15436
1583 4931
5674 14605
5145 23249
317 8816
3525 16589
9686 21413
4736 23944
7479 8138
2164 7613
16975 20733
6824 23731
6636 22950
15322 16735
1287 18280
1174 5588
14177 21425
5334 11543
6313 23823
319 8627
3394 8606
7952 16951
5171 7446
9059 12789
8064 23140
4063 4553
2516 2701
11618 18404
1372 11234
7952 20523
1963 10411
17627 23341
9375 22928
13931 20421
661 12669
21469 23172
5823 9532
10233 15021
1090 23066
3413 19427
7322 11859
5566 9734
3649 13607
6131 12737
2404 22338
16922 20402
13825 24427
9568 19914
1667 4945
3209 12345
5065 7459
12856 17958
1388 3471
6731 19839
9205 20080
7060 20389
6012 20475
9322 19773
3838 16919
12040 12352
4699 19063
21113 23004
4236 24121
17809 20795
2671 19032
9268 19556
6549 8563
10525 23892
12519 16811
4220 10173
17212 18000
6095 7631
8231 22870
4304 10447
8182 18426
5554 9218
2279 23918
6532 8845
196 15924
5124 14708
7068 13063
12013 17158
12590 14083
11861 15623
2351 14988
3473 16769
9155 24373
16178 19820
2319 6045
10211 17991
756 24328
4193 5466
9850 23286
9157 19028
12945 23494
3241 16057
22234 23219
9640 15650
3195 7210
2052 15559
9649 15376
15859 20900
4757 7253
767 10145
10373 19097
7270 9313
3611 19176
1670 4180
12677 15635
2561 13682
3273 18469
1287 9487
6477 11049
7566 23314
14106 14491
5229 19386
4091 20291
6196 11159
2114 20237
2357 22995
5197 16632
375 1920
14547 18027
8202 10027
17558 20754
13788 20316
4925 13435
11071 17315
14471 19550
2363 21160
13140 18767
5623 12348
11373 14645
1892 4911
3794 8788
9022 18941
11705 17154
4561 8496
23474 24109
838 1254
6036 11628
12939 21406
115 19570
2754 19045
7763 17071
13648 13987
6504 19239
5333 5663
15380 18524
6942 11486
9201 13602
1319 24459
3487 9947
1676 24437
7206 12965
1975 9775
5755 9233
12957 17173
3188 11677
8230 9004
13573 22419
8122 14488
20247 22785
5612 8924
10351 22905
3236 10684
5079 6057
11206 21722
3317 3332
4406 9848
9789 14924
5498 15846
8016 9984
1894 2875
7565 12968
13982 17167
10240 10696
11484 21907
4110 23391
13593 20157
10688 12281
13801 18640
4914 18784
4200 23727
9363 18225
6443 21208
13988 24225
19978 20484
13617 24306
17486 23765
4069 8663
7066 15395
1498 19925
1200 12880
9396 10107
6703 10463
11307 12624
184 2134
16283 24371
2657 4248
2953 14195
3441 14573
5407 8334
7712 11683
4323 15087
2788 9277
1150 9847
4916 22503
11963 16464
1016 4342
16797 17474
7751 20306
919 23367
8405 24040
6482 16393
10994 23650
3332 6575
3646 11133
11279 19350
13108 17218
10011 16860
3983 23197
2025 3588
9929 22348
17546 21148
2187 14150
1407 21086
630 2556
11254 21166
8317 11745
8169 10322
4541 9488
278 16840
15972 24161
2360 17600
4500 19866
2795 18608
10652 12096
7026 14437
18362 24056
11914 14411
11533 11781
9569 13196
5972 14613
3582 19171
3725 22004
4560 18641
14248 20773
8346 9967
21379 22308
6041 20896
9340 13756
5561 13036
3532 15839
8710 17748
8452 11247
9285 24260
13466 22635
6539 14846
12258 23933
4319 18353
9050 16920
4506 10249
7327 13623
7878 10605
15988 23764
6844 21931
7541 8278
17559 21756
4443 11180
6787 9519
2443 12889
2087 14804
20383 22636
4663 6960
11753 21199
9975 20764
4460 11293
7139 17195
8160 10249
9049 13197
2622 15930
1441 17606
2981 5928
4840 8098
9552 22693
404 20881
14702 15475
3815 16550
18241 23066
3012 11128
10259 23149
13000 16530
7895 14833
7529 10581
4473 13264
14188 16199
12880 12997
6948 21272
22736 22895
8388 22694
4069 7581
4561 5292
6543 24291
4232 10886
14133 16730
14787 18449
20767 23266
982 18645
12110 20887
4609 6605
1167 5652
8178 20226
5058 23290
14823 24145
5997 14251
224 3515
9955 22446
10396 22710
1831 24390
14822 20554
2240 14587
1149 19277
2264 10774
2867 9612
3941 16166
5970 24362
6767 8072
8722 12234
4116 17197
16155 19655
7271 23962
11757 17060
1711 11613
10506 17227
4994 18159
1857 13053
2533 21027
19623 20244
7667 11119
3373 4898
15155 17248
7014 13380
1355 11990
11391 14426
17842 18107
6834 24129
4095 19154
11643 17351
8312 10834
7166 21870
13151 16031
2636 21455
6480 19507
1331 22679
5217 19861
4543 11845
3066 6486
2494 12836
7825 19732
15412 16856
7011 13806
6683 12391
5912 22139
3285 19545
13434 14857
20228 22748
6655 22760
19355 24142
15397 21183
8244 21617
11480 14809
4789 5139
3142 14293
13658 17550
2053 14275
19145 21777
7498 20909
9206 18102
4625 6819
16071 22679
4113 5381
5338 9914
2553 19708
15252 16712
11773 20462
4632 12865
15658 19667
13501 15525
562 20336
7794 20475
93 10777
1600 23541
9543 13140
3596 11813
4983 19778
9386 20243
3708 18728
5369 16122
15860 16180
5741 15823
16043 21151
13541 18113
3169 19475
2211 5489
7022 12146
8662 20083
684 5379
15490 20420
4245 7676
6823 23779
2689 23944
13696 21819
3015 4436
2567 4793
21470 22953
2722 24309
10903 12126
20551 24046
5033 22991
5160 16029
1422 7688
11416 12848
2673 8612
4473 17507
10941 11851
8335 22712
5915 7415
8624 18121
7741 10513
5888 8500
1162 11740
5316 9710
10785 19631
1065 9273
2009 7212
18311 24061
5263 24306
9258 18994
6326 11004
13498 15604
7951 11451
13048 24353
14221 18901
1096 10336
12576 16139
11396 19973
3226 11878
2685 22155
12524 21044
2156 18757
8547 9734
7105 11040
4611 20964
18357 22979
4602 14217
15068 19885
5930 6881
1633 15408
22970 23590
4295 15510
2462 15050
14370 20007
18236 23592
2330 4475
18363 19307
20002 22536
5474 19447
1527 18677
2487 20067
19366 20488
8457 22020
19478 23507
6819 8826
9166 19105
15359 22656
8921 12819
17123 19048
6589 24236
4220 15543
16618 22191
6716 20751
3592 11347
8521 17847
423 5591
1471 23555
2043 23605
20093 21073
21485 23193
19195 20861
219 4041
10034 14841
1966 2475
4460 13494
1078 4908
15556 18658
4883 13292
3217 19867
9816 11497
15340 15783
14098 23850
2516 12122
134 3165
8623 13796
1173 16079
18109 22517
540 22368
4737 22331
2136 3241
15264 17412
15347 17763
10627 14564
14288 21872
17084 24424
1872 14245
1993 15821
17391 23764
5018 21101
4983 23802
7360 14964
10233 21957
6109 20940
3537 4558
5070 21010
15486 15907
589 24030
3397 12669
5339 13611
2605 22360
3333 8032
13213 15846
2619 6062
3741 5893
7132 17761
1624 18182
16404 16724
501 22829
9493 11743
9899 21707
9348 24115
13327 20039
4920 17844
7104 7403
189 18380
17834 19580
10563 21718
19284 21521
21609 22245
455 18964
1489 19077
9969 14284
7279 11346
4449 6781
15247 17151
1416 20879
2065 3403
14578 21700
1089 12520
6006 12446
446 6566
15152 23554
6754 14638
8670 21122
420 5229
2184 10043
7933 12276
2143 17774
17727 20929
8732 15327
6868 23732
159 4281
9567 15724
8464 21659
687 12456
9888 18380
15154 20100
1316 10646
16723 22916
2476 12873
10367 23965
6485 19992
17268 19402
11466 18582
6678 7638
7694 23011
14393 21710
5487 11706
3141 11247
808 21733
6510 15422
11030 18577
18190 23007
71 2045
2737 14875
13854 14960
3064 10057
1735 3832
2623 16842
12854 20769
9256 13222
7574 15661
15208 18297
6271 6412
4798 8838
5315 17437
2609 10656
5923 6532
6026 18660
13150 19842
3799 15399
394 19643
2846 4560
8291 24220
5692 6280
12495 12719
15824 20916
12403 14432
20857 24050
5831 12710
2197 5534
92 10490
23297 23435
3593 23867
13216 16766
18082 20834
11411 17910
16746 18433
18129 21251
10697 19737
6428 19251
5038 12980
1875 7223
13179 19875
3663 19228
11749 23215
6856 8091
9617 18536
9546 16048
14586 15965
9573 17814
18757 19006
10258 12531
11122 11286
4885 17340
8791 10364
3921 14422
11083 17714
3664 17697
11457 19089
19772 21579
2192 24084
43 6705
4694 10882
7028 8228
14830 20275
561 4981
10730 18245
8741 11800
6784 23541
16722 21903
2317 20196
1379 18043
4060 10607
4584 12979
835 8603
10844 16439
4094 16222
8285 20434
11495 19268
10371 13302
7558 24479
1612 23782
11749 12237
3920 14733
2206 14368
2216 12264
3278 8750
7285 22851
3208 18895
1245 7015
8941 20111
6006 23448
17844 19751
220 24120
2324 4590
2171 19948
966 16438
1693 19723
8584 21228
1602 2803
1208 10024
1709 22113
7773 22347
1768 20397
8562 11994
1775 18105
4055 14239
11650 17961
14169 14401
2326 9325
11305 15042
6376 23780
21318 23923
3279 16389
5221 16124
6042 18936
5120 21406
4445 7937
5126 9389
23668 24347
325 6143
11863 15121
7218 15492
16652 17575
2135 11583
9752 17736
7468 24315
14549 22222
163 1001
7279 19819
7165 14196
15859 21958
7788 24196
8011 20892
3521 12515
22184 22639
5576 22647
3060 8702
4076 23142
790 22756
15798 16427
9399 16308
18473 18476
19752 23518
6098 17231
4845 11852
4670 15067
4761 10207
17388 23832
1911 10003
15757 19900
7190 21040
7691 20819
6555 20818
1288 3829
396 21710
4723 20628
12763 19353
9830 19115
12750 16922
17707 18720
14122 14810
11236 21496
786 7746
10363 14516
713 16840
13870 17893
6565 18160
6458 11943
4174 11421
684 15796
4124 19046
11384 15738
6423 20794
11243 12915
19723 22965
5476 9366
9271 11655
5304 12270
1023 19573
9145 17897
6979 12958
1545 15101
13217 20894
4658 13269
1417 22385
2935 18798
9175 14692
13349 17490
10651 13561
5562 14226
20022 21088
3023 9437
11982 20435
2905 13740
20696 24285
12699 16423
10770 17839
9179 20444
1287 7866
2375 14788
6237 11829
17062 24095
481 17449
7710 15459
929 11325
17571 21467
12807 21273
3887 11215
2548 10890
7855 11378
4350 13461
20650 23571
4614 15945
1468 19212
6271 7151
8946 11387
2447 5297
12363 14629
79 24432
20395 21171
13585 17892
4683 18242
11818 14225
472 24357
12727 13509
19896 24160
500 6745
7187 9876
13560 23797
1645 5910
7014 15702
14869 19115
7251 16621
4089 18307
2729 4506
17993 18884
64 19530
18653 24426
10933 22039
317 23058
8141 21387
15084 19714
15191 16307
12145 15956
13771 14835
2328 20668
5164 17513
13136 17612
1525 7569
6862 9686
2287 6621
7507 9026
9854 13160
17733 22313
6432 18007
4323 24148
17618 23115
2732 20696
20088 20446
1923 14080
18157 23613
11430 18442
13278 16614
5776 16553
3365 19640
14860 20730
8537 11585
3190 3718
10708 21449
12030 17246
4342 12992
7808 22962
6031 20925
10383 17047
13059 20271
16662 18647
13017 14015
2194 22264
3055 12630
1109 21948
944 18164
1477 17518
5696 22818
1198 8682
5937 7504
2077 13391
2516 12680
17649 22107
7805 14016
21179 23062
5501 20887
9990 10494
4175 20608
5126 11932
2319 23206
4134 5869
4994 20789
16092 20217
10782 16601
15957 16018
2471 23719
6194 17860
2068 17198
12087 17316
11376 23124
7158 19545
21539 23561
10499 21919
3324 22539
385 10490
11475 13963
8997 9626
6349 13052
1082 21496
14347 17424
17253 19234
15012 16665
9861 12029
1743 23839
4959 18174
6786 18234
216 11945
2859 9187
1989 21018
717 7237
7777 10610
11886 13575
1698 6485
4384 11566
12350 21596
10082 15826
1456 22803
18566 24129
15017 16243
1625 19394
6 11602
12970 21296
1825 18270
11832 17758
2627 18818
15964 16501
2293 14422
4072 14882
1013 21871
21226 21815
7890 16173
1364 8552
4229 24049
7580 16943
1075 23906
4828 10792
23288 23433
230 18305
8155 21653
5552 16035
6892 11449
13214 22584
10448 16531
4585 6372
565 22918
574 11261
3667 7908
3292 22389
19343 19658
15186 21842
11165 23459
11601 20761
18852 21203
18651 23165
17599 20431
8641 9472
12332 20499
11566 11850
18264 22701
19216 19897
6568 10636
4985 17968
11474 16996
4467 12520
6728 19460
803 13097
16674 19919
6418 17252
18683 21479
983 9143
4854 8836
16494 20145
21766 21977
8050 10034
2552 5832
13017 23342
1590 23420
14372 16770
18432 24247
4997 21762
1076 7589
13500 18216
1492 11798
2212 11711
3787 5709
12040 22742
7575 10518
697 10514
6889 24487
1355 7505
20046 23536
10293 11520
15832 24020
2078 15760
5802 15000
13206 16641
4730 8828
7361 10131
8219 12263
1641 18655
3587 16429
17935 18591
3402 8993
1 24104
6166 17949
16240 17456
729 6927
9785 16461
1651 8864
16378 22284
13651 17556
7132 16602
17900 22356
1877 20655
11251 19060
19122 20368
13369 16860
9312 20460
15035 20311
2455 7137
17830 21865
10249 13996
2860 15461
20837 21149
3540 18632
1209 12139
12502 21649
11521 11886
8783 19696
8587 14503
5225 13236
3979 16913
2170 14430
10180 12647
18701 19327
4692 6102
4447 23064
9567 18793
1865 15889
12746 18255
8820 11656
3924 8486
6531 8387
22929 23127
2301 3896
6302 13164
10532 20967
19428 23664
4499 9250
328 19072
6808 8212
3783 24426
7410 24491
10437 12099
929 8755
17768 20633
1112 3240
14475 23767
22612 22902
1571 18451
8185 15321
784 1532
1624 12881
2955 9383
4608 17697
5877 7790
2721 18547
12160 12466
5276 20558
5464 8350
19355 19866
10672 23038
6759 10077
5766 24007
2267 24013
13698 23419
8959 23586
11847 15756
21374 23545
17558 24138
3400 22860
3427 18865
3019 11720
2154 12616
7057 16134
2618 7003
10904 19225
13456 23335
11039 11945
6006 21395
12609 15550
6915 24386
14459 23350
13515 19193
699 15749
1714 21023
3732 19969
6566 13115
4001 4223
7785 14128
12159 12486
11006 15813
3322 17929
8037 8888
18156 22088
3056 23995
2017 15965
12662 19545
1369 6693
22061 23962
6634 10737
16888 21450
10665 16609
7121 9916
1479 23055
9309 16641
11123 16890
4719 11703
18490 20793
2216 7413
1851 22879
14462 17091
3108 9424
10029 10840
11771 24150
21115 23270
3397 19203
3312 12223
8235 17761
12431 24100
2833 21094
11763 13672
3153 23970
1298 13449
6402 23369
1560 9200
6130 7504
14044 18821
16686 19172
6317 19948
12016 15901
14648 24269
2723 5696
9834 23184
18125 22424
288 2526
18887 24103
17714 21984
20976 23728
2307 19552
4332 7597
6130 14878
4253 15480
8158 19586
3299 11855
11336 21588
1901 2848
12208 18981
20394 20625
5132 19498
2015 12544
19639 22251
9929 14027
11039 20792
308 6039
2818 23450
3606 19493
14419 19501
12982 17643
10698 16270
15541 20815
5001 5869
9594 20917
15118 20608
5972 15328
8758 18593
5671 9113
14362 21800
5257 12512
3472 3500
3536 8408
15797 23566
15356 24292
9357 17923
11824 15964
10028 16665
19791 21747
7726 20369
1090 8178
7161 17441
14689 18225
16667 22056
5653 19755
10498 14020
6059 15266
12656 23380
19270 19827
13928 17329
13403 17155
2386 5018
10165 14411
9643 21304
4658 14571
12295 19195
4583 14182
6339 21273
8545 23323
1061 2209
17741 21138
15141 16827
7124 16514
4987 15648
20504 22052
1463 13878
4739 9134
353 23186
3728 11524
2528 23911
17962 19782
20493 22591
7619 20841
5852 17582
19750 23923
4834 6174
6633 13863
5182 14464
16205 24286
16777 23885
5397 14121
19538 23361
1753 16004
9439 22863
9042 20360
7864 11738
12134 20622
18581 23738
1990 5886
18704 19474
1095 20000
9513 9826
7751 22261
16413 23442
3801 13409
2009 19244
14767 20265
2400 6489
16799 19320
6185 24266
19748 24190
982 20562
7365 22552
9011 9801
10883 17733
418 14151
11665 16975
11085 12879
5901 18646
1439 3141
9170 17454
1190 3365
15134 15461
9233 14436
11735 22173
9059 11028
3253 9052
2681 14464
5170 19762
18432 18564
9495 14684
9946 21338
409 19235
554 10811
6268 10322
2686 22803
4627 10774
6797 23766
13433 23157
5761 15006
17353 20249
5323 14587
1470 9763
15905 20839
7667 12894
17180 17957
16952 22859
8007 22464
5509 18268
1378 21304
20926 22185
8088 8682
5130 18992
5585 13111
11624 22436
8818 16486
242 6262
9252 19637
0 24404
17804 20011
10933 23534
12326 12781
8864 15575
6140 16658
1064 22828
1517 9106
16437 22552
7452 16578
1907 21389
11646 21220
1277 9836
9453 23195
19624 20575
14764 15023
7367 17971
2718 6960
523 21153
6994 7196
6636 11254
3821 16026
7590 22259
1908 14070
6174 21144
18804 23848
4316 21506
9881 20338
3442 7688
8675 16594
4712 15648
3565 6065
7602 13030
1991 8691
7934 11106
10267 10308
20295 22544
10961 20348
1528 9909
2996 23755
7740 17032
14665 23915
476 8796
16555 21394
9165 21682
12833 14204
16901 23321
13428 19943
6770 20009
10487 18397
10575 12914
9654 23081
1649 2608
10400 14165
2920 24053
3346 16421
1164 16828
7766 19621
8421 9065
1834 14130
3915 23734
4818 11201
1658 3373
2853 12742
13614 19025
6736 10695
3614 17361
5455 22826
13973 16364
5122 14884
7612 18745
4886 8000
413 9329
166 14887
61 5163
7495 20419
296 16102
6458 13023
1532 13090
168 24144
13730 16791
9199 9879
5519 21486
14924 15444
7907 21817
14580 17694
1112 20635
6948 17434
17501 22961
459 6200
13931 21662
17837 22960
1296 14069
3182 12596
4653 20674
3558 16150
5354 17530
18255 22193
15358 19791
5137 6302
3859 9994
14542 15392
8110 13306
12839 20655
3065 24138
9783 12057
14898 20072
315 15849
3749 13358
12314 20696
58 13661
1880 3497
5555 13649
9169 24385
7580 16903
2599 7441
2897 4025
461 21741
22125 24119
17469 17667
12454 21612
6635 22797
993 16750
11763 19737
9448 23760
11129 24351
5607 18326
9193 15743
21643 23373
1487 2070
1236 19552
2201 18444
17710 23337
3323 17184
13352 19394
1292 18956
17223 18216
13492 21129
13744 24019
8693 11401
4212 14858
5080 8404
11955 19546
9121 18206
13924 19074
15230 22972
11491 13788
16835 18587
3765 6719
1491 2838
3726 23400
18562 19263
290 23783
11997 13018
1508 21086
859 23502
4660 16723
14324 22501
2715 13782
4404 20143
19345 20672
8941 16635
7726 20833
588 639
15707 23106
19815 23255
102 20422
7850 18455
8245 17453
154 20206
108 23787
4002 15700
5429 6674
12333 17167
6396 10856
5424 5835
3740 7819
6592 12401
2029 10388
11397 18404
2453 8717
1979 13807
11129 20186
9529 14891
5315 22438
3284 4613
4566 19461
11335 20133
10027 22057
11860 23725
3808 21631
5550 18155
12188 12856
16166 23469
7247 8277
8354 10597
3203 9112
12325 19776
4890 9812
21848 22904
19827 22288
11792 20510
1101 16176
3946 17974
1672 23552
18949 22797
11182 23426
9440 19011
9583 12028
2803 15631
14380 20312
2487 22673
11071 13186
9142 13806
21014 22208
18261 19041
7966 10293
14199 22508
9789 21485
3464 24163
3287 22911
845 7324
14038 16265
6076 13158
4068 20138
7845 11139
3702 9053
13331 15064
7723 22203
3249 16577
12490 18478
3194 12642
6259 10048
9182 21243
940 15897
13480 14215
7266 14196
1292 6388
7102 11508
308 3891
11180 18641
2355 9723
4603 20698
10498 19702
1618 18856
3622 19929
14595 14871
2713 15817
7994 11782
2766 11802
3874 23041
19836 21618
2393 15820
8410 10229
1114 16162
13340 23012
20699 23780
13571 17054
16195 18725
14625 22890
9063 23604
18021 24426
10685 14357
5201 16018
6000 17770
1664 8460
2277 4442
9796 12368
2939 23830
10813 19388
14435 20303
3468 17367
16554 22814
204 13657
8753 13392
15760 20023
21689 23715
11909 14972
2961 11492
9427 19072
3615 14603
2970 12820
10264 16721
2501 5712
17386 23997
23638 23740
10045 15599
14774 17591
16617 22543
11832 23752
2377 17115
2764 3976
10096 21845
10179 10701
10305 11067
291 11278
233 4351
8040 23489
7010 16955
18370 24403
10163 10200
6932 10673
1482 14821
885 17854
13221 14079
711 8117
10927 13976
14999 23574
2385 2708
4104 20688
257 23943
15207 15456
9007 16227
7140 20150
2793 9093
13235 16872
9777 24270
2398 12897
112 2863
21277 21573
9184 12268
10188 15240
15278 21985
101 4023
14139 22259
23523 24297
1628 6989
616 13261
14525 19109
19830 22131
6792 12949
11141 23665
1492 4512
8367 23721
18040 23709
12260 14965
22960 23818
9999 24333
14340 21271
2152 6613
3547 6451
4400 17375
1484 14802
6614 15062
9561 11448
8829 21546
16444 17864
1593 8472
9411 19036
5111 18595
8187 21866
9711 15888
12929 13570
5737 17834
3197 21269
17240 22929
3594 7869
16253 20337
4778 9461
4659 7561
1637 18648
14924 20627
5969 13844
21402 23941
13472 19810
1971 9712
5997 18892
8917 9946
13490 21306
929 17433
14432 15530
6664 14606
14534 17817
978 23703
238 16223
7486 13132
6539 13724
1169 4472
4253 17156
1755 12421
3570 8353
2897 8480
8500 13882
5712 18924
1127 15526
11438 17763
7048 17093
3501 4522
3953 24271
8004 9908
468 2293
5444 17918
18149 21926
578 4809
17290 19647
6538 23785
9691 21400
5034 6411
8173 24217
14399 18265
64 18043
1964 18175
7340 8372
11240 21952
5474 10085
16312 20835
9371 23008
21427 22694
5166 24221
3029 16169
19731 20330
2744 18304
11208 22488
7073 21386
2077 9223
2005 4174
14266 19774
5651 23039
8521 10417
5213 10853
6889 6896
71 9361
16060 22304
12951 17884
10733 21607
4416 13703
6684 15261
11430 21251
7032 15061
6997 9821
8360 14877
7714 23320
6743 8308
19292 21160
6067 6129
16787 19246
11139 21054
5216 12806
8480 20966
2919 19843
6368 14777
11473 22179
2035 5135
11910 22975
8739 10281
20505 22849
16341 21862
3403 11983
3223 21752
7590 15788
8051 9324
14221 17543
4792 17175
15079 17972
5145 19160
10293 14018
5611 17746
4173 23746
13346 21121
10342 15268
10789 21794
11494 23771
273 4805
16796 17409
6911 19872
7684 21292
6824 18509
2475 19490
11876 18494
4253 15155
1384 21332
6203 18836
16957 18108
13709 14157
6775 12708
9498 16714
13243 20548
20035 22359
1709 17120
7145 7244
9005 15403
16605 19474
16560 18282
6324 16999
1876 13319
8875 10145
16621 20430
9071 14984
3366 10458
12386 15875
12847 22501
16129 19111
3595 14776
6187 12141
1146 13160
14168 20497
5856 19061
12049 24420
12744 22059
2038 14716
3929 14364
7606 20394
12941 16631
2181 10909
10609 12327
4309 11501
5080 20270
1934 11923
3233 4868
1148 13169
3901 17287
8641 20080
20862 23492
13945 14469
23831 24351
1081 19107
5251 22327
5140 8019
2974 16869
7642 20634
17521 22211
4244 8645
4418 11208
11003 22208
6353 14721
2964 9467
1395 15351
11818 13008
623 8793
751 3795
4112 21750
14354 20428
11526 24480
2493 19414
2818 6376
16246 17142
16207 18769
3670 11890
10289 23477
21831 23635
7184 22105
5548 22593
2505 7964
10906 16910
4402 11298
16728 17904
13312 16355
12150 24267
7345 14642
2598 20962
806 24155
2903 15106
3125 11326
2351 19338
4511 17174
10858 13101
21245 23595
4810 17741
9176 22690
2711 14777
1638 15513
2630 7144
8222 13048
11141 20087
5194 18912
277 16561
5784 8311
5371 24063
1964 11919
18964 20611
5337 11773
7330 10755
2254 7764
406 22715
13910 19181
7639 7673
3324 5852
9281 18790
14308 16550
22056 23557
5118 16037
9831 9951
8089 16015
22270 24216
22609 23222
9356 11279
19252 19852
1250 18128
6449 14218
3259 4049
13247 21140
4321 17309
931 17942
4698 14693
11010 16850
13942 17658
5113 6265
21369 23092
19777 22146
13603 23699
340 22330
846 4744
11062 13778
11671 17247
14504 16546
962 16001
5666 20069
1924 20120
1415 11857
7991 22584
17405 18606
11446 13111
653 11959
8244 12681
6692 11620
15050 17077
19698 21722
12329 15407
5204 7380
5443 5596
2835 15580
8903 19889
8646 11061
7544 14299
10801 13868
17698 23042
2256 22530
5817 11592
2449 11917
5456 11804
7560 21367
10727 10776
4329 23177
20518 23662
8744 18725
16059 16249
21690 22545
2486 16791
5207 8141
483 7233
3486 8734
1576 19362
5649 17140
15660 15984
3585 22623
23743 24230
14 20201
13774 23276
10486 22330
4039 5790
3962 6587
900 7225
16912 18495
1213 7220
14883 21531
23807 24146
3914 16376
18897 22075
12658 16471
11341 14698
6027 10372
5526 23017
5102 22000
9114 18988
3183 7376
2941 7208
14582 20937
1796 14925
12826 15813
19314 24305
5570 10535
1733 10336
9310 21514
1331 13913
18929 19292
14448 21695
4189 17488
6377 10042
628 8082
1857 7906
15984 16906
1603 15054
8688 21382
13477 23699
21294 23154
18518 20676
636 17443
12329 16424
16469 17569
6997 7377
16150 17469
2782 11581
16952 22495
14237 18607
1345 21596
2128 9832
9344 16495
13280 13821
11272 15196
3715 9722
3615 12679
7788 19473
12031 17219
3525 21272
7511 23546
11953 13253
10862 15233
8196 18006
16794 18575
5978 15262
611 9162
4394 15805
12336 14179
8139 11611
303 14027
5826 9660
1766 15058
1165 15347
13304 21949
11821 17585
3140 4663
4471 4631
273 20815
5603 13362
17256 17478
15308 17202
17589 22605
821 4010
13564 17030
873 15628
12908 20392
6612 24251
6470 7239
5282 13287
2785 18532
2579 17820
17896 23083
318 16242
5408 11857
16136 20124
1355 19463
102 8394
8621 19713
2306 7494
2485 24308
9934 19512
3924 21838
12170 14047
20594 22958
11529 13474
9097 16999
6246 17305
12864 20262
15852 18095
829 15475
5641 16972
5808 22372
8587 17619
3529 7260
10819 19264
4693 12602
5721 14600
5566 11194
5761 15187
4862 5940
4783 5352
11609 17805
8615 12998
7140 12825
8353 20456
8895 18768
6834 12006
5872 20677
6176 21998
17932 19988
3947 19439
4522 5455
8872 17069
26 12500
4372 6113
19914 24426
18654 23206
9260 23152
9635 18544
14874 22353
16 22970
7906 18350
1365 1664
12695 14957
13630 16483
22688 23865
12903 23209
1322 20225
1623 2265
841 9355
5827 13591
4396 23432
4882 14239
8998 17281
849 10205
12330 15991
17209 18086
2099 13487
6929 11285
3561 5255
2080 16634
6640 7645
1128 21036
7571 14875
18657 23703
13757 15245
15223 15966
509 13047
17481 20128
10799 12460
6322 20698
13478 19546
608 3620
15477 20137
14803 18488
17573 24243
4640 12368
4145 15525
20398 21913
5025 19431
4549 14616
7456 22992
10011 10567
8040 23678
7140 10780
11431 18629
2910 19842
15857 24349
591 14834
3598 24397
10338 18312
1823 6773
22923 22987
15333 24210
23817 24148
2127 12422
8417 10796
840 1666
1691 9704
7158 24100
14452 19189
5637 6274
13336 21676
7760 22900
11268 14199
5507 16451
2388 7089
6808 17074
13943 16102
14978 22206
2030 8574
3935 24153
6959 16234
10485 21306
6172 24096
4817 8644
7860 12992
9203 19717
2094 15793
523 10070
8427 9415
8129 20662
9537 21411
3059 24316
3002 11991
7218 12002
16826 21099
1143 1960
6021 10341
7938 10056
19094 21051
7006 18672
3478 6050
1930 10347
3112 18950
10109 12158
17352 20325
5805 7616
10137 19963
989 3234
10633 23954
9702 20990
881 1524
457 15811
3847 8641
7469 11353
602 10693
7395 17475
12809 20545
1106 18845
14988 16307
14909 20150
2573 16012
3761 15507
7464 23659
1070 23789
6943 12505
196 7133
22701 22932
5016 15461
12910 14186
13792 23369
5317 5570
4362 13044
5511 23603
3850 4576
11429 23305
17479 20098
11316 11494
9018 15071
15702 17135
14557 16209
17351 23458
738 21323
7090 22495
18238 22628
19336 21367
4553 6894
6899 12867
32 2164
9933 21086
20834 22991
14898 23871
14167 15530
10995 22073
2434 13265
873 17729
6163 7160
16176 19077
7388 18663
1801 12235
17967 21355
13069 14721
1829 7822
5880 21691
13543 24377
14871 23336
6003 14167
9190 23849
10620 15601
3619 24387
3269 6051
34 24066
5716 7053
5356 20749
1729 12437
4311 16162
2035 22370
13465 17673
14045 19371
7147 20546
14745 14846
10570 16255
140 17050
6965 20283
19656 22976
2261 6318
7661 17273
8223 15165
9708 23476
10544 13867
9455 14428
4640 23346
472 17632
12612 17132
6300 20022
8076 9924
6903 9041
20674 24349
16336 21818
4807 20983
14280 22239
9491 20615
3628 4696
15414 22200
15788 23849
2387 14873
14853 15424
3253 9435
18324 23393
1144 21724
304 643
1018 6493
1999 16651
19685 20795
2344 10605
3669 4581
13549 20575
17517 23196
9713 15852
11276 14034
4433 18040
9250 22365
1549 1826
9210 14633
6426 7369
7010 23142
14886 20412
5018 23926
16553 18110
17388 21806
9066 21806
7056 10737
9112 16731
16040 23956
7327 24317
2769 9167
7536 15783
11085 17774
20774 22253
17140 22011
3988 15093
4741 13831
10887 14216
4706 24410
14888 14957
1750 20421
5004 17644
13543 14871
6162 12822
12891 22498
4603 19736
10727 24234
2483 24008
4923 9452
11103 11649
5179 20518
6061 10899
6023 6600
11031 13647
3155 14755
22907 24042
14984 23598
1394 24486
4833 6718
3291 12541
14752 22957
3763 17724
5300 22980
5297 15285
16171 23645
1457 3122
8364 15788
18321 21955
7933 21958
1875 12905
8651 8887
13742 18091
7815 21126
5695 21826
2642 6460
4185 12837
18517 22421
8358 23149
10131 15531
13569 21595
21735 22949
931 4968
4917 17505
6608 8907
14370 23460
5893 18570
7477 16955
18252 21823
13306 16001
16825 19260
10865 13292
4473 18306
8334 10087
561 17605
7196 8516
19284 19721
7169 23926
959 15579
16060 23181
15320 20661
11953 13127
1459 12300
3091 24119
6884 23170
15687 16173
2233 20687
2829 3181
18429 22263
10298 16561
15387 19589
15586 19643
2550 22207
2415 13305
7012 7270
16341 16490
6487 12442
5231 11019
17182 22425
2603 21989
5732 12333
9356 16504
6775 10902
14636 18913
1222 2545
5977 19599
5509 22514
2510 9452
1213 8672
11632 21776
18296 19454
5697 11542
5622 13937
3189 18674
2763 10907
7403 15465
6819 21646
10853 11059
5474 13622
1549 16397
10024 18956
8529 12070
14657 21587
9935 20807
1507 2714
3966 6676
7892 8879
3164 18946
4107 22068
13172 14221
2532 19647
4320 10561
9960 21150
4362 4415
14767 21605
7803 8649
10301 17081
11106 19346
5340 9057
2998 10020
13811 23402
12865 13300
14664 15494
12240 20779
1143 18235
16352 22009
11915 22564
1951 14400
15474 23672
525 23550
8908 9656
12474 12610
6003 19271
16782 21345
3234 21315
1492 1672
17663 23159
18834 21643
17792 20657
2236 6399
10479 20789
11076 17036
1121 18206
746 18781
4956 23178
11406 24082
6182 21088
5189 15114
8583 19668
3667 22125
10277 23249
14473 19395
6050 6376
8056 18915
7080 23177
1336 8836
4596 9318
8288 11137
13100 16542
10982 12141
17351 18801
491 20381
6561 22181
7016 21748
8292 22365
7927 16436
13594 17191
18118 18957
6361 22584
7005 24070
5341 5737
14405 22095
16213 19647
1796 22648
20554 21931
21581 24016
93 10627
10531 15223
12880 14744
490 10725
2034 17668
17792 23978
3889 4983
20704 23101
6069 6861
17352 22662
17884 23967
1683 19981
17828 19336
3357 21077
981 1871
3185 13673
23433 23592
8078 12474
3692 20063
15162 21083
10862 23218
4332 20037
3412 8883
4318 20105
2779 17389
12594 18400
3451 13586
7858 12518
476 758
1504 6646
2093 4774
10559 23606
4892 24327
6030 17342
3138 3168
1971 22484
14627 16806
10524 10903
4994 16279
2444 22345
966 14000
11159 11636
16318 17812
14281 17295
715 21492
6949 17224
4574 19022
1239 4382
9473 11110
10283 10835
1018 4498
7901 14407
3532 9426
8754 21686
21576 23566
20779 22065
11601 22752
12532 15524
23946 24455
12605 18546
7124 14113
16801 23012
436 4648
14749 18187
4883 12007
12951 19293
1658 6456
11051 21410
12875 20900
8239 17586
7067 9736
1956 15553
9457 19590
15166 22002
1334 17913
11245 14446
12769 20985
5883 7397
11820 13199
5541 24355
155 5682
2580 11800
7563 20784
9313 11905
11116 21268
10462 21171
17289 17473
11198 20393
2491 19660
7940 8853
6034 22799
15137 15574
4450 22201
4549 8924
13603 23174
11380 20207
3545 10887
9864 20912
6493 6788
4196 17276
6603 10355
8537 22744
7703 17367
14692 15164
2387 23032
4010 10267
14815 15831
16501 17682
3026 16340
21092 22280
3665 11674
13592 20437
14564 17366
13601 16870
16836 21750
21894 22591
2699 7093
10910 17200
16538 22562
5182 9834
1397 1524
5002 11176
11788 16225
1821 22902
10906 24255
3696 13394
8932 20339
8368 15904
4174 23358
2009 2263
11582 22979
17120 17135
10418 19141
4634 14130
12145 20981
12093 16328
6082 23983
1885 2616
387 5272
890 11491
1696 12188
1421 7326
1475 15350
12760 21177
4226 18388
7441 12161
6433 23698
2122 5594
10096 13474
366 10443
1585 4516
4136 16103
2277 21604
7279 22784
15200 20720
16975 18482
14054 18987
2074 18879
19979 22770
19805 24216
14464 18620
3823 12927
8362 23702
10296 18016
2711 12837
815 6130
12086 15862
5602 13749
11093 22654
1979 22995
16396 16936
5591 16805
5442 20053
1655 6818
8193 23582
14676 14939
12735 22923
9211 14899
1543 9633
7533 12336
17079 17384
2865 7784
4298 17414
10859 11897
1210 18531
832 22193
9718 15604
2952 21364
4451 11246
6969 13267
8905 11002
1417 21023
78 10179
7072 13348
6095 16469
15292 22108
942 9446
4567 6674
11870 21783
7102 10022
5284 19279
65 8693
950 17865
19656 20965
12207 12432
19372 21655
3126 15054
3027 7421
17033 18703
4563 9182
104 10803
8586 8675
5372 19134
8008 14141
7178 16347
8708 18272
5452 5856
8424 13859
3611 19192
9979 14093
4950 15951
6960 20865
1621 2878
12877 22777
2456 4258
11557 20303
14268 21133
8328 16237
16716 22881
3201 10040
377 2675
24106 24452
4968 13467
2277 7950
4979 8397
4901 8759
1592 4553
21128 23946
6232 13839
2724 19817
4355 18560
21481 24332
7986 8023
13516 13793
468 22457
1555 7868
22319 23801
2261 8601
1758 5576
4699 6017
15174 16640
14247 14887
3037 3714
853 24088
20884 24190
64 22407
8545 14493
1080 9347
1533 15673
1839 5090
7084 8760
12106 14902
3224 3302
1640 22782
9910 15149
362 4137
10786 22741
15535 21124
7353 19144
5554 17925
5623 9280
476 19237
18421 20239
2239 10814
12877 21518
10059 23904
5832 7394
6732 24105
6666 23152
7040 22713
11568 14318
6579 22408
13358 18823
4167 6421
4710 16214
13704 15936
13293 18797
14260 17227
8504 12678
9091 20085
17536 18054
18279 18669
7184 8653
1672 12107
8724 23132
3531 7383
12414 20281
13742 20899
16186 21683
2832 3771
19319 20807
13240 13835
2237 17030
373 10864
6322 13099
1760 18718
2735 11223
14522 20717
6053 15167
5589 15989
9072 11850
9784 19698
5091 13520
7310 18773
4524 6562
6908 21929
11235 17713
341 21343
16032 19337
7209 14859
11768 13495
8364 19183
10882 23687
3429 9055
9548 21824
12717 19390
10354 15919
2418 13582
19136 20072
1049 9918
5072 5211
1844 15037
20748 21198
7723 10631
8648 9703
13764 21071
1443 22798
6515 21713
14960 15782
11529 20106
2251 6386
14668 24118
17120 17706
1412 3516
3379 9289
13666 15334
5658 8431
1114 12131
7330 10045
4492 17415
11143 12426
2810 10665
2008 10817
8541 9783
4917 19300
15827 23408
20113 23282
618 5299
9942 14777
15367 20793
2492 18080
12955 23744
10935 16329
419 8198
18055 18421
7480 9351
7334 8842
14450 19600
680 23779
11771 15250
4749 14422
8130 24007
12965 14769
10831 10954
1260 3702
7838 17844
5013 7015
7456 14351
19990 21533
4890 6239
5440 20187
892 13284
17868 19201
8481 8507
1016 24131
3314 22648
4477 24134
16611 17602
18907 24057
6418 21252
14044 19524
2360 16753
7668 16445
1906 21146
3505 18313
1108 21285
7820 17055
7790 15148
15675 16099
6256 18584
7173 14540
7511 7756
6704 11037
9220 14593
16934 20383
3021 22316
12731 12786
9438 18048
2370 13051
7240 22763
12783 13213
5472 20003
3435 19318
5367 16760
11880 12564
6754 17198
13649 24238
6362 9896
455 22539
6978 23907
15725 20130
132 916
10896 13671
2675 7039
9265 18241
6060 17937
14126 15499
3281 6330
3832 18575
16804 23141
11403 16829
6045 24091
12591 22977
4963 16059
14650 20837
10394 19665
2016 2708
1694 20250
4486 12751
11558 20522
3750 20605
5341 5786
16300 21711
1889 16016
267 9033
1393 14187
2287 7058
16296 20775
2596 2623
16736 20225
18307 23394
6470 12470
12394 19426
10960 12787
5212 10497
4319 6729
7220 12485
10154 12600
9841 21402
14402 23086
708 5517
4356 4682
15669 20749
216 6469
11548 12832
23088 24195
6138 13872
12961 13226
8399 10294
150 20033
11214 21378
3399 20739
267 15194
12798 16604
4808 7083
5139 9681
10789 10909
9430 20307
7343 10702
15027 18075
922 4030
7060 13615
3919 6039
16574 20378
3904 6770
8518 18906
9668 22024
8493 17515
13027 22960
5751 18237
2526 14360
6666 7918
8957 23501
16861 23777
11147 20674
14018 14065
11167 19437
11333 18307
6636 15200
5873 10157
10774 21052
13124 19386
11502 14372
11926 18311
16584 24321
12340 20619
15137 24223
4966 6461
18740 20886
14182 21039
3597 22072
1810 4382
1775 24346
6423 7611
2439 4055
820 9734
17879 19067
7594 11882
8502 16180
4743 11111
1406 3366
4588 8472
11602 23548
11868 17462
5251 18129
7533 22899
679 11064
16566 23354
3074 20695
19006 21506
3857 8750
246 9904
6438 21612
84 18565
1118 1950
8534 11117
8296 14728
10784 20030
496 2641
20254 24233
3934 13709
1413 17348
14343 21209
13916 22875
16782 22533
1951 24261
14745 18907
20314 21820
4741 8402
4113 12503
6847 14847
14021 19084
19174 23653
8875 22613
2658 18862
3548 7368
17654 23336
433 2310
3403 17901
2394 12075
1549 14089
18553 23420
6448 8018
5873 9331
15609 18251
11743 23908
18685 20591
18890 19538
12837 23179
845 1327
8083 17845
19912 22633
3734 18483
9943 14933
918 2319
17279 23075
9131 24033
4167 18358
5121 22990
9135 22201
17025 20057
15296 15669
4849 24385
16432 21371
635 21691
13950 14399
4220 15875
1261 17865
11177 14741
7341 23763
6607 24363
522 14164
12285 15928
2014 20311
4982 16330
2022 17269
11859 21904
2670 3176
17146 17481
2552 10442
7016 13327
9780 11081
12741 20340
6838 22890
15642 24097
8319 14611
556 16633
16301 23006
16140 17964
1514 7024
7885 12393
1941 14578
2938 19187
19770 23195
3864 13228
13510 16610
10097 14794
2308 18026
13812 23466
5326 18566
1304 18274
11824 15689
12200 14152
144 8492
11605 22984
887 15260
4327 10326
3067 19879
6755 14067
331 13119
17304 21356
4770 19839
4018 12910
8696 11742
11527 14264
5210 6156
19306 24084
13399 18890
10041 17464
11540 12529
316 10989
6086 22347
4458 8696
7540 16279
19763 23377
1750 12716
9847 17988
12567 16000
15905 16780
6005 19738
2748 12913
2900 6128
9516 15507
13031 16521
9026 13768
445 22838
1244 5822
8516 15742
4445 14664
13565 17482
6129 14618
12437 24051
13517 20102
16934 21484
22130 22826
467 7870
3776 10662
8243 23644
6830 15027
8676 20714
10602 21717
8262 13913
4528 20380
3385 15461
8925 11024
2170 6129
18486 23379
22186 22547
1776 23450
3437 24076
8482 16350
252 14754
17617 23805
7856 10709
16341 24488
13855 22446
3119 17446
21984 24256
11973 17372
11629 19697
1419 13074
8840 14009
4203 16590
19166 22534
15543 20122
5645 15804
16049 20541
4245 14646
11414 18937
10957 12119
2128 14872
3648 13430
15485 15554
9457 10847
205 11280
8274 21815
3506 18003
4825 23889
3651 17917
4781 16405
22281 24229
272 7987
12947 14956
1018 18940
17552 18966
18348 18913
3035 9755
1334 1847
9818 21401
14325 15281
472 8881
6135 14576
19220 20508
20107 24153
10901 21120
8105 12400
1438 16252
6087 6280
15369 18631
21254 23336
9993 20270
6479 20815
16625 18847
3673 7804
6022 18932
20689 23720
7726 23073
17302 22040
11305 18971
6252 11750
8982 17407
5315 5992
7836 11734
11918 19597
8882 22493
13127 16647
5934 14720
105 12088
7050 9959
4646 18833
19109 22540
5942 20302
234 18391
10561 20333
5551 17834
9258 20488
8420 21020
4042 10923
6069 21814
7035 24258
15 1192
4105 5876
4980 12723
235 15947
497 21401
8017 18125
3559 6221
14992 18695
18864 20721
9949 14563
55 3858
8353 18564
11733 23795
10521 12032
11820 15086
12396 17541
6912 15570
9703 23135
8609 13725
2728 12815
123 22241
6223 12420
18663 21132
9188 10734
14690 20719
14612 17810
9692 21843
14380 21368
6557 16134
16584 18885
7645 12588
5937 7965
2885 10998
1703 22811
9572 22576
1335 23485
16819 18759
9847 10493
98 6252
5668 7127
4757 19583
5079 14422
21054 24375
20305 24317
7253 23950
419 4672
10794 15713
432 20932
1864 12477
21211 23808
15404 17014
5671 11217
18716 23327
4221 15697
12840 22877
14321 21039
3687 10534
7081 9952
13735 14425
16040 16558
12022 13593
1875 20187
11570 24017
16456 22792
8941 24131
15124 18090
7790 17409
12388 22307
4575 18828
79 22400
2197 12740
7162 17725
14425 23355
1880 2703
2002 6425
8639 9411
10634 15883
12372 15229
16588 16908
21694 22669
4997 14487
5980 22981
1622 13595
2608 21767
22086 23555
8370 15922
10306 20426
445 14529
8162 15489
6606 13456
4920 14354
6981 17745
3971 16195
11743 16831
3641 23086
11147 11614
17943 18949
3036 20281
1434 9813
15134 17335
13287 22574
5350 23194
12271 18678
7513 13974
1789 10868
13027 22746
1580 9077
7848 8436
3174 15859
6397 21875
2927 18111
22408 23576
5113 16737
2518 17136
4346 13937
13351 18553
4950 13853
10933 16267
3702 15855
99 1687
6807 9257
522 13199
10962 12149
12391 21978
995 5562
7552 16855
3803 9742
1760 15579
3158 15140
6950 16501
3850 9383
10993 13621
14324 19150
14509 18875
9722 17101
4176 13087
1427 21653
20334 20939
3873 12028
2360 2614
11551 20404
3590 5245
20717 22486
13883 14635
15435 15632
2303 6000
6821 20142
21330 23458
18668 21812
8644 20760
17861 18056
15856 21802
20131 22050
11413 23560
12476 15946
1278 12914
8716 13343
15584 19118
20213 22233
18024 20377
6422 11935
6914 19337
20153 24071
8992 18100
10037 24234
2514 16281
16926 21260
999 11689
1914 11427
973 6191
9956 11120
2882 14719
14027 20224
8255 13563
3919 22745
4433 17810
5551 23293
1467 7240
893 22515
2065 16053
4108 23751
1366 3856
16653 22425
15850 19303
4799 4936
17086 19075
7862 14873
19221 23528
9338 23220
1875 10702
4778 22898
1070 3652
1869 15675
17087 20456
5501 7755
3635 15278
13473 22246
6124 11941
3187 11332
5883 11810
2652 13034
967 19646
6690 7091
703 10453
1793 17680
14027 21369
14288 21154
7149 16900
16626 17318
3910 7701
11453 14303
1490 10023
387 13036
17522 22516
18776 21824
19911 22915
17651 18958
19222 22662
1130 13709
13219 15700
6514 22141
3386 18788
15579 18654
169 4363
4198 21947
9284 21809
16794 24205
7124 7251
8804 24069
4085 12995
484 16914
7641 17108
9105 9906
5469 22316
9720 15262
9404 18377
4609 6044
8275 9046
5791 14649
1810 11543
15706 16066
17420 20839
11157 13237
11684 14644
5731 8774
6795 15719
2479 11060
14750 16608
7543 13593
20415 20824
428 16761
109 22198
6515 18811
17915 22681
1746 12576
12721 18182
1664 19547
16349 17904
12571 16731
242 11379
15855 18267
3682 10279
3602 21979
8711 16087
11286 14830
10064 21385
13054 23725
16381 20587
1301 2462
4582 22767
2328 23272
15359 16163
167 16358
15270 19796
9499 23239
16772 17127
5507 8571
13721 18938
10562 18452
5118 9111
6793 17305
6168 17932
7213 11144
8051 19389
4782 11513
15694 17201
4584 8651
12511 20023
2851 5583
12765 21445
8903 24491
13006 14340
1690 5520
564 15371
2947 13127
3762 22695
16448 20582
3525 9567
890 10830
16909 18944
7977 17075
7785 14847
838 8032
19012 19166
11867 16755
5124 23156
8233 8424
4146 24235
5412 14277
951 9146
7858 17553
359 22339
4582 16547
5276 9426
1065 6534
6716 7824
8045 19699
14293 18492
555 17717
10854 16492
3600 7750
6064 10637
3607 24101
4031 20484
2720 9113
20214 21595
19517 20276
1784 10380
4648 23346
3396 8201
13997 22435
8014 21533
3485 20638
7700 22493
15609 21472
8367 21501
6855 18424
6935 20343
2898 4269
7741 11854
16969 18480
3533 13072
10919 13156
10005 16073
3018 11386
1444 23658
10583 23968
5133 22768
10988 12794
16384 23007
677 19172
9643 13440
405 5223
17703 23715
12762 19354
11118 21906
19719 23903
10375 13323
9360 14108
1766 17799
2479 22831
21912 22610
4796 12685
6114 9248
14181 16372
15496 19365
6182 17395
1525 4557
1455 17338
5003 18661
6098 11763
19098 21429
8332 13561
11009 11884
6537 14190
2373 9825
14668 23057
11849 23769
21377 21768
11989 15160
7474 17371
13968 18760
14449 17983
634 2121
2190 13412
7470 9523
10477 19456
8730 9065
1756 7749
5700 13426
5644 17960
1714 7248
15697 21167
15599 22116
14430 23259
12778 17202
3001 4030
1264 19921
5287 20751
3707 20764
3409 17051
17694 19197
10012 11357
6087 17376
4795 22413
5930 19432
3486 4485
19408 22983
17828 21169
1043 1761
6568 14821
3661 8146
1192 3097
3519 13647
12085 12964
10780 21604
9749 15194
12065 18175
8857 20176
7663 24182
8754 17143
10244 11620
10621 16036
638 13847
1274 6321
9829 11748
13961 15010
138 17499
3879 14172
22034 22774
6648 10330
5010 14980
1460 8432
15543 22526
6567 15847
4323 16357
1852 21126
12697 20707
15375 16973
1013 17447
5440 12634
3438 9054
10250 11047
12102 19611
16838 18966
4534 15819
1382 3968
5957 15541
2698 19484
15171 21129
13126 20418
6433 18335
14498 22634
18921 19190
10266 20226
7482 18189
11511 18722
10503 12722
6700 22984
2774 23763
10781 23074
9146 18429
4069 10215
8103 8106
5439 17858
3812 8686
6198 12711
16952 22206
2736 14041
2131 8415
16127 18290
6984 14187
6768 7821
2 9391
3546 5882
1798 18933
11378 23087
361 3832
2409 18251
19149 23882
17109 20690
4396 22639
8510 14882
17117 24422
14495 18053
3573 4558
14062 15146
2168 21998
12077 15442
4706 15349
3578 20445
10310 23523
2241 8056
2449 13930
3505 20355
19323 23051
15561 15662
12377 23315
1991 3312
5179 20090
18207 21487
8985 10217
2530 17215
15997 17843
9069 19655
12102 24279
10735 22347
920 3194
9708 21231
3240 8166
635 18116
7058 13136
1456 20754
3007 4902
6711 22653
6588 7198
4904 23198
19103 22366
3354 20159
1754 12721
10504 22379
4102 19452
10730 18663
3342 14074
6318 24117
5608 9091
4268 10967
469 4654
6082 21609
10367 16434
6394 21438
10759 21826
19330 20409
10474 12789
3935 19918
17505 21062
12986 18848
6118 7531
2005 11850
2964 22149
2977 22539
3280 8616
5302 21827
5352 20691
4001 18046
14881 19036
19238 24124
3493 10163
5472 7703
21745 23120
1097 3004
6754 24458
4734 24196
14825 15303
6287 22179
12413 16943
14955 17498
518 9848
3243 24286
12495 18570
11935 12069
9616 10546
5463 23712
7915 10059
9607 19685
7763 15093
169 18415
3979 19383
1004 9500
1080 6679
5920 10306
715 8583
1661 3404
205 10361
2260 5646
1067 17310
10123 18815
8487 21711
4967 17238
2348 16216
2747 14100
23304 24305
4188 6128
3182 22666
12225 21954
10425 11048
14291 19978
12450 19025
1075 11220
5193 19092
4121 20332
4795 15756
13187 18712
687 8784
7904 12312
11777 16320
3159 13492
308 7883
816 2174
15812 19354
6992 16772
7620 16825
23082 23822
11594 15014
7184 8059
5944 14412
8721 14782
7595 9570
14047 15930
10294 13527
6347 15431
8495 23816
5835 18454
18442 22764
10180 10924
2281 19617
12635 19158
8602 20748
20749 21623
14133 14987
2282 16933
774 21679
19435 20346
2705 13610
13563 18450
20165 23129
15980 23477
9859 10788
13490 18350
3656 24434
2417 18548
10371 16925
6514 22490
12423 15662
7480 16622
19978 22935
14851 19642
3839 5268
11607 11729
11828 13383
7971 10548
1190 4163
8413 15033
9056 23137
6136 16534
3521 10797
5742 15227
1855 14437
7118 18078
3551 12163
5156 13134
856 19328
20310 23465
136 341
866 5608
9986 21148
7409 20086
1665 20994
4036 13212
9874 16280
8365 9630
2814 8402
8520 8754
12108 12154
9292 21312
2452 15017
8787 17244
22188 22211
874 23929
3564 15822
8951 14340
7484 9559
16381 17186
4127 4931
4336 5242
10492 14897
5801 13908
1989 21302
478 17199
17177 19716
2199 5966
9334 19885
5952 18402
54 14166
9585 20774
1609 22448
2305 4878
15229 19388
1872 3183
461 5232
5499 8650
1757 1944
11520 21796
15711 24093
16185 17859
1649 23190
7378 10850
20809 23118
6116 16115
15987 23794
4412 12010
2600 16590
10814 10892
6488 12071
12934 21791
2669 11994
17520 21987
4161 9373
1457 8582
4043 23774
1180 23797
13832 13928
7078 7942
13900 17391
14132 23439
5603 13850
12418 20633
5369 23957
12019 15970
10433 23609
7983 22804
15357 15540
17608 23756
20029 23368
10428 19876
3374 14167
1290 12115
13347 13967
5131 6049
3910 7565
11689 22076
5407 20924
4912 12211
6431 13711
2917 14434
13138 23253
12894 15294
14937 21308
13417 22868
10691 21613
12677 20163
7868 14856
15542 18590
14044 20978
15894 20960
10623 16447
10172 13705
1160 8552
1377 22048
3263 11213
10339 11329
13245 14315
1254 13072
5960 9874
3002 23038
5103 9394
11876 13550
573 13948
5453 21580
2153 19991
14629 19944
466 7325
6244 13382
7465 22619
12876 20320
1102 19617
12742 19846
12100 22239
6418 14175
13412 21941
6614 13430
10595 10811
15664 15706
8395 19708
1266 24021
20461 21621
1516 5875
13398 21070
237 21675
13684 14983
2701 12806
1515 12298
14755 21680
8053 8288
13988 19414
7277 9635
2180 24461
8543 20456
1773 13851
16401 21945
432 11772
650 5984
4783 15646
14334 21629
12593 19293
6543 7198
13968 22251
19313 19963
5502 16616
1200 22383
7943 9631
656 23391
17761 23973
13660 18135
7266 17551
14833 16842
10352 20567
10511 12984
10665 14773
4413 21438
12590 14153
1100 13070
9551 13331
18080 18371
9858 17177
343 2741
7020 22194
625 14104
6815 22593
1447 10223
6731 12666
14342 14935
2171 21361
2667 17175
9894 23427
4758 11240
10146 13012
13565 20728
15744 15869
14455 22897
3604 19845
9188 14120
11597 18423
4119 12188
4036 10832
1535 10150
9715 13227
20696 23855
411 19109
8181 9618
7769 10883
1167 12004
3958 16384
2069 16449
11842 22652
8528 23099
7539 16419
6099 11936
10388 10532
4728 17321
2759 4166
4777 13942
16869 22207
7876 19131
13079 23666
9794 14298
22752 22921
17262 23298
16260 24053
5146 21997
1945 4511
4081 7555
2734 10471
5737 8049
6379 9499
13213 14501
10654 14424
13711 20389
8330 10377
5904 14255
1424 4305
5572 14772
3562 21088
15474 23328
22260 23029
6055 22817
11754 13428
1116 7971
9111 21788
9549 19519
10284 11113
10306 16714
15254 17938
3607 5818
6122 9555
711 14817
9676 23262
6728 20070
3106 18313
1742 8374
2207 11705
3221 20399
22027 24178
188 12270
8301 8532
1971 24470
14794 21613
1900 18777
18623 19276
15291 16431
2505 13786
19523 20702
9473 20650
4346 10675
9641 15001
4192 19355
1969 7912
15649 15787
9421 9770
3608 22818
5360 15408
7221 17635
11568 14268
2209 17813
6618 23348
20376 21330
6695 12951
117 4519
1846 7919
4217 10547
5251 8729
10556 19659
4558 13558
8581 18626
1893 16949
5759 16220
16736 19718
13481 16796
7075 12223
13823 23848
12717 24313
6370 9013
11952 21723
2910 12834
3349 20976
5613 13469
14491 19695
16278 23155
7972 9411
2150 15286
8315 20048
8412 18590
5882 16199
1100 21662
14419 16127
12739 23874
2533 9225
12708 14425
198 10746
12858 22214
4829 14335
11495 15967
4642 17786
3013 12306
18625 18774
4160 15567
14894 15588
9406 21300
11542 18892
11219 14285
3622 16928
3301 8733
4678 7319
8103 13300
806 7058
9323 13533
4950 15021
6742 18151
7056 13866
5836 8841
7158 10561
2203 4529
5597 17604
1364 20623
7006 8859
8608 9570
9243 11231
14427 16256
5739 20513
1890 5130
17846 18720
636 23529
2608 19272
9147 19714
1482 5572
253 10002
3717 12086
4876 11220
6506 21731
19642 21952
10592 10677
11973 14609
553 21153
10675 18317
3812 18920
2290 14101
5920 6993
10016 21569
11010 12480
8874 9409
9744 9870
3752 18836
17619 19595
5699 17550
1507 24020
428 10496
18450 20784
4579 7269
4827 14100
11402 14166
2060 11407
5839 7497
538 1359
10693 14385
4728 7849
8338 10627
2893 14542
5147 23029
2341 5261
275 16426
12941 16745
6353 14587
10746 21263
18284 22742
4394 15678
2030 15411
5320 22547
18840 21731
3376 22091
16337 18514
19171 22309
4086 7536
758 21524
5942 21035
817 8436
12932 19432
2564 14071
593 8867
5333 21572
2418 10378
12843 21000
7756 9005
5403 22510
3223 11057
5352 12974
8669 10627
5 13647
5608 14270
11733 18139
10235 20637
14476 18008
2683 14189
11566 21371
5151 14564
4431 23298
0 13841
19820 22745
10677 15200
3938 13398
1473 19003
10058 23253
4386 15713
65 10089
12074 22984
2448 7296
9643 13693
321 4532
15437 20722
17977 20554
3252 11990
15289 18470
2439 19577
2604 14853
5265 18636
4583 17356
20361 20522
16564 21368
5076 10767
15331 18903
14875 19758
9008 16117
11672 17160
2476 4775
14688 23503
8350 23357
2209 24155
9709 17999
7055 11787
1336 14916
1024 7568
2759 10880
11698 21485
13357 21571
4390 16620
4419 20476
11859 21907
13345 15406
1827 3419
12434 16578
12421 21867
4002 23959
7437 18531
2287 23381
20592 21703
2443 15358
11697 21365
3737 4279
610 5525
892 22139
286 17450
9840 11489
3956 23148
8055 12725
12216 20138
1403 9478
5154 14489
1442 6271
5331 7845
9118 13226
9459 11183
11618 17963
11875 19621
14723 23030
441 6793
7329 11331
1444 10794
16846 18415
933 1254
7944 12851
9471 14329
13438 15999
12586 13623
6370 13191
10306 20076
5108 17925
2298 19455
15578 22907
5752 11049
8659 24428
659 12068
5756 18419
16381 18030
15501 23610
12228 17626
1739 10728
3627 20735
8465 18533
996 13259
5788 14768
18619 20926
15543 17242
8744 17341
4404 8603
15456 20106
13657 22921
13553 15415
2290 10049
503 11883
12171 13788
6487 12385
4291 22999
10491 20632
6521 13907
6047 10495
14943 21867
6651 17064
7174 22382
2564 13255
1309 2990
2661 5431
15017 18711
5313 13577
11305 15363
6085 16012
18475 22453
18408 23026
1503 14430
9359 18369
2237 24088
11106 21357
9837 21259
19064 24044
14640 17713
946 10861
1446 14012
16550 16565
512 23785
5306 18773
11154 16976
10056 21178
8391 18734
6556 9873
8196 16246
14935 15148
20084 24090
3214 12162
6861 7392
7880 8912
4318 18289
14951 20285
14133 23806
9325 20827
2241 2734
15699 18838
1562 6046
5653 19093
5486 11715
22624 23236
8264 14091
12497 24453
11019 17542
21025 23665
13083 21105
10164 18209
12575 23542
21056 22687
16194 18167
9460 21251
18212 23013
5807 24321
10341 18738
9446 17461
10312 16233
1417 2117
2487 19319
2785 16115
4211 8119
4840 18792
6921 8809
19469 21392
3824 9812
11561 16064
3221 4082
3754 20430
708 14286
16476 23493
3113 23315
10066 14070
21050 22226
12313 23572
16592 19469
18911 23699
4938 23856
5674 6641
4059 10897
5961 14002
3085 19425
11884 14083
9240 10870
16188 22233
905 19407
7511 10989
13734 16716
7846 15095
11997 14277
5824 8705
14961 16484
4036 16767
315 8137
4197 19788
13673 23420
7715 20287
8112 8282
3304 10383
5695 8062
9170 10364
1938 5708
1268 6081
4143 19939
3682 4659
2571 23035
134 3152
2660 15783
3024 13040
2810 21248
8514 8896
12354 21931
12613 19091
8709 12531
18112 22317
6416 15495
1680 7320
4677 17677
16280 16899
12946 16726
3285 23326
5638 23466
3770 7389
14102 21660
7411 24171
908 12450
18012 21101
18421 21398
8386 11853
4663 13165
4331 22937
6451 16362
10292 12144
18118 21999
16282 21561
14382 19461
6403 11357
8544 10568
12389 19935
2570 20711
1298 17372
15413 15898
7414 11220
3680 24151
13503 23857
7134 16610
2048 22837
10278 22883
14014 17951
2969 19320
11940 21344
1467 10102
13247 20695
12727 15160
14047 18038
5932 15076
16470 19229
11545 24193
11828 12507
11386 21542
11536 14223
3211 13612
6680 13227
2018 13856
15927 20257
8442 14819
9396 13771
17121 20792
4888 5768
7057 12983
7047 9136
6956 10463
8159 8844
3854 14018
6866 23261
11544 17204
8861 11367
790 10908
4734 10676
2783 13026
12754 22748
3028 20432
15796 22458
10196 15886
9926 11531
3575 5730
11196 11629
13575 22453
3624 20772
19428 21669
12590 15710
1824 13772
15871 19207
6753 11204
576 18460
2430 15305
7252 14747
11372 15151
10561 21523
467 15079
567 20045
24185 24458
7168 9569
2216 23881
5860 20645
6022 15246
2871 19544
2255 20193
1438 4186
5750 8052
376 3697
4939 22242
13573 19127
5198 20860
12653 14827
8527 18882
3097 20546
6827 7712
3295 5526
5928 13905
13466 22495
9054 23947
16238 16462
54 24250
752 1640
12361 24019
19933 23962
2294 2470
1365 18755
413 1672
10015 21954
7270 13475
2563 16854
4890 14118
11366 20989
290 8146
6159 17631
10805 21976
20012 23480
6583 8780
4748 16133
10332 19882
5715 21286
527 23869
8784 17594
8335 24424
946 14871
14309 15392
707 2099
12106 12830
11406 15393
4895 14277
582 23997
1301 16920
12047 19259
22148 23385
9190 9841
6416 11928
9598 18424
1698 3618
18573 19830
6622 6704
8419 16545
10916 14622
9868 20844
18512 21640
17871 18895
16506 21161
3136 12404
10427 12568
10185 19088
1954 23403
11579 14558
9807 19893
4311 18093
5017 13975
1812 12598
13385 14221
13013 17875
861 14651
262 18067
910 18338
15006 20406
2303 22689
7828 16907
222 17803
9268 15200
14026 24411
6986 24340
16848 22075
8 14432
7704 20938
2283 3598
5280 7921
5484 19245
8864 20131
7451 10882
10938 14627
8328 20712
13946 21542
12461 20535
20634 22333
15795 20689
9827 19435
15142 21249
12578 23504
21072 24077
996 23115
15199 17090
9661 13793
952 19548
6477 22837
2214 6029
5365 18485
6049 19433
6706 11590
9857 16758
6470 17735
9944 18957
17183 19613
20344 24297
1865 13652
18355 20381
4072 6562
2410 16711
8126 9885
458 13560
3932 22486
5273 12596
4356 20806
18065 18526
287 21720
61 2895
1119 3563
6312 18273
2992 16574
1120 3103
1968 5721
4713 24443
4114 23431
5171 10524
3833 10053
14196 21914
3210 12464
10977 16934
11605 22470
19293 20561
1361 21153
1152 4235
13743 24123
8188 21639
9596 19975
21553 24478
6506 23323
543 24142
4498 23982
17704 19113
9155 19154
20823 21063
13809 16744
4344 7200
14392 19900
15896 16310
3949 10589
12244 21046
17102 17412
3033 15142
4419 19919
16343 21939
1300 24264
15926 22312
2339 21131
383 8120
12954 14451
11253 12103
6776 9616
8711 19870
17650 22608
12879 21420
6779 13192
7386 14243
19689 21955
21751 23132
12271 12667
6128 7077
2906 5392
5070 7699
19215 22562
19696 22045
8757 23890
784 4444
10123 22648
8321 10946
21257 24084
10593 13919
785 20512
1585 9371
19402 24019
9686 19957
10692 23775
22619 24452
2716 19532
2492 5608
8002 23240
4344 15028
7690 14302
8274 12664
11449 13858
10599 24122
12148 21980
10730 16107
8720 19086
7464 12722
9996 12334
12539 19937
17585 19268
2578 8401
17654 22663
655 16095
20395 21958
4320 7587
2295 18303
8862 22828
1975 12575
20137 22930
14653 18958
7052 12347
9543 20612
7940 16262
1613 7774
1723 22263
1458 6380
13492 16575
13053 19329
4403 5221
237 7509
2141 12241
2211 7319
5263 13179
6235 12701
403 6245
10241 15241
10561 12495
17950 22768
2293 6578
2923 11450
2128 13420
22890 22991
1277 12724
2768 22037
22696 23450
10149 18141
10197 12271
5738 20976
19967 21983
2097 24100
2013 10951
19431 21419
8924 11215
2069 3755
10493 23756
6974 23550
4926 5480
1778 10647
16455 20409
3815 20543
2764 6864
9454 14635
13828 22635
2204 12310
16037 21189
5058 7628
8595 9530
11951 14128
5754 18510
4989 16892
7706 12169
4744 18152
4805 20482
2779 4379
12642 18565
8772 24144
15100 20655
17343 22533
16839 19383
16035 24141
11857 21145
5257 21739
10813 21146
3620 22381
15887 18015
8593 18128
1364 14818
10152 19246
10539 23686
1 11886
2609 22428
8876 9316
7979 21312
5012 7867
10091 11673
15103 20637
5203 16209
7897 21812
1647 3208
16001 22699
15784 19590
14565 21691
97 22937
6373 8958
10957 14629
13162 18468
14583 22219
19261 23607
2428 11858
4671 14563
15495 22240
10012 16036
3885 23656
21534 21728
6794 7106
11083 20948
16534 17761
7983 19703
125 14282
3889 24028
4138 9399
11399 15212
3205 5598
6892 19890
22203 22552
15391 22999
6949 18124
6083 15768
1970 17037
22446 22759
13545 22341
10402 22910
2755 13400
17701 20494
9185 23923
4332 19227
3277 12037
1366 16399
1580 12692
9810 18316
9034 14997
14599 21736
3241 12850
3526 19542
17558 22106
504 16289
9855 12899
6230 21880
2460 3182
317 7182
8855 19632
1687 16869
6747 14840
17092 23804
2859 16289
1535 5791
213 17572
8722 8820
18932 21828
82 13102
18989 21979
12896 19580
11056 14093
17715 24200
11858 18923
6595 12516
2143 15572
2203 13073
4185 8749
9789 19868
8970 17074
7732 10199
7173 18466
2615 3244
14486 15439
15792 16059
15887 19437
1034 20726
6340 13258
4828 24411
5110 21165
949 20855
19817 20862
1327 1398
6058 9128
2841 6741
1212 23926
19058 21415
2391 10412
12461 14772
2234 5399
21625 23304
4032 11425
4849 22938
13802 23877
13969 17649
1989 15020
2139 23682
19716 20825
11908 15656
2079 8127
2375 15431
1716 4283
4321 16198
11606 16105
9536 10680
8255 18933
8461 12170
2533 2609
3991 8018
6139 8491
18005 19165
5675 18133
3318 17898
1912 10386
13172 18208
15095 24466
1995 15530
3227 23825
1586 7460
7200 12742
4154 24006
3022 11727
10736 10888
3986 7239
299 20179
934 6842
18911 19980
5135 21565
7422 10020
3654 16816
15543 19263
5014 19731
13067 22161
1558 10875
849 12016
260 5105
16052 17608
2022 19772
16416 23196
2037 22705
14046 23780
995 23459
1807 15644
15367 16884
8154 24231
1733 12714
9032 14602
7427 18980
8628 12517
22390 22524
12424 16429
5621 7383
3883 15894
3241 21784
11450 12762
4895 15688
4193 17127
6135 14726
8984 12591
4220 17526
13375 20605
20950 21403
10737 23526
22268 22436
3281 19178
7677 23887
1930 15518
4459 11335
7258 9815
10526 16382
1141 4321
5176 22487
527 22518
8151 24311
10903 11121
19272 21917
2150 7065
3836 9332
6951 20923
8666 23205
1029 15487
21752 22724
13027 19792
3537 12274
11957 21223
11327 20592
6162 16754
4038 17943
5465 16507
21935 23196
3139 16735
10244 12846
10181 22222
3332 18593
16230 22882
2634 20805
2865 11128
2054 11725
12532 14929
5022 13745
10649 19493
3511 15322
4679 11911
5205 23691
7809 17284
6484 20798
9954 15401
4308 11352
10142 13820
3377 14800
13894 24119
4538 17599
4537 20623
6391 12094
14453 18182
2891 23586
10677 20014
6405 18197
2104 13870
9924 15164
913 20371
7517 11673
14715 18166
15654 18771
11934 24442
8224 24480
4118 5935
18188 20192
3083 13949
13657 14168
12879 24477
15219 16441
19624 22709
14236 18611
7384 13886
6259 19395
626 13687
5732 17550
5219 18143
7416 12819
4686 24169
3082 13518
3482 11802
9679 21663
13164 16289
2118 4159
6014 18158
5732 22696
4169 20847
465 3179
1247 10800
3067 23907
15897 19625
5734 16705
718 10005
1132 20155
3162 17811
7076 11070
7440 17547
8087 8749
7547 22089
7226 18134
5947 18170
18572 24088
10372 20477
1710 22142
14906 19173
8821 22109
11769 12776
6695 16001
2798 21356
10010 10862
6479 19984
21698 22249
4924 14759
9104 12183
2264 22889
10676 18218
2940 5778
13858 21543
4609 11152
4422 17504
15112 23453
5688 14307
13314 15109
1934 14936
5082 20351
2251 15761
18953 19939
399 7890
6118 21428
3063 23168
7522 19402
1620 12295
13861 20985
4730 8473
1835 15939
8832 12507
6770 23634
9512 15273
7761 22866
4144 11546
8000 22424
13501 17796
2771 22045
15959 24255
7590 14771
2717 3984
15753 19748
1554 11968
12477 15914
5199 8523
3999 5249
10002 11164
15276 17541
13791 16620
21839 22415
9898 22293
15784 22003
3032 8704
20326 20466
1885 2722
4009 23109
9498 13268
7969 19184
8311 10696
2029 11758
5183 14316
4583 22911
8191 16085
12098 14915
5149 18974
4380 6789
7842 11750
5019 20153
1720 16230
16908 22945
9897 17187
10205 15658
6493 13535
11511 17288
13473 18791
5864 9991
4152 19476
1279 5459
8359 19436
13563 14494
6446 16204
5534 22262
10319 20833
11521 15369
9078 19419
19307 23936
4978 8130
2509 4630
11672 16549
14052 20803
4190 16936
4932 19245
8192 14003
70 15126
7941 21178
15158 22730
2183 20321
19210 19722
22539 23008
6733 15258
6958 18600
897 4272
5919 8232
14139 21312
14733 22689
8408 20244
5661 18049
13833 18238
3624 23936
3099 10955
4392 22175
6628 10848
19654 23751
14830 18775
11729 21411
22369 22506
957 12119
11894 12539
6227 21003
15205 16032
10779 20334
22707 23675
3416 18597
1176 11001
4112 15180
5168 22048
631 1988
2859 24337
2447 9376
3409 23159
1566 6381
5041 10917
7235 10955
2009 12114
11903 22383
15849 20498
7328 8866
3991 23296
861 1885
15840 17282
3309 24194
11813 17120
2228 17891
5637 20890
5582 18814
6812 10404
474 15298
1006 11411
1033 16218
18556 20829
5678 13855
5192 15810
11493 16043
3830 23727
5421 18027
10649 15111
2604 9682
14496 21383
7761 13211
4849 20167
8947 16408
6248 8475
4708 11744
9994 19099
6766 15172
8304 18772
18708 23671
12152 13294
7833 10658
14291 15968
16311 19199
14174 24039
13799 21039
3329 3372
3602 19305
13025 18050
6933 10893
3254 16259
19160 24096
21255 21486
10899 19481
8387 9147
303 11589
17759 21310
14089 15316
1181 5424
14526 17298
13253 17319
1742 20124
1087 4541
14221 20410
6073 9730
10902 16137
10949 13040
4665 22296
10063 19516
14399 22730
1079 23349
8211 11251
4985 10037
12600 13268
11767 15354
5945 11385
3854 20952
3251 15727
1384 2331
22246 24264
11763 22499
6943 10617
2100 4762
2380 19948
6630 15795
4189 23288
1208 9010
5722 14879
2362 24047
8183 24235
705 12238
7601 7682
5568 20771
6973 10659
7110 10706
10266 16289
258 4515
4766 11459
16991 22498
17828 23266
19760 20976
414 3829
10087 14031
4154 4978
21585 24444
17087 22276
5 22365
10564 24298
3283 23642
13497 17448
795 15467
16285 23053
20798 22841
266 9885
9193 18411
1113 16422
8539 18992
12411 14282
8007 18056
1848 21372
5219 20981
4605 16230
7637 16607
5638 8092
3145 12572
8363 13510
2187 18157
18707 22897
9617 20145
4199 10218
5886 24146
9687 14402
10801 13686
12512 17835
9357 12818
9464 19108
1061 5131
9336 18805
3255 12139
10244 14455
8407 10482
14920 18375
15251 20631
1507 23973
5351 19869
5512 15920
15062 22549
13764 17269
21457 23639
4004 23946
7322 14195
10805 13642
1620 12705
1734 24475
13653 15529
5123 11551
1681 24360
5649 6697
5740 16754
10424 20112
3647 5436
17884 21221
5080 21014
4769 21131
19697 20871
4281 12485
3474 10235
3555 7033
4375 5144
1432 11722
4476 24266
14535 14950
3090 22486
6539 19148
19945 21231
15375 19457
7754 21130
11363 13614
2918 6046
11000 19459
5388 24101
9571 18519
1981 17318
18339 22722
4341 7667
2689 20348
416 6244
15188 20061
19396 20172
4215 21696
7606 10312
6246 8779
3685 4300
6546 13157
16776 21973
6912 18846
3700 18094
7985 11595
897 23678
2749 7281
1280 20681
2844 14104
7250 24424
5657 9810
5832 12305
7147 21297
4820 24477
6525 7397
21087 22630
5366 8359
835 1093
18253 22241
3102 7628
11182 14232
10040 17727
3560 23506
5894 12198
14700 22986
12312 20102
115 11299
4535 23578
11540 12431
13562 16726
3080 16767
16481 19979
836 7586
17123 20121
9878 18587
2709 20769
8366 22319
14716 19020
3685 4850
3338 16429
6638 22657
14102 18231
6716 9676
500 10080
4868 8425
557 3959
3182 11323
2936 12330
3010 12361
7358 23307
7347 22506
15440 16945
8371 15334
3952 4179
2002 12583
6744 16079
6286 10806
18752 20150
3457 18223
6382 11359
11285 23620
5631 17729
10416 19777
14756 22090
784 8510
19662 23559
7475 15703
7938 8839
18868 24157
7488 14862
9547 21486
9501 9764
9809 24080
3052 4124
4624 21270
15388 22752
12026 13595
1928 18455
12744 21498
11608 13991
3549 13716
5284 14383
9018 12722
13455 23475
10002 13406
318 21767
14085 19242
12752 23582
3451 18347
1649 12028
9369 17762
4020 7453
11033 24330
3255 19427
5581 12983
12403 14959
1851 16879
936 7173
11762 11955
2925 5549
8924 15816
13836 20755
7150 9049
8513 20113
6252 11583
4291 24242
5699 12385
13213 16723
1362 13480
18750 24394
5312 18814
6963 10161
11173 22899
4129 15831
6983 15397
14769 20349
1623 2449
7207 22585
7936 11975
19499 19956
21832 22040
10177 22616
9379 9932
178 10616
3240 16617
16823 19086
7556 14597
12244 24198
14453 15790
19102 19149
5807 15920
1936 13009
16312 18728
1469 1543
958 10771
3624 9323
5228 19966
10170 17397
19662 23046
7736 22783
3550 8298
1313 16865
4033 7797
3601 20492
1351 3867
777 9093
3964 22812
7910 21078
4738 11014
5795 23414
5491 14613
12378 15242
16132 22916
21390 21934
5001 16673
5666 20247
385 12515
5194 22798
1037 4063
390 11212
9719 10015
4979 6564
13983 23046
5175 18460
10529 21104
1130 4994
1763 21976
4795 22975
2335 23808
17711 19950
20785 21956
15243 19718
6927 7514
5030 6847
9751 21939
20180 21693
16064 22884
4751 10607
15458 20867
5099 15043
13698 15178
10261 11849
475 6689
1553 18549
7795 10637
16724 23487
1346 16942
8148 12236
7755 23656
12223 14727
14919 18545
3996 23598
6846 14471
9629 12772
758 3427
7900 9077
10289 10377
9098 23009
2161 20395
1123 11965
1281 2104
7500 23125
4863 20357
63 12910
6346 8696
3310 18441
16101 18510
800 14878
5799 13033
1864 11545
16282 17051
7824 17958
2185 21060
15419 21371
17505 23860
19104 20567
2564 24211
54 6751
2616 15217
6002 17449
2130 14384
1132 17555
19636 20956
2514 3025
2449 17008
1484 14240
246 18026
4217 9799
6489 17910
2718 22876
17364 17641
5426 22410
4596 18041
18680 21092
3539 15983
4576 16174
8071 16718
4089 12746
6888 19224
1214 9131
8342 22335
3730 10950
7814 17342
17046 20200
3751 16779
14167 20403
1811 12798
15115 19088
3179 24254
5115 24416
6843 9311
13478 20820
15892 17007
3878 23626
14304 18406
993 5111
10245 18849
3387 21619
3954 5602
11798 12102
6463 11687
12152 20984
1044 24174
849 1795
4209 4623
4099 16737
7733 19571
5538 17272
18577 23166
17887 21527
10684 17686
10328 13911
5124 20366
18840 24070
4575 21829
4118 15617
10510 20011
20629 24068
14635 21446
4203 24436
1935 15579
16272 22998
2696 13300
8003 18360
17237 20192
15629 17190
10478 12992
13421 23145
16544 20757
8252 23302
4949 21433
20481 22407
22578 23100
8470 24048
17686 20890
17058 22154
62 13142
916 18672
10272 23026
2294 5421
14400 21340
19184 20717
8602 15957
18632 20788
11032 12679
14999 18991
7094 22275
1657 12384
21200 22577
22367 24366
10324 22776
8443 18591
4087 5180
5111 8661
4341 10602
13655 19293
7975 16007
7995 17788
13885 16029
6441 6789
3047 24322
18640 20060
9222 16404
952 6498
7128 10729
8381 9356
8412 14013
2066 14300
242 23921
718 5300
15857 19397
10842 19166
548 18246
3312 13726
6793 10513
5936 8405
145 5662
8760 24362
1069 16511
8688 11888
7674 24219
2572 21949
17152 20782
1993 18321
6947 23862
10214 22827
3328 17475
6463 17266
2148 21054
16226 21735
2883 13410
11358 22255
7091 16095
6772 18120
4074 23491
8014 8897
6315 21284
8302 19043
20001 23575
11035 21712
6139 16381
9129 21650
11722 19767
10298 11352
793 5501
18947 19717
12362 22031
7353 7367
11016 14777
7918 16291
11232 12592
8630 9597
3461 19768
10872 19109
7266 10456
6010 17447
3627 17210
13036 24448
1627 10596
6989 12096
17338 18899
9753 16304
1658 2218
17261 24367
9728 15266
2857 10708
386 15046
3236 6575
2149 11751
10250 23256
5183 22637
2981 24160
6163 15230
7980 19486
6660 20154
17943 21882
3271 6815
20465 23027
1839 4317
3508 22513
6327 6942
3313 21148
8460 16664
1544 19272
5825 24302
5974 21438
3387 20089
4147 21907
13388 20256
15767 15960
10083 11472
12023 17082
11586 21398
8302 14747
14293 18068
14123 19897
4420 15132
6228 19108
1030 22642
7310 14406
8894 10638
12274 24007
9822 11838
501 1696
17210 17455
374 1187
8364 11732
11811 18337
1847 18318
1513 23399
2939 11116
11828 18213
957 17491
11699 19587
19765 20246
19515 20748
8751 19615
9368 20127
14289 18057
7028 15633
18386 24137
4401 13267
4 10448
3688 19059
2728 16208
14084 18969
3588 10410
3025 11150
12697 20673
1476 20538
4767 7300
30 6997
8802 20085
739 1900
15663 20409
9785 21730
4675 8613
12495 17284
21682 22225
5847 6251
7667 18369
6753 10060
3721 7596
579 1185
3902 21069
145 3504
6874 17340
14508 14534
20215 21704
5040 20258
7714 22325
4822 24178
18341 19707
9716 15832
6033 21081
12745 21575
11066 14367
4190 10855
1562 5345
281 8663
5749 12299
449 1112
4792 18902
8566 16458
8608 17776
2363 12922
15987 23930
16358 19009
1940 13934
9039 19930
18000 21279
2162 6581
235 21460
15531 17685
5661 13101
10190 14135
3217 10928
20466 23547
2176 10927
4362 17850
3531 7381
2769 5204
3272 3874
1042 3594
12405 16456
706 2155
3143 3844
4291 19438
20407 22357
10239 22237
6473 15870
5673 15487
11753 12054
14066 16864
4577 12020
416 10852
20857 22262
11045 14148
10972 21270
5608 20486
2159 3308
9574 18343
12250 21526
19736 20735
1952 8460
236 22999
1224 4995
11230 12522
6894 12542
3739 10492
16947 23671
4650 21722
5619 10389
8471 19362
2136 3591
5016 7604
4397 11440
10274 15367
13585 23852
3041 14625
5680 17094
6460 16830
10579 14016
16762 22130
4887 18063
11190 18042
3919 8014
14754 23842
7248 19047
10048 14108
8603 12937
8825 21614
10876 12101
4490 21723
2284 10146
53 23798
12998 15046
13275 14327
11854 16878
12904 17844
817 1142
3499 5130
4278 18855
2212 9664
2586 24408
7143 15598
14170 22959
2718 19575
1227 6225
2540 4517
17845 24460
544 24420
7416 23869
3715 5192
15085 21863
8587 14729
1665 23152
5916 22710
1683 20337
4596 14386
3363 7587
111 4875
13618 13937
6281 13120
9604 22908
15495 16208
8434 20129
2484 10233
19303 23647
4695 21671
7499 11530
19605 20043
16518 20506
3408 13365
4807 11851
1026 8044
6358 8315
11122 11664
10694 13235
12292 16175
3663 15658
6470 19381
8448 19273
15839 18106
10032 21642
14840 18258
13322 18937
9259 12694
6883 16197
9696 17691
151 21938
4801 9073
12842 22652
6542 9861
4300 17817
4084 4290
2558 14379
11230 24396
5108 10064
16653 18997
3750 13783
1824 11958
3846 7879
94 3730
1683 21678
5990 9659
4118 7233
10104 23667
13314 22984
2655 10665
3405 18313
4981 9037
4249 6878
11912 17698
1249 16419
7342 16805
419 2782
12832 23877
10014 23228
6087 10297
16742 23358
649 22244
11630 12729
9501 10844
1049 7208
6290 7038
970 19710
6462 7064
7625 13984
19111 23381
17201 18640
14407 16937
7411 17777
11398 13172
17130 20665
13947 15109
14221 14501
3978 13456
16753 19499
1999 13709
4879 15724
6809 11667
11107 22023
13701 19904
31 6296
18346 23689
6733 9648
3417 5169
5080 17964
8360 19172
6114 14251
6828 21543
400 5970
4750 20171
12030 18332
586 14445
16925 19373
2361 16081
8739 15655
2445 9968
6339 17113
342 11459
16372 20783
9261 10252
3581 8341
6969 23817
11138 15092
7090 12929
5039 19093
9911 10113
13605 18974
5659 6577
3522 18729
3889 7046
20617 24072
6062 12288
11234 12507
4907 11437
13232 20529
2301 19570
8971 20414
9121 9880
7732 8301
17152 18229
1658 13143
462 10590
12423 18216
16141 16189
11611 20389
689 13756
10686 18474
3427 13606
16879 23241
865 23458
8191 17707
3883 22093
9678 11537
4123 12688
11950 15781
18247 23455
2260 11256
9092 20121
13904 18073
4080 24232
4882 13740
1356 20800
5996 8908
8302 17669
2889 14044
9366 13893
2195 18674
18400 22903
6852 14727
12331 13844
6960 7769
5676 19564
24351 24458
13059 15345
1789 8178
9519 20524
2759 3680
4003 21737
2750 5125
899 7782
9808 12883
5880 8884
1439 23758
9232 12180
5832 7021
7437 23375
14922 15222
4936 5464
2644 11134
268 6027
15196 17991
5170 7641
943 17614
3251 7940
3623 12281
18112 22739
14712 22948
5036 5823
3598 15917
1922 21231
3883 7956
8624 24179
8796 18684
17944 19780
18437 19940
8888 10839
4434 17897
10766 12198
4502 11264
7676 23242
23469 24410
2731 15393
1570 16283
5365 18543
10485 17527
4222 15999
2959 18224
1965 8685
3744 7207
11728 20447
1835 13870
17057 19877
6256 14945
9269 13689
21359 22804
14155 20480
3326 6123
2924 21018
7519 18330
8073 14737
4396 11289
6406 19471
3827 11276
5439 9872
8300 10120
219 17577
2353 7597
11908 12211
193 21791
13719 18648
4769 7865
7433 13706
7716 13233
5543 22441
739 12861
2842 22693
17387 23095
2261 2392
10096 10314
7746 11951
18299 21182
2496 16154
13779 15533
7408 16651
20810 23916
8442 9698
3010 8651
14881 19698
918 23947
17074 20078
1242 19992
6638 17150
6159 18165
13752 20088
8351 10576
16119 23914
9636 22294
2479 15976
9891 13301
16524 19690
19581 24390
878 18817
12732 21429
19784 21234
20114 21783
2232 17834
13529 15672
11480 17517
1181 8177
4719 6991
12971 17369
2244 22971
16363 22609
4401 12067
7333 16425
17442 19489
7921 15102
1717 2561
11722 20090
1175 23806
746 8974
2433 12204
18883 21873
9340 11885
10786 14426
9400 18999
7762 9404
9267 10361
2261 9888
6953 17142
891 11584
8884 13588
2779 18134
3154 19710
9523 14720
8164 17990
9744 21599
3959 10365
8428 21609
10312 19040
1781 7197
6236 14379
10246 13921
750 9562
17488 19114
1246 17127
4605 8431
2530 5744
5645 8244
7444 17934
2289 21347
4620 13781
238 6284
17244 18236
7106 22390
1329 5315
532 4054
8122 24397
335 13550
11130 23259
586 9454
343 7446
17021 18461
4010 7273
6326 12302
7872 7888
5385 19057
8289 19135
7752 24456
3407 17108
2157 16367
5162 15615
6635 8050
9794 12976
8013 13894
9803 18687
7477 18963
9150 16408
2534 22841
16101 24316
11615 24339
763 4012
1189 2526
6585 21243
950 9111
6591 14179
6560 7869
4573 15116
14452 22873
6649 8621
3098 9254
9367 15767
15740 19742
877 6576
458 10416
1228 13649
12444 19531
3589 18178
13817 20995
10088 21955
21497 24314
1653 7077
11132 23381
486 5366
7040 14341
4041 12097
20037 23673
11059 14701
4349 12845
2593 14317
1870 1941
11167 12173
7382 15864
15841 19800
2464 11140
11971 16737
7030 13272
45 22984
13911 17082
11058 23868
8848 14370
9596 14214
22585 23127
12049 12245
6225 7889
5529 8351
14438 18189
18468 23268
2313 18123
8153 9670
10726 18069
8316 20132
341 8522
4622 12537
3595 18152
10704 17283
4155 9524
13386 22161
6223 8817
14013 21585
3492 21072
2434 21855
15328 19609
4821 8380
15460 23667
10702 21765
6829 10143
10667 17316
18736 20123
17216 21393
648 8490
6614 17608
11859 13026
2880 10850
5868 10225
16631 18794
8714 18338
188 5416
10950 12617
6909 23424
602 4577
1751 17314
14468 14750
11956 14715
8395 23314
14580 20919
10763 20886
6 14295
17251 20991
7605 10364
5028 18437
5860 20448
1825 18594
277 1076
16609 17754
3526 9134
8711 9793
9331 22516
13335 17247
7012 20943
3095 11292
6760 13854
4121 10066
4711 23802
9028 19974
7811 17192
7185 10534
7257 11425
19398 22183
175 22318
11866 19892
8770 17127
9650 12966
1832 13814
717 21666
10412 14304
11287 14424
16924 23096
1337 16380
12627 20645
1970 20641
1182 18482
13504 15294
7352 12959
6488 10604
12804 22522
5427 11322
1003 2199
13136 20932
6574 7296
11531 19884
18177 20923
5808 14391
4885 23494
6371 10549
16668 17895
13635 15739
4050 22447
15030 15546
22609 23512
12232 15262
10655 14247
9249 15410
7684 13502
264 24276
19831 21875
7178 19081
1020 3284
4120 17733
11641 22145
3560 21456
3168 6115
6822 17471
6185 16706
3151 21504
658 22952
8768 10300
3194 11989
920 5861
4402 19999
5072 20078
1494 6512
17612 21713
5464 22707
16947 24470
1037 11142
127 7963
1015 19895
14876 16127
10372 12114
4545 15293
12004 22632
1817 9091
12379 21774
11753 18838
5581 21514
9307 22449
12008 17931
4058 21088
9743 23783
17007 17300
6233 19839
539 12335
9890 13295
18136 23340
569 23374
13878 20216
17766 18351
707 13442
8900 23695
7558 15800
6064 15591
8004 14864
2203 3983
10161 19652
11349 14062
14653 23367
3547 17877
3103 4953
7655 10162
13427 16583
1239 19139
16075 22399
10103 16298
2744 8980
854 20512
3755 5704
11446 17880
14868 24247
16557 19759
5668 8972
12771 20802
7778 10957
2659 8125
506 11915
20026 24083
15807 20790
2942 11904
2319 12309
15975 24223
8690 13291
838 22296
11008 20362
3294 9845
94 16673
420 6240
13626 23224
11669 15581
1724 13065
19537 20929
5701 7360
14162 16846
19727 20169
2693 6718
1306 2792
6703 13704
7498 10738
7702 12770
731 8768
18160 23708
1537 5095
6155 22929
484 986
4822 6508
2275 19906
3558 10215
11724 24422
5226 8120
8645 15471
4231 13017
2386 23024
4646 11074
17294 21179
6954 9428
10640 13871
17131 23367
14180 21220
9402 18517
9717 17566
8677 11674
16675 17591
664 15696
14351 22005
5363 13587
3437 18035
999 11315
1941 17214
3683 21824
14814 22151
567 4342
16954 21643
10664 17011
14561 15727
9301 18722
3470 18818
9218 12156
830 14267
13243 14869
9916 18903
2817 13073
10096 19803
5152 21036
1667 9622
4723 23117
11406 11973
7227 18497
9328 14747
6899 19904
11004 15198
19835 23096
12358 21760
10588 14585
18882 21949
18327 20111
914 6776
9847 16561
3922 17562
20674 23436
10523 19620
290 14280
8252 21131
14872 15789
8656 20123
1135 14040
15545 20516
11778 21809
13801 17996
604 10171
14147 21810
8356 10748
4792 21249
396 5427
15297 23813
1217 5035
12978 20112
9858 14128
12273 23376
7512 13130
3596 8424
8153 21687
101 3416
19588 22034
11259 17101
1258 3707
22096 23458
19285 21751
18471 23905
6296 23073
1228 7960
13979 23749
1927 19723
8553 11198
10686 19471
4322 21790
374 2751
286 14003
12616 14024
8167 19223
21437 23685
14340 16301
20050 20812
17186 21319
2955 21362
9855 14286
2246 16189
186 10541
10319 19973
15273 21657
11797 18046
11641 21165
1810 16762
19407 20027
66 7249
9662 18330
11773 21615
13278 19296
10664 17536
11796 19943
9560 14754
1765 6118
8130 22762
10069 20809
2671 7116
13265 16969
1226 6712
4066 23040
2959 21290
2518 20048
4405 24490
1540 13330
6762 8162
4834 6319
3060 4271
2063 18021
1687 14138
7778 17017
8935 22386
1737 12676
9371 11248
11375 20538
11886 14406
10490 15121
4810 17407
8224 18860
5023 19498
14598 21847
18300 24071
11538 12815
7889 10338
18269 20960
7639 8200
15112 18260
18628 20197
10219 11343
2077 5398
11619 12465
19646 21091
11507 13146
1234 9306
16650 22834
23954 23957
7024 18144
1247 8412
10110 18439
16073 24342
241 23742
16920 21786
16909 19648
11162 12624
12081 16573
8050 9831
18458 24334
19627 23265
10007 13542
11481 23086
4049 4120
4656 8793
14778 18319
1188 1268
6579 17581
7418 11479
1787 13382
4240 22080
105 6439
1426 13640
3162 18343
6802 9780
4065 9295
10712 21774
14561 17265
1930 3978
16987 22894
4920 13163
16611 23605
8198 18340
6794 14295
11309 23896
9227 12749
12622 13624
18030 21818
12863 22493
6690 16405
14727 22979
7273 19511
14904 20295
10602 19627
10718 20801
2009 12227
1502 21213
18197 21438
9994 16883
7279 16276
8734 10264
10288 16334
5873 20858
1693 12126
15472 17396
6832 11346
22217 24396
6497 8107
6439 8332
5379 21420
458 17876
22658 23071
3604 4512
14552 22691
3837 22761
8397 15846
21729 22661
17 10881
7832 10597
16931 19194
3827 15497
15082 19218
4197 16042
9920 19464
5154 11105
1710 11023
5456 10010
5021 18618
12028 15656
18919 21383
19968 21997
14814 19171
12527 22173
9037 11174
5231 13341
3868 9642
12867 24259
1053 18050
4536 22474
4276 5271
3065 19208
1706 9918
7038 18794
15198 23691
1695 19639
5408 16876
1469 18074
11758 16968
12303 17404
237 24432
11285 16816
7816 21091
2494 19731
941 13610
7149 8790
8330 8565
7025 23341
10358 11025
7618 12680
506 12029
4010 20692
1147 18520
6820 12120
8611 9834
8031 19564
18152 24350
12713 17572
19865 21019
6284 11037
7950 17939
76 22927
4063 12978
2265 20496
20300 20900
11378 21301
9686 16122
2177 7545
11724 13265
1444 19358
10794 18479
14067 14635
255 19038
2044 5319
3144 11989
7472 21226
17936 23027
12511 21699
7399 8115
1213 12919
7339 14026
2688 20251
2070 15442
11735 18878
1188 13724
15278 22891
4204 22123
5371 20777
3051 7931
9955 20293
8786 24035
11243 21271
2090 9201
12874 20881
1643 4138
6407 13952
2187 12298
3009 21873
1745 21461
14352 19274
6023 19440
11708 20231
11037 18758
3926 23648
17109 22098
8294 9473
82 17648
12495 19891
12947 21255
410 3880
16602 19665
9502 10616
10036 15230
2911 19382
15032 17153
2894 19730
804 8904
7637 23613
2306 20507
2712 15970
4968 9678
10297 11111
7177 24406
2065 11678
1051 21004
14227 24351
14845 17445
1685 21625
9914 24483
162 7210
16270 18962
6838 16755
9572 12069
3108 18726
15007 19017
4483 13668
4147 5551
3422 14871
2018 5430
1932 15879
12373 17355
890 2699
10972 15433
10200 20616
5095 22839
3201 7438
10087 23183
4080 5505
8987 20266
1449 19722
8752 13923
1970 7621
14723 20435
14111 19834
9 23777
9477 15824
5982 10922
11653 24071
18939 24156
15612 19175
19112 21640
10479 18813
22458 23437
15362 20655
8217 11579
8132 19176
15296 23681
2598 21665
5783 8650
4881 8554
6314 10042
5369 17732
2012 11379
9785 22042
8972 16740
7929 23292
16086 19221
9851 21948
1381 6239
10866 12010
3825 7990
10891 20653
4848 14547
10726 23223
5242 18318
2728 4879
17982 19516
14011 17878
15598 21371
11125 23281
2576 11357
553 21134
5532 11162
8468 17386
4430 8635
17752 21045
2386 17942
6380 19461
6429 18850
11866 16498
17961 23871
1274 5759
5082 17319
12591 18211
14905 18567
9253 21571
4003 13335
19994 21691
4183 12316
2631 23682
7231 11519
7934 20447
12894 16312
13124 21315
12387 16330
9739 20037
11456 16237
1680 11519
10159 10686
8410 21323
3363 20976
11309 22086
15477 20313
3279 5910
17111 17548
2923 11726
5001 8015
12757 20999
3811 12146
6080 15709
13731 23257
10981 12563
16912 21669
775 8341
6126 21353
899 16039
2536 16909
12218 13473
382 9501
4167 5898
8891 13195
4153 11597
3110 12231
751 4132
14814 23264
12885 13911
12787 18952
11530 23966
4365 19508
4913 9838
5769 18836
5250 14237
4380 13187
3107 20454
5591 7112
14492 19594
6843 8067
2312 14016
4508 11361
21231 22391
5110 17300
17717 18546
7973 18479
22050 24318
20397 21580
5166 13155
1000 13196
7224 23944
366 10281
1063 16775
2083 24347
5073 10838
1860 19264
15685 22923
2028 9413
3117 3836
2739 4971
10922 11296
7360 17505
1013 3000
11481 17820
1598 18416
11421 23800
8501 10798
20418 22283
8515 9881
10901 13244
11266 13744
7015 16263
1552 22846
941 1382
7810 15921
11724 16286
4716 24310
5752 23248
3238 11622
1735 14488
9979 19724
1161 6993
22082 22255
345 1922
4630 11870
13933 19852
215 1772
11410 18027
9052 16938
7212 10440
1098 13336
6545 21070
10651 22800
15597 19733
7414 17363
6041 13913
14925 17733
1569 17000
9335 16930
3797 6364
3238 5648
14863 20128
13338 20245
10766 13221
8843 12415
9501 20756
4217 23145
4336 19979
1481 15383
4476 6567
8579 21110
7480 17780
14602 15842
1118 20810
3549 9567
3043 17792
20353 23640
2343 17565
13593 24441
6524 9246
207 4933
4777 15106
10253 13064
6444 8296
17786 18316
9415 21095
314 8948
7451 21798
3058 5165
15255 18752
1487 6511
11770 13282
12326 21698
18248 23829
273 2992
2109 14105
23694 24099
9877 21945
17930 22044
23096 23604
1852 8702
19024 20615
210 1144
12110 19099
11227 19835
8293 10615
620 12678
19324 20994
2069 20221
22203 23757
12466 16077
3394 3686
6569 16694
7175 15150
321 22794
17133 23313
6045 8241
4163 8786
430 10305
2198 19243
1751 7581
10492 12020
7152 10571
16816 19923
7468 11371
3568 22745
347 858
9246 12172
20794 22036
8717 14132
10067 18218
3455 10579
3200 15570
7524 19363
5814 14756
7504 7543
1987 17633
14543 23389
6776 17726
10447 11256
14041 21214
3076 23216
6982 17183
6433 10335
7445 18425
1760 14311
1502 10291
20164 20338
1165 2113
12372 22061
15208 15803
11078 21840
1016 15238
11167 23480
8378 16389
4596 5472
386 8984
1777 4060
8846 13893
15842 20734
5209 14753
4842 22260
639 19209
6313 20070
1587 18096
6873 9622
4378 4583
2641 8052
10301 13099
15366 18278
1201 2398
8312 19010
1772 21786
9463 12452
9684 22173
2915 23545
2471 3379
13172 15150
4076 4220
12726 21245
5107 8010
7962 12782
6760 21796
5474 18905
3534 3776
23372 23700
7285 9182
16673 22402
250 1800
8402 18365
460 4518
6767 8781
10220 17838
8857 14799
1097 5618
7475 12571
22134 23341
6586 10745
8176 8696
1724 11048
5899 12949
4651 15172
9665 19265
8698 15641
21198 22556
23102 23134
13467 15687
1863 2163
1853 8041
6726 15288
1411 17984
19003 19971
11176 18403
21420 23478
14104 19790
5759 24239
14236 21936
12781 14874
2003 11886
3758 19733
10390 11634
1565 10000
2720 13714
13718 19177
15938 22529
3458 18832
6806 14295
23884 24318
19786 21685
12582 21626
10607 17667
4915 18473
8121 17850
5780 23071
5169 6743
1176 14641
13753 13932
1426 4752
23300 24319
11324 16675
11964 12606
13758 16806
818 13029
3556 11634
18189 19233
17670 19866
11527 20825
13291 15679
14129 15587
18566 21911
11110 23039
12248 19907
14483 15657
10239 20716
21288 22023
3933 13256
5912 11184
11248 17386
17560 17749
12186 15363
1684 22340
8383 15092
4947 23755
11528 18444
7383 14524
1507 2351
10923 12271
7145 7359
3079 11355
3807 9673
4845 16339
5892 7856
614 2893
9844 11553
7647 18628
9038 22281
6490 19436
12920 14473
6017 9483
5832 12244
174 11452
3957 8330
17473 17541
1747 12944
10783 11316
7105 22345
6318 8615
3238 8075
715 14082
7906 20089
7025 23291
2509 20274
8358 17866
3878 7778
12654 14259
8124 17507
17560 22521
14000 15405
11799 15937
3939 8882
2817 21499
6029 6525
7448 14613
9088 11315
16278 17354
4970 19566
10993 15785
6857 8679
13907 13909
660 11328
12467 23674
7621 23368
13501 19864
15302 15494
19580 21151
9239 11999
7621 12418
3795 20171
9188 9606
17398 19826
5717 21149
7065 17971
7223 11239
16071 24127
4264 14429
10823 23449
6258 16897
2600 24176
11744 22688
6977 17898
5957 6788
6068 8194
4865 9281
6032 20468
19121 22668
10573 22205
3552 23820
8778 20856
17275 21183
12433 20709
1637 4432
884 1087
21 2618
2231 14230
3064 23389
11466 24412
1993 11311
14642 16491
7353 21823
1570 5429
11399 20322
13993 14148
3006 16920
742 2635
4026 11471
14751 23475
10890 12121
8386 17839
1415 5519
4126 23908
1561 20445
12246 15909
18794 23120
22612 22689
11165 19667
10711 12062
8278 14296
11930 18935
16153 18395
3381 3542
9252 14301
202 23504
5022 23760
18826 19541
12847 21310
6830 22557
6524 10820
3818 6398
1080 3250
5283 6204
3497 14757
1058 17416
14426 17060
4 18374
9313 16579
7090 21614
4810 20940
4620 20107
2090 13551
14705 15719
12147 18558
14209 20029
12083 13717
4076 9754
10889 24204
4927 7340
15867 18040
13134 21360
6388 10468
9685 19914
6638 13643
7102 7764
693 797
8062 15387
10146 19176
1890 17683
4589 14155
789 7665
11019 11109
8962 21255
8707 14839
2397 3125
3868 21030
11761 13624
4299 14903
17150 18057
6037 22265
4379 12329
19312 23571
14731 23683
45 19101
6619 19598
11751 23958
4275 17400
1989 12470
13974 23264
10150 22928
3343 14959
816 6084
15564 23542
1068 20732
1902 11147
1480 22324
5695 16438
14589 16560
2655 23366
7663 21601
7979 18866
1203 1482
2567 24172
21424 22115
3258 14802
10187 16799
14242 20319
9999 15506
8521 20170
7562 14752
10933 14832
960 13015
1481 18422
6728 17526
476 4614
9687 21862
9382 14078
3184 13496
1453 9601
14867 18320
17838 18407
6131 20694
16983 23140
8594 18354
15095 20291
11533 23106
17615 21602
5050 11683
13676 16290
22975 24298
8083 14540
15795 22491
1590 5887
9672 14231
5829 22391
16497 21360
21422 23563
2865 23364
7631 8821
3787 12441
18938 24131
3858 23755
5379 18489
7419 24328
4154 10627
4433 11545
18567 18898
21377 24414
52 23709
13269 20559
1916 18021
4234 20868
20166 21805
1927 7041
11655 14541
17137 23096
4028 15236
2412 15561
6412 23898
4351 8959
22858 23688
5430 11369
4336 23469
3484 5557
1983 9879
8268 12105
11644 16380
13517 15417
6845 8586
5990 10612
7922 13385
10067 21992
9286 11579
15050 17988
2340 11030
3692 9984
1827 18709
861 7626
4273 24344
4956 9236
2132 18262
3930 8740
3412 13953
1543 14321
21995 23660
5861 17817
16253 19595
10444 14753
5188 21010
20698 22952
624 6957
12169 21156
1277 7451
12284 20655
9784 13305
15542 24056
12124 15057
19557 24327
17623 22231
19749 23462
11885 23526
4217 12894
148 1671
7932 17830
6637 21223
7830 22493
17304 19337
1775 17316
644 6134
13700 21649
7058 19466
7194 20142
11499 18028
3251 11623
166 14810
1595 23659
10128 23746
3358 17019
1167 20928
1398 1622
13966 14410
11363 23630
2111 4934
7835 8622
17271 19529
10097 17030
11219 12640
7460 10929
14558 16789
411 21039
9719 17352
5544 17234
3194 22536
13346 15775
12365 22801
10312 15975
3639 23039
3494 10141
10117 13310
3320 16707
6715 15200
10106 21587
4619 14840
19948 21199
7716 24031
12020 17761
3498 14311
12469 22661
8796 16990
13233 16743
2359 18475
3091 3396
375 12964
1925 13349
2132 18151
14237 18715
1275 6547
667 9379
19998 23882
3719 20925
1222 6220
13482 22755
703 20438
2713 5682
10182 19607
5256 17514
1696 5872
11286 14773
2686 12609
4895 13874
17529 17603
10502 13310
5860 19570
20838 22877
11492 17226
10847 20608
2199 11367
1466 19557
19931 20360
13555 22610
6075 8452
7806 22662
10953 17459
780 15767
777 10787
17499 22729
18310 24321
10018 19487
22189 24242
4755 16454
8561 19241
471 16242
10939 22553
2941 4494
3604 21412
1688 19169
2144 22654
11360 23777
3129 19537
6625 14935
5689 19854
3585 24364
4555 5469
20272 22319
3590 23931
8314 12789
1896 17105
12351 21133
9566 18111
11857 18689
4001 18241
1397 23391
17174 22082
8800 20325
1397 19962
5594 21829
5587 17934
19979 20267
7454 12722
7937 14161
3598 17349
17410 19163
9255 10708
13555 23018
7349 7822
12389 22043
6743 18695
15750 19394
2273 23681
2843 3001
8722 24032
8554 13036
13251 15245
5557 13776
11125 18986
6357 14398
6015 11182
8005 19884
8094 21533
4479 17828
6832 24020
16784 18761
12192 14504
15215 20811
7266 10376
731 21765
9007 16603
5210 12782
8233 8725
7158 15750
2686 12146
12906 14228
2917 13937
13272 14214
7172 23677
5788 20607
12321 20694
8459 13069
3972 12715
5154 8674
19666 23420
1146 14169
2845 6096
21592 21648
2758 2946
278 473
4620 5552
2587 23383
9264 22403
9038 20404
2879 7252
3599 8740
4306 24359
6555 10827
1747 6943
7448 11030
14156 19019
15665 16606
2716 7976
13349 20922
7857 21888
13430 17615
5360 12419
14915 23979
7725 20257
3042 16491
250 3314
17948 17980
3280 11125
4020 19838
8038 9089
7179 15824
3426 15855
5041 21697
6588 20761
11482 12962
20173 23861
2872 16180
8875 20508
2689 7580
3392 19345
8877 14564
10162 13817
2910 14209
7683 8014
20632 23984
3024 4855
7602 20732
15165 16264
4945 4964
4464 18981
1993 21455
10846 17301
6993 16473
6287 21143
5271 19633
6385 9048
8085 19876
571 11833
3144 13633
3522 23314
858 24171
2392 18215
16052 18711
8708 11869
12497 15643
10963 14889
320 6596
11513 19670
10236 15511
5452 12998
5048 15688
5008 12226
3705 14906
3852 9365
15059 19532
11792 16650
11266 13017
12928 16141
6603 21378
8043 23780
4142 24176
6853 13674
9720 10187
6117 14688
181 16831
503 14451
3228 10232
12101 22784
2214 3073
14067 19896
6414 14162
8318 10279
23000 23613
5899 21122
5446 7956
15833 20571
16048 23512
15946 21141
11952 19029
14820 18111
14624 18790
15451 17083
1005 20078
3086 23521
4908 21791
13740 16410
284 2813
12152 20331
5516 24174
16472 19643
17365 22208
18679 21531
2244 11952
3487 9763
3867 6905
8554 22214
6028 11888
4376 9346
9441 18716
2448 18626
5807 19188
11640 21227
5389 10386
9327 10884
7846 16058
11838 22954
7233 13884
4619 15017
2809 22046
931 14503
3376 10107
1538 2355
10360 18952
4917 22176
3384 21092
1382 5125
1685 21279
10671 13963
1056 12245
9853 18758
20429 24449
2771 8591
9034 17410
2460 13766
6706 15302
8657 18996
7919 19612
8740 18586
20622 21249
21692 22605
8373 17931
7594 23239
6648 21614
5004 8599
14979 17508
12765 22102
12252 23543
15299 22785
10875 20335
20641 22547
1981 19581
5827 7890
4708 7943
4500 22320
10276 17829
8535 9373
9066 15819
15446 20475
4277 10374
1039 19280
14459 20010
12597 14762
3195 5771
9272 17998
8373 22189
10607 23466
4852 14360
2490 18844
2757 15648
6263 9790
4448 17252
10352 23814
11326 14928
1588 5839
34 16547
12110 13798
2453 14313
15456 17745
7599 20072
12124 13015
6828 12187
2322 13895
14521 18779
7489 20825
2489 13085
3502 20431
6717 22650
3307 7222
10190 23798
11298 14090
9705 16520
677 12648
11007 24434
9341 22842
1230 15401
1139 7770
9834 24433
14708 14999
528 549
5458 6092
5579 9522
3340 9196
1628 16638
11510 24439
7430 13374
3022 3607
17352 19368
929 17571
17921 19688
1406 18435
24071 24268
16219 18793
3256 13252
10720 22909
9480 13164
610 20837
2264 15483
1371 23423
10217 19338
484 13772
8351 9218
6794 10352
7301 17018
13541 22577
854 6894
3141 17028
10987 24198
18215 20007
366 5801
12776 17668
5416 14230
3254 22016
13323 23224
1709 6716
13099 22105
18728 20133
12906 18162
9756 21592
2011 6360
16298 20871
17697 19261
4999 24200
5809 19366
4536 16802
15406 23335
17468 19602
4444 7001
5924 11532
6111 19751
20227 22441
4659 13105
11826 16547
11676 22003
6870 18119
6197 12016
19107 21950
2503 3084
14419 22463
385 14951
6061 18988
6056 17457
338 3898
505 15123
2545 13814
453 18244
7293 14544
12686 23188
505 10842
3593 4562
828 3920
569 22532
21150 22546
12250 16025
227 10114
1722 7786
8427 15311
9879 10899
19304 21720
17535 23306
2947 23227
19052 23852
4105 17902
12922 24002
4891 5186
17686 21048
5716 17006
9863 15239
10577 15934
5450 20347
10877 19471
763 10567
906 5654
2536 11268
8998 21625
15326 23253
3302 8200
16525 22831
5752 6153
1798 22765
18212 23871
8356 10476
1010 17679
616 7197
4512 13570
8845 24443
19962 21894
4614 6745
1774 6189
3605 6974
6657 16769
11790 16645
5465 24396
4931 11083
3906 13970
11440 15519
16936 21250
12981 22971
15547 16607
11355 13613
5544 20012
3316 13211
14734 24196
583 4476
3946 15111
11768 19609
4 23474
3244 23912
8864 18785
6168 17630
1592 18877
4938 14638
5479 20809
6812 12018
1176 4555
5039 14342
7728 13000
1133 4930
12099 19436
1953 14476
3150 11241
12215 17407
17726 19727
5147 13737
11612 15989
15364 15968
755 16303
11659 17092
11295 16341
5400 11703
14901 20802
7239 16035
5426 20008
1364 20578
13008 16647
5832 16043
3220 19888
1519 21697
11471 12321
12340 23382
9573 19154
737 3090
10299 22587
1501 14360
8489 10851
2051 18887
53 14586
4399 10711
6249 19537
2767 2991
10833 14895
6987 17729
242 8333
18846 18954
10249 10329
6998 10210
13330 23602
8843 12447
18876 22381
1661 18129
4016 14207
20 16786
4758 16211
4015 6272
13127 16512
396 18344
11016 21364
2961 7621
18443 19366
12913 19092
20059 22134
651 1657
7562 8916
620 2626
6547 8527
17088 18423
15453 15478
12871 15388
3260 11584
13675 16292
5781 21882
7681 10641
1906 17309
3118 14767
3629 10863
21758 23480
9850 10153
11141 22976
5189 14961
4982 7723
6839 24000
13133 16433
8615 12860
8879 23867
9434 16851
11206 23997
14624 23627
3966 22979
7057 18889
6170 6243
1583 6354
3087 19677
370 17322
7 20609
2427 22221
9013 14433
13377 19260
5487 7021
11280 14251
14202 17635
4799 11255
9560 18445
3507 10374
12244 15778
3227 17434
3920 14604
9433 14506
11229 19254
64 3759
9496 18579
11270 14779
1690 20802
916 22007
6994 13756
6151 8552
9043 19358
2571 12586
16661 19397
6041 20389
3674 14929
20342 21451
952 18885
14454 18510
3177 11634
4195 16090
6585 8706
1932 13810
480 4791
4051 4820
9403 12604
1042 11889
1844 12618
8917 19473
5265 6766
4523 21085
4982 20060
19346 23614
16906 21169
12210 20510
1117 15770
4820 13826
4671 13121
14560 17036
5060 22909
11704 17949
13664 19282
7356 17470
4308 19616
13154 14304
9987 11795
5216 9140
8165 11212
18214 24433
4782 18746
17199 20593
10610 21678
16009 19671
5832 13985
4386 17289
4523 21315
20526 21890
10319 21681
19729 20893
2445 17962
2561 9773
10893 22676
1136 3236
10856 13195
5438 23479
1163 22589
12485 20711
3827 3950
8971 10235
10878 20863
5059 17828
12820 18807
13685 13872
1129 5945
1835 15010
16186 22331
9427 23774
17369 23247
22 5548
2434 17320
11743 22167
8912 18000
8833 12281
4561 20252
21025 22075
1388 10316
2693 6985
4782 15699
2690 5290
813 2650
789 18013
1988 2840
6560 10197
2467 4171
3066 15851
20516 21135
9607 10543
16114 17654
3788 23338
3991 13406
8484 12164
11326 22160
5766 9927
5751 12689
12050 15893
6369 8245
9 5221
5173 9501
3887 8970
5708 6359
10063 17245
7878 17102
19486 20501
5224 15332
879 21939
13107 19190
10859 15614
7564 23730
11514 16579
1859 6077
11769 21272
10960 10982
13117 23061
10857 22662
1543 10243
269 14437
590 13913
10864 12084
12764 16489
4490 24247
7178 19863
507 18588
12420 20758
8324 22469
2761 21459
7632 20770
4329 20819
20147 22388
857 18392
4219 6013
511 10043
9164 23348
3790 14972
11411 15674
22065 22959
9110 16208
4193 5218
301 5826
15419 23962
1590 16693
9860 17083
3207 15090
987 18967
168 15269
1042 11046
15050 15547
4024 14948
3026 15891
5891 14184
11739 15489
1031 21541
3819 21072
10676 10795
11034 12283
9684 12342
16368 23928
3689 18486
8981 24360
4928 9170
5330 9825
5275 11460
11543 16385
14184 16510
6885 14015
12171 18463
567 21182
7169 17671
8948 14288
9780 21096
7224 10156
8142 18423
5298 24232
1294 13223
6175 19067
6163 15418
8699 18245
5564 21745
7852 22701
5300 11621
21145 21381
8567 13800
8207 21254
5552 13191
2726 21828
7445 20125
2321 6461
4849 23035
8946 18947
4039 16626
11309 15818
13342 16388
6259 23127
9945 17103
16654 24336
3273 6575
3835 10427
17308 24337
2627 15390
5390 20860
12525 21402
6537 10017
4879 20522
1164 20902
6217 9811
4540 13761
8603 14579
3749 20552
7333 18314
14069 16004
2236 13252
7500 17507
3133 23567
4098 17672
879 6106
5052 16194
12422 19305
10947 21998
13130 18955
19940 23919
1880 5098
9354 11608
8755 23897
7998 10576
8659 24172
5038 23635
12638 16746
11384 17122
1031 9320
21330 23280
2987 10157
6926 7573
5122 17785
3743 10697
8551 20752
1661 21851
15778 19149
4875 16576
13929 22952
5198 22086
501 7882
6309 20023
3243 7946
6489 23785
6581 23585
11561 17079
12698 21238
7817 22426
11730 20428
8237 20830
3298 7754
1272 6847
1820 18313
13586 20731
3563 17099
8119 20351
4065 6817
529 21521
9360 16979
14443 17892
7095 21781
3602 5000
9046 17351
253 16052
15411 18800
705 9170
3408 13072
112 20610
17891 19294
15037 16335
16670 17553
17451 20036
4260 6778
3669 15185
2265 12168
8715 22126
3148 6378
8355 9811
5820 9032
467 8100
3793 20844
14611 23889
5255 6916
10678 11340
16696 19455
14899 22519
261 19516
2556 4878
7872 18565
14726 21505
588 23440
6215 9146
4811 7558
2 18282
23544 23798
10897 12860
12513 16538
4192 8777
17652 21710
12848 23369
11982 22204
4860 8614
4416 16374
9525 10202
10743 19721
5382 18802
18 10607
3775 11245
3394 7587
18156 22738
5061 12758
2247 6993
21578 22655
1225 15078
6299 8676
4974 15364
3390 13041
2875 11156
10307 21283
4212 12863
4157 20175
1525 12217
10805 14506
6726 7333
13308 23561
2090 3095
13273 13765
1608 3249
3104 11391
73 4305
12580 22849
16218 17157
351 21563
6828 20583
11324 12580
12567 16766
15191 20871
9448 17282
5485 12271
18460 22316
8401 17554
10380 22243
10764 20933
10011 14351
2348 11587
15684 18925
12735 21355
3928 19976
4053 24320
768 3208
15249 18713
2925 11278
5142 23456
9241 16910
2955 3368
10675 20043
15032 23456
5508 15530
13814 24228
6171 10002
13287 24137
3438 13532
14282 22053
910 18942
476 2869
16567 24355
159 13848
11553 19530
9115 20773
14288 16325
12990 20856
5866 9464
5867 8284
4885 16052
8131 13745
679 17060
123 16160
958 3204
19836 20876
1019 14762
2934 5301
7992 12788
4718 17958
1989 8863
3004 22287
6796 19798
17988 20428
2577 8861
5695 18412
9137 22149
3345 15180
16056 21059
13630 23387
7078 16917
6815 20377
16255 23940
8110 20211
13959 18509
11141 18541
5624 6477
7400 9563
8347 20692
3691 20708
3289 15991
13812 20871
1782 18598
5350 15250
15509 20442
6357 24435
12887 22866
1032 21365
7248 21235
19726 20336
16594 21462
2149 8163
320 4064
13779 18661
10164 14612
1284 10188
1698 15580
75 16554
22820 24351
3884 11881
9343 13707
14991 17643
7484 12500
2774 17727
15298 19112
3778 12222
12107 13097
586 20380
8527 11129
6809 18347
6071 14811
17754 23237
6033 21640
8105 24265
19863 24227
3219 16165
18690 19324
18126 22056
2201 14358
12775 16502
13052 19265
2516 6402
2807 15309
22239 24440
11765 12220
13405 21766
14660 16653
10975 18380
5676 7705
6554 20902
8905 9456
1175 23832
1532 13971
19851 24350
17972 23779
11796 14448
1240 4156
3641 7242
6534 23111
5858 12393
11628 23095
4960 22276
4538 18028
806 22506
83 377
3255 20581
4426 9047
351 14215
17872 23577
3439 19197
20534 24072
13617 13940
6714 7383
5580 19880
2704 6535
6125 21012
8220 21410
1719 10862
17437 20254
18513 19690
9854 10301
12958 22342
7273 11210
2976 5067
12225 17532
10940 15867
9004 10672
14495 18558
693 12585
10487 18431
12325 19028
6866 13911
13549 20533
6780 23949
12118 23000
156 18431
15918 19721
5718 7292
7065 18303
23019 23407
3332 10850
470 1349
2474 19541
10318 21379
8799 20825
4282 16423
1595 11686
1257 2383
6576 15579
3871 13903
6197 23742
470 6508
12270 22318
4540 6656
13379 18366
3089 13110
16334 18798
7910 16219
9874 12034
325 7708
6064 12162
15736 23944
9925 20213
7840 12934
2343 23952
11229 16350
3212 3237
8061 22104
14024 24469
12879 19268
3618 8971
6022 20618
3334 6603
10851 10964
9482 19494
13882 15372
10250 23200
2207 21306
10581 18172
10384 14494
766 16288
2365 3117
576 4880
173 3120
7839 7851
2181 11580
13548 15668
16937 19790
10582 20688
18026 21022
5692 22533
9356 12130
11245 24428
10332 12506
15696 23723
4755 6466
7303 13454
855 10519
7392 18411
1879 5582
12220 14491
200 22742
127 9876
8086 16849
3516 3798
11293 15780
728 2885
2119 23960
341 5757
1862 11709
5353 22714
10828 20420
20726 22399
4481 21931
879 17218
2894 9798
19933 21523
3575 11478
7260 7948
12454 22284
6083 19697
11430 20825
12592 22628
10100 20750
711 7392
10868 15989
6771 17777
1816 16114
10273 21539
12751 19447
1323 11241
10384 12314
1759 23130
4065 7366
9729 17088
2015 11930
6540 16146
1690 24332
1504 6418
1036 15348
4818 22153
5231 16364
6365 12317
4909 21816
6366 14844
12311 23836
5745 10010
3633 18116
4550 11326
4700 6796
1350 22089
6448 7714
16399 23076
9859 20650
349 13689
19037 23578
6474 8682
837 1652
16795 17042
8594 12004
6144 6398
4294 22906
4824 13536
2607 19729
2917 22389
421 11667
9483 13155
3368 18947
6099 23407
18106 20999
12590 16104
6530 6643
334 6640
1195 24270
14663 16406
1215 1754
7907 16330
7788 12962
12005 16591
514 1787
3752 6123
244 18230
14716 18186
3054 21311
13717 16379
11263 15042
16165 19560
5149 12920
5203 21910
11749 16118
5102 18957
12193 17965
4024 17866
14131 24183
4713 14810
5166 11752
1749 13446
477 15281
1234 6873
10192 16471
3705 4767
503 12475
15983 17365
1940 3331
12601 12886
1071 4182
7067 23819
5767 14990
9111 13309
23059 23555
1983 20667
8490 18845
2566 14082
1428 14696
10587 21224
9384 15592
2877 24397
13606 16426
3633 7131
3395 12771
11942 14025
1959 4727
3248 14683
8396 8674
12272 22044
14883 18066
11340 21413
8174 12575
1480 12730
8962 17064
5341 22566
10256 24053
1690 1771
15521 16960
1257 16155
18624 24447
8830 17584
7545 7706
21501 23613
10814 12236
15416 21340
6762 9450
7547 17063
2109 5524
12512 16465
9132 16632
15022 19110
6198 12979
12394 17606
15104 15626
4266 9447
7579 7805
1027 6338
18015 23013
18158 22218
11221 14944
6181 19378
9543 9832
18447 24154
6231 7624
4983 16505
2285 3891
9530 13183
1603 3876
5312 22544
7607 18160
7620 9198
5035 6849
1125 2102
5969 17268
5047 7927
3789 7884
2801 3307
10480 21978
11969 17457
14725 22091
7668 17602
3489 14704
10224 13162
10301 21040
2028 23252
11658 22296
10939 22087
3863 4904
3008 15154
435 1285
3644 4073
4114 6017
13899 20524
1515 2589
2454 17199
11235 20685
18657 23578
10967 18689
19339 23566
3127 9497
1625 12904
4300 24427
6943 23148
313 13078
7059 11821
4149 13546
843 17001
8786 15674
12935 15465
6324 14814
676 21952
12975 20094
12397 15831
4768 22356
2269 12304
9525 10671
1044 11753
15624 21670
5503 10542
3770 13744
534 14762
2886 4327
1130 14415
4448 14295
22304 22359
5216 18931
10663 20593
17186 24227
1020 20756
17623 20649
2644 11957
5402 23292
720 16215
9522 11275
10055 11978
11425 18211
2222 15977
15725 16299
5795 16928
13212 19681
5799 21636
152 9951
8401 15402
4750 7495
16739 17040
14420 15124
3241 10566
12957 21498
1311 18857
11466 14535
7234 21647
11215 20382
3243 7951
4228 7407
9620 16048
7611 10868
5781 11478
7835 19031
14406 15682
11331 16746
418 2991
12087 18944
11881 21368
11060 16866
232 4652
10453 14325
10051 23422
4606 13370
14307 19340
11141 21702
524 10368
3593 7712
12459 19149
5059 17632
6538 21391
13377 18928
8248 22529
7298 15536
8146 10589
2635 12492
5227 18786
6326 11010
1573 2728
4510 19631
16485 20536
10707 21303
5019 21480
3681 5249
23214 23902
23373 23591
14775 19089
3704 18966
5866 9299
19015 19472
1606 9437
17575 23318
11786 14181
13103 21723
331 13987
4083 17088
5211 10170
6864 21010
5306 14798
1094 4606
7497 19817
8892 12716
7508 9703
1489 8509
2787 23133
5365 7343
15318 21691
2969 6107
7865 11515
6162 13333
13404 17800
7752 9890
7507 22044
10733 14767
13846 21113
3574 3693
5156 6052
7836 16625
483 21105
5354 13777
10148 13633
753 6930
19954 22307
9268 15306
10059 15462
14913 23172
2298 17541
16034 17269
9410 12827
9664 13258
7282 8977
9660 15890
8266 17375
12942 21024
12041 22847
3697 17486
551 20668
1470 7042
3991 6807
1861 3896
14301 14375
10949 10966
9320 9342
2807 24414
7558 24299
1626 12249
20722 23714
14324 19933
10964 12022
22828 24137
12654 23596
1467 17785
12388 17867
18381 21725
4609 24480
6759 9476
806 23080
8216 15202
3078 16844
18501 21627
1145 14400
1996 16602
17149 22446
7236 11770
4758 10944
7148 16355
21868 23798
6300 11136
8029 9387
23231 24370
9828 18733
4324 7924
10051 10098
3871 18651
17542 21684
11850 13047
11930 15597
4418 22642
9929 20640
8693 24070
3629 12359
2994 12112
6501 24389
5662 22068
4627 19815
18388 23687
414 10670
14529 22443
6895 21120
22218 23611
19762 22325
14292 15411
17716 22577
63 14849
3604 21522
2666 22218
6024 22838
14254 23949
14191 16280
1854 7115
3026 13356
4104 11236
5205 18878
4235 6541
9157 15950
8756 15288
5227 11647
10680 17467
12776 20432
10726 23670
8592 20288
198 20279
10860 16999
21179 21258
16382 22020
626 10258
3386 12970
9998 11216
10054 10979
2638 8814
14673 21491
2111 8675
13387 17364
9260 21396
3357 11921
19139 23186
2256 7322
9704 18702
6839 23700
7360 12692
10734 19216
154 16951
12688 24151
9464 20311
2398 14018
1358 20743
9577 22830
1828 3176
2193 20444
9916 15251
8264 23889
1899 16777
8051 14040
13799 15178
3278 6304
1671 9008
1700 7793
1842 14649
4002 23209
2448 8512
14708 19672
9273 18132
20335 21318
985 19532
21489 23738
13021 14125
13895 18808
7215 23828
4271 11749
7149 16864
6418 22883
10476 17222
13609 21784
6462 12165
9228 22613
4052 17735
20772 24387
1508 17486
4551 13782
7545 10698
9049 21662
6520 9029
4762 5222
6591 17991
14815 20301
2758 15573
12936 23342
4266 7514
10191 12615
6343 7636
9184 20775
7229 11226
10426 23041
961 5354
12818 19106
11290 12573
1824 6516
21455 21836
22629 23611
16136 19554
4450 12144
9219 18786
14847 23605
7071 13142
2544 10707
15932 22066
8591 12501
9677 21746
16705 19798
4649 16270
3097 3584
6168 7828
8827 9835
6441 23220
6663 8325
11957 18746
3597 12674
6354 20454
8713 18512
16813 23968
4253 23831
4897 7661
4701 5572
11577 12226
1157 9240
18544 24155
19523 22658
1326 9673
62 6064
6684 8862
15068 17834
1721 21530
1356 3175
10297 18008
9578 10298
2643 8184
11548 16108
591 17637
336 23394
15365 15976
2985 3902
1536 13407
4372 21173
1900 15474
7834 10706
14222 16993
783 18502
420 4441
4618 6623
6987 11119
6889 22691
7931 13738
526 3483
7068 16109
7000 14254
14495 19388
10932 13983
6410 22951
2841 16512
669 19174
8903 15979
13774 15394
4257 5329
2218 15982
426 18840
20131 20636
15898 21373
2803 4234
753 15444
1830 18426
102 9828
157 22064
4585 9656
5117 9259
2920 20847
3132 9491
10788 17380
3483 15233
9643 15325
10904 16674
6401 17283
11678 21761
1099 21937
2570 12613
3213 19673
3538 13641
8901 9580
5453 5707
17177 21133
4068 7615
18630 22069
11411 21215
11841 13915
12388 18680
6147 12292
19314 21719
1317 22163
5827 21067
10663 19667
20894 22813
6282 8750
4967 5025
4475 19432
9543 9706
5086 12079
476 1362
8184 23797
5860 24102
2020 4810
17251 21204
17048 18378
387 7998
6834 11594
10241 18230
22084 22858
1992 7650
526 18727
2282 19215
4527 12819
6508 12739
633 16795
12467 12509
9346 16530
295 18817
1894 9089
16346 21267
3535 12854
7575 17986
15926 18441
16430 18276
8654 20623
11271 20788
3583 17216
1788 10139
9707 12427
11137 21271
2617 4065
5381 23159
6567 15486
399 12801
6588 13622
5780 18112
21933 23977
4118 5455
2178 17852
11311 22378
6536 13784
7591 13533
172 16663
5010 10784
7229 10918
2888 24484
3414 13046
7502 21973
2224 6816
8861 11213
12497 17662
9990 12200
8472 21443
11561 22730
2506 14645
22564 23735
13837 23441
2377 10951
10591 12691
9472 19189
20083 20449
3870 4842
8343 21894
3270 4308
15459 20571
490 8114
1535 5857
11714 22946
11441 19195
2806 22402
1834 6565
9892 22570
16793 16981
2922 8299
2671 10041
17072 23200
1774 14467
4245 8863
22138 22471
12125 17677
10117 18806
5941 14122
7058 14885
8363 14971
8496 19035
12398 22309
9502 17423
12574 15495
4970 16423
8861 20472
6862 6868
3840 7263
19886 21366
11799 13824
11599 11604
7302 11663
1905 18246
11878 16586
18972 23760
12222 23375
175 7904
4713 11224
614 6395
4873 17476
4823 17244
1585 13518
11906 18481
1030 22639
4821 16189
14892 21466
11742 22576
7944 16837
10666 19580
4732 10103
12816 14448
7592 18048
3241 21966
11480 21614
12165 24135
478 16082
13792 13854
15911 20716
13293 17982
12979 22120
1388 14663
13191 16596
15486 16221
1632 20942
13521 13791
7927 10313
7524 24047
7391 9430
5682 23809
13859 20626
8880 17220
6747 10802
4680 8776
15819 15914
2153 6669
5020 22794
4074 6696
193 22492
3798 15039
2670 17839
2281 6529
8078 17205
1585 19198
11666 21233
5955 8838
2253 19081
2224 18356
15586 16925
4421 23256
15433 23337
13872 18405
3748 14239
7760 14684
13940 20672
2128 17208
15221 15384
7566 21659
20945 23864
9403 12661
12015 18040
3744 7589
418 10642
3220 21283
3884 9945
579 8700
3927 16193
15514 16665
423 24419
65 22943
15705 16298
305 2836
11059 23178
794 23674
7934 8715
8916 16111
18050 18617
2340 22101
6331 11758
2158 5263
928 17254
4830 16507
7396 9491
8281 12606
13457 14359
15115 21142
7161 17877
13856 15619
12997 23926
18822 19631
12105 13545
5679 10993
17159 24466
13676 20707
2926 15821
17133 18747
3842 9989
1175 18012
12224 18282
17176 23864
13900 19295
357 7888
2004 10868
3156 17315
12290 23587
16007 16636
6589 11722
20656 21735
9105 22624
4478 15851
2236 14098
689 999
2845 16462
7851 23234
1205 15587
1073 21778
7439 13818
5877 18398
6168 9010
6902 14913
11009 21588
17508 17563
4605 5145
8925 15767
3338 7855
10236 15671
5727 8793
3470 22827
1808 4124
22574 23190
1084 4775
17693 20314
350 17284
8348 15249
19391 21243
875 17428
13573 16605
10406 16782
327 8674
8958 13510
4254 21950
16796 20433
1069 6270
15383 23717
5848 15982
18160 20405
6148 7011
7539 13419
8926 18759
13009 16724
16565 16965
508 19327
9072 17376
3740 19247
7637 20000
15372 16324
2883 18879
12794 24427
1468 22371
1865 21338
4707 5496
10119 15800
1818 22780
1625 16543
4295 19625
5709 18266
5306 6136
1725 23458
4543 23596
11352 16241
2347 3049
6272 22650
20183 20764
618 1441
4605 5573
5967 23267
3607 9866
10759 11384
18912 20127
1998 11701
6603 19572
5215 15646
10291 16853
2667 14476
12031 19007
172 18155
12013 15414
18674 23007
5056 12141
3856 11186
22284 22585
13607 20184
14348 23866
12207 23372
2357 21598
16774 17067
5976 18095
2811 19408
7160 10006
23983 24481
6209 12801
6860 20501
4905 7934
10240 18979
5173 5659
6302 17548
6564 10200
4857 17904
5623 6279
8932 9282
1534 3882
633 3771
717 12228
1903 20153
10259 13057
16222 24005
6981 8280
11562 21108
2830 20814
2610 19264
16570 21730
3788 24080
13214 17516
2760 8839
17867 19276
13075 21158
2137 12552
15053 21222
7073 24419
2920 20708
1265 15586
19961 22447
5208 20257
3163 11507
16317 22913
629 15995
590 3809
4636 21797
10541 23177
18878 21276
8465 21427
369 22725
11723 19503
11473 20906
7065 10045
1151 20534
9503 14432
17708 22436
6243 6254
368 10655
2761 15179
117 4051
15511 22078
2269 7380
6481 13450
6743 14397
386 13488
11956 16827
5813 13986
14009 17498
4415 17325
3472 13722
2398 3027
1363 12858
13453 20980
638 19744
10359 17742
14096 22406
3272 5951
2439 21933
5374 12610
3440 15379
321 4895
1690 5390
4398 5917
406 5967
8164 20769
8865 24161
2088 12900
5389 11075
9395 12130
1814 22498
8651 24441
5700 8896
14561 24201
8874 22156
7951 24250
16245 23896
8548 8706
14708 15513
14918 17931
11059 19751
1035 8135
4355 7286
1118 6420
14171 19681
3848 12983
2729 17237
9379 10692
2204 7673
9766 19544
7241 8525
5641 11342
2793 16823
16302 20066
4850 13664
1252 5872
5079 21050
6728 12870
6972 16863
2711 17056
3583 16373
4191 17161
1496 14794
8592 20471
7871 11688
4146 8271
6211 13516
1662 18663
9198 16822
25 3563
13562 21349
10819 15574
4352 23346
632 23793
7681 7967
3565 4367
8695 17727
21757 23727
997 8703
12371 23527
14843 15462
10614 17716
21184 22317
587 24039
18422 23568
7851 17864
2206 3796
6885 23172
4159 23311
22950 23994
2366 19953
7695 22285
3902 13314
4685 5190
10802 12333
10365 14236
239 1663
4737 11157
7727 9987
2203 15306
5121 23271
4222 10555
4956 24373
2096 22799
8751 15340
16962 20731
18569 22902
1371 11350
6833 10568
10195 14953
13049 17968
1328 17727
159 21754
10823 11182
14448 21785
15542 19092
4273 14923
1150 24327
3640 12744
13527 23340
8471 18939
811 13993
13053 14938
15299 20097
5511 10138
4698 18444
985 11155
4626 10667
9641 15666
10151 13457
19768 23211
4762 10081
14413 17930
1082 18287
10671 13243
10538 21547
5860 20316
2537 14863
3025 15787
20020 22521
9901 14627
11503 22598
19821 19888
4548 9574
1355 18450
9300 11777
2531 9690
10654 11642
16887 20039
3486 13337
4090 20234
3718 23245
10103 23766
12708 17632
11834 19384
8067 9776
10709 19895
6096 8015
920 5527
12917 18422
4607 16082
3167 11271
22892 24436
10226 18803
7650 18490
13310 24377
1873 12694
13894 20019
17483 20257
3496 15491
4395 6579
14010 22556
1432 22048
6416 10850
10509 10761
3048 12868
20564 22312
12564 23490
8565 13511
3532 13122
2860 23677
3723 14127
15052 17105
2227 3256
1593 6153
1068 16239
11753 15634
7414 14828
18170 22043
16984 23637
2986 6387
1842 14538
14446 22947
4432 12313
15580 24418
4695 23614
3125 16369
2709 17536
8276 19973
14850 15379
1289 17142
2914 12114
542 7022
103 15460
5026 18993
951 2167
9382 15753
1852 22327
10061 15964
1598 11710
8976 13726
4964 20846
4051 14633
15308 21627
12322 18581
10904 13274
15952 21183
17978 22383
353 22534
5541 17224
1343 8112
567 12827
19157 19866
1709 14358
12271 16054
4667 18488
202 19670
10274 21073
3186 13725
5974 14990
6547 16212
10236 10621
23299 23509
887 2304
10421 24260
14420 20745
9911 11505
1977 10697
16833 17589
10668 18314
670 15943
5824 7489
3939 10022
1358 19007
2998 19046
16472 16904
20840 22066
3279 3349
486 1268
2769 24455
4775 14895
236 17422
17547 19302
10453 18383
4770 12471
7960 19448
9410 17514
1111 1798
8041 11690
12090 13267
16441 18090
8437 18060
3542 6180
3907 11547
6694 12144
17411 18613
11721 23924
3824 6491
6461 16320
2761 22987
11895 16028
14783 21298
7102 19075
2505 17903
6977 24392
3076 18146
7585 16361
2224 3869
5600 17011
707 7510
270 3565
6797 19304
8305 19801
14926 20909
8457 17689
15182 21796
20626 24371
9509 19350
5704 21703
8026 11621
14213 18957
12690 17473
8059 16142
12432 17123
13113 18131
18521 23073
15384 21023
1060 9359
7550 21437
2484 17324
13874 23504
15327 22289
9285 14943
3091 23161
7192 10756
11095 22718
2415 16887
3185 15729
1734 22370
18336 20154
2696 16244
4374 11713
11308 17162
5167 8878
2244 16907
589 22499
12580 24083
7702 7716
6321 9078
13924 23289
8207 13064
1468 19117
19439 22469
22295 24044
841 21263
8401 22007
5972 22431
13289 16210
10064 13584
6492 12861
1612 16577
662 18358
5722 10377
19092 19129
13779 21205
1792 16397
14922 19289
1729 22920
3176 8969
16903 22627
15657 20903
13836 18787
6734 12626
248 19600
8243 23214
967 13319
8567 18268
5820 23068
9752 16278
5391 20041
2909 18754
130 14092
5207 10336
19374 22117
10844 12246
3842 9643
19653 22263
3449 15959
2977 16326
6025 20204
1843 21957
13722 17744
2274 5166
2489 18864
3327 17917
9135 17254
1273 7586
6341 22787
915 18857
15751 16966
3925 19453
8540 11428
4149 4179
20804 21222
134 11722
14976 18224
5614 9343
17095 20146
2065 3405
6207 13689
24140 24429
15363 17777
1114 12492
570 6784
759 24234
12675 18658
15011 15430
13378 22814
1980 19482
3778 10587
23235 24460
4166 10777
2152 13135
1756 9438
22325 23575
10456 19076
6051 23647
2592 12349
379 21137
12549 12820
12317 13405
1770 20783
10534 22121
18581 23012
7443 18991
23252 23523
6441 6733
9588 11559
7677 17727
20848 21421
8514 17469
5952 9330
119 6880
3966 8086
4469 20174
4434 21945
17033 19266
10181 20742
19349 22595
5364 12560
20290 21666
20032 23188
14480 22517
15310 23988
2808 5709
7543 15511
21652 23876
10499 10746
12926 18229
3792 24075
1424 7693
7731 9290
1889 22247
9161 10002
6844 13423
9475 23468
13962 16659
6712 13985
10483 21304
10916 17428
1208 3979
12036 22174
12954 14478
7312 11819
1379 20263
9439 19132
8166 20878
16344 21286
11223 23057
7591 21211
686 6429
854 21518
3780 14127
5383 5924
11087 20221
11648 24203
13187 20254
9186 14917
7213 9774
475 14930
12186 14446
5472 20778
6618 13402
2188 23154
18090 23338
17594 18853
7563 16215
13546 17526
5549 5848
1407 6624
8695 9362
4538 22254
4317 20291
415 7073
6773 12064
5161 16054
4197 17832
8338 10124
8302 19340
87 20054
163 8517
1650 2907
4946 11132
6255 24419
17296 17732
13637 16078
4571 14736
12201 15181
18532 22956
540 24366
12654 18590
3015 5210
4190 20338
6880 14401
10984 11121
18474 23997
8981 10969
15934 20058
9157 20519
14261 14976
5450 9856
1378 12855
8419 12405
6774 8561
29 5769
10087 18830
775 24449
2030 17608
9241 23387
16198 18375
18573 23385
10293 14324
5656 11801
1480 12509
4526 10452
9923 16830
4309 23834
5291 19324
19683 21695
14153 16150
2028 10623
9422 13763
4916 19675
488 20958
14140 20719
2048 20460
4528 11845
7969 8900
3842 13336
13437 19649
14212 17068
934 24458
16518 21015
5299 10648
827 5990
16189 23983
922 18265
1924 4708
2012 15897
2679 4259
3026 16855
245 2733
6478 11522
13999 14658
10258 17295
3360 10033
4134 5783
7318 10046
20201 23938
1141 19088
6597 22489
11858 13169
17054 19457
11405 19382
5774 7099
2609 7671
4107 13174
533 8398
5188 17907
906 21298
4237 7660
11744 17644
18942 19901
5108 23004
10756 22747
946 23572
88 7342
6853 21252
18267 22277
20049 24072
785 18786
3155 17266
4566 22695
17722 18288
3634 12884
2902 12555
7511 22650
1288 10349
10609 15228
7101 12098
12951 24245
4784 23880
635 9493
6054 19256
8919 23161
12087 13825
6505 23453
323 9980
13547 14052
20966 22220
9950 17271
20744 22517
6638 8618
5819 18271
9297 23409
14217 22020
12415 14572
6554 15445
1249 17128
4306 6197
3558 11459
7200 13493
9898 13582
5680 19719
10728 10741
18464 20140
7268 8198
17574 19835
13547 15532
4427 14980
10588 15804
17731 20628
15263 19768
11263 19354
811 2468
14111 16045
2283 7048
3803 6412
16479 19716
11841 21749
1450 13041
3643 22965
1969 10009
10814 24489
14125 21312
10774 12369
3214 9738
5171 13271
2070 7759
7752 18002
11096 22373
10118 23126
19009 24126
22497 24216
19107 20105
12401 15444
14997 15324
2129 15816
16349 18655
3790 21988
605 11986
7414 16778
5663 23128
10923 20410
8645 12373
6455 11924
12449 12826
6291 22984
5298 23746
2190 21011
18460 22908
1428 21444
5746 20818
14417 22627
4954 14179
8668 22085
11634 18633
4843 11590
1663 17832
4412 5223
2474 18150
23283 24034
21354 21389
581 6047
1470 2837
6985 7418
14424 15233
9489 13370
13206 22514
851 21657
11956 23582
2146 11139
5703 11911
15013 19672
9585 20030
6404 12566
2836 15357
15077 16492
15752 23397
7214 8701
7947 14660
932 4241
774 22495
11307 16687
14797 23483
16441 23143
4021 22141
10088 11318
1775 8372
5585 7608
3041 8538
6374 20274
576 16742
1948 4381
16806 23111
11679 23120
5969 23105
17862 20790
326 5249
11428 15884
10262 14398
3171 19490
13032 21771
1675 17472
17509 22801
13111 14945
7282 21786
11930 24396
9474 23267
5677 20907
2024 6135
21417 24472
14854 21120
96 6332
10750 15707
16765 23706
5582 14195
16922 17399
7266 12248
739 945
2141 21945
7443 17797
8988 17646
17852 23901
2771 2916
5530 20938
18778 23668
14856 22841
1728 6433
2872 14762
18465 19551
7560 7579
13743 14932
9885 10149
6473 18159
1653 23360
14526 18189
1803 20857
15747 23186
5692 16808
3162 10245
15943 20059
13087 19352
3071 15270
4735 15020
2405 12476
12842 20675
4353 16645
3684 15015
882 20983
1823 7336
12225 12659
10285 22069
13606 21541
17445 21057
7144 22481
12485 19393
16285 18557
406 1087
9455 22498
6211 16360
13076 20266
3036 23858
11291 16920
6103 16616
9078 22194
15537 16512
1698 8846
2486 18188
9764 12467
1189 24092
4552 11725
6390 12236
4455 21682
5831 13301
3215 7594
1593 23355
7982 17642
5575 17409
2763 10438
17312 19997
16919 23510
12241 16475
4387 7927
1196 12177
2225 5491
2724 17641
3112 8660
4081 13533
2697 11516
12265 15020
6390 14855
780 6716
388 16463
9284 16882
6004 20358
3389 13909
6278 18746
20518 20749
12062 17397
284 9242
7344 10584
5028 23436
10023 22130
17069 21638
4422 8108
10942 20046
7098 16992
8189 21352
2762 2808
8497 15337
6130 7109
2513 16896
13417 22930
21558 22746
225 14306
3419 19029
14183 16287
7767 14866
6263 24175
4193 19333
12327 16668
11207 16058
17409 22854
8055 9923
828 14159
9042 17522
3662 5025
14924 18819
2386 12556
4374 5301
617 13214
8495 10744
23328 23625
9786 22461
15372 22469
14038 15610
14465 15241
5687 10496
12686 24003
10410 14013
10657 12527
550 13938
3359 10350
3459 3782
5430 7903
4129 19435
13294 21908
2630 18361
18776 21479
8136 19466
5673 8642
11834 18466
2475 11429
17127 17975
9608 20678
8138 12041
3489 3625
5197 9107
7547 10961
12524 15640
1707 21220
7020 21134
3979 22052
5750 15080
10402 23505
3379 15001
17901 22849
2979 24222
2939 14326
10470 17819
16528 21212
5779 15558
11664 19859
8489 16266
15512 23103
2263 16746
16011 22905
8617 17622
20440 24182
10237 23840
772 19705
1586 21170
14577 17986
8629 10985
18417 20206
6612 21323
10110 19158
21126 23998
8032 14935
6927 16271
5851 12889
14233 17446
71 23716
2037 3880
6381 11871
1405 16609
8767 19805
4330 20365
1166 8452
8423 11285
3369 14365
697 3623
6525 8646
13057 17311
2258 16133
3443 19945
5572 15487
20298 22424
22502 22517
3224 9504
5458 6255
4312 21043
8925 11620
3915 10112
4338 10922
3832 16575
1627 19055
2696 19153
5023 23762
11970 21649
11954 13885
15060 17426
10990 22241
22456 24214
1818 5579
2373 22580
12589 18935
7208 15794
6059 14608
6750 22416
10604 17107
913 23345
9364 13933
5798 20483
116 23979
7854 18593
13071 20218
20424 23626
1700 4424
2843 15162
4721 20272
9783 10303
9040 13388
8845 10111
5582 6220
1311 11051
2335 3748
445 6571
7610 21107
7271 9102
8378 13426
3680 11241
4315 22519
11073 20755
14628 15936
2563 20461
393 8751
2419 16173
5346 18773
13445 15645
14644 21870
11521 16146
11690 24107
783 23774
3706 12028
11293 21837
14057 16752
3664 22100
3738 19117
2370 3748
4699 17152
11601 17866
5901 23935
10649 19596
6305 20391
14372 18780
4902 15105
12361 19444
13960 13991
2739 12516
12548 15788
14867 22222
6659 21375
4806 14765
12133 23912
10585 22542
94 17036
10042 11082
9029 12744
13602 13931
17005 17936
14389 18790
8917 16708
13225 16959
1941 5991
11577 22739
16029 22476
19291 22773
5766 16837
16740 22647
9615 22404
9167 20954
761 15118
799 5534
4606 23136
1511 15748
8239 12385
16220 18400
2967 17446
741 16365
5666 7214
5194 7845
10905 21659
14307 23499
7175 8788
6572 7406
3679 17446
16427 18966
10801 11907
3688 18747
16081 23288
1406 17032
3493 13897
1090 8431
12164 24444
12895 14638
11160 21354
4966 20564
10610 15126
781 21270
5885 14691
14751 19800
8228 21204
18856 20890
6339 18973
3998 21311
1764 15681
1031 13649
8052 8157
1822 7651
4109 11082
456 6947
3976 11980
3563 10835
14853 15028
788 19384
2137 18661
7192 14996
14044 14736
1106 3256
2453 14963
9683 11330
781 15154
4264 20196
15480 23462
16334 18717
2810 24205
17194 20481
15410 19024
3149 15551
671 9223
9366 12361
13181 18176
413 5483
17214 19340
10858 13200
4671 4876
1824 9590
15071 21401
13919 17421
9164 23675
4531 6731
4652 6187
8067 20052
13519 15438
7703 22494
13394 18854
10180 18129
13137 19184
19 21963
7006 22445
7507 20844
20487 21428
16700 17155
8051 20738
9497 11979
3899 21155
5955 17998
7208 10064
6434 19042
10146 19450
1410 24130
10903 19900
10469 15620
15245 24038
10391 22276
3242 6193
8368 19244
6108 17694
12585 15606
2451 18051
3111 9102
6677 11938
11903 14901
6802 11364
18376 20366
7605 22845
15963 19740
282 3697
4048 8239
11843 13563
15178 16067
16519 19463
5126 24214
2306 9605
2366 18142
2683 5995
2423 14988
12310 22491
2886 20527
1898 18778
16324 18003
1825 6064
6648 17635
531 18654
2048 15074
11597 16883
14411 16377
6314 6413
3275 7840
13988 16365
340 2436
3475 15799
11033 15889
16949 18139
16414 24003
6774 9543
6187 11747
12234 15533
569 18801
15431 20106
4855 12154
4825 14008
7705 18399
11228 24212
4696 15587
1537 16755
14425 17162
285 12764
12276 17036
4554 6726
3427 21187
20349 21044
2160 2811
12690 19905
10829 20838
12265 19319
12608 15799
2919 20299
4951 19227
16246 20645
4840 18172
2766 16614
9939 17647
11366 23600
9605 20434
20074 24131
10780 17681
5279 7028
15051 16190
14802 20306
8673 12876
9186 18473
13406 22975
7736 19488
11114 23369
11370 14251
34 10635
9357 19006
19468 24125
12391 23090
9000 12091
10484 23529
15400 20542
12144 17661
3943 6267
5149 15530
9767 11081
12472 12860
16008 20842
16508 17862
7427 10599
1958 16457
3310 14070
2444 16200
5826 11048
14088 19043
4287 6364
112 16680
8151 18399
7604 14229
8495 13901
15398 19578
4195 11385
10750 11289
444 717
6280 12006
950 7120
4077 7669
15451 17701
19580 21028
2215 12851
669 4862
9291 20924
5512 19061
18092 19621
11430 14702
2166 14263
5596 13773
14457 21310
4217 15042
11152 14612
19631 24455
16916 17049
5240 20985
5110 21503
3176 21193
4468 6889
9667 20026
10926 14652
4036 14165
9696 9789
687 4159
4884 7610
21797 22778
10669 21133
3485 15175
16442 22594
1918 12495
10846 23086
11001 17921
6723 21774
19171 19512
4167 23642
7299 12926
929 1207
14270 17349
9028 11422
11436 14696
8708 20373
6143 6825
17740 22041
2332 3050
7837 9632
22683 23139
6207 14588
6466 13522
141 20757
23090 24346
8998 19552
2395 9856
8255 19525
9280 16540
9889 18382
17889 21038
5847 12343
5184 13592
14416 16343
15101 20218
1789 24096
4879 14288
2035 9453
12324 23736
1333 3167
9094 13795
11016 17712
14177 23792
9845 13739
19862 23637
8367 19747
921 2651
8188 9031
6143 15144
12112 13521
4349 22369
19178 20340
2959 22909
457 12853
18380 20214
8355 8365
20915 22545
3922 7076
14997 15415
1737 12370
4160 14317
14882 18964
17138 20136
9204 22700
15877 17368
532 21387
3846 5209
5842 17003
6300 12891
8874 18264
486 16180
23539 24118
19663 21863
4071 7354
5195 18040
4911 9772
2737 10675
5738 16207
18261 22491
10141 10401
2069 21288
66 11956
12268 23939
2115 10980
1150 9778
5535 9047
17441 19320
21452 21838
364 4467
2962 12893
17670 21046
7229 8714
936 5906
17208 20811
5899 18605
3327 14463
4429 18438
22127 22799
575 21841
3685 21538
6544 10408
7393 11832
4119 5697
235 21910
1107 22820
2736 16172
10832 15447
10737 12773
4368 10324
89 8812
7506 12084
3659 7482
5022 18519
1767 24003
388 19821
6901 20681
482 10186
8874 23056
8828 11391
348 13451
3046 10899
3638 21031
4382 13832
2076 7840
7353 20091
6870 13908
157 18228
4514 13442
17341 22173
19251 23607
11529 18830
5059 13390
9613 15257
4360 19347
6912 14009
284 9686
941 8996
9493 17164
7253 20233
5890 9635
1954 16587
9032 9258
12671 23395
15667 17051
3927 17373
6773 18207
10351 22363
4436 18001
405 5388
10427 21092
17955 19133
13367 20465
12159 24159
13598 18393
3333 8008
10200 21239
8276 21676
16431 20879
3513 18998
4777 19195
14318 20057
20290 23211
1127 6675
16309 18979
1109 19176
23380 24472
7447 15578
7123 21927
444 9346
21536 24250
2020 11508
3686 12842
7440 10498
17792 19996
17114 23681
17334 22920
192 3816
15270 23594
3701 10125
10066 15804
3186 8697
7153 16810
553 17112
7470 7877
6060 18146
4471 15182
1381 17000
3646 22181
10337 11236
22213 24010
3409 9643
2941 19317
20146 22694
15995 17635
17525 21266
7328 24332
3213 17815
1455 14288
3968 14113
4787 12062
6507 13870
18218 23203
13160 13952
2065 5726
953 7915
7427 11092
10691 14621
16363 20633
1839 18615
3950 12186
20587 24044
3473 13920
4454 19837
17130 18760
1579 9099
3850 8322
5862 21688
13874 19776
2124 11724
418 18110
5929 15462
19500 20067
4269 7776
8281 10578
1514 19875
3257 8936
16037 20181
15484 24219
11166 12202
19087 20229
8930 18119
8601 14552
17644 22389
15049 17406
16388 20579
8656 14189
3501 24221
1623 6420
2295 9346
9681 12328
22162 24431
17108 19114
11385 19871
15810 18090
15003 19776
6165 20042
14203 20792
953 15109
9653 11252
2826 16614
9800 18707
12651 18576
7043 10535
8439 10538
18807 19904
2798 15753
1128 17643
196 12743
3430 18470
5587 12590
3941 10786
14699 20324
16077 23869
2941 16233
10135 22232
16597 18341
15941 21833
19785 24016
11218 24473
10191 22995
20454 21788
4105 16743
6317 15401
11286 19005
1558 14048
22461 24280
664 6835
12289 21383
829 19906
11652 18030
18358 21249
14053 18225
2778 16625
8572 9382
4060 8139
8362 9057
1264 19147
10034 19916
20949 22673
8062 9626
1265 9317
18225 23787
3279 4001
7149 21982
8742 23844
18083 24474
6322 20997
3720 12506
8677 15989
12079 16393
4717 6933
6487 17678
4455 21185
10176 10506
6641 18659
1892 10275
544 3175
3210 14021
3939 5247
12597 21245
2053 8080
18289 21623
2058 19717
960 8333
16329 17067
17187 22033
1066 12247
6830 11053
19863 23856
41 6842
721 21122
17040 17783
2490 19958
9331 12698
13695 21771
8075 9698
3529 16106
8450 8686
6401 16010
4142 8588
9403 21771
10932 15124
3175 9077
10474 11254
720 22662
1849 5810
9778 19080
2248 2808
9623 15348
6044 22056
1786 4669
3439 13831
7649 23765
18843 22396
12463 20659
10470 19355
11223 15723
2300 3608
6035 22175
13821 23903
1077 5100
17955 20315
10591 21630
12355 17192
14950 15232
2022 16009
2160 21955
3356 8676
13323 16954
1779 11699
3553 6304
2239 4475
5355 17946
10049 12050
8572 12119
1835 15177
568 12203
26 18033
10118 21393
13029 16109
2244 5242
2321 21495
6876 12769
10553 12009
21094 23714
1196 18816
2103 3593
10960 14958
2631 18906
7309 16615
5575 13861
12950 13218
4570 5054
7612 19194
8348 21357
3277 24016
12853 16516
9172 15176
10889 12653
1102 10260
17545 18486
3084 13538
7111 19290
506 1047
16978 17881
9143 9795
2174 12712
1733 19809
3221 10054
5980 16890
1027 4162
4096 11578
6338 21725
11926 15826
159 13305
18919 23710
10676 15486
22885 24222
5725 7337
2546 23062
12642 15276
3194 10465
13096 17562
14032 23848
5363 12520
1106 9325
9255 21636
1895 22504
16132 24323
616 7493
7151 13774
513 6437
14185 23922
15112 16052
16902 18831
16820 16887
220 20223
5071 19598
9137 14867
4138 7262
6086 14540
9360 17542
4865 7935
4609 9841
6337 13115
4467 11386
2871 7556
1545 19479
224 6284
815 15779
4658 22876
17860 18635
5961 8202
17189 21179
2024 10319
12433 23915
13375 17601
15651 18568
4174 10173
4632 15988
13493 15562
1651 12898
2179 8920
4105 14907
4840 16781
22074 23736
15619 20904
807 16080
3531 10449
10951 13026
13350 16277
4490 11295
15040 21857
8774 19467
124 16172
1707 9405
18082 22900
8062 14075
8442 14905
5061 5428
14655 23217
3335 5712
11119 21768
2799 14064
5460 8203
9071 22119
17351 18454
13214 20223
7671 22218
2675 3085
3582 5073
3988 11745
211 1710
9427 23839
17468 20051
4603 19827
7100 11098
12171 15456
820 22354
7918 16786
4374 20479
5436 18088
6522 9148
2833 16448
6097 21849
6101 18088
8165 22313
16886 19548
22052 23876
17984 24102
1111 14100
9393 18545
5181 11704
2777 16859
12998 16126
6974 8104
8221 11532
3390 8107
7606 22711
6898 18412
1539 23758
20646 21204
13307 15599
6285 21761
8459 9613
3438 20962
6191 20161
14224 17010
1054 18236
3323 24242
4983 9394
8187 14417
18190 21013
14186 23257
17417 19092
10277 13280
3015 11123
2841 12720
10548 17799
10566 11329
1421 15698
17517 18053
10607 20138
329 8716
16251 23998
13195 15148
5126 10409
9056 15554
17980 22364
5014 10844
7025 22254
4137 17686
6238 19366
2797 5570
446 23638
1451 15811
6706 23337
7210 7296
619 9356
640 12859
5326 9717
11120 24317
8931 14385
14699 18424
20137 22695
3395 23862
7802 19525
1347 9572
11955 18259
6008 8665
7665 17050
1715 7079
4884 7333
20150 23198
6850 15344
8386 23530
12812 13448
4502 18413
3199 9494
6406 20434
8172 11796
4758 14155
448 23870
3023 20445
11947 21784
5204 24125
4784 11123
2197 6730
12632 14594
4138 9905
19433 22628
644 12640
6445 6742
11743 20738
11498 23714
9923 11112
12885 13370
17135 20195
22045 23704
17358 23738
1511 12461
17388 23936
9831 14171
10286 24059
19983 20749
17780 22011
12433 19544
16050 19178
19834 20071
889 14995
18793 21323
3834 10235
7405 14008
13383 21208
11048 22987
18383 22907
9179 24397
9990 18921
998 5035
16364 22753
3920 9510
4736 10837
1716 2827
15197 18131
15527 19093
4204 4563
2637 11195
5978 6375
4968 18756
17267 19403
17825 18589
3174 24426
9911 13064
2473 7232
7598 13583
8644 24036
12020 15502
15272 16266
326 14679
12304 22062
716 8777
8369 23930
10910 12864
17706 19748
8084 18974
3055 14495
206 20380
1623 21252
977 11046
15578 23986
1822 15655
1127 14321
13875 19710
3023 9688
23571 23812
9610 17449
10304 22920
8116 21528
10916 12025
11066 12496
13062 21176
2270 2329
12624 16550
7746 20136
4521 14413
17047 23352
825 10737
2134 4663
12455 14045
4648 24456
13176 20626
8754 19292
17972 22923
11326 12065
12674 15116
69 12890
10342 21394
4284 17114
11334 11494
4929 5245
14026 23848
6330 11600
15882 21873
15329 18175
11983 17501
1499 19368
237 17366
1451 19879
11197 17667
5827 17376
6123 17385
7531 23032
12391 16628
3277 18139
9994 13003
6862 10478
20473 20651
1155 10616
21440 23629
8473 22502
104 5855
581 15868
9855 16577
6558 6751
9524 16498
17377 23057
5392 18204
20469 24062
16190 17272
21553 23030
10428 20213
15023 18779
6743 11651
595 2513
2063 19167
10107 21854
291 20583
2165 17524
15882 16115
4408 17994
7713 18542
12022 20323
819 2272
9904 23367
4506 23212
5649 15635
12466 15472
4249 20089
17502 24223
3412 3571
8240 13479
9329 16257
2184 11468
4294 6799
5457 16478
5753 12675
11377 15400
890 14302
327 8572
7171 24308
6194 6599
11262 13646
4452 14426
1642 23602
2544 14934
12890 22332
960 15570
17514 24086
15561 16543
683 11468
9106 10937
8452 14684
2501 24454
15979 19796
5520 24318
16253 19580
3368 5243
2113 7565
5533 12846
2092 3264
17334 20439
4296 8125
2538 5050
9275 12554
269 9259
15785 16114
1012 9342
8116 15173
295 23610
6607 14735
8284 9641
18961 21473
9793 21107
15479 19356
16418 19421
7701 8249
4375 22851
19426 22182
3764 23052
561 13994
1270 18798
2711 4757
12244 13941
19408 21318
4179 10930
1130 21935
15874 19465
352 7857
4173 20869
12089 20312
69 16795
8137 15304
7759 17313
5411 10061
16102 21979
6435 20468
5750 9143
2635 18724
7123 15426
1526 4396
2170 21030
791 2896
4533 8599
12792 14234
6875 20639
220 10865
9685 22161
4859 15431
5210 12107
303 12301
4928 15455
1957 10887
2461 23571
7486 15920
7129 14414
5945 11158
7495 12654
3719 15546
8862 21863
13603 18589
14342 23122
11151 12195
2582 17232
1471 8894
3218 13737
9209 18515
12773 18475
13173 21194
16280 24320
4848 13358
13693 23415
17275 23113
20320 22245
9231 19660
7642 12813
3351 23785
596 8559
525 4594
18910 24170
1662 15442
1171 20332
1044 21819
6369 8274
7658 10228
5086 18443
12024 17007
12704 15786
6257 18724
878 12826
3077 24027
6645 18763
10121 13935
8150 20179
7560 17301
2295 2506
18584 22304
2946 12617
14379 15555
16135 22256
19048 22219
13144 20760
12715 13869
9696 16704
21122 24078
9629 20425
8715 12951
4886 8879
11506 19409
3636 21802
15717 22796
15776 22403
17849 20641
16971 18346
835 13072
15205 18960
4644 16173
3500 8334
2794 4227
8876 20295
15899 17083
5276 17485
325 22609
16041 17524
7597 21505
13898 15428
12799 19528
6976 17477
8394 14871
3836 19658
3304 18054
4433 18112
14601 17642
10050 23234
15114 22406
21437 22286
9920 22343
3499 8373
11956 13995
10308 24115
5208 14505
581 17769
5911 19015
2374 6572
1523 23309
22456 23376
2454 2891
3486 18682
4127 17061
665 2355
5988 19788
2582 8845
2714 14793
17028 22746
14258 17253
5789 5907
18260 23473
851 1072
6695 23505
11435 22768
6071 15494
10331 12112
9366 20048
19258 21378
682 20006
8087 14593
15369 17349
1129 22333
3225 18361
909 24023
1823 14906
923 22961
13606 16772
2104 21468
5625 10660
15925 20379
3406 24264
4327 21209
4625 21989
15315 21489
7917 17955
10688 20888
1274 9109
3039 7170
13286 21052
2388 22793
581 3101
12260 16398
443 6070
8294 24261
8386 21382
7502 12330
9438 15226
15655 20936
16468 20394
5045 16287
4411 14774
10446 21689
2069 3473
1417 3694
8403 12482
7874 13114
7731 18838
8743 22811
11723 21392
20621 23143
6955 14987
6573 14291
15240 18671
275 11513
17449 20170
2120 3558
6826 7345
3626 12028
12513 18073
4423 10109
899 1001
9176 13899
8245 19100
8146 8592
18087 23992
10940 13230
9865 11667
9449 18011
4227 12624
7033 17417
1676 2581
6222 11894
4097 18328
11400 20981
17805 22554
547 19407
833 10850
2821 18583
7794 23234
12564 20171
6747 14903
19183 21496
2041 5346
9192 22491
14275 18148
14929 24462
14281 24072
10478 14883
3840 19514
1969 22218
1464 5142
15270 22518
9675 9800
6861 18575
6133 22419
17849 20672
8768 24140
13487 24414
19094 21522
10863 12081
14946 19107
4924 9523
6717 22369
4048 19769
2777 4910
3260 15925
6253 14430
2991 5847
14885 22319
19195 22605
4943 13768
4488 23267
18868 20258
2959 21676
2056 19654
5755 22503
7100 18050
18458 23398
7514 7897
8562 13879
1359 4822
1923 10268
264 17833
16022 19115
1509 23467
884 10224
3910 16726
6750 10164
556 2995
13188 21091
3187 3722
1227 2835
7719 23141
7626 8162
10832 18461
4057 18411
7045 9863
2841 10426
19447 20829
3652 20738
16677 20723
16653 21119
9069 10964
9738 17182
9842 10191
10262 14387
2464 17429
9447 20719
725 23710
9168 14156
10527 23230
6002 11870
4960 6601
1931 16094
12099 13539
9867 18608
15898 16023
1083 13082
7324 11274
15881 20098
5555 17302
1664 7728
20660 21652
178 4456
5123 10524
12469 22940
5814 9064
13831 20470
2561 15782
15382 23094
5524 13696
4778 11418
15247 15333
18425 21838
3228 13441
12810 22201
2440 21036
7095 9300
4663 15845
9380 12909
4835 20864
1853 4058
3966 6913
6736 17383
5312 14363
18757 21312
20922 23202
460 4864
20063 20436
4141 9472
8398 22367
8517 24166
11173 18062
8480 16668
2862 9556
22216 23650
17787 19893
7782 20075
6748 8032
12627 17184
8576 21088
3203 16316
4778 18216
7021 13663
379 8799
6138 24178
22561 22960
2198 8711
3751 21661
6318 20338
13840 17795
5484 18229
13498 14831
3767 8148
1285 2458
16781 16859
8100 12284
14974 16671
1028 12325
3951 9063
10895 17233
10177 17182
11393 15613
15132 24156
3484 20964
462 14048
8834 15429
7132 12751
7025 21704
10203 19184
3789 20609
18243 24220
14425 23415
2494 16398
3349 22722
4856 6321
12363 12536
8529 13059
2505 9155
560 24377
24 2139
9116 14655
6250 10108
10213 13043
10262 21617
11335 12970
9190 22979
6174 23254
7883 11803
15910 18274
898 8400
15379 17575
2678 8456
16840 20330
11375 20262
9880 9923
11509 19361
8 5409
2531 8957
675 6275
2340 4630
6573 8411
9961 18994
758 11011
17368 21015
4337 15856
5218 8014
5596 15988
10269 24106
123 20720
5292 16686
13773 20549
2474 4538
14331 24382
4745 9963
6221 17913
9708 19272
1755 5174
8439 19671
2639 10683
1596 15141
392 12211
676 5751
1601 19026
9058 22752
8824 19905
14933 20319
2283 19808
9916 16608
12880 22382
4670 4938
6828 16776
386 14943
492 7719
857 9323
2588 14242
9226 14411
10022 22188
2972 19375
16387 20971
6516 16886
7914 8256
1356 16430
8915 9216
1106 5024
16481 18963
6953 17249
16005 16178
19615 19756
7763 9427
5784 15952
1796 23957
3192 14150
6634 10638
9706 16182
509 2833
19523 23851
9336 9847
4337 13630
4326 11447
9060 21853
6102 18466
2623 16392
19351 24390
12422 24470
2179 14566
12141 16479
8442 19790
1164 7368
14674 21847
16786 18559
6207 12932
9344 10614
9270 12658
18033 20343
4097 14827
6901 23691
15069 20407
1585 7932
21743 23616
10020 17388
10400 19057
18144 22635
10447 20995
2897 8203
2669 19735
4217 21696
7104 19538
410 14794
11485 20318
4179 9505
4507 7277
3558 7367
4759 9243
542 5853
6456 17614
8787 24365
19 23842
6603 11520
233 24191
3652 8589
7069 13841
1637 7209
9949 14926
3007 8515
8239 23780
13273 20448
6338 9517
5059 6007
11161 23218
20339 21949
10620 22498
11838 18167
15932 18817
8051 20442
8346 23285
8878 18109
8154 14521
8303 14618
6252 16276
11880 19830
22373 23043
8930 11749
7335 20312
1962 2087
1819 6581
6023 20329
9821 22422
6753 11819
13404 22661
10950 15868
5648 20569
8716 24259
311 22539
3114 8727
12711 23773
14304 18276
2006 16447
1150 9330
18318 19502
17704 18600
9342 23473
5661 9211
7395 12750
5611 5809
4686 8674
10966 18001
14995 23977
6290 17860
12764 19120
62 11753
6538 24257
7256 12221
1566 7109
13134 16170
600 23823
1471 15005
15255 21687
7574 20302
8745 13399
3804 7136
18811 23746
125 451
6963 13024
2152 12526
12828 19133
1876 13793
10228 11430
12239 22813
15044 20917
9333 14476
444 15184
3205 11415
6595 13546
635 15103
9257 16037
6590 18801
5296 20069
6639 6703
18475 20950
16921 18722
3888 7392
4391 14294
7937 10917
3281 17608
2852 6282
19476 21244
5740 13345
1339 14243
13926 22322
3923 10454
603 18272
9021 13497
3032 21465
9242 19534
8506 16316
3855 11578
4112 17883
6284 10669
2818 13834
980 5040
11399 23014
4111 17969
860 24062
13002 18944
2035 16920
4200 21748
3412 13412
6013 19670
13847 13902
16844 24230
1354 10338
8951 12895
1972 5396
2966 10902
5444 24125
10294 14400
13971 22076
5625 21022
2853 19623
14127 20800
1174 20196
3019 9238
12949 20211
8034 20949
1168 11014
4011 12876
6074 17955
9754 23542
12760 18314
17989 22337
859 24002
14689 20760
8135 10106
4355 23478
6394 11012
744 941
650 18807
10708 21975
6609 24191
3142 12573
12949 23532
15653 16874
8649 23712
2606 4869
993 8688
1116 16072
316 1809
18600 23514
11059 19745
1883 9651
7452 14369
12167 15076
12354 24158
19151 22055
3718 4632
1029 23275
9715 11723
13473 22887
8369 20546
18233 20206
1340 7991
5719 13625
1144 18459
21873 24050
19717 23699
8687 10864
19123 22182
11676 16687
14576 22506
1801 10789
2116 11214
6003 23584
11241 11629
11144 14750
18252 21225
3229 9251
11880 13658
11462 22176
186 17093
3441 21848
4655 8006
13910 19528
2995 4789
5113 24072
11270 19906
8920 11799
5268 22959
5024 12093
1518 18379
15485 23825
22635 23933
9698 9953
8375 22089
2023 2971
10466 19333
15518 21047
15137 24278
6944 20613
3340 22990
4830 15512
15764 16883
7722 8571
6575 21544
227 22147
20412 21427
3145 22933
14119 19192
17297 19464
16287 20189
106 5028
3892 24177
1442 17817
7578 7876
3450 16442
10098 14937
3186 17854
1337 9230
762 21567
6517 23509
7521 21416
1206 22138
14049 14591
327 7563
7717 18043
10443 15083
8963 10720
3557 24277
2925 23021
21176 21990
18735 19460
854 21684
12540 14012
13948 21539
9015 9033
3463 18409
2368 18174
7244 20428
20670 22900
7233 14457
4539 8071
19287 23954
3451 4145
11750 18760
12463 14505
1052 6809
1938 20092
8808 16105
11826 18612
924 9264
13678 22489
20309 23649
223 5410
23342 23368
16752 20246
2555 18236
9033 11082
397 12902
16466 16551
8131 22322
7601 18905
469 7980
16168 17953
5155 7403
14068 21971
20905 21612
3792 19224
983 6109
6909 13228
3321 16700
7897 16722
2189 21865
6186 20479
9238 24110
9044 19235
9689 11772
14712 19308
7815 15859
2221 17520
12388 13277
251 11483
12946 23706
3721 12235
1958 14386
13690 23387
8246 16603
5703 22722
3220 17181
15573 24103
5729 16151
3815 16880
13917 20341
7349 7850
9336 12450
3852 20301
9321 22897
2658 14955
1070 2490
22478 22748
14620 19478
5975 20632
4713 8317
22637 24343
9808 17940
4657 13049
13940 15183
11975 17082
5677 8993
1391 1463
5782 19390
19912 24297
16084 17920
11505 14968
3238 4286
13926 20524
23301 23320
9218 21877
5583 15830
3614 10436
2128 15528
2229 10072
8843 17567
2089 22328
3542 10825
6765 10245
5230 15985
16144 21387
1670 4037
17396 18738
22989 23549
10582 15921
8273 17294
5925 21029
9051 14765
12826 23175
8208 18676
4272 22032
9641 22202
9725 18889
12869 13192
256 14122
1498 22177
1842 19419
3514 11344
17596 22036
9798 19354
18253 18270
12550 17950
4948 11006
7057 14673
5239 16878
1607 8456
1476 6056
3154 12672
6288 8978
6633 18169
9938 10048
3475 16237
965 12119
8496 12907
3229 12483
4695 12902
1123 3466
2858 11343
7234 16219
4358 19169
12020 20346
3920 14208
451 17492
2222 24046
3569 21161
16618 22052
11455 19224
4331 14087
14452 20414
20179 21943
1842 2356
8253 18718
15997 16598
7430 11656
6836 12726
4571 5721
8064 23809
8535 21493
20389 23253
12329 18827
13547 22900
12590 18016
3329 5650
18282 24464
6094 13116
20395 20835
754 23270
3133 5612
10057 11783
4860 23107
16314 19098
12629 13883
4380 5549
10744 20037
935 17218
3175 13150
4858 16660
3125 22081
5832 9364
16915 22593
6216 21800
10004 23964
5315 16814
579 13777
9256 23617
3062 13767
869 7994
5372 11900
6534 20238
9651 14793
1733 22856
5949 9047
1770 9092
968 3316
19110 20558
7451 20298
834 19512
9030 14598
5026 9805
6420 11654
5234 10760
73 386
4516 11425
9962 23736
4579 4698
2114 22707
8163 13337
18243 21823
1640 15200
13290 14494
15284 15479
14509 18527
7089 14457
773 13543
2182 10838
1466 12557
12130 24231
1093 9694
6617 18189
6342 11614
1666 24258
15474 19555
12418 21806
5646 22400
6661 19609
2255 3165
17945 24274
7402 19246
20308 22919
11096 23296
10236 12559
1412 8639
3020 13716
9139 21636
2711 10396
7073 22233
15495 18142
5334 12366
7009 13455
7532 10594
2793 16847
17378 20774
10192 14557
4200 16777
6702 7995
8182 9674
6402 7239
408 8119
5323 17739
22739 24139
21534 22944
3850 22363
1558 4245
1346 8907
12425 13644
23551 24288
2011 19706
6809 17435
13315 19021
164 5929
403 12032
7783 16982
16201 16595
12145 22016
13727 16631
744 2200
12687 16290
682 20698
489 7943
6207 18600
11515 14991
3203 21731
15116 20691
14332 15273
9310 12429
20961 22357
5619 23745
970 17536
4921 4949
84 4371
5802 12739
12520 23115
14655 23328
1298 11959
8736 24393
17111 17308
15160 16508
18347 22923
9786 12019
17229 23878
1507 20944
4131 20286
11602 21225
548 16271
11098 14645
1403 3035
3759 14165
7890 23418
2446 19519
3472 21576
15326 17409
3754 21594
2842 12050
8417 17192
9450 19583
10935 15547
3337 12957
1437 14157
16818 19721
7525 12231
4850 5128
15009 19594
10685 18973
9589 11300
12989 21857
236 1619
861 19313
8164 12333
8794 22603
9836 19004
7222 18069
3559 5605
7383 17505
6460 7834
8254 16891
14749 17465
12892 21765
1517 2437
11787 12216
3708 11713
3911 10151
20545 24032
2920 19210
6430 21588
7424 23354
2293 3596
14498 18619
5395 10456
1676 9593
1101 9390
19237 19281
1807 4393
16492 21105
3310 16464
12215 20778
685 14398
5188 20971
5968 22025
5983 10933
589 15845
9835 15854
9673 22380
13218 17249
21170 23398
11975 21367
10435 21725
1084 17756
19689 22966
7775 12479
6842 15427
22776 23246
4304 17069
9167 20820
5424 8073
7365 20090
11096 19612
6278 6821
8137 11139
13237 18606
10115 12992
10763 22323
11452 24088
14034 21136
456 8590
6792 20533
182 4751
16441 21242
14100 14221
5274 17199
8617 18422
3141 12143
8090 16587
7215 7590
7357 9175
1349 22993
6327 21634
2373 15675
2694 8847
10186 14059
9280 16834
6364 11474
15422 23480
18516 22249
13408 23883
15629 17967
3321 10495
166 22147
5369 18340
18378 23555
5986 13529
10993 23255
10071 10196
12612 15917
1271 13240
22784 23724
292 14644
16726 20588
18874 23813
143 3377
1564 13190
14449 19099
10650 16471
3338 19707
4841 11977
2419 8267
22614 24229
5703 7891
3546 3883
9997 18388
2908 15740
2338 19102
12252 12676
1946 6932
1746 16647
3673 4459
15523 16439
14963 15420
2853 11058
1424 12255
2847 21921
2743 24197
2286 2894
19910 24351
6135 17804
11578 14348
1114 6665
17 3579
7359 7796
1057 10123
4381 5148
2703 11236
725 16726
17136 19474
14082 17261
24068 24122
7406 20339
1590 13377
3335 5430
9356 12282
19069 20134
3829 19946
3318 9908
8649 21156
12412 23468
9281 17483
1071 12829
154 9119
17296 21484
9708 17079
15151 23529
8514 18711
2704 19660
16130 24326
1713 8026
2234 9447
5058 14641
4312 22464
7329 7847
16036 23398
14035 20964
7850 23334
19246 19865
19532 20426
14403 17099
19 16775
13155 17791
222 14540
4523 15043
6994 23543
4376 6452
5907 23503
1006 11390
1126 8460
4745 9950
2564 22411
2129 10409
5459 13850
17757 18660
12928 20529
4056 5374
8939 22508
11699 12581
10167 20519
20341 23107
9300 20842
245 18041
15497 16703
8867 10121
10472 17634
1733 1980
15141 23173
1052 6813
21234 23125
10738 21453
1463 5870
7297 9984
12146 14565
3242 18208
7423 17851
9615 21642
12954 17754
18353 21198
1072 10904
15504 18247
4051 14296
21959 22849
1011 8909
11120 24244
8848 14810
17122 20798
3918 6536
7974 11150
8541 17130
3740 20128
16381 24413
15520 15744
3383 11085
7436 8554
16549 18374
16141 24075
1605 3632
59 966
8867 10680
810 10528
18816 23596
5789 6693
3989 8529
18595 20706
20364 22150
4385 14526
3040 5713
2244 14988
8365 13920
2307 13277
1494 18574
1261 6335
2668 24020
331 9997
19095 20835
5662 8191
9537 18958
627 22661
26 4912
8650 15752
22365 23626
6471 19731
5029 22262
20117 21841
3831 4984
2114 17359
2914 15984
6595 18009
17544 18829
7660 7769
2327 13703
10004 22931
14104 17691
9057 16293
16644 18505
12305 19821
6506 23587
2421 3412
2775 10915
9785 17638
13040 21424
7055 22199
1101 8175
10454 16073
3453 16493
6935 12717
2498 7442
1261 23147
17583 19707
6809 10765
10635 11307
3632 3700
1566 5047
10337 13296
1600 11006
483 13704
4080 5346
289 21224
11190 16039
15565 19849
5221 15564
5414 22609
12719 20884
1891 3007
14988 23073
13337 13542
3157 8671
589 23418
1832 3963
9658 12085
9606 13808
11018 19962
890 15842
5547 18972
3345 22431
7488 20337
491 5326
4357 16804
10569 12743
9537 11862
10792 17099
19397 22379
5238 24259
7895 21528
3964 11258
277 881
3683 19483
3236 23062
4772 5263
973 21745
7078 13766
16747 19467
2309 2509
305 19070
3537 12393
651 23978
2509 18903
2424 15551
16025 17974
16871 23704
9990 21305
1881 14623
3568 24179
2525 16222
8357 10281
592 16132
7764 22017
12295 21563
1795 1862
6286 17096
8140 17950
15018 23238
11872 17277
5359 18554
14717 15192
672 23233
10890 21910
1868 10938
8181 12864
2191 21695
1993 13523
98 4293
8396 24079
15146 16285
627 1508
4598 19972
6322 20403
11511 18042
10056 22959
12019 20351
7562 10411
11206 21073
12068 22844
1850 9207
10028 13060
18493 24319
7187 9425
8796 12641
4619 6385
12286 15121
14591 18894
8176 23068
12442 22002
955 8657
5186 23973
3293 20394
14233 16389
12893 13533
2652 13929
17999 20321
7282 10081
15519 15710
17629 21606
10160 17414
15601 23944
15297 18605
12729 18953
5128 11926
670 14614
9585 17226
949 3445
11957 15753
11371 17694
6973 9433
3137 13258
1325 7110
14205 22665
7711 18889
8516 24051
5679 10789
20839 23850
14022 19737
917 11017
5501 20371
2099 18974
20929 21521
811 22292
9301 20877
6253 15690
20209 24123
17567 22314
14242 19761
9162 18893
4143 7654
13726 21188
14282 17388
5800 7520
2260 7615
4018 7260
6902 19218
15894 17691
2756 8496
17178 22914
12135 17187
5206 8820
2350 24384
3636 7296
1732 15623
2627 22767
626 9238
11308 19395
16260 16421
6958 12625
3099 21065
6108 15500
9218 22842
9506 12270
13201 21133
14936 21557
6666 6763
730 17856
3726 8984
7891 9283
216 4795
12912 18791
7531 23693
11023 18486
19223 21765
17135 24249
466 24107
4476 7606
16244 19650
1916 17765
5012 6068
11785 22424
16316 23262
3189 23357
328 20289
5149 8316
6206 23123
20667 22001
8886 22071
10411 16212
11238 21415
5976 19582
14166 19214
2505 9109
958 19082
4196 7356
13932 22202
16985 19577
4990 7643
5901 19621
152 13377
3047 8270
17586 21962
13227 18818
2629 11618
16202 21876
819 15999
11836 21327
9713 22425
5295 8858
9592 19860
17786 21655
13163 20079
256 2574
8239 8355
4171 6209
11533 24221
4935 12433
8055 20503
21993 24248
896 9801
8800 18821
21371 24229
1826 7943
8594 17701
287 7852
3120 6125
9071 18006
19205 22553
4701 7316
1818 14639
2833 23743
5340 6668
2212 13737
15841 22998
5352 13049
11528 11946
5971 7083
365 10310
13109 18855
3253 9138
10477 17640
7338 22039
23265 23454
3438 9157
13532 23290
12186 22467
16126 20579
3793 4896
17932 18389
6950 17746
1972 16943
17517 21139
14131 16268
7169 19154
759 14440
16427 18847
1131 12362
2805 24075
1416 7036
12524 16406
7022 20559
5036 16076
11331 14070
4455 5988
7701 21199
7503 16335
15460 16553
172 20510
1485 22022
7087 14554
11219 12628
14402 18349
103 17811
2867 24451
10805 14606
5203 17892
538 23705
609 10648
15398 20268
5107 15301
1136 24345
74 19564
3956 8893
1559 21833
6233 23472
3175 9296
19751 23997
7938 24033
11554 12398
11439 22110
6197 10746
15697 20215
406 14904
7751 14005
18615 21288
1576 17364
556 18397
3799 12445
8143 22676
9980 21114
2885 11031
18710 21916
18832 21846
15499 23215
18233 21123
3918 8770
18565 23144
806 17238
19874 22403
624 10009
3429 15708
1907 24385
8152 17339
823 19055
9073 19373
548 14002
6868 23757
9831 17732
4109 16485
738 6429
4030 22340
10248 18071
7257 16346
4897 14663
13046 22562
4220 14305
14103 24051
6664 19871
13416 20517
3333 15083
2386 13671
4059 22150
2003 4880
18995 20534
19409 20435
1349 12080
8184 8227
1532 3623
13575 19642
10930 24360
14287 15597
14500 23264
29 22007
11872 19447
5834 9495
4428 16688
5399 10277
10018 17950
13994 18270
1436 4091
1317 11528
10099 21324
9243 20376
3085 13560
3375 6060
10349 20321
3322 5373
15336 16514
12475 13029
4428 23091
17360 19735
5401 17756
12169 20772
800 9827
20758 21798
8923 17523
1057 7527
9213 11165
595 9419
7669 17271
630 14931
14342 21889
8542 15099
9244 9922
1083 1963
710 19095
14720 22321
2537 21532
13686 16944
7749 18982
7927 10298
194 16810
9231 21117
19958 22804
1684 16121
4461 12314
9963 16153
22151 22941
7356 16808
7992 13023
12823 19807
6819 13866
14368 15871
20110 23720
430 4950
892 3603
12006 18844
10313 21108
5990 12040
20714 22002
9212 16101
3747 18972
5465 7597
89 2702
10522 12389
648 7449
15903 23083
6103 7910
15213 18591
5996 14164
4564 14262
8294 20065
3173 12087
16911 23520
2757 13461
670 9326
9254 9294
11830 16304
8740 18239
18431 19232
6895 11079
7800 23568
9010 24175
2995 11526
21716 21719
8925 24175
10276 11737
10623 11120
16271 22654
2006 14617
18688 23005
4577 17489
2250 17591
1123 10127
15513 23669
6831 9355
4172 11108
3198 14921
714 17993
2937 9429
16419 23417
5593 7429
7975 14303
12753 17716
6577 11030
1852 12003
3595 21212
3586 16747
10329 21013
2713 24006
2749 9573
10429 14913
8609 20532
8591 11569
1191 11358
22133 23882
16155 23221
9886 20552
2619 24108
2926 8178
510 14246
6237 7693
999 11686
390 7691
14335 22954
4098 14773
4519 4522
8421 12678
16984 17179
8338 22879
15557 18709
3618 10400
1509 10060
10718 20312
5430 19791
1272 2247
563 580
17239 23415
2943 4227
19122 23245
7149 21986
6137 16308
13144 21705
15875 22798
17831 23816
9881 14821
20100 20555
2700 10443
7913 13251
1143 21117
180 3920
150 8703
1457 23498
1243 11802
18063 22156
13099 17709
13992 19580
1570 4720
9118 16673
11372 21877
4376 9050
15119 21708
3746 3805
10581 23649
2266 17113
5897 20825
9676 22602
1261 19923
8591 22575
13681 24484
539 22735
3580 21813
1341 19616
13864 16135
12294 23319
10999 16499
16084 19964
2651 20668
10065 18398
20712 22828
621 19280
2773 3899
14241 18568
2933 3841
17819 22824
6688 21635
8680 14906
1572 2231
7480 23405
6068 7422
7085 9288
15101 18661
3663 13848
10674 13759
18299 22383
1340 6652
5690 7838
12455 19384
12637 22431
6142 16174
4988 16634
367 7320
9830 11479
2175 2210
3323 17317
5737 20603
5600 22963
7504 12281
4552 16810
1593 4341
4974 6738
17078 22464
16434 21894
9093 19468
8472 16524
12765 22210
4756 9160
2588 17395
12541 16620
20078 20690
19313 23847
18372 19892
9780 16086
4310 6608
1512 3482
5013 19134
16219 18624
301 4316
2588 7515
7434 20904
9716 11257
844 11288
7948 13514
16901 19530
4588 4848
6255 7044
4141 14116
2995 5219
1123 1949
13237 16697
3859 8777
3962 5614
1286 17147
14803 19240
2517 16371
21509 23892
1100 2865
3087 11188
13593 19422
2004 14877
708 22835
6374 7771
10910 21940
9125 12949
16630 20331
733 1823
5507 13578
323 2189
6915 20983
8116 12621
6343 8283
3006 12138
17004 18890
9639 10849
12929 14327
12904 20334
6813 16942
15588 17087
4309 6597
7056 7970
12853 13691
7785 8352
325 12259
9774 20761
462 17780
11664 19943
5175 24271
18877 22529
13307 17359
4176 16570
270 6677
6035 8025
3056 14149
2645 18076
2374 18766
6586 7773
8217 15686
3339 19683
10217 23672
1621 17439
1534 16326
11121 20983
17592 17941
1785 8916
7964 11010
10602 19360
2110 7437
5575 15048
9512 21474
7804 12326
12527 19525
6820 23655
7258 20214
10474 13843
18205 19391
5672 11068
10334 20271
5718 6986
5528 16144
7267 13809
12149 18200
7459 7568
14298 20313
11629 18107
7613 11431
743 11441
4659 21456
21825 23717
938 4292
2535 3554
19493 21530
2006 20691
2945 15034
3069 16807
17979 22566
13886 17923
14352 22152
5724 17602
2301 12216
13613 24173
4270 22635
1796 7318
3221 17073
12833 15939
19217 24093
17014 17907
4612 10992
453 22919
7978 8754
15497 19355
3220 13297
13435 20386
14175 18908
1994 4774
18527 21919
4984 22908
3891 18788
7547 18900
3653 4643
5660 18343
4530 12737
9957 15302
1409 16233
11193 11855
5656 17344
6782 20353
20220 23586
1810 13996
21700 22350
17837 24407
17636 20329
3168 8316
970 8373
7661 13025
8769 18684
4942 9010
14171 14865
12311 22713
13141 15312
18735 19807
15868 23103
15299 17113
9907 11143
20357 23268
7496 20715
614 10165
17651 23333
8549 20557
3006 20303
1340 10432
18993 20203
487 15275
12051 17952
2338 14504
12257 16700
4194 24146
9366 9974
5325 9025
9069 23092
14817 18547
6709 22354
5663 13048
20069 21297
1031 18454
8733 19864
4876 5881
19171 23560
15408 21644
4018 5302
1835 13561
19752 22531
704 13516
21915 22298
410 11974
9747 16722
10421 23320
6166 7661
3521 23061
17345 24341
8218 9761
6328 8027
5592 14045
17851 20110
9465 16782
10618 23744
813 1896
6731 12061
8412 18961
20445 24005
2831 5608
988 24130
12208 21111
8154 14075
4231 21571
6517 14399
14807 16573
1896 18051
2731 21192
19131 21095
11074 19963
7579 18087
4524 17117
10125 17540
758 23318
1090 20427
1956 8289
4488 19128
13159 18563
10058 11162
7274 20984
1823 3569
1975 2773
7802 15102
715 7232
14491 17989
11141 15654
13866 18932
18836 24358
7767 24367
16797 18227
15906 20538
23599 23977
8211 15039
20008 21131
14079 24355
2137 16936
12106 21174
15339 23106
3659 16970
8489 23165
15899 19730
8560 16219
6414 19563
4433 7678
2787 14786
6716 18352
5709 21594
13918 19596
7055 9288
594 15361
2944 5361
8292 19455
5030 6304
11586 22318
14130 17224
8816 9790
8785 11404
6084 8900
18260 21245
1290 5613
7049 16338
12465 20531
8216 15961
4647 10911
17016 20917
5524 7791
9544 24245
23254 24471
9199 22286
12311 16496
10237 15455
1904 8882
8657 16039
4455 21365
1322 7308
3214 15002
1747 3219
13096 19433
5545 13603
22299 24165
8638 15479
9010 14280
3690 20169
2479 8335
6412 23211
8501 23617
9508 19007
3010 19054
11540 11969
13427 13906
6932 22097
4026 4636
11276 23733
6273 16542
6022 10101
5189 8109
14269 23551
7706 14778
13352 18960
11645 15250
4324 17621
10076 11603
6305 9101
4263 23938
8472 20064
20649 22104
17702 24486
2883 15525
3908 11745
9462 10148
16082 17474
9571 12035
5794 6964
3808 15965
8285 12871
6760 16412
16968 22680
3960 9560
5099 9485
3696 19896
4463 16099
4998 10206
14335 24213
6203 23323
8696 13305
15511 17544
5122 15617
6426 15142
1508 20824
2667 4479
8801 16765
4899 20375
1656 18533
1286 9390
18793 19237
557 18374
7947 18972
871 16226
1730 3138
2244 15484
10633 21320
10189 20446
19198 21971
215 4436
13759 19091
16385 22412
20261 22214
426 12431
6374 10405
12890 20718
4576 12081
20182 20183
7008 10663
1443 9301
13118 19459
11924 21859
11974 22822
7435 15357
13059 22860
2496 20938
5914 17378
20355 22218
8641 13539
10079 23098
3400 21713
16883 17319
17552 24211
5265 13295
4872 7170
22270 23428
13037 19957
678 22532
21528 21713
5689 20803
9891 15996
8547 22882
8808 24090
15320 19862
8840 12703
6385 24071
1409 14920
16970 24439
8458 10863
178 23664
19056 23807
11491 14892
7018 10608
4532 9961
14362 17557
6183 7387
10015 14730
9757 20489
8252 13032
4498 12928
14554 15149
4431 23456
2353 9624
4342 7219
15642 20500
12167 24037
9780 10118
499 10483
18415 23595
1195 18075
8285 15851
2738 4177
3958 13126
2360 2407
20863 22561
16284 22161
3801 19325
16877 23873
9607 10188
4417 8576
9107 19069
10111 11270
1956 12542
12159 24018
6972 22756
9246 14682
3114 17840
4228 15723
5570 7037
7651 11986
1732 11380
18136 23802
9585 12009
8856 10734
11591 19275
16078 19434
5047 24046
12299 16237
16967 19577
6098 11975
8168 18362
6148 11898
4384 14345
4777 11027
2692 11986
4925 22174
21001 22504
738 2349
15733 19227
2820 18661
4025 14218
5356 21817
8591 16589
335 22939
2616 2629
14218 16547
13601 20708
16896 22023
15629 22648
8516 13944
13904 15502
10386 14908
11365 20770
11051 19458
1873 22227
2789 11178
2885 13387
6993 9223
5490 17767
4277 15648
5382 16323
324 17724
11186 13224
10616 17988
3993 11915
2146 10903
14914 15923
15742 23810
11437 22552
9381 17369
8858 17863
1603 9773
9597 21346
14320 15780
919 18148
16329 21243
3258 6805
12060 16318
3007 20505
11886 24416
7189 19433
16442 20122
2729 11977
1918 22333
15501 22238
9113 23988
91 11273
15686 23588
3156 11601
9371 15404
2344 16118
11545 15223
11618 20037
6614 19910
4571 17607
11271 13282
2904 7849
88 23071
12487 17814
342 9836
11396 21713
8834 17126
18577 19238
280 17683
869 3839
2452 18513
3379 11012
20425 21480
4526 11117
10968 18394
7550 23081
650 3573
16129 18275
18644 22591
2142 10247
5852 22224
4334 20658
5546 10792
12757 20624
3224 21073
7583 15293
6277 16123
23054 23677
970 18850
4189 24009
8301 18308
13583 19246
4693 18919
20835 21323
15092 19885
2609 24061
14331 21829
14329 22196
3117 19345
2650 10526
10479 23862
5181 21744
16786 24089
7120 11007
19552 23097
61 4953
2949 21895
15802 21373
16450 16926
4846 10880
7206 14544
8771 21879
1890 6200
2167 14355
15844 20812
15730 16939
4843 19426
446 18425
638 11108
1347 6952
16159 22903
11766 18789
13394 22090
15412 17967
14361 15772
11160 14191
9172 24366
1240 21872
3565 6461
21070 22419
14925 15510
7643 15766
4575 5602
5067 11381
14500 19826
4660 13985
10716 21669
1929 3740
16185 18728
5801 8108
14556 19240
9522 11830
18140 21861
5957 15261
12132 23437
15364 16482
8679 17921
5671 7511
2338 4275
17959 19834
319 1943
7977 20655
3336 19201
10723 19081
17149 24330
833 15387
5398 10258
11950 18440
4069 21544
7874 23312
5815 20697
5207 10402
1179 20396
5438 17630
3576 9413
759 7373
3191 8391
1921 8650
8727 16618
21235 24024
11582 23109
6405 22752
8956 20110
2025 15176
10870 23182
15892 20084
20272 22931
1686 16651
5593 19974
2993 21143
18303 18415
3814 17737
4210 8666
12774 14426
5599 20189
7613 16557
11160 23690
2982 11477
4861 8756
3990 5044
11384 24470
5221 22414
6669 12239
7233 21314
2232 11608
4747 23949
20036 22410
21613 21874
10234 14996
2539 8780
150 12407
4812 14699
6676 23351
5394 8289
7256 17675
8736 14772
1354 20879
9521 15665
7784 8393
2064 19389
2554 22350
3733 4008
21261 22699
1276 23966
10569 23780
4947 9123
12675 16335
5156 7129
1991 11774
3665 17851
5790 11817
13277 16702
5338 9014
7140 17941
3081 24371
6608 17928
17715 20899
639 22935
561 10165
11770 13551
2846 14893
170 20966
4020 18580
3304 14849
9769 23016
6018 19606
9945 20547
12267 17960
18353 18394
1242 3652
3727 18380
21011 24018
7007 15406
6412 9377
18930 21392
5838 15932
9918 23733
13080 23715
1401 18868
18987 19142
248 2506
102 20420
9089 21028
4509 23494
6306 21454
15530 18850
4911 20255
7110 10468
16763 21588
18926 23101
5119 7997
6260 21657
6752 18010
4319 11445
5277 17340
1414 11589
9298 14988
16898 17729
15241 22261
19441 20630
16796 21012
2196 11437
2190 4697
1698 12342
2669 4975
11632 16346
12156 19081
15428 17307
8828 11060
6799 14326
19310 19559
13681 19912
5292 9167
17659 18278
2317 19974
11723 19991
4852 12565
13550 23204
5456 23339
700 1489
13866 17261
172 2916
6535 13251
8765 24027
11986 19146
12603 23662
110 9924
7234 24431
651 20279
18223 20074
8673 18087
271 7827
15643 21130
3410 3806
2032 14945
6133 21577
11486 15378
17501 23468
2404 14809
18884 21423
733 19379
7062 10723
9679 13118
4339 21188
4186 17192
2223 4445
9175 17595
10519 16813
9618 12372
1251 6162
8409 23789
20751 23675
19606 21788
16349 16926
16077 21444
5722 20702
9443 14765
15077 15707
5201 6476
9483 19261
19445 22832
2923 13249
1764 18059
208 11289
6922 24469
67 2923
18266 22223
7528 15529
3514 3747
13194 16830
5244 6073
5180 7317
12614 22610
4456 9954
13835 21588
11566 14472
8601 17055
2445 20312
6005 20507
792 13936
490 19307
5301 7914
12463 12482
14970 18535
4785 19872
3116 6014
15466 17396
12619 19503
4815 11676
17775 22748
306 7962
19342 21361
1854 16067
7746 10421
401 22102
4474 9131
10143 15012
24165 24428
6956 13431
1928 13600
1411 3923
8549 14574
13531 15015
8190 21500
14670 20054
13481 15920
4934 18320
7307 14148
8220 12222
12092 18338
10909 12055
7356 12479
3145 20808
6939 17329
3403 10247
20428 21505
4509 8683
15985 19935
7277 13925
5157 21778
9782 20661
7398 14830
1222 6477
4433 18857
10460 15842
2183 12648
10777 13866
736 1780
3080 11200
6187 7908
2455 8720
8617 22407
20 5669
6171 7602
2034 15080
4001 8481
17806 20487
16776 21248
16262 20331
13792 20555
6149 13634
316 7534
9470 23240
17522 20680
20469 21417
3469 11656
6892 24061
20632 21563
446 23160
2171 18330
4100 12767
9313 15945
3465 16580
16084 23644
2490 9724
9493 11930
3718 10727
14594 18714
116 13301
13355 17139
5718 13671
7964 24418
22180 23355
5214 18176
5379 20029
8924 17929
9368 24293
12541 18437
8696 20004
3755 18780
17798 21943
9668 11083
2856 11942
629 11126
13306 24211
8168 8788
880 19362
10691 13591
5176 16888
18449 21333
15316 19536
8536 19034
17450 21117
18144 21903
5568 21094
4339 24225
10959 13962
6120 7553
1075 7499
4888 5790
13791 19140
12549 18570
3904 22039
4501 8608
4018 4770
1602 16218
10248 16545
4805 7952
12081 13983
6137 19374
12033 14746
2146 6766
1521 18485
2309 15851
7761 10634
14197 18588
14869 19605
16296 19097
2891 13387
2564 8075
11303 23384
5442 18488
15622 19699
10726 18637
8353 17213
12938 15250
14192 14345
7007 15992
1820 10488
4005 20054
3744 13936
15454 17885
5599 16799
3747 18918
4861 21513
10280 20566
4195 21465
17450 23102
1526 4387
774 19954
3272 12502
9390 23144
10205 18893
218 17542
21235 21544
5254 24265
5921 22640
5207 16443
18808 23666
14413 18724
6555 10108
3189 8290
12212 23654
6066 18024
4202 18411
23438 23820
3678 20598
3762 5288
6191 9528
17732 20945
12538 18726
269 2377
4500 20669
14893 22259
8678 9879
20655 24336
4046 4366
8093 18069
1716 5668
1261 6625
9388 12553
19724 20693
4492 21870
6642 12905
2471 10126
5634 12952
8167 12203
8859 17394
15944 19556
7511 17275
10468 24451
1699 15381
7277 12331
6848 9284
203 10529
11923 21113
1223 3977
3489 13555
3849 5919
18300 18513
151 10751
6651 16058
14065 15149
13275 22137
4617 23969
13662 16415
418 1480
3849 11319
14355 16372
15618 16537
1242 1824
4632 17014
1011 24058
10401 12556
7252 15096
2998 19116
7723 16555
395 10540
11401 17815
11311 24393
11432 14629
5131 12585
20030 23626
1807 2528
2708 7381
10336 10888
888 3977
3258 14400
13374 16553
17851 19170
14886 18170
6435 21722
701 1641
14185 15035
17185 18171
22440 23580
8046 12127
6019 7266
5810 21277
6408 20864
5286 13480
19605 21963
17156 19210
1352 8953
6708 17432
10432 20714
14521 22062
9703 19428
4362 18785
959 18173
16883 19243
1771 21738
2151 7337
14005 21218
12063 14969
1192 8606
13590 20800
18567 23654
15610 19678
10394 16787
18991 19994
7811 16440
8946 20052
2915 11629
939 23043
17342 22068
6499 15499
17053 17345
6532 16066
5592 6221
6239 24377
10399 15172
6569 17981
9971 16123
10302 10347
7433 19916
3619 11424
9868 19875
522 18267
14846 24452
6952 10598
3613 18307
10328 11714
10619 12338
6334 9942
19749 19755
3440 23629
1499 20413
10076 22645
14911 22149
8268 19214
4288 7964
14899 18092
1051 17694
12400 21486
5120 7740
9219 12779
7648 24427
259 22056
1611 22136
8626 12422
3894 20252
15344 22946
9233 17858
655 15947
6980 24025
14796 14943
7950 21603
4531 5108
21327 21699
6646 23042
2950 11573
646 11995
7114 19708
7687 11594
10470 12531
6371 14631
2025 12704
12247 23484
2731 15513
243 12619
7440 15034
18886 23021
14551 23439
4798 21945
8209 17614
13370 14197
1692 9583
4327 22188
8112 15062
7018 20564
4895 7401
17834 22276
5356 13482
4456 19612
2231 20227
10512 17976
6320 18744
21907 23863
6531 12007
1468 5787
9091 11965
4048 9948
20781 24250
7946 23001
12858 15969
17605 24214
10414 22812
4230 8687
4360 8024
11509 14951
10144 15330
5060 9957
6901 13056
13796 18572
10126 12748
3793 20418
6659 15960
13281 13652
6154 15408
13628 18430
12709 23024
89 3575
3990 21642
16471 19944
1698 4813
19786 20793
13241 15960
9799 11500
8750 21946
4467 23044
8948 11213
4274 21268
6924 13555
898 13276
487 12191
4868 5254
4336 7803
12231 18274
4993 10366
5493 18797
853 6261
3506 10975
397 14714
1770 21578
20487 21592
9831 16151
1143 18529
6128 23085
11378 22457
855 15572
14863 20046
7610 21480
10918 17925
5158 21711
5232 14129
2064 2948
11430 16532
3340 14222
1392 16677
8482 16296
14532 22923
11577 15934
434 11530
8481 17125
5583 23626
5775 16067
1000 5851
1262 7860
5141 8954
8056 14697
4202 4809
1470 15932
1618 6610
3025 8449
4460 8492
15882 18436
1742 3943
5453 21832
4689 19893
3409 9738
3786 5749
7321 7408
13824 20635
15297 19330
10310 14684
1848 23127
578 23666
9065 14271
3290 15703
1406 18076
4452 18958
687 2264
343 5413
16352 18683
6579 9836
1691 8247
4793 10666
2994 10598
761 13072
14020 20569
9527 18115
2547 22838
9010 22963
21599 23679
15442 24205
10420 10609
9227 24080
6530 21054
21527 22854
8885 22914
12430 12666
11593 16719
11570 11790
7883 23099
2486 12343
12034 13312
6874 16925
7236 21207
9490 10342
12915 13024
5377 14141
6769 14302
17517 24048
18073 21533
5147 11765
4571 14046
15614 16379
6697 9317
7338 8001
17792 20264
4255 10271
9600 9666
14980 21122
6587 15573
11563 22032
8094 17285
3911 10252
4949 13858
14311 14495
6288 8650
9747 14773
2574 20189
17199 23210
2570 17460
21967 22432
2763 4261
10165 21950
1991 17973
4306 5929
14637 22095
7100 16543
6790 24288
1849 24179
7789 22456
2798 9061
10498 17222
3390 15864
20704 23658
6212 16966
16299 23475
15815 21598
9254 23240
7181 22762
3876 4869
4613 13113
10444 14931
6005 20204
17280 24024
4830 23629
2905 2953
4578 22529
11248 12826
1306 5760
1547 20663
6568 16440
63 8850
10505 17522
8834 18431
8649 15097
5198 19171
2252 23115
548 1654
5374 19280
10581 11585
6324 20424
6143 23732
18433 22056
17159 21313
1928 22800
8252 16275
14126 20415
3437 4750
6241 14822
4292 14067
1838 8549
1492 12089
9134 18723
11702 15168
555 22385
15957 21563
1823 16033
9939 19255
973 22338
5381 23857
15777 17646
3187 12973
14095 19290
11284 20149
12195 20311
14265 16164
9972 13376
5405 11864
4473 23490
229 22475
9314 22130
11744 18777
736 23154
5379 24046
3172 7996
3152 23189
547 20907
6052 16311
305 6650
6198 18242
14880 16155
8298 18652
1186 11627
10514 13415
9933 11444
5868 7146
6882 8175
15147 16511
6427 23165
5939 13009
9642 10862
12107 18461
14071 18441
7533 8005
191 13745
21495 21985
9332 17090
234 11343
1394 19642
15856 22975
4434 5871
18269 20590
9301 10382
4869 15282
2706 8812
6062 17225
6771 7831
9261 12587
15434 18802
13147 22079
12786 17397
8518 15377
12492 21011
21233 22633
5707 11541
9437 13342
6357 15121
4387 5934
5654 15286
1938 16947
7300 19607
4745 20897
3038 21985
18481 24411
1727 8731
14665 15078
9924 13241
7876 11532
15583 19310
15487 17389
9263 24298
4960 12987
3066 4914
17315 24065
1423 18605
12462 16680
9680 10993
145 1677
82 16136
1206 1996
20477 21619
2520 15465
6855 16853
20909 22064
1031 18564
9380 21798
6311 10007
14999 15346
7756 18543
2249 9858
13009 23878
12529 17689
21205 24372
17243 17835
5751 15021
9406 16634
12092 17408
4872 18759
8469 23041
10297 16428
8615 21275
717 7988
1257 10623
17937 19574
9955 17238
7509 16210
8250 10696
1016 8674
8667 12907
6781 7946
20363 20747
6217 18201
5202 13431
9632 16501
14659 20655
9741 10526
18712 21322
2761 5710
5227 10054
6177 13294
15199 16179
16373 21666
11875 17046
13173 21305
15153 23457
2158 6707
13233 16264
16966 22820
249 16386
15653 17812
231 17848
2740 19777
5698 22310
1970 12197
3553 24398
15325 20790
9392 16019
5303 11881
4224 19628
10471 12071
8980 24200
1783 23098
15074 15725
21114 23866
3589 7095
16779 23125
10465 13990
7908 18927
9275 23042
0 15644
3655 7220
2100 12535
5778 7410
14962 17161
2014 19491
11628 14980
20008 23741
15621 22272
14385 18731
470 19623
5898 22302
14658 15434
23183 24397
4849 7223
5255 5333
10057 15174
1000 13141
9310 19262
562 19470
3880 13523
11899 24056
13972 15353
6225 9306
1945 18628
802 21153
1865 22377
5682 10727
2008 20940
1 1000
18383 19194
2023 15116
10623 22833
9679 17493
8908 21164
1972 14954
212 24274
5876 20861
5203 15829
2679 15585
12073 21113
7946 10381
672 19033
17261 18276
16988 23414
1209 4191
3930 12780
6422 23667
2496 5442
4630 23801
1664 8646
149 17945
20984 21865
2428 21045
8783 9347
545 11124
2755 3262
690 13237
14622 21942
16014 21493
2859 13387
9980 11877
7535 17050
1184 12494
8794 15282
24 14971
9306 14304
10402 15458
414 671
455 23994
1349 5422
5597 12081
22088 23980
6959 16934
7908 10672
8340 14426
4617 21914
3240 20788
2193 7573
1479 7578
8303 13570
1426 16513
8789 12634
6086 19817
667 2440
979 13019
7514 14415
9595 21595
5510 8029
12442 16666
6327 13184
117 16418
183 19168
3574 18857
3851 11327
1394 15100
6059 20232
15213 16531
4938 5305
622 4331
33 15033
5283 18542
2333 17944
4228 22987
6307 17054
6447 11130
16870 20761
1126 16486
9702 18071
5955 15102
12097 19846
17535 19035
9606 15954
15894 16982
6213 15075
892 2449
16852 22193
12043 15429
12423 17414
683 7856
10344 22499
11965 18525
18147 22749
1750 10589
5131 6929
18641 20532
2286 2927
11530 15499
2968 7721
16045 20723
6541 12406
7454 9966
3766 6034
15635 21406
12695 21064
19673 22016
5057 22791
3763 16664
975 7596
3761 12538
23143 24205
12310 17182
8682 13858
7139 15195
6506 19064
11037 23010
5691 7053
5340 7039
17816 22060
7824 16551
4748 11972
15398 21834
6107 15382
6650 9009
7053 18439
1410 4091
17892 20853
7469 14676
8204 15998
4085 12945
1272 20750
10308 13935
8245 18224
19207 21506
9854 17353
14183 20615
4828 12955
4342 4719
13647 20766
990 12551
4586 15213
16946 22917
6965 22558
4205 23040
6695 21719
16849 24449
5138 22755
12290 14320
6255 9129
1740 12374
10208 13920
5239 22294
10676 15026
2384 11324
3072 14972
3811 12049
4084 12711
1397 5168
10009 11263
12681 13034
2997 20641
9070 20598
17815 18669
511 3676
1601 15835
132 8980
10635 15923
8096 17642
11972 13079
2234 3413
8014 16156
4619 19730
17872 20654
10294 20742
4411 12287
16503 20198
3518 7299
4262 11118
9141 18744
1723 13424
6539 21072
14847 23406
13630 19374
1986 13914
4696 8942
460 5305
11638 16557
15508 22053
14084 23322
12184 24475
10013 19787
12602 20016
7372 21168
253 19689
14124 18972
11 13624
4271 20386
10114 21561
4078 24395
15230 20882
4203 5617
1449 15534
15900 17554
7775 20733
21325 22174
17241 19757
6239 21806
18146 20786
3228 11569
10310 12515
4096 22752
19497 21301
19749 20294
14373 19933
4737 11530
5926 19030
4699 23320
5374 17726
8562 20751
7914 15845
2172 3562
17752 18606
15491 23827
6792 22693
1725 2557
6953 17322
1650 11661
17599 20450
273 21812
4510 23905
10798 23772
9039 18174
6063 9968
978 16087
4636 7271
5743 17346
7832 23917
126 11663
6895 22521
4191 10200
13260 24230
657 8790
10321 14056
3121 15364
20107 22432
5503 8060
10047 10820
7096 21646
8553 17124
18232 18523
8444 8463
3822 13112
6621 9254
7037 8718
21987 24248
9159 19772
5329 13265
10298 20956
2773 19134
2761 20273
17202 19983
17090 24386
903 7396
14054 20417
678 20078
11088 17851
2222 17130
1672 18241
3758 17742
2461 8066
12349 19351
8961 21603
9927 14319
2554 6068
8951 21071
1883 23399
1452 17427
13013 19041
5786 9069
429 24414
9337 17362
5751 17011
15281 21885
14576 18257
9150 23982
8840 16372
10952 17277
15277 17514
8244 13664
3847 6676
14325 20533
691 9266
13415 19840
1179 8144
8508 17408
1320 16020
1658 10098
7597 19330
13927 19136
9025 20612
7224 17498
457 19715
11794 24304
871 16885
750 2058
10037 11375
16310 18968
15104 19523
11113 22190
14362 14382
3823 5379
20840 22141
4720 6648
3945 15120
10399 20093
6170 11795
5408 22908
13419 14924
3330 15211
10321 23997
8057 17143
1544 18652
4695 14405
9718 14258
16631 19573
769 7490
575 10196
2500 20755
11140 16312
3054 20911
21110 21700
12172 20707
11765 21447
536 17311
16267 21230
3018 14083
18342 21966
17357 23004
4595 16907
3705 9890
12868 14878
3397 16509
8804 17950
557 3129
1102 24393
5445 13615
18339 20394
2956 13001
19388 23556
4223 17111
3692 23918
4573 16998
2919 23442
10072 20626
10039 14022
1890 12620
22237 24035
17119 20877
272 6603
5336 17002
22699 23494
17320 23071
2824 17845
10151 20364
11404 22880
3577 12467
1478 4249
17473 22936
6789 15653
6841 19845
8940 9077
9107 20202
7695 19233
7941 9297
3361 19158
15077 21389
2681 22556
10173 22000
7701 21779
2604 16723
5280 17556
16969 17844
3895 15495
13437 18929
127 19988
5447 20421
5344 20162
5151 7095
17088 23084
16906 23858
3274 17668
15037 22538
3460 11912
10237 16285
321 20431
10233 13666
13569 21109
5863 8994
14592 16555
15203 17664
6600 8623
21495 22100
1064 14744
19046 21724
16308 16410
4678 20264
16687 19598
23340 24106
2840 16384
12064 15136
17950 24159
15456 22782
5848 17134
14108 21724
5398 17095
5792 21856
3568 16212
3815 6312
12907 15710
6468 22318
3468 21907
7797 9001
5182 12561
6161 15688
5000 5633
864 6027
4948 21260
13616 19610
14042 22031
23662 23842
6230 21407
10235 15203
2125 13448
7590 19114
14582 16718
1610 21801
1893 21976
12306 20613
4886 4910
962 13495
7829 22703
5502 12546
6738 10285
1386 23341
9337 19844
7111 8311
19281 21173
5583 11956
8304 16452
10314 13561
1331 2311
15831 23360
13151 16436
8109 24336
9380 11183
1514 4869
20095 20355
13336 21672
8150 23939
8895 12879
4380 16699
492 11709
870 13836
5794 23466
17631 22400
3820 4404
8739 18759
4273 7040
3605 21020
4864 16439
2368 18803
7541 8579
7234 14691
13450 20444
17413 23417
1951 15761
7835 21016
7442 17785
4396 17971
8849 14648
10406 17656
2487 7729
2142 15771
19876 22514
1922 20353
11200 11449
11450 21299
11130 22816
1685 15648
4345 10890
6347 10297
4874 20275
7453 17100
13788 22396
8005 9832
4439 21258
13005 19229
1913 3073
5003 8966
8379 19583
7793 19658
4082 24259
1791 5040
17916 19245
9772 14624
7437 24337
15466 19284
5398 21446
20488 24106
20068 20769
15138 22092
20642 22948
9672 21453
9183 16004
2349 21107
4189 13316
7900 17257
8444 15450
8641 11419
3112 16050
3531 15665
8226 10190
13600 20645
2510 7767
1345 4821
13644 23360
2940 17467
9403 10103
8130 11943
17389 24220
7120 8871
11881 14245
5905 19312
7622 10379
4657 18557
1075 22134
5752 10137
5680 22894
8801 18031
7431 15926
1791 19966
14312 15134
15774 18269
14653 17551
697 16276
971 7592
3370 3489
4037 9772
13216 21085
20699 23297
14533 16337
9115 14344
13747 17458
1002 3999
13030 22065
11945 13698
14013 14505
14200 20680
14023 18554
3178 7138
1048 23684
6743 14931
16118 23845
14677 22408
11408 23096
12220 12245
7299 8724
2874 10064
14993 21724
799 4797
5624 8420
3131 7680
8446 8649
2450 15768
9168 21716
5035 11056
9789 18748
10666 14338
1001 5353
250 19053
6007 19761
2084 14262
1957 23138
16754 16793
14887 15175
5355 14678
10905 16331
16256 16584
3704 17385
5219 11244
6198 17831
5272 18275
12512 21281
6923 16672
14064 17889
9356 22210
16348 22767
8770 13865
16126 19859
419 22621
20271 22447
2828 9719
11127 11404
1681 15629
15519 22481
17696 20932
20848 23970
8802 21853
7450 17186
91 15026
6831 14918
6016 19107
16425 16663
8026 19136
8665 23347
9403 20536
2565 20102
7940 13296
18308 19111
14471 18741
13510 20799
4880 24142
6866 11061
6287 8815
4086 7107
20776 22410
4335 8728
1176 5632
1326 19250
7558 15110
3544 14501
1053 8272
6924 11194
9029 10578
1969 20953
913 20231
5424 21504
17889 23865
13752 23777
11071 13541
11409 17067
15882 17280
4666 18727
19308 20320
8762 14937
4166 11436
17871 18514
16443 21738
1116 2380
1510 11234
58 12887
1931 8255
4749 14845
726 7580
10407 14139
1650 11353
11681 22264
1893 22749
16798 17649
4260 19147
930 6163
3057 7193
10816 16130
305 23633
10860 22573
4302 7375
5826 18430
11371 13506
2216 23077
11661 19271
2216 16319
2956 13109
172 11216
8697 23928
6250 18989
3549 7184
15309 21721
3680 15389
9507 23558
5498 16107
11497 16519
5619 17785
5524 22480
11314 20140
4942 22507
17643 19255
2473 18750
14172 22024
17471 18707
3045 17088
2771 15786
15384 18600
8772 20167
8269 14545
15529 23542
18531 20279
12162 22501
23063 24294
5947 10350
9888 21353
3690 10738
7646 15777
20978 21853
6825 20053
551 12389
6562 12755
9598 20125
17930 22410
3503 6668
1182 21930
1321 23828
18124 19332
13448 19359
5039 8801
3032 23426
15787 18477
4539 21868
9711 10792
9393 15934
9006 12803
3653 7709
10270 20607
2084 13334
8268 21442
15473 21600
14237 22869
6587 22964
7307 16468
2846 6396
5308 14506
14123 22261
11213 11516
9708 12967
4036 20002
5935 13512
6005 9011
2392 3245
6425 10946
2949 11768
2126 4754
2086 15449
6911 21387
4157 6129
5476 23373
5177 21618
8447 19934
4902 9758
11146 22129
7002 7620
15261 20476
8400 11446
844 19194
5193 21552
599 20936
399 19875
8797 20351
4768 18562
20041 23312
17880 22390
11060 21282
3826 14754
22141 22144
1592 23697
6274 21357
9961 16895
3988 6383
20440 21845
18662 24008
6745 17588
20648 21400
9118 10754
4549 8296
3225 24348
5385 9835
1506 12490
2754 21046
5948 15374
16624 21556
1940 6046
13417 17425
14583 23505
5932 12975
2103 12697
3259 17164
10528 21383
6654 22894
2732 24448
10600 19498
1359 5316
11353 22783
5483 21486
708 14706
5513 9164
2166 6865
12618 23383
7050 14550
5601 11239
10602 24044
7308 8502
4220 14285
9339 21509
2586 19932
150 3719
12051 17598
15134 21402
2056 19639
14277 21657
4654 15878
19977 23064
17176 20250
2978 18546
4683 6825
15935 16166
8956 18676
2565 11196
9565 17864
9189 10181
515 5962
12088 18125
5175 14342
14290 23374
5579 15905
12323 20243
11065 15112
18061 20502
609 2331
12298 24007
12378 13748
847 9914
5130 23517
3009 11539
661 15542
3340 20252
2538 24261
3757 7173
13678 24290
2668 14620
16798 18667
3975 21435
7940 22656
11403 20062
153 3722
13942 15500
8527 11885
23274 24014
4860 16328
13215 15587
5682 16848
15214 23239
20578 22302
1477 8842
21504 21550
6047 19104
357 23804
11023 15023
4780 23031
3894 14617
2685 3476
4517 15507
182 15109
8850 15684
544 12403
1010 24195
4195 12340
12547 14986
864 13598
5289 20504
6296 12783
14871 19182
12233 22604
9402 15646
6899 22047
418 3808
3673 23375
8879 19963
567 24458
12984 16908
12590 14164
3324 24431
7734 15346
13719 20159
5739 15420
12992 13313
5354 14420
7524 10816
1125 15328
10055 16031
292 17551
8927 22632
9983 21045
6613 18223
7665 21996
10329 17339
12772 22111
5666 9625
1471 19874
13703 21389
5021 15823
6808 20120
13106 14368
1796 20969
17572 22816
17316 18834
7156 24452
1624 22981
8862 18098
11310 13724
10208 16658
2879 16363
1023 16627
3209 20456
12817 14602
5244 23979
8816 9684
10437 11916
2259 4518
2722 8498
3458 5323
295 21810
3871 17200
13796 17443
20241 21281
3551 6344
136 4292
16584 24148
4990 11834
2679 22342
7039 15006
1983 18215
9772 12109
14837 16243
23381 24256
5815 9822
1816 3058
5841 8678
13477 14547
6254 23341
6844 15935
10798 20251
7473 18383
920 11483
14178 19220
3304 3897
4017 10770
2241 19532
12639 16347
6886 16469
1906 12735
4783 15489
18688 24200
393 19669
6884 21331
3232 14841
23666 24350
14488 17622
3084 10171
13896 16912
4480 16165
17956 18630
17523 23900
4465 22033
2549 8537
8559 18004
2367 3424
5100 24398
21563 22647
6076 21089
19348 19464
4600 4666
19513 23383
19392 22814
1748 3953
14495 19063
8047 18449
9152 9531
5262 16622
6669 8919
21 13432
6656 13658
3665 5520
141 11991
17720 19055
8569 10684
17083 20264
16370 17729
4508 14258
9063 10793
8134 10796
5274 12559
13264 24121
4715 11766
687 16707
7735 12523
5193 6651
2201 6572
8980 23289
8228 12835
15255 16453
5742 7447
7467 21603
3727 18868
5396 22107
11015 21982
2551 16149
14867 22774
5583 19691
7267 10755
13704 19729
3584 7232
20617 22318
5375 7836
8553 12328
20474 21169
17563 21685
17445 22443
16246 23245
3765 10343
1264 19991
3123 3176
12260 16348
6209 7467
10137 16864
14028 21290
8970 11882
14911 20347
20440 21570
759 8469
1516 6807
8716 10868
1251 16002
6635 12597
1755 20259
15153 20163
1271 18278
5153 22862
1024 7305
1032 1482
10784 12851
3790 19187
7971 12443
16501 21846
17571 22662
2804 5760
11405 16525
310 6052
1431 3233
15401 16227
7047 19537
7414 16954
12692 24329
13195 23701
1201 8813
21524 23288
4418 9925
713 20746
1844 14699
17035 20057
11642 19643
3778 10205
246 21762
3501 14750
8367 17207
6068 21149
6861 21869
13474 20127
4412 12728
2681 24350
2235 7009
8646 12792
5151 23263
2059 7675
2577 12744
1737 20658
1864 11565
7293 7847
683 5028
19152 21796
11928 15089
9868 10104
3507 7420
15605 16150
217 21532
4280 8184
371 17149
768 8783
1571 23826
4732 16205
11461 21587
3506 9698
7226 8264
4902 16272
10576 21873
4522 22312
11811 19833
19898 22766
10565 14572
22277 23741
13243 22594
3882 23629
9693 21575
330 1551
748 12586
12459 24061
1773 15624
8398 9525
12377 20627
11988 15996
8341 23555
18132 21568
2110 9355
8868 13356
20737 23128
7425 23084
7252 21152
5943 19342
9040 18230
12946 12997
2164 21086
5321 19794
11269 20128
11071 14614
21411 23469
3131 16830
2856 6674
16170 20861
13438 17748
14684 15262
5687 13870
11781 22201
10470 15547
7452 18716
20295 20743
18098 18869
4826 7804
2102 15852
5649 10931
28 24311
10436 17289
7559 15351
13289 14835
4890 10507
4465 21279
19137 19332
4450 16058
16289 21376
9813 14978
18328 21311
7373 16056
2370 3369
8113 10056
283 24387
766 12112
12042 14940
9001 22496
13224 21251
11254 13712
1683 4715
11836 12976
772 6507
2345 2722
19941 22609
907 21439
18933 22232
12133 21233
5464 13000
7188 16681
16791 19765
6132 6445
1390 23787
15041 22080
7243 15431
1073 18535
8591 12935
20948 21717
2955 3035
5952 14059
5591 15702
5157 11058
9429 17885
21019 23849
11635 15089
4907 23049
1444 16389
9016 17049
10109 15025
6224 19071
6778 18114
1596 23117
518 15968
14537 21765
14424 16550
15958 21893
17092 18757
169 9968
1443 7586
8379 18699
6679 8123
11024 21813
3752 17547
3099 22411
2242 2629
12862 18626
13483 21759
6606 15469
463 20178
992 1692
5519 8676
17014 22373
9434 18549
1343 2073
2338 15451
436 15986
10505 11841
9725 11204
17369 22721
2013 3800
17696 20791
12694 15482
12856 23191
2126 16199
1484 21017
10833 21458
20493 22131
10777 13619
50 7413
917 2018
5550 8081
8200 21420
5140 12288
18264 21994
7046 10567
947 10349
10538 10994
13038 15450
13459 21879
16275 17025
5967 18504
13820 16663
11886 21102
9368 11761
6204 8950
10422 18848
9294 14783
10127 11327
7830 20938
1532 21550
8796 9232
6229 20961
11069 23375
13692 18835
5792 9911
9660 10214
4512 17281
9244 18246
4135 21400
6766 19819
1629 5993
3883 17515
1951 9875
1349 2872
11165 16073
5844 10379
12870 13242
13919 19894
6870 17759
5648 9220
8646 20825
1552 3230
6700 6903
4767 10184
21856 22877
9971 19404
15873 16199
1315 3728
7137 7780
5846 16807
6902 20579
3994 10831
21182 23937
204 7137
5514 24311
3751 17228
5910 22276
4351 15137
8923 13733
17637 20547
13254 17520
1930 16395
15224 23436
4378 22572
3112 10654
16653 17977
17243 17645
3192 17959
2391 14959
15995 16439
7338 23673
7191 10359
16109 19241
938 18068
18325 19514
6366 14471
18937 19182
3561 21754
732 11205
5671 20455
13456 13818
3322 7313
10748 14077
19081 21849
16538 18981
13579 16589
20633 21020
8926 15353
5000 5327
8109 18831
21394 21857
760 15107
16213 19960
8788 17102
3949 19154
6682 21186
15986 21934
9468 22251
1759 21947
8504 18334
3974 12699
1947 9138
6089 6696
11640 19547
826 12986
22734 23351
39 1306
1034 24099
8863 13755
14514 16338
1619 19631
11318 22751
6596 14758
9616 22864
1893 14897
2121 16956
7748 16110
1011 22434
1890 10142
9628 12109
2862 11556
628 21322
309 2230
3140 20517
11528 22879
3580 8443
2823 8200
11527 14739
7389 16822
16117 18209
7325 10223
18184 21175
16080 21507
12499 14359
2018 18056
6749 20252
9180 19443
5727 16559
17384 18750
4201 6682
13373 17102
1257 1797
6555 9921
12449 14653
2376 9163
13754 13847
4748 20081
15452 17436
5322 6973
7863 18855
21386 22574
11535 17070
13892 19783
8629 17685
337 10299
22093 22797
1465 13974
9057 24234
2827 12209
10568 13830
10123 22100
1861 19089
7634 22415
10415 18471
7579 9038
19328 22255
3985 15404
14310 23708
1456 7309
17033 22545
14288 14898
9821 21531
7143 15608
17920 18677
2895 13963
3440 18645
5818 5979
13252 14703
4348 13369
2400 2454
16426 20440
1007 2662
1075 1705
376 3249
9072 23514
17472 24240
9766 18463
1422 1923
10047 16887
5176 21751
6513 16035
2931 16530
5738 9993
10639 17445
6538 23219
2947 23571
9229 11432
6856 20621
19441 24004
12670 13715
2875 5328
22206 22665
13304 14472
187 14302
167 12851
1402 19880
6398 15527
4729 20788
1888 6053
837 16537
19606 23043
20925 23957
15904 21656
15956 22983
10249 18660
9135 24234
8174 18751
2635 17982
3861 15533
1148 8992
3400 22485
2794 17117
6718 15390
7274 18956
15594 16364
12114 14253
10920 17244
15741 23414
6725 14444
4650 19508
1896 22402
15563 16217
19308 22634
8058 18939
7016 23806
10788 22482
9073 20367
15378 17574
1950 20542
7126 17402
7873 19823
20518 23969
1235 3846
7661 15522
8502 11979
5726 23342
14831 19817
3114 13305
5107 10288
5931 15725
15052 22878
6625 9212
8786 23866
66 17924
6912 21302
2962 5385
9415 10314
1440 20096
1880 3749
3353 19617
3264 3874
1943 6731
6169 8555
17805 23905
6703 17614
4226 6887
3975 15373
12381 18977
10711 20048
13941 22184
1384 23610
3622 5933
6834 22136
1513 8559
12651 23574
387 15993
13675 21629
17335 18937
3011 19862
17499 20694
18220 24293
9390 17964
22343 23439
12206 13481
15865 18947
299 931
6411 11828
2153 23148
2763 21122
14036 16313
20236 23950
8757 21519
3923 14702
22436 22972
9300 18089
3307 18785
4698 5223
10716 19661
13458 13461
10096 12612
282 11522
18967 20881
14862 18998
12664 17003
684 9266
8413 16691
1252 9759
13288 20141
21622 23507
3588 12465
5179 21362
5571 15564
11236 16823
1447 19895
10744 24418
6510 15359
3089 19550
10858 14044
3053 15943
10661 12161
9925 22985
5308 18752
3921 17576
16951 17951
11950 21862
8336 10525
17589 20666
2223 21794
8702 23351
12 23599
22244 23683
10497 16069
6163 15384
15578 21993
334 19765
15368 20082
16133 17058
2791 18407
13186 21227
2186 3531
6871 12662
22116 23938
13016 18740
2841 24377
1130 21606
11648 13659
39 14132
5011 12453
14714 17755
5600 18722
4478 22777
12015 22105
15280 18652
7697 14407
6012 16777
4542 12676
8765 14420
13119 17702
6613 13623
6040 16980
2344 10666
2642 17890
6882 7470
5525 9297
1038 13956
7475 13078
11332 20212
3254 5378
7162 19982
4010 10887
2659 20836
680 21089
8552 21692
21049 21112
21102 21823
14956 16225
92 957
21974 22956
4080 15831
2003 17737
1925 19862
254 23049
6179 10392
20215 22007
3452 17462
3081 6517
2831 16438
11513 24335
13321 14609
14267 18702
5118 20354
4908 14909
5824 16949
17883 19367
2936 15919
1974 18851
4741 12879
6946 17102
1620 10201
3137 8889
1838 8139
10623 10876
1875 14526
3315 10506
13956 16016
487 18283
318 9147
696 6833
603 15966
1513 10612
2742 16947
7852 20030
8490 11218
5623 19821
13873 18607
1694 16426
6434 21095
21810 22127
11461 19903
17133 19957
7947 8409
12217 16548
14714 21145
4630 9927
2784 15030
13523 18181
13564 23548
4743 23315
13098 19851
19196 19918
9411 14154
15890 18854
7059 14543
9282 13248
6060 12492
17105 21585
3839 8446
12235 12827
1189 22229
3658 18838
5730 19050
15769 23189
11584 18127
6912 19259
3274 9644
8865 13630
7656 13908
19559 21913
8930 13560
782 22417
9797 20014
8783 11489
3604 20604
7210 19988
4142 6611
12868 18834
5555 22336
528 8327
9415 17596
15261 17598
2528 9583
4680 11344
7445 23206
10744 21313
3409 10153
16517 16803
158 3505
9625 12309
3103 13181
657 17089
17357 22616
8962 22746
835 6937
612 14505
1041 19497
505 6962
832 18657
6148 9416
5059 24472
16650 22317
7655 11164
6141 13163
9222 21181
4145 5926
6582 7758
19146 22296
5578 19677
5955 16130
1544 18715
14781 24044
17304 22919
3414 5575
4759 22292
13296 20352
14883 21450
5058 6670
21220 24393
3190 10345
2269 15339
12841 16668
4180 12592
1119 1522
6083 9576
5783 16282
436 17303
5110 9530
2119 3140
5188 15001
6748 9862
82 9304
12946 21734
4497 20936
8765 23325
7669 13886
4585 13488
18902 19006
1951 5971
16702 17703
10469 17939
1478 21923
13974 21640
65 19971
8285 11415
1014 12046
8193 8629
5229 20433
4063 15263
7435 13313
5515 16487
874 8350
16504 16713
4496 18207
10690 17663
584 19495
1587 8831
13615 17692
7008 14367
2981 18988
9667 21256
8431 10361
10458 20219
4851 10860
2774 23468
7145 8834
809 12861
7665 20311
805 4271
13550 19738
5231 20392
1385 4883
14346 15541
2967 9968
11239 19325
7584 19765
7608 23877
10630 19798
3378 19412
3470 17358
17021 17071
11050 14500
6356 16959
12490 21180
13598 18133
1196 9901
14580 21545
2059 12726
1991 7228
3751 19791
5504 6022
6269 16364
18679 19105
760 18959
1960 20933
14130 17494
13300 20782
10948 14747
3824 10666
3588 16710
5349 20802
19953 20260
7194 24227
12603 17039
6062 21080
12917 17661
12488 20135
6483 22354
16359 23257
2400 13488
18192 21488
2988 3825
9663 22085
7576 12047
4752 20102
10587 20361
10698 11189
12937 16410
5194 22112
21373 22689
15200 17436
1245 14511
3667 12605
10768 14651
11793 22200
18 9702
3957 19172
8034 22384
15168 17469
1509 22244
17598 24357
14463 24149
19506 23296
1156 11503
21219 24386
12261 17906
3651 8910
342 15000
6414 16577
4565 20220
11536 20496
6885 9589
1247 18047
270 10351
15462 17786
7462 17039
1609 15106
4363 20673
9827 18486
9338 14461
19249 21334
16087 16715
11664 23883
18410 22049
18974 22680
1199 18006
2942 18085
10509 13713
7965 13493
11370 16876
11190 13059
15821 20814
4847 9617
1285 8949
9382 24008
18590 20758
14858 22721
12081 24379
767 23008
1540 4129
4506 22920
21036 22691
4488 20523
21198 24419
23527 23850
5359 9079
514 1242
15679 18696
10751 16928
8649 18732
15183 22535
386 13922
11703 20840
5589 14100
9997 21705
12205 21805
381 2049
14291 20922
5598 8042
5281 22744
1781 13714
3352 11219
18779 22302
3357 16859
4333 9735
11639 18771
10058 16069
3813 22235
1671 23020
223 9559
3502 15215
20020 20532
6528 11851
3757 17224
5883 6801
6442 17171
17215 18358
8445 22761
1743 3467
11633 17865
18452 22306
873 21078
7141 21778
15956 19817
19060 19783
9587 24071
17876 21028
18631 18872
632 748
21852 23099
2919 11164
17258 19770
13623 22353
22767 23203
5476 20793
2563 10397
10229 13475
6697 20097
644 14630
8397 9786
11713 13461
18654 21325
467 21461
18071 19678
7576 22169
14402 17074
3873 13082
10591 17065
5020 15002
7932 12203
22916 24428
13795 14177
2310 22599
7759 13484
2140 17758
7647 21392
3229 10529
19942 24091
4165 7891
17311 20284
6417 19655
14198 22372
18134 20051
5465 12306
5548 15766
0 6613
3086 15539
4994 6343
8534 19316
12354 23899
8958 15470
16546 19018
7725 11430
988 19482
17364 20906
17899 22988
2885 11076
1819 8137
13009 20088
16802 22150
17993 23868
1922 21398
3206 21698
2349 22928
3019 6525
5071 18464
4078 9566
1610 7319
3678 16212
7284 16707
620 6607
5812 20815
17284 23203
9762 16576
15995 17459
5885 10122
591 20323
5525 9997
16222 20250
8201 23533
1550 7411
2263 19293
2799 9068
12920 13317
11826 13419
9335 18289
3130 17219
2750 22059
2945 9962
3835 18507
12952 21708
1328 3670
11493 18938
10197 10547
2798 14873
4042 4429
7607 11278
2565 7877
318 13049
8100 22098
12214 13920
3387 6454
23059 23350
241 15969
8322 10060
11461 16485
21705 23924
897 11174
18440 22027
1909 3055
15063 15088
21529 23470
3526 19470
16785 21585
19643 20158
19766 22056
3593 8444
7586 17129
6563 15737
22634 23038
5390 7555
6968 15781
14095 20977
10991 24228
2579 6049
4425 14791
1986 4018
5622 14072
12928 13870
11703 13934
834 22317
14487 17962
151 20957
1947 6752
9351 22967
10794 22643
1757 9177
4070 11754
10783 11070
3016 11322
2488 11919
13361 20208
7975 21390
6432 11406
15136 22538
990 24040
7225 11815
22666 23986
18487 21987
3622 7329
8319 15676
6765 7931
5159 21616
1621 18831
5081 9147
620 3573
7543 22081
8713 15593
17278 19461
2139 21227
7790 20340
6664 15710
10749 13077
19874 20970
1430 16201
10039 19191
19337 20063
11572 13710
1364 4298
14772 23403
807 4236
11826 16422
3359 20090
14397 23570
2663 3041
924 10771
5406 22819
8415 21971
8822 23393
9037 9208
6732 14588
963 13423
16091 18788
3801 10691
185 18988
1543 16225
11328 13549
9234 14390
1253 15189
7761 18764
1611 11449
8375 13260
8884 17315
7622 9764
21559 22514
11320 12125
336 9682
14222 19154
1691 16947
1674 16330
5479 21159
12362 15465
14480 20275
3268 19841
2571 11714
16198 19436
233 23112
4993 6765
8963 14000
578 15537
15523 22038
4982 13959
14876 17350
10167 12194
3479 19277
4888 15788
2306 5021
14136 15124
4649 11996
4167 6433
1338 9440
8690 20844
11226 20576
11259 22354
15307 15876
395 14854
6022 8580
1490 23682
13892 20637
10101 17299
5223 6976
19521 20739
6427 9752
3076 6167
10290 17382
22142 22977
7281 19365
2890 17996
11448 19780
5580 16050
997 21975
6127 6276
14417 14528
15402 16209
5125 18684
5046 17887
7039 10754
1519 19565
11340 23415
8969 12400
5686 8078
15244 21944
11429 15768
2701 3003
8221 19190
10789 20414
11713 14116
14182 23572
9641 22886
6330 7284
15389 16582
1714 8296
13644 22378
537 5813
13767 20610
9153 9396
13127 20939
11565 13674
1029 1658
2826 11811
278 4699
3726 15730
3075 10782
4104 16755
1194 24068
7471 10397
3840 10506
13776 20342
4275 17484
3030 17254
13475 21397
5831 18926
4415 15717
17553 21600
6261 8393
6934 8147
9935 18411
3643 23601
4785 6234
424 3436
23802 23895
11426 20620
15328 21152
17469 23925
20775 23935
8463 11262
13300 13558
18972 24131
1591 4726
1654 10594
1900 8939
1531 17511
5339 24477
11604 19895
3794 17150
5134 21954
2813 14562
2637 23963
8015 11778
20769 23685
14453 22528
17519 24152
5216 9640
4487 17442
14328 15668
1109 18360
1327 19790
5929 23589
10447 14745
7819 15263
18313 21297
295 20794
13782 14461
11004 13591
15203 19147
9715 11646
13121 20895
6113 8984
9082 13319
9055 13331
7792 16256
10347 17194
861 15279
20555 24491
16796 21107
573 3116
2427 17900
7167 17336
3459 10910
19155 19686
327 10748
20446 22658
3259 11486
4716 10968
8900 16072
1217 19154
8640 23943
62 21065
1065 13208
12409 20531
5363 17639
2367 11271
1310 2679
8611 17399
19592 20952
22933 23643
8845 14549
14845 14970
3044 9463
7903 18625
4453 17596
17824 21065
6665 23099
12103 18473
7867 14981
713 7488
5434 17781
14275 14300
5489 12387
5368 9313
19735 20258
7051 15577
7161 18743
15267 16950
2238 6478
17723 23358
11222 23060
16163 22139
6089 23465
11442 17478
16883 23840
11457 23181
2511 9187
19233 19919
19713 22154
4310 9173
1765 4819
6508 13179
4125 7793
5647 10278
870 6646
2849 6017
21201 21344
5536 12753
3873 21964
16350 21952
15210 19462
18602 18779
4563 15192
4997 11477
8192 10348
752 6637
991 20024
3509 19093
16307 24290
3488 18987
21488 23544
5248 14194
19996 23078
5711 20697
5000 16070
1947 16652
8169 11021
9297 16133
6837 21355
7362 16459
11013 19472
12795 19139
15900 16633
14094 15119
6449 24012
14065 18023
10886 17077
312 20142
8705 15011
6669 7271
968 13926
21878 23289
4454 9166
21900 23035
2789 6237
13472 15286
9710 20181
16876 20400
6275 12075
12527 23630
137 12873
9931 20054
7721 21048
4098 14451
16362 22731
25 15669
12218 16605
851 12911
21597 24394
1013 23355
8902 18764
14371 20714
12499 19910
10103 22090
12617 21178
286 4077
13050 21901
9505 12510
2863 17396
16860 20861
14605 18997
18122 19703
401 6392
12707 21041
8158 20790
7976 20584
2827 19686
12834 13071
4225 21683
467 11066
13115 13989
18876 24087
8112 19895
5329 17172
1091 5264
265 23589
7326 17979
5457 15682
1139 7519
8529 23738
13548 14430
4555 7667
1115 20065
1197 4232
18606 20621
13264 19038
5173 21637
10614 23052
2220 7178
5748 24134
6629 15449
12983 21243
13058 15853
10122 16075
2140 3322
3392 12339
1112 16597
6039 23043
6204 11478
8626 14286
13899 16830
15370 20689
10752 19887
15133 15744
2341 5630
15449 20195
2366 17167
12128 18275
7502 16620
4840 6391
11035 21758
1901 21404
2736 17757
1928 15425
28 18099
13908 14707
6729 19348
2584 11562
831 21352
7551 11185
10126 12698
1965 3497
43 17901
1322 24287
17317 24230
1187 20372
10334 17014
6612 8208
8777 13914
545 17068
7210 9650
6719 19423
8119 11153
11160 19643
1800 11527
9425 20310
6626 9917
19118 20517
12015 18484
19091 19620
21003 22408
239 16101
7586 12326
16141 19722
9164 23363
11394 22231
2180 6649
3277 10385
7498 15581
4523 16316
10300 22784
13686 23784
8538 23320
6147 20351
18768 19838
779 17992
690 12638
6400 21639
14181 15129
3211 5744
1423 2977
2063 13304
7942 23270
6458 16833
1682 10903
10549 20273
4202 8468
56 7716
8024 19259
4307 10444
6214 6274
2869 10066
1125 8393
13783 15823
7380 14935
10788 23443
8282 17747
10901 20132
8536 14573
8901 14303
8728 9464
21483 24423
15410 24258
2702 15867
394 18783
11245 20771
1611 15644
4500 19628
1415 2607
11136 13355
907 9991
11556 18241
1298 7031
10536 11177
19677 20789
17888 21496
6033 19410
5562 7690
10804 14849
4831 10953
9638 15010
7544 8942
895 17870
7947 11663
5449 18108
18358 21912
21089 22487
21683 22342
10335 20801
438 11574
3892 14936
2606 12243
2850 20831
3549 17382
6043 11457
2641 24239
3250 16743
4980 16545
2242 16045
10664 11585
13543 16639
1158 1701
18193 19358
1602 22373
4386 11838
8253 19358
16663 22793
4734 15472
3663 8638
9293 16479
19739 21097
15296 20821
16417 16786
1170 22013
9588 19569
10011 15361
2266 9067
12109 15236
4411 22646
17851 23357
13533 14375
16256 17492
3148 14807
7127 21395
8847 16790
16512 19184
7412 9052
12047 23110
12282 18809
5993 7822
10476 10489
4650 5611
2671 17318
15743 17589
13117 13829
3598 21273
17576 23344
21032 21159
19638 21319
1420 11622
3578 11464
14630 18105
17408 21417
12275 23154
4453 21081
1717 16690
4296 4447
3720 12464
1995 8472
2146 22250
16395 20328
1894 17958
5530 19904
6652 12308
2492 18882
4411 12307
8688 17574
8887 16152
18005 22073
17876 18140
13311 24415
16388 21311
8557 24333
8493 18181
4308 8811
13625 14405
16172 17006
15623 18528
1975 2725
982 23309
14972 24311
14396 20560
13458 21817
4560 10886
10888 14756
6489 13873
6746 8504
9710 14205
6124 24397
7397 9405
16606 22830
21603 23708
3843 9404
3598 14865
18193 18375
2201 22928
1282 15601
314 10698
8589 20707
19567 22300
6122 10543
2315 11564
528 6905
15281 20809
3722 13836
22672 24242
16545 19899
1855 20421
10325 17367
2659 15016
3694 16597
1203 10930
7307 14949
4288 14437
2635 21583
16523 21715
57 6375
5451 5622
11586 23340
16080 23811
5330 16359
7585 23785
3190 18584
18292 20503
3160 21506
14247 18401
312 20764
2065 10795
1966 7730
36 5605
1994 15774
194 11970
23472 23972
20670 24291
13557 21440
1848 15158
8725 11348
9922 10173
9744 22753
14989 18931
4768 6148
6815 7943
12645 20858
520 15289
1774 7173
12604 13873
21363 22962
2282 2580
20089 22194
6152 10582
3258 15813
14951 16494
8347 14723
13498 23229
18706 19456
1792 17431
8371 17678
6266 9916
22680 22697
6792 7177
2092 14876
3836 22067
5211 11806
16570 17847
13507 23493
4215 17284
18645 19644
11026 22930
2392 4502
12617 22576
1807 18890
5278 18757
19832 19884
1173 5154
6917 7932
16182 23466
8918 22685
13509 14232
6715 21906
10889 17252
10134 23616
436 16350
13721 20974
3099 16017
13147 20822
19664 22318
14360 17719
3685 19113
8198 23372
7006 14330
5180 17646
20939 21635
3018 10209
20594 20897
5936 7599
1320 13453
189 16183
994 12109
2617 8702
9096 13251
16356 17995
539 18068
6607 16309
8442 10626
1413 17717
6678 17018
18242 23767
1044 13178
9457 13464
11296 17445
2620 21912
20841 21117
21479 22555
10616 21776
585 10774
4926 9939
1053 21618
18059 20353
595 1176
2085 11378
7287 17988
1813 14371
1922 23515
13848 14035
19068 20824
12277 13383
6255 24433
4698 8396
190 19924
4032 17578
2907 16433
17154 20246
16857 22786
6098 23260
2717 19706
14460 19913
5103 19081
8679 10986
18577 19516
14851 18286
9131 10393
8717 14361
1841 23342
5733 7849
85 16661
14776 21585
1573 21429
8865 19021
5250 19966
1643 8264
15365 20034
19715 22489
5832 22648
3999 20289
17394 22125
19998 22847
2144 21768
16397 23407
3511 22128
20838 22991
13786 16944
17243 18612
4413 12961
15963 21873
7349 15051
17698 21006
2904 16775
19439 22440
1759 11717
6411 24379
3500 10636
13074 22417
5425 9514
3450 8110
17729 18966
10211 15389
11109 23856
15353 18165
13171 15148
877 14812
13157 14833
6780 12507
8133 11037
8777 11980
9640 20142
10643 10820
20257 20786
3531 23020
1482 20372
1245 3742
5480 23457
8632 22730
3766 14316
5517 11444
4619 9476
1792 5383
18136 24012
3151 23593
6641 23792
7582 8093
5733 18700
13629 18847
10709 22494
13286 17749
19278 23730
312 10395
23101 23199
1945 16344
4668 19705
7959 18389
10688 16471
1607 11794
17735 23914
4901 20514
15891 21184
5660 17202
14282 20143
12855 15064
7323 21939
296 17158
12737 18984
3887 7275
2420 17070
20970 21909
4738 5040
12055 14905
3353 8028
515 16418
12025 14991
11898 16508
3974 6362
9327 10598
12284 18180
13502 18185
1923 21017
20255 24259
4468 23288
10636 17961
8855 17177
11812 24321
2447 13446
3755 9571
3481 12434
1825 7741
1192 1907
18521 24281
9358 23241
11505 20088
2915 24051
7562 23194
14713 20157
8135 13826
15759 21743
4014 20511
16049 22726
19493 20315
18323 24035
261 12224
14030 20158
22882 24123
3375 6184
15636 23617
2628 22027
8981 18929
13064 22031
12108 13481
2162 3209
17184 19579
3759 9370
14993 23264
6117 22084
5673 23272
3465 12949
2458 7184
7943 24237
2789 13490
4579 12839
4794 19115
5777 14385
2309 12972
13817 16934
4627 8096
13376 20844
6086 8851
11887 20021
22082 22103
12162 22459
14744 15094
5960 12782
21570 22027
1913 23490
2742 10371
1668 19504
9606 13395
8870 14254
17902 20460
11592 18600
14241 19990
3922 14498
5653 15354
17913 24381
3007 15594
6930 19727
4151 4941
10401 18886
5915 12432
126 4045
16391 21973
199 259
1542 15565
4532 6028
21779 23166
1228 17489
4494 17664
3263 4383
14343 19674
7381 15931
3952 19854
5303 12681
2840 8690
22700 23474
9154 20367
6520 8216
20983 24476
6192 16368
809 22413
5598 6017
8597 16111
1579 2629
3451 6688
7168 22237
5293 13915
4721 13248
11594 19445
1579 11621
13870 24260
673 12956
17355 18990
12998 13784
9875 14578
12366 13347
8262 20078
1165 19217
6184 12091
3056 20158
9654 18920
16124 22791
6624 16462
987 1313
9880 23274
6409 11009
20628 23538
18432 24267
13176 18351
2718 16796
19206 24001
8793 24094
3639 7005
15675 24123
16685 18290
17615 22917
13404 24173
7172 19017
5163 19282
545 1166
4286 20835
7069 9335
472 16642
3991 22034
16962 20224
5311 20297
3049 4532
9211 21291
11870 21073
1809 15115
4018 6213
18488 18635
563 14183
1196 20858
4460 5211
18112 20422
15077 22232
14231 21410
2119 12374
10789 24014
9342 12965
16696 21370
21037 21419
3248 3597
1719 14270
4776 16053
12036 16740
2034 24248
1658 5812
19628 20997
19658 24148
9545 10492
1798 19111
2158 10404
12468 20124
22840 23873
16139 23855
8198 20401
14791 21666
19888 22416
31 3585
5207 23297
10384 21821
8736 16905
3571 8333
8271 22409
249 22271
687 5322
7247 12591
2499 18557
6880 22515
15994 18197
15061 23965
7382 13439
20243 22337
4559 11881
11154 15736
3186 23625
17176 18785
11523 13149
14049 22656
5715 13328
7076 17187
9541 18422
7506 7834
20017 24310
16194 24013
5917 7660
6109 24420
17769 24309
13206 18266
7918 16304
18604 19527
588 16322
17150 22815
1881 23233
2893 10333
15775 18892
3430 8930
5662 13619
593 20274
6635 8921
14838 20855
17255 19684
4101 10731
1673 14473
8984 13411
6549 23792
3771 8891
11079 15202
1588 10695
9636 19884
6933 18985
2244 9789
21611 22945
12604 15993
6927 10420
6112 7407
14140 19781
11009 12469
13720 22515
5073 21161
6765 19303
7058 14674
13048 18591
10121 11877
1098 7201
11494 24404
8364 12024
7441 16638
11793 23015
12803 14908
12404 23546
18389 24250
10434 14955
14913 21603
3267 4337
24 17901
13284 24215
860 11608
11272 13336
1820 2905
10921 15923
7258 22250
10338 15735
4672 10305
4699 10006
16845 18884
7464 8326
951 7994
5976 17244
9678 15722
10716 24390
2013 18705
5714 15170
14636 20875
21148 21274
2661 23605
415 5526
4175 7492
4694 10838
8756 16172
14522 18466
397 18174
23731 24337
3459 12969
18575 22389
1263 14649
9524 13624
22536 23694
4852 14161
14297 22339
5684 9573
15981 16788
1713 3712
6220 23608
18958 22241
9131 13421
5508 22550
16012 23755
15222 18962
8608 20742
12145 20158
8697 17020
1315 8263
4709 22464
5904 18722
9344 13604
15764 18263
10269 11369
10602 15556
311 19111
8612 14113
913 20846
2954 6022
2141 18024
3148 9464
14414 18786
10181 22383
16231 22642
1357 1912
14537 18014
5037 18619
6969 16347
6848 8363
624 5683
15978 21692
293 20527
4419 17917
12343 20945
9350 17307
5369 14280
22661 22732
764 16965
14371 19529
15438 15559
144 14647
1318 15401
20280 22968
12998 23751
8879 11919
3564 23462
13928 16830
7879 20482
14458 24448
4836 9436
2802 4837
12637 16554
4745 10776
12861 18382
18443 22384
1776 2453
14674 23550
19164 22942
6237 23086
301 20469
2630 13217
9149 12245
17419 20150
7696 18458
4354 12129
11266 24145
9108 13766
13526 22423
2725 13302
8944 15013
10503 11373
8723 11779
1127 13633
5575 9938
2788 10660
2462 20870
1001 11967
2831 11768
5917 15737
12185 15234
8356 14354
3509 23164
13234 19694
3932 19699
8755 19512
13378 18532
18352 20667
18605 19753
4001 5424
9738 23207
805 9727
1291 22475
14241 22604
18567 21074
2876 20808
2659 10759
19224 20762
13684 21985
23973 24035
10 16163
2041 10310
1041 8572
800 3022
14582 15234
1667 4639
10269 16899
3475 14297
12469 13250
8817 18781
18060 18511
4556 19718
6507 7419
15524 18336
1481 3779
10419 15343
6464 10886
10998 22883
11695 18912
69 23128
10088 16566
194 9683
3939 17771
4948 8605
347 8854
11646 24049
3070 19205
8850 14379
2423 21980
5207 8902
3135 23365
6270 7026
6830 17099
6314 21609
4487 23365
1966 6697
6814 22251
16744 20289
475 10896
3547 5354
1537 2532
1700 11531
9632 15355
9169 14507
3747 8902
13434 24181
11689 22182
10599 19609
8227 12527
22910 24382
2895 7665
1035 10409
14356 21768
5313 21653
10941 24157
14525 21343
6007 19196
5897 22826
13597 24445
11663 24259
4104 23111
10937 19122
19589 20971
9993 21400
19575 23844
2462 12031
11988 14664
170 12592
7407 21872
12315 13670
4553 6261
11562 16376
8088 21010
5779 20036
6016 23708
6117 15274
15810 20387
11244 15414
6354 9196
2331 15057
1754 20542
21816 23627
5899 22775
1024 4658
5191 19545
5492 18096
581 7895
12212 24193
631 9653
2368 6038
8143 8267
14619 15611
12783 23947
4465 22138
6174 24028
8386 16153
8545 19072
4305 19923
7416 23661
4561 17263
12822 23346
1797 16882
2721 15173
14281 21529
12666 19976
16821 17596
8110 16838
2049 12635
17547 22936
7755 12790
13164 22575
9599 13847
13354 19225
3732 17365
2183 9823
15686 16798
14618 18320
478 20512
14377 23237
3656 9023
2407 16289
1562 9532
2718 18875
16226 17887
8159 9217
11577 22359
7270 23574
9189 11655
15207 16069
698 10042
2281 10205
12025 19185
11276 22184
11607 12125
3603 5704
6225 7935
14452 15738
11108 19726
16301 16758
1547 4142
3323 7001
3479 13436
683 21516
572 22816
8590 14788
21307 24204
7916 13762
6536 7935
8092 18033
204 6347
3709 21788
8793 14787
17605 20517
19445 22657
6198 9974
13125 18150
3573 13487
6497 13723
45 17175
9118 9401
16653 21781
6333 19166
13768 23440
9793 23110
10218 14951
13598 14737
3182 19845
1217 15840
11676 15310
2673 17255
10843 17414
9632 14627
3942 15201
10376 17797
5431 12687
3497 5271
16197 20827
13826 13976
807 9770
11151 17130
15151 20333
10321 21960
9640 16167
259 12899
6633 23234
9164 14210
13352 20465
12359 24394
7173 16066
15505 15964
14468 18469
9045 24273
16390 23335
4771 21634
3255 3904
14330 15035
930 3019
9854 22356
10379 14207
7912 13022
3147 22247
1125 1343
14201 21386
16668 23003
1308 3730
1006 11620
12123 20450
6149 14497
2303 8540
3383 8556
14141 20632
3273 9536
16933 17851
17614 22533
3332 22310
9100 14597
22554 23122
5652 12227
7367 15042
4045 23142
21432 21795
17063 22262
13192 14334
3130 19769
6956 16425
615 6420
2061 24149
16303 21754
14443 24119
1248 5135
15595 22294
4362 7488
17669 19884
21808 21965
3786 6356
4796 5036
4640 22039
6158 8977
9317 17382
18238 23226
9342 19160
2103 16800
3229 20604
4424 23036
889 21048
842 18178
484 23570
10873 19818
14754 22424
2205 15275
3266 3556
3619 9532
10504 10707
5645 14168
3183 3204
5403 7551
8974 19106
4464 15007
12406 20357
3256 10564
10808 11244
12534 15142
3591 5589
14002 16027
13162 17632
4573 15018
8729 10542
2846 4439
3183 18386
7031 13291
13541 15154
3683 12694
16084 18401
13457 23374
4712 11961
2268 17991
4645 23036
20345 22256
14927 18192
7886 19143
7252 7691
12221 21172
353 8052
3594 19305
14659 16282
21125 23895
16704 21711
5197 13306
23232 23552
9571 23819
14390 20201
10530 17200
7140 8605
1320 22897
16397 19014
9881 18777
16914 20601
10950 15414
15447 16496
683 21046
2499 5319
19430 24388
6727 9348
22877 23494
1790 22279
294 23017
7903 22524
6902 9031
19064 21644
10744 13333
14368 16092
420 11738
4813 6664
475 12433
7448 20580
3141 5143
31 4048
6864 8227
6822 12170
6989 11091
3903 11574
2444 22274
7414 19683
14278 20934
14825 23494
11632 22064
4902 19633
5588 11622
4942 14778
2070 11109
2577 19283
17888 18291
17683 22694
10424 19668
9223 9825
10538 16287
10221 11851
16944 23309
15925 20063
3769 16426
8772 9488
14749 23947
13025 16914
1078 10087
5550 23677
9729 14944
18651 21426
20972 23106
10293 23368
6891 18791
8729 17208
16036 24136
5792 11404
10666 13002
17239 17602
4569 7456
18035 21968
2731 21613
3855 6715
10693 15511
4329 21050
23654 23722
9282 19976
9271 20207
6454 23713
537 10661
7431 23622
1283 19863
457 1243
1616 22028
11329 16803
1974 9375
931 5555
9442 9598
13913 21017
704 17469
12262 17406
8193 24020
7879 12221
14086 21374
5457 10889
9557 12125
7309 21612
16178 22302
2934 22487
8704 11009
1772 2111
6552 23283
9019 17726
10304 15909
9567 17723
9313 17500
3846 18217
140 12722
19900 21161
1719 11540
498 3543
12246 14607
820 3366
9912 19088
644 17209
12204 18481
6813 13968
2682 10558
19456 19605
16174 22869
693 24085
616 21954
2617 6585
12844 15707
6980 23464
23277 23915
4338 23627
9640 22484
8543 20851
9031 13724
729 17685
500 19120
6356 11105
1437 6866
7274 17555
16293 18794
31 18725
5106 5933
2231 4025
21621 23521
2494 9127
16197 20020
677 4978
6493 20860
9683 13811
11188 12820
13834 21012
6879 16552
5254 8043
10364 12841
16605 19253
4109 6656
4302 20470
7649 14621
20746 23776
1227 3556
13677 17053
2447 21679
7833 14545
57 15945
561 8763
14207 21755
3132 8616
456 13963
15510 16338
9977 11057
18104 20747
10927 20837
6461 11519
5963 20265
10338 18115
12080 18807
20109 23728
5330 20975
4960 23987
19796 23511
17335 22271
22057 22766
306 10152
18255 23855
8257 21924
17703 20790
7641 12345
5694 9809
1498 8294
15705 18581
10405 18616
13975 17536
12891 14626
7152 9545
8345 13208
885 18515
6926 8649
610 4517
1122 11130
11369 23265
8008 22669
16703 23806
1872 16324
10795 22709
11015 13888
8038 21126
450 5971
6395 19804
3719 22877
330 4293
2247 2933
6431 10667
2438 14051
21162 21987
6785 17827
5613 19280
7172 17514
19237 23646
4008 24349
6914 21389
2004 10810
7465 23312
1842 18188
17203 21558
20159 20204
18341 19868
15435 23994
2072 12025
11062 13811
2442 15295
2433 9085
3859 11086
1728 23446
6677 15428
11577 12275
10085 18274
7529 23265
20095 22167
7507 9907
11597 18462
5543 11732
14325 21061
4009 7696
2184 22253
10300 21789
10454 11198
1450 11741
5760 9277
21 18969
1972 5618
7056 22263
13971 24463
6722 10012
15652 16119
4860 8071
20620 23771
10787 23730
18903 22665
7572 23960
14079 17015
1520 2864
10892 12383
1642 11511
9918 22673
10617 19796
2072 20453
8417 24444
652 6989
3208 21452
3890 21908
8503 12764
186 15685
2456 14727
1384 6145
3642 7935
7678 14919
11709 18792
2705 15666
717 17350
18095 18223
6025 16757
12154 18181
17666 19932
3291 7689
11939 15237
15151 20921
3955 16115
1510 12453
9743 23177
9252 9925
5016 14961
7393 14559
857 4616
7602 19353
2417 23578
9906 18929
7467 11893
378 17417
2103 13052
757 7040
14891 18053
5571 16569
150 19084
10188 20563
1746 10633
5420 13480
4220 10174
5471 13643
4969 23658
6053 9342
6297 15790
1953 14553
7674 12387
13590 14057
17244 17447
7786 11271
19529 21928
15044 16519
9039 11836
807 11912
4811 5863
9147 14424
4712 10843
6586 14506
12034 14081
14553 24390
4601 10600
1006 4642
11327 24444
4360 7844
9644 17587
2628 15934
14238 16633
943 24030
14087 17913
462 18848
2157 4814
2975 15260
7222 14066
13568 24139
12396 21420
3133 6452
7601 21159
1514 17784
8174 21303
5839 11800
8674 13587
5471 12423
11747 13811
4464 21015
10555 23436
12592 16152
15831 20392
854 18460
13947 24138
5978 18748
2343 23890
1535 1813
260 16553
2853 17855
11177 17077
15453 17974
9748 10885
19407 23707
1560 18968
18835 24232
10463 12831
4022 10942
160 10692
4051 6120
255 7318
1463 19669
1340 18485
2016 10233
4127 23203
543 18795
16160 24245
9488 19257
7650 11255
5811 18866
176 23843
10348 15388
6738 7155
6678 7294
13134 21677
20597 22413
13256 14411
3730 20118
3414 9097
21559 23324
5663 12659
1765 21893
3810 22900
3956 10151
19145 21769
16465 18056
11771 14658
3357 6751
3499 8993
4517 16961
5205 23845
4373 6597
5011 15858
7763 20418
16459 17072
6331 10403
2083 3854
4788 6078
4019 13559
13811 20348
7593 15719
2088 19725
18191 19479
11930 16660
7625 14193
12406 20349
10639 13083
11443 11602
9774 19142
5282 18754
3506 21001
2389 19447
11482 15672
1102 8745
9626 21580
13364 15356
7850 21568
4268 18188
11446 22626
19650 21043
819 17402
8941 16883
9287 12443
22483 22656
4196 9606
8062 16207
2323 3501
3247 14561
621 1058
11786 12056
901 7453
15234 21403
8358 23470
7208 7678
7952 23786
19445 23498
2755 11316
709 8261
14214 14621
2634 4372
14482 23750
9703 11026
6804 13778
1058 17709
11503 17942
17344 17486
3548 18043
7406 18065
14033 16400
1978 15378
11371 20607
2868 9994
1546 8284
5255 5720
10446 20625
159 4280
4190 11606
1885 4840
4995 22303
278 15042
1411 9111
3346 3567
158 3827
8227 19905
7956 18059
6407 12866
1248 22043
1334 3865
2605 20324
11683 23054
12798 22332
6520 23587
16530 19724
7973 19461
369 7345
13287 19606
18036 21770
23560 24382
293 21274
6848 16222
10941 11724
672 16722
4020 21201
11690 24463
1645 6733
19477 22842
7998 13773
17925 21037
4434 23032
6526 11205
12612 14960
5832 17428
8828 20851
631 21107
6686 17148
13462 22754
1094 16037
8320 20993
9850 11226
2167 23684
14873 15626
7314 20088
16984 17130
19691 23614
5913 6711
5713 17622
3414 23637
2306 3630
1237 17797
5196 6367
22830 24199
7722 10449
5583 15463
7724 13876
59 18269
643 20045
1323 15775
7922 16791
21371 23112
4999 5439
4373 17575
9707 13000
8127 15287
10898 22922
3997 13021
753 19848
12414 12682
9289 14584
19155 19607
11209 17719
9346 10998
13845 14396
898 8555
3906 10904
4095 7221
4873 12891
11606 16270
3396 7081
8378 10794
3304 16188
3678 12919
11927 13710
6880 19901
7394 11376
16843 17144
6485 19444
6638 12932
3764 12681
18493 22853
9981 23790
18233 23491
19593 22488
7200 19516
3164 14056
9639 11593
4701 23369
9869 20976
14814 16301
12372 21780
9458 23844
2284 21893
318 15752
1021 19816
3892 3998
482 15832
2741 15830
2207 11733
9103 19966
7056 7792
9901 11197
8386 15969
2387 19505
1764 3755
8203 9738
4935 19415
12731 20013
9841 17403
7389 20429
1785 6386
4713 16526
783 6754
1923 7978
5328 15170
22392 22906
2927 8416
6270 20743
1065 22679
5513 9769
1897 8255
8120 16711
11994 23845
19788 20417
12697 23467
6319 18341
13757 13820
15946 23138
1976 2035
1952 8484
5297 23643
15907 17967
1427 1598
3801 11055
12828 13490
4124 7335
7068 10089
14736 20734
11380 23421
4265 16878
8876 22737
12867 18449
16946 21169
6490 9105
9997 18729
4199 20911
4581 9182
2750 11226
13507 24042
5155 17960
5771 6372
16458 23812
13660 17410
1498 23955
4343 17106
1050 10897
20905 21867
12372 12761
3236 11378
8697 19259
4320 16740
3138 4353
18381 21819
1499 7591
4105 6100
13093 22634
12782 24002
9411 12574
2983 14962
7824 8597
11577 17668
12008 17424
8284 18205
5971 15593
12078 14855
13381 14798
8552 13739
106 15282
3863 8441
2911 17000
10515 18127
482 18660
1435 15950
6510 11145
15837 16377
3449 13018
12018 23815
7045 13191
4292 15287
3727 11142
8552 18880
16324 18528
4919 10445
2858 11373
2102 12240
9829 11099
1202 3477
10985 17904
9956 19599
16734 16998
19384 23955
18075 22609
8247 11361
4064 10385
4763 18526
19873 21751
760 14026
1819 20992
332 9395
5148 7642
5294 9669
3610 19370
1536 2614
10619 11882
20367 23241
6651 9588
12739 15317
2328 22022
182 17945
1915 4227
12621 22109
2024 2820
10836 14339
7224 20378
15022 19259
5360 17691
4571 15661
10202 17225
6550 19663
11620 18769
6778 10085
3260 17928
7421 16427
9798 10299
3989 9634
2620 13056
1826 8838
12474 17481
9429 16103
1 194
15675 17360
7552 10190
3692 23725
13677 22292
9053 11455
15938 19717
844 1410
3216 11352
14458 24092
4097 13047
10103 19433
12863 24000
5598 15225
20440 22447
6209 22542
22138 22240
6146 8647
7613 18304
705 16571
10854 24237
7518 10588
2390 5837
805 12240
7787 13335
17176 22833
16559 23166
12237 18446
3178 3964
4413 16890
6267 8560
7817 20757
11016 14850
16110 17906
8810 16731
5357 12313
4432 15927
17111 24024
6326 17658
1949 8776
3929 17275
4100 5528
4070 11272
3940 8643
2996 5388
4041 4621
8324 23569
4426 11178
9262 16640
3490 23835
8313 16118
253 21148
10356 12577
5663 24487
3854 20657
2921 11210
2564 22057
49 6308
12325 20837
7180 14948
1328 12359
1395 12580
268 17931
9035 13147
5511 9543
7610 18276
11259 17667
8763 23316
3660 12711
5964 9025
7796 17172
630 22629
11746 14661
20159 24066
13223 16558
8795 24339
9421 10412
3507 22948
2103 20460
19189 20924
12575 24039
1301 17977
5185 17076
15138 23814
7720 16379
4238 17571
13110 13674
2759 4511
1645 14714
9216 19327
4785 5918
11307 19123
20888 24419
22962 23231
6042 7613
5945 19213
10915 14780
9175 22613
7522 8814
2926 8586
8267 18540
1216 12765
6857 19466
4001 8671
2470 21498
6307 18642
7297 11421
3443 9824
5946 6693
740 9937
17265 20523
1434 5016
2422 14514
2419 20596
839 15584
9101 18069
3794 11765
5852 13231
16052 16938
451 15374
5524 22920
14160 18264
2847 14940
12482 23331
5129 10340
7508 16261
5185 5958
4165 8142
2794 10118
20003 21135
21240 21465
3680 20557
3122 8436
9163 12721
120 24302
17735 17932
4996 15724
13221 20863
203 14475
4151 12365
2350 2570
17830 23215
10499 10951
2179 10437
4476 14235
20318 21573
12573 15250
7559 22706
10023 22898
5298 11213
12208 13787
5295 9923
4574 20883
1229 9168
3642 19876
6789 9296
12743 20347
3568 3608
9507 14168
1119 18733
5170 13851
15070 22642
8667 14106
1386 5472
947 17457
6173 17133
16527 19489
2079 4910
10030 21227
7764 22342
7302 9091
11240 19501
12199 24038
12991 16224
7117 21900
1530 7378
776 2432
14498 16975
696 8155
5009 13587
12657 22280
7642 8392
5765 15657
12377 16255
14150 21960
2652 22202
3833 20920
6450 23270
4501 8793
13064 20171
16340 20822
814 19008
7615 23916
5123 15154
3775 14113
1457 15895
9000 22969
11834 18814
22141 23604
3557 15336
11265 19939
8097 15180
7800 9803
2225 22721
5632 23459
1395 6453
9752 15390
771 11487
14702 22767
3772 16857
521 9493
14657 21560
5780 12239
19816 22115
5100 6869
5977 13666
333 4702
18685 19509
3665 18733
3788 9674
10971 23156
6671 16623
11332 16923
9752 23231
3702 17197
1773 9384
5859 12944
7281 11448
4112 7427
177 1414
19453 22459
11040 11203
3129 15970
1189 18234
8597 20270
10799 20831
2699 16441
15874 23895
17034 22833
7980 22235
8466 8701
11558 16270
1040 23165
11448 12008
10795 23645
327 7244
347 6681
14049 20275
12753 14051
20556 23542
5467 6085
3905 5176
8010 19439
5131 12764
283 11529
18813 20458
9827 10070
407 10376
7595 8236
10750 13246
4347 5540
10891 22513
108 16292
317 9168
2807 8722
15115 17069
2101 24336
3990 9006
2431 3355
2855 13950
6763 9888
17736 18249
3778 13282
2300 23792
1217 5206
3483 6576
8578 20193
11408 19081
327 2980
15547 22230
4366 4432
4287 7404
16411 17143
3482 7022
6033 21983
6084 14285
6110 15449
4481 10252
11024 15290
2216 11154
10244 17227
10192 12072
1482 8622
15464 22422
6884 18196
10858 19229
7722 16943
3613 13869
7808 19442
8895 10411
14255 24304
12869 22731
865 5108
5861 10059
9419 16175
926 1011
5031 20072
21081 23867
7625 11889
8257 10250
6640 20922
13298 21083
608 12232
16612 23225
5768 10807
9447 18108
17602 23040
1527 13928
4144 23823
17981 22013
9687 19790
7051 21215
14346 16151
1589 10045
6567 23542
5184 12199
7300 17633
6927 22377
1935 11493
3337 14668
13514 17055
9401 9875
4428 5611
10697 16320
11104 23736
12603 13495
4406 22673
2640 11064
12910 14536
2356 13454
13610 16650
3638 12917
836 14011
13722 17447
3053 20161
2536 20942
14468 14914
1940 7635
2711 10987
1333 21547
1810 7516
708 9677
18086 18087
5122 21658
4082 22997
13250 18965
15194 21593
22814 24429
2408 13593
1912 2067
15398 18774
4024 6189
20032 22524
14642 17225
1744 10807
3563 6533
7863 16688
8151 11449
12383 21756
5106 15707
6163 20971
7101 19202
5906 23511
3569 7979
1408 21883
10493 19906
7416 15036
1033 11111
2041 5557
11043 12919
4887 12881
5050 14359
913 14512
982 7397
14822 17654
5861 14407
13921 22450
7998 20228
9692 24019
17821 23755
7551 8434
9742 22168
4764 14497
1669 8478
541 12577
8512 20393
2625 23665
14792 16010
2224 10889
6556 8209
2708 18198
12345 18572
6470 22263
12381 22111
3243 18615
251 6634
3601 17491
4367 12755
17429 24247
22464 23437
13283 24377
10550 17155
12398 23529
15047 17460
15968 20291
11356 15474
3689 10631
7400 20347
2663 15117
16987 17297
12151 16871
13905 15033
4008 17401
11228 12830
9332 23200
11986 20250
3304 14950
593 9398
512 11645
2435 12508
6451 8509
2796 4809
18491 23728
9894 18848
16822 17312
7089 9468
9597 19705
550 18186
4046 18872
4538 22047
19718 20081
4528 19592
12955 16035
92 23463
1422 6847
11746 16321
3102 21718
7099 22199
18335 20963
3025 15229
6710 24153
8642 13441
5571 16506
2235 12712
8660 23087
10591 20662
12457 19953
12202 20085
5860 11750
3024 3939
5208 19247
5289 15996
3064 21954
12915 17956
505 2487
877 2667
994 8187
5429 7624
3071 4267
8903 21275
14477 21668
2655 12448
1843 2229
5924 7055
10870 20867
6819 10818
6275 20102
6320 13261
11402 16587
13267 18611
476 24117
5609 8584
4885 5412
7238 11652
18939 22727
17961 20163
2947 14967
6381 22192
1732 22707
10593 18166
1805 16141
7002 7068
5076 16263
4681 16942
13279 13537
1172 4250
11440 17004
7889 23202
20318 21373
12773 22555
10237 14839
6582 7692
8022 8611
5242 19985
2956 8806
5119 10500
15019 17906
19592 23739
6236 14729
2025 7990
2378 21291
17537 19527
8719 13840
7286 15271
11044 17136
8448 19633
4337 7779
2362 23720
12370 16493
16329 24067
981 20814
1624 23121
2619 8190
5135 17149
1216 24118
7933 12701
1005 3128
2384 16029
107 10602
44 8853
1525 8941
7599 13631
7818 14537
7195 12999
8332 9134
21362 22871
6998 10381
5501 18476
18635 18668
6622 20620
13668 14890
8854 20412
7405 12479
9497 22667
6733 6820
2600 12644
5124 21653
7121 14244
2029 18097
14621 16659
5328 23011
7525 19013
13392 22107
6034 7334
10014 20548
15463 22789
2953 21634
8080 17690
4014 16359
3686 15164
1133 13261
1631 18719
13288 22657
16742 17792
4326 11047
14661 22789
4921 11778
7756 23842
1161 14319
5691 10652
12870 23064
1815 23989
3835 5067
11454 22613
3770 12950
8555 8779
5843 20575
1998 19357
19149 22647
8465 9291
10191 15047
1319 14632
2211 13632
6434 15035
1041 17977
12258 21393
2143 9914
13712 13985
2331 5688
7398 9886
3224 8496
6623 18317
11166 14276
1382 18687
5346 13679
8656 18135
3014 7207
11069 14562
5448 9181
151 9546
962 16790
17293 19428
6706 20625
2432 8077
16887 20062
17847 20904
11238 19295
1078 9213
8103 20036
15856 17699
7770 14946
4261 5559
3774 5266
2220 18917
1138 11195
20545 22536
20376 21227
5311 10041
19111 19522
7112 20349
5514 14113
8880 16914
2017 13876
296 24434
17612 19294
2928 22189
5522 17275
8428 22363
6371 14180
2388 18718
3234 5781
9722 20345
12548 14767
14403 16904
4315 4606
7170 22171
7376 16818
606 4478
1583 2493
7226 15000
8789 18411
7656 9310
4885 16321
38 6528
5380 20930
9943 13760
10357 14468
5540 8629
11713 13187
2486 13067
3238 11917
3580 10583
190 3132
15307 20150
20176 21496
3437 23564
16147 21056
7064 19157
10593 14037
6416 16749
13510 21766
5807 12438
11732 16704
108 14666
9348 15287
11390 18250
15507 22365
1975 19086
4358 15048
1885 1986
14436 14833
984 5821
17083 23236
664 6690
19858 23807
8535 24102
14176 19715
14949 20733
5948 13967
7142 11532
3173 11005
1472 18672
4770 7602
12786 22027
2776 3580
16629 21713
602 23341
1961 15811
399 14661
4465 9852
6727 20327
9902 24359
8618 18141
11768 12835
1070 2665
14102 19033
6070 13234
844 13657
7305 10362
7904 17942
11828 23724
618 9017
14662 16713
3110 13991
13670 20980
10200 12050
9700 19168
1211 23402
1712 12634
811 22151
3576 9004
4368 16752
816 21351
3255 7873
4267 11385
7416 9444
9282 23437
284 16907
21675 22840
10868 14018
10885 16006
5746 15553
21082 22917
18156 23100
11462 20223
5526 9743
12203 14584
11651 21638
12979 16566
14364 20951
131 7662
2350 5351
13622 19769
11490 13954
2716 23457
21348 24197
12566 16036
11797 12445
1190 9634
2740 16717
15944 19480
5046 22268
5218 12007
1888 10618
5779 18108
12827 18721
9744 23706
3804 8213
5877 19470
11282 22955
19487 20240
2655 11739
2368 5891
419 14045
1812 23448
2978 23310
875 5515
5114 10864
1548 16833
21282 22422
5052 24356
17764 18021
6105 14127
14145 16719
19982 22443
9630 13754
205 10987
7933 10831
10011 12037
388 21952
12174 15504
19186 21434
2622 23368
8263 21054
10147 14651
9262 13233
783 3426
4152 7878
5215 7000
5187 10108
8474 15428
22122 24374
1479 6537
695 21128
2418 13281
14639 17725
11032 21603
2201 6662
3453 19904
971 3097
6913 24431
20174 23114
1369 18966
19830 22181
19242 23868
13398 14469
343 22152
3473 19694
9572 19647
20142 23806
15522 22841
5368 17116
15379 24143
2775 16597
16166 18933
5229 23200
9479 13181
9288 9336
1084 11052
2938 7849
11983 18940
6075 20567
2220 9081
1896 22661
5216 6994
11836 21547
1148 22021
12693 22015
7685 7980
2250 9776
9018 16664
2951 4229
7371 11515
5519 13200
3068 9435
5369 7888
17995 21690
2181 22547
10958 12363
1735 19773
7616 8957
2333 23001
2733 5255
6776 7385
3305 14249
